trade_id,source_id,entry_time_utc,exit_time_utc,pnl_usd,event_sequence,cumulative_pnl_usd,closed_peak_usd,closed_drawdown_usd
V9_BREAK_20210104T162000Z_SHORT,V57_BREAK_SWING_H4ADX_HIGH,2021-01-04T16:20:00Z,2021-01-05T09:50:00.000Z,-7.581380494309516,0,-7.581380494309516,-7.581380494309516,0.0
V7_20210105T115000Z_SHORT,V7_SWING_HEALTH,2021-01-05T11:50:00Z,2021-01-05T13:55:00.000Z,-4.105381944444444,1,-11.68676243875396,-7.581380494309516,4.105381944444443
V7_20210106T002000Z_SHORT,V7_SWING_HEALTH,2021-01-06T00:20:00Z,2021-01-06T01:05:00.000Z,-4.0859375,2,-15.77269993875396,-7.581380494309516,8.191319444444442
V9_BREAK_20210106T000500Z_LONG,V57_BREAK_SWING_H4ADX_HIGH,2021-01-06T00:05:00Z,2021-01-06T01:25:00.000Z,-4.094444444444444,3,-19.867144383198404,-7.581380494309516,12.285763888888887
V9_BREAK_20210107T012500Z_SHORT,V57_BREAK_SWING_H4ADX_HIGH,2021-01-07T01:25:00Z,2021-01-07T06:35:00.000Z,-4.597009586411553,4,-24.464153969609956,-7.581380494309516,16.88277347530044
V7_20210107T073000Z_SHORT,V7_SWING_HEALTH,2021-01-07T07:30:00Z,2021-01-07T08:10:00.000Z,6.415277777777778,5,-18.04887619183218,-7.581380494309516,10.467495697522661
V7_20210108T003000Z_SHORT,V7_SWING_HEALTH,2021-01-08T00:30:00Z,2021-01-08T03:30:00.000Z,6.38125,6,-11.667626191832179,-7.581380494309516,4.086245697522663
V7_20210108T062000Z_LONG,V7_SWING_HEALTH,2021-01-08T06:20:00Z,2021-01-08T08:00:00.000Z,-4.0993055555555555,7,-15.766931747387734,-7.581380494309516,8.185551253078216
V9_BREAK_20210111T001500Z_SHORT,V57_BREAK_SWING_H4ADX_HIGH,2021-01-11T00:15:00Z,2021-01-11T01:15:00.000Z,11.472478978302675,8,-4.2944527690850585,-4.2944527690850585,0.0
V9_BREAK_20210111T013500Z_LONG,V57_BREAK_SWING_H4ADX_HIGH,2021-01-11T01:35:00Z,2021-01-11T06:25:00.000Z,19.020093964346543,9,14.725641195261485,14.725641195261485,0.0
V9_BREAK_20210112T000500Z_SHORT,V57_BREAK_SWING_H4ADX_HIGH,2021-01-12T00:05:00Z,2021-01-12T01:10:10.000Z,1.266958333333362,10,15.992599528594846,15.992599528594846,0.0
V9_BREAK_20210112T054500Z_LONG,V57_BREAK_SWING_H4ADX_HIGH,2021-01-12T05:45:00Z,2021-01-12T08:45:00.000Z,-4.11875,11,11.873849528594846,15.992599528594846,4.11875
V9_BREAK_20210113T003500Z_LONG,V57_BREAK_SWING_H4ADX_HIGH,2021-01-13T00:35:00Z,2021-01-13T01:05:00.000Z,-4.082291666666666,12,7.79155786192818,15.992599528594846,8.201041666666667
V9_BREAK_20210113T081500Z_SHORT,V57_BREAK_SWING_H4ADX_HIGH,2021-01-13T08:15:00Z,2021-01-13T09:20:00.000Z,6.681311977263589,13,14.47286983919177,15.992599528594846,1.5197296894030767
V9_BREAK_20210114T013000Z_SHORT,V57_BREAK_SWING_H4ADX_HIGH,2021-01-14T01:30:00Z,2021-01-14T02:25:00.000Z,6.411631944444444,14,20.884501783636214,20.884501783636214,0.0
V7_20210114T031500Z_LONG,V7_SWING_HEALTH,2021-01-14T03:15:00Z,2021-01-14T14:25:00.000Z,10.705007352010034,15,31.589509135646246,31.589509135646246,0.0
fccef99737874dc201838eb7,R2_DOWNTREND,2021-01-13T20:00:00.065000Z,2021-01-14T14:25:00.000Z,2.841583700163942,16,34.43109283581019,34.43109283581019,0.0
V9_BREAK_20210115T124500Z_SHORT,V57_BREAK_SWING_H4ADX_HIGH,2021-01-15T12:45:00Z,2021-01-15T13:40:00.000Z,-4.357957442126096,17,30.073135393684094,34.43109283581019,4.3579574421260965
V9_BREAK_20210118T013500Z_LONG,V57_BREAK_SWING_H4ADX_HIGH,2021-01-18T01:35:00Z,2021-01-18T05:40:00.000Z,11.632694617587463,18,41.70583001127156,41.70583001127156,0.0
V9_BREAK_20210118T055000Z_LONG,V57_BREAK_SWING_H4ADX_HIGH,2021-01-18T05:50:00Z,2021-01-18T07:55:00.000Z,-4.571096926611677,19,37.134733084659885,41.70583001127156,4.571096926611673
V9_BREAK_20210119T070500Z_LONG,V57_BREAK_SWING_H4ADX_HIGH,2021-01-19T07:05:00Z,2021-01-19T12:50:00.000Z,-4.158854166666667,20,32.97587891799322,41.70583001127156,8.729951093278338
V7_20210120T084000Z_SHORT,V7_SWING_HEALTH,2021-01-20T08:40:00Z,2021-01-20T12:10:00.000Z,6.373958333333333,21,39.349837251326555,41.70583001127156,2.3559927599450035
V9_BREAK_20210120T115500Z_SHORT,V57_BREAK_SWING_H4ADX_HIGH,2021-01-20T11:55:00Z,2021-01-20T12:10:00.000Z,0.9892013888888164,22,40.33903864021537,41.70583001127156,1.3667913710561876
V7_20210121T075000Z_LONG,V7_SWING_HEALTH,2021-01-21T07:50:00Z,2021-01-21T07:50:05.000Z,-1.0485624999999348,23,39.29047614021544,41.70583001127156,2.4153538710561193
V9_BREAK_20210121T063500Z_SHORT,V57_BREAK_SWING_H4ADX_HIGH,2021-01-21T06:35:00Z,2021-01-21T07:50:05.000Z,3.59620833333341,24,42.88668447354885,42.88668447354885,0.0
V7_20210122T085500Z_SHORT,V7_SWING_HEALTH,2021-01-22T08:55:00Z,2021-01-22T10:35:00.000Z,6.400694444444445,25,49.287378917993294,49.287378917993294,0.0
V9_BREAK_20210122T125500Z_LONG,V57_BREAK_SWING_H4ADX_HIGH,2021-01-22T12:55:00Z,2021-01-22T15:05:00.000Z,9.070057136213473,26,58.357436054206765,58.357436054206765,0.0
V7_20210125T011500Z_SHORT,V7_SWING_HEALTH,2021-01-25T01:15:00Z,2021-01-25T06:30:00.000Z,6.3484375,27,64.70587355420676,64.70587355420676,0.0
V7_20210125T110500Z_SHORT,V7_SWING_HEALTH,2021-01-25T11:05:00Z,2021-01-25T13:25:00.000Z,-4.1090277777777775,28,60.596845776428985,64.70587355420676,4.109027777777776
V9_BREAK_20210126T072000Z_LONG,V57_BREAK_SWING_H4ADX_HIGH,2021-01-26T07:20:00Z,2021-01-26T07:40:00.000Z,-4.079861111111111,29,56.51698466531788,64.70587355420676,8.188888888888883
V7_20210127T081500Z_SHORT,V7_SWING_HEALTH,2021-01-27T08:15:00Z,2021-01-27T11:05:00.000Z,6.383680555555555,30,62.900665220873435,64.70587355420676,1.8052083333333258
V7_20210127T122500Z_LONG,V7_SWING_HEALTH,2021-01-27T12:25:00Z,2021-01-27T14:40:00.000Z,-4.865765504236357,31,58.03489971663708,64.70587355420676,6.670973837569683
V9_BREAK_20210128T003500Z_SHORT,V57_BREAK_SWING_H4ADX_HIGH,2021-01-28T00:35:00Z,2021-01-28T10:15:00.000Z,-4.215972222222222,32,53.81892749441486,64.70587355420676,10.886946059791903
V9_BREAK_20210128T124500Z_LONG,V57_BREAK_SWING_H4ADX_HIGH,2021-01-28T12:45:00Z,2021-01-28T13:10:00.000Z,-4.081076388888889,33,49.73785110552597,64.70587355420676,14.968022448680792
V7_20210129T134500Z_SHORT,V7_SWING_HEALTH,2021-01-29T13:45:00Z,2021-01-29T14:45:00.000Z,10.675036511311026,34,60.412887616837,64.70587355420676,4.292985937369764
V7_20210129T195000Z_SHORT,V7_SWING_HEALTH,2021-01-29T19:50:00Z,2021-01-29T21:00:00.000Z,7.615231330180969,35,68.02811894701797,68.02811894701797,0.0
V7_20210201T011500Z_LONG,V7_SWING_HEALTH,2021-02-01T01:15:00Z,2021-02-01T03:05:00.000Z,11.585524440739208,36,79.61364338775718,79.61364338775718,0.0
V7_20210201T051500Z_LONG,V7_SWING_HEALTH,2021-02-01T05:15:00Z,2021-02-01T05:45:00.000Z,-4.082291666666666,37,75.53135172109052,79.61364338775718,4.082291666666663
V7_20210202T002000Z_LONG,V7_SWING_HEALTH,2021-02-02T00:20:00Z,2021-02-02T01:55:00.000Z,6.401909722222222,38,81.93326144331274,81.93326144331274,0.0
V25_e91ece46db6d380926f025c5,V25_CHOP,2021-02-02T23:15:00.164000Z,2021-02-03T11:15:05.000Z,2.597845235046092,39,84.53110667835884,84.53110667835884,0.0
V7_20210203T110000Z_LONG,V7_SWING_HEALTH,2021-02-03T11:00:00Z,2021-02-03T13:30:00.000Z,6.388541666666667,40,90.91964834502551,90.91964834502551,0.0
V25_3c53606f7b7f762be6ec5f93,V25_CHOP,2021-02-03T23:30:00.029000Z,2021-02-04T01:52:15.000Z,8.029046549151566,41,98.94869489417707,98.94869489417707,0.0
V7_20210204T054500Z_LONG,V7_SWING_HEALTH,2021-02-04T05:45:00Z,2021-02-04T06:00:00.000Z,-4.078645833333334,42,94.87004906084373,98.94869489417707,4.07864583333334
306f734a3a9525381f56eeb6,R4_CHOP,2021-02-04T04:00:00.100000Z,2021-02-04T07:33:55.000Z,-5.039058754950297,43,89.83099030589344,98.94869489417707,9.11770458828363
V7_20210208T200000Z_SHORT,V7_SWING_HEALTH,2021-02-08T20:00:00Z,2021-02-09T01:05:00.000Z,-4.149131944444444,44,85.68185836144899,98.94869489417707,13.266836532728078
V7_20210211T095500Z_SHORT,V7_SWING_HEALTH,2021-02-11T09:55:00Z,2021-02-11T13:20:00.000Z,-4.124826388888889,45,81.5570319725601,98.94869489417707,17.39166292161697
V7_20210215T034500Z_SHORT,V7_SWING_HEALTH,2021-02-15T03:45:00Z,2021-02-15T06:55:00.000Z,6.378819444444445,46,87.93585141700454,98.94869489417707,11.012843477172524
V7_20210216T153000Z_SHORT,V7_SWING_HEALTH,2021-02-16T15:30:00Z,2021-02-16T23:10:00.000Z,19.45387251836008,47,107.38972393536463,107.38972393536463,0.0
V7_20210217T070500Z_SHORT,V7_SWING_HEALTH,2021-02-17T07:05:00Z,2021-02-17T08:05:00.000Z,6.410416666666667,48,113.80014060203129,113.80014060203129,0.0
V7_20210217T085500Z_LONG,V7_SWING_HEALTH,2021-02-17T08:55:00Z,2021-02-17T13:25:00.000Z,-4.806622506470136,49,108.99351809556116,113.80014060203129,4.806622506470134
V7_20210218T091500Z_SHORT,V7_SWING_HEALTH,2021-02-18T09:15:00Z,2021-02-18T12:25:00.000Z,7.021151089214069,50,116.01466918477523,116.01466918477523,0.0
V7_20210218T131000Z_SHORT,V7_SWING_HEALTH,2021-02-18T13:10:00Z,2021-02-18T14:35:00.000Z,7.6570154386733025,51,123.67168462344853,123.67168462344853,0.0
V9_BREAK_20210219T001500Z_SHORT,V57_BREAK_SWING_H4ADX_HIGH,2021-02-19T00:15:00Z,2021-02-19T01:10:00.000Z,6.411631944444444,52,130.08331656789298,130.08331656789298,0.0
V9_BREAK_20210219T014500Z_LONG,V57_BREAK_SWING_H4ADX_HIGH,2021-02-19T01:45:00Z,2021-02-19T06:15:00.000Z,10.043072018166047,53,140.12638858605902,140.12638858605902,0.0
V9_BREAK_20210222T002000Z_LONG,V57_BREAK_SWING_H4ADX_HIGH,2021-02-22T00:20:00Z,2021-02-22T03:45:00.000Z,-4.235179963758868,54,135.89120862230016,140.12638858605902,4.235179963758867
V7_20210222T011000Z_SHORT,V7_SWING_HEALTH,2021-02-22T01:10:00Z,2021-02-22T05:00:25.000Z,1.6346795977456652,55,137.52588822004583,140.12638858605902,2.6005003660131933
V7_20210224T022000Z_SHORT,V7_SWING_HEALTH,2021-02-24T02:20:00Z,2021-02-24T02:35:00.000Z,-4.078645833333334,56,133.4472423867125,140.12638858605902,6.679146199346519
V25_83e66e8456fc578ebec946d3,V25_CHOP,2021-02-24T00:05:01.973000Z,2021-02-24T12:05:05.000Z,2.596865761048965,57,136.04410814776148,140.12638858605902,4.082280438297545
V7_20210225T083000Z_LONG,V7_SWING_HEALTH,2021-02-25T08:30:00Z,2021-02-25T11:45:00.000Z,-4.878843587032726,58,131.16526456072876,140.12638858605902,8.961124025330264
V7_20210225T133500Z_LONG,V7_SWING_HEALTH,2021-02-25T13:35:00Z,2021-02-25T15:10:00.000Z,-6.507115149792498,59,124.65814941093626,140.12638858605902,15.468239175122761
V9_BREAK_20210226T135000Z_SHORT,V57_BREAK_SWING_H4ADX_HIGH,2021-02-26T13:50:00Z,2021-02-26T14:50:00.000Z,10.894562660543079,60,135.55271207147933,140.12638858605902,4.573676514579688
V9_BREAK_20210226T152500Z_SHORT,V57_BREAK_SWING_H4ADX_HIGH,2021-02-26T15:25:00Z,2021-02-28T23:00:00.000Z,-3.950456686330185,61,131.60225538514914,140.12638858605902,8.524133200909887
V9_BREAK_20210301T002500Z_LONG,V57_BREAK_SWING_H4ADX_HIGH,2021-03-01T00:25:00Z,2021-03-01T02:45:00.000Z,6.6844362584085655,62,138.2866916435577,140.12638858605902,1.8396969425013197
V9_BREAK_20210301T080500Z_SHORT,V57_BREAK_SWING_H4ADX_HIGH,2021-03-01T08:05:00Z,2021-03-01T09:40:00.000Z,6.401909722222222,63,144.68860136577993,144.68860136577993,0.0
2da7492623773c7fdfc620bb,R2_DOWNTREND,2021-03-01T12:00:00.113000Z,2021-03-01T13:51:55.000Z,3.159686237503608,64,147.84828760328355,147.84828760328355,0.0
V9_BREAK_20210303T071500Z_SHORT,V57_BREAK_SWING_H4ADX_HIGH,2021-03-03T07:15:00Z,2021-03-03T07:45:00.000Z,-4.082291666666666,65,143.7659959366169,147.84828760328355,4.082291666666663
V9_BREAK_20210303T120500Z_SHORT,V57_BREAK_SWING_H4ADX_HIGH,2021-03-03T12:05:00Z,2021-03-03T13:10:00.000Z,6.4092013888888895,66,150.1751973255058,150.1751973255058,0.0
V9_BREAK_20210304T061500Z_LONG,V57_BREAK_SWING_H4ADX_HIGH,2021-03-04T06:15:00Z,2021-03-04T08:50:00.000Z,-4.112673611111111,67,146.06252371439467,150.1751973255058,4.11267361111112
V9_BREAK_20210304T142000Z_SHORT,V57_BREAK_SWING_H4ADX_HIGH,2021-03-04T14:20:00Z,2021-03-04T16:00:00.000Z,-6.474416803989605,68,139.58810691040506,150.1751973255058,10.587090415100732
V7_20210305T012500Z_LONG,V7_SWING_HEALTH,2021-03-05T01:25:00Z,2021-03-05T07:30:00.000Z,8.574715096767918,69,148.16282200717296,150.1751973255058,2.012375318332829
V9_BREAK_20210305T120000Z_LONG,V57_BREAK_SWING_H4ADX_HIGH,2021-03-05T12:00:00Z,2021-03-05T13:35:00.000Z,-4.098090277777778,70,144.0647317293952,150.1751973255058,6.1104655961106005
V7_20210308T022500Z_SHORT,V7_SWING_HEALTH,2021-03-08T02:25:00Z,2021-03-08T04:00:00.000Z,6.507929135781208,71,150.5726608651764,150.5726608651764,0.0
V9_BREAK_20210308T073000Z_SHORT,V57_BREAK_SWING_H4ADX_HIGH,2021-03-08T07:30:00Z,2021-03-08T08:55:00.000Z,6.404340277777778,72,156.97700114295418,156.97700114295418,0.0
V9_BREAK_20210309T012000Z_LONG,V57_BREAK_SWING_H4ADX_HIGH,2021-03-09T01:20:00Z,2021-03-09T01:30:00.000Z,-4.077430555555556,73,152.8995705873986,156.97700114295418,4.077430555555566
V9_BREAK_20210309T054500Z_LONG,V57_BREAK_SWING_H4ADX_HIGH,2021-03-09T05:45:00Z,2021-03-09T07:40:00.000Z,6.397048611111111,74,159.29661919850972,159.29661919850972,0.0
V9_BREAK_20210310T000500Z_LONG,V57_BREAK_SWING_H4ADX_HIGH,2021-03-10T00:05:00Z,2021-03-10T01:00:00.000Z,-4.088368055555556,75,155.20825114295417,159.29661919850972,4.088368055555549
V9_BREAK_20210310T011000Z_SHORT,V57_BREAK_SWING_H4ADX_HIGH,2021-03-10T01:10:00Z,2021-03-10T02:10:00.000Z,6.410416666666667,76,161.61866780962083,161.61866780962083,0.0
V7_20210312T012500Z_SHORT,V7_SWING_HEALTH,2021-03-12T01:25:00Z,2021-03-12T03:05:00.000Z,6.400694444444445,77,168.01936225406527,168.01936225406527,0.0
V7_20210312T081000Z_LONG,V7_SWING_HEALTH,2021-03-12T08:10:00Z,2021-03-12T09:20:00.000Z,-5.276203788727847,78,162.74315846533742,168.01936225406527,5.276203788727855
V7_20210315T013000Z_SHORT,V7_SWING_HEALTH,2021-03-15T01:30:00Z,2021-03-15T02:30:00.000Z,6.410416666666667,79,169.15357513200408,169.15357513200408,0.0
V7_20210315T042000Z_SHORT,V7_SWING_HEALTH,2021-03-15T04:20:00Z,2021-03-15T09:20:00.000Z,-4.147916666666667,80,165.0056584653374,169.15357513200408,4.147916666666674
V7_20210316T105500Z_SHORT,V7_SWING_HEALTH,2021-03-16T10:55:00Z,2021-03-16T14:30:00.000Z,-4.1272569444444445,81,160.87840152089296,169.15357513200408,8.275173611111114
V7_20210316T143500Z_SHORT,V7_SWING_HEALTH,2021-03-16T14:35:00Z,2021-03-16T15:35:00.000Z,8.983403927510116,82,169.8618054484031,169.8618054484031,0.0
V7_20210317T095000Z_SHORT,V7_SWING_HEALTH,2021-03-17T09:50:00Z,2021-03-17T11:30:00.000Z,6.400694444444445,83,176.26249989284753,176.26249989284753,0.0
V7_20210317T143500Z_SHORT,V7_SWING_HEALTH,2021-03-17T14:35:00Z,2021-03-17T18:05:00.000Z,-5.540574241924255,84,170.72192565092328,176.26249989284753,5.540574241924247
V7_20210319T103000Z_LONG,V7_SWING_HEALTH,2021-03-19T10:30:00Z,2021-03-19T12:38:55.000Z,1.2933263888888376,85,172.0152520398121,176.26249989284753,4.247247853035418
1b0c595a37cd8926f9078e4f,R3_COMPRESSION,2021-03-25T12:00:00.041000Z,2021-03-25T13:01:10.000Z,-3.7669813165662243,86,168.2482707232459,176.26249989284753,8.014229169601634
b37b60963b37028811207f17,R3_COMPRESSION,2021-03-29T13:00:00.173000Z,2021-03-29T19:00:05.000Z,12.137003443747899,87,180.38527416699378,180.38527416699378,0.0
d3d947de1456dd95d993743b,R3_COMPRESSION,2021-03-30T03:00:00.710000Z,2021-03-30T22:00:05.000Z,18.908009814821504,88,199.29328398181528,199.29328398181528,0.0
V9_BREAK_20210331T124000Z_LONG,V57_BREAK_SWING_H4ADX_HIGH,2021-03-31T12:40:00Z,2021-03-31T13:55:00.000Z,6.7862125280417365,89,206.07949650985702,206.07949650985702,0.0
V9_BREAK_20210331T135500Z_LONG,V57_BREAK_SWING_H4ADX_HIGH,2021-03-31T13:55:00Z,2021-03-31T15:00:00.000Z,8.635981621445787,90,214.7154781313028,214.7154781313028,0.0
V7_20210405T082000Z_SHORT,V7_SWING_HEALTH,2021-04-05T08:20:00Z,2021-04-05T15:20:00.000Z,-4.177083333333333,91,210.53839479796946,214.7154781313028,4.177083333333343
V7_20210406T081500Z_SHORT,V7_SWING_HEALTH,2021-04-06T08:15:00Z,2021-04-06T11:55:00.000Z,-4.128472222222222,92,206.40992257574723,214.7154781313028,8.305555555555571
V7_20210408T090000Z_LONG,V7_SWING_HEALTH,2021-04-08T09:00:00Z,2021-04-08T11:40:00.000Z,6.386111111111111,93,212.79603368685835,214.7154781313028,1.9194444444444514
V7_20210412T130500Z_LONG,V7_SWING_HEALTH,2021-04-12T13:05:00Z,2021-04-12T13:25:00.000Z,-4.079861111111111,94,208.71617257574724,214.7154781313028,5.999305555555566
caec85551b32c3150d23429a,R4_CHOP,2021-04-12T22:15:00.070000Z,2021-04-13T05:37:35.000Z,6.700473454519648,95,215.4166460302669,215.4166460302669,0.0
V7_20210415T083000Z_LONG,V7_SWING_HEALTH,2021-04-15T08:30:00Z,2021-04-15T12:30:10.000Z,1.2738680555555573,96,216.69051408582246,216.69051408582246,0.0
V9_BREAK_20210419T121500Z_SHORT,V57_BREAK_SWING_H4ADX_HIGH,2021-04-19T12:15:00Z,2021-04-19T13:20:00.000Z,7.109574517739716,97,223.8000886035622,223.8000886035622,0.0
V9_BREAK_20210419T150000Z_LONG,V57_BREAK_SWING_H4ADX_HIGH,2021-04-19T15:00:00Z,2021-04-19T16:25:00.000Z,-5.771332054204407,98,218.02875654935778,223.8000886035622,5.771332054204407
V7_20210420T083500Z_LONG,V7_SWING_HEALTH,2021-04-20T08:35:00Z,2021-04-20T09:40:00.000Z,-4.523980904046615,99,213.50477564531116,223.8000886035622,10.295312958251031
V7_20210420T095500Z_LONG,V7_SWING_HEALTH,2021-04-20T09:55:00Z,2021-04-20T12:11:45.000Z,1.3670097391267748,100,214.87178538443794,223.8000886035622,8.928303219124246
V7_20210430T092500Z_LONG,V7_SWING_HEALTH,2021-04-30T09:25:00Z,2021-04-30T12:35:00.000Z,-4.121180555555555,101,210.7506048288824,223.8000886035622,13.0494837746798
V7_20210430T124000Z_LONG,V7_SWING_HEALTH,2021-04-30T12:40:00Z,2021-04-30T13:55:00.000Z,-4.273834336420001,102,206.47677049246238,223.8000886035622,17.32331811109981
22512254a7206178c14ab885,R4_CHOP,2021-05-03T07:45:00.241000Z,2021-05-03T07:59:35.000Z,-4.302903321550586,103,202.1738671709118,223.8000886035622,21.626221432650397
V7_20210503T121000Z_SHORT,V7_SWING_HEALTH,2021-05-03T12:10:00Z,2021-05-03T12:25:00.000Z,-4.078645833333334,104,198.09522133757847,223.8000886035622,25.704867265983722
V25_188d0d5511d106369ec026fc,V25_CHOP,2021-05-06T03:15:00.384000Z,2021-05-06T13:35:40.000Z,6.675323951790804,105,204.77054528936927,223.8000886035622,19.02954331419292
V9_BREAK_20210507T125500Z_LONG,V57_BREAK_SWING_H4ADX_HIGH,2021-05-07T12:55:00Z,2021-05-07T13:05:00.000Z,-7.216177788637776,106,197.5543675007315,223.8000886035622,26.245721102830686
V9_BREAK_20210507T154500Z_LONG,V57_BREAK_SWING_H4ADX_HIGH,2021-05-07T15:45:00Z,2021-05-07T16:35:00.000Z,-6.92510477879086,107,190.62926272194065,223.8000886035622,33.17082588162154
V9_BREAK_20210510T150500Z_SHORT,V57_BREAK_SWING_H4ADX_HIGH,2021-05-10T15:05:00Z,2021-05-10T16:05:00.000Z,-6.981264366801034,108,183.6479983551396,223.8000886035622,40.15209024842258
V9_BREAK_20210511T014000Z_LONG,V57_BREAK_SWING_H4ADX_HIGH,2021-05-11T01:40:00Z,2021-05-11T02:25:00.000Z,-4.0859375,109,179.5620608551396,223.8000886035622,44.23802774842258
V9_BREAK_20210511T125500Z_SHORT,V57_BREAK_SWING_H4ADX_HIGH,2021-05-11T12:55:00Z,2021-05-11T13:20:00.000Z,7.602281593439723,110,187.16434244857933,223.8000886035622,36.635746154982854
V7_20210512T085500Z_LONG,V7_SWING_HEALTH,2021-05-12T08:55:00Z,2021-05-12T12:35:00.000Z,-4.128472222222222,111,183.0358702263571,223.8000886035622,40.76421837720508
V9_BREAK_20210512T125500Z_LONG,V57_BREAK_SWING_H4ADX_HIGH,2021-05-12T12:55:00Z,2021-05-12T13:20:00.000Z,-6.595519207690706,112,176.4403510186664,223.8000886035622,47.35973758489578
V7_20210514T112500Z_SHORT,V7_SWING_HEALTH,2021-05-14T11:25:00Z,2021-05-14T12:15:00.000Z,-4.087152777777778,113,172.35319824088862,223.8000886035622,51.44689036267357
V9_BREAK_20210518T131500Z_SHORT,V57_BREAK_SWING_H4ADX_HIGH,2021-05-18T13:15:00Z,2021-05-18T13:25:00.000Z,-4.893510900010995,114,167.45968734087762,223.8000886035622,56.340401262684566
V9_BREAK_20210519T075500Z_SHORT,V57_BREAK_SWING_H4ADX_HIGH,2021-05-19T07:55:00Z,2021-05-19T08:15:00.000Z,-4.079861111111111,115,163.3798262297665,223.8000886035622,60.42026237379568
V9_BREAK_20210520T020500Z_LONG,V57_BREAK_SWING_H4ADX_HIGH,2021-05-20T02:05:00Z,2021-05-20T09:25:00.000Z,-4.4807208254970465,116,158.89910540426945,223.8000886035622,64.90098319929274
V9_BREAK_20210520T135000Z_LONG,V57_BREAK_SWING_H4ADX_HIGH,2021-05-20T13:50:00Z,2021-05-21T01:35:00.000Z,-5.67730151501526,117,153.22180388925418,223.8000886035622,70.57828471430801
V9_BREAK_20210521T123000Z_LONG,V57_BREAK_SWING_H4ADX_HIGH,2021-05-21T12:30:00Z,2021-05-21T13:50:00.000Z,-4.094444444444444,118,149.12735944480974,223.8000886035622,74.67272915875245
V9_BREAK_20210521T135000Z_SHORT,V57_BREAK_SWING_H4ADX_HIGH,2021-05-21T13:50:00Z,2021-05-23T22:00:00.000Z,-5.891234045278524,119,143.2361253995312,223.8000886035622,80.56396320403098
V9_BREAK_20210525T070500Z_LONG,V57_BREAK_SWING_H4ADX_HIGH,2021-05-25T07:05:00Z,2021-05-25T07:45:00.000Z,-4.084722222222222,120,139.151403177309,223.8000886035622,84.6486854262532
V9_BREAK_20210525T135000Z_LONG,V57_BREAK_SWING_H4ADX_HIGH,2021-05-25T13:50:00Z,2021-05-25T14:10:00.000Z,8.259424510258457,121,147.41082768756746,223.8000886035622,76.38926091599473
V9_BREAK_20210526T021000Z_LONG,V57_BREAK_SWING_H4ADX_HIGH,2021-05-26T02:10:00Z,2021-05-26T06:10:00.000Z,-4.133333333333334,122,143.27749435423414,223.8000886035622,80.52259424932805
V9_BREAK_20210526T123500Z_LONG,V57_BREAK_SWING_H4ADX_HIGH,2021-05-26T12:35:00Z,2021-05-26T12:50:00.000Z,-4.078645833333334,123,139.1988485209008,223.8000886035622,84.60124008266138
V9_BREAK_20210527T122000Z_SHORT,V57_BREAK_SWING_H4ADX_HIGH,2021-05-27T12:20:00Z,2021-05-27T12:30:00.000Z,-4.350919693147671,124,134.84792882775315,223.8000886035622,88.95215977580904
V9_BREAK_20210527T123500Z_LONG,V57_BREAK_SWING_H4ADX_HIGH,2021-05-27T12:35:00Z,2021-05-27T13:25:00.000Z,-5.450663142770402,125,129.39726568498276,223.8000886035622,94.40282291857943
V7_20210528T123500Z_LONG,V7_SWING_HEALTH,2021-05-28T12:35:00Z,2021-05-28T14:47:55.000Z,2.257634955856593,126,131.65490064083934,223.8000886035622,92.14518796272284
V7_20210602T084500Z_LONG,V7_SWING_HEALTH,2021-06-02T08:45:00Z,2021-06-02T12:25:00.000Z,6.371527777777778,127,138.02642841861712,223.8000886035622,85.77366018494507
V7_20210603T103000Z_SHORT,V7_SWING_HEALTH,2021-06-03T10:30:00Z,2021-06-03T12:20:20.000Z,1.5688333333333344,128,139.59526175195046,223.8000886035622,84.20482685161173
V7_20210610T121500Z_LONG,V7_SWING_HEALTH,2021-06-10T12:15:00Z,2021-06-10T12:35:00.000Z,-4.079861111111111,129,135.51540064083935,223.8000886035622,88.28468796272284
175631c80802161eceb0986e,R4_CHOP,2021-06-13T22:15:00.099000Z,2021-06-14T01:11:30.000Z,7.796362083155945,130,143.3117627239953,223.8000886035622,80.4883258795669
V25_ba51eb2c22f4087e4ba3503d,V25_CHOP,2021-06-14T02:20:00.124000Z,2021-06-14T08:32:55.000Z,7.982906139316841,131,151.29466886331213,223.8000886035622,72.50541974025006
2daefaaf76544d03481dd830,R2_DOWNTREND,2021-06-15T16:00:00.200000Z,2021-06-16T17:59:50.000Z,-7.959653901363025,132,143.3350149619491,223.8000886035622,80.46507364161309
V9_BREAK_20210617T020000Z_LONG,V57_BREAK_SWING_H4ADX_HIGH,2021-06-17T02:00:00Z,2021-06-17T02:00:05.000Z,-1.1214455238275387,133,142.21356943812157,223.8000886035622,81.58651916544062
fa9af9b42574161089902720,R2_DOWNTREND,2021-06-16T20:00:00.012000Z,2021-06-17T02:00:05.000Z,5.298641731595049,134,147.5122111697166,223.8000886035622,76.28787743384558
V9_BREAK_20210617T102500Z_SHORT,V57_BREAK_SWING_H4ADX_HIGH,2021-06-17T10:25:00Z,2021-06-17T11:45:00.000Z,7.215956669254722,135,154.72816783897133,223.8000886035622,69.07192076459086
V9_BREAK_20210618T075500Z_LONG,V57_BREAK_SWING_H4ADX_HIGH,2021-06-18T07:55:00Z,2021-06-18T12:20:00.000Z,-4.7235748854206685,136,150.00459295355066,223.8000886035622,73.79549565001153
7a2ca9c7582e1cd4afcefb29,R2_DOWNTREND,2021-06-21T05:00:00.019000Z,2021-06-21T08:12:40.000Z,-9.291223839953517,137,140.71336911359714,223.8000886035622,83.08671948996505
V9_BREAK_20210621T061000Z_LONG,V57_BREAK_SWING_H4ADX_HIGH,2021-06-21T06:10:00Z,2021-06-21T08:15:00.000Z,7.217728419507146,138,147.9310975331043,223.8000886035622,75.8689910704579
V9_BREAK_20210621T081500Z_LONG,V57_BREAK_SWING_H4ADX_HIGH,2021-06-21T08:15:00Z,2021-06-21T12:15:00.000Z,-5.706359169413273,139,142.22473836369102,223.8000886035622,81.57535023987117
V9_BREAK_20210623T133500Z_LONG,V57_BREAK_SWING_H4ADX_HIGH,2021-06-23T13:35:00Z,2021-06-23T14:05:00.000Z,7.829351888002733,140,150.05409025169374,223.8000886035622,73.74599835186845
V9_BREAK_20210623T151000Z_SHORT,V57_BREAK_SWING_H4ADX_HIGH,2021-06-23T15:10:00Z,2021-06-23T18:35:00.000Z,7.722356466209369,141,157.7764467179031,223.8000886035622,66.02364188565909
V9_BREAK_20210624T145000Z_SHORT,V57_BREAK_SWING_H4ADX_HIGH,2021-06-24T14:50:00Z,2021-06-24T15:10:00.000Z,-4.871024187939792,142,152.90542252996332,223.8000886035622,70.89466607359887
V9_BREAK_20210625T145000Z_SHORT,V57_BREAK_SWING_H4ADX_HIGH,2021-06-25T14:50:00Z,2021-06-27T22:00:00.000Z,-2.813382918161798,143,150.0920396118015,223.8000886035622,73.70804899176068
4095bbeb124fce532383faff,R4_CHOP,2021-06-29T07:15:00.171000Z,2021-06-29T09:34:10.000Z,1.623737930949971,144,151.71577754275148,223.8000886035622,72.0843110608107
V9_BREAK_20210630T080000Z_SHORT,V57_BREAK_SWING_H4ADX_HIGH,2021-06-30T08:00:00Z,2021-06-30T09:15:00.000Z,-4.093229166666667,145,147.6225483760848,223.8000886035622,76.17754022747738
V9_BREAK_20210630T123000Z_SHORT,V57_BREAK_SWING_H4ADX_HIGH,2021-06-30T12:30:00Z,2021-06-30T13:50:00.000Z,-4.502055434144791,146,143.12049294194003,223.8000886035622,80.67959566162216
V7_20210701T112500Z_SHORT,V7_SWING_HEALTH,2021-07-01T11:25:00Z,2021-07-01T13:05:00.000Z,-4.0993055555555555,147,139.02118738638447,223.8000886035622,84.77890121717772
V7_20210707T082500Z_SHORT,V7_SWING_HEALTH,2021-07-07T08:25:00Z,2021-07-07T12:20:00.000Z,-4.132118055555555,148,134.8890693308289,223.8000886035622,88.91101927273328
804a75e19ed0037c31124e48,R4_CHOP,2021-07-14T03:45:00.490000Z,2021-07-14T12:05:25.000Z,7.43848848018492,149,142.32755781101383,223.8000886035622,81.47253079254835
a996e072cf684ce67743532d,R4_CHOP,2021-07-19T06:15:00.307000Z,2021-07-19T12:00:50.000Z,6.739955022829353,150,149.06751283384318,223.8000886035622,74.732575769719
V7_20210722T130000Z_SHORT,V7_SWING_HEALTH,2021-07-22T13:00:00Z,2021-07-22T15:30:00.000Z,-5.357825132739672,151,143.70968770110352,223.8000886035622,80.09040090245867
V7_20210803T093000Z_LONG,V7_SWING_HEALTH,2021-08-03T09:30:00Z,2021-08-04T11:35:00.000Z,6.0446180555555555,152,149.75430575665908,223.8000886035622,74.04578284690311
V9_BREAK_20210810T124500Z_SHORT,V57_BREAK_SWING_H4ADX_HIGH,2021-08-10T12:45:00Z,2021-08-10T13:05:00.000Z,-4.28318137840115,153,145.47112437825794,223.8000886035622,78.32896422530425
V7_20210811T093500Z_SHORT,V7_SWING_HEALTH,2021-08-11T09:35:00Z,2021-08-11T10:30:00.000Z,-4.088368055555556,154,141.3827563227024,223.8000886035622,82.4173322808598
V9_BREAK_20210811T073500Z_LONG,V57_BREAK_SWING_H4ADX_HIGH,2021-08-11T07:35:00Z,2021-08-11T12:10:00.000Z,6.358159722222222,155,147.7409160449246,223.8000886035622,76.05917255863758
V9_BREAK_20210812T152500Z_LONG,V57_BREAK_SWING_H4ADX_HIGH,2021-08-12T15:25:00Z,2021-08-13T06:30:00.000Z,7.561433215149934,156,155.30234926007455,223.8000886035622,68.49773934348764
V9_BREAK_20210813T123500Z_LONG,V57_BREAK_SWING_H4ADX_HIGH,2021-08-13T12:35:00Z,2021-08-13T14:05:00.000Z,6.403125,157,161.70547426007454,223.8000886035622,62.09461434348765
V7_20210824T104500Z_SHORT,V7_SWING_HEALTH,2021-08-24T10:45:00Z,2021-08-24T12:45:00.000Z,-4.104166666666667,158,157.60130759340788,223.8000886035622,66.1987810101543
V7_20210825T113500Z_LONG,V7_SWING_HEALTH,2021-08-25T11:35:00Z,2021-08-25T13:45:00.000Z,-4.106597222222222,159,153.49471037118565,223.8000886035622,70.30537823237654
V7_20210830T084500Z_SHORT,V7_SWING_HEALTH,2021-08-30T08:45:00Z,2021-08-31T00:49:35.000Z,1.7225972222222077,160,155.21730759340787,223.8000886035622,68.58278101015432
V7_20210831T090000Z_LONG,V7_SWING_HEALTH,2021-08-31T09:00:00Z,2021-08-31T12:35:00.000Z,-4.1272569444444445,161,151.09005064896343,223.8000886035622,72.71003795459876
V25_d0284accca0b7b8971d1be8b,V25_CHOP,2021-09-02T23:35:01.615000Z,2021-09-03T01:02:05.000Z,-3.4805629780362306,162,147.6094876709272,223.8000886035622,76.190600932635
V7_20210908T122500Z_SHORT,V7_SWING_HEALTH,2021-09-08T12:25:00Z,2021-09-08T13:45:00.000Z,6.405555555555556,163,154.01504322648276,223.8000886035622,69.78504537707943
V7_20210913T122500Z_SHORT,V7_SWING_HEALTH,2021-09-13T12:25:00Z,2021-09-13T13:35:00.000Z,-4.092013888888889,164,149.92302933759387,223.8000886035622,73.87705926596831
41d0eda3f22d068562cf905d,R2_DOWNTREND,2021-09-13T07:00:00.012000Z,2021-09-13T13:59:45.000Z,-6.198782684514347,165,143.72424665307952,223.8000886035622,80.07584195048267
V7_20210915T081000Z_SHORT,V7_SWING_HEALTH,2021-09-15T08:10:00Z,2021-09-15T12:25:00.000Z,-4.136979166666666,166,139.58726748641286,223.8000886035622,84.21282111714933
V9_BREAK_20210920T142500Z_LONG,V57_BREAK_SWING_H4ADX_HIGH,2021-09-20T14:25:00Z,2021-09-20T16:10:00.000Z,-5.798514475805773,167,133.78875301060708,223.8000886035622,90.0113355929551
V9_BREAK_20210921T122500Z_LONG,V57_BREAK_SWING_H4ADX_HIGH,2021-09-21T12:25:00Z,2021-09-21T15:20:00.000Z,6.855272101222418,168,140.6440251118295,223.8000886035622,83.15606349173268
dd450d2862b34bb2042ebea4,R4_CHOP,2021-10-13T08:15:01.028000Z,2021-10-13T11:55:30.000Z,5.489665539558016,169,146.13369065138752,223.8000886035622,77.66639795217466
V7_20211013T125500Z_LONG,V7_SWING_HEALTH,2021-10-13T12:55:00Z,2021-10-13T13:40:00.000Z,10.463934579015566,170,156.59762523040308,223.8000886035622,67.2024633731591
V7_20211014T081000Z_SHORT,V7_SWING_HEALTH,2021-10-14T08:10:00Z,2021-10-14T09:25:00.000Z,-4.093229166666667,171,152.5043960637364,223.8000886035622,71.29569253982578
V9_BREAK_20211014T134000Z_SHORT,V57_BREAK_SWING_H4ADX_HIGH,2021-10-14T13:40:00Z,2021-10-14T14:05:00.000Z,-4.729155265678218,172,147.77524079805818,223.8000886035622,76.02484780550401
V9_BREAK_20211015T122000Z_SHORT,V57_BREAK_SWING_H4ADX_HIGH,2021-10-15T12:20:00Z,2021-10-15T12:55:00.000Z,6.416493055555556,173,154.19173385361373,223.8000886035622,69.60835474994846
V25_4195f266adf330da52e51662,V25_CHOP,2021-10-21T02:30:00.021000Z,2021-10-21T05:19:05.000Z,-4.478902572204688,174,149.71283128140905,223.8000886035622,74.08725732215314
V25_0c18b498e967dad11fe20f40,V25_CHOP,2021-10-21T05:30:00.195000Z,2021-10-21T07:03:25.000Z,-4.415369936075698,175,145.29746134533335,223.8000886035622,78.50262725822884
4b4ed947fa2eb7efe9b44ac3,R4_CHOP,2021-10-22T06:45:00.102000Z,2021-10-22T12:28:35.000Z,5.65947042622084,176,150.9569317715542,223.8000886035622,72.84315683200799
V7_20211022T091000Z_LONG,V7_SWING_HEALTH,2021-10-22T09:10:00Z,2021-10-22T12:30:00.000Z,6.376388888888889,177,157.3333206604431,223.8000886035622,66.4667679431191
V9_BREAK_20211025T135500Z_LONG,V57_BREAK_SWING_H4ADX_HIGH,2021-10-25T13:55:00Z,2021-10-25T14:05:00.000Z,-4.732580183633247,178,152.60074047680985,223.8000886035622,71.19934812675234
V9_BREAK_20211026T133500Z_SHORT,V57_BREAK_SWING_H4ADX_HIGH,2021-10-26T13:35:00Z,2021-10-26T19:45:00.000Z,-5.7186308345967936,179,146.88210964221307,223.8000886035622,76.91797896134912
V7_20211101T055500Z_SHORT,V7_SWING_HEALTH,2021-11-01T05:55:00Z,2021-11-01T12:25:00.000Z,-4.169791666666666,180,142.7123179755464,223.8000886035622,81.08777062801579
V7_20211101T123500Z_SHORT,V7_SWING_HEALTH,2021-11-01T12:35:00Z,2021-11-01T13:55:00.000Z,-4.094444444444444,181,138.61787353110196,223.8000886035622,85.18221507246022
V7_20211103T040000Z_SHORT,V7_SWING_HEALTH,2021-11-03T04:00:00Z,2021-11-03T12:45:00.000Z,6.297395833333333,182,144.9152693644353,223.8000886035622,78.8848192391269
V7_20211104T092000Z_SHORT,V7_SWING_HEALTH,2021-11-04T09:20:00Z,2021-11-04T10:50:00.000Z,-4.096875,183,140.81839436443528,223.8000886035622,82.98169423912691
V7_20211104T143500Z_SHORT,V7_SWING_HEALTH,2021-11-04T14:35:00Z,2021-11-05T12:35:00.000Z,8.768841196963667,184,149.58723556139896,223.8000886035622,74.21285304216323
V7_20211109T091000Z_SHORT,V7_SWING_HEALTH,2021-11-09T09:10:00Z,2021-11-09T11:45:00.000Z,-4.112673611111111,185,145.47456195028784,223.8000886035622,78.32552665327435
V7_20211109T140500Z_SHORT,V7_SWING_HEALTH,2021-11-09T14:05:00Z,2021-11-09T15:50:40.000Z,2.042372469322483,186,147.51693441961032,223.8000886035622,76.28315418395186
V9_BREAK_20211110T124500Z_LONG,V57_BREAK_SWING_H4ADX_HIGH,2021-11-10T12:45:00Z,2021-11-10T13:35:00.000Z,-4.087152777777778,187,143.42978164183253,223.8000886035622,80.37030696172965
V7_20211112T083500Z_LONG,V7_SWING_HEALTH,2021-11-12T08:35:00Z,2021-11-12T08:55:00.000Z,-4.079861111111111,188,139.34992053072142,223.8000886035622,84.45016807284077
V9_BREAK_20211112T080500Z_SHORT,V57_BREAK_SWING_H4ADX_HIGH,2021-11-12T08:05:00Z,2021-11-12T09:05:00.000Z,6.410416666666667,189,145.76033719738808,223.8000886035622,78.0397514061741
V9_BREAK_20211116T121500Z_LONG,V57_BREAK_SWING_H4ADX_HIGH,2021-11-16T12:15:00Z,2021-11-16T12:55:00.000Z,-4.084722222222222,190,141.67561497516587,223.8000886035622,82.12447362839632
V9_BREAK_20211116T130000Z_SHORT,V57_BREAK_SWING_H4ADX_HIGH,2021-11-16T13:00:00Z,2021-11-16T13:10:00.000Z,-4.077430555555556,191,137.5981844196103,223.8000886035622,86.20190418395188
V7_20211117T050000Z_SHORT,V7_SWING_HEALTH,2021-11-17T05:00:00Z,2021-11-17T07:30:00.000Z,-4.111458333333333,192,133.48672608627697,223.8000886035622,90.31336251728521
V7_20211117T090000Z_SHORT,V7_SWING_HEALTH,2021-11-17T09:00:00Z,2021-11-17T12:05:00.000Z,-4.119965277777777,193,129.3667608084992,223.8000886035622,94.43332779506298
V9_BREAK_20211118T122500Z_SHORT,V57_BREAK_SWING_H4ADX_HIGH,2021-11-18T12:25:00Z,2021-11-18T13:30:00.000Z,6.4092013888888895,194,135.7759621973881,223.8000886035622,88.02412640617408
V9_BREAK_20211118T144500Z_SHORT,V57_BREAK_SWING_H4ADX_HIGH,2021-11-18T14:45:00Z,2021-11-19T08:35:00.000Z,9.569140130383506,195,145.34510232777163,223.8000886035622,78.45498627579056
V7_20211119T083000Z_LONG,V7_SWING_HEALTH,2021-11-19T08:30:00Z,2021-11-19T08:35:00.000Z,-1.597506944444341,196,143.74759538332728,223.8000886035622,80.05249322023491
V9_BREAK_20211119T090000Z_LONG,V57_BREAK_SWING_H4ADX_HIGH,2021-11-19T09:00:00Z,2021-11-19T09:30:00.000Z,6.417708333333334,197,150.16530371666062,223.8000886035622,73.63478488690157
V9_BREAK_20211124T101000Z_SHORT,V57_BREAK_SWING_H4ADX_HIGH,2021-11-24T10:10:00Z,2021-11-24T13:30:00.000Z,6.376388888888889,198,156.5416926055495,223.8000886035622,67.25839599801267
V9_BREAK_20211124T152500Z_LONG,V57_BREAK_SWING_H4ADX_HIGH,2021-11-24T15:25:00Z,2021-11-25T01:50:00.000Z,9.769481728126301,199,166.3111743336758,223.8000886035622,57.48891426988638
cdc5df58a92ebbadfd1cf78e,R2_DOWNTREND,2021-11-25T11:00:00.265000Z,2021-11-26T03:03:05.000Z,-5.595745324543233,200,160.71542900913258,223.8000886035622,63.08465959442961
V9_BREAK_20211126T065500Z_LONG,V57_BREAK_SWING_H4ADX_HIGH,2021-11-26T06:55:00Z,2021-11-26T08:25:00.000Z,6.403125,201,167.11855400913257,223.8000886035622,56.68153459442962
V7_20211126T090000Z_LONG,V7_SWING_HEALTH,2021-11-26T09:00:00Z,2021-11-26T11:35:00.000Z,10.478974775709181,202,177.59752878484176,223.8000886035622,46.20255981872043
V7_20211129T033000Z_SHORT,V7_SWING_HEALTH,2021-11-29T03:30:00Z,2021-11-29T08:55:00.000Z,-4.153993055555555,203,173.4435357292862,223.8000886035622,50.35655287427599
V9_BREAK_20211129T075500Z_LONG,V57_BREAK_SWING_H4ADX_HIGH,2021-11-29T07:55:00Z,2021-11-29T12:20:00.000Z,-4.2607187833034565,204,169.18281694598275,223.8000886035622,54.61727165757944
V7_20211130T093000Z_SHORT,V7_SWING_HEALTH,2021-11-30T09:30:00Z,2021-11-30T14:50:00.000Z,-4.152777777777778,205,165.03003916820498,223.8000886035622,58.77004943535721
V9_BREAK_20211130T122500Z_LONG,V57_BREAK_SWING_H4ADX_HIGH,2021-11-30T12:25:00Z,2021-11-30T14:50:00.000Z,6.389756944444445,206,171.41979611264944,223.8000886035622,52.38029249091275
V7_20211201T084000Z_LONG,V7_SWING_HEALTH,2021-12-01T08:40:00Z,2021-12-01T11:05:00.000Z,7.571036872349616,207,178.99083298499906,223.8000886035622,44.80925561856313
V7_20211202T121500Z_SHORT,V7_SWING_HEALTH,2021-12-02T12:15:00Z,2021-12-02T12:45:00.000Z,-4.082291666666666,208,174.9085413183324,223.8000886035622,48.89154728522979
V7_20211202T125000Z_SHORT,V7_SWING_HEALTH,2021-12-02T12:50:00Z,2021-12-02T14:10:10.000Z,1.442479166666787,209,176.3510204849992,223.8000886035622,47.44906811856299
V7_20211206T024000Z_SHORT,V7_SWING_HEALTH,2021-12-06T02:40:00Z,2021-12-06T08:45:00.000Z,6.3362847222222225,210,182.6873052072214,223.8000886035622,41.112783396340774
7c6dc06e220ed9b1e1cded9e,R4_CHOP,2021-12-08T07:30:00.105000Z,2021-12-08T08:17:15.000Z,-3.7918213504488705,211,178.89548385677256,223.8000886035622,44.90460474678963
2577676dcc60564ebc39a7f4,R3_COMPRESSION,2021-12-13T02:00:00.164000Z,2021-12-13T07:00:25.000Z,-3.913044160411536,212,174.982439696361,223.8000886035622,48.817648907201175
89724b88f9a30e6d6566d9d7,R3_COMPRESSION,2021-12-13T13:00:00.104000Z,2021-12-13T13:03:30.000Z,-4.257869788271242,213,170.72456990808976,223.8000886035622,53.075518695472425
V7_20211213T201500Z_SHORT,V7_SWING_HEALTH,2021-12-13T20:15:00Z,2021-12-14T13:25:00.000Z,6.174652777777778,214,176.89922268586753,223.8000886035622,46.90086591769466
9024b51aa88ec0ca1ccfd5b6,R3_COMPRESSION,2021-12-14T14:00:00.107000Z,2021-12-14T14:55:45.000Z,-4.942657202704554,215,171.95656548316296,223.8000886035622,51.843523120399226
f34204f4fa5a3a0311317b84,R3_COMPRESSION,2021-12-14T15:00:00.030000Z,2021-12-14T15:17:05.000Z,-4.699995124390043,216,167.25657035877293,223.8000886035622,56.543518244789254
7991b82db5c34418bedee1eb,R3_COMPRESSION,2021-12-15T04:00:00.290000Z,2021-12-15T13:30:05.000Z,-3.75368935925264,217,163.5028809995203,223.8000886035622,60.29720760404189
V7_20211216T103500Z_SHORT,V7_SWING_HEALTH,2021-12-16T10:35:00Z,2021-12-16T13:15:00.000Z,-4.113888888888889,218,159.38899211063142,223.8000886035622,64.41109649293077
d5afd0470a67ab2746ff9adf,R3_COMPRESSION,2021-12-16T14:00:00.100000Z,2021-12-17T08:00:05.000Z,18.878814345483466,219,178.2678064561149,223.8000886035622,45.53228214744729
V7_20211220T235500Z_SHORT,V7_SWING_HEALTH,2021-12-20T23:55:00Z,2021-12-21T08:15:00.000Z,-4.196527777777778,220,174.0712786783371,223.8000886035622,49.72880992522508
V7_20211221T121500Z_SHORT,V7_SWING_HEALTH,2021-12-21T12:15:00Z,2021-12-21T13:05:00.000Z,-4.087152777777778,221,169.98412590055932,223.8000886035622,53.81596270300287
V7_20211221T134000Z_SHORT,V7_SWING_HEALTH,2021-12-21T13:40:00Z,2021-12-21T15:10:00.000Z,6.403125,222,176.3872509005593,223.8000886035622,47.41283770300288
V7_20211227T081500Z_LONG,V7_SWING_HEALTH,2021-12-27T08:15:00Z,2021-12-27T09:45:00.000Z,-4.096875,223,172.2903759005593,223.8000886035622,51.50971270300289
V25_2caf70bde01b6f2fc7f1af66,V25_CHOP,2021-12-26T23:45:01.204000Z,2021-12-27T11:45:05.000Z,-1.535970259079863,224,170.75440564147942,223.8000886035622,53.045682962082765
V7_20211229T121500Z_SHORT,V7_SWING_HEALTH,2021-12-29T12:15:00Z,2021-12-29T14:34:40.000Z,1.6294652777776206,225,172.38387091925705,223.8000886035622,51.41621768430514
V7_20211230T081500Z_SHORT,V7_SWING_HEALTH,2021-12-30T08:15:00Z,2021-12-30T11:25:00.000Z,-4.121180555555555,226,168.2626903637015,223.8000886035622,55.53739823986069
V7_20211230T130500Z_SHORT,V7_SWING_HEALTH,2021-12-30T13:05:00Z,2021-12-30T14:35:00.000Z,-4.096875,227,164.16581536370148,223.8000886035622,59.634273239860704
06742d7131c3644a8bd227d5,R4_CHOP,2022-01-18T08:30:00.232000Z,2022-01-18T11:39:50.000Z,1.1812474620511062,228,165.3470628257526,223.8000886035622,58.453025777809586
V25_c1749ad41aed02c6cfb18b79,V25_CHOP,2022-01-20T09:50:00.177000Z,2022-01-20T13:31:40.000Z,5.7827052918485276,229,171.12976811760112,223.8000886035622,52.67032048596107
cefbada4e04c0cd8f1fb14df,R2_DOWNTREND,2022-01-31T01:00:00.059000Z,2022-01-31T11:54:40.000Z,-7.616386017540328,230,163.5133821000608,223.8000886035622,60.28670650350139
2e4ae05c6314bef971108bcc,R2_DOWNTREND,2022-02-02T03:00:00.265000Z,2022-02-02T10:16:05.000Z,-5.203627889992934,231,158.30975421006787,223.8000886035622,65.49033439349432
ed880c987d51c4b35317efe1,R2_DOWNTREND,2022-03-18T16:00:00.017000Z,2022-03-20T22:00:05.000Z,8.133756018360707,232,166.44351022842858,223.8000886035622,57.35657837513361
23a35a1485023595f662bbc8,R3_COMPRESSION,2022-03-24T12:00:00.041000Z,2022-03-24T12:22:15.000Z,-7.423937891775887,233,159.0195723366527,223.8000886035622,64.7805162669095
a81160c9a1800df9c0fc1406,R3_COMPRESSION,2022-03-25T11:00:00.107000Z,2022-03-25T12:06:10.000Z,-5.87388728134719,234,153.1456850553055,223.8000886035622,70.65440354825668
7c92bd9521bef6b0491e63b9,R3_COMPRESSION,2022-03-28T09:00:00.022000Z,2022-03-28T12:12:20.000Z,-8.010682026174878,235,145.13500302913062,223.8000886035622,78.66508557443157
1167e5e2ca0b3ec475f74c2f,R4_CHOP,2022-03-28T06:00:00.048000Z,2022-03-28T12:16:15.000Z,-6.592768265730185,236,138.54223476340044,223.8000886035622,85.25785384016174
a79e2ea7bac4499d221f4689,R3_COMPRESSION,2022-03-28T19:00:00.111000Z,2022-03-29T19:00:05.000Z,8.720981395613444,237,147.2632161590139,223.8000886035622,76.5368724445483
58cbb79d0871909853e3928b,R3_COMPRESSION,2022-04-08T15:00:00.036000Z,2022-04-10T22:00:05.000Z,1.4862386211726872,238,148.74945478018657,223.8000886035622,75.05063382337562
8d0727d3596bd79b9821d16f,R3_COMPRESSION,2022-04-11T09:00:00.005000Z,2022-04-11T13:10:20.000Z,2.488234652480855,239,151.23768943266742,223.8000886035622,72.56239917089476
d3fab146e62501b9faf9d3f4,R2_DOWNTREND,2022-05-12T09:00:00.041000Z,2022-05-15T22:00:05.000Z,33.98668903898369,240,185.2243784716511,223.8000886035622,38.57571013191108
V25_468f918a23ce9e38ab22edf4,V25_CHOP,2022-05-30T05:00:00.923000Z,2022-05-30T08:22:30.000Z,-4.441815822720888,241,180.78256264893022,223.8000886035622,43.017525954631964
1e3d0ee7cb5f242b2c40c53d,R3_COMPRESSION,2022-05-31T01:00:00.197000Z,2022-05-31T02:45:05.000Z,-5.259725031136246,242,175.52283761779398,223.8000886035622,48.277250985768205
28fd27107a8ce2e1d0ee6503,R3_COMPRESSION,2022-05-31T15:00:00.023000Z,2022-05-31T22:00:05.000Z,6.337614888068961,243,181.86045250586295,223.8000886035622,41.939636097699236
63ead0c7d09ae3d64fec5c99,R3_COMPRESSION,2022-06-01T09:00:00.073000Z,2022-06-01T12:20:05.000Z,-4.872615386473417,244,176.98783711938952,223.8000886035622,46.81225148417266
c26df6092461c3ea9b914dda,R3_COMPRESSION,2022-06-02T06:00:00.083000Z,2022-06-02T12:34:05.000Z,1.4384783191930501,245,178.42631543858258,223.8000886035622,45.37377316497961
0c5afec903e89f7cd560a024,R3_COMPRESSION,2022-06-03T07:00:00.046000Z,2022-06-03T13:31:40.000Z,1.5391894134001087,246,179.96550485198267,223.8000886035622,43.834583751579515
b0cba02cea2d76158c17317f,R3_COMPRESSION,2022-06-09T12:00:00.112000Z,2022-06-09T12:23:45.000Z,-3.852414006751229,247,176.11309084523145,223.8000886035622,47.68699775833073
3f7714268a34121e5e7687c3,R3_COMPRESSION,2022-06-10T12:00:00.142000Z,2022-06-10T12:35:55.000Z,2.0623334872399472,248,178.1754243324714,223.8000886035622,45.62466427109078
eb6ce10a732919416adeb261,R3_COMPRESSION,2022-06-10T14:00:00.027000Z,2022-06-10T14:25:35.000Z,-6.074937620874393,249,172.10048671159703,223.8000886035622,51.69960189196516
a1a64ef87b27ca6af501bc8f,R3_COMPRESSION,2022-06-10T16:00:00.033000Z,2022-06-12T22:00:05.000Z,5.82425871872599,250,177.92474543032301,223.8000886035622,45.87534317323917
1eeee6e673e0ab2210634e79,R3_COMPRESSION,2022-06-13T13:00:00.142000Z,2022-06-14T07:00:05.000Z,11.646334394236503,251,189.57107982455952,223.8000886035622,34.22900877900267
V25_cb920797a1567146e7633c88,V25_CHOP,2022-06-24T07:45:00.103000Z,2022-06-24T07:55:10.000Z,-4.552654632809495,252,185.01842519175003,223.8000886035622,38.78166341181216
b43ffad7697128799d211a89,R4_CHOP,2022-06-28T22:30:00.397000Z,2022-06-29T01:56:05.000Z,-4.199818807333082,253,180.81860638441694,223.8000886035622,42.98148221914525
V25_0475c53a73dc331b38004c62,V25_CHOP,2022-06-29T02:30:00.359000Z,2022-06-29T07:03:30.000Z,1.4396652816310191,254,182.25827166604796,223.8000886035622,41.54181693751423
V7_20220704T082000Z_LONG,V7_SWING_HEALTH,2022-07-04T08:20:00Z,2022-07-04T09:50:00.000Z,-4.096875,255,178.16139666604795,223.8000886035622,45.63869193751424
V9_BREAK_20220707T135000Z_LONG,V57_BREAK_SWING_H4ADX_HIGH,2022-07-07T13:50:00Z,2022-07-07T14:55:00.000Z,-5.652292304769088,256,172.50910436127887,223.8000886035622,51.290984242283315
V9_BREAK_20220707T145500Z_SHORT,V57_BREAK_SWING_H4ADX_HIGH,2022-07-07T14:55:00Z,2022-07-08T14:40:00.000Z,-5.836494236533492,257,166.67261012474538,223.8000886035622,57.12747847881681
b130899996745de3802d4aef,R2_DOWNTREND,2022-07-07T07:00:00.108000Z,2022-07-08T14:45:05.000Z,-8.940163242497402,258,157.73244688224798,223.8000886035622,66.0676417213142
V9_BREAK_20220708T144500Z_LONG,V57_BREAK_SWING_H4ADX_HIGH,2022-07-08T14:45:00Z,2022-07-08T16:00:00.000Z,-6.45334127026007,259,151.27910561198792,223.8000886035622,72.52098299157427
e263ed2046ddd59d2c6f1890,R2_DOWNTREND,2022-07-11T17:00:00.108000Z,2022-07-12T01:29:55.000Z,2.6111132678487894,260,153.8902188798367,223.8000886035622,69.90986972372548
V9_BREAK_20220712T064000Z_LONG,V57_BREAK_SWING_H4ADX_HIGH,2022-07-12T06:40:00Z,2022-07-12T10:35:00.000Z,-4.132118055555555,261,149.75810082428114,223.8000886035622,74.04198777928104
V7_20220713T095500Z_SHORT,V7_SWING_HEALTH,2022-07-13T09:55:00Z,2022-07-13T11:15:00.000Z,-4.094444444444444,262,145.6636563798367,223.8000886035622,78.13643222372548
V9_BREAK_20220713T134000Z_LONG,V57_BREAK_SWING_H4ADX_HIGH,2022-07-13T13:40:00Z,2022-07-13T15:00:00.000Z,16.139556851396982,263,161.80321323123368,223.8000886035622,61.9968753723285
V9_BREAK_20220714T070000Z_SHORT,V57_BREAK_SWING_H4ADX_HIGH,2022-07-14T07:00:00Z,2022-07-14T09:35:00.000Z,6.387326388888889,264,168.19053962012256,223.8000886035622,55.60954898343962
V9_BREAK_20220714T093500Z_SHORT,V57_BREAK_SWING_H4ADX_HIGH,2022-07-14T09:35:00Z,2022-07-14T09:45:00.000Z,-4.315601801376181,265,163.8749378187464,223.8000886035622,59.9251507848158
V9_BREAK_20220715T123500Z_SHORT,V57_BREAK_SWING_H4ADX_HIGH,2022-07-15T12:35:00Z,2022-07-15T12:40:00.000Z,-4.5192867423869165,266,159.35565107635946,223.8000886035622,64.44443752720272
V9_BREAK_20220715T131500Z_LONG,V57_BREAK_SWING_H4ADX_HIGH,2022-07-15T13:15:00Z,2022-07-15T13:25:00.000Z,-7.033625447804607,267,152.32202562855485,223.8000886035622,71.47806297500733
V9_BREAK_20220718T072500Z_LONG,V57_BREAK_SWING_H4ADX_HIGH,2022-07-18T07:25:00Z,2022-07-18T10:40:00.000Z,-4.122395833333333,268,148.1996297952215,223.8000886035622,75.60045880834068
V7_20220718T122000Z_LONG,V7_SWING_HEALTH,2022-07-18T12:20:00Z,2022-07-18T13:41:55.000Z,1.744465277777857,269,149.94409507299937,223.8000886035622,73.85599353056281
V9_BREAK_20220719T133500Z_LONG,V57_BREAK_SWING_H4ADX_HIGH,2022-07-19T13:35:00Z,2022-07-20T05:25:00.000Z,-4.305902777777778,270,145.6381922952216,223.8000886035622,78.1618963083406
V9_BREAK_20220720T133000Z_LONG,V57_BREAK_SWING_H4ADX_HIGH,2022-07-20T13:30:00Z,2022-07-20T13:45:00.000Z,-4.216504015356263,271,141.42168827986532,223.8000886035622,82.37840032369687
V9_BREAK_20220721T122500Z_LONG,V57_BREAK_SWING_H4ADX_HIGH,2022-07-21T12:25:00Z,2022-07-21T12:30:00.000Z,-4.632645810382767,272,136.78904246948255,223.8000886035622,87.01104613407963
1b1d10e716a5de33237f5eff,R2_DOWNTREND,2022-07-20T17:00:00.084000Z,2022-07-21T12:41:25.000Z,2.7901494693793087,273,139.57919193886187,223.8000886035622,84.22089666470032
V9_BREAK_20220802T122500Z_LONG,V57_BREAK_SWING_H4ADX_HIGH,2022-08-02T12:25:00Z,2022-08-02T13:25:00.000Z,-4.7467425541495105,274,134.83244938471236,223.8000886035622,88.96763921884983
299ab8d04eb5af6b1121547e,R4_CHOP,2022-08-15T22:20:00.406000Z,2022-08-16T03:03:40.000Z,-4.914581609652947,275,129.91786777505942,223.8000886035622,93.88222082850277
V25_9a1ba82035834f9a8af309cf,V25_CHOP,2022-08-16T03:45:18.178000Z,2022-08-16T08:12:35.000Z,6.769720981592416,276,136.68758875665185,223.8000886035622,87.11249984691034
V25_c441addc8202804a173bf37e,V25_CHOP,2022-08-25T01:35:00.229000Z,2022-08-25T07:12:45.000Z,6.257756120346405,277,142.94534487699826,223.8000886035622,80.85474372656392
3e501db6c357ce675f0d93d2,R2_DOWNTREND,2022-09-01T11:00:00.071000Z,2022-09-01T16:01:00.000Z,2.1001355083007724,278,145.04548038529904,223.8000886035622,78.75460821826314
V25_2ecc9bbf92f3a7083cdf6116,V25_CHOP,2022-09-29T23:05:00.846000Z,2022-09-30T07:16:40.000Z,9.923032510572966,279,154.968512895872,223.8000886035622,68.83157570769018
9b69c89d0997c808d30fa039,R2_DOWNTREND,2022-10-14T14:00:00.066000Z,2022-10-16T22:00:05.000Z,4.339835833813454,280,159.30834872968546,223.8000886035622,64.49173987387672
0903433dd3dd1947913a8d42,R2_DOWNTREND,2022-10-17T03:00:02.094000Z,2022-10-17T09:41:35.000Z,-8.782086883521634,281,150.52626184616383,223.8000886035622,73.27382675739835
V9_BREAK_20221115T123500Z_LONG,V57_BREAK_SWING_H4ADX_HIGH,2022-11-15T12:35:00Z,2022-11-15T13:35:00.000Z,6.410416666666667,282,156.9366785128305,223.8000886035622,66.86341009073169
V9_BREAK_20221115T133500Z_SHORT,V57_BREAK_SWING_H4ADX_HIGH,2022-11-15T13:35:00Z,2022-11-15T13:55:00.000Z,9.148519956134514,283,166.08519846896502,223.8000886035622,57.71489013459717
V9_BREAK_20221116T065500Z_LONG,V57_BREAK_SWING_H4ADX_HIGH,2022-11-16T06:55:00Z,2022-11-16T09:10:00.000Z,6.3921875,284,172.47738596896502,223.8000886035622,51.322702634597164
V9_BREAK_20221116T134000Z_SHORT,V57_BREAK_SWING_H4ADX_HIGH,2022-11-16T13:40:00Z,2022-11-16T20:28:45.000Z,2.0890931237267103,285,174.56647909269174,223.8000886035622,49.23360951087045
V9_BREAK_20221117T120500Z_SHORT,V57_BREAK_SWING_H4ADX_HIGH,2022-11-17T12:05:00Z,2022-11-17T13:10:00.000Z,6.4092013888888895,286,180.97568048158064,223.8000886035622,42.82440812198155
V9_BREAK_20221117T142000Z_LONG,V57_BREAK_SWING_H4ADX_HIGH,2022-11-17T14:20:00Z,2022-11-18T11:26:55.000Z,2.561104171826129,287,183.53678465340676,223.8000886035622,40.26330395015543
V9_BREAK_20221118T145500Z_LONG,V57_BREAK_SWING_H4ADX_HIGH,2022-11-18T14:55:00Z,2022-11-18T19:40:00.000Z,-5.428148436045271,288,178.1086362173615,223.8000886035622,45.691452386200694
V9_BREAK_20221121T140500Z_SHORT,V57_BREAK_SWING_H4ADX_HIGH,2022-11-21T14:05:00Z,2022-11-21T14:20:00.000Z,-4.078645833333334,289,174.02999038402817,223.8000886035622,49.77009821953402
V25_497cdbdb8a566c35708b05ca,V25_CHOP,2022-11-25T00:15:00.342000Z,2022-11-25T04:02:10.000Z,5.344005841034977,290,179.37399622506314,223.8000886035622,44.42609237849905
V25_fe60d8b6693a70a9591012a1,V25_CHOP,2022-11-25T05:30:00.240000Z,2022-11-25T06:06:40.000Z,-3.623698262450954,291,175.7502979626122,223.8000886035622,48.04979064094999
2022-11-28 12:45:00|LONG|r1_h1_pullback_long_v1,R1_PULLBACK,2022-11-28T12:45:00Z,2022-11-28T13:21:20.000Z,-5.55,292,170.20029796261218,223.8000886035622,53.599790640950005
2022-12-02 12:00:00|LONG|r1_h1_pullback_long_v1,R1_PULLBACK,2022-12-02T12:00:00Z,2022-12-02T12:30:20.000Z,-3.9299999999999997,293,166.27029796261218,223.8000886035622,57.52979064095001
2022-12-02 11:30:00|LONG|r1_h1_pullback_long_v1,R1_PULLBACK,2022-12-02T11:30:00Z,2022-12-02T12:30:20.000Z,-3.9099999999999997,294,162.36029796261218,223.8000886035622,61.43979064095001
2022-11-24 04:00:00|LONG|h4_d1_long_best_box2_atr80,R1_BOX,2022-11-24T04:00:00Z,2022-12-05T17:09:00.000Z,14.084999999999903,295,176.44529796261207,223.8000886035622,47.354790640950114
2022-12-08 09:00:00|LONG|r1_h1_pullback_long_v1,R1_PULLBACK,2022-12-08T09:00:00Z,2022-12-08T12:33:40.000Z,6.6000000000000005,296,183.04529796261207,223.8000886035622,40.75479064095012
2022-12-08 10:30:00|LONG|r1_h1_pullback_long_v1,R1_PULLBACK,2022-12-08T10:30:00Z,2022-12-08T12:33:45.000Z,6.6000000000000005,297,189.64529796261206,223.8000886035622,34.154790640950125
2022-12-08 10:00:00|LONG|r1_h1_pullback_long_v1,R1_PULLBACK,2022-12-08T10:00:00Z,2022-12-08T12:36:25.000Z,6.61,298,196.25529796261208,223.8000886035622,27.54479064095011
2022-12-08 09:30:00|LONG|r1_h1_pullback_long_v1,R1_PULLBACK,2022-12-08T09:30:00Z,2022-12-08T12:36:30.000Z,6.62,299,202.87529796261208,223.8000886035622,20.924790640950107
2022-12-08 11:15:00|LONG|r1_h1_pullback_long_v1,R1_PULLBACK,2022-12-08T11:15:00Z,2022-12-08T13:45:05.000Z,3.34600000000013,300,206.2212979626122,223.8000886035622,17.57879064094999
2022-12-08 12:00:00|LONG|r1_h1_pullback_long_v1,R1_PULLBACK,2022-12-08T12:00:00Z,2022-12-08T13:45:05.000Z,2.5950000000001183,301,208.8162979626123,223.8000886035622,14.983790640949877
2022-12-08 13:00:00|LONG|r1_h1_pullback_long_v1,R1_PULLBACK,2022-12-08T13:00:00Z,2022-12-08T13:45:05.000Z,0.18599999999981132,302,209.00229796261212,223.8000886035622,14.797790640950069
2022-12-09 09:00:00|LONG|r1_h1_pullback_long_v1,R1_PULLBACK,2022-12-09T09:00:00Z,2022-12-09T11:28:40.000Z,7.959999999999999,303,216.96229796261213,223.8000886035622,6.837790640950061
2022-12-09 11:00:00|LONG|r1_h1_pullback_long_v1,R1_PULLBACK,2022-12-09T11:00:00Z,2022-12-09T12:30:40.000Z,-8.65,304,208.31229796261212,223.8000886035622,15.487790640950067
2022-12-08 14:00:00|LONG|r1_h1_pullback_long_v1,R1_PULLBACK,2022-12-08T14:00:00Z,2022-12-09T18:08:15.000Z,7.026000000000122,305,215.33829796261224,223.8000886035622,8.461790640949943
2022-12-08 14:30:00|LONG|r1_h1_pullback_long_v1,R1_PULLBACK,2022-12-08T14:30:00Z,2022-12-09T18:08:15.000Z,6.415999999999995,306,221.75429796261224,223.8000886035622,2.045790640949946
2022-12-09 10:00:00|LONG|r1_h1_pullback_long_v1,R1_PULLBACK,2022-12-09T10:00:00Z,2022-12-09T18:08:15.000Z,3.8760000000001313,307,225.63029796261236,225.63029796261236,0.0
2022-12-09 14:45:00|LONG|r1_h1_pullback_long_v1,R1_PULLBACK,2022-12-09T14:45:00Z,2022-12-09T18:08:15.000Z,-1.4439999999998512,308,224.1862979626125,225.63029796261236,1.4439999999998463
b3db05c2420ab94a15692780,R4_CHOP,2022-12-11T23:30:00.074000Z,2022-12-12T01:06:25.000Z,-5.446788011702427,309,218.73950995091008,225.63029796261236,6.890788011702284
2022-12-14 14:30:00|LONG|r1_h1_pullback_long_v1,R1_PULLBACK,2022-12-14T14:30:00Z,2022-12-14T17:25:45.000Z,-4.68,310,214.05950995091007,225.63029796261236,11.570788011702291
2022-12-14 13:45:00|LONG|r1_h1_pullback_long_v1,R1_PULLBACK,2022-12-14T13:45:00Z,2022-12-14T17:26:05.000Z,-4.9799999999999995,311,209.07950995091008,225.63029796261236,16.55078801170228
2022-12-14 13:15:00|LONG|r1_h1_pullback_long_v1,R1_PULLBACK,2022-12-14T13:15:00Z,2022-12-14T18:00:15.000Z,-6.26,312,202.8195099509101,225.63029796261236,22.81078801170227
2022-12-13 16:00:00|LONG|h4_d1_long_best_box2_atr80,R1_BOX,2022-12-13T16:00:00Z,2022-12-15T07:30:20.000Z,-31.630000000000003,313,171.1895099509101,225.63029796261236,54.44078801170227
2022-12-19 12:30:00|LONG|r1_h1_pullback_long_v1,R1_PULLBACK,2022-12-19T12:30:00Z,2022-12-19T13:39:40.000Z,-3.9299999999999997,314,167.2595099509101,225.63029796261236,58.370788011702274
2022-12-19 14:00:00|LONG|r1_h1_pullback_long_v1,R1_PULLBACK,2022-12-19T14:00:00Z,2022-12-19T14:46:35.000Z,-4.47,315,162.7895099509101,225.63029796261236,62.84078801170227
V25_bd448118f9a25be389195d4d,V25_CHOP,2022-12-20T09:05:00.437000Z,2022-12-20T12:50:25.000Z,-5.057125482889609,316,157.73238446802048,225.63029796261236,67.89791349459188
2022-12-19 08:00:00|LONG|h4_d1_long_best_box2_atr80,R1_BOX,2022-12-19T08:00:00Z,2022-12-21T12:30:10.000Z,19.3500000000001,317,177.0823844680206,225.63029796261236,48.54791349459177
2022-12-20 13:00:00|LONG|r1_h1_pullback_long_v1,R1_PULLBACK,2022-12-20T13:00:00Z,2022-12-21T12:30:10.000Z,11.900000000000018,318,188.9823844680206,225.63029796261236,36.64791349459176
2022-12-21 09:15:00|LONG|r1_h1_pullback_long_v1,R1_PULLBACK,2022-12-21T09:15:00Z,2022-12-21T12:30:10.000Z,-2.2199999999999362,319,186.76238446802066,225.63029796261236,38.867913494591704
2022-12-21 11:45:00|LONG|r1_h1_pullback_long_v1,R1_PULLBACK,2022-12-21T11:45:00Z,2022-12-21T12:30:10.000Z,-0.10000000000004527,320,186.6623844680206,225.63029796261236,38.967913494591755
2022-12-21 12:00:00|LONG|r1_h1_pullback_long_v1,R1_PULLBACK,2022-12-21T12:00:00Z,2022-12-21T12:30:10.000Z,-1.0399999999999996,321,185.6223844680206,225.63029796261236,40.00791349459175
2022-12-21 12:15:00|LONG|r1_h1_pullback_long_v1,R1_PULLBACK,2022-12-21T12:15:00Z,2022-12-21T12:30:10.000Z,-1.1999999999999544,322,184.42238446802065,225.63029796261236,41.20791349459171
2022-12-21 12:30:00|LONG|r1_h1_pullback_long_v1,R1_PULLBACK,2022-12-21T12:30:00Z,2022-12-21T12:30:10.000Z,-1.0699999999998817,323,183.35238446802077,225.63029796261236,42.27791349459159
2022-12-22 12:00:00|LONG|r1_h1_pullback_long_v1,R1_PULLBACK,2022-12-22T12:00:00Z,2022-12-22T12:31:40.000Z,-5.22,324,178.13238446802077,225.63029796261236,47.497913494591586
2022-12-27 13:45:00|LONG|r1_h1_pullback_long_v1,R1_PULLBACK,2022-12-27T13:45:00Z,2022-12-27T14:27:40.000Z,12.5,325,190.63238446802077,225.63029796261236,34.997913494591586
2022-12-27 14:15:00|LONG|r1_h1_pullback_long_v1,R1_PULLBACK,2022-12-27T14:15:00Z,2022-12-27T17:55:30.000Z,9.071999999999843,326,199.7043844680206,225.63029796261236,25.925913494591754
2022-12-27 14:30:00|LONG|r1_h1_pullback_long_v1,R1_PULLBACK,2022-12-27T14:30:00Z,2022-12-27T17:55:30.000Z,7.322000000000097,327,207.0263844680207,225.63029796261236,18.603913494591666
V7_20221228T091500Z_LONG,V7_SWING_HEALTH,2022-12-28T09:15:00Z,2022-12-28T14:50:00.000Z,6.343576388888889,328,213.3699608569096,225.63029796261236,12.260337105702774
2022-12-29 13:30:00|LONG|r1_h1_pullback_long_v1,R1_PULLBACK,2022-12-29T13:30:00Z,2022-12-30T10:30:35.000Z,5.32199999999998,329,218.69196085690956,225.63029796261236,6.9383371057028
2022-12-29 13:45:00|LONG|r1_h1_pullback_long_v1,R1_PULLBACK,2022-12-29T13:45:00Z,2022-12-30T10:30:35.000Z,1.8699999999999917,330,220.56196085690956,225.63029796261236,5.0683371057027955
2022-12-30 10:30:00|LONG|r1_h1_pullback_long_v1,R1_PULLBACK,2022-12-30T10:30:00Z,2022-12-30T10:30:35.000Z,-1.7599999999997729,331,218.8019608569098,225.63029796261236,6.828337105702559
V7_20221230T072500Z_SHORT,V7_SWING_HEALTH,2022-12-30T07:25:00Z,2022-12-30T10:30:35.000Z,6.038819444444527,332,224.84078030135433,225.63029796261236,0.7895176612580315
V7_20221230T105000Z_SHORT,V7_SWING_HEALTH,2022-12-30T10:50:00Z,2022-12-30T11:40:00.000Z,-4.087152777777778,333,220.75362752357654,225.63029796261236,4.87667043903582
2022-12-30 12:45:00|LONG|r1_h1_pullback_long_v1,R1_PULLBACK,2022-12-30T12:45:00Z,2022-12-30T14:05:30.000Z,-6.38,334,214.37362752357654,225.63029796261236,11.256670439035815
2022-12-30 11:15:00|LONG|r1_h1_pullback_long_v1,R1_PULLBACK,2022-12-30T11:15:00Z,2022-12-30T14:05:40.000Z,-4.6899999999999995,335,209.68362752357655,225.63029796261236,15.946670439035813
2022-12-30 14:30:00|LONG|r1_h1_pullback_long_v1,R1_PULLBACK,2022-12-30T14:30:00Z,2023-01-02T22:05:40.000Z,9.87,336,219.55362752357655,225.63029796261236,6.076670439035809
V7_20230103T013500Z_LONG,V7_SWING_HEALTH,2023-01-03T01:35:00Z,2023-01-03T02:45:00.000Z,6.407986111111112,337,225.96161363468767,225.96161363468767,0.0
2023-01-03 11:00:00|LONG|r1_h1_pullback_long_v1,R1_PULLBACK,2023-01-03T11:00:00Z,2023-01-03T12:20:40.000Z,6.6000000000000005,338,232.56161363468766,232.56161363468766,0.0
2023-01-03 11:30:00|LONG|r1_h1_pullback_long_v1,R1_PULLBACK,2023-01-03T11:30:00Z,2023-01-03T13:37:20.000Z,10.08,339,242.64161363468767,242.64161363468767,0.0
2023-01-03 13:30:00|LONG|r1_h1_pullback_long_v1,R1_PULLBACK,2023-01-03T13:30:00Z,2023-01-03T14:28:20.000Z,-8.14,340,234.50161363468766,242.64161363468767,8.140000000000015
2023-01-03 12:15:00|LONG|r1_h1_pullback_long_v1,R1_PULLBACK,2023-01-03T12:15:00Z,2023-01-03T14:34:30.000Z,-7.27,341,227.23161363468765,242.64161363468767,15.410000000000025
V9_BREAK_20230104T123000Z_LONG,V57_BREAK_SWING_H4ADX_HIGH,2023-01-04T12:30:00Z,2023-01-04T13:55:00.000Z,6.404340277777778,342,233.63595391246542,242.64161363468767,9.005659722222248
V9_BREAK_20230104T141500Z_SHORT,V57_BREAK_SWING_H4ADX_HIGH,2023-01-04T14:15:00Z,2023-01-04T15:15:00.000Z,8.20056742607087,343,241.8365213385363,242.64161363468767,0.805092296151372
2023-01-04 14:30:00|LONG|r1_h1_pullback_long_v1,R1_PULLBACK,2023-01-04T14:30:00Z,2023-01-04T18:03:45.000Z,-8.84,344,232.9965213385363,242.64161363468767,9.645092296151375
V7_20230105T012500Z_SHORT,V7_SWING_HEALTH,2023-01-05T01:25:00Z,2023-01-05T08:00:00.000Z,6.328993055555555,345,239.32551439409184,242.64161363468767,3.3160992405958325
V9_BREAK_20230105T071000Z_SHORT,V57_BREAK_SWING_H4ADX_HIGH,2023-01-05T07:10:00Z,2023-01-05T08:45:00.000Z,6.401909722222222,346,245.72742411631407,245.72742411631407,0.0
V7_20230106T064000Z_SHORT,V7_SWING_HEALTH,2023-01-06T06:40:00Z,2023-01-06T13:35:00.000Z,-4.175868055555555,347,241.55155606075851,245.72742411631407,4.175868055555554
V7_20230110T084500Z_SHORT,V7_SWING_HEALTH,2023-01-10T08:45:00Z,2023-01-10T09:10:00.000Z,-4.081076388888889,348,237.4704796718696,245.72742411631407,8.256944444444457
2023-01-10 10:30:00|LONG|r1_h1_pullback_long_v1,R1_PULLBACK,2023-01-10T10:30:00Z,2023-01-10T11:17:45.000Z,-3.92,349,233.55047967186962,245.72742411631407,12.176944444444445
2023-01-10 09:00:00|LONG|r1_h1_pullback_long_v1,R1_PULLBACK,2023-01-10T09:00:00Z,2023-01-10T11:24:40.000Z,-5.02,350,228.5304796718696,245.72742411631407,17.196944444444455
2023-01-10 10:00:00|LONG|r1_h1_pullback_long_v1,R1_PULLBACK,2023-01-10T10:00:00Z,2023-01-10T11:37:40.000Z,-3.9099999999999997,351,224.62047967186962,245.72742411631407,21.10694444444445
2023-01-10 13:00:00|LONG|r1_h1_pullback_long_v1,R1_PULLBACK,2023-01-10T13:00:00Z,2023-01-10T14:13:05.000Z,6.61,352,231.23047967186963,245.72742411631407,14.496944444444438
V7_20230110T091000Z_SHORT,V7_SWING_HEALTH,2023-01-10T09:10:00Z,2023-01-10T14:20:00.000Z,-4.150347222222222,353,227.0801324496474,245.72742411631407,18.64729166666666
V7_20230111T111500Z_SHORT,V7_SWING_HEALTH,2023-01-11T11:15:00Z,2023-01-11T12:20:00.000Z,6.4092013888888895,354,233.4893338385363,245.72742411631407,12.238090277777758
2023-01-10 14:00:00|LONG|r1_h1_pullback_long_v1,R1_PULLBACK,2023-01-10T14:00:00Z,2023-01-11T14:37:30.000Z,-8.51,355,224.97933383853632,245.72742411631407,20.74809027777775
2023-01-10 13:15:00|LONG|r1_h1_pullback_long_v1,R1_PULLBACK,2023-01-10T13:15:00Z,2023-01-11T14:37:40.000Z,-7.069999999999999,356,217.90933383853633,245.72742411631407,27.818090277777742
V7_20230111T124500Z_LONG,V7_SWING_HEALTH,2023-01-11T12:45:00Z,2023-01-11T14:40:00.000Z,-4.102951388888889,357,213.80638244964743,245.72742411631407,31.92104166666664
2023-01-03 04:00:00|LONG|h4_d1_long_best_box2_atr80,R1_BOX,2023-01-03T04:00:00Z,2023-01-12T12:35:30.000Z,53.660000000000004,358,267.4663824496474,267.4663824496474,0.0
V9_BREAK_20230113T071000Z_LONG,V57_BREAK_SWING_H4ADX_HIGH,2023-01-13T07:10:00Z,2023-01-13T08:15:00.000Z,6.4092013888888895,359,273.87558383853633,273.87558383853633,0.0
V7_20230112T151500Z_LONG,V7_SWING_HEALTH,2023-01-12T15:15:00Z,2023-01-13T08:20:00.000Z,16.938978343981248,360,290.8145621825176,290.8145621825176,0.0
V9_BREAK_20230113T084000Z_SHORT,V57_BREAK_SWING_H4ADX_HIGH,2023-01-13T08:40:00Z,2023-01-13T12:30:00.000Z,7.416343996984232,361,298.2309061795018,298.2309061795018,0.0
2023-01-13 13:15:00|LONG|r1_h1_pullback_long_v1,R1_PULLBACK,2023-01-13T13:15:00Z,2023-01-13T17:39:30.000Z,17.88,362,316.1109061795018,316.1109061795018,0.0
V9_BREAK_20230116T010000Z_LONG,V57_BREAK_SWING_H4ADX_HIGH,2023-01-16T01:00:00Z,2023-01-16T02:50:00.000Z,6.398263888888889,363,322.5091700683907,322.5091700683907,0.0
2023-01-16 09:00:00|LONG|r1_h1_pullback_long_v1,R1_PULLBACK,2023-01-16T09:00:00Z,2023-01-17T01:32:30.000Z,-7.699999999999999,364,314.8091700683907,322.5091700683907,7.699999999999989
V7_20230116T160000Z_SHORT,V7_SWING_HEALTH,2023-01-16T16:00:00Z,2023-01-17T04:20:00.000Z,6.2451388888888895,365,321.0543089572796,322.5091700683907,1.4548611111110858
V9_BREAK_20230117T013500Z_SHORT,V57_BREAK_SWING_H4ADX_HIGH,2023-01-17T01:35:00Z,2023-01-17T06:55:00.000Z,6.347222222222222,366,327.40153117950183,327.40153117950183,0.0
V9_BREAK_20230117T131500Z_LONG,V57_BREAK_SWING_H4ADX_HIGH,2023-01-17T13:15:00Z,2023-01-17T14:15:00.000Z,6.410416666666667,367,333.8119478461685,333.8119478461685,0.0
V9_BREAK_20230118T070500Z_LONG,V57_BREAK_SWING_H4ADX_HIGH,2023-01-18T07:05:00Z,2023-01-18T08:15:00.000Z,6.407986111111112,368,340.2199339572796,340.2199339572796,0.0
V7_20230118T140500Z_SHORT,V7_SWING_HEALTH,2023-01-18T14:05:00Z,2023-01-18T15:55:00.000Z,8.483837622909517,369,348.7037715801891,348.7037715801891,0.0
2023-01-19 10:00:00|LONG|r1_h1_pullback_long_v1,R1_PULLBACK,2023-01-19T10:00:00Z,2023-01-19T13:18:40.000Z,6.6000000000000005,370,355.3037715801891,355.3037715801891,0.0
2023-01-19 13:00:00|LONG|r1_h1_pullback_long_v1,R1_PULLBACK,2023-01-19T13:00:00Z,2023-01-19T18:26:05.000Z,13.73,371,369.0337715801891,369.0337715801891,0.0
2023-01-13 13:45:00|LONG|r1_h1_pullback_long_v1,R1_PULLBACK,2023-01-13T13:45:00Z,2023-01-19T19:09:40.000Z,24.9,372,393.9337715801891,393.9337715801891,0.0
2023-01-20 12:30:00|LONG|r1_h1_pullback_long_v1,R1_PULLBACK,2023-01-20T12:30:00Z,2023-01-20T12:35:40.000Z,-3.9099999999999997,373,390.0237715801891,393.9337715801891,3.910000000000025
2023-01-20 12:00:00|LONG|r1_h1_pullback_long_v1,R1_PULLBACK,2023-01-20T12:00:00Z,2023-01-20T12:52:20.000Z,-3.9099999999999997,374,386.11377158018905,393.9337715801891,7.82000000000005
2023-01-20 11:15:00|LONG|r1_h1_pullback_long_v1,R1_PULLBACK,2023-01-20T11:15:00Z,2023-01-20T12:52:25.000Z,-3.9,375,382.2137715801891,393.9337715801891,11.720000000000027
V7_20230123T093500Z_SHORT,V7_SWING_HEALTH,2023-01-23T09:35:00Z,2023-01-23T10:05:00.000Z,-4.082291666666666,376,378.1314799135224,393.9337715801891,15.80229166666669
V7_20230125T064500Z_SHORT,V7_SWING_HEALTH,2023-01-25T06:45:00Z,2023-01-25T10:15:00.000Z,6.373958333333333,377,384.50543824685576,393.9337715801891,9.428333333333342
V7_20230125T234000Z_SHORT,V7_SWING_HEALTH,2023-01-25T23:40:00Z,2023-01-26T07:20:00.000Z,6.313194444444445,378,390.8186326913002,393.9337715801891,3.1151388888889073
V7_20230126T085000Z_SHORT,V7_SWING_HEALTH,2023-01-26T08:50:00Z,2023-01-26T09:20:00.000Z,6.417708333333334,379,397.23634102463353,397.23634102463353,0.0
V7_20230127T085000Z_SHORT,V7_SWING_HEALTH,2023-01-27T08:50:00Z,2023-01-27T10:30:00.000Z,-4.0993055555555555,380,393.137035469078,397.23634102463353,4.0993055555555316
V7_20230127T130000Z_SHORT,V7_SWING_HEALTH,2023-01-27T13:00:00Z,2023-01-27T13:35:00.000Z,-4.083506944444444,381,389.0535285246336,397.23634102463353,8.182812499999955
2023-01-12 20:00:00|LONG|h4_d1_long_best_box2_atr80,R1_BOX,2023-01-12T20:00:00Z,2023-01-31T06:06:00.000Z,14.77300000000003,382,403.8265285246336,403.8265285246336,0.0
V7_20230131T093000Z_LONG,V7_SWING_HEALTH,2023-01-31T09:30:00Z,2023-01-31T09:55:00.000Z,-4.081076388888889,383,399.7454521357447,403.8265285246336,4.081076388888903
V7_20230131T101000Z_LONG,V7_SWING_HEALTH,2023-01-31T10:10:00Z,2023-01-31T11:35:00.000Z,-4.095659722222222,384,395.6497924135225,403.8265285246336,8.176736111111097
2023-02-01 09:30:00|LONG|r1_h1_pullback_long_v1,R1_PULLBACK,2023-02-01T09:30:00Z,2023-02-01T12:21:45.000Z,6.6000000000000005,385,402.2497924135225,403.8265285246336,1.5767361111110745
2023-02-01 09:45:00|LONG|r1_h1_pullback_long_v1,R1_PULLBACK,2023-02-01T09:45:00Z,2023-02-01T13:33:25.000Z,4.142000000000126,386,406.39179241352264,406.39179241352264,0.0
2023-02-01 10:15:00|LONG|r1_h1_pullback_long_v1,R1_PULLBACK,2023-02-01T10:15:00Z,2023-02-01T13:33:25.000Z,4.051999999999881,387,410.44379241352254,410.44379241352254,0.0
2023-02-01 10:30:00|LONG|r1_h1_pullback_long_v1,R1_PULLBACK,2023-02-01T10:30:00Z,2023-02-01T13:33:25.000Z,2.7349999999998906,388,413.17879241352244,413.17879241352244,0.0
2023-02-01 13:30:00|LONG|r1_h1_pullback_long_v1,R1_PULLBACK,2023-02-01T13:30:00Z,2023-02-01T13:33:25.000Z,-1.5779999999998107,389,411.60079241352264,413.17879241352244,1.577999999999804
2023-02-01 14:30:00|LONG|r1_h1_pullback_long_v1,R1_PULLBACK,2023-02-01T14:30:00Z,2023-02-01T16:12:35.000Z,-6.8999999999999995,390,404.70079241352266,413.17879241352244,8.477999999999781
2023-02-01 14:45:00|LONG|r1_h1_pullback_long_v1,R1_PULLBACK,2023-02-01T14:45:00Z,2023-02-01T16:12:35.000Z,-8.530000000000001,391,396.1707924135227,413.17879241352244,17.007999999999754
V7_20230207T080500Z_SHORT,V7_SWING_HEALTH,2023-02-07T08:05:00Z,2023-02-07T11:15:00.000Z,6.378819444444445,392,402.54961185796714,413.17879241352244,10.629180555555308
V7_20230208T070000Z_LONG,V7_SWING_HEALTH,2023-02-08T07:00:00Z,2023-02-08T08:00:00.000Z,6.410416666666667,393,408.9600285246338,413.17879241352244,4.218763888888645
V9_BREAK_20230208T081000Z_LONG,V57_BREAK_SWING_H4ADX_HIGH,2023-02-08T08:10:00Z,2023-02-08T13:15:00.000Z,-4.645552359247484,394,404.31447616538634,413.17879241352244,8.864316248136106
V9_BREAK_20230209T070500Z_LONG,V57_BREAK_SWING_H4ADX_HIGH,2023-02-09T07:05:00Z,2023-02-09T07:25:00.000Z,-4.079861111111111,395,400.23461505427525,413.17879241352244,12.944177359247192
V9_BREAK_20230209T130000Z_LONG,V57_BREAK_SWING_H4ADX_HIGH,2023-02-09T13:00:00Z,2023-02-09T14:00:00.000Z,6.410416666666667,396,406.6450317209419,413.17879241352244,6.533760692580529
V9_BREAK_20230210T064500Z_LONG,V57_BREAK_SWING_H4ADX_HIGH,2023-02-10T06:45:00Z,2023-02-10T07:50:00.000Z,6.4092013888888895,397,413.0542331098308,413.17879241352244,0.12455930369162616
V7_20230210T070500Z_LONG,V7_SWING_HEALTH,2023-02-10T07:05:00Z,2023-02-10T08:05:00.000Z,6.410416666666667,398,419.4646497764975,419.4646497764975,0.0
V9_BREAK_20230213T084000Z_SHORT,V57_BREAK_SWING_H4ADX_HIGH,2023-02-13T08:40:00Z,2023-02-13T10:15:00.000Z,6.401909722222222,399,425.8665594987197,425.8665594987197,0.0
V9_BREAK_20230213T133500Z_SHORT,V57_BREAK_SWING_H4ADX_HIGH,2023-02-13T13:35:00Z,2023-02-13T18:34:50.000Z,1.7012986111110213,400,427.56785810983075,427.56785810983075,0.0
V9_BREAK_20230214T133500Z_SHORT,V57_BREAK_SWING_H4ADX_HIGH,2023-02-14T13:35:00Z,2023-02-14T14:30:00.000Z,12.92276578261256,401,440.4906238924433,440.4906238924433,0.0
V9_BREAK_20230214T170500Z_LONG,V57_BREAK_SWING_H4ADX_HIGH,2023-02-14T17:05:00Z,2023-02-15T06:35:00.000Z,-8.243515891862488,402,432.2471080005808,440.4906238924433,8.2435158918625
V9_BREAK_20230215T063500Z_SHORT,V57_BREAK_SWING_H4ADX_HIGH,2023-02-15T06:35:00Z,2023-02-15T07:40:00.000Z,6.4092013888888895,403,438.6563093894697,440.4906238924433,1.8343145029735979
V9_BREAK_20230216T135500Z_SHORT,V57_BREAK_SWING_H4ADX_HIGH,2023-02-16T13:55:00Z,2023-02-16T14:15:00.000Z,-6.002346896725474,404,432.6539624927442,440.4906238924433,7.836661399699096
V9_BREAK_20230216T143500Z_LONG,V57_BREAK_SWING_H4ADX_HIGH,2023-02-16T14:35:00Z,2023-02-16T16:50:00.000Z,9.888255244502062,405,442.54221773724623,442.54221773724623,0.0
V9_BREAK_20230217T070500Z_SHORT,V57_BREAK_SWING_H4ADX_HIGH,2023-02-17T07:05:00Z,2023-02-17T07:45:00.000Z,-4.084722222222222,406,438.457495515024,442.54221773724623,4.08472222222224
V7_20230217T074000Z_SHORT,V7_SWING_HEALTH,2023-02-17T07:40:00Z,2023-02-17T09:55:00.000Z,-4.1078125,407,434.34968301502397,442.54221773724623,8.192534722222263
3d5125eff04c0bcf75773d1f,R4_CHOP,2023-02-22T08:45:00.026000Z,2023-02-22T11:07:45.000Z,-3.9694693515822475,408,430.38021366344174,442.54221773724623,12.162004073804496
2f00227a3b9df9f52e47b380,R4_CHOP,2023-02-24T04:00:00.063000Z,2023-02-24T11:41:35.000Z,6.622743511075684,409,437.0029571745174,442.54221773724623,5.539260562728828
7caffe04ae87bbd1e415c926,R3_COMPRESSION,2023-02-24T14:00:00.027000Z,2023-02-24T20:00:05.000Z,3.5157208969567453,410,440.51867807147414,442.54221773724623,2.023539665772091
ff827827670aff8a85b85744,R3_COMPRESSION,2023-02-27T04:00:00.051000Z,2023-02-27T06:12:15.000Z,-4.175467367910454,411,436.34321070356367,442.54221773724623,6.1990070336825625
V7_20230228T065000Z_SHORT,V7_SWING_HEALTH,2023-02-28T06:50:00Z,2023-02-28T08:10:00.000Z,6.405555555555556,412,442.74876625911924,442.74876625911924,0.0
V7_20230228T200000Z_SHORT,V7_SWING_HEALTH,2023-02-28T20:00:00Z,2023-03-01T05:20:00.000Z,-4.211111111111111,413,438.5376551480081,442.74876625911924,4.211111111111109
V25_796a5e50a3776e316680c883,V25_CHOP,2023-03-01T02:30:01.396000Z,2023-03-01T06:55:15.000Z,6.830989879672457,414,445.3686450276806,445.3686450276806,0.0
V25_5b3ffc59c924bbf3b05bcdf9,V25_CHOP,2023-03-01T07:05:00.354000Z,2023-03-01T09:20:55.000Z,-4.359811318506386,415,441.0088337091742,445.3686450276806,4.359811318506388
V7_20230302T114500Z_SHORT,V7_SWING_HEALTH,2023-03-02T11:45:00Z,2023-03-03T00:05:00.000Z,-4.2548611111111105,416,436.7539725980631,445.3686450276806,8.614672429617485
V7_20230303T085500Z_SHORT,V7_SWING_HEALTH,2023-03-03T08:55:00Z,2023-03-03T09:40:00.000Z,-4.0859375,417,432.6680350980631,445.3686450276806,12.700609929617485
V7_20230307T161500Z_LONG,V7_SWING_HEALTH,2023-03-07T16:15:00Z,2023-03-07T18:55:00.000Z,-6.87936576587252,418,425.7886693321906,445.3686450276806,19.57997569549002
V7_20230309T054500Z_SHORT,V7_SWING_HEALTH,2023-03-09T05:45:00Z,2023-03-09T08:45:00.000Z,-4.11875,419,421.6699193321906,445.3686450276806,23.698725695489998
V7_20230309T150000Z_SHORT,V7_SWING_HEALTH,2023-03-09T15:00:00Z,2023-03-09T15:10:00.000Z,-4.798744944227797,420,416.8711743879628,445.3686450276806,28.49747063971779
V9_BREAK_20230313T082500Z_LONG,V57_BREAK_SWING_H4ADX_HIGH,2023-03-13T08:25:00Z,2023-03-13T09:25:00.000Z,7.207662981984272,421,424.0788373699471,445.3686450276806,21.28980765773349
V9_BREAK_20230313T103000Z_LONG,V57_BREAK_SWING_H4ADX_HIGH,2023-03-13T10:30:00Z,2023-03-13T12:30:00.000Z,10.421945382727415,422,434.5007827526745,445.3686450276806,10.867862275006075
V9_BREAK_20230315T065000Z_SHORT,V57_BREAK_SWING_H4ADX_HIGH,2023-03-15T06:50:00Z,2023-03-15T08:05:00.000Z,6.406770833333333,423,440.90755358600785,445.3686450276806,4.46109144167275
V9_BREAK_20230315T084000Z_LONG,V57_BREAK_SWING_H4ADX_HIGH,2023-03-15T08:40:00Z,2023-03-15T09:45:00.000Z,7.938107791458288,424,448.8456613774661,448.8456613774661,0.0
2023-03-16 09:00:00|LONG|r1_h1_pullback_long_v1,R1_PULLBACK,2023-03-16T09:00:00Z,2023-03-16T13:37:20.000Z,5.630000000000001,425,454.4756613774661,454.4756613774661,0.0
2023-03-16 10:00:00|LONG|r1_h1_pullback_long_v1,R1_PULLBACK,2023-03-16T10:00:00Z,2023-03-16T13:37:20.000Z,2.8399999999999728,426,457.3156613774661,457.3156613774661,0.0
2023-03-16 11:00:00|LONG|r1_h1_pullback_long_v1,R1_PULLBACK,2023-03-16T11:00:00Z,2023-03-16T13:37:20.000Z,2.019999999999999,427,459.33566137746607,459.33566137746607,0.0
V9_BREAK_20230327T074500Z_LONG,V57_BREAK_SWING_H4ADX_HIGH,2023-03-27T07:45:00Z,2023-03-27T08:50:00.000Z,-4.4060888570550345,428,454.92957252041106,459.33566137746607,4.4060888570550105
V9_BREAK_20230327T092500Z_SHORT,V57_BREAK_SWING_H4ADX_HIGH,2023-03-27T09:25:00Z,2023-03-27T10:05:00.000Z,7.100703453092237,429,462.0302759735033,462.0302759735033,0.0
V7_20230328T094500Z_LONG,V7_SWING_HEALTH,2023-03-28T09:45:00Z,2023-03-28T12:15:00.000Z,6.388541666666667,430,468.41881764016995,468.41881764016995,0.0
a33620edbb8a39c9847388df,R4_CHOP,2023-03-30T22:35:01.005000Z,2023-03-31T07:36:15.000Z,-5.2517986425985095,431,463.16701899757146,468.41881764016995,5.251798642598487
V7_20230331T080500Z_LONG,V7_SWING_HEALTH,2023-03-31T08:05:00Z,2023-03-31T08:40:00.000Z,-4.083506944444444,432,459.08351205312704,468.41881764016995,9.33530558704291
2023-03-31 11:15:00|LONG|r1_h1_pullback_long_v1,R1_PULLBACK,2023-03-31T11:15:00Z,2023-03-31T12:22:40.000Z,-4.93,433,454.15351205312703,468.41881764016995,14.265305587042917
2023-03-31 11:30:00|LONG|r1_h1_pullback_long_v1,R1_PULLBACK,2023-03-31T11:30:00Z,2023-03-31T12:22:40.000Z,-5.779999999999999,434,448.37351205312706,468.41881764016995,20.04530558704289
2023-03-31 10:45:00|LONG|r1_h1_pullback_long_v1,R1_PULLBACK,2023-03-31T10:45:00Z,2023-03-31T12:22:40.000Z,-4.749999999999999,435,443.62351205312706,468.41881764016995,24.79530558704289
2023-03-31 10:30:00|LONG|r1_h1_pullback_long_v1,R1_PULLBACK,2023-03-31T10:30:00Z,2023-03-31T12:45:15.000Z,2.150000000000045,436,445.7735120531271,468.41881764016995,22.645305587042856
2023-04-04 10:30:00|LONG|r1_h1_pullback_long_v1,R1_PULLBACK,2023-04-04T10:30:00Z,2023-04-04T11:17:40.000Z,-4.749999999999999,437,441.0235120531271,468.41881764016995,27.395305587042856
2023-04-04 09:15:00|LONG|r1_h1_pullback_long_v1,R1_PULLBACK,2023-04-04T09:15:00Z,2023-04-04T11:25:15.000Z,-4.0,438,437.0235120531271,468.41881764016995,31.395305587042856
2023-04-04 11:45:00|LONG|r1_h1_pullback_long_v1,R1_PULLBACK,2023-04-04T11:45:00Z,2023-04-04T13:32:30.000Z,6.87,439,443.8935120531271,468.41881764016995,24.52530558704285
2023-04-04 13:15:00|LONG|r1_h1_pullback_long_v1,R1_PULLBACK,2023-04-04T13:15:00Z,2023-04-04T14:00:30.000Z,10.19,440,454.0835120531271,468.41881764016995,14.335305587042853
2023-04-04 12:15:00|LONG|r1_h1_pullback_long_v1,R1_PULLBACK,2023-04-04T12:15:00Z,2023-04-04T14:00:30.000Z,12.2,441,466.2835120531271,468.41881764016995,2.1353055870428648
2023-04-04 12:45:00|LONG|r1_h1_pullback_long_v1,R1_PULLBACK,2023-04-04T12:45:00Z,2023-04-04T14:00:40.000Z,12.95,442,479.2335120531271,479.2335120531271,0.0
2023-04-04 13:30:00|LONG|r1_h1_pullback_long_v1,R1_PULLBACK,2023-04-04T13:30:00Z,2023-04-04T14:03:20.000Z,12.65,443,491.88351205312705,491.88351205312705,0.0
V7_20230406T090000Z_SHORT,V7_SWING_HEALTH,2023-04-06T09:00:00Z,2023-04-06T10:40:00.000Z,-4.0993055555555555,444,487.7842064975715,491.88351205312705,4.0993055555555316
2023-04-06 11:00:00|LONG|r1_h1_pullback_long_v1,R1_PULLBACK,2023-04-06T11:00:00Z,2023-04-06T12:20:30.000Z,-3.98,445,483.8042064975715,491.88351205312705,8.07930555555555
V7_20230412T081500Z_LONG,V7_SWING_HEALTH,2023-04-12T08:15:00Z,2023-04-12T10:30:00.000Z,-4.1078125,446,479.6963939975715,491.88351205312705,12.187118055555572
2023-04-14 10:15:00|LONG|r1_h1_pullback_long_v1,R1_PULLBACK,2023-04-14T10:15:00Z,2023-04-14T11:11:30.000Z,-9.360000000000001,447,470.33639399757146,491.88351205312705,21.547118055555586
2023-04-14 10:00:00|LONG|r1_h1_pullback_long_v1,R1_PULLBACK,2023-04-14T10:00:00Z,2023-04-14T12:32:45.000Z,-7.89,448,462.4463939975715,491.88351205312705,29.437118055555572
2023-04-12 04:00:00|LONG|h4_d1_long_best_box2_atr80,R1_BOX,2023-04-12T04:00:00Z,2023-04-17T14:46:45.000Z,-35.92,449,426.52639399757146,491.88351205312705,65.35711805555559
c4a6eab0c3dd027b42056ed4,R4_CHOP,2023-04-19T06:15:00.055000Z,2023-04-19T06:32:00.000Z,1.9486689597952664,450,428.47506295736673,491.88351205312705,63.40844909576032
V7_20230421T122500Z_LONG,V7_SWING_HEALTH,2023-04-21T12:25:00Z,2023-04-21T13:20:00.000Z,7.110956676876682,451,435.5860196342434,491.88351205312705,56.29749241888362
V9_BREAK_20230424T134000Z_SHORT,V57_BREAK_SWING_H4ADX_HIGH,2023-04-24T13:40:00Z,2023-04-24T14:30:00.000Z,-4.539348218196676,452,431.04667141604676,491.88351205312705,60.836840637080286
V9_BREAK_20230424T144000Z_LONG,V57_BREAK_SWING_H4ADX_HIGH,2023-04-24T14:40:00Z,2023-04-24T23:45:00.000Z,8.753825746068268,453,439.80049716211505,491.88351205312705,52.083014891012
V9_BREAK_20230425T072000Z_LONG,V57_BREAK_SWING_H4ADX_HIGH,2023-04-25T07:20:00Z,2023-04-25T07:45:00.000Z,-4.081076388888889,454,435.71942077322615,491.88351205312705,56.1640912799009
V9_BREAK_20230425T074500Z_SHORT,V57_BREAK_SWING_H4ADX_HIGH,2023-04-25T07:45:00Z,2023-04-25T11:05:00.000Z,7.985913252370748,455,443.70533402559687,491.88351205312705,48.17817802753018
V7_20230426T093000Z_SHORT,V7_SWING_HEALTH,2023-04-26T09:30:00Z,2023-04-26T11:45:00.000Z,6.3921875,456,450.09752152559685,491.88351205312705,41.7859905275302
V7_20230426T115000Z_LONG,V7_SWING_HEALTH,2023-04-26T11:50:00Z,2023-04-26T13:25:00.000Z,7.350408803424425,457,457.4479303290213,491.88351205312705,34.43558172410576
V7_20230427T083500Z_LONG,V7_SWING_HEALTH,2023-04-27T08:35:00Z,2023-04-27T10:05:00.000Z,-4.096875,458,453.3510553290213,491.88351205312705,38.53245672410577
V25_8a6616f96c9e2db69ce67476,V25_CHOP,2023-04-27T03:20:00.892000Z,2023-04-27T12:30:05.000Z,-5.833280285146527,459,447.51777504387474,491.88351205312705,44.365737009252314
V7_20230428T082500Z_LONG,V7_SWING_HEALTH,2023-04-28T08:25:00Z,2023-04-28T12:35:00.000Z,-4.200553272871592,460,443.3172217710031,491.88351205312705,48.56629028212393
V7_20230501T084000Z_LONG,V7_SWING_HEALTH,2023-05-01T08:40:00Z,2023-05-01T10:05:00.000Z,6.404340277777778,461,449.7215620487809,491.88351205312705,42.161950004346124
V9_BREAK_20230504T111000Z_LONG,V57_BREAK_SWING_H4ADX_HIGH,2023-05-04T11:10:00Z,2023-05-04T12:20:00.000Z,-4.230273697365411,462,445.4912883514155,491.88351205312705,46.39222370171154
2023-05-04 11:15:00|LONG|r1_h1_pullback_long_v1,R1_PULLBACK,2023-05-04T11:15:00Z,2023-05-04T12:31:45.000Z,-7.68,463,437.8112883514155,491.88351205312705,54.07222370171155
V9_BREAK_20230504T133000Z_SHORT,V57_BREAK_SWING_H4ADX_HIGH,2023-05-04T13:30:00Z,2023-05-04T13:40:00.000Z,-5.948310821521028,464,431.86297752989447,491.88351205312705,60.020534523232584
V7_20230505T091000Z_LONG,V7_SWING_HEALTH,2023-05-05T09:10:00Z,2023-05-05T10:45:00.000Z,-4.098090277777778,465,427.7648872521167,491.88351205312705,64.11862480101036
V9_BREAK_20230505T072500Z_SHORT,V57_BREAK_SWING_H4ADX_HIGH,2023-05-05T07:25:00Z,2023-05-05T11:55:00.000Z,6.359375,466,434.1242622521167,491.88351205312705,57.759249801010355
2023-05-04 13:45:00|LONG|r1_h1_pullback_long_v1,R1_PULLBACK,2023-05-04T13:45:00Z,2023-05-05T12:30:20.000Z,-10.24,467,423.8842622521167,491.88351205312705,67.99924980101036
2023-05-04 14:00:00|LONG|r1_h1_pullback_long_v1,R1_PULLBACK,2023-05-04T14:00:00Z,2023-05-05T12:30:20.000Z,-13.700000000000001,468,410.1842622521167,491.88351205312705,81.69924980101035
V7_20230508T083000Z_LONG,V7_SWING_HEALTH,2023-05-08T08:30:00Z,2023-05-08T13:40:00.000Z,-4.150347222222222,469,406.0339150298945,491.88351205312705,85.84959702323255
2023-05-09 13:45:00|LONG|r1_h1_pullback_long_v1,R1_PULLBACK,2023-05-09T13:45:00Z,2023-05-10T00:05:40.000Z,9.79,470,415.8239150298945,491.88351205312705,76.05959702323253
2023-05-09 14:00:00|LONG|r1_h1_pullback_long_v1,R1_PULLBACK,2023-05-09T14:00:00Z,2023-05-10T12:40:30.000Z,15.59,471,431.4139150298945,491.88351205312705,60.46959702323255
2023-05-11 13:00:00|LONG|r1_h1_pullback_long_v1,R1_PULLBACK,2023-05-11T13:00:00Z,2023-05-11T13:21:30.000Z,-10.290000000000001,472,421.1239150298945,491.88351205312705,70.75959702323257
V7_20230516T120500Z_LONG,V7_SWING_HEALTH,2023-05-16T12:05:00Z,2023-05-16T12:20:00.000Z,-4.078645833333334,473,417.04526919656115,491.88351205312705,74.8382428565659
V9_BREAK_20230518T123500Z_SHORT,V57_BREAK_SWING_H4ADX_HIGH,2023-05-18T12:35:00Z,2023-05-18T12:50:00.000Z,-4.078645833333334,474,412.9666233632278,491.88351205312705,78.91688868989922
58ee51900b2a33e5a8f723b3,R2_DOWNTREND,2023-05-19T05:00:01.216000Z,2023-05-19T06:29:15.000Z,-6.698745534746762,475,406.26787782848106,491.88351205312705,85.61563422464599
V9_BREAK_20230519T133500Z_SHORT,V57_BREAK_SWING_H4ADX_HIGH,2023-05-19T13:35:00Z,2023-05-19T15:15:00.000Z,-4.1980042860127895,476,402.06987354246826,491.88351205312705,89.81363851065879
V9_BREAK_20230519T151500Z_LONG,V57_BREAK_SWING_H4ADX_HIGH,2023-05-19T15:15:00Z,2023-05-19T15:35:00.000Z,9.033755519482122,477,411.10362906195036,491.88351205312705,80.77988299117669
V9_BREAK_20230522T020500Z_SHORT,V57_BREAK_SWING_H4ADX_HIGH,2023-05-22T02:05:00Z,2023-05-22T06:21:50.000Z,1.5759166666665956,478,412.679545728617,491.88351205312705,79.20396632451008
V7_20230522T122500Z_LONG,V7_SWING_HEALTH,2023-05-22T12:25:00Z,2023-05-22T13:30:00.000Z,-4.0907986111111105,479,408.5887471175059,491.88351205312705,83.29476493562117
V7_20230523T102000Z_LONG,V7_SWING_HEALTH,2023-05-23T10:20:00Z,2023-05-23T12:33:00.000Z,1.5654652777777698,480,410.15421239528365,491.88351205312705,81.7292996578434
V7_20230524T094500Z_SHORT,V7_SWING_HEALTH,2023-05-24T09:45:00Z,2023-05-24T11:30:00.000Z,-4.1005208333333325,481,406.0536915619503,491.88351205312705,85.82982049117675
V7_20230525T090500Z_SHORT,V7_SWING_HEALTH,2023-05-25T09:05:00Z,2023-05-25T12:35:00.000Z,6.373958333333333,482,412.42764989528365,491.88351205312705,79.4558621578434
V7_20230529T084500Z_LONG,V7_SWING_HEALTH,2023-05-29T08:45:00Z,2023-05-30T00:05:00.000Z,-4.298611111111111,483,408.12903878417256,491.88351205312705,83.75447326895448
V7_20230614T095000Z_SHORT,V7_SWING_HEALTH,2023-06-14T09:50:00Z,2023-06-14T12:40:00.000Z,-4.116319444444445,484,404.0127193397281,491.88351205312705,87.87079271339894
7a5ec692379cc086465bb84e,R2_DOWNTREND,2023-06-23T07:00:00.050000Z,2023-06-23T07:48:40.000Z,-6.1498562166208695,485,397.8628631231072,491.88351205312705,94.02064893001983
V9_BREAK_20230623T125000Z_LONG,V57_BREAK_SWING_H4ADX_HIGH,2023-06-23T12:50:00Z,2023-06-23T13:50:00.000Z,7.477979243468172,486,405.3408423665754,491.88351205312705,86.54266968655168
V9_BREAK_20230623T144500Z_SHORT,V57_BREAK_SWING_H4ADX_HIGH,2023-06-23T14:45:00Z,2023-06-25T22:00:00.000Z,-3.004996219184145,487,402.33584614739124,491.88351205312705,89.54766590573581
V7_20230629T084500Z_SHORT,V7_SWING_HEALTH,2023-06-29T08:45:00Z,2023-06-29T11:05:00.000Z,-4.1090277777777775,488,398.22681836961345,491.88351205312705,93.6566936835136
V9_BREAK_20230630T124500Z_LONG,V57_BREAK_SWING_H4ADX_HIGH,2023-06-30T12:45:00Z,2023-06-30T12:55:00.000Z,-4.586386244946178,489,393.64043212466726,491.88351205312705,98.24307992845979
V7_20230703T083000Z_LONG,V7_SWING_HEALTH,2023-07-03T08:30:00Z,2023-07-03T12:50:00.000Z,6.361805555555556,490,400.00223768022283,491.88351205312705,91.88127437290422
V7_20230711T084000Z_SHORT,V7_SWING_HEALTH,2023-07-11T08:40:00Z,2023-07-11T12:50:55.000Z,1.69514583333333,491,401.6973835135562,491.88351205312705,90.18612853957086
V7_20230712T114500Z_SHORT,V7_SWING_HEALTH,2023-07-12T11:45:00Z,2023-07-12T12:35:00.000Z,-4.087152777777778,492,397.61023073577843,491.88351205312705,94.27328131734862
V7_20230714T081000Z_SHORT,V7_SWING_HEALTH,2023-07-14T08:10:00Z,2023-07-14T12:15:00.000Z,-4.134548611111111,493,393.47568212466734,491.88351205312705,98.4078299284597
V9_BREAK_20230720T141000Z_SHORT,V57_BREAK_SWING_H4ADX_HIGH,2023-07-20T14:10:00Z,2023-07-21T08:10:00.000Z,8.04995011623567,494,401.525632240903,491.88351205312705,90.35787981222404
V7_20230724T091000Z_LONG,V7_SWING_HEALTH,2023-07-24T09:10:00Z,2023-07-24T14:25:00.000Z,-4.1515625,495,397.374069740903,491.88351205312705,94.50944231222405
2023-07-27 12:00:00|LONG|r1_h1_pullback_long_v1,R1_PULLBACK,2023-07-27T12:00:00Z,2023-07-27T12:17:20.000Z,-4.88,496,392.494069740903,491.88351205312705,99.38944231222405
2023-07-27 11:45:00|LONG|r1_h1_pullback_long_v1,R1_PULLBACK,2023-07-27T11:45:00Z,2023-07-27T12:25:30.000Z,-3.9,497,388.594069740903,491.88351205312705,103.28944231222403
2023-07-27 11:15:00|LONG|r1_h1_pullback_long_v1,R1_PULLBACK,2023-07-27T11:15:00Z,2023-07-27T12:25:40.000Z,-4.239999999999999,498,384.354069740903,491.88351205312705,107.52944231222403
2023-07-27 10:15:00|LONG|r1_h1_pullback_long_v1,R1_PULLBACK,2023-07-27T10:15:00Z,2023-07-27T12:30:30.000Z,-3.9099999999999997,499,380.444069740903,491.88351205312705,111.43944231222406
V7_20230727T095500Z_LONG,V7_SWING_HEALTH,2023-07-27T09:55:00Z,2023-07-27T12:35:00.000Z,-4.113888888888889,500,376.3301808520141,491.88351205312705,115.55333120111294
2023-07-26 08:00:00|LONG|h4_d1_long_best_box2_atr80,R1_BOX,2023-07-26T08:00:00Z,2023-07-27T13:36:25.000Z,-19.340000000000003,501,356.9901808520141,491.88351205312705,134.89333120111297
V7_20230728T082000Z_LONG,V7_SWING_HEALTH,2023-07-28T08:20:00Z,2023-07-28T11:25:00.000Z,6.380034722222223,502,363.3702155742363,491.88351205312705,128.51329647889077
V7_20230803T081000Z_SHORT,V7_SWING_HEALTH,2023-08-03T08:10:00Z,2023-08-03T12:30:10.000Z,0.040590277777750594,503,363.41080585201405,491.88351205312705,128.472706201113
V7_20230807T084500Z_LONG,V7_SWING_HEALTH,2023-08-07T08:45:00Z,2023-08-07T14:05:00.000Z,-4.152777777777778,504,359.2580280742363,491.88351205312705,132.62548397889077
V7_20230816T123500Z_LONG,V7_SWING_HEALTH,2023-08-16T12:35:00Z,2023-08-16T12:55:00.000Z,-4.079861111111111,505,355.1781669631252,491.88351205312705,136.70534509000186
a345962015f561e8f7ae7143,R2_DOWNTREND,2023-08-21T02:00:00.071000Z,2023-08-21T02:28:40.000Z,-4.8779286844703,506,350.3002382786549,491.88351205312705,141.58327377447216
1943b9262f00efb344aba4f1,R4_CHOP,2023-08-22T06:15:00.439000Z,2023-08-22T10:21:15.000Z,5.153338033588553,507,355.45357631224346,491.88351205312705,136.4299357408836
V7_20230906T080500Z_LONG,V7_SWING_HEALTH,2023-09-06T08:05:00Z,2023-09-06T14:05:00.000Z,-4.1625,508,351.29107631224343,491.88351205312705,140.59243574088362
30e896233fc12f596b72175d,R2_DOWNTREND,2023-09-07T06:00:00.019000Z,2023-09-07T10:04:25.000Z,-4.415930999234932,509,346.8751453130085,491.88351205312705,145.00836674011856
V7_20230907T084500Z_SHORT,V7_SWING_HEALTH,2023-09-07T08:45:00Z,2023-09-07T11:10:00.000Z,-4.110243055555555,510,342.76490225745295,491.88351205312705,149.1186097956741
V7_20230908T082500Z_LONG,V7_SWING_HEALTH,2023-09-08T08:25:00Z,2023-09-08T13:00:00.000Z,-4.141840277777778,511,338.6230619796752,491.88351205312705,153.26045007345186
V7_20230911T082000Z_LONG,V7_SWING_HEALTH,2023-09-11T08:20:00Z,2023-09-11T14:35:00.000Z,-4.166145833333333,512,334.4569161463418,491.88351205312705,157.42659590678522
V7_20230913T085500Z_SHORT,V7_SWING_HEALTH,2023-09-13T08:55:00Z,2023-09-13T13:35:00.000Z,-4.143055555555556,513,330.31386059078625,491.88351205312705,161.5696514623408
V7_20230914T125500Z_LONG,V7_SWING_HEALTH,2023-09-14T12:55:00Z,2023-09-14T14:00:00.000Z,-4.359077227606369,514,325.9547833631799,491.88351205312705,165.92872868994715
73164e17f1f7ca47d2d7243a,R4_CHOP,2023-09-18T22:20:06.248000Z,2023-09-19T04:43:20.000Z,-3.2021160678696003,515,322.7526672953103,491.88351205312705,169.13084475781676
V7_20230919T094500Z_SHORT,V7_SWING_HEALTH,2023-09-19T09:45:00Z,2023-09-20T09:58:10.000Z,1.6896666666666689,516,324.44233396197694,491.88351205312705,167.4411780911501
V7_20230926T084500Z_SHORT,V7_SWING_HEALTH,2023-09-26T08:45:00Z,2023-09-26T12:40:00.000Z,6.367881944444445,517,330.8102159064214,491.88351205312705,161.07329614670567
V9_BREAK_20230928T144000Z_SHORT,V57_BREAK_SWING_H4ADX_HIGH,2023-09-28T14:40:00Z,2023-09-28T15:20:00.000Z,8.80442896003933,518,339.6146448664607,491.88351205312705,152.26886718666634
f495a94e563cb38d4760d221,R2_DOWNTREND,2023-09-28T15:00:00.015000Z,2023-09-29T07:06:35.000Z,-6.899287430879951,519,332.71535743558076,491.88351205312705,159.1681546175463
V9_BREAK_20230929T130500Z_LONG,V57_BREAK_SWING_H4ADX_HIGH,2023-09-29T13:05:00Z,2023-09-29T13:50:00.000Z,-4.0859375,520,328.62941993558076,491.88351205312705,163.2540921175463
V9_BREAK_20230929T135000Z_SHORT,V57_BREAK_SWING_H4ADX_HIGH,2023-09-29T13:50:00Z,2023-09-29T14:10:00.000Z,8.280007189807387,521,336.90942712538816,491.88351205312705,154.9740849277389
V9_BREAK_20231002T141500Z_SHORT,V57_BREAK_SWING_H4ADX_HIGH,2023-10-02T14:15:00Z,2023-10-02T15:25:00.000Z,-5.964814663279436,522,330.94461246210875,491.88351205312705,160.9388995910183
V9_BREAK_20231002T152500Z_LONG,V57_BREAK_SWING_H4ADX_HIGH,2023-10-02T15:25:00Z,2023-10-02T20:05:00.000Z,-5.851777772538971,523,325.09283468956977,491.88351205312705,166.79067736355728
V9_BREAK_20231003T133000Z_SHORT,V57_BREAK_SWING_H4ADX_HIGH,2023-10-03T13:30:00Z,2023-10-03T13:40:00.000Z,-4.077430555555556,524,321.0154041340142,491.88351205312705,170.86810791911284
00a2cf896a4c66415ecfec44,R2_DOWNTREND,2023-10-03T13:00:00.097000Z,2023-10-03T13:44:30.000Z,-6.99322773318211,525,314.0221764008321,491.88351205312705,177.86133565229494
V9_BREAK_20231003T134500Z_LONG,V57_BREAK_SWING_H4ADX_HIGH,2023-10-03T13:45:00Z,2023-10-03T13:50:00.000Z,-4.705994661930654,526,309.31618173890143,491.88351205312705,182.56733031422561
2023-10-31 10:00:00|LONG|r1_h1_pullback_long_v1,R1_PULLBACK,2023-10-31T10:00:00Z,2023-10-31T11:55:40.000Z,-4.359999999999999,527,304.9561817389014,491.88351205312705,186.92733031422563
2023-10-31 09:45:00|LONG|r1_h1_pullback_long_v1,R1_PULLBACK,2023-10-31T09:45:00Z,2023-10-31T11:58:35.000Z,-3.9,528,301.05618173890144,491.88351205312705,190.8273303142256
2023-10-31 13:00:00|LONG|r1_h1_pullback_long_v1,R1_PULLBACK,2023-10-31T13:00:00Z,2023-10-31T14:12:30.000Z,-8.98,529,292.0761817389014,491.88351205312705,199.80733031422562
2023-10-31 13:15:00|LONG|r1_h1_pullback_long_v1,R1_PULLBACK,2023-10-31T13:15:00Z,2023-10-31T14:12:30.000Z,-12.040000000000001,530,280.0361817389014,491.88351205312705,211.84733031422564
2023-11-03 14:00:00|LONG|r1_h1_pullback_long_v1,R1_PULLBACK,2023-11-03T14:00:00Z,2023-11-06T02:23:20.000Z,-8.56,531,271.4761817389014,491.88351205312705,220.40733031422565
85ceb8585b06c334e63a7606,R4_CHOP,2023-11-06T23:30:17.496000Z,2023-11-07T07:03:05.000Z,6.246512668479859,532,277.72269440738125,491.88351205312705,214.1608176457458
2bc24d9b486f98949276ed16,R4_CHOP,2023-11-08T01:15:00.085000Z,2023-11-08T10:20:10.000Z,6.344760098215023,533,284.0674545055963,491.88351205312705,207.81605754753076
a6677d63c7afc2d257d723ac,R2_DOWNTREND,2023-11-13T09:00:05.057000Z,2023-11-13T16:19:00.000Z,-6.18682443344585,534,277.88063007215044,491.88351205312705,214.0028819809766
2023-11-28 09:00:00|LONG|r1_h1_pullback_long_v1,R1_PULLBACK,2023-11-28T09:00:00Z,2023-11-28T12:14:30.000Z,-3.9099999999999997,535,273.9706300721504,491.88351205312705,217.91288198097664
2023-11-28 10:15:00|LONG|r1_h1_pullback_long_v1,R1_PULLBACK,2023-11-28T10:15:00Z,2023-11-28T12:15:20.000Z,-3.9,536,270.07063007215044,491.88351205312705,221.8128819809766
2023-11-28 10:00:00|LONG|r1_h1_pullback_long_v1,R1_PULLBACK,2023-11-28T10:00:00Z,2023-11-28T13:00:20.000Z,6.62,537,276.69063007215044,491.88351205312705,215.1928819809766
2023-11-21 04:00:00|LONG|h4_d1_long_best_box2_atr80,R1_BOX,2023-11-21T04:00:00Z,2023-11-28T23:42:30.000Z,53.050000000000004,538,329.74063007215045,491.88351205312705,162.1428819809766
2023-11-29 12:30:00|LONG|r1_h1_pullback_long_v1,R1_PULLBACK,2023-11-29T12:30:00Z,2023-11-29T12:38:05.000Z,-3.9099999999999997,539,325.8306300721504,491.88351205312705,166.05288198097662
V9_BREAK_20231129T124000Z_SHORT,V57_BREAK_SWING_H4ADX_HIGH,2023-11-29T12:40:00Z,2023-11-29T14:40:00.000Z,-4.104166666666667,540,321.72646340548374,491.88351205312705,170.1570486476433
2023-11-29 11:00:00|LONG|r1_h1_pullback_long_v1,R1_PULLBACK,2023-11-29T11:00:00Z,2023-11-29T15:10:40.000Z,1.8799999999999453,541,323.6064634054837,491.88351205312705,168.27704864764337
V7_20231130T125500Z_SHORT,V7_SWING_HEALTH,2023-11-30T12:55:00Z,2023-11-30T13:20:00.000Z,-4.081076388888889,542,319.5253870165948,491.88351205312705,172.35812503653227
V7_20231130T152500Z_LONG,V7_SWING_HEALTH,2023-11-30T15:25:00Z,2023-12-01T09:30:00.000Z,10.037195117675262,543,329.56258213427003,491.88351205312705,162.32092991885702
V9_BREAK_20231201T135000Z_LONG,V57_BREAK_SWING_H4ADX_HIGH,2023-12-01T13:50:00Z,2023-12-01T15:05:00.000Z,6.406770833333333,544,335.96935296760336,491.88351205312705,155.9141590855237
2023-12-01 16:00:00|LONG|h4_d1_long_best_box2_atr80,R1_BOX,2023-12-01T16:00:00Z,2023-12-03T22:23:40.000Z,56.49,545,392.45935296760337,491.88351205312705,99.42415908552368
03d718e7e778b62005e869fe,R2_DOWNTREND,2023-12-12T02:00:00.082000Z,2023-12-12T13:13:00.000Z,-8.72521632784668,546,383.7341366397567,491.88351205312705,108.14937541337036
V7_20231212T133500Z_SHORT,V7_SWING_HEALTH,2023-12-12T13:35:00Z,2023-12-12T17:10:00.000Z,8.50418304336365,547,392.2383196831203,491.88351205312705,99.64519237000673
559d0c88621ce87d023281d0,R2_DOWNTREND,2023-12-13T02:00:00.858000Z,2023-12-13T13:30:05.000Z,-6.5889604198852805,548,385.64935926323506,491.88351205312705,106.234152789892
V9_BREAK_20231215T124000Z_SHORT,V57_BREAK_SWING_H4ADX_HIGH,2023-12-15T12:40:00Z,2023-12-15T13:35:00.000Z,6.411631944444444,549,392.0609912076795,491.88351205312705,99.82252084544757
V9_BREAK_20231215T142000Z_LONG,V57_BREAK_SWING_H4ADX_HIGH,2023-12-15T14:20:00Z,2023-12-15T18:20:00.000Z,-6.676516568702251,550,385.3844746389772,491.88351205312705,106.49903741414983
V7_20231218T104500Z_LONG,V7_SWING_HEALTH,2023-12-18T10:45:00Z,2023-12-18T14:19:45.000Z,1.6217013888890706,551,387.0061760278663,491.88351205312705,104.87733602526077
2023-12-19 10:00:00|LONG|r1_h1_pullback_long_v1,R1_PULLBACK,2023-12-19T10:00:00Z,2023-12-19T13:35:40.000Z,6.6000000000000005,552,393.6061760278663,491.88351205312705,98.27733602526075
2023-12-19 10:15:00|LONG|r1_h1_pullback_long_v1,R1_PULLBACK,2023-12-19T10:15:00Z,2023-12-19T13:37:25.000Z,6.6000000000000005,553,400.2061760278663,491.88351205312705,91.67733602526073
2023-12-19 12:00:00|LONG|r1_h1_pullback_long_v1,R1_PULLBACK,2023-12-19T12:00:00Z,2023-12-19T13:45:35.000Z,7.5600000000000005,554,407.7661760278663,491.88351205312705,84.11733602526073
2023-12-19 11:15:00|LONG|r1_h1_pullback_long_v1,R1_PULLBACK,2023-12-19T11:15:00Z,2023-12-19T13:46:35.000Z,9.219999999999999,555,416.98617602786635,491.88351205312705,74.8973360252607
2023-12-19 12:15:00|LONG|r1_h1_pullback_long_v1,R1_PULLBACK,2023-12-19T12:15:00Z,2023-12-19T13:48:35.000Z,9.81,556,426.79617602786635,491.88351205312705,65.0873360252607
2023-12-19 13:15:00|LONG|r1_h1_pullback_long_v1,R1_PULLBACK,2023-12-19T13:15:00Z,2023-12-19T13:48:45.000Z,9.51,557,436.30617602786634,491.88351205312705,55.577336025260706
V7_20231219T162000Z_SHORT,V7_SWING_HEALTH,2023-12-19T16:20:00Z,2023-12-19T18:15:00.000Z,7.629384719207576,558,443.9355607470739,491.88351205312705,47.94795130605314
V7_20231220T124000Z_SHORT,V7_SWING_HEALTH,2023-12-20T12:40:00Z,2023-12-20T14:05:00.000Z,-4.095659722222222,559,439.8399010248517,491.88351205312705,52.043611028275336
2023-12-21 14:30:00|LONG|r1_h1_pullback_long_v1,R1_PULLBACK,2023-12-21T14:30:00Z,2023-12-21T22:42:20.000Z,10.0,560,449.8399010248517,491.88351205312705,42.043611028275336
V7_20231221T153000Z_LONG,V7_SWING_HEALTH,2023-12-21T15:30:00Z,2023-12-21T23:45:00.000Z,9.82049633811852,561,459.66039736297023,491.88351205312705,32.22311469015682
V7_20231222T025500Z_SHORT,V7_SWING_HEALTH,2023-12-22T02:55:00Z,2023-12-22T09:15:00.000Z,-4.167361111111111,562,455.4930362518591,491.88351205312705,36.39047580126794
2023-12-21 12:45:00|LONG|r1_h1_pullback_long_v1,R1_PULLBACK,2023-12-21T12:45:00Z,2023-12-22T12:00:05.000Z,22.369999999999997,563,477.8630362518591,491.88351205312705,14.020475801267935
2023-12-22 12:00:00|LONG|h4_d1_long_best_box2_atr80,R1_BOX,2023-12-22T12:00:00Z,2023-12-22T12:00:05.000Z,-0.5999999999997868,564,477.2630362518593,491.88351205312705,14.62047580126773
V9_BREAK_20231226T134000Z_SHORT,V57_BREAK_SWING_H4ADX_HIGH,2023-12-26T13:40:00Z,2023-12-26T15:06:55.000Z,1.644131944444608,565,478.9071681963039,491.88351205312705,12.97634385682312
2023-12-27 10:15:00|LONG|r1_h1_pullback_long_v1,R1_PULLBACK,2023-12-27T10:15:00Z,2023-12-27T14:28:45.000Z,9.959999999999999,566,488.8671681963039,491.88351205312705,3.0163438568231413
V7_20231227T090000Z_SHORT,V7_SWING_HEALTH,2023-12-27T09:00:00Z,2023-12-27T14:35:00.000Z,-4.156423611111111,567,484.7107445851928,491.88351205312705,7.17276746793425
2023-12-27 11:30:00|LONG|r1_h1_pullback_long_v1,R1_PULLBACK,2023-12-27T11:30:00Z,2023-12-27T14:36:45.000Z,9.59,568,494.3007445851928,494.3007445851928,0.0
2023-12-27 14:00:00|LONG|r1_h1_pullback_long_v1,R1_PULLBACK,2023-12-27T14:00:00Z,2023-12-27T14:38:45.000Z,9.45,569,503.75074458519276,503.75074458519276,0.0
2023-12-27 10:30:00|LONG|r1_h1_pullback_long_v1,R1_PULLBACK,2023-12-27T10:30:00Z,2023-12-27T14:39:25.000Z,12.59,570,516.3407445851927,516.3407445851927,0.0
V9_BREAK_20231227T133500Z_LONG,V57_BREAK_SWING_H4ADX_HIGH,2023-12-27T13:35:00Z,2023-12-27T15:25:00.000Z,6.398263888888889,571,522.7390084740816,522.7390084740816,0.0
2023-12-27 14:15:00|LONG|r1_h1_pullback_long_v1,R1_PULLBACK,2023-12-27T14:15:00Z,2023-12-28T00:54:20.000Z,12.81,572,535.5490084740816,535.5490084740816,0.0
V9_BREAK_20231228T073000Z_SHORT,V57_BREAK_SWING_H4ADX_HIGH,2023-12-28T07:30:00Z,2023-12-28T08:30:00.000Z,6.410416666666667,573,541.9594251407483,541.9594251407483,0.0
2023-12-27 14:30:00|LONG|r1_h1_pullback_long_v1,R1_PULLBACK,2023-12-27T14:30:00Z,2023-12-28T09:09:35.000Z,5.510000000000108,574,547.4694251407484,547.4694251407484,0.0
V7_20240102T101500Z_SHORT,V7_SWING_HEALTH,2024-01-02T10:15:00Z,2024-01-02T12:05:00.000Z,6.398263888888889,575,553.8676890296373,553.8676890296373,0.0
V7_20240103T131000Z_SHORT,V7_SWING_HEALTH,2024-01-03T13:10:00Z,2024-01-03T14:15:00.000Z,7.751178170104928,576,561.6188671997422,561.6188671997422,0.0
V7_20240108T140000Z_LONG,V7_SWING_HEALTH,2024-01-08T14:00:00Z,2024-01-08T15:10:00.000Z,8.64833611514561,577,570.2672033148879,570.2672033148879,0.0
V7_20240108T161000Z_SHORT,V7_SWING_HEALTH,2024-01-08T16:10:00Z,2024-01-09T00:08:50.000Z,2.3786242636189896,578,572.6458275785069,572.6458275785069,0.0
V7_20240112T032000Z_SHORT,V7_SWING_HEALTH,2024-01-12T03:20:00Z,2024-01-12T07:30:00.000Z,-4.135763888888889,579,568.510063689618,572.6458275785069,4.135763888888846
6e9e4dd6836c35e92b6c8c68,R4_CHOP,2024-01-12T07:30:00.086000Z,2024-01-12T12:03:05.000Z,8.45956069438037,580,576.9696243839984,576.9696243839984,0.0
V7_20240116T124000Z_LONG,V7_SWING_HEALTH,2024-01-16T12:40:00Z,2024-01-16T13:15:00.000Z,-4.083506944444444,581,572.8861174395539,576.9696243839984,4.08350694444448
V7_20240117T163000Z_SHORT,V7_SWING_HEALTH,2024-01-17T16:30:00Z,2024-01-18T07:10:00.000Z,-5.524192170355648,582,567.3619252691983,576.9696243839984,9.607699114800084
V7_20240118T122500Z_SHORT,V7_SWING_HEALTH,2024-01-18T12:25:00Z,2024-01-18T13:35:00.000Z,6.407986111111112,583,573.7699113803094,576.9696243839984,3.1997130036889985
V7_20240119T025000Z_SHORT,V7_SWING_HEALTH,2024-01-19T02:50:00Z,2024-01-19T07:40:00.000Z,-4.1454861111111105,584,569.6244252691982,576.9696243839984,7.3451991148001525
V7_20240119T093000Z_SHORT,V7_SWING_HEALTH,2024-01-19T09:30:00Z,2024-01-19T12:05:00.000Z,-4.112673611111111,585,565.5117516580872,576.9696243839984,11.457872725911216
V7_20240122T110500Z_SHORT,V7_SWING_HEALTH,2024-01-22T11:05:00Z,2024-01-22T12:00:00.000Z,-4.088368055555556,586,561.4233836025317,576.9696243839984,15.546240781466736
V9_BREAK_20240131T133500Z_LONG,V57_BREAK_SWING_H4ADX_HIGH,2024-01-31T13:35:00Z,2024-01-31T14:40:00.000Z,6.4092013888888895,587,567.8325849914205,576.9696243839984,9.13703939257789
V7_20240131T151000Z_SHORT,V7_SWING_HEALTH,2024-01-31T15:10:00Z,2024-01-31T19:05:00.000Z,9.84998682401205,588,577.6825718154325,577.6825718154325,0.0
V9_BREAK_20240201T123500Z_LONG,V57_BREAK_SWING_H4ADX_HIGH,2024-02-01T12:35:00Z,2024-02-01T13:40:00.000Z,6.4092013888888895,589,584.0917732043214,584.0917732043214,0.0
V9_BREAK_20240201T150500Z_LONG,V57_BREAK_SWING_H4ADX_HIGH,2024-02-01T15:05:00Z,2024-02-01T16:15:00.000Z,11.6242199534143,590,595.7159931577357,595.7159931577357,0.0
2024-02-02 11:00:00|LONG|r1_h1_pullback_long_v1,R1_PULLBACK,2024-02-02T11:00:00Z,2024-02-02T12:25:20.000Z,-4.02,591,591.6959931577358,595.7159931577357,4.019999999999982
2024-02-02 12:15:00|LONG|r1_h1_pullback_long_v1,R1_PULLBACK,2024-02-02T12:15:00Z,2024-02-02T12:25:20.000Z,-4.13,592,587.5659931577358,595.7159931577357,8.149999999999977
2024-02-02 09:30:00|LONG|r1_h1_pullback_long_v1,R1_PULLBACK,2024-02-02T09:30:00Z,2024-02-02T12:29:35.000Z,-4.199999999999999,593,583.3659931577357,595.7159931577357,12.350000000000023
2024-02-02 10:30:00|LONG|r1_h1_pullback_long_v1,R1_PULLBACK,2024-02-02T10:30:00Z,2024-02-02T12:29:35.000Z,-3.98,594,579.3859931577357,595.7159931577357,16.33000000000004
2024-02-02 10:00:00|LONG|r1_h1_pullback_long_v1,R1_PULLBACK,2024-02-02T10:00:00Z,2024-02-02T12:30:20.000Z,-3.9099999999999997,595,575.4759931577357,595.7159931577357,20.24000000000001
V7_20240202T081500Z_SHORT,V7_SWING_HEALTH,2024-02-02T08:15:00Z,2024-02-02T13:35:00.000Z,6.347222222222222,596,581.8232153799579,595.7159931577357,13.892777777777837
V9_BREAK_20240202T123500Z_SHORT,V57_BREAK_SWING_H4ADX_HIGH,2024-02-02T12:35:00Z,2024-02-02T13:35:00.000Z,6.410416666666667,597,588.2336320466246,595.7159931577357,7.482361111111118
V9_BREAK_20240205T125500Z_SHORT,V57_BREAK_SWING_H4ADX_HIGH,2024-02-05T12:55:00Z,2024-02-05T13:55:00.000Z,6.410416666666667,598,594.6440487132913,595.7159931577357,1.071944444444398
V9_BREAK_20240205T153500Z_LONG,V57_BREAK_SWING_H4ADX_HIGH,2024-02-05T15:35:00Z,2024-02-06T08:57:40.000Z,2.4915336187199038,599,597.1355823320113,597.1355823320113,0.0
V7_20240207T050000Z_SHORT,V7_SWING_HEALTH,2024-02-07T05:00:00Z,2024-02-07T14:45:00.000Z,-4.2171875,600,592.9183948320112,597.1355823320113,4.217187500000023
V9_BREAK_20240215T133500Z_LONG,V57_BREAK_SWING_H4ADX_HIGH,2024-02-15T13:35:00Z,2024-02-15T13:45:00.000Z,6.451226948243433,601,599.3696217802546,599.3696217802546,0.0
V9_BREAK_20240216T141500Z_LONG,V57_BREAK_SWING_H4ADX_HIGH,2024-02-16T14:15:00Z,2024-02-16T15:40:00.000Z,8.364602787306882,602,607.7342245675616,607.7342245675616,0.0
0b8d13e41ecd57ac6d52fa42,R4_CHOP,2024-02-19T23:50:03.638000Z,2024-02-20T07:22:15.000Z,5.170253833445036,603,612.9044784010066,612.9044784010066,0.0
V7_20240223T185000Z_SHORT,V7_SWING_HEALTH,2024-02-23T18:50:00Z,2024-02-25T23:00:00.000Z,3.4142361111111112,604,616.3187145121177,616.3187145121177,0.0
V7_20240227T122000Z_SHORT,V7_SWING_HEALTH,2024-02-27T12:20:00Z,2024-02-27T17:20:00.000Z,6.352083333333333,605,622.670797845451,622.670797845451,0.0
2c280022ad371b9c887a5baa,R3_COMPRESSION,2024-02-28T07:00:00.457000Z,2024-02-28T13:14:10.000Z,-3.7627445880117936,606,618.9080532574393,622.670797845451,3.762744588011742
V7_20240229T123500Z_LONG,V7_SWING_HEALTH,2024-02-29T12:35:00Z,2024-02-29T13:35:00.000Z,6.410416666666667,607,625.318469924106,625.318469924106,0.0
060e90305ed0741c214b7a1d,R3_COMPRESSION,2024-02-29T14:00:00.085000Z,2024-02-29T17:32:40.000Z,-5.3001014089326635,608,620.0183685151734,625.318469924106,5.300101408932619
V7_20240229T153000Z_SHORT,V7_SWING_HEALTH,2024-02-29T15:30:00Z,2024-03-01T08:45:00.000Z,7.835758757104458,609,627.8541272722779,627.8541272722779,0.0
e88cb070d181d516fe28d15c,R3_COMPRESSION,2024-03-01T09:00:00.058000Z,2024-03-01T09:09:15.000Z,-3.5622062931540137,610,624.2919209791239,627.8541272722779,3.562206293153963
V7_20240301T132000Z_LONG,V7_SWING_HEALTH,2024-03-01T13:20:00Z,2024-03-01T14:50:00.000Z,-4.096875,611,620.195045979124,627.8541272722779,7.659081293153918
2024-03-01 09:15:00|LONG|r1_h1_pullback_long_v1,R1_PULLBACK,2024-03-01T09:15:00Z,2024-03-01T14:52:55.000Z,20.499999999999996,612,640.695045979124,640.695045979124,0.0
2024-03-01 09:30:00|LONG|r1_h1_pullback_long_v1,R1_PULLBACK,2024-03-01T09:30:00Z,2024-03-01T15:11:45.000Z,22.979999999999997,613,663.675045979124,663.675045979124,0.0
V7_20240301T145000Z_LONG,V7_SWING_HEALTH,2024-03-01T14:50:00Z,2024-03-01T15:20:00.000Z,7.6033919414792654,614,671.2784379206032,671.2784379206032,0.0
2024-03-01 09:45:00|LONG|r1_h1_pullback_long_v1,R1_PULLBACK,2024-03-01T09:45:00Z,2024-03-01T15:21:30.000Z,21.839999999999996,615,693.1184379206032,693.1184379206032,0.0
2024-03-01 10:00:00|LONG|r1_h1_pullback_long_v1,R1_PULLBACK,2024-03-01T10:00:00Z,2024-03-01T15:39:55.000Z,23.549999999999997,616,716.6684379206032,716.6684379206032,0.0
59754228ca7cb203acd73486,R3_COMPRESSION,2024-03-01T16:00:00.156000Z,2024-03-03T23:00:05.000Z,10.856045400625186,617,727.5244833212283,727.5244833212283,0.0
V9_BREAK_20240304T125500Z_LONG,V57_BREAK_SWING_H4ADX_HIGH,2024-03-04T12:55:00Z,2024-03-04T14:00:00.000Z,6.4092013888888895,618,733.9336847101172,733.9336847101172,0.0
V9_BREAK_20240304T145000Z_LONG,V57_BREAK_SWING_H4ADX_HIGH,2024-03-04T14:50:00Z,2024-03-04T16:05:00.000Z,9.114932205022237,619,743.0486169151394,743.0486169151394,0.0
2024-03-04 14:00:00|LONG|r1_h1_pullback_long_v1,R1_PULLBACK,2024-03-04T14:00:00Z,2024-03-05T12:35:40.000Z,39.96,620,783.0086169151394,783.0086169151394,0.0
V9_BREAK_20240305T083000Z_LONG,V57_BREAK_SWING_H4ADX_HIGH,2024-03-05T08:30:00Z,2024-03-05T12:35:40.000Z,0.5669444444444803,621,783.575561359584,783.575561359584,0.0
2024-03-06 10:15:00|LONG|r1_h1_pullback_long_v1,R1_PULLBACK,2024-03-06T10:15:00Z,2024-03-06T11:54:40.000Z,6.61,622,790.185561359584,790.185561359584,0.0
2024-03-06 09:30:00|LONG|r1_h1_pullback_long_v1,R1_PULLBACK,2024-03-06T09:30:00Z,2024-03-06T11:55:40.000Z,6.6000000000000005,623,796.785561359584,796.785561359584,0.0
2024-03-06 10:30:00|LONG|r1_h1_pullback_long_v1,R1_PULLBACK,2024-03-06T10:30:00Z,2024-03-06T12:20:30.000Z,7.57,624,804.355561359584,804.355561359584,0.0
2024-03-06 09:00:00|LONG|r1_h1_pullback_long_v1,R1_PULLBACK,2024-03-06T09:00:00Z,2024-03-06T12:56:40.000Z,9.719999999999999,625,814.0755613595841,814.0755613595841,0.0
2024-03-06 10:45:00|LONG|r1_h1_pullback_long_v1,R1_PULLBACK,2024-03-06T10:45:00Z,2024-03-06T13:33:45.000Z,12.82,626,826.8955613595841,826.8955613595841,0.0
2024-03-06 12:00:00|LONG|r1_h1_pullback_long_v1,R1_PULLBACK,2024-03-06T12:00:00Z,2024-03-06T13:48:45.000Z,13.79,627,840.6855613595841,840.6855613595841,0.0
V9_BREAK_20240306T122500Z_LONG,V57_BREAK_SWING_H4ADX_HIGH,2024-03-06T12:25:00Z,2024-03-06T14:00:00.000Z,6.401909722222222,628,847.0874710818063,847.0874710818063,0.0
2024-03-06 11:00:00|LONG|r1_h1_pullback_long_v1,R1_PULLBACK,2024-03-06T11:00:00Z,2024-03-06T15:57:40.000Z,16.509999999999998,629,863.5974710818062,863.5974710818062,0.0
2024-03-06 11:30:00|LONG|r1_h1_pullback_long_v1,R1_PULLBACK,2024-03-06T11:30:00Z,2024-03-06T16:03:40.000Z,16.279999999999998,630,879.8774710818062,879.8774710818062,0.0
V9_BREAK_20240306T151500Z_LONG,V57_BREAK_SWING_H4ADX_HIGH,2024-03-06T15:15:00Z,2024-03-06T16:03:40.000Z,-0.7237318659132748,631,879.153739215893,879.8774710818062,0.723731865913237
V9_BREAK_20240307T073500Z_LONG,V57_BREAK_SWING_H4ADX_HIGH,2024-03-07T07:35:00Z,2024-03-07T07:50:00.000Z,-4.078645833333334,632,875.0750933825597,879.8774710818062,4.802377699246563
V9_BREAK_20240307T130500Z_SHORT,V57_BREAK_SWING_H4ADX_HIGH,2024-03-07T13:05:00Z,2024-03-07T13:10:00.000Z,-4.076215277777778,633,870.9988781047819,879.8774710818062,8.878592977024368
2024-03-07 14:00:00|LONG|r1_h1_pullback_long_v1,R1_PULLBACK,2024-03-07T14:00:00Z,2024-03-08T07:30:40.000Z,13.62,634,884.6188781047819,884.6188781047819,0.0
V7_20240308T093000Z_SHORT,V7_SWING_HEALTH,2024-03-08T09:30:00Z,2024-03-08T10:00:00.000Z,-4.082291666666666,635,880.5365864381151,884.6188781047819,4.08229166666672
2024-03-07 14:45:00|LONG|r1_h1_pullback_long_v1,R1_PULLBACK,2024-03-07T14:45:00Z,2024-03-08T12:30:45.000Z,16.54,636,897.0765864381151,897.0765864381151,0.0
2024-03-07 14:15:00|LONG|r1_h1_pullback_long_v1,R1_PULLBACK,2024-03-07T14:15:00Z,2024-03-08T12:31:40.000Z,20.339999999999996,637,917.4165864381151,917.4165864381151,0.0
V7_20240308T103500Z_SHORT,V7_SWING_HEALTH,2024-03-08T10:35:00Z,2024-03-08T12:31:40.000Z,1.0012500000003448,638,918.4178364381155,918.4178364381155,0.0
V7_20240312T081500Z_SHORT,V7_SWING_HEALTH,2024-03-12T08:15:00Z,2024-03-12T12:20:00.000Z,6.365451388888889,639,924.7832878270044,924.7832878270044,0.0
V7_20240312T124000Z_SHORT,V7_SWING_HEALTH,2024-03-12T12:40:00Z,2024-03-12T13:05:00.000Z,12.729111493165759,640,937.5123993201702,937.5123993201702,0.0
V9_BREAK_20240313T161500Z_LONG,V57_BREAK_SWING_H4ADX_HIGH,2024-03-13T16:15:00Z,2024-03-13T17:15:00.000Z,6.410416666666667,641,943.9228159868369,943.9228159868369,0.0
V7_20240314T101500Z_SHORT,V7_SWING_HEALTH,2024-03-14T10:15:00Z,2024-03-14T12:35:00.000Z,6.3909722222222225,642,950.3137882090591,950.3137882090591,0.0
V9_BREAK_20240314T142000Z_SHORT,V57_BREAK_SWING_H4ADX_HIGH,2024-03-14T14:20:00Z,2024-03-15T01:20:00.000Z,-6.336382327253282,643,943.9774058818058,950.3137882090591,6.336382327253318
V9_BREAK_20240315T135500Z_LONG,V57_BREAK_SWING_H4ADX_HIGH,2024-03-15T13:55:00Z,2024-03-15T17:35:00.000Z,-5.162351214546773,644,938.815054667259,950.3137882090591,11.498733541800107
V7_20240315T145000Z_SHORT,V7_SWING_HEALTH,2024-03-15T14:50:00Z,2024-03-17T22:00:00.000Z,6.2516103435794275,645,945.0666650108384,950.3137882090591,5.24712319822072
V7_20240318T001000Z_SHORT,V7_SWING_HEALTH,2024-03-18T00:10:00Z,2024-03-18T02:50:00.000Z,6.386111111111111,646,951.4527761219495,951.4527761219495,0.0
V7_20240318T115500Z_SHORT,V7_SWING_HEALTH,2024-03-18T11:55:00Z,2024-03-18T12:40:00.000Z,-4.0859375,647,947.3668386219495,951.4527761219495,4.0859375
V7_20240319T124500Z_SHORT,V7_SWING_HEALTH,2024-03-19T12:45:00Z,2024-03-19T14:10:00.000Z,6.769219804366457,648,954.1360584263159,954.1360584263159,0.0
V7_20240320T035500Z_SHORT,V7_SWING_HEALTH,2024-03-20T03:55:00Z,2024-03-20T12:40:00.000Z,6.297395833333333,649,960.4334542596492,960.4334542596492,0.0
V7_20240320T125000Z_LONG,V7_SWING_HEALTH,2024-03-20T12:50:00Z,2024-03-20T14:05:00.000Z,6.406770833333333,650,966.8402250929826,966.8402250929826,0.0
6d0d6352629aeef57bcd34e6,R4_CHOP,2024-03-21T00:00:00.079000Z,2024-03-21T00:27:25.000Z,-8.890629480708993,651,957.9495956122736,966.8402250929826,8.89062948070898
959df17861ed964d6e9de2dc,R4_CHOP,2024-03-21T01:30:00.078000Z,2024-03-21T13:30:05.000Z,-2.4604730968352766,652,955.4891225154383,966.8402250929826,11.351102577544225
73b089cb042c772501b2a20a,R4_CHOP,2024-03-26T08:30:01.027000Z,2024-03-26T09:27:20.000Z,6.863966014801572,653,962.3530885302399,966.8402250929826,4.4871365627426485
V7_20240328T074000Z_LONG,V7_SWING_HEALTH,2024-03-28T07:40:00Z,2024-03-28T08:05:00.000Z,-4.081076388888889,654,958.2720121413511,966.8402250929826,8.568212951631494
V7_20240328T085500Z_SHORT,V7_SWING_HEALTH,2024-03-28T08:55:00Z,2024-03-28T10:20:00.000Z,-4.095659722222222,655,954.1763524191289,966.8402250929826,12.663872673853689
2024-03-27 13:00:00|LONG|r1_h1_pullback_long_v1,R1_PULLBACK,2024-03-27T13:00:00Z,2024-03-28T11:07:35.000Z,21.159999999999997,656,975.3363524191288,975.3363524191288,0.0
2024-03-27 10:00:00|LONG|r1_h1_pullback_long_v1,R1_PULLBACK,2024-03-27T10:00:00Z,2024-03-28T15:38:30.000Z,29.819999999999997,657,1005.1563524191289,1005.1563524191289,0.0
V9_BREAK_20240401T001000Z_LONG,V57_BREAK_SWING_H4ADX_HIGH,2024-04-01T00:10:00Z,2024-04-01T03:40:00.000Z,10.206925580954122,658,1015.363278000083,1015.363278000083,0.0
V9_BREAK_20240401T034000Z_LONG,V57_BREAK_SWING_H4ADX_HIGH,2024-04-01T03:40:00Z,2024-04-01T04:45:00.000Z,-5.000307737894622,659,1010.3629702621884,1015.363278000083,5.000307737894673
V9_BREAK_20240404T143000Z_LONG,V57_BREAK_SWING_H4ADX_HIGH,2024-04-04T14:30:00Z,2024-04-04T15:40:00.000Z,-7.2877492105611426,660,1003.0752210516272,1015.363278000083,12.288056948455846
V9_BREAK_20240404T164000Z_SHORT,V57_BREAK_SWING_H4ADX_HIGH,2024-04-04T16:40:00Z,2024-04-04T17:50:00.000Z,-5.165217426037733,661,997.9100036255894,1015.363278000083,17.453274374493617
82004a24de100c63d9588ee5,R4_CHOP,2024-04-19T02:00:00.090000Z,2024-04-19T02:40:30.000Z,-9.942413996482172,662,987.9675896291072,1015.363278000083,27.39568837097579
V25_998ee530e82d49db1a3c4991,V25_CHOP,2024-04-19T03:05:00.036000Z,2024-04-19T03:17:20.000Z,-10.856076352553815,663,977.1115132765534,1015.363278000083,38.25176472352962
V7_20240430T082500Z_LONG,V7_SWING_HEALTH,2024-04-30T08:25:00Z,2024-04-30T08:30:00.000Z,-4.225284449935052,664,972.8862288266183,1015.363278000083,42.47704917346471
V7_20240506T130000Z_SHORT,V7_SWING_HEALTH,2024-05-06T13:00:00Z,2024-05-06T13:00:05.000Z,-1.6237088415743348,665,971.262519985044,1015.363278000083,44.10075801503899
edb99749e7b2dde4a38b6fc3,R4_CHOP,2024-05-06T07:30:00.094000Z,2024-05-06T13:00:05.000Z,6.073903336465461,666,977.3364233215095,1015.363278000083,38.0268546785735
7f44e910b2807dff91a96f79,R4_CHOP,2024-05-08T08:00:00.048000Z,2024-05-08T09:39:40.000Z,-6.056967768943313,667,971.2794555525662,1015.363278000083,44.08382244751681
6ccf5b018feb9e6f6b30f3cb,R3_COMPRESSION,2024-05-09T15:00:00.082000Z,2024-05-10T15:00:05.000Z,25.846137081944754,668,997.125592634511,1015.363278000083,18.23768536557202
2024-05-15 12:45:00|LONG|r1_h1_pullback_long_v1,R1_PULLBACK,2024-05-15T12:45:00Z,2024-05-15T13:51:30.000Z,-18.89,669,978.235592634511,1015.363278000083,37.127685365572006
2024-05-16 09:45:00|LONG|r1_h1_pullback_long_v1,R1_PULLBACK,2024-05-16T09:45:00Z,2024-05-16T10:32:40.000Z,-3.9,670,974.335592634511,1015.363278000083,41.02768536557198
2024-05-16 11:00:00|LONG|r1_h1_pullback_long_v1,R1_PULLBACK,2024-05-16T11:00:00Z,2024-05-16T12:39:30.000Z,-4.9399999999999995,671,969.395592634511,1015.363278000083,45.96768536557204
2024-05-16 11:15:00|LONG|r1_h1_pullback_long_v1,R1_PULLBACK,2024-05-16T11:15:00Z,2024-05-16T12:39:30.000Z,-6.289999999999999,672,963.105592634511,1015.363278000083,52.257685365572
2024-05-16 11:45:00|LONG|r1_h1_pullback_long_v1,R1_PULLBACK,2024-05-16T11:45:00Z,2024-05-16T12:39:30.000Z,-5.329999999999999,673,957.775592634511,1015.363278000083,57.58768536557204
V9_BREAK_20240516T124000Z_SHORT,V57_BREAK_SWING_H4ADX_HIGH,2024-05-16T12:40:00Z,2024-05-17T06:20:00.000Z,-5.844223111379998,674,951.931369523131,1015.363278000083,63.431908476952
2024-05-17 10:15:00|LONG|r1_h1_pullback_long_v1,R1_PULLBACK,2024-05-17T10:15:00Z,2024-05-17T12:43:45.000Z,6.61,675,958.541369523131,1015.363278000083,56.82190847695199
2024-05-17 09:45:00|LONG|r1_h1_pullback_long_v1,R1_PULLBACK,2024-05-17T09:45:00Z,2024-05-17T12:46:45.000Z,6.78,676,965.321369523131,1015.363278000083,50.04190847695202
2024-05-17 10:45:00|LONG|r1_h1_pullback_long_v1,R1_PULLBACK,2024-05-17T10:45:00Z,2024-05-17T13:00:35.000Z,8.799999999999999,677,974.121369523131,1015.363278000083,41.24190847695206
2024-05-17 11:00:00|LONG|r1_h1_pullback_long_v1,R1_PULLBACK,2024-05-17T11:00:00Z,2024-05-17T13:11:35.000Z,12.549999999999999,678,986.6713695231309,1015.363278000083,28.691908476952108
2024-05-17 11:30:00|LONG|r1_h1_pullback_long_v1,R1_PULLBACK,2024-05-17T11:30:00Z,2024-05-17T13:18:30.000Z,14.54,679,1001.2113695231309,1015.363278000083,14.151908476952144
2024-05-17 12:00:00|LONG|r1_h1_pullback_long_v1,R1_PULLBACK,2024-05-17T12:00:00Z,2024-05-17T14:26:30.000Z,15.67,680,1016.8813695231308,1016.8813695231308,0.0
V9_BREAK_20240517T170500Z_SHORT,V57_BREAK_SWING_H4ADX_HIGH,2024-05-17T17:05:00Z,2024-05-17T17:25:00.000Z,-6.45632370632338,681,1010.4250458168075,1016.8813695231308,6.45632370632336
V9_BREAK_20240517T183000Z_LONG,V57_BREAK_SWING_H4ADX_HIGH,2024-05-17T18:30:00Z,2024-05-17T19:05:00.000Z,-4.807512704741937,682,1005.6175331120655,1016.8813695231308,11.263836411065313
V9_BREAK_20240520T003000Z_LONG,V57_BREAK_SWING_H4ADX_HIGH,2024-05-20T00:30:00Z,2024-05-20T01:05:00.000Z,7.788320815968771,683,1013.4058539280343,1016.8813695231308,3.4755155950965673
V9_BREAK_20240520T010500Z_LONG,V57_BREAK_SWING_H4ADX_HIGH,2024-05-20T01:05:00Z,2024-05-20T01:20:00.000Z,-7.126681647301395,684,1006.2791722807328,1016.8813695231308,10.602197242398006
2024-05-20 12:00:00|LONG|r1_h1_pullback_long_v1,R1_PULLBACK,2024-05-20T12:00:00Z,2024-05-20T12:03:30.000Z,-4.409999999999999,685,1001.8691722807329,1016.8813695231308,15.012197242397974
V9_BREAK_20240521T020000Z_SHORT,V57_BREAK_SWING_H4ADX_HIGH,2024-05-21T02:00:00Z,2024-05-21T03:30:00.000Z,11.847763525385739,686,1013.7169358061186,1016.8813695231308,3.16443371701223
V9_BREAK_20240521T073500Z_LONG,V57_BREAK_SWING_H4ADX_HIGH,2024-05-21T07:35:00Z,2024-05-21T08:40:00.000Z,-5.685983640201791,687,1008.0309521659168,1016.8813695231308,8.850417357214042
V9_BREAK_20240522T025000Z_SHORT,V57_BREAK_SWING_H4ADX_HIGH,2024-05-22T02:50:00Z,2024-05-22T08:41:30.000Z,1.8363420733185447,688,1009.8672942392353,1016.8813695231308,7.014075283895522
V9_BREAK_20240524T012000Z_LONG,V57_BREAK_SWING_H4ADX_HIGH,2024-05-24T01:20:00Z,2024-05-24T02:20:00.000Z,-4.246315900484686,689,1005.6209783387507,1016.8813695231308,11.260391184380182
V9_BREAK_20240524T023000Z_SHORT,V57_BREAK_SWING_H4ADX_HIGH,2024-05-24T02:30:00Z,2024-05-24T02:40:00.000Z,-5.401488670459411,690,1000.2194896682912,1016.8813695231308,16.66187985483964
V9_BREAK_20240527T132000Z_LONG,V57_BREAK_SWING_H4ADX_HIGH,2024-05-27T13:20:00Z,2024-05-27T15:45:20.000Z,2.0194083575887034,691,1002.23889802588,1016.8813695231308,14.642471497250881
V7_20240528T084000Z_LONG,V7_SWING_HEALTH,2024-05-28T08:40:00Z,2024-05-28T12:15:00.000Z,6.40418970297105,692,1008.643087728851,1016.8813695231308,8.238281794279828
V7_20240529T081500Z_LONG,V7_SWING_HEALTH,2024-05-29T08:15:00Z,2024-05-29T08:30:00.000Z,-4.517035611417576,693,1004.1260521174335,1016.8813695231308,12.755317405697383
V7_20240605T082000Z_SHORT,V7_SWING_HEALTH,2024-06-05T08:20:00Z,2024-06-05T12:20:00.000Z,-4.472838148230434,694,999.6532139692031,1016.8813695231308,17.228155553927763
V7_20240611T082000Z_SHORT,V7_SWING_HEALTH,2024-06-11T08:20:00Z,2024-06-11T10:30:00.000Z,-4.106597222222222,695,995.5466167469808,1016.8813695231308,21.334752776150026
V25_418a79b226f14e7800728a5b,V25_CHOP,2024-06-18T22:20:00.095000Z,2024-06-19T10:20:05.000Z,-0.7936119126058703,696,994.7530048343749,1016.8813695231308,22.128364688755937
V25_e828bdf4acd7f7db56ca25e4,V25_CHOP,2024-06-20T02:35:01.259000Z,2024-06-20T05:21:55.000Z,7.381695836789024,697,1002.134700671164,1016.8813695231308,14.746668851966888
V7_20240626T083500Z_SHORT,V7_SWING_HEALTH,2024-06-26T08:35:00Z,2024-06-26T10:25:00.000Z,6.879300549900942,698,1009.0140012210649,1016.8813695231308,7.867368302065984
178970c1800aacfb42d38c61,R4_CHOP,2024-06-26T07:15:00.443000Z,2024-06-26T11:42:10.000Z,2.43006757266564,699,1011.4440687937305,1016.8813695231308,5.437300729400363
0bd649c8ebeee7941992d118,R4_CHOP,2024-07-03T07:00:00.014000Z,2024-07-03T12:14:35.000Z,4.421997710066085,700,1015.8660665037966,1016.8813695231308,1.015303019334283
V7_20240703T110000Z_SHORT,V7_SWING_HEALTH,2024-07-03T11:00:00Z,2024-07-03T12:14:35.000Z,-0.3650902777776034,701,1015.5009762260189,1016.8813695231308,1.3803932971119366
V7_20240704T082000Z_SHORT,V7_SWING_HEALTH,2024-07-04T08:20:00Z,2024-07-04T12:15:00.000Z,-4.132118055555555,702,1011.3688581704633,1016.8813695231308,5.512511352667502
2024-07-04 14:00:00|LONG|r1_h1_pullback_long_v1,R1_PULLBACK,2024-07-04T14:00:00Z,2024-07-04T15:21:35.000Z,-3.9699999999999998,703,1007.3988581704633,1016.8813695231308,9.48251135266753
2024-07-04 11:15:00|LONG|r1_h1_pullback_long_v1,R1_PULLBACK,2024-07-04T11:15:00Z,2024-07-04T15:21:40.000Z,-4.04,704,1003.3588581704633,1016.8813695231308,13.522511352667493
2024-07-04 10:30:00|LONG|r1_h1_pullback_long_v1,R1_PULLBACK,2024-07-04T10:30:00Z,2024-07-04T22:27:35.000Z,-3.92,705,999.4388581704634,1016.8813695231308,17.442511352667452
2024-07-04 09:00:00|LONG|r1_h1_pullback_long_v1,R1_PULLBACK,2024-07-04T09:00:00Z,2024-07-04T22:30:00.000Z,-4.579999999999999,706,994.8588581704633,1016.8813695231308,22.022511352667493
2024-07-04 09:45:00|LONG|r1_h1_pullback_long_v1,R1_PULLBACK,2024-07-04T09:45:00Z,2024-07-04T22:30:35.000Z,-3.92,707,990.9388581704634,1016.8813695231308,25.942511352667452
2024-07-05 12:00:00|LONG|r1_h1_pullback_long_v1,R1_PULLBACK,2024-07-05T12:00:00Z,2024-07-05T12:30:20.000Z,-4.59,708,986.3488581704634,1016.8813695231308,30.532511352667484
2024-07-05 11:00:00|LONG|r1_h1_pullback_long_v1,R1_PULLBACK,2024-07-05T11:00:00Z,2024-07-05T12:30:20.000Z,-4.199999999999999,709,982.1488581704633,1016.8813695231308,34.73251135266753
2024-07-05 11:30:00|LONG|r1_h1_pullback_long_v1,R1_PULLBACK,2024-07-05T11:30:00Z,2024-07-05T12:30:20.000Z,-4.22,710,977.9288581704633,1016.8813695231308,38.95251135266756
V9_BREAK_20240705T134500Z_LONG,V57_BREAK_SWING_H4ADX_HIGH,2024-07-05T13:45:00Z,2024-07-05T14:10:00.000Z,-10.004357360961256,711,967.924500809502,1016.8813695231308,48.956868713628864
V9_BREAK_20240708T084000Z_SHORT,V57_BREAK_SWING_H4ADX_HIGH,2024-07-08T08:40:00Z,2024-07-08T12:25:00.000Z,-4.129687499999999,712,963.7948133095019,1016.8813695231308,53.08655621362891
V9_BREAK_20240708T140500Z_LONG,V57_BREAK_SWING_H4ADX_HIGH,2024-07-08T14:05:00Z,2024-07-08T15:15:00.000Z,-6.074949953092222,713,957.7198633564097,1016.8813695231308,59.1615061667211
V7_20240709T092500Z_SHORT,V7_SWING_HEALTH,2024-07-09T09:25:00Z,2024-07-09T13:40:00.000Z,-4.136979166666666,714,953.582884189743,1016.8813695231308,63.298485333387816
V7_20240711T082000Z_SHORT,V7_SWING_HEALTH,2024-07-11T08:20:00Z,2024-07-11T12:35:00.000Z,-4.136979166666666,715,949.4459050230763,1016.8813695231308,67.43546450005454
2024-07-12 09:00:00|LONG|r1_h1_pullback_long_v1,R1_PULLBACK,2024-07-12T09:00:00Z,2024-07-12T10:28:05.000Z,-7.499999999999999,716,941.9459050230763,1016.8813695231308,74.93546450005454
2024-07-15 13:30:00|LONG|r1_h1_pullback_long_v1,R1_PULLBACK,2024-07-15T13:30:00Z,2024-07-15T14:51:40.000Z,10.36,717,952.3059050230763,1016.8813695231308,64.57546450005452
2024-07-15 14:00:00|LONG|r1_h1_pullback_long_v1,R1_PULLBACK,2024-07-15T14:00:00Z,2024-07-15T15:27:15.000Z,16.499999999999996,718,968.8059050230763,1016.8813695231308,48.07546450005452
2024-07-05 08:00:00|LONG|h4_d1_long_best_box2_atr80,R1_BOX,2024-07-05T08:00:00Z,2024-07-16T09:36:45.000Z,76.43,719,1045.2359050230764,1045.2359050230764,0.0
2024-07-16 13:30:00|LONG|r1_h1_pullback_long_v1,R1_PULLBACK,2024-07-16T13:30:00Z,2024-07-16T15:07:45.000Z,19.099999999999998,720,1064.3359050230763,1064.3359050230763,0.0
V9_BREAK_20240716T175000Z_LONG,V57_BREAK_SWING_H4ADX_HIGH,2024-07-16T17:50:00Z,2024-07-17T01:05:00.000Z,8.468029979942369,721,1072.8039350030188,1072.8039350030188,0.0
2024-07-16 13:45:00|LONG|r1_h1_pullback_long_v1,R1_PULLBACK,2024-07-16T13:45:00Z,2024-07-17T02:07:55.000Z,34.75,722,1107.5539350030188,1107.5539350030188,0.0
2024-07-16 14:30:00|LONG|r1_h1_pullback_long_v1,R1_PULLBACK,2024-07-16T14:30:00Z,2024-07-17T02:08:35.000Z,34.45,723,1142.0039350030188,1142.0039350030188,0.0
V9_BREAK_20240717T012500Z_LONG,V57_BREAK_SWING_H4ADX_HIGH,2024-07-17T01:25:00Z,2024-07-17T02:18:20.000Z,2.2624010554557876,724,1144.2663360584745,1144.2663360584745,0.0
2024-07-17 11:45:00|LONG|r1_h1_pullback_long_v1,R1_PULLBACK,2024-07-17T11:45:00Z,2024-07-17T14:03:55.000Z,3.1130000000002656,725,1147.3793360584748,1147.3793360584748,0.0
2024-07-17 12:15:00|LONG|r1_h1_pullback_long_v1,R1_PULLBACK,2024-07-17T12:15:00Z,2024-07-17T14:03:55.000Z,3.2930000000003745,726,1150.6723360584751,1150.6723360584751,0.0
V9_BREAK_20240718T023500Z_LONG,V57_BREAK_SWING_H4ADX_HIGH,2024-07-18T02:35:00Z,2024-07-18T07:05:00.000Z,6.485075418781281,727,1157.1574114772563,1157.1574114772563,0.0
V9_BREAK_20240719T053500Z_SHORT,V57_BREAK_SWING_H4ADX_HIGH,2024-07-19T05:35:00Z,2024-07-19T06:35:40.000Z,1.926205366125354,728,1159.0836168433816,1159.0836168433816,0.0
V9_BREAK_20240719T093500Z_SHORT,V57_BREAK_SWING_H4ADX_HIGH,2024-07-19T09:35:00Z,2024-07-19T12:05:00.000Z,8.200895205388237,729,1167.2845120487698,1167.2845120487698,0.0
V9_BREAK_20240722T012500Z_LONG,V57_BREAK_SWING_H4ADX_HIGH,2024-07-22T01:25:00Z,2024-07-22T01:55:00.000Z,-4.219060372495137,730,1163.0654516762747,1167.2845120487698,4.219060372495051
V9_BREAK_20240722T060000Z_SHORT,V57_BREAK_SWING_H4ADX_HIGH,2024-07-22T06:00:00Z,2024-07-22T10:35:00.000Z,-4.3354924262767796,731,1158.729959249998,1167.2845120487698,8.554552798771738
V9_BREAK_20240723T075500Z_LONG,V57_BREAK_SWING_H4ADX_HIGH,2024-07-23T07:55:00Z,2024-07-23T10:10:00.000Z,8.215998194856885,732,1166.945957444855,1167.2845120487698,0.33855460391487213
V9_BREAK_20240723T123000Z_SHORT,V57_BREAK_SWING_H4ADX_HIGH,2024-07-23T12:30:00Z,2024-07-23T12:45:00.000Z,-4.585124462387898,733,1162.360832982467,1167.2845120487698,4.923679066302839
V7_20240726T081500Z_SHORT,V7_SWING_HEALTH,2024-07-26T08:15:00Z,2024-07-26T09:15:00.000Z,-4.559699048849199,734,1157.8011339336178,1167.2845120487698,9.483378115151936
V7_20240729T084500Z_LONG,V7_SWING_HEALTH,2024-07-29T08:45:00Z,2024-07-29T12:05:00.000Z,-5.077693054368543,735,1152.7234408792492,1167.2845120487698,14.561071169520574
V7_20240729T130500Z_SHORT,V7_SWING_HEALTH,2024-07-29T13:05:00Z,2024-07-29T14:45:00.000Z,7.3523634846996835,736,1160.075804363949,1167.2845120487698,7.208707684820865
V9_BREAK_20240802T044000Z_LONG,V57_BREAK_SWING_H4ADX_HIGH,2024-08-02T04:40:00Z,2024-08-02T06:05:00.000Z,8.335223762231086,737,1168.41102812618,1168.41102812618,0.0
V7_20240802T130500Z_SHORT,V7_SWING_HEALTH,2024-08-02T13:05:00Z,2024-08-02T14:05:00.000Z,-10.869992492484062,738,1157.541035633696,1168.41102812618,10.869992492484016
2024-08-02 12:45:00|LONG|r1_h1_pullback_long_v1,R1_PULLBACK,2024-08-02T12:45:00Z,2024-08-02T14:33:20.000Z,-16.990000000000002,739,1140.551035633696,1168.41102812618,27.859992492484025
2024-08-02 13:30:00|LONG|r1_h1_pullback_long_v1,R1_PULLBACK,2024-08-02T13:30:00Z,2024-08-02T14:33:20.000Z,-12.610000000000001,740,1127.9410356336962,1168.41102812618,40.469992492483925
2024-08-02 14:00:00|LONG|r1_h1_pullback_long_v1,R1_PULLBACK,2024-08-02T14:00:00Z,2024-08-02T14:33:20.000Z,-16.610000000000003,741,1111.3310356336963,1168.41102812618,57.079992492483825
V7_20240807T095500Z_SHORT,V7_SWING_HEALTH,2024-08-07T09:55:00Z,2024-08-07T10:40:00.000Z,-4.2494865926599035,742,1107.0815490410364,1168.41102812618,61.3294790851437
2024-08-13 11:00:00|LONG|r1_h1_pullback_long_v1,R1_PULLBACK,2024-08-13T11:00:00Z,2024-08-13T12:30:30.000Z,6.640000000000001,743,1113.7215490410365,1168.41102812618,54.6894790851436
2024-08-13 11:15:00|LONG|r1_h1_pullback_long_v1,R1_PULLBACK,2024-08-13T11:15:00Z,2024-08-13T12:52:15.000Z,2.3000000000001637,744,1116.0215490410367,1168.41102812618,52.38947908514342
2024-08-13 13:45:00|LONG|r1_h1_pullback_long_v1,R1_PULLBACK,2024-08-13T13:45:00Z,2024-08-14T02:31:40.000Z,-16.17,745,1099.8515490410366,1168.41102812618,68.5594790851435
2024-08-26 14:30:00|LONG|r1_h1_pullback_long_v1,R1_PULLBACK,2024-08-26T14:30:00Z,2024-08-27T01:13:40.000Z,-7.9399999999999995,746,1091.9115490410366,1168.41102812618,76.49947908514355
33f97e8757428508e72618bc,R4_CHOP,2024-08-30T06:30:00.134000Z,2024-08-30T06:46:40.000Z,-5.6937875343515145,747,1086.217761506685,1168.41102812618,82.19326661949503
82e668b218ba3e9b3b081941,R4_CHOP,2024-08-30T08:15:00.086000Z,2024-08-30T10:33:20.000Z,-5.8300873248528955,748,1080.3876741818322,1168.41102812618,88.02335394434795
2024-08-30 13:00:00|LONG|r1_h1_pullback_long_v1,R1_PULLBACK,2024-08-30T13:00:00Z,2024-08-30T13:05:45.000Z,-4.68,749,1075.707674181832,1168.41102812618,92.70335394434801
2024-08-29 14:15:00|LONG|r1_h1_pullback_long_v1,R1_PULLBACK,2024-08-29T14:15:00Z,2024-08-30T15:31:35.000Z,-18.290000000000003,750,1057.4176741818321,1168.41102812618,110.99335394434797
62b5d6a4cd59a50c11baecbc,R4_CHOP,2024-09-03T02:00:00.083000Z,2024-09-03T06:53:30.000Z,-5.214211071352898,751,1052.2034631104793,1168.41102812618,116.20756501570077
2024-08-26 08:00:00|LONG|h4_d1_long_best_box2_atr80,R1_BOX,2024-08-26T08:00:00Z,2024-09-03T11:49:35.000Z,-35.39,752,1016.8134631104793,1168.41102812618,151.59756501570075
a1a42bf04cdc94603df995ed,R4_CHOP,2024-09-04T07:00:00.122000Z,2024-09-04T08:55:00.000Z,10.316934821414613,753,1027.1303979318939,1168.41102812618,141.28063019428623
2024-09-06 12:45:00|LONG|r1_h1_pullback_long_v1,R1_PULLBACK,2024-09-06T12:45:00Z,2024-09-06T13:28:30.000Z,-18.200000000000003,754,1008.9303979318938,1168.41102812618,159.48063019428628
2024-09-10 11:15:00|LONG|r1_h1_pullback_long_v1,R1_PULLBACK,2024-09-10T11:15:00Z,2024-09-10T13:29:40.000Z,7.93,755,1016.8603979318938,1168.41102812618,151.55063019428633
2024-09-10 13:30:00|LONG|r1_h1_pullback_long_v1,R1_PULLBACK,2024-09-10T13:30:00Z,2024-09-10T14:14:20.000Z,-11.41,756,1005.4503979318938,1168.41102812618,162.9606301942863
2024-09-10 13:00:00|LONG|r1_h1_pullback_long_v1,R1_PULLBACK,2024-09-10T13:00:00Z,2024-09-10T14:14:20.000Z,-10.59,757,994.8603979318938,1168.41102812618,173.55063019428633
2024-09-10 14:45:00|LONG|r1_h1_pullback_long_v1,R1_PULLBACK,2024-09-10T14:45:00Z,2024-09-10T15:35:20.000Z,9.34,758,1004.2003979318938,1168.41102812618,164.2106301942863
2024-09-10 10:00:00|LONG|r1_h1_pullback_long_v1,R1_PULLBACK,2024-09-10T10:00:00Z,2024-09-10T16:00:05.000Z,5.392999999999828,759,1009.5933979318936,1168.41102812618,158.8176301942865
2024-09-10 16:00:00|LONG|h4_d1_long_best_box2_atr80,R1_BOX,2024-09-10T16:00:00Z,2024-09-10T16:00:05.000Z,-1.3370000000002435,760,1008.2563979318934,1168.41102812618,160.1546301942867
2024-09-12 10:15:00|LONG|r1_h1_pullback_long_v1,R1_PULLBACK,2024-09-12T10:15:00Z,2024-09-12T10:44:05.000Z,-4.6499999999999995,761,1003.6063979318934,1168.41102812618,164.8046301942867
2024-09-12 10:00:00|LONG|r1_h1_pullback_long_v1,R1_PULLBACK,2024-09-12T10:00:00Z,2024-09-12T10:46:05.000Z,-3.9499999999999997,762,999.6563979318934,1168.41102812618,168.75463019428673
2024-09-12 09:15:00|LONG|r1_h1_pullback_long_v1,R1_PULLBACK,2024-09-12T09:15:00Z,2024-09-12T10:46:15.000Z,-4.0,763,995.6563979318934,1168.41102812618,172.75463019428673
2024-09-12 09:00:00|LONG|r1_h1_pullback_long_v1,R1_PULLBACK,2024-09-12T09:00:00Z,2024-09-12T10:54:40.000Z,-3.92,764,991.7363979318934,1168.41102812618,176.6746301942867
2024-09-12 12:45:00|LONG|r1_h1_pullback_long_v1,R1_PULLBACK,2024-09-12T12:45:00Z,2024-09-12T15:08:45.000Z,26.72,765,1018.4563979318934,1168.41102812618,149.95463019428666
2024-09-16 09:30:00|LONG|r1_h1_pullback_long_v1,R1_PULLBACK,2024-09-16T09:30:00Z,2024-09-16T10:30:45.000Z,-7.499999999999999,766,1010.9563979318934,1168.41102812618,157.45463019428666
2024-09-16 13:00:00|LONG|r1_h1_pullback_long_v1,R1_PULLBACK,2024-09-16T13:00:00Z,2024-09-16T14:28:40.000Z,-6.14,767,1004.8163979318934,1168.41102812618,163.59463019428665
2024-09-16 13:15:00|LONG|r1_h1_pullback_long_v1,R1_PULLBACK,2024-09-16T13:15:00Z,2024-09-16T14:28:40.000Z,-7.949999999999999,768,996.8663979318934,1168.41102812618,171.5446301942867
2024-09-16 14:00:00|LONG|r1_h1_pullback_long_v1,R1_PULLBACK,2024-09-16T14:00:00Z,2024-09-16T14:28:40.000Z,-11.02,769,985.8463979318934,1168.41102812618,182.56463019428668
2024-09-16 12:00:00|LONG|r1_h1_pullback_long_v1,R1_PULLBACK,2024-09-16T12:00:00Z,2024-09-17T05:13:40.000Z,-8.8,770,977.0463979318935,1168.41102812618,191.36463019428663
2024-09-18 13:00:00|LONG|r1_h1_pullback_long_v1,R1_PULLBACK,2024-09-18T13:00:00Z,2024-09-18T13:40:40.000Z,-3.9,771,973.1463979318935,1168.41102812618,195.2646301942866
2024-09-23 12:45:00|LONG|r1_h1_pullback_long_v1,R1_PULLBACK,2024-09-23T12:45:00Z,2024-09-23T13:54:40.000Z,8.889999999999999,772,982.0363979318935,1168.41102812618,186.37463019428662
2024-09-23 10:00:00|LONG|r1_h1_pullback_long_v1,R1_PULLBACK,2024-09-23T10:00:00Z,2024-09-24T03:42:40.000Z,13.6,773,995.6363979318935,1168.41102812618,172.7746301942866
2024-09-23 10:15:00|LONG|r1_h1_pullback_long_v1,R1_PULLBACK,2024-09-23T10:15:00Z,2024-09-24T05:17:15.000Z,16.349999999999998,774,1011.9863979318935,1168.41102812618,156.42463019428658
2024-09-24 10:30:00|LONG|r1_h1_pullback_long_v1,R1_PULLBACK,2024-09-24T10:30:00Z,2024-09-24T11:37:45.000Z,-7.9399999999999995,775,1004.0463979318935,1168.41102812618,164.36463019428663
2024-09-24 10:00:00|LONG|r1_h1_pullback_long_v1,R1_PULLBACK,2024-09-24T10:00:00Z,2024-09-24T11:38:15.000Z,-5.539999999999999,776,998.5063979318935,1168.41102812618,169.9046301942866
2024-09-23 13:00:00|LONG|r1_h1_pullback_long_v1,R1_PULLBACK,2024-09-23T13:00:00Z,2024-09-24T14:44:40.000Z,14.95,777,1013.4563979318935,1168.41102812618,154.95463019428655
2024-09-23 13:15:00|LONG|r1_h1_pullback_long_v1,R1_PULLBACK,2024-09-23T13:15:00Z,2024-09-24T16:08:45.000Z,19.169999999999998,778,1032.6263979318935,1168.41102812618,135.7846301942866
2024-09-24 13:00:00|LONG|r1_h1_pullback_long_v1,R1_PULLBACK,2024-09-24T13:00:00Z,2024-09-24T16:44:40.000Z,20.9,779,1053.5263979318936,1168.41102812618,114.8846301942865
2024-09-24 14:30:00|LONG|r1_h1_pullback_long_v1,R1_PULLBACK,2024-09-24T14:30:00Z,2024-09-24T18:25:35.000Z,17.349999999999998,780,1070.8763979318935,1168.41102812618,97.53463019428659
V9_BREAK_20240925T013500Z_SHORT,V57_BREAK_SWING_H4ADX_HIGH,2024-09-25T01:35:00Z,2024-09-25T01:55:00.000Z,-4.37327794215087,781,1066.5031199897426,1168.41102812618,101.90790813643753
V9_BREAK_20240925T021000Z_LONG,V57_BREAK_SWING_H4ADX_HIGH,2024-09-25T02:10:00Z,2024-09-25T03:25:00.000Z,-4.619878464476205,782,1061.8832415252664,1168.41102812618,106.52778660091371
2024-09-25 09:00:00|LONG|r1_h1_pullback_long_v1,R1_PULLBACK,2024-09-25T09:00:00Z,2024-09-25T13:06:40.000Z,6.65,783,1068.5332415252665,1168.41102812618,99.87778660091362
2024-09-25 11:45:00|LONG|r1_h1_pullback_long_v1,R1_PULLBACK,2024-09-25T11:45:00Z,2024-09-25T13:27:45.000Z,7.460000000000001,784,1075.9932415252665,1168.41102812618,92.41778660091359
2024-09-25 13:00:00|LONG|r1_h1_pullback_long_v1,R1_PULLBACK,2024-09-25T13:00:00Z,2024-09-25T16:20:30.000Z,-6.659999999999999,785,1069.3332415252664,1168.41102812618,99.07778660091367
2024-09-25 10:30:00|LONG|r1_h1_pullback_long_v1,R1_PULLBACK,2024-09-25T10:30:00Z,2024-09-25T16:43:40.000Z,-6.18,786,1063.1532415252664,1168.41102812618,105.25778660091373
V9_BREAK_20240926T061500Z_SHORT,V57_BREAK_SWING_H4ADX_HIGH,2024-09-26T06:15:00Z,2024-09-26T06:35:00.000Z,-4.079861111111111,787,1059.0733804141553,1168.41102812618,109.33764771202482
V9_BREAK_20240926T075000Z_LONG,V57_BREAK_SWING_H4ADX_HIGH,2024-09-26T07:50:00Z,2024-09-26T10:25:00.000Z,6.387326388888889,788,1065.460706803044,1168.41102812618,102.950321323136
2024-09-26 13:30:00|LONG|r1_h1_pullback_long_v1,R1_PULLBACK,2024-09-26T13:30:00Z,2024-09-26T13:50:45.000Z,-10.56,789,1054.9007068030442,1168.41102812618,113.51032132313594
V9_BREAK_20240927T073000Z_SHORT,V57_BREAK_SWING_H4ADX_HIGH,2024-09-27T07:30:00Z,2024-09-27T07:50:00.000Z,-5.2410218886425595,790,1049.6596849144016,1168.41102812618,118.75134321177848
V9_BREAK_20240930T012500Z_SHORT,V57_BREAK_SWING_H4ADX_HIGH,2024-09-30T01:25:00Z,2024-09-30T01:50:00.000Z,7.084801072258808,791,1056.7444859866605,1168.41102812618,111.6665421395196
V9_BREAK_20240930T015000Z_SHORT,V57_BREAK_SWING_H4ADX_HIGH,2024-09-30T01:50:00Z,2024-09-30T01:55:00.000Z,-5.815722174224792,792,1050.9287638124356,1168.41102812618,117.48226431374451
V7_20241001T094500Z_SHORT,V7_SWING_HEALTH,2024-10-01T09:45:00Z,2024-10-01T10:30:00.000Z,-4.0859375,793,1046.8428263124356,1168.41102812618,121.56820181374451
V9_BREAK_20241001T121000Z_LONG,V57_BREAK_SWING_H4ADX_HIGH,2024-10-01T12:10:00Z,2024-10-01T13:05:00.000Z,-4.13137173609155,794,1042.711454576344,1168.41102812618,125.69957354983603
V9_BREAK_20241002T070500Z_LONG,V57_BREAK_SWING_H4ADX_HIGH,2024-10-02T07:05:00Z,2024-10-02T11:10:00.000Z,-4.668977655065568,795,1038.0424769212784,1168.41102812618,130.36855120490168
V7_20241002T080500Z_SHORT,V7_SWING_HEALTH,2024-10-02T08:05:00Z,2024-10-02T12:20:00.000Z,6.441094213186357,796,1044.4835711344647,1168.41102812618,123.92745699171542
2024-10-04 11:45:00|LONG|r1_h1_pullback_long_v1,R1_PULLBACK,2024-10-04T11:45:00Z,2024-10-04T12:05:40.000Z,-4.68,797,1039.8035711344646,1168.41102812618,128.60745699171548
2024-10-04 11:30:00|LONG|r1_h1_pullback_long_v1,R1_PULLBACK,2024-10-04T11:30:00Z,2024-10-04T12:25:15.000Z,-3.9,798,1035.9035711344645,1168.41102812618,132.50745699171557
V7_20241004T093500Z_LONG,V7_SWING_HEALTH,2024-10-04T09:35:00Z,2024-10-04T12:35:00.000Z,-4.11875,799,1031.7848211344644,1168.41102812618,136.62620699171566
V7_20241008T082500Z_LONG,V7_SWING_HEALTH,2024-10-08T08:25:00Z,2024-10-08T10:40:00.000Z,10.43515802048564,800,1042.2199791549501,1168.41102812618,126.19104897122997
V9_BREAK_20241010T123500Z_LONG,V57_BREAK_SWING_H4ADX_HIGH,2024-10-10T12:35:00Z,2024-10-10T23:35:00.000Z,11.75335786783237,801,1053.9733370227825,1168.41102812618,114.43769110339758
V7_20241011T124000Z_SHORT,V7_SWING_HEALTH,2024-10-11T12:40:00Z,2024-10-11T13:15:00.000Z,-5.509614844599524,802,1048.463722178183,1168.41102812618,119.94730594799717
V7_20241014T085500Z_LONG,V7_SWING_HEALTH,2024-10-14T08:55:00Z,2024-10-14T09:45:00.000Z,-4.087152777777778,803,1044.376569400405,1168.41102812618,124.03445872577504
V7_20241014T101000Z_LONG,V7_SWING_HEALTH,2024-10-14T10:10:00Z,2024-10-14T11:00:00.000Z,-4.087152777777778,804,1040.2894166226272,1168.41102812618,128.1216115035529
2024-10-14 11:15:00|LONG|r1_h1_pullback_long_v1,R1_PULLBACK,2024-10-14T11:15:00Z,2024-10-14T11:50:35.000Z,-3.96,805,1036.3294166226271,1168.41102812618,132.08161150355295
2024-10-15 10:15:00|LONG|r1_h1_pullback_long_v1,R1_PULLBACK,2024-10-15T10:15:00Z,2024-10-15T11:40:25.000Z,-4.959999999999999,806,1031.369416622627,1168.41102812618,137.04161150355299
V7_20241016T084000Z_SHORT,V7_SWING_HEALTH,2024-10-16T08:40:00Z,2024-10-16T09:05:00.000Z,-4.081076388888889,807,1027.2883402337382,1168.41102812618,141.12268789244195
V7_20241017T094000Z_LONG,V7_SWING_HEALTH,2024-10-17T09:40:00Z,2024-10-17T10:30:00.000Z,6.412847222222222,808,1033.7011874559603,1168.41102812618,134.70984067021982
2024-10-17 11:30:00|LONG|r1_h1_pullback_long_v1,R1_PULLBACK,2024-10-17T11:30:00Z,2024-10-17T12:15:40.000Z,-9.55,809,1024.1511874559603,1168.41102812618,144.25984067021977
2024-10-17 10:30:00|LONG|r1_h1_pullback_long_v1,R1_PULLBACK,2024-10-17T10:30:00Z,2024-10-17T12:30:25.000Z,-11.13,810,1013.0211874559603,1168.41102812618,155.38984067021977
2024-10-17 09:45:00|LONG|r1_h1_pullback_long_v1,R1_PULLBACK,2024-10-17T09:45:00Z,2024-10-17T12:30:25.000Z,-5.109999999999999,811,1007.9111874559603,1168.41102812618,160.49984067021978
2024-10-17 10:15:00|LONG|r1_h1_pullback_long_v1,R1_PULLBACK,2024-10-17T10:15:00Z,2024-10-17T12:30:25.000Z,-7.529999999999999,812,1000.3811874559603,1168.41102812618,168.02984067021976
V7_20241017T125500Z_LONG,V7_SWING_HEALTH,2024-10-17T12:55:00Z,2024-10-17T14:30:00.000Z,10.046483328569991,813,1010.4276707845304,1168.41102812618,157.9833573416497
2024-10-17 13:00:00|LONG|r1_h1_pullback_long_v1,R1_PULLBACK,2024-10-17T13:00:00Z,2024-10-18T01:09:40.000Z,16.49,814,1026.9176707845304,1168.41102812618,141.4933573416497
2024-10-17 13:45:00|LONG|r1_h1_pullback_long_v1,R1_PULLBACK,2024-10-17T13:45:00Z,2024-10-18T12:31:30.000Z,28.22,815,1055.1376707845304,1168.41102812618,113.27335734164967
2024-10-17 14:00:00|LONG|r1_h1_pullback_long_v1,R1_PULLBACK,2024-10-17T14:00:00Z,2024-10-18T20:52:30.000Z,32.86,816,1087.9976707845303,1168.41102812618,80.41335734164977
2024-10-17 14:45:00|LONG|r1_h1_pullback_long_v1,R1_PULLBACK,2024-10-17T14:45:00Z,2024-10-20T22:01:45.000Z,28.08,817,1116.0776707845303,1168.41102812618,52.333357341649844
2024-10-18 14:15:00|LONG|r1_h1_pullback_long_v1,R1_PULLBACK,2024-10-18T14:15:00Z,2024-10-20T22:01:45.000Z,5.330000000000071,818,1121.4076707845304,1168.41102812618,47.00335734164969
2024-10-18 14:45:00|LONG|r1_h1_pullback_long_v1,R1_PULLBACK,2024-10-18T14:45:00Z,2024-10-20T22:01:45.000Z,1.7700000000001253,819,1123.1776707845306,1168.41102812618,45.23335734164948
V9_BREAK_20241021T011500Z_LONG,V57_BREAK_SWING_H4ADX_HIGH,2024-10-21T01:15:00Z,2024-10-21T06:00:00.000Z,-4.53715818892015,820,1118.6405125956105,1168.41102812618,49.77051553056958
V9_BREAK_20241022T062500Z_LONG,V57_BREAK_SWING_H4ADX_HIGH,2024-10-22T06:25:00Z,2024-10-22T07:35:00.000Z,-4.289580232238161,821,1114.3509323633723,1168.41102812618,54.060095762807805
V7_20241022T085000Z_SHORT,V7_SWING_HEALTH,2024-10-22T08:50:00Z,2024-10-22T10:50:00.000Z,-4.214183879652545,822,1110.1367484837197,1168.41102812618,58.27427964246044
2024-10-22 10:15:00|LONG|r1_h1_pullback_long_v1,R1_PULLBACK,2024-10-22T10:15:00Z,2024-10-22T16:56:40.000Z,10.43,823,1120.5667484837197,1168.41102812618,47.84427964246038
2024-10-22 12:15:00|LONG|r1_h1_pullback_long_v1,R1_PULLBACK,2024-10-22T12:15:00Z,2024-10-22T19:58:55.000Z,12.7,824,1133.2667484837198,1168.41102812618,35.14427964246033
V9_BREAK_20241023T064000Z_SHORT,V57_BREAK_SWING_H4ADX_HIGH,2024-10-23T06:40:00Z,2024-10-23T07:15:00.000Z,-4.083506944444444,825,1129.1832415392753,1168.41102812618,39.22778658690481
2024-10-22 10:45:00|LONG|r1_h1_pullback_long_v1,R1_PULLBACK,2024-10-22T10:45:00Z,2024-10-23T08:31:30.000Z,18.58,826,1147.7632415392752,1168.41102812618,20.647786586904886
V9_BREAK_20241023T074000Z_LONG,V57_BREAK_SWING_H4ADX_HIGH,2024-10-23T07:40:00Z,2024-10-23T08:34:50.000Z,1.7360486111110522,827,1149.4992901503863,1168.41102812618,18.911737975793812
V9_BREAK_20241024T012000Z_LONG,V57_BREAK_SWING_H4ADX_HIGH,2024-10-24T01:20:00Z,2024-10-24T02:20:00.000Z,-4.089583333333333,828,1145.409706817053,1168.41102812618,23.001321309127206
9f2c014d6b70b92198880005,R4_CHOP,2024-10-28T06:15:00.229000Z,2024-10-28T08:31:50.000Z,-7.047058266734635,829,1138.3626485503182,1168.41102812618,30.048379575861873
V7_20241029T031000Z_LONG,V7_SWING_HEALTH,2024-10-29T03:10:00Z,2024-10-29T08:30:00.000Z,-4.398846107800144,830,1133.963802442518,1168.41102812618,34.447225683662055
2024-10-29 10:15:00|LONG|r1_h1_pullback_long_v1,R1_PULLBACK,2024-10-29T10:15:00Z,2024-10-29T10:26:05.000Z,-4.85,831,1129.1138024425181,1168.41102812618,39.297225683661964
2024-10-29 11:15:00|LONG|r1_h1_pullback_long_v1,R1_PULLBACK,2024-10-29T11:15:00Z,2024-10-29T13:17:40.000Z,14.59,832,1143.703802442518,1168.41102812618,24.707225683662045
V7_20241029T093500Z_SHORT,V7_SWING_HEALTH,2024-10-29T09:35:00Z,2024-10-29T13:20:00.000Z,-4.277480514046084,833,1139.426321928472,1168.41102812618,28.984706197708192
2024-10-29 12:15:00|LONG|r1_h1_pullback_long_v1,R1_PULLBACK,2024-10-29T12:15:00Z,2024-10-29T16:03:15.000Z,15.88,834,1155.306321928472,1168.41102812618,13.104706197708083
2024-10-29 12:45:00|LONG|r1_h1_pullback_long_v1,R1_PULLBACK,2024-10-29T12:45:00Z,2024-10-30T05:38:35.000Z,26.38,835,1181.6863219284721,1181.6863219284721,0.0
2024-10-29 13:15:00|LONG|r1_h1_pullback_long_v1,R1_PULLBACK,2024-10-29T13:15:00Z,2024-10-30T12:00:05.000Z,22.429999999999996,836,1204.1163219284722,1204.1163219284722,0.0
2024-10-30 11:45:00|LONG|r1_h1_pullback_long_v1,R1_PULLBACK,2024-10-30T11:45:00Z,2024-10-30T12:00:05.000Z,-3.500000000000219,837,1200.616321928472,1204.1163219284722,3.5000000000002274
2024-10-30 12:00:00|LONG|r1_h1_pullback_long_v1,R1_PULLBACK,2024-10-30T12:00:00Z,2024-10-30T12:00:05.000Z,-0.6300000000000366,838,1199.9863219284719,1204.1163219284722,4.1300000000003365
2024-10-30 12:15:00|LONG|r1_h1_pullback_long_v1,R1_PULLBACK,2024-10-30T12:15:00Z,2024-10-30T12:32:05.000Z,-15.01,839,1184.9763219284719,1204.1163219284722,19.140000000000327
2024-10-30 14:30:00|LONG|r1_h1_pullback_long_v1,R1_PULLBACK,2024-10-30T14:30:00Z,2024-10-31T12:01:30.000Z,-10.13,840,1174.8463219284718,1204.1163219284722,29.270000000000437
2024-10-30 14:45:00|LONG|r1_h1_pullback_long_v1,R1_PULLBACK,2024-10-30T14:45:00Z,2024-10-31T12:01:30.000Z,-13.93,841,1160.9163219284717,1204.1163219284722,43.2000000000005
2024-10-30 13:15:00|LONG|r1_h1_pullback_long_v1,R1_PULLBACK,2024-10-30T13:15:00Z,2024-10-31T12:02:20.000Z,-9.66,842,1151.2563219284716,1204.1163219284722,52.86000000000058
V7_20241101T130500Z_SHORT,V7_SWING_HEALTH,2024-11-01T13:05:00Z,2024-11-01T14:40:00.000Z,13.386246184894063,843,1164.6425681133658,1204.1163219284722,39.47375381510642
V7_20241104T052500Z_SHORT,V7_SWING_HEALTH,2024-11-04T05:25:00Z,2024-11-04T08:05:00.000Z,6.386111111111111,844,1171.028679224477,1204.1163219284722,33.08764270399524
V7_20241104T082500Z_LONG,V7_SWING_HEALTH,2024-11-04T08:25:00Z,2024-11-04T08:55:00.000Z,-4.244791820153668,845,1166.7838874043232,1204.1163219284722,37.332434524148994
V7_20241106T103000Z_SHORT,V7_SWING_HEALTH,2024-11-06T10:30:00Z,2024-11-06T11:35:00.000Z,14.672582569445183,846,1181.4564699737684,1204.1163219284722,22.659851954703754
V7_20241108T120500Z_SHORT,V7_SWING_HEALTH,2024-11-08T12:05:00Z,2024-11-08T13:25:00.000Z,-5.0282964917624895,847,1176.428173482006,1204.1163219284722,27.68814844646613
V9_BREAK_20241108T125000Z_LONG,V57_BREAK_SWING_H4ADX_HIGH,2024-11-08T12:50:00Z,2024-11-08T13:55:00.000Z,7.889650981733887,848,1184.31782446374,1204.1163219284722,19.798497464732236
V7_20241111T091500Z_LONG,V7_SWING_HEALTH,2024-11-11T09:15:00Z,2024-11-11T09:55:00.000Z,-4.678022636774929,849,1179.639801826965,1204.1163219284722,24.476520101507276
V7_20241111T120000Z_SHORT,V7_SWING_HEALTH,2024-11-11T12:00:00Z,2024-11-11T13:05:00.000Z,9.326213843330851,850,1188.9660156702957,1204.1163219284722,15.150306258176442
V9_BREAK_20241112T050500Z_SHORT,V57_BREAK_SWING_H4ADX_HIGH,2024-11-12T05:05:00Z,2024-11-12T05:35:00.000Z,6.417708333333334,851,1195.3837240036291,1204.1163219284722,8.732597924843049
V9_BREAK_20241112T062500Z_SHORT,V57_BREAK_SWING_H4ADX_HIGH,2024-11-12T06:25:00Z,2024-11-12T07:49:15.000Z,1.1460466606840227,852,1196.5297706643132,1204.1163219284722,7.58655126415897
V9_BREAK_20241113T002000Z_LONG,V57_BREAK_SWING_H4ADX_HIGH,2024-11-13T00:20:00Z,2024-11-13T01:20:00.000Z,6.410416666666667,853,1202.9401873309798,1204.1163219284722,1.1761345974923643
b4f9e96f7f3c1d1ac2eeefba,R2_DOWNTREND,2024-11-12T16:00:00.156000Z,2024-11-13T01:47:35.000Z,-14.181838201850333,854,1188.7583491291296,1204.1163219284722,15.357972799342633
V9_BREAK_20241113T015500Z_LONG,V57_BREAK_SWING_H4ADX_HIGH,2024-11-13T01:55:00Z,2024-11-13T02:15:00.000Z,-4.488382352025566,855,1184.269966777104,1204.1163219284722,19.846355151368243
V7_20241114T005000Z_SHORT,V7_SWING_HEALTH,2024-11-14T00:50:00Z,2024-11-14T02:05:00.000Z,8.22533085823529,856,1192.4952976353393,1204.1163219284722,11.621024293132905
V9_BREAK_20241114T000500Z_SHORT,V57_BREAK_SWING_H4ADX_HIGH,2024-11-14T00:05:00Z,2024-11-14T02:35:00.000Z,10.388250387319786,857,1202.8835480226592,1204.1163219284722,1.2327739058130192
V9_BREAK_20241115T004500Z_SHORT,V57_BREAK_SWING_H4ADX_HIGH,2024-11-15T00:45:00Z,2024-11-15T01:10:00.000Z,-4.081076388888889,858,1198.8024716337702,1204.1163219284722,5.313850294701979
V9_BREAK_20241115T052000Z_SHORT,V57_BREAK_SWING_H4ADX_HIGH,2024-11-15T05:20:00Z,2024-11-15T06:05:00.000Z,6.4140625,859,1205.2165341337702,1205.2165341337702,0.0
530c3f7e0a99a912b673c360,R2_DOWNTREND,2024-11-15T05:00:00.142000Z,2024-11-17T23:00:05.000Z,-0.4399925109303766,860,1204.7765416228399,1205.2165341337702,0.439992510930324
V9_BREAK_20241118T000500Z_LONG,V57_BREAK_SWING_H4ADX_HIGH,2024-11-18T00:05:00Z,2024-11-18T01:05:00.000Z,7.4930995518927626,861,1212.2696411747327,1212.2696411747327,0.0
V7_20241118T044000Z_SHORT,V7_SWING_HEALTH,2024-11-18T04:40:00Z,2024-11-18T06:05:00.000Z,6.548685240714989,862,1218.8183264154477,1218.8183264154477,0.0
V9_BREAK_20241119T013500Z_LONG,V57_BREAK_SWING_H4ADX_HIGH,2024-11-19T01:35:00Z,2024-11-19T02:40:00.000Z,6.4092013888888895,863,1225.2275278043367,1225.2275278043367,0.0
V9_BREAK_20241119T061000Z_SHORT,V57_BREAK_SWING_H4ADX_HIGH,2024-11-19T06:10:00Z,2024-11-19T06:55:00.000Z,-4.0859375,864,1221.1415903043367,1225.2275278043367,4.0859375
V9_BREAK_20241122T005500Z_LONG,V57_BREAK_SWING_H4ADX_HIGH,2024-11-22T00:55:00Z,2024-11-22T02:15:00.000Z,6.405555555555556,865,1227.5471458598922,1227.5471458598922,0.0
V9_BREAK_20241122T024500Z_SHORT,V57_BREAK_SWING_H4ADX_HIGH,2024-11-22T02:45:00Z,2024-11-22T03:10:00.000Z,-4.135728743269667,866,1223.4114171166225,1227.5471458598922,4.135728743269738
V9_BREAK_20241125T000500Z_SHORT,V57_BREAK_SWING_H4ADX_HIGH,2024-11-25T00:05:00Z,2024-11-25T01:05:00.000Z,12.958265017042894,867,1236.3696821336655,1236.3696821336655,0.0
V9_BREAK_20241125T015000Z_SHORT,V57_BREAK_SWING_H4ADX_HIGH,2024-11-25T01:50:00Z,2024-11-25T03:30:00.000Z,14.689501012774228,868,1251.0591831464396,1251.0591831464396,0.0
V7_20241127T130500Z_SHORT,V7_SWING_HEALTH,2024-11-27T13:05:00Z,2024-11-27T13:55:00.000Z,-4.670059911220542,869,1246.3891232352191,1251.0591831464396,4.6700599112205055
V7_20241128T092000Z_SHORT,V7_SWING_HEALTH,2024-11-28T09:20:00Z,2024-11-28T10:40:00.000Z,-4.757211708957378,870,1241.6319115262618,1251.0591831464396,9.427271620177862
V7_20241128T110500Z_SHORT,V7_SWING_HEALTH,2024-11-28T11:05:00Z,2024-11-28T15:05:00.000Z,6.366666666666666,871,1247.9985781929283,1251.0591831464396,3.0606049535113016
V7_20241129T065000Z_SHORT,V7_SWING_HEALTH,2024-11-29T06:50:00Z,2024-11-29T08:15:00.000Z,7.086811015674988,872,1255.0853892086034,1255.0853892086034,0.0
V7_20241129T081500Z_LONG,V7_SWING_HEALTH,2024-11-29T08:15:00Z,2024-11-29T10:10:00.000Z,7.4920384579205646,873,1262.577427666524,1262.577427666524,0.0
V7_20241202T020500Z_SHORT,V7_SWING_HEALTH,2024-12-02T02:05:00Z,2024-12-02T07:26:35.000Z,3.5047123810359904,874,1266.08214004756,1266.08214004756,0.0
V7_20241202T131500Z_LONG,V7_SWING_HEALTH,2024-12-02T13:15:00Z,2024-12-02T14:15:00.000Z,10.126808657982071,875,1276.208948705542,1276.208948705542,0.0
V7_20241206T001000Z_SHORT,V7_SWING_HEALTH,2024-12-06T00:10:00Z,2024-12-06T01:10:00.000Z,6.410416666666667,876,1282.6193653722087,1282.6193653722087,0.0
V7_20241206T024000Z_LONG,V7_SWING_HEALTH,2024-12-06T02:40:00Z,2024-12-06T03:25:00.000Z,9.553773854426248,877,1292.173139226635,1292.173139226635,0.0
V7_20241209T001500Z_LONG,V7_SWING_HEALTH,2024-12-09T00:15:00Z,2024-12-09T00:35:00.000Z,-6.5707086939760595,878,1285.602430532659,1292.173139226635,6.57070869397603
V7_20241210T022000Z_SHORT,V7_SWING_HEALTH,2024-12-10T02:20:00Z,2024-12-10T04:10:00.000Z,-5.402502946188795,879,1280.19992758647,1292.173139226635,11.973211640164891
V7_20241210T094000Z_LONG,V7_SWING_HEALTH,2024-12-10T09:40:00Z,2024-12-10T10:40:00.000Z,7.587038865182192,880,1287.7869664516522,1292.173139226635,4.386172774982697
2024-12-12 09:45:00|LONG|r1_h1_pullback_long_v1,R1_PULLBACK,2024-12-12T09:45:00Z,2024-12-12T10:08:15.000Z,-7.1899999999999995,881,1280.5969664516522,1292.173139226635,11.576172774982751
V7_20241212T121500Z_SHORT,V7_SWING_HEALTH,2024-12-12T12:15:00Z,2024-12-12T13:20:00.000Z,8.74133072759906,882,1289.3382971792512,1292.173139226635,2.834842047383745
V7_20241217T062500Z_LONG,V7_SWING_HEALTH,2024-12-17T06:25:00Z,2024-12-17T07:40:00.000Z,6.894839963645051,883,1296.2331371428963,1296.2331371428963,0.0
V9_BREAK_20241218T205500Z_SHORT,V57_BREAK_SWING_H4ADX_HIGH,2024-12-18T20:55:00Z,2024-12-19T01:20:00.000Z,-11.60610836725256,884,1284.6270287756438,1296.2331371428963,11.606108367252546
V9_BREAK_20241219T050500Z_SHORT,V57_BREAK_SWING_H4ADX_HIGH,2024-12-19T05:05:00Z,2024-12-19T06:40:00.000Z,-4.986678781160135,885,1279.6403499944836,1296.2331371428963,16.592787148412754
V7_20241219T090500Z_SHORT,V7_SWING_HEALTH,2024-12-19T09:05:00Z,2024-12-19T10:50:00.000Z,-5.9220162669478125,886,1273.7183337275358,1296.2331371428963,22.514803415360575
V9_BREAK_20241220T060500Z_LONG,V57_BREAK_SWING_H4ADX_HIGH,2024-12-20T06:05:00Z,2024-12-20T13:35:00.000Z,6.315625000000001,887,1280.0339587275357,1296.2331371428963,16.19917841536062
f0496a27e3d47dbb12fb923b,R2_DOWNTREND,2024-12-19T13:00:00.082000Z,2024-12-20T15:00:05.000Z,-14.375541476154217,888,1265.6584172513815,1296.2331371428963,30.57471989151486
V7_20241226T102000Z_SHORT,V7_SWING_HEALTH,2024-12-26T10:20:00Z,2024-12-26T13:15:00.000Z,-4.1175347222222225,889,1261.5408825291593,1296.2331371428963,34.69225461373708
V7_20241226T141000Z_LONG,V7_SWING_HEALTH,2024-12-26T14:10:00Z,2024-12-26T15:10:00.000Z,6.424218626846054,890,1267.9651011560054,1296.2331371428963,28.268035986890936
V7_20241227T070500Z_SHORT,V7_SWING_HEALTH,2024-12-27T07:05:00Z,2024-12-27T08:10:00.000Z,6.4092013888888895,891,1274.3743025448944,1296.2331371428963,21.858834598001977
V7_20241227T082000Z_LONG,V7_SWING_HEALTH,2024-12-27T08:20:00Z,2024-12-27T09:35:00.000Z,-4.449060884847383,892,1269.925241660047,1296.2331371428963,26.30789548284929
V7_20241230T104000Z_LONG,V7_SWING_HEALTH,2024-12-30T10:40:00Z,2024-12-30T11:05:00.000Z,-4.15853991978627,893,1265.7667017402607,1296.2331371428963,30.466435402635625
V7_20241231T015500Z_SHORT,V7_SWING_HEALTH,2024-12-31T01:55:00Z,2024-12-31T06:22:00.000Z,1.718715277777887,894,1267.4854170180386,1296.2331371428963,28.74772012485778
V7_20241231T095000Z_LONG,V7_SWING_HEALTH,2024-12-31T09:50:00Z,2024-12-31T10:35:00.000Z,-4.0859375,895,1263.3994795180386,1296.2331371428963,32.83365762485778
0aed82e105463bb89f55456e,R3_COMPRESSION,2024-12-31T16:00:00.002000Z,2025-01-01T23:00:05.000Z,-2.1595511713754876,896,1261.239928346663,1296.2331371428963,34.993208796233375
V25_b3f3c8e4a665553deddf6404,V25_CHOP,2025-01-02T06:05:01.058000Z,2025-01-02T10:19:35.000Z,9.320015975738933,897,1270.5599443224019,1296.2331371428963,25.673192820494478
V7_20250102T090500Z_SHORT,V7_SWING_HEALTH,2025-01-02T09:05:00Z,2025-01-02T10:20:00.000Z,-4.417421609602,898,1266.1425227128,1296.2331371428963,30.090614430096366
884ae9c1ca008a9a803b5011,R3_COMPRESSION,2025-01-02T02:00:00.379000Z,2025-01-02T13:18:25.000Z,3.332067679165211,899,1269.4745903919652,1296.2331371428963,26.758546750931146
V7_20250106T143000Z_LONG,V7_SWING_HEALTH,2025-01-06T14:30:00Z,2025-01-07T11:50:00.000Z,19.921409724824596,900,1289.3960001167898,1296.2331371428963,6.837137026106575
V7_20250107T140500Z_SHORT,V7_SWING_HEALTH,2025-01-07T14:05:00Z,2025-01-07T15:05:00.000Z,10.959370462971586,901,1300.3553705797613,1300.3553705797613,0.0
V7_20250107T173500Z_SHORT,V7_SWING_HEALTH,2025-01-07T17:35:00Z,2025-01-08T13:25:00.000Z,-6.885561692628043,902,1293.4698088871332,1300.3553705797613,6.885561692628016
V7_20250110T114000Z_SHORT,V7_SWING_HEALTH,2025-01-10T11:40:00Z,2025-01-10T12:40:00.000Z,6.410416666666667,903,1299.8802255537998,1300.3553705797613,0.4751450259614103
V9_BREAK_20250110T143500Z_LONG,V57_BREAK_SWING_H4ADX_HIGH,2025-01-10T14:35:00Z,2025-01-10T14:45:00.000Z,-10.06047761064962,904,1289.8197479431503,1300.3553705797613,10.535622636610924
V9_BREAK_20250113T001000Z_SHORT,V57_BREAK_SWING_H4ADX_HIGH,2025-01-13T00:10:00Z,2025-01-13T01:10:00.000Z,6.410416666666667,905,1296.230164609817,1300.3553705797613,4.125205969944318
V9_BREAK_20250113T011000Z_LONG,V57_BREAK_SWING_H4ADX_HIGH,2025-01-13T01:10:00Z,2025-01-13T01:20:00.000Z,-4.348146405781615,906,1291.8820182040354,1300.3553705797613,8.47335237572588
V9_BREAK_20250114T073000Z_LONG,V57_BREAK_SWING_H4ADX_HIGH,2025-01-14T07:30:00Z,2025-01-14T09:45:00.000Z,-4.1078125,907,1287.7742057040355,1300.3553705797613,12.58116487572579
V7_20250115T133500Z_SHORT,V7_SWING_HEALTH,2025-01-15T13:35:00Z,2025-01-15T14:00:00.000Z,-5.730918594908733,908,1282.0432871091268,1300.3553705797613,18.312083470634434
V7_20250115T140000Z_SHORT,V7_SWING_HEALTH,2025-01-15T14:00:00Z,2025-01-15T14:40:00.000Z,12.536407484428329,909,1294.5796945935551,1300.3553705797613,5.775675986206124
V7_20250117T110500Z_LONG,V7_SWING_HEALTH,2025-01-17T11:05:00Z,2025-01-17T13:25:00.000Z,6.3909722222222225,910,1300.9706668157773,1300.9706668157773,0.0
V7_20250117T134500Z_LONG,V7_SWING_HEALTH,2025-01-17T13:45:00Z,2025-01-17T14:05:00.000Z,-5.673747921915561,911,1295.2969188938619,1300.9706668157773,5.673747921915492
2025-01-20 10:15:00|LONG|r1_h1_pullback_long_v1,R1_PULLBACK,2025-01-20T10:15:00Z,2025-01-20T12:35:40.000Z,-7.819999999999999,912,1287.476918893862,1300.9706668157773,13.493747921915428
2025-01-20 09:30:00|LONG|r1_h1_pullback_long_v1,R1_PULLBACK,2025-01-20T09:30:00Z,2025-01-20T12:37:45.000Z,-7.459999999999999,913,1280.0169188938619,1300.9706668157773,20.953747921915465
2025-01-20 14:45:00|LONG|r1_h1_pullback_long_v1,R1_PULLBACK,2025-01-20T14:45:00Z,2025-01-20T15:24:30.000Z,-5.039999999999999,914,1274.976918893862,1300.9706668157773,25.99374792191543
2025-01-21 10:45:00|LONG|r1_h1_pullback_long_v1,R1_PULLBACK,2025-01-21T10:45:00Z,2025-01-21T13:43:40.000Z,11.77,915,1286.746918893862,1300.9706668157773,14.223747921915447
2025-01-21 09:30:00|LONG|r1_h1_pullback_long_v1,R1_PULLBACK,2025-01-21T09:30:00Z,2025-01-21T13:56:30.000Z,13.56,916,1300.3069188938618,1300.9706668157773,0.6637479219155011
V7_20250121T170000Z_SHORT,V7_SWING_HEALTH,2025-01-21T17:00:00Z,2025-01-22T00:50:00.000Z,-5.9037851836891235,917,1294.4031337101728,1300.9706668157773,6.567533105604525
V9_BREAK_20250122T052500Z_SHORT,V57_BREAK_SWING_H4ADX_HIGH,2025-01-22T05:25:00Z,2025-01-22T05:45:00.000Z,-4.079861111111111,918,1290.3232725990617,1300.9706668157773,10.647394216715611
V9_BREAK_20250122T063500Z_LONG,V57_BREAK_SWING_H4ADX_HIGH,2025-01-22T06:35:00Z,2025-01-22T09:20:00.000Z,8.296737137745657,919,1298.6200097368073,1300.9706668157773,2.3506570789700163
2025-01-22 13:00:00|LONG|r1_h1_pullback_long_v1,R1_PULLBACK,2025-01-22T13:00:00Z,2025-01-23T02:22:35.000Z,-7.989999999999999,920,1290.6300097368073,1300.9706668157773,10.340657078970025
2025-01-22 14:45:00|LONG|r1_h1_pullback_long_v1,R1_PULLBACK,2025-01-22T14:45:00Z,2025-01-23T08:20:40.000Z,-7.409999999999999,921,1283.2200097368072,1300.9706668157773,17.750657078970107
2025-01-22 14:30:00|LONG|r1_h1_pullback_long_v1,R1_PULLBACK,2025-01-22T14:30:00Z,2025-01-23T08:20:40.000Z,-5.609999999999999,922,1277.6100097368073,1300.9706668157773,23.360657078970007
V7_20250123T082500Z_SHORT,V7_SWING_HEALTH,2025-01-23T08:25:00Z,2025-01-23T09:25:00.000Z,6.410416666666667,923,1284.020426403474,1300.9706668157773,16.9502404123034
V7_20250123T094000Z_LONG,V7_SWING_HEALTH,2025-01-23T09:40:00Z,2025-01-23T10:50:00.000Z,7.0460558146343315,924,1291.0664822181084,1300.9706668157773,9.904184597668973
V9_BREAK_20250124T011000Z_LONG,V57_BREAK_SWING_H4ADX_HIGH,2025-01-24T01:10:00Z,2025-01-24T01:45:00.000Z,-4.083506944444444,925,1286.982975273664,1300.9706668157773,13.987691542113453
2025-01-15 20:00:00|LONG|h4_d1_long_best_box2_atr80,R1_BOX,2025-01-15T20:00:00Z,2025-01-24T01:56:15.000Z,78.39000000000001,926,1365.372975273664,1365.372975273664,0.0
V7_20250127T010500Z_SHORT,V7_SWING_HEALTH,2025-01-27T01:05:00Z,2025-01-27T01:45:00.000Z,6.900985515541151,927,1372.2739607892051,1372.2739607892051,0.0
2025-01-24 04:00:00|LONG|h4_d1_long_best_box2_atr80,R1_BOX,2025-01-24T04:00:00Z,2025-01-27T15:51:20.000Z,-36.94,928,1335.333960789205,1372.2739607892051,36.940000000000055
V7_20250128T010500Z_SHORT,V7_SWING_HEALTH,2025-01-28T01:05:00Z,2025-01-28T08:35:00.000Z,7.516675395144847,929,1342.85063618435,1372.2739607892051,29.423324604855225
V7_20250129T105500Z_LONG,V7_SWING_HEALTH,2025-01-29T10:55:00Z,2025-01-29T13:20:00.000Z,-4.110243055555555,930,1338.7403931287943,1372.2739607892051,33.53356766041088
V7_20250129T142500Z_SHORT,V7_SWING_HEALTH,2025-01-29T14:25:00Z,2025-01-29T15:35:00.000Z,7.396575965819609,931,1346.136969094614,1372.2739607892051,26.136991694591188
2025-01-31 09:30:00|LONG|r1_h1_pullback_long_v1,R1_PULLBACK,2025-01-31T09:30:00Z,2025-01-31T11:00:40.000Z,6.6000000000000005,932,1352.7369690946139,1372.2739607892051,19.53699169459128
2025-01-31 10:30:00|LONG|r1_h1_pullback_long_v1,R1_PULLBACK,2025-01-31T10:30:00Z,2025-01-31T13:42:40.000Z,12.129999999999999,933,1364.866969094614,1372.2739607892051,7.40699169459117
2025-01-31 11:15:00|LONG|r1_h1_pullback_long_v1,R1_PULLBACK,2025-01-31T11:15:00Z,2025-02-02T22:24:30.000Z,-11.18,934,1353.686969094614,1372.2739607892051,18.586991694591234
2025-02-03 10:45:00|LONG|r1_h1_pullback_long_v1,R1_PULLBACK,2025-02-03T10:45:00Z,2025-02-03T13:35:30.000Z,15.72,935,1369.406969094614,1372.2739607892051,2.8669916945912064
2025-02-03 11:00:00|LONG|r1_h1_pullback_long_v1,R1_PULLBACK,2025-02-03T11:00:00Z,2025-02-03T13:45:15.000Z,17.729999999999997,936,1387.136969094614,1387.136969094614,0.0
2025-02-04 10:30:00|LONG|r1_h1_pullback_long_v1,R1_PULLBACK,2025-02-04T10:30:00Z,2025-02-04T11:53:35.000Z,6.640000000000001,937,1393.776969094614,1393.776969094614,0.0
2025-02-04 11:15:00|LONG|r1_h1_pullback_long_v1,R1_PULLBACK,2025-02-04T11:15:00Z,2025-02-04T12:18:30.000Z,8.09,938,1401.866969094614,1401.866969094614,0.0
2025-02-04 11:30:00|LONG|r1_h1_pullback_long_v1,R1_PULLBACK,2025-02-04T11:30:00Z,2025-02-04T12:23:40.000Z,13.04,939,1414.906969094614,1414.906969094614,0.0
2025-01-30 08:00:00|LONG|h4_d1_long_best_box2_atr80,R1_BOX,2025-01-30T08:00:00Z,2025-02-05T04:48:30.000Z,82.42,940,1497.326969094614,1497.326969094614,0.0
V9_BREAK_20250205T082500Z_LONG,V57_BREAK_SWING_H4ADX_HIGH,2025-02-05T08:25:00Z,2025-02-05T10:35:00.000Z,7.228608729905898,941,1504.55557782452,1504.55557782452,0.0
V9_BREAK_20250205T114500Z_SHORT,V57_BREAK_SWING_H4ADX_HIGH,2025-02-05T11:45:00Z,2025-02-05T13:45:00.000Z,8.456269317090904,942,1513.0118471416108,1513.0118471416108,0.0
V9_BREAK_20250206T022500Z_SHORT,V57_BREAK_SWING_H4ADX_HIGH,2025-02-06T02:25:00Z,2025-02-06T02:35:00.000Z,-4.292859401360682,943,1508.7189877402502,1513.0118471416108,4.292859401360602
V9_BREAK_20250206T072500Z_SHORT,V57_BREAK_SWING_H4ADX_HIGH,2025-02-06T07:25:00Z,2025-02-06T08:25:00.000Z,7.881784782335992,944,1516.600772522586,1516.600772522586,0.0
V9_BREAK_20250207T004500Z_LONG,V57_BREAK_SWING_H4ADX_HIGH,2025-02-07T00:45:00Z,2025-02-07T01:55:00.000Z,6.407986111111112,945,1523.0087586336972,1523.0087586336972,0.0
2025-02-07 10:00:00|LONG|r1_h1_pullback_long_v1,R1_PULLBACK,2025-02-07T10:00:00Z,2025-02-07T12:11:30.000Z,-5.169999999999999,946,1517.8387586336971,1523.0087586336972,5.170000000000073
2025-02-07 12:30:00|LONG|r1_h1_pullback_long_v1,R1_PULLBACK,2025-02-07T12:30:00Z,2025-02-07T12:30:45.000Z,-5.199999999999999,947,1512.638758633697,1523.0087586336972,10.370000000000118
V9_BREAK_20250207T081000Z_LONG,V57_BREAK_SWING_H4ADX_HIGH,2025-02-07T08:10:00Z,2025-02-07T13:15:00.000Z,-4.149131944444444,948,1508.4896266892526,1523.0087586336972,14.519131944444553
V9_BREAK_20250210T000500Z_LONG,V57_BREAK_SWING_H4ADX_HIGH,2025-02-10T00:05:00Z,2025-02-10T04:45:00.000Z,8.7379264324595,949,1517.2275531217122,1523.0087586336972,5.781205511985036
V9_BREAK_20250210T081000Z_LONG,V57_BREAK_SWING_H4ADX_HIGH,2025-02-10T08:10:00Z,2025-02-10T10:05:00.000Z,9.06117848866634,950,1526.2887316103786,1526.2887316103786,0.0
V9_BREAK_20250211T001500Z_LONG,V57_BREAK_SWING_H4ADX_HIGH,2025-02-11T00:15:00Z,2025-02-11T01:15:00.000Z,8.03920124930377,951,1534.3279328596823,1534.3279328596823,0.0
V9_BREAK_20250211T014000Z_SHORT,V57_BREAK_SWING_H4ADX_HIGH,2025-02-11T01:40:00Z,2025-02-11T02:05:00.000Z,-6.780268301694238,952,1527.5476645579881,1534.3279328596823,6.78026830169415
V7_20250212T021500Z_SHORT,V7_SWING_HEALTH,2025-02-12T02:15:00Z,2025-02-12T06:11:50.000Z,2.086210331410683,953,1529.6338748893988,1534.3279328596823,4.694057970283438
V9_BREAK_20250212T021000Z_SHORT,V57_BREAK_SWING_H4ADX_HIGH,2025-02-12T02:10:00Z,2025-02-12T06:11:50.000Z,1.968768177416489,954,1531.6026430668153,1534.3279328596823,2.725289792866988
V9_BREAK_20250213T071500Z_SHORT,V57_BREAK_SWING_H4ADX_HIGH,2025-02-13T07:15:00Z,2025-02-13T07:35:00.000Z,-4.919523595707441,955,1526.6831194711078,1534.3279328596823,7.644813388574448
V7_20250214T105000Z_SHORT,V7_SWING_HEALTH,2025-02-14T10:50:00Z,2025-02-14T13:10:00.000Z,7.555422676729139,956,1534.238542147837,1534.3279328596823,0.08939071184522618
V7_20250217T093000Z_SHORT,V7_SWING_HEALTH,2025-02-17T09:30:00Z,2025-02-18T02:17:25.000Z,2.394048877959166,957,1536.6325910257963,1536.6325910257963,0.0
V7_20250219T071500Z_LONG,V7_SWING_HEALTH,2025-02-19T07:15:00Z,2025-02-19T09:20:00.000Z,6.778571641036,958,1543.4111626668323,1543.4111626668323,0.0
V7_20250219T150000Z_SHORT,V7_SWING_HEALTH,2025-02-19T15:00:00Z,2025-02-19T16:05:00.000Z,13.35179875036613,959,1556.7629614171985,1556.7629614171985,0.0
V7_20250220T021500Z_LONG,V7_SWING_HEALTH,2025-02-20T02:15:00Z,2025-02-20T04:05:10.000Z,3.1223707505543064,960,1559.885332167753,1559.885332167753,0.0
a336110cc4cf7d5ba8adf133,R4_CHOP,2025-02-20T04:05:00.084000Z,2025-02-20T04:05:10.000Z,-1.5159487059937091,961,1558.3693834617593,1559.885332167753,1.515948705993651
2025-02-20 11:45:00|LONG|r1_h1_pullback_long_v1,R1_PULLBACK,2025-02-20T11:45:00Z,2025-02-20T12:45:30.000Z,-6.56,962,1551.8093834617594,1559.885332167753,8.075948705993596
V25_5cbef8425a879f0e07c7edf9,V25_CHOP,2025-02-21T00:00:00.091000Z,2025-02-21T01:46:05.000Z,-7.975901358722595,963,1543.8334821030367,1559.885332167753,16.05185006471629
V7_20250221T070500Z_SHORT,V7_SWING_HEALTH,2025-02-21T07:05:00Z,2025-02-21T08:25:00.000Z,9.478029116025546,964,1553.3115112190621,1559.885332167753,6.573820948690809
V7_20250224T015500Z_LONG,V7_SWING_HEALTH,2025-02-24T01:55:00Z,2025-02-24T03:00:00.000Z,10.555391475585358,965,1563.8669026946475,1563.8669026946475,0.0
2025-02-24 10:30:00|LONG|r1_h1_pullback_long_v1,R1_PULLBACK,2025-02-24T10:30:00Z,2025-02-24T14:03:40.000Z,-8.76,966,1555.1069026946475,1563.8669026946475,8.759999999999991
2025-02-24 10:45:00|LONG|r1_h1_pullback_long_v1,R1_PULLBACK,2025-02-24T10:45:00Z,2025-02-24T14:03:40.000Z,-11.120000000000001,967,1543.9869026946476,1563.8669026946475,19.87999999999988
2025-02-24 11:00:00|LONG|r1_h1_pullback_long_v1,R1_PULLBACK,2025-02-24T11:00:00Z,2025-02-24T14:03:40.000Z,-14.200000000000001,968,1529.7869026946476,1563.8669026946475,34.07999999999993
V7_20250225T130500Z_LONG,V7_SWING_HEALTH,2025-02-25T13:05:00Z,2025-02-25T14:20:00.000Z,11.366895721804003,969,1541.1537984164515,1563.8669026946475,22.713104278195942
V7_20250225T142000Z_SHORT,V7_SWING_HEALTH,2025-02-25T14:20:00Z,2025-02-25T15:20:00.000Z,12.150652892042405,970,1553.304451308494,1563.8669026946475,10.562451386153498
V7_20250226T064500Z_LONG,V7_SWING_HEALTH,2025-02-26T06:45:00Z,2025-02-26T08:19:25.000Z,2.192176419391019,971,1555.496627727885,1563.8669026946475,8.370274966762508
V7_20250226T143000Z_LONG,V7_SWING_HEALTH,2025-02-26T14:30:00Z,2025-02-26T15:30:00.000Z,13.71814511443772,972,1569.2147728423226,1569.2147728423226,0.0
V7_20250227T053500Z_LONG,V7_SWING_HEALTH,2025-02-27T05:35:00Z,2025-02-27T08:10:00.000Z,-6.0128061127375885,973,1563.2019667295851,1569.2147728423226,6.012806112737508
V9_BREAK_20250228T062000Z_SHORT,V57_BREAK_SWING_H4ADX_HIGH,2025-02-28T06:20:00Z,2025-02-28T08:20:00.000Z,8.976528258416796,974,1572.1784949880018,1572.1784949880018,0.0
V9_BREAK_20250228T082000Z_LONG,V57_BREAK_SWING_H4ADX_HIGH,2025-02-28T08:20:00Z,2025-02-28T10:50:00.000Z,9.143979961760854,975,1581.3224749497626,1581.3224749497626,0.0
V9_BREAK_20250303T003000Z_LONG,V57_BREAK_SWING_H4ADX_HIGH,2025-03-03T00:30:00Z,2025-03-03T03:15:00.000Z,-7.7412934250241365,976,1573.5811815247384,1581.3224749497626,7.741293425024196
V9_BREAK_20250303T075500Z_LONG,V57_BREAK_SWING_H4ADX_HIGH,2025-03-03T07:55:00Z,2025-03-03T08:30:00.000Z,-4.356619966361014,977,1569.2245615583774,1581.3224749497626,12.097913391385191
V9_BREAK_20250304T022000Z_LONG,V57_BREAK_SWING_H4ADX_HIGH,2025-03-04T02:20:00Z,2025-03-04T07:30:00.000Z,8.673870475129299,978,1577.8984320335067,1581.3224749497626,3.424042916255985
V9_BREAK_20250304T074000Z_LONG,V57_BREAK_SWING_H4ADX_HIGH,2025-03-04T07:40:00Z,2025-03-04T08:20:00.000Z,9.99319439441961,979,1587.8916264279262,1587.8916264279262,0.0
V7_20250306T161500Z_LONG,V7_SWING_HEALTH,2025-03-06T16:15:00Z,2025-03-07T00:10:00.000Z,-8.684866614993435,980,1579.206759812933,1587.8916264279262,8.684866614993325
V7_20250310T011500Z_SHORT,V7_SWING_HEALTH,2025-03-10T01:15:00Z,2025-03-10T02:41:30.000Z,1.794278823835978,981,1581.001038636769,1587.8916264279262,6.890587791157259
V7_20250310T074500Z_SHORT,V7_SWING_HEALTH,2025-03-10T07:45:00Z,2025-03-10T07:55:00.000Z,6.643946382553833,982,1587.6449850193228,1587.8916264279262,0.24664140860340922
V7_20250311T080500Z_SHORT,V7_SWING_HEALTH,2025-03-11T08:05:00Z,2025-03-11T08:25:00.000Z,-4.966125969883086,983,1582.6788590494398,1587.8916264279262,5.212767378486433
V7_20250311T083500Z_SHORT,V7_SWING_HEALTH,2025-03-11T08:35:00Z,2025-03-11T09:10:00.000Z,-4.928192794530967,984,1577.7506662549088,1587.8916264279262,10.140960173017447
V7_20250312T031500Z_SHORT,V7_SWING_HEALTH,2025-03-12T03:15:00Z,2025-03-12T07:05:00.000Z,6.369097222222223,985,1584.119763477131,1587.8916264279262,3.771862950795139
V7_20250312T071000Z_LONG,V7_SWING_HEALTH,2025-03-12T07:10:00Z,2025-03-12T08:55:00.000Z,7.930051058590246,986,1592.0498145357212,1592.0498145357212,0.0
2025-03-13 12:45:00|LONG|r1_h1_pullback_long_v1,R1_PULLBACK,2025-03-13T12:45:00Z,2025-03-13T15:10:05.000Z,27.089999999999996,987,1619.1398145357211,1619.1398145357211,0.0
2025-03-13 13:15:00|LONG|r1_h1_pullback_long_v1,R1_PULLBACK,2025-03-13T13:15:00Z,2025-03-13T15:39:30.000Z,29.189999999999998,988,1648.3298145357212,1648.3298145357212,0.0
2025-03-14 13:15:00|LONG|r1_h1_pullback_long_v1,R1_PULLBACK,2025-03-14T13:15:00Z,2025-03-14T14:02:40.000Z,-9.38,989,1638.949814535721,1648.3298145357212,9.38000000000011
2025-03-17 09:15:00|LONG|r1_h1_pullback_long_v1,R1_PULLBACK,2025-03-17T09:15:00Z,2025-03-17T11:23:25.000Z,-11.47,990,1627.479814535721,1648.3298145357212,20.850000000000136
V9_BREAK_20250318T061500Z_LONG,V57_BREAK_SWING_H4ADX_HIGH,2025-03-18T06:15:00Z,2025-03-18T06:25:00.000Z,-5.495531547727895,991,1621.984282987993,1648.3298145357212,26.345531547728115
V9_BREAK_20250319T080000Z_SHORT,V57_BREAK_SWING_H4ADX_HIGH,2025-03-19T08:00:00Z,2025-03-19T09:00:00.000Z,9.711867343920133,992,1631.6961503319133,1648.3298145357212,16.63366420380794
V9_BREAK_20250319T092000Z_LONG,V57_BREAK_SWING_H4ADX_HIGH,2025-03-19T09:20:00Z,2025-03-19T11:30:00.000Z,10.095509942195937,993,1641.7916602741093,1648.3298145357212,6.538154261611908
2025-03-19 10:15:00|LONG|r1_h1_pullback_long_v1,R1_PULLBACK,2025-03-19T10:15:00Z,2025-03-19T13:08:15.000Z,-9.35,994,1632.4416602741094,1648.3298145357212,15.888154261611817
2025-03-19 10:30:00|LONG|r1_h1_pullback_long_v1,R1_PULLBACK,2025-03-19T10:30:00Z,2025-03-19T13:09:40.000Z,-12.360000000000001,995,1620.0816602741095,1648.3298145357212,28.248154261611717
2025-03-19 13:00:00|LONG|r1_h1_pullback_long_v1,R1_PULLBACK,2025-03-19T13:00:00Z,2025-03-19T13:23:05.000Z,-6.9399999999999995,996,1613.1416602741094,1648.3298145357212,35.18815426161177
V7_20250320T014000Z_SHORT,V7_SWING_HEALTH,2025-03-20T01:40:00Z,2025-03-20T03:00:00.000Z,8.14790083051117,997,1621.2895611046206,1648.3298145357212,27.04025343110061
V9_BREAK_20250320T065000Z_SHORT,V57_BREAK_SWING_H4ADX_HIGH,2025-03-20T06:50:00Z,2025-03-20T08:25:00.000Z,8.051694024221073,998,1629.3412551288416,1648.3298145357212,18.98855940687963
V7_20250321T120000Z_SHORT,V7_SWING_HEALTH,2025-03-21T12:00:00Z,2025-03-21T13:35:00.000Z,8.658809504296835,999,1638.0000646331384,1648.3298145357212,10.329749902582762
V9_BREAK_20250321T104500Z_LONG,V57_BREAK_SWING_H4ADX_HIGH,2025-03-21T10:45:00Z,2025-03-21T13:35:00.000Z,-4.499997173876476,1000,1633.500067459262,1648.3298145357212,14.82974707645917
V9_BREAK_20250324T014500Z_SHORT,V57_BREAK_SWING_H4ADX_HIGH,2025-03-24T01:45:00Z,2025-03-24T02:50:00.000Z,7.288220730908739,1001,1640.7882881901708,1648.3298145357212,7.541526345550437
V9_BREAK_20250324T074500Z_LONG,V57_BREAK_SWING_H4ADX_HIGH,2025-03-24T07:45:00Z,2025-03-24T09:10:00.000Z,6.809329735578599,1002,1647.5976179257493,1648.3298145357212,0.7321966099718793
V7_20250325T073000Z_LONG,V7_SWING_HEALTH,2025-03-25T07:30:00Z,2025-03-25T08:00:00.000Z,-4.082291666666666,1003,1643.5153262590827,1648.3298145357212,4.814488276638485
2025-03-27 13:00:00|LONG|r1_h1_pullback_long_v1,R1_PULLBACK,2025-03-27T13:00:00Z,2025-03-27T13:39:40.000Z,16.499999999999996,1004,1660.0153262590827,1660.0153262590827,0.0
V7_20250327T132000Z_LONG,V7_SWING_HEALTH,2025-03-27T13:20:00Z,2025-03-27T13:40:00.000Z,-7.434993139524263,1005,1652.5803331195584,1660.0153262590827,7.434993139524295
2025-03-27 13:15:00|LONG|r1_h1_pullback_long_v1,R1_PULLBACK,2025-03-27T13:15:00Z,2025-03-28T04:33:35.000Z,29.83,1006,1682.4103331195583,1682.4103331195583,0.0
2025-03-27 13:30:00|LONG|r1_h1_pullback_long_v1,R1_PULLBACK,2025-03-27T13:30:00Z,2025-03-28T10:21:10.000Z,25.969999999999708,1007,1708.3803331195581,1708.3803331195581,0.0
2025-03-28 10:00:00|LONG|r1_h1_pullback_long_v1,R1_PULLBACK,2025-03-28T10:00:00Z,2025-03-28T10:21:10.000Z,-4.559999999999855,1008,1703.8203331195582,1708.3803331195581,4.559999999999945
2025-03-28 10:15:00|LONG|r1_h1_pullback_long_v1,R1_PULLBACK,2025-03-28T10:15:00Z,2025-03-28T10:21:10.000Z,-3.8099999999998553,1009,1700.0103331195583,1708.3803331195581,8.36999999999989
2025-03-28 13:00:00|LONG|r1_h1_pullback_long_v1,R1_PULLBACK,2025-03-28T13:00:00Z,2025-03-28T13:37:25.000Z,-14.120000000000001,1010,1685.8903331195584,1708.3803331195581,22.48999999999978
2025-03-28 14:15:00|LONG|r1_h1_pullback_long_v1,R1_PULLBACK,2025-03-28T14:15:00Z,2025-03-30T22:02:40.000Z,18.099999999999998,1011,1703.9903331195583,1708.3803331195581,4.389999999999873
2025-03-28 10:30:00|LONG|r1_h1_pullback_long_v1,R1_PULLBACK,2025-03-28T10:30:00Z,2025-03-31T00:52:45.000Z,9.989999999999709,1012,1713.980333119558,1713.980333119558,0.0
2025-03-28 14:30:00|LONG|r1_h1_pullback_long_v1,R1_PULLBACK,2025-03-28T14:30:00Z,2025-03-31T00:52:45.000Z,4.24399999999987,1013,1718.224333119558,1718.224333119558,0.0
2025-03-28 14:45:00|LONG|r1_h1_pullback_long_v1,R1_PULLBACK,2025-03-28T14:45:00Z,2025-03-31T00:52:45.000Z,6.31999999999991,1014,1724.544333119558,1724.544333119558,0.0
V9_BREAK_20250331T000500Z_SHORT,V57_BREAK_SWING_H4ADX_HIGH,2025-03-31T00:05:00Z,2025-03-31T00:52:45.000Z,3.3209702789172497,1015,1727.8653033984751,1727.8653033984751,0.0
V9_BREAK_20250331T012500Z_LONG,V57_BREAK_SWING_H4ADX_HIGH,2025-03-31T01:25:00Z,2025-03-31T02:25:00.000Z,11.089107289060573,1016,1738.9544106875358,1738.9544106875358,0.0
2025-03-31 14:00:00|LONG|r1_h1_pullback_long_v1,R1_PULLBACK,2025-03-31T14:00:00Z,2025-04-01T02:47:30.000Z,30.099999999999998,1017,1769.0544106875357,1769.0544106875357,0.0
V9_BREAK_20250401T021500Z_LONG,V57_BREAK_SWING_H4ADX_HIGH,2025-04-01T02:15:00Z,2025-04-01T05:55:00.000Z,-6.895830749391187,1018,1762.1585799381444,1769.0544106875357,6.89583074939128
2025-04-01 10:15:00|LONG|r1_h1_pullback_long_v1,R1_PULLBACK,2025-04-01T10:15:00Z,2025-04-01T12:01:05.000Z,-7.499999999999999,1019,1754.6585799381444,1769.0544106875357,14.39583074939128
2025-04-01 11:45:00|LONG|r1_h1_pullback_long_v1,R1_PULLBACK,2025-04-01T11:45:00Z,2025-04-01T12:01:05.000Z,-4.779999999999999,1020,1749.8785799381444,1769.0544106875357,19.175830749391253
2025-04-01 12:30:00|LONG|r1_h1_pullback_long_v1,R1_PULLBACK,2025-04-01T12:30:00Z,2025-04-01T14:14:15.000Z,-7.31,1021,1742.5685799381445,1769.0544106875357,26.485830749391198
V9_BREAK_20250401T055500Z_SHORT,V57_BREAK_SWING_H4ADX_HIGH,2025-04-01T05:55:00Z,2025-04-01T15:45:00.000Z,11.484981676291726,1022,1754.0535616144361,1769.0544106875357,15.000849073099516
V9_BREAK_20250402T002500Z_LONG,V57_BREAK_SWING_H4ADX_HIGH,2025-04-02T00:25:00Z,2025-04-02T01:10:00.000Z,7.874088518572663,1023,1761.927650133009,1769.0544106875357,7.126760554526754
V9_BREAK_20250402T011000Z_LONG,V57_BREAK_SWING_H4ADX_HIGH,2025-04-02T01:10:00Z,2025-04-02T04:35:00.000Z,-6.077024476177838,1024,1755.850625656831,1769.0544106875357,13.203785030704694
2025-04-02 13:30:00|LONG|r1_h1_pullback_long_v1,R1_PULLBACK,2025-04-02T13:30:00Z,2025-04-02T20:13:30.000Z,-10.52,1025,1745.330625656831,1769.0544106875357,23.723785030704676
2025-03-31 14:45:00|LONG|r1_h1_pullback_long_v1,R1_PULLBACK,2025-03-31T14:45:00Z,2025-04-02T23:46:35.000Z,42.440000000000005,1026,1787.770625656831,1787.770625656831,0.0
V9_BREAK_20250403T001500Z_SHORT,V57_BREAK_SWING_H4ADX_HIGH,2025-04-03T00:15:00Z,2025-04-03T01:40:00.000Z,-13.189382540310636,1027,1774.5812431165205,1787.770625656831,13.18938254031059
V9_BREAK_20250414T122500Z_SHORT,V57_BREAK_SWING_H4ADX_HIGH,2025-04-14T12:25:00Z,2025-04-14T12:45:00.000Z,16.304262691785283,1028,1790.8855058083057,1790.8855058083057,0.0
V9_BREAK_20250414T131500Z_SHORT,V57_BREAK_SWING_H4ADX_HIGH,2025-04-14T13:15:00Z,2025-04-14T13:45:00.000Z,-12.635920478694635,1029,1778.249585329611,1790.8855058083057,12.635920478694743
V9_BREAK_20250415T011500Z_LONG,V57_BREAK_SWING_H4ADX_HIGH,2025-04-15T01:15:00Z,2025-04-15T01:40:50.000Z,2.2995008196515623,1030,1780.5490861492624,1790.8855058083057,10.336419659043258
V9_BREAK_20250415T052000Z_SHORT,V57_BREAK_SWING_H4ADX_HIGH,2025-04-15T05:20:00Z,2025-04-15T07:55:20.000Z,2.2880841191051764,1031,1782.8371702683676,1790.8855058083057,8.04833553993808
V9_BREAK_20250416T000000Z_LONG,V57_BREAK_SWING_H4ADX_HIGH,2025-04-16T00:00:00Z,2025-04-16T00:35:00.000Z,13.102193049804281,1032,1795.939363318172,1795.939363318172,0.0
V9_BREAK_20250416T010500Z_LONG,V57_BREAK_SWING_H4ADX_HIGH,2025-04-16T01:05:00Z,2025-04-16T01:35:00.000Z,-10.364769901397915,1033,1785.574593416774,1795.939363318172,10.364769901397949
V9_BREAK_20250417T000500Z_SHORT,V57_BREAK_SWING_H4ADX_HIGH,2025-04-17T00:05:00Z,2025-04-17T01:15:00.000Z,-6.959310385302802,1034,1778.615283031471,1795.939363318172,17.32408028670079
V9_BREAK_20250417T011500Z_LONG,V57_BREAK_SWING_H4ADX_HIGH,2025-04-17T01:15:00Z,2025-04-17T01:35:00.000Z,-9.714533688500502,1035,1768.9007493429706,1795.939363318172,27.038613975201315
V9_BREAK_20250421T000500Z_LONG,V57_BREAK_SWING_H4ADX_HIGH,2025-04-21T00:05:00Z,2025-04-21T01:05:00.000Z,17.872203205125842,1036,1786.7729525480963,1795.939363318172,9.166410770075572
V9_BREAK_20250421T024000Z_LONG,V57_BREAK_SWING_H4ADX_HIGH,2025-04-21T02:40:00Z,2025-04-21T04:15:00.000Z,-9.928809788840773,1037,1776.8441427592556,1795.939363318172,19.095220558916253
V9_BREAK_20250422T012000Z_LONG,V57_BREAK_SWING_H4ADX_HIGH,2025-04-22T01:20:00Z,2025-04-22T02:35:00.000Z,24.402063591762673,1038,1801.2462063510184,1801.2462063510184,0.0
V9_BREAK_20250422T023500Z_LONG,V57_BREAK_SWING_H4ADX_HIGH,2025-04-22T02:35:00Z,2025-04-22T03:30:00.000Z,25.96103775409351,1039,1827.2072441051118,1827.2072441051118,0.0
36bd9ded30a58d7a02cb26b9,R4_CHOP,2025-04-30T08:15:00.025000Z,2025-04-30T12:45:10.000Z,-12.254589937187014,1040,1814.9526541679247,1827.2072441051118,12.25458993718712
V7_20250502T120000Z_SHORT,V7_SWING_HEALTH,2025-05-02T12:00:00Z,2025-05-02T12:39:25.000Z,2.4641920893862532,1041,1817.416846257311,1827.2072441051118,9.790397847800932
V7_20250509T123500Z_SHORT,V7_SWING_HEALTH,2025-05-09T12:35:00Z,2025-05-09T13:30:00.000Z,-8.771650150601701,1042,1808.6451961067091,1827.2072441051118,18.562047998402704
V7_20250513T092000Z_LONG,V7_SWING_HEALTH,2025-05-13T09:20:00Z,2025-05-13T11:20:00.000Z,-7.053925013048795,1043,1801.5912710936605,1827.2072441051118,25.615973011451388
V7_20250514T081500Z_SHORT,V7_SWING_HEALTH,2025-05-14T08:15:00Z,2025-05-14T12:05:00.000Z,16.407492956438848,1044,1817.9987640500992,1827.2072441051118,9.208480055012615
V9_BREAK_20250515T084000Z_LONG,V57_BREAK_SWING_H4ADX_HIGH,2025-05-15T08:40:00Z,2025-05-15T10:35:00.000Z,20.780105408503335,1045,1838.7788694586025,1838.7788694586025,0.0
V9_BREAK_20250515T120500Z_LONG,V57_BREAK_SWING_H4ADX_HIGH,2025-05-15T12:05:00Z,2025-05-15T13:20:00.000Z,14.468490159378176,1046,1853.2473596179807,1853.2473596179807,0.0
f93789480ce59db3dd2d7d72,R2_DOWNTREND,2025-05-14T02:00:00.095000Z,2025-05-15T14:00:05.000Z,43.90042338265095,1047,1897.1477830006315,1897.1477830006315,0.0
V7_20250516T083000Z_LONG,V7_SWING_HEALTH,2025-05-16T08:30:00Z,2025-05-16T10:40:00.000Z,-10.3595932862098,1048,1886.7881897144218,1897.1477830006315,10.359593286209702
3d0f4c1c9afa4659aeccb611,R2_DOWNTREND,2025-05-16T12:00:00.060000Z,2025-05-16T12:37:40.000Z,-17.698783321869797,1049,1869.089406392552,1897.1477830006315,28.05837660807947
V7_20250528T082000Z_SHORT,V7_SWING_HEALTH,2025-05-28T08:20:00Z,2025-05-28T13:02:15.000Z,3.5596372268539063,1050,1872.649043619406,1897.1477830006315,24.498739381225505
V25_b394e95c97edfe48603a2262,V25_CHOP,2025-06-02T05:30:00.033000Z,2025-06-02T06:41:00.000Z,21.18179160751339,1051,1893.8308352269194,1897.1477830006315,3.3169477737121724
V7_20250602T114500Z_SHORT,V7_SWING_HEALTH,2025-06-02T11:45:00Z,2025-06-02T12:30:00.000Z,-7.852995444916592,1052,1885.9778397820028,1897.1477830006315,11.16994321862876
V7_20250603T122500Z_LONG,V7_SWING_HEALTH,2025-06-03T12:25:00Z,2025-06-03T13:50:00.000Z,-6.582412861526195,1053,1879.3954269204767,1897.1477830006315,17.75235608015487
2025-06-05 09:15:00|LONG|r1_h1_pullback_long_v1,R1_PULLBACK,2025-06-05T09:15:00Z,2025-06-05T10:57:30.000Z,20.349999999999998,1054,1899.7454269204766,1899.7454269204766,0.0
2025-06-05 10:00:00|LONG|r1_h1_pullback_long_v1,R1_PULLBACK,2025-06-05T10:00:00Z,2025-06-05T14:05:45.000Z,-19.53,1055,1880.2154269204766,1899.7454269204766,19.529999999999973
2025-06-05 13:45:00|LONG|r1_h1_pullback_long_v1,R1_PULLBACK,2025-06-05T13:45:00Z,2025-06-05T14:05:45.000Z,-15.790000000000001,1056,1864.4254269204766,1899.7454269204766,35.319999999999936
2025-06-05 09:30:00|LONG|r1_h1_pullback_long_v1,R1_PULLBACK,2025-06-05T09:30:00Z,2025-06-05T14:05:55.000Z,-19.67,1057,1844.7554269204766,1899.7454269204766,54.99000000000001
V7_20250610T082500Z_SHORT,V7_SWING_HEALTH,2025-06-10T08:25:00Z,2025-06-10T11:10:00.000Z,-7.809271461124237,1058,1836.9461554593524,1899.7454269204766,62.799271461124135
2025-06-13 12:30:00|LONG|r1_h1_pullback_long_v1,R1_PULLBACK,2025-06-13T12:30:00Z,2025-06-16T07:13:30.000Z,-17.080000000000002,1059,1819.8661554593525,1899.7454269204766,79.87927146112406
V7_20250616T111000Z_SHORT,V7_SWING_HEALTH,2025-06-16T11:10:00Z,2025-06-16T13:19:00.000Z,2.7661238192938753,1060,1822.6322792786464,1899.7454269204766,77.11314764183021
V7_20250620T130500Z_LONG,V7_SWING_HEALTH,2025-06-20T13:05:00Z,2025-06-20T13:35:00.000Z,12.979402535858599,1061,1835.611681814505,1899.7454269204766,64.13374510597168
6bdb7058d53d70ba06271cc2,R4_CHOP,2025-06-24T06:15:00.073000Z,2025-06-24T13:40:10.000Z,23.76044831945264,1062,1859.3721301339576,1899.7454269204766,40.37329678651895
V7_20250625T122000Z_LONG,V7_SWING_HEALTH,2025-06-25T12:20:00Z,2025-06-25T12:45:00.000Z,-5.757231388233231,1063,1853.6148987457243,1899.7454269204766,46.13052817475227
V7_20250626T093000Z_LONG,V7_SWING_HEALTH,2025-06-26T09:30:00Z,2025-06-26T11:35:00.000Z,-5.405658790430065,1064,1848.2092399552942,1899.7454269204766,51.536186965182424
V9_BREAK_20250627T175000Z_LONG,V57_BREAK_SWING_H4ADX_HIGH,2025-06-27T17:50:00Z,2025-06-27T18:05:00.000Z,-6.91103135474897,1065,1841.2982086005452,1899.7454269204766,58.44721831993138
V9_BREAK_20250627T183500Z_SHORT,V57_BREAK_SWING_H4ADX_HIGH,2025-06-27T18:35:00Z,2025-06-29T22:00:00.000Z,-4.120280769606887,1066,1837.1779278309384,1899.7454269204766,62.56749908953816
V9_BREAK_20250630T010500Z_SHORT,V57_BREAK_SWING_H4ADX_HIGH,2025-06-30T01:05:00Z,2025-06-30T01:15:00.000Z,-8.064326072441963,1067,1829.1136017584965,1899.7454269204766,70.63182516198003
V9_BREAK_20250630T012000Z_LONG,V57_BREAK_SWING_H4ADX_HIGH,2025-06-30T01:20:00Z,2025-06-30T05:25:00.000Z,15.444413671286947,1068,1844.5580154297834,1899.7454269204766,55.187411490693194
V9_BREAK_20250701T032500Z_LONG,V57_BREAK_SWING_H4ADX_HIGH,2025-07-01T03:25:00Z,2025-07-01T05:35:00.000Z,9.176143357903085,1069,1853.7341587876865,1899.7454269204766,46.011268132790065
V25_8856d73487bb090989282a58,V25_CHOP,2025-07-02T22:45:00.076000Z,2025-07-02T23:10:40.000Z,-8.037113196579996,1070,1845.6970455911064,1899.7454269204766,54.04838132937016
8f176b174147773177ecfc75,R4_CHOP,2025-07-02T23:15:00.212000Z,2025-07-03T00:00:50.000Z,-8.145744699982258,1071,1837.5513008911241,1899.7454269204766,62.19412602935245
V25_47bd827e48f2eb71b2d19431,V25_CHOP,2025-07-03T00:15:00.210000Z,2025-07-03T06:03:45.000Z,14.592753955594759,1072,1852.144054846719,1899.7454269204766,47.6013720737576
V25_5c0b604ee76318653948b9c3,V25_CHOP,2025-07-03T06:15:00.069000Z,2025-07-03T08:21:05.000Z,-8.3574619856726,1073,1843.7865928610463,1899.7454269204766,55.958834059430274
V25_985ea9fad1069cdcd9c80fd7,V25_CHOP,2025-07-07T08:30:00.007000Z,2025-07-07T14:13:35.000Z,-9.258733042163485,1074,1834.527859818883,1899.7454269204766,65.21756710159366
106e717fd9d04f538a5efaa5,R3_COMPRESSION,2025-07-08T14:00:00.019000Z,2025-07-08T17:27:00.000Z,3.818748426493119,1075,1838.346608245376,1899.7454269204766,61.39881867510053
ea62ac6ef16718f9f6117366,R3_COMPRESSION,2025-07-09T03:00:00.069000Z,2025-07-09T04:26:00.000Z,-9.175498620577097,1076,1829.1711096247989,1899.7454269204766,70.5743172956777
V7_20250710T091000Z_SHORT,V7_SWING_HEALTH,2025-07-10T09:10:00Z,2025-07-10T12:00:00.000Z,7.6447237508373975,1077,1836.8158333756362,1899.7454269204766,62.92959354484037
V7_20250710T122500Z_LONG,V7_SWING_HEALTH,2025-07-10T12:25:00Z,2025-07-10T13:50:00.000Z,-5.74144450693671,1078,1831.0743888686995,1899.7454269204766,68.67103805177703
0ceaad778b275a37c4bae639,R3_COMPRESSION,2025-07-11T11:00:00.067000Z,2025-07-11T17:01:40.000Z,4.808555907845086,1079,1835.8829447765447,1899.7454269204766,63.86248214393186
7155f1fc8a59aca9d63e6c48,R3_COMPRESSION,2025-07-17T13:00:00.046000Z,2025-07-17T13:57:40.000Z,-9.873396754195952,1080,1826.0095480223488,1899.7454269204766,73.7358788981278
2025-07-22 11:45:00|LONG|r1_h1_pullback_long_v1,R1_PULLBACK,2025-07-22T11:45:00Z,2025-07-22T12:21:20.000Z,7.330000000000001,1081,1833.3395480223487,1899.7454269204766,66.40587889812787
2025-07-22 12:00:00|LONG|r1_h1_pullback_long_v1,R1_PULLBACK,2025-07-22T12:00:00Z,2025-07-22T12:42:05.000Z,10.139999999999999,1082,1843.4795480223488,1899.7454269204766,56.26587889812777
2025-07-22 12:15:00|LONG|r1_h1_pullback_long_v1,R1_PULLBACK,2025-07-22T12:15:00Z,2025-07-22T13:07:20.000Z,16.089999999999996,1083,1859.5695480223487,1899.7454269204766,40.17587889812785
2025-07-22 12:30:00|LONG|r1_h1_pullback_long_v1,R1_PULLBACK,2025-07-22T12:30:00Z,2025-07-22T15:04:40.000Z,28.369999999999997,1084,1887.9395480223486,1899.7454269204766,11.805878898127958
2025-07-22 12:45:00|LONG|r1_h1_pullback_long_v1,R1_PULLBACK,2025-07-22T12:45:00Z,2025-07-23T10:04:55.000Z,23.400000000000162,1085,1911.3395480223487,1911.3395480223487,0.0
2025-07-23 09:00:00|LONG|r1_h1_pullback_long_v1,R1_PULLBACK,2025-07-23T09:00:00Z,2025-07-23T10:04:55.000Z,-1.4599999999999285,1086,1909.8795480223487,1911.3395480223487,1.4600000000000364
2025-07-23 09:15:00|LONG|r1_h1_pullback_long_v1,R1_PULLBACK,2025-07-23T09:15:00Z,2025-07-23T10:04:55.000Z,-3.0899999999999648,1087,1906.7895480223488,1911.3395480223487,4.5499999999999545
2025-07-23 11:30:00|LONG|r1_h1_pullback_long_v1,R1_PULLBACK,2025-07-23T11:30:00Z,2025-07-23T13:00:20.000Z,-6.26,1088,1900.5295480223488,1911.3395480223487,10.809999999999945
2025-07-23 11:45:00|LONG|r1_h1_pullback_long_v1,R1_PULLBACK,2025-07-23T11:45:00Z,2025-07-23T13:00:20.000Z,-9.66,1089,1890.8695480223487,1911.3395480223487,20.470000000000027
V9_BREAK_20250729T012000Z_LONG,V57_BREAK_SWING_H4ADX_HIGH,2025-07-29T01:20:00Z,2025-07-29T04:30:00.000Z,-5.38488073987593,1090,1885.4846672824729,1911.3395480223487,25.854880739875853
da03d27d153c27e0f12fbe5a,R2_DOWNTREND,2025-07-30T13:00:00.008000Z,2025-07-31T07:45:35.000Z,5.313441773153807,1091,1890.7981090556266,1911.3395480223487,20.541438966722126
2025-08-07 09:15:00|LONG|r1_h1_pullback_long_v1,R1_PULLBACK,2025-08-07T09:15:00Z,2025-08-07T20:07:15.000Z,19.409999999999997,1092,1910.2081090556267,1911.3395480223487,1.131438966722044
2025-08-07 12:30:00|LONG|r1_h1_pullback_long_v1,R1_PULLBACK,2025-08-07T12:30:00Z,2025-08-07T22:00:00.000Z,22.299999999999997,1093,1932.5081090556266,1932.5081090556266,0.0
2025-08-08 09:15:00|LONG|r1_h1_pullback_long_v1,R1_PULLBACK,2025-08-08T09:15:00Z,2025-08-08T10:20:00.000Z,-6.26,1094,1926.2481090556266,1932.5081090556266,6.259999999999991
2025-08-08 14:00:00|LONG|r1_h1_pullback_long_v1,R1_PULLBACK,2025-08-08T14:00:00Z,2025-08-08T14:09:05.000Z,-14.74,1095,1911.5081090556266,1932.5081090556266,21.0
2025-08-07 14:15:00|LONG|r1_h1_pullback_long_v1,R1_PULLBACK,2025-08-07T14:15:00Z,2025-08-11T01:07:45.000Z,-16.880000000000003,1096,1894.6281090556265,1932.5081090556266,37.88000000000011
2025-08-07 14:45:00|LONG|r1_h1_pullback_long_v1,R1_PULLBACK,2025-08-07T14:45:00Z,2025-08-11T01:07:45.000Z,-14.06,1097,1880.5681090556266,1932.5081090556266,51.940000000000055
V7_20250811T092500Z_LONG,V7_SWING_HEALTH,2025-08-11T09:25:00Z,2025-08-11T09:55:00.000Z,-7.645713421108808,1098,1872.9223956345177,1932.5081090556266,59.58571342110895
cabdf210903e3c2e07c74d61,R4_CHOP,2025-08-11T06:30:00.033000Z,2025-08-11T12:30:45.000Z,20.63304709697341,1099,1893.555442731491,1932.5081090556266,38.952666324135635
4d93f54e9e73876b5e6697f3,R4_CHOP,2025-08-11T23:00:00.166000Z,2025-08-12T01:10:55.000Z,-11.266511572925864,1100,1882.2889311585652,1932.5081090556266,50.2191778970614
603fe41194cb5dc98d0c2639,R4_CHOP,2025-08-12T03:00:01.856000Z,2025-08-12T11:45:35.000Z,4.709780584331716,1101,1886.9987117428968,1932.5081090556266,45.50939731272979
b98fc8981224ff465707ecf9,R3_COMPRESSION,2025-08-22T08:00:00.198000Z,2025-08-22T13:37:20.000Z,-6.204043071103782,1102,1880.794668671793,1932.5081090556266,51.713440383833586
855aed9cb331b5d81e34762c,R3_COMPRESSION,2025-08-22T15:00:00.143000Z,2025-08-24T22:00:05.000Z,-5.110418482403348,1103,1875.6842501893898,1932.5081090556266,56.82385886623683
de671f6624bcb614e1b17046,R3_COMPRESSION,2025-08-24T23:00:00.157000Z,2025-08-25T15:07:40.000Z,-10.273788461236434,1104,1865.4104617281535,1932.5081090556266,67.09764732747317
2025-08-28 13:30:00|LONG|r1_h1_pullback_long_v1,R1_PULLBACK,2025-08-28T13:30:00Z,2025-08-29T13:57:40.000Z,22.24,1105,1887.6504617281535,1932.5081090556266,44.85764732747316
2025-08-27 20:00:00|LONG|h4_d1_long_best_box2_atr80,R1_BOX,2025-08-27T20:00:00Z,2025-09-01T06:33:05.000Z,89.54,1106,1977.1904617281534,1977.1904617281534,0.0
V9_BREAK_20250901T024500Z_LONG,V57_BREAK_SWING_H4ADX_HIGH,2025-09-01T02:45:00Z,2025-09-01T06:58:05.000Z,3.8722679808967313,1107,1981.0627297090502,1981.0627297090502,0.0
V9_BREAK_20250902T013000Z_LONG,V57_BREAK_SWING_H4ADX_HIGH,2025-09-02T01:30:00Z,2025-09-02T01:55:00.000Z,-7.813010898793581,1108,1973.2497188102566,1981.0627297090502,7.813010898793664
V9_BREAK_20250902T044500Z_LONG,V57_BREAK_SWING_H4ADX_HIGH,2025-09-02T04:45:00Z,2025-09-02T05:25:00.000Z,-5.803456611957857,1109,1967.4462621982987,1981.0627297090502,13.61646751075159
2025-09-02 11:45:00|LONG|r1_h1_pullback_long_v1,R1_PULLBACK,2025-09-02T11:45:00Z,2025-09-02T12:36:35.000Z,-7.05,1110,1960.3962621982987,1981.0627297090502,20.666467510751545
2025-09-02 12:00:00|LONG|r1_h1_pullback_long_v1,R1_PULLBACK,2025-09-02T12:00:00Z,2025-09-02T12:36:40.000Z,-12.67,1111,1947.7262621982986,1981.0627297090502,33.33646751075162
2025-09-02 11:00:00|LONG|r1_h1_pullback_long_v1,R1_PULLBACK,2025-09-02T11:00:00Z,2025-09-02T12:40:05.000Z,-11.65,1112,1936.0762621982985,1981.0627297090502,44.98646751075171
2025-09-02 13:30:00|LONG|r1_h1_pullback_long_v1,R1_PULLBACK,2025-09-02T13:30:00Z,2025-09-02T14:44:45.000Z,24.38,1113,1960.4562621982986,1981.0627297090502,20.6064675107516
2025-09-02 13:45:00|LONG|r1_h1_pullback_long_v1,R1_PULLBACK,2025-09-02T13:45:00Z,2025-09-02T16:06:20.000Z,32.6,1114,1993.0562621982986,1993.0562621982986,0.0
V9_BREAK_20250903T002000Z_LONG,V57_BREAK_SWING_H4ADX_HIGH,2025-09-03T00:20:00Z,2025-09-03T00:25:00.000Z,8.979491871621683,1115,2002.0357540699201,2002.0357540699201,0.0
V9_BREAK_20250903T002500Z_LONG,V57_BREAK_SWING_H4ADX_HIGH,2025-09-03T00:25:00Z,2025-09-03T00:30:00.000Z,-7.095728227477609,1116,1994.9400258424425,2002.0357540699201,7.0957282274775935
V9_BREAK_20250904T013500Z_SHORT,V57_BREAK_SWING_H4ADX_HIGH,2025-09-04T01:35:00Z,2025-09-04T02:50:00.000Z,13.859475538179536,1117,2008.7995013806221,2008.7995013806221,0.0
V9_BREAK_20250904T025000Z_SHORT,V57_BREAK_SWING_H4ADX_HIGH,2025-09-04T02:50:00Z,2025-09-04T03:15:00.000Z,17.417481181753722,1118,2026.216982562376,2026.216982562376,0.0
V9_BREAK_20250905T033500Z_LONG,V57_BREAK_SWING_H4ADX_HIGH,2025-09-05T03:35:00Z,2025-09-05T06:15:00.000Z,-6.198561554524233,1119,2020.0184210078517,2026.216982562376,6.198561554524304
V9_BREAK_20250905T061500Z_SHORT,V57_BREAK_SWING_H4ADX_HIGH,2025-09-05T06:15:00Z,2025-09-05T12:30:00.000Z,-5.614022859691324,1120,2014.4043981481602,2026.216982562376,11.812584414215735
2025-09-05 10:30:00|LONG|r1_h1_pullback_long_v1,R1_PULLBACK,2025-09-05T10:30:00Z,2025-09-05T12:30:45.000Z,13.77,1121,2028.1743981481602,2028.1743981481602,0.0
2025-09-04 14:45:00|LONG|r1_h1_pullback_long_v1,R1_PULLBACK,2025-09-04T14:45:00Z,2025-09-05T12:30:55.000Z,23.549999999999997,1122,2051.72439814816,2051.72439814816,0.0
V9_BREAK_20250908T010000Z_LONG,V57_BREAK_SWING_H4ADX_HIGH,2025-09-08T01:00:00Z,2025-09-08T01:10:00.000Z,-6.870720520948226,1123,2044.853677627212,2051.72439814816,6.870720520948225
V9_BREAK_20250908T033000Z_SHORT,V57_BREAK_SWING_H4ADX_HIGH,2025-09-08T03:30:00Z,2025-09-08T06:00:00.000Z,-7.5642506786368875,1124,2037.289426948575,2051.72439814816,14.434971199585107
V9_BREAK_20250909T002000Z_LONG,V57_BREAK_SWING_H4ADX_HIGH,2025-09-09T00:20:00Z,2025-09-09T02:10:00.000Z,8.43381582170208,1125,2045.7232427702772,2051.72439814816,6.001155377882924
V9_BREAK_20250909T021000Z_LONG,V57_BREAK_SWING_H4ADX_HIGH,2025-09-09T02:10:00Z,2025-09-09T03:05:00.000Z,-8.137753402496884,1126,2037.5854893677804,2051.72439814816,14.13890878037978
2025-09-09 13:15:00|LONG|r1_h1_pullback_long_v1,R1_PULLBACK,2025-09-09T13:15:00Z,2025-09-09T14:00:40.000Z,19.679999999999996,1127,2057.2654893677804,2057.2654893677804,0.0
2025-09-09 13:30:00|LONG|r1_h1_pullback_long_v1,R1_PULLBACK,2025-09-09T13:30:00Z,2025-09-09T14:08:45.000Z,-18.46,1128,2038.8054893677804,2057.2654893677804,18.460000000000036
V9_BREAK_20250910T015500Z_LONG,V57_BREAK_SWING_H4ADX_HIGH,2025-09-10T01:55:00Z,2025-09-10T07:50:00.000Z,15.089661887795804,1129,2053.8951512555764,2057.2654893677804,3.370338112204081
V9_BREAK_20250910T094500Z_LONG,V57_BREAK_SWING_H4ADX_HIGH,2025-09-10T09:45:00Z,2025-09-10T12:40:00.000Z,-4.976704734448024,1130,2048.9184465211283,2057.2654893677804,8.34704284665213
V9_BREAK_20250911T000500Z_LONG,V57_BREAK_SWING_H4ADX_HIGH,2025-09-11T00:05:00Z,2025-09-11T00:55:00.000Z,-4.340531332467511,1131,2044.5779151886609,2057.2654893677804,12.687574179119565
V9_BREAK_20250911T015000Z_SHORT,V57_BREAK_SWING_H4ADX_HIGH,2025-09-11T01:50:00Z,2025-09-11T03:45:00.000Z,9.558953020912128,1132,2054.136868209573,2057.2654893677804,3.128621158207352
V9_BREAK_20250912T005000Z_LONG,V57_BREAK_SWING_H4ADX_HIGH,2025-09-12T00:50:00Z,2025-09-12T01:19:05.000Z,1.9356631460766347,1133,2056.0725313556495,2057.2654893677804,1.19295801213093
V9_BREAK_20250912T021000Z_LONG,V57_BREAK_SWING_H4ADX_HIGH,2025-09-12T02:10:00Z,2025-09-12T08:15:00.000Z,-6.892710179279628,1134,2049.17982117637,2057.2654893677804,8.085668191410605
V9_BREAK_20250915T001500Z_LONG,V57_BREAK_SWING_H4ADX_HIGH,2025-09-15T00:15:00Z,2025-09-15T00:35:00.000Z,-4.438696497934727,1135,2044.7411246784352,2057.2654893677804,12.524364689345248
V9_BREAK_20250915T004000Z_SHORT,V57_BREAK_SWING_H4ADX_HIGH,2025-09-15T00:40:00Z,2025-09-15T02:10:00.000Z,-5.312764655442438,1136,2039.4283600229928,2057.2654893677804,17.837129344787627
2025-09-15 09:00:00|LONG|r1_h1_pullback_long_v1,R1_PULLBACK,2025-09-15T09:00:00Z,2025-09-15T15:23:40.000Z,20.06,1137,2059.4883600229928,2059.4883600229928,0.0
2025-09-15 13:00:00|LONG|r1_h1_pullback_long_v1,R1_PULLBACK,2025-09-15T13:00:00Z,2025-09-15T15:55:40.000Z,28.369999999999997,1138,2087.8583600229927,2087.8583600229927,0.0
V9_BREAK_20250916T010000Z_LONG,V57_BREAK_SWING_H4ADX_HIGH,2025-09-16T01:00:00Z,2025-09-16T01:05:00.000Z,-4.828565405431126,1139,2083.0297946175615,2087.8583600229927,4.8285654054311635
V9_BREAK_20250916T012000Z_SHORT,V57_BREAK_SWING_H4ADX_HIGH,2025-09-16T01:20:00Z,2025-09-16T02:10:00.000Z,-6.162826456606985,1140,2076.8669681609545,2087.8583600229927,10.9913918620382
2025-09-15 13:30:00|LONG|r1_h1_pullback_long_v1,R1_PULLBACK,2025-09-15T13:30:00Z,2025-09-16T06:44:45.000Z,35.120000000000005,1141,2111.9869681609543,2111.9869681609543,0.0
2025-09-16 14:15:00|LONG|r1_h1_pullback_long_v1,R1_PULLBACK,2025-09-16T14:15:00Z,2025-09-16T15:05:30.000Z,-15.77,1142,2096.2169681609544,2111.9869681609543,15.769999999999982
V9_BREAK_20250917T025000Z_LONG,V57_BREAK_SWING_H4ADX_HIGH,2025-09-17T02:50:00Z,2025-09-17T05:40:00.000Z,-6.846187506034548,1143,2089.3707806549196,2111.9869681609543,22.61618750603475
V9_BREAK_20250917T072000Z_SHORT,V57_BREAK_SWING_H4ADX_HIGH,2025-09-17T07:20:00Z,2025-09-17T12:50:00.000Z,-7.179970099994214,1144,2082.1908105549255,2111.9869681609543,29.796157606028828
V9_BREAK_20250918T012000Z_SHORT,V57_BREAK_SWING_H4ADX_HIGH,2025-09-18T01:20:00Z,2025-09-18T02:10:00.000Z,-9.392019857702058,1145,2072.7987906972235,2111.9869681609543,39.18817746373088
V9_BREAK_20250918T055500Z_SHORT,V57_BREAK_SWING_H4ADX_HIGH,2025-09-18T05:55:00Z,2025-09-18T06:15:00.000Z,9.984136116055563,1146,2082.782926813279,2111.9869681609543,29.20404134767523
V7_20250919T093000Z_SHORT,V7_SWING_HEALTH,2025-09-19T09:30:00Z,2025-09-19T11:55:00.000Z,8.148343344744402,1147,2090.9312701580234,2111.9869681609543,21.055698002930967
V9_BREAK_20250922T160500Z_LONG,V57_BREAK_SWING_H4ADX_HIGH,2025-09-22T16:05:00Z,2025-09-23T01:10:00.000Z,12.531966875793774,1148,2103.463237033817,2111.9869681609543,8.523731127137125
V9_BREAK_20250923T035000Z_LONG,V57_BREAK_SWING_H4ADX_HIGH,2025-09-23T03:50:00Z,2025-09-23T07:01:10.000Z,3.3263022225667345,1149,2106.789539256384,2111.9869681609543,5.197428904570188
V9_BREAK_20250923T083500Z_LONG,V57_BREAK_SWING_H4ADX_HIGH,2025-09-23T08:35:00Z,2025-09-23T09:05:00.000Z,12.026322250761357,1150,2118.8158615071457,2118.8158615071457,0.0
2025-09-24 13:15:00|LONG|r1_h1_pullback_long_v1,R1_PULLBACK,2025-09-24T13:15:00Z,2025-09-24T13:33:45.000Z,-8.98,1151,2109.8358615071456,2118.8158615071457,8.980000000000018
2025-09-24 12:00:00|LONG|r1_h1_pullback_long_v1,R1_PULLBACK,2025-09-24T12:00:00Z,2025-09-24T14:00:15.000Z,-10.6,1152,2099.2358615071457,2118.8158615071457,19.579999999999927
V9_BREAK_20250925T001500Z_LONG,V57_BREAK_SWING_H4ADX_HIGH,2025-09-25T00:15:00Z,2025-09-25T01:05:00.000Z,-5.6910769614150984,1153,2093.5447845457306,2118.8158615071457,25.27107696141502
V9_BREAK_20250925T011000Z_SHORT,V57_BREAK_SWING_H4ADX_HIGH,2025-09-25T01:10:00Z,2025-09-25T02:10:00.000Z,10.619765404826293,1154,2104.164549950557,2118.8158615071457,14.651311556588553
2025-09-25 11:45:00|LONG|r1_h1_pullback_long_v1,R1_PULLBACK,2025-09-25T11:45:00Z,2025-09-25T12:36:45.000Z,-11.77,1155,2092.394549950557,2118.8158615071457,26.421311556588535
2025-09-25 12:00:00|LONG|r1_h1_pullback_long_v1,R1_PULLBACK,2025-09-25T12:00:00Z,2025-09-25T12:36:45.000Z,-13.66,1156,2078.7345499505573,2118.8158615071457,40.08131155658839
2025-09-25 11:30:00|LONG|r1_h1_pullback_long_v1,R1_PULLBACK,2025-09-25T11:30:00Z,2025-09-25T12:36:45.000Z,-10.6,1157,2068.1345499505574,2118.8158615071457,50.6813115565883
2025-09-26 10:00:00|LONG|r1_h1_pullback_long_v1,R1_PULLBACK,2025-09-26T10:00:00Z,2025-09-26T10:40:40.000Z,-5.669999999999999,1158,2062.4645499505573,2118.8158615071457,56.35131155658837
2025-09-26 12:15:00|LONG|r1_h1_pullback_long_v1,R1_PULLBACK,2025-09-26T12:15:00Z,2025-09-26T14:08:30.000Z,18.689999999999998,1159,2081.1545499505573,2118.8158615071457,37.661311556588316
2025-09-26 14:00:00|LONG|r1_h1_pullback_long_v1,R1_PULLBACK,2025-09-26T14:00:00Z,2025-09-29T02:21:30.000Z,33.45,1160,2114.604549950557,2118.8158615071457,4.211311556588498
2025-09-26 13:15:00|LONG|r1_h1_pullback_long_v1,R1_PULLBACK,2025-09-26T13:15:00Z,2025-09-29T04:37:30.000Z,37.800000000000004,1161,2152.4045499505573,2152.4045499505573,0.0
V9_BREAK_20250929T205500Z_LONG,V57_BREAK_SWING_H4ADX_HIGH,2025-09-29T20:55:00Z,2025-09-29T22:05:00.000Z,-5.006630253355032,1162,2147.3979196972023,2152.4045499505573,5.00663025335507
V9_BREAK_20250930T012500Z_LONG,V57_BREAK_SWING_H4ADX_HIGH,2025-09-30T01:25:00Z,2025-09-30T03:45:00.000Z,14.0075147852961,1163,2161.4054344824985,2161.4054344824985,0.0
V9_BREAK_20250930T034500Z_LONG,V57_BREAK_SWING_H4ADX_HIGH,2025-09-30T03:45:00Z,2025-09-30T06:55:00.000Z,-7.64991607646722,1164,2153.755518406031,2161.4054344824985,7.649916076467434
V9_BREAK_20251001T020500Z_LONG,V57_BREAK_SWING_H4ADX_HIGH,2025-10-01T02:05:00Z,2025-10-01T02:20:00.000Z,-5.56901377897754,1165,2148.1865046270536,2161.4054344824985,13.218929855444912
V9_BREAK_20251001T050500Z_LONG,V57_BREAK_SWING_H4ADX_HIGH,2025-10-01T05:05:00Z,2025-10-01T05:10:00.000Z,-7.161711336500859,1166,2141.0247932905527,2161.4054344824985,20.38064119194587
V9_BREAK_20251002T012500Z_LONG,V57_BREAK_SWING_H4ADX_HIGH,2025-10-02T01:25:00Z,2025-10-02T09:00:00.000Z,12.486587201069995,1167,2153.5113804916227,2161.4054344824985,7.894053990875818
V9_BREAK_20251002T112000Z_LONG,V57_BREAK_SWING_H4ADX_HIGH,2025-10-02T11:20:00Z,2025-10-02T13:35:35.000Z,1.9062759136993077,1168,2155.417656405322,2161.4054344824985,5.987778077176699
V9_BREAK_20251007T045000Z_LONG,V57_BREAK_SWING_H4ADX_HIGH,2025-10-07T04:50:00Z,2025-10-07T05:10:00.000Z,-6.204514867379344,1169,2149.2131415379426,2161.4054344824985,12.192292944555902
V9_BREAK_20251007T091000Z_LONG,V57_BREAK_SWING_H4ADX_HIGH,2025-10-07T09:10:00Z,2025-10-07T12:10:00.000Z,14.185320996191775,1170,2163.3984625341345,2163.3984625341345,0.0
V9_BREAK_20251008T000500Z_LONG,V57_BREAK_SWING_H4ADX_HIGH,2025-10-08T00:05:00Z,2025-10-08T00:35:00.000Z,-5.7412147521618575,1171,2157.6572477819727,2163.3984625341345,5.741214752161795
V9_BREAK_20251008T010500Z_SHORT,V57_BREAK_SWING_H4ADX_HIGH,2025-10-08T01:05:00Z,2025-10-08T01:30:00.000Z,-7.470252340915687,1172,2150.186995441057,2163.3984625341345,13.211467093077317
V9_BREAK_20251009T002500Z_LONG,V57_BREAK_SWING_H4ADX_HIGH,2025-10-09T00:25:00Z,2025-10-09T01:05:00.000Z,-13.455505880201493,1173,2136.7314895608556,2163.3984625341345,26.666972973278916
V9_BREAK_20251028T232000Z_LONG,V57_BREAK_SWING_H4ADX_HIGH,2025-10-28T23:20:00Z,2025-10-29T02:22:25.000Z,7.440812696082263,1174,2144.1723022569377,2163.3984625341345,19.22616027719687
V9_BREAK_20251029T071500Z_LONG,V57_BREAK_SWING_H4ADX_HIGH,2025-10-29T07:15:00Z,2025-10-29T09:50:00.000Z,25.08814711921342,1175,2169.260449376151,2169.260449376151,0.0
V9_BREAK_20251029T095000Z_LONG,V57_BREAK_SWING_H4ADX_HIGH,2025-10-29T09:50:00Z,2025-10-29T10:10:00.000Z,-12.074373840932767,1176,2157.186075535218,2169.260449376151,12.074373840932822
V9_BREAK_20251030T020500Z_SHORT,V57_BREAK_SWING_H4ADX_HIGH,2025-10-30T02:05:00Z,2025-10-30T04:30:00.000Z,-19.201276867763372,1177,2137.984798667455,2169.260449376151,31.27565070869605
V7_20251031T081500Z_SHORT,V7_SWING_HEALTH,2025-10-31T08:15:00Z,2025-10-31T10:08:20.000Z,5.7730331437252325,1178,2143.75783181118,2169.260449376151,25.502617564970933
V25_865b34ed40e0aa35de9d7b92,V25_CHOP,2025-11-03T09:15:00.058000Z,2025-11-03T09:31:15.000Z,-20.644343070881842,1179,2123.113488740298,2169.260449376151,46.14696063585279
V7_20251104T081500Z_SHORT,V7_SWING_HEALTH,2025-11-04T08:15:00Z,2025-11-04T14:05:00.000Z,19.72348241603016,1180,2142.836971156328,2169.260449376151,26.423478219822755
V7_20251105T101000Z_LONG,V7_SWING_HEALTH,2025-11-05T10:10:00Z,2025-11-05T14:49:05.000Z,4.867942054038837,1181,2147.704913210367,2169.260449376151,21.555536165783906
c51720f96136212a5a9afa4f,R4_CHOP,2025-11-09T23:15:00.028000Z,2025-11-10T01:21:05.000Z,25.390562511803598,1182,2173.0954757221707,2173.0954757221707,0.0
V7_20251112T081500Z_LONG,V7_SWING_HEALTH,2025-11-12T08:15:00Z,2025-11-12T12:30:00.000Z,16.870433529867142,1183,2189.965909252038,2189.965909252038,0.0
2025-11-12 12:15:00|LONG|r1_h1_pullback_long_v1,R1_PULLBACK,2025-11-12T12:15:00Z,2025-11-12T15:10:30.000Z,17.52,1184,2207.485909252038,2207.485909252038,0.0
2025-11-12 11:00:00|LONG|r1_h1_pullback_long_v1,R1_PULLBACK,2025-11-12T11:00:00Z,2025-11-12T15:10:40.000Z,22.52,1185,2230.005909252038,2230.005909252038,0.0
2025-11-12 11:45:00|LONG|r1_h1_pullback_long_v1,R1_PULLBACK,2025-11-12T11:45:00Z,2025-11-12T15:10:45.000Z,23.65,1186,2253.655909252038,2253.655909252038,0.0
2025-11-12 11:15:00|LONG|r1_h1_pullback_long_v1,R1_PULLBACK,2025-11-12T11:15:00Z,2025-11-12T15:13:40.000Z,28.919999999999998,1187,2282.575909252038,2282.575909252038,0.0
V9_BREAK_20251113T080000Z_LONG,V57_BREAK_SWING_H4ADX_HIGH,2025-11-13T08:00:00Z,2025-11-13T08:30:00.000Z,16.152142682661168,1188,2298.728051934699,2298.728051934699,0.0
V9_BREAK_20251113T133500Z_SHORT,V57_BREAK_SWING_H4ADX_HIGH,2025-11-13T13:35:00Z,2025-11-13T14:45:00.000Z,24.225434438782802,1189,2322.953486373482,2322.953486373482,0.0
V9_BREAK_20251114T002000Z_LONG,V57_BREAK_SWING_H4ADX_HIGH,2025-11-14T00:20:00Z,2025-11-14T00:55:00.000Z,-11.521944478195136,1190,2311.431541895287,2322.953486373482,11.52194447819511
V9_BREAK_20251114T012500Z_SHORT,V57_BREAK_SWING_H4ADX_HIGH,2025-11-14T01:25:00Z,2025-11-14T01:50:00.000Z,-13.061565621579414,1191,2298.3699762737074,2322.953486373482,24.583510099774685
V9_BREAK_20251117T160500Z_SHORT,V57_BREAK_SWING_H4ADX_HIGH,2025-11-17T16:05:00Z,2025-11-17T16:35:00.000Z,-16.219399086678965,1192,2282.1505771870284,2322.953486373482,40.80290918645369
V9_BREAK_20251117T185500Z_SHORT,V57_BREAK_SWING_H4ADX_HIGH,2025-11-17T18:55:00Z,2025-11-17T19:35:00.000Z,18.20507006496621,1193,2300.3556472519945,2322.953486373482,22.597839121487596
V9_BREAK_20251118T015500Z_SHORT,V57_BREAK_SWING_H4ADX_HIGH,2025-11-18T01:55:00Z,2025-11-18T07:48:25.000Z,6.652074769591669,1194,2307.0077220215862,2322.953486373482,15.945764351895832
V9_BREAK_20251118T084000Z_LONG,V57_BREAK_SWING_H4ADX_HIGH,2025-11-18T08:40:00Z,2025-11-18T13:55:00.000Z,26.112482160273295,1195,2333.1202041818597,2333.1202041818597,0.0
V9_BREAK_20251119T000000Z_LONG,V57_BREAK_SWING_H4ADX_HIGH,2025-11-19T00:00:00Z,2025-11-19T00:55:00.000Z,-8.53458871573709,1196,2324.5856154661224,2333.1202041818597,8.5345887157373
V9_BREAK_20251119T011000Z_SHORT,V57_BREAK_SWING_H4ADX_HIGH,2025-11-19T01:10:00Z,2025-11-19T01:35:00.000Z,-9.601983764710212,1197,2314.9836317014124,2333.1202041818597,18.136572480447285
V7_20251120T085500Z_LONG,V7_SWING_HEALTH,2025-11-20T08:55:00Z,2025-11-20T13:05:00.000Z,27.371228330188885,1198,2342.354860031601,2342.354860031601,0.0
V7_20251125T130500Z_LONG,V7_SWING_HEALTH,2025-11-25T13:05:00Z,2025-11-25T14:40:00.000Z,-12.482004601938844,1199,2329.872855429662,2342.354860031601,12.482004601939025
2025-11-25 13:00:00|LONG|r1_h1_pullback_long_v1,R1_PULLBACK,2025-11-25T13:00:00Z,2025-11-25T14:46:40.000Z,-16.09,1200,2313.782855429662,2342.354860031601,28.57200460193917
V7_20251126T083500Z_SHORT,V7_SWING_HEALTH,2025-11-26T08:35:00Z,2025-11-26T11:35:00.000Z,-9.145830241799693,1201,2304.6370251878625,2342.354860031601,37.71783484373873
2025-11-26 13:30:00|LONG|r1_h1_pullback_long_v1,R1_PULLBACK,2025-11-26T13:30:00Z,2025-11-26T14:08:20.000Z,-18.040000000000003,1202,2286.5970251878625,2342.354860031601,55.75783484373869
2025-11-27 09:00:00|LONG|r1_h1_pullback_long_v1,R1_PULLBACK,2025-11-27T09:00:00Z,2025-11-27T09:03:40.000Z,-9.89,1203,2276.7070251878627,2342.354860031601,65.64783484373856
2025-11-27 09:45:00|LONG|r1_h1_pullback_long_v1,R1_PULLBACK,2025-11-27T09:45:00Z,2025-11-28T00:34:30.000Z,20.47,1204,2297.1770251878625,2342.354860031601,45.177834843738765
V25_336eb1ade19e1454b8176d07,V25_CHOP,2025-12-04T06:05:00.025000Z,2025-12-04T09:44:20.000Z,-15.628962849025374,1205,2281.548062338837,2342.354860031601,60.80679769276412
V25_e96a924eb3d1994a1566009a,V25_CHOP,2025-12-08T23:30:04.124000Z,2025-12-09T07:07:25.000Z,5.767459742502453,1206,2287.3155220813396,2342.354860031601,55.0393379502616
2025-12-11 13:45:00|LONG|r1_h1_pullback_long_v1,R1_PULLBACK,2025-12-11T13:45:00Z,2025-12-11T15:41:35.000Z,31.459999999999997,1207,2318.7755220813397,2342.354860031601,23.57933795026156
4a9a3f3991e53ba202a6376e,R3_COMPRESSION,2025-12-11T17:00:00.020000Z,2025-12-12T15:58:15.000Z,7.507875620339897,1208,2326.2833977016794,2342.354860031601,16.071462329921815
V9_BREAK_20251215T053500Z_LONG,V57_BREAK_SWING_H4ADX_HIGH,2025-12-15T05:35:00Z,2025-12-15T14:00:00.000Z,-7.558641034308968,1209,2318.7247566673705,2342.354860031601,23.630103364230763
V7_20251215T083500Z_SHORT,V7_SWING_HEALTH,2025-12-15T08:35:00Z,2025-12-15T14:05:00.000Z,12.5407826271464,1210,2331.2655392945167,2342.354860031601,11.089320737084563
V9_BREAK_20251216T004000Z_LONG,V57_BREAK_SWING_H4ADX_HIGH,2025-12-16T00:40:00Z,2025-12-16T01:00:00.000Z,-6.963812135670897,1211,2324.3017271588456,2342.354860031601,18.05313287275567
V9_BREAK_20251217T000500Z_LONG,V57_BREAK_SWING_H4ADX_HIGH,2025-12-17T00:05:00Z,2025-12-17T01:26:05.000Z,2.321709660726707,1212,2326.6234368195724,2342.354860031601,15.731423212028858
V9_BREAK_20251217T013500Z_LONG,V57_BREAK_SWING_H4ADX_HIGH,2025-12-17T01:35:00Z,2025-12-17T02:40:00.000Z,-7.308456066673353,1213,2319.314980752899,2342.354860031601,23.0398792787023
2025-12-17 10:15:00|LONG|r1_h1_pullback_long_v1,R1_PULLBACK,2025-12-17T10:15:00Z,2025-12-17T10:35:40.000Z,-8.17,1214,2311.144980752899,2342.354860031601,31.209879278702374
2025-12-17 09:00:00|LONG|r1_h1_pullback_long_v1,R1_PULLBACK,2025-12-17T09:00:00Z,2025-12-17T10:38:15.000Z,-12.92,1215,2298.224980752899,2342.354860031601,44.12987927870245
2025-12-17 12:30:00|LONG|r1_h1_pullback_long_v1,R1_PULLBACK,2025-12-17T12:30:00Z,2025-12-17T13:40:25.000Z,14.74,1216,2312.9649807528986,2342.354860031601,29.389879278702665
2025-12-17 11:00:00|LONG|r1_h1_pullback_long_v1,R1_PULLBACK,2025-12-17T11:00:00Z,2025-12-17T13:58:45.000Z,25.179999999999996,1217,2338.1449807528984,2342.354860031601,4.209879278702829
V9_BREAK_20251218T005000Z_SHORT,V57_BREAK_SWING_H4ADX_HIGH,2025-12-18T00:50:00Z,2025-12-18T12:30:00.000Z,11.922715854824993,1218,2350.0676966077235,2350.0676966077235,0.0
V9_BREAK_20251218T135000Z_LONG,V57_BREAK_SWING_H4ADX_HIGH,2025-12-18T13:50:00Z,2025-12-18T14:40:00.000Z,-10.673318934905437,1219,2339.394377672818,2350.0676966077235,10.673318934905637
V9_BREAK_20251219T001500Z_SHORT,V57_BREAK_SWING_H4ADX_HIGH,2025-12-19T00:15:00Z,2025-12-19T01:25:00.000Z,10.225776845036355,1220,2349.620154517854,2350.0676966077235,0.4475420898693301
V9_BREAK_20251219T012500Z_SHORT,V57_BREAK_SWING_H4ADX_HIGH,2025-12-19T01:25:00Z,2025-12-19T02:05:00.000Z,-8.851405952379599,1221,2340.7687485654747,2350.0676966077235,9.298948042248867
2025-12-19 14:45:00|LONG|r1_h1_pullback_long_v1,R1_PULLBACK,2025-12-19T14:45:00Z,2025-12-19T14:47:05.000Z,-11.42,1222,2329.3487485654746,2350.0676966077235,20.71894804224894
V9_BREAK_20251222T000500Z_LONG,V57_BREAK_SWING_H4ADX_HIGH,2025-12-22T00:05:00Z,2025-12-22T01:40:00.000Z,13.702725655535913,1223,2343.0514742210103,2350.0676966077235,7.0162223867132525
V9_BREAK_20251222T014000Z_LONG,V57_BREAK_SWING_H4ADX_HIGH,2025-12-22T01:40:00Z,2025-12-22T04:50:00.000Z,19.475875813269695,1224,2362.52735003428,2362.52735003428,0.0
V9_BREAK_20251223T002000Z_LONG,V57_BREAK_SWING_H4ADX_HIGH,2025-12-23T00:20:00Z,2025-12-23T01:15:00.000Z,14.54524784802096,1225,2377.072597882301,2377.072597882301,0.0
V9_BREAK_20251223T011500Z_LONG,V57_BREAK_SWING_H4ADX_HIGH,2025-12-23T01:15:00Z,2025-12-23T01:20:00.000Z,-9.00031905819431,1226,2368.072278824107,2377.072597882301,9.000319058194236
V9_BREAK_20251224T003000Z_LONG,V57_BREAK_SWING_H4ADX_HIGH,2025-12-24T00:30:00Z,2025-12-24T03:00:00.000Z,-11.292727850732803,1227,2356.779550973374,2377.072597882301,20.293046908926954
V9_BREAK_20251224T030000Z_SHORT,V57_BREAK_SWING_H4ADX_HIGH,2025-12-24T03:00:00Z,2025-12-24T03:20:00.000Z,-16.846555291225048,1228,2339.9329956821493,2377.072597882301,37.139602200151785
2025-12-24 11:00:00|LONG|r1_h1_pullback_long_v1,R1_PULLBACK,2025-12-24T11:00:00Z,2025-12-24T13:19:40.000Z,-9.21,1229,2330.7229956821493,2377.072597882301,46.34960220015182
2025-12-24 12:00:00|LONG|r1_h1_pullback_long_v1,R1_PULLBACK,2025-12-24T12:00:00Z,2025-12-24T13:19:40.000Z,-11.15,1230,2319.572995682149,2377.072597882301,57.49960220015191
2025-12-24 10:00:00|LONG|r1_h1_pullback_long_v1,R1_PULLBACK,2025-12-24T10:00:00Z,2025-12-24T13:19:45.000Z,-15.110000000000001,1231,2304.462995682149,2377.072597882301,72.60960220015204
2025-12-24 10:30:00|LONG|r1_h1_pullback_long_v1,R1_PULLBACK,2025-12-24T10:30:00Z,2025-12-24T13:19:45.000Z,-14.47,1232,2289.9929956821493,2377.072597882301,87.07960220015184
V9_BREAK_20251225T232500Z_LONG,V57_BREAK_SWING_H4ADX_HIGH,2025-12-25T23:25:00Z,2025-12-26T01:05:00.000Z,21.600089665071366,1233,2311.5930853472205,2377.072597882301,65.47951253508063
V9_BREAK_20251226T010500Z_LONG,V57_BREAK_SWING_H4ADX_HIGH,2025-12-26T01:05:00Z,2025-12-26T01:15:00.000Z,-11.917842205141794,1234,2299.6752431420787,2377.072597882301,77.39735474022245
V9_BREAK_20251226T043500Z_LONG,V57_BREAK_SWING_H4ADX_HIGH,2025-12-26T04:35:00Z,2025-12-26T14:35:00.000Z,18.02438637348862,1235,2317.6996295155673,2377.072597882301,59.37296836673386
2025-12-26 13:15:00|LONG|r1_h1_pullback_long_v1,R1_PULLBACK,2025-12-26T13:15:00Z,2025-12-26T15:37:30.000Z,26.259999999999998,1236,2343.9596295155675,2377.072597882301,33.11296836673364
2025-12-26 13:30:00|LONG|r1_h1_pullback_long_v1,R1_PULLBACK,2025-12-26T13:30:00Z,2025-12-26T16:05:15.000Z,30.81,1237,2374.7696295155674,2377.072597882301,2.302968366733694
V9_BREAK_20251229T002000Z_SHORT,V57_BREAK_SWING_H4ADX_HIGH,2025-12-29T00:20:00Z,2025-12-29T00:35:00.000Z,30.086696619810972,1238,2404.8563261353784,2404.8563261353784,0.0
V9_BREAK_20251229T031000Z_LONG,V57_BREAK_SWING_H4ADX_HIGH,2025-12-29T03:10:00Z,2025-12-29T06:05:00.000Z,-16.19258046731814,1239,2388.66374566806,2404.8563261353784,16.192580467318294
V9_BREAK_20251230T010500Z_SHORT,V57_BREAK_SWING_H4ADX_HIGH,2025-12-30T01:05:00Z,2025-12-30T01:20:00.000Z,-14.11682035639914,1240,2374.5469253116607,2404.8563261353784,30.309400823717624
V9_BREAK_20251230T014500Z_LONG,V57_BREAK_SWING_H4ADX_HIGH,2025-12-30T01:45:00Z,2025-12-30T05:35:00.000Z,28.58434616178464,1241,2403.1312714734454,2404.8563261353784,1.7250546619329725
V9_BREAK_20251231T011000Z_LONG,V57_BREAK_SWING_H4ADX_HIGH,2025-12-31T01:10:00Z,2025-12-31T04:55:00.000Z,-14.934261989798143,1242,2388.1970094836474,2404.8563261353784,16.659316651730933
V9_BREAK_20251231T045500Z_SHORT,V57_BREAK_SWING_H4ADX_HIGH,2025-12-31T04:55:00Z,2025-12-31T05:50:00.000Z,21.63628796248775,1243,2409.833297446135,2409.833297446135,0.0
V9_BREAK_20260102T025500Z_LONG,V57_BREAK_SWING_H4ADX_HIGH,2026-01-02T02:55:00Z,2026-01-02T05:15:00.000Z,17.829446988886687,1244,2427.6627444350215,2427.6627444350215,0.0
V7_20260102T082000Z_SHORT,V7_SWING_HEALTH,2026-01-02T08:20:00Z,2026-01-02T08:45:00.000Z,-8.486791114407819,1245,2419.1759533206136,2427.6627444350215,8.486791114407879
V7_20260106T083500Z_SHORT,V7_SWING_HEALTH,2026-01-06T08:35:00Z,2026-01-06T09:50:00.000Z,17.74494768342948,1246,2436.920901004043,2436.920901004043,0.0
V7_20260107T122500Z_LONG,V7_SWING_HEALTH,2026-01-07T12:25:00Z,2026-01-07T13:10:00.000Z,-11.0463569920793,1247,2425.8745440119637,2436.920901004043,11.046356992079382
2026-01-09 09:00:00|LONG|r1_h1_pullback_long_v1,R1_PULLBACK,2026-01-09T09:00:00Z,2026-01-09T12:06:15.000Z,11.26,1248,2437.134544011964,2437.134544011964,0.0
2026-01-09 12:00:00|LONG|r1_h1_pullback_long_v1,R1_PULLBACK,2026-01-09T12:00:00Z,2026-01-09T12:31:15.000Z,-9.94,1249,2427.194544011964,2437.134544011964,9.940000000000055
2026-01-09 09:15:00|LONG|r1_h1_pullback_long_v1,R1_PULLBACK,2026-01-09T09:15:00Z,2026-01-09T12:33:35.000Z,-12.44,1250,2414.754544011964,2437.134544011964,22.38000000000011
2026-01-09 13:30:00|LONG|r1_h1_pullback_long_v1,R1_PULLBACK,2026-01-09T13:30:00Z,2026-01-09T13:30:45.000Z,-13.8,1251,2400.9545440119637,2437.134544011964,36.18000000000029
V9_BREAK_20260113T122500Z_SHORT,V57_BREAK_SWING_H4ADX_HIGH,2026-01-13T12:25:00Z,2026-01-13T12:45:00.000Z,-7.575283985586926,1252,2393.379260026377,2437.134544011964,43.755283985587084
V9_BREAK_20260113T131000Z_LONG,V57_BREAK_SWING_H4ADX_HIGH,2026-01-13T13:10:00Z,2026-01-13T13:40:00.000Z,15.388426612752394,1253,2408.7676866391294,2437.134544011964,28.366857372834602
2026-01-13 13:00:00|LONG|r1_h1_pullback_long_v1,R1_PULLBACK,2026-01-13T13:00:00Z,2026-01-13T14:45:45.000Z,33.42,1254,2442.1876866391294,2442.1876866391294,0.0
V9_BREAK_20260114T000500Z_LONG,V57_BREAK_SWING_H4ADX_HIGH,2026-01-14T00:05:00Z,2026-01-14T02:05:00.000Z,15.717418482012185,1255,2457.905105121142,2457.905105121142,0.0
V9_BREAK_20260114T033000Z_SHORT,V57_BREAK_SWING_H4ADX_HIGH,2026-01-14T03:30:00Z,2026-01-14T03:40:00.000Z,-9.361264132006793,1256,2448.543840989135,2457.905105121142,9.361264132006909
V9_BREAK_20260115T012000Z_SHORT,V57_BREAK_SWING_H4ADX_HIGH,2026-01-15T01:20:00Z,2026-01-15T03:38:50.000Z,5.975254967226553,1257,2454.5190959563615,2457.905105121142,3.386009164780262
V7_20260115T103000Z_SHORT,V7_SWING_HEALTH,2026-01-15T10:30:00Z,2026-01-15T10:50:00.000Z,-8.626595185405856,1258,2445.892500770956,2457.905105121142,12.012604350185939
V9_BREAK_20260116T023500Z_SHORT,V57_BREAK_SWING_H4ADX_HIGH,2026-01-16T02:35:00Z,2026-01-16T05:40:00.000Z,-10.941450818586723,1259,2434.951049952369,2457.905105121142,22.95405516877281
V9_BREAK_20260116T054500Z_LONG,V57_BREAK_SWING_H4ADX_HIGH,2026-01-16T05:45:00Z,2026-01-16T06:45:00.000Z,-7.5238127796790195,1260,2427.42723717269,2457.905105121142,30.477867948451603
V9_BREAK_20260120T202500Z_SHORT,V57_BREAK_SWING_H4ADX_HIGH,2026-01-20T20:25:00Z,2026-01-20T21:10:00.000Z,-11.131188645605043,1261,2416.296048527085,2457.905105121142,41.60905659405671
V9_BREAK_20260120T215000Z_LONG,V57_BREAK_SWING_H4ADX_HIGH,2026-01-20T21:50:00Z,2026-01-20T23:50:00.000Z,13.92465438415505,1262,2430.22070291124,2457.905105121142,27.68440220990169
V9_BREAK_20260121T003500Z_LONG,V57_BREAK_SWING_H4ADX_HIGH,2026-01-21T00:35:00Z,2026-01-21T01:15:00.000Z,17.99155668488397,1263,2448.212259596124,2457.905105121142,9.692845525017674
V9_BREAK_20260121T011500Z_LONG,V57_BREAK_SWING_H4ADX_HIGH,2026-01-21T01:15:00Z,2026-01-21T01:35:00.000Z,23.700596342745182,1264,2471.912855938869,2471.912855938869,0.0
V9_BREAK_20260122T000000Z_SHORT,V57_BREAK_SWING_H4ADX_HIGH,2026-01-22T00:00:00Z,2026-01-22T01:20:00.000Z,-24.58891735710375,1265,2447.3239385817656,2471.912855938869,24.588917357103583
V9_BREAK_20260122T012500Z_LONG,V57_BREAK_SWING_H4ADX_HIGH,2026-01-22T01:25:00Z,2026-01-22T02:35:00.000Z,-24.10803582389683,1266,2423.2159027578687,2471.912855938869,48.69695318100048
2026-01-22 09:00:00|LONG|r1_h1_pullback_long_v1,R1_PULLBACK,2026-01-22T09:00:00Z,2026-01-22T09:32:40.000Z,-11.05,1267,2412.1659027578685,2471.912855938869,59.74695318100066
2026-01-22 12:30:00|LONG|r1_h1_pullback_long_v1,R1_PULLBACK,2026-01-22T12:30:00Z,2026-01-22T12:57:45.000Z,-10.290000000000001,1268,2401.8759027578685,2471.912855938869,70.03695318100063
2026-01-22 11:45:00|LONG|r1_h1_pullback_long_v1,R1_PULLBACK,2026-01-22T11:45:00Z,2026-01-22T12:59:30.000Z,-11.59,1269,2390.2859027578684,2471.912855938869,81.62695318100077
2026-01-22 10:00:00|LONG|r1_h1_pullback_long_v1,R1_PULLBACK,2026-01-22T10:00:00Z,2026-01-22T13:42:40.000Z,-11.34,1270,2378.945902757868,2471.912855938869,92.96695318100092
2026-01-22 10:30:00|LONG|r1_h1_pullback_long_v1,R1_PULLBACK,2026-01-22T10:30:00Z,2026-01-22T13:42:40.000Z,-15.19,1271,2363.755902757868,2471.912855938869,108.15695318100097
2026-01-22 14:00:00|LONG|r1_h1_pullback_long_v1,R1_PULLBACK,2026-01-22T14:00:00Z,2026-01-22T15:26:20.000Z,26.86,1272,2390.6159027578683,2471.912855938869,81.29695318100084
2026-01-22 14:30:00|LONG|r1_h1_pullback_long_v1,R1_PULLBACK,2026-01-22T14:30:00Z,2026-01-22T15:53:05.000Z,41.230000000000004,1273,2431.8459027578683,2471.912855938869,40.06695318100083
V9_BREAK_20260123T010000Z_LONG,V57_BREAK_SWING_H4ADX_HIGH,2026-01-23T01:00:00Z,2026-01-23T01:05:00.000Z,-16.17040539250588,1274,2415.6754973653624,2471.912855938869,56.237358573506754
V9_BREAK_20260123T032000Z_SHORT,V57_BREAK_SWING_H4ADX_HIGH,2026-01-23T03:20:00Z,2026-01-23T03:40:00.000Z,-15.456444092281547,1275,2400.219053273081,2471.912855938869,71.6938026657881
V9_BREAK_20260126T011500Z_LONG,V57_BREAK_SWING_H4ADX_HIGH,2026-01-26T01:15:00Z,2026-01-26T04:32:30.000Z,7.0140346082897,1276,2407.233087881371,2471.912855938869,64.67976805749822
V9_BREAK_20260126T065000Z_LONG,V57_BREAK_SWING_H4ADX_HIGH,2026-01-26T06:50:00Z,2026-01-26T07:00:00.000Z,-20.09250202021202,1277,2387.140585861159,2471.912855938869,84.77227007771035
V9_BREAK_20260127T004500Z_SHORT,V57_BREAK_SWING_H4ADX_HIGH,2026-01-27T00:45:00Z,2026-01-27T01:10:00.000Z,-21.455944782208494,1278,2365.6846410789503,2471.912855938869,106.22821485991881
V9_BREAK_20260127T011500Z_LONG,V57_BREAK_SWING_H4ADX_HIGH,2026-01-27T01:15:00Z,2026-01-27T20:10:00.000Z,49.19037404766525,1279,2414.8750151266154,2471.912855938869,57.03784081225376
V9_BREAK_20260128T010500Z_LONG,V57_BREAK_SWING_H4ADX_HIGH,2026-01-28T01:05:00Z,2026-01-28T01:50:00.000Z,34.69182254350007,1280,2449.5668376701155,2471.912855938869,22.346018268753596
V9_BREAK_20260128T025500Z_LONG,V57_BREAK_SWING_H4ADX_HIGH,2026-01-28T02:55:00Z,2026-01-28T07:20:00.000Z,42.60442401735541,1281,2492.171261687471,2492.171261687471,0.0
V7_20260209T091000Z_SHORT,V7_SWING_HEALTH,2026-02-09T09:10:00Z,2026-02-09T10:30:00.000Z,37.43000102235305,1282,2529.6012627098244,2529.6012627098244,0.0
V7_20260209T110500Z_LONG,V7_SWING_HEALTH,2026-02-09T11:05:00Z,2026-02-09T15:35:00.000Z,42.01294585800773,1283,2571.614208567832,2571.614208567832,0.0
V7_20260219T081000Z_LONG,V7_SWING_HEALTH,2026-02-19T08:10:00Z,2026-02-19T09:30:00.000Z,-9.221057880771733,1284,2562.3931506870604,2571.614208567832,9.221057880771696
2026-02-20 12:45:00|LONG|r1_h1_pullback_long_v1,R1_PULLBACK,2026-02-20T12:45:00Z,2026-02-20T15:03:05.000Z,6.740000000000146,1285,2569.1331506870606,2571.614208567832,2.481057880771459
V7_20260223T103500Z_SHORT,V7_SWING_HEALTH,2026-02-23T10:35:00Z,2026-02-23T10:55:00.000Z,-12.487179155775383,1286,2556.6459715312853,2571.614208567832,14.968237036546725
V7_20260223T111500Z_SHORT,V7_SWING_HEALTH,2026-02-23T11:15:00Z,2026-02-23T12:45:00.000Z,-12.82199191925456,1287,2543.8239796120306,2571.614208567832,27.790228955801467
2026-02-25 09:30:00|LONG|r1_h1_pullback_long_v1,R1_PULLBACK,2026-02-25T09:30:00Z,2026-02-25T10:20:05.000Z,-12.46,1288,2531.3639796120306,2571.614208567832,40.250228955801504
2026-02-25 13:15:00|LONG|r1_h1_pullback_long_v1,R1_PULLBACK,2026-02-25T13:15:00Z,2026-02-25T14:35:30.000Z,-17.660000000000004,1289,2513.7039796120307,2571.614208567832,57.91022895580136
74aecd91b902e0283bb8e307,R3_COMPRESSION,2026-02-27T21:00:00.042000Z,2026-03-01T23:00:20.000Z,105.93887023230965,1290,2619.64284984434,2619.64284984434,0.0
c7c66eaa66b3bab3151e8b28,R3_COMPRESSION,2026-03-02T08:00:00.050000Z,2026-03-02T14:10:00.000Z,-38.83969110655365,1291,2580.8031587377864,2619.64284984434,38.8396911065538
V7_20260303T081000Z_SHORT,V7_SWING_HEALTH,2026-03-03T08:10:00Z,2026-03-03T09:25:00.000Z,41.66643997235445,1292,2622.469598710141,2622.469598710141,0.0
V7_20260305T092500Z_SHORT,V7_SWING_HEALTH,2026-03-05T09:25:00Z,2026-03-05T13:20:00.000Z,34.14666552143122,1293,2656.616264231572,2656.616264231572,0.0
V7_20260306T084000Z_LONG,V7_SWING_HEALTH,2026-03-06T08:40:00Z,2026-03-06T09:15:00.000Z,-15.124600499526112,1294,2641.491663732046,2656.616264231572,15.124600499525968
V7_20260309T081000Z_SHORT,V7_SWING_HEALTH,2026-03-09T08:10:00Z,2026-03-09T09:25:00.000Z,-20.41922567199521,1295,2621.072438060051,2656.616264231572,35.54382617152123
V25_f1ec6704a9640a26928185a8,V25_CHOP,2026-03-10T08:15:00.301000Z,2026-03-10T14:07:45.000Z,9.854775367439084,1296,2630.92721342749,2656.616264231572,25.689050804081944
V25_d296b8b4d212ffb815ad5d3a,V25_CHOP,2026-03-10T22:15:00.555000Z,2026-03-11T10:15:05.000Z,-0.2933590979586178,1297,2630.6338543295315,2656.616264231572,25.982409902040672
2026-03-12 12:30:00|LONG|r1_h1_pullback_long_v1,R1_PULLBACK,2026-03-12T12:30:00Z,2026-03-12T13:23:05.000Z,-10.56,1298,2620.0738543295315,2656.616264231572,36.54240990204062
V7_20260312T122500Z_LONG,V7_SWING_HEALTH,2026-03-12T12:25:00Z,2026-03-12T13:25:00.000Z,-11.553583105811363,1299,2608.52027122372,2656.616264231572,48.09599300785203
V9_BREAK_20260316T143000Z_SHORT,V57_BREAK_SWING_H4ADX_HIGH,2026-03-16T14:30:00Z,2026-03-16T16:30:00.000Z,33.055619180408925,1300,2641.575890404129,2656.616264231572,15.04037382744309
V9_BREAK_20260316T163000Z_SHORT,V57_BREAK_SWING_H4ADX_HIGH,2026-03-16T16:30:00Z,2026-03-16T17:05:00.000Z,-18.746315581087945,1301,2622.829574823041,2656.616264231572,33.78668940853095
V9_BREAK_20260317T015500Z_LONG,V57_BREAK_SWING_H4ADX_HIGH,2026-03-17T01:55:00Z,2026-03-17T06:05:00.000Z,-13.08232545904008,1302,2609.747249364001,2656.616264231572,46.86901486757097
V9_BREAK_20260318T000500Z_LONG,V57_BREAK_SWING_H4ADX_HIGH,2026-03-18T00:05:00Z,2026-03-18T00:35:00.000Z,-7.278249707550067,1303,2602.468999656451,2656.616264231572,54.14726457512097
V9_BREAK_20260318T030000Z_SHORT,V57_BREAK_SWING_H4ADX_HIGH,2026-03-18T03:00:00Z,2026-03-18T05:40:00.000Z,-10.710898505745382,1304,2591.758101150706,2656.616264231572,64.85816308086623
V9_BREAK_20260319T000500Z_LONG,V57_BREAK_SWING_H4ADX_HIGH,2026-03-19T00:05:00Z,2026-03-19T06:00:00.000Z,-19.29997133591127,1305,2572.4581298147946,2656.616264231572,84.15813441677756
V9_BREAK_20260319T074500Z_SHORT,V57_BREAK_SWING_H4ADX_HIGH,2026-03-19T07:45:00Z,2026-03-19T10:25:00.000Z,57.9666307367843,1306,2630.424760551579,2656.616264231572,26.191503679993275
3a3865fed7ae231391ec97c5,R2_DOWNTREND,2026-03-18T03:00:00.057000Z,2026-03-19T15:00:05.000Z,387.36748757619,1307,3017.7922481277687,3017.7922481277687,0.0
V9_BREAK_20260320T000500Z_LONG,V57_BREAK_SWING_H4ADX_HIGH,2026-03-20T00:05:00Z,2026-03-20T01:45:00.000Z,34.35514167276268,1308,3052.1473898005315,3052.1473898005315,0.0
V9_BREAK_20260320T014500Z_LONG,V57_BREAK_SWING_H4ADX_HIGH,2026-03-20T01:45:00Z,2026-03-20T03:20:00.000Z,46.126188110725494,1309,3098.2735779112572,3098.2735779112572,0.0
V9_BREAK_20260324T042000Z_SHORT,V57_BREAK_SWING_H4ADX_HIGH,2026-03-24T04:20:00Z,2026-03-24T05:45:00.000Z,-31.76890428316125,1310,3066.504673628096,3098.2735779112572,31.76890428316119
V9_BREAK_20260325T053000Z_SHORT,V57_BREAK_SWING_H4ADX_HIGH,2026-03-25T05:30:00Z,2026-03-25T05:45:00.000Z,-14.114179410782112,1311,3052.390494217314,3098.2735779112572,45.88308369394326
V9_BREAK_20260326T001500Z_LONG,V57_BREAK_SWING_H4ADX_HIGH,2026-03-26T00:15:00Z,2026-03-26T03:05:00.000Z,-26.236354322795023,1312,3026.154139894519,3098.2735779112572,72.11943801673806
V9_BREAK_20260326T051500Z_SHORT,V57_BREAK_SWING_H4ADX_HIGH,2026-03-26T05:15:00Z,2026-03-26T05:35:00.000Z,21.77761248600049,1313,3047.93175238052,3098.2735779112572,50.341825530737424
V9_BREAK_20260327T012500Z_LONG,V57_BREAK_SWING_H4ADX_HIGH,2026-03-27T01:25:00Z,2026-03-27T03:40:00.000Z,36.603725720329884,1314,3084.5354781008496,3098.2735779112572,13.738099810407675
V9_BREAK_20260327T034000Z_LONG,V57_BREAK_SWING_H4ADX_HIGH,2026-03-27T03:40:00Z,2026-03-27T05:58:05.000Z,8.56154054818881,1315,3093.0970186490385,3098.2735779112572,5.176559262218689
V9_BREAK_20260330T000500Z_SHORT,V57_BREAK_SWING_H4ADX_HIGH,2026-03-30T00:05:00Z,2026-03-30T00:25:00.000Z,-28.716730548279116,1316,3064.3802881007596,3098.2735779112572,33.89328981049766
V9_BREAK_20260330T024500Z_LONG,V57_BREAK_SWING_H4ADX_HIGH,2026-03-30T02:45:00Z,2026-03-30T06:50:00.000Z,52.70702705368607,1317,3117.0873151544456,3117.0873151544456,0.0
V7_20260331T105500Z_LONG,V7_SWING_HEALTH,2026-03-31T10:55:00Z,2026-03-31T11:30:00.000Z,30.42070618204434,1318,3147.50802133649,3147.50802133649,0.0
V7_20260409T093000Z_SHORT,V7_SWING_HEALTH,2026-04-09T09:30:00Z,2026-04-09T10:50:00.000Z,-13.688165357524847,1319,3133.8198559789653,3147.50802133649,13.688165357524667
V7_20260414T125000Z_LONG,V7_SWING_HEALTH,2026-04-14T12:50:00Z,2026-04-14T13:40:00.000Z,26.65956780121354,1320,3160.479423780179,3160.479423780179,0.0
4e949b6bc07d180f201cc608,R3_COMPRESSION,2026-04-14T14:00:00.022000Z,2026-04-14T20:00:05.000Z,48.16795637882407,1321,3208.6473801590028,3208.6473801590028,0.0
V7_20260415T090500Z_SHORT,V7_SWING_HEALTH,2026-04-15T09:05:00Z,2026-04-15T09:13:40.000Z,5.281734663228905,1322,3213.9291148222314,3213.9291148222314,0.0
V7_20260417T091500Z_SHORT,V7_SWING_HEALTH,2026-04-17T09:15:00Z,2026-04-17T11:50:00.000Z,-11.441621791440802,1323,3202.4874930307906,3213.9291148222314,11.441621791440866
V7_20260420T094000Z_LONG,V7_SWING_HEALTH,2026-04-20T09:40:00Z,2026-04-20T12:00:00.000Z,19.172650381594924,1324,3221.6601434123854,3221.6601434123854,0.0
9697fd829d301579d5da4ad0,R3_COMPRESSION,2026-04-21T15:00:00.104000Z,2026-04-21T22:00:15.000Z,12.261031210915034,1325,3233.9211746233004,3233.9211746233004,0.0
V9_BREAK_20260427T232000Z_LONG,V57_BREAK_SWING_H4ADX_HIGH,2026-04-27T23:20:00Z,2026-04-28T00:27:15.000Z,2.0410100978233916,1326,3235.962184721124,3235.962184721124,0.0
V9_BREAK_20260428T015500Z_SHORT,V57_BREAK_SWING_H4ADX_HIGH,2026-04-28T01:55:00Z,2026-04-28T02:05:25.000Z,3.688872740849525,1327,3239.6510574619733,3239.6510574619733,0.0
V9_BREAK_20260428T050500Z_SHORT,V57_BREAK_SWING_H4ADX_HIGH,2026-04-28T05:05:00Z,2026-04-28T05:10:00.000Z,11.867269461378623,1328,3251.518326923352,3251.518326923352,0.0
V9_BREAK_20260429T000000Z_LONG,V57_BREAK_SWING_H4ADX_HIGH,2026-04-29T00:00:00Z,2026-04-29T00:15:00.000Z,11.674455506032599,1329,3263.192782429385,3263.192782429385,0.0
V9_BREAK_20260429T010500Z_SHORT,V57_BREAK_SWING_H4ADX_HIGH,2026-04-29T01:05:00Z,2026-04-29T02:05:00.000Z,-12.078355022995742,1330,3251.114427406389,3263.192782429385,12.078355022995765
V9_BREAK_20260430T000000Z_LONG,V57_BREAK_SWING_H4ADX_HIGH,2026-04-30T00:00:00Z,2026-04-30T01:30:00.000Z,14.059532182084705,1331,3265.1739595884737,3265.1739595884737,0.0
V9_BREAK_20260430T013000Z_LONG,V57_BREAK_SWING_H4ADX_HIGH,2026-04-30T01:30:00Z,2026-04-30T02:35:00.000Z,-11.909433850786408,1332,3253.264525737687,3265.1739595884737,11.909433850786627
V9_BREAK_20260501T000000Z_SHORT,V57_BREAK_SWING_H4ADX_HIGH,2026-05-01T00:00:00Z,2026-05-01T01:42:40.000Z,3.3587584711977105,1333,3256.623284208885,3265.1739595884737,8.550675379588938
V9_BREAK_20260501T043000Z_SHORT,V57_BREAK_SWING_H4ADX_HIGH,2026-05-01T04:30:00Z,2026-05-01T06:20:00.000Z,15.04366088524289,1334,3271.6669450941276,3271.6669450941276,0.0
V7_20260505T090500Z_SHORT,V7_SWING_HEALTH,2026-05-05T09:05:00Z,2026-05-05T11:50:00.000Z,-10.932156968367611,1335,3260.73478812576,3271.6669450941276,10.932156968367508
V7_20260512T081000Z_SHORT,V7_SWING_HEALTH,2026-05-12T08:10:00Z,2026-05-12T13:20:00.000Z,21.885122934030854,1336,3282.619911059791,3282.619911059791,0.0
V9_BREAK_20260518T224000Z_LONG,V57_BREAK_SWING_H4ADX_HIGH,2026-05-18T22:40:00Z,2026-05-19T00:30:00.000Z,-8.726012914367137,1337,3273.893898145424,3282.619911059791,8.726012914366947
V9_BREAK_20260519T030000Z_SHORT,V57_BREAK_SWING_H4ADX_HIGH,2026-05-19T03:00:00Z,2026-05-19T13:10:00.000Z,25.57270522237343,1338,3299.4666033677972,3299.4666033677972,0.0
V9_BREAK_20260519T132500Z_SHORT,V57_BREAK_SWING_H4ADX_HIGH,2026-05-19T13:25:00Z,2026-05-19T13:35:00.000Z,32.49571588177828,1339,3331.9623192495756,3331.9623192495756,0.0
V9_BREAK_20260520T003000Z_LONG,V57_BREAK_SWING_H4ADX_HIGH,2026-05-20T00:30:00Z,2026-05-20T01:10:00.000Z,-14.65379000694329,1340,3317.308529242632,3331.9623192495756,14.653790006943382
V9_BREAK_20260520T013000Z_SHORT,V57_BREAK_SWING_H4ADX_HIGH,2026-05-20T01:30:00Z,2026-05-20T09:00:00.000Z,-18.549152256916145,1341,3298.7593769857162,3331.9623192495756,33.20294226385931
V9_BREAK_20260521T011500Z_LONG,V57_BREAK_SWING_H4ADX_HIGH,2026-05-21T01:15:00Z,2026-05-21T02:20:00.000Z,-13.618752034793802,1342,3285.1406249509223,3331.9623192495756,46.821694298653256
V9_BREAK_20260521T023000Z_SHORT,V57_BREAK_SWING_H4ADX_HIGH,2026-05-21T02:30:00Z,2026-05-21T06:01:40.000Z,6.156163248786806,1343,3291.296788199709,3331.9623192495756,40.66553104986633
V7_20260526T085500Z_LONG,V7_SWING_HEALTH,2026-05-26T08:55:00Z,2026-05-26T09:45:00.000Z,-11.494473289477845,1344,3279.8023149102314,3331.9623192495756,52.16000433934414
V7_20260526T105500Z_SHORT,V7_SWING_HEALTH,2026-05-26T10:55:00Z,2026-05-26T11:40:00.000Z,21.01328675536101,1345,3300.8156016655926,3331.9623192495756,31.14671758398299
V7_20260528T110500Z_LONG,V7_SWING_HEALTH,2026-05-28T11:05:00Z,2026-05-28T12:55:00.000Z,24.606575094470934,1346,3325.4221767600634,3331.9623192495756,6.540142489512164
V7_20260601T105500Z_SHORT,V7_SWING_HEALTH,2026-06-01T10:55:00Z,2026-06-01T13:15:00.000Z,19.032450352860465,1347,3344.454627112924,3344.454627112924,0.0
V7_20260602T115000Z_LONG,V7_SWING_HEALTH,2026-06-02T11:50:00Z,2026-06-02T12:35:00.000Z,-7.699526332672988,1348,3336.755100780251,3344.454627112924,7.699526332673031
V7_20260604T083000Z_LONG,V7_SWING_HEALTH,2026-06-04T08:30:00Z,2026-06-04T11:30:00.000Z,20.000003093063246,1349,3356.755103873314,3356.755103873314,0.0
V25_83cae13e3a3e29396436b5fb,V25_CHOP,2026-06-05T00:30:00.047000Z,2026-06-05T06:33:20.000Z,7.816167371940869,1350,3364.571271245255,3364.571271245255,0.0
V7_20260605T092500Z_SHORT,V7_SWING_HEALTH,2026-06-05T09:25:00Z,2026-06-05T11:55:00.000Z,-10.03255368205199,1351,3354.538717563203,3364.571271245255,10.032553682051912
V7_20260609T081000Z_LONG,V7_SWING_HEALTH,2026-06-09T08:10:00Z,2026-06-09T13:21:25.000Z,5.12146466526058,1352,3359.660182228464,3364.571271245255,4.911089016791266
V9_BREAK_20260609T141500Z_SHORT,V57_BREAK_SWING_H4ADX_HIGH,2026-06-09T14:15:00Z,2026-06-09T14:50:00.000Z,35.02317515142168,1353,3394.6833573798854,3394.6833573798854,0.0
V9_BREAK_20260610T003500Z_SHORT,V57_BREAK_SWING_H4ADX_HIGH,2026-06-10T00:35:00Z,2026-06-10T04:50:00.000Z,31.85773506976895,1354,3426.541092449654,3426.541092449654,0.0
V9_BREAK_20260610T053000Z_LONG,V57_BREAK_SWING_H4ADX_HIGH,2026-06-10T05:30:00Z,2026-06-10T06:05:00.000Z,22.894919435260846,1355,3449.436011884915,3449.436011884915,0.0
V9_BREAK_20260611T012500Z_LONG,V57_BREAK_SWING_H4ADX_HIGH,2026-06-11T01:25:00Z,2026-06-11T02:35:00.000Z,-28.60295917640586,1356,3420.833052708509,3449.436011884915,28.602959176405875
1091257f5a7ce41b370ab4af,R2_DOWNTREND,2026-06-09T16:00:00.030000Z,2026-06-11T04:00:05.000Z,196.18524078582394,1357,3617.018293494333,3617.018293494333,0.0
V9_BREAK_20260611T023500Z_SHORT,V57_BREAK_SWING_H4ADX_HIGH,2026-06-11T02:35:00Z,2026-06-11T04:00:05.000Z,-3.2701958241686406,1358,3613.7480976701645,3617.018293494333,3.2701958241686953
30e21441c916704ddecb88fe,R2_DOWNTREND,2026-06-11T09:00:00.068000Z,2026-06-11T17:32:15.000Z,-47.09403654817205,1359,3566.6540611219925,3617.018293494333,50.364232372340666
V9_BREAK_20260612T004500Z_SHORT,V57_BREAK_SWING_H4ADX_HIGH,2026-06-12T00:45:00Z,2026-06-12T02:02:15.000Z,9.004391046925301,1360,3575.658452168918,3617.018293494333,41.359841325415346
V9_BREAK_20260612T145500Z_LONG,V57_BREAK_SWING_H4ADX_HIGH,2026-06-12T14:55:00Z,2026-06-14T22:00:00.000Z,63.148866050815954,1361,3638.8073182197336,3638.8073182197336,0.0
V9_BREAK_20260615T001500Z_LONG,V57_BREAK_SWING_H4ADX_HIGH,2026-06-15T00:15:00Z,2026-06-15T01:05:00.000Z,-12.844480835993402,1362,3625.9628373837404,3638.8073182197336,12.844480835993181
V9_BREAK_20260616T002500Z_SHORT,V57_BREAK_SWING_H4ADX_HIGH,2026-06-16T00:25:00Z,2026-06-16T01:00:00.000Z,-9.240452131044734,1363,3616.722385252696,3638.8073182197336,22.08493296703773
V9_BREAK_20260619T165000Z_LONG,V57_BREAK_SWING_H4ADX_HIGH,2026-06-19T16:50:00Z,2026-06-21T22:00:00.000Z,-19.45772226175153,1364,3597.2646629909445,3638.8073182197336,41.542655228789044
V9_BREAK_20260622T004500Z_LONG,V57_BREAK_SWING_H4ADX_HIGH,2026-06-22T00:45:00Z,2026-06-22T01:05:00.000Z,26.96079690360925,1365,3624.2254598945538,3638.8073182197336,14.581858325179837
V9_BREAK_20260622T021500Z_SHORT,V57_BREAK_SWING_H4ADX_HIGH,2026-06-22T02:15:00Z,2026-06-22T06:25:00.000Z,-18.38427747298503,1366,3605.8411824215686,3638.8073182197336,32.96613579816494
V9_BREAK_20260623T080500Z_SHORT,V57_BREAK_SWING_H4ADX_HIGH,2026-06-23T08:05:00Z,2026-06-23T08:45:00.000Z,-16.304760108458524,1367,3589.53642231311,3638.8073182197336,49.27089590662354
V9_BREAK_20260624T001000Z_LONG,V57_BREAK_SWING_H4ADX_HIGH,2026-06-24T00:10:00Z,2026-06-24T00:25:00.000Z,-14.821266028673842,1368,3574.715156284436,3638.8073182197336,64.09216193529755
V9_BREAK_20260624T010500Z_SHORT,V57_BREAK_SWING_H4ADX_HIGH,2026-06-24T01:05:00Z,2026-06-24T01:15:00.000Z,-17.850410724770086,1369,3556.864745559666,3638.8073182197336,81.94257266006753
V9_BREAK_20260625T003500Z_SHORT,V57_BREAK_SWING_H4ADX_HIGH,2026-06-25T00:35:00Z,2026-06-25T00:55:00.000Z,-14.56829008458168,1370,3542.2964554750843,3638.8073182197336,96.51086274464933
V9_BREAK_20260626T022000Z_SHORT,V57_BREAK_SWING_H4ADX_HIGH,2026-06-26T02:20:00Z,2026-06-26T03:00:00.000Z,24.038641862336263,1371,3566.3350973374204,3638.8073182197336,72.4722208823132
V9_BREAK_20260626T041500Z_LONG,V57_BREAK_SWING_H4ADX_HIGH,2026-06-26T04:15:00Z,2026-06-26T07:30:00.000Z,24.40110420136692,1372,3590.736201538787,3638.8073182197336,48.07111668094649
V9_BREAK_20260629T003000Z_SHORT,V57_BREAK_SWING_H4ADX_HIGH,2026-06-29T00:30:00Z,2026-06-29T00:40:00.000Z,-13.56486513356358,1373,3577.1713364052234,3638.8073182197336,61.63598181451016
V9_BREAK_20260629T004500Z_LONG,V57_BREAK_SWING_H4ADX_HIGH,2026-06-29T00:45:00Z,2026-06-29T01:15:00.000Z,-14.814549121252401,1374,3562.3567872839712,3638.8073182197336,76.45053093576234
