owner,seed_id,entry_hour_utc,owner_priority,seed_priority,signal_time_utc,entry_time_utc,exit_time_utc,exit_reason,entry_price,stop_price,target_price,exit_price,risk_distance,r,fixed_0p01_lot_usd
S3_NEUTRAL_AUCTION,DEEP_M30_RSI_BB,5,2,0,2019-01-17 04:30:00+00:00,2019-01-17 05:00:00+00:00,2019-01-17 07:10:00+00:00,STOP,1.13833,1.137509898845804,1.1395601517312943,1.1374998988458038,0.0008201011541961734,-1.0121936177615396,-0.8301011541962389
S3_NEUTRAL_AUCTION,FAST_M15_RSI_EXTREME,5,2,1,2019-01-17 05:00:00+00:00,2019-01-17 05:15:00+00:00,2019-01-17 06:15:00+00:00,TARGET,1.13809,1.1375843831385415,1.138848425292188,1.138838425292188,0.0005056168614585577,1.480222178565985,0.748425292187882
S3_NEUTRAL_AUCTION,DEEP_M30_RSI_BB,5,2,0,2019-01-17 05:00:00+00:00,2019-01-17 05:30:00+00:00,2019-01-17 07:10:00+00:00,STOP,1.13829,1.137485477499675,1.1394967837504875,1.137475477499675,0.0008045225003250334,-1.012429733159763,-0.8145225003250989
S3_NEUTRAL_AUCTION,DEEP_M30_RSI_BB,7,2,0,2019-01-17 07:00:00+00:00,2019-01-17 07:30:00+00:00,2019-01-17 08:40:00+00:00,TARGET,1.13778,1.136805971076328,1.1392410433855078,1.1392310433855077,0.0009740289236719324,1.4897333644236372,1.451043385507722
S3_NEUTRAL_AUCTION,DEEP_M30_RSI_BB,8,2,0,2019-02-08 08:00:00+00:00,2019-02-08 08:30:00+00:00,2019-02-08 08:40:00+00:00,STOP,1.13315,1.1324537625585855,1.134194356162122,1.1324437625585855,0.00069623744141456,-1.0143629161622625,-0.7062374414146255
S3_NEUTRAL_AUCTION,FAST_M15_RSI_EXTREME,8,2,1,2019-02-08 08:30:00+00:00,2019-02-08 08:45:00+00:00,2019-02-08 10:15:00+00:00,TARGET,1.13269,1.1321162983773452,1.1335505524339822,1.133540552433982,0.0005737016226547986,1.4825693363846688,0.8505524339821324
S3_NEUTRAL_AUCTION,DEEP_M30_RSI_BB,9,2,0,2019-02-08 09:00:00+00:00,2019-02-08 09:30:00+00:00,2019-02-08 11:05:00+00:00,TARGET,1.1327900000000002,1.1319997442469436,1.133975383629585,1.1339653836295849,0.000790255753056579,1.4873458687753955,1.175383629584692
S3_NEUTRAL_AUCTION,DEEP_M30_RSI_BB,10,2,0,2019-02-08 09:30:00+00:00,2019-02-08 10:00:00+00:00,2019-02-08 10:35:00+00:00,TARGET,1.13264,1.1318591910864475,1.133811213370329,1.133801213370329,0.0007808089135525886,1.4871927691572375,1.1612133703289285
S3_NEUTRAL_AUCTION,DEEP_M30_RSI_BB,2,2,0,2019-03-27 01:30:00+00:00,2019-03-27 02:00:00+00:00,2019-03-27 08:15:00+00:00,TARGET,1.12562,1.1245813434812018,1.1271779847781975,1.1271679847781975,0.0010386565187983088,1.49037217807901,1.5479847781973977
S3_NEUTRAL_AUCTION,FAST_M15_RSI_EXTREME,2,2,1,2019-03-27 02:00:00+00:00,2019-03-27 02:15:00+00:00,2019-03-27 06:35:00+00:00,TARGET,1.1252900000000001,1.1245832175609851,1.1263501736585226,1.1263401736585226,0.0007067824390150079,1.4858513745559359,1.0501736585224464
S3_NEUTRAL_AUCTION,DEEP_M30_RSI_BB,2,2,0,2019-03-27 02:00:00+00:00,2019-03-27 02:30:00+00:00,2019-03-27 08:10:00+00:00,TARGET,1.12551,1.1244785332325444,1.1270572001511834,1.1270472001511833,0.00103146676745558,1.4903050681654693,1.5372001511833044
S3_NEUTRAL_AUCTION,FAST_M15_RSI_EXTREME,2,2,1,2019-03-27 02:30:00+00:00,2019-03-27 02:45:00+00:00,2019-03-27 06:35:00+00:00,TARGET,1.1252600000000001,1.1245559375908494,1.1263160936137262,1.1263060936137261,0.0007040624091507741,1.4857967136574748,1.0460936137259846
S3_NEUTRAL_AUCTION,DEEP_M30_RSI_BB,2,2,0,2019-04-16 01:30:00+00:00,2019-04-16 02:00:00+00:00,2019-04-16 04:50:00+00:00,TARGET,1.1294000000000002,1.1287044543268487,1.1304433185097273,1.1304333185097273,0.0006955456731514431,1.4856227989245385,1.0333185097270992
S1_COMPRESSION_REVERSION,FAST_M15_RSI_EXTREME,9,1,1,2019-04-16 09:00:00+00:00,2019-04-16 09:15:00+00:00,2019-04-16 09:15:00+00:00,STOP,1.12887,1.1280863006631108,1.130045549005334,1.1280763006631107,0.0007836993368892653,-1.012759995484695,-0.7936993368893308
S1_COMPRESSION_REVERSION,DEEP_M30_RSI_BB,9,1,0,2019-04-16 09:00:00+00:00,2019-04-16 09:30:00+00:00,2019-04-16 11:55:00+00:00,TARGET,1.12911,1.12797,1.1308200000000004,1.1308100000000003,0.001140000000000141,1.4912280701754796,1.7000000000002569
S1_COMPRESSION_REVERSION,FAST_M15_RSI_EXTREME,9,1,1,2019-04-16 09:30:00+00:00,2019-04-16 09:45:00+00:00,2019-04-16 10:00:00+00:00,TARGET,1.12884,1.1279501163880905,1.1301748254178645,1.1301648254178644,0.0008898836119095588,1.4887625753906222,1.3248254178643837
S1_COMPRESSION_REVERSION,FAST_M15_RSI_EXTREME,0,1,1,2019-04-23 00:15:00+00:00,2019-04-23 00:30:00+00:00,2019-04-23 00:50:00+00:00,STOP,1.12508,1.1247767618364974,1.125534857245254,1.1247667618364974,0.0003032381635026393,-1.032977379511067,-0.31323816350270484
S1_COMPRESSION_REVERSION,FAST_M15_RSI_EXTREME,12,1,1,2019-04-23 12:30:00+00:00,2019-04-23 12:45:00+00:00,2019-04-23 12:45:00+00:00,STOP,1.12328,1.1225202699226065,1.1244195951160905,1.1225102699226064,0.0007597300773936055,-1.0131625695725677,-0.769730077393671
S4_OPPOSING_CAPITULATION,DEEP_M30_RSI_BB,14,3,0,2019-04-23 13:30:00+00:00,2019-04-23 14:00:00+00:00,2019-04-23 14:15:00+00:00,STOP,1.12114,1.1200304717702507,1.122804292344624,1.1200204717702507,0.0011095282297493014,-1.00901283963034,-1.119528229749367
S4_OPPOSING_CAPITULATION,DEEP_M30_RSI_BB,14,3,0,2019-04-23 14:00:00+00:00,2019-04-23 14:30:00+00:00,2019-04-23 19:10:00+00:00,TARGET,1.12,1.1188217237866616,1.1217674143200078,1.1217574143200078,0.0011782762133385472,1.491513025649697,1.7574143200076442
S1_COMPRESSION_REVERSION,DEEP_M30_RSI_BB,12,1,0,2019-05-14 12:00:00+00:00,2019-05-14 12:30:00+00:00,2019-05-14 12:40:00+00:00,STOP,1.1215700000000002,1.1205286749348038,1.1231319875977948,1.1205186749348037,0.0010413250651963857,-1.009603149231964,-1.0513250651964512
S1_COMPRESSION_REVERSION,FAST_M15_RSI_EXTREME,12,1,1,2019-05-14 12:30:00+00:00,2019-05-14 12:45:00+00:00,2019-05-14 20:35:00+00:00,STOP,1.1211200000000001,1.1202266406316663,1.1224600390525008,1.1202166406316663,0.0008933593683337904,-1.011193703625358,-0.9033593683338559
S2_SUPPORTIVE_PULLBACK,DEEP_M30_RSI_BB,14,0,0,2019-05-14 13:30:00+00:00,2019-05-14 14:00:00+00:00,2019-05-15 00:35:00+00:00,STOP,1.12121,1.1200885476792142,1.122892178481179,1.120078547679214,0.001121452320785865,-1.0089170086099228,-1.1314523207859306
S2_SUPPORTIVE_PULLBACK,FAST_M15_RSI_EXTREME,14,0,1,2019-05-14 14:00:00+00:00,2019-05-14 14:15:00+00:00,2019-05-15 02:15:00+00:00,TIME_12H,1.12081,1.119904198775156,1.1221687018372664,1.12052,0.0009058012248441827,-0.32015854256546156,-0.2900000000001235
S1_COMPRESSION_REVERSION,DEEP_M30_RSI_BB,10,1,0,2019-05-15 10:00:00+00:00,2019-05-15 10:30:00+00:00,2019-05-15 11:25:00+00:00,STOP,1.1196700000000002,1.1188483783256464,1.1209024325115307,1.1188383783256464,0.0008216216743537341,-1.012171051850514,-0.8316216743537996
S1_COMPRESSION_REVERSION,DEEP_M30_RSI_BB,11,1,0,2019-05-15 10:30:00+00:00,2019-05-15 11:00:00+00:00,2019-05-15 11:25:00+00:00,STOP,1.11965,1.1188220655881,1.12089190161785,1.1188120655881,0.0008279344118999887,-1.0120782514367497,-0.8379344119000542
S1_COMPRESSION_REVERSION,DEEP_M30_RSI_BB,11,1,0,2019-05-15 11:00:00+00:00,2019-05-15 11:30:00+00:00,2019-05-15 11:30:00+00:00,STOP,1.1190200000000001,1.1181702037603787,1.1202946943594323,1.1181602037603786,0.0008497962396214476,-1.0117675267715,-0.8597962396215131
S1_COMPRESSION_REVERSION,FAST_M15_RSI_EXTREME,11,1,1,2019-05-15 11:30:00+00:00,2019-05-15 11:45:00+00:00,2019-05-15 14:10:00+00:00,TARGET,1.11844,1.1176889161579713,1.1195666257630434,1.1195566257630434,0.0007510838420288213,1.4866859071645815,1.1166257630432774
S1_COMPRESSION_REVERSION,FAST_M15_RSI_EXTREME,8,1,1,2019-07-09 08:15:00+00:00,2019-07-09 08:30:00+00:00,2019-07-09 08:50:00+00:00,STOP,1.1203400000000001,1.1198044310757962,1.121143353386306,1.1197944310757961,0.0005355689242039219,-1.01867173308259,-0.5455689242039874
S1_COMPRESSION_REVERSION,FAST_M15_RSI_EXTREME,8,1,1,2019-07-09 08:30:00+00:00,2019-07-09 08:45:00+00:00,2019-07-09 09:05:00+00:00,STOP,1.1200700000000001,1.1195326859989536,1.1208759710015699,1.1195226859989535,0.0005373140010465072,-1.018611091429944,-0.5473140010465727
S4_OPPOSING_CAPITULATION,DEEP_M30_RSI_BB,9,3,0,2019-07-09 08:30:00+00:00,2019-07-09 09:00:00+00:00,2019-07-09 14:10:00+00:00,TARGET,1.11995,1.1192384180812798,1.1210173728780803,1.1210073728780803,0.0007115819187202277,1.4859468042441966,1.057372878080276
S4_OPPOSING_CAPITULATION,DEEP_M30_RSI_BB,9,3,0,2019-07-09 09:00:00+00:00,2019-07-09 09:30:00+00:00,2019-07-09 13:30:00+00:00,TARGET,1.1198400000000002,1.1190942453611885,1.1209586319582177,1.1209486319582176,0.0007457546388116576,1.4865907639327591,1.1086319582174209
S1_COMPRESSION_REVERSION,FAST_M15_RSI_EXTREME,7,1,1,2019-07-29 07:00:00+00:00,2019-07-29 07:15:00+00:00,2019-07-29 07:15:00+00:00,STOP,1.11226,1.1118994177089359,1.1128008734365964,1.1118894177089358,0.00036058229106417095,-1.0277329204674832,-0.37058229106423646
S1_COMPRESSION_REVERSION,DEEP_M30_RSI_BB,7,1,0,2019-07-29 07:00:00+00:00,2019-07-29 07:30:00+00:00,2019-07-29 11:25:00+00:00,STOP,1.11216,1.1115624566695643,1.1130563149956536,1.1115524566695643,0.0005975433304357125,-1.016735188045315,-0.607543330435778
S1_COMPRESSION_REVERSION,FAST_M15_RSI_EXTREME,8,1,1,2019-07-29 08:00:00+00:00,2019-07-29 08:15:00+00:00,2019-07-29 09:35:00+00:00,TARGET,1.1120400000000001,1.1116453128171835,1.112632030774225,1.112622030774225,0.0003946871828166554,1.4746634792424413,0.5820307742248065
S1_COMPRESSION_REVERSION,DEEP_M30_RSI_BB,8,1,0,2019-07-29 08:00:00+00:00,2019-07-29 08:30:00+00:00,2019-07-29 10:15:00+00:00,TARGET,1.11186,1.1112647713120223,1.1127528430319669,1.1127428430319668,0.000595228687977789,1.4831997344853654,0.8828430319667291
S1_COMPRESSION_REVERSION,FAST_M15_RSI_EXTREME,8,1,1,2019-07-31 08:30:00+00:00,2019-07-31 08:45:00+00:00,2019-07-31 13:40:00+00:00,STOP,1.11453,1.1140340135941982,1.1152739796087028,1.1140240135941981,0.0004959864058018404,-1.0201618429115995,-0.5059864058019059
S1_COMPRESSION_REVERSION,DEEP_M30_RSI_BB,9,1,0,2019-07-31 08:30:00+00:00,2019-07-31 09:00:00+00:00,2019-07-31 13:40:00+00:00,STOP,1.1145,1.1138630928895765,1.1154553606656354,1.1138530928895765,0.0006369071104235235,-1.0157008766842246,-0.6469071104235891
S3_NEUTRAL_AUCTION,DEEP_M30_RSI_BB,18,2,0,2019-07-31 18:00:00+00:00,2019-07-31 18:30:00+00:00,2019-07-31 18:35:00+00:00,STOP,1.1111600000000001,1.10862,1.1149700000000005,1.1086099999999999,0.0025400000000002088,-1.0039370078740413,-2.5500000000002743
S3_NEUTRAL_AUCTION,FAST_M15_RSI_EXTREME,18,2,1,2019-07-31 18:30:00+00:00,2019-07-31 18:45:00+00:00,2019-07-31 18:45:00+00:00,STOP,1.1093000000000002,1.1076941195666676,1.111708820649999,1.1076841195666676,0.0016058804333325405,-1.0062271136707939,-1.615880433332606
S2_SUPPORTIVE_PULLBACK,FAST_M15_RSI_EXTREME,13,0,1,2019-08-06 13:00:00+00:00,2019-08-06 13:15:00+00:00,2019-08-06 14:55:00+00:00,TARGET,1.11728,1.1163000992525856,1.1187498511211218,1.1187398511211217,0.0009799007474144972,1.489794884812109,1.4598511211216803
S2_SUPPORTIVE_PULLBACK,DEEP_M30_RSI_BB,13,0,0,2019-08-06 13:00:00+00:00,2019-08-06 13:30:00+00:00,2019-08-06 15:05:00+00:00,TARGET,1.11748,1.1160573329317205,1.1196140006024193,1.1196040006024193,0.0014226670682795373,1.49297094856342,2.1240006024192404
S2_SUPPORTIVE_PULLBACK,FAST_M15_RSI_EXTREME,13,0,1,2019-08-06 13:30:00+00:00,2019-08-06 13:45:00+00:00,2019-08-06 14:55:00+00:00,TARGET,1.1172600000000001,1.1162676570086072,1.1187485144870895,1.1187385144870894,0.0009923429913929471,1.4899228390920163,1.4785144870892442
S2_SUPPORTIVE_PULLBACK,DEEP_M30_RSI_BB,14,0,0,2019-08-06 13:30:00+00:00,2019-08-06 14:00:00+00:00,2019-08-06 15:05:00+00:00,TARGET,1.11739,1.1159649520080264,1.1195275719879607,1.1195175719879606,0.001425047991973738,1.4929826924732443,2.1275719879605415
S1_COMPRESSION_REVERSION,DEEP_M30_RSI_BB,14,1,0,2019-08-14 13:30:00+00:00,2019-08-14 14:00:00+00:00,2019-08-14 14:10:00+00:00,STOP,1.11579,1.1143358741650247,1.1179711887524633,1.1143258741650246,0.001454125834975395,-1.0068769839305103,-1.4641258349754604
S1_COMPRESSION_REVERSION,FAST_M15_RSI_EXTREME,14,1,1,2019-08-14 14:00:00+00:00,2019-08-14 14:15:00+00:00,2019-08-14 18:35:00+00:00,STOP,1.11464,1.1134033694661825,1.1164949458007265,1.1133933694661824,0.0012366305338176176,-1.008086489639872,-1.246630533817683
S1_COMPRESSION_REVERSION,DEEP_M30_RSI_BB,14,1,0,2019-08-14 14:00:00+00:00,2019-08-14 14:30:00+00:00,2019-08-15 02:30:00+00:00,TIME_12H,1.11457,1.1130467402960944,1.1168548895558585,1.1141999999999999,0.001523259703905655,-0.24290014306261717,-0.3700000000002035
S1_COMPRESSION_REVERSION,FAST_M15_RSI_EXTREME,14,1,1,2019-08-14 14:30:00+00:00,2019-08-14 14:45:00+00:00,2019-08-15 02:45:00+00:00,TIME_12H,1.11409,1.1128664359172695,1.1159253461240959,1.11426,0.0012235640827304994,0.138938370616954,0.17000000000000348
S1_COMPRESSION_REVERSION,FAST_M15_RSI_EXTREME,9,1,1,2019-08-26 08:45:00+00:00,2019-08-26 09:00:00+00:00,2019-08-26 17:05:00+00:00,STOP,1.1115300000000001,1.1105773144319466,1.1129590283520803,1.1105673144319466,0.0009526855680535018,-1.010496642686104,-0.9626855680535673
S1_COMPRESSION_REVERSION,FAST_M15_RSI_EXTREME,9,1,1,2019-08-26 09:00:00+00:00,2019-08-26 09:15:00+00:00,2019-08-26 17:05:00+00:00,STOP,1.11144,1.1105153634010931,1.1128269548983603,1.110505363401093,0.0009246365989068472,-1.0108150596806227,-0.9346365989069128
S2_SUPPORTIVE_PULLBACK,DEEP_M30_RSI_BB,17,0,0,2019-08-26 17:00:00+00:00,2019-08-26 17:30:00+00:00,2019-08-27 05:30:00+00:00,TIME_12H,1.11013,1.1088584053352502,1.112037391997125,1.10984,0.0012715946647499088,-0.22806009496521387,-0.2900000000001235
S1_COMPRESSION_REVERSION,DEEP_M30_RSI_BB,19,1,0,2019-08-26 18:30:00+00:00,2019-08-26 19:00:00+00:00,2019-08-27 07:00:00+00:00,TIME_12H,1.1098400000000002,1.1086491146215542,1.111626328067669,1.1106,0.0011908853784459161,0.6381806458919314,0.7599999999998719
S1_COMPRESSION_REVERSION,DEEP_M30_RSI_BB,7,1,0,2019-10-07 07:00:00+00:00,2019-10-07 07:30:00+00:00,2019-10-07 08:35:00+00:00,STOP,1.09694,1.096202532174692,1.098046201737962,1.096192532174692,0.0007374678253080358,-1.0135599136082833,-0.7474678253081013
S1_COMPRESSION_REVERSION,DEEP_M30_RSI_BB,8,1,0,2019-10-07 08:00:00+00:00,2019-10-07 08:30:00+00:00,2019-10-07 11:00:00+00:00,TARGET,1.09677,1.0959160507016477,1.0980509239475285,1.0980409239475284,0.0008539492983523633,1.4882897028904751,1.2709239475283685
S1_COMPRESSION_REVERSION,FAST_M15_RSI_EXTREME,8,1,1,2019-10-07 08:30:00+00:00,2019-10-07 08:45:00+00:00,2019-10-07 09:55:00+00:00,TARGET,1.09653,1.0958927363508375,1.0974858954737439,1.0974758954737438,0.0006372636491625006,1.4843079077033554,0.9458954737437963
S1_COMPRESSION_REVERSION,DEEP_M30_RSI_BB,9,1,0,2019-10-07 08:30:00+00:00,2019-10-07 09:00:00+00:00,2019-10-07 10:35:00+00:00,TARGET,1.0964800000000001,1.0956250470801014,1.097762429379848,1.097752429379848,0.0008549529198986772,1.4883034495029719,1.2724293798478392
S4_OPPOSING_CAPITULATION,DEEP_M30_RSI_BB,3,3,0,2019-11-07 02:30:00+00:00,2019-11-07 03:00:00+00:00,2019-11-07 03:20:00+00:00,STOP,1.1062,1.1055122761335407,1.107231585799689,1.1055022761335407,0.0006877238664593222,-1.0145407197390859,-0.6977238664593877
S4_OPPOSING_CAPITULATION,DEEP_M30_RSI_BB,3,3,0,2019-11-07 03:00:00+00:00,2019-11-07 03:30:00+00:00,2019-11-07 07:30:00+00:00,TARGET,1.1059400000000001,1.1052363992668595,1.1069954010997112,1.106985401099711,0.0007036007331406857,1.485787394001953,1.045401099710963
S4_OPPOSING_CAPITULATION,DEEP_M30_RSI_BB,4,3,0,2019-11-07 03:30:00+00:00,2019-11-07 04:00:00+00:00,2019-11-07 07:30:00+00:00,TARGET,1.1059400000000001,1.1052616564620839,1.1069575153068745,1.1069475153068744,0.0006783435379162928,1.4852582070275275,1.0075153068742626
S4_OPPOSING_CAPITULATION,DEEP_M30_RSI_BB,15,3,0,2019-11-07 15:00:00+00:00,2019-11-07 15:30:00+00:00,2019-11-07 15:55:00+00:00,STOP,1.1053700000000002,1.10430947619568,1.1069607857064805,1.10429947619568,0.0010605238043202014,-1.009429302726944,-1.070523804320267
S1_COMPRESSION_REVERSION,FAST_M15_RSI_EXTREME,10,1,1,2019-12-06 09:45:00+00:00,2019-12-06 10:00:00+00:00,2019-12-06 10:45:00+00:00,STOP,1.10973,1.1093013732246884,1.1103729401629678,1.1092913732246883,0.00042862677531174675,-1.0233303204000552,-0.43862677531181227
S1_COMPRESSION_REVERSION,DEEP_M30_RSI_BB,13,1,0,2019-12-06 12:30:00+00:00,2019-12-06 13:00:00+00:00,2019-12-06 13:30:00+00:00,STOP,1.10907,1.1084039923898796,1.1100690114151806,1.1083939923898796,0.0006660076101203671,-1.0150148434463957,-0.6760076101204326
S3_NEUTRAL_AUCTION,FAST_M15_RSI_EXTREME,17,2,1,2019-12-06 16:45:00+00:00,2019-12-06 17:00:00+00:00,2019-12-06 21:55:00+00:00,TIME_12H,1.10524,1.10398,1.1071300000000002,1.1054199999999998,0.0012600000000000389,0.14285714285701698,0.17999999999984695
S3_NEUTRAL_AUCTION,FAST_M15_RSI_EXTREME,17,2,1,2019-12-06 17:00:00+00:00,2019-12-06 17:15:00+00:00,2019-12-06 21:55:00+00:00,TIME_12H,1.10515,1.10398,1.1069050000000002,1.1054199999999998,0.0011700000000001154,0.2307692307690118,0.2699999999997704
S3_NEUTRAL_AUCTION,DEEP_M30_RSI_BB,8,2,0,2019-12-11 08:00:00+00:00,2019-12-11 08:30:00+00:00,2019-12-11 12:10:00+00:00,STOP,1.1082400000000001,1.107717330943311,1.1090240035850338,1.107707330943311,0.0005226690566890735,-1.0191325655729688,-0.532669056689139
S3_NEUTRAL_AUCTION,DEEP_M30_RSI_BB,10,2,0,2019-12-11 10:00:00+00:00,2019-12-11 10:30:00+00:00,2019-12-11 12:50:00+00:00,STOP,1.1080400000000001,1.1074507845447707,1.1089238231828442,1.1074407845447707,0.000589215455229386,-1.0169717204654323,-0.5992154552294515
S3_NEUTRAL_AUCTION,DEEP_M30_RSI_BB,12,2,0,2019-12-11 12:00:00+00:00,2019-12-11 12:30:00+00:00,2019-12-11 12:55:00+00:00,STOP,1.10775,1.1071144892071842,1.1087032661892238,1.1071044892071842,0.0006355107928157633,-1.0157353739906736,-0.6455107928158288
S3_NEUTRAL_AUCTION,DEEP_M30_RSI_BB,13,2,0,2019-12-11 12:30:00+00:00,2019-12-11 13:00:00+00:00,2019-12-11 13:30:00+00:00,TARGET,1.10732,1.1066428828352426,1.1083356757471363,1.1083256757471363,0.0006771171647574903,1.4852315071592566,1.00567574713617
S3_NEUTRAL_AUCTION,DEEP_M30_RSI_BB,13,2,0,2020-01-08 12:30:00+00:00,2020-01-08 13:00:00+00:00,2020-01-08 21:45:00+00:00,STOP,1.1117400000000002,1.1105597418548465,1.1135103872177305,1.1105497418548465,0.0011802581451536565,-1.0084727227184385,-1.190258145153722
S3_NEUTRAL_AUCTION,FAST_M15_RSI_EXTREME,13,2,1,2020-01-08 13:00:00+00:00,2020-01-08 13:15:00+00:00,2020-01-08 21:45:00+00:00,STOP,1.1116700000000002,1.1107248162393741,1.1130877756409392,1.110714816239374,0.0009451837606260227,-1.010579953249982,-0.9551837606260882
S3_NEUTRAL_AUCTION,FAST_M15_RSI_EXTREME,13,2,1,2020-01-08 13:15:00+00:00,2020-01-08 13:30:00+00:00,2020-01-08 15:05:00+00:00,TARGET,1.11155,1.110604329365133,1.1129685059523005,1.1129585059523004,0.0009456706348669464,1.4894254937910043,1.408505952300354
S3_NEUTRAL_AUCTION,FAST_M15_RSI_EXTREME,13,2,1,2020-01-08 13:30:00+00:00,2020-01-08 13:45:00+00:00,2020-01-08 21:45:00+00:00,STOP,1.11171,1.1107788772676235,1.1131066840985646,1.1107688772676234,0.0009311227323764992,-1.01073972275872,-0.9411227323765647
S1_COMPRESSION_REVERSION,DEEP_M30_RSI_BB,10,1,0,2020-03-19 10:00:00+00:00,2020-03-19 10:30:00+00:00,2020-03-19 11:25:00+00:00,STOP,1.08013,1.0754368479627543,1.0871697280558688,1.0754268479627542,0.00469315203724574,-1.0021307641262638,-4.703152037245806
S4_OPPOSING_CAPITULATION,DEEP_M30_RSI_BB,11,3,0,2020-03-19 10:30:00+00:00,2020-03-19 11:00:00+00:00,2020-03-19 11:30:00+00:00,STOP,1.0783500000000001,1.073708073108272,1.0853128903375924,1.073698073108272,0.004641926891728154,-1.0021542777887962,-4.65192689172822
S4_OPPOSING_CAPITULATION,DEEP_M30_RSI_BB,11,3,0,2020-03-19 11:00:00+00:00,2020-03-19 11:30:00+00:00,2020-03-19 12:55:00+00:00,TARGET,1.0753000000000001,1.070448639314824,1.0825770410277644,1.0825670410277644,0.004851360685176109,1.4979387226287852,7.2670410277642095
S4_OPPOSING_CAPITULATION,DEEP_M30_RSI_BB,17,3,0,2020-03-19 16:30:00+00:00,2020-03-19 17:00:00+00:00,2020-03-20 04:40:00+00:00,TARGET,1.06636,1.0604195287099898,1.0752707069350151,1.075260706935015,0.005940471290010185,1.4983166318778456,8.900706935015101
S1_COMPRESSION_REVERSION,FAST_M15_RSI_EXTREME,7,1,1,2020-05-05 07:00:00+00:00,2020-05-05 07:15:00+00:00,2020-05-05 07:20:00+00:00,STOP,1.0893300000000001,1.0885,1.0905750000000003,1.08849,0.0008300000000001084,-1.0120481927711618,-0.8400000000001739
S1_COMPRESSION_REVERSION,DEEP_M30_RSI_BB,7,1,0,2020-05-05 07:00:00+00:00,2020-05-05 07:30:00+00:00,2020-05-05 08:05:00+00:00,TARGET,1.08892,1.0877900963363731,1.0906148554954407,1.0906048554954406,0.0011299036636269744,1.4911496879584807,1.684855495440507
S1_COMPRESSION_REVERSION,FAST_M15_RSI_EXTREME,7,1,1,2020-05-05 07:30:00+00:00,2020-05-05 07:45:00+00:00,2020-05-05 08:05:00+00:00,TARGET,1.08897,1.0881332223061586,1.090225166540762,1.090215166540762,0.000836777693841384,1.4880493946317346,1.2451665407620105
S1_COMPRESSION_REVERSION,FAST_M15_RSI_EXTREME,8,1,1,2020-05-05 08:30:00+00:00,2020-05-05 08:45:00+00:00,2020-05-05 08:55:00+00:00,STOP,1.0865,1.084842224028691,1.0889866639569634,1.084832224028691,0.0016577759713090057,-1.006032178155031,-1.6677759713090712
S1_COMPRESSION_REVERSION,DEEP_M30_RSI_BB,6,1,0,2020-05-06 06:00:00+00:00,2020-05-06 06:30:00+00:00,2020-05-06 08:20:00+00:00,STOP,1.08216,1.0809593129462391,1.0839610305806413,1.080949312946239,0.0012006870537608627,-1.0083285648568816,-1.2106870537609282
S1_COMPRESSION_REVERSION,DEEP_M30_RSI_BB,8,1,0,2020-05-06 08:00:00+00:00,2020-05-06 08:30:00+00:00,2020-05-06 12:45:00+00:00,TARGET,1.07949,1.0779095352211978,1.0818606971682034,1.0818506971682034,0.0015804647788022486,1.4936727473245914,2.3606971682033073
S1_COMPRESSION_REVERSION,FAST_M15_RSI_EXTREME,8,1,1,2020-05-06 08:30:00+00:00,2020-05-06 08:45:00+00:00,2020-05-06 09:40:00+00:00,STOP,1.0798800000000002,1.0786058238236054,1.0817912642645924,1.0785958238236053,0.0012741761763948034,-1.0078482082661127,-1.284176176394869
S4_OPPOSING_CAPITULATION,DEEP_M30_RSI_BB,10,3,0,2020-05-06 09:30:00+00:00,2020-05-06 10:00:00+00:00,2020-05-06 11:40:00+00:00,TARGET,1.0787200000000001,1.0771042648983133,1.0811436026525303,1.0811336026525302,0.0016157351016867771,1.4938108666515781,2.4136026525301
S1_COMPRESSION_REVERSION,DEEP_M30_RSI_BB,0,1,0,2020-05-12 00:00:00+00:00,2020-05-12 00:30:00+00:00,2020-05-12 03:40:00+00:00,TARGET,1.0786900000000001,1.0774971356010212,1.0804792965984684,1.0804692965984684,0.0011928643989789212,1.491616817461619,1.7792965984682052
S1_COMPRESSION_REVERSION,FAST_M15_RSI_EXTREME,0,1,1,2020-05-12 00:30:00+00:00,2020-05-12 00:45:00+00:00,2020-05-12 02:50:00+00:00,TARGET,1.07884,1.0780694601983616,1.0799958097024578,1.0799858097024577,0.0007705398016384368,1.4870220850646638,1.1458097024577008
S4_OPPOSING_CAPITULATION,DEEP_M30_RSI_BB,1,3,0,2020-05-12 00:30:00+00:00,2020-05-12 01:00:00+00:00,2020-05-12 05:10:00+00:00,TARGET,1.07932,1.0781213402009482,1.0811179896985779,1.0811079896985778,0.001198659799051871,1.4916573493096412,1.787989698577741
S4_OPPOSING_CAPITULATION,DEEP_M30_RSI_BB,1,3,0,2020-05-12 01:00:00+00:00,2020-05-12 01:30:00+00:00,2020-05-12 05:05:00+00:00,TARGET,1.07914,1.0779809587580234,1.0808785618629648,1.0808685618629648,0.0011590412419766327,1.491372179316827,1.7285618629647725
S1_COMPRESSION_REVERSION,DEEP_M30_RSI_BB,6,1,0,2020-05-25 06:00:00+00:00,2020-05-25 06:30:00+00:00,2020-05-25 07:15:00+00:00,STOP,1.08797,1.0871138478464475,1.089254228230329,1.0871038478464474,0.000856152153552614,-1.0116801668471782,-0.8661521535526795
S1_COMPRESSION_REVERSION,FAST_M15_RSI_EXTREME,6,1,1,2020-05-25 06:30:00+00:00,2020-05-25 06:45:00+00:00,2020-05-25 06:50:00+00:00,STOP,1.08796,1.0874210549327528,1.088768417600871,1.0874110549327527,0.0005389450672472762,-1.0185547667244488,-0.5489450672473417
S1_COMPRESSION_REVERSION,FAST_M15_RSI_EXTREME,7,1,1,2020-05-25 06:45:00+00:00,2020-05-25 07:00:00+00:00,2020-05-25 07:15:00+00:00,STOP,1.0879400000000001,1.0873825510089847,1.0887761734865231,1.0873725510089847,0.0005574489910153968,-1.0179388610639521,-0.5674489910154623
S1_COMPRESSION_REVERSION,FAST_M15_RSI_EXTREME,7,1,1,2020-05-25 07:00:00+00:00,2020-05-25 07:15:00+00:00,2020-05-25 08:30:00+00:00,TARGET,1.08755,1.0869533687940571,1.0884449468089143,1.0884349468089143,0.000596631205942888,1.4832392273477182,0.8849468089142665
S1_COMPRESSION_REVERSION,FAST_M15_RSI_EXTREME,7,1,1,2020-06-24 07:30:00+00:00,2020-06-24 07:45:00+00:00,2020-06-24 09:10:00+00:00,STOP,1.1295000000000002,1.1285202864365158,1.1309695703452267,1.1285102864365157,0.0009797135634843634,-1.0102070649757062,-0.989713563484429
S1_COMPRESSION_REVERSION,FAST_M15_RSI_EXTREME,8,1,1,2020-06-24 08:00:00+00:00,2020-06-24 08:15:00+00:00,2020-06-24 09:15:00+00:00,STOP,1.1289900000000002,1.1279446041212815,1.1305580938180781,1.1279346041212814,0.001045395878718658,-1.0095657541833076,-1.0553958787187234
S1_COMPRESSION_REVERSION,DEEP_M30_RSI_BB,9,1,0,2020-06-24 09:00:00+00:00,2020-06-24 09:30:00+00:00,2020-06-24 11:00:00+00:00,TARGET,1.1284,1.126699740328638,1.130950389507043,1.130940389507043,0.0017002596713620033,1.4941185454383177,2.5403895070428284
S1_COMPRESSION_REVERSION,DEEP_M30_RSI_BB,13,1,0,2020-06-24 13:00:00+00:00,2020-06-24 13:30:00+00:00,2020-06-24 19:55:00+00:00,STOP,1.12698,1.1251466418310823,1.1297300372533767,1.1251366418310822,0.0018333581689178313,-1.005454471564587,-1.8433581689178968
S1_COMPRESSION_REVERSION,FAST_M15_RSI_EXTREME,7,1,1,2020-07-28 07:30:00+00:00,2020-07-28 07:45:00+00:00,2020-07-28 08:05:00+00:00,STOP,1.17144,1.1701161716111739,1.1734257425832393,1.1701061716111738,0.0013238283888261648,-1.0075538491880602,-1.3338283888262303
S1_COMPRESSION_REVERSION,FAST_M15_RSI_EXTREME,8,1,1,2020-07-28 07:45:00+00:00,2020-07-28 08:00:00+00:00,2020-07-28 09:45:00+00:00,TARGET,1.17118,1.1698207307818043,1.1732189038272938,1.1732089038272937,0.0013592692181958466,1.4926431056730252,2.0289038272935933
S1_COMPRESSION_REVERSION,FAST_M15_RSI_EXTREME,8,1,1,2020-07-28 08:00:00+00:00,2020-07-28 08:15:00+00:00,2020-07-28 09:45:00+00:00,TARGET,1.1708500000000002,1.1694178214402469,1.1729982678396302,1.1729882678396302,0.0014321785597533054,1.493017630426141,2.1382678396300037
S1_COMPRESSION_REVERSION,FAST_M15_RSI_EXTREME,8,1,1,2020-07-28 08:15:00+00:00,2020-07-28 08:30:00+00:00,2020-07-28 09:40:00+00:00,TARGET,1.1707500000000002,1.1693361199088008,1.1728708201367992,1.1728608201367992,0.0014138800911993599,1.4929272644389646,2.1108201367989743
S2_SUPPORTIVE_PULLBACK,DEEP_M30_RSI_BB,0,0,0,2020-08-03 00:00:00+00:00,2020-08-03 00:30:00+00:00,2020-08-03 10:20:00+00:00,STOP,1.1750500000000001,1.1726726049015852,1.1786160926476226,1.1726626049015851,0.0023773950984149472,-1.0042062844357391,-2.3873950984150127
S2_SUPPORTIVE_PULLBACK,FAST_M15_RSI_EXTREME,0,0,1,2020-08-03 00:30:00+00:00,2020-08-03 00:45:00+00:00,2020-08-03 04:15:00+00:00,TARGET,1.17541,1.173870618209688,1.177719072685468,1.177709072685468,0.0015393817903119889,1.4935038857397172,2.2990726854679178
S1_COMPRESSION_REVERSION,DEEP_M30_RSI_BB,13,1,0,2020-08-03 12:30:00+00:00,2020-08-03 13:00:00+00:00,2020-08-03 14:10:00+00:00,TARGET,1.17082,1.1686075184814984,1.1741387222777524,1.1741287222777523,0.002212481518501619,1.4954801882336908,3.308722277752363
S1_COMPRESSION_REVERSION,FAST_M15_RSI_EXTREME,13,1,1,2020-08-03 13:00:00+00:00,2020-08-03 13:15:00+00:00,2020-08-03 14:00:00+00:00,TARGET,1.1704800000000002,1.1688923852631854,1.1728614221052225,1.1728514221052224,0.0015876147368147908,1.4937012426452922,2.3714221052222317
S1_COMPRESSION_REVERSION,FAST_M15_RSI_EXTREME,2,1,1,2020-08-07 02:15:00+00:00,2020-08-07 02:30:00+00:00,2020-08-07 02:50:00+00:00,STOP,1.18477,1.183777491329948,1.1862587630050783,1.1837674913299479,0.0009925086700521835,-1.0100754787356565,-1.002508670052249
S1_COMPRESSION_REVERSION,DEEP_M30_RSI_BB,4,1,0,2020-08-07 03:30:00+00:00,2020-08-07 04:00:00+00:00,2020-08-07 09:35:00+00:00,STOP,1.18272,1.1809785846827305,1.1853321229759042,1.1809685846827305,0.0017414153172694569,-1.0057424555193104,-1.7514153172695224
S1_COMPRESSION_REVERSION,FAST_M15_RSI_EXTREME,4,1,1,2020-08-07 04:00:00+00:00,2020-08-07 04:15:00+00:00,2020-08-07 09:10:00+00:00,STOP,1.1832,1.18195,1.1850749999999999,1.18194,0.0012499999999999734,-1.0080000000000526,-1.2600000000000389
S1_COMPRESSION_REVERSION,FAST_M15_RSI_EXTREME,4,1,1,2020-08-07 04:15:00+00:00,2020-08-07 04:30:00+00:00,2020-08-07 07:15:00+00:00,TARGET,1.1831200000000002,1.1819461215725804,1.1848808176411298,1.1848708176411298,0.0011738784274197833,1.491481230282044,1.7508176411296095
S1_COMPRESSION_REVERSION,FAST_M15_RSI_EXTREME,10,1,1,2020-08-27 10:30:00+00:00,2020-08-27 10:45:00+00:00,2020-08-27 11:05:00+00:00,STOP,1.1807100000000001,1.1796167859891722,1.182349821016242,1.1796067859891721,0.0010932140108279587,-1.009147339771553,-1.1032140108280242
S1_COMPRESSION_REVERSION,DEEP_M30_RSI_BB,11,1,0,2020-08-27 10:30:00+00:00,2020-08-27 11:00:00+00:00,2020-08-27 12:45:00+00:00,TARGET,1.18063,1.1791847958691426,1.1827978061962863,1.1827878061962862,0.0014452041308574692,1.4930805622634553,2.1578061962861383
S1_COMPRESSION_REVERSION,FAST_M15_RSI_EXTREME,11,1,1,2020-08-27 11:00:00+00:00,2020-08-27 11:15:00+00:00,2020-08-27 12:45:00+00:00,TARGET,1.18046,1.1793475246539291,1.1821287130191065,1.1821187130191064,0.0011124753460709513,1.491011036752065,1.6587130191063615
S1_COMPRESSION_REVERSION,DEEP_M30_RSI_BB,11,1,0,2020-08-27 11:00:00+00:00,2020-08-27 11:30:00+00:00,2020-08-27 12:45:00+00:00,TARGET,1.18089,1.1794060247356324,1.1831159628965513,1.1831059628965512,0.0014839752643676096,1.493261343204101,2.215962896551238
S3_NEUTRAL_AUCTION,FAST_M15_RSI_EXTREME,17,2,1,2020-09-01 17:00:00+00:00,2020-09-01 17:15:00+00:00,2020-09-02 05:15:00+00:00,TIME_12H,1.19104,1.1891427465027147,1.1938858802459282,1.19047,0.0018972534972854227,-0.3004342860960507,-0.5700000000001815
S3_NEUTRAL_AUCTION,DEEP_M30_RSI_BB,17,2,0,2020-09-01 17:00:00+00:00,2020-09-01 17:30:00+00:00,2020-09-02 01:05:00+00:00,STOP,1.19195,1.1894936298299905,1.1956345552550145,1.1894836298299905,0.0024563701700095475,-1.0040710476467098,-2.466370170009613
S3_NEUTRAL_AUCTION,FAST_M15_RSI_EXTREME,19,2,1,2020-09-01 19:00:00+00:00,2020-09-01 19:15:00+00:00,2020-09-01 23:40:00+00:00,TARGET,1.19038,1.1887996787391486,1.192750481891277,1.192740481891277,0.0015803212608513917,1.4936721727108335,2.360481891277022
S3_NEUTRAL_AUCTION,FAST_M15_RSI_EXTREME,19,2,1,2020-09-01 19:15:00+00:00,2020-09-01 19:30:00+00:00,2020-09-01 23:40:00+00:00,TARGET,1.19046,1.1889305588292096,1.1927541617561856,1.1927441617561856,0.0015294411707904576,1.4934616641743674,2.28416175618551
S1_COMPRESSION_REVERSION,DEEP_M30_RSI_BB,7,1,0,2020-09-02 07:00:00+00:00,2020-09-02 07:30:00+00:00,2020-09-02 08:50:00+00:00,STOP,1.1873900000000002,1.1856723280821093,1.1899665078768364,1.1856623280821093,0.0017176719178908506,-1.0058218335503468,-1.7276719178909161
S3_NEUTRAL_AUCTION,DEEP_M30_RSI_BB,9,2,0,2020-09-02 08:30:00+00:00,2020-09-02 09:00:00+00:00,2020-09-02 13:20:00+00:00,STOP,1.18581,1.1840371387741961,1.1884692918387059,1.184027138774196,0.00177286122580389,-1.0056405994189033,-1.7828612258039556
S3_NEUTRAL_AUCTION,FAST_M15_RSI_EXTREME,11,2,1,2020-09-02 11:15:00+00:00,2020-09-02 11:30:00+00:00,2020-09-02 12:15:00+00:00,TARGET,1.18509,1.1837218358787047,1.187142246181943,1.187132246181943,0.0013681641212952567,1.4926909353605273,2.0422461819429305
S1_COMPRESSION_REVERSION,FAST_M15_RSI_EXTREME,13,1,1,2020-09-02 13:15:00+00:00,2020-09-02 13:30:00+00:00,2020-09-03 01:30:00+00:00,TIME_12H,1.1836,1.182050304270268,1.1859245435945982,1.18288,0.0015496957297320701,-0.4646073330308112,-0.7200000000000539
S1_COMPRESSION_REVERSION,DEEP_M30_RSI_BB,8,1,0,2020-10-06 08:00:00+00:00,2020-10-06 08:30:00+00:00,2020-10-06 10:40:00+00:00,TARGET,1.17707,1.1759903311353592,1.1786895032969613,1.1786795032969613,0.001079668864640837,1.4907379009179893,1.60950329696119
S3_NEUTRAL_AUCTION,DEEP_M30_RSI_BB,21,2,0,2020-10-06 20:30:00+00:00,2020-10-06 21:00:00+00:00,2020-10-07 07:50:00+00:00,TARGET,1.17345,1.1714523206089036,1.1764465190866449,1.1764365190866448,0.0019976793910965185,1.4949941917383567,2.986519086644712
S3_NEUTRAL_AUCTION,FAST_M15_RSI_EXTREME,21,2,1,2020-10-06 21:00:00+00:00,2020-10-06 21:15:00+00:00,2020-10-07 07:00:00+00:00,TARGET,1.17354,1.1721671942616716,1.1755992086074927,1.1755892086074926,0.0013728057383284309,1.4927156481642903,2.049208607492581
S3_NEUTRAL_AUCTION,FAST_M15_RSI_EXTREME,21,2,1,2020-10-06 21:30:00+00:00,2020-10-06 21:45:00+00:00,2020-10-07 06:40:00+00:00,TARGET,1.1733500000000001,1.172114590970523,1.1752031135442156,1.1751931135442155,0.0012354090294770526,1.4919055148848883,1.8431135442154023
S1_COMPRESSION_REVERSION,FAST_M15_RSI_EXTREME,13,1,1,2020-10-08 13:00:00+00:00,2020-10-08 13:15:00+00:00,2020-10-08 15:45:00+00:00,TARGET,1.1739600000000001,1.172831497042592,1.1756527544361124,1.1756427544361123,0.001128502957408184,1.4911387028856067,1.6827544361122104
S1_COMPRESSION_REVERSION,DEEP_M30_RSI_BB,13,1,0,2020-10-08 13:00:00+00:00,2020-10-08 13:30:00+00:00,2020-10-08 23:45:00+00:00,TARGET,1.17452,1.173196453941689,1.1765053190874664,1.1764953190874663,0.001323546058310976,1.4924445394722887,1.9753190874662874
S3_NEUTRAL_AUCTION,DEEP_M30_RSI_BB,14,2,0,2020-10-08 13:30:00+00:00,2020-10-08 14:00:00+00:00,2020-10-08 23:45:00+00:00,TARGET,1.17452,1.173183992945854,1.176524010581219,1.1765140105812188,0.001336007054145938,1.49251500958095,1.9940105812188413
S3_NEUTRAL_AUCTION,DEEP_M30_RSI_BB,14,2,0,2020-10-08 14:00:00+00:00,2020-10-08 14:30:00+00:00,2020-10-08 15:45:00+00:00,TARGET,1.17361,1.1722594220211502,1.1756358669682747,1.1756258669682746,0.001350577978849854,1.492595762586998,2.0158669682746044
S1_COMPRESSION_REVERSION,DEEP_M30_RSI_BB,8,1,0,2020-10-15 08:00:00+00:00,2020-10-15 08:30:00+00:00,2020-10-15 08:50:00+00:00,STOP,1.17168,1.1704986730998155,1.173451990350277,1.1704886730998154,0.001181326900184576,-1.0084650573846266,-1.1913269001846416
S1_COMPRESSION_REVERSION,FAST_M15_RSI_EXTREME,8,1,1,2020-10-15 08:30:00+00:00,2020-10-15 08:45:00+00:00,2020-10-15 12:05:00+00:00,STOP,1.1710500000000001,1.170054584690811,1.1725431229637837,1.170044584690811,0.0009954153091891182,-1.0100460580701855,-1.0054153091891838
S3_NEUTRAL_AUCTION,FAST_M15_RSI_EXTREME,10,2,1,2020-10-15 10:00:00+00:00,2020-10-15 10:15:00+00:00,2020-10-15 10:40:00+00:00,TARGET,1.1710200000000002,1.1700639327882714,1.1724541008175935,1.1724441008175934,0.000956067211728806,1.4895404843119011,1.4241008175932546
S3_NEUTRAL_AUCTION,FAST_M15_RSI_EXTREME,12,2,1,2020-10-15 12:00:00+00:00,2020-10-15 12:15:00+00:00,2020-10-16 00:15:00+00:00,TIME_12H,1.16988,1.1687569606401838,1.1715645590397243,1.1701599999999999,0.0011230393598162802,0.24932340754792565,0.27999999999983594
S1_COMPRESSION_REVERSION,DEEP_M30_RSI_BB,0,1,0,2020-12-20 23:30:00+00:00,2020-12-21 00:00:00+00:00,2020-12-21 02:30:00+00:00,STOP,1.22126,1.2197569708606766,1.2235145437089852,1.2197469708606765,0.0015030291393234307,-1.0066532309576959,-1.5130291393234963
S1_COMPRESSION_REVERSION,FAST_M15_RSI_EXTREME,0,1,1,2020-12-21 00:00:00+00:00,2020-12-21 00:15:00+00:00,2020-12-21 02:30:00+00:00,STOP,1.2211,1.2200111782845495,1.222733232573176,1.2200011782845495,0.0010888217154505497,-1.0091842400442277,-1.0988217154506152
S1_COMPRESSION_REVERSION,DEEP_M30_RSI_BB,0,1,0,2020-12-21 00:00:00+00:00,2020-12-21 00:30:00+00:00,2020-12-21 02:30:00+00:00,STOP,1.22116,1.219669330084914,1.2233960048726291,1.219659330084914,0.0014906699150860625,-1.0067083932524983,-1.500669915086128
S3_NEUTRAL_AUCTION,FAST_M15_RSI_EXTREME,4,2,1,2020-12-21 03:45:00+00:00,2020-12-21 04:00:00+00:00,2020-12-21 07:35:00+00:00,STOP,1.2185300000000001,1.2174979655830382,1.220078051625443,1.2174879655830382,0.001032034416961869,-1.0096895993347816,-1.0420344169619344
S1_COMPRESSION_REVERSION,FAST_M15_RSI_EXTREME,9,1,1,2021-01-13 09:00:00+00:00,2021-01-13 09:15:00+00:00,2021-01-13 10:25:00+00:00,STOP,1.2184400000000002,1.2174518578781184,1.219922213182823,1.2174418578781183,0.0009881421218818076,-1.0101200017473413,-0.9981421218818731
S1_COMPRESSION_REVERSION,DEEP_M30_RSI_BB,10,1,0,2021-01-13 10:00:00+00:00,2021-01-13 10:30:00+00:00,2021-01-13 11:55:00+00:00,STOP,1.21758,1.2162398964325043,1.2195901553512438,1.2162298964325042,0.0013401035674958095,-1.0074621098268934,-1.350103567495875
S4_OPPOSING_CAPITULATION,DEEP_M30_RSI_BB,11,3,0,2021-01-13 10:30:00+00:00,2021-01-13 11:00:00+00:00,2021-01-13 11:50:00+00:00,STOP,1.2178300000000002,1.216501618115897,1.2198225728261551,1.216491618115897,0.0013283818841032247,-1.007527955717957,-1.3383818841032902
S4_OPPOSING_CAPITULATION,DEEP_M30_RSI_BB,12,3,0,2021-01-13 11:30:00+00:00,2021-01-13 12:00:00+00:00,2021-01-13 17:15:00+00:00,STOP,1.21634,1.2149806094978906,1.2183790857531642,1.2149706094978905,0.0013593905021094255,-1.00735623794969,-1.369390502109491
S1_COMPRESSION_REVERSION,FAST_M15_RSI_EXTREME,9,1,1,2021-02-03 09:00:00+00:00,2021-02-03 09:15:00+00:00,2021-02-03 12:10:00+00:00,STOP,1.20182,1.2008756103439333,1.2032365844841002,1.2008656103439332,0.0009443896560668019,-1.0105888495663047,-0.9543896560668674
S1_COMPRESSION_REVERSION,DEEP_M30_RSI_BB,9,1,0,2021-02-03 09:00:00+00:00,2021-02-03 09:30:00+00:00,2021-02-03 12:10:00+00:00,STOP,1.2023000000000001,1.20095,1.2043250000000003,1.20094,0.0013500000000001844,-1.0074074074074548,-1.36000000000025
S1_COMPRESSION_REVERSION,DEEP_M30_RSI_BB,10,1,0,2021-02-03 09:30:00+00:00,2021-02-03 10:00:00+00:00,2021-02-03 12:10:00+00:00,STOP,1.20239,1.20095,1.2045500000000002,1.20094,0.0014400000000001079,-1.0069444444444895,-1.4500000000001734
S1_COMPRESSION_REVERSION,DEEP_M30_RSI_BB,10,1,0,2021-02-03 10:00:00+00:00,2021-02-03 10:30:00+00:00,2021-02-03 12:20:00+00:00,STOP,1.20181,1.2005292383994643,1.2037311424008035,1.2005192383994643,0.0012807616005356959,-1.007807854323461,-1.2907616005357614
S1_COMPRESSION_REVERSION,DEEP_M30_RSI_BB,6,1,0,2021-04-09 05:30:00+00:00,2021-04-09 06:00:00+00:00,2021-04-09 06:30:00+00:00,STOP,1.18936,1.1885647138310533,1.1905529292534198,1.1885547138310533,0.0007952861689466406,-1.0125740901709765,-0.8052861689467061
S1_COMPRESSION_REVERSION,FAST_M15_RSI_EXTREME,6,1,1,2021-04-09 06:00:00+00:00,2021-04-09 06:15:00+00:00,2021-04-09 06:30:00+00:00,STOP,1.1892500000000001,1.1886943333669606,1.1900834999495595,1.1886843333669606,0.0005556666330395199,-1.017996401809058,-0.5656666330395854
S1_COMPRESSION_REVERSION,DEEP_M30_RSI_BB,6,1,0,2021-04-09 06:00:00+00:00,2021-04-09 06:30:00+00:00,2021-04-09 12:20:00+00:00,STOP,1.1888800000000002,1.1880235199859783,1.1901647200210328,1.1880135199859783,0.000856480014021832,-1.0116756956804023,-0.8664800140218976
S1_COMPRESSION_REVERSION,FAST_M15_RSI_EXTREME,6,1,1,2021-04-09 06:30:00+00:00,2021-04-09 06:45:00+00:00,2021-04-09 07:05:00+00:00,TARGET,1.18889,1.18831959356641,1.1897456096503851,1.189735609650385,0.000570406433590076,1.4824686409353298,0.8456096503850485
S1_COMPRESSION_REVERSION,DEEP_M30_RSI_BB,7,1,0,2021-04-21 07:00:00+00:00,2021-04-21 07:30:00+00:00,2021-04-21 07:35:00+00:00,STOP,1.2016200000000001,1.2006428118771337,1.2030857821842997,1.2006328118771337,0.0009771881228664014,-1.010233444068817,-0.987188122866467
S1_COMPRESSION_REVERSION,FAST_M15_RSI_EXTREME,7,1,1,2021-04-21 07:30:00+00:00,2021-04-21 07:45:00+00:00,2021-04-21 10:25:00+00:00,STOP,1.2007800000000002,1.1999158848021965,1.2020761727967058,1.1999058848021964,0.0008641151978037165,-1.0115725310994206,-0.874115197803782
S1_COMPRESSION_REVERSION,DEEP_M30_RSI_BB,9,1,0,2021-04-21 08:30:00+00:00,2021-04-21 09:00:00+00:00,2021-04-21 14:45:00+00:00,TARGET,1.20068,1.199578690121743,1.2023319648173856,1.2023219648173855,0.001101309878257073,1.4909199034735878,1.641964817385544
S2_SUPPORTIVE_PULLBACK,DEEP_M30_RSI_BB,10,0,0,2021-04-21 10:00:00+00:00,2021-04-21 10:30:00+00:00,2021-04-21 14:25:00+00:00,TARGET,1.2000000000000002,1.1987912755821684,1.201813086626748,1.201803086626748,0.001208724417831819,1.4917268155979737,1.803086626747774
S1_COMPRESSION_REVERSION,DEEP_M30_RSI_BB,10,1,0,2021-07-12 09:30:00+00:00,2021-07-12 10:00:00+00:00,2021-07-12 10:55:00+00:00,STOP,1.18536,1.1842355063617127,1.187046740457431,1.1842255063617126,0.0011244936382872606,-1.0088928915732212,-1.134493638287326
S1_COMPRESSION_REVERSION,FAST_M15_RSI_EXTREME,10,1,1,2021-07-12 10:30:00+00:00,2021-07-12 10:45:00+00:00,2021-07-12 11:45:00+00:00,STOP,1.18507,1.1842087165278168,1.186361925208275,1.1841987165278167,0.0008612834721832829,-1.011610579237886,-0.8712834721833485
S2_SUPPORTIVE_PULLBACK,DEEP_M30_RSI_BB,11,0,0,2021-07-12 10:30:00+00:00,2021-07-12 11:00:00+00:00,2021-07-12 13:20:00+00:00,TARGET,1.18459,1.1834300539547422,1.1863299190678869,1.1863199190678868,0.0011599460452578203,1.4913789093545884,1.729919067886776
S2_SUPPORTIVE_PULLBACK,DEEP_M30_RSI_BB,12,0,0,2021-07-12 11:30:00+00:00,2021-07-12 12:00:00+00:00,2021-07-12 12:35:00+00:00,TARGET,1.18387,1.1826714852977114,1.1856677720534328,1.1856577720534327,0.0011985147022886,1.4916563393164213,1.7877720534327235
S1_COMPRESSION_REVERSION,FAST_M15_RSI_EXTREME,5,1,1,2021-07-20 05:30:00+00:00,2021-07-20 05:45:00+00:00,2021-07-20 06:45:00+00:00,STOP,1.17823,1.177725565972993,1.1789866510405107,1.177715565972993,0.0005044340270070613,-1.0198241979419949,-0.5144340270071268
S1_COMPRESSION_REVERSION,FAST_M15_RSI_EXTREME,6,1,1,2021-07-20 06:00:00+00:00,2021-07-20 06:15:00+00:00,2021-07-20 07:05:00+00:00,TARGET,1.17785,1.1773081257624276,1.1786628113563586,1.1786528113563586,0.0005418742375724594,1.4815455334341499,0.8028113563585126
S1_COMPRESSION_REVERSION,DEEP_M30_RSI_BB,7,1,0,2021-07-20 06:30:00+00:00,2021-07-20 07:00:00+00:00,2021-07-20 08:25:00+00:00,TARGET,1.17788,1.1769826267478558,1.1792260598782165,1.1792160598782164,0.000897373252144229,1.488856364978497,1.336059878216389
S1_COMPRESSION_REVERSION,DEEP_M30_RSI_BB,7,1,0,2021-07-20 07:00:00+00:00,2021-07-20 07:30:00+00:00,2021-07-20 08:25:00+00:00,TARGET,1.17778,1.1767677248372947,1.179298412744058,1.179288412744058,0.0010122751627053006,1.4901212631026721,1.5084127440578854
S1_COMPRESSION_REVERSION,DEEP_M30_RSI_BB,9,1,0,2021-08-10 09:00:00+00:00,2021-08-10 09:30:00+00:00,2021-08-10 10:10:00+00:00,STOP,1.1725800000000002,1.1717800690257036,1.173779896461445,1.1717700690257036,0.0007999309742965366,-1.0125010786197641,-0.8099309742966021
S1_COMPRESSION_REVERSION,DEEP_M30_RSI_BB,10,1,0,2021-08-10 09:30:00+00:00,2021-08-10 10:00:00+00:00,2021-08-10 10:15:00+00:00,STOP,1.17243,1.171634206952439,1.1736236895713417,1.171624206952439,0.0007957930475610553,-1.0125660811321655,-0.8057930475611208
S1_COMPRESSION_REVERSION,FAST_M15_RSI_EXTREME,10,1,1,2021-08-10 10:00:00+00:00,2021-08-10 10:15:00+00:00,2021-08-10 13:45:00+00:00,STOP,1.17184,1.171150905952739,1.1728736410708915,1.171140905952739,0.0006890940472610296,-1.0145118072631927,-0.6990940472610951
S1_COMPRESSION_REVERSION,DEEP_M30_RSI_BB,10,1,0,2021-08-10 10:00:00+00:00,2021-08-10 10:30:00+00:00,2021-08-10 13:10:00+00:00,STOP,1.1721000000000001,1.1712840493129792,1.1733239260305315,1.1712740493129792,0.0008159506870208943,-1.0122556426008738,-0.8259506870209599
S3_NEUTRAL_AUCTION,FAST_M15_RSI_EXTREME,3,2,1,2021-09-06 03:15:00+00:00,2021-09-06 03:30:00+00:00,2021-09-06 03:35:00+00:00,STOP,1.18697,1.186521924245955,1.1876421136310675,1.186511924245955,0.00044807575404504085,-1.0223176547933908,-0.45807575404510636
S3_NEUTRAL_AUCTION,FAST_M15_RSI_EXTREME,3,2,1,2021-09-06 03:30:00+00:00,2021-09-06 03:45:00+00:00,2021-09-06 07:25:00+00:00,STOP,1.1869500000000002,1.18648,1.1876550000000003,1.18647,0.0004700000000001925,-1.0212765957448116,-0.480000000000258
S1_COMPRESSION_REVERSION,FAST_M15_RSI_EXTREME,4,1,1,2021-09-06 03:45:00+00:00,2021-09-06 04:00:00+00:00,2021-09-06 07:25:00+00:00,STOP,1.18687,1.1864256489671756,1.1875365265492368,1.1864156489671756,0.00044435103282447486,-1.0225047299575325,-0.45435103282454037
S1_COMPRESSION_REVERSION,FAST_M15_RSI_EXTREME,5,1,1,2021-09-06 05:15:00+00:00,2021-09-06 05:30:00+00:00,2021-09-06 06:20:00+00:00,TARGET,1.18672,1.186321628216613,1.1873175576750805,1.1873075576750804,0.0003983717833870859,1.4748978205354975,0.5875576750804523
S3_NEUTRAL_AUCTION,FAST_M15_RSI_EXTREME,6,2,1,2021-09-07 06:15:00+00:00,2021-09-07 06:30:00+00:00,2021-09-07 06:30:00+00:00,STOP,1.1867800000000002,1.1863536194027984,1.1874195708958029,1.1863436194027983,0.000426380597201792,-1.0234532248082875,-0.4363805972018575
S3_NEUTRAL_AUCTION,FAST_M15_RSI_EXTREME,6,2,1,2021-09-07 06:30:00+00:00,2021-09-07 06:45:00+00:00,2021-09-07 07:20:00+00:00,TARGET,1.1868400000000001,1.18628,1.1876800000000003,1.1876700000000002,0.000560000000000116,1.482142857142744,0.8300000000001084
S3_NEUTRAL_AUCTION,DEEP_M30_RSI_BB,13,2,0,2021-09-07 13:00:00+00:00,2021-09-07 13:30:00+00:00,2021-09-08 01:30:00+00:00,TIME_12H,1.18469,1.1834708999687247,1.1865186500469131,1.18474,0.0012191000312753442,0.04101386163330394,0.04999999999988347
S3_NEUTRAL_AUCTION,DEEP_M30_RSI_BB,14,2,0,2021-09-07 14:00:00+00:00,2021-09-07 14:30:00+00:00,2021-09-08 02:30:00+00:00,TIME_12H,1.1841000000000002,1.1827361943607881,1.186145708458818,1.1846299999999998,0.0013638056392120124,0.3886184253541611,0.5299999999996974
S1_COMPRESSION_REVERSION,FAST_M15_RSI_EXTREME,1,1,1,2021-09-28 00:45:00+00:00,2021-09-28 01:00:00+00:00,2021-09-28 01:15:00+00:00,STOP,1.1689800000000001,1.1685775479247893,1.1695836781128164,1.1685675479247892,0.00040245207521083515,-1.0248476790555168,-0.41245207521090066
S1_COMPRESSION_REVERSION,FAST_M15_RSI_EXTREME,1,1,1,2021-09-28 01:00:00+00:00,2021-09-28 01:15:00+00:00,2021-09-28 02:50:00+00:00,TARGET,1.16879,1.16838429450159,1.169398558247615,1.169388558247615,0.0004057054984099029,1.4753515788197402,0.5985582476148998
S1_COMPRESSION_REVERSION,DEEP_M30_RSI_BB,1,1,0,2021-09-28 01:00:00+00:00,2021-09-28 01:30:00+00:00,2021-09-28 04:55:00+00:00,TARGET,1.1687100000000001,1.1679738921201097,1.1698141618198359,1.1698041618198358,0.0007361078798904241,1.4864150347073541,1.0941618198356817
S1_COMPRESSION_REVERSION,FAST_M15_RSI_EXTREME,1,1,1,2021-09-28 01:30:00+00:00,2021-09-28 01:45:00+00:00,2021-09-28 02:45:00+00:00,TARGET,1.1686400000000001,1.168255682503922,1.169216476244117,1.169206476244117,0.0003843174960780349,1.4739798471258097,0.5664762441168758
S1_COMPRESSION_REVERSION,DEEP_M30_RSI_BB,9,1,0,2021-09-29 08:30:00+00:00,2021-09-29 09:00:00+00:00,2021-09-29 11:15:00+00:00,STOP,1.1664400000000001,1.1653745570660552,1.1680381644009175,1.1653645570660551,0.001065442933944949,-1.0093857678168074,-1.0754429339450144
S1_COMPRESSION_REVERSION,FAST_M15_RSI_EXTREME,11,1,1,2021-09-29 11:00:00+00:00,2021-09-29 11:15:00+00:00,2021-09-29 11:15:00+00:00,STOP,1.16554,1.1646533613281573,1.166869958007764,1.1646433613281573,0.0008866386718426877,-1.0112785515877427,-0.8966386718427533
S1_COMPRESSION_REVERSION,DEEP_M30_RSI_BB,11,1,0,2021-09-29 11:00:00+00:00,2021-09-29 11:30:00+00:00,2021-09-29 13:35:00+00:00,STOP,1.16462,1.163402641010306,1.166446038484541,1.163392641010306,0.0012173589896939951,-1.0082145037616055,-1.2273589896940607
S1_COMPRESSION_REVERSION,FAST_M15_RSI_EXTREME,11,1,1,2021-09-29 11:30:00+00:00,2021-09-29 11:45:00+00:00,2021-09-29 13:30:00+00:00,STOP,1.1647,1.1637442146145849,1.1661336780781228,1.1637342146145848,0.0009557853854151865,-1.0104625998186,-0.965785385415252
S1_COMPRESSION_REVERSION,DEEP_M30_RSI_BB,1,1,0,2021-10-18 00:30:00+00:00,2021-10-18 01:00:00+00:00,2021-10-18 06:00:00+00:00,STOP,1.1584800000000002,1.1575486326720867,1.1598770509918703,1.1575386326720867,0.0009313673279134349,-1.0107369022944672,-0.9413673279135004
S1_COMPRESSION_REVERSION,FAST_M15_RSI_EXTREME,5,1,1,2021-10-18 04:45:00+00:00,2021-10-18 05:00:00+00:00,2021-10-18 06:20:00+00:00,STOP,1.15795,1.1574696685457295,1.1586704971814057,1.1574596685457295,0.0004803314542705106,-1.0208189572245538,-0.4903314542705761
S1_COMPRESSION_REVERSION,FAST_M15_RSI_EXTREME,6,1,1,2021-10-18 06:15:00+00:00,2021-10-18 06:30:00+00:00,2021-10-18 07:10:00+00:00,TARGET,1.15744,1.156937184957419,1.1581942225638715,1.1581842225638714,0.0005028150425809841,1.4801119712951807,0.7442225638714106
S1_COMPRESSION_REVERSION,FAST_M15_RSI_EXTREME,6,1,1,2021-10-18 06:30:00+00:00,2021-10-18 06:45:00+00:00,2021-10-18 07:10:00+00:00,TARGET,1.1574600000000002,1.1569601003176033,1.1582098495235953,1.1581998495235952,0.0004998996823968316,1.4799959864902688,0.7398495235950708
S3_NEUTRAL_AUCTION,FAST_M15_RSI_EXTREME,17,2,1,2021-12-14 16:45:00+00:00,2021-12-14 17:00:00+00:00,2021-12-14 19:35:00+00:00,STOP,1.12671,1.1257204647382548,1.128194302892618,1.1257104647382548,0.000989535261745278,-1.010105754071288,-0.9995352617453435
S3_NEUTRAL_AUCTION,FAST_M15_RSI_EXTREME,19,2,1,2021-12-14 19:00:00+00:00,2021-12-14 19:15:00+00:00,2021-12-15 06:50:00+00:00,TARGET,1.12608,1.125244446035656,1.1273333309465157,1.1273233309465156,0.0008355539643438714,1.488031892101632,1.2433309465156306
S3_NEUTRAL_AUCTION,FAST_M15_RSI_EXTREME,20,2,1,2021-12-14 19:45:00+00:00,2021-12-14 20:00:00+00:00,2021-12-15 01:40:00+00:00,TARGET,1.12565,1.1248240393368574,1.126888940994714,1.126878940994714,0.0008259606631426664,1.487892885888758,1.228940994713934
S3_NEUTRAL_AUCTION,FAST_M15_RSI_EXTREME,21,2,1,2021-12-14 20:45:00+00:00,2021-12-14 21:00:00+00:00,2021-12-15 00:50:00+00:00,TARGET,1.12551,1.1247776170736148,1.1266085743895777,1.1265985743895777,0.0007323829263852222,1.4863459405730102,1.0885743895776567
S4_OPPOSING_CAPITULATION,DEEP_M30_RSI_BB,7,3,0,2022-01-27 07:00:00+00:00,2022-01-27 07:30:00+00:00,2022-01-27 07:55:00+00:00,STOP,1.1210900000000001,1.1200502778147032,1.1226495832779455,1.1200402778147032,0.0010397221852969096,-1.0096179538548655,-1.0497221852969751
S4_OPPOSING_CAPITULATION,DEEP_M30_RSI_BB,8,3,0,2022-01-27 07:30:00+00:00,2022-01-27 08:00:00+00:00,2022-01-27 10:55:00+00:00,STOP,1.11993,1.1187665436850815,1.121675184472378,1.1187565436850815,0.0011634563149185428,-1.0085950799113292,-1.1734563149186084
S4_OPPOSING_CAPITULATION,DEEP_M30_RSI_BB,8,3,0,2022-01-27 08:00:00+00:00,2022-01-27 08:30:00+00:00,2022-01-27 10:55:00+00:00,STOP,1.1200100000000002,1.1187976477075758,1.1218285284386367,1.1187876477075758,0.0012123522924243346,-1.0082484275095225,-1.2223522924244001
S4_OPPOSING_CAPITULATION,DEEP_M30_RSI_BB,13,3,0,2022-01-27 12:30:00+00:00,2022-01-27 13:00:00+00:00,2022-01-27 13:35:00+00:00,STOP,1.1158000000000001,1.1143116098927712,1.1180325851608435,1.1143016098927712,0.0014883901072288985,-1.0067186686820189,-1.498390107228964
S1_COMPRESSION_REVERSION,DEEP_M30_RSI_BB,7,1,0,2022-01-28 07:00:00+00:00,2022-01-28 07:30:00+00:00,2022-01-28 08:40:00+00:00,STOP,1.1131600000000001,1.1121318215835507,1.1147022676246743,1.1121218215835507,0.0010281784164494212,-1.0097259384558939,-1.0381784164494867
S1_COMPRESSION_REVERSION,DEEP_M30_RSI_BB,8,1,0,2022-01-28 08:00:00+00:00,2022-01-28 08:30:00+00:00,2022-01-28 13:30:00+00:00,TARGET,1.1130300000000002,1.1119505298347963,1.114649205247806,1.114639205247806,0.001079470165203933,1.4907361960317111,1.6092052478058338
S1_COMPRESSION_REVERSION,FAST_M15_RSI_EXTREME,8,1,1,2022-01-28 08:30:00+00:00,2022-01-28 08:45:00+00:00,2022-01-28 08:55:00+00:00,TARGET,1.1124200000000002,1.1116299627199409,1.1136050559200892,1.1135950559200891,0.0007900372800593303,1.4873423694647492,1.17505592008893
S1_COMPRESSION_REVERSION,DEEP_M30_RSI_BB,9,1,0,2022-01-28 09:00:00+00:00,2022-01-28 09:30:00+00:00,2022-01-28 13:30:00+00:00,TARGET,1.1128,1.1115732323575538,1.1146401514636692,1.1146301514636692,0.0012267676424462248,1.491848497095802,1.8301514636691607
S3_NEUTRAL_AUCTION,FAST_M15_RSI_EXTREME,2,2,1,2022-02-07 02:15:00+00:00,2022-02-07 02:30:00+00:00,2022-02-07 08:25:00+00:00,TARGET,1.1431600000000002,1.1423352484106097,1.1443971273840858,1.1443871273840858,0.0008247515893904378,1.4878751370367695,1.2271273840855912
S3_NEUTRAL_AUCTION,FAST_M15_RSI_EXTREME,2,2,1,2022-02-07 02:30:00+00:00,2022-02-07 02:45:00+00:00,2022-02-07 08:25:00+00:00,TARGET,1.1429500000000001,1.1421151592384233,1.1442022611423655,1.1441922611423654,0.000834840761576805,1.4880216677716276,1.242261142365253
S3_NEUTRAL_AUCTION,FAST_M15_RSI_EXTREME,3,2,1,2022-02-07 02:45:00+00:00,2022-02-07 03:00:00+00:00,2022-02-07 08:25:00+00:00,TARGET,1.14287,1.142061790721393,1.1440823139179106,1.1440723139179105,0.0008082092786070305,1.487626967092854,1.2023139179104803
S3_NEUTRAL_AUCTION,FAST_M15_RSI_EXTREME,3,2,1,2022-02-07 03:00:00+00:00,2022-02-07 03:15:00+00:00,2022-02-07 08:25:00+00:00,TARGET,1.14287,1.142082519955579,1.1440512200666315,1.1440412200666314,0.000787480044420974,1.4873012655102664,1.1712200666313954
S3_NEUTRAL_AUCTION,FAST_M15_RSI_EXTREME,0,2,1,2022-03-22 00:00:00+00:00,2022-03-22 00:15:00+00:00,2022-03-22 00:35:00+00:00,STOP,1.1009200000000001,1.100167383919432,1.1020489241208524,1.1001573839194319,0.0007526160805682025,-1.0132869868957832,-0.762616080568268
S3_NEUTRAL_AUCTION,FAST_M15_RSI_EXTREME,0,2,1,2022-03-22 00:15:00+00:00,2022-03-22 00:30:00+00:00,2022-03-22 00:40:00+00:00,STOP,1.10063,1.099880142210901,1.1017547866836486,1.099870142210901,0.0007498577890989733,-1.01333586200669,-0.7598577890990388
S3_NEUTRAL_AUCTION,FAST_M15_RSI_EXTREME,0,2,1,2022-03-22 00:30:00+00:00,2022-03-22 00:45:00+00:00,2022-03-22 00:45:00+00:00,STOP,1.0997000000000001,1.0989047034815511,1.1008929447776736,1.098894703481551,0.0007952965184490068,-1.0125739265394593,-0.8052965184490724
S4_OPPOSING_CAPITULATION,DEEP_M30_RSI_BB,7,3,0,2022-03-22 06:30:00+00:00,2022-03-22 07:00:00+00:00,2022-03-22 08:10:00+00:00,TARGET,1.09687,1.0953918212240248,1.099087268163963,1.099077268163963,0.0014781787759752252,1.4932349184263203,2.2072681639628833
S1_COMPRESSION_REVERSION,DEEP_M30_RSI_BB,4,1,0,2022-04-05 04:00:00+00:00,2022-04-05 04:30:00+00:00,2022-04-05 06:40:00+00:00,TARGET,1.0964,1.095503606242476,1.0977445906362862,1.097734590636286,0.0008963937575241498,1.4888441882640988,1.3345906362860482
S1_COMPRESSION_REVERSION,DEEP_M30_RSI_BB,14,1,0,2022-04-05 14:00:00+00:00,2022-04-05 14:30:00+00:00,2022-04-05 15:40:00+00:00,STOP,1.0941100000000001,1.0923649013912873,1.0967276479130694,1.0923549013912872,0.0017450986087128584,-1.0057303352086455,-1.755098608712924
S4_OPPOSING_CAPITULATION,DEEP_M30_RSI_BB,16,3,0,2022-04-05 15:30:00+00:00,2022-04-05 16:00:00+00:00,2022-04-05 18:40:00+00:00,STOP,1.09214,1.0903746947363915,1.094787957895413,1.0903646947363914,0.0017653052636086297,-1.0056647426403882,-1.7753052636086952
S4_OPPOSING_CAPITULATION,DEEP_M30_RSI_BB,16,3,0,2022-04-05 16:00:00+00:00,2022-04-05 16:30:00+00:00,2022-04-05 19:05:00+00:00,STOP,1.0920100000000001,1.0902747879695065,1.0946128180457406,1.0902647879695064,0.0017352120304936491,-1.0057629844793208,-1.7452120304937146
S1_COMPRESSION_REVERSION,FAST_M15_RSI_EXTREME,8,1,1,2022-04-07 08:30:00+00:00,2022-04-07 08:45:00+00:00,2022-04-07 09:15:00+00:00,STOP,1.08813,1.0870818226123404,1.0897022660814895,1.0870718226123404,0.00104817738765961,-1.0095403699009322,-1.0581773876596756
S1_COMPRESSION_REVERSION,DEEP_M30_RSI_BB,9,1,0,2022-04-07 08:30:00+00:00,2022-04-07 09:00:00+00:00,2022-04-07 11:05:00+00:00,TARGET,1.08785,1.0863386244745805,1.0901170632881292,1.0901070632881291,0.0015113755254194672,1.4933835106948088,2.2570632881291353
S1_COMPRESSION_REVERSION,FAST_M15_RSI_EXTREME,9,1,1,2022-04-07 09:00:00+00:00,2022-04-07 09:15:00+00:00,2022-04-07 09:20:00+00:00,STOP,1.08802,1.0869874286810486,1.0895688569784272,1.0869774286810485,0.001032571318951403,-1.0096845610724698,-1.0425713189514685
S1_COMPRESSION_REVERSION,DEEP_M30_RSI_BB,9,1,0,2022-04-07 09:00:00+00:00,2022-04-07 09:30:00+00:00,2022-04-07 09:55:00+00:00,TARGET,1.08729,1.0857205798692533,1.0896441301961204,1.0896341301961203,0.0015694201307467903,1.4936282198730328,2.344130196120231
S1_COMPRESSION_REVERSION,FAST_M15_RSI_EXTREME,16,1,1,2022-04-18 16:00:00+00:00,2022-04-18 16:15:00+00:00,2022-04-19 02:30:00+00:00,STOP,1.07746,1.076441318280062,1.0789880225799071,1.076431318280062,0.0010186817199380194,-1.0098166088625542,-1.0286817199380849
S1_COMPRESSION_REVERSION,DEEP_M30_RSI_BB,16,1,0,2022-04-18 16:00:00+00:00,2022-04-18 16:30:00+00:00,2022-04-19 04:30:00+00:00,TIME_12H,1.0773400000000002,1.076036478207674,1.0792952826884896,1.07769,0.0013035217923262898,0.26850337451991024,0.34999999999985043
S1_COMPRESSION_REVERSION,FAST_M15_RSI_EXTREME,16,1,1,2022-04-18 16:30:00+00:00,2022-04-18 16:45:00+00:00,2022-04-19 02:25:00+00:00,STOP,1.07752,1.0765591468843392,1.0789612796734913,1.0765491468843391,0.0009608531156608535,-1.0104074179883236,-0.970853115660919
S4_OPPOSING_CAPITULATION,DEEP_M30_RSI_BB,17,3,0,2022-04-18 16:30:00+00:00,2022-04-18 17:00:00+00:00,2022-04-19 05:00:00+00:00,TIME_12H,1.0773400000000002,1.0760655869071258,1.0792516196393116,1.07717,0.0012744130928743491,-0.13339473750760242,-0.17000000000022553
S1_COMPRESSION_REVERSION,FAST_M15_RSI_EXTREME,4,1,1,2022-07-08 04:00:00+00:00,2022-07-08 04:15:00+00:00,2022-07-08 05:55:00+00:00,TARGET,1.01408,1.013063421790981,1.0156048673135287,1.0155948673135287,0.0010165782090190145,1.4901630785401112,1.5148673135285673
S1_COMPRESSION_REVERSION,DEEP_M30_RSI_BB,4,1,0,2022-07-08 04:00:00+00:00,2022-07-08 04:30:00+00:00,2022-07-08 06:20:00+00:00,TARGET,1.0142900000000001,1.0128028111560838,1.0165207832658747,1.0165107832658746,0.0014871888439162984,1.4932759043743087,2.220783265874493
S1_COMPRESSION_REVERSION,DEEP_M30_RSI_BB,7,1,0,2022-07-08 07:00:00+00:00,2022-07-08 07:30:00+00:00,2022-07-08 07:35:00+00:00,STOP,1.01142,1.0093855403006886,1.0144716895489672,1.0093755403006885,0.002034459699311375,-1.0049153099486072,-2.0444596993114406
S1_COMPRESSION_REVERSION,FAST_M15_RSI_EXTREME,7,1,1,2022-07-08 07:30:00+00:00,2022-07-08 07:45:00+00:00,2022-07-08 07:55:00+00:00,TARGET,1.0077800000000001,1.0059022844697285,1.0105965732954076,1.0105865732954076,0.0018777155302716064,1.494674379671074,2.806573295407455
S2_SUPPORTIVE_PULLBACK,FAST_M15_RSI_EXTREME,0,0,1,2022-08-03 00:15:00+00:00,2022-08-03 00:30:00+00:00,2022-08-03 01:15:00+00:00,TARGET,1.0151700000000001,1.014269323518981,1.016521014721529,1.0165110147215288,0.0009006764810191026,1.4888972342337177,1.3410147215286994
S2_SUPPORTIVE_PULLBACK,FAST_M15_RSI_EXTREME,0,0,1,2022-08-03 00:30:00+00:00,2022-08-03 00:45:00+00:00,2022-08-03 01:10:00+00:00,TARGET,1.01513,1.0142356575533396,1.016471513669991,1.0164615136699908,0.0008943424466605343,1.4888186007078101,1.331513669990736
S1_COMPRESSION_REVERSION,DEEP_M30_RSI_BB,14,1,0,2022-08-03 14:00:00+00:00,2022-08-03 14:30:00+00:00,2022-08-04 01:30:00+00:00,TARGET,1.014,1.0116084719877378,1.0175872920183933,1.0175772920183932,0.0023915280122621674,1.4958185729170672,3.5772920183931856
S1_COMPRESSION_REVERSION,FAST_M15_RSI_EXTREME,14,1,1,2022-08-03 14:30:00+00:00,2022-08-03 14:45:00+00:00,2022-08-03 16:20:00+00:00,TARGET,1.01339,1.011422365105497,1.0163414523417544,1.0163314523417544,0.001967634894503023,1.4949177563235367,2.941452341754358
S1_COMPRESSION_REVERSION,DEEP_M30_RSI_BB,1,1,0,2022-09-28 01:00:00+00:00,2022-09-28 01:30:00+00:00,2022-09-28 06:55:00+00:00,STOP,0.956,0.9539697749504709,0.9590453375742936,0.9539597749504709,0.0020302250495290997,-1.004925562317475,-2.040225049529054
S4_OPPOSING_CAPITULATION,DEEP_M30_RSI_BB,2,3,0,2022-09-28 01:30:00+00:00,2022-09-28 02:00:00+00:00,2022-09-28 06:55:00+00:00,STOP,0.9560099999999999,0.9539977910254371,0.959028313461844,0.9539877910254372,0.002012208974562779,-1.0049696627568852,-2.0222089745627336
S4_OPPOSING_CAPITULATION,DEEP_M30_RSI_BB,2,3,0,2022-09-28 02:00:00+00:00,2022-09-28 02:30:00+00:00,2022-09-28 07:55:00+00:00,TARGET,0.95536,0.953275520237906,0.958486719643141,0.9584767196431411,0.002084479762094027,1.4952026399191765,3.116719643141086
S4_OPPOSING_CAPITULATION,DEEP_M30_RSI_BB,3,3,0,2022-09-28 02:30:00+00:00,2022-09-28 03:00:00+00:00,2022-09-28 07:50:00+00:00,TARGET,0.95494,0.9529044116494841,0.9579933825257738,0.9579833825257739,0.002035588350515871,1.4950874153915155,3.0433825257738523
S1_COMPRESSION_REVERSION,FAST_M15_RSI_EXTREME,7,1,1,2022-10-25 06:45:00+00:00,2022-10-25 07:00:00+00:00,2022-10-25 11:00:00+00:00,STOP,0.98618,0.9852001654559364,0.9876497518160954,0.9851901654559364,0.0009798345440635847,-1.0102058047050295,-0.9898345440635392
S1_COMPRESSION_REVERSION,FAST_M15_RSI_EXTREME,7,1,1,2022-10-25 07:00:00+00:00,2022-10-25 07:15:00+00:00,2022-10-25 08:10:00+00:00,TARGET,0.98586,0.9848811536376552,0.9873282695435172,0.9873182695435172,0.0009788463623447985,1.4897838921564772,1.4582695435172432
S1_COMPRESSION_REVERSION,FAST_M15_RSI_EXTREME,7,1,1,2022-10-25 07:15:00+00:00,2022-10-25 07:30:00+00:00,2022-10-25 08:10:00+00:00,TARGET,0.98586,0.9849070712349656,0.9872893931475515,0.9872793931475515,0.0009529287650343887,1.4895060361624732,1.419393147551573
S1_COMPRESSION_REVERSION,FAST_M15_RSI_EXTREME,8,1,1,2022-10-25 07:45:00+00:00,2022-10-25 08:00:00+00:00,2022-10-25 08:10:00+00:00,TARGET,0.9857199999999999,0.9846849134628018,0.987272629805797,0.987262629805797,0.0010350865371980822,1.4903389720176639,1.5426298057971133
S4_OPPOSING_CAPITULATION,DEEP_M30_RSI_BB,7,3,0,2022-11-03 07:00:00+00:00,2022-11-03 07:30:00+00:00,2022-11-03 09:10:00+00:00,STOP,0.9781,0.976068455441678,0.9811473168374829,0.976058455441678,0.002031544558321996,-1.0049223631147988,-2.0415445583219505
S4_OPPOSING_CAPITULATION,DEEP_M30_RSI_BB,8,3,0,2022-11-03 07:30:00+00:00,2022-11-03 08:00:00+00:00,2022-11-03 08:25:00+00:00,STOP,0.97843,0.9763865657672725,0.9814951513490914,0.9763765657672725,0.00204343423272757,-1.0048937224598644,-2.0534342327275246
S4_OPPOSING_CAPITULATION,DEEP_M30_RSI_BB,8,3,0,2022-11-03 08:00:00+00:00,2022-11-03 08:30:00+00:00,2022-11-03 10:05:00+00:00,STOP,0.97688,0.9747105253553244,0.9801342119670133,0.9747005253553245,0.0021694746446755397,-1.004609410865666,-2.1794746446754942
S4_OPPOSING_CAPITULATION,DEEP_M30_RSI_BB,10,3,0,2022-11-03 10:00:00+00:00,2022-11-03 10:30:00+00:00,2022-11-03 14:25:00+00:00,TARGET,0.97403,0.9718539758609283,0.9772940362086076,0.9772840362086076,0.0021760241390716972,1.4954044627445333,3.254036208607647
S4_OPPOSING_CAPITULATION,DEEP_M30_RSI_BB,3,3,0,2023-02-10 03:00:00+00:00,2023-02-10 03:30:00+00:00,2023-02-10 07:15:00+00:00,TARGET,1.07192,1.0707587395869567,1.073661890619565,1.073651890619565,0.001161260413043319,1.4913886671002083,1.731890619564913
S4_OPPOSING_CAPITULATION,DEEP_M30_RSI_BB,4,3,0,2023-02-10 03:30:00+00:00,2023-02-10 04:00:00+00:00,2023-02-10 07:15:00+00:00,TARGET,1.07214,1.071020686759317,1.0738189698610245,1.0738089698610245,0.0011193132406830397,1.491065950408954,1.668969861024383
S1_COMPRESSION_REVERSION,DEEP_M30_RSI_BB,11,1,0,2023-02-10 11:00:00+00:00,2023-02-10 11:30:00+00:00,2023-02-10 15:55:00+00:00,STOP,1.0695400000000002,1.0676944880072126,1.0723082679891816,1.0676844880072125,0.0018455119927875963,-1.0054185505372744,-1.8555119927876618
S4_OPPOSING_CAPITULATION,DEEP_M30_RSI_BB,13,3,0,2023-02-10 12:30:00+00:00,2023-02-10 13:00:00+00:00,2023-02-10 17:10:00+00:00,STOP,1.06838,1.0666182165276406,1.0710226752085394,1.0666082165276405,0.0017617834723595571,-1.005676066416194,-1.7717834723596226
S3_NEUTRAL_AUCTION,FAST_M15_RSI_EXTREME,2,2,1,2023-02-28 01:45:00+00:00,2023-02-28 02:00:00+00:00,2023-02-28 08:00:00+00:00,TARGET,1.0587300000000002,1.0579344186505601,1.0599233720241603,1.0599133720241602,0.0007955813494400221,1.487430575129755,1.1833720241600787
S3_NEUTRAL_AUCTION,FAST_M15_RSI_EXTREME,21,2,1,2023-02-28 20:45:00+00:00,2023-02-28 21:00:00+00:00,2023-03-01 00:30:00+00:00,STOP,1.0577100000000002,1.0566819940163836,1.059252008975425,1.0566719940163836,0.00102800598361652,-1.0097275698385388,-1.0380059836165856
S3_NEUTRAL_AUCTION,FAST_M15_RSI_EXTREME,21,2,1,2023-02-28 21:15:00+00:00,2023-02-28 21:30:00+00:00,2023-03-01 00:30:00+00:00,STOP,1.05759,1.056635107085555,1.0590223393716673,1.056625107085555,0.0009548929144449492,-1.010472378471756,-0.9648929144450147
S3_NEUTRAL_AUCTION,FAST_M15_RSI_EXTREME,22,2,1,2023-02-28 21:45:00+00:00,2023-02-28 22:00:00+00:00,2023-03-01 00:10:00+00:00,STOP,1.05786,1.0569444341707082,1.0592333487439378,1.056934434170708,0.0009155658292918645,-1.0109222075356394,-0.92556582929193
S1_COMPRESSION_REVERSION,FAST_M15_RSI_EXTREME,6,1,1,2023-04-21 06:30:00+00:00,2023-04-21 06:45:00+00:00,2023-04-21 06:50:00+00:00,STOP,1.09505,1.094430882918772,1.0959786756218421,1.094420882918772,0.0006191170812279712,-1.0161520337643266,-0.6291170812280367
S1_COMPRESSION_REVERSION,DEEP_M30_RSI_BB,7,1,0,2023-04-21 06:30:00+00:00,2023-04-21 07:00:00+00:00,2023-04-21 07:55:00+00:00,TARGET,1.0942500000000002,1.0932854530472915,1.0956968204290631,1.095686820429063,0.0009645469527086448,1.4896324383463309,1.4368204290629016
S1_COMPRESSION_REVERSION,FAST_M15_RSI_EXTREME,7,1,1,2023-04-21 07:00:00+00:00,2023-04-21 07:15:00+00:00,2023-04-21 07:55:00+00:00,TARGET,1.0944200000000002,1.0937172408840434,1.0954741386739353,1.0954641386739352,0.0007027591159567415,1.4857703731292742,1.0441386739350467
S1_COMPRESSION_REVERSION,FAST_M15_RSI_EXTREME,7,1,1,2023-04-21 07:30:00+00:00,2023-04-21 07:45:00+00:00,2023-04-21 07:55:00+00:00,TARGET,1.09439,1.0936226923949148,1.0955409614076277,1.0955309614076276,0.0007673076050851435,1.4869674170648213,1.1409614076276497
S1_COMPRESSION_REVERSION,FAST_M15_RSI_EXTREME,18,1,1,2023-05-08 18:00:00+00:00,2023-05-08 18:15:00+00:00,2023-05-08 23:15:00+00:00,STOP,1.10084,1.0999625986469057,1.1021561020296415,1.0999525986469056,0.0008774013530943314,-1.0113972926583694,-0.8874013530943969
S3_NEUTRAL_AUCTION,FAST_M15_RSI_EXTREME,20,2,1,2023-05-08 19:45:00+00:00,2023-05-08 20:00:00+00:00,2023-05-09 00:00:00+00:00,STOP,1.10024,1.0994917645420983,1.1013623531868528,1.0994817645420982,0.0007482354579018136,-1.0133647769488328,-0.7582354579018791
S1_COMPRESSION_REVERSION,FAST_M15_RSI_EXTREME,23,1,1,2023-05-08 23:15:00+00:00,2023-05-08 23:30:00+00:00,2023-05-09 00:00:00+00:00,STOP,1.0997400000000002,1.0992972936687646,1.1004040594968534,1.0992872936687645,0.0004427063312355539,-1.022588337447437,-0.45270633123561943
S1_COMPRESSION_REVERSION,FAST_M15_RSI_EXTREME,23,1,1,2023-05-08 23:30:00+00:00,2023-05-08 23:45:00+00:00,2023-05-09 00:00:00+00:00,STOP,1.09978,1.0993529155495672,1.1004206266756493,1.099342915549567,0.00042708445043282417,-1.0234145729022237,-0.4370844504328897
S4_OPPOSING_CAPITULATION,DEEP_M30_RSI_BB,3,3,0,2023-05-25 03:00:00+00:00,2023-05-25 03:30:00+00:00,2023-05-25 07:00:00+00:00,STOP,1.0737700000000001,1.0727220346927577,1.0753419479608637,1.0727120346927577,0.0010479653072423822,-1.0095423006190725,-1.0579653072424478
S1_COMPRESSION_REVERSION,FAST_M15_RSI_EXTREME,7,1,1,2023-05-25 07:00:00+00:00,2023-05-25 07:15:00+00:00,2023-05-25 08:35:00+00:00,TARGET,1.07199,1.0711785601372052,1.0732071597941921,1.073197159794192,0.0008114398627947494,1.4876762278283646,1.2071597941920587
S1_COMPRESSION_REVERSION,DEEP_M30_RSI_BB,7,1,0,2023-05-25 07:00:00+00:00,2023-05-25 07:30:00+00:00,2023-05-25 13:35:00+00:00,STOP,1.0725,1.0713606960129987,1.074208955980502,1.0713506960129986,0.00113930398700135,-1.0087772886904272,-1.1493039870014155
S1_COMPRESSION_REVERSION,DEEP_M30_RSI_BB,8,1,0,2023-05-25 07:30:00+00:00,2023-05-25 08:00:00+00:00,2023-05-25 12:10:00+00:00,TARGET,1.07216,1.0709910748692129,1.0739133876961806,1.0739033876961805,0.0011689251307871462,1.4914451321673248,1.7433876961805428
S2_SUPPORTIVE_PULLBACK,FAST_M15_RSI_EXTREME,23,0,1,2023-06-04 22:45:00+00:00,2023-06-04 23:00:00+00:00,2023-06-04 23:30:00+00:00,STOP,1.0701800000000001,1.0696247897484834,1.071012815377275,1.0696147897484833,0.0005552102515167245,-1.018011194809079,-0.56521025151679
S2_SUPPORTIVE_PULLBACK,FAST_M15_RSI_EXTREME,23,0,1,2023-06-04 23:00:00+00:00,2023-06-04 23:15:00+00:00,2023-06-04 23:45:00+00:00,STOP,1.07006,1.0695264476235917,1.0708603285646126,1.0695164476235917,0.0005335523764082861,-1.018742302428456,-0.5435523764083516
S2_SUPPORTIVE_PULLBACK,FAST_M15_RSI_EXTREME,23,0,1,2023-06-04 23:15:00+00:00,2023-06-04 23:30:00+00:00,2023-06-05 00:00:00+00:00,STOP,1.06987,1.069338558507621,1.0706671622385688,1.0693285585076209,0.0005314414923791588,-1.0188167467980294,-0.5414414923792243
S2_SUPPORTIVE_PULLBACK,FAST_M15_RSI_EXTREME,23,0,1,2023-06-04 23:30:00+00:00,2023-06-04 23:45:00+00:00,2023-06-05 00:15:00+00:00,STOP,1.06962,1.0690985186142192,1.070402222078671,1.0690885186142192,0.0005214813857807865,-1.019176139882909,-0.531481385780852
S3_NEUTRAL_AUCTION,DEEP_M30_RSI_BB,2,2,0,2023-06-12 01:30:00+00:00,2023-06-12 02:00:00+00:00,2023-06-12 05:55:00+00:00,TARGET,1.07376,1.0729715115231555,1.0749427327152667,1.0749327327152667,0.0007884884768445399,1.4873175064774622,1.1727327152666334
S3_NEUTRAL_AUCTION,FAST_M15_RSI_EXTREME,2,2,1,2023-06-12 02:00:00+00:00,2023-06-12 02:15:00+00:00,2023-06-12 05:10:00+00:00,TARGET,1.0737100000000002,1.0732190662058347,1.0744464006912482,1.0744364006912481,0.0004909337941654268,1.479630654644225,0.7264006912479637
S3_NEUTRAL_AUCTION,DEEP_M30_RSI_BB,2,2,0,2023-06-12 02:00:00+00:00,2023-06-12 02:30:00+00:00,2023-06-12 05:55:00+00:00,TARGET,1.0737100000000002,1.0729468321286446,1.0748547518070335,1.0748447518070334,0.0007631678713555523,1.486896723020712,1.134751807033263
S3_NEUTRAL_AUCTION,FAST_M15_RSI_EXTREME,2,2,1,2023-06-12 02:30:00+00:00,2023-06-12 02:45:00+00:00,2023-06-12 04:05:00+00:00,TARGET,1.07355,1.0730649091264595,1.0742776363103108,1.0742676363103107,0.00048509087354053904,1.4793853058354234,0.717636310310743
S4_OPPOSING_CAPITULATION,DEEP_M30_RSI_BB,1,3,0,2023-07-06 01:00:00+00:00,2023-07-06 01:30:00+00:00,2023-07-06 04:00:00+00:00,STOP,1.0844500000000001,1.0835732879590483,1.085765068061428,1.0835632879590482,0.0008767120409518547,-1.0114062537446258,-0.8867120409519202
S4_OPPOSING_CAPITULATION,DEEP_M30_RSI_BB,3,3,0,2023-07-06 03:00:00+00:00,2023-07-06 03:30:00+00:00,2023-07-06 04:00:00+00:00,STOP,1.0844200000000002,1.0835644857194497,1.085703271420826,1.0835544857194497,0.0008555142805504179,-1.0116888756008044,-0.8655142805504834
S4_OPPOSING_CAPITULATION,DEEP_M30_RSI_BB,4,3,0,2023-07-06 03:30:00+00:00,2023-07-06 04:00:00+00:00,2023-07-06 05:55:00+00:00,TARGET,1.08409,1.0832385938823461,1.085367109176481,1.0853571091764809,0.0008514061176538856,1.4882547238120507,1.267109176480874
S4_OPPOSING_CAPITULATION,DEEP_M30_RSI_BB,4,3,0,2023-07-06 04:00:00+00:00,2023-07-06 04:30:00+00:00,2023-07-06 05:55:00+00:00,TARGET,1.08348,1.0826144086050355,1.0847783870924466,1.0847683870924465,0.0008655913949644489,1.4884472049302346,1.2883870924464969
S1_COMPRESSION_REVERSION,DEEP_M30_RSI_BB,12,1,0,2023-07-11 11:30:00+00:00,2023-07-11 12:00:00+00:00,2023-07-11 16:55:00+00:00,TARGET,1.09844,1.0972415103565696,1.100237734465146,1.1002277344651459,0.0011984896434305004,1.4916561648615243,1.787734465145796
S1_COMPRESSION_REVERSION,DEEP_M30_RSI_BB,12,1,0,2023-07-11 12:00:00+00:00,2023-07-11 12:30:00+00:00,2023-07-11 17:00:00+00:00,TARGET,1.09853,1.0973431167596717,1.1003103248604926,1.1003003248604926,0.0011868832403283402,1.4915745713982884,1.7703248604925559
S1_COMPRESSION_REVERSION,FAST_M15_RSI_EXTREME,12,1,1,2023-07-11 12:30:00+00:00,2023-07-11 12:45:00+00:00,2023-07-11 16:15:00+00:00,TARGET,1.09826,1.0973830605886812,1.0995754091169783,1.0995654091169782,0.0008769394113188334,1.4885967036365415,1.3054091169781845
S3_NEUTRAL_AUCTION,DEEP_M30_RSI_BB,13,2,0,2023-07-11 12:30:00+00:00,2023-07-11 13:00:00+00:00,2023-07-11 16:55:00+00:00,TARGET,1.09826,1.0970648941339807,1.100052658799029,1.1000426587990288,0.0011951058660193414,1.4916325404430617,1.7826587990288356
S4_OPPOSING_CAPITULATION,DEEP_M30_RSI_BB,2,3,0,2023-08-01 02:00:00+00:00,2023-08-01 02:30:00+00:00,2023-08-01 05:55:00+00:00,TARGET,1.09834,1.097419417737818,1.0997208733932733,1.0997108733932732,0.000920582262182057,1.4891373097106482,1.370873393273131
S1_COMPRESSION_REVERSION,DEEP_M30_RSI_BB,7,1,0,2023-08-01 07:00:00+00:00,2023-08-01 07:30:00+00:00,2023-08-01 12:10:00+00:00,STOP,1.09769,1.096545547368439,1.0994066789473418,1.0965355473684388,0.0011444526315611547,-1.0087378015693182,-1.1544526315612202
S1_COMPRESSION_REVERSION,DEEP_M30_RSI_BB,9,1,0,2023-08-01 09:00:00+00:00,2023-08-01 09:30:00+00:00,2023-08-01 12:15:00+00:00,STOP,1.09724,1.0960100079755826,1.0990849880366262,1.0960000079755825,0.0012299920244174256,-1.0081301340183908,-1.2399920244174911
S1_COMPRESSION_REVERSION,DEEP_M30_RSI_BB,12,1,0,2023-08-01 12:00:00+00:00,2023-08-01 12:30:00+00:00,2023-08-01 14:00:00+00:00,TARGET,1.0958100000000002,1.094478908787821,1.0978066368182688,1.0977966368182688,0.001331091212179114,1.4924873668246261,1.9866368182686056
S1_COMPRESSION_REVERSION,DEEP_M30_RSI_BB,14,1,0,2023-08-02 13:30:00+00:00,2023-08-02 14:00:00+00:00,2023-08-02 14:10:00+00:00,STOP,1.0950900000000001,1.0935143741902769,1.097453438714585,1.0935043741902768,0.0015756258097232578,-1.0063466845607345,-1.5856258097233233
S1_COMPRESSION_REVERSION,FAST_M15_RSI_EXTREME,14,1,1,2023-08-02 14:00:00+00:00,2023-08-02 14:15:00+00:00,2023-08-02 14:25:00+00:00,STOP,1.09362,1.0923447189512911,1.0955329215730634,1.092334718951291,0.0012752810487088873,-1.007841408770396,-1.2852810487089528
S1_COMPRESSION_REVERSION,DEEP_M30_RSI_BB,14,1,0,2023-08-02 14:00:00+00:00,2023-08-02 14:30:00+00:00,2023-08-02 16:35:00+00:00,TARGET,1.0920400000000001,1.0902549188909714,1.0947176216635432,1.0947076216635432,0.0017850811090287522,1.4943980136535608,2.6676216635430627
S1_COMPRESSION_REVERSION,FAST_M15_RSI_EXTREME,14,1,1,2023-08-02 14:30:00+00:00,2023-08-02 14:45:00+00:00,2023-08-02 15:30:00+00:00,TARGET,1.09209,1.0906798239937152,1.0942052640094273,1.0941952640094272,0.0014101760062847912,1.4929086866069292,2.1052640094272324
S4_OPPOSING_CAPITULATION,DEEP_M30_RSI_BB,2,3,0,2023-08-14 02:00:00+00:00,2023-08-14 02:30:00+00:00,2023-08-14 07:30:00+00:00,TARGET,1.09331,1.0922719701575974,1.094867044763604,1.094857044763604,0.0010380298424026435,1.490366365598007,1.5470447636038998
S4_OPPOSING_CAPITULATION,DEEP_M30_RSI_BB,3,3,0,2023-08-14 02:30:00+00:00,2023-08-14 03:00:00+00:00,2023-08-14 07:20:00+00:00,TARGET,1.0931300000000002,1.0921191151463405,1.0946463272804896,1.0946363272804895,0.0010108848536596327,1.4901076764936547,1.5063272804893835
S1_COMPRESSION_REVERSION,DEEP_M30_RSI_BB,12,1,0,2023-08-14 12:00:00+00:00,2023-08-14 12:30:00+00:00,2023-08-14 12:40:00+00:00,STOP,1.0922500000000002,1.091010759116577,1.094108861325135,1.091000759116577,0.0012392408834231983,-1.0080694561758181,-1.2492408834232638
S1_COMPRESSION_REVERSION,FAST_M15_RSI_EXTREME,12,1,1,2023-08-14 12:30:00+00:00,2023-08-14 12:45:00+00:00,2023-08-14 13:20:00+00:00,STOP,1.09044,1.089335751188396,1.092096373217406,1.089325751188396,0.0011042488116039806,-1.0090559300539703,-1.114248811604046
S1_COMPRESSION_REVERSION,FAST_M15_RSI_EXTREME,7,1,1,2023-08-29 06:45:00+00:00,2023-08-29 07:00:00+00:00,2023-08-29 07:15:00+00:00,TARGET,1.08094,1.0803600323069653,1.081809951539552,1.081799951539552,0.0005799676930346997,1.4827576602625223,0.8599515395519841
S3_NEUTRAL_AUCTION,DEEP_M30_RSI_BB,12,2,0,2023-08-29 12:00:00+00:00,2023-08-29 12:30:00+00:00,2023-08-29 14:00:00+00:00,TARGET,1.07895,1.0777055296255604,1.0808167055616595,1.0808067055616595,0.0012444703744396435,1.491964453147735,1.8567055616593997
S3_NEUTRAL_AUCTION,FAST_M15_RSI_EXTREME,13,2,1,2023-08-29 13:00:00+00:00,2023-08-29 13:15:00+00:00,2023-08-29 13:45:00+00:00,TARGET,1.0784200000000002,1.0773365844971834,1.0800451232542252,1.0800351232542251,0.0010834155028167647,1.4907699308583109,1.6151232542249705
S3_NEUTRAL_AUCTION,DEEP_M30_RSI_BB,13,2,0,2023-08-29 13:00:00+00:00,2023-08-29 13:30:00+00:00,2023-08-29 13:45:00+00:00,TARGET,1.0784900000000002,1.0771728189118355,1.0804657716322472,1.0804557716322472,0.0013171810881646984,1.492408029473002,1.965771632246982
S1_COMPRESSION_REVERSION,DEEP_M30_RSI_BB,6,1,0,2023-09-05 06:00:00+00:00,2023-09-05 06:30:00+00:00,2023-09-05 06:35:00+00:00,STOP,1.07684,1.0759527846634742,1.0781708230047888,1.0759427846634741,0.000887215336525804,-1.0112712208506494,-0.8972153365258695
S1_COMPRESSION_REVERSION,FAST_M15_RSI_EXTREME,6,1,1,2023-09-05 06:30:00+00:00,2023-09-05 06:45:00+00:00,2023-09-05 07:50:00+00:00,STOP,1.07677,1.07579,1.07824,1.07578,0.0009799999999999809,-1.01020408163272,-0.9900000000000464
S4_OPPOSING_CAPITULATION,DEEP_M30_RSI_BB,8,3,0,2023-09-05 07:30:00+00:00,2023-09-05 08:00:00+00:00,2023-09-05 08:15:00+00:00,STOP,1.0757100000000002,1.0746718600239262,1.077267209964111,1.0746618600239262,0.0010381399760739374,-1.009632612393835,-1.0481399760740029
S4_OPPOSING_CAPITULATION,DEEP_M30_RSI_BB,8,3,0,2023-09-05 08:00:00+00:00,2023-09-05 08:30:00+00:00,2023-09-05 11:20:00+00:00,STOP,1.0743200000000002,1.07318901287936,1.0760164806809605,1.07317901287936,0.0011309871206401922,-1.0088418336668636,-1.1409871206402578
S1_COMPRESSION_REVERSION,FAST_M15_RSI_EXTREME,7,1,1,2023-09-12 07:00:00+00:00,2023-09-12 07:15:00+00:00,2023-09-12 07:45:00+00:00,STOP,1.0724200000000002,1.0717748184321645,1.0733877723517535,1.0717648184321644,0.000645181567835662,-1.015499512848161,-0.6551815678357276
S1_COMPRESSION_REVERSION,DEEP_M30_RSI_BB,7,1,0,2023-09-12 07:00:00+00:00,2023-09-12 07:30:00+00:00,2023-09-12 07:45:00+00:00,STOP,1.07277,1.0718273939339469,1.0741839090990797,1.0718173939339468,0.0009426060660531199,-1.010608885684279,-0.9526060660531854
S1_COMPRESSION_REVERSION,FAST_M15_RSI_EXTREME,7,1,1,2023-09-12 07:30:00+00:00,2023-09-12 07:45:00+00:00,2023-09-12 07:50:00+00:00,STOP,1.0722,1.0715332669134479,1.0732000996298283,1.0715232669134478,0.0006667330865521848,-1.0149985057015507,-0.6767330865522503
S4_OPPOSING_CAPITULATION,DEEP_M30_RSI_BB,9,3,0,2023-09-12 08:30:00+00:00,2023-09-12 09:00:00+00:00,2023-09-12 16:05:00+00:00,TARGET,1.0715100000000002,1.0704416845746654,1.0731124731380024,1.0731024731380023,0.0010683154253348093,1.4906394686785212,1.5924731380021484
S1_COMPRESSION_REVERSION,DEEP_M30_RSI_BB,7,1,0,2023-10-25 07:00:00+00:00,2023-10-25 07:30:00+00:00,2023-10-25 09:25:00+00:00,STOP,1.05831,1.0573667602427965,1.0597248596358053,1.0573567602427965,0.0009432397572035622,-1.0106017583797704,-0.9532397572036277
S1_COMPRESSION_REVERSION,DEEP_M30_RSI_BB,9,1,0,2023-10-25 09:00:00+00:00,2023-10-25 09:30:00+00:00,2023-10-25 14:30:00+00:00,TARGET,1.05681,1.0556545278866751,1.0585432081699873,1.0585332081699872,0.0011554721133248957,1.4913455289099091,1.723208169987167
S1_COMPRESSION_REVERSION,DEEP_M30_RSI_BB,10,1,0,2023-10-25 09:30:00+00:00,2023-10-25 10:00:00+00:00,2023-10-25 14:35:00+00:00,TARGET,1.0569700000000002,1.0558220616090557,1.058691907586417,1.058681907586417,0.001147938390944514,1.491288731103559,1.7119075864167055
S1_COMPRESSION_REVERSION,FAST_M15_RSI_EXTREME,10,1,1,2023-10-25 10:00:00+00:00,2023-10-25 10:15:00+00:00,2023-10-25 13:10:00+00:00,TARGET,1.0568300000000002,1.0559729251285737,1.05811561230714,1.05810561230714,0.0008570748714264997,1.4883324078988447,1.2756123071397951
S3_NEUTRAL_AUCTION,FAST_M15_RSI_EXTREME,7,2,1,2023-12-04 07:30:00+00:00,2023-12-04 07:45:00+00:00,2023-12-04 08:10:00+00:00,TARGET,1.08555,1.0847742309616275,1.0867136535575588,1.0867036535575587,0.0007757690383725091,1.487109565469325,1.1536535575586981
S1_COMPRESSION_REVERSION,FAST_M15_RSI_EXTREME,8,1,1,2023-12-04 07:45:00+00:00,2023-12-04 08:00:00+00:00,2023-12-04 08:10:00+00:00,TARGET,1.08546,1.084673643035797,1.0866395354463045,1.0866295354463045,0.0007863569642030388,1.4872831290935264,1.1695354463043817
S1_COMPRESSION_REVERSION,FAST_M15_RSI_EXTREME,14,1,1,2023-12-04 14:00:00+00:00,2023-12-04 14:15:00+00:00,2023-12-04 15:20:00+00:00,STOP,1.08318,1.0818966316191787,1.085105052571232,1.0818866316191786,0.0012833683808213259,-1.0077919949949723,-1.2933683808213914
S1_COMPRESSION_REVERSION,DEEP_M30_RSI_BB,14,1,0,2023-12-04 14:00:00+00:00,2023-12-04 14:30:00+00:00,2023-12-04 15:40:00+00:00,STOP,1.0822800000000001,1.0804651603781983,1.085002259432703,1.0804551603781982,0.0018148396218018448,-1.0055101287628585,-1.8248396218019103
S3_NEUTRAL_AUCTION,DEEP_M30_RSI_BB,1,2,0,2024-03-27 01:00:00+00:00,2024-03-27 01:30:00+00:00,2024-03-27 09:10:00+00:00,TARGET,1.0825200000000001,1.0818972836100227,1.0834540745849663,1.0834440745849663,0.0006227163899774624,1.4839413251987355,0.924074584966128
S3_NEUTRAL_AUCTION,FAST_M15_RSI_EXTREME,1,2,1,2024-03-27 01:30:00+00:00,2024-03-27 01:45:00+00:00,2024-03-27 04:05:00+00:00,TARGET,1.08231,1.0819377633565308,1.082868354965204,1.082858354965204,0.00037223664346930363,1.473135369191856,0.5483549652038899
S3_NEUTRAL_AUCTION,DEEP_M30_RSI_BB,2,2,0,2024-03-27 01:30:00+00:00,2024-03-27 02:00:00+00:00,2024-03-27 07:25:00+00:00,TARGET,1.0824200000000002,1.081797763352164,1.0833533549717544,1.0833433549717544,0.0006222366478361163,1.4839289440203653,0.92335497175422
S1_COMPRESSION_REVERSION,FAST_M15_RSI_EXTREME,22,1,1,2024-03-27 22:00:00+00:00,2024-03-27 22:15:00+00:00,2024-03-28 00:10:00+00:00,STOP,1.08132,1.0808172176003255,1.082074173599512,1.0808072176003254,0.0005027823996746061,-1.019889319925553,-0.5127823996746717
S3_NEUTRAL_AUCTION,DEEP_M30_RSI_BB,16,2,0,2024-04-01 15:30:00+00:00,2024-04-01 16:00:00+00:00,2024-04-02 04:00:00+00:00,TIME_12H,1.07335,1.0723029369796573,1.0749205945305143,1.07294,0.0010470630203427422,-0.391571464214077,-0.41000000000002146
S3_NEUTRAL_AUCTION,FAST_M15_RSI_EXTREME,16,2,1,2024-04-01 16:00:00+00:00,2024-04-01 16:15:00+00:00,2024-04-02 04:15:00+00:00,TIME_12H,1.07353,1.0727370282856448,1.074719457571533,1.07307,0.0007929717143553283,-0.5800963535932662,-0.460000000000127
S3_NEUTRAL_AUCTION,FAST_M15_RSI_EXTREME,16,2,1,2024-04-01 16:15:00+00:00,2024-04-01 16:30:00+00:00,2024-04-02 04:30:00+00:00,TIME_12H,1.07365,1.0728876691223843,1.0747934963164236,1.07327,0.0007623308776156801,-0.49847121657797966,-0.38000000000004697
S3_NEUTRAL_AUCTION,FAST_M15_RSI_EXTREME,16,2,1,2024-04-01 16:30:00+00:00,2024-04-01 16:45:00+00:00,2024-04-02 04:00:00+00:00,STOP,1.0736700000000001,1.0729411213279285,1.0747633180081075,1.0729311213279284,0.000728878672071609,-1.0137197045039659,-0.7388786720716745
S3_NEUTRAL_AUCTION,FAST_M15_RSI_EXTREME,18,2,1,2024-04-04 18:30:00+00:00,2024-04-04 18:45:00+00:00,2024-04-04 19:25:00+00:00,STOP,1.08474,1.0841383236891013,1.0856425144663482,1.0841283236891013,0.0006016763108986911,-1.0166202322061326,-0.6116763108987566
S3_NEUTRAL_AUCTION,DEEP_M30_RSI_BB,20,2,0,2024-04-04 19:30:00+00:00,2024-04-04 20:00:00+00:00,2024-04-05 01:55:00+00:00,STOP,1.0834400000000002,1.0825067904608143,1.084839814308779,1.0824967904608143,0.000933209539185853,-1.0107157070091564,-0.9432095391859185
S3_NEUTRAL_AUCTION,FAST_M15_RSI_EXTREME,20,2,1,2024-04-04 20:00:00+00:00,2024-04-04 20:15:00+00:00,2024-04-05 01:45:00+00:00,STOP,1.08368,1.082964646215048,1.084753030677428,1.082954646215048,0.000715353784952022,-1.0139790970711593,-0.7253537849520875
S3_NEUTRAL_AUCTION,DEEP_M30_RSI_BB,20,2,0,2024-04-04 20:00:00+00:00,2024-04-04 20:30:00+00:00,2024-04-05 01:50:00+00:00,STOP,1.08369,1.0827674482850418,1.0850738275724374,1.0827574482850417,0.0009225517149582529,-1.0108395007433464,-0.9325517149583185
S1_COMPRESSION_REVERSION,DEEP_M30_RSI_BB,11,1,0,2024-04-22 11:00:00+00:00,2024-04-22 11:30:00+00:00,2024-04-22 13:25:00+00:00,STOP,1.06375,1.062679021453686,1.0653564678194707,1.062669021453686,0.0010709785463138832,-1.009337255199447,-1.0809785463139487
S1_COMPRESSION_REVERSION,FAST_M15_RSI_EXTREME,11,1,1,2024-04-22 11:30:00+00:00,2024-04-22 11:45:00+00:00,2024-04-22 12:05:00+00:00,STOP,1.0639100000000001,1.063140281309223,1.0650645780361658,1.063130281309223,0.0007697186907771325,-1.0129917593529776,-0.779718690777198
S1_COMPRESSION_REVERSION,DEEP_M30_RSI_BB,12,1,0,2024-04-22 11:30:00+00:00,2024-04-22 12:00:00+00:00,2024-04-22 13:30:00+00:00,STOP,1.06359,1.06251151992128,1.06520772011808,1.06250151992128,0.0010784800787200233,-1.0092723084991368,-1.0884800787200888
S1_COMPRESSION_REVERSION,DEEP_M30_RSI_BB,13,1,0,2024-04-22 13:00:00+00:00,2024-04-22 13:30:00+00:00,2024-04-22 14:45:00+00:00,TARGET,1.06281,1.0616534574588383,1.0645448138117426,1.0645348138117425,0.0011565425411617092,1.4913535389800527,1.7248138117424983
S1_COMPRESSION_REVERSION,DEEP_M30_RSI_BB,14,1,0,2024-04-26 13:30:00+00:00,2024-04-26 14:00:00+00:00,2024-04-26 14:30:00+00:00,STOP,1.0708,1.0693815053739109,1.0729277419391337,1.0693715053739108,0.0014184946260891174,-1.0070497270952912,-1.4284946260891829
S1_COMPRESSION_REVERSION,FAST_M15_RSI_EXTREME,14,1,1,2024-04-26 14:00:00+00:00,2024-04-26 14:15:00+00:00,2024-04-26 14:30:00+00:00,STOP,1.07037,1.0692173239989522,1.0720990140015718,1.0692073239989521,0.0011526760010478476,-1.0086754647368168,-1.1626760010479131
S1_COMPRESSION_REVERSION,DEEP_M30_RSI_BB,14,1,0,2024-04-26 14:00:00+00:00,2024-04-26 14:30:00+00:00,2024-04-26 14:55:00+00:00,STOP,1.0695000000000001,1.0680068264186315,1.0717397603720529,1.0679968264186315,0.0014931735813685787,-1.006697145010361,-1.5031735813686442
S1_COMPRESSION_REVERSION,FAST_M15_RSI_EXTREME,14,1,1,2024-04-26 14:30:00+00:00,2024-04-26 14:45:00+00:00,2024-04-26 14:55:00+00:00,STOP,1.0688300000000002,1.0676612538562396,1.070583119215641,1.0676512538562395,0.0011687461437606128,-1.0085561779634105,-1.1787461437606783
S1_COMPRESSION_REVERSION,DEEP_M30_RSI_BB,2,1,0,2024-05-17 02:00:00+00:00,2024-05-17 02:30:00+00:00,2024-05-17 06:15:00+00:00,TARGET,1.08565,1.0850037279878404,1.0866194080182394,1.0866094080182394,0.0006462720121596099,1.4845266392294336,0.9594080182393494
S2_SUPPORTIVE_PULLBACK,DEEP_M30_RSI_BB,9,0,0,2024-05-17 08:30:00+00:00,2024-05-17 09:00:00+00:00,2024-05-17 10:50:00+00:00,STOP,1.08451,1.0837196881555853,1.0856954677666222,1.0837096881555852,0.0007903118444148038,-1.012653233113911,-0.8003118444148694
S2_SUPPORTIVE_PULLBACK,DEEP_M30_RSI_BB,9,0,0,2024-05-17 09:00:00+00:00,2024-05-17 09:30:00+00:00,2024-05-17 13:20:00+00:00,TARGET,1.08423,1.0834381390016148,1.0854177914975778,1.0854077914975777,0.0007918609983852409,1.48737152098592,1.1777914975776849
S2_SUPPORTIVE_PULLBACK,DEEP_M30_RSI_BB,11,0,0,2024-05-17 10:30:00+00:00,2024-05-17 11:00:00+00:00,2024-05-17 13:10:00+00:00,TARGET,1.0839,1.083121104003844,1.0850683439942341,1.085058343994234,0.0007788959961561037,1.4871613154393821,1.158343994233979
S1_COMPRESSION_REVERSION,DEEP_M30_RSI_BB,12,1,0,2024-05-20 11:30:00+00:00,2024-05-20 12:00:00+00:00,2024-05-21 00:00:00+00:00,TIME_12H,1.0861,1.0853716394795632,1.0871925407806553,1.08588,0.0007283605204368993,-0.3020482217626847,-0.220000000000109
S1_COMPRESSION_REVERSION,FAST_M15_RSI_EXTREME,12,1,1,2024-05-20 12:00:00+00:00,2024-05-20 12:15:00+00:00,2024-05-20 13:40:00+00:00,TARGET,1.08576,1.0852042069270544,1.0865936896094186,1.0865836896094185,0.0005557930729456206,1.4820076922748318,0.8236896094184765
S1_COMPRESSION_REVERSION,DEEP_M30_RSI_BB,12,1,0,2024-05-20 12:00:00+00:00,2024-05-20 12:30:00+00:00,2024-05-20 13:40:00+00:00,TARGET,1.0855700000000001,1.084812665231023,1.0867060021534658,1.0866960021534657,0.0007573347689771026,1.4867957996784276,1.1260021534655884
S1_COMPRESSION_REVERSION,FAST_M15_RSI_EXTREME,12,1,1,2024-05-20 12:30:00+00:00,2024-05-20 12:45:00+00:00,2024-05-20 13:40:00+00:00,TARGET,1.08563,1.0850200559728174,1.0865449160407743,1.0865349160407742,0.0006099440271827294,1.4836050529978242,0.9049160407741397
S3_NEUTRAL_AUCTION,DEEP_M30_RSI_BB,6,2,0,2024-06-14 05:30:00+00:00,2024-06-14 06:00:00+00:00,2024-06-14 06:30:00+00:00,STOP,1.0731300000000001,1.0724363366701715,1.074170494994743,1.0724263366701714,0.0006936633298286754,-1.0144162154319667,-0.7036633298287409
S3_NEUTRAL_AUCTION,FAST_M15_RSI_EXTREME,6,2,1,2024-06-14 06:00:00+00:00,2024-06-14 06:15:00+00:00,2024-06-14 06:30:00+00:00,STOP,1.07301,1.0726051653627302,1.0736172519559046,1.0725951653627301,0.00040483463726981306,-1.0247014436993462,-0.41483463726987857
S3_NEUTRAL_AUCTION,DEEP_M30_RSI_BB,6,2,0,2024-06-14 06:00:00+00:00,2024-06-14 06:30:00+00:00,2024-06-14 06:35:00+00:00,STOP,1.07277,1.0720648840508733,1.07382767392369,1.0720548840508732,0.0007051159491267001,-1.0141820646837598,-0.7151159491267656
S3_NEUTRAL_AUCTION,FAST_M15_RSI_EXTREME,6,2,1,2024-06-14 06:30:00+00:00,2024-06-14 06:45:00+00:00,2024-06-14 07:00:00+00:00,TARGET,1.0719,1.0713811476852113,1.0726782784721833,1.0726682784721833,0.0005188523147887647,1.4807266929048477,0.7682784721831926
S2_SUPPORTIVE_PULLBACK,FAST_M15_RSI_EXTREME,1,0,1,2024-07-19 01:15:00+00:00,2024-07-19 01:30:00+00:00,2024-07-19 01:45:00+00:00,STOP,1.08911,1.0886618813264948,1.089782178010258,1.0886518813264947,0.0004481186735052489,-1.0223155172754665,-0.45811867350531443
S2_SUPPORTIVE_PULLBACK,FAST_M15_RSI_EXTREME,1,0,1,2024-07-19 01:30:00+00:00,2024-07-19 01:45:00+00:00,2024-07-19 05:00:00+00:00,STOP,1.08897,1.0885238898031737,1.0896391652952393,1.0885138898031737,0.00044611019682627706,-1.0224159861648705,-0.4561101968263426
S2_SUPPORTIVE_PULLBACK,FAST_M15_RSI_EXTREME,2,0,1,2024-07-19 01:45:00+00:00,2024-07-19 02:00:00+00:00,2024-07-19 06:50:00+00:00,STOP,1.08885,1.088405754817233,1.0895163677741508,1.088395754817233,0.000444245182767089,-1.0225100921472645,-0.45424518276715453
S1_COMPRESSION_REVERSION,DEEP_M30_RSI_BB,9,1,0,2024-07-19 08:30:00+00:00,2024-07-19 09:00:00+00:00,2024-07-19 11:30:00+00:00,TARGET,1.0879800000000002,1.0872377738986119,1.0890933391520825,1.0890833391520824,0.0007422261013882991,1.4865270165230353,1.1033391520822722
S1_COMPRESSION_REVERSION,DEEP_M30_RSI_BB,7,1,0,2024-07-23 07:00:00+00:00,2024-07-23 07:30:00+00:00,2024-07-23 08:05:00+00:00,STOP,1.08772,1.087082491218373,1.0886762631724407,1.087072491218373,0.0006375087816270497,-1.0156860584328635,-0.6475087816271152
S1_COMPRESSION_REVERSION,FAST_M15_RSI_EXTREME,7,1,1,2024-07-23 07:30:00+00:00,2024-07-23 07:45:00+00:00,2024-07-23 08:00:00+00:00,STOP,1.0877100000000002,1.087235145758662,1.0884222813620075,1.087225145758662,0.0004748542413381962,-1.021059093779776,-0.4848542413382617
S4_OPPOSING_CAPITULATION,DEEP_M30_RSI_BB,10,3,0,2024-07-23 09:30:00+00:00,2024-07-23 10:00:00+00:00,2024-07-23 10:10:00+00:00,STOP,1.08681,1.0860321244569662,1.0879768133145509,1.086022124456966,0.0007778755430338791,-1.0128555269408053,-0.7878755430339446
S4_OPPOSING_CAPITULATION,DEEP_M30_RSI_BB,10,3,0,2024-07-23 10:00:00+00:00,2024-07-23 10:30:00+00:00,2024-07-23 13:30:00+00:00,STOP,1.0858,1.0849566869957543,1.0870649695063688,1.0849466869957543,0.0008433130042457826,-1.0118579933544474,-0.8533130042458481
S1_COMPRESSION_REVERSION,DEEP_M30_RSI_BB,1,1,0,2024-07-24 00:30:00+00:00,2024-07-24 01:00:00+00:00,2024-07-24 02:50:00+00:00,STOP,1.08475,1.0841930760979486,1.0855853858530775,1.0841830760979485,0.0005569239020515315,-1.0179557745020975,-0.566923902051597
S1_COMPRESSION_REVERSION,DEEP_M30_RSI_BB,1,1,0,2024-07-24 01:00:00+00:00,2024-07-24 01:30:00+00:00,2024-07-24 02:45:00+00:00,STOP,1.0847900000000001,1.0842368563766664,1.0856197154350007,1.0842268563766664,0.0005531436233336962,-1.0180784873552322,-0.5631436233337617
S1_COMPRESSION_REVERSION,DEEP_M30_RSI_BB,3,1,0,2024-07-24 02:30:00+00:00,2024-07-24 03:00:00+00:00,2024-07-24 05:45:00+00:00,TARGET,1.08437,1.0838117651091606,1.0852073523362593,1.0851973523362592,0.0005582348908395041,1.4820863938027469,0.8273523362591906
S1_COMPRESSION_REVERSION,FAST_M15_RSI_EXTREME,7,1,1,2024-07-24 07:30:00+00:00,2024-07-24 07:45:00+00:00,2024-07-24 07:55:00+00:00,STOP,1.0833000000000002,1.0826950322872755,1.0842074515690872,1.0826850322872754,0.0006049677127246689,-1.0165298077727607,-0.6149677127247344
S1_COMPRESSION_REVERSION,DEEP_M30_RSI_BB,8,1,0,2024-08-13 08:00:00+00:00,2024-08-13 08:30:00+00:00,2024-08-13 09:00:00+00:00,STOP,1.09226,1.0915701190677911,1.0932948213983134,1.091560119067791,0.0006898809322088972,-1.0144952549537019,-0.6998809322089627
S1_COMPRESSION_REVERSION,FAST_M15_RSI_EXTREME,9,1,1,2024-08-13 09:00:00+00:00,2024-08-13 09:15:00+00:00,2024-08-13 11:30:00+00:00,TARGET,1.0918400000000001,1.0912162085973884,1.0927756871039178,1.0927656871039177,0.0006237914026117064,1.4839689999604255,0.9256871039176051
S1_COMPRESSION_REVERSION,DEEP_M30_RSI_BB,9,1,0,2024-08-13 09:00:00+00:00,2024-08-13 09:30:00+00:00,2024-08-13 12:30:00+00:00,TARGET,1.09226,1.09137,1.093595,1.093585,0.0008900000000000574,1.4887640449437474,1.3250000000000206
S1_COMPRESSION_REVERSION,DEEP_M30_RSI_BB,10,1,0,2024-08-13 09:30:00+00:00,2024-08-13 10:00:00+00:00,2024-08-13 11:50:00+00:00,TARGET,1.0920400000000001,1.0912866325043504,1.0931700512434745,1.0931600512434745,0.0007533674956496927,1.4867262656566398,1.1200512434743626
S1_COMPRESSION_REVERSION,FAST_M15_RSI_EXTREME,11,1,1,2024-08-26 11:15:00+00:00,2024-08-26 11:30:00+00:00,2024-08-26 12:30:00+00:00,STOP,1.1166500000000001,1.115963017001212,1.1176804744981823,1.115953017001212,0.0006869829987881104,-1.0145564009847496,-0.6969829987881759
S1_COMPRESSION_REVERSION,FAST_M15_RSI_EXTREME,11,1,1,2024-08-26 11:30:00+00:00,2024-08-26 11:45:00+00:00,2024-08-26 13:00:00+00:00,STOP,1.1165,1.115807087215411,1.1175393691768836,1.115797087215411,0.0006929127845889393,-1.0144318307043474,-0.7029127845890049
S1_COMPRESSION_REVERSION,FAST_M15_RSI_EXTREME,12,1,1,2024-08-26 12:00:00+00:00,2024-08-26 12:15:00+00:00,2024-08-26 13:00:00+00:00,STOP,1.11644,1.1157512537724719,1.1174731193412923,1.1157412537724718,0.0006887462275282363,-1.0145191357867083,-0.6987462275283018
S1_COMPRESSION_REVERSION,FAST_M15_RSI_EXTREME,12,1,1,2024-08-26 12:30:00+00:00,2024-08-26 12:45:00+00:00,2024-08-26 13:05:00+00:00,STOP,1.1160400000000001,1.115317917793611,1.1171231233095837,1.115307917793611,0.0007220822063891408,-1.013848838693965,-0.7320822063892063
S1_COMPRESSION_REVERSION,DEEP_M30_RSI_BB,5,1,0,2024-10-02 05:00:00+00:00,2024-10-02 05:30:00+00:00,2024-10-02 07:15:00+00:00,TARGET,1.10576,1.1047934175689793,1.1072098736465312,1.1071998736465312,0.0009665824310207682,1.489654270883545,1.4398736465310868
S1_COMPRESSION_REVERSION,DEEP_M30_RSI_BB,14,1,0,2024-10-02 14:00:00+00:00,2024-10-02 14:30:00+00:00,2024-10-03 02:30:00+00:00,TIME_12H,1.10434,1.1029502003507516,1.1064246994738727,1.10372,0.0013897996492484577,-0.4461074661627189,-0.6200000000000649
S1_COMPRESSION_REVERSION,FAST_M15_RSI_EXTREME,14,1,1,2024-10-02 14:30:00+00:00,2024-10-02 14:45:00+00:00,2024-10-03 02:45:00+00:00,TIME_12H,1.10426,1.1031828401622785,1.1058757397565824,1.10377,0.0010771598377214975,-0.4548999905497704,-0.49000000000010147
S4_OPPOSING_CAPITULATION,DEEP_M30_RSI_BB,15,3,0,2024-10-02 14:30:00+00:00,2024-10-02 15:00:00+00:00,2024-10-03 03:00:00+00:00,TIME_12H,1.10369,1.1023044717542694,1.105768292368596,1.1035899999999998,0.0013855282457306828,-0.0721746383073369,-0.10000000000021103
S1_COMPRESSION_REVERSION,DEEP_M30_RSI_BB,7,1,0,2024-10-10 07:00:00+00:00,2024-10-10 07:30:00+00:00,2024-10-10 08:10:00+00:00,STOP,1.09362,1.0929378966725878,1.0946431549911184,1.0929278966725877,0.0006821033274122534,-1.014660535432371,-0.692103327412319
S1_COMPRESSION_REVERSION,DEEP_M30_RSI_BB,8,1,0,2024-10-10 08:00:00+00:00,2024-10-10 08:30:00+00:00,2024-10-10 12:30:00+00:00,STOP,1.09336,1.0925810741717723,1.0945283887423418,1.0925710741717722,0.0007789258282278055,-1.012838192851837,-0.788925828227871
S1_COMPRESSION_REVERSION,DEEP_M30_RSI_BB,9,1,0,2024-10-10 08:30:00+00:00,2024-10-10 09:00:00+00:00,2024-10-10 12:30:00+00:00,STOP,1.09338,1.0926147117309313,1.094527932403603,1.0926047117309312,0.0007652882690687424,-1.0130669714985103,-0.7752882690688079
S1_COMPRESSION_REVERSION,DEEP_M30_RSI_BB,9,1,0,2024-10-10 09:00:00+00:00,2024-10-10 09:30:00+00:00,2024-10-10 12:30:00+00:00,STOP,1.0932700000000002,1.092507375178722,1.0944139372319175,1.092497375178722,0.0007626248212782016,-1.0131126075641033,-0.7726248212782671
S1_COMPRESSION_REVERSION,FAST_M15_RSI_EXTREME,8,1,1,2024-11-01 08:00:00+00:00,2024-11-01 08:15:00+00:00,2024-11-01 09:10:00+00:00,TARGET,1.0860800000000002,1.0855739241570554,1.0868391137644173,1.0868291137644173,0.0005060758429447088,1.4802401159048268,0.7491137644171086
S1_COMPRESSION_REVERSION,DEEP_M30_RSI_BB,8,1,0,2024-11-01 08:00:00+00:00,2024-11-01 08:30:00+00:00,2024-11-01 10:35:00+00:00,STOP,1.0861100000000001,1.0853085928670805,1.0873121106993797,1.0852985928670804,0.0008014071329196515,-1.0124780521526355,-0.811407132919717
S1_COMPRESSION_REVERSION,DEEP_M30_RSI_BB,9,1,0,2024-11-01 09:00:00+00:00,2024-11-01 09:30:00+00:00,2024-11-01 12:30:00+00:00,TARGET,1.086,1.0851439193598806,1.0872841209601791,1.087274120960179,0.0008560806401194387,1.4883188574399004,1.2741209601789816
S1_COMPRESSION_REVERSION,FAST_M15_RSI_EXTREME,10,1,1,2024-11-01 10:30:00+00:00,2024-11-01 10:45:00+00:00,2024-11-01 11:05:00+00:00,TARGET,1.08549,1.0849105854828829,1.0863591217756758,1.0863491217756758,0.0005794145171171827,1.4827411987365806,0.8591217756757086
S1_COMPRESSION_REVERSION,DEEP_M30_RSI_BB,7,1,0,2024-11-12 07:00:00+00:00,2024-11-12 07:30:00+00:00,2024-11-12 08:30:00+00:00,STOP,1.0630000000000002,1.0619146900468566,1.0646279649297155,1.0619046900468565,0.0010853099531435983,-1.0092139577003791,-1.0953099531436639
S1_COMPRESSION_REVERSION,DEEP_M30_RSI_BB,8,1,0,2024-11-12 08:00:00+00:00,2024-11-12 08:30:00+00:00,2024-11-12 12:20:00+00:00,STOP,1.0620200000000002,1.060795911315912,1.0638561330261325,1.060785911315912,0.001224088684088187,-1.0081693427364002,-1.2340886840882526
S3_NEUTRAL_AUCTION,DEEP_M30_RSI_BB,17,2,0,2024-11-12 16:30:00+00:00,2024-11-12 17:00:00+00:00,2024-11-12 20:55:00+00:00,TARGET,1.0598800000000002,1.0583492261425902,1.062176160786115,1.062166160786115,0.0015307738574099616,1.4934673564278231,2.286160786114877
S3_NEUTRAL_AUCTION,DEEP_M30_RSI_BB,17,2,0,2024-11-12 17:00:00+00:00,2024-11-12 17:30:00+00:00,2024-11-12 20:55:00+00:00,TARGET,1.05992,1.058417567132405,1.0621736493013925,1.0621636493013924,0.0015024328675949938,1.4933441285692366,2.2436493013924252
S1_COMPRESSION_REVERSION,DEEP_M30_RSI_BB,8,1,0,2024-11-21 08:00:00+00:00,2024-11-21 08:30:00+00:00,2024-11-21 09:20:00+00:00,STOP,1.05294,1.0519646468253752,1.0544030297619371,1.051954646825375,0.0009753531746248267,-1.0102526964183123,-0.9853531746248922
S1_COMPRESSION_REVERSION,DEEP_M30_RSI_BB,10,1,0,2024-11-21 09:30:00+00:00,2024-11-21 10:00:00+00:00,2024-11-21 13:35:00+00:00,TARGET,1.05177,1.0504736694881012,1.0537144957678484,1.0537044957678483,0.0012963305118989243,1.4922859178979533,1.93449576784821
S1_COMPRESSION_REVERSION,FAST_M15_RSI_EXTREME,10,1,1,2024-11-21 10:00:00+00:00,2024-11-21 10:15:00+00:00,2024-11-21 11:25:00+00:00,TARGET,1.0515800000000002,1.0505742136462097,1.0530886795306857,1.0530786795306857,0.00100578635379045,1.4900575306450619,1.4986795306854983
S1_COMPRESSION_REVERSION,DEEP_M30_RSI_BB,10,1,0,2024-11-21 10:00:00+00:00,2024-11-21 10:30:00+00:00,2024-11-21 13:35:00+00:00,TARGET,1.05169,1.0504192645246653,1.0535961032130021,1.053586103213002,0.0012707354753347389,1.4921305415689041,1.8961032130020428
S3_NEUTRAL_AUCTION,DEEP_M30_RSI_BB,2,2,0,2025-02-28 01:30:00+00:00,2025-02-28 02:00:00+00:00,2025-02-28 09:00:00+00:00,TARGET,1.0385600000000001,1.037314898177206,1.0404276527341914,1.0404176527341913,0.0012451018227941368,1.491968528342827,1.8576527341911397
S3_NEUTRAL_AUCTION,FAST_M15_RSI_EXTREME,2,2,1,2025-02-28 02:00:00+00:00,2025-02-28 02:15:00+00:00,2025-02-28 07:55:00+00:00,TARGET,1.03841,1.0376186394715723,1.0395970407926418,1.0395870407926417,0.0007913605284277647,1.4873635345196936,1.1770407926416926
S3_NEUTRAL_AUCTION,DEEP_M30_RSI_BB,3,2,0,2025-02-28 02:30:00+00:00,2025-02-28 03:00:00+00:00,2025-02-28 08:30:00+00:00,TARGET,1.03831,1.0370484887344276,1.0402022668983588,1.0401922668983588,0.0012615112655725014,1.4920729998431466,1.8822668983586865
S1_COMPRESSION_REVERSION,DEEP_M30_RSI_BB,18,1,0,2025-02-28 18:00:00+00:00,2025-02-28 18:30:00+00:00,2025-02-28 21:55:00+00:00,TIME_12H,1.03733,1.035578457883357,1.0399573131749649,1.0374599999999998,0.00175154211664319,0.07422031064196442,0.12999999999974143
S1_COMPRESSION_REVERSION,FAST_M15_RSI_EXTREME,1,1,1,2025-03-26 01:00:00+00:00,2025-03-26 01:15:00+00:00,2025-03-26 01:40:00+00:00,TARGET,1.0782800000000001,1.0776951646289707,1.079157253056544,1.079147253056544,0.0005848353710293797,1.4829011710037727,0.867253056543893
S1_COMPRESSION_REVERSION,DEEP_M30_RSI_BB,13,1,0,2025-03-26 13:00:00+00:00,2025-03-26 13:30:00+00:00,2025-03-26 14:15:00+00:00,TARGET,1.0771300000000001,1.075916910344114,1.0789496344838294,1.0789396344838293,0.0012130896558861792,1.491756586208164,1.8096344838292033
S1_COMPRESSION_REVERSION,DEEP_M30_RSI_BB,17,1,0,2025-03-26 17:00:00+00:00,2025-03-26 17:30:00+00:00,2025-03-26 21:20:00+00:00,STOP,1.07575,1.0740310043493142,1.0783284934760287,1.0740210043493141,0.001718995650685784,-1.0058173503790286,-1.7289956506858495
S4_OPPOSING_CAPITULATION,DEEP_M30_RSI_BB,19,3,0,2025-03-26 19:00:00+00:00,2025-03-26 19:30:00+00:00,2025-03-27 02:10:00+00:00,TARGET,1.07463,1.0729690087781332,1.0771214868328003,1.0771114868328002,0.0016609912218668033,1.4939794985859616,2.4814868328002504
S1_COMPRESSION_REVERSION,FAST_M15_RSI_EXTREME,6,1,1,2025-04-01 06:00:00+00:00,2025-04-01 06:15:00+00:00,2025-04-01 08:55:00+00:00,TARGET,1.08058,1.0798548657550424,1.0816677013674365,1.0816577013674364,0.0007251342449576814,1.4862094500849838,1.0777013674363456
S1_COMPRESSION_REVERSION,DEEP_M30_RSI_BB,6,1,0,2025-04-01 06:00:00+00:00,2025-04-01 06:30:00+00:00,2025-04-01 09:00:00+00:00,TARGET,1.0801500000000002,1.0790371039083297,1.081819344137506,1.0818093441375058,0.0011128960916704234,1.491014435152751,1.6593441375056805
S1_COMPRESSION_REVERSION,DEEP_M30_RSI_BB,11,1,0,2025-04-01 11:00:00+00:00,2025-04-01 11:30:00+00:00,2025-04-01 14:10:00+00:00,TARGET,1.0787900000000001,1.0773013123320356,1.081023031501947,1.0810130315019468,0.0014886876679645056,1.493282674253802,2.223031501946693
S1_COMPRESSION_REVERSION,DEEP_M30_RSI_BB,12,1,0,2025-04-01 11:30:00+00:00,2025-04-01 12:00:00+00:00,2025-04-01 14:05:00+00:00,TARGET,1.07819,1.0766986471654616,1.0804270292518074,1.0804170292518074,0.0014913528345383842,1.4932946786510974,2.2270292518073997
S1_COMPRESSION_REVERSION,FAST_M15_RSI_EXTREME,14,1,1,2025-04-15 14:00:00+00:00,2025-04-15 14:15:00+00:00,2025-04-15 14:35:00+00:00,TARGET,1.1290600000000002,1.1267685578686881,1.1324971631969682,1.1324871631969682,0.002291442131312049,1.4956359360494347,3.4271631969680083
S1_COMPRESSION_REVERSION,DEEP_M30_RSI_BB,16,1,0,2025-04-15 15:30:00+00:00,2025-04-15 16:00:00+00:00,2025-04-16 03:25:00+00:00,TARGET,1.1289600000000002,1.126037147492357,1.1333442787614652,1.133334278761465,0.0029228525076432366,1.4965786847013989,4.3742787614649
S1_COMPRESSION_REVERSION,DEEP_M30_RSI_BB,16,1,0,2025-04-15 16:00:00+00:00,2025-04-15 16:30:00+00:00,2025-04-16 01:00:00+00:00,TARGET,1.1278400000000002,1.1249359226714744,1.132196115992789,1.1321861159927888,0.0029040773285258226,1.4965565655219168,4.346115992788668
S3_NEUTRAL_AUCTION,DEEP_M30_RSI_BB,17,2,0,2025-04-15 16:30:00+00:00,2025-04-15 17:00:00+00:00,2025-04-16 00:15:00+00:00,TARGET,1.12751,1.1246503567663688,1.1317994648504468,1.1317894648504467,0.0028596432336311928,1.4965030602830245,4.279464850446724
S3_NEUTRAL_AUCTION,DEEP_M30_RSI_BB,20,2,0,2025-05-07 19:30:00+00:00,2025-05-07 20:00:00+00:00,2025-05-08 06:20:00+00:00,STOP,1.1307500000000001,1.1283409432904317,1.134363585064353,1.1283309432904316,0.00240905670956848,-1.0041510023239997,-2.4190567095685456
S3_NEUTRAL_AUCTION,FAST_M15_RSI_EXTREME,20,2,1,2025-05-07 20:00:00+00:00,2025-05-07 20:15:00+00:00,2025-05-08 01:50:00+00:00,TARGET,1.12955,1.1275361234690784,1.1325708147963827,1.1325608147963826,0.0020138765309216655,1.4950344522882055,3.010814796382544
S3_NEUTRAL_AUCTION,DEEP_M30_RSI_BB,20,2,0,2025-05-07 20:00:00+00:00,2025-05-07 20:30:00+00:00,2025-05-08 06:40:00+00:00,STOP,1.13019,1.1277890187696864,1.1337914718454705,1.1277790187696863,0.0024009812303136258,-1.0041649638380385,-2.4109812303136913
S3_NEUTRAL_AUCTION,DEEP_M30_RSI_BB,21,2,0,2025-05-07 20:30:00+00:00,2025-05-07 21:00:00+00:00,2025-05-08 06:30:00+00:00,STOP,1.1303400000000001,1.1280405174289945,1.1337892238565086,1.1280305174289944,0.002299482571005651,-1.0043488044337263,-2.3094825710057165
S3_NEUTRAL_AUCTION,DEEP_M30_RSI_BB,6,2,0,2025-05-08 06:00:00+00:00,2025-05-08 06:30:00+00:00,2025-05-08 12:35:00+00:00,TARGET,1.12864,1.1266277819651125,1.1316583270523315,1.1316483270523314,0.002012218034887603,1.4950303596197396,3.008327052331339
S3_NEUTRAL_AUCTION,FAST_M15_RSI_EXTREME,6,2,1,2025-05-08 06:30:00+00:00,2025-05-08 06:45:00+00:00,2025-05-08 08:00:00+00:00,TARGET,1.1280100000000002,1.1265974303801627,1.1301288544297563,1.1301188544297562,0.0014125696198374893,1.4929207029092648,2.1088544297560574
S4_OPPOSING_CAPITULATION,DEEP_M30_RSI_BB,17,3,0,2025-05-08 16:30:00+00:00,2025-05-08 17:00:00+00:00,2025-05-09 02:10:00+00:00,STOP,1.12266,1.1199773285280439,1.1266840072079343,1.1199673285280438,0.0026826714719561107,-1.0037276275177944,-2.692671471956176
S4_OPPOSING_CAPITULATION,DEEP_M30_RSI_BB,17,3,0,2025-05-08 17:00:00+00:00,2025-05-08 17:30:00+00:00,2025-05-09 05:30:00+00:00,TIME_12H,1.1217000000000001,1.1190579479188982,1.125663078121653,1.12235,0.002642052081101909,0.24602088832735075,0.6499999999998174
S1_COMPRESSION_REVERSION,FAST_M15_RSI_EXTREME,21,1,1,2025-05-11 21:00:00+00:00,2025-05-11 21:15:00+00:00,2025-05-12 01:00:00+00:00,TARGET,1.12097,1.119,1.123925,1.123915,0.0019700000000000273,1.494923857867987,2.9449999999999754
S1_COMPRESSION_REVERSION,DEEP_M30_RSI_BB,21,1,0,2025-05-11 21:00:00+00:00,2025-05-11 21:30:00+00:00,2025-05-12 07:00:00+00:00,STOP,1.12147,1.119,1.125175,1.11899,0.0024699999999999722,-1.004048582995978,-2.4800000000000377
S1_COMPRESSION_REVERSION,FAST_M15_RSI_EXTREME,21,1,1,2025-05-11 21:30:00+00:00,2025-05-11 21:45:00+00:00,2025-05-12 07:00:00+00:00,STOP,1.1220700000000001,1.119,1.1266750000000003,1.11899,0.003070000000000128,-1.003257328990249,-3.0800000000001937
S1_COMPRESSION_REVERSION,DEEP_M30_RSI_BB,22,1,0,2025-05-11 21:30:00+00:00,2025-05-11 22:00:00+00:00,2025-05-12 07:00:00+00:00,STOP,1.1217700000000002,1.119,1.1259250000000005,1.11899,0.0027700000000001612,-1.0036101083032725,-2.7800000000002267
S2_SUPPORTIVE_PULLBACK,DEEP_M30_RSI_BB,3,0,0,2025-05-28 02:30:00+00:00,2025-05-28 03:00:00+00:00,2025-05-28 07:50:00+00:00,TARGET,1.1306100000000001,1.129082337516752,1.1329014937248723,1.1328914937248722,0.0015276624832480934,1.4934540514611554,2.2814937248720746
S2_SUPPORTIVE_PULLBACK,DEEP_M30_RSI_BB,3,0,0,2025-05-28 03:00:00+00:00,2025-05-28 03:30:00+00:00,2025-05-28 07:45:00+00:00,TARGET,1.1303100000000001,1.1288124562655555,1.1325563156016671,1.132546315601667,0.0014975437344446618,1.4933223986918993,2.236315601666927
S1_COMPRESSION_REVERSION,DEEP_M30_RSI_BB,23,1,0,2025-05-28 23:00:00+00:00,2025-05-28 23:30:00+00:00,2025-05-28 23:35:00+00:00,STOP,1.12705,1.125617459873031,1.1291988101904535,1.125607459873031,0.0014325401269690285,-1.0069806072526732,-1.442540126969094
S1_COMPRESSION_REVERSION,FAST_M15_RSI_EXTREME,23,1,1,2025-05-28 23:30:00+00:00,2025-05-28 23:45:00+00:00,2025-05-28 23:50:00+00:00,TARGET,1.12111,1.1196821727543727,1.123251740868441,1.123241740868441,0.0014278272456274,1.4929963516028983,2.1317408684409234
S1_COMPRESSION_REVERSION,FAST_M15_RSI_EXTREME,14,1,1,2025-06-17 14:30:00+00:00,2025-06-17 14:45:00+00:00,2025-06-17 15:45:00+00:00,TARGET,1.15123,1.149733853016156,1.1534742204757658,1.1534642204757657,0.0014961469838439267,1.4933161647163273,2.2342204757657136
S3_NEUTRAL_AUCTION,FAST_M15_RSI_EXTREME,19,2,1,2025-06-17 18:45:00+00:00,2025-06-17 19:00:00+00:00,2025-06-18 03:30:00+00:00,TARGET,1.1480000000000001,1.1464131271818103,1.1503803092272848,1.1503703092272848,0.0015868728181898106,1.493698297755536,2.3703092272846504
S3_NEUTRAL_AUCTION,FAST_M15_RSI_EXTREME,19,2,1,2025-06-17 19:00:00+00:00,2025-06-17 19:15:00+00:00,2025-06-18 03:25:00+00:00,TARGET,1.1480400000000002,1.1465284752402525,1.1503072871396216,1.1502972871396215,0.0015115247597476955,1.4933841639472412,2.2572871396213667
S3_NEUTRAL_AUCTION,FAST_M15_RSI_EXTREME,20,2,1,2025-06-17 20:00:00+00:00,2025-06-17 20:15:00+00:00,2025-06-18 01:20:00+00:00,TARGET,1.1476600000000001,1.1462668117799055,1.149749782330142,1.1497397823301418,0.0013931882200945989,1.492822218953662,2.0797823301417218
S1_COMPRESSION_REVERSION,FAST_M15_RSI_EXTREME,21,1,1,2025-06-22 21:00:00+00:00,2025-06-22 21:15:00+00:00,2025-06-22 23:30:00+00:00,TARGET,1.14735,1.14544,1.1502150000000002,1.1502050000000001,0.0019100000000000783,1.494764397905725,2.855000000000052
S1_COMPRESSION_REVERSION,DEEP_M30_RSI_BB,21,1,0,2025-06-22 21:00:00+00:00,2025-06-22 21:30:00+00:00,2025-06-22 23:30:00+00:00,TARGET,1.1474300000000002,1.14544,1.1504150000000004,1.1504050000000003,0.0019900000000001583,1.4949748743718267,2.975000000000172
S1_COMPRESSION_REVERSION,FAST_M15_RSI_EXTREME,21,1,1,2025-06-22 21:30:00+00:00,2025-06-22 21:45:00+00:00,2025-06-22 23:30:00+00:00,TARGET,1.1472200000000001,1.14544,1.1498900000000003,1.1498800000000002,0.0017800000000001148,1.4943820224718736,2.6600000000001067
S1_COMPRESSION_REVERSION,DEEP_M30_RSI_BB,22,1,0,2025-06-22 21:30:00+00:00,2025-06-22 22:00:00+00:00,2025-06-23 06:00:00+00:00,TARGET,1.14789,1.14544,1.1515650000000002,1.151555,0.0024500000000000632,1.495918367346912,3.6650000000000293
S1_COMPRESSION_REVERSION,DEEP_M30_RSI_BB,11,1,0,2025-07-25 10:30:00+00:00,2025-07-25 11:00:00+00:00,2025-07-25 11:20:00+00:00,STOP,1.17287,1.1715376986306705,1.1748684520539945,1.1715276986306704,0.0013323013693296026,-1.0075058092938067,-1.3423013693296681
S1_COMPRESSION_REVERSION,FAST_M15_RSI_EXTREME,11,1,1,2025-07-25 11:00:00+00:00,2025-07-25 11:15:00+00:00,2025-07-25 11:20:00+00:00,STOP,1.1722700000000001,1.1712606821262774,1.1737839768105842,1.1712506821262774,0.0010093178737227149,-1.0099076814751948,-1.0193178737227804
S1_COMPRESSION_REVERSION,DEEP_M30_RSI_BB,11,1,0,2025-07-25 11:00:00+00:00,2025-07-25 11:30:00+00:00,2025-07-25 14:20:00+00:00,TARGET,1.1713500000000001,1.169917863014194,1.1734982054787093,1.1734882054787092,0.0014321369858061317,1.4930174277326993,2.138205478709132
S1_COMPRESSION_REVERSION,FAST_M15_RSI_EXTREME,13,1,1,2025-07-25 13:00:00+00:00,2025-07-25 13:15:00+00:00,2025-07-25 13:20:00+00:00,TARGET,1.17113,1.1699305963331794,1.1729291055002309,1.1729191055002308,0.0011994036668205865,1.491662523405007,1.7891055002308143
S4_OPPOSING_CAPITULATION,DEEP_M30_RSI_BB,3,3,0,2025-08-22 03:00:00+00:00,2025-08-22 03:30:00+00:00,2025-08-22 03:35:00+00:00,STOP,1.1601700000000001,1.1591779318605033,1.1616581022092454,1.1591679318605033,0.0009920681394968156,-1.0100799527793902,-1.0020681394968811
S4_OPPOSING_CAPITULATION,DEEP_M30_RSI_BB,4,3,0,2025-08-22 03:30:00+00:00,2025-08-22 04:00:00+00:00,2025-08-22 12:00:00+00:00,TARGET,1.1590500000000001,1.1579947938704673,1.1606328091942992,1.1606228091942992,0.0010552061295328041,1.490523178628043,1.5728091942990297
S4_OPPOSING_CAPITULATION,DEEP_M30_RSI_BB,4,3,0,2025-08-22 04:00:00+00:00,2025-08-22 04:30:00+00:00,2025-08-22 09:05:00+00:00,TARGET,1.15843,1.1573441657368624,1.1600587513947067,1.1600487513947066,0.001085834263137686,1.490790491385805,1.6187513947065746
S4_OPPOSING_CAPITULATION,DEEP_M30_RSI_BB,5,3,0,2025-08-22 04:30:00+00:00,2025-08-22 05:00:00+00:00,2025-08-22 09:05:00+00:00,TARGET,1.1585,1.1574417253270866,1.1600874120093705,1.1600774120093704,0.0010582746729135284,1.4905506573520997,1.577412009370338
S1_COMPRESSION_REVERSION,DEEP_M30_RSI_BB,8,1,0,2025-09-19 08:00:00+00:00,2025-09-19 08:30:00+00:00,2025-09-19 11:55:00+00:00,STOP,1.17567,1.1741561142695967,1.177940828595605,1.1741461142695966,0.0015138857304033415,-1.0066055183685503,-1.523885730403407
S1_COMPRESSION_REVERSION,DEEP_M30_RSI_BB,12,1,0,2025-09-19 11:30:00+00:00,2025-09-19 12:00:00+00:00,2025-09-19 13:50:00+00:00,TARGET,1.17375,1.1721918554880002,1.1760872167679999,1.1760772167679998,0.0015581445119998705,1.493582110052661,2.32721676799974
S1_COMPRESSION_REVERSION,DEEP_M30_RSI_BB,12,1,0,2025-09-19 12:00:00+00:00,2025-09-19 12:30:00+00:00,2025-09-19 13:45:00+00:00,TARGET,1.1734,1.1718101515245716,1.1757847727131425,1.1757747727131425,0.0015898484754284237,1.4937100924052011,2.374772713142459
S1_COMPRESSION_REVERSION,FAST_M15_RSI_EXTREME,12,1,1,2025-09-19 12:30:00+00:00,2025-09-19 12:45:00+00:00,2025-09-19 13:15:00+00:00,TARGET,1.17361,1.1724306290540556,1.1753790564189166,1.1753690564189165,0.0011793709459444468,1.4915209035506904,1.7590564189164937
S2_SUPPORTIVE_PULLBACK,DEEP_M30_RSI_BB,15,0,0,2025-10-02 14:30:00+00:00,2025-10-02 15:00:00+00:00,2025-10-02 15:15:00+00:00,STOP,1.1713900000000002,1.1698907167053854,1.1736389249419223,1.1698807167053853,0.001499283294614795,-1.0066698535466807,-1.5092832946148604
S2_SUPPORTIVE_PULLBACK,FAST_M15_RSI_EXTREME,15,0,1,2025-10-02 15:00:00+00:00,2025-10-02 15:15:00+00:00,2025-10-02 15:50:00+00:00,STOP,1.1700700000000002,1.1687705484681157,1.1720191772978268,1.1687605484681156,0.001299451531884488,-1.007695554435619,-1.3094515318845534
S2_SUPPORTIVE_PULLBACK,DEEP_M30_RSI_BB,15,0,0,2025-10-02 15:00:00+00:00,2025-10-02 15:30:00+00:00,2025-10-02 18:50:00+00:00,TARGET,1.1696600000000001,1.1680508083692864,1.1720737874460707,1.1720637874460706,0.0016091916307137133,1.4937856997207783,2.4037874460705044
S2_SUPPORTIVE_PULLBACK,FAST_M15_RSI_EXTREME,15,0,1,2025-10-02 15:30:00+00:00,2025-10-02 15:45:00+00:00,2025-10-02 16:55:00+00:00,TARGET,1.16937,1.1680771259750589,1.1713093110374118,1.1712993110374117,0.0012928740249411597,1.4922652943696346,1.929311037411674
S1_COMPRESSION_REVERSION,FAST_M15_RSI_EXTREME,0,1,1,2025-11-04 00:15:00+00:00,2025-11-04 00:30:00+00:00,2025-11-04 01:25:00+00:00,STOP,1.1506800000000001,1.1501424478122224,1.1514863282816667,1.1501324478122223,0.0005375521877777345,-1.0186028449468432,-0.5475521877778
S1_COMPRESSION_REVERSION,DEEP_M30_RSI_BB,1,1,0,2025-11-04 01:00:00+00:00,2025-11-04 01:30:00+00:00,2025-11-04 03:15:00+00:00,TARGET,1.15012,1.1492248178970963,1.1514627731543556,1.1514527731543556,0.0008951821029037355,1.4888290885534596,1.3327731543555377
S4_OPPOSING_CAPITULATION,DEEP_M30_RSI_BB,12,3,0,2025-11-04 11:30:00+00:00,2025-11-04 12:00:00+00:00,2025-11-04 12:30:00+00:00,STOP,1.14907,1.147890165300466,1.150839752049301,1.147880165300466,0.001179834699533977,-1.0084757635997783,-1.1898346995340425
S4_OPPOSING_CAPITULATION,DEEP_M30_RSI_BB,12,3,0,2025-11-04 12:00:00+00:00,2025-11-04 12:30:00+00:00,2025-11-05 00:30:00+00:00,TIME_12H,1.1483100000000002,1.1470954392075758,1.1501318411886365,1.14841,0.001214560792424324,0.08233428958311913,0.09999999999976694
S1_COMPRESSION_REVERSION,FAST_M15_RSI_EXTREME,16,1,1,2025-12-24 16:15:00+00:00,2025-12-24 16:30:00+00:00,2025-12-25 04:15:00+00:00,TIME_12H,1.1775200000000001,1.1768222664641474,1.1785666003037791,1.1775,0.0006977335358526737,-0.028664237810627494,-0.020000000000131024
S1_COMPRESSION_REVERSION,FAST_M15_RSI_EXTREME,22,1,1,2025-12-24 22:00:00+00:00,2025-12-24 22:20:00+00:00,2025-12-25 07:45:00+00:00,STOP,1.17886,1.17695,1.1817250000000001,1.1769399999999999,0.0019100000000000783,-1.005235602094275,-1.9200000000001438
S1_COMPRESSION_REVERSION,DEEP_M30_RSI_BB,22,1,0,2025-12-24 22:00:00+00:00,2025-12-24 22:30:00+00:00,2025-12-25 07:45:00+00:00,STOP,1.17896,1.17695,1.181975,1.1769399999999999,0.0020100000000000673,-1.004975124378142,-2.020000000000133
S1_COMPRESSION_REVERSION,FAST_M15_RSI_EXTREME,23,1,1,2025-12-24 22:30:00+00:00,2025-12-24 23:00:00+00:00,2025-12-25 07:45:00+00:00,STOP,1.17873,1.17695,1.1814000000000002,1.1769399999999999,0.0017800000000001148,-1.0056179775281264,-1.7900000000001803
S1_COMPRESSION_REVERSION,FAST_M15_RSI_EXTREME,5,1,1,2025-12-29 05:00:00+00:00,2025-12-29 05:15:00+00:00,2025-12-29 06:55:00+00:00,TARGET,1.1758000000000002,1.1751967959013334,1.1767048061480003,1.1766948061480003,0.0006032040986667653,1.4834218633093375,0.8948061480000824
S1_COMPRESSION_REVERSION,DEEP_M30_RSI_BB,5,1,0,2025-12-29 05:00:00+00:00,2025-12-29 05:30:00+00:00,2025-12-29 07:00:00+00:00,TARGET,1.17564,1.174693287426279,1.1770600688605817,1.1770500688605816,0.0009467125737210313,1.489437131947398,1.4100688605815925
S1_COMPRESSION_REVERSION,DEEP_M30_RSI_BB,6,1,0,2025-12-29 05:30:00+00:00,2025-12-29 06:00:00+00:00,2025-12-29 07:00:00+00:00,TARGET,1.1756900000000001,1.1747659097529735,1.1770761353705401,1.17706613537054,0.0009240902470266654,1.4891785461081952,1.3761353705399326
S1_COMPRESSION_REVERSION,FAST_M15_RSI_EXTREME,6,1,1,2025-12-29 06:00:00+00:00,2025-12-29 06:15:00+00:00,2025-12-29 06:55:00+00:00,TARGET,1.17564,1.1750255665279565,1.1765616502080651,1.176551650208065,0.0006144334720434852,1.4837248449910803,0.9116502080650513
S1_COMPRESSION_REVERSION,FAST_M15_RSI_EXTREME,6,1,1,2026-02-13 06:30:00+00:00,2026-02-13 06:45:00+00:00,2026-02-13 07:10:00+00:00,STOP,1.1854900000000002,1.1848978400228458,1.1863782399657317,1.1848878400228458,0.0005921599771543384,-1.0168873284008844,-0.602159977154404
S1_COMPRESSION_REVERSION,DEEP_M30_RSI_BB,7,1,0,2026-02-13 06:30:00+00:00,2026-02-13 07:00:00+00:00,2026-02-13 07:10:00+00:00,STOP,1.18567,1.1847726906750986,1.187015963987352,1.1847626906750985,0.0008973093249013964,-1.01114442893053,-0.9073093249014619
S1_COMPRESSION_REVERSION,FAST_M15_RSI_EXTREME,7,1,1,2026-02-13 07:00:00+00:00,2026-02-13 07:15:00+00:00,2026-02-13 08:05:00+00:00,TARGET,1.18507,1.18443627022378,1.18602059466433,1.18601059466433,0.0006337297762200045,1.484220403750456,0.9405946643299412
S1_COMPRESSION_REVERSION,DEEP_M30_RSI_BB,7,1,0,2026-02-13 07:00:00+00:00,2026-02-13 07:30:00+00:00,2026-02-13 09:00:00+00:00,TARGET,1.18516,1.1842407841983058,1.1865388237025414,1.1865288237025413,0.0009192158016941843,1.4891211617755877,1.368823702541322
S1_COMPRESSION_REVERSION,DEEP_M30_RSI_BB,13,1,0,2026-02-16 12:30:00+00:00,2026-02-16 13:00:00+00:00,2026-02-17 00:40:00+00:00,STOP,1.1853900000000002,1.1845493552484583,1.186650967127313,1.1845393552484582,0.0008406447515418858,-1.0118956312779255,-0.8506447515419513
S1_COMPRESSION_REVERSION,FAST_M15_RSI_EXTREME,13,1,1,2026-02-16 13:00:00+00:00,2026-02-16 13:15:00+00:00,2026-02-16 14:25:00+00:00,TARGET,1.18531,1.1847346766594435,1.186172985010835,1.1861629850108348,0.0005753233405565439,1.4826184698323,0.8529850108347503
S1_COMPRESSION_REVERSION,DEEP_M30_RSI_BB,13,1,0,2026-02-16 13:00:00+00:00,2026-02-16 13:30:00+00:00,2026-02-17 01:00:00+00:00,STOP,1.18506,1.1842044013021396,1.1863433980467906,1.1841944013021395,0.0008555986978604491,-1.0116877223224767,-0.8655986978605146
S1_COMPRESSION_REVERSION,FAST_M15_RSI_EXTREME,13,1,1,2026-02-16 13:30:00+00:00,2026-02-16 13:45:00+00:00,2026-02-16 14:25:00+00:00,TARGET,1.18526,1.184693216099214,1.1861101758511787,1.1861001758511787,0.0005667839007859055,1.482356591310532,0.8401758511786817
S1_COMPRESSION_REVERSION,DEEP_M30_RSI_BB,1,1,0,2026-02-24 01:00:00+00:00,2026-02-24 01:30:00+00:00,2026-02-24 09:30:00+00:00,TARGET,1.17744,1.1763078238242606,1.1791382642636092,1.1791282642636092,0.0011321761757394633,1.4911674523679725,1.6882642636091294
S1_COMPRESSION_REVERSION,DEEP_M30_RSI_BB,4,1,0,2026-02-24 04:00:00+00:00,2026-02-24 04:30:00+00:00,2026-02-24 08:20:00+00:00,TARGET,1.1771900000000002,1.1761459862049077,1.1787560206926389,1.1787460206926388,0.0010440137950924466,1.4904215825048748,1.5560206926386044
S1_COMPRESSION_REVERSION,FAST_M15_RSI_EXTREME,4,1,1,2026-02-24 04:30:00+00:00,2026-02-24 04:45:00+00:00,2026-02-24 05:55:00+00:00,TARGET,1.1769500000000002,1.176328237650559,1.1778826435241618,1.1778726435241618,0.0006217623494411129,1.4839166845514942,0.9226435241616038
S3_NEUTRAL_AUCTION,DEEP_M30_RSI_BB,5,2,0,2026-02-24 04:30:00+00:00,2026-02-24 05:00:00+00:00,2026-02-24 08:20:00+00:00,TARGET,1.17703,1.1760225586188426,1.178541162071736,1.178531162071736,0.0010074413811573812,1.4900738641601388,1.5011620717360064
S1_COMPRESSION_REVERSION,FAST_M15_RSI_EXTREME,22,1,1,2026-03-01 22:00:00+00:00,2026-03-01 22:15:00+00:00,2026-03-01 23:05:00+00:00,TARGET,1.1766400000000001,1.1753880634044376,1.178517904893344,1.178507904893344,0.0012519365955625528,1.4920123750392797,1.8679048933438747
S1_COMPRESSION_REVERSION,DEEP_M30_RSI_BB,22,1,0,2026-03-01 22:00:00+00:00,2026-03-01 22:30:00+00:00,2026-03-02 01:30:00+00:00,TARGET,1.17646,1.1747775576951158,1.1789836634573265,1.1789736634573265,0.0016824423048842352,1.494056259777275,2.5136634573263983
S1_COMPRESSION_REVERSION,FAST_M15_RSI_EXTREME,22,1,1,2026-03-01 22:30:00+00:00,2026-03-01 22:45:00+00:00,2026-03-01 23:50:00+00:00,STOP,1.17757,1.1757,1.1803750000000002,1.17569,0.0018700000000000383,-1.0053475935829226,-1.8800000000001038
S1_COMPRESSION_REVERSION,DEEP_M30_RSI_BB,23,1,0,2026-03-01 23:00:00+00:00,2026-03-01 23:30:00+00:00,2026-03-02 01:30:00+00:00,TARGET,1.17633,1.1744457512779316,1.179156373083103,1.1791463730831029,0.0018842487220684934,1.494692845014125,2.8163730831027856
S1_COMPRESSION_REVERSION,DEEP_M30_RSI_BB,0,1,0,2026-03-01 23:30:00+00:00,2026-03-02 00:00:00+00:00,2026-03-02 01:10:00+00:00,TARGET,1.17598,1.174124340472365,1.1787634892914527,1.1787534892914526,0.0018556595276351118,1.494611080399641,2.773489291452602
S3_NEUTRAL_AUCTION,FAST_M15_RSI_EXTREME,6,2,1,2026-03-02 06:00:00+00:00,2026-03-02 06:15:00+00:00,2026-03-02 06:20:00+00:00,STOP,1.1754,1.1743410227241098,1.1769884659138352,1.1743310227241097,0.001058977275890216,-1.009443073262983,-1.0689772758902816
S3_NEUTRAL_AUCTION,DEEP_M30_RSI_BB,6,2,0,2026-03-02 06:00:00+00:00,2026-03-02 06:30:00+00:00,2026-03-02 07:05:00+00:00,STOP,1.17419,1.1723815193321994,1.1769027210017011,1.1723715193321993,0.0018084806678007048,-1.0055295033992409,-1.8184806678007703
S3_NEUTRAL_AUCTION,FAST_M15_RSI_EXTREME,6,2,1,2026-03-02 06:30:00+00:00,2026-03-02 06:45:00+00:00,2026-03-02 07:15:00+00:00,STOP,1.17337,1.1721716879610948,1.175167468058358,1.1721616879610948,0.0011983120389051916,-1.0083450717971605,-1.208312038905257
S1_COMPRESSION_REVERSION,DEEP_M30_RSI_BB,11,1,0,2026-03-26 11:00:00+00:00,2026-03-26 11:30:00+00:00,2026-03-26 11:45:00+00:00,STOP,1.15445,1.1531671825802223,1.1563742261296666,1.1531571825802223,0.0012828174197776487,-1.007795341601924,-1.2928174197777142
S1_COMPRESSION_REVERSION,FAST_M15_RSI_EXTREME,11,1,1,2026-03-26 11:30:00+00:00,2026-03-26 11:45:00+00:00,2026-03-26 11:55:00+00:00,STOP,1.1534200000000001,1.1524290779145885,1.1549063831281177,1.1524190779145884,0.0009909220854116274,-1.0100916107807927,-1.000922085411693
S1_COMPRESSION_REVERSION,DEEP_M30_RSI_BB,12,1,0,2026-03-26 11:30:00+00:00,2026-03-26 12:00:00+00:00,2026-03-26 13:40:00+00:00,TARGET,1.15249,1.151085812395921,1.1545962814061186,1.1545862814061185,0.0014041876040791212,1.4928784444677285,2.0962814061185053
S1_COMPRESSION_REVERSION,DEEP_M30_RSI_BB,12,1,0,2026-03-26 12:00:00+00:00,2026-03-26 12:30:00+00:00,2026-03-26 20:00:00+00:00,STOP,1.1534600000000002,1.152030111510498,1.1556048327342534,1.152020111510498,0.0014298884895020958,-1.0069935523458529,-1.4398884895021613
S1_COMPRESSION_REVERSION,FAST_M15_RSI_EXTREME,18,1,1,2026-04-08 18:30:00+00:00,2026-04-08 18:45:00+00:00,2026-04-08 19:00:00+00:00,STOP,1.1658700000000002,1.1645351403857973,1.1678722894213045,1.1645251403857972,0.0013348596142028768,-1.0074914244866395,-1.3448596142029423
S1_COMPRESSION_REVERSION,DEEP_M30_RSI_BB,19,1,0,2026-04-08 18:30:00+00:00,2026-04-08 19:00:00+00:00,2026-04-09 07:00:00+00:00,TIME_12H,1.1650800000000001,1.1631213464405425,1.1680179803391866,1.1666999999999998,0.0019586535594575682,0.8270987955870958,1.6199999999997328
S1_COMPRESSION_REVERSION,FAST_M15_RSI_EXTREME,19,1,1,2026-04-08 19:00:00+00:00,2026-04-08 19:15:00+00:00,2026-04-09 07:15:00+00:00,TIME_12H,1.16535,1.1640278812510192,1.1673331781234715,1.16583,0.001322118748980916,0.3630536215977544,0.4799999999998139
S1_COMPRESSION_REVERSION,FAST_M15_RSI_EXTREME,19,1,1,2026-04-08 19:15:00+00:00,2026-04-08 19:30:00+00:00,2026-04-09 07:30:00+00:00,TIME_12H,1.1652900000000002,1.1640003183045178,1.1672245225432238,1.16583,0.0012896816954823809,0.41870796638529184,0.5399999999997629
S1_COMPRESSION_REVERSION,FAST_M15_RSI_EXTREME,10,1,1,2026-05-04 10:00:00+00:00,2026-05-04 10:15:00+00:00,2026-05-04 10:30:00+00:00,TARGET,1.16974,1.168819581661954,1.1711206275070691,1.171110627507069,0.000920418338046014,1.4891353750934777,1.3706275070690666
S1_COMPRESSION_REVERSION,DEEP_M30_RSI_BB,10,1,0,2026-05-04 10:00:00+00:00,2026-05-04 10:30:00+00:00,2026-05-04 16:05:00+00:00,STOP,1.17038,1.16888,1.17263,1.1688699999999999,0.0015000000000000568,-1.0066666666667101,-1.5100000000001224
S3_NEUTRAL_AUCTION,DEEP_M30_RSI_BB,12,2,0,2026-05-04 11:30:00+00:00,2026-05-04 12:00:00+00:00,2026-05-04 13:30:00+00:00,TARGET,1.1694,1.1680201971110027,1.171469704333496,1.171459704333496,0.0013798028889973057,1.4927525880111605,2.059704333496004
S3_NEUTRAL_AUCTION,DEEP_M30_RSI_BB,17,2,0,2026-05-04 16:30:00+00:00,2026-05-04 17:00:00+00:00,2026-05-05 05:00:00+00:00,TIME_12H,1.1683000000000001,1.1667086559982451,1.1706870160026326,1.1679199999999998,0.0015913440017549796,-0.23879186372097683,-0.380000000000269
S1_COMPRESSION_REVERSION,FAST_M15_RSI_EXTREME,17,1,1,2026-05-07 17:30:00+00:00,2026-05-07 17:45:00+00:00,2026-05-07 19:55:00+00:00,STOP,1.17445,1.1734528683180367,1.1759456975229448,1.1734428683180367,0.000997131681963248,-1.0100287656895792,-1.0071316819633136
S2_SUPPORTIVE_PULLBACK,DEEP_M30_RSI_BB,19,0,0,2026-05-07 19:00:00+00:00,2026-05-07 19:30:00+00:00,2026-05-07 20:55:00+00:00,STOP,1.1742000000000001,1.1728368492277321,1.1762447261584021,1.172826849227732,0.001363150772268007,-1.0073359456661037,-1.3731507722680725
S2_SUPPORTIVE_PULLBACK,DEEP_M30_RSI_BB,20,0,0,2026-05-07 19:30:00+00:00,2026-05-07 20:00:00+00:00,2026-05-08 08:00:00+00:00,TIME_12H,1.17345,1.1720352171400368,1.175572174289945,1.17439,0.001414782859963326,0.6644129121159325,0.9399999999999409
S2_SUPPORTIVE_PULLBACK,DEEP_M30_RSI_BB,21,0,0,2026-05-07 20:30:00+00:00,2026-05-07 21:00:00+00:00,2026-05-08 08:20:00+00:00,TARGET,1.17273,1.1712703964115623,1.1749194053826568,1.1749094053826568,0.0014596035884377745,1.4931488247362714,2.1794053826567072
S1_COMPRESSION_REVERSION,DEEP_M30_RSI_BB,12,1,0,2026-05-14 11:30:00+00:00,2026-05-14 12:00:00+00:00,2026-05-14 13:20:00+00:00,STOP,1.1700300000000001,1.1692194506678948,1.171245823998158,1.1692094506678947,0.000810549332105337,-1.0123373119981376,-0.8205493321054025
S1_COMPRESSION_REVERSION,DEEP_M30_RSI_BB,13,1,0,2026-05-14 13:00:00+00:00,2026-05-14 13:30:00+00:00,2026-05-14 13:35:00+00:00,STOP,1.16954,1.1686897839348995,1.1708153240976507,1.1686797839348995,0.0008502160651004953,-1.0117617161219878,-0.8602160651005608
S4_OPPOSING_CAPITULATION,DEEP_M30_RSI_BB,15,3,0,2026-05-14 14:30:00+00:00,2026-05-14 15:00:00+00:00,2026-05-14 20:05:00+00:00,STOP,1.1679300000000001,1.166818692895399,1.1695969606569019,1.166808692895399,0.0011113071046011669,-1.0089984127327742,-1.1213071046012324
S4_OPPOSING_CAPITULATION,DEEP_M30_RSI_BB,15,3,0,2026-05-14 15:00:00+00:00,2026-05-14 15:30:00+00:00,2026-05-14 23:10:00+00:00,STOP,1.1675900000000001,1.166465071974299,1.1692773920385517,1.166455071974299,0.0011249280257010774,-1.008889457611151,-1.134928025701143
S1_COMPRESSION_REVERSION,DEEP_M30_RSI_BB,5,1,0,2026-05-26 04:30:00+00:00,2026-05-26 05:00:00+00:00,2026-05-26 07:05:00+00:00,STOP,1.16304,1.162452781939836,1.1639208270902461,1.162442781939836,0.0005872180601640409,-1.0170294489874374,-0.5972180601641064
S2_SUPPORTIVE_PULLBACK,FAST_M15_RSI_EXTREME,15,0,1,2026-05-26 15:15:00+00:00,2026-05-26 15:30:00+00:00,2026-05-26 22:00:00+00:00,TARGET,1.16215,1.1613838562086267,1.16329921568706,1.16328921568706,0.0007661437913732971,1.4869476198690723,1.1392156870599912
S2_SUPPORTIVE_PULLBACK,FAST_M15_RSI_EXTREME,15,0,1,2026-05-26 15:30:00+00:00,2026-05-26 15:45:00+00:00,2026-05-26 19:50:00+00:00,TARGET,1.16206,1.1612875807651535,1.16321862885227,1.1632086288522698,0.0007724192348466108,1.4870536626367643,1.1486288522697397
S3_NEUTRAL_AUCTION,FAST_M15_RSI_EXTREME,16,2,1,2026-05-26 15:45:00+00:00,2026-05-26 16:00:00+00:00,2026-05-26 19:35:00+00:00,TARGET,1.16202,1.1612727535676424,1.1631408696485366,1.1631308696485365,0.0007472464323576844,1.486617533965985,1.110869648536461
S2_SUPPORTIVE_PULLBACK,DEEP_M30_RSI_BB,4,0,0,2026-06-16 04:00:00+00:00,2026-06-16 04:30:00+00:00,2026-06-16 07:25:00+00:00,TARGET,1.1579000000000002,1.1571003675768636,1.1590994486347048,1.1590894486347048,0.0007996324231365204,1.4874942539711533,1.189448634704604
S2_SUPPORTIVE_PULLBACK,DEEP_M30_RSI_BB,5,0,0,2026-06-16 04:30:00+00:00,2026-06-16 05:00:00+00:00,2026-06-16 07:30:00+00:00,TARGET,1.15796,1.1571774841785163,1.1591337737322258,1.1591237737322257,0.000782515821483809,1.487220705670713,1.163773732225648
S2_SUPPORTIVE_PULLBACK,FAST_M15_RSI_EXTREME,5,0,1,2026-06-16 05:00:00+00:00,2026-06-16 05:15:00+00:00,2026-06-16 06:55:00+00:00,TARGET,1.15781,1.157279747675421,1.1586053784868684,1.1585953784868683,0.0005302523245789281,1.4811410539161587,0.7853784868683267
S1_COMPRESSION_REVERSION,DEEP_M30_RSI_BB,6,1,0,2026-06-16 05:30:00+00:00,2026-06-16 06:00:00+00:00,2026-06-16 06:55:00+00:00,TARGET,1.15758,1.156815065439639,1.1587274018405416,1.1587174018405415,0.0007649345603610858,1.486926986283041,1.137401840541452
S1_COMPRESSION_REVERSION,DEEP_M30_RSI_BB,11,1,0,2026-06-23 11:00:00+00:00,2026-06-23 11:30:00+00:00,2026-06-23 11:55:00+00:00,STOP,1.1396300000000001,1.1384813331640788,1.141353000253882,1.1384713331640788,0.001148666835921297,-1.0087057445094991,-1.1586668359213625
S1_COMPRESSION_REVERSION,FAST_M15_RSI_EXTREME,11,1,1,2026-06-23 11:30:00+00:00,2026-06-23 11:45:00+00:00,2026-06-23 11:55:00+00:00,STOP,1.1394300000000002,1.1385904813500545,1.1406892779749187,1.1385804813500544,0.0008395186499456919,-1.0119115876707592,-0.8495186499457574
S4_OPPOSING_CAPITULATION,DEEP_M30_RSI_BB,12,3,0,2026-06-23 11:30:00+00:00,2026-06-23 12:00:00+00:00,2026-06-24 00:00:00+00:00,TIME_12H,1.13864,1.1374553807952161,1.1404169288071762,1.1379899999999998,0.0011846192047839654,-0.5486995292456022,-0.6500000000002615
S4_OPPOSING_CAPITULATION,DEEP_M30_RSI_BB,12,3,0,2026-06-23 12:00:00+00:00,2026-06-23 12:30:00+00:00,2026-06-24 00:30:00+00:00,TIME_12H,1.1385100000000001,1.1372909964527007,1.1403385053209494,1.1376,0.0012190035472994243,-0.7465113633313036,-0.9100000000001884
