attempt_no,variant_id,paired_source_attempt_no,regime_owner,mechanic,raw_signal_count,minimum_era_raw_signal_count,parameters_json
32239,1f2f35c5564f0885,31239,CHOP,CHOP_FLOW_CONTINUATION_REVERSE,1470,277,"{""book_min"":0.03,""chop_age_max"":144,""chop_age_min"":12,""efficiency_min"":0.035,""imbalance_min"":0.015,""imbalance_window"":""5m"",""intensity_min"":0.7,""require_body_alignment"":true,""require_trend_alignment"":true,""session"":""NY"",""spread_ratio_max"":1.15}"
32240,0f6fea97944198dd,31240,CHOP,CHOP_FLOW_CONTINUATION_REVERSE,524,105,"{""book_min"":0.03,""chop_age_max"":48,""chop_age_min"":1,""efficiency_min"":0.0,""imbalance_min"":0.025,""imbalance_window"":""5m"",""intensity_min"":1.0,""require_body_alignment"":true,""require_trend_alignment"":true,""session"":""LONDON"",""spread_ratio_max"":1.3}"
32241,063eea6dc2223771,31241,CHOP,CHOP_FLOW_CONTINUATION_REVERSE,265,47,"{""book_min"":0.03,""chop_age_max"":144,""chop_age_min"":48,""efficiency_min"":0.035,""imbalance_min"":0.05,""imbalance_window"":""15m"",""intensity_min"":0.3,""require_body_alignment"":true,""require_trend_alignment"":false,""session"":""NY"",""spread_ratio_max"":1.3}"
32242,1dd0f416bbffc7af,31242,CHOP,CHOP_FLOW_CONTINUATION_REVERSE,2288,490,"{""book_min"":0.03,""chop_age_max"":2000,""chop_age_min"":1,""efficiency_min"":0.0,""imbalance_min"":0.025,""imbalance_window"":""5m"",""intensity_min"":0.7,""require_body_alignment"":false,""require_trend_alignment"":true,""session"":""LATE"",""spread_ratio_max"":1.5}"
32243,e2924cb4c2b0d31d,31243,CHOP,CHOP_FLOW_CONTINUATION_REVERSE,278,22,"{""book_min"":0.03,""chop_age_max"":2000,""chop_age_min"":48,""efficiency_min"":0.015,""imbalance_min"":0.07,""imbalance_window"":""15m"",""intensity_min"":0.7,""require_body_alignment"":false,""require_trend_alignment"":true,""session"":""LATE"",""spread_ratio_max"":1.3}"
32244,97f7bdaabf9a3f06,31244,CHOP,CHOP_FLOW_CONTINUATION_REVERSE,880,185,"{""book_min"":0.1,""chop_age_max"":48,""chop_age_min"":1,""efficiency_min"":0.015,""imbalance_min"":0.015,""imbalance_window"":""5m"",""intensity_min"":0.3,""require_body_alignment"":true,""require_trend_alignment"":false,""session"":""LATE"",""spread_ratio_max"":1.5}"
32245,f8b3783aed802c41,31245,CHOP,CHOP_FLOW_CONTINUATION_REVERSE,142,19,"{""book_min"":0.06,""chop_age_max"":48,""chop_age_min"":1,""efficiency_min"":0.015,""imbalance_min"":0.05,""imbalance_window"":""15m"",""intensity_min"":0.7,""require_body_alignment"":true,""require_trend_alignment"":true,""session"":""LONDON"",""spread_ratio_max"":1.3}"
32246,6d94da26b02e4c44,31246,CHOP,CHOP_FLOW_CONTINUATION_REVERSE,2071,463,"{""book_min"":0.1,""chop_age_max"":432,""chop_age_min"":1,""efficiency_min"":0.0,""imbalance_min"":0.05,""imbalance_window"":""5m"",""intensity_min"":0.7,""require_body_alignment"":true,""require_trend_alignment"":false,""session"":""NY"",""spread_ratio_max"":1.3}"
32247,0c7ca1d2d9fbb20f,31247,CHOP,CHOP_FLOW_CONTINUATION_REVERSE,10169,1906,"{""book_min"":0.0,""chop_age_max"":2000,""chop_age_min"":12,""efficiency_min"":0.0,""imbalance_min"":0.05,""imbalance_window"":""5m"",""intensity_min"":1.0,""require_body_alignment"":true,""require_trend_alignment"":false,""session"":""ALL"",""spread_ratio_max"":1.3}"
32248,27241ee6a46845d0,31248,CHOP,CHOP_FLOW_CONTINUATION_REVERSE,1163,278,"{""book_min"":0.1,""chop_age_max"":144,""chop_age_min"":12,""efficiency_min"":0.015,""imbalance_min"":0.015,""imbalance_window"":""5m"",""intensity_min"":0.3,""require_body_alignment"":false,""require_trend_alignment"":true,""session"":""LATE"",""spread_ratio_max"":1.15}"
32249,19e08c314dd0be06,31249,CHOP,CHOP_FLOW_CONTINUATION_REVERSE,1310,227,"{""book_min"":0.0,""chop_age_max"":2000,""chop_age_min"":12,""efficiency_min"":0.035,""imbalance_min"":0.07,""imbalance_window"":""5m"",""intensity_min"":0.5,""require_body_alignment"":true,""require_trend_alignment"":true,""session"":""NY"",""spread_ratio_max"":1.15}"
32250,0d713ff71c3cdad3,31250,CHOP,CHOP_FLOW_CONTINUATION_REVERSE,971,131,"{""book_min"":0.06,""chop_age_max"":432,""chop_age_min"":1,""efficiency_min"":0.0,""imbalance_min"":0.07,""imbalance_window"":""5m"",""intensity_min"":0.7,""require_body_alignment"":true,""require_trend_alignment"":false,""session"":""ASIA"",""spread_ratio_max"":1.15}"
32251,245c1743d8f34ffd,31251,CHOP,CHOP_FLOW_CONTINUATION_REVERSE,2014,367,"{""book_min"":0.1,""chop_age_max"":2000,""chop_age_min"":12,""efficiency_min"":0.015,""imbalance_min"":0.05,""imbalance_window"":""5m"",""intensity_min"":0.5,""require_body_alignment"":true,""require_trend_alignment"":true,""session"":""LONDON"",""spread_ratio_max"":1.5}"
32252,0a0321613abb4f5d,31252,CHOP,CHOP_FLOW_CONTINUATION_REVERSE,1451,318,"{""book_min"":0.1,""chop_age_max"":432,""chop_age_min"":1,""efficiency_min"":0.015,""imbalance_min"":0.025,""imbalance_window"":""15m"",""intensity_min"":0.7,""require_body_alignment"":true,""require_trend_alignment"":true,""session"":""NY"",""spread_ratio_max"":1.5}"
32253,58d8802656b98757,31253,CHOP,CHOP_FLOW_CONTINUATION_REVERSE,1731,304,"{""book_min"":0.03,""chop_age_max"":144,""chop_age_min"":48,""efficiency_min"":0.015,""imbalance_min"":0.015,""imbalance_window"":""15m"",""intensity_min"":0.7,""require_body_alignment"":false,""require_trend_alignment"":false,""session"":""ASIA"",""spread_ratio_max"":1.3}"
32254,bbd92a114e6ab1d2,31254,CHOP,CHOP_FLOW_CONTINUATION_REVERSE,294,35,"{""book_min"":0.06,""chop_age_max"":144,""chop_age_min"":1,""efficiency_min"":0.0,""imbalance_min"":0.05,""imbalance_window"":""15m"",""intensity_min"":1.0,""require_body_alignment"":false,""require_trend_alignment"":false,""session"":""LATE"",""spread_ratio_max"":1.3}"
32255,1de2b0effb0f1a83,31255,CHOP,CHOP_FLOW_CONTINUATION_REVERSE,287,45,"{""book_min"":0.06,""chop_age_max"":2000,""chop_age_min"":12,""efficiency_min"":0.0,""imbalance_min"":0.07,""imbalance_window"":""5m"",""intensity_min"":1.0,""require_body_alignment"":true,""require_trend_alignment"":true,""session"":""LATE"",""spread_ratio_max"":1.15}"
32256,00f82711c6a1e855,31256,CHOP,CHOP_FLOW_CONTINUATION_REVERSE,7151,1111,"{""book_min"":0.03,""chop_age_max"":2000,""chop_age_min"":1,""efficiency_min"":0.0,""imbalance_min"":0.025,""imbalance_window"":""5m"",""intensity_min"":0.5,""require_body_alignment"":true,""require_trend_alignment"":false,""session"":""ASIA"",""spread_ratio_max"":1.3}"
32257,4923cdabebf7c175,31257,CHOP,CHOP_FLOW_CONTINUATION_REVERSE,954,119,"{""book_min"":0.0,""chop_age_max"":144,""chop_age_min"":48,""efficiency_min"":0.015,""imbalance_min"":0.07,""imbalance_window"":""5m"",""intensity_min"":0.5,""require_body_alignment"":true,""require_trend_alignment"":false,""session"":""ASIA"",""spread_ratio_max"":1.3}"
32258,3dce83c3c4ece914,31258,CHOP,CHOP_FLOW_CONTINUATION_REVERSE,6216,1373,"{""book_min"":0.06,""chop_age_max"":432,""chop_age_min"":12,""efficiency_min"":0.0,""imbalance_min"":0.025,""imbalance_window"":""5m"",""intensity_min"":0.5,""require_body_alignment"":false,""require_trend_alignment"":false,""session"":""NY"",""spread_ratio_max"":1.5}"
32259,194568cf26f95528,31259,CHOP,CHOP_FLOW_CONTINUATION_REVERSE,1122,255,"{""book_min"":0.1,""chop_age_max"":144,""chop_age_min"":48,""efficiency_min"":0.0,""imbalance_min"":0.05,""imbalance_window"":""5m"",""intensity_min"":1.0,""require_body_alignment"":true,""require_trend_alignment"":false,""session"":""ALL"",""spread_ratio_max"":1.5}"
32260,71cb33d73f51a50c,31260,CHOP,CHOP_FLOW_CONTINUATION_REVERSE,313,74,"{""book_min"":0.1,""chop_age_max"":48,""chop_age_min"":1,""efficiency_min"":0.035,""imbalance_min"":0.035,""imbalance_window"":""5m"",""intensity_min"":1.0,""require_body_alignment"":false,""require_trend_alignment"":false,""session"":""LONDON"",""spread_ratio_max"":1.15}"
32261,8af353be7a95cdcb,31261,CHOP,CHOP_FLOW_CONTINUATION_REVERSE,3003,575,"{""book_min"":0.1,""chop_age_max"":2000,""chop_age_min"":48,""efficiency_min"":0.0,""imbalance_min"":0.035,""imbalance_window"":""5m"",""intensity_min"":0.5,""require_body_alignment"":false,""require_trend_alignment"":true,""session"":""LONDON"",""spread_ratio_max"":1.5}"
32262,417193f35411863b,31262,CHOP,CHOP_FLOW_CONTINUATION_REVERSE,1576,243,"{""book_min"":0.06,""chop_age_max"":432,""chop_age_min"":12,""efficiency_min"":0.0,""imbalance_min"":0.05,""imbalance_window"":""15m"",""intensity_min"":0.3,""require_body_alignment"":false,""require_trend_alignment"":true,""session"":""ASIA"",""spread_ratio_max"":1.3}"
32263,2b273221d36c611d,31263,CHOP,CHOP_FLOW_CONTINUATION_REVERSE,503,113,"{""book_min"":0.0,""chop_age_max"":48,""chop_age_min"":12,""efficiency_min"":0.015,""imbalance_min"":0.015,""imbalance_window"":""5m"",""intensity_min"":1.0,""require_body_alignment"":false,""require_trend_alignment"":false,""session"":""LATE"",""spread_ratio_max"":1.3}"
32264,cc475f49c385446a,31264,CHOP,CHOP_FLOW_CONTINUATION_REVERSE,808,78,"{""book_min"":0.06,""chop_age_max"":432,""chop_age_min"":12,""efficiency_min"":0.015,""imbalance_min"":0.05,""imbalance_window"":""15m"",""intensity_min"":1.0,""require_body_alignment"":false,""require_trend_alignment"":false,""session"":""LONDON"",""spread_ratio_max"":1.15}"
32265,86ff89b4ee43bc7a,31265,CHOP,CHOP_FLOW_CONTINUATION_REVERSE,2514,438,"{""book_min"":0.03,""chop_age_max"":432,""chop_age_min"":1,""efficiency_min"":0.035,""imbalance_min"":0.025,""imbalance_window"":""5m"",""intensity_min"":1.0,""require_body_alignment"":false,""require_trend_alignment"":true,""session"":""NY"",""spread_ratio_max"":1.15}"
32266,25a84950d257b8f2,31266,CHOP,CHOP_FLOW_CONTINUATION_REVERSE,1505,331,"{""book_min"":0.0,""chop_age_max"":432,""chop_age_min"":48,""efficiency_min"":0.035,""imbalance_min"":0.025,""imbalance_window"":""5m"",""intensity_min"":0.7,""require_body_alignment"":false,""require_trend_alignment"":false,""session"":""LATE"",""spread_ratio_max"":1.3}"
32267,671688b986cf201e,31267,CHOP,CHOP_FLOW_CONTINUATION_REVERSE,1349,181,"{""book_min"":0.03,""chop_age_max"":432,""chop_age_min"":12,""efficiency_min"":0.0,""imbalance_min"":0.07,""imbalance_window"":""5m"",""intensity_min"":0.5,""require_body_alignment"":true,""require_trend_alignment"":true,""session"":""ASIA"",""spread_ratio_max"":1.5}"
32268,f713780a1f477371,31268,CHOP,CHOP_FLOW_CONTINUATION_REVERSE,566,94,"{""book_min"":0.06,""chop_age_max"":432,""chop_age_min"":48,""efficiency_min"":0.035,""imbalance_min"":0.07,""imbalance_window"":""5m"",""intensity_min"":0.5,""require_body_alignment"":false,""require_trend_alignment"":true,""session"":""NY"",""spread_ratio_max"":1.15}"
32269,9021bc19a0e5d521,31269,CHOP,CHOP_FLOW_CONTINUATION_REVERSE,493,90,"{""book_min"":0.06,""chop_age_max"":48,""chop_age_min"":1,""efficiency_min"":0.015,""imbalance_min"":0.015,""imbalance_window"":""15m"",""intensity_min"":0.3,""require_body_alignment"":false,""require_trend_alignment"":true,""session"":""ASIA"",""spread_ratio_max"":1.5}"
32270,16a78ccb5f7b2caf,31270,CHOP,CHOP_FLOW_CONTINUATION_REVERSE,1146,209,"{""book_min"":0.0,""chop_age_max"":48,""chop_age_min"":12,""efficiency_min"":0.035,""imbalance_min"":0.015,""imbalance_window"":""5m"",""intensity_min"":0.5,""require_body_alignment"":true,""require_trend_alignment"":false,""session"":""NY"",""spread_ratio_max"":1.3}"
32271,05fbb69d2de52c76,31271,CHOP,CHOP_FLOW_CONTINUATION_REVERSE,2586,517,"{""book_min"":0.0,""chop_age_max"":48,""chop_age_min"":12,""efficiency_min"":0.015,""imbalance_min"":0.025,""imbalance_window"":""15m"",""intensity_min"":0.3,""require_body_alignment"":false,""require_trend_alignment"":true,""session"":""ALL"",""spread_ratio_max"":1.3}"
32272,c95b9ed976adbb9f,31272,CHOP,CHOP_FLOW_CONTINUATION_REVERSE,1322,274,"{""book_min"":0.1,""chop_age_max"":144,""chop_age_min"":12,""efficiency_min"":0.035,""imbalance_min"":0.015,""imbalance_window"":""5m"",""intensity_min"":0.5,""require_body_alignment"":true,""require_trend_alignment"":false,""session"":""LONDON"",""spread_ratio_max"":1.15}"
32273,0b1985915c1a234b,31273,CHOP,CHOP_FLOW_CONTINUATION_REVERSE,2068,445,"{""book_min"":0.1,""chop_age_max"":432,""chop_age_min"":1,""efficiency_min"":0.0,""imbalance_min"":0.025,""imbalance_window"":""15m"",""intensity_min"":1.0,""require_body_alignment"":true,""require_trend_alignment"":false,""session"":""NY"",""spread_ratio_max"":1.15}"
32274,56647d9178803d56,31274,CHOP,CHOP_FLOW_CONTINUATION_REVERSE,621,134,"{""book_min"":0.06,""chop_age_max"":144,""chop_age_min"":12,""efficiency_min"":0.035,""imbalance_min"":0.05,""imbalance_window"":""5m"",""intensity_min"":0.5,""require_body_alignment"":false,""require_trend_alignment"":true,""session"":""LONDON"",""spread_ratio_max"":1.3}"
32275,39f7acc57ac6aec3,31275,CHOP,CHOP_FLOW_CONTINUATION_REVERSE,1902,302,"{""book_min"":0.0,""chop_age_max"":432,""chop_age_min"":12,""efficiency_min"":0.035,""imbalance_min"":0.035,""imbalance_window"":""5m"",""intensity_min"":0.7,""require_body_alignment"":true,""require_trend_alignment"":true,""session"":""ASIA"",""spread_ratio_max"":1.5}"
32276,6ffcc3f682943442,31276,CHOP,CHOP_FLOW_CONTINUATION_REVERSE,913,190,"{""book_min"":0.1,""chop_age_max"":432,""chop_age_min"":12,""efficiency_min"":0.035,""imbalance_min"":0.035,""imbalance_window"":""15m"",""intensity_min"":0.5,""require_body_alignment"":true,""require_trend_alignment"":false,""session"":""NY"",""spread_ratio_max"":1.5}"
32277,04433d299798f4d5,31277,CHOP,CHOP_FLOW_CONTINUATION_REVERSE,2447,352,"{""book_min"":0.0,""chop_age_max"":144,""chop_age_min"":1,""efficiency_min"":0.015,""imbalance_min"":0.05,""imbalance_window"":""15m"",""intensity_min"":0.3,""require_body_alignment"":true,""require_trend_alignment"":true,""session"":""ALL"",""spread_ratio_max"":1.15}"
32278,eb8d57d9392901ba,31278,CHOP,CHOP_FLOW_CONTINUATION_REVERSE,5596,1166,"{""book_min"":0.03,""chop_age_max"":144,""chop_age_min"":1,""efficiency_min"":0.0,""imbalance_min"":0.025,""imbalance_window"":""15m"",""intensity_min"":0.3,""require_body_alignment"":true,""require_trend_alignment"":true,""session"":""ALL"",""spread_ratio_max"":1.3}"
32279,b98cf58433a30112,31279,CHOP,CHOP_FLOW_CONTINUATION_REVERSE,244,50,"{""book_min"":0.1,""chop_age_max"":144,""chop_age_min"":48,""efficiency_min"":0.015,""imbalance_min"":0.035,""imbalance_window"":""15m"",""intensity_min"":1.0,""require_body_alignment"":true,""require_trend_alignment"":true,""session"":""NY"",""spread_ratio_max"":1.5}"
32280,cf799fefbe7d7767,31280,CHOP,CHOP_FLOW_CONTINUATION_REVERSE,2654,557,"{""book_min"":0.1,""chop_age_max"":432,""chop_age_min"":12,""efficiency_min"":0.015,""imbalance_min"":0.05,""imbalance_window"":""5m"",""intensity_min"":0.3,""require_body_alignment"":false,""require_trend_alignment"":false,""session"":""LONDON"",""spread_ratio_max"":1.15}"
32281,bb7a0e96c945a674,31281,CHOP,CHOP_FLOW_CONTINUATION_REVERSE,2083,446,"{""book_min"":0.06,""chop_age_max"":144,""chop_age_min"":12,""efficiency_min"":0.035,""imbalance_min"":0.015,""imbalance_window"":""5m"",""intensity_min"":0.3,""require_body_alignment"":false,""require_trend_alignment"":false,""session"":""LONDON"",""spread_ratio_max"":1.3}"
32282,515fa7355f0acd4e,31282,CHOP,CHOP_FLOW_CONTINUATION_REVERSE,3374,545,"{""book_min"":0.06,""chop_age_max"":2000,""chop_age_min"":48,""efficiency_min"":0.0,""imbalance_min"":0.035,""imbalance_window"":""5m"",""intensity_min"":0.3,""require_body_alignment"":true,""require_trend_alignment"":true,""session"":""LONDON"",""spread_ratio_max"":1.3}"
32283,fc57eabccdde9fd0,31283,CHOP,CHOP_FLOW_CONTINUATION_REVERSE,4708,630,"{""book_min"":0.06,""chop_age_max"":432,""chop_age_min"":1,""efficiency_min"":0.015,""imbalance_min"":0.05,""imbalance_window"":""15m"",""intensity_min"":0.3,""require_body_alignment"":false,""require_trend_alignment"":true,""session"":""ALL"",""spread_ratio_max"":1.5}"
32284,6a6a76f9a0550db4,31284,CHOP,CHOP_FLOW_CONTINUATION_REVERSE,417,57,"{""book_min"":0.06,""chop_age_max"":144,""chop_age_min"":48,""efficiency_min"":0.035,""imbalance_min"":0.05,""imbalance_window"":""15m"",""intensity_min"":0.5,""require_body_alignment"":false,""require_trend_alignment"":false,""session"":""ASIA"",""spread_ratio_max"":1.15}"
32285,da2a560a7437b573,31285,CHOP,CHOP_FLOW_CONTINUATION_REVERSE,1695,305,"{""book_min"":0.06,""chop_age_max"":48,""chop_age_min"":12,""efficiency_min"":0.035,""imbalance_min"":0.025,""imbalance_window"":""5m"",""intensity_min"":0.7,""require_body_alignment"":true,""require_trend_alignment"":false,""session"":""ALL"",""spread_ratio_max"":1.15}"
32286,b4cbe69312694ce1,31286,CHOP,CHOP_FLOW_CONTINUATION_REVERSE,542,102,"{""book_min"":0.06,""chop_age_max"":432,""chop_age_min"":12,""efficiency_min"":0.015,""imbalance_min"":0.05,""imbalance_window"":""5m"",""intensity_min"":1.0,""require_body_alignment"":false,""require_trend_alignment"":false,""session"":""LATE"",""spread_ratio_max"":1.3}"
32287,3dc33d87331e1253,31287,CHOP,CHOP_FLOW_CONTINUATION_REVERSE,7824,1688,"{""book_min"":0.1,""chop_age_max"":144,""chop_age_min"":12,""efficiency_min"":0.0,""imbalance_min"":0.015,""imbalance_window"":""5m"",""intensity_min"":0.5,""require_body_alignment"":true,""require_trend_alignment"":false,""session"":""ALL"",""spread_ratio_max"":1.3}"
32288,31978c6b64980913,31288,CHOP,CHOP_FLOW_CONTINUATION_REVERSE,497,86,"{""book_min"":0.1,""chop_age_max"":2000,""chop_age_min"":48,""efficiency_min"":0.0,""imbalance_min"":0.035,""imbalance_window"":""5m"",""intensity_min"":1.0,""require_body_alignment"":false,""require_trend_alignment"":true,""session"":""LATE"",""spread_ratio_max"":1.3}"
32289,0eb0082a7f9a94ad,31289,CHOP,CHOP_FLOW_CONTINUATION_REVERSE,797,77,"{""book_min"":0.0,""chop_age_max"":2000,""chop_age_min"":48,""efficiency_min"":0.035,""imbalance_min"":0.05,""imbalance_window"":""15m"",""intensity_min"":1.0,""require_body_alignment"":true,""require_trend_alignment"":false,""session"":""LONDON"",""spread_ratio_max"":1.15}"
32290,5883b43a52d1f300,31290,CHOP,CHOP_FLOW_CONTINUATION_REVERSE,174,18,"{""book_min"":0.03,""chop_age_max"":144,""chop_age_min"":12,""efficiency_min"":0.0,""imbalance_min"":0.05,""imbalance_window"":""15m"",""intensity_min"":1.0,""require_body_alignment"":false,""require_trend_alignment"":true,""session"":""ASIA"",""spread_ratio_max"":1.3}"
32291,88d03d93f7762db8,31291,CHOP,CHOP_FLOW_CONTINUATION_REVERSE,3693,639,"{""book_min"":0.03,""chop_age_max"":2000,""chop_age_min"":48,""efficiency_min"":0.0,""imbalance_min"":0.015,""imbalance_window"":""15m"",""intensity_min"":1.0,""require_body_alignment"":false,""require_trend_alignment"":true,""session"":""LONDON"",""spread_ratio_max"":1.15}"
32292,95d5fce5891f2aea,31292,CHOP,CHOP_FLOW_CONTINUATION_REVERSE,1442,272,"{""book_min"":0.0,""chop_age_max"":144,""chop_age_min"":12,""efficiency_min"":0.0,""imbalance_min"":0.015,""imbalance_window"":""5m"",""intensity_min"":1.0,""require_body_alignment"":false,""require_trend_alignment"":false,""session"":""LATE"",""spread_ratio_max"":1.5}"
32293,b51189c19ec42438,31293,CHOP,CHOP_FLOW_CONTINUATION_REVERSE,324,49,"{""book_min"":0.03,""chop_age_max"":144,""chop_age_min"":48,""efficiency_min"":0.0,""imbalance_min"":0.025,""imbalance_window"":""15m"",""intensity_min"":1.0,""require_body_alignment"":false,""require_trend_alignment"":true,""session"":""LATE"",""spread_ratio_max"":1.5}"
32294,e4d215f2cdc75f32,31294,CHOP,CHOP_FLOW_CONTINUATION_REVERSE,561,107,"{""book_min"":0.0,""chop_age_max"":144,""chop_age_min"":48,""efficiency_min"":0.035,""imbalance_min"":0.035,""imbalance_window"":""15m"",""intensity_min"":0.7,""require_body_alignment"":true,""require_trend_alignment"":false,""session"":""NY"",""spread_ratio_max"":1.3}"
32295,f74e320a352e152b,31295,CHOP,CHOP_FLOW_CONTINUATION_REVERSE,668,151,"{""book_min"":0.03,""chop_age_max"":144,""chop_age_min"":48,""efficiency_min"":0.035,""imbalance_min"":0.05,""imbalance_window"":""5m"",""intensity_min"":0.3,""require_body_alignment"":true,""require_trend_alignment"":false,""session"":""NY"",""spread_ratio_max"":1.15}"
32296,0db947bd5d69be78,31296,CHOP,CHOP_FLOW_CONTINUATION_REVERSE,458,52,"{""book_min"":0.0,""chop_age_max"":48,""chop_age_min"":12,""efficiency_min"":0.015,""imbalance_min"":0.07,""imbalance_window"":""15m"",""intensity_min"":0.5,""require_body_alignment"":true,""require_trend_alignment"":false,""session"":""ALL"",""spread_ratio_max"":1.5}"
32297,517cce42e1fec885,31297,CHOP,CHOP_FLOW_CONTINUATION_REVERSE,1141,272,"{""book_min"":0.06,""chop_age_max"":48,""chop_age_min"":12,""efficiency_min"":0.0,""imbalance_min"":0.015,""imbalance_window"":""5m"",""intensity_min"":0.3,""require_body_alignment"":true,""require_trend_alignment"":false,""session"":""LONDON"",""spread_ratio_max"":1.15}"
32298,9bbd99350e40158e,31298,CHOP,CHOP_FLOW_CONTINUATION_REVERSE,2632,370,"{""book_min"":0.03,""chop_age_max"":2000,""chop_age_min"":48,""efficiency_min"":0.035,""imbalance_min"":0.035,""imbalance_window"":""15m"",""intensity_min"":0.7,""require_body_alignment"":false,""require_trend_alignment"":false,""session"":""LONDON"",""spread_ratio_max"":1.15}"
32299,6df6f8545ee0f601,31299,CHOP,CHOP_FLOW_CONTINUATION_REVERSE,1864,314,"{""book_min"":0.0,""chop_age_max"":2000,""chop_age_min"":1,""efficiency_min"":0.035,""imbalance_min"":0.025,""imbalance_window"":""15m"",""intensity_min"":1.0,""require_body_alignment"":true,""require_trend_alignment"":true,""session"":""LONDON"",""spread_ratio_max"":1.3}"
32300,4ee1df9831876412,31300,CHOP,CHOP_FLOW_CONTINUATION_REVERSE,214,46,"{""book_min"":0.06,""chop_age_max"":48,""chop_age_min"":12,""efficiency_min"":0.015,""imbalance_min"":0.035,""imbalance_window"":""5m"",""intensity_min"":1.0,""require_body_alignment"":false,""require_trend_alignment"":false,""session"":""LATE"",""spread_ratio_max"":1.15}"
32301,b0c781843fcc6b07,31301,CHOP,CHOP_FLOW_CONTINUATION_REVERSE,451,87,"{""book_min"":0.03,""chop_age_max"":144,""chop_age_min"":48,""efficiency_min"":0.0,""imbalance_min"":0.025,""imbalance_window"":""15m"",""intensity_min"":1.0,""require_body_alignment"":true,""require_trend_alignment"":false,""session"":""LONDON"",""spread_ratio_max"":1.3}"
32302,29bcd911ceea0294,31302,CHOP,CHOP_FLOW_CONTINUATION_REVERSE,157,35,"{""book_min"":0.1,""chop_age_max"":48,""chop_age_min"":12,""efficiency_min"":0.0,""imbalance_min"":0.07,""imbalance_window"":""5m"",""intensity_min"":1.0,""require_body_alignment"":true,""require_trend_alignment"":false,""session"":""NY"",""spread_ratio_max"":1.5}"
32303,6af2cd7681bb9c48,31303,CHOP,CHOP_FLOW_CONTINUATION_REVERSE,323,34,"{""book_min"":0.0,""chop_age_max"":48,""chop_age_min"":1,""efficiency_min"":0.015,""imbalance_min"":0.05,""imbalance_window"":""15m"",""intensity_min"":0.5,""require_body_alignment"":true,""require_trend_alignment"":false,""session"":""LONDON"",""spread_ratio_max"":1.3}"
32304,e1ba8bb942990f36,31304,CHOP,CHOP_FLOW_CONTINUATION_REVERSE,425,48,"{""book_min"":0.1,""chop_age_max"":144,""chop_age_min"":48,""efficiency_min"":0.015,""imbalance_min"":0.05,""imbalance_window"":""15m"",""intensity_min"":0.3,""require_body_alignment"":true,""require_trend_alignment"":false,""session"":""ASIA"",""spread_ratio_max"":1.15}"
32305,566cf8630d888a04,31305,CHOP,CHOP_FLOW_CONTINUATION_REVERSE,258,43,"{""book_min"":0.0,""chop_age_max"":48,""chop_age_min"":1,""efficiency_min"":0.015,""imbalance_min"":0.035,""imbalance_window"":""15m"",""intensity_min"":1.0,""require_body_alignment"":true,""require_trend_alignment"":true,""session"":""LONDON"",""spread_ratio_max"":1.3}"
32306,60d18ae829d532b4,31306,CHOP,CHOP_FLOW_CONTINUATION_REVERSE,1357,176,"{""book_min"":0.03,""chop_age_max"":144,""chop_age_min"":48,""efficiency_min"":0.0,""imbalance_min"":0.035,""imbalance_window"":""15m"",""intensity_min"":0.3,""require_body_alignment"":true,""require_trend_alignment"":false,""session"":""ASIA"",""spread_ratio_max"":1.3}"
32307,1c0915fed88a0fcc,31307,CHOP,CHOP_FLOW_CONTINUATION_REVERSE,787,117,"{""book_min"":0.03,""chop_age_max"":432,""chop_age_min"":12,""efficiency_min"":0.015,""imbalance_min"":0.07,""imbalance_window"":""5m"",""intensity_min"":0.7,""require_body_alignment"":true,""require_trend_alignment"":true,""session"":""ASIA"",""spread_ratio_max"":1.5}"
32308,93e52eaeffe38d23,31308,CHOP,CHOP_FLOW_CONTINUATION_REVERSE,5193,993,"{""book_min"":0.03,""chop_age_max"":432,""chop_age_min"":12,""efficiency_min"":0.0,""imbalance_min"":0.025,""imbalance_window"":""15m"",""intensity_min"":0.7,""require_body_alignment"":false,""require_trend_alignment"":false,""session"":""NY"",""spread_ratio_max"":1.15}"
32309,22170875e9595e44,31309,CHOP,CHOP_FLOW_CONTINUATION_REVERSE,456,106,"{""book_min"":0.1,""chop_age_max"":144,""chop_age_min"":12,""efficiency_min"":0.035,""imbalance_min"":0.015,""imbalance_window"":""15m"",""intensity_min"":0.7,""require_body_alignment"":false,""require_trend_alignment"":true,""session"":""LATE"",""spread_ratio_max"":1.5}"
32310,e22a74ba65f35f4a,31310,CHOP,CHOP_FLOW_CONTINUATION_REVERSE,654,120,"{""book_min"":0.03,""chop_age_max"":48,""chop_age_min"":12,""efficiency_min"":0.035,""imbalance_min"":0.015,""imbalance_window"":""15m"",""intensity_min"":0.5,""require_body_alignment"":false,""require_trend_alignment"":false,""session"":""LATE"",""spread_ratio_max"":1.3}"
32311,6d262b3b7f8a01ef,31311,CHOP,CHOP_FLOW_CONTINUATION_REVERSE,2385,379,"{""book_min"":0.06,""chop_age_max"":2000,""chop_age_min"":1,""efficiency_min"":0.0,""imbalance_min"":0.05,""imbalance_window"":""5m"",""intensity_min"":0.7,""require_body_alignment"":true,""require_trend_alignment"":false,""session"":""ASIA"",""spread_ratio_max"":1.5}"
32312,7a6f7e7c373ce680,31312,CHOP,CHOP_FLOW_CONTINUATION_REVERSE,622,133,"{""book_min"":0.0,""chop_age_max"":144,""chop_age_min"":48,""efficiency_min"":0.0,""imbalance_min"":0.035,""imbalance_window"":""5m"",""intensity_min"":0.7,""require_body_alignment"":false,""require_trend_alignment"":true,""session"":""LATE"",""spread_ratio_max"":1.5}"
32313,3bc1dc37f23e1844,31313,CHOP,CHOP_FLOW_CONTINUATION_REVERSE,1274,197,"{""book_min"":0.03,""chop_age_max"":432,""chop_age_min"":48,""efficiency_min"":0.0,""imbalance_min"":0.05,""imbalance_window"":""15m"",""intensity_min"":0.5,""require_body_alignment"":true,""require_trend_alignment"":false,""session"":""ASIA"",""spread_ratio_max"":1.15}"
32314,dcc9c86ca3901c7b,31314,CHOP,CHOP_FLOW_CONTINUATION_REVERSE,411,89,"{""book_min"":0.06,""chop_age_max"":48,""chop_age_min"":1,""efficiency_min"":0.015,""imbalance_min"":0.05,""imbalance_window"":""5m"",""intensity_min"":0.3,""require_body_alignment"":false,""require_trend_alignment"":true,""session"":""LONDON"",""spread_ratio_max"":1.5}"
32315,ab8a67bb1c8459a9,31315,CHOP,CHOP_FLOW_CONTINUATION_REVERSE,1189,249,"{""book_min"":0.1,""chop_age_max"":48,""chop_age_min"":1,""efficiency_min"":0.0,""imbalance_min"":0.015,""imbalance_window"":""15m"",""intensity_min"":0.3,""require_body_alignment"":false,""require_trend_alignment"":false,""session"":""LONDON"",""spread_ratio_max"":1.5}"
32316,79be58477cf9e3be,31316,CHOP,CHOP_FLOW_CONTINUATION_REVERSE,3784,747,"{""book_min"":0.0,""chop_age_max"":2000,""chop_age_min"":12,""efficiency_min"":0.0,""imbalance_min"":0.025,""imbalance_window"":""15m"",""intensity_min"":0.7,""require_body_alignment"":true,""require_trend_alignment"":false,""session"":""ASIA"",""spread_ratio_max"":1.3}"
32317,3406be24869b4a8a,31317,CHOP,CHOP_FLOW_CONTINUATION_REVERSE,15382,2699,"{""book_min"":0.0,""chop_age_max"":432,""chop_age_min"":1,""efficiency_min"":0.035,""imbalance_min"":0.035,""imbalance_window"":""5m"",""intensity_min"":0.5,""require_body_alignment"":true,""require_trend_alignment"":false,""session"":""ALL"",""spread_ratio_max"":1.15}"
32318,fd0089aeaaf5624e,31318,CHOP,CHOP_FLOW_CONTINUATION_REVERSE,786,149,"{""book_min"":0.06,""chop_age_max"":144,""chop_age_min"":48,""efficiency_min"":0.015,""imbalance_min"":0.015,""imbalance_window"":""15m"",""intensity_min"":0.5,""require_body_alignment"":true,""require_trend_alignment"":false,""session"":""LONDON"",""spread_ratio_max"":1.3}"
32319,a44e38c7a83e8632,31319,CHOP,CHOP_FLOW_CONTINUATION_REVERSE,942,170,"{""book_min"":0.03,""chop_age_max"":432,""chop_age_min"":48,""efficiency_min"":0.035,""imbalance_min"":0.025,""imbalance_window"":""15m"",""intensity_min"":0.5,""require_body_alignment"":false,""require_trend_alignment"":true,""session"":""LATE"",""spread_ratio_max"":1.3}"
32320,d677367e38b4bf52,31320,CHOP,CHOP_FLOW_CONTINUATION_REVERSE,100,17,"{""book_min"":0.03,""chop_age_max"":48,""chop_age_min"":48,""efficiency_min"":0.015,""imbalance_min"":0.025,""imbalance_window"":""15m"",""intensity_min"":0.3,""require_body_alignment"":false,""require_trend_alignment"":false,""session"":""ALL"",""spread_ratio_max"":1.3}"
32321,082250740a1994b7,31321,CHOP,CHOP_FLOW_CONTINUATION_REVERSE,823,70,"{""book_min"":0.0,""chop_age_max"":144,""chop_age_min"":1,""efficiency_min"":0.0,""imbalance_min"":0.07,""imbalance_window"":""15m"",""intensity_min"":0.7,""require_body_alignment"":true,""require_trend_alignment"":true,""session"":""ALL"",""spread_ratio_max"":1.15}"
32322,72d1da2ec19175a9,31322,CHOP,CHOP_FLOW_CONTINUATION_REVERSE,1562,198,"{""book_min"":0.1,""chop_age_max"":2000,""chop_age_min"":48,""efficiency_min"":0.015,""imbalance_min"":0.07,""imbalance_window"":""5m"",""intensity_min"":0.5,""require_body_alignment"":true,""require_trend_alignment"":false,""session"":""ASIA"",""spread_ratio_max"":1.3}"
32323,9c7f975a510cc7d0,31323,CHOP,CHOP_FLOW_CONTINUATION_REVERSE,475,103,"{""book_min"":0.06,""chop_age_max"":48,""chop_age_min"":12,""efficiency_min"":0.0,""imbalance_min"":0.015,""imbalance_window"":""5m"",""intensity_min"":1.0,""require_body_alignment"":false,""require_trend_alignment"":false,""session"":""LATE"",""spread_ratio_max"":1.5}"
32324,3945d2649455d359,31324,CHOP,CHOP_FLOW_CONTINUATION_REVERSE,3353,609,"{""book_min"":0.0,""chop_age_max"":144,""chop_age_min"":1,""efficiency_min"":0.035,""imbalance_min"":0.035,""imbalance_window"":""15m"",""intensity_min"":0.5,""require_body_alignment"":false,""require_trend_alignment"":true,""session"":""ALL"",""spread_ratio_max"":1.15}"
32325,7f673b18b279a406,31325,CHOP,CHOP_FLOW_CONTINUATION_REVERSE,1325,241,"{""book_min"":0.1,""chop_age_max"":2000,""chop_age_min"":1,""efficiency_min"":0.0,""imbalance_min"":0.07,""imbalance_window"":""5m"",""intensity_min"":0.5,""require_body_alignment"":false,""require_trend_alignment"":false,""session"":""LATE"",""spread_ratio_max"":1.3}"
32326,6f9b94ef1434721c,31326,CHOP,CHOP_FLOW_CONTINUATION_REVERSE,4432,763,"{""book_min"":0.0,""chop_age_max"":2000,""chop_age_min"":48,""efficiency_min"":0.015,""imbalance_min"":0.015,""imbalance_window"":""15m"",""intensity_min"":0.3,""require_body_alignment"":true,""require_trend_alignment"":true,""session"":""LONDON"",""spread_ratio_max"":1.15}"
32327,33ade40f87ceb6fc,31327,CHOP,CHOP_FLOW_CONTINUATION_REVERSE,1096,245,"{""book_min"":0.0,""chop_age_max"":144,""chop_age_min"":48,""efficiency_min"":0.035,""imbalance_min"":0.015,""imbalance_window"":""15m"",""intensity_min"":0.7,""require_body_alignment"":true,""require_trend_alignment"":false,""session"":""NY"",""spread_ratio_max"":1.15}"
32328,4c06393416303147,31328,CHOP,CHOP_FLOW_CONTINUATION_REVERSE,682,117,"{""book_min"":0.1,""chop_age_max"":144,""chop_age_min"":12,""efficiency_min"":0.0,""imbalance_min"":0.035,""imbalance_window"":""15m"",""intensity_min"":0.3,""require_body_alignment"":true,""require_trend_alignment"":false,""session"":""LONDON"",""spread_ratio_max"":1.15}"
32329,0f1ca7f7379c4c24,31329,CHOP,CHOP_FLOW_CONTINUATION_REVERSE,534,102,"{""book_min"":0.06,""chop_age_max"":48,""chop_age_min"":12,""efficiency_min"":0.0,""imbalance_min"":0.05,""imbalance_window"":""5m"",""intensity_min"":1.0,""require_body_alignment"":false,""require_trend_alignment"":false,""session"":""NY"",""spread_ratio_max"":1.3}"
32330,9ffcf4608b689cbf,31330,CHOP,CHOP_FLOW_CONTINUATION_REVERSE,5622,1036,"{""book_min"":0.06,""chop_age_max"":2000,""chop_age_min"":48,""efficiency_min"":0.015,""imbalance_min"":0.025,""imbalance_window"":""15m"",""intensity_min"":1.0,""require_body_alignment"":false,""require_trend_alignment"":true,""session"":""ALL"",""spread_ratio_max"":1.5}"
32331,76b97e7c6945c08a,31331,CHOP,CHOP_FLOW_CONTINUATION_REVERSE,361,74,"{""book_min"":0.1,""chop_age_max"":48,""chop_age_min"":1,""efficiency_min"":0.015,""imbalance_min"":0.035,""imbalance_window"":""15m"",""intensity_min"":0.3,""require_body_alignment"":false,""require_trend_alignment"":true,""session"":""LATE"",""spread_ratio_max"":1.3}"
32332,7728e97acaea878e,31332,CHOP,CHOP_FLOW_CONTINUATION_REVERSE,1598,158,"{""book_min"":0.1,""chop_age_max"":2000,""chop_age_min"":12,""efficiency_min"":0.015,""imbalance_min"":0.05,""imbalance_window"":""15m"",""intensity_min"":0.5,""require_body_alignment"":false,""require_trend_alignment"":false,""session"":""LONDON"",""spread_ratio_max"":1.3}"
32333,b73ddee971c988a9,31333,CHOP,CHOP_FLOW_CONTINUATION_REVERSE,2797,462,"{""book_min"":0.03,""chop_age_max"":2000,""chop_age_min"":48,""efficiency_min"":0.035,""imbalance_min"":0.015,""imbalance_window"":""5m"",""intensity_min"":1.0,""require_body_alignment"":true,""require_trend_alignment"":true,""session"":""NY"",""spread_ratio_max"":1.3}"
32334,8b7dd66dd28b9016,31334,CHOP,CHOP_FLOW_CONTINUATION_REVERSE,920,111,"{""book_min"":0.0,""chop_age_max"":48,""chop_age_min"":12,""efficiency_min"":0.0,""imbalance_min"":0.05,""imbalance_window"":""15m"",""intensity_min"":0.7,""require_body_alignment"":true,""require_trend_alignment"":false,""session"":""ALL"",""spread_ratio_max"":1.3}"
32335,ae9c817212129be6,31335,CHOP,CHOP_FLOW_CONTINUATION_REVERSE,2169,347,"{""book_min"":0.0,""chop_age_max"":432,""chop_age_min"":12,""efficiency_min"":0.035,""imbalance_min"":0.025,""imbalance_window"":""5m"",""intensity_min"":0.7,""require_body_alignment"":true,""require_trend_alignment"":true,""session"":""ASIA"",""spread_ratio_max"":1.3}"
32336,4eb9740632d032e9,31336,CHOP,CHOP_FLOW_CONTINUATION_REVERSE,196,39,"{""book_min"":0.03,""chop_age_max"":48,""chop_age_min"":1,""efficiency_min"":0.035,""imbalance_min"":0.015,""imbalance_window"":""15m"",""intensity_min"":1.0,""require_body_alignment"":true,""require_trend_alignment"":false,""session"":""LATE"",""spread_ratio_max"":1.5}"
32337,5a335101e199329e,31337,CHOP,CHOP_FLOW_CONTINUATION_REVERSE,1221,251,"{""book_min"":0.1,""chop_age_max"":144,""chop_age_min"":12,""efficiency_min"":0.0,""imbalance_min"":0.025,""imbalance_window"":""5m"",""intensity_min"":0.5,""require_body_alignment"":true,""require_trend_alignment"":true,""session"":""NY"",""spread_ratio_max"":1.5}"
32338,2457c16e360571cd,31338,CHOP,CHOP_FLOW_CONTINUATION_REVERSE,171,30,"{""book_min"":0.03,""chop_age_max"":144,""chop_age_min"":1,""efficiency_min"":0.035,""imbalance_min"":0.05,""imbalance_window"":""15m"",""intensity_min"":1.0,""require_body_alignment"":false,""require_trend_alignment"":false,""session"":""LATE"",""spread_ratio_max"":1.5}"
32339,e0d229052efb04d6,31339,CHOP,CHOP_FLOW_CONTINUATION_REVERSE,1065,182,"{""book_min"":0.06,""chop_age_max"":432,""chop_age_min"":48,""efficiency_min"":0.015,""imbalance_min"":0.025,""imbalance_window"":""15m"",""intensity_min"":0.5,""require_body_alignment"":false,""require_trend_alignment"":true,""session"":""LATE"",""spread_ratio_max"":1.3}"
32340,83154ae7bbc4ba47,31340,CHOP,CHOP_FLOW_CONTINUATION_REVERSE,651,97,"{""book_min"":0.0,""chop_age_max"":432,""chop_age_min"":1,""efficiency_min"":0.035,""imbalance_min"":0.05,""imbalance_window"":""15m"",""intensity_min"":0.5,""require_body_alignment"":true,""require_trend_alignment"":true,""session"":""LATE"",""spread_ratio_max"":1.3}"
32341,55e2413977280385,31341,CHOP,CHOP_FLOW_CONTINUATION_REVERSE,1420,319,"{""book_min"":0.06,""chop_age_max"":432,""chop_age_min"":12,""efficiency_min"":0.0,""imbalance_min"":0.035,""imbalance_window"":""5m"",""intensity_min"":0.7,""require_body_alignment"":true,""require_trend_alignment"":false,""session"":""LATE"",""spread_ratio_max"":1.15}"
32342,a4b2b070cd8911ac,31342,CHOP,CHOP_FLOW_CONTINUATION_REVERSE,2538,398,"{""book_min"":0.0,""chop_age_max"":2000,""chop_age_min"":48,""efficiency_min"":0.035,""imbalance_min"":0.05,""imbalance_window"":""5m"",""intensity_min"":0.7,""require_body_alignment"":true,""require_trend_alignment"":false,""session"":""ASIA"",""spread_ratio_max"":1.3}"
32343,cbdb389e0a075031,31343,CHOP,CHOP_FLOW_CONTINUATION_REVERSE,981,49,"{""book_min"":0.0,""chop_age_max"":2000,""chop_age_min"":12,""efficiency_min"":0.015,""imbalance_min"":0.07,""imbalance_window"":""15m"",""intensity_min"":0.5,""require_body_alignment"":true,""require_trend_alignment"":false,""session"":""LONDON"",""spread_ratio_max"":1.5}"
32344,a8b5d973b6aff422,31344,CHOP,CHOP_FLOW_CONTINUATION_REVERSE,3275,592,"{""book_min"":0.0,""chop_age_max"":2000,""chop_age_min"":48,""efficiency_min"":0.015,""imbalance_min"":0.025,""imbalance_window"":""15m"",""intensity_min"":0.5,""require_body_alignment"":false,""require_trend_alignment"":false,""session"":""LATE"",""spread_ratio_max"":1.5}"
32345,77dedec8c2d40ceb,31345,CHOP,CHOP_FLOW_CONTINUATION_REVERSE,6360,1419,"{""book_min"":0.1,""chop_age_max"":432,""chop_age_min"":1,""efficiency_min"":0.0,""imbalance_min"":0.035,""imbalance_window"":""5m"",""intensity_min"":1.0,""require_body_alignment"":true,""require_trend_alignment"":false,""session"":""ALL"",""spread_ratio_max"":1.3}"
32346,ee4b9e2e5eada986,31346,CHOP,CHOP_FLOW_CONTINUATION_REVERSE,2266,419,"{""book_min"":0.0,""chop_age_max"":144,""chop_age_min"":48,""efficiency_min"":0.0,""imbalance_min"":0.025,""imbalance_window"":""5m"",""intensity_min"":0.5,""require_body_alignment"":false,""require_trend_alignment"":false,""session"":""LONDON"",""spread_ratio_max"":1.3}"
32347,f9b14d314b1e9dd5,31347,CHOP,CHOP_FLOW_CONTINUATION_REVERSE,9196,1734,"{""book_min"":0.0,""chop_age_max"":432,""chop_age_min"":1,""efficiency_min"":0.015,""imbalance_min"":0.015,""imbalance_window"":""15m"",""intensity_min"":0.3,""require_body_alignment"":false,""require_trend_alignment"":false,""session"":""ASIA"",""spread_ratio_max"":1.15}"
32348,955cf25e9a3bfda9,31348,CHOP,CHOP_FLOW_CONTINUATION_REVERSE,14548,2760,"{""book_min"":0.03,""chop_age_max"":2000,""chop_age_min"":12,""efficiency_min"":0.0,""imbalance_min"":0.015,""imbalance_window"":""15m"",""intensity_min"":0.5,""require_body_alignment"":true,""require_trend_alignment"":true,""session"":""ALL"",""spread_ratio_max"":1.15}"
32349,f1e33ad2d5fa595a,31349,CHOP,CHOP_FLOW_CONTINUATION_REVERSE,523,85,"{""book_min"":0.0,""chop_age_max"":144,""chop_age_min"":48,""efficiency_min"":0.015,""imbalance_min"":0.025,""imbalance_window"":""5m"",""intensity_min"":1.0,""require_body_alignment"":true,""require_trend_alignment"":true,""session"":""LONDON"",""spread_ratio_max"":1.5}"
32350,cc1ad7a831ad7c87,31350,CHOP,CHOP_FLOW_CONTINUATION_REVERSE,599,75,"{""book_min"":0.0,""chop_age_max"":144,""chop_age_min"":12,""efficiency_min"":0.035,""imbalance_min"":0.07,""imbalance_window"":""5m"",""intensity_min"":0.5,""require_body_alignment"":false,""require_trend_alignment"":true,""session"":""ASIA"",""spread_ratio_max"":1.15}"
32351,49fbdf8d1d48381b,31351,CHOP,CHOP_FLOW_CONTINUATION_REVERSE,1870,135,"{""book_min"":0.06,""chop_age_max"":2000,""chop_age_min"":12,""efficiency_min"":0.0,""imbalance_min"":0.07,""imbalance_window"":""15m"",""intensity_min"":0.7,""require_body_alignment"":false,""require_trend_alignment"":true,""session"":""ALL"",""spread_ratio_max"":1.15}"
32352,0fe083fd988e4cd2,31352,CHOP,CHOP_FLOW_CONTINUATION_REVERSE,2769,410,"{""book_min"":0.06,""chop_age_max"":432,""chop_age_min"":12,""efficiency_min"":0.035,""imbalance_min"":0.015,""imbalance_window"":""5m"",""intensity_min"":0.5,""require_body_alignment"":false,""require_trend_alignment"":true,""session"":""ASIA"",""spread_ratio_max"":1.5}"
32353,69e790aa47dabe63,31353,CHOP,CHOP_FLOW_CONTINUATION_REVERSE,7185,1252,"{""book_min"":0.03,""chop_age_max"":2000,""chop_age_min"":12,""efficiency_min"":0.0,""imbalance_min"":0.025,""imbalance_window"":""15m"",""intensity_min"":0.5,""require_body_alignment"":false,""require_trend_alignment"":false,""session"":""NY"",""spread_ratio_max"":1.3}"
32354,7c59652a9977385b,31354,CHOP,CHOP_FLOW_CONTINUATION_REVERSE,109,17,"{""book_min"":0.06,""chop_age_max"":48,""chop_age_min"":12,""efficiency_min"":0.015,""imbalance_min"":0.025,""imbalance_window"":""5m"",""intensity_min"":1.0,""require_body_alignment"":false,""require_trend_alignment"":false,""session"":""ASIA"",""spread_ratio_max"":1.3}"
32355,23387624423063f8,31355,CHOP,CHOP_FLOW_CONTINUATION_REVERSE,782,143,"{""book_min"":0.1,""chop_age_max"":144,""chop_age_min"":12,""efficiency_min"":0.0,""imbalance_min"":0.07,""imbalance_window"":""5m"",""intensity_min"":1.0,""require_body_alignment"":false,""require_trend_alignment"":true,""session"":""ALL"",""spread_ratio_max"":1.5}"
32356,0008c5a3f0b01281,31356,CHOP,CHOP_FLOW_CONTINUATION_REVERSE,5040,944,"{""book_min"":0.0,""chop_age_max"":2000,""chop_age_min"":12,""efficiency_min"":0.035,""imbalance_min"":0.035,""imbalance_window"":""5m"",""intensity_min"":0.3,""require_body_alignment"":true,""require_trend_alignment"":false,""session"":""NY"",""spread_ratio_max"":1.3}"
32357,bd64898101439f3e,31357,CHOP,CHOP_FLOW_CONTINUATION_REVERSE,478,68,"{""book_min"":0.0,""chop_age_max"":432,""chop_age_min"":48,""efficiency_min"":0.0,""imbalance_min"":0.05,""imbalance_window"":""5m"",""intensity_min"":1.0,""require_body_alignment"":false,""require_trend_alignment"":true,""session"":""LATE"",""spread_ratio_max"":1.5}"
32358,2575e98f62f1949b,31358,CHOP,CHOP_FLOW_CONTINUATION_REVERSE,924,98,"{""book_min"":0.06,""chop_age_max"":432,""chop_age_min"":48,""efficiency_min"":0.035,""imbalance_min"":0.05,""imbalance_window"":""15m"",""intensity_min"":0.5,""require_body_alignment"":false,""require_trend_alignment"":false,""session"":""LONDON"",""spread_ratio_max"":1.15}"
32359,49ff6b4b2fe4add6,31359,CHOP,CHOP_FLOW_CONTINUATION_REVERSE,474,25,"{""book_min"":0.06,""chop_age_max"":432,""chop_age_min"":12,""efficiency_min"":0.015,""imbalance_min"":0.07,""imbalance_window"":""15m"",""intensity_min"":0.3,""require_body_alignment"":false,""require_trend_alignment"":false,""session"":""NY"",""spread_ratio_max"":1.15}"
32360,422b45914c6e5e64,31360,CHOP,CHOP_FLOW_CONTINUATION_REVERSE,14072,2789,"{""book_min"":0.0,""chop_age_max"":2000,""chop_age_min"":1,""efficiency_min"":0.0,""imbalance_min"":0.015,""imbalance_window"":""15m"",""intensity_min"":0.7,""require_body_alignment"":false,""require_trend_alignment"":false,""session"":""NY"",""spread_ratio_max"":1.3}"
32361,92a087ef5fd5ce3a,31361,CHOP,CHOP_FLOW_CONTINUATION_REVERSE,1769,337,"{""book_min"":0.06,""chop_age_max"":432,""chop_age_min"":48,""efficiency_min"":0.0,""imbalance_min"":0.05,""imbalance_window"":""5m"",""intensity_min"":1.0,""require_body_alignment"":false,""require_trend_alignment"":false,""session"":""LONDON"",""spread_ratio_max"":1.5}"
32362,e71e893a403c8203,31362,CHOP,CHOP_FLOW_CONTINUATION_REVERSE,6042,958,"{""book_min"":0.03,""chop_age_max"":2000,""chop_age_min"":48,""efficiency_min"":0.0,""imbalance_min"":0.025,""imbalance_window"":""5m"",""intensity_min"":0.3,""require_body_alignment"":false,""require_trend_alignment"":true,""session"":""ASIA"",""spread_ratio_max"":1.5}"
32363,ccf516de947f7504,31363,CHOP,CHOP_FLOW_CONTINUATION_REVERSE,246,23,"{""book_min"":0.0,""chop_age_max"":144,""chop_age_min"":48,""efficiency_min"":0.035,""imbalance_min"":0.07,""imbalance_window"":""15m"",""intensity_min"":0.3,""require_body_alignment"":true,""require_trend_alignment"":true,""session"":""ASIA"",""spread_ratio_max"":1.3}"
32364,e0f347d8eda60b66,31364,CHOP,CHOP_FLOW_CONTINUATION_REVERSE,1062,247,"{""book_min"":0.1,""chop_age_max"":144,""chop_age_min"":1,""efficiency_min"":0.0,""imbalance_min"":0.05,""imbalance_window"":""5m"",""intensity_min"":0.5,""require_body_alignment"":false,""require_trend_alignment"":false,""session"":""LATE"",""spread_ratio_max"":1.3}"
32365,5ea5bc9738acf260,31365,CHOP,CHOP_FLOW_CONTINUATION_REVERSE,1852,169,"{""book_min"":0.0,""chop_age_max"":432,""chop_age_min"":12,""efficiency_min"":0.015,""imbalance_min"":0.05,""imbalance_window"":""15m"",""intensity_min"":0.7,""require_body_alignment"":false,""require_trend_alignment"":false,""session"":""NY"",""spread_ratio_max"":1.3}"
32366,a25fe835fcf8c1a0,31366,CHOP,CHOP_FLOW_CONTINUATION_REVERSE,3010,531,"{""book_min"":0.1,""chop_age_max"":2000,""chop_age_min"":1,""efficiency_min"":0.015,""imbalance_min"":0.025,""imbalance_window"":""5m"",""intensity_min"":0.7,""require_body_alignment"":true,""require_trend_alignment"":true,""session"":""LONDON"",""spread_ratio_max"":1.3}"
32367,7fd8c0a56d886755,31367,CHOP,CHOP_FLOW_CONTINUATION_REVERSE,583,56,"{""book_min"":0.03,""chop_age_max"":432,""chop_age_min"":48,""efficiency_min"":0.015,""imbalance_min"":0.05,""imbalance_window"":""15m"",""intensity_min"":0.5,""require_body_alignment"":false,""require_trend_alignment"":true,""session"":""LATE"",""spread_ratio_max"":1.15}"
32368,6baab8e48b75e7f4,31368,CHOP,CHOP_FLOW_CONTINUATION_REVERSE,1396,243,"{""book_min"":0.03,""chop_age_max"":2000,""chop_age_min"":48,""efficiency_min"":0.015,""imbalance_min"":0.015,""imbalance_window"":""5m"",""intensity_min"":1.0,""require_body_alignment"":true,""require_trend_alignment"":true,""session"":""ASIA"",""spread_ratio_max"":1.3}"
32369,b09c8a00bfdaee50,31369,CHOP,CHOP_FLOW_CONTINUATION_REVERSE,1455,201,"{""book_min"":0.03,""chop_age_max"":144,""chop_age_min"":1,""efficiency_min"":0.0,""imbalance_min"":0.05,""imbalance_window"":""5m"",""intensity_min"":0.3,""require_body_alignment"":true,""require_trend_alignment"":true,""session"":""ASIA"",""spread_ratio_max"":1.5}"
32370,e63a432de39654a1,31370,CHOP,CHOP_FLOW_CONTINUATION_REVERSE,336,58,"{""book_min"":0.03,""chop_age_max"":144,""chop_age_min"":48,""efficiency_min"":0.035,""imbalance_min"":0.035,""imbalance_window"":""15m"",""intensity_min"":0.5,""require_body_alignment"":false,""require_trend_alignment"":true,""session"":""LATE"",""spread_ratio_max"":1.3}"
32371,f0df1408165c2456,31371,CHOP,CHOP_FLOW_CONTINUATION_REVERSE,3967,652,"{""book_min"":0.0,""chop_age_max"":432,""chop_age_min"":12,""efficiency_min"":0.015,""imbalance_min"":0.015,""imbalance_window"":""5m"",""intensity_min"":0.5,""require_body_alignment"":true,""require_trend_alignment"":true,""session"":""ASIA"",""spread_ratio_max"":1.15}"
32372,fe64d5015b0d71c6,31372,CHOP,CHOP_FLOW_CONTINUATION_REVERSE,232,45,"{""book_min"":0.0,""chop_age_max"":48,""chop_age_min"":12,""efficiency_min"":0.015,""imbalance_min"":0.025,""imbalance_window"":""15m"",""intensity_min"":0.7,""require_body_alignment"":false,""require_trend_alignment"":false,""session"":""ASIA"",""spread_ratio_max"":1.15}"
32373,d3ef670f6e7338f6,31373,CHOP,CHOP_FLOW_CONTINUATION_REVERSE,705,167,"{""book_min"":0.03,""chop_age_max"":144,""chop_age_min"":48,""efficiency_min"":0.0,""imbalance_min"":0.05,""imbalance_window"":""5m"",""intensity_min"":0.3,""require_body_alignment"":true,""require_trend_alignment"":true,""session"":""LATE"",""spread_ratio_max"":1.3}"
32374,03f87a4e750ec594,31374,CHOP,CHOP_FLOW_CONTINUATION_REVERSE,3164,558,"{""book_min"":0.03,""chop_age_max"":2000,""chop_age_min"":12,""efficiency_min"":0.0,""imbalance_min"":0.05,""imbalance_window"":""5m"",""intensity_min"":0.5,""require_body_alignment"":false,""require_trend_alignment"":true,""session"":""NY"",""spread_ratio_max"":1.5}"
32375,b7e247c8a692ee15,31375,CHOP,CHOP_FLOW_CONTINUATION_REVERSE,3860,710,"{""book_min"":0.0,""chop_age_max"":2000,""chop_age_min"":12,""efficiency_min"":0.015,""imbalance_min"":0.025,""imbalance_window"":""15m"",""intensity_min"":0.5,""require_body_alignment"":true,""require_trend_alignment"":true,""session"":""LONDON"",""spread_ratio_max"":1.3}"
32376,816911132afb824b,31376,CHOP,CHOP_FLOW_CONTINUATION_REVERSE,2112,314,"{""book_min"":0.1,""chop_age_max"":144,""chop_age_min"":1,""efficiency_min"":0.015,""imbalance_min"":0.05,""imbalance_window"":""15m"",""intensity_min"":0.5,""require_body_alignment"":false,""require_trend_alignment"":false,""session"":""ALL"",""spread_ratio_max"":1.3}"
32377,3b44ff5697f99518,31377,CHOP,CHOP_FLOW_CONTINUATION_REVERSE,8149,1505,"{""book_min"":0.03,""chop_age_max"":432,""chop_age_min"":12,""efficiency_min"":0.015,""imbalance_min"":0.035,""imbalance_window"":""5m"",""intensity_min"":0.7,""require_body_alignment"":true,""require_trend_alignment"":true,""session"":""ALL"",""spread_ratio_max"":1.3}"
32378,7aed20de99bff54d,31378,CHOP,CHOP_FLOW_CONTINUATION_REVERSE,327,66,"{""book_min"":0.1,""chop_age_max"":144,""chop_age_min"":12,""efficiency_min"":0.0,""imbalance_min"":0.025,""imbalance_window"":""15m"",""intensity_min"":1.0,""require_body_alignment"":true,""require_trend_alignment"":false,""session"":""LATE"",""spread_ratio_max"":1.3}"
32379,dade4804e40d2851,31379,CHOP,CHOP_FLOW_CONTINUATION_REVERSE,2620,620,"{""book_min"":0.06,""chop_age_max"":2000,""chop_age_min"":1,""efficiency_min"":0.0,""imbalance_min"":0.035,""imbalance_window"":""5m"",""intensity_min"":0.5,""require_body_alignment"":true,""require_trend_alignment"":false,""session"":""LATE"",""spread_ratio_max"":1.15}"
32380,91fe826d8b739340,31380,CHOP,CHOP_FLOW_CONTINUATION_REVERSE,256,36,"{""book_min"":0.03,""chop_age_max"":144,""chop_age_min"":12,""efficiency_min"":0.0,""imbalance_min"":0.07,""imbalance_window"":""5m"",""intensity_min"":1.0,""require_body_alignment"":true,""require_trend_alignment"":false,""session"":""ASIA"",""spread_ratio_max"":1.5}"
32381,6154ea1bab133ff6,31381,CHOP,CHOP_FLOW_CONTINUATION_REVERSE,571,25,"{""book_min"":0.03,""chop_age_max"":2000,""chop_age_min"":12,""efficiency_min"":0.015,""imbalance_min"":0.07,""imbalance_window"":""15m"",""intensity_min"":0.7,""require_body_alignment"":false,""require_trend_alignment"":true,""session"":""NY"",""spread_ratio_max"":1.3}"
32382,0bf6a4ebbfd536c8,31382,CHOP,CHOP_FLOW_CONTINUATION_REVERSE,1039,238,"{""book_min"":0.06,""chop_age_max"":432,""chop_age_min"":12,""efficiency_min"":0.015,""imbalance_min"":0.025,""imbalance_window"":""5m"",""intensity_min"":0.7,""require_body_alignment"":true,""require_trend_alignment"":true,""session"":""LATE"",""spread_ratio_max"":1.3}"
32383,528b1b9b9d886829,31383,CHOP,CHOP_FLOW_CONTINUATION_REVERSE,8845,1314,"{""book_min"":0.06,""chop_age_max"":2000,""chop_age_min"":12,""efficiency_min"":0.0,""imbalance_min"":0.015,""imbalance_window"":""5m"",""intensity_min"":0.3,""require_body_alignment"":true,""require_trend_alignment"":false,""session"":""ASIA"",""spread_ratio_max"":1.5}"
32384,4780f4a96f3b1a57,31384,CHOP,CHOP_FLOW_CONTINUATION_REVERSE,829,139,"{""book_min"":0.0,""chop_age_max"":144,""chop_age_min"":12,""efficiency_min"":0.015,""imbalance_min"":0.07,""imbalance_window"":""5m"",""intensity_min"":1.0,""require_body_alignment"":false,""require_trend_alignment"":false,""session"":""NY"",""spread_ratio_max"":1.3}"
32385,9affa4893a4877f8,31385,CHOP,CHOP_FLOW_CONTINUATION_REVERSE,6983,1224,"{""book_min"":0.1,""chop_age_max"":2000,""chop_age_min"":12,""efficiency_min"":0.035,""imbalance_min"":0.025,""imbalance_window"":""15m"",""intensity_min"":0.5,""require_body_alignment"":true,""require_trend_alignment"":false,""session"":""ALL"",""spread_ratio_max"":1.15}"
32386,72a2de1cd78dedb1,31386,CHOP,CHOP_FLOW_CONTINUATION_REVERSE,217,30,"{""book_min"":0.1,""chop_age_max"":432,""chop_age_min"":48,""efficiency_min"":0.035,""imbalance_min"":0.07,""imbalance_window"":""5m"",""intensity_min"":1.0,""require_body_alignment"":true,""require_trend_alignment"":false,""session"":""ASIA"",""spread_ratio_max"":1.15}"
32387,4ce8e3c03202821e,31387,CHOP,CHOP_FLOW_CONTINUATION_REVERSE,388,52,"{""book_min"":0.0,""chop_age_max"":144,""chop_age_min"":48,""efficiency_min"":0.035,""imbalance_min"":0.05,""imbalance_window"":""15m"",""intensity_min"":0.5,""require_body_alignment"":true,""require_trend_alignment"":true,""session"":""ASIA"",""spread_ratio_max"":1.5}"
32388,20e0c7f1cebe4ed5,31388,CHOP,CHOP_FLOW_CONTINUATION_REVERSE,5588,1022,"{""book_min"":0.0,""chop_age_max"":2000,""chop_age_min"":12,""efficiency_min"":0.0,""imbalance_min"":0.025,""imbalance_window"":""5m"",""intensity_min"":0.5,""require_body_alignment"":false,""require_trend_alignment"":true,""session"":""ASIA"",""spread_ratio_max"":1.15}"
32389,d08eeeb135106f1b,31389,CHOP,CHOP_FLOW_CONTINUATION_REVERSE,4577,795,"{""book_min"":0.0,""chop_age_max"":2000,""chop_age_min"":48,""efficiency_min"":0.015,""imbalance_min"":0.025,""imbalance_window"":""5m"",""intensity_min"":0.5,""require_body_alignment"":false,""require_trend_alignment"":true,""session"":""ASIA"",""spread_ratio_max"":1.15}"
32390,72bec4ae00771c29,31390,CHOP,CHOP_FLOW_CONTINUATION_REVERSE,1461,245,"{""book_min"":0.03,""chop_age_max"":432,""chop_age_min"":12,""efficiency_min"":0.015,""imbalance_min"":0.035,""imbalance_window"":""15m"",""intensity_min"":0.7,""require_body_alignment"":true,""require_trend_alignment"":true,""session"":""LONDON"",""spread_ratio_max"":1.3}"
32391,bcad4352504b86e0,31391,CHOP,CHOP_FLOW_CONTINUATION_REVERSE,245,17,"{""book_min"":0.0,""chop_age_max"":48,""chop_age_min"":12,""efficiency_min"":0.035,""imbalance_min"":0.05,""imbalance_window"":""15m"",""intensity_min"":0.3,""require_body_alignment"":false,""require_trend_alignment"":false,""session"":""NY"",""spread_ratio_max"":1.5}"
32392,adbd5ffc28caaf1d,31392,CHOP,CHOP_FLOW_CONTINUATION_REVERSE,1828,347,"{""book_min"":0.0,""chop_age_max"":2000,""chop_age_min"":1,""efficiency_min"":0.035,""imbalance_min"":0.07,""imbalance_window"":""5m"",""intensity_min"":0.3,""require_body_alignment"":true,""require_trend_alignment"":true,""session"":""LATE"",""spread_ratio_max"":1.5}"
32393,d1a316587be541e4,31393,CHOP,CHOP_FLOW_CONTINUATION_REVERSE,254,25,"{""book_min"":0.03,""chop_age_max"":48,""chop_age_min"":12,""efficiency_min"":0.0,""imbalance_min"":0.05,""imbalance_window"":""15m"",""intensity_min"":0.7,""require_body_alignment"":true,""require_trend_alignment"":false,""session"":""LONDON"",""spread_ratio_max"":1.3}"
32394,f42071264f372696,31394,CHOP,CHOP_FLOW_CONTINUATION_REVERSE,1710,305,"{""book_min"":0.06,""chop_age_max"":432,""chop_age_min"":12,""efficiency_min"":0.035,""imbalance_min"":0.025,""imbalance_window"":""15m"",""intensity_min"":0.5,""require_body_alignment"":true,""require_trend_alignment"":false,""session"":""NY"",""spread_ratio_max"":1.15}"
32395,945ccc8fc255cf83,31395,CHOP,CHOP_FLOW_CONTINUATION_REVERSE,3456,766,"{""book_min"":0.06,""chop_age_max"":144,""chop_age_min"":12,""efficiency_min"":0.015,""imbalance_min"":0.015,""imbalance_window"":""15m"",""intensity_min"":1.0,""require_body_alignment"":true,""require_trend_alignment"":false,""session"":""ALL"",""spread_ratio_max"":1.5}"
32396,3f721973e798dcc5,31396,CHOP,CHOP_FLOW_CONTINUATION_REVERSE,4131,960,"{""book_min"":0.06,""chop_age_max"":144,""chop_age_min"":1,""efficiency_min"":0.0,""imbalance_min"":0.015,""imbalance_window"":""15m"",""intensity_min"":0.7,""require_body_alignment"":false,""require_trend_alignment"":false,""session"":""NY"",""spread_ratio_max"":1.5}"
32397,0014cefe971b6769,31397,CHOP,CHOP_FLOW_CONTINUATION_REVERSE,460,88,"{""book_min"":0.06,""chop_age_max"":48,""chop_age_min"":12,""efficiency_min"":0.0,""imbalance_min"":0.025,""imbalance_window"":""15m"",""intensity_min"":0.3,""require_body_alignment"":true,""require_trend_alignment"":true,""session"":""NY"",""spread_ratio_max"":1.3}"
32398,bb8c22e378c380ef,31398,CHOP,CHOP_FLOW_CONTINUATION_REVERSE,1279,252,"{""book_min"":0.03,""chop_age_max"":48,""chop_age_min"":12,""efficiency_min"":0.0,""imbalance_min"":0.07,""imbalance_window"":""5m"",""intensity_min"":0.5,""require_body_alignment"":true,""require_trend_alignment"":false,""session"":""ALL"",""spread_ratio_max"":1.3}"
32399,f78cadc7a28b2e30,31399,CHOP,CHOP_FLOW_CONTINUATION_REVERSE,651,132,"{""book_min"":0.03,""chop_age_max"":48,""chop_age_min"":12,""efficiency_min"":0.015,""imbalance_min"":0.015,""imbalance_window"":""5m"",""intensity_min"":0.3,""require_body_alignment"":true,""require_trend_alignment"":true,""session"":""LATE"",""spread_ratio_max"":1.3}"
32400,048603717d5aeb9f,31400,CHOP,CHOP_FLOW_CONTINUATION_REVERSE,4240,711,"{""book_min"":0.06,""chop_age_max"":2000,""chop_age_min"":1,""efficiency_min"":0.0,""imbalance_min"":0.025,""imbalance_window"":""15m"",""intensity_min"":0.5,""require_body_alignment"":false,""require_trend_alignment"":true,""session"":""NY"",""spread_ratio_max"":1.5}"
32401,956629a7cf6e4d22,31401,CHOP,CHOP_FLOW_CONTINUATION_REVERSE,11869,2166,"{""book_min"":0.0,""chop_age_max"":2000,""chop_age_min"":1,""efficiency_min"":0.035,""imbalance_min"":0.025,""imbalance_window"":""15m"",""intensity_min"":0.3,""require_body_alignment"":true,""require_trend_alignment"":true,""session"":""ALL"",""spread_ratio_max"":1.3}"
32402,e2cb7d3c58554c2d,31402,CHOP,CHOP_FLOW_CONTINUATION_REVERSE,1549,334,"{""book_min"":0.03,""chop_age_max"":144,""chop_age_min"":12,""efficiency_min"":0.015,""imbalance_min"":0.025,""imbalance_window"":""15m"",""intensity_min"":0.7,""require_body_alignment"":true,""require_trend_alignment"":false,""session"":""NY"",""spread_ratio_max"":1.5}"
32403,eaa9d0cbae61e72b,31403,CHOP,CHOP_FLOW_CONTINUATION_REVERSE,2240,503,"{""book_min"":0.03,""chop_age_max"":2000,""chop_age_min"":12,""efficiency_min"":0.015,""imbalance_min"":0.025,""imbalance_window"":""5m"",""intensity_min"":0.7,""require_body_alignment"":true,""require_trend_alignment"":false,""session"":""LATE"",""spread_ratio_max"":1.15}"
32404,1a49637b15baf4dd,31404,CHOP,CHOP_FLOW_CONTINUATION_REVERSE,964,160,"{""book_min"":0.03,""chop_age_max"":432,""chop_age_min"":48,""efficiency_min"":0.015,""imbalance_min"":0.015,""imbalance_window"":""5m"",""intensity_min"":1.0,""require_body_alignment"":true,""require_trend_alignment"":true,""session"":""ASIA"",""spread_ratio_max"":1.15}"
32405,52fad3e66c83bfb9,31405,CHOP,CHOP_FLOW_CONTINUATION_REVERSE,403,66,"{""book_min"":0.1,""chop_age_max"":144,""chop_age_min"":1,""efficiency_min"":0.0,""imbalance_min"":0.07,""imbalance_window"":""5m"",""intensity_min"":0.7,""require_body_alignment"":false,""require_trend_alignment"":false,""session"":""LATE"",""spread_ratio_max"":1.15}"
32406,e15dfa6256d81d4c,31406,CHOP,CHOP_FLOW_CONTINUATION_REVERSE,14971,2657,"{""book_min"":0.03,""chop_age_max"":432,""chop_age_min"":1,""efficiency_min"":0.035,""imbalance_min"":0.035,""imbalance_window"":""5m"",""intensity_min"":0.5,""require_body_alignment"":false,""require_trend_alignment"":false,""session"":""ALL"",""spread_ratio_max"":1.5}"
32407,6a0ce6159c906923,31407,CHOP,CHOP_FLOW_CONTINUATION_REVERSE,1214,286,"{""book_min"":0.0,""chop_age_max"":144,""chop_age_min"":48,""efficiency_min"":0.015,""imbalance_min"":0.035,""imbalance_window"":""5m"",""intensity_min"":0.3,""require_body_alignment"":false,""require_trend_alignment"":true,""session"":""LATE"",""spread_ratio_max"":1.5}"
32408,4c2fb1cfbdf2832d,31408,CHOP,CHOP_FLOW_CONTINUATION_REVERSE,650,93,"{""book_min"":0.1,""chop_age_max"":2000,""chop_age_min"":1,""efficiency_min"":0.015,""imbalance_min"":0.07,""imbalance_window"":""5m"",""intensity_min"":1.0,""require_body_alignment"":true,""require_trend_alignment"":true,""session"":""LONDON"",""spread_ratio_max"":1.15}"
32409,c37d7a0f396b443f,31409,CHOP,CHOP_FLOW_CONTINUATION_REVERSE,3535,694,"{""book_min"":0.1,""chop_age_max"":432,""chop_age_min"":48,""efficiency_min"":0.015,""imbalance_min"":0.035,""imbalance_window"":""15m"",""intensity_min"":0.7,""require_body_alignment"":true,""require_trend_alignment"":false,""session"":""ALL"",""spread_ratio_max"":1.5}"
32410,21b2f018aea5ad3e,31410,CHOP,CHOP_FLOW_CONTINUATION_REVERSE,261,48,"{""book_min"":0.1,""chop_age_max"":48,""chop_age_min"":1,""efficiency_min"":0.015,""imbalance_min"":0.035,""imbalance_window"":""15m"",""intensity_min"":0.7,""require_body_alignment"":true,""require_trend_alignment"":false,""session"":""LONDON"",""spread_ratio_max"":1.15}"
32411,f68fe5a1a4d32c1f,31411,CHOP,CHOP_FLOW_CONTINUATION_REVERSE,3202,538,"{""book_min"":0.03,""chop_age_max"":432,""chop_age_min"":48,""efficiency_min"":0.0,""imbalance_min"":0.025,""imbalance_window"":""5m"",""intensity_min"":0.5,""require_body_alignment"":true,""require_trend_alignment"":true,""session"":""LONDON"",""spread_ratio_max"":1.15}"
32412,4acb9fce9bddd8e1,31412,CHOP,CHOP_FLOW_CONTINUATION_REVERSE,284,37,"{""book_min"":0.03,""chop_age_max"":48,""chop_age_min"":1,""efficiency_min"":0.035,""imbalance_min"":0.07,""imbalance_window"":""15m"",""intensity_min"":0.7,""require_body_alignment"":true,""require_trend_alignment"":false,""session"":""ALL"",""spread_ratio_max"":1.5}"
32413,f049afe599824767,31413,CHOP,CHOP_FLOW_CONTINUATION_REVERSE,1317,243,"{""book_min"":0.1,""chop_age_max"":432,""chop_age_min"":12,""efficiency_min"":0.035,""imbalance_min"":0.07,""imbalance_window"":""5m"",""intensity_min"":0.3,""require_body_alignment"":true,""require_trend_alignment"":false,""session"":""LONDON"",""spread_ratio_max"":1.3}"
32414,dd2bc99d7a79366a,31414,CHOP,CHOP_FLOW_CONTINUATION_REVERSE,1077,253,"{""book_min"":0.06,""chop_age_max"":144,""chop_age_min"":12,""efficiency_min"":0.0,""imbalance_min"":0.025,""imbalance_window"":""15m"",""intensity_min"":0.5,""require_body_alignment"":true,""require_trend_alignment"":false,""session"":""LATE"",""spread_ratio_max"":1.5}"
32415,ef358b9af5a3bf96,31415,CHOP,CHOP_FLOW_CONTINUATION_REVERSE,1976,453,"{""book_min"":0.06,""chop_age_max"":432,""chop_age_min"":12,""efficiency_min"":0.0,""imbalance_min"":0.015,""imbalance_window"":""5m"",""intensity_min"":0.5,""require_body_alignment"":true,""require_trend_alignment"":true,""session"":""LATE"",""spread_ratio_max"":1.5}"
32416,ea38f7efdad3685d,31416,CHOP,CHOP_FLOW_CONTINUATION_REVERSE,3064,482,"{""book_min"":0.1,""chop_age_max"":2000,""chop_age_min"":48,""efficiency_min"":0.015,""imbalance_min"":0.015,""imbalance_window"":""5m"",""intensity_min"":1.0,""require_body_alignment"":true,""require_trend_alignment"":false,""session"":""LONDON"",""spread_ratio_max"":1.15}"
32417,3e2be885feb85fa8,31417,CHOP,CHOP_FLOW_CONTINUATION_REVERSE,918,147,"{""book_min"":0.0,""chop_age_max"":144,""chop_age_min"":1,""efficiency_min"":0.015,""imbalance_min"":0.025,""imbalance_window"":""15m"",""intensity_min"":1.0,""require_body_alignment"":false,""require_trend_alignment"":true,""session"":""LONDON"",""spread_ratio_max"":1.5}"
32418,ed314eb4e922cfa4,31418,CHOP,CHOP_FLOW_CONTINUATION_REVERSE,9473,2193,"{""book_min"":0.03,""chop_age_max"":144,""chop_age_min"":1,""efficiency_min"":0.0,""imbalance_min"":0.035,""imbalance_window"":""5m"",""intensity_min"":0.7,""require_body_alignment"":false,""require_trend_alignment"":false,""session"":""ALL"",""spread_ratio_max"":1.5}"
32419,9fa61b34d55884dd,31419,CHOP,CHOP_FLOW_CONTINUATION_REVERSE,6604,1108,"{""book_min"":0.06,""chop_age_max"":2000,""chop_age_min"":12,""efficiency_min"":0.035,""imbalance_min"":0.025,""imbalance_window"":""15m"",""intensity_min"":0.5,""require_body_alignment"":true,""require_trend_alignment"":true,""session"":""ALL"",""spread_ratio_max"":1.3}"
32420,f58ce080d68f2315,31420,CHOP,CHOP_FLOW_CONTINUATION_REVERSE,272,51,"{""book_min"":0.03,""chop_age_max"":48,""chop_age_min"":1,""efficiency_min"":0.035,""imbalance_min"":0.05,""imbalance_window"":""15m"",""intensity_min"":0.3,""require_body_alignment"":false,""require_trend_alignment"":true,""session"":""LATE"",""spread_ratio_max"":1.3}"
32421,6180113cb09d4b36,31421,CHOP,CHOP_FLOW_CONTINUATION_REVERSE,4993,766,"{""book_min"":0.06,""chop_age_max"":432,""chop_age_min"":12,""efficiency_min"":0.035,""imbalance_min"":0.015,""imbalance_window"":""15m"",""intensity_min"":0.3,""require_body_alignment"":false,""require_trend_alignment"":false,""session"":""ASIA"",""spread_ratio_max"":1.3}"
32422,8d494af8ffc5da8c,31422,CHOP,CHOP_FLOW_CONTINUATION_REVERSE,750,142,"{""book_min"":0.0,""chop_age_max"":48,""chop_age_min"":1,""efficiency_min"":0.015,""imbalance_min"":0.025,""imbalance_window"":""15m"",""intensity_min"":0.7,""require_body_alignment"":true,""require_trend_alignment"":false,""session"":""LONDON"",""spread_ratio_max"":1.15}"
32423,185576dca8c1667e,31423,CHOP,CHOP_FLOW_CONTINUATION_REVERSE,2791,655,"{""book_min"":0.06,""chop_age_max"":48,""chop_age_min"":1,""efficiency_min"":0.0,""imbalance_min"":0.015,""imbalance_window"":""15m"",""intensity_min"":0.7,""require_body_alignment"":false,""require_trend_alignment"":true,""session"":""ALL"",""spread_ratio_max"":1.15}"
32424,f4c0eea9c5eeede3,31424,CHOP,CHOP_FLOW_CONTINUATION_REVERSE,10089,1974,"{""book_min"":0.03,""chop_age_max"":2000,""chop_age_min"":1,""efficiency_min"":0.0,""imbalance_min"":0.015,""imbalance_window"":""5m"",""intensity_min"":0.5,""require_body_alignment"":true,""require_trend_alignment"":false,""session"":""NY"",""spread_ratio_max"":1.5}"
32425,2f56a14cd87924e3,31425,CHOP,CHOP_FLOW_CONTINUATION_REVERSE,1936,272,"{""book_min"":0.03,""chop_age_max"":432,""chop_age_min"":48,""efficiency_min"":0.015,""imbalance_min"":0.035,""imbalance_window"":""15m"",""intensity_min"":0.5,""require_body_alignment"":true,""require_trend_alignment"":false,""session"":""ASIA"",""spread_ratio_max"":1.15}"
32426,503dd98ae3e7c344,31426,CHOP,CHOP_FLOW_CONTINUATION_REVERSE,627,120,"{""book_min"":0.06,""chop_age_max"":2000,""chop_age_min"":1,""efficiency_min"":0.0,""imbalance_min"":0.035,""imbalance_window"":""5m"",""intensity_min"":1.0,""require_body_alignment"":true,""require_trend_alignment"":true,""session"":""LATE"",""spread_ratio_max"":1.15}"
32427,57f0c435e303e67e,31427,CHOP,CHOP_FLOW_CONTINUATION_REVERSE,3265,692,"{""book_min"":0.0,""chop_age_max"":432,""chop_age_min"":12,""efficiency_min"":0.015,""imbalance_min"":0.05,""imbalance_window"":""5m"",""intensity_min"":0.7,""require_body_alignment"":true,""require_trend_alignment"":false,""session"":""NY"",""spread_ratio_max"":1.5}"
32428,0973f79e1854f9d3,31428,CHOP,CHOP_FLOW_CONTINUATION_REVERSE,2821,360,"{""book_min"":0.0,""chop_age_max"":432,""chop_age_min"":48,""efficiency_min"":0.0,""imbalance_min"":0.035,""imbalance_window"":""15m"",""intensity_min"":0.3,""require_body_alignment"":false,""require_trend_alignment"":true,""session"":""LONDON"",""spread_ratio_max"":1.3}"
32429,1801b9693929c508,31429,CHOP,CHOP_FLOW_CONTINUATION_REVERSE,8148,1444,"{""book_min"":0.0,""chop_age_max"":432,""chop_age_min"":48,""efficiency_min"":0.015,""imbalance_min"":0.07,""imbalance_window"":""5m"",""intensity_min"":0.3,""require_body_alignment"":true,""require_trend_alignment"":false,""session"":""ALL"",""spread_ratio_max"":1.15}"
32430,b3380b9207e295e8,31430,CHOP,CHOP_FLOW_CONTINUATION_REVERSE,637,77,"{""book_min"":0.0,""chop_age_max"":432,""chop_age_min"":12,""efficiency_min"":0.035,""imbalance_min"":0.07,""imbalance_window"":""15m"",""intensity_min"":0.3,""require_body_alignment"":true,""require_trend_alignment"":true,""session"":""ASIA"",""spread_ratio_max"":1.15}"
32431,5c350d282fcb1208,31431,CHOP,CHOP_FLOW_CONTINUATION_REVERSE,2908,171,"{""book_min"":0.0,""chop_age_max"":2000,""chop_age_min"":12,""efficiency_min"":0.0,""imbalance_min"":0.07,""imbalance_window"":""15m"",""intensity_min"":0.7,""require_body_alignment"":false,""require_trend_alignment"":true,""session"":""ALL"",""spread_ratio_max"":1.15}"
32432,ae0d9d61645f1a4a,31432,CHOP,CHOP_FLOW_CONTINUATION_REVERSE,1295,228,"{""book_min"":0.0,""chop_age_max"":48,""chop_age_min"":12,""efficiency_min"":0.0,""imbalance_min"":0.035,""imbalance_window"":""15m"",""intensity_min"":0.5,""require_body_alignment"":true,""require_trend_alignment"":true,""session"":""ALL"",""spread_ratio_max"":1.15}"
32433,84e6959215bb17f7,31433,CHOP,CHOP_FLOW_CONTINUATION_REVERSE,1156,255,"{""book_min"":0.1,""chop_age_max"":144,""chop_age_min"":1,""efficiency_min"":0.015,""imbalance_min"":0.025,""imbalance_window"":""5m"",""intensity_min"":0.3,""require_body_alignment"":true,""require_trend_alignment"":true,""session"":""LATE"",""spread_ratio_max"":1.5}"
32434,34c32adc7a3f00be,31434,CHOP,CHOP_FLOW_CONTINUATION_REVERSE,9268,1623,"{""book_min"":0.03,""chop_age_max"":2000,""chop_age_min"":1,""efficiency_min"":0.0,""imbalance_min"":0.025,""imbalance_window"":""5m"",""intensity_min"":0.5,""require_body_alignment"":true,""require_trend_alignment"":false,""session"":""LONDON"",""spread_ratio_max"":1.5}"
32435,d3b394a1cef16904,31435,CHOP,CHOP_FLOW_CONTINUATION_REVERSE,2630,519,"{""book_min"":0.03,""chop_age_max"":432,""chop_age_min"":48,""efficiency_min"":0.0,""imbalance_min"":0.025,""imbalance_window"":""5m"",""intensity_min"":1.0,""require_body_alignment"":true,""require_trend_alignment"":true,""session"":""NY"",""spread_ratio_max"":1.3}"
32436,5e514312679cc466,31436,CHOP,CHOP_FLOW_CONTINUATION_REVERSE,569,72,"{""book_min"":0.03,""chop_age_max"":48,""chop_age_min"":1,""efficiency_min"":0.0,""imbalance_min"":0.035,""imbalance_window"":""15m"",""intensity_min"":0.3,""require_body_alignment"":true,""require_trend_alignment"":true,""session"":""NY"",""spread_ratio_max"":1.3}"
32437,4504659ab84e01be,31437,CHOP,CHOP_FLOW_CONTINUATION_REVERSE,1133,228,"{""book_min"":0.0,""chop_age_max"":48,""chop_age_min"":12,""efficiency_min"":0.035,""imbalance_min"":0.015,""imbalance_window"":""15m"",""intensity_min"":0.3,""require_body_alignment"":false,""require_trend_alignment"":false,""session"":""NY"",""spread_ratio_max"":1.5}"
32438,85dd1f36140f4707,31438,CHOP,CHOP_FLOW_CONTINUATION_REVERSE,212,37,"{""book_min"":0.1,""chop_age_max"":144,""chop_age_min"":12,""efficiency_min"":0.035,""imbalance_min"":0.035,""imbalance_window"":""5m"",""intensity_min"":1.0,""require_body_alignment"":false,""require_trend_alignment"":true,""session"":""ASIA"",""spread_ratio_max"":1.3}"
32439,3282b8f341b67e4b,31439,CHOP,CHOP_FLOW_EXHAUSTION_REVERSE,535,96,"{""chop_age_max"":144,""chop_age_min"":48,""impulse_atr_min"":0.2,""impulse_bars"":6,""impulse_tick_min"":0.005,""intensity_min"":0.8,""reversal_book_min"":0.0,""reversal_location_min"":0.55,""session"":""ASIA""}"
32440,1addd8d60cd3010e,31440,CHOP,CHOP_FLOW_EXHAUSTION_REVERSE,317,35,"{""chop_age_max"":144,""chop_age_min"":12,""impulse_atr_min"":0.8,""impulse_bars"":6,""impulse_tick_min"":0.03,""intensity_min"":0.5,""reversal_book_min"":0.06,""reversal_location_min"":0.45,""session"":""LATE""}"
32441,90df37b4ec41a326,31441,CHOP,CHOP_FLOW_EXHAUSTION_REVERSE,3415,619,"{""chop_age_max"":432,""chop_age_min"":1,""impulse_atr_min"":0.2,""impulse_bars"":3,""impulse_tick_min"":0.015,""intensity_min"":1.1,""reversal_book_min"":0.03,""reversal_location_min"":0.45,""session"":""ALL""}"
32442,49f2b25b1110a247,31442,CHOP,CHOP_FLOW_EXHAUSTION_REVERSE,1913,420,"{""chop_age_max"":2000,""chop_age_min"":1,""impulse_atr_min"":0.8,""impulse_bars"":3,""impulse_tick_min"":0.005,""intensity_min"":0.8,""reversal_book_min"":0.03,""reversal_location_min"":0.35,""session"":""LONDON""}"
32443,69d1c07d87c22b2a,31443,CHOP,CHOP_FLOW_EXHAUSTION_REVERSE,131,21,"{""chop_age_max"":144,""chop_age_min"":12,""impulse_atr_min"":0.55,""impulse_bars"":1,""impulse_tick_min"":0.005,""intensity_min"":0.8,""reversal_book_min"":0.03,""reversal_location_min"":0.45,""session"":""ALL""}"
32444,f59c215b3ee2e74c,31444,CHOP,CHOP_FLOW_EXHAUSTION_REVERSE,1864,299,"{""chop_age_max"":432,""chop_age_min"":12,""impulse_atr_min"":0.8,""impulse_bars"":12,""impulse_tick_min"":0.015,""intensity_min"":0.8,""reversal_book_min"":0.0,""reversal_location_min"":0.35,""session"":""LONDON""}"
32445,21436e96f97dcbfd,31445,CHOP,CHOP_FLOW_EXHAUSTION_REVERSE,445,30,"{""chop_age_max"":2000,""chop_age_min"":48,""impulse_atr_min"":0.35,""impulse_bars"":6,""impulse_tick_min"":0.03,""intensity_min"":0.8,""reversal_book_min"":0.06,""reversal_location_min"":0.45,""session"":""LATE""}"
32446,415fe2041989dbc6,31446,CHOP,CHOP_FLOW_EXHAUSTION_REVERSE,190,36,"{""chop_age_max"":144,""chop_age_min"":1,""impulse_atr_min"":0.35,""impulse_bars"":6,""impulse_tick_min"":0.015,""intensity_min"":1.1,""reversal_book_min"":0.03,""reversal_location_min"":0.45,""session"":""ASIA""}"
32447,529540c33cf19fd4,31447,CHOP,CHOP_FLOW_EXHAUSTION_REVERSE,5370,828,"{""chop_age_max"":2000,""chop_age_min"":12,""impulse_atr_min"":0.55,""impulse_bars"":6,""impulse_tick_min"":0.015,""intensity_min"":0.8,""reversal_book_min"":0.03,""reversal_location_min"":0.45,""session"":""ALL""}"
32448,67aa6f9a4cda0acd,31448,CHOP,CHOP_FLOW_EXHAUSTION_REVERSE,931,179,"{""chop_age_max"":48,""chop_age_min"":1,""impulse_atr_min"":0.35,""impulse_bars"":3,""impulse_tick_min"":0.005,""intensity_min"":1.1,""reversal_book_min"":0.03,""reversal_location_min"":0.45,""session"":""ALL""}"
32449,ffc3a729ed0d71b0,31449,CHOP,CHOP_FLOW_EXHAUSTION_REVERSE,335,73,"{""chop_age_max"":2000,""chop_age_min"":1,""impulse_atr_min"":0.2,""impulse_bars"":1,""impulse_tick_min"":0.015,""intensity_min"":0.8,""reversal_book_min"":0.06,""reversal_location_min"":0.45,""session"":""ASIA""}"
32450,941a5168efe9c82f,31450,CHOP,CHOP_FLOW_EXHAUSTION_REVERSE,447,77,"{""chop_age_max"":2000,""chop_age_min"":48,""impulse_atr_min"":0.35,""impulse_bars"":1,""impulse_tick_min"":0.015,""intensity_min"":1.1,""reversal_book_min"":0.03,""reversal_location_min"":0.35,""session"":""NY""}"
32451,184f52b176d811a2,31451,CHOP,CHOP_FLOW_EXHAUSTION_REVERSE,1032,154,"{""chop_age_max"":2000,""chop_age_min"":1,""impulse_atr_min"":0.2,""impulse_bars"":6,""impulse_tick_min"":0.015,""intensity_min"":1.1,""reversal_book_min"":0.06,""reversal_location_min"":0.45,""session"":""LONDON""}"
32452,716c9497d6adb8d0,31452,CHOP,CHOP_FLOW_EXHAUSTION_REVERSE,1106,136,"{""chop_age_max"":432,""chop_age_min"":48,""impulse_atr_min"":0.2,""impulse_bars"":1,""impulse_tick_min"":0.03,""intensity_min"":0.8,""reversal_book_min"":0.06,""reversal_location_min"":0.35,""session"":""ALL""}"
32453,9f404aeca946bb82,31453,CHOP,CHOP_FLOW_EXHAUSTION_REVERSE,1010,206,"{""chop_age_max"":432,""chop_age_min"":12,""impulse_atr_min"":0.8,""impulse_bars"":3,""impulse_tick_min"":0.005,""intensity_min"":0.3,""reversal_book_min"":0.0,""reversal_location_min"":0.55,""session"":""NY""}"
32454,ba0efd274a49658a,31454,CHOP,CHOP_FLOW_EXHAUSTION_REVERSE,387,85,"{""chop_age_max"":432,""chop_age_min"":1,""impulse_atr_min"":0.55,""impulse_bars"":3,""impulse_tick_min"":0.005,""intensity_min"":1.1,""reversal_book_min"":0.06,""reversal_location_min"":0.45,""session"":""ASIA""}"
32455,3003c4e2d824876b,31455,CHOP,CHOP_FLOW_EXHAUSTION_REVERSE,175,34,"{""chop_age_max"":48,""chop_age_min"":1,""impulse_atr_min"":0.55,""impulse_bars"":1,""impulse_tick_min"":0.015,""intensity_min"":0.3,""reversal_book_min"":0.03,""reversal_location_min"":0.35,""session"":""ALL""}"
32456,f6801624813accd6,31456,CHOP,CHOP_FLOW_EXHAUSTION_REVERSE,1183,205,"{""chop_age_max"":48,""chop_age_min"":12,""impulse_atr_min"":0.2,""impulse_bars"":12,""impulse_tick_min"":0.005,""intensity_min"":0.5,""reversal_book_min"":0.06,""reversal_location_min"":0.55,""session"":""ALL""}"
32457,9760eccd95ee6c0c,31457,CHOP,CHOP_FLOW_EXHAUSTION_REVERSE,2831,653,"{""chop_age_max"":432,""chop_age_min"":1,""impulse_atr_min"":0.2,""impulse_bars"":3,""impulse_tick_min"":0.005,""intensity_min"":0.5,""reversal_book_min"":0.0,""reversal_location_min"":0.45,""session"":""ASIA""}"
32458,c746c3c5ef14279d,31458,CHOP,CHOP_FLOW_EXHAUSTION_REVERSE,194,44,"{""chop_age_max"":144,""chop_age_min"":48,""impulse_atr_min"":0.55,""impulse_bars"":3,""impulse_tick_min"":0.015,""intensity_min"":0.3,""reversal_book_min"":0.06,""reversal_location_min"":0.55,""session"":""LATE""}"
32459,5fb7c56546f23efa,31459,CHOP,CHOP_FLOW_EXHAUSTION_REVERSE,360,65,"{""chop_age_max"":144,""chop_age_min"":12,""impulse_atr_min"":0.8,""impulse_bars"":3,""impulse_tick_min"":0.015,""intensity_min"":0.3,""reversal_book_min"":0.0,""reversal_location_min"":0.55,""session"":""LONDON""}"
32460,ce0ee9ffc1800b67,31460,CHOP,CHOP_FLOW_EXHAUSTION_REVERSE,837,143,"{""chop_age_max"":144,""chop_age_min"":12,""impulse_atr_min"":0.35,""impulse_bars"":12,""impulse_tick_min"":0.015,""intensity_min"":0.3,""reversal_book_min"":0.06,""reversal_location_min"":0.45,""session"":""LATE""}"
32461,68c916de0cec9545,31461,CHOP,CHOP_FLOW_EXHAUSTION_REVERSE,273,31,"{""chop_age_max"":144,""chop_age_min"":1,""impulse_atr_min"":0.2,""impulse_bars"":3,""impulse_tick_min"":0.015,""intensity_min"":1.1,""reversal_book_min"":0.06,""reversal_location_min"":0.35,""session"":""LATE""}"
32462,f29d63ccae542082,31462,CHOP,CHOP_FLOW_EXHAUSTION_REVERSE,584,70,"{""chop_age_max"":48,""chop_age_min"":1,""impulse_atr_min"":0.35,""impulse_bars"":6,""impulse_tick_min"":0.015,""intensity_min"":0.8,""reversal_book_min"":0.0,""reversal_location_min"":0.55,""session"":""NY""}"
32463,0aad831c5ed19326,31463,CHOP,CHOP_FLOW_EXHAUSTION_REVERSE,197,26,"{""chop_age_max"":432,""chop_age_min"":48,""impulse_atr_min"":0.55,""impulse_bars"":6,""impulse_tick_min"":0.03,""intensity_min"":1.1,""reversal_book_min"":0.0,""reversal_location_min"":0.55,""session"":""ASIA""}"
32464,c2ed9ea0cefbac2c,31464,CHOP,CHOP_FLOW_EXHAUSTION_REVERSE,1014,227,"{""chop_age_max"":2000,""chop_age_min"":48,""impulse_atr_min"":0.8,""impulse_bars"":12,""impulse_tick_min"":0.005,""intensity_min"":0.8,""reversal_book_min"":0.03,""reversal_location_min"":0.55,""session"":""ASIA""}"
32465,daea9c33ce4392b0,31465,CHOP,CHOP_FLOW_EXHAUSTION_REVERSE,985,192,"{""chop_age_max"":144,""chop_age_min"":1,""impulse_atr_min"":0.35,""impulse_bars"":3,""impulse_tick_min"":0.015,""intensity_min"":1.1,""reversal_book_min"":0.0,""reversal_location_min"":0.45,""session"":""NY""}"
32466,48cb6f66256a0580,31466,CHOP,CHOP_FLOW_EXHAUSTION_REVERSE,1055,141,"{""chop_age_max"":144,""chop_age_min"":1,""impulse_atr_min"":0.2,""impulse_bars"":1,""impulse_tick_min"":0.03,""intensity_min"":0.3,""reversal_book_min"":0.06,""reversal_location_min"":0.35,""session"":""ALL""}"
32467,18abf324e18c05ec,31467,CHOP,CHOP_FLOW_EXHAUSTION_REVERSE,1070,66,"{""chop_age_max"":144,""chop_age_min"":1,""impulse_atr_min"":0.35,""impulse_bars"":12,""impulse_tick_min"":0.03,""intensity_min"":0.5,""reversal_book_min"":0.0,""reversal_location_min"":0.45,""session"":""NY""}"
32468,d078a6e401e1749d,31468,CHOP,CHOP_FLOW_EXHAUSTION_REVERSE,1665,189,"{""chop_age_max"":2000,""chop_age_min"":1,""impulse_atr_min"":0.55,""impulse_bars"":3,""impulse_tick_min"":0.03,""intensity_min"":1.1,""reversal_book_min"":0.06,""reversal_location_min"":0.45,""session"":""ALL""}"
32469,e851781a66ad15bb,31469,CHOP,CHOP_FLOW_EXHAUSTION_REVERSE,2450,545,"{""chop_age_max"":432,""chop_age_min"":12,""impulse_atr_min"":0.55,""impulse_bars"":3,""impulse_tick_min"":0.015,""intensity_min"":0.3,""reversal_book_min"":0.0,""reversal_location_min"":0.35,""session"":""ASIA""}"
32470,fc2cf4f623e0ad44,31470,CHOP,CHOP_FLOW_EXHAUSTION_REVERSE,811,157,"{""chop_age_max"":48,""chop_age_min"":1,""impulse_atr_min"":0.2,""impulse_bars"":3,""impulse_tick_min"":0.005,""intensity_min"":0.5,""reversal_book_min"":0.03,""reversal_location_min"":0.45,""session"":""NY""}"
32471,d99df3567cdaa42d,31471,CHOP,CHOP_FLOW_EXHAUSTION_REVERSE,139,26,"{""chop_age_max"":144,""chop_age_min"":12,""impulse_atr_min"":0.35,""impulse_bars"":3,""impulse_tick_min"":0.005,""intensity_min"":1.1,""reversal_book_min"":0.06,""reversal_location_min"":0.55,""session"":""LATE""}"
32472,ce23b3942d2249b0,31472,CHOP,CHOP_FLOW_EXHAUSTION_REVERSE,2220,390,"{""chop_age_max"":2000,""chop_age_min"":12,""impulse_atr_min"":0.2,""impulse_bars"":3,""impulse_tick_min"":0.015,""intensity_min"":0.8,""reversal_book_min"":0.03,""reversal_location_min"":0.45,""session"":""NY""}"
32473,6a66531abc2129cd,31473,CHOP,CHOP_FLOW_EXHAUSTION_REVERSE,1261,179,"{""chop_age_max"":144,""chop_age_min"":1,""impulse_atr_min"":0.2,""impulse_bars"":6,""impulse_tick_min"":0.015,""intensity_min"":0.3,""reversal_book_min"":0.0,""reversal_location_min"":0.55,""session"":""NY""}"
32474,ff72d90ebb3191e2,31474,CHOP,CHOP_FLOW_EXHAUSTION_REVERSE,204,40,"{""chop_age_max"":48,""chop_age_min"":1,""impulse_atr_min"":0.35,""impulse_bars"":6,""impulse_tick_min"":0.015,""intensity_min"":0.3,""reversal_book_min"":0.0,""reversal_location_min"":0.55,""session"":""ASIA""}"
32475,acd17378cdba4a90,31475,CHOP,CHOP_FLOW_EXHAUSTION_REVERSE,1265,198,"{""chop_age_max"":2000,""chop_age_min"":1,""impulse_atr_min"":0.2,""impulse_bars"":12,""impulse_tick_min"":0.03,""intensity_min"":0.3,""reversal_book_min"":0.06,""reversal_location_min"":0.55,""session"":""ASIA""}"
32476,9b5b7017d0fe850e,31476,CHOP,CHOP_FLOW_EXHAUSTION_REVERSE,152,16,"{""chop_age_max"":48,""chop_age_min"":12,""impulse_atr_min"":0.35,""impulse_bars"":1,""impulse_tick_min"":0.005,""intensity_min"":0.5,""reversal_book_min"":0.0,""reversal_location_min"":0.35,""session"":""NY""}"
32477,d4f472eb37a5027c,31477,CHOP,CHOP_FLOW_EXHAUSTION_REVERSE,9026,1825,"{""chop_age_max"":432,""chop_age_min"":1,""impulse_atr_min"":0.2,""impulse_bars"":3,""impulse_tick_min"":0.015,""intensity_min"":0.5,""reversal_book_min"":0.03,""reversal_location_min"":0.35,""session"":""ALL""}"
32478,007b7f82dca19e4f,31478,CHOP,CHOP_FLOW_EXHAUSTION_REVERSE,493,50,"{""chop_age_max"":2000,""chop_age_min"":1,""impulse_atr_min"":0.2,""impulse_bars"":3,""impulse_tick_min"":0.015,""intensity_min"":1.1,""reversal_book_min"":0.06,""reversal_location_min"":0.35,""session"":""LATE""}"
32479,d54e97756559b5cd,31479,CHOP,CHOP_FLOW_EXHAUSTION_REVERSE,11093,2292,"{""chop_age_max"":2000,""chop_age_min"":12,""impulse_atr_min"":0.55,""impulse_bars"":6,""impulse_tick_min"":0.005,""intensity_min"":0.5,""reversal_book_min"":0.0,""reversal_location_min"":0.45,""session"":""ALL""}"
32480,2547f006eb8cc400,31480,CHOP,CHOP_FLOW_EXHAUSTION_REVERSE,169,36,"{""chop_age_max"":48,""chop_age_min"":1,""impulse_atr_min"":0.2,""impulse_bars"":6,""impulse_tick_min"":0.015,""intensity_min"":0.5,""reversal_book_min"":0.06,""reversal_location_min"":0.35,""session"":""ASIA""}"
32481,23e8f5955650c100,31481,CHOP,CHOP_FLOW_EXHAUSTION_REVERSE,1473,311,"{""chop_age_max"":432,""chop_age_min"":12,""impulse_atr_min"":0.55,""impulse_bars"":6,""impulse_tick_min"":0.005,""intensity_min"":0.5,""reversal_book_min"":0.03,""reversal_location_min"":0.55,""session"":""LONDON""}"
32482,83aaec4676837e07,31482,CHOP,CHOP_FLOW_EXHAUSTION_REVERSE,581,120,"{""chop_age_max"":144,""chop_age_min"":48,""impulse_atr_min"":0.55,""impulse_bars"":6,""impulse_tick_min"":0.005,""intensity_min"":0.3,""reversal_book_min"":0.06,""reversal_location_min"":0.55,""session"":""ASIA""}"
32483,26d7ff2774473a0d,31483,CHOP,CHOP_FLOW_EXHAUSTION_REVERSE,227,47,"{""chop_age_max"":144,""chop_age_min"":12,""impulse_atr_min"":0.8,""impulse_bars"":6,""impulse_tick_min"":0.005,""intensity_min"":0.8,""reversal_book_min"":0.06,""reversal_location_min"":0.55,""session"":""LATE""}"
32484,a95dff45bc71f136,31484,CHOP,CHOP_FLOW_EXHAUSTION_REVERSE,605,59,"{""chop_age_max"":432,""chop_age_min"":48,""impulse_atr_min"":0.8,""impulse_bars"":6,""impulse_tick_min"":0.03,""intensity_min"":0.3,""reversal_book_min"":0.0,""reversal_location_min"":0.55,""session"":""NY""}"
32485,e7521d8e1f38e14e,31485,CHOP,CHOP_FLOW_EXHAUSTION_REVERSE,210,33,"{""chop_age_max"":48,""chop_age_min"":12,""impulse_atr_min"":0.35,""impulse_bars"":12,""impulse_tick_min"":0.015,""intensity_min"":0.3,""reversal_book_min"":0.03,""reversal_location_min"":0.55,""session"":""LONDON""}"
32486,36851da9ba277bdb,31486,CHOP,CHOP_FLOW_EXHAUSTION_REVERSE,244,39,"{""chop_age_max"":144,""chop_age_min"":12,""impulse_atr_min"":0.55,""impulse_bars"":12,""impulse_tick_min"":0.03,""intensity_min"":0.8,""reversal_book_min"":0.03,""reversal_location_min"":0.45,""session"":""ASIA""}"
32487,fdb3a8c9ab059e00,31487,CHOP,CHOP_FLOW_EXHAUSTION_REVERSE,1755,155,"{""chop_age_max"":432,""chop_age_min"":1,""impulse_atr_min"":0.35,""impulse_bars"":12,""impulse_tick_min"":0.03,""intensity_min"":0.3,""reversal_book_min"":0.0,""reversal_location_min"":0.35,""session"":""LONDON""}"
32488,eabb522024ff93ee,31488,CHOP,CHOP_FLOW_EXHAUSTION_REVERSE,1339,213,"{""chop_age_max"":432,""chop_age_min"":12,""impulse_atr_min"":0.8,""impulse_bars"":12,""impulse_tick_min"":0.015,""intensity_min"":0.3,""reversal_book_min"":0.03,""reversal_location_min"":0.45,""session"":""LATE""}"
32489,91be85701a0a9017,31489,CHOP,CHOP_FLOW_EXHAUSTION_REVERSE,1668,351,"{""chop_age_max"":432,""chop_age_min"":12,""impulse_atr_min"":0.35,""impulse_bars"":3,""impulse_tick_min"":0.015,""intensity_min"":0.5,""reversal_book_min"":0.03,""reversal_location_min"":0.45,""session"":""LONDON""}"
32490,0a0ff3644ccc9935,31490,CHOP,CHOP_FLOW_EXHAUSTION_REVERSE,135,26,"{""chop_age_max"":2000,""chop_age_min"":12,""impulse_atr_min"":0.35,""impulse_bars"":1,""impulse_tick_min"":0.005,""intensity_min"":1.1,""reversal_book_min"":0.06,""reversal_location_min"":0.45,""session"":""ASIA""}"
32491,938e5069b83e2827,31491,CHOP,CHOP_FLOW_EXHAUSTION_REVERSE,664,126,"{""chop_age_max"":2000,""chop_age_min"":48,""impulse_atr_min"":0.55,""impulse_bars"":3,""impulse_tick_min"":0.015,""intensity_min"":0.5,""reversal_book_min"":0.03,""reversal_location_min"":0.45,""session"":""LATE""}"
32492,4be104de1e5d4833,31492,CHOP,CHOP_FLOW_EXHAUSTION_REVERSE,3316,620,"{""chop_age_max"":2000,""chop_age_min"":48,""impulse_atr_min"":0.55,""impulse_bars"":12,""impulse_tick_min"":0.005,""intensity_min"":0.3,""reversal_book_min"":0.0,""reversal_location_min"":0.45,""session"":""LONDON""}"
32493,16aa6996ba31cbcc,31493,CHOP,CHOP_FLOW_EXHAUSTION_REVERSE,1601,195,"{""chop_age_max"":2000,""chop_age_min"":1,""impulse_atr_min"":0.2,""impulse_bars"":3,""impulse_tick_min"":0.03,""intensity_min"":0.8,""reversal_book_min"":0.0,""reversal_location_min"":0.45,""session"":""LONDON""}"
32494,d37b7ad764dbf9d4,31494,CHOP,CHOP_FLOW_EXHAUSTION_REVERSE,1713,171,"{""chop_age_max"":2000,""chop_age_min"":48,""impulse_atr_min"":0.35,""impulse_bars"":3,""impulse_tick_min"":0.03,""intensity_min"":1.1,""reversal_book_min"":0.0,""reversal_location_min"":0.55,""session"":""ALL""}"
32495,94e60592383f155f,31495,CHOP,CHOP_FLOW_EXHAUSTION_REVERSE,118,18,"{""chop_age_max"":2000,""chop_age_min"":12,""impulse_atr_min"":0.8,""impulse_bars"":1,""impulse_tick_min"":0.005,""intensity_min"":0.5,""reversal_book_min"":0.03,""reversal_location_min"":0.35,""session"":""NY""}"
32496,4f0f89c8c7c01214,31496,CHOP,CHOP_FLOW_EXHAUSTION_REVERSE,4867,522,"{""chop_age_max"":2000,""chop_age_min"":12,""impulse_atr_min"":0.35,""impulse_bars"":6,""impulse_tick_min"":0.03,""intensity_min"":0.5,""reversal_book_min"":0.0,""reversal_location_min"":0.55,""session"":""ALL""}"
32497,1abb877f63cb6aec,31497,CHOP,CHOP_FLOW_EXHAUSTION_REVERSE,539,104,"{""chop_age_max"":48,""chop_age_min"":1,""impulse_atr_min"":0.35,""impulse_bars"":6,""impulse_tick_min"":0.005,""intensity_min"":0.3,""reversal_book_min"":0.03,""reversal_location_min"":0.45,""session"":""LATE""}"
32498,b509c28eb64236fb,31498,CHOP,CHOP_FLOW_EXHAUSTION_REVERSE,904,130,"{""chop_age_max"":432,""chop_age_min"":48,""impulse_atr_min"":0.35,""impulse_bars"":12,""impulse_tick_min"":0.015,""intensity_min"":0.5,""reversal_book_min"":0.0,""reversal_location_min"":0.55,""session"":""LATE""}"
32499,60017e832ad08ee1,31499,CHOP,CHOP_FLOW_EXHAUSTION_REVERSE,124,23,"{""chop_age_max"":48,""chop_age_min"":1,""impulse_atr_min"":0.8,""impulse_bars"":12,""impulse_tick_min"":0.005,""intensity_min"":0.5,""reversal_book_min"":0.03,""reversal_location_min"":0.55,""session"":""ASIA""}"
32500,d23077db58016604,31500,CHOP,CHOP_FLOW_EXHAUSTION_REVERSE,389,89,"{""chop_age_max"":432,""chop_age_min"":1,""impulse_atr_min"":0.55,""impulse_bars"":6,""impulse_tick_min"":0.005,""intensity_min"":1.1,""reversal_book_min"":0.03,""reversal_location_min"":0.55,""session"":""ASIA""}"
32501,ea8722ef3d6c1d43,31501,CHOP,CHOP_FLOW_EXHAUSTION_REVERSE,1768,303,"{""chop_age_max"":144,""chop_age_min"":1,""impulse_atr_min"":0.35,""impulse_bars"":12,""impulse_tick_min"":0.005,""intensity_min"":0.8,""reversal_book_min"":0.06,""reversal_location_min"":0.35,""session"":""NY""}"
32502,38b1531d5ceb074f,31502,CHOP,CHOP_FLOW_EXHAUSTION_REVERSE,1325,195,"{""chop_age_max"":432,""chop_age_min"":1,""impulse_atr_min"":0.35,""impulse_bars"":6,""impulse_tick_min"":0.015,""intensity_min"":0.3,""reversal_book_min"":0.06,""reversal_location_min"":0.55,""session"":""NY""}"
32503,d0c2b8610e561580,31503,CHOP,CHOP_FLOW_EXHAUSTION_REVERSE,1243,197,"{""chop_age_max"":2000,""chop_age_min"":48,""impulse_atr_min"":0.55,""impulse_bars"":12,""impulse_tick_min"":0.015,""intensity_min"":0.3,""reversal_book_min"":0.06,""reversal_location_min"":0.45,""session"":""LATE""}"
32504,860819bee42dc5d8,31504,CHOP,CHOP_FLOW_EXHAUSTION_REVERSE,436,79,"{""chop_age_max"":48,""chop_age_min"":1,""impulse_atr_min"":0.8,""impulse_bars"":12,""impulse_tick_min"":0.005,""intensity_min"":0.5,""reversal_book_min"":0.0,""reversal_location_min"":0.55,""session"":""LATE""}"
32505,eeae6d18dc5d0a53,31505,CHOP,CHOP_FLOW_EXHAUSTION_REVERSE,2305,496,"{""chop_age_max"":2000,""chop_age_min"":12,""impulse_atr_min"":0.2,""impulse_bars"":3,""impulse_tick_min"":0.005,""intensity_min"":0.3,""reversal_book_min"":0.06,""reversal_location_min"":0.35,""session"":""LATE""}"
32506,f2cadd2d531de534,31506,CHOP,CHOP_FLOW_EXHAUSTION_REVERSE,432,64,"{""chop_age_max"":144,""chop_age_min"":1,""impulse_atr_min"":0.35,""impulse_bars"":12,""impulse_tick_min"":0.015,""intensity_min"":1.1,""reversal_book_min"":0.0,""reversal_location_min"":0.45,""session"":""LONDON""}"
32507,3595d81f94204362,31507,CHOP,CHOP_FLOW_EXHAUSTION_REVERSE,277,53,"{""chop_age_max"":48,""chop_age_min"":1,""impulse_atr_min"":0.35,""impulse_bars"":1,""impulse_tick_min"":0.005,""intensity_min"":0.5,""reversal_book_min"":0.0,""reversal_location_min"":0.45,""session"":""ALL""}"
32508,c3f8cf47ecd20b0e,31508,CHOP,CHOP_FLOW_EXHAUSTION_REVERSE,510,54,"{""chop_age_max"":2000,""chop_age_min"":48,""impulse_atr_min"":0.2,""impulse_bars"":12,""impulse_tick_min"":0.005,""intensity_min"":1.1,""reversal_book_min"":0.0,""reversal_location_min"":0.55,""session"":""LATE""}"
32509,39ac982d74016be8,31509,CHOP,CHOP_FLOW_EXHAUSTION_REVERSE,217,42,"{""chop_age_max"":144,""chop_age_min"":12,""impulse_atr_min"":0.35,""impulse_bars"":1,""impulse_tick_min"":0.015,""intensity_min"":0.5,""reversal_book_min"":0.06,""reversal_location_min"":0.35,""session"":""ASIA""}"
32510,44e676d65b7b4299,31510,CHOP,CHOP_FLOW_EXHAUSTION_REVERSE,298,59,"{""chop_age_max"":144,""chop_age_min"":1,""impulse_atr_min"":0.8,""impulse_bars"":3,""impulse_tick_min"":0.005,""intensity_min"":0.5,""reversal_book_min"":0.06,""reversal_location_min"":0.55,""session"":""LONDON""}"
32511,c1b5617c6f52ba98,31511,CHOP,CHOP_FLOW_EXHAUSTION_REVERSE,301,34,"{""chop_age_max"":432,""chop_age_min"":48,""impulse_atr_min"":0.35,""impulse_bars"":3,""impulse_tick_min"":0.015,""intensity_min"":1.1,""reversal_book_min"":0.03,""reversal_location_min"":0.35,""session"":""LATE""}"
32512,1071276bfcd1d816,31512,CHOP,CHOP_FLOW_EXHAUSTION_REVERSE,399,47,"{""chop_age_max"":432,""chop_age_min"":48,""impulse_atr_min"":0.2,""impulse_bars"":3,""impulse_tick_min"":0.015,""intensity_min"":1.1,""reversal_book_min"":0.0,""reversal_location_min"":0.35,""session"":""LATE""}"
32513,061ab87bc298a505,31513,CHOP,CHOP_FLOW_EXHAUSTION_REVERSE,1058,103,"{""chop_age_max"":432,""chop_age_min"":1,""impulse_atr_min"":0.2,""impulse_bars"":6,""impulse_tick_min"":0.03,""intensity_min"":0.5,""reversal_book_min"":0.06,""reversal_location_min"":0.35,""session"":""LATE""}"
32514,a7044a1be344c181,31514,CHOP,CHOP_FLOW_EXHAUSTION_REVERSE,4279,769,"{""chop_age_max"":144,""chop_age_min"":1,""impulse_atr_min"":0.2,""impulse_bars"":12,""impulse_tick_min"":0.005,""intensity_min"":1.1,""reversal_book_min"":0.0,""reversal_location_min"":0.35,""session"":""ALL""}"
32515,b2147bcdd5791ae0,31515,CHOP,CHOP_FLOW_EXHAUSTION_REVERSE,2385,396,"{""chop_age_max"":144,""chop_age_min"":1,""impulse_atr_min"":0.2,""impulse_bars"":12,""impulse_tick_min"":0.005,""intensity_min"":1.1,""reversal_book_min"":0.0,""reversal_location_min"":0.35,""session"":""NY""}"
32516,9be5337a6f06d9d7,31516,CHOP,CHOP_FLOW_EXHAUSTION_REVERSE,3305,623,"{""chop_age_max"":2000,""chop_age_min"":1,""impulse_atr_min"":0.8,""impulse_bars"":12,""impulse_tick_min"":0.005,""intensity_min"":0.5,""reversal_book_min"":0.03,""reversal_location_min"":0.35,""session"":""LONDON""}"
32517,9d2fa35e1c2bdfa3,31517,CHOP,CHOP_FLOW_EXHAUSTION_REVERSE,3418,731,"{""chop_age_max"":144,""chop_age_min"":12,""impulse_atr_min"":0.8,""impulse_bars"":6,""impulse_tick_min"":0.005,""intensity_min"":0.8,""reversal_book_min"":0.0,""reversal_location_min"":0.35,""session"":""ALL""}"
32518,27f46fe30511ba71,31518,CHOP,CHOP_FLOW_EXHAUSTION_REVERSE,1111,73,"{""chop_age_max"":144,""chop_age_min"":1,""impulse_atr_min"":0.55,""impulse_bars"":12,""impulse_tick_min"":0.03,""intensity_min"":1.1,""reversal_book_min"":0.0,""reversal_location_min"":0.55,""session"":""ALL""}"
32519,fbb1101f59b255dd,31519,CHOP,CHOP_FLOW_EXHAUSTION_REVERSE,931,70,"{""chop_age_max"":432,""chop_age_min"":48,""impulse_atr_min"":0.35,""impulse_bars"":12,""impulse_tick_min"":0.03,""intensity_min"":1.1,""reversal_book_min"":0.06,""reversal_location_min"":0.35,""session"":""NY""}"
32520,295a5abad4ef77f2,31520,CHOP,CHOP_FLOW_EXHAUSTION_REVERSE,1425,287,"{""chop_age_max"":432,""chop_age_min"":1,""impulse_atr_min"":0.55,""impulse_bars"":12,""impulse_tick_min"":0.005,""intensity_min"":0.8,""reversal_book_min"":0.03,""reversal_location_min"":0.55,""session"":""LONDON""}"
32521,d56cdadca08d858e,31521,CHOP,CHOP_FLOW_EXHAUSTION_REVERSE,1064,230,"{""chop_age_max"":2000,""chop_age_min"":1,""impulse_atr_min"":0.35,""impulse_bars"":3,""impulse_tick_min"":0.005,""intensity_min"":1.1,""reversal_book_min"":0.03,""reversal_location_min"":0.55,""session"":""LONDON""}"
32522,fa4493c9b0e540c5,31522,CHOP,CHOP_FLOW_EXHAUSTION_REVERSE,1226,228,"{""chop_age_max"":2000,""chop_age_min"":1,""impulse_atr_min"":0.8,""impulse_bars"":6,""impulse_tick_min"":0.005,""intensity_min"":0.5,""reversal_book_min"":0.06,""reversal_location_min"":0.35,""session"":""LATE""}"
32523,be1a74c18353fe4f,31523,CHOP,CHOP_FLOW_EXHAUSTION_REVERSE,2735,510,"{""chop_age_max"":432,""chop_age_min"":48,""impulse_atr_min"":0.8,""impulse_bars"":6,""impulse_tick_min"":0.015,""intensity_min"":0.5,""reversal_book_min"":0.03,""reversal_location_min"":0.55,""session"":""ALL""}"
32524,46d304b90df34e01,31524,CHOP,CHOP_FLOW_EXHAUSTION_REVERSE,524,94,"{""chop_age_max"":144,""chop_age_min"":48,""impulse_atr_min"":0.35,""impulse_bars"":6,""impulse_tick_min"":0.005,""intensity_min"":0.3,""reversal_book_min"":0.06,""reversal_location_min"":0.45,""session"":""LATE""}"
32525,c17c3df841859bbc,31525,CHOP,CHOP_FLOW_EXHAUSTION_REVERSE,491,71,"{""chop_age_max"":48,""chop_age_min"":1,""impulse_atr_min"":0.55,""impulse_bars"":12,""impulse_tick_min"":0.015,""intensity_min"":0.3,""reversal_book_min"":0.03,""reversal_location_min"":0.45,""session"":""LATE""}"
32526,f68014b124197ceb,31526,CHOP,CHOP_FLOW_EXHAUSTION_REVERSE,1136,195,"{""chop_age_max"":144,""chop_age_min"":1,""impulse_atr_min"":0.2,""impulse_bars"":3,""impulse_tick_min"":0.03,""intensity_min"":0.3,""reversal_book_min"":0.0,""reversal_location_min"":0.35,""session"":""LATE""}"
32527,107d256e830c1e83,31527,CHOP,CHOP_FLOW_EXHAUSTION_REVERSE,304,47,"{""chop_age_max"":144,""chop_age_min"":48,""impulse_atr_min"":0.8,""impulse_bars"":3,""impulse_tick_min"":0.005,""intensity_min"":0.5,""reversal_book_min"":0.0,""reversal_location_min"":0.45,""session"":""LONDON""}"
32528,49020d5e9e0270ee,31528,CHOP,CHOP_FLOW_EXHAUSTION_REVERSE,453,100,"{""chop_age_max"":48,""chop_age_min"":12,""impulse_atr_min"":0.8,""impulse_bars"":3,""impulse_tick_min"":0.015,""intensity_min"":0.3,""reversal_book_min"":0.03,""reversal_location_min"":0.55,""session"":""ALL""}"
32529,4b572368e54bcda0,31529,CHOP,CHOP_FLOW_EXHAUSTION_REVERSE,1171,268,"{""chop_age_max"":432,""chop_age_min"":48,""impulse_atr_min"":0.35,""impulse_bars"":12,""impulse_tick_min"":0.005,""intensity_min"":0.8,""reversal_book_min"":0.03,""reversal_location_min"":0.45,""session"":""ASIA""}"
32530,09707a8d3822dbb9,31530,CHOP,CHOP_FLOW_EXHAUSTION_REVERSE,1021,87,"{""chop_age_max"":48,""chop_age_min"":12,""impulse_atr_min"":0.35,""impulse_bars"":12,""impulse_tick_min"":0.03,""intensity_min"":0.3,""reversal_book_min"":0.03,""reversal_location_min"":0.45,""session"":""ALL""}"
32531,12fd6d0d7af5c611,31531,CHOP,CHOP_FLOW_EXHAUSTION_REVERSE,392,44,"{""chop_age_max"":2000,""chop_age_min"":12,""impulse_atr_min"":0.8,""impulse_bars"":3,""impulse_tick_min"":0.03,""intensity_min"":1.1,""reversal_book_min"":0.0,""reversal_location_min"":0.55,""session"":""LONDON""}"
32532,abed81e81b5cf52c,31532,CHOP,CHOP_FLOW_EXHAUSTION_REVERSE,206,15,"{""chop_age_max"":48,""chop_age_min"":12,""impulse_atr_min"":0.8,""impulse_bars"":6,""impulse_tick_min"":0.03,""intensity_min"":1.1,""reversal_book_min"":0.06,""reversal_location_min"":0.55,""session"":""ALL""}"
32533,44b7089428384951,31533,CHOP,CHOP_FLOW_EXHAUSTION_REVERSE,450,40,"{""chop_age_max"":48,""chop_age_min"":12,""impulse_atr_min"":0.35,""impulse_bars"":12,""impulse_tick_min"":0.015,""intensity_min"":0.3,""reversal_book_min"":0.06,""reversal_location_min"":0.45,""session"":""NY""}"
32534,0d8da294231fb775,31534,CHOP,CHOP_FLOW_EXHAUSTION_REVERSE,582,116,"{""chop_age_max"":144,""chop_age_min"":1,""impulse_atr_min"":0.35,""impulse_bars"":3,""impulse_tick_min"":0.015,""intensity_min"":0.3,""reversal_book_min"":0.06,""reversal_location_min"":0.45,""session"":""LONDON""}"
32535,bd8c4dad2564cb95,31535,CHOP,CHOP_FLOW_EXHAUSTION_REVERSE,951,176,"{""chop_age_max"":432,""chop_age_min"":12,""impulse_atr_min"":0.35,""impulse_bars"":6,""impulse_tick_min"":0.015,""intensity_min"":0.3,""reversal_book_min"":0.06,""reversal_location_min"":0.55,""session"":""LATE""}"
32536,47cdc028062d0c6e,31536,CHOP,CHOP_FLOW_EXHAUSTION_REVERSE,2753,385,"{""chop_age_max"":2000,""chop_age_min"":48,""impulse_atr_min"":0.2,""impulse_bars"":6,""impulse_tick_min"":0.015,""intensity_min"":0.5,""reversal_book_min"":0.0,""reversal_location_min"":0.45,""session"":""NY""}"
32537,ec0dca7a61be9d5e,31537,CHOP,CHOP_FLOW_EXHAUSTION_REVERSE,9711,1765,"{""chop_age_max"":2000,""chop_age_min"":12,""impulse_atr_min"":0.2,""impulse_bars"":12,""impulse_tick_min"":0.005,""intensity_min"":0.8,""reversal_book_min"":0.03,""reversal_location_min"":0.45,""session"":""ALL""}"
32538,f658e0a895b1d2c3,31538,CHOP,CHOP_FLOW_EXHAUSTION_REVERSE,1588,335,"{""chop_age_max"":432,""chop_age_min"":48,""impulse_atr_min"":0.8,""impulse_bars"":12,""impulse_tick_min"":0.005,""intensity_min"":0.3,""reversal_book_min"":0.03,""reversal_location_min"":0.55,""session"":""ASIA""}"
32539,b73a85792cf3901f,31539,CHOP,CHOP_FLOW_EXHAUSTION_REVERSE,1288,219,"{""chop_age_max"":2000,""chop_age_min"":1,""impulse_atr_min"":0.8,""impulse_bars"":12,""impulse_tick_min"":0.005,""intensity_min"":0.5,""reversal_book_min"":0.03,""reversal_location_min"":0.55,""session"":""LATE""}"
32540,009797104e483710,31540,CHOP,CHOP_FLOW_EXHAUSTION_REVERSE,142,18,"{""chop_age_max"":432,""chop_age_min"":12,""impulse_atr_min"":0.35,""impulse_bars"":1,""impulse_tick_min"":0.03,""intensity_min"":0.3,""reversal_book_min"":0.0,""reversal_location_min"":0.45,""session"":""LATE""}"
32541,7b33d4e853a3afa9,31541,CHOP,CHOP_FLOW_EXHAUSTION_REVERSE,1866,352,"{""chop_age_max"":432,""chop_age_min"":12,""impulse_atr_min"":0.35,""impulse_bars"":3,""impulse_tick_min"":0.015,""intensity_min"":0.8,""reversal_book_min"":0.03,""reversal_location_min"":0.35,""session"":""NY""}"
32542,6177a231c4409af2,31542,CHOP,CHOP_FLOW_EXHAUSTION_REVERSE,554,74,"{""chop_age_max"":432,""chop_age_min"":48,""impulse_atr_min"":0.8,""impulse_bars"":3,""impulse_tick_min"":0.03,""intensity_min"":0.5,""reversal_book_min"":0.06,""reversal_location_min"":0.35,""session"":""LONDON""}"
32543,18d8ab6f9194f99d,31543,CHOP,CHOP_FLOW_EXHAUSTION_REVERSE,913,142,"{""chop_age_max"":2000,""chop_age_min"":48,""impulse_atr_min"":0.35,""impulse_bars"":6,""impulse_tick_min"":0.015,""intensity_min"":1.1,""reversal_book_min"":0.0,""reversal_location_min"":0.55,""session"":""LONDON""}"
32544,5bde95de056feb83,31544,CHOP,CHOP_FLOW_EXHAUSTION_REVERSE,387,45,"{""chop_age_max"":2000,""chop_age_min"":12,""impulse_atr_min"":0.35,""impulse_bars"":1,""impulse_tick_min"":0.03,""intensity_min"":1.1,""reversal_book_min"":0.03,""reversal_location_min"":0.45,""session"":""ALL""}"
32545,ad774fc38aad4062,31545,CHOP,CHOP_FLOW_EXHAUSTION_REVERSE,196,34,"{""chop_age_max"":144,""chop_age_min"":48,""impulse_atr_min"":0.35,""impulse_bars"":1,""impulse_tick_min"":0.005,""intensity_min"":0.3,""reversal_book_min"":0.0,""reversal_location_min"":0.35,""session"":""LONDON""}"
32546,790629ff0beb74f0,31546,CHOP,CHOP_FLOW_EXHAUSTION_REVERSE,332,65,"{""chop_age_max"":48,""chop_age_min"":12,""impulse_atr_min"":0.55,""impulse_bars"":3,""impulse_tick_min"":0.005,""intensity_min"":0.5,""reversal_book_min"":0.06,""reversal_location_min"":0.35,""session"":""LONDON""}"
32547,9f3fcc42bd5880c3,31547,CHOP,CHOP_FLOW_EXHAUSTION_REVERSE,2339,239,"{""chop_age_max"":432,""chop_age_min"":48,""impulse_atr_min"":0.8,""impulse_bars"":12,""impulse_tick_min"":0.03,""intensity_min"":0.5,""reversal_book_min"":0.03,""reversal_location_min"":0.55,""session"":""ALL""}"
32548,8d6194eb3304dd5c,31548,CHOP,CHOP_FLOW_EXHAUSTION_REVERSE,910,198,"{""chop_age_max"":144,""chop_age_min"":12,""impulse_atr_min"":0.55,""impulse_bars"":12,""impulse_tick_min"":0.015,""intensity_min"":0.3,""reversal_book_min"":0.03,""reversal_location_min"":0.45,""session"":""ASIA""}"
32549,646b815ba6ec3d68,31549,CHOP,CHOP_FLOW_EXHAUSTION_REVERSE,353,15,"{""chop_age_max"":48,""chop_age_min"":12,""impulse_atr_min"":0.35,""impulse_bars"":12,""impulse_tick_min"":0.03,""intensity_min"":0.5,""reversal_book_min"":0.06,""reversal_location_min"":0.35,""session"":""NY""}"
32550,64e41c554d0682b2,31550,CHOP,CHOP_FLOW_EXHAUSTION_REVERSE,4753,858,"{""chop_age_max"":432,""chop_age_min"":48,""impulse_atr_min"":0.35,""impulse_bars"":12,""impulse_tick_min"":0.005,""intensity_min"":1.1,""reversal_book_min"":0.0,""reversal_location_min"":0.45,""session"":""ALL""}"
32551,61b9f7170ef581b9,31551,CHOP,CHOP_FLOW_EXHAUSTION_REVERSE,444,87,"{""chop_age_max"":2000,""chop_age_min"":12,""impulse_atr_min"":0.8,""impulse_bars"":12,""impulse_tick_min"":0.005,""intensity_min"":1.1,""reversal_book_min"":0.06,""reversal_location_min"":0.55,""session"":""ASIA""}"
32552,056982dc9300767f,31552,CHOP,CHOP_FLOW_EXHAUSTION_REVERSE,2034,152,"{""chop_age_max"":2000,""chop_age_min"":12,""impulse_atr_min"":0.2,""impulse_bars"":6,""impulse_tick_min"":0.03,""intensity_min"":0.8,""reversal_book_min"":0.03,""reversal_location_min"":0.35,""session"":""NY""}"
32553,7580a453e5172d34,31553,CHOP,CHOP_FLOW_EXHAUSTION_REVERSE,864,160,"{""chop_age_max"":2000,""chop_age_min"":1,""impulse_atr_min"":0.8,""impulse_bars"":3,""impulse_tick_min"":0.015,""intensity_min"":0.3,""reversal_book_min"":0.03,""reversal_location_min"":0.55,""session"":""NY""}"
32554,6695b61f517bdd4e,31554,CHOP,CHOP_FLOW_EXHAUSTION_REVERSE,2282,421,"{""chop_age_max"":2000,""chop_age_min"":48,""impulse_atr_min"":0.8,""impulse_bars"":6,""impulse_tick_min"":0.005,""intensity_min"":0.3,""reversal_book_min"":0.0,""reversal_location_min"":0.45,""session"":""NY""}"
32555,a7b3b696fadae3f5,31555,CHOP,CHOP_FLOW_EXHAUSTION_REVERSE,213,37,"{""chop_age_max"":48,""chop_age_min"":12,""impulse_atr_min"":0.35,""impulse_bars"":6,""impulse_tick_min"":0.015,""intensity_min"":0.5,""reversal_book_min"":0.06,""reversal_location_min"":0.55,""session"":""LATE""}"
32556,717159ce82d27275,31556,CHOP,CHOP_FLOW_EXHAUSTION_REVERSE,1843,370,"{""chop_age_max"":2000,""chop_age_min"":48,""impulse_atr_min"":0.8,""impulse_bars"":6,""impulse_tick_min"":0.005,""intensity_min"":0.3,""reversal_book_min"":0.0,""reversal_location_min"":0.55,""session"":""LONDON""}"
32557,66bc17dcd9fd810a,31557,CHOP,CHOP_FLOW_EXHAUSTION_REVERSE,587,57,"{""chop_age_max"":48,""chop_age_min"":1,""impulse_atr_min"":0.35,""impulse_bars"":12,""impulse_tick_min"":0.015,""intensity_min"":1.1,""reversal_book_min"":0.0,""reversal_location_min"":0.55,""session"":""NY""}"
32558,f2bd20f9cbc146dd,31558,CHOP,CHOP_FLOW_EXHAUSTION_REVERSE,728,75,"{""chop_age_max"":48,""chop_age_min"":1,""impulse_atr_min"":0.8,""impulse_bars"":12,""impulse_tick_min"":0.015,""intensity_min"":1.1,""reversal_book_min"":0.0,""reversal_location_min"":0.35,""session"":""NY""}"
32559,d252045560d2498a,31559,CHOP,CHOP_FLOW_EXHAUSTION_REVERSE,465,95,"{""chop_age_max"":2000,""chop_age_min"":12,""impulse_atr_min"":0.8,""impulse_bars"":3,""impulse_tick_min"":0.03,""intensity_min"":0.5,""reversal_book_min"":0.06,""reversal_location_min"":0.55,""session"":""ASIA""}"
32560,080e6fbadde81cb3,31560,CHOP,CHOP_FLOW_EXHAUSTION_REVERSE,1368,221,"{""chop_age_max"":144,""chop_age_min"":1,""impulse_atr_min"":0.8,""impulse_bars"":3,""impulse_tick_min"":0.03,""intensity_min"":0.5,""reversal_book_min"":0.0,""reversal_location_min"":0.45,""session"":""ALL""}"
32561,07410b4b5696cfb4,31561,CHOP,CHOP_FLOW_EXHAUSTION_REVERSE,2333,276,"{""chop_age_max"":432,""chop_age_min"":1,""impulse_atr_min"":0.8,""impulse_bars"":6,""impulse_tick_min"":0.03,""intensity_min"":0.5,""reversal_book_min"":0.03,""reversal_location_min"":0.55,""session"":""ALL""}"
32562,6f0ab28f0882477c,31562,CHOP,CHOP_FLOW_EXHAUSTION_REVERSE,406,58,"{""chop_age_max"":48,""chop_age_min"":12,""impulse_atr_min"":0.35,""impulse_bars"":6,""impulse_tick_min"":0.005,""intensity_min"":0.3,""reversal_book_min"":0.06,""reversal_location_min"":0.55,""session"":""NY""}"
32563,e85f96f8186b2f16,31563,CHOP,CHOP_FLOW_EXHAUSTION_REVERSE,220,44,"{""chop_age_max"":2000,""chop_age_min"":48,""impulse_atr_min"":0.2,""impulse_bars"":1,""impulse_tick_min"":0.005,""intensity_min"":0.3,""reversal_book_min"":0.0,""reversal_location_min"":0.55,""session"":""LATE""}"
32564,738a8ab8f96458c8,31564,CHOP,CHOP_FLOW_EXHAUSTION_REVERSE,2683,386,"{""chop_age_max"":2000,""chop_age_min"":1,""impulse_atr_min"":0.35,""impulse_bars"":12,""impulse_tick_min"":0.03,""intensity_min"":0.3,""reversal_book_min"":0.0,""reversal_location_min"":0.35,""session"":""ASIA""}"
32565,e4ed6087f1fd02e5,31565,CHOP,CHOP_FLOW_EXHAUSTION_REVERSE,1036,203,"{""chop_age_max"":432,""chop_age_min"":48,""impulse_atr_min"":0.8,""impulse_bars"":12,""impulse_tick_min"":0.005,""intensity_min"":0.8,""reversal_book_min"":0.03,""reversal_location_min"":0.55,""session"":""LONDON""}"
32566,4983f92a4d804021,31566,CHOP,CHOP_FLOW_EXHAUSTION_REVERSE,586,120,"{""chop_age_max"":2000,""chop_age_min"":1,""impulse_atr_min"":0.35,""impulse_bars"":1,""impulse_tick_min"":0.015,""intensity_min"":0.5,""reversal_book_min"":0.06,""reversal_location_min"":0.35,""session"":""ASIA""}"
32567,389dc707e2b8f3cc,31567,CHOP,CHOP_FLOW_EXHAUSTION_REVERSE,1053,137,"{""chop_age_max"":2000,""chop_age_min"":1,""impulse_atr_min"":0.35,""impulse_bars"":3,""impulse_tick_min"":0.03,""intensity_min"":0.5,""reversal_book_min"":0.0,""reversal_location_min"":0.45,""session"":""LATE""}"
32568,8bc2b190c7c33fea,31568,CHOP,CHOP_FLOW_EXHAUSTION_REVERSE,1773,320,"{""chop_age_max"":432,""chop_age_min"":12,""impulse_atr_min"":0.2,""impulse_bars"":3,""impulse_tick_min"":0.015,""intensity_min"":0.3,""reversal_book_min"":0.0,""reversal_location_min"":0.55,""session"":""NY""}"
32569,d33288ebb58dc263,31569,CHOP,CHOP_FLOW_EXHAUSTION_REVERSE,586,95,"{""chop_age_max"":432,""chop_age_min"":48,""impulse_atr_min"":0.8,""impulse_bars"":6,""impulse_tick_min"":0.015,""intensity_min"":0.8,""reversal_book_min"":0.06,""reversal_location_min"":0.55,""session"":""NY""}"
32570,33470b69af96443f,31570,CHOP,CHOP_FLOW_EXHAUSTION_REVERSE,470,45,"{""chop_age_max"":144,""chop_age_min"":1,""impulse_atr_min"":0.55,""impulse_bars"":6,""impulse_tick_min"":0.03,""intensity_min"":0.8,""reversal_book_min"":0.0,""reversal_location_min"":0.35,""session"":""LONDON""}"
32571,24460603a2394e52,31571,CHOP,CHOP_FLOW_EXHAUSTION_REVERSE,1342,171,"{""chop_age_max"":2000,""chop_age_min"":12,""impulse_atr_min"":0.35,""impulse_bars"":3,""impulse_tick_min"":0.03,""intensity_min"":0.5,""reversal_book_min"":0.0,""reversal_location_min"":0.35,""session"":""LATE""}"
32572,2320eeed0623793e,31572,CHOP,CHOP_FLOW_EXHAUSTION_REVERSE,640,100,"{""chop_age_max"":432,""chop_age_min"":12,""impulse_atr_min"":0.35,""impulse_bars"":12,""impulse_tick_min"":0.015,""intensity_min"":1.1,""reversal_book_min"":0.03,""reversal_location_min"":0.55,""session"":""LONDON""}"
32573,ef7ca1b3a8641711,31573,CHOP,CHOP_FLOW_EXHAUSTION_REVERSE,503,89,"{""chop_age_max"":432,""chop_age_min"":48,""impulse_atr_min"":0.55,""impulse_bars"":6,""impulse_tick_min"":0.015,""intensity_min"":0.5,""reversal_book_min"":0.03,""reversal_location_min"":0.55,""session"":""LATE""}"
32574,7cd74008d6c06cbc,31574,CHOP,CHOP_FLOW_EXHAUSTION_REVERSE,1020,184,"{""chop_age_max"":144,""chop_age_min"":1,""impulse_atr_min"":0.2,""impulse_bars"":6,""impulse_tick_min"":0.005,""intensity_min"":0.8,""reversal_book_min"":0.0,""reversal_location_min"":0.35,""session"":""ASIA""}"
32575,7641bb1aca38b513,31575,CHOP,CHOP_FLOW_EXHAUSTION_REVERSE,856,162,"{""chop_age_max"":2000,""chop_age_min"":12,""impulse_atr_min"":0.8,""impulse_bars"":12,""impulse_tick_min"":0.005,""intensity_min"":1.1,""reversal_book_min"":0.03,""reversal_location_min"":0.35,""session"":""ASIA""}"
32576,b64b23184cf96376,31576,CHOP,CHOP_FLOW_EXHAUSTION_REVERSE,1841,404,"{""chop_age_max"":2000,""chop_age_min"":12,""impulse_atr_min"":0.55,""impulse_bars"":3,""impulse_tick_min"":0.015,""intensity_min"":0.3,""reversal_book_min"":0.0,""reversal_location_min"":0.35,""session"":""LATE""}"
32577,4d422918df63038c,31577,CHOP,CHOP_FLOW_EXHAUSTION_REVERSE,947,60,"{""chop_age_max"":2000,""chop_age_min"":12,""impulse_atr_min"":0.2,""impulse_bars"":6,""impulse_tick_min"":0.03,""intensity_min"":0.8,""reversal_book_min"":0.03,""reversal_location_min"":0.35,""session"":""LATE""}"
32578,2060caf2b672fb46,31578,CHOP,CHOP_FLOW_EXHAUSTION_REVERSE,984,202,"{""chop_age_max"":144,""chop_age_min"":12,""impulse_atr_min"":0.55,""impulse_bars"":3,""impulse_tick_min"":0.005,""intensity_min"":0.5,""reversal_book_min"":0.03,""reversal_location_min"":0.35,""session"":""ASIA""}"
32579,9f5daef78e8fd50c,31579,CHOP,CHOP_FLOW_EXHAUSTION_REVERSE,195,21,"{""chop_age_max"":144,""chop_age_min"":48,""impulse_atr_min"":0.35,""impulse_bars"":6,""impulse_tick_min"":0.03,""intensity_min"":0.3,""reversal_book_min"":0.0,""reversal_location_min"":0.55,""session"":""LONDON""}"
32580,e7d5ada30e8e02a7,31580,CHOP,CHOP_FLOW_EXHAUSTION_REVERSE,2242,472,"{""chop_age_max"":432,""chop_age_min"":1,""impulse_atr_min"":0.2,""impulse_bars"":12,""impulse_tick_min"":0.015,""intensity_min"":0.3,""reversal_book_min"":0.03,""reversal_location_min"":0.45,""session"":""ASIA""}"
32581,504f464e3764e832,31581,CHOP,CHOP_FLOW_EXHAUSTION_REVERSE,1828,376,"{""chop_age_max"":144,""chop_age_min"":48,""impulse_atr_min"":0.2,""impulse_bars"":6,""impulse_tick_min"":0.005,""intensity_min"":0.3,""reversal_book_min"":0.0,""reversal_location_min"":0.35,""session"":""ASIA""}"
32582,80a7163eae6b0df8,31582,CHOP,CHOP_FLOW_EXHAUSTION_REVERSE,1835,322,"{""chop_age_max"":432,""chop_age_min"":12,""impulse_atr_min"":0.2,""impulse_bars"":3,""impulse_tick_min"":0.015,""intensity_min"":0.8,""reversal_book_min"":0.06,""reversal_location_min"":0.35,""session"":""NY""}"
32583,b200f4c75ea1a778,31583,CHOP,CHOP_FLOW_EXHAUSTION_REVERSE,593,96,"{""chop_age_max"":144,""chop_age_min"":12,""impulse_atr_min"":0.55,""impulse_bars"":12,""impulse_tick_min"":0.015,""intensity_min"":0.3,""reversal_book_min"":0.0,""reversal_location_min"":0.55,""session"":""LONDON""}"
32584,a8cce2b307f61497,31584,CHOP,CHOP_FLOW_EXHAUSTION_REVERSE,1241,237,"{""chop_age_max"":2000,""chop_age_min"":12,""impulse_atr_min"":0.2,""impulse_bars"":3,""impulse_tick_min"":0.03,""intensity_min"":0.5,""reversal_book_min"":0.06,""reversal_location_min"":0.45,""session"":""ASIA""}"
32585,13f23b248589a508,31585,CHOP,CHOP_FLOW_EXHAUSTION_REVERSE,4771,871,"{""chop_age_max"":432,""chop_age_min"":1,""impulse_atr_min"":0.2,""impulse_bars"":1,""impulse_tick_min"":0.015,""intensity_min"":0.3,""reversal_book_min"":0.0,""reversal_location_min"":0.35,""session"":""ALL""}"
32586,7a55241399a70559,31586,CHOP,CHOP_FLOW_EXHAUSTION_REVERSE,3510,466,"{""chop_age_max"":432,""chop_age_min"":1,""impulse_atr_min"":0.55,""impulse_bars"":6,""impulse_tick_min"":0.03,""intensity_min"":0.3,""reversal_book_min"":0.06,""reversal_location_min"":0.45,""session"":""ALL""}"
32587,23d89bce5e2c232c,31587,CHOP,CHOP_FLOW_EXHAUSTION_REVERSE,265,39,"{""chop_age_max"":432,""chop_age_min"":12,""impulse_atr_min"":0.55,""impulse_bars"":3,""impulse_tick_min"":0.03,""intensity_min"":1.1,""reversal_book_min"":0.0,""reversal_location_min"":0.45,""session"":""ASIA""}"
32588,a31b2ea3ebc27208,31588,CHOP,CHOP_FLOW_EXHAUSTION_REVERSE,897,168,"{""chop_age_max"":144,""chop_age_min"":12,""impulse_atr_min"":0.8,""impulse_bars"":6,""impulse_tick_min"":0.005,""intensity_min"":0.3,""reversal_book_min"":0.03,""reversal_location_min"":0.45,""session"":""NY""}"
32589,edf1c774d1c2d25c,31589,CHOP,CHOP_FLOW_EXHAUSTION_REVERSE,1279,207,"{""chop_age_max"":432,""chop_age_min"":12,""impulse_atr_min"":0.55,""impulse_bars"":6,""impulse_tick_min"":0.015,""intensity_min"":0.8,""reversal_book_min"":0.06,""reversal_location_min"":0.35,""session"":""LONDON""}"
32590,8c3e227c22c69a8b,31590,CHOP,CHOP_FLOW_EXHAUSTION_REVERSE,1191,126,"{""chop_age_max"":144,""chop_age_min"":12,""impulse_atr_min"":0.8,""impulse_bars"":12,""impulse_tick_min"":0.03,""intensity_min"":0.5,""reversal_book_min"":0.06,""reversal_location_min"":0.55,""session"":""ALL""}"
32591,77194cec57727187,31591,CHOP,CHOP_FLOW_EXHAUSTION_REVERSE,289,29,"{""chop_age_max"":48,""chop_age_min"":12,""impulse_atr_min"":0.35,""impulse_bars"":6,""impulse_tick_min"":0.015,""intensity_min"":0.8,""reversal_book_min"":0.06,""reversal_location_min"":0.55,""session"":""NY""}"
32592,b7d0ed1dc18e95f8,31592,CHOP,CHOP_FLOW_EXHAUSTION_REVERSE,5740,800,"{""chop_age_max"":2000,""chop_age_min"":12,""impulse_atr_min"":0.8,""impulse_bars"":12,""impulse_tick_min"":0.015,""intensity_min"":0.8,""reversal_book_min"":0.03,""reversal_location_min"":0.45,""session"":""ALL""}"
32593,bde598e842279d3d,31593,CHOP,CHOP_FLOW_EXHAUSTION_REVERSE,977,152,"{""chop_age_max"":2000,""chop_age_min"":48,""impulse_atr_min"":0.35,""impulse_bars"":6,""impulse_tick_min"":0.015,""intensity_min"":1.1,""reversal_book_min"":0.03,""reversal_location_min"":0.45,""session"":""LONDON""}"
32594,73c93646b6a7e1b0,31594,CHOP,CHOP_FLOW_EXHAUSTION_REVERSE,475,80,"{""chop_age_max"":432,""chop_age_min"":48,""impulse_atr_min"":0.2,""impulse_bars"":12,""impulse_tick_min"":0.03,""intensity_min"":0.8,""reversal_book_min"":0.06,""reversal_location_min"":0.45,""session"":""ASIA""}"
32595,f79a5df703f79f91,31595,CHOP,CHOP_FLOW_EXHAUSTION_REVERSE,2750,556,"{""chop_age_max"":2000,""chop_age_min"":48,""impulse_atr_min"":0.35,""impulse_bars"":6,""impulse_tick_min"":0.005,""intensity_min"":0.8,""reversal_book_min"":0.03,""reversal_location_min"":0.35,""session"":""LONDON""}"
32596,c74fa489d39617f8,31596,CHOP,CHOP_FLOW_EXHAUSTION_REVERSE,1814,361,"{""chop_age_max"":2000,""chop_age_min"":12,""impulse_atr_min"":0.2,""impulse_bars"":1,""impulse_tick_min"":0.005,""intensity_min"":0.5,""reversal_book_min"":0.0,""reversal_location_min"":0.35,""session"":""NY""}"
32597,0ca7ba5ff2f42482,31597,CHOP,CHOP_FLOW_EXHAUSTION_REVERSE,1158,223,"{""chop_age_max"":432,""chop_age_min"":48,""impulse_atr_min"":0.2,""impulse_bars"":1,""impulse_tick_min"":0.015,""intensity_min"":0.8,""reversal_book_min"":0.03,""reversal_location_min"":0.45,""session"":""ALL""}"
32598,3aa0cd466e78481f,31598,CHOP,CHOP_FLOW_EXHAUSTION_REVERSE,188,25,"{""chop_age_max"":2000,""chop_age_min"":48,""impulse_atr_min"":0.55,""impulse_bars"":1,""impulse_tick_min"":0.015,""intensity_min"":0.3,""reversal_book_min"":0.03,""reversal_location_min"":0.35,""session"":""NY""}"
32599,791d923c16e39ebc,31599,CHOP,CHOP_FLOW_EXHAUSTION_REVERSE,6008,1332,"{""chop_age_max"":432,""chop_age_min"":1,""impulse_atr_min"":0.55,""impulse_bars"":3,""impulse_tick_min"":0.005,""intensity_min"":0.8,""reversal_book_min"":0.03,""reversal_location_min"":0.35,""session"":""ALL""}"
32600,9ec3221500a924d3,31600,CHOP,CHOP_FLOW_EXHAUSTION_REVERSE,463,96,"{""chop_age_max"":144,""chop_age_min"":12,""impulse_atr_min"":0.35,""impulse_bars"":12,""impulse_tick_min"":0.005,""intensity_min"":1.1,""reversal_book_min"":0.0,""reversal_location_min"":0.35,""session"":""ASIA""}"
32601,f99df40e16668a32,31601,CHOP,CHOP_FLOW_EXHAUSTION_REVERSE,1326,173,"{""chop_age_max"":2000,""chop_age_min"":12,""impulse_atr_min"":0.8,""impulse_bars"":6,""impulse_tick_min"":0.015,""intensity_min"":0.8,""reversal_book_min"":0.06,""reversal_location_min"":0.45,""session"":""NY""}"
32602,f341080563221267,31602,CHOP,CHOP_FLOW_EXHAUSTION_REVERSE,275,61,"{""chop_age_max"":144,""chop_age_min"":12,""impulse_atr_min"":0.55,""impulse_bars"":3,""impulse_tick_min"":0.005,""intensity_min"":1.1,""reversal_book_min"":0.0,""reversal_location_min"":0.45,""session"":""ASIA""}"
32603,9089da690bf9e73b,31603,CHOP,CHOP_FLOW_EXHAUSTION_REVERSE,114,24,"{""chop_age_max"":144,""chop_age_min"":48,""impulse_atr_min"":0.2,""impulse_bars"":1,""impulse_tick_min"":0.015,""intensity_min"":0.8,""reversal_book_min"":0.06,""reversal_location_min"":0.45,""session"":""NY""}"
32604,3c6309e87b3bf390,31604,CHOP,CHOP_FLOW_EXHAUSTION_REVERSE,690,160,"{""chop_age_max"":2000,""chop_age_min"":12,""impulse_atr_min"":0.35,""impulse_bars"":3,""impulse_tick_min"":0.015,""intensity_min"":0.8,""reversal_book_min"":0.06,""reversal_location_min"":0.55,""session"":""ASIA""}"
32605,1ce6756101fd10e6,31605,CHOP,CHOP_FLOW_EXHAUSTION_REVERSE,741,40,"{""chop_age_max"":2000,""chop_age_min"":12,""impulse_atr_min"":0.35,""impulse_bars"":12,""impulse_tick_min"":0.03,""intensity_min"":0.8,""reversal_book_min"":0.06,""reversal_location_min"":0.45,""session"":""LATE""}"
32606,7de44f28c00ff81c,31606,CHOP,CHOP_FLOW_EXHAUSTION_REVERSE,2341,522,"{""chop_age_max"":144,""chop_age_min"":12,""impulse_atr_min"":0.35,""impulse_bars"":3,""impulse_tick_min"":0.015,""intensity_min"":0.5,""reversal_book_min"":0.06,""reversal_location_min"":0.45,""session"":""ALL""}"
32607,b54d59b7cde3928b,31607,CHOP,CHOP_FLOW_EXHAUSTION_REVERSE,548,44,"{""chop_age_max"":144,""chop_age_min"":12,""impulse_atr_min"":0.55,""impulse_bars"":6,""impulse_tick_min"":0.03,""intensity_min"":1.1,""reversal_book_min"":0.0,""reversal_location_min"":0.45,""session"":""NY""}"
32608,4cf4a6f6fb54887c,31608,CHOP,CHOP_FLOW_EXHAUSTION_REVERSE,484,52,"{""chop_age_max"":144,""chop_age_min"":48,""impulse_atr_min"":0.35,""impulse_bars"":12,""impulse_tick_min"":0.03,""intensity_min"":0.5,""reversal_book_min"":0.0,""reversal_location_min"":0.35,""session"":""LATE""}"
32609,94185ebe6957e927,31609,CHOP,CHOP_FLOW_EXHAUSTION_REVERSE,226,49,"{""chop_age_max"":432,""chop_age_min"":48,""impulse_atr_min"":0.35,""impulse_bars"":1,""impulse_tick_min"":0.005,""intensity_min"":1.1,""reversal_book_min"":0.03,""reversal_location_min"":0.35,""session"":""ASIA""}"
32610,c6a6533cfa5644cc,31610,CHOP,CHOP_FLOW_EXHAUSTION_REVERSE,468,76,"{""chop_age_max"":144,""chop_age_min"":48,""impulse_atr_min"":0.35,""impulse_bars"":12,""impulse_tick_min"":0.015,""intensity_min"":0.3,""reversal_book_min"":0.03,""reversal_location_min"":0.35,""session"":""LONDON""}"
32611,704bf0419107f909,31611,CHOP,CHOP_FLOW_EXHAUSTION_REVERSE,1354,256,"{""chop_age_max"":432,""chop_age_min"":48,""impulse_atr_min"":0.8,""impulse_bars"":6,""impulse_tick_min"":0.005,""intensity_min"":0.3,""reversal_book_min"":0.06,""reversal_location_min"":0.35,""session"":""NY""}"
32612,2aadc4c9da22ea6a,31612,CHOP,CHOP_FLOW_EXHAUSTION_REVERSE,3909,634,"{""chop_age_max"":2000,""chop_age_min"":1,""impulse_atr_min"":0.8,""impulse_bars"":12,""impulse_tick_min"":0.005,""intensity_min"":0.8,""reversal_book_min"":0.0,""reversal_location_min"":0.45,""session"":""NY""}"
32613,c203ff1218a731a8,31613,CHOP,CHOP_FLOW_EXHAUSTION_REVERSE,181,28,"{""chop_age_max"":144,""chop_age_min"":48,""impulse_atr_min"":0.2,""impulse_bars"":1,""impulse_tick_min"":0.03,""intensity_min"":0.5,""reversal_book_min"":0.0,""reversal_location_min"":0.55,""session"":""ALL""}"
32614,0d7fc86b0bd304af,31614,CHOP,CHOP_FLOW_EXHAUSTION_REVERSE,329,62,"{""chop_age_max"":144,""chop_age_min"":1,""impulse_atr_min"":0.35,""impulse_bars"":3,""impulse_tick_min"":0.015,""intensity_min"":0.8,""reversal_book_min"":0.0,""reversal_location_min"":0.55,""session"":""LATE""}"
32615,75b123a7cd5673f7,31615,CHOP,CHOP_FLOW_EXHAUSTION_REVERSE,429,23,"{""chop_age_max"":48,""chop_age_min"":1,""impulse_atr_min"":0.2,""impulse_bars"":12,""impulse_tick_min"":0.03,""intensity_min"":0.3,""reversal_book_min"":0.03,""reversal_location_min"":0.55,""session"":""NY""}"
32616,4e790964bcd1b283,31616,CHOP,CHOP_FLOW_EXHAUSTION_REVERSE,242,49,"{""chop_age_max"":432,""chop_age_min"":1,""impulse_atr_min"":0.55,""impulse_bars"":1,""impulse_tick_min"":0.015,""intensity_min"":0.3,""reversal_book_min"":0.06,""reversal_location_min"":0.45,""session"":""ALL""}"
32617,1b18d0b75410212e,31617,CHOP,CHOP_FLOW_EXHAUSTION_REVERSE,2140,477,"{""chop_age_max"":432,""chop_age_min"":1,""impulse_atr_min"":0.2,""impulse_bars"":3,""impulse_tick_min"":0.005,""intensity_min"":0.5,""reversal_book_min"":0.0,""reversal_location_min"":0.55,""session"":""ASIA""}"
32618,2ead57dd646057e9,31618,CHOP,CHOP_FLOW_EXHAUSTION_REVERSE,145,16,"{""chop_age_max"":144,""chop_age_min"":48,""impulse_atr_min"":0.35,""impulse_bars"":6,""impulse_tick_min"":0.005,""intensity_min"":1.1,""reversal_book_min"":0.06,""reversal_location_min"":0.45,""session"":""LATE""}"
32619,eee8e5f0aa4a66d7,31619,CHOP,CHOP_FLOW_EXHAUSTION_REVERSE,219,46,"{""chop_age_max"":2000,""chop_age_min"":12,""impulse_atr_min"":0.55,""impulse_bars"":1,""impulse_tick_min"":0.005,""intensity_min"":1.1,""reversal_book_min"":0.0,""reversal_location_min"":0.35,""session"":""ASIA""}"
32620,61461b59677170cc,31620,CHOP,CHOP_FLOW_EXHAUSTION_REVERSE,393,62,"{""chop_age_max"":48,""chop_age_min"":12,""impulse_atr_min"":0.2,""impulse_bars"":12,""impulse_tick_min"":0.015,""intensity_min"":0.5,""reversal_book_min"":0.03,""reversal_location_min"":0.35,""session"":""LONDON""}"
32621,a4f94bc17c42d513,31621,CHOP,CHOP_FLOW_EXHAUSTION_REVERSE,545,77,"{""chop_age_max"":48,""chop_age_min"":1,""impulse_atr_min"":0.35,""impulse_bars"":12,""impulse_tick_min"":0.015,""intensity_min"":0.5,""reversal_book_min"":0.0,""reversal_location_min"":0.45,""session"":""LATE""}"
32622,0f9699227f9b9d11,31622,CHOP,CHOP_FLOW_EXHAUSTION_REVERSE,549,114,"{""chop_age_max"":144,""chop_age_min"":48,""impulse_atr_min"":0.2,""impulse_bars"":3,""impulse_tick_min"":0.015,""intensity_min"":0.5,""reversal_book_min"":0.03,""reversal_location_min"":0.55,""session"":""ASIA""}"
32623,754262b9ffd4b945,31623,CHOP,CHOP_FLOW_EXHAUSTION_REVERSE,9435,2061,"{""chop_age_max"":2000,""chop_age_min"":1,""impulse_atr_min"":0.2,""impulse_bars"":3,""impulse_tick_min"":0.005,""intensity_min"":0.5,""reversal_book_min"":0.06,""reversal_location_min"":0.45,""session"":""ALL""}"
32624,41cd70f6144baed9,31624,CHOP,CHOP_FLOW_EXHAUSTION_REVERSE,4163,608,"{""chop_age_max"":2000,""chop_age_min"":12,""impulse_atr_min"":0.8,""impulse_bars"":3,""impulse_tick_min"":0.03,""intensity_min"":0.3,""reversal_book_min"":0.03,""reversal_location_min"":0.35,""session"":""ALL""}"
32625,df3c8cbb3352ab3a,31625,CHOP,CHOP_FLOW_EXHAUSTION_REVERSE,513,102,"{""chop_age_max"":48,""chop_age_min"":1,""impulse_atr_min"":0.2,""impulse_bars"":6,""impulse_tick_min"":0.005,""intensity_min"":0.5,""reversal_book_min"":0.06,""reversal_location_min"":0.35,""session"":""LONDON""}"
32626,221538851860c73e,31626,CHOP,CHOP_FLOW_EXHAUSTION_REVERSE,1172,209,"{""chop_age_max"":2000,""chop_age_min"":12,""impulse_atr_min"":0.2,""impulse_bars"":3,""impulse_tick_min"":0.015,""intensity_min"":0.5,""reversal_book_min"":0.06,""reversal_location_min"":0.45,""session"":""LATE""}"
32627,b1ce3ee8cc33aa94,31627,CHOP,CHOP_FLOW_EXHAUSTION_REVERSE,368,76,"{""chop_age_max"":48,""chop_age_min"":12,""impulse_atr_min"":0.2,""impulse_bars"":6,""impulse_tick_min"":0.005,""intensity_min"":0.5,""reversal_book_min"":0.06,""reversal_location_min"":0.45,""session"":""LONDON""}"
32628,ab3099710408f7f6,31628,CHOP,CHOP_FLOW_EXHAUSTION_REVERSE,1194,236,"{""chop_age_max"":144,""chop_age_min"":12,""impulse_atr_min"":0.2,""impulse_bars"":6,""impulse_tick_min"":0.005,""intensity_min"":0.5,""reversal_book_min"":0.06,""reversal_location_min"":0.45,""session"":""NY""}"
32629,51c6556a514197eb,31629,CHOP,CHOP_FLOW_EXHAUSTION_REVERSE,742,161,"{""chop_age_max"":144,""chop_age_min"":1,""impulse_atr_min"":0.55,""impulse_bars"":6,""impulse_tick_min"":0.015,""intensity_min"":0.5,""reversal_book_min"":0.06,""reversal_location_min"":0.35,""session"":""ASIA""}"
32630,7cba5c4b910cc919,31630,CHOP,CHOP_FLOW_EXHAUSTION_REVERSE,289,46,"{""chop_age_max"":432,""chop_age_min"":1,""impulse_atr_min"":0.8,""impulse_bars"":1,""impulse_tick_min"":0.015,""intensity_min"":0.3,""reversal_book_min"":0.03,""reversal_location_min"":0.35,""session"":""ALL""}"
32631,c93b826ed2c72fd2,31631,CHOP,CHOP_FLOW_EXHAUSTION_REVERSE,2724,486,"{""chop_age_max"":2000,""chop_age_min"":12,""impulse_atr_min"":0.35,""impulse_bars"":3,""impulse_tick_min"":0.005,""intensity_min"":1.1,""reversal_book_min"":0.03,""reversal_location_min"":0.35,""session"":""NY""}"
32632,a71de52453648a06,31632,CHOP,CHOP_FLOW_EXHAUSTION_REVERSE,982,203,"{""chop_age_max"":2000,""chop_age_min"":48,""impulse_atr_min"":0.2,""impulse_bars"":1,""impulse_tick_min"":0.005,""intensity_min"":0.5,""reversal_book_min"":0.06,""reversal_location_min"":0.35,""session"":""NY""}"
32633,5009155595f1aad5,31633,CHOP,CHOP_FLOW_EXHAUSTION_REVERSE,733,142,"{""chop_age_max"":2000,""chop_age_min"":48,""impulse_atr_min"":0.8,""impulse_bars"":3,""impulse_tick_min"":0.03,""intensity_min"":0.3,""reversal_book_min"":0.06,""reversal_location_min"":0.45,""session"":""ASIA""}"
32634,dc1c4cfff6948031,31634,CHOP,CHOP_FLOW_EXHAUSTION_REVERSE,829,153,"{""chop_age_max"":144,""chop_age_min"":1,""impulse_atr_min"":0.2,""impulse_bars"":12,""impulse_tick_min"":0.005,""intensity_min"":0.8,""reversal_book_min"":0.0,""reversal_location_min"":0.45,""session"":""ASIA""}"
32635,765697edf2e71571,31635,CHOP,CHOP_FLOW_EXHAUSTION_REVERSE,274,33,"{""chop_age_max"":2000,""chop_age_min"":1,""impulse_atr_min"":0.8,""impulse_bars"":3,""impulse_tick_min"":0.03,""intensity_min"":1.1,""reversal_book_min"":0.06,""reversal_location_min"":0.55,""session"":""LONDON""}"
32636,695f6ab1740fb4bf,31636,CHOP,CHOP_FLOW_EXHAUSTION_REVERSE,539,83,"{""chop_age_max"":2000,""chop_age_min"":12,""impulse_atr_min"":0.2,""impulse_bars"":3,""impulse_tick_min"":0.015,""intensity_min"":0.8,""reversal_book_min"":0.06,""reversal_location_min"":0.55,""session"":""LATE""}"
32637,9b1e0de6f95629fe,31637,CHOP,CHOP_FLOW_EXHAUSTION_REVERSE,780,56,"{""chop_age_max"":432,""chop_age_min"":1,""impulse_atr_min"":0.8,""impulse_bars"":6,""impulse_tick_min"":0.03,""intensity_min"":1.1,""reversal_book_min"":0.03,""reversal_location_min"":0.45,""session"":""NY""}"
32638,58c1ded703ed60b5,31638,CHOP,CHOP_FLOW_EXHAUSTION_REVERSE,921,162,"{""chop_age_max"":144,""chop_age_min"":1,""impulse_atr_min"":0.55,""impulse_bars"":12,""impulse_tick_min"":0.005,""intensity_min"":1.1,""reversal_book_min"":0.06,""reversal_location_min"":0.55,""session"":""NY""}"
32639,6ad233e04cf76e76,31639,CHOP,CHOP_BOOK_ABSORPTION_REVERSE,4450,774,"{""chop_age_max"":2000,""chop_age_min"":1,""efficiency_max"":0.5,""intensity_min"":0.6,""move_atr_min"":0.4,""price_tick_min"":0.0,""price_window"":6,""reversal_book_min"":0.32,""session"":""ALL""}"
32640,1f989be74b72040b,31640,CHOP,CHOP_BOOK_ABSORPTION_REVERSE,884,74,"{""chop_age_max"":432,""chop_age_min"":1,""efficiency_max"":0.7,""intensity_min"":1.4,""move_atr_min"":0.6,""price_tick_min"":0.03,""price_window"":3,""reversal_book_min"":0.24,""session"":""ALL""}"
32641,0d18d1f66fc3e2c3,31641,CHOP,CHOP_BOOK_ABSORPTION_REVERSE,702,79,"{""chop_age_max"":144,""chop_age_min"":12,""efficiency_max"":0.5,""intensity_min"":1.0,""move_atr_min"":0.9,""price_tick_min"":0.03,""price_window"":6,""reversal_book_min"":0.24,""session"":""ALL""}"
32642,d97ea8040f679e4f,31642,CHOP,CHOP_BOOK_ABSORPTION_REVERSE,506,39,"{""chop_age_max"":48,""chop_age_min"":1,""efficiency_max"":1.0,""intensity_min"":1.4,""move_atr_min"":0.6,""price_tick_min"":0.03,""price_window"":6,""reversal_book_min"":0.08,""session"":""NY""}"
32643,d45dc7fb426921c4,31643,CHOP,CHOP_BOOK_ABSORPTION_REVERSE,780,156,"{""chop_age_max"":144,""chop_age_min"":1,""efficiency_max"":0.7,""intensity_min"":0.6,""move_atr_min"":0.9,""price_tick_min"":0.03,""price_window"":3,""reversal_book_min"":0.08,""session"":""ASIA""}"
32644,a027f293e2252aaa,31644,CHOP,CHOP_BOOK_ABSORPTION_REVERSE,996,75,"{""chop_age_max"":144,""chop_age_min"":48,""efficiency_max"":0.5,""intensity_min"":0.6,""move_atr_min"":0.6,""price_tick_min"":0.06,""price_window"":3,""reversal_book_min"":0.08,""session"":""ALL""}"
32645,27b61c6f4d7a68c7,31645,CHOP,CHOP_BOOK_ABSORPTION_REVERSE,837,70,"{""chop_age_max"":48,""chop_age_min"":1,""efficiency_max"":0.5,""intensity_min"":1.4,""move_atr_min"":0.4,""price_tick_min"":0.03,""price_window"":6,""reversal_book_min"":0.08,""session"":""ALL""}"
32646,e5066f73d96dbce0,31646,CHOP,CHOP_BOOK_ABSORPTION_REVERSE,1579,180,"{""chop_age_max"":2000,""chop_age_min"":12,""efficiency_max"":1.0,""intensity_min"":0.6,""move_atr_min"":0.2,""price_tick_min"":0.03,""price_window"":3,""reversal_book_min"":0.24,""session"":""LONDON""}"
32647,06bd6ea247878a1f,31647,CHOP,CHOP_BOOK_ABSORPTION_REVERSE,228,27,"{""chop_age_max"":432,""chop_age_min"":48,""efficiency_max"":0.5,""intensity_min"":1.4,""move_atr_min"":0.9,""price_tick_min"":0.0,""price_window"":3,""reversal_book_min"":0.08,""session"":""LATE""}"
32648,1c58b27847902ad2,31648,CHOP,CHOP_BOOK_ABSORPTION_REVERSE,603,28,"{""chop_age_max"":432,""chop_age_min"":48,""efficiency_max"":0.5,""intensity_min"":1.0,""move_atr_min"":0.4,""price_tick_min"":0.03,""price_window"":6,""reversal_book_min"":0.08,""session"":""LATE""}"
32649,396867f3156433a4,31649,CHOP,CHOP_BOOK_ABSORPTION_REVERSE,1052,235,"{""chop_age_max"":432,""chop_age_min"":1,""efficiency_max"":0.7,""intensity_min"":0.6,""move_atr_min"":0.9,""price_tick_min"":0.0,""price_window"":1,""reversal_book_min"":0.08,""session"":""NY""}"
32650,14ca74ae1d027350,31650,CHOP,CHOP_BOOK_ABSORPTION_REVERSE,205,23,"{""chop_age_max"":144,""chop_age_min"":48,""efficiency_max"":0.7,""intensity_min"":0.6,""move_atr_min"":0.9,""price_tick_min"":0.03,""price_window"":6,""reversal_book_min"":0.16,""session"":""LONDON""}"
32651,91caa13032aab79b,31651,CHOP,CHOP_BOOK_ABSORPTION_REVERSE,492,100,"{""chop_age_max"":432,""chop_age_min"":1,""efficiency_max"":0.3,""intensity_min"":1.0,""move_atr_min"":0.9,""price_tick_min"":0.0,""price_window"":3,""reversal_book_min"":0.24,""session"":""ASIA""}"
32652,1ac66fc9acefdff8,31652,CHOP,CHOP_BOOK_ABSORPTION_REVERSE,2417,165,"{""chop_age_max"":432,""chop_age_min"":12,""efficiency_max"":0.7,""intensity_min"":0.6,""move_atr_min"":0.4,""price_tick_min"":0.06,""price_window"":3,""reversal_book_min"":0.16,""session"":""ALL""}"
32653,0ec61e9e58b7a508,31653,CHOP,CHOP_BOOK_ABSORPTION_REVERSE,225,37,"{""chop_age_max"":144,""chop_age_min"":12,""efficiency_max"":0.3,""intensity_min"":1.4,""move_atr_min"":0.2,""price_tick_min"":0.0,""price_window"":1,""reversal_book_min"":0.16,""session"":""ASIA""}"
32654,32e14a88a1f8c8d5,31654,CHOP,CHOP_BOOK_ABSORPTION_REVERSE,1229,191,"{""chop_age_max"":432,""chop_age_min"":1,""efficiency_max"":0.5,""intensity_min"":0.6,""move_atr_min"":0.4,""price_tick_min"":0.0,""price_window"":1,""reversal_book_min"":0.24,""session"":""ASIA""}"
32655,b8f6ac09759cbb00,31655,CHOP,CHOP_BOOK_ABSORPTION_REVERSE,483,63,"{""chop_age_max"":144,""chop_age_min"":1,""efficiency_max"":0.5,""intensity_min"":0.6,""move_atr_min"":0.9,""price_tick_min"":0.0,""price_window"":6,""reversal_book_min"":0.24,""session"":""LONDON""}"
32656,3b6b5e573c8d6702,31656,CHOP,CHOP_BOOK_ABSORPTION_REVERSE,3333,192,"{""chop_age_max"":432,""chop_age_min"":1,""efficiency_max"":1.0,""intensity_min"":0.6,""move_atr_min"":0.6,""price_tick_min"":0.06,""price_window"":6,""reversal_book_min"":0.08,""session"":""ALL""}"
32657,076a69d48495951f,31657,CHOP,CHOP_BOOK_ABSORPTION_REVERSE,740,93,"{""chop_age_max"":432,""chop_age_min"":1,""efficiency_max"":0.5,""intensity_min"":0.6,""move_atr_min"":0.6,""price_tick_min"":0.06,""price_window"":6,""reversal_book_min"":0.08,""session"":""ASIA""}"
32658,a7c40da700f5b1b0,31658,CHOP,CHOP_BOOK_ABSORPTION_REVERSE,950,121,"{""chop_age_max"":144,""chop_age_min"":1,""efficiency_max"":0.5,""intensity_min"":0.6,""move_atr_min"":0.4,""price_tick_min"":0.03,""price_window"":1,""reversal_book_min"":0.08,""session"":""NY""}"
32659,a38c2633d0e58840,31659,CHOP,CHOP_BOOK_ABSORPTION_REVERSE,419,19,"{""chop_age_max"":2000,""chop_age_min"":12,""efficiency_max"":0.3,""intensity_min"":1.4,""move_atr_min"":0.6,""price_tick_min"":0.03,""price_window"":6,""reversal_book_min"":0.08,""session"":""LATE""}"
32660,37bd455ceb29ce6f,31660,CHOP,CHOP_BOOK_ABSORPTION_REVERSE,1102,187,"{""chop_age_max"":432,""chop_age_min"":48,""efficiency_max"":0.5,""intensity_min"":0.6,""move_atr_min"":0.2,""price_tick_min"":0.0,""price_window"":3,""reversal_book_min"":0.32,""session"":""ASIA""}"
32661,63e875a8bba7d8fa,31661,CHOP,CHOP_BOOK_ABSORPTION_REVERSE,343,37,"{""chop_age_max"":432,""chop_age_min"":12,""efficiency_max"":0.5,""intensity_min"":1.4,""move_atr_min"":0.6,""price_tick_min"":0.0,""price_window"":3,""reversal_book_min"":0.32,""session"":""NY""}"
32662,0d01f8adb9bf5eb9,31662,CHOP,CHOP_BOOK_ABSORPTION_REVERSE,275,34,"{""chop_age_max"":144,""chop_age_min"":48,""efficiency_max"":1.0,""intensity_min"":1.4,""move_atr_min"":0.6,""price_tick_min"":0.03,""price_window"":3,""reversal_book_min"":0.24,""session"":""ALL""}"
32663,ebdf70dcc1ce9641,31663,CHOP,CHOP_BOOK_ABSORPTION_REVERSE,359,43,"{""chop_age_max"":144,""chop_age_min"":1,""efficiency_max"":0.7,""intensity_min"":1.0,""move_atr_min"":0.6,""price_tick_min"":0.03,""price_window"":3,""reversal_book_min"":0.16,""session"":""LONDON""}"
32664,2fa115559d950f56,31664,CHOP,CHOP_BOOK_ABSORPTION_REVERSE,662,42,"{""chop_age_max"":432,""chop_age_min"":48,""efficiency_max"":1.0,""intensity_min"":0.6,""move_atr_min"":0.4,""price_tick_min"":0.06,""price_window"":6,""reversal_book_min"":0.32,""session"":""ALL""}"
32665,379f6fc9b781ede0,31665,CHOP,CHOP_BOOK_ABSORPTION_REVERSE,1886,339,"{""chop_age_max"":432,""chop_age_min"":1,""efficiency_max"":0.3,""intensity_min"":0.6,""move_atr_min"":0.4,""price_tick_min"":0.0,""price_window"":3,""reversal_book_min"":0.24,""session"":""LONDON""}"
32666,c81169576e7d0147,31666,CHOP,CHOP_BOOK_ABSORPTION_REVERSE,532,59,"{""chop_age_max"":144,""chop_age_min"":12,""efficiency_max"":1.0,""intensity_min"":0.6,""move_atr_min"":0.2,""price_tick_min"":0.03,""price_window"":1,""reversal_book_min"":0.16,""session"":""LONDON""}"
32667,54fb75de639dd199,31667,CHOP,CHOP_BOOK_ABSORPTION_REVERSE,313,34,"{""chop_age_max"":432,""chop_age_min"":1,""efficiency_max"":0.7,""intensity_min"":1.4,""move_atr_min"":0.9,""price_tick_min"":0.03,""price_window"":1,""reversal_book_min"":0.24,""session"":""ALL""}"
32668,c9d2a8c28cac9e75,31668,CHOP,CHOP_BOOK_ABSORPTION_REVERSE,5018,1104,"{""chop_age_max"":2000,""chop_age_min"":12,""efficiency_max"":0.5,""intensity_min"":0.6,""move_atr_min"":0.4,""price_tick_min"":0.0,""price_window"":6,""reversal_book_min"":0.08,""session"":""ASIA""}"
32669,1deb13d0751cf4bb,31669,CHOP,CHOP_BOOK_ABSORPTION_REVERSE,1124,229,"{""chop_age_max"":432,""chop_age_min"":48,""efficiency_max"":1.0,""intensity_min"":0.6,""move_atr_min"":0.4,""price_tick_min"":0.0,""price_window"":1,""reversal_book_min"":0.24,""session"":""LONDON""}"
32670,b476882fee5a1f66,31670,CHOP,CHOP_BOOK_ABSORPTION_REVERSE,230,20,"{""chop_age_max"":432,""chop_age_min"":12,""efficiency_max"":1.0,""intensity_min"":1.4,""move_atr_min"":0.6,""price_tick_min"":0.03,""price_window"":3,""reversal_book_min"":0.24,""session"":""LONDON""}"
32671,79f98ca86010b3d3,31671,CHOP,CHOP_BOOK_ABSORPTION_REVERSE,690,69,"{""chop_age_max"":48,""chop_age_min"":1,""efficiency_max"":0.3,""intensity_min"":1.4,""move_atr_min"":0.2,""price_tick_min"":0.03,""price_window"":1,""reversal_book_min"":0.08,""session"":""ALL""}"
32672,c52953af8ec5d72c,31672,CHOP,CHOP_BOOK_ABSORPTION_REVERSE,4643,517,"{""chop_age_max"":432,""chop_age_min"":12,""efficiency_max"":0.3,""intensity_min"":1.0,""move_atr_min"":0.6,""price_tick_min"":0.03,""price_window"":6,""reversal_book_min"":0.08,""session"":""ALL""}"
32673,0a830342cf88c184,31673,CHOP,CHOP_BOOK_ABSORPTION_REVERSE,2056,117,"{""chop_age_max"":2000,""chop_age_min"":12,""efficiency_max"":1.0,""intensity_min"":0.6,""move_atr_min"":0.4,""price_tick_min"":0.06,""price_window"":1,""reversal_book_min"":0.16,""session"":""ALL""}"
32674,ab27cbf1fb604387,31674,CHOP,CHOP_BOOK_ABSORPTION_REVERSE,1814,91,"{""chop_age_max"":144,""chop_age_min"":12,""efficiency_max"":0.3,""intensity_min"":0.6,""move_atr_min"":0.4,""price_tick_min"":0.06,""price_window"":6,""reversal_book_min"":0.08,""session"":""ALL""}"
32675,bd4ce396acd00621,31675,CHOP,CHOP_BOOK_ABSORPTION_REVERSE,396,24,"{""chop_age_max"":432,""chop_age_min"":1,""efficiency_max"":0.3,""intensity_min"":1.0,""move_atr_min"":0.9,""price_tick_min"":0.06,""price_window"":6,""reversal_book_min"":0.08,""session"":""LONDON""}"
32676,6ff001252a5a7c52,31676,CHOP,CHOP_BOOK_ABSORPTION_REVERSE,1499,259,"{""chop_age_max"":144,""chop_age_min"":48,""efficiency_max"":1.0,""intensity_min"":0.6,""move_atr_min"":0.6,""price_tick_min"":0.0,""price_window"":6,""reversal_book_min"":0.08,""session"":""ASIA""}"
32677,d939751de0fb500b,31677,CHOP,CHOP_BOOK_ABSORPTION_REVERSE,197,23,"{""chop_age_max"":432,""chop_age_min"":48,""efficiency_max"":0.3,""intensity_min"":1.4,""move_atr_min"":0.4,""price_tick_min"":0.0,""price_window"":6,""reversal_book_min"":0.32,""session"":""LONDON""}"
32678,d39987abc8957032,31678,CHOP,CHOP_BOOK_ABSORPTION_REVERSE,2014,419,"{""chop_age_max"":144,""chop_age_min"":12,""efficiency_max"":0.3,""intensity_min"":1.0,""move_atr_min"":0.6,""price_tick_min"":0.0,""price_window"":6,""reversal_book_min"":0.08,""session"":""NY""}"
32679,e0151a3c5a49f9fa,31679,CHOP,CHOP_BOOK_ABSORPTION_REVERSE,232,15,"{""chop_age_max"":144,""chop_age_min"":12,""efficiency_max"":0.5,""intensity_min"":1.4,""move_atr_min"":0.6,""price_tick_min"":0.03,""price_window"":6,""reversal_book_min"":0.08,""session"":""LATE""}"
32680,95bfc26254b20c3e,31680,CHOP,CHOP_BOOK_ABSORPTION_REVERSE,548,71,"{""chop_age_max"":2000,""chop_age_min"":48,""efficiency_max"":0.7,""intensity_min"":1.0,""move_atr_min"":0.4,""price_tick_min"":0.03,""price_window"":1,""reversal_book_min"":0.16,""session"":""ASIA""}"
32681,36faceb3bf6b0a6d,31681,CHOP,CHOP_BOOK_ABSORPTION_REVERSE,206,22,"{""chop_age_max"":144,""chop_age_min"":1,""efficiency_max"":0.3,""intensity_min"":1.4,""move_atr_min"":0.2,""price_tick_min"":0.0,""price_window"":3,""reversal_book_min"":0.24,""session"":""LONDON""}"
32682,2e5febe9558d9660,31682,CHOP,CHOP_BOOK_ABSORPTION_REVERSE,356,48,"{""chop_age_max"":48,""chop_age_min"":12,""efficiency_max"":1.0,""intensity_min"":1.0,""move_atr_min"":0.2,""price_tick_min"":0.0,""price_window"":1,""reversal_book_min"":0.32,""session"":""ALL""}"
32683,748f5905657d03ee,31683,CHOP,CHOP_BOOK_ABSORPTION_REVERSE,1580,317,"{""chop_age_max"":2000,""chop_age_min"":48,""efficiency_max"":0.7,""intensity_min"":0.6,""move_atr_min"":0.6,""price_tick_min"":0.03,""price_window"":3,""reversal_book_min"":0.16,""session"":""ASIA""}"
32684,186a7eb28006b1a8,31684,CHOP,CHOP_BOOK_ABSORPTION_REVERSE,358,64,"{""chop_age_max"":144,""chop_age_min"":12,""efficiency_max"":0.3,""intensity_min"":1.4,""move_atr_min"":0.2,""price_tick_min"":0.0,""price_window"":6,""reversal_book_min"":0.08,""session"":""ASIA""}"
32685,9bc772e292502303,31685,CHOP,CHOP_BOOK_ABSORPTION_REVERSE,636,21,"{""chop_age_max"":2000,""chop_age_min"":1,""efficiency_max"":0.5,""intensity_min"":0.6,""move_atr_min"":0.2,""price_tick_min"":0.06,""price_window"":6,""reversal_book_min"":0.24,""session"":""LATE""}"
32686,db8714447890b7b0,31686,CHOP,CHOP_BOOK_ABSORPTION_REVERSE,197,26,"{""chop_age_max"":48,""chop_age_min"":12,""efficiency_max"":0.5,""intensity_min"":1.0,""move_atr_min"":0.2,""price_tick_min"":0.03,""price_window"":3,""reversal_book_min"":0.16,""session"":""LONDON""}"
32687,2e0dc249588160a3,31687,CHOP,CHOP_BOOK_ABSORPTION_REVERSE,458,52,"{""chop_age_max"":144,""chop_age_min"":48,""efficiency_max"":1.0,""intensity_min"":0.6,""move_atr_min"":0.2,""price_tick_min"":0.03,""price_window"":6,""reversal_book_min"":0.08,""session"":""LONDON""}"
32688,c1dbaf014c0d03b8,31688,CHOP,CHOP_BOOK_ABSORPTION_REVERSE,474,67,"{""chop_age_max"":144,""chop_age_min"":1,""efficiency_max"":1.0,""intensity_min"":0.6,""move_atr_min"":0.6,""price_tick_min"":0.03,""price_window"":1,""reversal_book_min"":0.08,""session"":""LONDON""}"
32689,04f1102fcb7e2104,31689,CHOP,CHOP_BOOK_ABSORPTION_REVERSE,772,25,"{""chop_age_max"":2000,""chop_age_min"":1,""efficiency_max"":0.7,""intensity_min"":0.6,""move_atr_min"":0.6,""price_tick_min"":0.06,""price_window"":6,""reversal_book_min"":0.16,""session"":""LATE""}"
32690,d1418f4a94f87515,31690,CHOP,CHOP_BOOK_ABSORPTION_REVERSE,971,193,"{""chop_age_max"":432,""chop_age_min"":1,""efficiency_max"":1.0,""intensity_min"":0.6,""move_atr_min"":0.4,""price_tick_min"":0.03,""price_window"":3,""reversal_book_min"":0.24,""session"":""ASIA""}"
32691,d16496adbc6b7d48,31691,CHOP,CHOP_BOOK_ABSORPTION_REVERSE,4732,560,"{""chop_age_max"":2000,""chop_age_min"":12,""efficiency_max"":0.7,""intensity_min"":1.0,""move_atr_min"":0.4,""price_tick_min"":0.03,""price_window"":1,""reversal_book_min"":0.08,""session"":""ALL""}"
32692,3705e6dd2fb9f960,31692,CHOP,CHOP_BOOK_ABSORPTION_REVERSE,1136,188,"{""chop_age_max"":2000,""chop_age_min"":12,""efficiency_max"":0.3,""intensity_min"":0.6,""move_atr_min"":0.2,""price_tick_min"":0.0,""price_window"":1,""reversal_book_min"":0.24,""session"":""LATE""}"
32693,870d6aa3d21e9db5,31693,CHOP,CHOP_BOOK_ABSORPTION_REVERSE,642,114,"{""chop_age_max"":48,""chop_age_min"":1,""efficiency_max"":0.3,""intensity_min"":1.0,""move_atr_min"":0.4,""price_tick_min"":0.0,""price_window"":1,""reversal_book_min"":0.24,""session"":""ALL""}"
32694,6fc28d44f0f759c4,31694,CHOP,CHOP_BOOK_ABSORPTION_REVERSE,1459,46,"{""chop_age_max"":432,""chop_age_min"":1,""efficiency_max"":1.0,""intensity_min"":1.0,""move_atr_min"":0.4,""price_tick_min"":0.06,""price_window"":6,""reversal_book_min"":0.16,""session"":""ALL""}"
32695,61719f91e2afd81d,31695,CHOP,CHOP_BOOK_ABSORPTION_REVERSE,512,60,"{""chop_age_max"":144,""chop_age_min"":12,""efficiency_max"":0.7,""intensity_min"":1.0,""move_atr_min"":0.2,""price_tick_min"":0.03,""price_window"":1,""reversal_book_min"":0.08,""session"":""LONDON""}"
32696,93b3e4733d1f3a4c,31696,CHOP,CHOP_BOOK_ABSORPTION_REVERSE,335,60,"{""chop_age_max"":2000,""chop_age_min"":1,""efficiency_max"":0.3,""intensity_min"":1.0,""move_atr_min"":0.9,""price_tick_min"":0.0,""price_window"":1,""reversal_book_min"":0.08,""session"":""LATE""}"
32697,52eeb87d40293ebd,31697,CHOP,CHOP_BOOK_ABSORPTION_REVERSE,332,50,"{""chop_age_max"":432,""chop_age_min"":48,""efficiency_max"":0.3,""intensity_min"":1.0,""move_atr_min"":0.9,""price_tick_min"":0.03,""price_window"":1,""reversal_book_min"":0.08,""session"":""ASIA""}"
32698,fd0e07358df176ef,31698,CHOP,CHOP_BOOK_ABSORPTION_REVERSE,939,168,"{""chop_age_max"":432,""chop_age_min"":12,""efficiency_max"":0.7,""intensity_min"":1.0,""move_atr_min"":0.9,""price_tick_min"":0.0,""price_window"":1,""reversal_book_min"":0.24,""session"":""ALL""}"
32699,8dbf611dfddb8d23,31699,CHOP,CHOP_BOOK_ABSORPTION_REVERSE,1108,120,"{""chop_age_max"":2000,""chop_age_min"":12,""efficiency_max"":0.3,""intensity_min"":0.6,""move_atr_min"":0.6,""price_tick_min"":0.03,""price_window"":1,""reversal_book_min"":0.32,""session"":""ALL""}"
32700,91ed9be5cd208f3e,31700,CHOP,CHOP_BOOK_ABSORPTION_REVERSE,6980,1643,"{""chop_age_max"":2000,""chop_age_min"":1,""efficiency_max"":0.7,""intensity_min"":0.6,""move_atr_min"":0.4,""price_tick_min"":0.0,""price_window"":3,""reversal_book_min"":0.08,""session"":""LONDON""}"
32701,c8aadb102d661e24,31701,CHOP,CHOP_BOOK_ABSORPTION_REVERSE,809,169,"{""chop_age_max"":2000,""chop_age_min"":48,""efficiency_max"":0.3,""intensity_min"":1.4,""move_atr_min"":0.9,""price_tick_min"":0.0,""price_window"":1,""reversal_book_min"":0.08,""session"":""NY""}"
32702,322b010b90e30afa,31702,CHOP,CHOP_BOOK_ABSORPTION_REVERSE,1108,117,"{""chop_age_max"":2000,""chop_age_min"":1,""efficiency_max"":0.7,""intensity_min"":0.6,""move_atr_min"":0.2,""price_tick_min"":0.06,""price_window"":6,""reversal_book_min"":0.08,""session"":""ASIA""}"
32703,4448a931d1f83d46,31703,CHOP,CHOP_BOOK_ABSORPTION_REVERSE,494,60,"{""chop_age_max"":144,""chop_age_min"":1,""efficiency_max"":0.3,""intensity_min"":1.4,""move_atr_min"":0.6,""price_tick_min"":0.03,""price_window"":1,""reversal_book_min"":0.16,""session"":""ALL""}"
32704,07b57c659173f4a3,31704,CHOP,CHOP_BOOK_ABSORPTION_REVERSE,1914,397,"{""chop_age_max"":432,""chop_age_min"":48,""efficiency_max"":0.5,""intensity_min"":0.6,""move_atr_min"":0.9,""price_tick_min"":0.0,""price_window"":1,""reversal_book_min"":0.16,""session"":""ALL""}"
32705,0eab5d141eada7ad,31705,CHOP,CHOP_BOOK_ABSORPTION_REVERSE,939,88,"{""chop_age_max"":432,""chop_age_min"":12,""efficiency_max"":0.5,""intensity_min"":1.4,""move_atr_min"":0.2,""price_tick_min"":0.03,""price_window"":3,""reversal_book_min"":0.16,""session"":""NY""}"
32706,68ac787fba74e3d3,31706,CHOP,CHOP_BOOK_ABSORPTION_REVERSE,529,48,"{""chop_age_max"":2000,""chop_age_min"":48,""efficiency_max"":1.0,""intensity_min"":0.6,""move_atr_min"":0.4,""price_tick_min"":0.03,""price_window"":1,""reversal_book_min"":0.24,""session"":""NY""}"
32707,9e0c2e60e57433c0,31707,CHOP,CHOP_BOOK_ABSORPTION_REVERSE,990,174,"{""chop_age_max"":2000,""chop_age_min"":12,""efficiency_max"":1.0,""intensity_min"":0.6,""move_atr_min"":0.9,""price_tick_min"":0.0,""price_window"":3,""reversal_book_min"":0.24,""session"":""NY""}"
32708,45ff06dd52c60c1a,31708,CHOP,CHOP_BOOK_ABSORPTION_REVERSE,453,60,"{""chop_age_max"":48,""chop_age_min"":1,""efficiency_max"":0.3,""intensity_min"":1.0,""move_atr_min"":0.2,""price_tick_min"":0.0,""price_window"":3,""reversal_book_min"":0.16,""session"":""LONDON""}"
32709,bc6b860016264059,31709,CHOP,CHOP_BOOK_ABSORPTION_REVERSE,311,19,"{""chop_age_max"":48,""chop_age_min"":1,""efficiency_max"":0.7,""intensity_min"":1.4,""move_atr_min"":0.4,""price_tick_min"":0.03,""price_window"":6,""reversal_book_min"":0.16,""session"":""NY""}"
32710,3f65b1652a86d59b,31710,CHOP,CHOP_BOOK_ABSORPTION_REVERSE,441,37,"{""chop_age_max"":432,""chop_age_min"":48,""efficiency_max"":0.5,""intensity_min"":0.6,""move_atr_min"":0.2,""price_tick_min"":0.03,""price_window"":1,""reversal_book_min"":0.24,""session"":""LATE""}"
32711,ebac0ee899924132,31711,CHOP,CHOP_BOOK_ABSORPTION_REVERSE,962,127,"{""chop_age_max"":432,""chop_age_min"":48,""efficiency_max"":0.5,""intensity_min"":1.0,""move_atr_min"":0.4,""price_tick_min"":0.03,""price_window"":1,""reversal_book_min"":0.08,""session"":""NY""}"
32712,1dc0612c44e628bb,31712,CHOP,CHOP_BOOK_ABSORPTION_REVERSE,3468,602,"{""chop_age_max"":2000,""chop_age_min"":48,""efficiency_max"":0.5,""intensity_min"":1.4,""move_atr_min"":0.4,""price_tick_min"":0.0,""price_window"":6,""reversal_book_min"":0.08,""session"":""NY""}"
32713,e8e93f75799f44e8,31713,CHOP,CHOP_BOOK_ABSORPTION_REVERSE,288,24,"{""chop_age_max"":144,""chop_age_min"":1,""efficiency_max"":0.5,""intensity_min"":1.0,""move_atr_min"":0.2,""price_tick_min"":0.03,""price_window"":1,""reversal_book_min"":0.16,""session"":""LATE""}"
32714,b7cf40d6c4097124,31714,CHOP,CHOP_BOOK_ABSORPTION_REVERSE,118,18,"{""chop_age_max"":48,""chop_age_min"":12,""efficiency_max"":0.7,""intensity_min"":0.6,""move_atr_min"":0.2,""price_tick_min"":0.03,""price_window"":3,""reversal_book_min"":0.32,""session"":""LATE""}"
32715,23d18b267747a931,31715,CHOP,CHOP_BOOK_ABSORPTION_REVERSE,455,46,"{""chop_age_max"":144,""chop_age_min"":12,""efficiency_max"":0.7,""intensity_min"":1.4,""move_atr_min"":0.2,""price_tick_min"":0.03,""price_window"":1,""reversal_book_min"":0.24,""session"":""ALL""}"
32716,8d5c86ad08d13d84,31716,CHOP,CHOP_BOOK_ABSORPTION_REVERSE,233,29,"{""chop_age_max"":144,""chop_age_min"":1,""efficiency_max"":0.3,""intensity_min"":1.4,""move_atr_min"":0.6,""price_tick_min"":0.0,""price_window"":6,""reversal_book_min"":0.32,""session"":""NY""}"
32717,c6a708ed962c9756,31717,CHOP,CHOP_BOOK_ABSORPTION_REVERSE,2864,315,"{""chop_age_max"":2000,""chop_age_min"":1,""efficiency_max"":0.3,""intensity_min"":0.6,""move_atr_min"":0.2,""price_tick_min"":0.03,""price_window"":1,""reversal_book_min"":0.08,""session"":""NY""}"
32718,b8d0c885f0f53987,31718,CHOP,CHOP_BOOK_ABSORPTION_REVERSE,3613,345,"{""chop_age_max"":2000,""chop_age_min"":12,""efficiency_max"":0.5,""intensity_min"":1.4,""move_atr_min"":0.4,""price_tick_min"":0.03,""price_window"":3,""reversal_book_min"":0.08,""session"":""ALL""}"
32719,5f3830e8d8bf2c74,31719,CHOP,CHOP_BOOK_ABSORPTION_REVERSE,316,37,"{""chop_age_max"":48,""chop_age_min"":1,""efficiency_max"":0.7,""intensity_min"":1.0,""move_atr_min"":0.6,""price_tick_min"":0.03,""price_window"":1,""reversal_book_min"":0.08,""session"":""NY""}"
32720,91ae1dca9a8a4956,31720,CHOP,CHOP_BOOK_ABSORPTION_REVERSE,613,88,"{""chop_age_max"":144,""chop_age_min"":12,""efficiency_max"":0.7,""intensity_min"":1.0,""move_atr_min"":0.2,""price_tick_min"":0.0,""price_window"":6,""reversal_book_min"":0.16,""session"":""LATE""}"
32721,e9e8586916afb805,31721,CHOP,CHOP_BOOK_ABSORPTION_REVERSE,1799,149,"{""chop_age_max"":432,""chop_age_min"":1,""efficiency_max"":0.7,""intensity_min"":1.4,""move_atr_min"":0.2,""price_tick_min"":0.03,""price_window"":6,""reversal_book_min"":0.08,""session"":""NY""}"
32722,078e2ea8f87de2ff,31722,CHOP,CHOP_BOOK_ABSORPTION_REVERSE,264,28,"{""chop_age_max"":432,""chop_age_min"":1,""efficiency_max"":1.0,""intensity_min"":0.6,""move_atr_min"":0.2,""price_tick_min"":0.06,""price_window"":6,""reversal_book_min"":0.32,""session"":""ASIA""}"
32723,fe0ce73a16746b43,31723,CHOP,CHOP_BOOK_ABSORPTION_REVERSE,6980,1558,"{""chop_age_max"":432,""chop_age_min"":12,""efficiency_max"":0.3,""intensity_min"":0.6,""move_atr_min"":0.9,""price_tick_min"":0.0,""price_window"":6,""reversal_book_min"":0.16,""session"":""ALL""}"
32724,fe7749b3046670c7,31724,CHOP,CHOP_BOOK_ABSORPTION_REVERSE,622,96,"{""chop_age_max"":48,""chop_age_min"":1,""efficiency_max"":0.5,""intensity_min"":0.6,""move_atr_min"":0.6,""price_tick_min"":0.03,""price_window"":3,""reversal_book_min"":0.24,""session"":""ALL""}"
32725,2d02d0e1afe56693,31725,CHOP,CHOP_BOOK_ABSORPTION_REVERSE,144,16,"{""chop_age_max"":48,""chop_age_min"":1,""efficiency_max"":1.0,""intensity_min"":0.6,""move_atr_min"":0.6,""price_tick_min"":0.0,""price_window"":6,""reversal_book_min"":0.32,""session"":""LONDON""}"
32726,cbbba59998de2274,31726,CHOP,CHOP_BOOK_ABSORPTION_REVERSE,645,109,"{""chop_age_max"":432,""chop_age_min"":12,""efficiency_max"":0.5,""intensity_min"":1.4,""move_atr_min"":0.2,""price_tick_min"":0.0,""price_window"":1,""reversal_book_min"":0.08,""session"":""ASIA""}"
32727,31ca28dc7b242efd,31727,CHOP,CHOP_BOOK_ABSORPTION_REVERSE,438,80,"{""chop_age_max"":144,""chop_age_min"":12,""efficiency_max"":0.7,""intensity_min"":1.4,""move_atr_min"":0.4,""price_tick_min"":0.0,""price_window"":3,""reversal_book_min"":0.24,""session"":""NY""}"
32728,6738d7c72dd3dd1e,31728,CHOP,CHOP_BOOK_ABSORPTION_REVERSE,4486,1072,"{""chop_age_max"":2000,""chop_age_min"":48,""efficiency_max"":0.7,""intensity_min"":1.0,""move_atr_min"":0.2,""price_tick_min"":0.0,""price_window"":3,""reversal_book_min"":0.08,""session"":""LONDON""}"
32729,a04aeb4a83a2b683,31729,CHOP,CHOP_BOOK_ABSORPTION_REVERSE,4558,579,"{""chop_age_max"":2000,""chop_age_min"":12,""efficiency_max"":0.5,""intensity_min"":1.0,""move_atr_min"":0.9,""price_tick_min"":0.03,""price_window"":3,""reversal_book_min"":0.08,""session"":""ALL""}"
32730,8b587af3a2563976,31730,CHOP,CHOP_BOOK_ABSORPTION_REVERSE,825,103,"{""chop_age_max"":2000,""chop_age_min"":48,""efficiency_max"":1.0,""intensity_min"":1.0,""move_atr_min"":0.2,""price_tick_min"":0.0,""price_window"":3,""reversal_book_min"":0.32,""session"":""NY""}"
32731,0e66cf927bc04072,31731,CHOP,CHOP_BOOK_ABSORPTION_REVERSE,2059,435,"{""chop_age_max"":2000,""chop_age_min"":48,""efficiency_max"":1.0,""intensity_min"":1.0,""move_atr_min"":0.2,""price_tick_min"":0.0,""price_window"":1,""reversal_book_min"":0.08,""session"":""ASIA""}"
32732,cbd0e1dfb44be2ed,31732,CHOP,CHOP_BOOK_ABSORPTION_REVERSE,224,30,"{""chop_age_max"":144,""chop_age_min"":12,""efficiency_max"":0.5,""intensity_min"":1.0,""move_atr_min"":0.4,""price_tick_min"":0.0,""price_window"":1,""reversal_book_min"":0.32,""session"":""NY""}"
32733,2d1b227b170802bb,31733,CHOP,CHOP_BOOK_ABSORPTION_REVERSE,332,32,"{""chop_age_max"":2000,""chop_age_min"":1,""efficiency_max"":1.0,""intensity_min"":1.4,""move_atr_min"":0.6,""price_tick_min"":0.0,""price_window"":3,""reversal_book_min"":0.16,""session"":""LATE""}"
32734,061c7f8b683180e0,31734,CHOP,CHOP_BOOK_ABSORPTION_REVERSE,695,123,"{""chop_age_max"":144,""chop_age_min"":12,""efficiency_max"":0.3,""intensity_min"":0.6,""move_atr_min"":0.4,""price_tick_min"":0.03,""price_window"":1,""reversal_book_min"":0.08,""session"":""ASIA""}"
32735,aabc87d603ecf8b6,31735,CHOP,CHOP_BOOK_ABSORPTION_REVERSE,442,21,"{""chop_age_max"":2000,""chop_age_min"":1,""efficiency_max"":0.7,""intensity_min"":1.0,""move_atr_min"":0.4,""price_tick_min"":0.03,""price_window"":6,""reversal_book_min"":0.24,""session"":""LATE""}"
32736,4c933fd20defa5d2,31736,CHOP,CHOP_BOOK_ABSORPTION_REVERSE,783,88,"{""chop_age_max"":432,""chop_age_min"":48,""efficiency_max"":1.0,""intensity_min"":1.4,""move_atr_min"":0.4,""price_tick_min"":0.0,""price_window"":6,""reversal_book_min"":0.32,""session"":""ALL""}"
32737,924736c8cd90fd6f,31737,CHOP,CHOP_BOOK_ABSORPTION_REVERSE,1379,192,"{""chop_age_max"":432,""chop_age_min"":12,""efficiency_max"":0.3,""intensity_min"":1.4,""move_atr_min"":0.9,""price_tick_min"":0.0,""price_window"":6,""reversal_book_min"":0.24,""session"":""ALL""}"
32738,bc7023207b9743b2,31738,CHOP,CHOP_BOOK_ABSORPTION_REVERSE,184,26,"{""chop_age_max"":48,""chop_age_min"":1,""efficiency_max"":0.7,""intensity_min"":0.6,""move_atr_min"":0.2,""price_tick_min"":0.0,""price_window"":1,""reversal_book_min"":0.32,""session"":""LONDON""}"
32739,8e1cd041b1e9360a,31739,CHOP,CHOP_BOOK_ABSORPTION_REVERSE,3151,410,"{""chop_age_max"":2000,""chop_age_min"":12,""efficiency_max"":0.7,""intensity_min"":0.6,""move_atr_min"":0.2,""price_tick_min"":0.03,""price_window"":1,""reversal_book_min"":0.08,""session"":""LONDON""}"
32740,8639251f9fd837e7,31740,CHOP,CHOP_BOOK_ABSORPTION_REVERSE,217,20,"{""chop_age_max"":144,""chop_age_min"":1,""efficiency_max"":1.0,""intensity_min"":1.0,""move_atr_min"":0.6,""price_tick_min"":0.0,""price_window"":3,""reversal_book_min"":0.32,""session"":""LONDON""}"
32741,d27097fd4a70bc60,31741,CHOP,CHOP_BOOK_ABSORPTION_REVERSE,952,23,"{""chop_age_max"":432,""chop_age_min"":1,""efficiency_max"":0.3,""intensity_min"":1.4,""move_atr_min"":0.2,""price_tick_min"":0.06,""price_window"":1,""reversal_book_min"":0.08,""session"":""ALL""}"
32742,e1fbb75742563f44,31742,CHOP,CHOP_BOOK_ABSORPTION_REVERSE,7765,905,"{""chop_age_max"":2000,""chop_age_min"":12,""efficiency_max"":0.5,""intensity_min"":1.0,""move_atr_min"":0.2,""price_tick_min"":0.03,""price_window"":3,""reversal_book_min"":0.08,""session"":""ALL""}"
32743,2a393fff77c4df1e,31743,CHOP,CHOP_BOOK_ABSORPTION_REVERSE,434,50,"{""chop_age_max"":432,""chop_age_min"":1,""efficiency_max"":1.0,""intensity_min"":1.4,""move_atr_min"":0.6,""price_tick_min"":0.0,""price_window"":6,""reversal_book_min"":0.32,""session"":""NY""}"
32744,0150443a59f34f64,31744,CHOP,CHOP_BOOK_ABSORPTION_REVERSE,248,25,"{""chop_age_max"":432,""chop_age_min"":1,""efficiency_max"":0.7,""intensity_min"":1.4,""move_atr_min"":0.6,""price_tick_min"":0.0,""price_window"":1,""reversal_book_min"":0.32,""session"":""NY""}"
32745,e9d59aca7049ddcc,31745,CHOP,CHOP_BOOK_ABSORPTION_REVERSE,437,83,"{""chop_age_max"":48,""chop_age_min"":1,""efficiency_max"":0.3,""intensity_min"":1.0,""move_atr_min"":0.6,""price_tick_min"":0.0,""price_window"":6,""reversal_book_min"":0.08,""session"":""LATE""}"
32746,aff5e9c67340e25f,31746,CHOP,CHOP_BOOK_ABSORPTION_REVERSE,242,26,"{""chop_age_max"":144,""chop_age_min"":1,""efficiency_max"":0.7,""intensity_min"":1.0,""move_atr_min"":0.2,""price_tick_min"":0.03,""price_window"":3,""reversal_book_min"":0.32,""session"":""NY""}"
32747,9152aadfed0b5c30,31747,CHOP,CHOP_BOOK_ABSORPTION_REVERSE,402,15,"{""chop_age_max"":2000,""chop_age_min"":48,""efficiency_max"":1.0,""intensity_min"":0.6,""move_atr_min"":0.4,""price_tick_min"":0.06,""price_window"":3,""reversal_book_min"":0.24,""session"":""LATE""}"
32748,da7944b51dcb8dfe,31748,CHOP,CHOP_BOOK_ABSORPTION_REVERSE,985,15,"{""chop_age_max"":2000,""chop_age_min"":48,""efficiency_max"":0.5,""intensity_min"":0.6,""move_atr_min"":0.4,""price_tick_min"":0.06,""price_window"":6,""reversal_book_min"":0.08,""session"":""NY""}"
32749,a199e50de2f5f7da,31749,CHOP,CHOP_BOOK_ABSORPTION_REVERSE,308,37,"{""chop_age_max"":48,""chop_age_min"":1,""efficiency_max"":1.0,""intensity_min"":0.6,""move_atr_min"":0.4,""price_tick_min"":0.03,""price_window"":1,""reversal_book_min"":0.16,""session"":""NY""}"
32750,67aa908d714abab0,31750,CHOP,CHOP_BOOK_ABSORPTION_REVERSE,199,35,"{""chop_age_max"":144,""chop_age_min"":48,""efficiency_max"":0.3,""intensity_min"":1.0,""move_atr_min"":0.2,""price_tick_min"":0.0,""price_window"":1,""reversal_book_min"":0.32,""session"":""NY""}"
32751,0da37b4110f2837d,31751,CHOP,CHOP_BOOK_ABSORPTION_REVERSE,1588,282,"{""chop_age_max"":2000,""chop_age_min"":48,""efficiency_max"":0.7,""intensity_min"":0.6,""move_atr_min"":0.4,""price_tick_min"":0.0,""price_window"":3,""reversal_book_min"":0.24,""session"":""NY""}"
32752,27606e3becc4af03,31752,CHOP,CHOP_BOOK_ABSORPTION_REVERSE,3459,168,"{""chop_age_max"":2000,""chop_age_min"":1,""efficiency_max"":0.7,""intensity_min"":0.6,""move_atr_min"":0.2,""price_tick_min"":0.06,""price_window"":6,""reversal_book_min"":0.16,""session"":""ALL""}"
32753,c12935931bc95543,31753,CHOP,CHOP_BOOK_ABSORPTION_REVERSE,303,34,"{""chop_age_max"":2000,""chop_age_min"":48,""efficiency_max"":0.3,""intensity_min"":0.6,""move_atr_min"":0.2,""price_tick_min"":0.06,""price_window"":6,""reversal_book_min"":0.32,""session"":""ASIA""}"
32754,01ae29eb6e1869d4,31754,CHOP,CHOP_BOOK_ABSORPTION_REVERSE,330,17,"{""chop_age_max"":432,""chop_age_min"":12,""efficiency_max"":0.3,""intensity_min"":1.4,""move_atr_min"":0.4,""price_tick_min"":0.03,""price_window"":3,""reversal_book_min"":0.08,""session"":""LATE""}"
32755,6f0051b4460ff358,31755,CHOP,CHOP_BOOK_ABSORPTION_REVERSE,1054,35,"{""chop_age_max"":432,""chop_age_min"":12,""efficiency_max"":0.5,""intensity_min"":0.6,""move_atr_min"":0.4,""price_tick_min"":0.06,""price_window"":6,""reversal_book_min"":0.08,""session"":""LATE""}"
32756,1906e807d9f4cc66,31756,CHOP,CHOP_BOOK_ABSORPTION_REVERSE,180,16,"{""chop_age_max"":2000,""chop_age_min"":12,""efficiency_max"":1.0,""intensity_min"":0.6,""move_atr_min"":0.9,""price_tick_min"":0.03,""price_window"":1,""reversal_book_min"":0.32,""session"":""LONDON""}"
32757,4b30ae2885814bf7,31757,CHOP,CHOP_BOOK_ABSORPTION_REVERSE,15377,3437,"{""chop_age_max"":2000,""chop_age_min"":12,""efficiency_max"":1.0,""intensity_min"":0.6,""move_atr_min"":0.2,""price_tick_min"":0.0,""price_window"":3,""reversal_book_min"":0.16,""session"":""ALL""}"
32758,64c686fc86425156,31758,CHOP,CHOP_BOOK_ABSORPTION_REVERSE,4446,773,"{""chop_age_max"":2000,""chop_age_min"":1,""efficiency_max"":0.3,""intensity_min"":0.6,""move_atr_min"":0.4,""price_tick_min"":0.0,""price_window"":6,""reversal_book_min"":0.32,""session"":""ALL""}"
32759,5e0341dc0093dff1,31759,CHOP,CHOP_BOOK_ABSORPTION_REVERSE,2336,128,"{""chop_age_max"":2000,""chop_age_min"":48,""efficiency_max"":0.5,""intensity_min"":0.6,""move_atr_min"":0.6,""price_tick_min"":0.06,""price_window"":6,""reversal_book_min"":0.16,""session"":""ALL""}"
32760,bc4c4ffaddb5d6cd,31760,CHOP,CHOP_BOOK_ABSORPTION_REVERSE,3010,537,"{""chop_age_max"":432,""chop_age_min"":48,""efficiency_max"":0.7,""intensity_min"":1.4,""move_atr_min"":0.2,""price_tick_min"":0.0,""price_window"":3,""reversal_book_min"":0.16,""session"":""ALL""}"
32761,02eaea980d12c9c8,31761,CHOP,CHOP_BOOK_ABSORPTION_REVERSE,913,71,"{""chop_age_max"":432,""chop_age_min"":1,""efficiency_max"":1.0,""intensity_min"":1.4,""move_atr_min"":0.6,""price_tick_min"":0.03,""price_window"":6,""reversal_book_min"":0.24,""session"":""ALL""}"
32762,df41f6f43995894a,31762,CHOP,CHOP_BOOK_ABSORPTION_REVERSE,498,25,"{""chop_age_max"":48,""chop_age_min"":12,""efficiency_max"":0.3,""intensity_min"":0.6,""move_atr_min"":0.2,""price_tick_min"":0.06,""price_window"":3,""reversal_book_min"":0.16,""session"":""ALL""}"
32763,d9b9d98b043a22c5,31763,CHOP,CHOP_BOOK_ABSORPTION_REVERSE,390,75,"{""chop_age_max"":48,""chop_age_min"":12,""efficiency_max"":1.0,""intensity_min"":1.0,""move_atr_min"":0.6,""price_tick_min"":0.0,""price_window"":6,""reversal_book_min"":0.08,""session"":""LATE""}"
32764,630eb86eb07980c8,31764,CHOP,CHOP_BOOK_ABSORPTION_REVERSE,157,20,"{""chop_age_max"":432,""chop_age_min"":48,""efficiency_max"":0.3,""intensity_min"":1.4,""move_atr_min"":0.9,""price_tick_min"":0.03,""price_window"":1,""reversal_book_min"":0.08,""session"":""ASIA""}"
32765,d60aff671e566974,31765,CHOP,CHOP_BOOK_ABSORPTION_REVERSE,1109,201,"{""chop_age_max"":432,""chop_age_min"":48,""efficiency_max"":0.7,""intensity_min"":0.6,""move_atr_min"":0.9,""price_tick_min"":0.0,""price_window"":1,""reversal_book_min"":0.08,""session"":""ASIA""}"
32766,99316f26b85d37d9,31766,CHOP,CHOP_BOOK_ABSORPTION_REVERSE,336,39,"{""chop_age_max"":144,""chop_age_min"":48,""efficiency_max"":0.5,""intensity_min"":1.0,""move_atr_min"":0.4,""price_tick_min"":0.03,""price_window"":6,""reversal_book_min"":0.16,""session"":""NY""}"
32767,af4daefe61922614,31767,CHOP,CHOP_BOOK_ABSORPTION_REVERSE,419,67,"{""chop_age_max"":432,""chop_age_min"":1,""efficiency_max"":1.0,""intensity_min"":0.6,""move_atr_min"":0.9,""price_tick_min"":0.03,""price_window"":3,""reversal_book_min"":0.32,""session"":""ASIA""}"
32768,f4efed22f5641756,31768,CHOP,CHOP_BOOK_ABSORPTION_REVERSE,448,47,"{""chop_age_max"":432,""chop_age_min"":12,""efficiency_max"":0.3,""intensity_min"":0.6,""move_atr_min"":0.2,""price_tick_min"":0.03,""price_window"":3,""reversal_book_min"":0.32,""session"":""NY""}"
32769,d03440fcc312b512,31769,CHOP,CHOP_BOOK_ABSORPTION_REVERSE,3201,655,"{""chop_age_max"":2000,""chop_age_min"":48,""efficiency_max"":0.5,""intensity_min"":0.6,""move_atr_min"":0.4,""price_tick_min"":0.0,""price_window"":3,""reversal_book_min"":0.16,""session"":""ASIA""}"
32770,c305f1912b37e845,31770,CHOP,CHOP_BOOK_ABSORPTION_REVERSE,975,198,"{""chop_age_max"":2000,""chop_age_min"":48,""efficiency_max"":0.7,""intensity_min"":1.0,""move_atr_min"":0.2,""price_tick_min"":0.0,""price_window"":3,""reversal_book_min"":0.24,""session"":""ASIA""}"
32771,79546aa79efe2e1d,31771,CHOP,CHOP_BOOK_ABSORPTION_REVERSE,2018,318,"{""chop_age_max"":2000,""chop_age_min"":12,""efficiency_max"":0.3,""intensity_min"":0.6,""move_atr_min"":0.6,""price_tick_min"":0.0,""price_window"":1,""reversal_book_min"":0.32,""session"":""ALL""}"
32772,15d42b3010f4a25c,31772,CHOP,CHOP_BOOK_ABSORPTION_REVERSE,298,36,"{""chop_age_max"":144,""chop_age_min"":12,""efficiency_max"":0.3,""intensity_min"":1.0,""move_atr_min"":0.9,""price_tick_min"":0.0,""price_window"":6,""reversal_book_min"":0.24,""session"":""LONDON""}"
32773,743787b1fe8012ff,31773,CHOP,CHOP_BOOK_ABSORPTION_REVERSE,833,137,"{""chop_age_max"":2000,""chop_age_min"":1,""efficiency_max"":0.3,""intensity_min"":0.6,""move_atr_min"":0.9,""price_tick_min"":0.0,""price_window"":3,""reversal_book_min"":0.32,""session"":""ASIA""}"
32774,0052c682b64ac8df,31774,CHOP,CHOP_BOOK_ABSORPTION_REVERSE,353,37,"{""chop_age_max"":144,""chop_age_min"":1,""efficiency_max"":0.7,""intensity_min"":0.6,""move_atr_min"":0.2,""price_tick_min"":0.06,""price_window"":1,""reversal_book_min"":0.08,""session"":""ASIA""}"
32775,d7d8f62163dbd2fc,31775,CHOP,CHOP_BOOK_ABSORPTION_REVERSE,128,23,"{""chop_age_max"":144,""chop_age_min"":48,""efficiency_max"":0.7,""intensity_min"":1.4,""move_atr_min"":0.4,""price_tick_min"":0.0,""price_window"":1,""reversal_book_min"":0.16,""session"":""LONDON""}"
32776,5e56228ec49c2c2f,31776,CHOP,CHOP_BOOK_ABSORPTION_REVERSE,315,23,"{""chop_age_max"":432,""chop_age_min"":48,""efficiency_max"":1.0,""intensity_min"":0.6,""move_atr_min"":0.2,""price_tick_min"":0.03,""price_window"":6,""reversal_book_min"":0.32,""session"":""LATE""}"
32777,b964444120634b4d,31777,CHOP,CHOP_BOOK_ABSORPTION_REVERSE,385,43,"{""chop_age_max"":432,""chop_age_min"":48,""efficiency_max"":1.0,""intensity_min"":1.4,""move_atr_min"":0.2,""price_tick_min"":0.03,""price_window"":3,""reversal_book_min"":0.16,""session"":""LONDON""}"
32778,cfa5fde210857173,31778,CHOP,CHOP_BOOK_ABSORPTION_REVERSE,800,62,"{""chop_age_max"":432,""chop_age_min"":48,""efficiency_max"":0.5,""intensity_min"":0.6,""move_atr_min"":0.2,""price_tick_min"":0.06,""price_window"":3,""reversal_book_min"":0.32,""session"":""ALL""}"
32779,1ddef7ff642e7fa4,31779,CHOP,CHOP_BOOK_ABSORPTION_REVERSE,491,78,"{""chop_age_max"":432,""chop_age_min"":1,""efficiency_max"":0.5,""intensity_min"":1.4,""move_atr_min"":0.6,""price_tick_min"":0.0,""price_window"":1,""reversal_book_min"":0.16,""session"":""LONDON""}"
32780,540bde2de13f3111,31780,CHOP,CHOP_BOOK_ABSORPTION_REVERSE,441,52,"{""chop_age_max"":144,""chop_age_min"":12,""efficiency_max"":0.5,""intensity_min"":1.0,""move_atr_min"":0.2,""price_tick_min"":0.0,""price_window"":6,""reversal_book_min"":0.24,""session"":""LONDON""}"
32781,af2065fbf1f25e0c,31781,CHOP,CHOP_BOOK_ABSORPTION_REVERSE,289,39,"{""chop_age_max"":48,""chop_age_min"":1,""efficiency_max"":0.5,""intensity_min"":1.0,""move_atr_min"":0.9,""price_tick_min"":0.03,""price_window"":3,""reversal_book_min"":0.24,""session"":""ALL""}"
32782,6045b79d2dc81350,31782,CHOP,CHOP_BOOK_ABSORPTION_REVERSE,804,21,"{""chop_age_max"":2000,""chop_age_min"":48,""efficiency_max"":0.7,""intensity_min"":1.4,""move_atr_min"":0.9,""price_tick_min"":0.06,""price_window"":3,""reversal_book_min"":0.08,""session"":""ALL""}"
32783,2368d869e2f1c758,31783,CHOP,CHOP_BOOK_ABSORPTION_REVERSE,1039,91,"{""chop_age_max"":2000,""chop_age_min"":1,""efficiency_max"":0.5,""intensity_min"":1.4,""move_atr_min"":0.4,""price_tick_min"":0.0,""price_window"":1,""reversal_book_min"":0.32,""session"":""ALL""}"
32784,46486a6124ec8796,31784,CHOP,CHOP_BOOK_ABSORPTION_REVERSE,699,136,"{""chop_age_max"":144,""chop_age_min"":12,""efficiency_max"":1.0,""intensity_min"":0.6,""move_atr_min"":0.2,""price_tick_min"":0.03,""price_window"":6,""reversal_book_min"":0.16,""session"":""ASIA""}"
32785,e223ec399054b570,31785,CHOP,CHOP_BOOK_ABSORPTION_REVERSE,456,29,"{""chop_age_max"":2000,""chop_age_min"":1,""efficiency_max"":0.7,""intensity_min"":1.0,""move_atr_min"":0.4,""price_tick_min"":0.03,""price_window"":6,""reversal_book_min"":0.32,""session"":""NY""}"
32786,fc8694d7b1b2055c,31786,CHOP,CHOP_BOOK_ABSORPTION_REVERSE,810,171,"{""chop_age_max"":432,""chop_age_min"":48,""efficiency_max"":0.5,""intensity_min"":1.0,""move_atr_min"":0.9,""price_tick_min"":0.0,""price_window"":1,""reversal_book_min"":0.08,""session"":""LONDON""}"
32787,95927c0fdad54632,31787,CHOP,CHOP_BOOK_ABSORPTION_REVERSE,337,20,"{""chop_age_max"":48,""chop_age_min"":1,""efficiency_max"":1.0,""intensity_min"":0.6,""move_atr_min"":0.4,""price_tick_min"":0.06,""price_window"":3,""reversal_book_min"":0.24,""session"":""ALL""}"
32788,f87de07c9d369797,31788,CHOP,CHOP_BOOK_ABSORPTION_REVERSE,241,39,"{""chop_age_max"":144,""chop_age_min"":1,""efficiency_max"":0.7,""intensity_min"":0.6,""move_atr_min"":0.6,""price_tick_min"":0.03,""price_window"":1,""reversal_book_min"":0.24,""session"":""ASIA""}"
32789,8cdc1a9628a2c113,31789,CHOP,CHOP_BOOK_ABSORPTION_REVERSE,324,58,"{""chop_age_max"":144,""chop_age_min"":48,""efficiency_max"":0.7,""intensity_min"":1.0,""move_atr_min"":0.6,""price_tick_min"":0.03,""price_window"":6,""reversal_book_min"":0.08,""session"":""ASIA""}"
32790,fbf4015128ffd06d,31790,CHOP,CHOP_BOOK_ABSORPTION_REVERSE,1723,128,"{""chop_age_max"":2000,""chop_age_min"":12,""efficiency_max"":0.3,""intensity_min"":1.4,""move_atr_min"":0.9,""price_tick_min"":0.03,""price_window"":6,""reversal_book_min"":0.16,""session"":""ALL""}"
32791,24ab0980853ef87d,31791,CHOP,CHOP_BOOK_ABSORPTION_REVERSE,183,25,"{""chop_age_max"":144,""chop_age_min"":48,""efficiency_max"":0.3,""intensity_min"":0.6,""move_atr_min"":0.2,""price_tick_min"":0.06,""price_window"":3,""reversal_book_min"":0.24,""session"":""ASIA""}"
32792,34624a5a799e8644,31792,CHOP,CHOP_BOOK_ABSORPTION_REVERSE,345,21,"{""chop_age_max"":2000,""chop_age_min"":1,""efficiency_max"":1.0,""intensity_min"":1.0,""move_atr_min"":0.2,""price_tick_min"":0.03,""price_window"":1,""reversal_book_min"":0.24,""session"":""LATE""}"
32793,bcac73456b068921,31793,CHOP,CHOP_BOOK_ABSORPTION_REVERSE,253,16,"{""chop_age_max"":2000,""chop_age_min"":12,""efficiency_max"":0.7,""intensity_min"":1.4,""move_atr_min"":0.9,""price_tick_min"":0.03,""price_window"":3,""reversal_book_min"":0.08,""session"":""LATE""}"
32794,5bb5e9df4814ebb2,31794,CHOP,CHOP_BOOK_ABSORPTION_REVERSE,612,110,"{""chop_age_max"":432,""chop_age_min"":1,""efficiency_max"":0.7,""intensity_min"":1.4,""move_atr_min"":0.6,""price_tick_min"":0.0,""price_window"":6,""reversal_book_min"":0.08,""session"":""ASIA""}"
32795,d0991c8a73344680,31795,CHOP,CHOP_BOOK_ABSORPTION_REVERSE,461,45,"{""chop_age_max"":432,""chop_age_min"":48,""efficiency_max"":0.3,""intensity_min"":1.0,""move_atr_min"":0.4,""price_tick_min"":0.03,""price_window"":6,""reversal_book_min"":0.24,""session"":""NY""}"
32796,ffc41d0480c7c894,31796,CHOP,CHOP_BOOK_ABSORPTION_REVERSE,2546,432,"{""chop_age_max"":2000,""chop_age_min"":48,""efficiency_max"":0.7,""intensity_min"":1.4,""move_atr_min"":0.9,""price_tick_min"":0.0,""price_window"":6,""reversal_book_min"":0.08,""session"":""NY""}"
32797,a72e22d14d1fc4ee,31797,CHOP,CHOP_BOOK_ABSORPTION_REVERSE,6546,1215,"{""chop_age_max"":2000,""chop_age_min"":1,""efficiency_max"":0.7,""intensity_min"":1.4,""move_atr_min"":0.6,""price_tick_min"":0.0,""price_window"":3,""reversal_book_min"":0.08,""session"":""ALL""}"
32798,548f5346652f4bf4,31798,CHOP,CHOP_BOOK_ABSORPTION_REVERSE,685,120,"{""chop_age_max"":432,""chop_age_min"":1,""efficiency_max"":0.7,""intensity_min"":1.4,""move_atr_min"":0.2,""price_tick_min"":0.0,""price_window"":6,""reversal_book_min"":0.08,""session"":""ASIA""}"
32799,f9549a603ad4d3f1,31799,CHOP,CHOP_BOOK_ABSORPTION_REVERSE,2046,270,"{""chop_age_max"":2000,""chop_age_min"":12,""efficiency_max"":1.0,""intensity_min"":1.0,""move_atr_min"":0.2,""price_tick_min"":0.03,""price_window"":1,""reversal_book_min"":0.08,""session"":""LONDON""}"
32800,86c08b63ccd7705e,31800,CHOP,CHOP_BOOK_ABSORPTION_REVERSE,271,16,"{""chop_age_max"":144,""chop_age_min"":48,""efficiency_max"":0.7,""intensity_min"":1.0,""move_atr_min"":0.6,""price_tick_min"":0.06,""price_window"":3,""reversal_book_min"":0.24,""session"":""ALL""}"
32801,4cab392a7d403866,31801,CHOP,CHOP_BOOK_ABSORPTION_REVERSE,674,83,"{""chop_age_max"":144,""chop_age_min"":1,""efficiency_max"":0.5,""intensity_min"":0.6,""move_atr_min"":0.4,""price_tick_min"":0.03,""price_window"":1,""reversal_book_min"":0.08,""session"":""LONDON""}"
32802,6708bb127faba053,31802,CHOP,CHOP_BOOK_ABSORPTION_REVERSE,372,58,"{""chop_age_max"":144,""chop_age_min"":48,""efficiency_max"":0.7,""intensity_min"":1.0,""move_atr_min"":0.6,""price_tick_min"":0.0,""price_window"":3,""reversal_book_min"":0.08,""session"":""LATE""}"
32803,a78cc7d84534dc33,31803,CHOP,CHOP_BOOK_ABSORPTION_REVERSE,255,38,"{""chop_age_max"":2000,""chop_age_min"":12,""efficiency_max"":0.5,""intensity_min"":0.6,""move_atr_min"":0.9,""price_tick_min"":0.06,""price_window"":3,""reversal_book_min"":0.32,""session"":""ASIA""}"
32804,ae396ed77bf2228d,31804,CHOP,CHOP_BOOK_ABSORPTION_REVERSE,621,53,"{""chop_age_max"":2000,""chop_age_min"":1,""efficiency_max"":0.7,""intensity_min"":1.0,""move_atr_min"":0.9,""price_tick_min"":0.03,""price_window"":6,""reversal_book_min"":0.24,""session"":""NY""}"
32805,bf85f2aa35a23dfd,31805,CHOP,CHOP_BOOK_ABSORPTION_REVERSE,1659,57,"{""chop_age_max"":2000,""chop_age_min"":1,""efficiency_max"":1.0,""intensity_min"":1.0,""move_atr_min"":0.2,""price_tick_min"":0.06,""price_window"":1,""reversal_book_min"":0.16,""session"":""ALL""}"
32806,39789fbc4070935b,31806,CHOP,CHOP_BOOK_ABSORPTION_REVERSE,1493,168,"{""chop_age_max"":144,""chop_age_min"":1,""efficiency_max"":0.7,""intensity_min"":0.6,""move_atr_min"":0.4,""price_tick_min"":0.03,""price_window"":6,""reversal_book_min"":0.08,""session"":""NY""}"
32807,82e8b4aa2d9713e9,31807,CHOP,CHOP_BOOK_ABSORPTION_REVERSE,435,63,"{""chop_age_max"":432,""chop_age_min"":12,""efficiency_max"":0.7,""intensity_min"":1.4,""move_atr_min"":0.6,""price_tick_min"":0.0,""price_window"":3,""reversal_book_min"":0.08,""session"":""LATE""}"
32808,19812a483b854a4d,31808,CHOP,CHOP_BOOK_ABSORPTION_REVERSE,2994,413,"{""chop_age_max"":2000,""chop_age_min"":1,""efficiency_max"":0.5,""intensity_min"":1.0,""move_atr_min"":0.2,""price_tick_min"":0.0,""price_window"":6,""reversal_book_min"":0.32,""session"":""ALL""}"
32809,7e531b5356f495a6,31809,CHOP,CHOP_BOOK_ABSORPTION_REVERSE,387,38,"{""chop_age_max"":2000,""chop_age_min"":12,""efficiency_max"":0.3,""intensity_min"":1.0,""move_atr_min"":0.6,""price_tick_min"":0.0,""price_window"":1,""reversal_book_min"":0.32,""session"":""NY""}"
32810,9d2d0c55cac2a6d3,31810,CHOP,CHOP_BOOK_ABSORPTION_REVERSE,394,47,"{""chop_age_max"":144,""chop_age_min"":1,""efficiency_max"":0.3,""intensity_min"":1.0,""move_atr_min"":0.6,""price_tick_min"":0.0,""price_window"":6,""reversal_book_min"":0.24,""session"":""LONDON""}"
32811,26f4b2455dd1d979,31811,CHOP,CHOP_BOOK_ABSORPTION_REVERSE,179,15,"{""chop_age_max"":432,""chop_age_min"":48,""efficiency_max"":0.5,""intensity_min"":0.6,""move_atr_min"":0.9,""price_tick_min"":0.03,""price_window"":6,""reversal_book_min"":0.32,""session"":""LATE""}"
32812,fe7a4ecd4cc67b4d,31812,CHOP,CHOP_BOOK_ABSORPTION_REVERSE,618,62,"{""chop_age_max"":432,""chop_age_min"":12,""efficiency_max"":0.7,""intensity_min"":1.0,""move_atr_min"":0.4,""price_tick_min"":0.03,""price_window"":3,""reversal_book_min"":0.24,""session"":""NY""}"
32813,482778c043331f9d,31813,CHOP,CHOP_BOOK_ABSORPTION_REVERSE,1051,183,"{""chop_age_max"":144,""chop_age_min"":48,""efficiency_max"":1.0,""intensity_min"":0.6,""move_atr_min"":0.4,""price_tick_min"":0.0,""price_window"":6,""reversal_book_min"":0.16,""session"":""ASIA""}"
32814,1cbb42ff9ca84a2d,31814,CHOP,CHOP_BOOK_ABSORPTION_REVERSE,381,43,"{""chop_age_max"":144,""chop_age_min"":1,""efficiency_max"":1.0,""intensity_min"":1.4,""move_atr_min"":0.9,""price_tick_min"":0.03,""price_window"":3,""reversal_book_min"":0.24,""session"":""ALL""}"
32815,7e21d482bfcf8b25,31815,CHOP,CHOP_BOOK_ABSORPTION_REVERSE,541,90,"{""chop_age_max"":432,""chop_age_min"":1,""efficiency_max"":1.0,""intensity_min"":0.6,""move_atr_min"":0.6,""price_tick_min"":0.03,""price_window"":3,""reversal_book_min"":0.32,""session"":""ASIA""}"
32816,c8ecd911f67c6276,31816,CHOP,CHOP_BOOK_ABSORPTION_REVERSE,4362,1003,"{""chop_age_max"":144,""chop_age_min"":48,""efficiency_max"":0.7,""intensity_min"":0.6,""move_atr_min"":0.6,""price_tick_min"":0.0,""price_window"":6,""reversal_book_min"":0.08,""session"":""ALL""}"
32817,705016913a7dc426,31817,CHOP,CHOP_BOOK_ABSORPTION_REVERSE,3858,844,"{""chop_age_max"":2000,""chop_age_min"":12,""efficiency_max"":0.3,""intensity_min"":1.0,""move_atr_min"":0.6,""price_tick_min"":0.0,""price_window"":6,""reversal_book_min"":0.08,""session"":""LONDON""}"
32818,977eb9d907d8fca0,31818,CHOP,CHOP_BOOK_ABSORPTION_REVERSE,613,103,"{""chop_age_max"":2000,""chop_age_min"":12,""efficiency_max"":0.7,""intensity_min"":0.6,""move_atr_min"":0.9,""price_tick_min"":0.0,""price_window"":1,""reversal_book_min"":0.24,""session"":""LONDON""}"
32819,34632ca81fc58677,31819,CHOP,CHOP_BOOK_ABSORPTION_REVERSE,2193,343,"{""chop_age_max"":432,""chop_age_min"":12,""efficiency_max"":0.3,""intensity_min"":0.6,""move_atr_min"":0.6,""price_tick_min"":0.03,""price_window"":3,""reversal_book_min"":0.08,""session"":""LONDON""}"
32820,38a9e61f4b66b839,31820,CHOP,CHOP_BOOK_ABSORPTION_REVERSE,1279,235,"{""chop_age_max"":2000,""chop_age_min"":12,""efficiency_max"":0.7,""intensity_min"":1.4,""move_atr_min"":0.9,""price_tick_min"":0.0,""price_window"":3,""reversal_book_min"":0.08,""session"":""LONDON""}"
32821,2d22af87336f7b0d,31821,CHOP,CHOP_BOOK_ABSORPTION_REVERSE,1264,220,"{""chop_age_max"":48,""chop_age_min"":1,""efficiency_max"":1.0,""intensity_min"":1.4,""move_atr_min"":0.2,""price_tick_min"":0.0,""price_window"":3,""reversal_book_min"":0.08,""session"":""NY""}"
32822,5ef65c4fc842f0e3,31822,CHOP,CHOP_BOOK_ABSORPTION_REVERSE,2850,433,"{""chop_age_max"":2000,""chop_age_min"":48,""efficiency_max"":0.5,""intensity_min"":1.4,""move_atr_min"":0.9,""price_tick_min"":0.0,""price_window"":6,""reversal_book_min"":0.16,""session"":""ALL""}"
32823,6388422acd07e69b,31823,CHOP,CHOP_BOOK_ABSORPTION_REVERSE,364,44,"{""chop_age_max"":144,""chop_age_min"":48,""efficiency_max"":1.0,""intensity_min"":1.0,""move_atr_min"":0.4,""price_tick_min"":0.03,""price_window"":3,""reversal_book_min"":0.32,""session"":""ALL""}"
32824,ee927d6c1511b0de,31824,CHOP,CHOP_BOOK_ABSORPTION_REVERSE,575,90,"{""chop_age_max"":48,""chop_age_min"":1,""efficiency_max"":0.7,""intensity_min"":1.0,""move_atr_min"":0.6,""price_tick_min"":0.0,""price_window"":3,""reversal_book_min"":0.08,""session"":""LONDON""}"
32825,70737f722f4f7b9e,31825,CHOP,CHOP_BOOK_ABSORPTION_REVERSE,962,186,"{""chop_age_max"":432,""chop_age_min"":1,""efficiency_max"":0.3,""intensity_min"":1.4,""move_atr_min"":0.9,""price_tick_min"":0.0,""price_window"":3,""reversal_book_min"":0.08,""session"":""LONDON""}"
32826,d7380d22c58bcced,31826,CHOP,CHOP_BOOK_ABSORPTION_REVERSE,696,49,"{""chop_age_max"":48,""chop_age_min"":12,""efficiency_max"":0.5,""intensity_min"":1.4,""move_atr_min"":0.2,""price_tick_min"":0.03,""price_window"":6,""reversal_book_min"":0.08,""session"":""ALL""}"
32827,10c567aad43e49b8,31827,CHOP,CHOP_BOOK_ABSORPTION_REVERSE,9977,2139,"{""chop_age_max"":432,""chop_age_min"":1,""efficiency_max"":0.7,""intensity_min"":1.0,""move_atr_min"":0.6,""price_tick_min"":0.0,""price_window"":6,""reversal_book_min"":0.08,""session"":""ALL""}"
32828,f8974b8b7f60c378,31828,CHOP,CHOP_BOOK_ABSORPTION_REVERSE,594,79,"{""chop_age_max"":432,""chop_age_min"":1,""efficiency_max"":0.7,""intensity_min"":0.6,""move_atr_min"":0.4,""price_tick_min"":0.0,""price_window"":1,""reversal_book_min"":0.32,""session"":""NY""}"
32829,f6dc1732a23eb030,31829,CHOP,CHOP_BOOK_ABSORPTION_REVERSE,683,106,"{""chop_age_max"":432,""chop_age_min"":1,""efficiency_max"":0.5,""intensity_min"":1.0,""move_atr_min"":0.2,""price_tick_min"":0.03,""price_window"":3,""reversal_book_min"":0.16,""session"":""ASIA""}"
32830,0c779ad0e8a24c4d,31830,CHOP,CHOP_BOOK_ABSORPTION_REVERSE,423,72,"{""chop_age_max"":2000,""chop_age_min"":12,""efficiency_max"":0.3,""intensity_min"":1.0,""move_atr_min"":0.9,""price_tick_min"":0.0,""price_window"":6,""reversal_book_min"":0.32,""session"":""ASIA""}"
32831,7cf91ec1a11b6f78,31831,CHOP,CHOP_BOOK_ABSORPTION_REVERSE,567,22,"{""chop_age_max"":2000,""chop_age_min"":48,""efficiency_max"":0.5,""intensity_min"":1.0,""move_atr_min"":0.4,""price_tick_min"":0.06,""price_window"":3,""reversal_book_min"":0.32,""session"":""ALL""}"
32832,970c7cce88aa4563,31832,CHOP,CHOP_BOOK_ABSORPTION_REVERSE,1310,85,"{""chop_age_max"":2000,""chop_age_min"":1,""efficiency_max"":0.7,""intensity_min"":0.6,""move_atr_min"":0.2,""price_tick_min"":0.06,""price_window"":3,""reversal_book_min"":0.32,""session"":""ALL""}"
32833,4607d25319c5c39f,31833,CHOP,CHOP_BOOK_ABSORPTION_REVERSE,332,37,"{""chop_age_max"":144,""chop_age_min"":1,""efficiency_max"":0.5,""intensity_min"":0.6,""move_atr_min"":0.6,""price_tick_min"":0.0,""price_window"":3,""reversal_book_min"":0.32,""session"":""LONDON""}"
32834,f733dad4faa1ebb4,31834,CHOP,CHOP_BOOK_ABSORPTION_REVERSE,1086,186,"{""chop_age_max"":2000,""chop_age_min"":48,""efficiency_max"":0.7,""intensity_min"":1.0,""move_atr_min"":0.6,""price_tick_min"":0.0,""price_window"":3,""reversal_book_min"":0.24,""session"":""NY""}"
32835,c4baf654c648150b,31835,CHOP,CHOP_BOOK_ABSORPTION_REVERSE,783,88,"{""chop_age_max"":432,""chop_age_min"":48,""efficiency_max"":0.3,""intensity_min"":1.4,""move_atr_min"":0.4,""price_tick_min"":0.0,""price_window"":6,""reversal_book_min"":0.32,""session"":""ALL""}"
32836,18db4434374034f0,31836,CHOP,CHOP_BOOK_ABSORPTION_REVERSE,584,98,"{""chop_age_max"":2000,""chop_age_min"":12,""efficiency_max"":0.7,""intensity_min"":1.4,""move_atr_min"":0.2,""price_tick_min"":0.0,""price_window"":3,""reversal_book_min"":0.16,""session"":""ASIA""}"
32837,76af31ca44fce285,31837,CHOP,CHOP_BOOK_ABSORPTION_REVERSE,190,27,"{""chop_age_max"":144,""chop_age_min"":1,""efficiency_max"":1.0,""intensity_min"":0.6,""move_atr_min"":0.6,""price_tick_min"":0.0,""price_window"":1,""reversal_book_min"":0.32,""session"":""LONDON""}"
32838,13c2a8c053b499bf,31838,CHOP,CHOP_BOOK_ABSORPTION_REVERSE,355,42,"{""chop_age_max"":432,""chop_age_min"":12,""efficiency_max"":0.3,""intensity_min"":1.4,""move_atr_min"":0.4,""price_tick_min"":0.0,""price_window"":1,""reversal_book_min"":0.24,""session"":""LONDON""}"
32839,aab981c0fc149f97,31839,CHOP,CHOP_LIQUIDITY_SHOCK_REVERSION_REVERSE,578,100,"{""chop_age_max"":2000,""chop_age_min"":12,""impulse_bars"":3,""intensity_min"":0.3,""move_atr_min"":0.4,""reversal_location_min"":0.55,""session"":""LATE"",""spread_ratio_min"":1.15,""variance_ratio_min"":0.9}"
32840,8968d104b59a0c68,31840,CHOP,CHOP_LIQUIDITY_SHOCK_REVERSION_REVERSE,958,211,"{""chop_age_max"":432,""chop_age_min"":12,""impulse_bars"":1,""intensity_min"":1.1,""move_atr_min"":0.6,""reversal_location_min"":0.25,""session"":""NY"",""spread_ratio_min"":1.0,""variance_ratio_min"":1.6}"
32841,96cc02df8b07f87c,31841,CHOP,CHOP_LIQUIDITY_SHOCK_REVERSION_REVERSE,1350,250,"{""chop_age_max"":432,""chop_age_min"":1,""impulse_bars"":3,""intensity_min"":0.8,""move_atr_min"":0.6,""reversal_location_min"":0.4,""session"":""ASIA"",""spread_ratio_min"":1.05,""variance_ratio_min"":0.9}"
32842,f24f53ca8c535feb,31842,CHOP,CHOP_LIQUIDITY_SHOCK_REVERSION_REVERSE,501,90,"{""chop_age_max"":432,""chop_age_min"":12,""impulse_bars"":3,""intensity_min"":0.8,""move_atr_min"":0.4,""reversal_location_min"":0.25,""session"":""LATE"",""spread_ratio_min"":1.15,""variance_ratio_min"":0.6}"
32843,c57962b671e5c200,31843,CHOP,CHOP_LIQUIDITY_SHOCK_REVERSION_REVERSE,2239,309,"{""chop_age_max"":432,""chop_age_min"":12,""impulse_bars"":3,""intensity_min"":0.3,""move_atr_min"":0.6,""reversal_location_min"":0.4,""session"":""ALL"",""spread_ratio_min"":1.15,""variance_ratio_min"":0.6}"
32844,5fe964bdb3d18fc1,31844,CHOP,CHOP_LIQUIDITY_SHOCK_REVERSION_REVERSE,294,50,"{""chop_age_max"":2000,""chop_age_min"":48,""impulse_bars"":1,""intensity_min"":1.1,""move_atr_min"":0.9,""reversal_location_min"":0.4,""session"":""ALL"",""spread_ratio_min"":1.0,""variance_ratio_min"":1.2}"
32845,937d287f7761ad5f,31845,CHOP,CHOP_LIQUIDITY_SHOCK_REVERSION_REVERSE,165,19,"{""chop_age_max"":48,""chop_age_min"":12,""impulse_bars"":3,""intensity_min"":0.3,""move_atr_min"":0.25,""reversal_location_min"":0.55,""session"":""LATE"",""spread_ratio_min"":1.0,""variance_ratio_min"":1.6}"
32846,312657a6337362b7,31846,CHOP,CHOP_LIQUIDITY_SHOCK_REVERSION_REVERSE,416,75,"{""chop_age_max"":432,""chop_age_min"":1,""impulse_bars"":1,""intensity_min"":0.8,""move_atr_min"":0.4,""reversal_location_min"":0.25,""session"":""LATE"",""spread_ratio_min"":1.05,""variance_ratio_min"":1.2}"
32847,092b5f0f53341c2e,31847,CHOP,CHOP_LIQUIDITY_SHOCK_REVERSION_REVERSE,370,48,"{""chop_age_max"":144,""chop_age_min"":1,""impulse_bars"":1,""intensity_min"":0.5,""move_atr_min"":0.25,""reversal_location_min"":0.4,""session"":""ALL"",""spread_ratio_min"":1.15,""variance_ratio_min"":1.6}"
32848,4fd699ee401b6c70,31848,CHOP,CHOP_LIQUIDITY_SHOCK_REVERSION_REVERSE,773,96,"{""chop_age_max"":144,""chop_age_min"":12,""impulse_bars"":3,""intensity_min"":0.8,""move_atr_min"":0.25,""reversal_location_min"":0.55,""session"":""ALL"",""spread_ratio_min"":1.15,""variance_ratio_min"":0.6}"
32849,f529fd5c8b394c20,31849,CHOP,CHOP_LIQUIDITY_SHOCK_REVERSION_REVERSE,354,62,"{""chop_age_max"":48,""chop_age_min"":12,""impulse_bars"":1,""intensity_min"":1.1,""move_atr_min"":0.25,""reversal_location_min"":0.4,""session"":""ALL"",""spread_ratio_min"":1.05,""variance_ratio_min"":0.9}"
32850,affa8e0b574c440f,31850,CHOP,CHOP_LIQUIDITY_SHOCK_REVERSION_REVERSE,256,16,"{""chop_age_max"":144,""chop_age_min"":12,""impulse_bars"":3,""intensity_min"":1.1,""move_atr_min"":0.4,""reversal_location_min"":0.25,""session"":""ALL"",""spread_ratio_min"":1.3,""variance_ratio_min"":1.2}"
32851,f51b74886641c543,31851,CHOP,CHOP_LIQUIDITY_SHOCK_REVERSION_REVERSE,535,101,"{""chop_age_max"":432,""chop_age_min"":48,""impulse_bars"":3,""intensity_min"":1.1,""move_atr_min"":0.4,""reversal_location_min"":0.25,""session"":""LATE"",""spread_ratio_min"":1.05,""variance_ratio_min"":0.6}"
32852,a9356b0755bc4f6d,31852,CHOP,CHOP_LIQUIDITY_SHOCK_REVERSION_REVERSE,4264,708,"{""chop_age_max"":2000,""chop_age_min"":48,""impulse_bars"":3,""intensity_min"":0.3,""move_atr_min"":0.25,""reversal_location_min"":0.55,""session"":""ALL"",""spread_ratio_min"":1.05,""variance_ratio_min"":1.2}"
32853,77d7162bafbeaf7a,31853,CHOP,CHOP_LIQUIDITY_SHOCK_REVERSION_REVERSE,272,39,"{""chop_age_max"":432,""chop_age_min"":12,""impulse_bars"":3,""intensity_min"":1.1,""move_atr_min"":0.9,""reversal_location_min"":0.4,""session"":""NY"",""spread_ratio_min"":1.15,""variance_ratio_min"":0.6}"
32854,8781a08921e9fc6c,31854,CHOP,CHOP_LIQUIDITY_SHOCK_REVERSION_REVERSE,929,176,"{""chop_age_max"":2000,""chop_age_min"":12,""impulse_bars"":3,""intensity_min"":0.5,""move_atr_min"":0.4,""reversal_location_min"":0.25,""session"":""LATE"",""spread_ratio_min"":1.15,""variance_ratio_min"":0.9}"
32855,95ab837d31c1afc5,31855,CHOP,CHOP_LIQUIDITY_SHOCK_REVERSION_REVERSE,217,48,"{""chop_age_max"":48,""chop_age_min"":12,""impulse_bars"":1,""intensity_min"":0.8,""move_atr_min"":0.9,""reversal_location_min"":0.25,""session"":""ALL"",""spread_ratio_min"":1.0,""variance_ratio_min"":0.9}"
32856,adf3768e339a25e3,31856,CHOP,CHOP_LIQUIDITY_SHOCK_REVERSION_REVERSE,221,39,"{""chop_age_max"":432,""chop_age_min"":48,""impulse_bars"":1,""intensity_min"":0.3,""move_atr_min"":0.9,""reversal_location_min"":0.25,""session"":""LATE"",""spread_ratio_min"":1.0,""variance_ratio_min"":0.9}"
32857,bc7d9ce9eb98be89,31857,CHOP,CHOP_LIQUIDITY_SHOCK_REVERSION_REVERSE,2108,413,"{""chop_age_max"":2000,""chop_age_min"":48,""impulse_bars"":3,""intensity_min"":0.8,""move_atr_min"":0.4,""reversal_location_min"":0.4,""session"":""NY"",""spread_ratio_min"":1.05,""variance_ratio_min"":0.9}"
32858,60755f0c68951a60,31858,CHOP,CHOP_LIQUIDITY_SHOCK_REVERSION_REVERSE,306,45,"{""chop_age_max"":2000,""chop_age_min"":12,""impulse_bars"":3,""intensity_min"":0.3,""move_atr_min"":0.4,""reversal_location_min"":0.55,""session"":""LATE"",""spread_ratio_min"":1.3,""variance_ratio_min"":0.9}"
32859,af9e502d1eb4c217,31859,CHOP,CHOP_LIQUIDITY_SHOCK_REVERSION_REVERSE,246,37,"{""chop_age_max"":48,""chop_age_min"":12,""impulse_bars"":3,""intensity_min"":0.5,""move_atr_min"":0.4,""reversal_location_min"":0.55,""session"":""LONDON"",""spread_ratio_min"":1.0,""variance_ratio_min"":1.2}"
32860,f861755f95eb3f71,31860,CHOP,CHOP_LIQUIDITY_SHOCK_REVERSION_REVERSE,104,24,"{""chop_age_max"":2000,""chop_age_min"":48,""impulse_bars"":1,""intensity_min"":0.8,""move_atr_min"":0.9,""reversal_location_min"":0.4,""session"":""ASIA"",""spread_ratio_min"":1.0,""variance_ratio_min"":1.2}"
32861,46ac531370084b09,31861,CHOP,CHOP_LIQUIDITY_SHOCK_REVERSION_REVERSE,620,105,"{""chop_age_max"":144,""chop_age_min"":1,""impulse_bars"":3,""intensity_min"":0.3,""move_atr_min"":0.6,""reversal_location_min"":0.55,""session"":""LONDON"",""spread_ratio_min"":1.0,""variance_ratio_min"":0.9}"
32862,51c271471cc3bf5c,31862,CHOP,CHOP_LIQUIDITY_SHOCK_REVERSION_REVERSE,306,33,"{""chop_age_max"":48,""chop_age_min"":1,""impulse_bars"":1,""intensity_min"":0.3,""move_atr_min"":0.4,""reversal_location_min"":0.25,""session"":""NY"",""spread_ratio_min"":1.05,""variance_ratio_min"":1.6}"
32863,dbaa5d640161708f,31863,CHOP,CHOP_LIQUIDITY_SHOCK_REVERSION_REVERSE,441,81,"{""chop_age_max"":144,""chop_age_min"":48,""impulse_bars"":3,""intensity_min"":0.8,""move_atr_min"":0.9,""reversal_location_min"":0.25,""session"":""NY"",""spread_ratio_min"":1.05,""variance_ratio_min"":0.6}"
32864,1781150e0fa72f07,31864,CHOP,CHOP_LIQUIDITY_SHOCK_REVERSION_REVERSE,368,82,"{""chop_age_max"":432,""chop_age_min"":1,""impulse_bars"":1,""intensity_min"":0.8,""move_atr_min"":0.25,""reversal_location_min"":0.55,""session"":""ASIA"",""spread_ratio_min"":1.0,""variance_ratio_min"":0.9}"
32865,6e9dca196dfa02f8,31865,CHOP,CHOP_LIQUIDITY_SHOCK_REVERSION_REVERSE,142,19,"{""chop_age_max"":432,""chop_age_min"":48,""impulse_bars"":3,""intensity_min"":1.1,""move_atr_min"":0.9,""reversal_location_min"":0.25,""session"":""LATE"",""spread_ratio_min"":1.15,""variance_ratio_min"":0.9}"
32866,39fca59e960f37fe,31866,CHOP,CHOP_LIQUIDITY_SHOCK_REVERSION_REVERSE,1270,246,"{""chop_age_max"":2000,""chop_age_min"":1,""impulse_bars"":1,""intensity_min"":0.3,""move_atr_min"":0.9,""reversal_location_min"":0.25,""session"":""ALL"",""spread_ratio_min"":1.05,""variance_ratio_min"":0.9}"
32867,c73d00325bdb9c98,31867,CHOP,CHOP_LIQUIDITY_SHOCK_REVERSION_REVERSE,1675,256,"{""chop_age_max"":2000,""chop_age_min"":48,""impulse_bars"":3,""intensity_min"":0.3,""move_atr_min"":0.9,""reversal_location_min"":0.25,""session"":""LONDON"",""spread_ratio_min"":1.05,""variance_ratio_min"":0.6}"
32868,3926477850165c79,31868,CHOP,CHOP_LIQUIDITY_SHOCK_REVERSION_REVERSE,1770,273,"{""chop_age_max"":2000,""chop_age_min"":12,""impulse_bars"":3,""intensity_min"":0.5,""move_atr_min"":0.25,""reversal_location_min"":0.55,""session"":""ASIA"",""spread_ratio_min"":1.05,""variance_ratio_min"":0.9}"
32869,a25a5314ae281109,31869,CHOP,CHOP_LIQUIDITY_SHOCK_REVERSION_REVERSE,194,25,"{""chop_age_max"":144,""chop_age_min"":12,""impulse_bars"":1,""intensity_min"":0.5,""move_atr_min"":0.25,""reversal_location_min"":0.55,""session"":""ALL"",""spread_ratio_min"":1.15,""variance_ratio_min"":0.6}"
32870,d9d0dfdd0a381eb6,31870,CHOP,CHOP_LIQUIDITY_SHOCK_REVERSION_REVERSE,255,19,"{""chop_age_max"":432,""chop_age_min"":1,""impulse_bars"":3,""intensity_min"":1.1,""move_atr_min"":0.4,""reversal_location_min"":0.55,""session"":""ALL"",""spread_ratio_min"":1.3,""variance_ratio_min"":0.9}"
32871,f9e17dd35c5ceccb,31871,CHOP,CHOP_LIQUIDITY_SHOCK_REVERSION_REVERSE,254,18,"{""chop_age_max"":432,""chop_age_min"":12,""impulse_bars"":3,""intensity_min"":0.3,""move_atr_min"":0.6,""reversal_location_min"":0.25,""session"":""LONDON"",""spread_ratio_min"":1.15,""variance_ratio_min"":1.2}"
32872,c450cd3507335b33,31872,CHOP,CHOP_LIQUIDITY_SHOCK_REVERSION_REVERSE,473,71,"{""chop_age_max"":48,""chop_age_min"":12,""impulse_bars"":3,""intensity_min"":0.3,""move_atr_min"":0.4,""reversal_location_min"":0.4,""session"":""ALL"",""spread_ratio_min"":1.15,""variance_ratio_min"":0.9}"
32873,5c5c25d0e77aef8d,31873,CHOP,CHOP_LIQUIDITY_SHOCK_REVERSION_REVERSE,536,97,"{""chop_age_max"":144,""chop_age_min"":12,""impulse_bars"":3,""intensity_min"":0.3,""move_atr_min"":0.6,""reversal_location_min"":0.55,""session"":""LATE"",""spread_ratio_min"":1.0,""variance_ratio_min"":0.9}"
32874,4493a55e391761a9,31874,CHOP,CHOP_LIQUIDITY_SHOCK_REVERSION_REVERSE,1998,385,"{""chop_age_max"":48,""chop_age_min"":12,""impulse_bars"":3,""intensity_min"":0.8,""move_atr_min"":0.25,""reversal_location_min"":0.25,""session"":""ALL"",""spread_ratio_min"":1.05,""variance_ratio_min"":0.6}"
32875,af7794c367a920ce,31875,CHOP,CHOP_LIQUIDITY_SHOCK_REVERSION_REVERSE,398,83,"{""chop_age_max"":48,""chop_age_min"":1,""impulse_bars"":3,""intensity_min"":0.8,""move_atr_min"":0.9,""reversal_location_min"":0.55,""session"":""NY"",""spread_ratio_min"":1.0,""variance_ratio_min"":0.9}"
32876,cbbf5950479d7102,31876,CHOP,CHOP_LIQUIDITY_SHOCK_REVERSION_REVERSE,271,27,"{""chop_age_max"":432,""chop_age_min"":48,""impulse_bars"":1,""intensity_min"":0.5,""move_atr_min"":0.25,""reversal_location_min"":0.4,""session"":""ASIA"",""spread_ratio_min"":1.15,""variance_ratio_min"":0.9}"
32877,1045989d41d8426f,31877,CHOP,CHOP_LIQUIDITY_SHOCK_REVERSION_REVERSE,824,84,"{""chop_age_max"":432,""chop_age_min"":48,""impulse_bars"":3,""intensity_min"":1.1,""move_atr_min"":0.25,""reversal_location_min"":0.55,""session"":""ALL"",""spread_ratio_min"":1.15,""variance_ratio_min"":0.6}"
32878,3bdc4e1154859a04,31878,CHOP,CHOP_LIQUIDITY_SHOCK_REVERSION_REVERSE,2289,391,"{""chop_age_max"":2000,""chop_age_min"":12,""impulse_bars"":3,""intensity_min"":0.3,""move_atr_min"":0.4,""reversal_location_min"":0.55,""session"":""ASIA"",""spread_ratio_min"":1.05,""variance_ratio_min"":0.6}"
32879,13f1700032443c50,31879,CHOP,CHOP_LIQUIDITY_SHOCK_REVERSION_REVERSE,143,32,"{""chop_age_max"":48,""chop_age_min"":12,""impulse_bars"":1,""intensity_min"":0.3,""move_atr_min"":0.9,""reversal_location_min"":0.25,""session"":""ALL"",""spread_ratio_min"":1.05,""variance_ratio_min"":1.6}"
32880,26f4863890cee0b3,31880,CHOP,CHOP_LIQUIDITY_SHOCK_REVERSION_REVERSE,2968,672,"{""chop_age_max"":432,""chop_age_min"":12,""impulse_bars"":3,""intensity_min"":0.5,""move_atr_min"":0.25,""reversal_location_min"":0.55,""session"":""LONDON"",""spread_ratio_min"":1.0,""variance_ratio_min"":0.6}"
32881,117f69b67ba665d2,31881,CHOP,CHOP_LIQUIDITY_SHOCK_REVERSION_REVERSE,1248,229,"{""chop_age_max"":432,""chop_age_min"":48,""impulse_bars"":3,""intensity_min"":1.1,""move_atr_min"":0.4,""reversal_location_min"":0.4,""session"":""NY"",""spread_ratio_min"":1.05,""variance_ratio_min"":1.6}"
32882,470b41176ede1936,31882,CHOP,CHOP_LIQUIDITY_SHOCK_REVERSION_REVERSE,1651,398,"{""chop_age_max"":48,""chop_age_min"":1,""impulse_bars"":3,""intensity_min"":0.5,""move_atr_min"":0.9,""reversal_location_min"":0.4,""session"":""ALL"",""spread_ratio_min"":1.0,""variance_ratio_min"":0.6}"
32883,fc8903829fa98b33,31883,CHOP,CHOP_LIQUIDITY_SHOCK_REVERSION_REVERSE,548,91,"{""chop_age_max"":2000,""chop_age_min"":12,""impulse_bars"":3,""intensity_min"":0.8,""move_atr_min"":0.4,""reversal_location_min"":0.55,""session"":""LONDON"",""spread_ratio_min"":1.05,""variance_ratio_min"":1.6}"
32884,b1fa0e9dfe903be3,31884,CHOP,CHOP_LIQUIDITY_SHOCK_REVERSION_REVERSE,624,127,"{""chop_age_max"":432,""chop_age_min"":12,""impulse_bars"":3,""intensity_min"":1.1,""move_atr_min"":0.25,""reversal_location_min"":0.4,""session"":""LATE"",""spread_ratio_min"":1.05,""variance_ratio_min"":0.6}"
32885,993d4fde00a6e7ff,31885,CHOP,CHOP_LIQUIDITY_SHOCK_REVERSION_REVERSE,191,16,"{""chop_age_max"":432,""chop_age_min"":48,""impulse_bars"":3,""intensity_min"":1.1,""move_atr_min"":0.9,""reversal_location_min"":0.4,""session"":""ASIA"",""spread_ratio_min"":1.15,""variance_ratio_min"":1.2}"
32886,5faa6a0cee562af0,31886,CHOP,CHOP_LIQUIDITY_SHOCK_REVERSION_REVERSE,549,89,"{""chop_age_max"":2000,""chop_age_min"":48,""impulse_bars"":3,""intensity_min"":0.5,""move_atr_min"":0.25,""reversal_location_min"":0.55,""session"":""LONDON"",""spread_ratio_min"":1.05,""variance_ratio_min"":1.6}"
32887,b43b1a4239db0ebc,31887,CHOP,CHOP_LIQUIDITY_SHOCK_REVERSION_REVERSE,321,29,"{""chop_age_max"":2000,""chop_age_min"":1,""impulse_bars"":3,""intensity_min"":0.8,""move_atr_min"":0.9,""reversal_location_min"":0.4,""session"":""ALL"",""spread_ratio_min"":1.3,""variance_ratio_min"":1.6}"
32888,70b0c40c2b74deb5,31888,CHOP,CHOP_LIQUIDITY_SHOCK_REVERSION_REVERSE,663,86,"{""chop_age_max"":432,""chop_age_min"":1,""impulse_bars"":1,""intensity_min"":0.5,""move_atr_min"":0.6,""reversal_location_min"":0.25,""session"":""ALL"",""spread_ratio_min"":1.15,""variance_ratio_min"":1.6}"
32889,6dddcb5fbad8ce56,31889,CHOP,CHOP_LIQUIDITY_SHOCK_REVERSION_REVERSE,808,138,"{""chop_age_max"":2000,""chop_age_min"":12,""impulse_bars"":3,""intensity_min"":0.5,""move_atr_min"":0.9,""reversal_location_min"":0.55,""session"":""ASIA"",""spread_ratio_min"":1.05,""variance_ratio_min"":0.9}"
32890,a829e4f5f8c3e791,31890,CHOP,CHOP_LIQUIDITY_SHOCK_REVERSION_REVERSE,524,94,"{""chop_age_max"":48,""chop_age_min"":12,""impulse_bars"":3,""intensity_min"":0.8,""move_atr_min"":0.25,""reversal_location_min"":0.55,""session"":""LONDON"",""spread_ratio_min"":1.0,""variance_ratio_min"":0.6}"
32891,9340b8efaa630f8f,31891,CHOP,CHOP_LIQUIDITY_SHOCK_REVERSION_REVERSE,1101,203,"{""chop_age_max"":432,""chop_age_min"":48,""impulse_bars"":3,""intensity_min"":1.1,""move_atr_min"":0.6,""reversal_location_min"":0.25,""session"":""ASIA"",""spread_ratio_min"":1.0,""variance_ratio_min"":1.6}"
32892,5108d1f04e1a22ea,31892,CHOP,CHOP_LIQUIDITY_SHOCK_REVERSION_REVERSE,1789,313,"{""chop_age_max"":144,""chop_age_min"":1,""impulse_bars"":3,""intensity_min"":0.5,""move_atr_min"":0.6,""reversal_location_min"":0.25,""session"":""LONDON"",""spread_ratio_min"":1.0,""variance_ratio_min"":0.6}"
32893,498932cd2e2886c5,31893,CHOP,CHOP_LIQUIDITY_SHOCK_REVERSION_REVERSE,9782,2222,"{""chop_age_max"":2000,""chop_age_min"":1,""impulse_bars"":3,""intensity_min"":0.3,""move_atr_min"":0.4,""reversal_location_min"":0.55,""session"":""ALL"",""spread_ratio_min"":1.0,""variance_ratio_min"":0.9}"
32894,43c2d5dc05772def,31894,CHOP,CHOP_LIQUIDITY_SHOCK_REVERSION_REVERSE,2938,497,"{""chop_age_max"":144,""chop_age_min"":1,""impulse_bars"":3,""intensity_min"":0.3,""move_atr_min"":0.4,""reversal_location_min"":0.25,""session"":""ALL"",""spread_ratio_min"":1.05,""variance_ratio_min"":1.6}"
32895,323e2ab501a096df,31895,CHOP,CHOP_LIQUIDITY_SHOCK_REVERSION_REVERSE,236,34,"{""chop_age_max"":2000,""chop_age_min"":1,""impulse_bars"":1,""intensity_min"":1.1,""move_atr_min"":0.9,""reversal_location_min"":0.25,""session"":""LONDON"",""spread_ratio_min"":1.05,""variance_ratio_min"":1.2}"
32896,5968e95092b064e3,31896,CHOP,CHOP_LIQUIDITY_SHOCK_REVERSION_REVERSE,1103,174,"{""chop_age_max"":144,""chop_age_min"":1,""impulse_bars"":3,""intensity_min"":0.8,""move_atr_min"":0.6,""reversal_location_min"":0.25,""session"":""NY"",""spread_ratio_min"":1.05,""variance_ratio_min"":1.6}"
32897,bcbcf3bfdebf5b7d,31897,CHOP,CHOP_LIQUIDITY_SHOCK_REVERSION_REVERSE,2787,621,"{""chop_age_max"":2000,""chop_age_min"":1,""impulse_bars"":1,""intensity_min"":0.5,""move_atr_min"":0.4,""reversal_location_min"":0.4,""session"":""ALL"",""spread_ratio_min"":1.0,""variance_ratio_min"":1.2}"
32898,425ca44c963e6323,31898,CHOP,CHOP_LIQUIDITY_SHOCK_REVERSION_REVERSE,183,30,"{""chop_age_max"":144,""chop_age_min"":12,""impulse_bars"":3,""intensity_min"":0.8,""move_atr_min"":0.4,""reversal_location_min"":0.55,""session"":""LATE"",""spread_ratio_min"":1.05,""variance_ratio_min"":1.6}"
32899,9013e4da0f97562f,31899,CHOP,CHOP_LIQUIDITY_SHOCK_REVERSION_REVERSE,3361,770,"{""chop_age_max"":432,""chop_age_min"":1,""impulse_bars"":3,""intensity_min"":1.1,""move_atr_min"":0.9,""reversal_location_min"":0.4,""session"":""ALL"",""spread_ratio_min"":1.0,""variance_ratio_min"":1.6}"
32900,21a56f7088282b31,31900,CHOP,CHOP_LIQUIDITY_SHOCK_REVERSION_REVERSE,680,103,"{""chop_age_max"":2000,""chop_age_min"":12,""impulse_bars"":1,""intensity_min"":0.3,""move_atr_min"":0.6,""reversal_location_min"":0.25,""session"":""NY"",""spread_ratio_min"":1.05,""variance_ratio_min"":1.6}"
32901,5529243b223d9d81,31901,CHOP,CHOP_LIQUIDITY_SHOCK_REVERSION_REVERSE,2973,645,"{""chop_age_max"":144,""chop_age_min"":12,""impulse_bars"":3,""intensity_min"":0.8,""move_atr_min"":0.9,""reversal_location_min"":0.4,""session"":""ALL"",""spread_ratio_min"":1.0,""variance_ratio_min"":0.6}"
32902,7bbb6a2949a05691,31902,CHOP,CHOP_LIQUIDITY_SHOCK_REVERSION_REVERSE,194,28,"{""chop_age_max"":432,""chop_age_min"":1,""impulse_bars"":1,""intensity_min"":0.8,""move_atr_min"":0.9,""reversal_location_min"":0.25,""session"":""LONDON"",""spread_ratio_min"":1.05,""variance_ratio_min"":0.9}"
32903,872a6ab484b0b544,31903,CHOP,CHOP_LIQUIDITY_SHOCK_REVERSION_REVERSE,1339,267,"{""chop_age_max"":2000,""chop_age_min"":12,""impulse_bars"":1,""intensity_min"":1.1,""move_atr_min"":0.4,""reversal_location_min"":0.25,""session"":""ASIA"",""spread_ratio_min"":1.0,""variance_ratio_min"":0.6}"
32904,4b358914e26bb2f2,31904,CHOP,CHOP_LIQUIDITY_SHOCK_REVERSION_REVERSE,710,141,"{""chop_age_max"":2000,""chop_age_min"":1,""impulse_bars"":3,""intensity_min"":1.1,""move_atr_min"":0.25,""reversal_location_min"":0.4,""session"":""LATE"",""spread_ratio_min"":1.05,""variance_ratio_min"":0.9}"
32905,9f5dd297778d6861,31905,CHOP,CHOP_LIQUIDITY_SHOCK_REVERSION_REVERSE,800,55,"{""chop_age_max"":2000,""chop_age_min"":48,""impulse_bars"":3,""intensity_min"":0.8,""move_atr_min"":0.25,""reversal_location_min"":0.25,""session"":""ALL"",""spread_ratio_min"":1.3,""variance_ratio_min"":0.9}"
32906,54e3e0f1b42789fa,31906,CHOP,CHOP_LIQUIDITY_SHOCK_REVERSION_REVERSE,713,153,"{""chop_age_max"":432,""chop_age_min"":1,""impulse_bars"":3,""intensity_min"":0.5,""move_atr_min"":0.9,""reversal_location_min"":0.55,""session"":""ASIA"",""spread_ratio_min"":1.0,""variance_ratio_min"":1.2}"
32907,44e92d4e93de08f4,31907,CHOP,CHOP_LIQUIDITY_SHOCK_REVERSION_REVERSE,1150,253,"{""chop_age_max"":432,""chop_age_min"":12,""impulse_bars"":1,""intensity_min"":1.1,""move_atr_min"":0.9,""reversal_location_min"":0.25,""session"":""ALL"",""spread_ratio_min"":1.0,""variance_ratio_min"":0.6}"
32908,9078cb0cab2b6c60,31908,CHOP,CHOP_LIQUIDITY_SHOCK_REVERSION_REVERSE,3048,591,"{""chop_age_max"":2000,""chop_age_min"":48,""impulse_bars"":3,""intensity_min"":1.1,""move_atr_min"":0.6,""reversal_location_min"":0.25,""session"":""LONDON"",""spread_ratio_min"":1.0,""variance_ratio_min"":0.6}"
32909,68cc9855e53bed03,31909,CHOP,CHOP_LIQUIDITY_SHOCK_REVERSION_REVERSE,156,22,"{""chop_age_max"":48,""chop_age_min"":12,""impulse_bars"":3,""intensity_min"":1.1,""move_atr_min"":0.6,""reversal_location_min"":0.4,""session"":""LATE"",""spread_ratio_min"":1.0,""variance_ratio_min"":0.9}"
32910,3e7f279ec760b320,31910,CHOP,CHOP_LIQUIDITY_SHOCK_REVERSION_REVERSE,194,27,"{""chop_age_max"":48,""chop_age_min"":12,""impulse_bars"":1,""intensity_min"":0.5,""move_atr_min"":0.6,""reversal_location_min"":0.25,""session"":""NY"",""spread_ratio_min"":1.0,""variance_ratio_min"":1.6}"
32911,2d86d198d8d5d629,31911,CHOP,CHOP_LIQUIDITY_SHOCK_REVERSION_REVERSE,168,20,"{""chop_age_max"":432,""chop_age_min"":1,""impulse_bars"":1,""intensity_min"":1.1,""move_atr_min"":0.6,""reversal_location_min"":0.25,""session"":""ASIA"",""spread_ratio_min"":1.15,""variance_ratio_min"":0.6}"
32912,ccf126fcacf169a7,31912,CHOP,CHOP_LIQUIDITY_SHOCK_REVERSION_REVERSE,979,191,"{""chop_age_max"":432,""chop_age_min"":1,""impulse_bars"":3,""intensity_min"":0.8,""move_atr_min"":0.6,""reversal_location_min"":0.25,""session"":""LATE"",""spread_ratio_min"":1.0,""variance_ratio_min"":1.2}"
32913,5725eaa641e2a41c,31913,CHOP,CHOP_LIQUIDITY_SHOCK_REVERSION_REVERSE,3077,584,"{""chop_age_max"":2000,""chop_age_min"":1,""impulse_bars"":1,""intensity_min"":0.3,""move_atr_min"":0.6,""reversal_location_min"":0.25,""session"":""ALL"",""spread_ratio_min"":1.05,""variance_ratio_min"":0.9}"
32914,43fd746c2f913f61,31914,CHOP,CHOP_LIQUIDITY_SHOCK_REVERSION_REVERSE,709,125,"{""chop_age_max"":144,""chop_age_min"":1,""impulse_bars"":1,""intensity_min"":1.1,""move_atr_min"":0.6,""reversal_location_min"":0.25,""session"":""ALL"",""spread_ratio_min"":1.05,""variance_ratio_min"":1.6}"
32915,96891892dccb2be1,31915,CHOP,CHOP_LIQUIDITY_SHOCK_REVERSION_REVERSE,1388,309,"{""chop_age_max"":2000,""chop_age_min"":12,""impulse_bars"":1,""intensity_min"":1.1,""move_atr_min"":0.6,""reversal_location_min"":0.25,""session"":""NY"",""spread_ratio_min"":1.0,""variance_ratio_min"":0.6}"
32916,a61793162b50278e,31916,CHOP,CHOP_LIQUIDITY_SHOCK_REVERSION_REVERSE,334,61,"{""chop_age_max"":48,""chop_age_min"":12,""impulse_bars"":3,""intensity_min"":0.3,""move_atr_min"":0.9,""reversal_location_min"":0.55,""session"":""ALL"",""spread_ratio_min"":1.05,""variance_ratio_min"":1.2}"
32917,17895f6531785994,31917,CHOP,CHOP_LIQUIDITY_SHOCK_REVERSION_REVERSE,2994,603,"{""chop_age_max"":2000,""chop_age_min"":1,""impulse_bars"":3,""intensity_min"":0.5,""move_atr_min"":0.25,""reversal_location_min"":0.4,""session"":""LONDON"",""spread_ratio_min"":1.0,""variance_ratio_min"":1.2}"
32918,2ee973b3284b7845,31918,CHOP,CHOP_LIQUIDITY_SHOCK_REVERSION_REVERSE,136,28,"{""chop_age_max"":432,""chop_age_min"":1,""impulse_bars"":1,""intensity_min"":0.8,""move_atr_min"":0.6,""reversal_location_min"":0.4,""session"":""ASIA"",""spread_ratio_min"":1.05,""variance_ratio_min"":1.6}"
32919,04c037003d4d619c,31919,CHOP,CHOP_LIQUIDITY_SHOCK_REVERSION_REVERSE,173,34,"{""chop_age_max"":144,""chop_age_min"":1,""impulse_bars"":1,""intensity_min"":0.5,""move_atr_min"":0.6,""reversal_location_min"":0.4,""session"":""ASIA"",""spread_ratio_min"":1.0,""variance_ratio_min"":0.9}"
32920,de50ca1d874771c5,31920,CHOP,CHOP_LIQUIDITY_SHOCK_REVERSION_REVERSE,1017,208,"{""chop_age_max"":2000,""chop_age_min"":48,""impulse_bars"":3,""intensity_min"":0.5,""move_atr_min"":0.6,""reversal_location_min"":0.55,""session"":""NY"",""spread_ratio_min"":1.05,""variance_ratio_min"":1.2}"
32921,6c5c8a03977e7fe2,31921,CHOP,CHOP_LIQUIDITY_SHOCK_REVERSION_REVERSE,587,87,"{""chop_age_max"":432,""chop_age_min"":12,""impulse_bars"":1,""intensity_min"":0.8,""move_atr_min"":0.25,""reversal_location_min"":0.4,""session"":""LONDON"",""spread_ratio_min"":1.05,""variance_ratio_min"":0.9}"
32922,e3b33330bef2cb66,31922,CHOP,CHOP_LIQUIDITY_SHOCK_REVERSION_REVERSE,233,45,"{""chop_age_max"":432,""chop_age_min"":48,""impulse_bars"":3,""intensity_min"":0.5,""move_atr_min"":0.9,""reversal_location_min"":0.25,""session"":""LATE"",""spread_ratio_min"":1.3,""variance_ratio_min"":0.6}"
32923,7f3f361057bafd0e,31923,CHOP,CHOP_LIQUIDITY_SHOCK_REVERSION_REVERSE,567,114,"{""chop_age_max"":2000,""chop_age_min"":12,""impulse_bars"":1,""intensity_min"":0.8,""move_atr_min"":0.25,""reversal_location_min"":0.4,""session"":""LATE"",""spread_ratio_min"":1.0,""variance_ratio_min"":0.9}"
32924,819c157eb45d8001,31924,CHOP,CHOP_LIQUIDITY_SHOCK_REVERSION_REVERSE,3596,833,"{""chop_age_max"":144,""chop_age_min"":12,""impulse_bars"":1,""intensity_min"":0.8,""move_atr_min"":0.25,""reversal_location_min"":0.25,""session"":""ALL"",""spread_ratio_min"":1.0,""variance_ratio_min"":1.2}"
32925,190d7061b3c1169a,31925,CHOP,CHOP_LIQUIDITY_SHOCK_REVERSION_REVERSE,233,16,"{""chop_age_max"":2000,""chop_age_min"":1,""impulse_bars"":3,""intensity_min"":1.1,""move_atr_min"":0.6,""reversal_location_min"":0.55,""session"":""ALL"",""spread_ratio_min"":1.3,""variance_ratio_min"":1.6}"
32926,dfc3d9a7981b13d2,31926,CHOP,CHOP_LIQUIDITY_SHOCK_REVERSION_REVERSE,3193,719,"{""chop_age_max"":48,""chop_age_min"":1,""impulse_bars"":3,""intensity_min"":0.3,""move_atr_min"":0.25,""reversal_location_min"":0.4,""session"":""ALL"",""spread_ratio_min"":1.0,""variance_ratio_min"":0.9}"
32927,d63f004ccb2a7d40,31927,CHOP,CHOP_LIQUIDITY_SHOCK_REVERSION_REVERSE,622,56,"{""chop_age_max"":2000,""chop_age_min"":12,""impulse_bars"":3,""intensity_min"":0.3,""move_atr_min"":0.9,""reversal_location_min"":0.4,""session"":""ASIA"",""spread_ratio_min"":1.15,""variance_ratio_min"":0.6}"
32928,f4f215cfeec835ce,31928,CHOP,CHOP_LIQUIDITY_SHOCK_REVERSION_REVERSE,1100,258,"{""chop_age_max"":144,""chop_age_min"":1,""impulse_bars"":3,""intensity_min"":0.3,""move_atr_min"":0.6,""reversal_location_min"":0.55,""session"":""NY"",""spread_ratio_min"":1.0,""variance_ratio_min"":1.2}"
32929,13b8e7e0fc4f88fd,31929,CHOP,CHOP_LIQUIDITY_SHOCK_REVERSION_REVERSE,1840,207,"{""chop_age_max"":2000,""chop_age_min"":48,""impulse_bars"":3,""intensity_min"":0.3,""move_atr_min"":0.6,""reversal_location_min"":0.4,""session"":""ALL"",""spread_ratio_min"":1.15,""variance_ratio_min"":0.9}"
32930,9aed74d54262d4e6,31930,CHOP,CHOP_LIQUIDITY_SHOCK_REVERSION_REVERSE,116,21,"{""chop_age_max"":432,""chop_age_min"":1,""impulse_bars"":1,""intensity_min"":0.5,""move_atr_min"":0.6,""reversal_location_min"":0.4,""session"":""ALL"",""spread_ratio_min"":1.3,""variance_ratio_min"":0.6}"
32931,413704950ec04e58,31931,CHOP,CHOP_LIQUIDITY_SHOCK_REVERSION_REVERSE,2296,326,"{""chop_age_max"":2000,""chop_age_min"":1,""impulse_bars"":1,""intensity_min"":0.5,""move_atr_min"":0.25,""reversal_location_min"":0.25,""session"":""LONDON"",""spread_ratio_min"":1.05,""variance_ratio_min"":0.6}"
32932,9f16ecabe1ef0ce8,31932,CHOP,CHOP_LIQUIDITY_SHOCK_REVERSION_REVERSE,167,21,"{""chop_age_max"":432,""chop_age_min"":48,""impulse_bars"":1,""intensity_min"":0.8,""move_atr_min"":0.25,""reversal_location_min"":0.4,""session"":""LATE"",""spread_ratio_min"":1.05,""variance_ratio_min"":1.6}"
32933,5441f525b9191975,31933,CHOP,CHOP_LIQUIDITY_SHOCK_REVERSION_REVERSE,1704,334,"{""chop_age_max"":432,""chop_age_min"":1,""impulse_bars"":3,""intensity_min"":1.1,""move_atr_min"":0.25,""reversal_location_min"":0.55,""session"":""NY"",""spread_ratio_min"":1.05,""variance_ratio_min"":0.9}"
32934,5c28b67053588ef6,31934,CHOP,CHOP_LIQUIDITY_SHOCK_REVERSION_REVERSE,2357,568,"{""chop_age_max"":144,""chop_age_min"":1,""impulse_bars"":3,""intensity_min"":1.1,""move_atr_min"":0.6,""reversal_location_min"":0.55,""session"":""ALL"",""spread_ratio_min"":1.0,""variance_ratio_min"":0.6}"
32935,f8ec8db74219ba7f,31935,CHOP,CHOP_LIQUIDITY_SHOCK_REVERSION_REVERSE,311,68,"{""chop_age_max"":432,""chop_age_min"":48,""impulse_bars"":1,""intensity_min"":0.5,""move_atr_min"":0.25,""reversal_location_min"":0.55,""session"":""NY"",""spread_ratio_min"":1.0,""variance_ratio_min"":1.2}"
32936,b47769040ca2ff78,31936,CHOP,CHOP_LIQUIDITY_SHOCK_REVERSION_REVERSE,350,29,"{""chop_age_max"":432,""chop_age_min"":12,""impulse_bars"":3,""intensity_min"":0.8,""move_atr_min"":0.25,""reversal_location_min"":0.4,""session"":""ASIA"",""spread_ratio_min"":1.15,""variance_ratio_min"":1.6}"
32937,6782cc1ac1d2d677,31937,CHOP,CHOP_LIQUIDITY_SHOCK_REVERSION_REVERSE,136,20,"{""chop_age_max"":2000,""chop_age_min"":1,""impulse_bars"":1,""intensity_min"":0.5,""move_atr_min"":0.25,""reversal_location_min"":0.55,""session"":""LATE"",""spread_ratio_min"":1.15,""variance_ratio_min"":0.9}"
32938,5b7777c4aaf6e5e4,31938,CHOP,CHOP_LIQUIDITY_SHOCK_REVERSION_REVERSE,2680,565,"{""chop_age_max"":2000,""chop_age_min"":48,""impulse_bars"":3,""intensity_min"":0.3,""move_atr_min"":0.25,""reversal_location_min"":0.25,""session"":""LATE"",""spread_ratio_min"":1.0,""variance_ratio_min"":0.9}"
32939,40b73f4c00136bf0,31939,CHOP,CHOP_LIQUIDITY_SHOCK_REVERSION_REVERSE,335,55,"{""chop_age_max"":432,""chop_age_min"":1,""impulse_bars"":1,""intensity_min"":1.1,""move_atr_min"":0.9,""reversal_location_min"":0.25,""session"":""LONDON"",""spread_ratio_min"":1.0,""variance_ratio_min"":0.6}"
32940,2dbdb1fb1e5c7ba0,31940,CHOP,CHOP_LIQUIDITY_SHOCK_REVERSION_REVERSE,137,27,"{""chop_age_max"":432,""chop_age_min"":48,""impulse_bars"":1,""intensity_min"":0.5,""move_atr_min"":0.4,""reversal_location_min"":0.55,""session"":""ASIA"",""spread_ratio_min"":1.05,""variance_ratio_min"":0.6}"
32941,eb44a5a73df9524f,31941,CHOP,CHOP_LIQUIDITY_SHOCK_REVERSION_REVERSE,1247,276,"{""chop_age_max"":432,""chop_age_min"":48,""impulse_bars"":3,""intensity_min"":0.3,""move_atr_min"":0.9,""reversal_location_min"":0.4,""session"":""NY"",""spread_ratio_min"":1.0,""variance_ratio_min"":1.6}"
32942,6d8ffd936737ecac,31942,CHOP,CHOP_LIQUIDITY_SHOCK_REVERSION_REVERSE,1645,349,"{""chop_age_max"":144,""chop_age_min"":48,""impulse_bars"":3,""intensity_min"":0.5,""move_atr_min"":0.6,""reversal_location_min"":0.4,""session"":""ALL"",""spread_ratio_min"":1.05,""variance_ratio_min"":0.9}"
32943,59e70a40baf2fdd6,31943,CHOP,CHOP_LIQUIDITY_SHOCK_REVERSION_REVERSE,1547,286,"{""chop_age_max"":432,""chop_age_min"":12,""impulse_bars"":3,""intensity_min"":0.8,""move_atr_min"":0.25,""reversal_location_min"":0.55,""session"":""ASIA"",""spread_ratio_min"":1.05,""variance_ratio_min"":0.6}"
32944,6fed98ffa0fadc31,31944,CHOP,CHOP_LIQUIDITY_SHOCK_REVERSION_REVERSE,164,18,"{""chop_age_max"":144,""chop_age_min"":48,""impulse_bars"":1,""intensity_min"":1.1,""move_atr_min"":0.25,""reversal_location_min"":0.4,""session"":""ALL"",""spread_ratio_min"":1.15,""variance_ratio_min"":0.9}"
32945,427c7cd5a069f3f0,31945,CHOP,CHOP_LIQUIDITY_SHOCK_REVERSION_REVERSE,151,27,"{""chop_age_max"":144,""chop_age_min"":12,""impulse_bars"":3,""intensity_min"":0.8,""move_atr_min"":0.9,""reversal_location_min"":0.4,""session"":""LATE"",""spread_ratio_min"":1.15,""variance_ratio_min"":0.6}"
32946,b51ae816bba35205,31946,CHOP,CHOP_LIQUIDITY_SHOCK_REVERSION_REVERSE,2348,419,"{""chop_age_max"":2000,""chop_age_min"":48,""impulse_bars"":1,""intensity_min"":0.5,""move_atr_min"":0.25,""reversal_location_min"":0.4,""session"":""ALL"",""spread_ratio_min"":1.05,""variance_ratio_min"":1.2}"
32947,0280cf0e5d2904e0,31947,CHOP,CHOP_LIQUIDITY_SHOCK_REVERSION_REVERSE,3146,525,"{""chop_age_max"":2000,""chop_age_min"":12,""impulse_bars"":3,""intensity_min"":1.1,""move_atr_min"":0.25,""reversal_location_min"":0.55,""session"":""ALL"",""spread_ratio_min"":1.05,""variance_ratio_min"":1.6}"
32948,c21fd6810230a30e,31948,CHOP,CHOP_LIQUIDITY_SHOCK_REVERSION_REVERSE,364,27,"{""chop_age_max"":432,""chop_age_min"":48,""impulse_bars"":3,""intensity_min"":0.3,""move_atr_min"":0.4,""reversal_location_min"":0.55,""session"":""ASIA"",""spread_ratio_min"":1.15,""variance_ratio_min"":0.9}"
32949,7beb81bcc1a17f82,31949,CHOP,CHOP_LIQUIDITY_SHOCK_REVERSION_REVERSE,2186,418,"{""chop_age_max"":48,""chop_age_min"":1,""impulse_bars"":3,""intensity_min"":0.5,""move_atr_min"":0.4,""reversal_location_min"":0.25,""session"":""ALL"",""spread_ratio_min"":1.0,""variance_ratio_min"":1.6}"
32950,b6644c96fcdfdf22,31950,CHOP,CHOP_LIQUIDITY_SHOCK_REVERSION_REVERSE,1013,171,"{""chop_age_max"":2000,""chop_age_min"":48,""impulse_bars"":3,""intensity_min"":0.8,""move_atr_min"":0.9,""reversal_location_min"":0.4,""session"":""LONDON"",""spread_ratio_min"":1.05,""variance_ratio_min"":0.6}"
32951,89f83627fcf353a5,31951,CHOP,CHOP_LIQUIDITY_SHOCK_REVERSION_REVERSE,424,78,"{""chop_age_max"":144,""chop_age_min"":12,""impulse_bars"":3,""intensity_min"":0.3,""move_atr_min"":0.6,""reversal_location_min"":0.4,""session"":""LATE"",""spread_ratio_min"":1.0,""variance_ratio_min"":1.6}"
32952,0c2a97d1e42754de,31952,CHOP,CHOP_LIQUIDITY_SHOCK_REVERSION_REVERSE,198,17,"{""chop_age_max"":144,""chop_age_min"":12,""impulse_bars"":3,""intensity_min"":0.3,""move_atr_min"":0.9,""reversal_location_min"":0.25,""session"":""NY"",""spread_ratio_min"":1.15,""variance_ratio_min"":1.6}"
32953,e28bb85a91911db4,31953,CHOP,CHOP_LIQUIDITY_SHOCK_REVERSION_REVERSE,1212,237,"{""chop_age_max"":144,""chop_age_min"":12,""impulse_bars"":3,""intensity_min"":0.8,""move_atr_min"":0.4,""reversal_location_min"":0.25,""session"":""LATE"",""spread_ratio_min"":1.0,""variance_ratio_min"":0.6}"
32954,bb3cea0b5e85b215,31954,CHOP,CHOP_LIQUIDITY_SHOCK_REVERSION_REVERSE,409,31,"{""chop_age_max"":2000,""chop_age_min"":1,""impulse_bars"":1,""intensity_min"":1.1,""move_atr_min"":0.4,""reversal_location_min"":0.25,""session"":""NY"",""spread_ratio_min"":1.15,""variance_ratio_min"":1.6}"
32955,d3617ebea114e75b,31955,CHOP,CHOP_LIQUIDITY_SHOCK_REVERSION_REVERSE,199,30,"{""chop_age_max"":48,""chop_age_min"":12,""impulse_bars"":1,""intensity_min"":0.3,""move_atr_min"":0.25,""reversal_location_min"":0.4,""session"":""LATE"",""spread_ratio_min"":1.0,""variance_ratio_min"":0.9}"
32956,b6063d224b9d82c1,31956,CHOP,CHOP_LIQUIDITY_SHOCK_REVERSION_REVERSE,562,90,"{""chop_age_max"":144,""chop_age_min"":1,""impulse_bars"":3,""intensity_min"":0.8,""move_atr_min"":0.9,""reversal_location_min"":0.25,""session"":""LONDON"",""spread_ratio_min"":1.05,""variance_ratio_min"":0.6}"
32957,096f25c4d805a3bf,31957,CHOP,CHOP_LIQUIDITY_SHOCK_REVERSION_REVERSE,575,113,"{""chop_age_max"":432,""chop_age_min"":1,""impulse_bars"":3,""intensity_min"":0.3,""move_atr_min"":0.4,""reversal_location_min"":0.55,""session"":""LATE"",""spread_ratio_min"":1.0,""variance_ratio_min"":1.6}"
32958,8470868e080451cf,31958,CHOP,CHOP_LIQUIDITY_SHOCK_REVERSION_REVERSE,826,107,"{""chop_age_max"":432,""chop_age_min"":1,""impulse_bars"":3,""intensity_min"":0.3,""move_atr_min"":0.9,""reversal_location_min"":0.55,""session"":""ALL"",""spread_ratio_min"":1.15,""variance_ratio_min"":0.9}"
32959,6bbb6adbcf3bcf20,31959,CHOP,CHOP_LIQUIDITY_SHOCK_REVERSION_REVERSE,851,82,"{""chop_age_max"":2000,""chop_age_min"":48,""impulse_bars"":1,""intensity_min"":0.8,""move_atr_min"":0.25,""reversal_location_min"":0.4,""session"":""ALL"",""spread_ratio_min"":1.15,""variance_ratio_min"":0.6}"
32960,dd1c2ff5f4a8ece2,31960,CHOP,CHOP_LIQUIDITY_SHOCK_REVERSION_REVERSE,457,78,"{""chop_age_max"":2000,""chop_age_min"":12,""impulse_bars"":3,""intensity_min"":1.1,""move_atr_min"":0.9,""reversal_location_min"":0.55,""session"":""LONDON"",""spread_ratio_min"":1.05,""variance_ratio_min"":1.2}"
32961,f687c5948759ee90,31961,CHOP,CHOP_LIQUIDITY_SHOCK_REVERSION_REVERSE,132,15,"{""chop_age_max"":48,""chop_age_min"":1,""impulse_bars"":3,""intensity_min"":1.1,""move_atr_min"":0.25,""reversal_location_min"":0.25,""session"":""ASIA"",""spread_ratio_min"":1.05,""variance_ratio_min"":0.6}"
32962,90eafbc9147d5446,31962,CHOP,CHOP_LIQUIDITY_SHOCK_REVERSION_REVERSE,230,39,"{""chop_age_max"":144,""chop_age_min"":1,""impulse_bars"":3,""intensity_min"":0.5,""move_atr_min"":0.25,""reversal_location_min"":0.4,""session"":""LATE"",""spread_ratio_min"":1.3,""variance_ratio_min"":0.6}"
32963,2cb7b8eebdcef92d,31963,CHOP,CHOP_LIQUIDITY_SHOCK_REVERSION_REVERSE,2620,446,"{""chop_age_max"":144,""chop_age_min"":1,""impulse_bars"":3,""intensity_min"":0.3,""move_atr_min"":0.25,""reversal_location_min"":0.25,""session"":""LONDON"",""spread_ratio_min"":1.0,""variance_ratio_min"":0.6}"
32964,7028f3b22ab6f7a6,31964,CHOP,CHOP_LIQUIDITY_SHOCK_REVERSION_REVERSE,162,23,"{""chop_age_max"":144,""chop_age_min"":12,""impulse_bars"":3,""intensity_min"":0.5,""move_atr_min"":0.9,""reversal_location_min"":0.25,""session"":""ASIA"",""spread_ratio_min"":1.15,""variance_ratio_min"":1.6}"
32965,e3ba5a89e94eb18a,31965,CHOP,CHOP_LIQUIDITY_SHOCK_REVERSION_REVERSE,276,44,"{""chop_age_max"":432,""chop_age_min"":48,""impulse_bars"":3,""intensity_min"":0.3,""move_atr_min"":0.6,""reversal_location_min"":0.55,""session"":""LATE"",""spread_ratio_min"":1.05,""variance_ratio_min"":1.6}"
32966,4f798069b3d25fc7,31966,CHOP,CHOP_LIQUIDITY_SHOCK_REVERSION_REVERSE,495,91,"{""chop_age_max"":2000,""chop_age_min"":1,""impulse_bars"":3,""intensity_min"":0.3,""move_atr_min"":0.9,""reversal_location_min"":0.25,""session"":""LATE"",""spread_ratio_min"":1.15,""variance_ratio_min"":1.6}"
32967,8df3d771d84906c2,31967,CHOP,CHOP_LIQUIDITY_SHOCK_REVERSION_REVERSE,190,38,"{""chop_age_max"":2000,""chop_age_min"":48,""impulse_bars"":1,""intensity_min"":0.5,""move_atr_min"":0.25,""reversal_location_min"":0.55,""session"":""LATE"",""spread_ratio_min"":1.0,""variance_ratio_min"":1.2}"
32968,1c4868c3825d2076,31968,CHOP,CHOP_LIQUIDITY_SHOCK_REVERSION_REVERSE,3168,705,"{""chop_age_max"":2000,""chop_age_min"":48,""impulse_bars"":3,""intensity_min"":0.5,""move_atr_min"":0.9,""reversal_location_min"":0.25,""session"":""NY"",""spread_ratio_min"":1.0,""variance_ratio_min"":0.6}"
32969,6ac25c3366bceea0,31969,CHOP,CHOP_LIQUIDITY_SHOCK_REVERSION_REVERSE,258,21,"{""chop_age_max"":2000,""chop_age_min"":48,""impulse_bars"":3,""intensity_min"":0.8,""move_atr_min"":0.6,""reversal_location_min"":0.55,""session"":""ALL"",""spread_ratio_min"":1.3,""variance_ratio_min"":0.9}"
32970,55f77da0f3c115e3,31970,CHOP,CHOP_LIQUIDITY_SHOCK_REVERSION_REVERSE,1490,333,"{""chop_age_max"":432,""chop_age_min"":1,""impulse_bars"":3,""intensity_min"":0.3,""move_atr_min"":0.6,""reversal_location_min"":0.55,""session"":""LONDON"",""spread_ratio_min"":1.0,""variance_ratio_min"":0.9}"
32971,c3f88138591371fe,31971,CHOP,CHOP_LIQUIDITY_SHOCK_REVERSION_REVERSE,227,18,"{""chop_age_max"":432,""chop_age_min"":1,""impulse_bars"":3,""intensity_min"":1.1,""move_atr_min"":0.6,""reversal_location_min"":0.4,""session"":""ASIA"",""spread_ratio_min"":1.15,""variance_ratio_min"":1.6}"
32972,b6911ef50dad41f0,31972,CHOP,CHOP_LIQUIDITY_SHOCK_REVERSION_REVERSE,172,34,"{""chop_age_max"":48,""chop_age_min"":1,""impulse_bars"":3,""intensity_min"":1.1,""move_atr_min"":0.6,""reversal_location_min"":0.25,""session"":""LATE"",""spread_ratio_min"":1.05,""variance_ratio_min"":0.9}"
32973,b2191c1e58b671fd,31973,CHOP,CHOP_LIQUIDITY_SHOCK_REVERSION_REVERSE,9358,2192,"{""chop_age_max"":2000,""chop_age_min"":1,""impulse_bars"":3,""intensity_min"":0.5,""move_atr_min"":0.6,""reversal_location_min"":0.55,""session"":""ALL"",""spread_ratio_min"":1.0,""variance_ratio_min"":0.6}"
32974,75656aacc33572a9,31974,CHOP,CHOP_LIQUIDITY_SHOCK_REVERSION_REVERSE,160,18,"{""chop_age_max"":144,""chop_age_min"":1,""impulse_bars"":1,""intensity_min"":1.1,""move_atr_min"":0.6,""reversal_location_min"":0.25,""session"":""LATE"",""spread_ratio_min"":1.0,""variance_ratio_min"":0.9}"
32975,c04447b9300aff22,31975,CHOP,CHOP_LIQUIDITY_SHOCK_REVERSION_REVERSE,589,115,"{""chop_age_max"":144,""chop_age_min"":12,""impulse_bars"":1,""intensity_min"":0.3,""move_atr_min"":0.25,""reversal_location_min"":0.55,""session"":""ALL"",""spread_ratio_min"":1.05,""variance_ratio_min"":0.6}"
32976,9ae82e6ba9481264,31976,CHOP,CHOP_LIQUIDITY_SHOCK_REVERSION_REVERSE,482,74,"{""chop_age_max"":144,""chop_age_min"":1,""impulse_bars"":3,""intensity_min"":1.1,""move_atr_min"":0.4,""reversal_location_min"":0.25,""session"":""LONDON"",""spread_ratio_min"":1.05,""variance_ratio_min"":1.2}"
32977,21531d70e0e1a2b7,31977,CHOP,CHOP_LIQUIDITY_SHOCK_REVERSION_REVERSE,556,107,"{""chop_age_max"":2000,""chop_age_min"":1,""impulse_bars"":3,""intensity_min"":0.5,""move_atr_min"":0.4,""reversal_location_min"":0.55,""session"":""LATE"",""spread_ratio_min"":1.15,""variance_ratio_min"":0.6}"
32978,39dbf69e792385a4,31978,CHOP,CHOP_LIQUIDITY_SHOCK_REVERSION_REVERSE,3999,809,"{""chop_age_max"":2000,""chop_age_min"":1,""impulse_bars"":3,""intensity_min"":0.5,""move_atr_min"":0.6,""reversal_location_min"":0.25,""session"":""ASIA"",""spread_ratio_min"":1.0,""variance_ratio_min"":0.9}"
32979,04eb2a50e091f532,31979,CHOP,CHOP_LIQUIDITY_SHOCK_REVERSION_REVERSE,12996,2608,"{""chop_age_max"":2000,""chop_age_min"":1,""impulse_bars"":3,""intensity_min"":0.5,""move_atr_min"":0.25,""reversal_location_min"":0.25,""session"":""ALL"",""spread_ratio_min"":1.0,""variance_ratio_min"":1.6}"
32980,dd2ea147de33c3d3,31980,CHOP,CHOP_LIQUIDITY_SHOCK_REVERSION_REVERSE,362,27,"{""chop_age_max"":2000,""chop_age_min"":12,""impulse_bars"":3,""intensity_min"":1.1,""move_atr_min"":0.6,""reversal_location_min"":0.4,""session"":""ALL"",""spread_ratio_min"":1.3,""variance_ratio_min"":1.2}"
32981,c014dd273b0fcd0e,31981,CHOP,CHOP_LIQUIDITY_SHOCK_REVERSION_REVERSE,187,27,"{""chop_age_max"":432,""chop_age_min"":48,""impulse_bars"":1,""intensity_min"":0.3,""move_atr_min"":0.4,""reversal_location_min"":0.4,""session"":""LATE"",""spread_ratio_min"":1.05,""variance_ratio_min"":1.6}"
32982,614689cc9987d092,31982,CHOP,CHOP_LIQUIDITY_SHOCK_REVERSION_REVERSE,919,108,"{""chop_age_max"":2000,""chop_age_min"":12,""impulse_bars"":1,""intensity_min"":0.3,""move_atr_min"":0.25,""reversal_location_min"":0.25,""session"":""ALL"",""spread_ratio_min"":1.3,""variance_ratio_min"":0.9}"
32983,4731f663dc7301e0,31983,CHOP,CHOP_LIQUIDITY_SHOCK_REVERSION_REVERSE,175,30,"{""chop_age_max"":144,""chop_age_min"":1,""impulse_bars"":3,""intensity_min"":0.5,""move_atr_min"":0.9,""reversal_location_min"":0.4,""session"":""LATE"",""spread_ratio_min"":1.15,""variance_ratio_min"":1.6}"
32984,6fe5d7413b297a5b,31984,CHOP,CHOP_LIQUIDITY_SHOCK_REVERSION_REVERSE,3245,706,"{""chop_age_max"":2000,""chop_age_min"":48,""impulse_bars"":1,""intensity_min"":0.8,""move_atr_min"":0.25,""reversal_location_min"":0.25,""session"":""NY"",""spread_ratio_min"":1.0,""variance_ratio_min"":1.2}"
32985,a8b0a15b8887a09e,31985,CHOP,CHOP_LIQUIDITY_SHOCK_REVERSION_REVERSE,475,32,"{""chop_age_max"":144,""chop_age_min"":1,""impulse_bars"":3,""intensity_min"":1.1,""move_atr_min"":0.4,""reversal_location_min"":0.25,""session"":""NY"",""spread_ratio_min"":1.15,""variance_ratio_min"":0.6}"
32986,e2126ee4b7fb51ed,31986,CHOP,CHOP_LIQUIDITY_SHOCK_REVERSION_REVERSE,6205,1380,"{""chop_age_max"":2000,""chop_age_min"":12,""impulse_bars"":1,""intensity_min"":1.1,""move_atr_min"":0.4,""reversal_location_min"":0.25,""session"":""ALL"",""spread_ratio_min"":1.0,""variance_ratio_min"":0.9}"
32987,2119763d7e13f2b5,31987,CHOP,CHOP_LIQUIDITY_SHOCK_REVERSION_REVERSE,1154,239,"{""chop_age_max"":144,""chop_age_min"":48,""impulse_bars"":3,""intensity_min"":1.1,""move_atr_min"":0.9,""reversal_location_min"":0.4,""session"":""ALL"",""spread_ratio_min"":1.0,""variance_ratio_min"":1.2}"
32988,f5eb54ee15d236de,31988,CHOP,CHOP_LIQUIDITY_SHOCK_REVERSION_REVERSE,415,71,"{""chop_age_max"":144,""chop_age_min"":48,""impulse_bars"":3,""intensity_min"":0.5,""move_atr_min"":0.25,""reversal_location_min"":0.4,""session"":""LONDON"",""spread_ratio_min"":1.0,""variance_ratio_min"":1.2}"
32989,30fc9ddeb6dd64b8,31989,CHOP,CHOP_LIQUIDITY_SHOCK_REVERSION_REVERSE,313,50,"{""chop_age_max"":432,""chop_age_min"":48,""impulse_bars"":1,""intensity_min"":0.5,""move_atr_min"":0.6,""reversal_location_min"":0.25,""session"":""LATE"",""spread_ratio_min"":1.05,""variance_ratio_min"":0.9}"
32990,9cc2ad1bcf14b817,31990,CHOP,CHOP_LIQUIDITY_SHOCK_REVERSION_REVERSE,382,23,"{""chop_age_max"":2000,""chop_age_min"":1,""impulse_bars"":3,""intensity_min"":0.3,""move_atr_min"":0.6,""reversal_location_min"":0.25,""session"":""LONDON"",""spread_ratio_min"":1.15,""variance_ratio_min"":1.2}"
32991,dc0c26b222c08f2d,31991,CHOP,CHOP_LIQUIDITY_SHOCK_REVERSION_REVERSE,608,103,"{""chop_age_max"":2000,""chop_age_min"":48,""impulse_bars"":3,""intensity_min"":0.3,""move_atr_min"":0.6,""reversal_location_min"":0.4,""session"":""LONDON"",""spread_ratio_min"":1.05,""variance_ratio_min"":1.6}"
32992,ea0c9799437e3a7a,31992,CHOP,CHOP_LIQUIDITY_SHOCK_REVERSION_REVERSE,201,20,"{""chop_age_max"":48,""chop_age_min"":1,""impulse_bars"":3,""intensity_min"":1.1,""move_atr_min"":0.25,""reversal_location_min"":0.25,""session"":""LONDON"",""spread_ratio_min"":1.05,""variance_ratio_min"":1.6}"
32993,e9131ed5dda7f3f5,31993,CHOP,CHOP_LIQUIDITY_SHOCK_REVERSION_REVERSE,703,56,"{""chop_age_max"":432,""chop_age_min"":48,""impulse_bars"":3,""intensity_min"":0.5,""move_atr_min"":0.6,""reversal_location_min"":0.25,""session"":""ASIA"",""spread_ratio_min"":1.15,""variance_ratio_min"":0.9}"
32994,28c5013f54654830,31994,CHOP,CHOP_LIQUIDITY_SHOCK_REVERSION_REVERSE,1216,217,"{""chop_age_max"":432,""chop_age_min"":1,""impulse_bars"":1,""intensity_min"":1.1,""move_atr_min"":0.4,""reversal_location_min"":0.25,""session"":""NY"",""spread_ratio_min"":1.05,""variance_ratio_min"":0.9}"
32995,04bb9fe6920c3391,31995,CHOP,CHOP_LIQUIDITY_SHOCK_REVERSION_REVERSE,1125,255,"{""chop_age_max"":48,""chop_age_min"":12,""impulse_bars"":3,""intensity_min"":0.3,""move_atr_min"":0.9,""reversal_location_min"":0.4,""session"":""ALL"",""spread_ratio_min"":1.0,""variance_ratio_min"":0.9}"
32996,df82bc8b3b64224b,31996,CHOP,CHOP_LIQUIDITY_SHOCK_REVERSION_REVERSE,199,33,"{""chop_age_max"":2000,""chop_age_min"":1,""impulse_bars"":1,""intensity_min"":0.5,""move_atr_min"":0.6,""reversal_location_min"":0.55,""session"":""ALL"",""spread_ratio_min"":1.05,""variance_ratio_min"":1.2}"
32997,e362621ba2cb55eb,31997,CHOP,CHOP_LIQUIDITY_SHOCK_REVERSION_REVERSE,493,114,"{""chop_age_max"":432,""chop_age_min"":48,""impulse_bars"":3,""intensity_min"":0.5,""move_atr_min"":0.9,""reversal_location_min"":0.55,""session"":""NY"",""spread_ratio_min"":1.05,""variance_ratio_min"":1.2}"
32998,5d8f6af996b22c89,31998,CHOP,CHOP_LIQUIDITY_SHOCK_REVERSION_REVERSE,231,38,"{""chop_age_max"":144,""chop_age_min"":1,""impulse_bars"":3,""intensity_min"":0.5,""move_atr_min"":0.9,""reversal_location_min"":0.4,""session"":""LONDON"",""spread_ratio_min"":1.05,""variance_ratio_min"":1.2}"
32999,12a0756c228112e8,31999,CHOP,CHOP_LIQUIDITY_SHOCK_REVERSION_REVERSE,169,21,"{""chop_age_max"":144,""chop_age_min"":48,""impulse_bars"":3,""intensity_min"":0.3,""move_atr_min"":0.6,""reversal_location_min"":0.55,""session"":""ALL"",""spread_ratio_min"":1.3,""variance_ratio_min"":0.6}"
33000,77cf157aa0e5bc12,32000,CHOP,CHOP_LIQUIDITY_SHOCK_REVERSION_REVERSE,136,29,"{""chop_age_max"":48,""chop_age_min"":1,""impulse_bars"":1,""intensity_min"":0.3,""move_atr_min"":0.6,""reversal_location_min"":0.25,""session"":""LATE"",""spread_ratio_min"":1.05,""variance_ratio_min"":0.9}"
33001,c5ea3796b1161773,32001,CHOP,CHOP_LIQUIDITY_SHOCK_REVERSION_REVERSE,1126,140,"{""chop_age_max"":432,""chop_age_min"":1,""impulse_bars"":3,""intensity_min"":0.8,""move_atr_min"":0.9,""reversal_location_min"":0.4,""session"":""ALL"",""spread_ratio_min"":1.15,""variance_ratio_min"":0.6}"
33002,3929e4d59cdd1fd8,32002,CHOP,CHOP_LIQUIDITY_SHOCK_REVERSION_REVERSE,234,34,"{""chop_age_max"":2000,""chop_age_min"":1,""impulse_bars"":1,""intensity_min"":0.8,""move_atr_min"":0.6,""reversal_location_min"":0.4,""session"":""LONDON"",""spread_ratio_min"":1.05,""variance_ratio_min"":0.6}"
33003,81dbdc2836235f2f,32003,CHOP,CHOP_LIQUIDITY_SHOCK_REVERSION_REVERSE,1041,214,"{""chop_age_max"":432,""chop_age_min"":12,""impulse_bars"":3,""intensity_min"":0.5,""move_atr_min"":0.9,""reversal_location_min"":0.4,""session"":""NY"",""spread_ratio_min"":1.05,""variance_ratio_min"":0.9}"
33004,2002ec0c04815758,32004,CHOP,CHOP_LIQUIDITY_SHOCK_REVERSION_REVERSE,199,48,"{""chop_age_max"":144,""chop_age_min"":1,""impulse_bars"":1,""intensity_min"":1.1,""move_atr_min"":0.9,""reversal_location_min"":0.25,""session"":""NY"",""spread_ratio_min"":1.0,""variance_ratio_min"":1.6}"
33005,5a129fb4a753aab8,32005,CHOP,CHOP_LIQUIDITY_SHOCK_REVERSION_REVERSE,536,88,"{""chop_age_max"":432,""chop_age_min"":12,""impulse_bars"":3,""intensity_min"":0.5,""move_atr_min"":0.4,""reversal_location_min"":0.55,""session"":""ASIA"",""spread_ratio_min"":1.05,""variance_ratio_min"":1.6}"
33006,6ece380bbaba9205,32006,CHOP,CHOP_LIQUIDITY_SHOCK_REVERSION_REVERSE,232,50,"{""chop_age_max"":144,""chop_age_min"":1,""impulse_bars"":1,""intensity_min"":0.8,""move_atr_min"":0.4,""reversal_location_min"":0.55,""session"":""ALL"",""spread_ratio_min"":1.0,""variance_ratio_min"":1.6}"
33007,3976757d787168a1,32007,CHOP,CHOP_LIQUIDITY_SHOCK_REVERSION_REVERSE,3503,794,"{""chop_age_max"":2000,""chop_age_min"":12,""impulse_bars"":3,""intensity_min"":0.3,""move_atr_min"":0.6,""reversal_location_min"":0.4,""session"":""NY"",""spread_ratio_min"":1.0,""variance_ratio_min"":1.2}"
33008,c425670d59addcc8,32008,CHOP,CHOP_LIQUIDITY_SHOCK_REVERSION_REVERSE,310,59,"{""chop_age_max"":432,""chop_age_min"":1,""impulse_bars"":1,""intensity_min"":0.5,""move_atr_min"":0.6,""reversal_location_min"":0.25,""session"":""LATE"",""spread_ratio_min"":1.05,""variance_ratio_min"":1.6}"
33009,39f966a7d34725bf,32009,CHOP,CHOP_LIQUIDITY_SHOCK_REVERSION_REVERSE,136,23,"{""chop_age_max"":432,""chop_age_min"":48,""impulse_bars"":1,""intensity_min"":0.8,""move_atr_min"":0.6,""reversal_location_min"":0.4,""session"":""NY"",""spread_ratio_min"":1.05,""variance_ratio_min"":0.9}"
33010,9d66160860e49156,32010,CHOP,CHOP_LIQUIDITY_SHOCK_REVERSION_REVERSE,325,60,"{""chop_age_max"":144,""chop_age_min"":1,""impulse_bars"":3,""intensity_min"":0.3,""move_atr_min"":0.25,""reversal_location_min"":0.4,""session"":""LATE"",""spread_ratio_min"":1.15,""variance_ratio_min"":1.6}"
33011,4ec3da886efbcc7f,32011,CHOP,CHOP_LIQUIDITY_SHOCK_REVERSION_REVERSE,212,42,"{""chop_age_max"":432,""chop_age_min"":48,""impulse_bars"":1,""intensity_min"":0.3,""move_atr_min"":0.6,""reversal_location_min"":0.4,""session"":""NY"",""spread_ratio_min"":1.0,""variance_ratio_min"":1.6}"
33012,7e1ec7c3e30751eb,32012,CHOP,CHOP_LIQUIDITY_SHOCK_REVERSION_REVERSE,1219,193,"{""chop_age_max"":2000,""chop_age_min"":12,""impulse_bars"":3,""intensity_min"":0.8,""move_atr_min"":0.6,""reversal_location_min"":0.4,""session"":""ASIA"",""spread_ratio_min"":1.05,""variance_ratio_min"":1.2}"
33013,5c756bfc09441359,32013,CHOP,CHOP_LIQUIDITY_SHOCK_REVERSION_REVERSE,2148,513,"{""chop_age_max"":432,""chop_age_min"":48,""impulse_bars"":3,""intensity_min"":0.3,""move_atr_min"":0.6,""reversal_location_min"":0.4,""session"":""NY"",""spread_ratio_min"":1.0,""variance_ratio_min"":1.2}"
33014,5d0ad15990122cdc,32014,CHOP,CHOP_LIQUIDITY_SHOCK_REVERSION_REVERSE,193,32,"{""chop_age_max"":144,""chop_age_min"":48,""impulse_bars"":3,""intensity_min"":1.1,""move_atr_min"":0.4,""reversal_location_min"":0.55,""session"":""ASIA"",""spread_ratio_min"":1.05,""variance_ratio_min"":1.6}"
33015,7b4a0355ab8cf534,32015,CHOP,CHOP_LIQUIDITY_SHOCK_REVERSION_REVERSE,145,28,"{""chop_age_max"":144,""chop_age_min"":12,""impulse_bars"":1,""intensity_min"":0.3,""move_atr_min"":0.9,""reversal_location_min"":0.25,""session"":""ASIA"",""spread_ratio_min"":1.0,""variance_ratio_min"":1.6}"
33016,4d1948fd7934a8a2,32016,CHOP,CHOP_LIQUIDITY_SHOCK_REVERSION_REVERSE,235,28,"{""chop_age_max"":2000,""chop_age_min"":1,""impulse_bars"":3,""intensity_min"":0.8,""move_atr_min"":0.4,""reversal_location_min"":0.25,""session"":""LATE"",""spread_ratio_min"":1.3,""variance_ratio_min"":0.9}"
33017,56ee796a5ac27b11,32017,CHOP,CHOP_LIQUIDITY_SHOCK_REVERSION_REVERSE,335,46,"{""chop_age_max"":432,""chop_age_min"":48,""impulse_bars"":3,""intensity_min"":0.5,""move_atr_min"":0.9,""reversal_location_min"":0.4,""session"":""ALL"",""spread_ratio_min"":1.3,""variance_ratio_min"":0.6}"
33018,ea65f9a76eff4605,32018,CHOP,CHOP_LIQUIDITY_SHOCK_REVERSION_REVERSE,892,166,"{""chop_age_max"":2000,""chop_age_min"":12,""impulse_bars"":3,""intensity_min"":0.3,""move_atr_min"":0.25,""reversal_location_min"":0.55,""session"":""LATE"",""spread_ratio_min"":1.05,""variance_ratio_min"":1.2}"
33019,b6859173dc420618,32019,CHOP,CHOP_LIQUIDITY_SHOCK_REVERSION_REVERSE,339,28,"{""chop_age_max"":144,""chop_age_min"":12,""impulse_bars"":3,""intensity_min"":0.5,""move_atr_min"":0.25,""reversal_location_min"":0.4,""session"":""NY"",""spread_ratio_min"":1.15,""variance_ratio_min"":0.6}"
33020,020c7af7bfebf5ad,32020,CHOP,CHOP_LIQUIDITY_SHOCK_REVERSION_REVERSE,135,26,"{""chop_age_max"":432,""chop_age_min"":12,""impulse_bars"":1,""intensity_min"":0.8,""move_atr_min"":0.6,""reversal_location_min"":0.55,""session"":""ALL"",""spread_ratio_min"":1.05,""variance_ratio_min"":0.9}"
33021,b6d05011fa4dedd9,32021,CHOP,CHOP_LIQUIDITY_SHOCK_REVERSION_REVERSE,1925,411,"{""chop_age_max"":2000,""chop_age_min"":12,""impulse_bars"":3,""intensity_min"":0.8,""move_atr_min"":0.6,""reversal_location_min"":0.55,""session"":""ASIA"",""spread_ratio_min"":1.0,""variance_ratio_min"":0.6}"
33022,6ad2501b9816ef8b,32022,CHOP,CHOP_LIQUIDITY_SHOCK_REVERSION_REVERSE,652,122,"{""chop_age_max"":144,""chop_age_min"":1,""impulse_bars"":3,""intensity_min"":1.1,""move_atr_min"":0.4,""reversal_location_min"":0.25,""session"":""LONDON"",""spread_ratio_min"":1.0,""variance_ratio_min"":1.6}"
33023,d35432a72d70336a,32023,CHOP,CHOP_LIQUIDITY_SHOCK_REVERSION_REVERSE,110,17,"{""chop_age_max"":48,""chop_age_min"":12,""impulse_bars"":3,""intensity_min"":0.8,""move_atr_min"":0.9,""reversal_location_min"":0.4,""session"":""ASIA"",""spread_ratio_min"":1.05,""variance_ratio_min"":0.6}"
33024,bbdf69eb1969cea7,32024,CHOP,CHOP_LIQUIDITY_SHOCK_REVERSION_REVERSE,1504,313,"{""chop_age_max"":432,""chop_age_min"":1,""impulse_bars"":3,""intensity_min"":0.8,""move_atr_min"":0.4,""reversal_location_min"":0.55,""session"":""NY"",""spread_ratio_min"":1.05,""variance_ratio_min"":0.9}"
33025,8054d822864b2500,32025,CHOP,CHOP_LIQUIDITY_SHOCK_REVERSION_REVERSE,3801,562,"{""chop_age_max"":2000,""chop_age_min"":1,""impulse_bars"":3,""intensity_min"":0.8,""move_atr_min"":0.25,""reversal_location_min"":0.25,""session"":""LONDON"",""spread_ratio_min"":1.05,""variance_ratio_min"":0.6}"
33026,10057df98c200f5b,32026,CHOP,CHOP_LIQUIDITY_SHOCK_REVERSION_REVERSE,12528,2334,"{""chop_age_max"":2000,""chop_age_min"":1,""impulse_bars"":3,""intensity_min"":0.5,""move_atr_min"":0.25,""reversal_location_min"":0.4,""session"":""ALL"",""spread_ratio_min"":1.05,""variance_ratio_min"":0.6}"
33027,3ce5d64c761d2830,32027,CHOP,CHOP_LIQUIDITY_SHOCK_REVERSION_REVERSE,1189,227,"{""chop_age_max"":2000,""chop_age_min"":12,""impulse_bars"":3,""intensity_min"":0.3,""move_atr_min"":0.6,""reversal_location_min"":0.4,""session"":""LATE"",""spread_ratio_min"":1.05,""variance_ratio_min"":0.9}"
33028,ede37cb9c6137de6,32028,CHOP,CHOP_LIQUIDITY_SHOCK_REVERSION_REVERSE,485,81,"{""chop_age_max"":432,""chop_age_min"":12,""impulse_bars"":3,""intensity_min"":0.5,""move_atr_min"":0.9,""reversal_location_min"":0.55,""session"":""LONDON"",""spread_ratio_min"":1.05,""variance_ratio_min"":0.9}"
33029,afc8ce4aca039ae7,32029,CHOP,CHOP_LIQUIDITY_SHOCK_REVERSION_REVERSE,1207,235,"{""chop_age_max"":48,""chop_age_min"":1,""impulse_bars"":3,""intensity_min"":0.8,""move_atr_min"":0.25,""reversal_location_min"":0.55,""session"":""ALL"",""spread_ratio_min"":1.05,""variance_ratio_min"":0.6}"
33030,6ffdcbebc7663a2d,32030,CHOP,CHOP_LIQUIDITY_SHOCK_REVERSION_REVERSE,572,44,"{""chop_age_max"":2000,""chop_age_min"":48,""impulse_bars"":3,""intensity_min"":0.5,""move_atr_min"":0.6,""reversal_location_min"":0.4,""session"":""ASIA"",""spread_ratio_min"":1.15,""variance_ratio_min"":0.9}"
33031,970042cac2473414,32031,CHOP,CHOP_LIQUIDITY_SHOCK_REVERSION_REVERSE,3085,571,"{""chop_age_max"":2000,""chop_age_min"":1,""impulse_bars"":3,""intensity_min"":1.1,""move_atr_min"":0.6,""reversal_location_min"":0.55,""session"":""ALL"",""spread_ratio_min"":1.05,""variance_ratio_min"":0.9}"
33032,aace24b88171f747,32032,CHOP,CHOP_LIQUIDITY_SHOCK_REVERSION_REVERSE,128,26,"{""chop_age_max"":144,""chop_age_min"":12,""impulse_bars"":1,""intensity_min"":1.1,""move_atr_min"":0.6,""reversal_location_min"":0.4,""session"":""NY"",""spread_ratio_min"":1.0,""variance_ratio_min"":0.6}"
33033,9d530a99e1d7db1b,32033,CHOP,CHOP_LIQUIDITY_SHOCK_REVERSION_REVERSE,2692,570,"{""chop_age_max"":432,""chop_age_min"":1,""impulse_bars"":3,""intensity_min"":0.8,""move_atr_min"":0.4,""reversal_location_min"":0.25,""session"":""LONDON"",""spread_ratio_min"":1.0,""variance_ratio_min"":1.2}"
33034,e66e4cc09677d5a3,32034,CHOP,CHOP_LIQUIDITY_SHOCK_REVERSION_REVERSE,2392,477,"{""chop_age_max"":2000,""chop_age_min"":12,""impulse_bars"":3,""intensity_min"":0.5,""move_atr_min"":0.4,""reversal_location_min"":0.25,""session"":""LATE"",""spread_ratio_min"":1.05,""variance_ratio_min"":0.6}"
33035,10851a0be6346969,32035,CHOP,CHOP_LIQUIDITY_SHOCK_REVERSION_REVERSE,2747,543,"{""chop_age_max"":432,""chop_age_min"":12,""impulse_bars"":1,""intensity_min"":0.8,""move_atr_min"":0.25,""reversal_location_min"":0.25,""session"":""ASIA"",""spread_ratio_min"":1.0,""variance_ratio_min"":0.6}"
33036,c6916758c65d13f8,32036,CHOP,CHOP_LIQUIDITY_SHOCK_REVERSION_REVERSE,1750,373,"{""chop_age_max"":432,""chop_age_min"":48,""impulse_bars"":3,""intensity_min"":0.3,""move_atr_min"":0.25,""reversal_location_min"":0.55,""session"":""LONDON"",""spread_ratio_min"":1.0,""variance_ratio_min"":0.9}"
33037,98ea99718b3873b3,32037,CHOP,CHOP_LIQUIDITY_SHOCK_REVERSION_REVERSE,2451,592,"{""chop_age_max"":432,""chop_age_min"":48,""impulse_bars"":3,""intensity_min"":0.8,""move_atr_min"":0.6,""reversal_location_min"":0.4,""session"":""NY"",""spread_ratio_min"":1.0,""variance_ratio_min"":0.6}"
33038,350dc50854cddc3a,32038,CHOP,CHOP_LIQUIDITY_SHOCK_REVERSION_REVERSE,1747,362,"{""chop_age_max"":48,""chop_age_min"":1,""impulse_bars"":3,""intensity_min"":1.1,""move_atr_min"":0.4,""reversal_location_min"":0.4,""session"":""ALL"",""spread_ratio_min"":1.0,""variance_ratio_min"":1.2}"
33039,003e681c4652fd79,32039,CHOP,CHOP_POST_SHOCK_NORMALIZATION_REVERSE,208,36,"{""book_min"":0.03,""chop_age_max"":144,""chop_age_min"":48,""current_spread_ratio_max"":1.5,""imbalance_min"":0.03,""intensity_min"":0.8,""prior_spread_ratio_min"":1.08,""require_body_alignment"":true,""session"":""ASIA""}"
33040,16b237e4b347fe55,32040,CHOP,CHOP_POST_SHOCK_NORMALIZATION_REVERSE,248,41,"{""book_min"":0.03,""chop_age_max"":432,""chop_age_min"":12,""current_spread_ratio_max"":1.1,""imbalance_min"":0.015,""intensity_min"":0.5,""prior_spread_ratio_min"":1.15,""require_body_alignment"":false,""session"":""NY""}"
33041,23eaf6e3ae7e8a0d,32041,CHOP,CHOP_POST_SHOCK_NORMALIZATION_REVERSE,200,29,"{""book_min"":0.0,""chop_age_max"":2000,""chop_age_min"":48,""current_spread_ratio_max"":1.1,""imbalance_min"":0.05,""intensity_min"":0.8,""prior_spread_ratio_min"":1.08,""require_body_alignment"":true,""session"":""ASIA""}"
33042,1430b6a54cd76cce,32042,CHOP,CHOP_POST_SHOCK_NORMALIZATION_REVERSE,195,23,"{""book_min"":0.06,""chop_age_max"":2000,""chop_age_min"":12,""current_spread_ratio_max"":1.5,""imbalance_min"":0.015,""intensity_min"":0.3,""prior_spread_ratio_min"":1.3,""require_body_alignment"":true,""session"":""LATE""}"
33043,d8dac149d4371fe4,32043,CHOP,CHOP_POST_SHOCK_NORMALIZATION_REVERSE,267,50,"{""book_min"":0.06,""chop_age_max"":144,""chop_age_min"":48,""current_spread_ratio_max"":1.25,""imbalance_min"":0.015,""intensity_min"":0.8,""prior_spread_ratio_min"":1.08,""require_body_alignment"":true,""session"":""ASIA""}"
33044,e595ab4011e9368a,32044,CHOP,CHOP_POST_SHOCK_NORMALIZATION_REVERSE,255,43,"{""book_min"":0.06,""chop_age_max"":2000,""chop_age_min"":12,""current_spread_ratio_max"":1.1,""imbalance_min"":0.03,""intensity_min"":0.5,""prior_spread_ratio_min"":1.08,""require_body_alignment"":true,""session"":""LATE""}"
33045,38ac6701016ac0ff,32045,CHOP,CHOP_POST_SHOCK_NORMALIZATION_REVERSE,864,148,"{""book_min"":0.0,""chop_age_max"":48,""chop_age_min"":1,""current_spread_ratio_max"":1.25,""imbalance_min"":0.03,""intensity_min"":0.5,""prior_spread_ratio_min"":1.08,""require_body_alignment"":false,""session"":""ALL""}"
33046,d79b31ab6b94d7f7,32046,CHOP,CHOP_POST_SHOCK_NORMALIZATION_REVERSE,3085,526,"{""book_min"":0.0,""chop_age_max"":144,""chop_age_min"":12,""current_spread_ratio_max"":1.25,""imbalance_min"":0.005,""intensity_min"":0.5,""prior_spread_ratio_min"":1.02,""require_body_alignment"":false,""session"":""ASIA""}"
33047,ff1f840a7a9746c3,32047,CHOP,CHOP_POST_SHOCK_NORMALIZATION_REVERSE,285,56,"{""book_min"":0.0,""chop_age_max"":48,""chop_age_min"":1,""current_spread_ratio_max"":1.1,""imbalance_min"":0.005,""intensity_min"":0.5,""prior_spread_ratio_min"":1.08,""require_body_alignment"":true,""session"":""NY""}"
33048,a24b6147ace8636f,32048,CHOP,CHOP_POST_SHOCK_NORMALIZATION_REVERSE,528,90,"{""book_min"":0.03,""chop_age_max"":2000,""chop_age_min"":48,""current_spread_ratio_max"":1.25,""imbalance_min"":0.005,""intensity_min"":0.3,""prior_spread_ratio_min"":1.15,""require_body_alignment"":true,""session"":""LATE""}"
33049,08a6cb355224b1a6,32049,CHOP,CHOP_POST_SHOCK_NORMALIZATION_REVERSE,1291,258,"{""book_min"":0.06,""chop_age_max"":144,""chop_age_min"":1,""current_spread_ratio_max"":1.5,""imbalance_min"":0.015,""intensity_min"":0.8,""prior_spread_ratio_min"":1.02,""require_body_alignment"":false,""session"":""NY""}"
33050,93e952f49d9160b9,32050,CHOP,CHOP_POST_SHOCK_NORMALIZATION_REVERSE,1714,357,"{""book_min"":0.0,""chop_age_max"":144,""chop_age_min"":12,""current_spread_ratio_max"":1.0,""imbalance_min"":0.005,""intensity_min"":0.3,""prior_spread_ratio_min"":1.08,""require_body_alignment"":false,""session"":""ALL""}"
33051,57647a179a51992a,32051,CHOP,CHOP_POST_SHOCK_NORMALIZATION_REVERSE,365,74,"{""book_min"":0.06,""chop_age_max"":432,""chop_age_min"":12,""current_spread_ratio_max"":1.0,""imbalance_min"":0.03,""intensity_min"":0.3,""prior_spread_ratio_min"":1.02,""require_body_alignment"":true,""session"":""NY""}"
33052,0fada8441584c881,32052,CHOP,CHOP_POST_SHOCK_NORMALIZATION_REVERSE,445,89,"{""book_min"":0.06,""chop_age_max"":144,""chop_age_min"":1,""current_spread_ratio_max"":1.25,""imbalance_min"":0.005,""intensity_min"":0.8,""prior_spread_ratio_min"":1.08,""require_body_alignment"":true,""session"":""NY""}"
33053,c7c726aa3bbeda8f,32053,CHOP,CHOP_POST_SHOCK_NORMALIZATION_REVERSE,214,42,"{""book_min"":0.03,""chop_age_max"":48,""chop_age_min"":1,""current_spread_ratio_max"":1.0,""imbalance_min"":0.005,""intensity_min"":0.3,""prior_spread_ratio_min"":1.08,""require_body_alignment"":false,""session"":""NY""}"
33054,bb08ae4dc94cb9be,32054,CHOP,CHOP_POST_SHOCK_NORMALIZATION_REVERSE,6044,1358,"{""book_min"":0.06,""chop_age_max"":144,""chop_age_min"":12,""current_spread_ratio_max"":1.5,""imbalance_min"":0.005,""intensity_min"":0.5,""prior_spread_ratio_min"":1.02,""require_body_alignment"":false,""session"":""ALL""}"
33055,b4e3700f912725c1,32055,CHOP,CHOP_POST_SHOCK_NORMALIZATION_REVERSE,205,23,"{""book_min"":0.03,""chop_age_max"":144,""chop_age_min"":12,""current_spread_ratio_max"":1.5,""imbalance_min"":0.015,""intensity_min"":0.5,""prior_spread_ratio_min"":1.15,""require_body_alignment"":false,""session"":""NY""}"
33056,933c316909d4b600,32056,CHOP,CHOP_POST_SHOCK_NORMALIZATION_REVERSE,588,88,"{""book_min"":0.06,""chop_age_max"":2000,""chop_age_min"":48,""current_spread_ratio_max"":1.1,""imbalance_min"":0.015,""intensity_min"":0.5,""prior_spread_ratio_min"":1.15,""require_body_alignment"":true,""session"":""ALL""}"
33057,4e5cccf7d4cff909,32057,CHOP,CHOP_POST_SHOCK_NORMALIZATION_REVERSE,2895,532,"{""book_min"":0.03,""chop_age_max"":144,""chop_age_min"":48,""current_spread_ratio_max"":1.5,""imbalance_min"":0.015,""intensity_min"":0.3,""prior_spread_ratio_min"":1.02,""require_body_alignment"":true,""session"":""ALL""}"
33058,9c6d304a42e5b5b9,32058,CHOP,CHOP_POST_SHOCK_NORMALIZATION_REVERSE,1861,338,"{""book_min"":0.03,""chop_age_max"":144,""chop_age_min"":12,""current_spread_ratio_max"":1.5,""imbalance_min"":0.015,""intensity_min"":0.3,""prior_spread_ratio_min"":1.02,""require_body_alignment"":false,""session"":""LATE""}"
33059,63434a24a671b8a8,32059,CHOP,CHOP_POST_SHOCK_NORMALIZATION_REVERSE,1632,227,"{""book_min"":0.0,""chop_age_max"":2000,""chop_age_min"":1,""current_spread_ratio_max"":1.25,""imbalance_min"":0.03,""intensity_min"":0.3,""prior_spread_ratio_min"":1.15,""require_body_alignment"":true,""session"":""ALL""}"
33060,902432ccb934bbae,32060,CHOP,CHOP_POST_SHOCK_NORMALIZATION_REVERSE,284,32,"{""book_min"":0.06,""chop_age_max"":2000,""chop_age_min"":12,""current_spread_ratio_max"":1.25,""imbalance_min"":0.005,""intensity_min"":0.3,""prior_spread_ratio_min"":1.3,""require_body_alignment"":true,""session"":""ALL""}"
33061,61f21629ab342dfc,32061,CHOP,CHOP_POST_SHOCK_NORMALIZATION_REVERSE,247,32,"{""book_min"":0.03,""chop_age_max"":2000,""chop_age_min"":12,""current_spread_ratio_max"":1.0,""imbalance_min"":0.005,""intensity_min"":0.3,""prior_spread_ratio_min"":1.15,""require_body_alignment"":true,""session"":""ASIA""}"
33062,5765fb03614341d0,32062,CHOP,CHOP_POST_SHOCK_NORMALIZATION_REVERSE,2147,486,"{""book_min"":0.0,""chop_age_max"":432,""chop_age_min"":12,""current_spread_ratio_max"":1.25,""imbalance_min"":0.005,""intensity_min"":0.8,""prior_spread_ratio_min"":1.02,""require_body_alignment"":true,""session"":""ASIA""}"
33063,83ad23e9d640371b,32063,CHOP,CHOP_POST_SHOCK_NORMALIZATION_REVERSE,231,39,"{""book_min"":0.06,""chop_age_max"":144,""chop_age_min"":1,""current_spread_ratio_max"":1.0,""imbalance_min"":0.005,""intensity_min"":0.8,""prior_spread_ratio_min"":1.02,""require_body_alignment"":true,""session"":""ASIA""}"
33064,49c64f67027762cf,32064,CHOP,CHOP_POST_SHOCK_NORMALIZATION_REVERSE,1860,341,"{""book_min"":0.0,""chop_age_max"":432,""chop_age_min"":1,""current_spread_ratio_max"":1.5,""imbalance_min"":0.005,""intensity_min"":0.3,""prior_spread_ratio_min"":1.08,""require_body_alignment"":true,""session"":""LATE""}"
33065,fd59e7641dcff470,32065,CHOP,CHOP_POST_SHOCK_NORMALIZATION_REVERSE,242,56,"{""book_min"":0.0,""chop_age_max"":144,""chop_age_min"":12,""current_spread_ratio_max"":1.0,""imbalance_min"":0.005,""intensity_min"":0.8,""prior_spread_ratio_min"":1.08,""require_body_alignment"":true,""session"":""NY""}"
33066,00cbde7c62bb6b34,32066,CHOP,CHOP_POST_SHOCK_NORMALIZATION_REVERSE,519,71,"{""book_min"":0.03,""chop_age_max"":144,""chop_age_min"":1,""current_spread_ratio_max"":1.25,""imbalance_min"":0.03,""intensity_min"":0.8,""prior_spread_ratio_min"":1.02,""require_body_alignment"":false,""session"":""LONDON""}"
33067,13744d22e09ef3c8,32067,CHOP,CHOP_POST_SHOCK_NORMALIZATION_REVERSE,1604,276,"{""book_min"":0.03,""chop_age_max"":2000,""chop_age_min"":1,""current_spread_ratio_max"":1.5,""imbalance_min"":0.015,""intensity_min"":0.5,""prior_spread_ratio_min"":1.08,""require_body_alignment"":false,""session"":""NY""}"
33068,635a979fb790db3f,32068,CHOP,CHOP_POST_SHOCK_NORMALIZATION_REVERSE,1438,181,"{""book_min"":0.06,""chop_age_max"":432,""chop_age_min"":48,""current_spread_ratio_max"":1.5,""imbalance_min"":0.015,""intensity_min"":0.5,""prior_spread_ratio_min"":1.15,""require_body_alignment"":false,""session"":""ALL""}"
33069,4f4e73f433345659,32069,CHOP,CHOP_POST_SHOCK_NORMALIZATION_REVERSE,359,55,"{""book_min"":0.06,""chop_age_max"":144,""chop_age_min"":1,""current_spread_ratio_max"":1.25,""imbalance_min"":0.03,""intensity_min"":0.5,""prior_spread_ratio_min"":1.02,""require_body_alignment"":true,""session"":""LONDON""}"
33070,1d3339a81f880a3b,32070,CHOP,CHOP_POST_SHOCK_NORMALIZATION_REVERSE,604,75,"{""book_min"":0.03,""chop_age_max"":432,""chop_age_min"":1,""current_spread_ratio_max"":1.25,""imbalance_min"":0.005,""intensity_min"":0.8,""prior_spread_ratio_min"":1.15,""require_body_alignment"":false,""session"":""ASIA""}"
33071,85c9a49174f02026,32071,CHOP,CHOP_POST_SHOCK_NORMALIZATION_REVERSE,155,22,"{""book_min"":0.03,""chop_age_max"":432,""chop_age_min"":1,""current_spread_ratio_max"":1.0,""imbalance_min"":0.015,""intensity_min"":0.3,""prior_spread_ratio_min"":1.15,""require_body_alignment"":false,""session"":""NY""}"
33072,d9f3a15ee74b7548,32072,CHOP,CHOP_POST_SHOCK_NORMALIZATION_REVERSE,365,71,"{""book_min"":0.06,""chop_age_max"":432,""chop_age_min"":12,""current_spread_ratio_max"":1.0,""imbalance_min"":0.03,""intensity_min"":0.8,""prior_spread_ratio_min"":1.02,""require_body_alignment"":false,""session"":""ASIA""}"
33073,14d1a3afe4083c83,32073,CHOP,CHOP_POST_SHOCK_NORMALIZATION_REVERSE,2365,424,"{""book_min"":0.0,""chop_age_max"":432,""chop_age_min"":12,""current_spread_ratio_max"":1.5,""imbalance_min"":0.015,""intensity_min"":0.3,""prior_spread_ratio_min"":1.02,""require_body_alignment"":true,""session"":""LATE""}"
33074,8927ff9d7d0b0600,32074,CHOP,CHOP_POST_SHOCK_NORMALIZATION_REVERSE,320,54,"{""book_min"":0.06,""chop_age_max"":432,""chop_age_min"":12,""current_spread_ratio_max"":1.25,""imbalance_min"":0.03,""intensity_min"":0.3,""prior_spread_ratio_min"":1.15,""require_body_alignment"":true,""session"":""LATE""}"
33075,2d23a890509cb88a,32075,CHOP,CHOP_POST_SHOCK_NORMALIZATION_REVERSE,406,27,"{""book_min"":0.0,""chop_age_max"":2000,""chop_age_min"":48,""current_spread_ratio_max"":1.25,""imbalance_min"":0.005,""intensity_min"":0.5,""prior_spread_ratio_min"":1.15,""require_body_alignment"":true,""session"":""LONDON""}"
33076,d49e844fe2b609d2,32076,CHOP,CHOP_POST_SHOCK_NORMALIZATION_REVERSE,376,73,"{""book_min"":0.06,""chop_age_max"":48,""chop_age_min"":12,""current_spread_ratio_max"":1.25,""imbalance_min"":0.005,""intensity_min"":0.3,""prior_spread_ratio_min"":1.02,""require_body_alignment"":true,""session"":""LONDON""}"
33077,57d68ac64532ce60,32077,CHOP,CHOP_POST_SHOCK_NORMALIZATION_REVERSE,287,48,"{""book_min"":0.03,""chop_age_max"":432,""chop_age_min"":48,""current_spread_ratio_max"":1.0,""imbalance_min"":0.03,""intensity_min"":0.3,""prior_spread_ratio_min"":1.02,""require_body_alignment"":true,""session"":""LATE""}"
33078,46f837ec438811f5,32078,CHOP,CHOP_POST_SHOCK_NORMALIZATION_REVERSE,1082,210,"{""book_min"":0.06,""chop_age_max"":2000,""chop_age_min"":12,""current_spread_ratio_max"":1.5,""imbalance_min"":0.015,""intensity_min"":0.3,""prior_spread_ratio_min"":1.15,""require_body_alignment"":false,""session"":""LATE""}"
33079,ff2a1b2d0bb042dc,32079,CHOP,CHOP_POST_SHOCK_NORMALIZATION_REVERSE,221,40,"{""book_min"":0.03,""chop_age_max"":432,""chop_age_min"":48,""current_spread_ratio_max"":1.1,""imbalance_min"":0.05,""intensity_min"":0.5,""prior_spread_ratio_min"":1.02,""require_body_alignment"":true,""session"":""LATE""}"
33080,32f75d95e3650b57,32080,CHOP,CHOP_POST_SHOCK_NORMALIZATION_REVERSE,527,96,"{""book_min"":0.0,""chop_age_max"":144,""chop_age_min"":48,""current_spread_ratio_max"":1.1,""imbalance_min"":0.03,""intensity_min"":0.3,""prior_spread_ratio_min"":1.02,""require_body_alignment"":false,""session"":""LATE""}"
33081,333ffba08ae2f021,32081,CHOP,CHOP_POST_SHOCK_NORMALIZATION_REVERSE,439,88,"{""book_min"":0.0,""chop_age_max"":432,""chop_age_min"":1,""current_spread_ratio_max"":1.25,""imbalance_min"":0.05,""intensity_min"":0.5,""prior_spread_ratio_min"":1.08,""require_body_alignment"":false,""session"":""LATE""}"
33082,7f4f167393f02a9f,32082,CHOP,CHOP_POST_SHOCK_NORMALIZATION_REVERSE,337,52,"{""book_min"":0.06,""chop_age_max"":144,""chop_age_min"":12,""current_spread_ratio_max"":1.5,""imbalance_min"":0.005,""intensity_min"":0.3,""prior_spread_ratio_min"":1.3,""require_body_alignment"":false,""session"":""ALL""}"
33083,1652f11e3ef0aafd,32083,CHOP,CHOP_POST_SHOCK_NORMALIZATION_REVERSE,617,101,"{""book_min"":0.03,""chop_age_max"":432,""chop_age_min"":12,""current_spread_ratio_max"":1.5,""imbalance_min"":0.015,""intensity_min"":0.8,""prior_spread_ratio_min"":1.08,""require_body_alignment"":true,""session"":""LONDON""}"
33084,2033db1c92be0d5a,32084,CHOP,CHOP_POST_SHOCK_NORMALIZATION_REVERSE,1866,397,"{""book_min"":0.06,""chop_age_max"":2000,""chop_age_min"":1,""current_spread_ratio_max"":1.5,""imbalance_min"":0.015,""intensity_min"":0.8,""prior_spread_ratio_min"":1.02,""require_body_alignment"":true,""session"":""NY""}"
33085,0417b0198c20f878,32085,CHOP,CHOP_POST_SHOCK_NORMALIZATION_REVERSE,113,15,"{""book_min"":0.0,""chop_age_max"":144,""chop_age_min"":48,""current_spread_ratio_max"":1.25,""imbalance_min"":0.015,""intensity_min"":0.5,""prior_spread_ratio_min"":1.15,""require_body_alignment"":false,""session"":""NY""}"
33086,152767075854d517,32086,CHOP,CHOP_POST_SHOCK_NORMALIZATION_REVERSE,632,128,"{""book_min"":0.0,""chop_age_max"":432,""chop_age_min"":48,""current_spread_ratio_max"":1.25,""imbalance_min"":0.03,""intensity_min"":0.5,""prior_spread_ratio_min"":1.02,""require_body_alignment"":true,""session"":""LATE""}"
33087,4ebc5d52fff9722e,32087,CHOP,CHOP_POST_SHOCK_NORMALIZATION_REVERSE,314,29,"{""book_min"":0.0,""chop_age_max"":2000,""chop_age_min"":1,""current_spread_ratio_max"":1.0,""imbalance_min"":0.05,""intensity_min"":0.5,""prior_spread_ratio_min"":1.15,""require_body_alignment"":false,""session"":""ALL""}"
33088,3d36e2a156fae4c7,32088,CHOP,CHOP_POST_SHOCK_NORMALIZATION_REVERSE,1020,203,"{""book_min"":0.06,""chop_age_max"":144,""chop_age_min"":1,""current_spread_ratio_max"":1.5,""imbalance_min"":0.015,""intensity_min"":0.5,""prior_spread_ratio_min"":1.02,""require_body_alignment"":false,""session"":""LATE""}"
33089,bf52fb01be7456b7,32089,CHOP,CHOP_POST_SHOCK_NORMALIZATION_REVERSE,2013,263,"{""book_min"":0.06,""chop_age_max"":2000,""chop_age_min"":1,""current_spread_ratio_max"":1.5,""imbalance_min"":0.03,""intensity_min"":0.3,""prior_spread_ratio_min"":1.15,""require_body_alignment"":false,""session"":""ALL""}"
33090,8eedf01837775826,32090,CHOP,CHOP_POST_SHOCK_NORMALIZATION_REVERSE,1876,392,"{""book_min"":0.03,""chop_age_max"":144,""chop_age_min"":48,""current_spread_ratio_max"":1.1,""imbalance_min"":0.005,""intensity_min"":0.3,""prior_spread_ratio_min"":1.08,""require_body_alignment"":false,""session"":""ALL""}"
33091,78244f69c42a052c,32091,CHOP,CHOP_POST_SHOCK_NORMALIZATION_REVERSE,925,130,"{""book_min"":0.06,""chop_age_max"":2000,""chop_age_min"":48,""current_spread_ratio_max"":1.5,""imbalance_min"":0.015,""intensity_min"":0.3,""prior_spread_ratio_min"":1.08,""require_body_alignment"":true,""session"":""LATE""}"
33092,eff2c95cd284c51d,32092,CHOP,CHOP_POST_SHOCK_NORMALIZATION_REVERSE,2105,216,"{""book_min"":0.0,""chop_age_max"":2000,""chop_age_min"":12,""current_spread_ratio_max"":1.25,""imbalance_min"":0.015,""intensity_min"":0.8,""prior_spread_ratio_min"":1.15,""require_body_alignment"":false,""session"":""ALL""}"
33093,7a884f8c00dab797,32093,CHOP,CHOP_POST_SHOCK_NORMALIZATION_REVERSE,410,71,"{""book_min"":0.03,""chop_age_max"":2000,""chop_age_min"":12,""current_spread_ratio_max"":1.5,""imbalance_min"":0.015,""intensity_min"":0.5,""prior_spread_ratio_min"":1.15,""require_body_alignment"":true,""session"":""LATE""}"
33094,60b62a8e2f4475c4,32094,CHOP,CHOP_POST_SHOCK_NORMALIZATION_REVERSE,1003,111,"{""book_min"":0.03,""chop_age_max"":2000,""chop_age_min"":12,""current_spread_ratio_max"":1.5,""imbalance_min"":0.05,""intensity_min"":0.3,""prior_spread_ratio_min"":1.08,""require_body_alignment"":false,""session"":""ASIA""}"
33095,56c001409cdf3a53,32095,CHOP,CHOP_POST_SHOCK_NORMALIZATION_REVERSE,397,49,"{""book_min"":0.0,""chop_age_max"":144,""chop_age_min"":12,""current_spread_ratio_max"":1.5,""imbalance_min"":0.015,""intensity_min"":0.8,""prior_spread_ratio_min"":1.15,""require_body_alignment"":false,""session"":""ASIA""}"
33096,cef80af226a108e0,32096,CHOP,CHOP_POST_SHOCK_NORMALIZATION_REVERSE,797,65,"{""book_min"":0.06,""chop_age_max"":2000,""chop_age_min"":1,""current_spread_ratio_max"":1.5,""imbalance_min"":0.03,""intensity_min"":0.3,""prior_spread_ratio_min"":1.08,""require_body_alignment"":false,""session"":""LONDON""}"
33097,0e2b43cf0ec9d5af,32097,CHOP,CHOP_POST_SHOCK_NORMALIZATION_REVERSE,390,78,"{""book_min"":0.06,""chop_age_max"":144,""chop_age_min"":48,""current_spread_ratio_max"":1.1,""imbalance_min"":0.03,""intensity_min"":0.5,""prior_spread_ratio_min"":1.08,""require_body_alignment"":true,""session"":""ALL""}"
33098,78519ffa328c0f08,32098,CHOP,CHOP_POST_SHOCK_NORMALIZATION_REVERSE,4717,788,"{""book_min"":0.03,""chop_age_max"":2000,""chop_age_min"":48,""current_spread_ratio_max"":1.0,""imbalance_min"":0.005,""intensity_min"":0.3,""prior_spread_ratio_min"":1.02,""require_body_alignment"":true,""session"":""ALL""}"
33099,ecbdb7cde8596815,32099,CHOP,CHOP_POST_SHOCK_NORMALIZATION_REVERSE,762,69,"{""book_min"":0.0,""chop_age_max"":432,""chop_age_min"":1,""current_spread_ratio_max"":1.25,""imbalance_min"":0.05,""intensity_min"":0.5,""prior_spread_ratio_min"":1.15,""require_body_alignment"":false,""session"":""ALL""}"
33100,019258727cb00daa,32100,CHOP,CHOP_POST_SHOCK_NORMALIZATION_REVERSE,208,45,"{""book_min"":0.06,""chop_age_max"":48,""chop_age_min"":1,""current_spread_ratio_max"":1.25,""imbalance_min"":0.015,""intensity_min"":0.5,""prior_spread_ratio_min"":1.15,""require_body_alignment"":true,""session"":""ALL""}"
33101,a77ac9f9708e2cea,32101,CHOP,CHOP_POST_SHOCK_NORMALIZATION_REVERSE,506,116,"{""book_min"":0.06,""chop_age_max"":432,""chop_age_min"":12,""current_spread_ratio_max"":1.0,""imbalance_min"":0.005,""intensity_min"":0.8,""prior_spread_ratio_min"":1.08,""require_body_alignment"":false,""session"":""NY""}"
33102,9575a93490f8f51b,32102,CHOP,CHOP_POST_SHOCK_NORMALIZATION_REVERSE,172,31,"{""book_min"":0.03,""chop_age_max"":432,""chop_age_min"":1,""current_spread_ratio_max"":1.0,""imbalance_min"":0.03,""intensity_min"":0.8,""prior_spread_ratio_min"":1.08,""require_body_alignment"":true,""session"":""NY""}"
33103,9f8a4f88a6f5ac1f,32103,CHOP,CHOP_POST_SHOCK_NORMALIZATION_REVERSE,203,29,"{""book_min"":0.03,""chop_age_max"":432,""chop_age_min"":48,""current_spread_ratio_max"":1.5,""imbalance_min"":0.015,""intensity_min"":0.3,""prior_spread_ratio_min"":1.15,""require_body_alignment"":true,""session"":""NY""}"
33104,0c0a326e5458d998,32104,CHOP,CHOP_POST_SHOCK_NORMALIZATION_REVERSE,1616,307,"{""book_min"":0.0,""chop_age_max"":144,""chop_age_min"":48,""current_spread_ratio_max"":1.25,""imbalance_min"":0.005,""intensity_min"":0.5,""prior_spread_ratio_min"":1.02,""require_body_alignment"":true,""session"":""ASIA""}"
33105,66269c24b9a3b95d,32105,CHOP,CHOP_POST_SHOCK_NORMALIZATION_REVERSE,1187,245,"{""book_min"":0.0,""chop_age_max"":48,""chop_age_min"":1,""current_spread_ratio_max"":1.1,""imbalance_min"":0.005,""intensity_min"":0.8,""prior_spread_ratio_min"":1.02,""require_body_alignment"":false,""session"":""NY""}"
33106,6647a4a5069d5a02,32106,CHOP,CHOP_POST_SHOCK_NORMALIZATION_REVERSE,310,68,"{""book_min"":0.06,""chop_age_max"":144,""chop_age_min"":48,""current_spread_ratio_max"":1.0,""imbalance_min"":0.015,""intensity_min"":0.3,""prior_spread_ratio_min"":1.02,""require_body_alignment"":false,""session"":""NY""}"
33107,d4f1c90fc66a6d8a,32107,CHOP,CHOP_POST_SHOCK_NORMALIZATION_REVERSE,614,102,"{""book_min"":0.0,""chop_age_max"":144,""chop_age_min"":1,""current_spread_ratio_max"":1.5,""imbalance_min"":0.03,""intensity_min"":0.5,""prior_spread_ratio_min"":1.15,""require_body_alignment"":true,""session"":""ALL""}"
33108,cfc0c9cb33f88bcd,32108,CHOP,CHOP_POST_SHOCK_NORMALIZATION_REVERSE,2021,350,"{""book_min"":0.03,""chop_age_max"":144,""chop_age_min"":12,""current_spread_ratio_max"":1.25,""imbalance_min"":0.005,""intensity_min"":0.3,""prior_spread_ratio_min"":1.02,""require_body_alignment"":false,""session"":""LATE""}"
33109,fccc3b0a8b2afc05,32109,CHOP,CHOP_POST_SHOCK_NORMALIZATION_REVERSE,230,37,"{""book_min"":0.06,""chop_age_max"":48,""chop_age_min"":12,""current_spread_ratio_max"":1.5,""imbalance_min"":0.015,""intensity_min"":0.8,""prior_spread_ratio_min"":1.08,""require_body_alignment"":false,""session"":""NY""}"
33110,1ceedf8b48f18765,32110,CHOP,CHOP_POST_SHOCK_NORMALIZATION_REVERSE,383,73,"{""book_min"":0.03,""chop_age_max"":48,""chop_age_min"":1,""current_spread_ratio_max"":1.1,""imbalance_min"":0.005,""intensity_min"":0.8,""prior_spread_ratio_min"":1.08,""require_body_alignment"":false,""session"":""NY""}"
33111,d27cbd7bb402d6f8,32111,CHOP,CHOP_POST_SHOCK_NORMALIZATION_REVERSE,2382,537,"{""book_min"":0.03,""chop_age_max"":2000,""chop_age_min"":48,""current_spread_ratio_max"":1.25,""imbalance_min"":0.005,""intensity_min"":0.5,""prior_spread_ratio_min"":1.02,""require_body_alignment"":true,""session"":""NY""}"
33112,65394eec8dbfc619,32112,CHOP,CHOP_POST_SHOCK_NORMALIZATION_REVERSE,285,46,"{""book_min"":0.06,""chop_age_max"":2000,""chop_age_min"":12,""current_spread_ratio_max"":1.0,""imbalance_min"":0.005,""intensity_min"":0.3,""prior_spread_ratio_min"":1.08,""require_body_alignment"":true,""session"":""LATE""}"
33113,84c551164f5c930a,32113,CHOP,CHOP_POST_SHOCK_NORMALIZATION_REVERSE,440,75,"{""book_min"":0.06,""chop_age_max"":432,""chop_age_min"":12,""current_spread_ratio_max"":1.0,""imbalance_min"":0.03,""intensity_min"":0.3,""prior_spread_ratio_min"":1.08,""require_body_alignment"":false,""session"":""ASIA""}"
33114,8996b8dafa430641,32114,CHOP,CHOP_POST_SHOCK_NORMALIZATION_REVERSE,139,23,"{""book_min"":0.06,""chop_age_max"":144,""chop_age_min"":12,""current_spread_ratio_max"":1.0,""imbalance_min"":0.03,""intensity_min"":0.5,""prior_spread_ratio_min"":1.02,""require_body_alignment"":true,""session"":""LATE""}"
33115,3c605defbfc29f51,32115,CHOP,CHOP_POST_SHOCK_NORMALIZATION_REVERSE,221,30,"{""book_min"":0.03,""chop_age_max"":48,""chop_age_min"":12,""current_spread_ratio_max"":1.5,""imbalance_min"":0.03,""intensity_min"":0.3,""prior_spread_ratio_min"":1.02,""require_body_alignment"":true,""session"":""NY""}"
33116,9185cfc489892366,32116,CHOP,CHOP_POST_SHOCK_NORMALIZATION_REVERSE,140,23,"{""book_min"":0.03,""chop_age_max"":2000,""chop_age_min"":1,""current_spread_ratio_max"":1.25,""imbalance_min"":0.005,""intensity_min"":0.3,""prior_spread_ratio_min"":1.3,""require_body_alignment"":true,""session"":""LATE""}"
33117,5dd872cd977eacbd,32117,CHOP,CHOP_POST_SHOCK_NORMALIZATION_REVERSE,249,47,"{""book_min"":0.0,""chop_age_max"":144,""chop_age_min"":12,""current_spread_ratio_max"":1.1,""imbalance_min"":0.015,""intensity_min"":0.3,""prior_spread_ratio_min"":1.08,""require_body_alignment"":true,""session"":""LONDON""}"
33118,b61d44ca37303766,32118,CHOP,CHOP_POST_SHOCK_NORMALIZATION_REVERSE,351,55,"{""book_min"":0.03,""chop_age_max"":432,""chop_age_min"":12,""current_spread_ratio_max"":1.1,""imbalance_min"":0.005,""intensity_min"":0.5,""prior_spread_ratio_min"":1.15,""require_body_alignment"":false,""session"":""NY""}"
33119,955aa555ac9aa0df,32119,CHOP,CHOP_POST_SHOCK_NORMALIZATION_REVERSE,524,99,"{""book_min"":0.06,""chop_age_max"":144,""chop_age_min"":48,""current_spread_ratio_max"":1.1,""imbalance_min"":0.005,""intensity_min"":0.3,""prior_spread_ratio_min"":1.02,""require_body_alignment"":false,""session"":""LONDON""}"
33120,981468f6bc244a77,32120,CHOP,CHOP_POST_SHOCK_NORMALIZATION_REVERSE,1693,296,"{""book_min"":0.06,""chop_age_max"":144,""chop_age_min"":12,""current_spread_ratio_max"":1.25,""imbalance_min"":0.005,""intensity_min"":0.3,""prior_spread_ratio_min"":1.02,""require_body_alignment"":false,""session"":""LATE""}"
33121,55a1fb19a0a9bf73,32121,CHOP,CHOP_POST_SHOCK_NORMALIZATION_REVERSE,764,78,"{""book_min"":0.0,""chop_age_max"":432,""chop_age_min"":12,""current_spread_ratio_max"":1.5,""imbalance_min"":0.005,""intensity_min"":0.5,""prior_spread_ratio_min"":1.3,""require_body_alignment"":false,""session"":""ALL""}"
33122,05f2e042c0316ab0,32122,CHOP,CHOP_POST_SHOCK_NORMALIZATION_REVERSE,786,63,"{""book_min"":0.06,""chop_age_max"":2000,""chop_age_min"":12,""current_spread_ratio_max"":1.5,""imbalance_min"":0.03,""intensity_min"":0.3,""prior_spread_ratio_min"":1.08,""require_body_alignment"":false,""session"":""LONDON""}"
33123,75ce9ca53e37397e,32123,CHOP,CHOP_POST_SHOCK_NORMALIZATION_REVERSE,426,36,"{""book_min"":0.06,""chop_age_max"":2000,""chop_age_min"":48,""current_spread_ratio_max"":1.25,""imbalance_min"":0.03,""intensity_min"":0.5,""prior_spread_ratio_min"":1.08,""require_body_alignment"":true,""session"":""LONDON""}"
33124,0802f598eb77fa79,32124,CHOP,CHOP_POST_SHOCK_NORMALIZATION_REVERSE,667,91,"{""book_min"":0.06,""chop_age_max"":2000,""chop_age_min"":12,""current_spread_ratio_max"":1.0,""imbalance_min"":0.03,""intensity_min"":0.8,""prior_spread_ratio_min"":1.02,""require_body_alignment"":false,""session"":""NY""}"
33125,309894f54f8157f6,32125,CHOP,CHOP_POST_SHOCK_NORMALIZATION_REVERSE,440,67,"{""book_min"":0.03,""chop_age_max"":2000,""chop_age_min"":1,""current_spread_ratio_max"":1.0,""imbalance_min"":0.005,""intensity_min"":0.8,""prior_spread_ratio_min"":1.15,""require_body_alignment"":true,""session"":""ALL""}"
33126,ba05cda0087c18e9,32126,CHOP,CHOP_POST_SHOCK_NORMALIZATION_REVERSE,373,29,"{""book_min"":0.0,""chop_age_max"":2000,""chop_age_min"":12,""current_spread_ratio_max"":1.25,""imbalance_min"":0.05,""intensity_min"":0.8,""prior_spread_ratio_min"":1.15,""require_body_alignment"":true,""session"":""ALL""}"
33127,1f6f95fad972e74e,32127,CHOP,CHOP_POST_SHOCK_NORMALIZATION_REVERSE,771,160,"{""book_min"":0.06,""chop_age_max"":2000,""chop_age_min"":48,""current_spread_ratio_max"":1.5,""imbalance_min"":0.005,""intensity_min"":0.8,""prior_spread_ratio_min"":1.08,""require_body_alignment"":true,""session"":""NY""}"
33128,de6cd560f156d0de,32128,CHOP,CHOP_POST_SHOCK_NORMALIZATION_REVERSE,7376,1455,"{""book_min"":0.06,""chop_age_max"":2000,""chop_age_min"":1,""current_spread_ratio_max"":1.5,""imbalance_min"":0.015,""intensity_min"":0.3,""prior_spread_ratio_min"":1.08,""require_body_alignment"":false,""session"":""ALL""}"
33129,048d4999079c9a45,32129,CHOP,CHOP_POST_SHOCK_NORMALIZATION_REVERSE,499,46,"{""book_min"":0.06,""chop_age_max"":2000,""chop_age_min"":1,""current_spread_ratio_max"":1.25,""imbalance_min"":0.03,""intensity_min"":0.5,""prior_spread_ratio_min"":1.08,""require_body_alignment"":true,""session"":""LONDON""}"
33130,6d2d26ec42063642,32130,CHOP,CHOP_POST_SHOCK_NORMALIZATION_REVERSE,355,48,"{""book_min"":0.03,""chop_age_max"":432,""chop_age_min"":48,""current_spread_ratio_max"":1.0,""imbalance_min"":0.05,""intensity_min"":0.5,""prior_spread_ratio_min"":1.02,""require_body_alignment"":false,""session"":""ASIA""}"
33131,08356832bd8279d3,32131,CHOP,CHOP_POST_SHOCK_NORMALIZATION_REVERSE,1415,183,"{""book_min"":0.0,""chop_age_max"":432,""chop_age_min"":1,""current_spread_ratio_max"":1.1,""imbalance_min"":0.03,""intensity_min"":0.8,""prior_spread_ratio_min"":1.02,""require_body_alignment"":false,""session"":""LONDON""}"
33132,74532021a8d427f1,32132,CHOP,CHOP_POST_SHOCK_NORMALIZATION_REVERSE,608,65,"{""book_min"":0.0,""chop_age_max"":432,""chop_age_min"":1,""current_spread_ratio_max"":1.25,""imbalance_min"":0.015,""intensity_min"":0.8,""prior_spread_ratio_min"":1.15,""require_body_alignment"":false,""session"":""ASIA""}"
33133,399053aaa99e8f1b,32133,CHOP,CHOP_POST_SHOCK_NORMALIZATION_REVERSE,350,78,"{""book_min"":0.0,""chop_age_max"":144,""chop_age_min"":48,""current_spread_ratio_max"":1.0,""imbalance_min"":0.015,""intensity_min"":0.8,""prior_spread_ratio_min"":1.08,""require_body_alignment"":true,""session"":""ALL""}"
33134,a52810cfff7c62f1,32134,CHOP,CHOP_POST_SHOCK_NORMALIZATION_REVERSE,760,59,"{""book_min"":0.03,""chop_age_max"":2000,""chop_age_min"":1,""current_spread_ratio_max"":1.25,""imbalance_min"":0.03,""intensity_min"":0.8,""prior_spread_ratio_min"":1.08,""require_body_alignment"":false,""session"":""LONDON""}"
33135,31d3366ec42175bb,32135,CHOP,CHOP_POST_SHOCK_NORMALIZATION_REVERSE,367,36,"{""book_min"":0.06,""chop_age_max"":2000,""chop_age_min"":12,""current_spread_ratio_max"":1.5,""imbalance_min"":0.005,""intensity_min"":0.8,""prior_spread_ratio_min"":1.15,""require_body_alignment"":true,""session"":""ASIA""}"
33136,cd585ca7cd2dbafd,32136,CHOP,CHOP_POST_SHOCK_NORMALIZATION_REVERSE,239,42,"{""book_min"":0.03,""chop_age_max"":2000,""chop_age_min"":48,""current_spread_ratio_max"":1.0,""imbalance_min"":0.03,""intensity_min"":0.3,""prior_spread_ratio_min"":1.08,""require_body_alignment"":false,""session"":""LATE""}"
33137,bcbc684558add1d8,32137,CHOP,CHOP_POST_SHOCK_NORMALIZATION_REVERSE,292,33,"{""book_min"":0.06,""chop_age_max"":432,""chop_age_min"":1,""current_spread_ratio_max"":1.25,""imbalance_min"":0.03,""intensity_min"":0.8,""prior_spread_ratio_min"":1.08,""require_body_alignment"":true,""session"":""LONDON""}"
33138,d8721d9d6c09aeb4,32138,CHOP,CHOP_POST_SHOCK_NORMALIZATION_REVERSE,399,41,"{""book_min"":0.06,""chop_age_max"":2000,""chop_age_min"":12,""current_spread_ratio_max"":1.1,""imbalance_min"":0.03,""intensity_min"":0.5,""prior_spread_ratio_min"":1.08,""require_body_alignment"":true,""session"":""LONDON""}"
33139,e8b597134945bc73,32139,CHOP,CHOP_POST_SHOCK_NORMALIZATION_REVERSE,535,97,"{""book_min"":0.06,""chop_age_max"":48,""chop_age_min"":1,""current_spread_ratio_max"":1.5,""imbalance_min"":0.05,""intensity_min"":0.3,""prior_spread_ratio_min"":1.02,""require_body_alignment"":true,""session"":""ALL""}"
33140,410dfa94f44457f5,32140,CHOP,CHOP_POST_SHOCK_NORMALIZATION_REVERSE,2653,388,"{""book_min"":0.0,""chop_age_max"":2000,""chop_age_min"":48,""current_spread_ratio_max"":1.1,""imbalance_min"":0.05,""intensity_min"":0.3,""prior_spread_ratio_min"":1.02,""require_body_alignment"":true,""session"":""ALL""}"
33141,d59adb81bd6475eb,32141,CHOP,CHOP_POST_SHOCK_NORMALIZATION_REVERSE,512,72,"{""book_min"":0.0,""chop_age_max"":432,""chop_age_min"":12,""current_spread_ratio_max"":1.1,""imbalance_min"":0.015,""intensity_min"":0.5,""prior_spread_ratio_min"":1.15,""require_body_alignment"":false,""session"":""ASIA""}"
33142,062f060dc13e19ed,32142,CHOP,CHOP_POST_SHOCK_NORMALIZATION_REVERSE,370,43,"{""book_min"":0.0,""chop_age_max"":48,""chop_age_min"":12,""current_spread_ratio_max"":1.1,""imbalance_min"":0.05,""intensity_min"":0.8,""prior_spread_ratio_min"":1.02,""require_body_alignment"":false,""session"":""ALL""}"
33143,435b9b2392a7e0d0,32143,CHOP,CHOP_POST_SHOCK_NORMALIZATION_REVERSE,225,29,"{""book_min"":0.03,""chop_age_max"":144,""chop_age_min"":12,""current_spread_ratio_max"":1.1,""imbalance_min"":0.03,""intensity_min"":0.3,""prior_spread_ratio_min"":1.08,""require_body_alignment"":false,""session"":""NY""}"
33144,94fa6e0b65404eb9,32144,CHOP,CHOP_POST_SHOCK_NORMALIZATION_REVERSE,242,33,"{""book_min"":0.0,""chop_age_max"":432,""chop_age_min"":12,""current_spread_ratio_max"":1.25,""imbalance_min"":0.015,""intensity_min"":0.8,""prior_spread_ratio_min"":1.15,""require_body_alignment"":false,""session"":""LATE""}"
33145,bbb70289be90081d,32145,CHOP,CHOP_POST_SHOCK_NORMALIZATION_REVERSE,292,20,"{""book_min"":0.0,""chop_age_max"":432,""chop_age_min"":12,""current_spread_ratio_max"":1.5,""imbalance_min"":0.005,""intensity_min"":0.3,""prior_spread_ratio_min"":1.3,""require_body_alignment"":false,""session"":""ASIA""}"
33146,f4c21fd9dcb468d8,32146,CHOP,CHOP_POST_SHOCK_NORMALIZATION_REVERSE,245,43,"{""book_min"":0.03,""chop_age_max"":432,""chop_age_min"":12,""current_spread_ratio_max"":1.0,""imbalance_min"":0.015,""intensity_min"":0.3,""prior_spread_ratio_min"":1.08,""require_body_alignment"":true,""session"":""LATE""}"
33147,2d5af227ab797765,32147,CHOP,CHOP_POST_SHOCK_NORMALIZATION_REVERSE,3558,714,"{""book_min"":0.06,""chop_age_max"":2000,""chop_age_min"":1,""current_spread_ratio_max"":1.25,""imbalance_min"":0.005,""intensity_min"":0.8,""prior_spread_ratio_min"":1.02,""require_body_alignment"":false,""session"":""LONDON""}"
33148,914b65ac9b491241,32148,CHOP,CHOP_POST_SHOCK_NORMALIZATION_REVERSE,1128,201,"{""book_min"":0.03,""chop_age_max"":2000,""chop_age_min"":1,""current_spread_ratio_max"":1.5,""imbalance_min"":0.03,""intensity_min"":0.5,""prior_spread_ratio_min"":1.08,""require_body_alignment"":true,""session"":""ASIA""}"
33149,e5a83b75d07b34db,32149,CHOP,CHOP_POST_SHOCK_NORMALIZATION_REVERSE,161,21,"{""book_min"":0.06,""chop_age_max"":144,""chop_age_min"":1,""current_spread_ratio_max"":1.25,""imbalance_min"":0.05,""intensity_min"":0.3,""prior_spread_ratio_min"":1.02,""require_body_alignment"":true,""session"":""LONDON""}"
33150,072585f639a7fb15,32150,CHOP,CHOP_POST_SHOCK_NORMALIZATION_REVERSE,201,29,"{""book_min"":0.03,""chop_age_max"":144,""chop_age_min"":48,""current_spread_ratio_max"":1.25,""imbalance_min"":0.05,""intensity_min"":0.8,""prior_spread_ratio_min"":1.02,""require_body_alignment"":false,""session"":""ASIA""}"
33151,b4c7df7c85bb4b87,32151,CHOP,CHOP_POST_SHOCK_NORMALIZATION_REVERSE,236,40,"{""book_min"":0.0,""chop_age_max"":48,""chop_age_min"":12,""current_spread_ratio_max"":1.5,""imbalance_min"":0.005,""intensity_min"":0.5,""prior_spread_ratio_min"":1.08,""require_body_alignment"":true,""session"":""LONDON""}"
33152,98cf0dcd2ba2718a,32152,CHOP,CHOP_POST_SHOCK_NORMALIZATION_REVERSE,772,115,"{""book_min"":0.03,""chop_age_max"":144,""chop_age_min"":1,""current_spread_ratio_max"":1.5,""imbalance_min"":0.03,""intensity_min"":0.5,""prior_spread_ratio_min"":1.15,""require_body_alignment"":false,""session"":""ALL""}"
33153,029891328ec7bd2d,32153,CHOP,CHOP_POST_SHOCK_NORMALIZATION_REVERSE,689,130,"{""book_min"":0.06,""chop_age_max"":432,""chop_age_min"":1,""current_spread_ratio_max"":1.5,""imbalance_min"":0.03,""intensity_min"":0.5,""prior_spread_ratio_min"":1.02,""require_body_alignment"":true,""session"":""LATE""}"
33154,c6e7d5e38caa6639,32154,CHOP,CHOP_POST_SHOCK_NORMALIZATION_REVERSE,2340,435,"{""book_min"":0.06,""chop_age_max"":2000,""chop_age_min"":48,""current_spread_ratio_max"":1.25,""imbalance_min"":0.015,""intensity_min"":0.3,""prior_spread_ratio_min"":1.08,""require_body_alignment"":false,""session"":""ASIA""}"
33155,d664635c864443fd,32155,CHOP,CHOP_POST_SHOCK_NORMALIZATION_REVERSE,510,44,"{""book_min"":0.06,""chop_age_max"":432,""chop_age_min"":12,""current_spread_ratio_max"":1.5,""imbalance_min"":0.03,""intensity_min"":0.3,""prior_spread_ratio_min"":1.15,""require_body_alignment"":false,""session"":""ASIA""}"
33156,febd9c82b45c9c88,32156,CHOP,CHOP_POST_SHOCK_NORMALIZATION_REVERSE,662,126,"{""book_min"":0.03,""chop_age_max"":432,""chop_age_min"":12,""current_spread_ratio_max"":1.5,""imbalance_min"":0.05,""intensity_min"":0.5,""prior_spread_ratio_min"":1.02,""require_body_alignment"":false,""session"":""LATE""}"
33157,e50a48ca5d13bc2e,32157,CHOP,CHOP_POST_SHOCK_NORMALIZATION_REVERSE,223,23,"{""book_min"":0.0,""chop_age_max"":432,""chop_age_min"":12,""current_spread_ratio_max"":1.0,""imbalance_min"":0.05,""intensity_min"":0.5,""prior_spread_ratio_min"":1.15,""require_body_alignment"":false,""session"":""ALL""}"
33158,f4a58852078ddc1c,32158,CHOP,CHOP_POST_SHOCK_NORMALIZATION_REVERSE,732,147,"{""book_min"":0.06,""chop_age_max"":432,""chop_age_min"":48,""current_spread_ratio_max"":1.0,""imbalance_min"":0.005,""intensity_min"":0.8,""prior_spread_ratio_min"":1.02,""require_body_alignment"":false,""session"":""ASIA""}"
33159,a0942b79c594d4a4,32159,CHOP,CHOP_POST_SHOCK_NORMALIZATION_REVERSE,387,82,"{""book_min"":0.06,""chop_age_max"":144,""chop_age_min"":48,""current_spread_ratio_max"":1.0,""imbalance_min"":0.015,""intensity_min"":0.3,""prior_spread_ratio_min"":1.08,""require_body_alignment"":true,""session"":""ALL""}"
33160,b2ff576b3cd0322c,32160,CHOP,CHOP_POST_SHOCK_NORMALIZATION_REVERSE,110,22,"{""book_min"":0.06,""chop_age_max"":144,""chop_age_min"":1,""current_spread_ratio_max"":1.0,""imbalance_min"":0.03,""intensity_min"":0.5,""prior_spread_ratio_min"":1.08,""require_body_alignment"":false,""session"":""LATE""}"
33161,d5a0d4f97befa42c,32161,CHOP,CHOP_POST_SHOCK_NORMALIZATION_REVERSE,1567,290,"{""book_min"":0.03,""chop_age_max"":144,""chop_age_min"":12,""current_spread_ratio_max"":1.5,""imbalance_min"":0.005,""intensity_min"":0.5,""prior_spread_ratio_min"":1.02,""require_body_alignment"":true,""session"":""ASIA""}"
33162,ef4b1c0e1c0be097,32162,CHOP,CHOP_POST_SHOCK_NORMALIZATION_REVERSE,229,35,"{""book_min"":0.06,""chop_age_max"":48,""chop_age_min"":1,""current_spread_ratio_max"":1.5,""imbalance_min"":0.005,""intensity_min"":0.8,""prior_spread_ratio_min"":1.15,""require_body_alignment"":true,""session"":""ALL""}"
33163,085949aaa4988b7a,32163,CHOP,CHOP_POST_SHOCK_NORMALIZATION_REVERSE,240,16,"{""book_min"":0.0,""chop_age_max"":2000,""chop_age_min"":1,""current_spread_ratio_max"":1.25,""imbalance_min"":0.03,""intensity_min"":0.5,""prior_spread_ratio_min"":1.15,""require_body_alignment"":true,""session"":""NY""}"
33164,acfcd3a9bedf8c3c,32164,CHOP,CHOP_POST_SHOCK_NORMALIZATION_REVERSE,3026,525,"{""book_min"":0.0,""chop_age_max"":2000,""chop_age_min"":12,""current_spread_ratio_max"":1.5,""imbalance_min"":0.015,""intensity_min"":0.5,""prior_spread_ratio_min"":1.02,""require_body_alignment"":true,""session"":""LONDON""}"
33165,63865f075f50e0f7,32165,CHOP,CHOP_POST_SHOCK_NORMALIZATION_REVERSE,1625,285,"{""book_min"":0.06,""chop_age_max"":2000,""chop_age_min"":1,""current_spread_ratio_max"":1.25,""imbalance_min"":0.015,""intensity_min"":0.3,""prior_spread_ratio_min"":1.08,""require_body_alignment"":true,""session"":""ASIA""}"
33166,80fdd086d66f51c6,32166,CHOP,CHOP_POST_SHOCK_NORMALIZATION_REVERSE,147,31,"{""book_min"":0.06,""chop_age_max"":144,""chop_age_min"":48,""current_spread_ratio_max"":1.25,""imbalance_min"":0.015,""intensity_min"":0.8,""prior_spread_ratio_min"":1.08,""require_body_alignment"":true,""session"":""NY""}"
33167,7526bb4736735af0,32167,CHOP,CHOP_POST_SHOCK_NORMALIZATION_REVERSE,1437,166,"{""book_min"":0.03,""chop_age_max"":2000,""chop_age_min"":48,""current_spread_ratio_max"":1.5,""imbalance_min"":0.015,""intensity_min"":0.5,""prior_spread_ratio_min"":1.15,""require_body_alignment"":true,""session"":""ALL""}"
33168,77525b7caedd5da2,32168,CHOP,CHOP_POST_SHOCK_NORMALIZATION_REVERSE,101,20,"{""book_min"":0.0,""chop_age_max"":2000,""chop_age_min"":48,""current_spread_ratio_max"":1.25,""imbalance_min"":0.005,""intensity_min"":0.5,""prior_spread_ratio_min"":1.3,""require_body_alignment"":false,""session"":""LATE""}"
33169,f017d32d41bdfce9,32169,CHOP,CHOP_POST_SHOCK_NORMALIZATION_REVERSE,3190,719,"{""book_min"":0.06,""chop_age_max"":144,""chop_age_min"":12,""current_spread_ratio_max"":1.5,""imbalance_min"":0.015,""intensity_min"":0.8,""prior_spread_ratio_min"":1.02,""require_body_alignment"":false,""session"":""ALL""}"
33170,d773322d2129144f,32170,CHOP,CHOP_POST_SHOCK_NORMALIZATION_REVERSE,343,20,"{""book_min"":0.0,""chop_age_max"":2000,""chop_age_min"":12,""current_spread_ratio_max"":1.25,""imbalance_min"":0.03,""intensity_min"":0.8,""prior_spread_ratio_min"":1.15,""require_body_alignment"":false,""session"":""NY""}"
33171,20507e3967e8d13d,32171,CHOP,CHOP_POST_SHOCK_NORMALIZATION_REVERSE,224,31,"{""book_min"":0.06,""chop_age_max"":432,""chop_age_min"":1,""current_spread_ratio_max"":1.1,""imbalance_min"":0.005,""intensity_min"":0.8,""prior_spread_ratio_min"":1.08,""require_body_alignment"":true,""session"":""LATE""}"
33172,ef81e3bb9ed05d10,32172,CHOP,CHOP_POST_SHOCK_NORMALIZATION_REVERSE,129,15,"{""book_min"":0.06,""chop_age_max"":48,""chop_age_min"":1,""current_spread_ratio_max"":1.0,""imbalance_min"":0.005,""intensity_min"":0.3,""prior_spread_ratio_min"":1.02,""require_body_alignment"":true,""session"":""ASIA""}"
33173,0c0cf6acb8d032e6,32173,CHOP,CHOP_POST_SHOCK_NORMALIZATION_REVERSE,218,22,"{""book_min"":0.03,""chop_age_max"":432,""chop_age_min"":1,""current_spread_ratio_max"":1.25,""imbalance_min"":0.005,""intensity_min"":0.8,""prior_spread_ratio_min"":1.15,""require_body_alignment"":true,""session"":""LONDON""}"
33174,9aa8a6685d66a8b1,32174,CHOP,CHOP_POST_SHOCK_NORMALIZATION_REVERSE,469,27,"{""book_min"":0.0,""chop_age_max"":2000,""chop_age_min"":1,""current_spread_ratio_max"":1.25,""imbalance_min"":0.05,""intensity_min"":0.3,""prior_spread_ratio_min"":1.08,""require_body_alignment"":false,""session"":""NY""}"
33175,03673b465e34cfdf,32175,CHOP,CHOP_POST_SHOCK_NORMALIZATION_REVERSE,485,31,"{""book_min"":0.03,""chop_age_max"":2000,""chop_age_min"":48,""current_spread_ratio_max"":1.5,""imbalance_min"":0.05,""intensity_min"":0.8,""prior_spread_ratio_min"":1.02,""require_body_alignment"":true,""session"":""LONDON""}"
33176,4b04fdf905487d30,32176,CHOP,CHOP_POST_SHOCK_NORMALIZATION_REVERSE,253,44,"{""book_min"":0.03,""chop_age_max"":48,""chop_age_min"":1,""current_spread_ratio_max"":1.1,""imbalance_min"":0.03,""intensity_min"":0.3,""prior_spread_ratio_min"":1.02,""require_body_alignment"":false,""session"":""ASIA""}"
33177,2e6f6d7404b14dc7,32177,CHOP,CHOP_POST_SHOCK_NORMALIZATION_REVERSE,914,150,"{""book_min"":0.06,""chop_age_max"":144,""chop_age_min"":1,""current_spread_ratio_max"":1.1,""imbalance_min"":0.005,""intensity_min"":0.5,""prior_spread_ratio_min"":1.02,""require_body_alignment"":true,""session"":""ASIA""}"
33178,9257c721e84692c5,32178,CHOP,CHOP_POST_SHOCK_NORMALIZATION_REVERSE,192,17,"{""book_min"":0.06,""chop_age_max"":432,""chop_age_min"":1,""current_spread_ratio_max"":1.25,""imbalance_min"":0.03,""intensity_min"":0.3,""prior_spread_ratio_min"":1.15,""require_body_alignment"":false,""session"":""NY""}"
33179,0af00136992df0ff,32179,CHOP,CHOP_POST_SHOCK_NORMALIZATION_REVERSE,173,16,"{""book_min"":0.0,""chop_age_max"":2000,""chop_age_min"":12,""current_spread_ratio_max"":1.25,""imbalance_min"":0.05,""intensity_min"":0.3,""prior_spread_ratio_min"":1.3,""require_body_alignment"":true,""session"":""ALL""}"
33180,574127c61331cb7c,32180,CHOP,CHOP_POST_SHOCK_NORMALIZATION_REVERSE,302,53,"{""book_min"":0.0,""chop_age_max"":48,""chop_age_min"":12,""current_spread_ratio_max"":1.5,""imbalance_min"":0.005,""intensity_min"":0.8,""prior_spread_ratio_min"":1.15,""require_body_alignment"":true,""session"":""ALL""}"
33181,29f42daf1eb88b8c,32181,CHOP,CHOP_POST_SHOCK_NORMALIZATION_REVERSE,1069,188,"{""book_min"":0.03,""chop_age_max"":432,""chop_age_min"":48,""current_spread_ratio_max"":1.25,""imbalance_min"":0.015,""intensity_min"":0.8,""prior_spread_ratio_min"":1.08,""require_body_alignment"":false,""session"":""ASIA""}"
33182,f9c2d1110639ecd4,32182,CHOP,CHOP_POST_SHOCK_NORMALIZATION_REVERSE,1335,228,"{""book_min"":0.06,""chop_age_max"":432,""chop_age_min"":48,""current_spread_ratio_max"":1.0,""imbalance_min"":0.03,""intensity_min"":0.8,""prior_spread_ratio_min"":1.02,""require_body_alignment"":false,""session"":""ALL""}"
33183,1299d4961d1add16,32183,CHOP,CHOP_POST_SHOCK_NORMALIZATION_REVERSE,642,65,"{""book_min"":0.0,""chop_age_max"":432,""chop_age_min"":48,""current_spread_ratio_max"":1.5,""imbalance_min"":0.05,""intensity_min"":0.3,""prior_spread_ratio_min"":1.08,""require_body_alignment"":true,""session"":""ASIA""}"
33184,9c30d077b4be6c9d,32184,CHOP,CHOP_POST_SHOCK_NORMALIZATION_REVERSE,2810,583,"{""book_min"":0.0,""chop_age_max"":2000,""chop_age_min"":12,""current_spread_ratio_max"":1.5,""imbalance_min"":0.015,""intensity_min"":0.5,""prior_spread_ratio_min"":1.02,""require_body_alignment"":false,""session"":""LATE""}"
33185,d80a9d96b23dd650,32185,CHOP,CHOP_POST_SHOCK_NORMALIZATION_REVERSE,2144,366,"{""book_min"":0.06,""chop_age_max"":432,""chop_age_min"":48,""current_spread_ratio_max"":1.25,""imbalance_min"":0.03,""intensity_min"":0.3,""prior_spread_ratio_min"":1.02,""require_body_alignment"":false,""session"":""ASIA""}"
33186,1bb2e99d817c31a6,32186,CHOP,CHOP_POST_SHOCK_NORMALIZATION_REVERSE,423,93,"{""book_min"":0.03,""chop_age_max"":144,""chop_age_min"":1,""current_spread_ratio_max"":1.25,""imbalance_min"":0.05,""intensity_min"":0.3,""prior_spread_ratio_min"":1.08,""require_body_alignment"":false,""session"":""LATE""}"
33187,d8eefb5a3847d3de,32187,CHOP,CHOP_POST_SHOCK_NORMALIZATION_REVERSE,357,69,"{""book_min"":0.03,""chop_age_max"":2000,""chop_age_min"":1,""current_spread_ratio_max"":1.5,""imbalance_min"":0.05,""intensity_min"":0.5,""prior_spread_ratio_min"":1.08,""require_body_alignment"":true,""session"":""LATE""}"
33188,f921f415cb56f5bd,32188,CHOP,CHOP_POST_SHOCK_NORMALIZATION_REVERSE,6066,1325,"{""book_min"":0.06,""chop_age_max"":2000,""chop_age_min"":48,""current_spread_ratio_max"":1.25,""imbalance_min"":0.005,""intensity_min"":0.5,""prior_spread_ratio_min"":1.08,""require_body_alignment"":false,""session"":""ALL""}"
33189,79e2ffbfac0f38f4,32189,CHOP,CHOP_POST_SHOCK_NORMALIZATION_REVERSE,1710,230,"{""book_min"":0.03,""chop_age_max"":2000,""chop_age_min"":12,""current_spread_ratio_max"":1.25,""imbalance_min"":0.03,""intensity_min"":0.8,""prior_spread_ratio_min"":1.02,""require_body_alignment"":false,""session"":""NY""}"
33190,107895102e3cdeb9,32190,CHOP,CHOP_POST_SHOCK_NORMALIZATION_REVERSE,195,40,"{""book_min"":0.03,""chop_age_max"":144,""chop_age_min"":12,""current_spread_ratio_max"":1.0,""imbalance_min"":0.015,""intensity_min"":0.8,""prior_spread_ratio_min"":1.15,""require_body_alignment"":false,""session"":""ALL""}"
33191,c6f8df01aa0d3e08,32191,CHOP,CHOP_POST_SHOCK_NORMALIZATION_REVERSE,1955,368,"{""book_min"":0.06,""chop_age_max"":432,""chop_age_min"":1,""current_spread_ratio_max"":1.5,""imbalance_min"":0.005,""intensity_min"":0.5,""prior_spread_ratio_min"":1.02,""require_body_alignment"":true,""session"":""LONDON""}"
33192,6212d734eba0d3e1,32192,CHOP,CHOP_POST_SHOCK_NORMALIZATION_REVERSE,602,46,"{""book_min"":0.06,""chop_age_max"":432,""chop_age_min"":12,""current_spread_ratio_max"":1.5,""imbalance_min"":0.05,""intensity_min"":0.3,""prior_spread_ratio_min"":1.02,""require_body_alignment"":false,""session"":""LONDON""}"
33193,8e130aea1fff3d8f,32193,CHOP,CHOP_POST_SHOCK_NORMALIZATION_REVERSE,2901,544,"{""book_min"":0.0,""chop_age_max"":144,""chop_age_min"":12,""current_spread_ratio_max"":1.5,""imbalance_min"":0.005,""intensity_min"":0.3,""prior_spread_ratio_min"":1.02,""require_body_alignment"":false,""session"":""LATE""}"
33194,3091b4189fa29226,32194,CHOP,CHOP_POST_SHOCK_NORMALIZATION_REVERSE,179,22,"{""book_min"":0.0,""chop_age_max"":2000,""chop_age_min"":12,""current_spread_ratio_max"":1.25,""imbalance_min"":0.05,""intensity_min"":0.8,""prior_spread_ratio_min"":1.08,""require_body_alignment"":true,""session"":""LATE""}"
33195,15127c0bb1c9f4c8,32195,CHOP,CHOP_POST_SHOCK_NORMALIZATION_REVERSE,8621,1629,"{""book_min"":0.0,""chop_age_max"":2000,""chop_age_min"":12,""current_spread_ratio_max"":1.1,""imbalance_min"":0.015,""intensity_min"":0.5,""prior_spread_ratio_min"":1.02,""require_body_alignment"":true,""session"":""ALL""}"
33196,d37d708e5733fc4d,32196,CHOP,CHOP_POST_SHOCK_NORMALIZATION_REVERSE,277,52,"{""book_min"":0.06,""chop_age_max"":2000,""chop_age_min"":48,""current_spread_ratio_max"":1.0,""imbalance_min"":0.03,""intensity_min"":0.5,""prior_spread_ratio_min"":1.08,""require_body_alignment"":true,""session"":""ASIA""}"
33197,90f703e1ea53e4fc,32197,CHOP,CHOP_POST_SHOCK_NORMALIZATION_REVERSE,787,168,"{""book_min"":0.06,""chop_age_max"":2000,""chop_age_min"":48,""current_spread_ratio_max"":1.25,""imbalance_min"":0.005,""intensity_min"":0.3,""prior_spread_ratio_min"":1.08,""require_body_alignment"":true,""session"":""NY""}"
33198,61bc1498cd5b2a30,32198,CHOP,CHOP_POST_SHOCK_NORMALIZATION_REVERSE,183,33,"{""book_min"":0.06,""chop_age_max"":144,""chop_age_min"":12,""current_spread_ratio_max"":1.0,""imbalance_min"":0.03,""intensity_min"":0.5,""prior_spread_ratio_min"":1.08,""require_body_alignment"":false,""session"":""ASIA""}"
33199,9a1a3efbca6a4dbd,32199,CHOP,CHOP_POST_SHOCK_NORMALIZATION_REVERSE,174,19,"{""book_min"":0.0,""chop_age_max"":144,""chop_age_min"":12,""current_spread_ratio_max"":1.25,""imbalance_min"":0.05,""intensity_min"":0.8,""prior_spread_ratio_min"":1.02,""require_body_alignment"":true,""session"":""LONDON""}"
33200,ea7dfbabffa7e984,32200,CHOP,CHOP_POST_SHOCK_NORMALIZATION_REVERSE,2367,409,"{""book_min"":0.03,""chop_age_max"":432,""chop_age_min"":12,""current_spread_ratio_max"":1.25,""imbalance_min"":0.015,""intensity_min"":0.5,""prior_spread_ratio_min"":1.02,""require_body_alignment"":true,""session"":""ASIA""}"
33201,328dbe649e458c3d,32201,CHOP,CHOP_POST_SHOCK_NORMALIZATION_REVERSE,3126,717,"{""book_min"":0.0,""chop_age_max"":144,""chop_age_min"":1,""current_spread_ratio_max"":1.5,""imbalance_min"":0.005,""intensity_min"":0.5,""prior_spread_ratio_min"":1.08,""require_body_alignment"":true,""session"":""ALL""}"
33202,90afb28c5e6b2a8e,32202,CHOP,CHOP_POST_SHOCK_NORMALIZATION_REVERSE,365,46,"{""book_min"":0.06,""chop_age_max"":432,""chop_age_min"":12,""current_spread_ratio_max"":1.5,""imbalance_min"":0.015,""intensity_min"":0.5,""prior_spread_ratio_min"":1.15,""require_body_alignment"":false,""session"":""NY""}"
33203,92937c821d169892,32203,CHOP,CHOP_POST_SHOCK_NORMALIZATION_REVERSE,111,18,"{""book_min"":0.06,""chop_age_max"":48,""chop_age_min"":1,""current_spread_ratio_max"":1.5,""imbalance_min"":0.03,""intensity_min"":0.3,""prior_spread_ratio_min"":1.08,""require_body_alignment"":true,""session"":""ASIA""}"
33204,e104f5b7fc0474c7,32204,CHOP,CHOP_POST_SHOCK_NORMALIZATION_REVERSE,866,125,"{""book_min"":0.03,""chop_age_max"":432,""chop_age_min"":1,""current_spread_ratio_max"":1.1,""imbalance_min"":0.03,""intensity_min"":0.3,""prior_spread_ratio_min"":1.15,""require_body_alignment"":false,""session"":""ALL""}"
33205,f8b43b8480741272,32205,CHOP,CHOP_POST_SHOCK_NORMALIZATION_REVERSE,530,81,"{""book_min"":0.0,""chop_age_max"":48,""chop_age_min"":1,""current_spread_ratio_max"":1.25,""imbalance_min"":0.005,""intensity_min"":0.8,""prior_spread_ratio_min"":1.15,""require_body_alignment"":false,""session"":""ALL""}"
33206,35f9b8d7d32f29b9,32206,CHOP,CHOP_POST_SHOCK_NORMALIZATION_REVERSE,1782,331,"{""book_min"":0.03,""chop_age_max"":432,""chop_age_min"":12,""current_spread_ratio_max"":1.5,""imbalance_min"":0.015,""intensity_min"":0.5,""prior_spread_ratio_min"":1.02,""require_body_alignment"":true,""session"":""LONDON""}"
33207,c4a01c68e8b99fc6,32207,CHOP,CHOP_POST_SHOCK_NORMALIZATION_REVERSE,422,84,"{""book_min"":0.0,""chop_age_max"":432,""chop_age_min"":12,""current_spread_ratio_max"":1.25,""imbalance_min"":0.05,""intensity_min"":0.5,""prior_spread_ratio_min"":1.08,""require_body_alignment"":false,""session"":""LATE""}"
33208,4e325815c1c31919,32208,CHOP,CHOP_POST_SHOCK_NORMALIZATION_REVERSE,182,22,"{""book_min"":0.03,""chop_age_max"":144,""chop_age_min"":12,""current_spread_ratio_max"":1.1,""imbalance_min"":0.05,""intensity_min"":0.5,""prior_spread_ratio_min"":1.02,""require_body_alignment"":true,""session"":""NY""}"
33209,c6964d0525f449e3,32209,CHOP,CHOP_POST_SHOCK_NORMALIZATION_REVERSE,5172,995,"{""book_min"":0.03,""chop_age_max"":144,""chop_age_min"":12,""current_spread_ratio_max"":1.25,""imbalance_min"":0.005,""intensity_min"":0.3,""prior_spread_ratio_min"":1.02,""require_body_alignment"":true,""session"":""ALL""}"
33210,538ec3da1e1a27cd,32210,CHOP,CHOP_POST_SHOCK_NORMALIZATION_REVERSE,250,47,"{""book_min"":0.03,""chop_age_max"":144,""chop_age_min"":1,""current_spread_ratio_max"":1.25,""imbalance_min"":0.015,""intensity_min"":0.8,""prior_spread_ratio_min"":1.08,""require_body_alignment"":true,""session"":""LONDON""}"
33211,324c5c809075110d,32211,CHOP,CHOP_POST_SHOCK_NORMALIZATION_REVERSE,578,79,"{""book_min"":0.0,""chop_age_max"":2000,""chop_age_min"":1,""current_spread_ratio_max"":1.25,""imbalance_min"":0.05,""intensity_min"":0.8,""prior_spread_ratio_min"":1.02,""require_body_alignment"":true,""session"":""ASIA""}"
33212,98509c233a4ae6c9,32212,CHOP,CHOP_POST_SHOCK_NORMALIZATION_REVERSE,902,199,"{""book_min"":0.06,""chop_age_max"":48,""chop_age_min"":12,""current_spread_ratio_max"":1.25,""imbalance_min"":0.015,""intensity_min"":0.3,""prior_spread_ratio_min"":1.08,""require_body_alignment"":false,""session"":""ALL""}"
33213,f9f79050f14e31e6,32213,CHOP,CHOP_POST_SHOCK_NORMALIZATION_REVERSE,1958,313,"{""book_min"":0.0,""chop_age_max"":2000,""chop_age_min"":12,""current_spread_ratio_max"":1.1,""imbalance_min"":0.005,""intensity_min"":0.3,""prior_spread_ratio_min"":1.08,""require_body_alignment"":false,""session"":""LONDON""}"
33214,00981cde58e37c16,32214,CHOP,CHOP_POST_SHOCK_NORMALIZATION_REVERSE,767,153,"{""book_min"":0.06,""chop_age_max"":144,""chop_age_min"":48,""current_spread_ratio_max"":1.0,""imbalance_min"":0.015,""intensity_min"":0.5,""prior_spread_ratio_min"":1.02,""require_body_alignment"":true,""session"":""ALL""}"
33215,1e0d126ac6dc58bf,32215,CHOP,CHOP_POST_SHOCK_NORMALIZATION_REVERSE,210,19,"{""book_min"":0.03,""chop_age_max"":144,""chop_age_min"":1,""current_spread_ratio_max"":1.5,""imbalance_min"":0.005,""intensity_min"":0.3,""prior_spread_ratio_min"":1.15,""require_body_alignment"":true,""session"":""NY""}"
33216,b775043654a9dea3,32216,CHOP,CHOP_POST_SHOCK_NORMALIZATION_REVERSE,1664,379,"{""book_min"":0.03,""chop_age_max"":432,""chop_age_min"":48,""current_spread_ratio_max"":1.1,""imbalance_min"":0.015,""intensity_min"":0.8,""prior_spread_ratio_min"":1.02,""require_body_alignment"":false,""session"":""NY""}"
33217,ba9414e64566e7fe,32217,CHOP,CHOP_POST_SHOCK_NORMALIZATION_REVERSE,254,15,"{""book_min"":0.03,""chop_age_max"":2000,""chop_age_min"":1,""current_spread_ratio_max"":1.5,""imbalance_min"":0.05,""intensity_min"":0.3,""prior_spread_ratio_min"":1.15,""require_body_alignment"":true,""session"":""ASIA""}"
33218,7bf35c76b381a183,32218,CHOP,CHOP_POST_SHOCK_NORMALIZATION_REVERSE,1115,232,"{""book_min"":0.06,""chop_age_max"":432,""chop_age_min"":12,""current_spread_ratio_max"":1.0,""imbalance_min"":0.03,""intensity_min"":0.8,""prior_spread_ratio_min"":1.02,""require_body_alignment"":true,""session"":""ALL""}"
33219,f523f681124fa520,32219,CHOP,CHOP_POST_SHOCK_NORMALIZATION_REVERSE,6045,1234,"{""book_min"":0.0,""chop_age_max"":2000,""chop_age_min"":12,""current_spread_ratio_max"":1.5,""imbalance_min"":0.005,""intensity_min"":0.5,""prior_spread_ratio_min"":1.02,""require_body_alignment"":false,""session"":""NY""}"
33220,f9a6c6777ae80af1,32220,CHOP,CHOP_POST_SHOCK_NORMALIZATION_REVERSE,143,27,"{""book_min"":0.03,""chop_age_max"":48,""chop_age_min"":1,""current_spread_ratio_max"":1.0,""imbalance_min"":0.015,""intensity_min"":0.3,""prior_spread_ratio_min"":1.15,""require_body_alignment"":false,""session"":""ALL""}"
33221,382c72be5205aa36,32221,CHOP,CHOP_POST_SHOCK_NORMALIZATION_REVERSE,894,121,"{""book_min"":0.03,""chop_age_max"":2000,""chop_age_min"":48,""current_spread_ratio_max"":1.1,""imbalance_min"":0.03,""intensity_min"":0.8,""prior_spread_ratio_min"":1.02,""require_body_alignment"":true,""session"":""LONDON""}"
33222,7019c1138e52aca1,32222,CHOP,CHOP_POST_SHOCK_NORMALIZATION_REVERSE,1531,295,"{""book_min"":0.06,""chop_age_max"":432,""chop_age_min"":12,""current_spread_ratio_max"":1.0,""imbalance_min"":0.005,""intensity_min"":0.5,""prior_spread_ratio_min"":1.02,""require_body_alignment"":false,""session"":""LONDON""}"
33223,d18473f756faa7d1,32223,CHOP,CHOP_POST_SHOCK_NORMALIZATION_REVERSE,2253,504,"{""book_min"":0.06,""chop_age_max"":432,""chop_age_min"":1,""current_spread_ratio_max"":1.25,""imbalance_min"":0.005,""intensity_min"":0.8,""prior_spread_ratio_min"":1.02,""require_body_alignment"":false,""session"":""ASIA""}"
33224,14d16119d6fbc883,32224,CHOP,CHOP_POST_SHOCK_NORMALIZATION_REVERSE,6331,1223,"{""book_min"":0.0,""chop_age_max"":2000,""chop_age_min"":1,""current_spread_ratio_max"":1.25,""imbalance_min"":0.005,""intensity_min"":0.5,""prior_spread_ratio_min"":1.02,""require_body_alignment"":false,""session"":""LONDON""}"
33225,cafa6a3956d777ce,32225,CHOP,CHOP_POST_SHOCK_NORMALIZATION_REVERSE,885,185,"{""book_min"":0.0,""chop_age_max"":144,""chop_age_min"":1,""current_spread_ratio_max"":1.1,""imbalance_min"":0.005,""intensity_min"":0.3,""prior_spread_ratio_min"":1.08,""require_body_alignment"":false,""session"":""NY""}"
33226,020de8c8a2e3429d,32226,CHOP,CHOP_POST_SHOCK_NORMALIZATION_REVERSE,159,27,"{""book_min"":0.06,""chop_age_max"":144,""chop_age_min"":48,""current_spread_ratio_max"":1.25,""imbalance_min"":0.03,""intensity_min"":0.8,""prior_spread_ratio_min"":1.08,""require_body_alignment"":true,""session"":""ASIA""}"
33227,c3594cb078a1e687,32227,CHOP,CHOP_POST_SHOCK_NORMALIZATION_REVERSE,273,49,"{""book_min"":0.06,""chop_age_max"":48,""chop_age_min"":1,""current_spread_ratio_max"":1.25,""imbalance_min"":0.03,""intensity_min"":0.3,""prior_spread_ratio_min"":1.02,""require_body_alignment"":true,""session"":""LATE""}"
33228,843d439ac5628d64,32228,CHOP,CHOP_POST_SHOCK_NORMALIZATION_REVERSE,3384,608,"{""book_min"":0.0,""chop_age_max"":2000,""chop_age_min"":48,""current_spread_ratio_max"":1.5,""imbalance_min"":0.015,""intensity_min"":0.8,""prior_spread_ratio_min"":1.02,""require_body_alignment"":false,""session"":""NY""}"
33229,cd5a00af5bf3a8ac,32229,CHOP,CHOP_POST_SHOCK_NORMALIZATION_REVERSE,485,37,"{""book_min"":0.0,""chop_age_max"":432,""chop_age_min"":48,""current_spread_ratio_max"":1.5,""imbalance_min"":0.05,""intensity_min"":0.3,""prior_spread_ratio_min"":1.02,""require_body_alignment"":true,""session"":""LONDON""}"
33230,8ef8147d18826703,32230,CHOP,CHOP_POST_SHOCK_NORMALIZATION_REVERSE,175,32,"{""book_min"":0.0,""chop_age_max"":48,""chop_age_min"":1,""current_spread_ratio_max"":1.0,""imbalance_min"":0.015,""intensity_min"":0.3,""prior_spread_ratio_min"":1.15,""require_body_alignment"":false,""session"":""ALL""}"
33231,efffd5c638cae896,32231,CHOP,CHOP_POST_SHOCK_NORMALIZATION_REVERSE,1182,256,"{""book_min"":0.03,""chop_age_max"":144,""chop_age_min"":1,""current_spread_ratio_max"":1.0,""imbalance_min"":0.015,""intensity_min"":0.3,""prior_spread_ratio_min"":1.08,""require_body_alignment"":false,""session"":""ALL""}"
33232,367aff20856a1595,32232,CHOP,CHOP_POST_SHOCK_NORMALIZATION_REVERSE,813,147,"{""book_min"":0.0,""chop_age_max"":2000,""chop_age_min"":1,""current_spread_ratio_max"":1.0,""imbalance_min"":0.015,""intensity_min"":0.5,""prior_spread_ratio_min"":1.08,""require_body_alignment"":false,""session"":""NY""}"
33233,8668729a8473660d,32233,CHOP,CHOP_POST_SHOCK_NORMALIZATION_REVERSE,151,24,"{""book_min"":0.03,""chop_age_max"":144,""chop_age_min"":48,""current_spread_ratio_max"":1.5,""imbalance_min"":0.005,""intensity_min"":0.3,""prior_spread_ratio_min"":1.3,""require_body_alignment"":true,""session"":""ALL""}"
33234,2edb11e9deff7d02,32234,CHOP,CHOP_POST_SHOCK_NORMALIZATION_REVERSE,2352,403,"{""book_min"":0.0,""chop_age_max"":144,""chop_age_min"":1,""current_spread_ratio_max"":1.25,""imbalance_min"":0.005,""intensity_min"":0.3,""prior_spread_ratio_min"":1.08,""require_body_alignment"":false,""session"":""ASIA""}"
33235,c3e703c8e3f57287,32235,CHOP,CHOP_POST_SHOCK_NORMALIZATION_REVERSE,497,57,"{""book_min"":0.03,""chop_age_max"":2000,""chop_age_min"":48,""current_spread_ratio_max"":1.1,""imbalance_min"":0.05,""intensity_min"":0.8,""prior_spread_ratio_min"":1.08,""require_body_alignment"":true,""session"":""ALL""}"
33236,95ee53cb4ab35653,32236,CHOP,CHOP_POST_SHOCK_NORMALIZATION_REVERSE,1091,254,"{""book_min"":0.0,""chop_age_max"":2000,""chop_age_min"":12,""current_spread_ratio_max"":1.1,""imbalance_min"":0.005,""intensity_min"":0.5,""prior_spread_ratio_min"":1.08,""require_body_alignment"":true,""session"":""NY""}"
33237,0ca110404339158f,32237,CHOP,CHOP_POST_SHOCK_NORMALIZATION_REVERSE,206,43,"{""book_min"":0.03,""chop_age_max"":48,""chop_age_min"":1,""current_spread_ratio_max"":1.5,""imbalance_min"":0.015,""intensity_min"":0.3,""prior_spread_ratio_min"":1.15,""require_body_alignment"":true,""session"":""LATE""}"
33238,ac803bbcf1848db4,32238,CHOP,CHOP_POST_SHOCK_NORMALIZATION_REVERSE,1339,258,"{""book_min"":0.0,""chop_age_max"":144,""chop_age_min"":12,""current_spread_ratio_max"":1.25,""imbalance_min"":0.005,""intensity_min"":0.3,""prior_spread_ratio_min"":1.08,""require_body_alignment"":true,""session"":""ASIA""}"
