trade_id,source_id,component,expected_regime,direction,signal_time_broker,entry_time_broker,exit_time_broker,native_run_id,native_account,native_symbol,native_magic,native_position_id,native_entry_order,native_entry_deal,native_exit_order,native_exit_deal,executed_volume,actual_entry_price,original_sl,original_tp,order_bid,order_ask,spread_points,estimated_cost_r,signal_reason,native_exit_reason_code
r2_pullback_rejection_short_v1::BT_A1_XAU_R2_H1_M5_BODY58_HOURS05_18::1025742::XAUUSD::932200::2,r2_pullback_rejection_short_v1,R2,DOWNTREND,SHORT,2022.07.01 17:00:00,2022.07.01 17:00:00,2022.07.03 22:02:00,BT_A1_XAU_R2_H1_M5_BODY58_HOURS05_18,1025742,XAUUSD,932200,2,2,2,3,3,0.01,1799.38,1810.35,1777.45,1799.38,1799.40,2,0.0018,R2_H1_EMA_PULLBACK_REJECTION_SHORT_H1,4
r2_pullback_rejection_short_v1::BT_A1_XAU_R2_H1_M5_BODY58_HOURS05_18::1025742::XAUUSD::932200::4,r2_pullback_rejection_short_v1,R2,DOWNTREND,SHORT,2022.07.06 11:00:00,2022.07.06 11:00:00,2022.07.06 15:09:39,BT_A1_XAU_R2_H1_M5_BODY58_HOURS05_18,1025742,XAUUSD,932200,4,4,4,5,5,0.01,1761.23,1772.80,1738.09,1761.23,1761.24,1,0.0009,R2_H1_EMA_PULLBACK_REJECTION_SHORT_H1,5
r2_pullback_rejection_short_v1::BT_A1_XAU_R2_H1_M5_BODY58_HOURS05_18::1025742::XAUUSD::932200::6,r2_pullback_rejection_short_v1,R2,DOWNTREND,SHORT,2022.07.07 07:00:00,2022.07.07 07:00:00,2022.07.07 13:51:42,BT_A1_XAU_R2_H1_M5_BODY58_HOURS05_18,1025742,XAUUSD,932200,6,6,6,7,7,0.01,1743.52,1748.79,1732.99,1743.52,1743.59,7,0.0133,R2_H1_EMA_PULLBACK_REJECTION_SHORT_H1,4
r2_pullback_rejection_short_v1::BT_A1_XAU_R2_H1_M5_BODY58_HOURS05_18::1025742::XAUUSD::932200::8,r2_pullback_rejection_short_v1,R2,DOWNTREND,SHORT,2022.07.07 18:00:00,2022.07.07 18:00:00,2022.07.08 00:53:40,BT_A1_XAU_R2_H1_M5_BODY58_HOURS05_18,1025742,XAUUSD,932200,8,8,8,9,9,0.01,1740.45,1744.22,1732.91,1740.45,1740.51,6,0.0159,R2_H1_EMA_PULLBACK_REJECTION_SHORT_H1,4
r2_pullback_rejection_short_v1::BT_A1_XAU_R2_H1_M5_BODY58_HOURS05_18::1025742::XAUUSD::932200::10,r2_pullback_rejection_short_v1,R2,DOWNTREND,SHORT,2022.07.11 17:00:00,2022.07.11 17:00:00,2022.07.12 01:30:40,BT_A1_XAU_R2_H1_M5_BODY58_HOURS05_18,1025742,XAUUSD,932200,10,10,10,11,11,0.01,1735.05,1742.54,1720.06,1735.05,1735.06,1,0.0013,R2_H1_EMA_PULLBACK_REJECTION_SHORT_H1,4
r2_pullback_rejection_short_v1::BT_A1_XAU_R2_H1_M5_BODY58_HOURS05_18::1025742::XAUUSD::932200::12,r2_pullback_rejection_short_v1,R2,DOWNTREND,SHORT,2022.07.12 05:00:00,2022.07.12 05:00:00,2022.07.12 08:38:29,BT_A1_XAU_R2_H1_M5_BODY58_HOURS05_18,1025742,XAUUSD,932200,12,12,12,13,13,0.01,1728.94,1738.41,1710.00,1728.94,1728.99,5,0.0053,R2_H1_EMA_PULLBACK_REJECTION_SHORT_H1,4
r2_pullback_rejection_short_v1::BT_A1_XAU_R2_H1_M5_BODY58_HOURS05_18::1025742::XAUUSD::932200::14,r2_pullback_rejection_short_v1,R2,DOWNTREND,SHORT,2022.07.14 07:00:00,2022.07.14 07:00:00,2022.07.20 19:54:26,BT_A1_XAU_R2_H1_M5_BODY58_HOURS05_18,1025742,XAUUSD,932200,14,14,14,20,20,0.01,1721.15,1733.33,1696.79,1721.15,1721.17,2,0.0016,R2_H1_EMA_PULLBACK_REJECTION_SHORT_H1,5
r2_pullback_rejection_short_v1::BT_A1_XAU_R2_H1_M5_BODY58_HOURS05_18::1025742::XAUUSD::932200::15,r2_pullback_rejection_short_v1,R2,DOWNTREND,SHORT,2022.07.15 12:00:00,2022.07.15 12:00:00,2022.07.15 12:37:37,BT_A1_XAU_R2_H1_M5_BODY58_HOURS05_18,1025742,XAUUSD,932200,15,15,15,16,16,0.01,1704.52,1709.05,1695.46,1704.52,1704.60,8,0.0177,R2_H1_EMA_PULLBACK_REJECTION_SHORT_H1,4
r2_pullback_rejection_short_v1::BT_A1_XAU_R2_H1_M5_BODY58_HOURS05_18::1025742::XAUUSD::932200::17,r2_pullback_rejection_short_v1,R2,DOWNTREND,SHORT,2022.07.18 18:00:00,2022.07.18 18:00:00,2022.07.19 10:50:02,BT_A1_XAU_R2_H1_M5_BODY58_HOURS05_18,1025742,XAUUSD,932200,17,17,17,18,18,0.01,1709.89,1716.40,1696.87,1709.89,1709.96,7,0.0108,R2_H1_EMA_PULLBACK_REJECTION_SHORT_H1,4
r2_pullback_rejection_short_v1::BT_A1_XAU_R2_H1_M5_BODY58_HOURS05_18::1025742::XAUUSD::932200::19,r2_pullback_rejection_short_v1,R2,DOWNTREND,SHORT,2022.07.20 18:00:00,2022.07.20 18:00:00,2022.07.21 14:56:40,BT_A1_XAU_R2_H1_M5_BODY58_HOURS05_18,1025742,XAUUSD,932200,19,19,19,21,21,0.01,1700.13,1710.91,1678.57,1700.13,1700.21,8,0.0074,R2_H1_EMA_PULLBACK_REJECTION_SHORT_H1,4
r2_pullback_rejection_short_v1::BT_A1_XAU_R2_H1_M5_BODY58_HOURS05_18::1025742::XAUUSD::932200::22,r2_pullback_rejection_short_v1,R2,DOWNTREND,SHORT,2022.08.22 05:00:00,2022.08.22 05:00:00,2022.08.22 08:17:01,BT_A1_XAU_R2_H1_M5_BODY58_HOURS05_18,1025742,XAUUSD,932200,22,22,22,24,24,0.01,1744.75,1749.75,1734.75,1744.75,1744.85,10,0.0200,R2_H1_EMA_PULLBACK_REJECTION_SHORT_H1,5
r2_pullback_rejection_short_v1::BT_A1_XAU_R2_H1_M5_BODY58_HOURS05_18::1025742::XAUUSD::932200::23,r2_pullback_rejection_short_v1,R2,DOWNTREND,SHORT,2022.08.22 06:00:00,2022.08.22 06:00:00,2022.08.22 11:42:38,BT_A1_XAU_R2_H1_M5_BODY58_HOURS05_18,1025742,XAUUSD,932200,23,23,23,25,25,0.01,1743.59,1749.64,1731.50,1743.59,1743.69,10,0.0165,R2_H1_EMA_PULLBACK_REJECTION_SHORT_H1,5
r2_pullback_rejection_short_v1::BT_A1_XAU_R2_H1_M5_BODY58_HOURS05_18::1025742::XAUUSD::932200::26,r2_pullback_rejection_short_v1,R2,DOWNTREND,SHORT,2022.08.30 07:00:00,2022.08.30 07:00:00,2022.08.30 08:31:29,BT_A1_XAU_R2_H1_M5_BODY58_HOURS05_18,1025742,XAUUSD,932200,26,26,26,27,27,0.01,1732.50,1737.65,1722.19,1732.50,1732.60,10,0.0194,R2_H1_EMA_PULLBACK_REJECTION_SHORT_H1,4
r2_pullback_rejection_short_v1::BT_A1_XAU_R2_H1_M5_BODY58_HOURS05_18::1025742::XAUUSD::932200::28,r2_pullback_rejection_short_v1,R2,DOWNTREND,SHORT,2022.08.30 15:00:00,2022.08.30 15:00:00,2022.09.01 02:02:26,BT_A1_XAU_R2_H1_M5_BODY58_HOURS05_18,1025742,XAUUSD,932200,28,28,28,34,34,0.01,1724.02,1734.57,1702.91,1724.02,1724.12,10,0.0095,R2_H1_EMA_PULLBACK_REJECTION_SHORT_H1,5
r2_pullback_rejection_short_v1::BT_A1_XAU_R2_H1_M5_BODY58_HOURS05_18::1025742::XAUUSD::932200::29,r2_pullback_rejection_short_v1,R2,DOWNTREND,SHORT,2022.08.31 07:00:00,2022.08.31 07:00:00,2022.08.31 09:26:20,BT_A1_XAU_R2_H1_M5_BODY58_HOURS05_18,1025742,XAUUSD,932200,29,29,29,30,30,0.01,1722.13,1727.01,1712.36,1722.13,1722.23,10,0.0205,R2_H1_EMA_PULLBACK_REJECTION_SHORT_H1,5
r2_pullback_rejection_short_v1::BT_A1_XAU_R2_H1_M5_BODY58_HOURS05_18::1025742::XAUUSD::932200::31,r2_pullback_rejection_short_v1,R2,DOWNTREND,SHORT,2022.08.31 10:00:00,2022.08.31 10:00:00,2022.09.06 00:48:40,BT_A1_XAU_R2_H1_M5_BODY58_HOURS05_18,1025742,XAUUSD,932200,31,31,31,37,37,0.01,1711.03,1723.79,1685.50,1711.03,1711.13,10,0.0078,R2_H1_EMA_PULLBACK_REJECTION_SHORT_H1,4
r2_pullback_rejection_short_v1::BT_A1_XAU_R2_H1_M5_BODY58_HOURS05_18::1025742::XAUUSD::932200::32,r2_pullback_rejection_short_v1,R2,DOWNTREND,SHORT,2022.08.31 16:00:00,2022.08.31 16:00:00,2022.08.31 22:21:25,BT_A1_XAU_R2_H1_M5_BODY58_HOURS05_18,1025742,XAUUSD,932200,32,32,32,33,33,0.01,1718.74,1724.67,1706.88,1718.74,1718.84,10,0.0169,R2_H1_EMA_PULLBACK_REJECTION_SHORT_H1,5
r2_pullback_rejection_short_v1::BT_A1_XAU_R2_H1_M5_BODY58_HOURS05_18::1025742::XAUUSD::932200::35,r2_pullback_rejection_short_v1,R2,DOWNTREND,SHORT,2022.09.01 15:00:00,2022.09.01 15:00:00,2022.09.02 09:25:18,BT_A1_XAU_R2_H1_M5_BODY58_HOURS05_18,1025742,XAUUSD,932200,35,35,35,36,36,0.01,1692.17,1705.29,1665.93,1692.17,1692.27,10,0.0076,R2_H1_EMA_PULLBACK_REJECTION_SHORT_H1,4
r2_pullback_rejection_short_v1::BT_A1_XAU_R2_H1_M5_BODY58_HOURS05_18::1025742::XAUUSD::932200::38,r2_pullback_rejection_short_v1,R2,DOWNTREND,SHORT,2022.09.14 16:00:00,2022.09.14 16:00:00,2022.09.14 19:00:04,BT_A1_XAU_R2_H1_M5_BODY58_HOURS05_18,1025742,XAUUSD,932200,38,38,38,41,41,0.01,1703.67,1708.06,1694.90,1703.67,1703.77,10,0.0228,R2_H1_EMA_PULLBACK_REJECTION_SHORT_H1,5
r2_pullback_rejection_short_v1::BT_A1_XAU_R2_H1_M5_BODY58_HOURS05_18::1025742::XAUUSD::932200::39,r2_pullback_rejection_short_v1,R2,DOWNTREND,SHORT,2022.09.14 17:00:00,2022.09.14 17:00:00,2022.09.15 04:55:26,BT_A1_XAU_R2_H1_M5_BODY58_HOURS05_18,1025742,XAUUSD,932200,39,39,39,42,42,0.01,1701.27,1707.78,1688.25,1701.27,1701.37,10,0.0154,R2_H1_EMA_PULLBACK_REJECTION_SHORT_H1,5
r2_pullback_rejection_short_v1::BT_A1_XAU_R2_H1_M5_BODY58_HOURS05_18::1025742::XAUUSD::932200::40,r2_pullback_rejection_short_v1,R2,DOWNTREND,SHORT,2022.09.14 18:00:00,2022.09.14 18:00:00,2022.09.15 14:49:37,BT_A1_XAU_R2_H1_M5_BODY58_HOURS05_18,1025742,XAUUSD,932200,40,40,40,43,43,0.01,1697.63,1707.80,1677.29,1697.63,1697.73,10,0.0098,R2_H1_EMA_PULLBACK_REJECTION_SHORT_H1,5
r2_pullback_rejection_short_v1::BT_A1_XAU_R2_H1_M5_BODY58_HOURS05_18::1025742::XAUUSD::932200::44,r2_pullback_rejection_short_v1,R2,DOWNTREND,SHORT,2022.09.21 05:00:00,2022.09.21 05:00:00,2022.09.21 06:03:42,BT_A1_XAU_R2_H1_M5_BODY58_HOURS05_18,1025742,XAUUSD,932200,44,44,44,45,45,0.01,1661.98,1667.10,1651.73,1661.98,1662.08,10,0.0195,R2_H1_EMA_PULLBACK_REJECTION_SHORT_H1,4
r2_pullback_rejection_short_v1::BT_A1_XAU_R2_H1_M5_BODY58_HOURS05_18::1025742::XAUUSD::932200::46,r2_pullback_rejection_short_v1,R2,DOWNTREND,SHORT,2022.09.26 10:00:00,2022.09.26 10:00:00,2022.09.26 17:35:29,BT_A1_XAU_R2_H1_M5_BODY58_HOURS05_18,1025742,XAUUSD,932200,46,46,46,47,47,0.01,1641.92,1651.49,1622.78,1641.92,1642.02,10,0.0104,R2_H1_EMA_PULLBACK_REJECTION_SHORT_H1,5
r2_pullback_rejection_short_v1::BT_A1_XAU_R2_H1_M5_BODY58_HOURS05_18::1025742::XAUUSD::932200::48,r2_pullback_rejection_short_v1,R2,DOWNTREND,SHORT,2022.10.20 09:00:00,2022.10.20 09:00:00,2022.10.20 09:47:38,BT_A1_XAU_R2_H1_M5_BODY58_HOURS05_18,1025742,XAUUSD,932200,48,48,48,49,49,0.01,1629.26,1635.05,1617.68,1629.26,1629.30,4,0.0069,R2_H1_EMA_PULLBACK_REJECTION_SHORT_H1,4
r2_pullback_rejection_short_v1::BT_A1_XAU_R2_H1_M5_BODY58_HOURS05_18::1025742::XAUUSD::932200::50,r2_pullback_rejection_short_v1,R2,DOWNTREND,SHORT,2022.10.21 12:00:00,2022.10.21 12:00:00,2022.10.21 12:58:21,BT_A1_XAU_R2_H1_M5_BODY58_HOURS05_18,1025742,XAUUSD,932200,50,50,50,51,51,0.01,1623.18,1629.04,1611.47,1623.18,1623.22,4,0.0068,R2_H1_EMA_PULLBACK_REJECTION_SHORT_H1,4
r2_pullback_rejection_short_v1::BT_A1_XAU_R2_H1_M5_BODY58_HOURS05_18::1025742::XAUUSD::932200::52,r2_pullback_rejection_short_v1,R2,DOWNTREND,SHORT,2022.10.31 05:00:00,2022.10.31 05:00:00,2022.10.31 18:59:15,BT_A1_XAU_R2_H1_M5_BODY58_HOURS05_18,1025742,XAUUSD,932200,52,52,52,55,55,0.01,1641.56,1646.41,1631.86,1641.56,1641.60,4,0.0082,R2_H1_EMA_PULLBACK_REJECTION_SHORT_H1,5
r2_pullback_rejection_short_v1::BT_A1_XAU_R2_H1_M5_BODY58_HOURS05_18::1025742::XAUUSD::932200::53,r2_pullback_rejection_short_v1,R2,DOWNTREND,SHORT,2022.10.31 08:00:00,2022.10.31 08:00:00,2022.11.01 05:58:31,BT_A1_XAU_R2_H1_M5_BODY58_HOURS05_18,1025742,XAUUSD,932200,53,53,53,57,57,0.01,1637.12,1645.40,1620.56,1637.12,1637.16,4,0.0048,R2_H1_EMA_PULLBACK_REJECTION_SHORT_H1,4
r2_pullback_rejection_short_v1::BT_A1_XAU_R2_H1_M5_BODY58_HOURS05_18::1025742::XAUUSD::932200::54,r2_pullback_rejection_short_v1,R2,DOWNTREND,SHORT,2022.10.31 17:00:00,2022.10.31 17:00:00,2022.11.01 05:04:34,BT_A1_XAU_R2_H1_M5_BODY58_HOURS05_18,1025742,XAUUSD,932200,54,54,54,56,56,0.01,1635.46,1642.21,1621.97,1635.46,1635.50,4,0.0059,R2_H1_EMA_PULLBACK_REJECTION_SHORT_H1,4
h4_d1_long_best_box2_atr80::BT_A1_XAU_ROUTER_V1_R1_LONG_BOX2_PREVHEALTH::1025742::XAUUSD::932200::2,h4_d1_long_best_box2_atr80,R1,UPTREND,LONG,2022.11.24 04:00:00,2022.11.24 04:00:00,2022.12.13 13:00:42,BT_A1_XAU_ROUTER_V1_R1_LONG_BOX2_PREVHEALTH,1025742,XAUUSD,932200,2,2,2,11,11,0.01,1755.77,1727.27,1812.77,1755.73,1755.77,4,0.0014,D1_COMPRESSION_H4_EXPANSION_LONG,5
h4_d1_long_best_box2_atr80::BT_A1_XAU_ROUTER_V1_R1_LONG_BOX2_PREVHEALTH::1025742::XAUUSD::932200::3,h4_d1_long_best_box2_atr80,R1,UPTREND,LONG,2022.11.24 12:00:00,2022.11.24 12:00:00,2022.12.13 13:14:31,BT_A1_XAU_ROUTER_V1_R1_LONG_BOX2_PREVHEALTH,1025742,XAUUSD,932200,3,3,3,12,12,0.01,1757.46,1727.35,1817.68,1757.42,1757.46,4,0.0013,D1_COMPRESSION_H4_EXPANSION_LONG,5
r1_h1_pullback_long_v1::BT_A1_XAU_R1_PULLBACK_LONG_V2_M15_SESSION_09_15::1025742::XAUUSD::932200::2,r1_h1_pullback_long_v1,R1,UPTREND,LONG,2022.11.28 12:45:00,2022.11.28 12:45:00,2022.11.28 13:21:19,BT_A1_XAU_R1_PULLBACK_LONG_V2_M15_SESSION_09_15,1025742,XAUUSD,932200,2,2,2,3,3,0.01,1754.92,1749.79,1765.18,1754.88,1754.92,4,0.0078,R1_H1_EMA_PULLBACK_LONG_M15,4
h4_d1_long_best_box2_atr80::BT_A1_XAU_ROUTER_V1_R1_LONG_BOX2_PREVHEALTH::1025742::XAUUSD::932200::4,h4_d1_long_best_box2_atr80,R1,UPTREND,LONG,2022.11.30 20:00:00,2022.11.30 20:00:00,2022.12.27 14:35:31,BT_A1_XAU_ROUTER_V1_R1_LONG_BOX2_PREVHEALTH,1025742,XAUUSD,932200,4,4,4,19,19,0.01,1769.94,1739.69,1830.44,1769.90,1769.94,4,0.0013,D1_COMPRESSION_H4_EXPANSION_LONG,5
h4_d1_long_best_box2_atr80::BT_A1_XAU_ROUTER_V1_R1_LONG_BOX2_PREVHEALTH::1025742::XAUUSD::932200::5,h4_d1_long_best_box2_atr80,R1,UPTREND,LONG,2022.12.01 12:00:00,2022.12.01 12:00:00,2023.01.09 00:45:28,BT_A1_XAU_ROUTER_V1_R1_LONG_BOX2_PREVHEALTH,1025742,XAUUSD,932200,5,5,5,30,30,0.01,1784.92,1740.37,1874.02,1784.88,1784.92,4,0.0009,D1_COMPRESSION_H4_EXPANSION_LONG,5
h4_d1_long_best_box2_atr80::BT_A1_XAU_ROUTER_V1_R1_LONG_BOX2_PREVHEALTH::1025742::XAUUSD::932200::6,h4_d1_long_best_box2_atr80,R1,UPTREND,LONG,2022.12.01 16:00:00,2022.12.01 16:00:00,2023.01.16 01:50:15,BT_A1_XAU_ROUTER_V1_R1_LONG_BOX2_PREVHEALTH,1025742,XAUUSD,932200,6,6,6,42,42,0.01,1802.45,1740.27,1926.81,1802.41,1802.45,4,0.0006,D1_COMPRESSION_H4_EXPANSION_LONG,5
r1_h1_pullback_long_v1::BT_A1_XAU_R1_PULLBACK_LONG_V2_M15_SESSION_09_15::1025742::XAUUSD::932200::4,r1_h1_pullback_long_v1,R1,UPTREND,LONG,2022.12.02 11:30:00,2022.12.02 11:30:00,2022.12.02 12:30:20,BT_A1_XAU_R1_PULLBACK_LONG_V2_M15_SESSION_09_15,1025742,XAUUSD,932200,4,4,4,7,7,0.01,1798.67,1795.17,1805.67,1798.63,1798.67,4,0.0114,R1_H1_EMA_PULLBACK_LONG_M15,4
r1_h1_pullback_long_v1::BT_A1_XAU_R1_PULLBACK_LONG_V2_M15_SESSION_09_15::1025742::XAUUSD::932200::5,r1_h1_pullback_long_v1,R1,UPTREND,LONG,2022.12.02 12:00:00,2022.12.02 12:00:00,2022.12.02 12:30:19,BT_A1_XAU_R1_PULLBACK_LONG_V2_M15_SESSION_09_15,1025742,XAUUSD,932200,5,5,5,6,6,0.01,1799.53,1796.03,1806.53,1799.49,1799.53,4,0.0114,R1_H1_EMA_PULLBACK_LONG_M15,4
h4_d1_long_best_box2_atr80::BT_A1_XAU_ROUTER_V1_R1_LONG_BOX2_PREVHEALTH::1025742::XAUUSD::932200::7,h4_d1_long_best_box2_atr80,R1,UPTREND,LONG,2022.12.05 04:00:00,2022.12.05 04:00:00,2022.12.05 14:01:28,BT_A1_XAU_ROUTER_V1_R1_LONG_BOX2_PREVHEALTH,1025742,XAUUSD,932200,7,7,7,8,8,0.01,1808.84,1778.51,1869.50,1808.80,1808.84,4,0.0013,D1_COMPRESSION_H4_EXPANSION_LONG,4
r1_h1_pullback_long_v1::BT_A1_XAU_R1_PULLBACK_LONG_V2_M15_SESSION_09_15::1025742::XAUUSD::932200::8,r1_h1_pullback_long_v1,R1,UPTREND,LONG,2022.12.08 09:00:00,2022.12.08 09:00:00,2022.12.08 12:33:38,BT_A1_XAU_R1_PULLBACK_LONG_V2_M15_SESSION_09_15,1025742,XAUUSD,932200,8,8,8,14,14,0.01,1783.40,1779.90,1790.40,1783.32,1783.40,8,0.0229,R1_H1_EMA_PULLBACK_LONG_M15,5
r1_h1_pullback_long_v1::BT_A1_XAU_R1_PULLBACK_LONG_V2_M15_SESSION_09_15::1025742::XAUUSD::932200::9,r1_h1_pullback_long_v1,R1,UPTREND,LONG,2022.12.08 09:30:00,2022.12.08 09:30:00,2022.12.08 12:36:30,BT_A1_XAU_R1_PULLBACK_LONG_V2_M15_SESSION_09_15,1025742,XAUUSD,932200,9,9,9,17,17,0.01,1784.25,1780.75,1791.25,1784.20,1784.25,5,0.0143,R1_H1_EMA_PULLBACK_LONG_M15,5
r1_h1_pullback_long_v1::BT_A1_XAU_R1_PULLBACK_LONG_V2_M15_SESSION_09_15::1025742::XAUUSD::932200::10,r1_h1_pullback_long_v1,R1,UPTREND,LONG,2022.12.08 10:00:00,2022.12.08 10:00:00,2022.12.08 12:36:21,BT_A1_XAU_R1_PULLBACK_LONG_V2_M15_SESSION_09_15,1025742,XAUUSD,932200,10,10,10,16,16,0.01,1783.82,1780.32,1790.82,1783.76,1783.82,6,0.0171,R1_H1_EMA_PULLBACK_LONG_M15,5
r1_h1_pullback_long_v1::BT_A1_XAU_R1_PULLBACK_LONG_V2_M15_SESSION_09_15::1025742::XAUUSD::932200::11,r1_h1_pullback_long_v1,R1,UPTREND,LONG,2022.12.08 10:30:00,2022.12.08 10:30:00,2022.12.08 12:33:42,BT_A1_XAU_R1_PULLBACK_LONG_V2_M15_SESSION_09_15,1025742,XAUUSD,932200,11,11,11,15,15,0.01,1783.61,1780.11,1790.61,1783.53,1783.61,8,0.0229,R1_H1_EMA_PULLBACK_LONG_M15,5
r1_h1_pullback_long_v1::BT_A1_XAU_R1_PULLBACK_LONG_V2_M15_SESSION_09_15::1025742::XAUUSD::932200::12,r1_h1_pullback_long_v1,R1,UPTREND,LONG,2022.12.08 11:15:00,2022.12.08 11:15:00,2022.12.08 14:26:41,BT_A1_XAU_R1_PULLBACK_LONG_V2_M15_SESSION_09_15,1025742,XAUUSD,932200,12,12,12,21,21,0.01,1786.05,1781.91,1794.33,1785.97,1786.05,8,0.0193,R1_H1_EMA_PULLBACK_LONG_M15,5
r1_h1_pullback_long_v1::BT_A1_XAU_R1_PULLBACK_LONG_V2_M15_SESSION_09_15::1025742::XAUUSD::932200::13,r1_h1_pullback_long_v1,R1,UPTREND,LONG,2022.12.08 12:00:00,2022.12.08 12:00:00,2022.12.08 14:25:31,BT_A1_XAU_R1_PULLBACK_LONG_V2_M15_SESSION_09_15,1025742,XAUUSD,932200,13,13,13,20,20,0.01,1786.19,1782.69,1793.19,1786.15,1786.19,4,0.0114,R1_H1_EMA_PULLBACK_LONG_M15,5
r1_h1_pullback_long_v1::BT_A1_XAU_R1_PULLBACK_LONG_V2_M15_SESSION_09_15::1025742::XAUUSD::932200::18,r1_h1_pullback_long_v1,R1,UPTREND,LONG,2022.12.08 13:00:00,2022.12.08 13:00:00,2022.12.09 10:58:26,BT_A1_XAU_R1_PULLBACK_LONG_V2_M15_SESSION_09_15,1025742,XAUUSD,932200,18,18,18,25,25,0.01,1789.62,1783.98,1800.90,1789.55,1789.62,7,0.0124,R1_H1_EMA_PULLBACK_LONG_M15,5
r1_h1_pullback_long_v1::BT_A1_XAU_R1_PULLBACK_LONG_V2_M15_SESSION_09_15::1025742::XAUUSD::932200::19,r1_h1_pullback_long_v1,R1,UPTREND,LONG,2022.12.08 14:00:00,2022.12.08 14:00:00,2022.12.12 14:40:20,BT_A1_XAU_R1_PULLBACK_LONG_V2_M15_SESSION_09_15,1025742,XAUUSD,932200,19,19,19,32,32,0.01,1792.52,1783.73,1810.11,1792.38,1792.52,14,0.0159,R1_H1_EMA_PULLBACK_LONG_M15,4
r1_h1_pullback_long_v1::BT_A1_XAU_R1_PULLBACK_LONG_V2_M15_SESSION_09_15::1025742::XAUUSD::932200::22,r1_h1_pullback_long_v1,R1,UPTREND,LONG,2022.12.08 14:30:00,2022.12.08 14:30:00,2022.12.12 14:40:20,BT_A1_XAU_R1_PULLBACK_LONG_V2_M15_SESSION_09_15,1025742,XAUUSD,932200,22,22,22,33,33,0.01,1794.52,1783.73,1816.10,1794.38,1794.52,14,0.0130,R1_H1_EMA_PULLBACK_LONG_M15,4
h4_d1_long_best_box2_atr80::BT_A1_XAU_ROUTER_V1_R1_LONG_BOX2_PREVHEALTH::1025742::XAUUSD::932200::9,h4_d1_long_best_box2_atr80,R1,UPTREND,LONG,2022.12.09 04:00:00,2022.12.09 04:00:00,2023.01.04 06:26:27,BT_A1_XAU_ROUTER_V1_R1_LONG_BOX2_PREVHEALTH,1025742,XAUUSD,932200,9,9,9,26,26,0.01,1796.71,1768.89,1852.35,1796.57,1796.71,14,0.0050,D1_COMPRESSION_H4_EXPANSION_LONG,5
r1_h1_pullback_long_v1::BT_A1_XAU_R1_PULLBACK_LONG_V2_M15_SESSION_09_15::1025742::XAUUSD::932200::23,r1_h1_pullback_long_v1,R1,UPTREND,LONG,2022.12.09 09:00:00,2022.12.09 09:00:00,2022.12.09 11:28:39,BT_A1_XAU_R1_PULLBACK_LONG_V2_M15_SESSION_09_15,1025742,XAUUSD,932200,23,23,23,27,27,0.01,1792.82,1788.64,1801.18,1792.68,1792.82,14,0.0335,R1_H1_EMA_PULLBACK_LONG_M15,5
r1_h1_pullback_long_v1::BT_A1_XAU_R1_PULLBACK_LONG_V2_M15_SESSION_09_15::1025742::XAUUSD::932200::24,r1_h1_pullback_long_v1,R1,UPTREND,LONG,2022.12.09 10:00:00,2022.12.09 10:00:00,2022.12.12 01:17:14,BT_A1_XAU_R1_PULLBACK_LONG_V2_M15_SESSION_09_15,1025742,XAUUSD,932200,24,24,24,31,31,0.01,1794.74,1788.57,1807.08,1794.60,1794.74,14,0.0227,R1_H1_EMA_PULLBACK_LONG_M15,4
r1_h1_pullback_long_v1::BT_A1_XAU_R1_PULLBACK_LONG_V2_M15_SESSION_09_15::1025742::XAUUSD::932200::26,r1_h1_pullback_long_v1,R1,UPTREND,LONG,2022.12.09 11:00:00,2022.12.09 11:00:00,2022.12.09 12:30:40,BT_A1_XAU_R1_PULLBACK_LONG_V2_M15_SESSION_09_15,1025742,XAUUSD,932200,26,26,26,28,28,0.01,1800.57,1792.41,1816.89,1800.43,1800.57,14,0.0172,R1_H1_EMA_PULLBACK_LONG_M15,4
h4_d1_long_best_box2_atr80::BT_A1_XAU_ROUTER_V1_R1_LONG_BOX2_PREVHEALTH::1025742::XAUUSD::932200::10,h4_d1_long_best_box2_atr80,R1,UPTREND,LONG,2022.12.09 12:00:00,2022.12.09 12:00:00,2023.01.04 07:23:05,BT_A1_XAU_ROUTER_V1_R1_LONG_BOX2_PREVHEALTH,1025742,XAUUSD,932200,10,10,10,27,27,0.01,1800.73,1768.88,1864.43,1800.59,1800.73,14,0.0044,D1_COMPRESSION_H4_EXPANSION_LONG,5
r1_h1_pullback_long_v1::BT_A1_XAU_R1_PULLBACK_LONG_V2_M15_SESSION_09_15::1025742::XAUUSD::932200::29,r1_h1_pullback_long_v1,R1,UPTREND,LONG,2022.12.09 14:45:00,2022.12.09 14:45:00,2022.12.12 01:17:00,BT_A1_XAU_R1_PULLBACK_LONG_V2_M15_SESSION_09_15,1025742,XAUUSD,932200,29,29,29,30,30,0.01,1795.44,1789.22,1807.89,1795.30,1795.44,14,0.0225,R1_H1_EMA_PULLBACK_LONG_M15,4
h4_d1_long_best_box2_atr80::BT_A1_XAU_ROUTER_V1_R1_LONG_BOX2_PREVHEALTH::1025742::XAUUSD::932200::13,h4_d1_long_best_box2_atr80,R1,UPTREND,LONG,2022.12.13 16:00:00,2022.12.13 16:00:00,2022.12.15 07:30:20,BT_A1_XAU_ROUTER_V1_R1_LONG_BOX2_PREVHEALTH,1025742,XAUUSD,932200,13,13,13,14,14,0.01,1808.91,1777.71,1871.31,1808.85,1808.91,6,0.0019,D1_COMPRESSION_H4_EXPANSION_LONG,4
r1_h1_pullback_long_v1::BT_A1_XAU_R1_PULLBACK_LONG_V2_M15_SESSION_09_15::1025742::XAUUSD::932200::34,r1_h1_pullback_long_v1,R1,UPTREND,LONG,2022.12.14 13:15:00,2022.12.14 13:15:00,2022.12.14 18:00:15,BT_A1_XAU_R1_PULLBACK_LONG_V2_M15_SESSION_09_15,1025742,XAUUSD,932200,34,34,34,39,39,0.01,1809.74,1803.90,1821.42,1809.67,1809.74,7,0.0120,R1_H1_EMA_PULLBACK_LONG_M15,4
r1_h1_pullback_long_v1::BT_A1_XAU_R1_PULLBACK_LONG_V2_M15_SESSION_09_15::1025742::XAUUSD::932200::35,r1_h1_pullback_long_v1,R1,UPTREND,LONG,2022.12.14 13:45:00,2022.12.14 13:45:00,2022.12.14 17:26:03,BT_A1_XAU_R1_PULLBACK_LONG_V2_M15_SESSION_09_15,1025742,XAUUSD,932200,35,35,35,38,38,0.01,1811.66,1807.09,1820.81,1811.61,1811.66,5,0.0109,R1_H1_EMA_PULLBACK_LONG_M15,4
r1_h1_pullback_long_v1::BT_A1_XAU_R1_PULLBACK_LONG_V2_M15_SESSION_09_15::1025742::XAUUSD::932200::36,r1_h1_pullback_long_v1,R1,UPTREND,LONG,2022.12.14 14:30:00,2022.12.14 14:30:00,2022.12.14 17:25:42,BT_A1_XAU_R1_PULLBACK_LONG_V2_M15_SESSION_09_15,1025742,XAUUSD,932200,36,36,36,37,37,0.01,1811.65,1807.38,1820.19,1811.59,1811.65,6,0.0140,R1_H1_EMA_PULLBACK_LONG_M15,4
h4_d1_long_best_box2_atr80::BT_A1_XAU_ROUTER_V1_R1_LONG_BOX2_PREVHEALTH::1025742::XAUUSD::932200::15,h4_d1_long_best_box2_atr80,R1,UPTREND,LONG,2022.12.19 08:00:00,2022.12.19 08:00:00,2023.01.03 02:22:38,BT_A1_XAU_ROUTER_V1_R1_LONG_BOX2_PREVHEALTH,1025742,XAUUSD,932200,15,15,15,22,22,0.01,1797.01,1774.34,1842.35,1796.94,1797.01,7,0.0031,D1_COMPRESSION_H4_EXPANSION_LONG,5
r1_h1_pullback_long_v1::BT_A1_XAU_R1_PULLBACK_LONG_V2_M15_SESSION_09_15::1025742::XAUUSD::932200::40,r1_h1_pullback_long_v1,R1,UPTREND,LONG,2022.12.19 12:30:00,2022.12.19 12:30:00,2022.12.19 13:39:40,BT_A1_XAU_R1_PULLBACK_LONG_V2_M15_SESSION_09_15,1025742,XAUUSD,932200,40,40,40,41,41,0.01,1792.91,1789.41,1799.91,1792.83,1792.91,8,0.0229,R1_H1_EMA_PULLBACK_LONG_M15,4
r1_h1_pullback_long_v1::BT_A1_XAU_R1_PULLBACK_LONG_V2_M15_SESSION_09_15::1025742::XAUUSD::932200::42,r1_h1_pullback_long_v1,R1,UPTREND,LONG,2022.12.19 14:00:00,2022.12.19 14:00:00,2022.12.19 14:46:31,BT_A1_XAU_R1_PULLBACK_LONG_V2_M15_SESSION_09_15,1025742,XAUUSD,932200,42,42,42,43,43,0.01,1792.54,1788.48,1800.66,1792.46,1792.54,8,0.0197,R1_H1_EMA_PULLBACK_LONG_M15,4
h4_d1_long_best_box2_atr80::BT_A1_XAU_ROUTER_V1_R1_LONG_BOX2_PREVHEALTH::1025742::XAUUSD::932200::16,h4_d1_long_best_box2_atr80,R1,UPTREND,LONG,2022.12.20 08:00:00,2022.12.20 08:00:00,2023.01.03 02:22:36,BT_A1_XAU_ROUTER_V1_R1_LONG_BOX2_PREVHEALTH,1025742,XAUUSD,932200,16,16,16,21,21,0.01,1803.28,1783.83,1842.18,1803.23,1803.28,5,0.0026,D1_COMPRESSION_H4_EXPANSION_LONG,5
r1_h1_pullback_long_v1::BT_A1_XAU_R1_PULLBACK_LONG_V2_M15_SESSION_09_15::1025742::XAUUSD::932200::44,r1_h1_pullback_long_v1,R1,UPTREND,LONG,2022.12.20 13:00:00,2022.12.20 13:00:00,2022.12.21 14:36:32,BT_A1_XAU_R1_PULLBACK_LONG_V2_M15_SESSION_09_15,1025742,XAUUSD,932200,44,44,44,52,52,0.01,1805.75,1797.71,1821.82,1805.68,1805.75,7,0.0087,R1_H1_EMA_PULLBACK_LONG_M15,5
h4_d1_long_best_box2_atr80::BT_A1_XAU_ROUTER_V1_R1_LONG_BOX2_PREVHEALTH::1025742::XAUUSD::932200::17,h4_d1_long_best_box2_atr80,R1,UPTREND,LONG,2022.12.20 16:00:00,2022.12.20 16:00:00,2023.01.12 11:21:17,BT_A1_XAU_ROUTER_V1_R1_LONG_BOX2_PREVHEALTH,1025742,XAUUSD,932200,17,17,17,35,35,0.01,1818.15,1783.88,1886.69,1818.08,1818.15,7,0.0020,D1_COMPRESSION_H4_EXPANSION_LONG,5
r1_h1_pullback_long_v1::BT_A1_XAU_R1_PULLBACK_LONG_V2_M15_SESSION_09_15::1025742::XAUUSD::932200::45,r1_h1_pullback_long_v1,R1,UPTREND,LONG,2022.12.21 09:15:00,2022.12.21 09:15:00,2022.12.21 14:33:31,BT_A1_XAU_R1_PULLBACK_LONG_V2_M15_SESSION_09_15,1025742,XAUUSD,932200,45,45,45,50,50,0.01,1813.92,1810.42,1820.92,1813.87,1813.92,5,0.0143,R1_H1_EMA_PULLBACK_LONG_M15,5
r1_h1_pullback_long_v1::BT_A1_XAU_R1_PULLBACK_LONG_V2_M15_SESSION_09_15::1025742::XAUUSD::932200::46,r1_h1_pullback_long_v1,R1,UPTREND,LONG,2022.12.21 11:45:00,2022.12.21 11:45:00,2022.12.21 14:36:31,BT_A1_XAU_R1_PULLBACK_LONG_V2_M15_SESSION_09_15,1025742,XAUUSD,932200,46,46,46,51,51,0.01,1814.79,1811.29,1821.79,1814.73,1814.79,6,0.0171,R1_H1_EMA_PULLBACK_LONG_M15,5
r1_h1_pullback_long_v1::BT_A1_XAU_R1_PULLBACK_LONG_V2_M15_SESSION_09_15::1025742::XAUUSD::932200::47,r1_h1_pullback_long_v1,R1,UPTREND,LONG,2022.12.21 12:00:00,2022.12.21 12:00:00,2022.12.22 12:36:21,BT_A1_XAU_R1_PULLBACK_LONG_V2_M15_SESSION_09_15,1025742,XAUUSD,932200,47,47,47,57,57,0.01,1815.83,1811.70,1824.10,1815.79,1815.83,4,0.0097,R1_H1_EMA_PULLBACK_LONG_M15,4
r1_h1_pullback_long_v1::BT_A1_XAU_R1_PULLBACK_LONG_V2_M15_SESSION_09_15::1025742::XAUUSD::932200::48,r1_h1_pullback_long_v1,R1,UPTREND,LONG,2022.12.21 12:15:00,2022.12.21 12:15:00,2022.12.22 12:35:29,BT_A1_XAU_R1_PULLBACK_LONG_V2_M15_SESSION_09_15,1025742,XAUUSD,932200,48,48,48,56,56,0.01,1817.01,1812.40,1826.24,1816.93,1817.01,8,0.0173,R1_H1_EMA_PULLBACK_LONG_M15,4
r1_h1_pullback_long_v1::BT_A1_XAU_R1_PULLBACK_LONG_V2_M15_SESSION_09_15::1025742::XAUUSD::932200::49,r1_h1_pullback_long_v1,R1,UPTREND,LONG,2022.12.21 12:30:00,2022.12.21 12:30:00,2022.12.21 19:07:29,BT_A1_XAU_R1_PULLBACK_LONG_V2_M15_SESSION_09_15,1025742,XAUUSD,932200,49,49,49,53,53,0.01,1818.50,1812.96,1829.58,1818.43,1818.50,7,0.0126,R1_H1_EMA_PULLBACK_LONG_M15,4
r1_h1_pullback_long_v1::BT_A1_XAU_R1_PULLBACK_LONG_V2_M15_SESSION_09_15::1025742::XAUUSD::932200::54,r1_h1_pullback_long_v1,R1,UPTREND,LONG,2022.12.22 12:00:00,2022.12.22 12:00:00,2022.12.22 12:31:40,BT_A1_XAU_R1_PULLBACK_LONG_V2_M15_SESSION_09_15,1025742,XAUUSD,932200,54,54,54,55,55,0.01,1818.22,1813.43,1827.80,1818.14,1818.22,8,0.0167,R1_H1_EMA_PULLBACK_LONG_M15,4
h4_d1_long_best_box2_atr80::BT_A1_XAU_ROUTER_V1_R1_LONG_BOX2_PREVHEALTH::1025742::XAUUSD::932200::18,h4_d1_long_best_box2_atr80,R1,UPTREND,LONG,2022.12.27 12:00:00,2022.12.27 12:00:00,2023.01.03 06:22:27,BT_A1_XAU_ROUTER_V1_R1_LONG_BOX2_PREVHEALTH,1025742,XAUUSD,932200,18,18,18,24,24,0.01,1809.02,1791.29,1844.48,1808.97,1809.02,5,0.0028,D1_COMPRESSION_H4_EXPANSION_LONG,5
r1_h1_pullback_long_v1::BT_A1_XAU_R1_PULLBACK_LONG_V2_M15_SESSION_09_15::1025742::XAUUSD::932200::58,r1_h1_pullback_long_v1,R1,UPTREND,LONG,2022.12.27 13:45:00,2022.12.27 13:45:00,2022.12.27 14:27:38,BT_A1_XAU_R1_PULLBACK_LONG_V2_M15_SESSION_09_15,1025742,XAUUSD,932200,58,58,58,60,60,0.01,1808.35,1801.91,1821.24,1808.27,1808.35,8,0.0124,R1_H1_EMA_PULLBACK_LONG_M15,5
r1_h1_pullback_long_v1::BT_A1_XAU_R1_PULLBACK_LONG_V2_M15_SESSION_09_15::1025742::XAUUSD::932200::59,r1_h1_pullback_long_v1,R1,UPTREND,LONG,2022.12.27 14:15:00,2022.12.27 14:15:00,2022.12.28 08:03:12,BT_A1_XAU_R1_PULLBACK_LONG_V2_M15_SESSION_09_15,1025742,XAUUSD,932200,59,59,59,62,62,0.01,1815.03,1801.63,1841.84,1814.97,1815.03,6,0.0045,R1_H1_EMA_PULLBACK_LONG_M15,4
r1_h1_pullback_long_v1::BT_A1_XAU_R1_PULLBACK_LONG_V2_M15_SESSION_09_15::1025742::XAUUSD::932200::61,r1_h1_pullback_long_v1,R1,UPTREND,LONG,2022.12.27 14:30:00,2022.12.27 14:30:00,2022.12.28 08:03:13,BT_A1_XAU_R1_PULLBACK_LONG_V2_M15_SESSION_09_15,1025742,XAUUSD,932200,61,61,61,63,63,0.01,1821.42,1801.55,1861.16,1821.37,1821.42,5,0.0025,R1_H1_EMA_PULLBACK_LONG_M15,4
h4_d1_long_best_box2_atr80::BT_A1_XAU_ROUTER_V1_R1_LONG_BOX2_PREVHEALTH::1025742::XAUUSD::932200::20,h4_d1_long_best_box2_atr80,R1,UPTREND,LONG,2022.12.27 16:00:00,2022.12.27 16:00:00,2023.01.09 06:18:30,BT_A1_XAU_ROUTER_V1_R1_LONG_BOX2_PREVHEALTH,1025742,XAUUSD,932200,20,20,20,32,32,0.01,1820.87,1791.21,1880.19,1820.81,1820.87,6,0.0020,D1_COMPRESSION_H4_EXPANSION_LONG,5
r1_h1_pullback_long_v1::BT_A1_XAU_R1_PULLBACK_LONG_V2_M15_SESSION_09_15::1025742::XAUUSD::932200::64,r1_h1_pullback_long_v1,R1,UPTREND,LONG,2022.12.29 13:30:00,2022.12.29 13:30:00,2022.12.30 13:06:18,BT_A1_XAU_R1_PULLBACK_LONG_V2_M15_SESSION_09_15,1025742,XAUUSD,932200,64,64,64,69,69,0.01,1811.72,1806.11,1822.95,1811.66,1811.72,6,0.0107,R1_H1_EMA_PULLBACK_LONG_M15,5
r1_h1_pullback_long_v1::BT_A1_XAU_R1_PULLBACK_LONG_V2_M15_SESSION_09_15::1025742::XAUUSD::932200::65,r1_h1_pullback_long_v1,R1,UPTREND,LONG,2022.12.29 13:45:00,2022.12.29 13:45:00,2023.01.03 01:41:38,BT_A1_XAU_R1_PULLBACK_LONG_V2_M15_SESSION_09_15,1025742,XAUUSD,932200,65,65,65,75,75,0.01,1815.91,1806.17,1835.40,1815.83,1815.91,8,0.0082,R1_H1_EMA_PULLBACK_LONG_M15,5
r1_h1_pullback_long_v1::BT_A1_XAU_R1_PULLBACK_LONG_V2_M15_SESSION_09_15::1025742::XAUUSD::932200::66,r1_h1_pullback_long_v1,R1,UPTREND,LONG,2022.12.30 10:30:00,2022.12.30 10:30:00,2023.01.02 22:03:38,BT_A1_XAU_R1_PULLBACK_LONG_V2_M15_SESSION_09_15,1025742,XAUUSD,932200,66,66,66,73,73,0.01,1817.97,1813.05,1827.81,1817.89,1817.97,8,0.0163,R1_H1_EMA_PULLBACK_LONG_M15,5
r1_h1_pullback_long_v1::BT_A1_XAU_R1_PULLBACK_LONG_V2_M15_SESSION_09_15::1025742::XAUUSD::932200::67,r1_h1_pullback_long_v1,R1,UPTREND,LONG,2022.12.30 11:15:00,2022.12.30 11:15:00,2022.12.30 14:05:38,BT_A1_XAU_R1_PULLBACK_LONG_V2_M15_SESSION_09_15,1025742,XAUUSD,932200,67,67,67,71,71,0.01,1819.56,1815.27,1828.14,1819.50,1819.56,6,0.0140,R1_H1_EMA_PULLBACK_LONG_M15,4
r1_h1_pullback_long_v1::BT_A1_XAU_R1_PULLBACK_LONG_V2_M15_SESSION_09_15::1025742::XAUUSD::932200::68,r1_h1_pullback_long_v1,R1,UPTREND,LONG,2022.12.30 12:45:00,2022.12.30 12:45:00,2022.12.30 14:05:28,BT_A1_XAU_R1_PULLBACK_LONG_V2_M15_SESSION_09_15,1025742,XAUUSD,932200,68,68,68,70,70,0.01,1821.57,1815.60,1833.50,1821.51,1821.57,6,0.0101,R1_H1_EMA_PULLBACK_LONG_M15,4
r1_h1_pullback_long_v1::BT_A1_XAU_R1_PULLBACK_LONG_V2_M15_SESSION_09_15::1025742::XAUUSD::932200::72,r1_h1_pullback_long_v1,R1,UPTREND,LONG,2022.12.30 14:30:00,2022.12.30 14:30:00,2023.01.02 22:05:36,BT_A1_XAU_R1_PULLBACK_LONG_V2_M15_SESSION_09_15,1025742,XAUUSD,932200,72,72,72,74,74,0.01,1818.72,1813.59,1828.98,1818.66,1818.72,6,0.0117,R1_H1_EMA_PULLBACK_LONG_M15,5
h4_d1_long_best_box2_atr80::BT_A1_XAU_ROUTER_V1_R1_LONG_BOX2_PREVHEALTH::1025742::XAUUSD::932200::23,h4_d1_long_best_box2_atr80,R1,UPTREND,LONG,2023.01.03 04:00:00,2023.01.03 04:00:00,2023.01.12 12:35:27,BT_A1_XAU_ROUTER_V1_R1_LONG_BOX2_PREVHEALTH,1025742,XAUUSD,932200,23,23,23,38,38,0.01,1840.51,1813.49,1894.55,1840.43,1840.51,8,0.0030,D1_COMPRESSION_H4_EXPANSION_LONG,5
r1_h1_pullback_long_v1::BT_A1_XAU_R1_PULLBACK_LONG_V2_M15_SESSION_09_15::1025742::XAUUSD::932200::76,r1_h1_pullback_long_v1,R1,UPTREND,LONG,2023.01.03 11:00:00,2023.01.03 11:00:00,2023.01.03 12:20:39,BT_A1_XAU_R1_PULLBACK_LONG_V2_M15_SESSION_09_15,1025742,XAUUSD,932200,76,76,76,79,79,0.01,1833.28,1829.78,1840.28,1833.20,1833.28,8,0.0229,R1_H1_EMA_PULLBACK_LONG_M15,5
r1_h1_pullback_long_v1::BT_A1_XAU_R1_PULLBACK_LONG_V2_M15_SESSION_09_15::1025742::XAUUSD::932200::77,r1_h1_pullback_long_v1,R1,UPTREND,LONG,2023.01.03 11:30:00,2023.01.03 11:30:00,2023.01.03 13:37:17,BT_A1_XAU_R1_PULLBACK_LONG_V2_M15_SESSION_09_15,1025742,XAUUSD,932200,77,77,77,81,81,0.01,1835.55,1830.32,1846.02,1835.47,1835.55,8,0.0153,R1_H1_EMA_PULLBACK_LONG_M15,5
r1_h1_pullback_long_v1::BT_A1_XAU_R1_PULLBACK_LONG_V2_M15_SESSION_09_15::1025742::XAUUSD::932200::78,r1_h1_pullback_long_v1,R1,UPTREND,LONG,2023.01.03 12:15:00,2023.01.03 12:15:00,2023.01.03 14:34:30,BT_A1_XAU_R1_PULLBACK_LONG_V2_M15_SESSION_09_15,1025742,XAUUSD,932200,78,78,78,83,83,0.01,1837.25,1830.38,1850.99,1837.19,1837.25,6,0.0087,R1_H1_EMA_PULLBACK_LONG_M15,4
r1_h1_pullback_long_v1::BT_A1_XAU_R1_PULLBACK_LONG_V2_M15_SESSION_09_15::1025742::XAUUSD::932200::80,r1_h1_pullback_long_v1,R1,UPTREND,LONG,2023.01.03 13:30:00,2023.01.03 13:30:00,2023.01.03 14:28:17,BT_A1_XAU_R1_PULLBACK_LONG_V2_M15_SESSION_09_15,1025742,XAUUSD,932200,80,80,80,82,82,0.01,1841.31,1833.58,1856.77,1841.26,1841.31,5,0.0065,R1_H1_EMA_PULLBACK_LONG_M15,4
h4_d1_long_best_box2_atr80::BT_A1_XAU_ROUTER_V1_R1_LONG_BOX2_PREVHEALTH::1025742::XAUUSD::932200::25,h4_d1_long_best_box2_atr80,R1,UPTREND,LONG,2023.01.03 20:00:00,2023.01.03 20:00:00,2023.01.12 11:21:27,BT_A1_XAU_ROUTER_V1_R1_LONG_BOX2_PREVHEALTH,1025742,XAUUSD,932200,25,25,25,36,36,0.01,1838.19,1813.46,1887.65,1838.05,1838.19,14,0.0057,D1_COMPRESSION_H4_EXPANSION_LONG,5
h4_d1_long_best_box2_atr80::BT_A1_XAU_ROUTER_V1_R1_LONG_BOX2_PREVHEALTH::1025742::XAUUSD::932200::28,h4_d1_long_best_box2_atr80,R1,UPTREND,LONG,2023.01.04 08:00:00,2023.01.04 08:00:00,2023.01.19 19:11:14,BT_A1_XAU_ROUTER_V1_R1_LONG_BOX2_PREVHEALTH,1025742,XAUUSD,932200,28,28,28,45,45,0.01,1860.08,1823.60,1933.04,1860.00,1860.08,8,0.0022,D1_COMPRESSION_H4_EXPANSION_LONG,5
r1_h1_pullback_long_v1::BT_A1_XAU_R1_PULLBACK_LONG_V2_M15_SESSION_09_15::1025742::XAUUSD::932200::84,r1_h1_pullback_long_v1,R1,UPTREND,LONG,2023.01.04 14:30:00,2023.01.04 14:30:00,2023.01.04 18:03:41,BT_A1_XAU_R1_PULLBACK_LONG_V2_M15_SESSION_09_15,1025742,XAUUSD,932200,84,84,84,85,85,0.01,1856.51,1848.08,1873.37,1856.44,1856.51,7,0.0083,R1_H1_EMA_PULLBACK_LONG_M15,4
h4_d1_long_best_box2_atr80::BT_A1_XAU_ROUTER_V1_R1_LONG_BOX2_PREVHEALTH::1025742::XAUUSD::932200::29,h4_d1_long_best_box2_atr80,R1,UPTREND,LONG,2023.01.04 16:00:00,2023.01.04 16:00:00,2023.01.16 01:58:41,BT_A1_XAU_ROUTER_V1_R1_LONG_BOX2_PREVHEALTH,1025742,XAUUSD,932200,29,29,29,44,44,0.01,1858.63,1823.57,1928.75,1858.55,1858.63,8,0.0023,D1_COMPRESSION_H4_EXPANSION_LONG,5
h4_d1_long_best_box2_atr80::BT_A1_XAU_ROUTER_V1_R1_LONG_BOX2_PREVHEALTH::1025742::XAUUSD::932200::31,h4_d1_long_best_box2_atr80,R1,UPTREND,LONG,2023.01.09 04:00:00,2023.01.09 04:00:00,2023.02.15 07:05:02,BT_A1_XAU_ROUTER_V1_R1_LONG_BOX2_PREVHEALTH,1025742,XAUUSD,932200,31,31,31,59,59,0.01,1877.01,1832.48,1966.07,1876.93,1877.01,8,0.0018,D1_COMPRESSION_H4_EXPANSION_LONG,4
r1_h1_pullback_long_v1::BT_A1_XAU_R1_PULLBACK_LONG_V2_M15_SESSION_09_15::1025742::XAUUSD::932200::86,r1_h1_pullback_long_v1,R1,UPTREND,LONG,2023.01.10 09:00:00,2023.01.10 09:00:00,2023.01.10 11:24:39,BT_A1_XAU_R1_PULLBACK_LONG_V2_M15_SESSION_09_15,1025742,XAUUSD,932200,86,86,86,90,90,0.01,1876.95,1872.35,1886.15,1876.87,1876.95,8,0.0174,R1_H1_EMA_PULLBACK_LONG_M15,4
r1_h1_pullback_long_v1::BT_A1_XAU_R1_PULLBACK_LONG_V2_M15_SESSION_09_15::1025742::XAUUSD::932200::87,r1_h1_pullback_long_v1,R1,UPTREND,LONG,2023.01.10 10:00:00,2023.01.10 10:00:00,2023.01.10 11:37:36,BT_A1_XAU_R1_PULLBACK_LONG_V2_M15_SESSION_09_15,1025742,XAUUSD,932200,87,87,87,91,91,0.01,1875.24,1871.74,1882.24,1875.18,1875.24,6,0.0171,R1_H1_EMA_PULLBACK_LONG_M15,4
r1_h1_pullback_long_v1::BT_A1_XAU_R1_PULLBACK_LONG_V2_M15_SESSION_09_15::1025742::XAUUSD::932200::88,r1_h1_pullback_long_v1,R1,UPTREND,LONG,2023.01.10 10:30:00,2023.01.10 10:30:00,2023.01.10 11:17:42,BT_A1_XAU_R1_PULLBACK_LONG_V2_M15_SESSION_09_15,1025742,XAUUSD,932200,88,88,88,89,89,0.01,1876.56,1873.04,1883.61,1876.49,1876.56,7,0.0199,R1_H1_EMA_PULLBACK_LONG_M15,4
r1_h1_pullback_long_v1::BT_A1_XAU_R1_PULLBACK_LONG_V2_M15_SESSION_09_15::1025742::XAUUSD::932200::92,r1_h1_pullback_long_v1,R1,UPTREND,LONG,2023.01.10 13:00:00,2023.01.10 13:00:00,2023.01.10 14:13:05,BT_A1_XAU_R1_PULLBACK_LONG_V2_M15_SESSION_09_15,1025742,XAUUSD,932200,92,92,92,95,95,0.01,1873.48,1869.98,1880.48,1873.41,1873.48,7,0.0200,R1_H1_EMA_PULLBACK_LONG_M15,5
r1_h1_pullback_long_v1::BT_A1_XAU_R1_PULLBACK_LONG_V2_M15_SESSION_09_15::1025742::XAUUSD::932200::93,r1_h1_pullback_long_v1,R1,UPTREND,LONG,2023.01.10 13:15:00,2023.01.10 13:15:00,2023.01.11 14:37:38,BT_A1_XAU_R1_PULLBACK_LONG_V2_M15_SESSION_09_15,1025742,XAUUSD,932200,93,93,93,97,97,0.01,1876.61,1869.95,1889.94,1876.55,1876.61,6,0.0090,R1_H1_EMA_PULLBACK_LONG_M15,4
r1_h1_pullback_long_v1::BT_A1_XAU_R1_PULLBACK_LONG_V2_M15_SESSION_09_15::1025742::XAUUSD::932200::94,r1_h1_pullback_long_v1,R1,UPTREND,LONG,2023.01.10 14:00:00,2023.01.10 14:00:00,2023.01.11 14:37:30,BT_A1_XAU_R1_PULLBACK_LONG_V2_M15_SESSION_09_15,1025742,XAUUSD,932200,94,94,94,96,96,0.01,1878.37,1870.26,1894.59,1878.29,1878.37,8,0.0099,R1_H1_EMA_PULLBACK_LONG_M15,4
h4_d1_long_best_box2_atr80::BT_A1_XAU_ROUTER_V1_R1_LONG_BOX2_PREVHEALTH::1025742::XAUUSD::932200::33,h4_d1_long_best_box2_atr80,R1,UPTREND,LONG,2023.01.11 08:00:00,2023.01.11 08:00:00,2023.01.11 15:17:38,BT_A1_XAU_ROUTER_V1_R1_LONG_BOX2_PREVHEALTH,1025742,XAUUSD,932200,33,33,33,34,34,0.01,1884.08,1867.84,1916.56,1884.01,1884.08,7,0.0043,D1_COMPRESSION_H4_EXPANSION_LONG,4
h4_d1_long_best_box2_atr80::BT_A1_XAU_ROUTER_V1_R1_LONG_BOX2_PREVHEALTH::1025742::XAUUSD::932200::37,h4_d1_long_best_box2_atr80,R1,UPTREND,LONG,2023.01.12 12:00:00,2023.01.12 12:00:00,2023.01.16 01:58:31,BT_A1_XAU_ROUTER_V1_R1_LONG_BOX2_PREVHEALTH,1025742,XAUUSD,932200,37,37,37,43,43,0.01,1887.52,1867.22,1928.12,1887.45,1887.52,7,0.0034,D1_COMPRESSION_H4_EXPANSION_LONG,5
h4_d1_long_best_box2_atr80::BT_A1_XAU_ROUTER_V1_R1_LONG_BOX2_PREVHEALTH::1025742::XAUUSD::932200::39,h4_d1_long_best_box2_atr80,R1,UPTREND,LONG,2023.01.12 20:00:00,2023.01.12 20:00:00,2023.02.03 15:18:39,BT_A1_XAU_ROUTER_V1_R1_LONG_BOX2_PREVHEALTH,1025742,XAUUSD,932200,39,39,39,56,56,0.01,1898.49,1867.28,1960.91,1898.40,1898.49,9,0.0029,D1_COMPRESSION_H4_EXPANSION_LONG,4
h4_d1_long_best_box2_atr80::BT_A1_XAU_ROUTER_V1_R1_LONG_BOX2_PREVHEALTH::1025742::XAUUSD::932200::40,h4_d1_long_best_box2_atr80,R1,UPTREND,LONG,2023.01.13 08:00:00,2023.01.13 08:00:00,2023.02.03 15:18:39,BT_A1_XAU_ROUTER_V1_R1_LONG_BOX2_PREVHEALTH,1025742,XAUUSD,932200,40,40,40,57,57,0.01,1906.56,1867.23,1985.22,1906.48,1906.56,8,0.0020,D1_COMPRESSION_H4_EXPANSION_LONG,4
r1_h1_pullback_long_v1::BT_A1_XAU_R1_PULLBACK_LONG_V2_M15_SESSION_09_15::1025742::XAUUSD::932200::98,r1_h1_pullback_long_v1,R1,UPTREND,LONG,2023.01.13 13:15:00,2023.01.13 13:15:00,2023.01.13 17:39:28,BT_A1_XAU_R1_PULLBACK_LONG_V2_M15_SESSION_09_15,1025742,XAUUSD,932200,98,98,98,102,102,0.01,1902.16,1893.02,1920.43,1902.10,1902.16,6,0.0066,R1_H1_EMA_PULLBACK_LONG_M15,5
r1_h1_pullback_long_v1::BT_A1_XAU_R1_PULLBACK_LONG_V2_M15_SESSION_09_15::1025742::XAUUSD::932200::99,r1_h1_pullback_long_v1,R1,UPTREND,LONG,2023.01.13 13:45:00,2023.01.13 13:45:00,2023.01.19 19:09:37,BT_A1_XAU_R1_PULLBACK_LONG_V2_M15_SESSION_09_15,1025742,XAUUSD,932200,99,99,99,113,113,0.01,1907.22,1894.58,1932.50,1907.15,1907.22,7,0.0055,R1_H1_EMA_PULLBACK_LONG_M15,5
r1_h1_pullback_long_v1::BT_A1_XAU_R1_PULLBACK_LONG_V2_M15_SESSION_09_15::1025742::XAUUSD::932200::100,r1_h1_pullback_long_v1,R1,UPTREND,LONG,2023.01.13 14:00:00,2023.01.13 14:00:00,2023.01.25 19:03:20,BT_A1_XAU_R1_PULLBACK_LONG_V2_M15_SESSION_09_15,1025742,XAUUSD,932200,100,100,100,123,123,0.01,1911.70,1895.49,1944.12,1911.62,1911.70,8,0.0049,R1_H1_EMA_PULLBACK_LONG_M15,5
r1_h1_pullback_long_v1::BT_A1_XAU_R1_PULLBACK_LONG_V2_M15_SESSION_09_15::1025742::XAUUSD::932200::101,r1_h1_pullback_long_v1,R1,UPTREND,LONG,2023.01.13 14:30:00,2023.01.13 14:30:00,2023.01.18 03:07:28,BT_A1_XAU_R1_PULLBACK_LONG_V2_M15_SESSION_09_15,1025742,XAUUSD,932200,101,101,101,105,105,0.01,1912.27,1898.29,1940.24,1912.19,1912.27,8,0.0057,R1_H1_EMA_PULLBACK_LONG_M15,4
h4_d1_long_best_box2_atr80::BT_A1_XAU_ROUTER_V1_R1_LONG_BOX2_PREVHEALTH::1025742::XAUUSD::932200::41,h4_d1_long_best_box2_atr80,R1,UPTREND,LONG,2023.01.13 16:00:00,2023.01.13 16:00:00,2023.02.03 15:18:39,BT_A1_XAU_ROUTER_V1_R1_LONG_BOX2_PREVHEALTH,1025742,XAUUSD,932200,41,41,41,58,58,0.01,1912.34,1867.23,2002.56,1912.26,1912.34,8,0.0018,D1_COMPRESSION_H4_EXPANSION_LONG,4
r1_h1_pullback_long_v1::BT_A1_XAU_R1_PULLBACK_LONG_V2_M15_SESSION_09_15::1025742::XAUUSD::932200::103,r1_h1_pullback_long_v1,R1,UPTREND,LONG,2023.01.16 09:00:00,2023.01.16 09:00:00,2023.01.17 01:32:27,BT_A1_XAU_R1_PULLBACK_LONG_V2_M15_SESSION_09_15,1025742,XAUUSD,932200,103,103,103,104,104,0.01,1917.67,1910.37,1932.27,1917.59,1917.67,8,0.0110,R1_H1_EMA_PULLBACK_LONG_M15,4
r1_h1_pullback_long_v1::BT_A1_XAU_R1_PULLBACK_LONG_V2_M15_SESSION_09_15::1025742::XAUUSD::932200::106,r1_h1_pullback_long_v1,R1,UPTREND,LONG,2023.01.19 10:00:00,2023.01.19 10:00:00,2023.01.19 13:18:36,BT_A1_XAU_R1_PULLBACK_LONG_V2_M15_SESSION_09_15,1025742,XAUUSD,932200,106,106,106,108,108,0.01,1909.67,1906.17,1916.67,1909.60,1909.67,7,0.0200,R1_H1_EMA_PULLBACK_LONG_M15,5
r1_h1_pullback_long_v1::BT_A1_XAU_R1_PULLBACK_LONG_V2_M15_SESSION_09_15::1025742::XAUUSD::932200::107,r1_h1_pullback_long_v1,R1,UPTREND,LONG,2023.01.19 13:00:00,2023.01.19 13:00:00,2023.01.19 18:26:05,BT_A1_XAU_R1_PULLBACK_LONG_V2_M15_SESSION_09_15,1025742,XAUUSD,932200,107,107,107,112,112,0.01,1913.33,1906.27,1927.44,1913.25,1913.33,8,0.0113,R1_H1_EMA_PULLBACK_LONG_M15,5
r1_h1_pullback_long_v1::BT_A1_XAU_R1_PULLBACK_LONG_V2_M15_SESSION_09_15::1025742::XAUUSD::932200::109,r1_h1_pullback_long_v1,R1,UPTREND,LONG,2023.01.19 13:30:00,2023.01.19 13:30:00,2023.01.24 05:54:15,BT_A1_XAU_R1_PULLBACK_LONG_V2_M15_SESSION_09_15,1025742,XAUUSD,932200,109,109,109,121,121,0.01,1917.45,1906.20,1939.96,1917.37,1917.45,8,0.0071,R1_H1_EMA_PULLBACK_LONG_M15,5
r1_h1_pullback_long_v1::BT_A1_XAU_R1_PULLBACK_LONG_V2_M15_SESSION_09_15::1025742::XAUUSD::932200::110,r1_h1_pullback_long_v1,R1,UPTREND,LONG,2023.01.19 14:00:00,2023.01.19 14:00:00,2023.01.24 05:43:35,BT_A1_XAU_R1_PULLBACK_LONG_V2_M15_SESSION_09_15,1025742,XAUUSD,932200,110,110,110,120,120,0.01,1917.66,1906.93,1939.12,1917.58,1917.66,8,0.0075,R1_H1_EMA_PULLBACK_LONG_M15,5
r1_h1_pullback_long_v1::BT_A1_XAU_R1_PULLBACK_LONG_V2_M15_SESSION_09_15::1025742::XAUUSD::932200::111,r1_h1_pullback_long_v1,R1,UPTREND,LONG,2023.01.19 14:15:00,2023.01.19 14:15:00,2023.01.25 18:57:32,BT_A1_XAU_R1_PULLBACK_LONG_V2_M15_SESSION_09_15,1025742,XAUUSD,932200,111,111,111,122,122,0.01,1919.82,1908.33,1942.80,1919.75,1919.82,7,0.0061,R1_H1_EMA_PULLBACK_LONG_M15,5
h4_d1_long_best_box2_atr80::BT_A1_XAU_ROUTER_V1_R1_LONG_BOX2_PREVHEALTH::1025742::XAUUSD::932200::46,h4_d1_long_best_box2_atr80,R1,UPTREND,LONG,2023.01.19 20:00:00,2023.01.19 20:00:00,2023.02.03 12:34:29,BT_A1_XAU_ROUTER_V1_R1_LONG_BOX2_PREVHEALTH,1025742,XAUUSD,932200,46,46,46,55,55,0.01,1933.52,1896.68,2007.20,1933.38,1933.52,14,0.0038,D1_COMPRESSION_H4_EXPANSION_LONG,4
r1_h1_pullback_long_v1::BT_A1_XAU_R1_PULLBACK_LONG_V2_M15_SESSION_09_15::1025742::XAUUSD::932200::114,r1_h1_pullback_long_v1,R1,UPTREND,LONG,2023.01.20 11:15:00,2023.01.20 11:15:00,2023.01.20 12:52:24,BT_A1_XAU_R1_PULLBACK_LONG_V2_M15_SESSION_09_15,1025742,XAUUSD,932200,114,114,114,119,119,0.01,1928.57,1925.07,1935.57,1928.50,1928.57,7,0.0200,R1_H1_EMA_PULLBACK_LONG_M15,4
r1_h1_pullback_long_v1::BT_A1_XAU_R1_PULLBACK_LONG_V2_M15_SESSION_09_15::1025742::XAUUSD::932200::115,r1_h1_pullback_long_v1,R1,UPTREND,LONG,2023.01.20 12:00:00,2023.01.20 12:00:00,2023.01.20 12:52:16,BT_A1_XAU_R1_PULLBACK_LONG_V2_M15_SESSION_09_15,1025742,XAUUSD,932200,115,115,115,118,118,0.01,1928.78,1925.28,1935.78,1928.70,1928.78,8,0.0229,R1_H1_EMA_PULLBACK_LONG_M15,4
r1_h1_pullback_long_v1::BT_A1_XAU_R1_PULLBACK_LONG_V2_M15_SESSION_09_15::1025742::XAUUSD::932200::116,r1_h1_pullback_long_v1,R1,UPTREND,LONG,2023.01.20 12:30:00,2023.01.20 12:30:00,2023.01.20 12:35:39,BT_A1_XAU_R1_PULLBACK_LONG_V2_M15_SESSION_09_15,1025742,XAUUSD,932200,116,116,116,117,117,0.01,1929.32,1925.82,1936.32,1929.24,1929.32,8,0.0229,R1_H1_EMA_PULLBACK_LONG_M15,4
h4_d1_long_best_box2_atr80::BT_A1_XAU_ROUTER_V1_R1_LONG_BOX2_PREVHEALTH::1025742::XAUUSD::932200::47,h4_d1_long_best_box2_atr80,R1,UPTREND,LONG,2023.01.24 08:00:00,2023.01.24 08:00:00,2023.01.31 07:08:01,BT_A1_XAU_ROUTER_V1_R1_LONG_BOX2_PREVHEALTH,1025742,XAUUSD,932200,47,47,47,51,51,0.01,1938.26,1911.49,1991.80,1938.18,1938.26,8,0.0030,D1_COMPRESSION_H4_EXPANSION_LONG,4
h4_d1_long_best_box2_atr80::BT_A1_XAU_ROUTER_V1_R1_LONG_BOX2_PREVHEALTH::1025742::XAUUSD::932200::48,h4_d1_long_best_box2_atr80,R1,UPTREND,LONG,2023.01.24 20:00:00,2023.01.24 20:00:00,2023.01.31 07:08:01,BT_A1_XAU_ROUTER_V1_R1_LONG_BOX2_PREVHEALTH,1025742,XAUUSD,932200,48,48,48,50,50,0.01,1937.99,1911.51,1990.95,1937.85,1937.99,14,0.0053,D1_COMPRESSION_H4_EXPANSION_LONG,4
h4_d1_long_best_box2_atr80::BT_A1_XAU_ROUTER_V1_R1_LONG_BOX2_PREVHEALTH::1025742::XAUUSD::932200::49,h4_d1_long_best_box2_atr80,R1,UPTREND,LONG,2023.01.25 20:00:00,2023.01.25 20:00:00,2023.01.31 07:08:01,BT_A1_XAU_ROUTER_V1_R1_LONG_BOX2_PREVHEALTH,1025742,XAUUSD,932200,49,49,49,52,52,0.01,1946.84,1911.50,2017.52,1946.70,1946.84,14,0.0040,D1_COMPRESSION_H4_EXPANSION_LONG,4
r1_h1_pullback_long_v1::BT_A1_XAU_R1_PULLBACK_LONG_V2_M15_SESSION_09_15::1025742::XAUUSD::932200::124,r1_h1_pullback_long_v1,R1,UPTREND,LONG,2023.02.01 09:30:00,2023.02.01 09:30:00,2023.02.01 12:21:41,BT_A1_XAU_R1_PULLBACK_LONG_V2_M15_SESSION_09_15,1025742,XAUUSD,932200,124,124,124,128,128,0.01,1925.95,1922.45,1932.95,1925.88,1925.95,7,0.0200,R1_H1_EMA_PULLBACK_LONG_M15,5
r1_h1_pullback_long_v1::BT_A1_XAU_R1_PULLBACK_LONG_V2_M15_SESSION_09_15::1025742::XAUUSD::932200::125,r1_h1_pullback_long_v1,R1,UPTREND,LONG,2023.02.01 09:45:00,2023.02.01 09:45:00,2023.02.01 14:02:42,BT_A1_XAU_R1_PULLBACK_LONG_V2_M15_SESSION_09_15,1025742,XAUUSD,932200,125,125,125,133,133,0.01,1926.46,1922.96,1933.46,1926.38,1926.46,8,0.0229,R1_H1_EMA_PULLBACK_LONG_M15,4
r1_h1_pullback_long_v1::BT_A1_XAU_R1_PULLBACK_LONG_V2_M15_SESSION_09_15::1025742::XAUUSD::932200::126,r1_h1_pullback_long_v1,R1,UPTREND,LONG,2023.02.01 10:15:00,2023.02.01 10:15:00,2023.02.01 14:02:40,BT_A1_XAU_R1_PULLBACK_LONG_V2_M15_SESSION_09_15,1025742,XAUUSD,932200,126,126,126,131,131,0.01,1927.78,1923.42,1936.49,1927.70,1927.78,8,0.0184,R1_H1_EMA_PULLBACK_LONG_M15,4
r1_h1_pullback_long_v1::BT_A1_XAU_R1_PULLBACK_LONG_V2_M15_SESSION_09_15::1025742::XAUUSD::932200::127,r1_h1_pullback_long_v1,R1,UPTREND,LONG,2023.02.01 10:30:00,2023.02.01 10:30:00,2023.02.01 14:02:40,BT_A1_XAU_R1_PULLBACK_LONG_V2_M15_SESSION_09_15,1025742,XAUUSD,932200,127,127,127,132,132,0.01,1929.74,1923.39,1942.45,1929.66,1929.74,8,0.0126,R1_H1_EMA_PULLBACK_LONG_M15,4
r1_h1_pullback_long_v1::BT_A1_XAU_R1_PULLBACK_LONG_V2_M15_SESSION_09_15::1025742::XAUUSD::932200::129,r1_h1_pullback_long_v1,R1,UPTREND,LONG,2023.02.01 13:30:00,2023.02.01 13:30:00,2023.02.01 14:00:31,BT_A1_XAU_R1_PULLBACK_LONG_V2_M15_SESSION_09_15,1025742,XAUUSD,932200,129,129,129,130,130,0.01,1932.53,1926.15,1945.28,1932.45,1932.53,8,0.0125,R1_H1_EMA_PULLBACK_LONG_M15,4
r1_h1_pullback_long_v1::BT_A1_XAU_R1_PULLBACK_LONG_V2_M15_SESSION_09_15::1025742::XAUUSD::932200::134,r1_h1_pullback_long_v1,R1,UPTREND,LONG,2023.02.01 14:30:00,2023.02.01 14:30:00,2023.02.01 16:12:34,BT_A1_XAU_R1_PULLBACK_LONG_V2_M15_SESSION_09_15,1025742,XAUUSD,932200,134,134,134,136,136,0.01,1928.46,1921.99,1941.40,1928.38,1928.46,8,0.0124,R1_H1_EMA_PULLBACK_LONG_M15,4
r1_h1_pullback_long_v1::BT_A1_XAU_R1_PULLBACK_LONG_V2_M15_SESSION_09_15::1025742::XAUUSD::932200::135,r1_h1_pullback_long_v1,R1,UPTREND,LONG,2023.02.01 14:45:00,2023.02.01 14:45:00,2023.02.01 16:12:34,BT_A1_XAU_R1_PULLBACK_LONG_V2_M15_SESSION_09_15,1025742,XAUUSD,932200,135,135,135,137,137,0.01,1930.09,1922.03,1946.20,1930.01,1930.09,8,0.0099,R1_H1_EMA_PULLBACK_LONG_M15,4
h4_d1_long_best_box2_atr80::BT_A1_XAU_ROUTER_V1_R1_LONG_BOX2_PREVHEALTH::1025742::XAUUSD::932200::53,h4_d1_long_best_box2_atr80,R1,UPTREND,LONG,2023.02.01 20:00:00,2023.02.01 20:00:00,2023.02.03 12:30:39,BT_A1_XAU_ROUTER_V1_R1_LONG_BOX2_PREVHEALTH,1025742,XAUUSD,932200,53,53,53,54,54,0.01,1953.60,1900.92,2058.96,1953.47,1953.60,13,0.0025,D1_COMPRESSION_H4_EXPANSION_LONG,4
r2_pullback_rejection_short_v1::BT_A1_XAU_R2_H1_M5_BODY58_HOURS05_18::1025742::XAUUSD::932200::58,r2_pullback_rejection_short_v1,R2,DOWNTREND,SHORT,2023.02.27 09:00:00,2023.02.27 09:00:00,2023.02.27 12:38:38,BT_A1_XAU_R2_H1_M5_BODY58_HOURS05_18,1025742,XAUUSD,932200,58,58,58,59,59,0.01,1808.48,1814.53,1796.39,1808.48,1808.56,8,0.0132,R2_H1_EMA_PULLBACK_REJECTION_SHORT_H1,4
r1_h1_pullback_long_v1::BT_A1_XAU_R1_PULLBACK_LONG_V2_M15_SESSION_09_15::1025742::XAUUSD::932200::138,r1_h1_pullback_long_v1,R1,UPTREND,LONG,2023.03.16 09:00:00,2023.03.16 09:00:00,2023.03.16 14:22:41,BT_A1_XAU_R1_PULLBACK_LONG_V2_M15_SESSION_09_15,1025742,XAUUSD,932200,138,138,138,143,143,0.01,1921.99,1915.77,1934.43,1921.91,1921.99,8,0.0129,R1_H1_EMA_PULLBACK_LONG_M15,4
r1_h1_pullback_long_v1::BT_A1_XAU_R1_PULLBACK_LONG_V2_M15_SESSION_09_15::1025742::XAUUSD::932200::139,r1_h1_pullback_long_v1,R1,UPTREND,LONG,2023.03.16 10:00:00,2023.03.16 10:00:00,2023.03.16 14:21:36,BT_A1_XAU_R1_PULLBACK_LONG_V2_M15_SESSION_09_15,1025742,XAUUSD,932200,139,139,139,142,142,0.01,1922.78,1916.99,1934.36,1922.70,1922.78,8,0.0138,R1_H1_EMA_PULLBACK_LONG_M15,4
r1_h1_pullback_long_v1::BT_A1_XAU_R1_PULLBACK_LONG_V2_M15_SESSION_09_15::1025742::XAUUSD::932200::140,r1_h1_pullback_long_v1,R1,UPTREND,LONG,2023.03.16 11:00:00,2023.03.16 11:00:00,2023.03.16 14:19:41,BT_A1_XAU_R1_PULLBACK_LONG_V2_M15_SESSION_09_15,1025742,XAUUSD,932200,140,140,140,141,141,0.01,1927.06,1918.09,1945.00,1926.98,1927.06,8,0.0089,R1_H1_EMA_PULLBACK_LONG_M15,4
r1_h1_pullback_long_v1::BT_A1_XAU_R1_PULLBACK_LONG_V2_M15_SESSION_09_15::1025742::XAUUSD::932200::144,r1_h1_pullback_long_v1,R1,UPTREND,LONG,2023.03.31 10:30:00,2023.03.31 10:30:00,2023.03.31 17:16:27,BT_A1_XAU_R1_PULLBACK_LONG_V2_M15_SESSION_09_15,1025742,XAUUSD,932200,144,144,144,151,151,0.01,1978.96,1974.61,1987.65,1978.88,1978.96,8,0.0184,R1_H1_EMA_PULLBACK_LONG_M15,4
r1_h1_pullback_long_v1::BT_A1_XAU_R1_PULLBACK_LONG_V2_M15_SESSION_09_15::1025742::XAUUSD::932200::145,r1_h1_pullback_long_v1,R1,UPTREND,LONG,2023.03.31 10:45:00,2023.03.31 10:45:00,2023.03.31 12:22:40,BT_A1_XAU_R1_PULLBACK_LONG_V2_M15_SESSION_09_15,1025742,XAUUSD,932200,145,145,145,150,150,0.01,1980.75,1976.42,1989.40,1980.67,1980.75,8,0.0185,R1_H1_EMA_PULLBACK_LONG_M15,4
r1_h1_pullback_long_v1::BT_A1_XAU_R1_PULLBACK_LONG_V2_M15_SESSION_09_15::1025742::XAUUSD::932200::146,r1_h1_pullback_long_v1,R1,UPTREND,LONG,2023.03.31 11:15:00,2023.03.31 11:15:00,2023.03.31 12:22:39,BT_A1_XAU_R1_PULLBACK_LONG_V2_M15_SESSION_09_15,1025742,XAUUSD,932200,146,146,146,148,148,0.01,1981.03,1976.50,1990.09,1980.95,1981.03,8,0.0177,R1_H1_EMA_PULLBACK_LONG_M15,4
r1_h1_pullback_long_v1::BT_A1_XAU_R1_PULLBACK_LONG_V2_M15_SESSION_09_15::1025742::XAUUSD::932200::147,r1_h1_pullback_long_v1,R1,UPTREND,LONG,2023.03.31 11:30:00,2023.03.31 11:30:00,2023.03.31 12:22:39,BT_A1_XAU_R1_PULLBACK_LONG_V2_M15_SESSION_09_15,1025742,XAUUSD,932200,147,147,147,149,149,0.01,1981.88,1976.52,1992.60,1981.80,1981.88,8,0.0149,R1_H1_EMA_PULLBACK_LONG_M15,4
r1_h1_pullback_long_v1::BT_A1_XAU_R1_PULLBACK_LONG_V2_M15_SESSION_09_15::1025742::XAUUSD::932200::152,r1_h1_pullback_long_v1,R1,UPTREND,LONG,2023.04.04 09:15:00,2023.04.04 09:15:00,2023.04.04 11:25:13,BT_A1_XAU_R1_PULLBACK_LONG_V2_M15_SESSION_09_15,1025742,XAUUSD,932200,152,152,152,155,155,0.01,1982.54,1978.94,1989.73,1982.46,1982.54,8,0.0222,R1_H1_EMA_PULLBACK_LONG_M15,4
r1_h1_pullback_long_v1::BT_A1_XAU_R1_PULLBACK_LONG_V2_M15_SESSION_09_15::1025742::XAUUSD::932200::153,r1_h1_pullback_long_v1,R1,UPTREND,LONG,2023.04.04 10:30:00,2023.04.04 10:30:00,2023.04.04 11:17:37,BT_A1_XAU_R1_PULLBACK_LONG_V2_M15_SESSION_09_15,1025742,XAUUSD,932200,153,153,153,154,154,0.01,1984.08,1979.74,1992.75,1984.00,1984.08,8,0.0185,R1_H1_EMA_PULLBACK_LONG_M15,4
r1_h1_pullback_long_v1::BT_A1_XAU_R1_PULLBACK_LONG_V2_M15_SESSION_09_15::1025742::XAUUSD::932200::156,r1_h1_pullback_long_v1,R1,UPTREND,LONG,2023.04.04 11:45:00,2023.04.04 11:45:00,2023.04.04 13:32:28,BT_A1_XAU_R1_PULLBACK_LONG_V2_M15_SESSION_09_15,1025742,XAUUSD,932200,156,156,156,161,161,0.01,1981.68,1978.04,1988.95,1981.60,1981.68,8,0.0220,R1_H1_EMA_PULLBACK_LONG_M15,5
r1_h1_pullback_long_v1::BT_A1_XAU_R1_PULLBACK_LONG_V2_M15_SESSION_09_15::1025742::XAUUSD::932200::157,r1_h1_pullback_long_v1,R1,UPTREND,LONG,2023.04.04 12:15:00,2023.04.04 12:15:00,2023.04.04 14:00:28,BT_A1_XAU_R1_PULLBACK_LONG_V2_M15_SESSION_09_15,1025742,XAUUSD,932200,157,157,157,163,163,0.01,1984.33,1978.03,1996.92,1984.24,1984.33,9,0.0143,R1_H1_EMA_PULLBACK_LONG_M15,5
r1_h1_pullback_long_v1::BT_A1_XAU_R1_PULLBACK_LONG_V2_M15_SESSION_09_15::1025742::XAUUSD::932200::158,r1_h1_pullback_long_v1,R1,UPTREND,LONG,2023.04.04 12:45:00,2023.04.04 12:45:00,2023.04.04 14:00:38,BT_A1_XAU_R1_PULLBACK_LONG_V2_M15_SESSION_09_15,1025742,XAUUSD,932200,158,158,158,164,164,0.01,1984.59,1977.93,1997.91,1984.51,1984.59,8,0.0120,R1_H1_EMA_PULLBACK_LONG_M15,5
r1_h1_pullback_long_v1::BT_A1_XAU_R1_PULLBACK_LONG_V2_M15_SESSION_09_15::1025742::XAUUSD::932200::159,r1_h1_pullback_long_v1,R1,UPTREND,LONG,2023.04.04 13:15:00,2023.04.04 13:15:00,2023.04.04 14:00:26,BT_A1_XAU_R1_PULLBACK_LONG_V2_M15_SESSION_09_15,1025742,XAUUSD,932200,159,159,159,162,162,0.01,1985.88,1980.59,1996.47,1985.73,1985.88,15,0.0283,R1_H1_EMA_PULLBACK_LONG_M15,5
r1_h1_pullback_long_v1::BT_A1_XAU_R1_PULLBACK_LONG_V2_M15_SESSION_09_15::1025742::XAUUSD::932200::160,r1_h1_pullback_long_v1,R1,UPTREND,LONG,2023.04.04 13:30:00,2023.04.04 13:30:00,2023.04.04 14:03:20,BT_A1_XAU_R1_PULLBACK_LONG_V2_M15_SESSION_09_15,1025742,XAUUSD,932200,160,160,160,165,165,0.01,1987.41,1980.89,2000.46,1987.33,1987.41,8,0.0123,R1_H1_EMA_PULLBACK_LONG_M15,5
r1_h1_pullback_long_v1::BT_A1_XAU_R1_PULLBACK_LONG_V2_M15_SESSION_09_15::1025742::XAUUSD::932200::166,r1_h1_pullback_long_v1,R1,UPTREND,LONG,2023.04.06 11:00:00,2023.04.06 11:00:00,2023.04.06 12:20:30,BT_A1_XAU_R1_PULLBACK_LONG_V2_M15_SESSION_09_15,1025742,XAUUSD,932200,166,166,166,167,167,0.01,2020.40,2016.82,2027.57,2020.32,2020.40,8,0.0223,R1_H1_EMA_PULLBACK_LONG_M15,4
h4_d1_long_best_box2_atr80::BT_A1_XAU_ROUTER_V1_R1_LONG_BOX2_PREVHEALTH::1025742::XAUUSD::932200::60,h4_d1_long_best_box2_atr80,R1,UPTREND,LONG,2023.04.12 04:00:00,2023.04.12 04:00:00,2023.04.17 14:46:41,BT_A1_XAU_ROUTER_V1_R1_LONG_BOX2_PREVHEALTH,1025742,XAUUSD,932200,60,60,60,63,63,0.01,2017.29,1981.79,2088.29,2017.21,2017.29,8,0.0023,D1_COMPRESSION_H4_EXPANSION_LONG,4
h4_d1_long_best_box2_atr80::BT_A1_XAU_ROUTER_V1_R1_LONG_BOX2_PREVHEALTH::1025742::XAUUSD::932200::61,h4_d1_long_best_box2_atr80,R1,UPTREND,LONG,2023.04.12 20:00:00,2023.04.12 20:00:00,2023.04.17 14:46:41,BT_A1_XAU_ROUTER_V1_R1_LONG_BOX2_PREVHEALTH,1025742,XAUUSD,932200,61,61,61,62,62,0.01,2013.85,1981.89,2077.77,2013.73,2013.85,12,0.0038,D1_COMPRESSION_H4_EXPANSION_LONG,4
r1_h1_pullback_long_v1::BT_A1_XAU_R1_PULLBACK_LONG_V2_M15_SESSION_09_15::1025742::XAUUSD::932200::168,r1_h1_pullback_long_v1,R1,UPTREND,LONG,2023.04.14 10:00:00,2023.04.14 10:00:00,2023.04.14 12:32:42,BT_A1_XAU_R1_PULLBACK_LONG_V2_M15_SESSION_09_15,1025742,XAUUSD,932200,168,168,168,171,171,0.01,2038.76,2031.27,2053.74,2038.68,2038.76,8,0.0107,R1_H1_EMA_PULLBACK_LONG_M15,4
r1_h1_pullback_long_v1::BT_A1_XAU_R1_PULLBACK_LONG_V2_M15_SESSION_09_15::1025742::XAUUSD::932200::169,r1_h1_pullback_long_v1,R1,UPTREND,LONG,2023.04.14 10:15:00,2023.04.14 10:15:00,2023.04.14 11:11:28,BT_A1_XAU_R1_PULLBACK_LONG_V2_M15_SESSION_09_15,1025742,XAUUSD,932200,169,169,169,170,170,0.01,2041.69,2032.73,2059.62,2041.61,2041.69,8,0.0089,R1_H1_EMA_PULLBACK_LONG_M15,4
r1_h1_pullback_long_v1::BT_A1_XAU_R1_PULLBACK_LONG_V2_M15_SESSION_09_15::1025742::XAUUSD::932200::172,r1_h1_pullback_long_v1,R1,UPTREND,LONG,2023.05.04 11:15:00,2023.05.04 11:15:00,2023.05.04 12:31:43,BT_A1_XAU_R1_PULLBACK_LONG_V2_M15_SESSION_09_15,1025742,XAUUSD,932200,172,172,172,173,173,0.01,2043.25,2035.99,2057.77,2043.18,2043.25,7,0.0096,R1_H1_EMA_PULLBACK_LONG_M15,4
r1_h1_pullback_long_v1::BT_A1_XAU_R1_PULLBACK_LONG_V2_M15_SESSION_09_15::1025742::XAUUSD::932200::174,r1_h1_pullback_long_v1,R1,UPTREND,LONG,2023.05.04 13:45:00,2023.05.04 13:45:00,2023.05.05 12:30:19,BT_A1_XAU_R1_PULLBACK_LONG_V2_M15_SESSION_09_15,1025742,XAUUSD,932200,174,174,174,177,177,0.01,2040.84,2031.07,2060.37,2040.77,2040.84,7,0.0072,R1_H1_EMA_PULLBACK_LONG_M15,4
r1_h1_pullback_long_v1::BT_A1_XAU_R1_PULLBACK_LONG_V2_M15_SESSION_09_15::1025742::XAUUSD::932200::175,r1_h1_pullback_long_v1,R1,UPTREND,LONG,2023.05.04 14:00:00,2023.05.04 14:00:00,2023.05.05 12:30:19,BT_A1_XAU_R1_PULLBACK_LONG_V2_M15_SESSION_09_15,1025742,XAUUSD,932200,175,175,175,176,176,0.01,2044.40,2031.12,2070.96,2044.34,2044.40,6,0.0045,R1_H1_EMA_PULLBACK_LONG_M15,4
r1_h1_pullback_long_v1::BT_A1_XAU_R1_PULLBACK_LONG_V2_M15_SESSION_09_15::1025742::XAUUSD::932200::178,r1_h1_pullback_long_v1,R1,UPTREND,LONG,2023.05.09 13:45:00,2023.05.09 13:45:00,2023.05.10 00:05:37,BT_A1_XAU_R1_PULLBACK_LONG_V2_M15_SESSION_09_15,1025742,XAUUSD,932200,178,178,178,180,180,0.01,2027.51,2022.42,2037.69,2027.43,2027.51,8,0.0157,R1_H1_EMA_PULLBACK_LONG_M15,5
r1_h1_pullback_long_v1::BT_A1_XAU_R1_PULLBACK_LONG_V2_M15_SESSION_09_15::1025742::XAUUSD::932200::179,r1_h1_pullback_long_v1,R1,UPTREND,LONG,2023.05.09 14:00:00,2023.05.09 14:00:00,2023.05.10 12:40:29,BT_A1_XAU_R1_PULLBACK_LONG_V2_M15_SESSION_09_15,1025742,XAUUSD,932200,179,179,179,181,181,0.01,2030.40,2022.41,2046.38,2030.32,2030.40,8,0.0100,R1_H1_EMA_PULLBACK_LONG_M15,5
r1_h1_pullback_long_v1::BT_A1_XAU_R1_PULLBACK_LONG_V2_M15_SESSION_09_15::1025742::XAUUSD::932200::182,r1_h1_pullback_long_v1,R1,UPTREND,LONG,2023.05.11 13:00:00,2023.05.11 13:00:00,2023.05.11 13:21:29,BT_A1_XAU_R1_PULLBACK_LONG_V2_M15_SESSION_09_15,1025742,XAUUSD,932200,182,182,182,183,183,0.01,2037.52,2027.66,2057.24,2037.45,2037.52,7,0.0071,R1_H1_EMA_PULLBACK_LONG_M15,4
r2_pullback_rejection_short_v1::BT_A1_XAU_R2_H1_M5_BODY58_HOURS05_18::1025742::XAUUSD::932200::60,r2_pullback_rejection_short_v1,R2,DOWNTREND,SHORT,2023.06.20 13:00:00,2023.06.20 13:00:00,2023.06.21 13:37:41,BT_A1_XAU_R2_H1_M5_BODY58_HOURS05_18,1025742,XAUUSD,932200,60,60,60,65,65,0.01,1944.68,1955.52,1922.99,1944.68,1944.75,7,0.0065,R2_H1_EMA_PULLBACK_REJECTION_SHORT_H1,5
r2_pullback_rejection_short_v1::BT_A1_XAU_R2_H1_M5_BODY58_HOURS05_18::1025742::XAUUSD::932200::61,r2_pullback_rejection_short_v1,R2,DOWNTREND,SHORT,2023.06.21 05:00:00,2023.06.21 05:00:00,2023.06.21 12:36:30,BT_A1_XAU_R2_H1_M5_BODY58_HOURS05_18,1025742,XAUUSD,932200,61,61,61,63,63,0.01,1935.78,1940.16,1927.03,1935.78,1935.85,7,0.0160,R2_H1_EMA_PULLBACK_REJECTION_SHORT_H1,5
r2_pullback_rejection_short_v1::BT_A1_XAU_R2_H1_M5_BODY58_HOURS05_18::1025742::XAUUSD::932200::62,r2_pullback_rejection_short_v1,R2,DOWNTREND,SHORT,2023.06.21 10:00:00,2023.06.21 10:00:00,2023.06.21 13:37:39,BT_A1_XAU_R2_H1_M5_BODY58_HOURS05_18,1025742,XAUUSD,932200,62,62,62,64,64,0.01,1933.25,1938.04,1923.66,1933.25,1933.33,8,0.0167,R2_H1_EMA_PULLBACK_REJECTION_SHORT_H1,5
r2_pullback_rejection_short_v1::BT_A1_XAU_R2_H1_M5_BODY58_HOURS05_18::1025742::XAUUSD::932200::66,r2_pullback_rejection_short_v1,R2,DOWNTREND,SHORT,2023.06.22 05:00:00,2023.06.22 05:00:00,2023.06.22 13:11:38,BT_A1_XAU_R2_H1_M5_BODY58_HOURS05_18,1025742,XAUUSD,932200,66,66,66,69,69,0.01,1929.81,1935.15,1919.13,1929.81,1929.89,8,0.0150,R2_H1_EMA_PULLBACK_REJECTION_SHORT_H1,5
r2_pullback_rejection_short_v1::BT_A1_XAU_R2_H1_M5_BODY58_HOURS05_18::1025742::XAUUSD::932200::67,r2_pullback_rejection_short_v1,R2,DOWNTREND,SHORT,2023.06.22 07:00:00,2023.06.22 07:00:00,2023.06.22 14:27:28,BT_A1_XAU_R2_H1_M5_BODY58_HOURS05_18,1025742,XAUUSD,932200,67,67,67,70,70,0.01,1928.12,1933.85,1916.67,1928.12,1928.18,6,0.0105,R2_H1_EMA_PULLBACK_REJECTION_SHORT_H1,5
r2_pullback_rejection_short_v1::BT_A1_XAU_R2_H1_M5_BODY58_HOURS05_18::1025742::XAUUSD::932200::68,r2_pullback_rejection_short_v1,R2,DOWNTREND,SHORT,2023.06.22 13:00:00,2023.06.22 13:00:00,2023.06.23 13:14:29,BT_A1_XAU_R2_H1_M5_BODY58_HOURS05_18,1025742,XAUUSD,932200,68,68,68,74,74,0.01,1923.46,1931.84,1906.70,1923.46,1923.54,8,0.0095,R2_H1_EMA_PULLBACK_REJECTION_SHORT_H1,4
r2_pullback_rejection_short_v1::BT_A1_XAU_R2_H1_M5_BODY58_HOURS05_18::1025742::XAUUSD::932200::71,r2_pullback_rejection_short_v1,R2,DOWNTREND,SHORT,2023.06.22 15:00:00,2023.06.22 15:00:00,2023.06.23 13:14:39,BT_A1_XAU_R2_H1_M5_BODY58_HOURS05_18,1025742,XAUUSD,932200,71,71,71,75,75,0.01,1915.39,1932.06,1882.05,1915.39,1915.47,8,0.0048,R2_H1_EMA_PULLBACK_REJECTION_SHORT_H1,4
r2_pullback_rejection_short_v1::BT_A1_XAU_R2_H1_M5_BODY58_HOURS05_18::1025742::XAUUSD::932200::72,r2_pullback_rejection_short_v1,R2,DOWNTREND,SHORT,2023.06.23 06:00:00,2023.06.23 06:00:00,2023.06.23 07:48:39,BT_A1_XAU_R2_H1_M5_BODY58_HOURS05_18,1025742,XAUUSD,932200,72,72,72,73,73,0.01,1915.07,1918.75,1907.70,1915.07,1915.19,12,0.0326,R2_H1_EMA_PULLBACK_REJECTION_SHORT_H1,4
r2_pullback_rejection_short_v1::BT_A1_XAU_R2_H1_M5_BODY58_HOURS05_18::1025742::XAUUSD::932200::76,r2_pullback_rejection_short_v1,R2,DOWNTREND,SHORT,2023.06.28 07:00:00,2023.06.28 07:00:00,2023.06.29 12:50:41,BT_A1_XAU_R2_H1_M5_BODY58_HOURS05_18,1025742,XAUUSD,932200,76,76,76,77,77,0.01,1910.87,1917.49,1897.64,1910.87,1910.94,7,0.0106,R2_H1_EMA_PULLBACK_REJECTION_SHORT_H1,5
r2_pullback_rejection_short_v1::BT_A1_XAU_R2_H1_M5_BODY58_HOURS05_18::1025742::XAUUSD::932200::78,r2_pullback_rejection_short_v1,R2,DOWNTREND,SHORT,2023.07.06 08:00:00,2023.07.06 08:00:00,2023.07.06 10:29:37,BT_A1_XAU_R2_H1_M5_BODY58_HOURS05_18,1025742,XAUUSD,932200,78,78,78,79,79,0.01,1918.94,1922.44,1911.94,1918.94,1919.01,7,0.0200,R2_H1_EMA_PULLBACK_REJECTION_SHORT_H1,4
h4_d1_long_best_box2_atr80::BT_A1_XAU_ROUTER_V1_R1_LONG_BOX2_PREVHEALTH::1025742::XAUUSD::932200::64,h4_d1_long_best_box2_atr80,R1,UPTREND,LONG,2023.07.26 08:00:00,2023.07.26 08:00:00,2023.07.27 13:36:21,BT_A1_XAU_ROUTER_V1_R1_LONG_BOX2_PREVHEALTH,1025742,XAUUSD,932200,64,64,64,65,65,0.01,1970.75,1951.82,2008.61,1970.67,1970.75,8,0.0042,D1_COMPRESSION_H4_EXPANSION_LONG,4
r1_h1_pullback_long_v1::BT_A1_XAU_R1_PULLBACK_LONG_V2_M15_SESSION_09_15::1025742::XAUUSD::932200::184,r1_h1_pullback_long_v1,R1,UPTREND,LONG,2023.07.27 10:15:00,2023.07.27 10:15:00,2023.07.27 12:30:30,BT_A1_XAU_R1_PULLBACK_LONG_V2_M15_SESSION_09_15,1025742,XAUUSD,932200,184,184,184,191,191,0.01,1975.94,1972.44,1982.94,1975.86,1975.94,8,0.0229,R1_H1_EMA_PULLBACK_LONG_M15,4
r1_h1_pullback_long_v1::BT_A1_XAU_R1_PULLBACK_LONG_V2_M15_SESSION_09_15::1025742::XAUUSD::932200::185,r1_h1_pullback_long_v1,R1,UPTREND,LONG,2023.07.27 11:15:00,2023.07.27 11:15:00,2023.07.27 12:25:40,BT_A1_XAU_R1_PULLBACK_LONG_V2_M15_SESSION_09_15,1025742,XAUUSD,932200,185,185,185,190,190,0.01,1977.04,1973.20,1984.71,1976.96,1977.04,8,0.0209,R1_H1_EMA_PULLBACK_LONG_M15,4
r1_h1_pullback_long_v1::BT_A1_XAU_R1_PULLBACK_LONG_V2_M15_SESSION_09_15::1025742::XAUUSD::932200::186,r1_h1_pullback_long_v1,R1,UPTREND,LONG,2023.07.27 11:45:00,2023.07.27 11:45:00,2023.07.27 12:25:27,BT_A1_XAU_R1_PULLBACK_LONG_V2_M15_SESSION_09_15,1025742,XAUUSD,932200,186,186,186,189,189,0.01,1977.72,1974.22,1984.72,1977.64,1977.72,8,0.0229,R1_H1_EMA_PULLBACK_LONG_M15,4
r1_h1_pullback_long_v1::BT_A1_XAU_R1_PULLBACK_LONG_V2_M15_SESSION_09_15::1025742::XAUUSD::932200::187,r1_h1_pullback_long_v1,R1,UPTREND,LONG,2023.07.27 12:00:00,2023.07.27 12:00:00,2023.07.27 12:17:16,BT_A1_XAU_R1_PULLBACK_LONG_V2_M15_SESSION_09_15,1025742,XAUUSD,932200,187,187,187,188,188,0.01,1979.17,1974.74,1988.03,1979.09,1979.17,8,0.0181,R1_H1_EMA_PULLBACK_LONG_M15,4
r2_pullback_rejection_short_v1::BT_A1_XAU_R2_H1_M5_BODY58_HOURS05_18::1025742::XAUUSD::932200::80,r2_pullback_rejection_short_v1,R2,DOWNTREND,SHORT,2023.08.08 11:00:00,2023.08.08 11:00:00,2023.08.09 14:31:42,BT_A1_XAU_R2_H1_M5_BODY58_HOURS05_18,1025742,XAUUSD,932200,80,80,80,83,83,0.01,1930.72,1936.37,1919.41,1930.72,1930.80,8,0.0141,R2_H1_EMA_PULLBACK_REJECTION_SHORT_H1,5
r2_pullback_rejection_short_v1::BT_A1_XAU_R2_H1_M5_BODY58_HOURS05_18::1025742::XAUUSD::932200::81,r2_pullback_rejection_short_v1,R2,DOWNTREND,SHORT,2023.08.08 12:00:00,2023.08.08 12:00:00,2023.08.10 14:54:04,BT_A1_XAU_R2_H1_M5_BODY58_HOURS05_18,1025742,XAUUSD,932200,81,81,81,86,86,0.01,1928.87,1936.48,1913.65,1928.87,1928.95,8,0.0105,R2_H1_EMA_PULLBACK_REJECTION_SHORT_H1,5
r2_pullback_rejection_short_v1::BT_A1_XAU_R2_H1_M5_BODY58_HOURS05_18::1025742::XAUUSD::932200::82,r2_pullback_rejection_short_v1,R2,DOWNTREND,SHORT,2023.08.09 11:00:00,2023.08.09 11:00:00,2023.08.10 20:47:36,BT_A1_XAU_R2_H1_M5_BODY58_HOURS05_18,1025742,XAUUSD,932200,82,82,82,88,88,0.01,1925.20,1931.42,1912.76,1925.20,1925.28,8,0.0129,R2_H1_EMA_PULLBACK_REJECTION_SHORT_H1,5
r2_pullback_rejection_short_v1::BT_A1_XAU_R2_H1_M5_BODY58_HOURS05_18::1025742::XAUUSD::932200::84,r2_pullback_rejection_short_v1,R2,DOWNTREND,SHORT,2023.08.10 05:00:00,2023.08.10 05:00:00,2023.08.10 07:06:57,BT_A1_XAU_R2_H1_M5_BODY58_HOURS05_18,1025742,XAUUSD,932200,84,84,84,85,85,0.01,1916.75,1920.25,1909.75,1916.75,1916.83,8,0.0229,R2_H1_EMA_PULLBACK_REJECTION_SHORT_H1,4
r2_pullback_rejection_short_v1::BT_A1_XAU_R2_H1_M5_BODY58_HOURS05_18::1025742::XAUUSD::932200::87,r2_pullback_rejection_short_v1,R2,DOWNTREND,SHORT,2023.08.10 18:00:00,2023.08.10 18:00:00,2023.08.16 18:51:28,BT_A1_XAU_R2_H1_M5_BODY58_HOURS05_18,1025742,XAUUSD,932200,87,87,87,92,92,0.01,1913.66,1922.92,1895.14,1913.66,1913.74,8,0.0086,R2_H1_EMA_PULLBACK_REJECTION_SHORT_H1,5
r2_pullback_rejection_short_v1::BT_A1_XAU_R2_H1_M5_BODY58_HOURS05_18::1025742::XAUUSD::932200::89,r2_pullback_rejection_short_v1,R2,DOWNTREND,SHORT,2023.08.16 13:00:00,2023.08.16 13:00:00,2023.08.17 17:02:13,BT_A1_XAU_R2_H1_M5_BODY58_HOURS05_18,1025742,XAUUSD,932200,89,89,89,97,97,0.01,1900.77,1907.40,1887.52,1900.77,1900.83,6,0.0091,R2_H1_EMA_PULLBACK_REJECTION_SHORT_H1,5
r2_pullback_rejection_short_v1::BT_A1_XAU_R2_H1_M5_BODY58_HOURS05_18::1025742::XAUUSD::932200::90,r2_pullback_rejection_short_v1,R2,DOWNTREND,SHORT,2023.08.16 16:00:00,2023.08.16 16:00:00,2023.08.17 00:50:27,BT_A1_XAU_R2_H1_M5_BODY58_HOURS05_18,1025742,XAUUSD,932200,90,90,90,93,93,0.01,1901.94,1907.19,1891.44,1901.94,1902.00,6,0.0114,R2_H1_EMA_PULLBACK_REJECTION_SHORT_H1,5
r2_pullback_rejection_short_v1::BT_A1_XAU_R2_H1_M5_BODY58_HOURS05_18::1025742::XAUUSD::932200::91,r2_pullback_rejection_short_v1,R2,DOWNTREND,SHORT,2023.08.16 17:00:00,2023.08.16 17:00:00,2023.08.21 02:03:05,BT_A1_XAU_R2_H1_M5_BODY58_HOURS05_18,1025742,XAUUSD,932200,91,91,91,100,100,0.01,1899.47,1906.77,1884.88,1899.47,1899.53,6,0.0082,R2_H1_EMA_PULLBACK_REJECTION_SHORT_H1,5
r2_pullback_rejection_short_v1::BT_A1_XAU_R2_H1_M5_BODY58_HOURS05_18::1025742::XAUUSD::932200::94,r2_pullback_rejection_short_v1,R2,DOWNTREND,SHORT,2023.08.17 09:00:00,2023.08.17 09:00:00,2023.08.17 10:21:20,BT_A1_XAU_R2_H1_M5_BODY58_HOURS05_18,1025742,XAUUSD,932200,94,94,94,95,95,0.01,1894.00,1898.31,1885.38,1894.00,1894.06,6,0.0139,R2_H1_EMA_PULLBACK_REJECTION_SHORT_H1,4
r2_pullback_rejection_short_v1::BT_A1_XAU_R2_H1_M5_BODY58_HOURS05_18::1025742::XAUUSD::932200::96,r2_pullback_rejection_short_v1,R2,DOWNTREND,SHORT,2023.08.17 16:00:00,2023.08.17 16:00:00,2023.08.22 10:21:23,BT_A1_XAU_R2_H1_M5_BODY58_HOURS05_18,1025742,XAUUSD,932200,96,96,96,103,103,0.01,1889.49,1904.37,1859.73,1889.49,1889.53,4,0.0027,R2_H1_EMA_PULLBACK_REJECTION_SHORT_H1,4
r2_pullback_rejection_short_v1::BT_A1_XAU_R2_H1_M5_BODY58_HOURS05_18::1025742::XAUUSD::932200::98,r2_pullback_rejection_short_v1,R2,DOWNTREND,SHORT,2023.08.17 18:00:00,2023.08.17 18:00:00,2023.08.21 12:43:39,BT_A1_XAU_R2_H1_M5_BODY58_HOURS05_18,1025742,XAUUSD,932200,98,98,98,102,102,0.01,1886.21,1897.29,1864.05,1886.21,1886.27,6,0.0054,R2_H1_EMA_PULLBACK_REJECTION_SHORT_H1,4
r2_pullback_rejection_short_v1::BT_A1_XAU_R2_H1_M5_BODY58_HOURS05_18::1025742::XAUUSD::932200::99,r2_pullback_rejection_short_v1,R2,DOWNTREND,SHORT,2023.08.18 17:00:00,2023.08.18 17:00:00,2023.08.21 12:21:42,BT_A1_XAU_R2_H1_M5_BODY58_HOURS05_18,1025742,XAUUSD,932200,99,99,99,101,101,0.01,1889.57,1895.64,1877.43,1889.57,1889.63,6,0.0099,R2_H1_EMA_PULLBACK_REJECTION_SHORT_H1,4
r2_pullback_rejection_short_v1::BT_A1_XAU_R2_H1_M5_BODY58_HOURS05_18::1025742::XAUUSD::932200::104,r2_pullback_rejection_short_v1,R2,DOWNTREND,SHORT,2023.09.12 10:00:00,2023.09.12 10:00:00,2023.09.12 11:30:30,BT_A1_XAU_R2_H1_M5_BODY58_HOURS05_18,1025742,XAUUSD,932200,104,104,104,105,105,0.01,1919.00,1922.50,1912.00,1919.00,1919.06,6,0.0171,R2_H1_EMA_PULLBACK_REJECTION_SHORT_H1,5
r2_pullback_rejection_short_v1::BT_A1_XAU_R2_H1_M5_BODY58_HOURS05_18::1025742::XAUUSD::932200::106,r2_pullback_rejection_short_v1,R2,DOWNTREND,SHORT,2023.09.13 16:00:00,2023.09.13 16:00:00,2023.09.15 04:47:17,BT_A1_XAU_R2_H1_M5_BODY58_HOURS05_18,1025742,XAUUSD,932200,106,106,106,107,107,0.01,1910.46,1916.61,1898.16,1910.46,1910.52,6,0.0098,R2_H1_EMA_PULLBACK_REJECTION_SHORT_H1,4
r2_pullback_rejection_short_v1::BT_A1_XAU_R2_H1_M5_BODY58_HOURS05_18::1025742::XAUUSD::932200::108,r2_pullback_rejection_short_v1,R2,DOWNTREND,SHORT,2023.09.28 13:00:00,2023.09.28 13:00:00,2023.09.29 15:09:38,BT_A1_XAU_R2_H1_M5_BODY58_HOURS05_18,1025742,XAUUSD,932200,108,108,108,110,110,0.01,1872.46,1880.29,1856.80,1872.46,1872.50,4,0.0051,R2_H1_EMA_PULLBACK_REJECTION_SHORT_H1,5
r2_pullback_rejection_short_v1::BT_A1_XAU_R2_H1_M5_BODY58_HOURS05_18::1025742::XAUUSD::932200::109,r2_pullback_rejection_short_v1,R2,DOWNTREND,SHORT,2023.09.28 15:00:00,2023.09.28 15:00:00,2023.10.02 09:27:14,BT_A1_XAU_R2_H1_M5_BODY58_HOURS05_18,1025742,XAUUSD,932200,109,109,109,111,111,0.01,1865.32,1880.53,1834.91,1865.32,1865.40,8,0.0053,R2_H1_EMA_PULLBACK_REJECTION_SHORT_H1,5
r2_pullback_rejection_short_v1::BT_A1_XAU_R2_H1_M5_BODY58_HOURS05_18::1025742::XAUUSD::932200::112,r2_pullback_rejection_short_v1,R2,DOWNTREND,SHORT,2023.10.04 17:00:00,2023.10.04 17:00:00,2023.10.05 01:19:42,BT_A1_XAU_R2_H1_M5_BODY58_HOURS05_18,1025742,XAUUSD,932200,112,112,112,114,114,0.01,1820.98,1827.51,1807.92,1820.98,1821.02,4,0.0061,R2_H1_EMA_PULLBACK_REJECTION_SHORT_H1,4
r2_pullback_rejection_short_v1::BT_A1_XAU_R2_H1_M5_BODY58_HOURS05_18::1025742::XAUUSD::932200::113,r2_pullback_rejection_short_v1,R2,DOWNTREND,SHORT,2023.10.04 18:00:00,2023.10.04 18:00:00,2023.10.05 01:20:14,BT_A1_XAU_R2_H1_M5_BODY58_HOURS05_18,1025742,XAUUSD,932200,113,113,113,115,115,0.01,1818.36,1827.53,1800.02,1818.36,1818.44,8,0.0087,R2_H1_EMA_PULLBACK_REJECTION_SHORT_H1,4
r1_h1_pullback_long_v1::BT_A1_XAU_R1_PULLBACK_LONG_V2_M15_SESSION_09_15::1025742::XAUUSD::932200::192,r1_h1_pullback_long_v1,R1,UPTREND,LONG,2023.10.31 09:45:00,2023.10.31 09:45:00,2023.10.31 11:58:31,BT_A1_XAU_R1_PULLBACK_LONG_V2_M15_SESSION_09_15,1025742,XAUUSD,932200,192,192,192,195,195,0.01,1998.84,1995.34,2005.84,1998.76,1998.84,8,0.0229,R1_H1_EMA_PULLBACK_LONG_M15,4
r1_h1_pullback_long_v1::BT_A1_XAU_R1_PULLBACK_LONG_V2_M15_SESSION_09_15::1025742::XAUUSD::932200::193,r1_h1_pullback_long_v1,R1,UPTREND,LONG,2023.10.31 10:00:00,2023.10.31 10:00:00,2023.10.31 11:55:39,BT_A1_XAU_R1_PULLBACK_LONG_V2_M15_SESSION_09_15,1025742,XAUUSD,932200,193,193,193,194,194,0.01,2000.08,1996.12,2007.99,2000.01,2000.08,7,0.0177,R1_H1_EMA_PULLBACK_LONG_M15,4
r1_h1_pullback_long_v1::BT_A1_XAU_R1_PULLBACK_LONG_V2_M15_SESSION_09_15::1025742::XAUUSD::932200::196,r1_h1_pullback_long_v1,R1,UPTREND,LONG,2023.10.31 13:00:00,2023.10.31 13:00:00,2023.10.31 14:12:27,BT_A1_XAU_R1_PULLBACK_LONG_V2_M15_SESSION_09_15,1025742,XAUUSD,932200,196,196,196,198,198,0.01,2002.57,1993.99,2019.73,2002.52,2002.57,5,0.0058,R1_H1_EMA_PULLBACK_LONG_M15,4
r1_h1_pullback_long_v1::BT_A1_XAU_R1_PULLBACK_LONG_V2_M15_SESSION_09_15::1025742::XAUUSD::932200::197,r1_h1_pullback_long_v1,R1,UPTREND,LONG,2023.10.31 13:15:00,2023.10.31 13:15:00,2023.10.31 14:12:28,BT_A1_XAU_R1_PULLBACK_LONG_V2_M15_SESSION_09_15,1025742,XAUUSD,932200,197,197,197,199,199,0.01,2005.52,1993.88,2028.80,2005.48,2005.52,4,0.0034,R1_H1_EMA_PULLBACK_LONG_M15,4
r1_h1_pullback_long_v1::BT_A1_XAU_R1_PULLBACK_LONG_V2_M15_SESSION_09_15::1025742::XAUUSD::932200::200,r1_h1_pullback_long_v1,R1,UPTREND,LONG,2023.11.03 14:00:00,2023.11.03 14:00:00,2023.11.06 02:23:19,BT_A1_XAU_R1_PULLBACK_LONG_V2_M15_SESSION_09_15,1025742,XAUUSD,932200,200,200,200,203,203,0.01,1994.56,1986.41,2010.87,1994.49,1994.56,7,0.0086,R1_H1_EMA_PULLBACK_LONG_M15,4
r1_h1_pullback_long_v1::BT_A1_XAU_R1_PULLBACK_LONG_V2_M15_SESSION_09_15::1025742::XAUUSD::932200::201,r1_h1_pullback_long_v1,R1,UPTREND,LONG,2023.11.03 14:15:00,2023.11.03 14:15:00,2023.11.05 22:38:42,BT_A1_XAU_R1_PULLBACK_LONG_V2_M15_SESSION_09_15,1025742,XAUUSD,932200,201,201,201,202,202,0.01,1995.42,1987.07,2012.12,1995.36,1995.42,6,0.0072,R1_H1_EMA_PULLBACK_LONG_M15,4
h4_d1_long_best_box2_atr80::BT_A1_XAU_ROUTER_V1_R1_LONG_BOX2_PREVHEALTH::1025742::XAUUSD::932200::66,h4_d1_long_best_box2_atr80,R1,UPTREND,LONG,2023.11.21 04:00:00,2023.11.21 04:00:00,2023.11.28 23:42:29,BT_A1_XAU_ROUTER_V1_R1_LONG_BOX2_PREVHEALTH,1025742,XAUUSD,932200,66,66,66,71,71,0.01,1992.26,1965.54,2045.70,1992.10,1992.26,16,0.0060,D1_COMPRESSION_H4_EXPANSION_LONG,5
r1_h1_pullback_long_v1::BT_A1_XAU_R1_PULLBACK_LONG_V2_M15_SESSION_09_15::1025742::XAUUSD::932200::204,r1_h1_pullback_long_v1,R1,UPTREND,LONG,2023.11.21 09:30:00,2023.11.21 09:30:00,2023.11.21 12:30:38,BT_A1_XAU_R1_PULLBACK_LONG_V2_M15_SESSION_09_15,1025742,XAUUSD,932200,204,204,204,211,211,0.01,1988.72,1983.78,1998.61,1988.67,1988.72,5,0.0101,R1_H1_EMA_PULLBACK_LONG_M15,5
r1_h1_pullback_long_v1::BT_A1_XAU_R1_PULLBACK_LONG_V2_M15_SESSION_09_15::1025742::XAUUSD::932200::205,r1_h1_pullback_long_v1,R1,UPTREND,LONG,2023.11.21 10:45:00,2023.11.21 10:45:00,2023.11.21 12:24:30,BT_A1_XAU_R1_PULLBACK_LONG_V2_M15_SESSION_09_15,1025742,XAUUSD,932200,205,205,205,208,208,0.01,1988.70,1985.20,1995.70,1988.54,1988.70,16,0.0457,R1_H1_EMA_PULLBACK_LONG_M15,5
r1_h1_pullback_long_v1::BT_A1_XAU_R1_PULLBACK_LONG_V2_M15_SESSION_09_15::1025742::XAUUSD::932200::206,r1_h1_pullback_long_v1,R1,UPTREND,LONG,2023.11.21 12:00:00,2023.11.21 12:00:00,2023.11.21 12:30:19,BT_A1_XAU_R1_PULLBACK_LONG_V2_M15_SESSION_09_15,1025742,XAUUSD,932200,206,206,206,210,210,0.01,1989.20,1985.70,1996.20,1989.10,1989.20,10,0.0286,R1_H1_EMA_PULLBACK_LONG_M15,5
r1_h1_pullback_long_v1::BT_A1_XAU_R1_PULLBACK_LONG_V2_M15_SESSION_09_15::1025742::XAUUSD::932200::207,r1_h1_pullback_long_v1,R1,UPTREND,LONG,2023.11.21 12:15:00,2023.11.21 12:15:00,2023.11.21 13:26:36,BT_A1_XAU_R1_PULLBACK_LONG_V2_M15_SESSION_09_15,1025742,XAUUSD,932200,207,207,207,214,214,0.01,1991.42,1986.36,2001.54,1991.26,1991.42,16,0.0316,R1_H1_EMA_PULLBACK_LONG_M15,5
r1_h1_pullback_long_v1::BT_A1_XAU_R1_PULLBACK_LONG_V2_M15_SESSION_09_15::1025742::XAUUSD::932200::209,r1_h1_pullback_long_v1,R1,UPTREND,LONG,2023.11.21 12:30:00,2023.11.21 12:30:00,2023.11.27 00:27:18,BT_A1_XAU_R1_PULLBACK_LONG_V2_M15_SESSION_09_15,1025742,XAUUSD,932200,209,209,209,226,226,0.01,1995.27,1986.32,2013.17,1995.16,1995.27,11,0.0123,R1_H1_EMA_PULLBACK_LONG_M15,5
r1_h1_pullback_long_v1::BT_A1_XAU_R1_PULLBACK_LONG_V2_M15_SESSION_09_15::1025742::XAUUSD::932200::212,r1_h1_pullback_long_v1,R1,UPTREND,LONG,2023.11.21 13:00:00,2023.11.21 13:00:00,2023.11.28 12:42:30,BT_A1_XAU_R1_PULLBACK_LONG_V2_M15_SESSION_09_15,1025742,XAUUSD,932200,212,212,212,236,236,0.01,1997.70,1986.77,2019.56,1997.59,1997.70,11,0.0101,R1_H1_EMA_PULLBACK_LONG_M15,5
r1_h1_pullback_long_v1::BT_A1_XAU_R1_PULLBACK_LONG_V2_M15_SESSION_09_15::1025742::XAUUSD::932200::213,r1_h1_pullback_long_v1,R1,UPTREND,LONG,2023.11.21 13:15:00,2023.11.21 13:15:00,2023.11.28 13:16:24,BT_A1_XAU_R1_PULLBACK_LONG_V2_M15_SESSION_09_15,1025742,XAUUSD,932200,213,213,213,239,239,0.01,1999.35,1986.76,2024.53,1999.26,1999.35,9,0.0071,R1_H1_EMA_PULLBACK_LONG_M15,5
h4_d1_long_best_box2_atr80::BT_A1_XAU_ROUTER_V1_R1_LONG_BOX2_PREVHEALTH::1025742::XAUUSD::932200::67,h4_d1_long_best_box2_atr80,R1,UPTREND,LONG,2023.11.21 16:00:00,2023.11.21 16:00:00,2023.12.01 17:33:57,BT_A1_XAU_ROUTER_V1_R1_LONG_BOX2_PREVHEALTH,1025742,XAUUSD,932200,67,67,67,75,75,0.01,2001.16,1965.52,2072.44,2001.04,2001.16,12,0.0034,D1_COMPRESSION_H4_EXPANSION_LONG,5
r1_h1_pullback_long_v1::BT_A1_XAU_R1_PULLBACK_LONG_V2_M15_SESSION_09_15::1025742::XAUUSD::932200::215,r1_h1_pullback_long_v1,R1,UPTREND,LONG,2023.11.22 13:00:00,2023.11.22 13:00:00,2023.11.22 14:09:29,BT_A1_XAU_R1_PULLBACK_LONG_V2_M15_SESSION_09_15,1025742,XAUUSD,932200,215,215,215,218,218,0.01,1999.23,1995.73,2006.23,1999.09,1999.23,14,0.0400,R1_H1_EMA_PULLBACK_LONG_M15,4
r1_h1_pullback_long_v1::BT_A1_XAU_R1_PULLBACK_LONG_V2_M15_SESSION_09_15::1025742::XAUUSD::932200::216,r1_h1_pullback_long_v1,R1,UPTREND,LONG,2023.11.22 13:45:00,2023.11.22 13:45:00,2023.11.22 14:04:39,BT_A1_XAU_R1_PULLBACK_LONG_V2_M15_SESSION_09_15,1025742,XAUUSD,932200,216,216,216,217,217,0.01,2002.05,1996.39,2013.37,2001.93,2002.05,12,0.0212,R1_H1_EMA_PULLBACK_LONG_M15,4
r1_h1_pullback_long_v1::BT_A1_XAU_R1_PULLBACK_LONG_V2_M15_SESSION_09_15::1025742::XAUUSD::932200::219,r1_h1_pullback_long_v1,R1,UPTREND,LONG,2023.11.24 09:00:00,2023.11.24 09:00:00,2023.11.24 12:37:37,BT_A1_XAU_R1_PULLBACK_LONG_V2_M15_SESSION_09_15,1025742,XAUUSD,932200,219,219,219,222,222,0.01,1994.63,1991.13,2001.63,1994.54,1994.63,9,0.0257,R1_H1_EMA_PULLBACK_LONG_M15,5
r1_h1_pullback_long_v1::BT_A1_XAU_R1_PULLBACK_LONG_V2_M15_SESSION_09_15::1025742::XAUUSD::932200::220,r1_h1_pullback_long_v1,R1,UPTREND,LONG,2023.11.24 09:15:00,2023.11.24 09:15:00,2023.11.24 13:31:36,BT_A1_XAU_R1_PULLBACK_LONG_V2_M15_SESSION_09_15,1025742,XAUUSD,932200,220,220,220,224,224,0.01,1995.25,1991.75,2002.25,1995.10,1995.25,15,0.0429,R1_H1_EMA_PULLBACK_LONG_M15,5
r1_h1_pullback_long_v1::BT_A1_XAU_R1_PULLBACK_LONG_V2_M15_SESSION_09_15::1025742::XAUUSD::932200::221,r1_h1_pullback_long_v1,R1,UPTREND,LONG,2023.11.24 12:30:00,2023.11.24 12:30:00,2023.11.27 00:14:26,BT_A1_XAU_R1_PULLBACK_LONG_V2_M15_SESSION_09_15,1025742,XAUUSD,932200,221,221,221,225,225,0.01,1998.07,1994.15,2005.90,1997.94,1998.07,13,0.0332,R1_H1_EMA_PULLBACK_LONG_M15,5
r1_h1_pullback_long_v1::BT_A1_XAU_R1_PULLBACK_LONG_V2_M15_SESSION_09_15::1025742::XAUUSD::932200::223,r1_h1_pullback_long_v1,R1,UPTREND,LONG,2023.11.24 12:45:00,2023.11.24 12:45:00,2023.11.27 00:27:27,BT_A1_XAU_R1_PULLBACK_LONG_V2_M15_SESSION_09_15,1025742,XAUUSD,932200,223,223,223,227,227,0.01,2000.95,1994.02,2014.81,2000.83,2000.95,12,0.0173,R1_H1_EMA_PULLBACK_LONG_M15,5
h4_d1_long_best_box2_atr80::BT_A1_XAU_ROUTER_V1_R1_LONG_BOX2_PREVHEALTH::1025742::XAUUSD::932200::68,h4_d1_long_best_box2_atr80,R1,UPTREND,LONG,2023.11.27 04:00:00,2023.11.27 04:00:00,2023.12.01 15:13:38,BT_A1_XAU_ROUTER_V1_R1_LONG_BOX2_PREVHEALTH,1025742,XAUUSD,932200,68,68,68,72,72,0.01,2013.14,1991.68,2056.06,2012.96,2013.14,18,0.0084,D1_COMPRESSION_H4_EXPANSION_LONG,5
r1_h1_pullback_long_v1::BT_A1_XAU_R1_PULLBACK_LONG_V2_M15_SESSION_09_15::1025742::XAUUSD::932200::228,r1_h1_pullback_long_v1,R1,UPTREND,LONG,2023.11.27 14:30:00,2023.11.27 14:30:00,2023.11.27 15:08:37,BT_A1_XAU_R1_PULLBACK_LONG_V2_M15_SESSION_09_15,1025742,XAUUSD,932200,228,228,228,229,229,0.01,2013.80,2008.29,2024.81,2013.65,2013.80,15,0.0272,R1_H1_EMA_PULLBACK_LONG_M15,4
h4_d1_long_best_box2_atr80::BT_A1_XAU_ROUTER_V1_R1_LONG_BOX2_PREVHEALTH::1025742::XAUUSD::932200::69,h4_d1_long_best_box2_atr80,R1,UPTREND,LONG,2023.11.27 20:00:00,2023.11.27 20:00:00,2023.12.01 16:12:39,BT_A1_XAU_ROUTER_V1_R1_LONG_BOX2_PREVHEALTH,1025742,XAUUSD,932200,69,69,69,74,74,0.01,2014.53,1991.44,2060.71,2014.33,2014.53,20,0.0087,D1_COMPRESSION_H4_EXPANSION_LONG,5
r1_h1_pullback_long_v1::BT_A1_XAU_R1_PULLBACK_LONG_V2_M15_SESSION_09_15::1025742::XAUUSD::932200::230,r1_h1_pullback_long_v1,R1,UPTREND,LONG,2023.11.28 09:00:00,2023.11.28 09:00:00,2023.11.28 12:14:29,BT_A1_XAU_R1_PULLBACK_LONG_V2_M15_SESSION_09_15,1025742,XAUUSD,932200,230,230,230,233,233,0.01,2016.04,2012.54,2023.04,2015.95,2016.04,9,0.0257,R1_H1_EMA_PULLBACK_LONG_M15,4
r1_h1_pullback_long_v1::BT_A1_XAU_R1_PULLBACK_LONG_V2_M15_SESSION_09_15::1025742::XAUUSD::932200::231,r1_h1_pullback_long_v1,R1,UPTREND,LONG,2023.11.28 10:00:00,2023.11.28 10:00:00,2023.11.28 13:00:18,BT_A1_XAU_R1_PULLBACK_LONG_V2_M15_SESSION_09_15,1025742,XAUUSD,932200,231,231,231,238,238,0.01,2014.67,2011.17,2021.67,2014.56,2014.67,11,0.0314,R1_H1_EMA_PULLBACK_LONG_M15,5
r1_h1_pullback_long_v1::BT_A1_XAU_R1_PULLBACK_LONG_V2_M15_SESSION_09_15::1025742::XAUUSD::932200::232,r1_h1_pullback_long_v1,R1,UPTREND,LONG,2023.11.28 10:15:00,2023.11.28 10:15:00,2023.11.28 12:15:16,BT_A1_XAU_R1_PULLBACK_LONG_V2_M15_SESSION_09_15,1025742,XAUUSD,932200,232,232,232,234,234,0.01,2015.50,2012.00,2022.50,2015.40,2015.50,10,0.0286,R1_H1_EMA_PULLBACK_LONG_M15,4
r1_h1_pullback_long_v1::BT_A1_XAU_R1_PULLBACK_LONG_V2_M15_SESSION_09_15::1025742::XAUUSD::932200::235,r1_h1_pullback_long_v1,R1,UPTREND,LONG,2023.11.28 12:30:00,2023.11.28 12:30:00,2023.11.28 13:24:28,BT_A1_XAU_R1_PULLBACK_LONG_V2_M15_SESSION_09_15,1025742,XAUUSD,932200,235,235,235,240,240,0.01,2016.52,2011.33,2026.91,2016.42,2016.52,10,0.0193,R1_H1_EMA_PULLBACK_LONG_M15,5
r1_h1_pullback_long_v1::BT_A1_XAU_R1_PULLBACK_LONG_V2_M15_SESSION_09_15::1025742::XAUUSD::932200::237,r1_h1_pullback_long_v1,R1,UPTREND,LONG,2023.11.28 12:45:00,2023.11.28 12:45:00,2023.11.28 15:27:04,BT_A1_XAU_R1_PULLBACK_LONG_V2_M15_SESSION_09_15,1025742,XAUUSD,932200,237,237,237,241,241,0.01,2020.13,2011.12,2038.16,2020.00,2020.13,13,0.0144,R1_H1_EMA_PULLBACK_LONG_M15,5
h4_d1_long_best_box2_atr80::BT_A1_XAU_ROUTER_V1_R1_LONG_BOX2_PREVHEALTH::1025742::XAUUSD::932200::70,h4_d1_long_best_box2_atr80,R1,UPTREND,LONG,2023.11.28 16:00:00,2023.11.28 16:00:00,2023.12.03 22:25:36,BT_A1_XAU_ROUTER_V1_R1_LONG_BOX2_PREVHEALTH,1025742,XAUUSD,932200,70,70,70,77,77,0.01,2039.82,2000.50,2118.46,2039.66,2039.82,16,0.0041,D1_COMPRESSION_H4_EXPANSION_LONG,5
r1_h1_pullback_long_v1::BT_A1_XAU_R1_PULLBACK_LONG_V2_M15_SESSION_09_15::1025742::XAUUSD::932200::242,r1_h1_pullback_long_v1,R1,UPTREND,LONG,2023.11.29 11:00:00,2023.11.29 11:00:00,2023.11.29 17:44:32,BT_A1_XAU_R1_PULLBACK_LONG_V2_M15_SESSION_09_15,1025742,XAUUSD,932200,242,242,242,247,247,0.01,2040.17,2036.32,2047.86,2040.05,2040.17,12,0.0312,R1_H1_EMA_PULLBACK_LONG_M15,5
r1_h1_pullback_long_v1::BT_A1_XAU_R1_PULLBACK_LONG_V2_M15_SESSION_09_15::1025742::XAUUSD::932200::243,r1_h1_pullback_long_v1,R1,UPTREND,LONG,2023.11.29 11:45:00,2023.11.29 11:45:00,2023.11.29 12:39:37,BT_A1_XAU_R1_PULLBACK_LONG_V2_M15_SESSION_09_15,1025742,XAUUSD,932200,243,243,243,246,246,0.01,2041.11,2037.61,2048.11,2040.99,2041.11,12,0.0343,R1_H1_EMA_PULLBACK_LONG_M15,4
r1_h1_pullback_long_v1::BT_A1_XAU_R1_PULLBACK_LONG_V2_M15_SESSION_09_15::1025742::XAUUSD::932200::244,r1_h1_pullback_long_v1,R1,UPTREND,LONG,2023.11.29 12:30:00,2023.11.29 12:30:00,2023.11.29 12:38:05,BT_A1_XAU_R1_PULLBACK_LONG_V2_M15_SESSION_09_15,1025742,XAUUSD,932200,244,244,244,245,245,0.01,2042.20,2038.69,2049.23,2042.11,2042.20,9,0.0256,R1_H1_EMA_PULLBACK_LONG_M15,4
h4_d1_long_best_box2_atr80::BT_A1_XAU_ROUTER_V1_R1_LONG_BOX2_PREVHEALTH::1025742::XAUUSD::932200::73,h4_d1_long_best_box2_atr80,R1,UPTREND,LONG,2023.12.01 16:00:00,2023.12.01 16:00:00,2023.12.03 22:23:37,BT_A1_XAU_ROUTER_V1_R1_LONG_BOX2_PREVHEALTH,1025742,XAUUSD,932200,73,73,73,76,76,0.01,2058.78,2030.98,2114.38,2058.73,2058.78,5,0.0018,D1_COMPRESSION_H4_EXPANSION_LONG,5
r1_h1_pullback_long_v1::BT_A1_XAU_R1_PULLBACK_LONG_V2_M15_SESSION_09_15::1025742::XAUUSD::932200::248,r1_h1_pullback_long_v1,R1,UPTREND,LONG,2023.12.19 10:00:00,2023.12.19 10:00:00,2023.12.19 13:35:39,BT_A1_XAU_R1_PULLBACK_LONG_V2_M15_SESSION_09_15,1025742,XAUUSD,932200,248,248,248,254,254,0.01,2025.76,2022.26,2032.76,2025.60,2025.76,16,0.0457,R1_H1_EMA_PULLBACK_LONG_M15,5
r1_h1_pullback_long_v1::BT_A1_XAU_R1_PULLBACK_LONG_V2_M15_SESSION_09_15::1025742::XAUUSD::932200::249,r1_h1_pullback_long_v1,R1,UPTREND,LONG,2023.12.19 10:15:00,2023.12.19 10:15:00,2023.12.19 13:37:21,BT_A1_XAU_R1_PULLBACK_LONG_V2_M15_SESSION_09_15,1025742,XAUUSD,932200,249,249,249,255,255,0.01,2026.72,2023.22,2033.72,2026.56,2026.72,16,0.0457,R1_H1_EMA_PULLBACK_LONG_M15,5
r1_h1_pullback_long_v1::BT_A1_XAU_R1_PULLBACK_LONG_V2_M15_SESSION_09_15::1025742::XAUUSD::932200::250,r1_h1_pullback_long_v1,R1,UPTREND,LONG,2023.12.19 11:15:00,2023.12.19 11:15:00,2023.12.19 13:46:31,BT_A1_XAU_R1_PULLBACK_LONG_V2_M15_SESSION_09_15,1025742,XAUUSD,932200,250,250,250,257,257,0.01,2028.76,2023.95,2038.38,2028.60,2028.76,16,0.0333,R1_H1_EMA_PULLBACK_LONG_M15,5
r1_h1_pullback_long_v1::BT_A1_XAU_R1_PULLBACK_LONG_V2_M15_SESSION_09_15::1025742::XAUUSD::932200::251,r1_h1_pullback_long_v1,R1,UPTREND,LONG,2023.12.19 12:00:00,2023.12.19 12:00:00,2023.12.19 13:45:32,BT_A1_XAU_R1_PULLBACK_LONG_V2_M15_SESSION_09_15,1025742,XAUUSD,932200,251,251,251,256,256,0.01,2029.70,2025.76,2037.58,2029.54,2029.70,16,0.0406,R1_H1_EMA_PULLBACK_LONG_M15,5
r1_h1_pullback_long_v1::BT_A1_XAU_R1_PULLBACK_LONG_V2_M15_SESSION_09_15::1025742::XAUUSD::932200::252,r1_h1_pullback_long_v1,R1,UPTREND,LONG,2023.12.19 12:15:00,2023.12.19 12:15:00,2023.12.19 13:48:32,BT_A1_XAU_R1_PULLBACK_LONG_V2_M15_SESSION_09_15,1025742,XAUUSD,932200,252,252,252,258,258,0.01,2030.85,2025.75,2041.05,2030.69,2030.85,16,0.0314,R1_H1_EMA_PULLBACK_LONG_M15,5
r1_h1_pullback_long_v1::BT_A1_XAU_R1_PULLBACK_LONG_V2_M15_SESSION_09_15::1025742::XAUUSD::932200::253,r1_h1_pullback_long_v1,R1,UPTREND,LONG,2023.12.19 13:15:00,2023.12.19 13:15:00,2023.12.19 13:48:41,BT_A1_XAU_R1_PULLBACK_LONG_V2_M15_SESSION_09_15,1025742,XAUUSD,932200,253,253,253,259,259,0.01,2031.53,2026.58,2041.44,2031.37,2031.53,16,0.0323,R1_H1_EMA_PULLBACK_LONG_M15,5
r1_h1_pullback_long_v1::BT_A1_XAU_R1_PULLBACK_LONG_V2_M15_SESSION_09_15::1025742::XAUUSD::932200::260,r1_h1_pullback_long_v1,R1,UPTREND,LONG,2023.12.21 12:45:00,2023.12.21 12:45:00,2023.12.22 12:48:43,BT_A1_XAU_R1_PULLBACK_LONG_V2_M15_SESSION_09_15,1025742,XAUUSD,932200,260,260,260,263,263,0.01,2043.27,2031.44,2066.93,2043.11,2043.27,16,0.0135,R1_H1_EMA_PULLBACK_LONG_M15,5
r1_h1_pullback_long_v1::BT_A1_XAU_R1_PULLBACK_LONG_V2_M15_SESSION_09_15::1025742::XAUUSD::932200::261,r1_h1_pullback_long_v1,R1,UPTREND,LONG,2023.12.21 14:30:00,2023.12.21 14:30:00,2023.12.21 22:42:18,BT_A1_XAU_R1_PULLBACK_LONG_V2_M15_SESSION_09_15,1025742,XAUUSD,932200,261,261,261,262,262,0.01,2040.79,2035.59,2051.18,2040.63,2040.79,16,0.0308,R1_H1_EMA_PULLBACK_LONG_M15,5
h4_d1_long_best_box2_atr80::BT_A1_XAU_ROUTER_V1_R1_LONG_BOX2_PREVHEALTH::1025742::XAUUSD::932200::78,h4_d1_long_best_box2_atr80,R1,UPTREND,LONG,2023.12.22 12:00:00,2023.12.22 12:00:00,2024.01.05 12:31:20,BT_A1_XAU_ROUTER_V1_R1_LONG_BOX2_PREVHEALTH,1025742,XAUUSD,932200,78,78,78,83,83,0.01,2060.38,2027.41,2126.32,2060.22,2060.38,16,0.0049,D1_COMPRESSION_H4_EXPANSION_LONG,4
r1_h1_pullback_long_v1::BT_A1_XAU_R1_PULLBACK_LONG_V2_M15_SESSION_09_15::1025742::XAUUSD::932200::264,r1_h1_pullback_long_v1,R1,UPTREND,LONG,2023.12.27 10:15:00,2023.12.27 10:15:00,2023.12.27 14:28:42,BT_A1_XAU_R1_PULLBACK_LONG_V2_M15_SESSION_09_15,1025742,XAUUSD,932200,264,264,264,269,269,0.01,2066.32,2061.14,2076.68,2066.16,2066.32,16,0.0309,R1_H1_EMA_PULLBACK_LONG_M15,5
r1_h1_pullback_long_v1::BT_A1_XAU_R1_PULLBACK_LONG_V2_M15_SESSION_09_15::1025742::XAUUSD::932200::265,r1_h1_pullback_long_v1,R1,UPTREND,LONG,2023.12.27 10:30:00,2023.12.27 10:30:00,2023.12.27 14:39:21,BT_A1_XAU_R1_PULLBACK_LONG_V2_M15_SESSION_09_15,1025742,XAUUSD,932200,265,265,265,273,273,0.01,2067.51,2061.03,2080.47,2067.35,2067.51,16,0.0247,R1_H1_EMA_PULLBACK_LONG_M15,5
r1_h1_pullback_long_v1::BT_A1_XAU_R1_PULLBACK_LONG_V2_M15_SESSION_09_15::1025742::XAUUSD::932200::266,r1_h1_pullback_long_v1,R1,UPTREND,LONG,2023.12.27 11:30:00,2023.12.27 11:30:00,2023.12.27 14:36:42,BT_A1_XAU_R1_PULLBACK_LONG_V2_M15_SESSION_09_15,1025742,XAUUSD,932200,266,266,266,271,271,0.01,2069.16,2064.19,2079.10,2069.00,2069.16,16,0.0322,R1_H1_EMA_PULLBACK_LONG_M15,5
r1_h1_pullback_long_v1::BT_A1_XAU_R1_PULLBACK_LONG_V2_M15_SESSION_09_15::1025742::XAUUSD::932200::267,r1_h1_pullback_long_v1,R1,UPTREND,LONG,2023.12.27 14:00:00,2023.12.27 14:00:00,2023.12.27 14:38:43,BT_A1_XAU_R1_PULLBACK_LONG_V2_M15_SESSION_09_15,1025742,XAUUSD,932200,267,267,267,272,272,0.01,2070.40,2065.50,2080.19,2070.24,2070.40,16,0.0327,R1_H1_EMA_PULLBACK_LONG_M15,5
r1_h1_pullback_long_v1::BT_A1_XAU_R1_PULLBACK_LONG_V2_M15_SESSION_09_15::1025742::XAUUSD::932200::268,r1_h1_pullback_long_v1,R1,UPTREND,LONG,2023.12.27 14:15:00,2023.12.27 14:15:00,2023.12.28 00:54:19,BT_A1_XAU_R1_PULLBACK_LONG_V2_M15_SESSION_09_15,1025742,XAUUSD,932200,268,268,268,274,274,0.01,2072.24,2065.63,2085.45,2072.08,2072.24,16,0.0242,R1_H1_EMA_PULLBACK_LONG_M15,5
r1_h1_pullback_long_v1::BT_A1_XAU_R1_PULLBACK_LONG_V2_M15_SESSION_09_15::1025742::XAUUSD::932200::270,r1_h1_pullback_long_v1,R1,UPTREND,LONG,2023.12.27 14:30:00,2023.12.27 14:30:00,2023.12.28 18:40:42,BT_A1_XAU_R1_PULLBACK_LONG_V2_M15_SESSION_09_15,1025742,XAUUSD,932200,270,270,270,275,275,0.01,2077.13,2065.91,2099.58,2076.97,2077.13,16,0.0143,R1_H1_EMA_PULLBACK_LONG_M15,4
h4_d1_long_best_box2_atr80::BT_A1_XAU_ROUTER_V1_R1_LONG_BOX2_PREVHEALTH::1025742::XAUUSD::932200::79,h4_d1_long_best_box2_atr80,R1,UPTREND,LONG,2023.12.27 16:00:00,2023.12.27 16:00:00,2024.01.03 09:22:16,BT_A1_XAU_ROUTER_V1_R1_LONG_BOX2_PREVHEALTH,1025742,XAUUSD,932200,79,79,79,82,82,0.01,2081.71,2053.14,2138.85,2081.53,2081.71,18,0.0063,D1_COMPRESSION_H4_EXPANSION_LONG,4
h4_d1_long_best_box2_atr80::BT_A1_XAU_ROUTER_V1_R1_LONG_BOX2_PREVHEALTH::1025742::XAUUSD::932200::80,h4_d1_long_best_box2_atr80,R1,UPTREND,LONG,2023.12.28 04:00:00,2023.12.28 04:00:00,2024.01.03 08:44:41,BT_A1_XAU_ROUTER_V1_R1_LONG_BOX2_PREVHEALTH,1025742,XAUUSD,932200,80,80,80,81,81,0.01,2086.67,2054.61,2150.79,2086.47,2086.67,20,0.0062,D1_COMPRESSION_H4_EXPANSION_LONG,4
r1_h1_pullback_long_v1::BT_A1_XAU_R1_PULLBACK_LONG_V2_M15_SESSION_09_15::1025742::XAUUSD::932200::276,r1_h1_pullback_long_v1,R1,UPTREND,LONG,2024.02.02 09:30:00,2024.02.02 09:30:00,2024.02.02 12:29:32,BT_A1_XAU_R1_PULLBACK_LONG_V2_M15_SESSION_09_15,1025742,XAUUSD,932200,276,276,276,283,283,0.01,2055.85,2052.31,2062.93,2055.69,2055.85,16,0.0452,R1_H1_EMA_PULLBACK_LONG_M15,4
r1_h1_pullback_long_v1::BT_A1_XAU_R1_PULLBACK_LONG_V2_M15_SESSION_09_15::1025742::XAUUSD::932200::277,r1_h1_pullback_long_v1,R1,UPTREND,LONG,2024.02.02 10:00:00,2024.02.02 10:00:00,2024.02.02 12:30:18,BT_A1_XAU_R1_PULLBACK_LONG_V2_M15_SESSION_09_15,1025742,XAUUSD,932200,277,277,277,285,285,0.01,2054.80,2051.30,2061.80,2054.64,2054.80,16,0.0457,R1_H1_EMA_PULLBACK_LONG_M15,4
r1_h1_pullback_long_v1::BT_A1_XAU_R1_PULLBACK_LONG_V2_M15_SESSION_09_15::1025742::XAUUSD::932200::278,r1_h1_pullback_long_v1,R1,UPTREND,LONG,2024.02.02 10:30:00,2024.02.02 10:30:00,2024.02.02 12:29:32,BT_A1_XAU_R1_PULLBACK_LONG_V2_M15_SESSION_09_15,1025742,XAUUSD,932200,278,278,278,284,284,0.01,2055.63,2052.13,2062.63,2055.47,2055.63,16,0.0457,R1_H1_EMA_PULLBACK_LONG_M15,4
r1_h1_pullback_long_v1::BT_A1_XAU_R1_PULLBACK_LONG_V2_M15_SESSION_09_15::1025742::XAUUSD::932200::279,r1_h1_pullback_long_v1,R1,UPTREND,LONG,2024.02.02 11:00:00,2024.02.02 11:00:00,2024.02.02 12:25:16,BT_A1_XAU_R1_PULLBACK_LONG_V2_M15_SESSION_09_15,1025742,XAUUSD,932200,279,279,279,281,281,0.01,2056.33,2052.83,2063.33,2056.17,2056.33,16,0.0457,R1_H1_EMA_PULLBACK_LONG_M15,4
r1_h1_pullback_long_v1::BT_A1_XAU_R1_PULLBACK_LONG_V2_M15_SESSION_09_15::1025742::XAUUSD::932200::280,r1_h1_pullback_long_v1,R1,UPTREND,LONG,2024.02.02 12:15:00,2024.02.02 12:15:00,2024.02.02 12:25:16,BT_A1_XAU_R1_PULLBACK_LONG_V2_M15_SESSION_09_15,1025742,XAUUSD,932200,280,280,280,282,282,0.01,2056.44,2052.94,2063.44,2056.28,2056.44,16,0.0457,R1_H1_EMA_PULLBACK_LONG_M15,4
r1_h1_pullback_long_v1::BT_A1_XAU_R1_PULLBACK_LONG_V2_M15_SESSION_09_15::1025742::XAUUSD::932200::286,r1_h1_pullback_long_v1,R1,UPTREND,LONG,2024.03.01 09:15:00,2024.03.01 09:15:00,2024.03.01 14:52:54,BT_A1_XAU_R1_PULLBACK_LONG_V2_M15_SESSION_09_15,1025742,XAUUSD,932200,286,286,286,290,290,0.01,2048.94,2038.49,2069.84,2048.78,2048.94,16,0.0153,R1_H1_EMA_PULLBACK_LONG_M15,5
r1_h1_pullback_long_v1::BT_A1_XAU_R1_PULLBACK_LONG_V2_M15_SESSION_09_15::1025742::XAUUSD::932200::287,r1_h1_pullback_long_v1,R1,UPTREND,LONG,2024.03.01 09:30:00,2024.03.01 09:30:00,2024.03.01 15:11:41,BT_A1_XAU_R1_PULLBACK_LONG_V2_M15_SESSION_09_15,1025742,XAUUSD,932200,287,287,287,291,291,0.01,2050.55,2038.87,2073.92,2050.39,2050.55,16,0.0137,R1_H1_EMA_PULLBACK_LONG_M15,5
r1_h1_pullback_long_v1::BT_A1_XAU_R1_PULLBACK_LONG_V2_M15_SESSION_09_15::1025742::XAUUSD::932200::288,r1_h1_pullback_long_v1,R1,UPTREND,LONG,2024.03.01 09:45:00,2024.03.01 09:45:00,2024.03.01 15:21:29,BT_A1_XAU_R1_PULLBACK_LONG_V2_M15_SESSION_09_15,1025742,XAUUSD,932200,288,288,288,292,292,0.01,2053.44,2042.32,2075.68,2053.28,2053.44,16,0.0144,R1_H1_EMA_PULLBACK_LONG_M15,5
r1_h1_pullback_long_v1::BT_A1_XAU_R1_PULLBACK_LONG_V2_M15_SESSION_09_15::1025742::XAUUSD::932200::289,r1_h1_pullback_long_v1,R1,UPTREND,LONG,2024.03.01 10:00:00,2024.03.01 10:00:00,2024.03.01 15:39:54,BT_A1_XAU_R1_PULLBACK_LONG_V2_M15_SESSION_09_15,1025742,XAUUSD,932200,289,289,289,293,293,0.01,2055.01,2043.04,2078.96,2054.85,2055.01,16,0.0134,R1_H1_EMA_PULLBACK_LONG_M15,5
h4_d1_long_best_box2_atr80::BT_A1_XAU_ROUTER_V1_R1_LONG_BOX2_PREVHEALTH::1025742::XAUUSD::932200::84,h4_d1_long_best_box2_atr80,R1,UPTREND,LONG,2024.03.01 12:00:00,2024.03.01 12:00:00,2024.03.04 14:58:32,BT_A1_XAU_ROUTER_V1_R1_LONG_BOX2_PREVHEALTH,1025742,XAUUSD,932200,84,84,84,86,86,0.01,2052.63,2024.56,2108.77,2052.47,2052.63,16,0.0057,D1_COMPRESSION_H4_EXPANSION_LONG,5
h4_d1_long_best_box2_atr80::BT_A1_XAU_ROUTER_V1_R1_LONG_BOX2_PREVHEALTH::1025742::XAUUSD::932200::85,h4_d1_long_best_box2_atr80,R1,UPTREND,LONG,2024.03.01 16:00:00,2024.03.01 16:00:00,2024.03.08 16:19:39,BT_A1_XAU_ROUTER_V1_R1_LONG_BOX2_PREVHEALTH,1025742,XAUUSD,932200,85,85,85,94,94,0.01,2081.19,2024.52,2194.53,2081.05,2081.19,14,0.0025,D1_COMPRESSION_H4_EXPANSION_LONG,5
r1_h1_pullback_long_v1::BT_A1_XAU_R1_PULLBACK_LONG_V2_M15_SESSION_09_15::1025742::XAUUSD::932200::294,r1_h1_pullback_long_v1,R1,UPTREND,LONG,2024.03.04 14:00:00,2024.03.04 14:00:00,2024.03.05 12:35:39,BT_A1_XAU_R1_PULLBACK_LONG_V2_M15_SESSION_09_15,1025742,XAUUSD,932200,294,294,294,295,295,0.01,2100.97,2080.79,2141.33,2100.85,2100.97,12,0.0059,R1_H1_EMA_PULLBACK_LONG_M15,5
h4_d1_long_best_box2_atr80::BT_A1_XAU_ROUTER_V1_R1_LONG_BOX2_PREVHEALTH::1025742::XAUUSD::932200::87,h4_d1_long_best_box2_atr80,R1,UPTREND,LONG,2024.03.05 08:00:00,2024.03.05 08:00:00,2024.03.20 22:14:32,BT_A1_XAU_ROUTER_V1_R1_LONG_BOX2_PREVHEALTH,1025742,XAUUSD,932200,87,87,87,95,95,0.01,2120.88,2079.65,2203.34,2120.75,2120.88,13,0.0032,D1_COMPRESSION_H4_EXPANSION_LONG,5
h4_d1_long_best_box2_atr80::BT_A1_XAU_ROUTER_V1_R1_LONG_BOX2_PREVHEALTH::1025742::XAUUSD::932200::88,h4_d1_long_best_box2_atr80,R1,UPTREND,LONG,2024.03.05 12:00:00,2024.03.05 12:00:00,2024.03.28 11:07:35,BT_A1_XAU_ROUTER_V1_R1_LONG_BOX2_PREVHEALTH,1025742,XAUUSD,932200,88,88,88,96,96,0.01,2124.60,2079.48,2214.84,2124.48,2124.60,12,0.0027,D1_COMPRESSION_H4_EXPANSION_LONG,5
r1_h1_pullback_long_v1::BT_A1_XAU_R1_PULLBACK_LONG_V2_M15_SESSION_09_15::1025742::XAUUSD::932200::296,r1_h1_pullback_long_v1,R1,UPTREND,LONG,2024.03.06 09:00:00,2024.03.06 09:00:00,2024.03.06 12:56:40,BT_A1_XAU_R1_PULLBACK_LONG_V2_M15_SESSION_09_15,1025742,XAUUSD,932200,296,296,296,307,307,0.01,2128.84,2123.79,2138.95,2128.71,2128.84,13,0.0257,R1_H1_EMA_PULLBACK_LONG_M15,5
r1_h1_pullback_long_v1::BT_A1_XAU_R1_PULLBACK_LONG_V2_M15_SESSION_09_15::1025742::XAUUSD::932200::297,r1_h1_pullback_long_v1,R1,UPTREND,LONG,2024.03.06 09:30:00,2024.03.06 09:30:00,2024.03.06 11:55:39,BT_A1_XAU_R1_PULLBACK_LONG_V2_M15_SESSION_09_15,1025742,XAUUSD,932200,297,297,297,304,304,0.01,2127.75,2124.25,2134.75,2127.62,2127.75,13,0.0371,R1_H1_EMA_PULLBACK_LONG_M15,5
r1_h1_pullback_long_v1::BT_A1_XAU_R1_PULLBACK_LONG_V2_M15_SESSION_09_15::1025742::XAUUSD::932200::298,r1_h1_pullback_long_v1,R1,UPTREND,LONG,2024.03.06 10:15:00,2024.03.06 10:15:00,2024.03.06 11:54:40,BT_A1_XAU_R1_PULLBACK_LONG_V2_M15_SESSION_09_15,1025742,XAUUSD,932200,298,298,298,303,303,0.01,2127.48,2123.98,2134.48,2127.35,2127.48,13,0.0371,R1_H1_EMA_PULLBACK_LONG_M15,5
r1_h1_pullback_long_v1::BT_A1_XAU_R1_PULLBACK_LONG_V2_M15_SESSION_09_15::1025742::XAUUSD::932200::299,r1_h1_pullback_long_v1,R1,UPTREND,LONG,2024.03.06 10:30:00,2024.03.06 10:30:00,2024.03.06 12:20:26,BT_A1_XAU_R1_PULLBACK_LONG_V2_M15_SESSION_09_15,1025742,XAUUSD,932200,299,299,299,306,306,0.01,2127.98,2124.00,2135.95,2127.85,2127.98,13,0.0326,R1_H1_EMA_PULLBACK_LONG_M15,5
r1_h1_pullback_long_v1::BT_A1_XAU_R1_PULLBACK_LONG_V2_M15_SESSION_09_15::1025742::XAUUSD::932200::300,r1_h1_pullback_long_v1,R1,UPTREND,LONG,2024.03.06 10:45:00,2024.03.06 10:45:00,2024.03.06 13:33:41,BT_A1_XAU_R1_PULLBACK_LONG_V2_M15_SESSION_09_15,1025742,XAUUSD,932200,300,300,300,308,308,0.01,2130.73,2124.12,2143.95,2130.60,2130.73,13,0.0197,R1_H1_EMA_PULLBACK_LONG_M15,5
r1_h1_pullback_long_v1::BT_A1_XAU_R1_PULLBACK_LONG_V2_M15_SESSION_09_15::1025742::XAUUSD::932200::301,r1_h1_pullback_long_v1,R1,UPTREND,LONG,2024.03.06 11:00:00,2024.03.06 11:00:00,2024.03.06 15:57:38,BT_A1_XAU_R1_PULLBACK_LONG_V2_M15_SESSION_09_15,1025742,XAUUSD,932200,301,301,301,310,310,0.01,2132.73,2124.28,2149.64,2132.61,2132.73,12,0.0142,R1_H1_EMA_PULLBACK_LONG_M15,5
r1_h1_pullback_long_v1::BT_A1_XAU_R1_PULLBACK_LONG_V2_M15_SESSION_09_15::1025742::XAUUSD::932200::302,r1_h1_pullback_long_v1,R1,UPTREND,LONG,2024.03.06 11:30:00,2024.03.06 11:30:00,2024.03.06 16:03:40,BT_A1_XAU_R1_PULLBACK_LONG_V2_M15_SESSION_09_15,1025742,XAUUSD,932200,302,302,302,311,311,0.01,2133.38,2125.05,2150.05,2133.26,2133.38,12,0.0144,R1_H1_EMA_PULLBACK_LONG_M15,5
r1_h1_pullback_long_v1::BT_A1_XAU_R1_PULLBACK_LONG_V2_M15_SESSION_09_15::1025742::XAUUSD::932200::305,r1_h1_pullback_long_v1,R1,UPTREND,LONG,2024.03.06 12:00:00,2024.03.06 12:00:00,2024.03.06 13:48:41,BT_A1_XAU_R1_PULLBACK_LONG_V2_M15_SESSION_09_15,1025742,XAUUSD,932200,305,305,305,309,309,0.01,2134.26,2127.17,2148.44,2134.14,2134.26,12,0.0169,R1_H1_EMA_PULLBACK_LONG_M15,5
h4_d1_long_best_box2_atr80::BT_A1_XAU_ROUTER_V1_R1_LONG_BOX2_PREVHEALTH::1025742::XAUUSD::932200::89,h4_d1_long_best_box2_atr80,R1,UPTREND,LONG,2024.03.07 04:00:00,2024.03.07 04:00:00,2024.04.01 00:39:35,BT_A1_XAU_ROUTER_V1_R1_LONG_BOX2_PREVHEALTH,1025742,XAUUSD,932200,89,89,89,98,98,0.01,2158.37,2110.45,2254.21,2158.20,2158.37,17,0.0035,D1_COMPRESSION_H4_EXPANSION_LONG,5
h4_d1_long_best_box2_atr80::BT_A1_XAU_ROUTER_V1_R1_LONG_BOX2_PREVHEALTH::1025742::XAUUSD::932200::90,h4_d1_long_best_box2_atr80,R1,UPTREND,LONG,2024.03.07 12:00:00,2024.03.07 12:00:00,2024.04.01 00:41:38,BT_A1_XAU_ROUTER_V1_R1_LONG_BOX2_PREVHEALTH,1025742,XAUUSD,932200,90,90,90,99,99,0.01,2158.64,2110.51,2254.90,2158.52,2158.64,12,0.0025,D1_COMPRESSION_H4_EXPANSION_LONG,5
r1_h1_pullback_long_v1::BT_A1_XAU_R1_PULLBACK_LONG_V2_M15_SESSION_09_15::1025742::XAUUSD::932200::312,r1_h1_pullback_long_v1,R1,UPTREND,LONG,2024.03.07 14:00:00,2024.03.07 14:00:00,2024.03.08 07:30:40,BT_A1_XAU_R1_PULLBACK_LONG_V2_M15_SESSION_09_15,1025742,XAUUSD,932200,312,312,312,315,315,0.01,2154.28,2147.28,2168.29,2153.91,2154.28,37,0.0528,R1_H1_EMA_PULLBACK_LONG_M15,5
r1_h1_pullback_long_v1::BT_A1_XAU_R1_PULLBACK_LONG_V2_M15_SESSION_09_15::1025742::XAUUSD::932200::313,r1_h1_pullback_long_v1,R1,UPTREND,LONG,2024.03.07 14:15:00,2024.03.07 14:15:00,2024.03.08 12:31:36,BT_A1_XAU_R1_PULLBACK_LONG_V2_M15_SESSION_09_15,1025742,XAUUSD,932200,313,313,313,317,317,0.01,2157.38,2147.02,2178.11,2157.26,2157.38,12,0.0116,R1_H1_EMA_PULLBACK_LONG_M15,5
r1_h1_pullback_long_v1::BT_A1_XAU_R1_PULLBACK_LONG_V2_M15_SESSION_09_15::1025742::XAUUSD::932200::314,r1_h1_pullback_long_v1,R1,UPTREND,LONG,2024.03.07 14:45:00,2024.03.07 14:45:00,2024.03.08 12:30:42,BT_A1_XAU_R1_PULLBACK_LONG_V2_M15_SESSION_09_15,1025742,XAUUSD,932200,314,314,314,316,316,0.01,2155.28,2146.85,2172.14,2155.16,2155.28,12,0.0142,R1_H1_EMA_PULLBACK_LONG_M15,5
h4_d1_long_best_box2_atr80::BT_A1_XAU_ROUTER_V1_R1_LONG_BOX2_PREVHEALTH::1025742::XAUUSD::932200::91,h4_d1_long_best_box2_atr80,R1,UPTREND,LONG,2024.03.07 20:00:00,2024.03.07 20:00:00,2024.04.01 00:42:02,BT_A1_XAU_ROUTER_V1_R1_LONG_BOX2_PREVHEALTH,1025742,XAUUSD,932200,91,91,91,100,100,0.01,2158.96,2110.88,2255.12,2158.66,2158.96,30,0.0062,D1_COMPRESSION_H4_EXPANSION_LONG,5
h4_d1_long_best_box2_atr80::BT_A1_XAU_ROUTER_V1_R1_LONG_BOX2_PREVHEALTH::1025742::XAUUSD::932200::92,h4_d1_long_best_box2_atr80,R1,UPTREND,LONG,2024.03.08 08:00:00,2024.03.08 08:00:00,2024.04.01 00:08:59,BT_A1_XAU_ROUTER_V1_R1_LONG_BOX2_PREVHEALTH,1025742,XAUUSD,932200,92,92,92,97,97,0.01,2165.19,2123.74,2248.09,2165.06,2165.19,13,0.0031,D1_COMPRESSION_H4_EXPANSION_LONG,5
h4_d1_long_best_box2_atr80::BT_A1_XAU_ROUTER_V1_R1_LONG_BOX2_PREVHEALTH::1025742::XAUUSD::932200::93,h4_d1_long_best_box2_atr80,R1,UPTREND,LONG,2024.03.08 16:00:00,2024.03.08 16:00:00,2024.04.03 16:32:15,BT_A1_XAU_ROUTER_V1_R1_LONG_BOX2_PREVHEALTH,1025742,XAUUSD,932200,93,93,93,101,101,0.01,2180.79,2123.77,2294.83,2180.67,2180.79,12,0.0021,D1_COMPRESSION_H4_EXPANSION_LONG,5
r1_h1_pullback_long_v1::BT_A1_XAU_R1_PULLBACK_LONG_V2_M15_SESSION_09_15::1025742::XAUUSD::932200::318,r1_h1_pullback_long_v1,R1,UPTREND,LONG,2024.03.27 10:00:00,2024.03.27 10:00:00,2024.03.28 15:38:26,BT_A1_XAU_R1_PULLBACK_LONG_V2_M15_SESSION_09_15,1025742,XAUUSD,932200,318,318,318,321,321,0.01,2193.78,2178.69,2223.96,2193.68,2193.78,10,0.0066,R1_H1_EMA_PULLBACK_LONG_M15,5
r1_h1_pullback_long_v1::BT_A1_XAU_R1_PULLBACK_LONG_V2_M15_SESSION_09_15::1025742::XAUUSD::932200::319,r1_h1_pullback_long_v1,R1,UPTREND,LONG,2024.03.27 13:00:00,2024.03.27 13:00:00,2024.03.28 11:07:35,BT_A1_XAU_R1_PULLBACK_LONG_V2_M15_SESSION_09_15,1025742,XAUUSD,932200,319,319,319,320,320,0.01,2193.31,2182.53,2214.86,2193.25,2193.31,6,0.0056,R1_H1_EMA_PULLBACK_LONG_M15,5
r1_h1_pullback_long_v1::BT_A1_XAU_R1_PULLBACK_LONG_V2_M15_SESSION_09_15::1025742::XAUUSD::932200::322,r1_h1_pullback_long_v1,R1,UPTREND,LONG,2024.05.15 12:45:00,2024.05.15 12:45:00,2024.05.15 13:51:27,BT_A1_XAU_R1_PULLBACK_LONG_V2_M15_SESSION_09_15,1025742,XAUUSD,932200,322,322,322,323,323,0.01,2375.72,2357.23,2412.70,2375.65,2375.72,7,0.0038,R1_H1_EMA_PULLBACK_LONG_M15,4
r1_h1_pullback_long_v1::BT_A1_XAU_R1_PULLBACK_LONG_V2_M15_SESSION_09_15::1025742::XAUUSD::932200::324,r1_h1_pullback_long_v1,R1,UPTREND,LONG,2024.05.16 09:45:00,2024.05.16 09:45:00,2024.05.16 10:32:39,BT_A1_XAU_R1_PULLBACK_LONG_V2_M15_SESSION_09_15,1025742,XAUUSD,932200,324,324,324,325,325,0.01,2385.23,2381.73,2392.23,2385.18,2385.23,5,0.0143,R1_H1_EMA_PULLBACK_LONG_M15,4
r1_h1_pullback_long_v1::BT_A1_XAU_R1_PULLBACK_LONG_V2_M15_SESSION_09_15::1025742::XAUUSD::932200::326,r1_h1_pullback_long_v1,R1,UPTREND,LONG,2024.05.16 11:00:00,2024.05.16 11:00:00,2024.05.16 12:39:26,BT_A1_XAU_R1_PULLBACK_LONG_V2_M15_SESSION_09_15,1025742,XAUUSD,932200,326,326,326,329,329,0.01,2385.00,2380.49,2394.01,2384.95,2385.00,5,0.0111,R1_H1_EMA_PULLBACK_LONG_M15,4
r1_h1_pullback_long_v1::BT_A1_XAU_R1_PULLBACK_LONG_V2_M15_SESSION_09_15::1025742::XAUUSD::932200::327,r1_h1_pullback_long_v1,R1,UPTREND,LONG,2024.05.16 11:15:00,2024.05.16 11:15:00,2024.05.16 12:39:26,BT_A1_XAU_R1_PULLBACK_LONG_V2_M15_SESSION_09_15,1025742,XAUUSD,932200,327,327,327,330,330,0.01,2386.35,2380.50,2398.05,2386.30,2386.35,5,0.0085,R1_H1_EMA_PULLBACK_LONG_M15,4
r1_h1_pullback_long_v1::BT_A1_XAU_R1_PULLBACK_LONG_V2_M15_SESSION_09_15::1025742::XAUUSD::932200::328,r1_h1_pullback_long_v1,R1,UPTREND,LONG,2024.05.16 11:45:00,2024.05.16 11:45:00,2024.05.16 12:39:27,BT_A1_XAU_R1_PULLBACK_LONG_V2_M15_SESSION_09_15,1025742,XAUUSD,932200,328,328,328,331,331,0.01,2385.29,2380.40,2395.08,2385.24,2385.29,5,0.0102,R1_H1_EMA_PULLBACK_LONG_M15,4
r1_h1_pullback_long_v1::BT_A1_XAU_R1_PULLBACK_LONG_V2_M15_SESSION_09_15::1025742::XAUUSD::932200::332,r1_h1_pullback_long_v1,R1,UPTREND,LONG,2024.05.17 09:45:00,2024.05.17 09:45:00,2024.05.17 12:46:41,BT_A1_XAU_R1_PULLBACK_LONG_V2_M15_SESSION_09_15,1025742,XAUUSD,932200,332,332,332,339,339,0.01,2384.36,2380.79,2391.51,2384.31,2384.36,5,0.0140,R1_H1_EMA_PULLBACK_LONG_M15,5
r1_h1_pullback_long_v1::BT_A1_XAU_R1_PULLBACK_LONG_V2_M15_SESSION_09_15::1025742::XAUUSD::932200::333,r1_h1_pullback_long_v1,R1,UPTREND,LONG,2024.05.17 10:15:00,2024.05.17 10:15:00,2024.05.17 12:43:42,BT_A1_XAU_R1_PULLBACK_LONG_V2_M15_SESSION_09_15,1025742,XAUUSD,932200,333,333,333,338,338,0.01,2383.77,2380.27,2390.77,2383.72,2383.77,5,0.0143,R1_H1_EMA_PULLBACK_LONG_M15,5
r1_h1_pullback_long_v1::BT_A1_XAU_R1_PULLBACK_LONG_V2_M15_SESSION_09_15::1025742::XAUUSD::932200::334,r1_h1_pullback_long_v1,R1,UPTREND,LONG,2024.05.17 10:45:00,2024.05.17 10:45:00,2024.05.17 13:00:35,BT_A1_XAU_R1_PULLBACK_LONG_V2_M15_SESSION_09_15,1025742,XAUUSD,932200,334,334,334,340,340,0.01,2385.67,2381.08,2394.85,2385.62,2385.67,5,0.0109,R1_H1_EMA_PULLBACK_LONG_M15,5
r1_h1_pullback_long_v1::BT_A1_XAU_R1_PULLBACK_LONG_V2_M15_SESSION_09_15::1025742::XAUUSD::932200::335,r1_h1_pullback_long_v1,R1,UPTREND,LONG,2024.05.17 11:00:00,2024.05.17 11:00:00,2024.05.17 13:11:34,BT_A1_XAU_R1_PULLBACK_LONG_V2_M15_SESSION_09_15,1025742,XAUUSD,932200,335,335,335,341,341,0.01,2387.56,2381.10,2400.49,2387.51,2387.56,5,0.0077,R1_H1_EMA_PULLBACK_LONG_M15,5
r1_h1_pullback_long_v1::BT_A1_XAU_R1_PULLBACK_LONG_V2_M15_SESSION_09_15::1025742::XAUUSD::932200::336,r1_h1_pullback_long_v1,R1,UPTREND,LONG,2024.05.17 11:30:00,2024.05.17 11:30:00,2024.05.17 13:18:28,BT_A1_XAU_R1_PULLBACK_LONG_V2_M15_SESSION_09_15,1025742,XAUUSD,932200,336,336,336,342,342,0.01,2388.73,2381.26,2403.67,2388.68,2388.73,5,0.0067,R1_H1_EMA_PULLBACK_LONG_M15,5
r1_h1_pullback_long_v1::BT_A1_XAU_R1_PULLBACK_LONG_V2_M15_SESSION_09_15::1025742::XAUUSD::932200::337,r1_h1_pullback_long_v1,R1,UPTREND,LONG,2024.05.17 12:00:00,2024.05.17 12:00:00,2024.05.17 14:26:27,BT_A1_XAU_R1_PULLBACK_LONG_V2_M15_SESSION_09_15,1025742,XAUUSD,932200,337,337,337,343,343,0.01,2389.83,2381.84,2405.80,2389.78,2389.83,5,0.0063,R1_H1_EMA_PULLBACK_LONG_M15,5
h4_d1_long_best_box2_atr80::BT_A1_XAU_ROUTER_V1_R1_LONG_BOX2_PREVHEALTH::1025742::XAUUSD::932200::102,h4_d1_long_best_box2_atr80,R1,UPTREND,LONG,2024.05.20 04:00:00,2024.05.20 04:00:00,2024.05.23 01:26:17,BT_A1_XAU_ROUTER_V1_R1_LONG_BOX2_PREVHEALTH,1025742,XAUUSD,932200,102,102,102,103,103,0.01,2437.71,2374.09,2564.95,2437.66,2437.71,5,0.0008,D1_COMPRESSION_H4_EXPANSION_LONG,4
r1_h1_pullback_long_v1::BT_A1_XAU_R1_PULLBACK_LONG_V2_M15_SESSION_09_15::1025742::XAUUSD::932200::344,r1_h1_pullback_long_v1,R1,UPTREND,LONG,2024.05.20 12:00:00,2024.05.20 12:00:00,2024.05.20 12:03:26,BT_A1_XAU_R1_PULLBACK_LONG_V2_M15_SESSION_09_15,1025742,XAUUSD,932200,344,344,344,345,345,0.01,2430.63,2426.62,2438.66,2430.58,2430.63,5,0.0125,R1_H1_EMA_PULLBACK_LONG_M15,4
r1_h1_pullback_long_v1::BT_A1_XAU_R1_PULLBACK_LONG_V2_M15_SESSION_09_15::1025742::XAUUSD::932200::346,r1_h1_pullback_long_v1,R1,UPTREND,LONG,2024.07.04 09:00:00,2024.07.04 09:00:00,2024.07.04 22:29:59,BT_A1_XAU_R1_PULLBACK_LONG_V2_M15_SESSION_09_15,1025742,XAUUSD,932200,346,346,346,354,354,0.01,2358.95,2354.78,2367.29,2358.85,2358.95,10,0.0240,R1_H1_EMA_PULLBACK_LONG_M15,4
r1_h1_pullback_long_v1::BT_A1_XAU_R1_PULLBACK_LONG_V2_M15_SESSION_09_15::1025742::XAUUSD::932200::347,r1_h1_pullback_long_v1,R1,UPTREND,LONG,2024.07.04 09:45:00,2024.07.04 09:45:00,2024.07.04 22:30:35,BT_A1_XAU_R1_PULLBACK_LONG_V2_M15_SESSION_09_15,1025742,XAUUSD,932200,347,347,347,355,355,0.01,2358.20,2354.70,2365.20,2358.10,2358.20,10,0.0286,R1_H1_EMA_PULLBACK_LONG_M15,4
r1_h1_pullback_long_v1::BT_A1_XAU_R1_PULLBACK_LONG_V2_M15_SESSION_09_15::1025742::XAUUSD::932200::348,r1_h1_pullback_long_v1,R1,UPTREND,LONG,2024.07.04 10:30:00,2024.07.04 10:30:00,2024.07.04 22:27:32,BT_A1_XAU_R1_PULLBACK_LONG_V2_M15_SESSION_09_15,1025742,XAUUSD,932200,348,348,348,353,353,0.01,2358.56,2355.06,2365.56,2358.46,2358.56,10,0.0286,R1_H1_EMA_PULLBACK_LONG_M15,4
r1_h1_pullback_long_v1::BT_A1_XAU_R1_PULLBACK_LONG_V2_M15_SESSION_09_15::1025742::XAUUSD::932200::349,r1_h1_pullback_long_v1,R1,UPTREND,LONG,2024.07.04 11:15:00,2024.07.04 11:15:00,2024.07.04 15:21:37,BT_A1_XAU_R1_PULLBACK_LONG_V2_M15_SESSION_09_15,1025742,XAUUSD,932200,349,349,349,352,352,0.01,2359.25,2355.75,2366.25,2359.15,2359.25,10,0.0286,R1_H1_EMA_PULLBACK_LONG_M15,4
r1_h1_pullback_long_v1::BT_A1_XAU_R1_PULLBACK_LONG_V2_M15_SESSION_09_15::1025742::XAUUSD::932200::350,r1_h1_pullback_long_v1,R1,UPTREND,LONG,2024.07.04 14:00:00,2024.07.04 14:00:00,2024.07.04 15:21:34,BT_A1_XAU_R1_PULLBACK_LONG_V2_M15_SESSION_09_15,1025742,XAUUSD,932200,350,350,350,351,351,0.01,2359.83,2356.33,2366.83,2359.76,2359.83,7,0.0200,R1_H1_EMA_PULLBACK_LONG_M15,4
h4_d1_long_best_box2_atr80::BT_A1_XAU_ROUTER_V1_R1_LONG_BOX2_PREVHEALTH::1025742::XAUUSD::932200::104,h4_d1_long_best_box2_atr80,R1,UPTREND,LONG,2024.07.05 08:00:00,2024.07.05 08:00:00,2024.07.16 09:36:43,BT_A1_XAU_ROUTER_V1_R1_LONG_BOX2_PREVHEALTH,1025742,XAUUSD,932200,104,104,104,109,109,0.01,2365.34,2326.93,2442.16,2365.24,2365.34,10,0.0026,D1_COMPRESSION_H4_EXPANSION_LONG,5
r1_h1_pullback_long_v1::BT_A1_XAU_R1_PULLBACK_LONG_V2_M15_SESSION_09_15::1025742::XAUUSD::932200::356,r1_h1_pullback_long_v1,R1,UPTREND,LONG,2024.07.05 11:00:00,2024.07.05 11:00:00,2024.07.05 12:30:19,BT_A1_XAU_R1_PULLBACK_LONG_V2_M15_SESSION_09_15,1025742,XAUUSD,932200,356,356,356,360,360,0.01,2365.14,2361.43,2372.56,2365.04,2365.14,10,0.0270,R1_H1_EMA_PULLBACK_LONG_M15,4
r1_h1_pullback_long_v1::BT_A1_XAU_R1_PULLBACK_LONG_V2_M15_SESSION_09_15::1025742::XAUUSD::932200::357,r1_h1_pullback_long_v1,R1,UPTREND,LONG,2024.07.05 11:30:00,2024.07.05 11:30:00,2024.07.05 12:30:19,BT_A1_XAU_R1_PULLBACK_LONG_V2_M15_SESSION_09_15,1025742,XAUUSD,932200,357,357,357,361,361,0.01,2365.16,2361.49,2372.51,2365.06,2365.16,10,0.0272,R1_H1_EMA_PULLBACK_LONG_M15,4
r1_h1_pullback_long_v1::BT_A1_XAU_R1_PULLBACK_LONG_V2_M15_SESSION_09_15::1025742::XAUUSD::932200::358,r1_h1_pullback_long_v1,R1,UPTREND,LONG,2024.07.05 12:00:00,2024.07.05 12:00:00,2024.07.05 12:30:18,BT_A1_XAU_R1_PULLBACK_LONG_V2_M15_SESSION_09_15,1025742,XAUUSD,932200,358,358,358,359,359,0.01,2365.94,2361.86,2374.10,2365.84,2365.94,10,0.0245,R1_H1_EMA_PULLBACK_LONG_M15,4
r1_h1_pullback_long_v1::BT_A1_XAU_R1_PULLBACK_LONG_V2_M15_SESSION_09_15::1025742::XAUUSD::932200::362,r1_h1_pullback_long_v1,R1,UPTREND,LONG,2024.07.05 12:45:00,2024.07.05 12:45:00,2024.07.08 15:53:13,BT_A1_XAU_R1_PULLBACK_LONG_V2_M15_SESSION_09_15,1025742,XAUUSD,932200,362,362,362,363,363,0.01,2372.99,2351.55,2415.87,2372.89,2372.99,10,0.0047,R1_H1_EMA_PULLBACK_LONG_M15,4
h4_d1_long_best_box2_atr80::BT_A1_XAU_ROUTER_V1_R1_LONG_BOX2_PREVHEALTH::1025742::XAUUSD::932200::105,h4_d1_long_best_box2_atr80,R1,UPTREND,LONG,2024.07.05 16:00:00,2024.07.05 16:00:00,2024.08.16 18:35:40,BT_A1_XAU_ROUTER_V1_R1_LONG_BOX2_PREVHEALTH,1025742,XAUUSD,932200,105,105,105,116,116,0.01,2384.78,2326.91,2500.52,2384.68,2384.78,10,0.0017,D1_COMPRESSION_H4_EXPANSION_LONG,5
h4_d1_long_best_box2_atr80::BT_A1_XAU_ROUTER_V1_R1_LONG_BOX2_PREVHEALTH::1025742::XAUUSD::932200::106,h4_d1_long_best_box2_atr80,R1,UPTREND,LONG,2024.07.11 16:00:00,2024.07.11 16:00:00,2024.09.12 14:46:38,BT_A1_XAU_ROUTER_V1_R1_LONG_BOX2_PREVHEALTH,1025742,XAUUSD,932200,106,106,106,123,123,0.01,2417.34,2349.45,2553.12,2417.25,2417.34,9,0.0013,D1_COMPRESSION_H4_EXPANSION_LONG,5
r1_h1_pullback_long_v1::BT_A1_XAU_R1_PULLBACK_LONG_V2_M15_SESSION_09_15::1025742::XAUUSD::932200::364,r1_h1_pullback_long_v1,R1,UPTREND,LONG,2024.07.12 09:00:00,2024.07.12 09:00:00,2024.07.12 10:28:03,BT_A1_XAU_R1_PULLBACK_LONG_V2_M15_SESSION_09_15,1025742,XAUUSD,932200,364,364,364,365,365,0.01,2407.46,2400.36,2421.65,2407.41,2407.46,5,0.0070,R1_H1_EMA_PULLBACK_LONG_M15,4
h4_d1_long_best_box2_atr80::BT_A1_XAU_ROUTER_V1_R1_LONG_BOX2_PREVHEALTH::1025742::XAUUSD::932200::107,h4_d1_long_best_box2_atr80,R1,UPTREND,LONG,2024.07.15 12:00:00,2024.07.15 12:00:00,2024.07.17 00:40:35,BT_A1_XAU_ROUTER_V1_R1_LONG_BOX2_PREVHEALTH,1025742,XAUUSD,932200,107,107,107,112,112,0.01,2418.38,2391.52,2472.10,2418.29,2418.38,9,0.0034,D1_COMPRESSION_H4_EXPANSION_LONG,5
r1_h1_pullback_long_v1::BT_A1_XAU_R1_PULLBACK_LONG_V2_M15_SESSION_09_15::1025742::XAUUSD::932200::366,r1_h1_pullback_long_v1,R1,UPTREND,LONG,2024.07.15 13:30:00,2024.07.15 13:30:00,2024.07.15 14:51:37,BT_A1_XAU_R1_PULLBACK_LONG_V2_M15_SESSION_09_15,1025742,XAUUSD,932200,366,366,366,369,369,0.01,2416.20,2410.82,2426.96,2416.11,2416.20,9,0.0167,R1_H1_EMA_PULLBACK_LONG_M15,5
r1_h1_pullback_long_v1::BT_A1_XAU_R1_PULLBACK_LONG_V2_M15_SESSION_09_15::1025742::XAUUSD::932200::367,r1_h1_pullback_long_v1,R1,UPTREND,LONG,2024.07.15 14:00:00,2024.07.15 14:00:00,2024.07.15 15:27:11,BT_A1_XAU_R1_PULLBACK_LONG_V2_M15_SESSION_09_15,1025742,XAUUSD,932200,367,367,367,370,370,0.01,2419.23,2410.78,2436.13,2419.14,2419.23,9,0.0106,R1_H1_EMA_PULLBACK_LONG_M15,5
r1_h1_pullback_long_v1::BT_A1_XAU_R1_PULLBACK_LONG_V2_M15_SESSION_09_15::1025742::XAUUSD::932200::368,r1_h1_pullback_long_v1,R1,UPTREND,LONG,2024.07.15 14:30:00,2024.07.15 14:30:00,2024.07.16 14:35:37,BT_A1_XAU_R1_PULLBACK_LONG_V2_M15_SESSION_09_15,1025742,XAUUSD,932200,368,368,368,374,374,0.01,2423.55,2410.67,2449.32,2423.42,2423.55,13,0.0101,R1_H1_EMA_PULLBACK_LONG_M15,5
h4_d1_long_best_box2_atr80::BT_A1_XAU_ROUTER_V1_R1_LONG_BOX2_PREVHEALTH::1025742::XAUUSD::932200::108,h4_d1_long_best_box2_atr80,R1,UPTREND,LONG,2024.07.15 16:00:00,2024.07.15 16:00:00,2024.07.22 12:33:38,BT_A1_XAU_ROUTER_V1_R1_LONG_BOX2_PREVHEALTH,1025742,XAUUSD,932200,108,108,108,115,115,0.01,2433.40,2391.56,2517.08,2433.30,2433.40,10,0.0024,D1_COMPRESSION_H4_EXPANSION_LONG,4
r1_h1_pullback_long_v1::BT_A1_XAU_R1_PULLBACK_LONG_V2_M15_SESSION_09_15::1025742::XAUUSD::932200::371,r1_h1_pullback_long_v1,R1,UPTREND,LONG,2024.07.16 13:30:00,2024.07.16 13:30:00,2024.07.16 15:07:41,BT_A1_XAU_R1_PULLBACK_LONG_V2_M15_SESSION_09_15,1025742,XAUUSD,932200,371,371,371,375,375,0.01,2438.22,2428.51,2457.63,2438.13,2438.22,9,0.0093,R1_H1_EMA_PULLBACK_LONG_M15,5
r1_h1_pullback_long_v1::BT_A1_XAU_R1_PULLBACK_LONG_V2_M15_SESSION_09_15::1025742::XAUUSD::932200::372,r1_h1_pullback_long_v1,R1,UPTREND,LONG,2024.07.16 13:45:00,2024.07.16 13:45:00,2024.07.17 02:07:53,BT_A1_XAU_R1_PULLBACK_LONG_V2_M15_SESSION_09_15,1025742,XAUUSD,932200,372,372,372,376,376,0.01,2446.23,2428.66,2481.38,2446.17,2446.23,6,0.0034,R1_H1_EMA_PULLBACK_LONG_M15,5
r1_h1_pullback_long_v1::BT_A1_XAU_R1_PULLBACK_LONG_V2_M15_SESSION_09_15::1025742::XAUUSD::932200::373,r1_h1_pullback_long_v1,R1,UPTREND,LONG,2024.07.16 14:30:00,2024.07.16 14:30:00,2024.07.17 02:08:33,BT_A1_XAU_R1_PULLBACK_LONG_V2_M15_SESSION_09_15,1025742,XAUUSD,932200,373,373,373,377,377,0.01,2447.17,2429.76,2481.99,2447.08,2447.17,9,0.0052,R1_H1_EMA_PULLBACK_LONG_M15,5
h4_d1_long_best_box2_atr80::BT_A1_XAU_ROUTER_V1_R1_LONG_BOX2_PREVHEALTH::1025742::XAUUSD::932200::110,h4_d1_long_best_box2_atr80,R1,UPTREND,LONG,2024.07.16 16:00:00,2024.07.16 16:00:00,2024.07.19 13:05:41,BT_A1_XAU_ROUTER_V1_R1_LONG_BOX2_PREVHEALTH,1025742,XAUUSD,932200,110,110,110,114,114,0.01,2463.29,2401.38,2587.11,2463.20,2463.29,9,0.0015,D1_COMPRESSION_H4_EXPANSION_LONG,4
h4_d1_long_best_box2_atr80::BT_A1_XAU_ROUTER_V1_R1_LONG_BOX2_PREVHEALTH::1025742::XAUUSD::932200::111,h4_d1_long_best_box2_atr80,R1,UPTREND,LONG,2024.07.16 20:00:00,2024.07.16 20:00:00,2024.07.19 12:51:15,BT_A1_XAU_ROUTER_V1_R1_LONG_BOX2_PREVHEALTH,1025742,XAUUSD,932200,111,111,111,113,113,0.01,2468.75,2401.54,2603.17,2468.62,2468.75,13,0.0019,D1_COMPRESSION_H4_EXPANSION_LONG,4
r1_h1_pullback_long_v1::BT_A1_XAU_R1_PULLBACK_LONG_V2_M15_SESSION_09_15::1025742::XAUUSD::932200::378,r1_h1_pullback_long_v1,R1,UPTREND,LONG,2024.07.17 11:45:00,2024.07.17 11:45:00,2024.07.17 14:12:29,BT_A1_XAU_R1_PULLBACK_LONG_V2_M15_SESSION_09_15,1025742,XAUUSD,932200,378,378,378,381,381,0.01,2472.58,2465.99,2485.77,2472.25,2472.58,33,0.0500,R1_H1_EMA_PULLBACK_LONG_M15,4
r1_h1_pullback_long_v1::BT_A1_XAU_R1_PULLBACK_LONG_V2_M15_SESSION_09_15::1025742::XAUUSD::932200::379,r1_h1_pullback_long_v1,R1,UPTREND,LONG,2024.07.17 12:15:00,2024.07.17 12:15:00,2024.07.17 14:12:29,BT_A1_XAU_R1_PULLBACK_LONG_V2_M15_SESSION_09_15,1025742,XAUUSD,932200,379,379,379,380,380,0.01,2472.36,2466.06,2484.97,2472.02,2472.36,34,0.0539,R1_H1_EMA_PULLBACK_LONG_M15,4
r1_h1_pullback_long_v1::BT_A1_XAU_R1_PULLBACK_LONG_V2_M15_SESSION_09_15::1025742::XAUUSD::932200::382,r1_h1_pullback_long_v1,R1,UPTREND,LONG,2024.08.02 12:45:00,2024.08.02 12:45:00,2024.08.02 14:33:18,BT_A1_XAU_R1_PULLBACK_LONG_V2_M15_SESSION_09_15,1025742,XAUUSD,932200,382,382,382,385,385,0.01,2471.19,2454.64,2504.29,2470.86,2471.19,33,0.0199,R1_H1_EMA_PULLBACK_LONG_M15,4
r1_h1_pullback_long_v1::BT_A1_XAU_R1_PULLBACK_LONG_V2_M15_SESSION_09_15::1025742::XAUUSD::932200::383,r1_h1_pullback_long_v1,R1,UPTREND,LONG,2024.08.02 13:30:00,2024.08.02 13:30:00,2024.08.02 14:33:20,BT_A1_XAU_R1_PULLBACK_LONG_V2_M15_SESSION_09_15,1025742,XAUUSD,932200,383,383,383,386,386,0.01,2466.33,2454.17,2490.66,2465.98,2466.33,35,0.0288,R1_H1_EMA_PULLBACK_LONG_M15,4
r1_h1_pullback_long_v1::BT_A1_XAU_R1_PULLBACK_LONG_V2_M15_SESSION_09_15::1025742::XAUUSD::932200::384,r1_h1_pullback_long_v1,R1,UPTREND,LONG,2024.08.02 14:00:00,2024.08.02 14:00:00,2024.08.02 14:33:20,BT_A1_XAU_R1_PULLBACK_LONG_V2_M15_SESSION_09_15,1025742,XAUUSD,932200,384,384,384,387,387,0.01,2470.15,2453.94,2502.57,2469.82,2470.15,33,0.0204,R1_H1_EMA_PULLBACK_LONG_M15,4
r1_h1_pullback_long_v1::BT_A1_XAU_R1_PULLBACK_LONG_V2_M15_SESSION_09_15::1025742::XAUUSD::932200::388,r1_h1_pullback_long_v1,R1,UPTREND,LONG,2024.08.13 11:00:00,2024.08.13 11:00:00,2024.08.13 12:30:28,BT_A1_XAU_R1_PULLBACK_LONG_V2_M15_SESSION_09_15,1025742,XAUUSD,932200,388,388,388,390,390,0.01,2462.40,2458.90,2469.40,2462.07,2462.40,33,0.0943,R1_H1_EMA_PULLBACK_LONG_M15,5
r1_h1_pullback_long_v1::BT_A1_XAU_R1_PULLBACK_LONG_V2_M15_SESSION_09_15::1025742::XAUUSD::932200::389,r1_h1_pullback_long_v1,R1,UPTREND,LONG,2024.08.13 11:15:00,2024.08.13 11:15:00,2024.08.13 13:22:42,BT_A1_XAU_R1_PULLBACK_LONG_V2_M15_SESSION_09_15,1025742,XAUUSD,932200,389,389,389,391,391,0.01,2463.69,2459.07,2472.94,2463.36,2463.69,33,0.0714,R1_H1_EMA_PULLBACK_LONG_M15,4
r1_h1_pullback_long_v1::BT_A1_XAU_R1_PULLBACK_LONG_V2_M15_SESSION_09_15::1025742::XAUUSD::932200::392,r1_h1_pullback_long_v1,R1,UPTREND,LONG,2024.08.13 13:45:00,2024.08.13 13:45:00,2024.08.14 02:31:37,BT_A1_XAU_R1_PULLBACK_LONG_V2_M15_SESSION_09_15,1025742,XAUUSD,932200,392,392,392,393,393,0.01,2473.91,2458.16,2505.41,2473.58,2473.91,33,0.0210,R1_H1_EMA_PULLBACK_LONG_M15,4
h4_d1_long_best_box2_atr80::BT_A1_XAU_ROUTER_V1_R1_LONG_BOX2_PREVHEALTH::1025742::XAUUSD::932200::117,h4_d1_long_best_box2_atr80,R1,UPTREND,LONG,2024.08.26 08:00:00,2024.08.26 08:00:00,2024.09.03 11:49:35,BT_A1_XAU_ROUTER_V1_R1_LONG_BOX2_PREVHEALTH,1025742,XAUUSD,932200,117,117,117,120,120,0.01,2521.67,2486.69,2591.63,2521.34,2521.67,33,0.0094,D1_COMPRESSION_H4_EXPANSION_LONG,4
h4_d1_long_best_box2_atr80::BT_A1_XAU_ROUTER_V1_R1_LONG_BOX2_PREVHEALTH::1025742::XAUUSD::932200::118,h4_d1_long_best_box2_atr80,R1,UPTREND,LONG,2024.08.26 12:00:00,2024.08.26 12:00:00,2024.09.03 11:49:35,BT_A1_XAU_ROUTER_V1_R1_LONG_BOX2_PREVHEALTH,1025742,XAUUSD,932200,118,118,118,119,119,0.01,2526.74,2486.74,2606.74,2526.41,2526.74,33,0.0083,D1_COMPRESSION_H4_EXPANSION_LONG,4
r1_h1_pullback_long_v1::BT_A1_XAU_R1_PULLBACK_LONG_V2_M15_SESSION_09_15::1025742::XAUUSD::932200::394,r1_h1_pullback_long_v1,R1,UPTREND,LONG,2024.08.26 14:30:00,2024.08.26 14:30:00,2024.08.27 01:13:36,BT_A1_XAU_R1_PULLBACK_LONG_V2_M15_SESSION_09_15,1025742,XAUUSD,932200,394,394,394,395,395,0.01,2517.39,2509.86,2532.45,2517.06,2517.39,33,0.0438,R1_H1_EMA_PULLBACK_LONG_M15,4
r1_h1_pullback_long_v1::BT_A1_XAU_R1_PULLBACK_LONG_V2_M15_SESSION_09_15::1025742::XAUUSD::932200::396,r1_h1_pullback_long_v1,R1,UPTREND,LONG,2024.08.29 14:15:00,2024.08.29 14:15:00,2024.08.30 15:31:31,BT_A1_XAU_R1_PULLBACK_LONG_V2_M15_SESSION_09_15,1025742,XAUUSD,932200,396,396,396,405,405,0.01,2520.68,2502.80,2556.44,2520.35,2520.68,33,0.0185,R1_H1_EMA_PULLBACK_LONG_M15,4
r1_h1_pullback_long_v1::BT_A1_XAU_R1_PULLBACK_LONG_V2_M15_SESSION_09_15::1025742::XAUUSD::932200::397,r1_h1_pullback_long_v1,R1,UPTREND,LONG,2024.08.29 14:45:00,2024.08.29 14:45:00,2024.08.30 14:30:17,BT_A1_XAU_R1_PULLBACK_LONG_V2_M15_SESSION_09_15,1025742,XAUUSD,932200,397,397,397,404,404,0.01,2519.72,2508.98,2541.19,2519.39,2519.72,33,0.0307,R1_H1_EMA_PULLBACK_LONG_M15,4
r1_h1_pullback_long_v1::BT_A1_XAU_R1_PULLBACK_LONG_V2_M15_SESSION_09_15::1025742::XAUUSD::932200::398,r1_h1_pullback_long_v1,R1,UPTREND,LONG,2024.08.30 12:15:00,2024.08.30 12:15:00,2024.08.30 13:09:40,BT_A1_XAU_R1_PULLBACK_LONG_V2_M15_SESSION_09_15,1025742,XAUUSD,932200,398,398,398,403,403,0.01,2521.52,2514.50,2535.56,2521.19,2521.52,33,0.0470,R1_H1_EMA_PULLBACK_LONG_M15,4
r1_h1_pullback_long_v1::BT_A1_XAU_R1_PULLBACK_LONG_V2_M15_SESSION_09_15::1025742::XAUUSD::932200::399,r1_h1_pullback_long_v1,R1,UPTREND,LONG,2024.08.30 12:30:00,2024.08.30 12:30:00,2024.08.30 13:09:39,BT_A1_XAU_R1_PULLBACK_LONG_V2_M15_SESSION_09_15,1025742,XAUUSD,932200,399,399,399,402,402,0.01,2523.62,2514.59,2541.69,2523.26,2523.62,36,0.0399,R1_H1_EMA_PULLBACK_LONG_M15,4
r1_h1_pullback_long_v1::BT_A1_XAU_R1_PULLBACK_LONG_V2_M15_SESSION_09_15::1025742::XAUUSD::932200::400,r1_h1_pullback_long_v1,R1,UPTREND,LONG,2024.08.30 13:00:00,2024.08.30 13:00:00,2024.08.30 13:05:42,BT_A1_XAU_R1_PULLBACK_LONG_V2_M15_SESSION_09_15,1025742,XAUUSD,932200,400,400,400,401,401,0.01,2519.91,2515.64,2528.45,2519.58,2519.91,33,0.0773,R1_H1_EMA_PULLBACK_LONG_M15,4
r1_h1_pullback_long_v1::BT_A1_XAU_R1_PULLBACK_LONG_V2_M15_SESSION_09_15::1025742::XAUUSD::932200::406,r1_h1_pullback_long_v1,R1,UPTREND,LONG,2024.09.06 12:30:00,2024.09.06 12:30:00,2024.09.06 12:30:03,BT_A1_XAU_R1_PULLBACK_LONG_V2_M15_SESSION_09_15,1025742,XAUUSD,932200,406,406,406,407,407,0.01,2517.07,2512.17,2526.87,2516.69,2517.07,38,0.0775,R1_H1_EMA_PULLBACK_LONG_M15,4
r1_h1_pullback_long_v1::BT_A1_XAU_R1_PULLBACK_LONG_V2_M15_SESSION_09_15::1025742::XAUUSD::932200::408,r1_h1_pullback_long_v1,R1,UPTREND,LONG,2024.09.06 12:45:00,2024.09.06 12:45:00,2024.09.06 13:28:29,BT_A1_XAU_R1_PULLBACK_LONG_V2_M15_SESSION_09_15,1025742,XAUUSD,932200,408,408,408,409,409,0.01,2525.10,2507.30,2560.71,2524.77,2525.10,33,0.0185,R1_H1_EMA_PULLBACK_LONG_M15,4
r1_h1_pullback_long_v1::BT_A1_XAU_R1_PULLBACK_LONG_V2_M15_SESSION_09_15::1025742::XAUUSD::932200::410,r1_h1_pullback_long_v1,R1,UPTREND,LONG,2024.09.10 10:00:00,2024.09.10 10:00:00,2024.09.11 01:31:28,BT_A1_XAU_R1_PULLBACK_LONG_V2_M15_SESSION_09_15,1025742,XAUUSD,932200,410,410,410,419,419,0.01,2506.25,2499.79,2519.17,2505.92,2506.25,33,0.0511,R1_H1_EMA_PULLBACK_LONG_M15,5
r1_h1_pullback_long_v1::BT_A1_XAU_R1_PULLBACK_LONG_V2_M15_SESSION_09_15::1025742::XAUUSD::932200::411,r1_h1_pullback_long_v1,R1,UPTREND,LONG,2024.09.10 11:15:00,2024.09.10 11:15:00,2024.09.10 13:29:37,BT_A1_XAU_R1_PULLBACK_LONG_V2_M15_SESSION_09_15,1025742,XAUUSD,932200,411,411,411,413,413,0.01,2506.72,2502.56,2515.05,2506.39,2506.72,33,0.0793,R1_H1_EMA_PULLBACK_LONG_M15,5
r1_h1_pullback_long_v1::BT_A1_XAU_R1_PULLBACK_LONG_V2_M15_SESSION_09_15::1025742::XAUUSD::932200::412,r1_h1_pullback_long_v1,R1,UPTREND,LONG,2024.09.10 13:00:00,2024.09.10 13:00:00,2024.09.10 14:14:20,BT_A1_XAU_R1_PULLBACK_LONG_V2_M15_SESSION_09_15,1025742,XAUUSD,932200,412,412,412,416,416,0.01,2514.06,2503.88,2534.42,2513.70,2514.06,36,0.0354,R1_H1_EMA_PULLBACK_LONG_M15,4
r1_h1_pullback_long_v1::BT_A1_XAU_R1_PULLBACK_LONG_V2_M15_SESSION_09_15::1025742::XAUUSD::932200::414,r1_h1_pullback_long_v1,R1,UPTREND,LONG,2024.09.10 13:30:00,2024.09.10 13:30:00,2024.09.10 14:14:18,BT_A1_XAU_R1_PULLBACK_LONG_V2_M15_SESSION_09_15,1025742,XAUUSD,932200,414,414,414,415,415,0.01,2515.10,2504.10,2537.10,2514.77,2515.10,33,0.0300,R1_H1_EMA_PULLBACK_LONG_M15,4
r1_h1_pullback_long_v1::BT_A1_XAU_R1_PULLBACK_LONG_V2_M15_SESSION_09_15::1025742::XAUUSD::932200::417,r1_h1_pullback_long_v1,R1,UPTREND,LONG,2024.09.10 14:45:00,2024.09.10 14:45:00,2024.09.10 15:35:17,BT_A1_XAU_R1_PULLBACK_LONG_V2_M15_SESSION_09_15,1025742,XAUUSD,932200,417,417,417,418,418,0.01,2505.06,2500.19,2514.79,2504.73,2505.06,33,0.0678,R1_H1_EMA_PULLBACK_LONG_M15,5
h4_d1_long_best_box2_atr80::BT_A1_XAU_ROUTER_V1_R1_LONG_BOX2_PREVHEALTH::1025742::XAUUSD::932200::121,h4_d1_long_best_box2_atr80,R1,UPTREND,LONG,2024.09.10 16:00:00,2024.09.10 16:00:00,2024.09.13 01:10:20,BT_A1_XAU_ROUTER_V1_R1_LONG_BOX2_PREVHEALTH,1025742,XAUUSD,932200,121,121,121,125,125,0.01,2512.92,2485.86,2567.04,2512.59,2512.92,33,0.0122,D1_COMPRESSION_H4_EXPANSION_LONG,5
h4_d1_long_best_box2_atr80::BT_A1_XAU_ROUTER_V1_R1_LONG_BOX2_PREVHEALTH::1025742::XAUUSD::932200::122,h4_d1_long_best_box2_atr80,R1,UPTREND,LONG,2024.09.10 20:00:00,2024.09.10 20:00:00,2024.09.13 13:22:42,BT_A1_XAU_ROUTER_V1_R1_LONG_BOX2_PREVHEALTH,1025742,XAUUSD,932200,122,122,122,127,127,0.01,2517.50,2485.80,2580.90,2517.13,2517.50,37,0.0117,D1_COMPRESSION_H4_EXPANSION_LONG,5
r1_h1_pullback_long_v1::BT_A1_XAU_R1_PULLBACK_LONG_V2_M15_SESSION_09_15::1025742::XAUUSD::932200::420,r1_h1_pullback_long_v1,R1,UPTREND,LONG,2024.09.12 09:00:00,2024.09.12 09:00:00,2024.09.12 10:54:38,BT_A1_XAU_R1_PULLBACK_LONG_V2_M15_SESSION_09_15,1025742,XAUUSD,932200,420,420,420,427,427,0.01,2517.61,2514.11,2524.61,2517.28,2517.61,33,0.0943,R1_H1_EMA_PULLBACK_LONG_M15,4
r1_h1_pullback_long_v1::BT_A1_XAU_R1_PULLBACK_LONG_V2_M15_SESSION_09_15::1025742::XAUUSD::932200::421,r1_h1_pullback_long_v1,R1,UPTREND,LONG,2024.09.12 09:15:00,2024.09.12 09:15:00,2024.09.12 10:46:14,BT_A1_XAU_R1_PULLBACK_LONG_V2_M15_SESSION_09_15,1025742,XAUUSD,932200,421,421,421,426,426,0.01,2518.41,2514.82,2525.59,2518.08,2518.41,33,0.0919,R1_H1_EMA_PULLBACK_LONG_M15,4
r1_h1_pullback_long_v1::BT_A1_XAU_R1_PULLBACK_LONG_V2_M15_SESSION_09_15::1025742::XAUUSD::932200::422,r1_h1_pullback_long_v1,R1,UPTREND,LONG,2024.09.12 10:00:00,2024.09.12 10:00:00,2024.09.12 10:46:02,BT_A1_XAU_R1_PULLBACK_LONG_V2_M15_SESSION_09_15,1025742,XAUUSD,932200,422,422,422,425,425,0.01,2518.99,2515.49,2525.99,2518.66,2518.99,33,0.0943,R1_H1_EMA_PULLBACK_LONG_M15,4
r1_h1_pullback_long_v1::BT_A1_XAU_R1_PULLBACK_LONG_V2_M15_SESSION_09_15::1025742::XAUUSD::932200::423,r1_h1_pullback_long_v1,R1,UPTREND,LONG,2024.09.12 10:15:00,2024.09.12 10:15:00,2024.09.12 10:44:04,BT_A1_XAU_R1_PULLBACK_LONG_V2_M15_SESSION_09_15,1025742,XAUUSD,932200,423,423,423,424,424,0.01,2520.41,2516.16,2528.92,2520.08,2520.41,33,0.0776,R1_H1_EMA_PULLBACK_LONG_M15,4
r1_h1_pullback_long_v1::BT_A1_XAU_R1_PULLBACK_LONG_V2_M15_SESSION_09_15::1025742::XAUUSD::932200::428,r1_h1_pullback_long_v1,R1,UPTREND,LONG,2024.09.12 12:45:00,2024.09.12 12:45:00,2024.09.12 15:08:42,BT_A1_XAU_R1_PULLBACK_LONG_V2_M15_SESSION_09_15,1025742,XAUUSD,932200,428,428,428,429,429,0.01,2527.88,2514.32,2555.00,2527.51,2527.88,37,0.0273,R1_H1_EMA_PULLBACK_LONG_M15,5
h4_d1_long_best_box2_atr80::BT_A1_XAU_ROUTER_V1_R1_LONG_BOX2_PREVHEALTH::1025742::XAUUSD::932200::124,h4_d1_long_best_box2_atr80,R1,UPTREND,LONG,2024.09.12 16:00:00,2024.09.12 16:00:00,2024.09.24 19:19:30,BT_A1_XAU_ROUTER_V1_R1_LONG_BOX2_PREVHEALTH,1025742,XAUUSD,932200,124,124,124,137,137,0.01,2553.43,2500.26,2659.77,2553.10,2553.43,33,0.0062,D1_COMPRESSION_H4_EXPANSION_LONG,5
h4_d1_long_best_box2_atr80::BT_A1_XAU_ROUTER_V1_R1_LONG_BOX2_PREVHEALTH::1025742::XAUUSD::932200::126,h4_d1_long_best_box2_atr80,R1,UPTREND,LONG,2024.09.13 04:00:00,2024.09.13 04:00:00,2024.10.18 01:34:37,BT_A1_XAU_ROUTER_V1_R1_LONG_BOX2_PREVHEALTH,1025742,XAUUSD,932200,126,126,126,146,146,0.01,2568.16,2501.19,2702.10,2567.83,2568.16,33,0.0049,D1_COMPRESSION_H4_EXPANSION_LONG,5
h4_d1_long_best_box2_atr80::BT_A1_XAU_ROUTER_V1_R1_LONG_BOX2_PREVHEALTH::1025742::XAUUSD::932200::128,h4_d1_long_best_box2_atr80,R1,UPTREND,LONG,2024.09.13 16:00:00,2024.09.13 16:00:00,2024.10.22 16:53:34,BT_A1_XAU_ROUTER_V1_R1_LONG_BOX2_PREVHEALTH,1025742,XAUUSD,932200,128,128,128,154,154,0.01,2582.46,2501.22,2744.94,2582.13,2582.46,33,0.0041,D1_COMPRESSION_H4_EXPANSION_LONG,5
h4_d1_long_best_box2_atr80::BT_A1_XAU_ROUTER_V1_R1_LONG_BOX2_PREVHEALTH::1025742::XAUUSD::932200::129,h4_d1_long_best_box2_atr80,R1,UPTREND,LONG,2024.09.16 04:00:00,2024.09.16 04:00:00,2024.09.18 19:21:14,BT_A1_XAU_ROUTER_V1_R1_LONG_BOX2_PREVHEALTH,1025742,XAUUSD,932200,129,129,129,130,130,0.01,2586.56,2557.01,2645.66,2586.23,2586.56,33,0.0112,D1_COMPRESSION_H4_EXPANSION_LONG,4
r1_h1_pullback_long_v1::BT_A1_XAU_R1_PULLBACK_LONG_V2_M15_SESSION_09_15::1025742::XAUUSD::932200::430,r1_h1_pullback_long_v1,R1,UPTREND,LONG,2024.09.16 09:30:00,2024.09.16 09:30:00,2024.09.16 10:30:41,BT_A1_XAU_R1_PULLBACK_LONG_V2_M15_SESSION_09_15,1025742,XAUUSD,932200,430,430,430,431,431,0.01,2587.99,2580.92,2602.12,2587.65,2587.99,34,0.0481,R1_H1_EMA_PULLBACK_LONG_M15,4
r1_h1_pullback_long_v1::BT_A1_XAU_R1_PULLBACK_LONG_V2_M15_SESSION_09_15::1025742::XAUUSD::932200::432,r1_h1_pullback_long_v1,R1,UPTREND,LONG,2024.09.16 12:00:00,2024.09.16 12:00:00,2024.09.17 05:13:38,BT_A1_XAU_R1_PULLBACK_LONG_V2_M15_SESSION_09_15,1025742,XAUUSD,932200,432,432,432,439,439,0.01,2583.23,2574.83,2600.03,2582.90,2583.23,33,0.0393,R1_H1_EMA_PULLBACK_LONG_M15,4
r1_h1_pullback_long_v1::BT_A1_XAU_R1_PULLBACK_LONG_V2_M15_SESSION_09_15::1025742::XAUUSD::932200::433,r1_h1_pullback_long_v1,R1,UPTREND,LONG,2024.09.16 13:00:00,2024.09.16 13:00:00,2024.09.16 14:28:38,BT_A1_XAU_R1_PULLBACK_LONG_V2_M15_SESSION_09_15,1025742,XAUUSD,932200,433,433,433,436,436,0.01,2583.67,2577.95,2595.12,2583.34,2583.67,33,0.0576,R1_H1_EMA_PULLBACK_LONG_M15,4
r1_h1_pullback_long_v1::BT_A1_XAU_R1_PULLBACK_LONG_V2_M15_SESSION_09_15::1025742::XAUUSD::932200::434,r1_h1_pullback_long_v1,R1,UPTREND,LONG,2024.09.16 13:15:00,2024.09.16 13:15:00,2024.09.16 14:28:38,BT_A1_XAU_R1_PULLBACK_LONG_V2_M15_SESSION_09_15,1025742,XAUUSD,932200,434,434,434,437,437,0.01,2585.48,2577.95,2600.54,2585.15,2585.48,33,0.0438,R1_H1_EMA_PULLBACK_LONG_M15,4
r1_h1_pullback_long_v1::BT_A1_XAU_R1_PULLBACK_LONG_V2_M15_SESSION_09_15::1025742::XAUUSD::932200::435,r1_h1_pullback_long_v1,R1,UPTREND,LONG,2024.09.16 14:00:00,2024.09.16 14:00:00,2024.09.16 14:28:38,BT_A1_XAU_R1_PULLBACK_LONG_V2_M15_SESSION_09_15,1025742,XAUUSD,932200,435,435,435,438,438,0.01,2588.48,2577.87,2609.69,2588.12,2588.48,36,0.0339,R1_H1_EMA_PULLBACK_LONG_M15,4
r1_h1_pullback_long_v1::BT_A1_XAU_R1_PULLBACK_LONG_V2_M15_SESSION_09_15::1025742::XAUUSD::932200::440,r1_h1_pullback_long_v1,R1,UPTREND,LONG,2024.09.18 13:00:00,2024.09.18 13:00:00,2024.09.18 13:40:38,BT_A1_XAU_R1_PULLBACK_LONG_V2_M15_SESSION_09_15,1025742,XAUUSD,932200,440,440,440,441,441,0.01,2576.48,2572.98,2583.48,2576.15,2576.48,33,0.0943,R1_H1_EMA_PULLBACK_LONG_M15,4
h4_d1_long_best_box2_atr80::BT_A1_XAU_ROUTER_V1_R1_LONG_BOX2_PREVHEALTH::1025742::XAUUSD::932200::131,h4_d1_long_best_box2_atr80,R1,UPTREND,LONG,2024.09.20 08:00:00,2024.09.20 08:00:00,2024.10.21 01:13:28,BT_A1_XAU_ROUTER_V1_R1_LONG_BOX2_PREVHEALTH,1025742,XAUUSD,932200,131,131,131,151,151,0.01,2607.37,2547.03,2728.05,2607.04,2607.37,33,0.0055,D1_COMPRESSION_H4_EXPANSION_LONG,5
h4_d1_long_best_box2_atr80::BT_A1_XAU_ROUTER_V1_R1_LONG_BOX2_PREVHEALTH::1025742::XAUUSD::932200::132,h4_d1_long_best_box2_atr80,R1,UPTREND,LONG,2024.09.20 12:00:00,2024.09.20 12:00:00,2024.10.22 17:03:42,BT_A1_XAU_ROUTER_V1_R1_LONG_BOX2_PREVHEALTH,1025742,XAUUSD,932200,132,132,132,155,155,0.01,2613.93,2547.06,2747.67,2613.57,2613.93,36,0.0054,D1_COMPRESSION_H4_EXPANSION_LONG,5
h4_d1_long_best_box2_atr80::BT_A1_XAU_ROUTER_V1_R1_LONG_BOX2_PREVHEALTH::1025742::XAUUSD::932200::133,h4_d1_long_best_box2_atr80,R1,UPTREND,LONG,2024.09.20 16:00:00,2024.09.20 16:00:00,2024.10.29 22:51:30,BT_A1_XAU_ROUTER_V1_R1_LONG_BOX2_PREVHEALTH,1025742,XAUUSD,932200,133,133,133,164,164,0.01,2623.03,2547.04,2775.01,2622.70,2623.03,33,0.0043,D1_COMPRESSION_H4_EXPANSION_LONG,5
h4_d1_long_best_box2_atr80::BT_A1_XAU_ROUTER_V1_R1_LONG_BOX2_PREVHEALTH::1025742::XAUUSD::932200::134,h4_d1_long_best_box2_atr80,R1,UPTREND,LONG,2024.09.23 04:00:00,2024.09.23 04:00:00,2024.10.18 12:32:35,BT_A1_XAU_ROUTER_V1_R1_LONG_BOX2_PREVHEALTH,1025742,XAUUSD,932200,134,134,134,149,149,0.01,2628.77,2585.05,2716.21,2628.44,2628.77,33,0.0075,D1_COMPRESSION_H4_EXPANSION_LONG,5
r1_h1_pullback_long_v1::BT_A1_XAU_R1_PULLBACK_LONG_V2_M15_SESSION_09_15::1025742::XAUUSD::932200::442,r1_h1_pullback_long_v1,R1,UPTREND,LONG,2024.09.23 10:00:00,2024.09.23 10:00:00,2024.09.24 03:42:40,BT_A1_XAU_R1_PULLBACK_LONG_V2_M15_SESSION_09_15,1025742,XAUUSD,932200,442,442,442,448,448,0.01,2621.83,2614.84,2635.81,2621.50,2621.83,33,0.0472,R1_H1_EMA_PULLBACK_LONG_M15,5
r1_h1_pullback_long_v1::BT_A1_XAU_R1_PULLBACK_LONG_V2_M15_SESSION_09_15::1025742::XAUUSD::932200::443,r1_h1_pullback_long_v1,R1,UPTREND,LONG,2024.09.23 10:15:00,2024.09.23 10:15:00,2024.09.24 05:17:15,BT_A1_XAU_R1_PULLBACK_LONG_V2_M15_SESSION_09_15,1025742,XAUUSD,932200,443,443,443,449,449,0.01,2623.21,2614.84,2639.95,2622.88,2623.21,33,0.0394,R1_H1_EMA_PULLBACK_LONG_M15,5
r1_h1_pullback_long_v1::BT_A1_XAU_R1_PULLBACK_LONG_V2_M15_SESSION_09_15::1025742::XAUUSD::932200::444,r1_h1_pullback_long_v1,R1,UPTREND,LONG,2024.09.23 12:45:00,2024.09.23 12:45:00,2024.09.23 13:54:39,BT_A1_XAU_R1_PULLBACK_LONG_V2_M15_SESSION_09_15,1025742,XAUUSD,932200,444,444,444,447,447,0.01,2624.26,2619.62,2633.54,2623.93,2624.26,33,0.0711,R1_H1_EMA_PULLBACK_LONG_M15,5
r1_h1_pullback_long_v1::BT_A1_XAU_R1_PULLBACK_LONG_V2_M15_SESSION_09_15::1025742::XAUUSD::932200::445,r1_h1_pullback_long_v1,R1,UPTREND,LONG,2024.09.23 13:00:00,2024.09.23 13:00:00,2024.09.24 14:44:40,BT_A1_XAU_R1_PULLBACK_LONG_V2_M15_SESSION_09_15,1025742,XAUUSD,932200,445,445,445,456,456,0.01,2627.31,2619.64,2642.65,2626.95,2627.31,36,0.0469,R1_H1_EMA_PULLBACK_LONG_M15,5
r1_h1_pullback_long_v1::BT_A1_XAU_R1_PULLBACK_LONG_V2_M15_SESSION_09_15::1025742::XAUUSD::932200::446,r1_h1_pullback_long_v1,R1,UPTREND,LONG,2024.09.23 13:15:00,2024.09.23 13:15:00,2024.09.24 16:08:41,BT_A1_XAU_R1_PULLBACK_LONG_V2_M15_SESSION_09_15,1025742,XAUUSD,932200,446,446,446,457,457,0.01,2629.36,2619.58,2648.92,2629.03,2629.36,33,0.0337,R1_H1_EMA_PULLBACK_LONG_M15,5
h4_d1_long_best_box2_atr80::BT_A1_XAU_ROUTER_V1_R1_LONG_BOX2_PREVHEALTH::1025742::XAUUSD::932200::135,h4_d1_long_best_box2_atr80,R1,UPTREND,LONG,2024.09.23 16:00:00,2024.09.23 16:00:00,2024.10.18 14:24:13,BT_A1_XAU_ROUTER_V1_R1_LONG_BOX2_PREVHEALTH,1025742,XAUUSD,932200,135,135,135,150,150,0.01,2629.54,2585.07,2718.48,2629.19,2629.54,35,0.0079,D1_COMPRESSION_H4_EXPANSION_LONG,5
r1_h1_pullback_long_v1::BT_A1_XAU_R1_PULLBACK_LONG_V2_M15_SESSION_09_15::1025742::XAUUSD::932200::450,r1_h1_pullback_long_v1,R1,UPTREND,LONG,2024.09.24 10:00:00,2024.09.24 10:00:00,2024.09.24 11:38:15,BT_A1_XAU_R1_PULLBACK_LONG_V2_M15_SESSION_09_15,1025742,XAUUSD,932200,450,450,450,453,453,0.01,2631.01,2625.87,2641.30,2630.68,2631.01,33,0.0642,R1_H1_EMA_PULLBACK_LONG_M15,4
r1_h1_pullback_long_v1::BT_A1_XAU_R1_PULLBACK_LONG_V2_M15_SESSION_09_15::1025742::XAUUSD::932200::451,r1_h1_pullback_long_v1,R1,UPTREND,LONG,2024.09.24 10:30:00,2024.09.24 10:30:00,2024.09.24 11:37:42,BT_A1_XAU_R1_PULLBACK_LONG_V2_M15_SESSION_09_15,1025742,XAUUSD,932200,451,451,451,452,452,0.01,2634.20,2626.67,2649.27,2633.87,2634.20,33,0.0438,R1_H1_EMA_PULLBACK_LONG_M15,4
r1_h1_pullback_long_v1::BT_A1_XAU_R1_PULLBACK_LONG_V2_M15_SESSION_09_15::1025742::XAUUSD::932200::454,r1_h1_pullback_long_v1,R1,UPTREND,LONG,2024.09.24 13:00:00,2024.09.24 13:00:00,2024.09.24 16:44:40,BT_A1_XAU_R1_PULLBACK_LONG_V2_M15_SESSION_09_15,1025742,XAUUSD,932200,454,454,454,458,458,0.01,2633.41,2622.76,2654.71,2633.06,2633.41,35,0.0329,R1_H1_EMA_PULLBACK_LONG_M15,5
r1_h1_pullback_long_v1::BT_A1_XAU_R1_PULLBACK_LONG_V2_M15_SESSION_09_15::1025742::XAUUSD::932200::455,r1_h1_pullback_long_v1,R1,UPTREND,LONG,2024.09.24 14:30:00,2024.09.24 14:30:00,2024.09.24 18:25:35,BT_A1_XAU_R1_PULLBACK_LONG_V2_M15_SESSION_09_15,1025742,XAUUSD,932200,455,455,455,459,459,0.01,2638.86,2629.99,2656.61,2638.53,2638.86,33,0.0372,R1_H1_EMA_PULLBACK_LONG_M15,5
h4_d1_long_best_box2_atr80::BT_A1_XAU_ROUTER_V1_R1_LONG_BOX2_PREVHEALTH::1025742::XAUUSD::932200::136,h4_d1_long_best_box2_atr80,R1,UPTREND,LONG,2024.09.24 16:00:00,2024.09.24 16:00:00,2024.10.08 15:07:26,BT_A1_XAU_ROUTER_V1_R1_LONG_BOX2_PREVHEALTH,1025742,XAUUSD,932200,136,136,136,141,141,0.01,2642.75,2614.12,2700.01,2642.41,2642.75,34,0.0119,D1_COMPRESSION_H4_EXPANSION_LONG,4
h4_d1_long_best_box2_atr80::BT_A1_XAU_ROUTER_V1_R1_LONG_BOX2_PREVHEALTH::1025742::XAUUSD::932200::138,h4_d1_long_best_box2_atr80,R1,UPTREND,LONG,2024.09.24 20:00:00,2024.09.24 20:00:00,2024.10.08 15:07:26,BT_A1_XAU_ROUTER_V1_R1_LONG_BOX2_PREVHEALTH,1025742,XAUUSD,932200,138,138,138,142,142,0.01,2662.92,2614.11,2760.54,2662.59,2662.92,33,0.0068,D1_COMPRESSION_H4_EXPANSION_LONG,4
r1_h1_pullback_long_v1::BT_A1_XAU_R1_PULLBACK_LONG_V2_M15_SESSION_09_15::1025742::XAUUSD::932200::460,r1_h1_pullback_long_v1,R1,UPTREND,LONG,2024.09.25 09:00:00,2024.09.25 09:00:00,2024.09.25 13:06:40,BT_A1_XAU_R1_PULLBACK_LONG_V2_M15_SESSION_09_15,1025742,XAUUSD,932200,460,460,460,464,464,0.01,2656.13,2652.60,2663.18,2655.80,2656.13,33,0.0936,R1_H1_EMA_PULLBACK_LONG_M15,5
r1_h1_pullback_long_v1::BT_A1_XAU_R1_PULLBACK_LONG_V2_M15_SESSION_09_15::1025742::XAUUSD::932200::461,r1_h1_pullback_long_v1,R1,UPTREND,LONG,2024.09.25 10:30:00,2024.09.25 10:30:00,2024.09.25 16:43:40,BT_A1_XAU_R1_PULLBACK_LONG_V2_M15_SESSION_09_15,1025742,XAUUSD,932200,461,461,461,467,467,0.01,2658.08,2652.30,2669.64,2657.75,2658.08,33,0.0571,R1_H1_EMA_PULLBACK_LONG_M15,4
r1_h1_pullback_long_v1::BT_A1_XAU_R1_PULLBACK_LONG_V2_M15_SESSION_09_15::1025742::XAUUSD::932200::462,r1_h1_pullback_long_v1,R1,UPTREND,LONG,2024.09.25 11:45:00,2024.09.25 11:45:00,2024.09.25 13:27:41,BT_A1_XAU_R1_PULLBACK_LONG_V2_M15_SESSION_09_15,1025742,XAUUSD,932200,462,462,462,465,465,0.01,2657.51,2653.58,2665.37,2657.15,2657.51,36,0.0916,R1_H1_EMA_PULLBACK_LONG_M15,5
r1_h1_pullback_long_v1::BT_A1_XAU_R1_PULLBACK_LONG_V2_M15_SESSION_09_15::1025742::XAUUSD::932200::463,r1_h1_pullback_long_v1,R1,UPTREND,LONG,2024.09.25 13:00:00,2024.09.25 13:00:00,2024.09.25 16:20:29,BT_A1_XAU_R1_PULLBACK_LONG_V2_M15_SESSION_09_15,1025742,XAUUSD,932200,463,463,463,466,466,0.01,2659.72,2653.46,2672.23,2659.39,2659.72,33,0.0528,R1_H1_EMA_PULLBACK_LONG_M15,4
h4_d1_long_best_box2_atr80::BT_A1_XAU_ROUTER_V1_R1_LONG_BOX2_PREVHEALTH::1025742::XAUUSD::932200::139,h4_d1_long_best_box2_atr80,R1,UPTREND,LONG,2024.09.26 12:00:00,2024.09.26 12:00:00,2024.10.08 14:35:34,BT_A1_XAU_ROUTER_V1_R1_LONG_BOX2_PREVHEALTH,1025742,XAUUSD,932200,139,139,139,140,140,0.01,2683.01,2622.90,2803.23,2682.68,2683.01,33,0.0055,D1_COMPRESSION_H4_EXPANSION_LONG,4
r1_h1_pullback_long_v1::BT_A1_XAU_R1_PULLBACK_LONG_V2_M15_SESSION_09_15::1025742::XAUUSD::932200::468,r1_h1_pullback_long_v1,R1,UPTREND,LONG,2024.09.26 13:30:00,2024.09.26 13:30:00,2024.09.26 13:50:42,BT_A1_XAU_R1_PULLBACK_LONG_V2_M15_SESSION_09_15,1025742,XAUUSD,932200,468,468,468,469,469,0.01,2668.13,2657.98,2688.42,2667.80,2668.13,33,0.0325,R1_H1_EMA_PULLBACK_LONG_M15,4
r1_h1_pullback_long_v1::BT_A1_XAU_R1_PULLBACK_LONG_V2_M15_SESSION_09_15::1025742::XAUUSD::932200::470,r1_h1_pullback_long_v1,R1,UPTREND,LONG,2024.10.04 11:30:00,2024.10.04 11:30:00,2024.10.04 12:25:14,BT_A1_XAU_R1_PULLBACK_LONG_V2_M15_SESSION_09_15,1025742,XAUUSD,932200,470,470,470,473,473,0.01,2659.47,2655.97,2666.47,2659.14,2659.47,33,0.0943,R1_H1_EMA_PULLBACK_LONG_M15,4
r1_h1_pullback_long_v1::BT_A1_XAU_R1_PULLBACK_LONG_V2_M15_SESSION_09_15::1025742::XAUUSD::932200::471,r1_h1_pullback_long_v1,R1,UPTREND,LONG,2024.10.04 11:45:00,2024.10.04 11:45:00,2024.10.04 12:05:36,BT_A1_XAU_R1_PULLBACK_LONG_V2_M15_SESSION_09_15,1025742,XAUUSD,932200,471,471,471,472,472,0.01,2661.47,2657.19,2670.02,2661.14,2661.47,33,0.0772,R1_H1_EMA_PULLBACK_LONG_M15,4
r1_h1_pullback_long_v1::BT_A1_XAU_R1_PULLBACK_LONG_V2_M15_SESSION_09_15::1025742::XAUUSD::932200::474,r1_h1_pullback_long_v1,R1,UPTREND,LONG,2024.10.14 11:15:00,2024.10.14 11:15:00,2024.10.14 11:50:32,BT_A1_XAU_R1_PULLBACK_LONG_V2_M15_SESSION_09_15,1025742,XAUUSD,932200,474,474,474,475,475,0.01,2656.82,2653.32,2663.82,2656.70,2656.82,12,0.0343,R1_H1_EMA_PULLBACK_LONG_M15,4
r1_h1_pullback_long_v1::BT_A1_XAU_R1_PULLBACK_LONG_V2_M15_SESSION_09_15::1025742::XAUUSD::932200::476,r1_h1_pullback_long_v1,R1,UPTREND,LONG,2024.10.15 10:15:00,2024.10.15 10:15:00,2024.10.15 11:40:23,BT_A1_XAU_R1_PULLBACK_LONG_V2_M15_SESSION_09_15,1025742,XAUUSD,932200,476,476,476,477,477,0.01,2654.98,2650.43,2664.08,2654.82,2654.98,16,0.0352,R1_H1_EMA_PULLBACK_LONG_M15,4
h4_d1_long_best_box2_atr80::BT_A1_XAU_ROUTER_V1_R1_LONG_BOX2_PREVHEALTH::1025742::XAUUSD::932200::143,h4_d1_long_best_box2_atr80,R1,UPTREND,LONG,2024.10.16 08:00:00,2024.10.16 08:00:00,2024.10.23 05:34:11,BT_A1_XAU_ROUTER_V1_R1_LONG_BOX2_PREVHEALTH,1025742,XAUUSD,932200,143,143,143,158,158,0.01,2676.19,2638.37,2751.83,2676.05,2676.19,14,0.0037,D1_COMPRESSION_H4_EXPANSION_LONG,5
h4_d1_long_best_box2_atr80::BT_A1_XAU_ROUTER_V1_R1_LONG_BOX2_PREVHEALTH::1025742::XAUUSD::932200::144,h4_d1_long_best_box2_atr80,R1,UPTREND,LONG,2024.10.16 20:00:00,2024.10.16 20:00:00,2024.10.22 17:45:35,BT_A1_XAU_ROUTER_V1_R1_LONG_BOX2_PREVHEALTH,1025742,XAUUSD,932200,144,144,144,156,156,0.01,2675.15,2638.64,2748.17,2675.01,2675.15,14,0.0038,D1_COMPRESSION_H4_EXPANSION_LONG,5
r1_h1_pullback_long_v1::BT_A1_XAU_R1_PULLBACK_LONG_V2_M15_SESSION_09_15::1025742::XAUUSD::932200::478,r1_h1_pullback_long_v1,R1,UPTREND,LONG,2024.10.17 09:45:00,2024.10.17 09:45:00,2024.10.17 12:30:24,BT_A1_XAU_R1_PULLBACK_LONG_V2_M15_SESSION_09_15,1025742,XAUUSD,932200,478,478,478,485,485,0.01,2680.79,2676.17,2690.02,2680.65,2680.79,14,0.0303,R1_H1_EMA_PULLBACK_LONG_M15,4
r1_h1_pullback_long_v1::BT_A1_XAU_R1_PULLBACK_LONG_V2_M15_SESSION_09_15::1025742::XAUUSD::932200::479,r1_h1_pullback_long_v1,R1,UPTREND,LONG,2024.10.17 10:15:00,2024.10.17 10:15:00,2024.10.17 12:30:24,BT_A1_XAU_R1_PULLBACK_LONG_V2_M15_SESSION_09_15,1025742,XAUUSD,932200,479,479,479,484,484,0.01,2683.31,2676.25,2697.43,2683.17,2683.31,14,0.0198,R1_H1_EMA_PULLBACK_LONG_M15,4
r1_h1_pullback_long_v1::BT_A1_XAU_R1_PULLBACK_LONG_V2_M15_SESSION_09_15::1025742::XAUUSD::932200::480,r1_h1_pullback_long_v1,R1,UPTREND,LONG,2024.10.17 10:30:00,2024.10.17 10:30:00,2024.10.17 12:30:23,BT_A1_XAU_R1_PULLBACK_LONG_V2_M15_SESSION_09_15,1025742,XAUUSD,932200,480,480,480,483,483,0.01,2687.01,2676.30,2708.43,2686.87,2687.01,14,0.0131,R1_H1_EMA_PULLBACK_LONG_M15,4
r1_h1_pullback_long_v1::BT_A1_XAU_R1_PULLBACK_LONG_V2_M15_SESSION_09_15::1025742::XAUUSD::932200::481,r1_h1_pullback_long_v1,R1,UPTREND,LONG,2024.10.17 11:30:00,2024.10.17 11:30:00,2024.10.17 12:15:38,BT_A1_XAU_R1_PULLBACK_LONG_V2_M15_SESSION_09_15,1025742,XAUUSD,932200,481,481,481,482,482,0.01,2687.55,2678.44,2705.76,2687.42,2687.55,13,0.0143,R1_H1_EMA_PULLBACK_LONG_M15,4
r1_h1_pullback_long_v1::BT_A1_XAU_R1_PULLBACK_LONG_V2_M15_SESSION_09_15::1025742::XAUUSD::932200::486,r1_h1_pullback_long_v1,R1,UPTREND,LONG,2024.10.17 13:00:00,2024.10.17 13:00:00,2024.10.18 01:09:36,BT_A1_XAU_R1_PULLBACK_LONG_V2_M15_SESSION_09_15,1025742,XAUUSD,932200,486,486,486,490,490,0.01,2680.82,2672.38,2697.69,2680.69,2680.82,13,0.0154,R1_H1_EMA_PULLBACK_LONG_M15,5
r1_h1_pullback_long_v1::BT_A1_XAU_R1_PULLBACK_LONG_V2_M15_SESSION_09_15::1025742::XAUUSD::932200::487,r1_h1_pullback_long_v1,R1,UPTREND,LONG,2024.10.17 13:45:00,2024.10.17 13:45:00,2024.10.18 12:31:27,BT_A1_XAU_R1_PULLBACK_LONG_V2_M15_SESSION_09_15,1025742,XAUUSD,932200,487,487,487,491,491,0.01,2686.53,2672.22,2715.15,2686.39,2686.53,14,0.0098,R1_H1_EMA_PULLBACK_LONG_M15,5
r1_h1_pullback_long_v1::BT_A1_XAU_R1_PULLBACK_LONG_V2_M15_SESSION_09_15::1025742::XAUUSD::932200::488,r1_h1_pullback_long_v1,R1,UPTREND,LONG,2024.10.17 14:00:00,2024.10.17 14:00:00,2024.10.18 20:52:30,BT_A1_XAU_R1_PULLBACK_LONG_V2_M15_SESSION_09_15,1025742,XAUUSD,932200,488,488,488,494,494,0.01,2689.08,2672.47,2722.31,2688.97,2689.08,11,0.0066,R1_H1_EMA_PULLBACK_LONG_M15,5
r1_h1_pullback_long_v1::BT_A1_XAU_R1_PULLBACK_LONG_V2_M15_SESSION_09_15::1025742::XAUUSD::932200::489,r1_h1_pullback_long_v1,R1,UPTREND,LONG,2024.10.17 14:45:00,2024.10.17 14:45:00,2024.10.20 22:01:41,BT_A1_XAU_R1_PULLBACK_LONG_V2_M15_SESSION_09_15,1025742,XAUUSD,932200,489,489,489,495,495,0.01,2694.48,2680.24,2722.96,2694.43,2694.48,5,0.0035,R1_H1_EMA_PULLBACK_LONG_M15,5
h4_d1_long_best_box2_atr80::BT_A1_XAU_ROUTER_V1_R1_LONG_BOX2_PREVHEALTH::1025742::XAUUSD::932200::145,h4_d1_long_best_box2_atr80,R1,UPTREND,LONG,2024.10.17 16:00:00,2024.10.17 16:00:00,2024.11.11 12:41:27,BT_A1_XAU_ROUTER_V1_R1_LONG_BOX2_PREVHEALTH,1025742,XAUUSD,932200,145,145,145,171,171,0.01,2693.57,2638.53,2803.65,2693.42,2693.57,15,0.0027,D1_COMPRESSION_H4_EXPANSION_LONG,4
h4_d1_long_best_box2_atr80::BT_A1_XAU_ROUTER_V1_R1_LONG_BOX2_PREVHEALTH::1025742::XAUUSD::932200::147,h4_d1_long_best_box2_atr80,R1,UPTREND,LONG,2024.10.18 04:00:00,2024.10.18 04:00:00,2024.11.06 13:04:23,BT_A1_XAU_ROUTER_V1_R1_LONG_BOX2_PREVHEALTH,1025742,XAUUSD,932200,147,147,147,169,169,0.01,2710.12,2658.87,2812.62,2709.98,2710.12,14,0.0027,D1_COMPRESSION_H4_EXPANSION_LONG,4
h4_d1_long_best_box2_atr80::BT_A1_XAU_ROUTER_V1_R1_LONG_BOX2_PREVHEALTH::1025742::XAUUSD::932200::148,h4_d1_long_best_box2_atr80,R1,UPTREND,LONG,2024.10.18 12:00:00,2024.10.18 12:00:00,2024.11.06 13:04:23,BT_A1_XAU_ROUTER_V1_R1_LONG_BOX2_PREVHEALTH,1025742,XAUUSD,932200,148,148,148,170,170,0.01,2709.93,2658.90,2811.99,2709.80,2709.93,13,0.0025,D1_COMPRESSION_H4_EXPANSION_LONG,4
r1_h1_pullback_long_v1::BT_A1_XAU_R1_PULLBACK_LONG_V2_M15_SESSION_09_15::1025742::XAUUSD::932200::492,r1_h1_pullback_long_v1,R1,UPTREND,LONG,2024.10.18 14:15:00,2024.10.18 14:15:00,2024.10.21 12:28:27,BT_A1_XAU_R1_PULLBACK_LONG_V2_M15_SESSION_09_15,1025742,XAUUSD,932200,492,492,492,496,496,0.01,2715.50,2704.10,2738.31,2715.40,2715.50,10,0.0088,R1_H1_EMA_PULLBACK_LONG_M15,5
r1_h1_pullback_long_v1::BT_A1_XAU_R1_PULLBACK_LONG_V2_M15_SESSION_09_15::1025742::XAUUSD::932200::493,r1_h1_pullback_long_v1,R1,UPTREND,LONG,2024.10.18 14:45:00,2024.10.18 14:45:00,2024.10.23 04:19:28,BT_A1_XAU_R1_PULLBACK_LONG_V2_M15_SESSION_09_15,1025742,XAUUSD,932200,493,493,493,502,502,0.01,2719.00,2703.97,2749.06,2718.87,2719.00,13,0.0086,R1_H1_EMA_PULLBACK_LONG_M15,5
h4_d1_long_best_box2_atr80::BT_A1_XAU_ROUTER_V1_R1_LONG_BOX2_PREVHEALTH::1025742::XAUUSD::932200::152,h4_d1_long_best_box2_atr80,R1,UPTREND,LONG,2024.10.21 04:00:00,2024.10.21 04:00:00,2024.11.06 12:00:14,BT_A1_XAU_ROUTER_V1_R1_LONG_BOX2_PREVHEALTH,1025742,XAUUSD,932200,152,152,152,167,167,0.01,2731.67,2692.91,2809.19,2731.53,2731.67,14,0.0036,D1_COMPRESSION_H4_EXPANSION_LONG,4
h4_d1_long_best_box2_atr80::BT_A1_XAU_ROUTER_V1_R1_LONG_BOX2_PREVHEALTH::1025742::XAUUSD::932200::153,h4_d1_long_best_box2_atr80,R1,UPTREND,LONG,2024.10.21 12:00:00,2024.10.21 12:00:00,2024.11.06 12:00:14,BT_A1_XAU_ROUTER_V1_R1_LONG_BOX2_PREVHEALTH,1025742,XAUUSD,932200,153,153,153,168,168,0.01,2734.55,2692.92,2817.81,2734.41,2734.55,14,0.0034,D1_COMPRESSION_H4_EXPANSION_LONG,4
r1_h1_pullback_long_v1::BT_A1_XAU_R1_PULLBACK_LONG_V2_M15_SESSION_09_15::1025742::XAUUSD::932200::497,r1_h1_pullback_long_v1,R1,UPTREND,LONG,2024.10.22 10:15:00,2024.10.22 10:15:00,2024.10.22 16:56:39,BT_A1_XAU_R1_PULLBACK_LONG_V2_M15_SESSION_09_15,1025742,XAUUSD,932200,497,497,497,500,500,0.01,2734.66,2729.26,2745.47,2734.51,2734.66,15,0.0278,R1_H1_EMA_PULLBACK_LONG_M15,5
r1_h1_pullback_long_v1::BT_A1_XAU_R1_PULLBACK_LONG_V2_M15_SESSION_09_15::1025742::XAUUSD::932200::498,r1_h1_pullback_long_v1,R1,UPTREND,LONG,2024.10.22 10:45:00,2024.10.22 10:45:00,2024.10.23 08:31:28,BT_A1_XAU_R1_PULLBACK_LONG_V2_M15_SESSION_09_15,1025742,XAUUSD,932200,498,498,498,503,503,0.01,2738.77,2729.29,2757.73,2738.63,2738.77,14,0.0148,R1_H1_EMA_PULLBACK_LONG_M15,5
r1_h1_pullback_long_v1::BT_A1_XAU_R1_PULLBACK_LONG_V2_M15_SESSION_09_15::1025742::XAUUSD::932200::499,r1_h1_pullback_long_v1,R1,UPTREND,LONG,2024.10.22 12:15:00,2024.10.22 12:15:00,2024.10.22 19:58:53,BT_A1_XAU_R1_PULLBACK_LONG_V2_M15_SESSION_09_15,1025742,XAUUSD,932200,499,499,499,501,501,0.01,2735.46,2728.91,2748.56,2735.34,2735.46,12,0.0183,R1_H1_EMA_PULLBACK_LONG_M15,5
h4_d1_long_best_box2_atr80::BT_A1_XAU_ROUTER_V1_R1_LONG_BOX2_PREVHEALTH::1025742::XAUUSD::932200::157,h4_d1_long_best_box2_atr80,R1,UPTREND,LONG,2024.10.22 20:00:00,2024.10.22 20:00:00,2024.10.23 15:12:31,BT_A1_XAU_ROUTER_V1_R1_LONG_BOX2_PREVHEALTH,1025742,XAUUSD,932200,157,157,157,160,160,0.01,2748.67,2714.56,2816.89,2748.49,2748.67,18,0.0053,D1_COMPRESSION_H4_EXPANSION_LONG,4
h4_d1_long_best_box2_atr80::BT_A1_XAU_ROUTER_V1_R1_LONG_BOX2_PREVHEALTH::1025742::XAUUSD::932200::159,h4_d1_long_best_box2_atr80,R1,UPTREND,LONG,2024.10.23 08:00:00,2024.10.23 08:00:00,2024.10.23 15:12:38,BT_A1_XAU_ROUTER_V1_R1_LONG_BOX2_PREVHEALTH,1025742,XAUUSD,932200,159,159,159,161,161,0.01,2755.06,2714.41,2836.36,2754.92,2755.06,14,0.0034,D1_COMPRESSION_H4_EXPANSION_LONG,4
h4_d1_long_best_box2_atr80::BT_A1_XAU_ROUTER_V1_R1_LONG_BOX2_PREVHEALTH::1025742::XAUUSD::932200::162,h4_d1_long_best_box2_atr80,R1,UPTREND,LONG,2024.10.29 04:00:00,2024.10.29 04:00:00,2024.11.05 01:46:40,BT_A1_XAU_ROUTER_V1_R1_LONG_BOX2_PREVHEALTH,1025742,XAUUSD,932200,162,162,162,165,165,0.01,2755.04,2724.97,2815.18,2754.90,2755.04,14,0.0047,D1_COMPRESSION_H4_EXPANSION_LONG,4
r1_h1_pullback_long_v1::BT_A1_XAU_R1_PULLBACK_LONG_V2_M15_SESSION_09_15::1025742::XAUUSD::932200::504,r1_h1_pullback_long_v1,R1,UPTREND,LONG,2024.10.29 10:15:00,2024.10.29 10:15:00,2024.10.29 10:26:03,BT_A1_XAU_R1_PULLBACK_LONG_V2_M15_SESSION_09_15,1025742,XAUUSD,932200,504,504,504,505,505,0.01,2751.28,2746.86,2760.12,2751.14,2751.28,14,0.0317,R1_H1_EMA_PULLBACK_LONG_M15,4
r1_h1_pullback_long_v1::BT_A1_XAU_R1_PULLBACK_LONG_V2_M15_SESSION_09_15::1025742::XAUUSD::932200::506,r1_h1_pullback_long_v1,R1,UPTREND,LONG,2024.10.29 11:15:00,2024.10.29 11:15:00,2024.10.29 13:17:37,BT_A1_XAU_R1_PULLBACK_LONG_V2_M15_SESSION_09_15,1025742,XAUUSD,932200,506,506,506,510,510,0.01,2753.24,2745.75,2768.22,2753.10,2753.24,14,0.0187,R1_H1_EMA_PULLBACK_LONG_M15,5
r1_h1_pullback_long_v1::BT_A1_XAU_R1_PULLBACK_LONG_V2_M15_SESSION_09_15::1025742::XAUUSD::932200::507,r1_h1_pullback_long_v1,R1,UPTREND,LONG,2024.10.29 12:15:00,2024.10.29 12:15:00,2024.10.29 16:03:14,BT_A1_XAU_R1_PULLBACK_LONG_V2_M15_SESSION_09_15,1025742,XAUUSD,932200,507,507,507,511,511,0.01,2755.62,2747.48,2771.90,2755.48,2755.62,14,0.0172,R1_H1_EMA_PULLBACK_LONG_M15,5
r1_h1_pullback_long_v1::BT_A1_XAU_R1_PULLBACK_LONG_V2_M15_SESSION_09_15::1025742::XAUUSD::932200::508,r1_h1_pullback_long_v1,R1,UPTREND,LONG,2024.10.29 12:45:00,2024.10.29 12:45:00,2024.10.30 05:38:31,BT_A1_XAU_R1_PULLBACK_LONG_V2_M15_SESSION_09_15,1025742,XAUUSD,932200,508,508,508,512,512,0.01,2760.79,2747.41,2787.56,2760.65,2760.79,14,0.0105,R1_H1_EMA_PULLBACK_LONG_M15,5
r1_h1_pullback_long_v1::BT_A1_XAU_R1_PULLBACK_LONG_V2_M15_SESSION_09_15::1025742::XAUUSD::932200::509,r1_h1_pullback_long_v1,R1,UPTREND,LONG,2024.10.29 13:15:00,2024.10.29 13:15:00,2024.10.31 13:34:14,BT_A1_XAU_R1_PULLBACK_LONG_V2_M15_SESSION_09_15,1025742,XAUUSD,932200,509,509,509,525,525,0.01,2766.34,2747.48,2804.06,2766.22,2766.34,12,0.0064,R1_H1_EMA_PULLBACK_LONG_M15,4
h4_d1_long_best_box2_atr80::BT_A1_XAU_ROUTER_V1_R1_LONG_BOX2_PREVHEALTH::1025742::XAUUSD::932200::163,h4_d1_long_best_box2_atr80,R1,UPTREND,LONG,2024.10.29 16:00:00,2024.10.29 16:00:00,2024.11.05 01:46:41,BT_A1_XAU_ROUTER_V1_R1_LONG_BOX2_PREVHEALTH,1025742,XAUUSD,932200,163,163,163,166,166,0.01,2769.51,2724.86,2858.81,2769.37,2769.51,14,0.0031,D1_COMPRESSION_H4_EXPANSION_LONG,4
r1_h1_pullback_long_v1::BT_A1_XAU_R1_PULLBACK_LONG_V2_M15_SESSION_09_15::1025742::XAUUSD::932200::513,r1_h1_pullback_long_v1,R1,UPTREND,LONG,2024.10.30 11:45:00,2024.10.30 11:45:00,2024.10.30 12:32:03,BT_A1_XAU_R1_PULLBACK_LONG_V2_M15_SESSION_09_15,1025742,XAUUSD,932200,513,513,513,516,516,0.01,2780.98,2772.74,2797.47,2780.84,2780.98,14,0.0170,R1_H1_EMA_PULLBACK_LONG_M15,4
r1_h1_pullback_long_v1::BT_A1_XAU_R1_PULLBACK_LONG_V2_M15_SESSION_09_15::1025742::XAUUSD::932200::514,r1_h1_pullback_long_v1,R1,UPTREND,LONG,2024.10.30 12:00:00,2024.10.30 12:00:00,2024.10.30 12:32:03,BT_A1_XAU_R1_PULLBACK_LONG_V2_M15_SESSION_09_15,1025742,XAUUSD,932200,514,514,514,517,517,0.01,2782.66,2772.72,2802.53,2782.52,2782.66,14,0.0141,R1_H1_EMA_PULLBACK_LONG_M15,4
r1_h1_pullback_long_v1::BT_A1_XAU_R1_PULLBACK_LONG_V2_M15_SESSION_09_15::1025742::XAUUSD::932200::515,r1_h1_pullback_long_v1,R1,UPTREND,LONG,2024.10.30 12:15:00,2024.10.30 12:15:00,2024.10.30 12:32:03,BT_A1_XAU_R1_PULLBACK_LONG_V2_M15_SESSION_09_15,1025742,XAUUSD,932200,515,515,515,518,518,0.01,2787.25,2772.71,2816.33,2787.08,2787.25,17,0.0117,R1_H1_EMA_PULLBACK_LONG_M15,4
r1_h1_pullback_long_v1::BT_A1_XAU_R1_PULLBACK_LONG_V2_M15_SESSION_09_15::1025742::XAUUSD::932200::519,r1_h1_pullback_long_v1,R1,UPTREND,LONG,2024.10.30 13:15:00,2024.10.30 13:15:00,2024.10.31 12:02:16,BT_A1_XAU_R1_PULLBACK_LONG_V2_M15_SESSION_09_15,1025742,XAUUSD,932200,519,519,519,524,524,0.01,2779.22,2769.96,2797.74,2779.08,2779.22,14,0.0151,R1_H1_EMA_PULLBACK_LONG_M15,4
r1_h1_pullback_long_v1::BT_A1_XAU_R1_PULLBACK_LONG_V2_M15_SESSION_09_15::1025742::XAUUSD::932200::520,r1_h1_pullback_long_v1,R1,UPTREND,LONG,2024.10.30 14:30:00,2024.10.30 14:30:00,2024.10.31 12:01:29,BT_A1_XAU_R1_PULLBACK_LONG_V2_M15_SESSION_09_15,1025742,XAUUSD,932200,520,520,520,522,522,0.01,2780.45,2770.73,2799.88,2780.31,2780.45,14,0.0144,R1_H1_EMA_PULLBACK_LONG_M15,4
r1_h1_pullback_long_v1::BT_A1_XAU_R1_PULLBACK_LONG_V2_M15_SESSION_09_15::1025742::XAUUSD::932200::521,r1_h1_pullback_long_v1,R1,UPTREND,LONG,2024.10.30 14:45:00,2024.10.30 14:45:00,2024.10.31 12:01:29,BT_A1_XAU_R1_PULLBACK_LONG_V2_M15_SESSION_09_15,1025742,XAUUSD,932200,521,521,521,523,523,0.01,2784.19,2770.67,2811.24,2784.05,2784.19,14,0.0104,R1_H1_EMA_PULLBACK_LONG_M15,4
r1_h1_pullback_long_v1::BT_A1_XAU_R1_PULLBACK_LONG_V2_M15_SESSION_09_15::1025742::XAUUSD::932200::526,r1_h1_pullback_long_v1,R1,UPTREND,LONG,2024.12.12 09:45:00,2024.12.12 09:45:00,2024.12.12 10:08:15,BT_A1_XAU_R1_PULLBACK_LONG_V2_M15_SESSION_09_15,1025742,XAUUSD,932200,526,526,526,527,527,0.01,2715.40,2708.63,2728.94,2715.25,2715.40,15,0.0222,R1_H1_EMA_PULLBACK_LONG_M15,4
r2_pullback_rejection_short_v1::BT_A1_XAU_R2_H1_M5_BODY58_HOURS05_18::1025742::XAUUSD::932200::116,r2_pullback_rejection_short_v1,R2,DOWNTREND,SHORT,2024.12.30 07:00:00,2024.12.30 07:00:00,2024.12.30 15:19:03,BT_A1_XAU_R2_H1_M5_BODY58_HOURS05_18,1025742,XAUUSD,932200,116,116,116,118,118,0.01,2616.76,2625.94,2598.39,2616.76,2616.90,14,0.0152,R2_H1_EMA_PULLBACK_REJECTION_SHORT_H1,5
r2_pullback_rejection_short_v1::BT_A1_XAU_R2_H1_M5_BODY58_HOURS05_18::1025742::XAUUSD::932200::117,r2_pullback_rejection_short_v1,R2,DOWNTREND,SHORT,2024.12.30 13:00:00,2024.12.30 13:00:00,2024.12.31 14:40:27,BT_A1_XAU_R2_H1_M5_BODY58_HOURS05_18,1025742,XAUUSD,932200,117,117,117,119,119,0.01,2606.92,2624.35,2572.06,2606.92,2607.05,13,0.0075,R2_H1_EMA_PULLBACK_REJECTION_SHORT_H1,4
h4_d1_long_best_box2_atr80::BT_A1_XAU_ROUTER_V1_R1_LONG_BOX2_PREVHEALTH::1025742::XAUUSD::932200::172,h4_d1_long_best_box2_atr80,R1,UPTREND,LONG,2025.01.15 20:00:00,2025.01.15 20:00:00,2025.01.24 01:56:12,BT_A1_XAU_ROUTER_V1_R1_LONG_BOX2_PREVHEALTH,1025742,XAUUSD,932200,172,172,172,178,178,0.01,2696.47,2657.09,2775.23,2696.33,2696.47,14,0.0036,D1_COMPRESSION_H4_EXPANSION_LONG,5
h4_d1_long_best_box2_atr80::BT_A1_XAU_ROUTER_V1_R1_LONG_BOX2_PREVHEALTH::1025742::XAUUSD::932200::173,h4_d1_long_best_box2_atr80,R1,UPTREND,LONG,2025.01.16 16:00:00,2025.01.16 16:00:00,2025.02.04 13:49:42,BT_A1_XAU_ROUTER_V1_R1_LONG_BOX2_PREVHEALTH,1025742,XAUUSD,932200,173,173,173,189,189,0.01,2720.48,2660.04,2841.36,2720.40,2720.48,8,0.0013,D1_COMPRESSION_H4_EXPANSION_LONG,5
r1_h1_pullback_long_v1::BT_A1_XAU_R1_PULLBACK_LONG_V2_M15_SESSION_09_15::1025742::XAUUSD::932200::528,r1_h1_pullback_long_v1,R1,UPTREND,LONG,2025.01.20 09:30:00,2025.01.20 09:30:00,2025.01.20 12:37:41,BT_A1_XAU_R1_PULLBACK_LONG_V2_M15_SESSION_09_15,1025742,XAUUSD,932200,528,528,528,533,533,0.01,2709.09,2702.06,2723.14,2708.98,2709.09,11,0.0157,R1_H1_EMA_PULLBACK_LONG_M15,4
r1_h1_pullback_long_v1::BT_A1_XAU_R1_PULLBACK_LONG_V2_M15_SESSION_09_15::1025742::XAUUSD::932200::529,r1_h1_pullback_long_v1,R1,UPTREND,LONG,2025.01.20 10:15:00,2025.01.20 10:15:00,2025.01.20 12:35:37,BT_A1_XAU_R1_PULLBACK_LONG_V2_M15_SESSION_09_15,1025742,XAUUSD,932200,529,529,529,532,532,0.01,2711.39,2703.98,2726.20,2711.25,2711.39,14,0.0189,R1_H1_EMA_PULLBACK_LONG_M15,4
r1_h1_pullback_long_v1::BT_A1_XAU_R1_PULLBACK_LONG_V2_M15_SESSION_09_15::1025742::XAUUSD::932200::530,r1_h1_pullback_long_v1,R1,UPTREND,LONG,2025.01.20 12:15:00,2025.01.20 12:15:00,2025.01.20 12:33:36,BT_A1_XAU_R1_PULLBACK_LONG_V2_M15_SESSION_09_15,1025742,XAUUSD,932200,530,530,530,531,531,0.01,2709.04,2705.53,2716.05,2708.93,2709.04,11,0.0314,R1_H1_EMA_PULLBACK_LONG_M15,4
r1_h1_pullback_long_v1::BT_A1_XAU_R1_PULLBACK_LONG_V2_M15_SESSION_09_15::1025742::XAUUSD::932200::534,r1_h1_pullback_long_v1,R1,UPTREND,LONG,2025.01.20 14:45:00,2025.01.20 14:45:00,2025.01.20 15:24:30,BT_A1_XAU_R1_PULLBACK_LONG_V2_M15_SESSION_09_15,1025742,XAUUSD,932200,534,534,534,535,535,0.01,2709.03,2704.46,2718.16,2708.88,2709.03,15,0.0328,R1_H1_EMA_PULLBACK_LONG_M15,4
h4_d1_long_best_box2_atr80::BT_A1_XAU_ROUTER_V1_R1_LONG_BOX2_PREVHEALTH::1025742::XAUUSD::932200::174,h4_d1_long_best_box2_atr80,R1,UPTREND,LONG,2025.01.21 04:00:00,2025.01.21 04:00:00,2025.01.31 11:16:39,BT_A1_XAU_ROUTER_V1_R1_LONG_BOX2_PREVHEALTH,1025742,XAUUSD,932200,174,174,174,187,187,0.01,2727.73,2689.59,2804.01,2727.59,2727.73,14,0.0037,D1_COMPRESSION_H4_EXPANSION_LONG,5
r1_h1_pullback_long_v1::BT_A1_XAU_R1_PULLBACK_LONG_V2_M15_SESSION_09_15::1025742::XAUUSD::932200::536,r1_h1_pullback_long_v1,R1,UPTREND,LONG,2025.01.21 09:30:00,2025.01.21 09:30:00,2025.01.21 13:56:28,BT_A1_XAU_R1_PULLBACK_LONG_V2_M15_SESSION_09_15,1025742,XAUUSD,932200,536,536,536,543,543,0.01,2723.12,2716.16,2737.05,2723.00,2723.12,12,0.0172,R1_H1_EMA_PULLBACK_LONG_M15,5
r1_h1_pullback_long_v1::BT_A1_XAU_R1_PULLBACK_LONG_V2_M15_SESSION_09_15::1025742::XAUUSD::932200::537,r1_h1_pullback_long_v1,R1,UPTREND,LONG,2025.01.21 10:45:00,2025.01.21 10:45:00,2025.01.21 13:43:37,BT_A1_XAU_R1_PULLBACK_LONG_V2_M15_SESSION_09_15,1025742,XAUUSD,932200,537,537,537,542,542,0.01,2721.73,2715.67,2733.85,2721.61,2721.73,12,0.0198,R1_H1_EMA_PULLBACK_LONG_M15,5
r1_h1_pullback_long_v1::BT_A1_XAU_R1_PULLBACK_LONG_V2_M15_SESSION_09_15::1025742::XAUUSD::932200::538,r1_h1_pullback_long_v1,R1,UPTREND,LONG,2025.01.21 11:00:00,2025.01.21 11:00:00,2025.01.21 15:17:38,BT_A1_XAU_R1_PULLBACK_LONG_V2_M15_SESSION_09_15,1025742,XAUUSD,932200,538,538,538,544,544,0.01,2724.37,2715.84,2741.43,2724.24,2724.37,13,0.0152,R1_H1_EMA_PULLBACK_LONG_M15,5
r1_h1_pullback_long_v1::BT_A1_XAU_R1_PULLBACK_LONG_V2_M15_SESSION_09_15::1025742::XAUUSD::932200::539,r1_h1_pullback_long_v1,R1,UPTREND,LONG,2025.01.21 11:30:00,2025.01.21 11:30:00,2025.01.21 23:43:26,BT_A1_XAU_R1_PULLBACK_LONG_V2_M15_SESSION_09_15,1025742,XAUUSD,932200,539,539,539,546,546,0.01,2725.86,2715.77,2746.04,2725.74,2725.86,12,0.0119,R1_H1_EMA_PULLBACK_LONG_M15,5
r1_h1_pullback_long_v1::BT_A1_XAU_R1_PULLBACK_LONG_V2_M15_SESSION_09_15::1025742::XAUUSD::932200::540,r1_h1_pullback_long_v1,R1,UPTREND,LONG,2025.01.21 11:45:00,2025.01.21 11:45:00,2025.01.22 02:35:14,BT_A1_XAU_R1_PULLBACK_LONG_V2_M15_SESSION_09_15,1025742,XAUUSD,932200,540,540,540,547,547,0.01,2727.27,2715.86,2750.09,2727.14,2727.27,13,0.0114,R1_H1_EMA_PULLBACK_LONG_M15,5
r1_h1_pullback_long_v1::BT_A1_XAU_R1_PULLBACK_LONG_V2_M15_SESSION_09_15::1025742::XAUUSD::932200::541,r1_h1_pullback_long_v1,R1,UPTREND,LONG,2025.01.21 12:15:00,2025.01.21 12:15:00,2025.01.21 15:20:41,BT_A1_XAU_R1_PULLBACK_LONG_V2_M15_SESSION_09_15,1025742,XAUUSD,932200,541,541,541,545,545,0.01,2728.09,2719.99,2744.29,2727.96,2728.09,13,0.0160,R1_H1_EMA_PULLBACK_LONG_M15,5
h4_d1_long_best_box2_atr80::BT_A1_XAU_ROUTER_V1_R1_LONG_BOX2_PREVHEALTH::1025742::XAUUSD::932200::175,h4_d1_long_best_box2_atr80,R1,UPTREND,LONG,2025.01.21 16:00:00,2025.01.21 16:00:00,2025.02.05 01:10:34,BT_A1_XAU_ROUTER_V1_R1_LONG_BOX2_PREVHEALTH,1025742,XAUUSD,932200,175,175,175,192,192,0.01,2743.27,2689.39,2851.03,2743.14,2743.27,13,0.0024,D1_COMPRESSION_H4_EXPANSION_LONG,5
h4_d1_long_best_box2_atr80::BT_A1_XAU_ROUTER_V1_R1_LONG_BOX2_PREVHEALTH::1025742::XAUUSD::932200::176,h4_d1_long_best_box2_atr80,R1,UPTREND,LONG,2025.01.22 04:00:00,2025.01.22 04:00:00,2025.02.05 14:45:40,BT_A1_XAU_ROUTER_V1_R1_LONG_BOX2_PREVHEALTH,1025742,XAUUSD,932200,176,176,176,197,197,0.01,2752.38,2689.48,2878.18,2752.25,2752.38,13,0.0021,D1_COMPRESSION_H4_EXPANSION_LONG,5
h4_d1_long_best_box2_atr80::BT_A1_XAU_ROUTER_V1_R1_LONG_BOX2_PREVHEALTH::1025742::XAUUSD::932200::177,h4_d1_long_best_box2_atr80,R1,UPTREND,LONG,2025.01.22 12:00:00,2025.01.22 12:00:00,2025.02.10 06:56:27,BT_A1_XAU_ROUTER_V1_R1_LONG_BOX2_PREVHEALTH,1025742,XAUUSD,932200,177,177,177,198,198,0.01,2758.27,2689.38,2896.05,2758.14,2758.27,13,0.0019,D1_COMPRESSION_H4_EXPANSION_LONG,5
r1_h1_pullback_long_v1::BT_A1_XAU_R1_PULLBACK_LONG_V2_M15_SESSION_09_15::1025742::XAUUSD::932200::548,r1_h1_pullback_long_v1,R1,UPTREND,LONG,2025.01.22 13:00:00,2025.01.22 13:00:00,2025.01.23 02:22:33,BT_A1_XAU_R1_PULLBACK_LONG_V2_M15_SESSION_09_15,1025742,XAUUSD,932200,548,548,548,551,551,0.01,2757.77,2750.18,2772.95,2757.64,2757.77,13,0.0171,R1_H1_EMA_PULLBACK_LONG_M15,4
r1_h1_pullback_long_v1::BT_A1_XAU_R1_PULLBACK_LONG_V2_M15_SESSION_09_15::1025742::XAUUSD::932200::549,r1_h1_pullback_long_v1,R1,UPTREND,LONG,2025.01.22 14:30:00,2025.01.22 14:30:00,2025.01.23 08:20:38,BT_A1_XAU_R1_PULLBACK_LONG_V2_M15_SESSION_09_15,1025742,XAUUSD,932200,549,549,549,553,553,0.01,2754.36,2749.15,2764.79,2754.23,2754.36,13,0.0249,R1_H1_EMA_PULLBACK_LONG_M15,4
r1_h1_pullback_long_v1::BT_A1_XAU_R1_PULLBACK_LONG_V2_M15_SESSION_09_15::1025742::XAUUSD::932200::550,r1_h1_pullback_long_v1,R1,UPTREND,LONG,2025.01.22 14:45:00,2025.01.22 14:45:00,2025.01.23 08:20:37,BT_A1_XAU_R1_PULLBACK_LONG_V2_M15_SESSION_09_15,1025742,XAUUSD,932200,550,550,550,552,552,0.01,2756.28,2749.31,2770.22,2756.14,2756.28,14,0.0201,R1_H1_EMA_PULLBACK_LONG_M15,4
h4_d1_long_best_box2_atr80::BT_A1_XAU_ROUTER_V1_R1_LONG_BOX2_PREVHEALTH::1025742::XAUUSD::932200::179,h4_d1_long_best_box2_atr80,R1,UPTREND,LONG,2025.01.24 04:00:00,2025.01.24 04:00:00,2025.01.27 15:51:17,BT_A1_XAU_ROUTER_V1_R1_LONG_BOX2_PREVHEALTH,1025742,XAUUSD,932200,179,179,179,181,181,0.01,2772.42,2735.92,2845.42,2772.30,2772.42,12,0.0033,D1_COMPRESSION_H4_EXPANSION_LONG,4
h4_d1_long_best_box2_atr80::BT_A1_XAU_ROUTER_V1_R1_LONG_BOX2_PREVHEALTH::1025742::XAUUSD::932200::180,h4_d1_long_best_box2_atr80,R1,UPTREND,LONG,2025.01.24 12:00:00,2025.01.24 12:00:00,2025.01.27 15:51:18,BT_A1_XAU_ROUTER_V1_R1_LONG_BOX2_PREVHEALTH,1025742,XAUUSD,932200,180,180,180,182,182,0.01,2778.80,2735.71,2864.98,2778.68,2778.80,12,0.0028,D1_COMPRESSION_H4_EXPANSION_LONG,4
h4_d1_long_best_box2_atr80::BT_A1_XAU_ROUTER_V1_R1_LONG_BOX2_PREVHEALTH::1025742::XAUUSD::932200::183,h4_d1_long_best_box2_atr80,R1,UPTREND,LONG,2025.01.30 08:00:00,2025.01.30 08:00:00,2025.02.05 04:48:28,BT_A1_XAU_ROUTER_V1_R1_LONG_BOX2_PREVHEALTH,1025742,XAUUSD,932200,183,183,183,194,194,0.01,2776.66,2735.26,2859.46,2776.50,2776.66,16,0.0039,D1_COMPRESSION_H4_EXPANSION_LONG,5
h4_d1_long_best_box2_atr80::BT_A1_XAU_ROUTER_V1_R1_LONG_BOX2_PREVHEALTH::1025742::XAUUSD::932200::184,h4_d1_long_best_box2_atr80,R1,UPTREND,LONG,2025.01.30 12:00:00,2025.01.30 12:00:00,2025.02.05 08:42:27,BT_A1_XAU_ROUTER_V1_R1_LONG_BOX2_PREVHEALTH,1025742,XAUUSD,932200,184,184,184,196,196,0.01,2780.14,2734.87,2870.68,2780.06,2780.14,8,0.0018,D1_COMPRESSION_H4_EXPANSION_LONG,5
h4_d1_long_best_box2_atr80::BT_A1_XAU_ROUTER_V1_R1_LONG_BOX2_PREVHEALTH::1025742::XAUUSD::932200::185,h4_d1_long_best_box2_atr80,R1,UPTREND,LONG,2025.01.30 16:00:00,2025.01.30 16:00:00,2025.02.10 08:37:34,BT_A1_XAU_ROUTER_V1_R1_LONG_BOX2_PREVHEALTH,1025742,XAUUSD,932200,185,185,185,200,200,0.01,2791.25,2735.48,2902.79,2791.20,2791.25,5,0.0009,D1_COMPRESSION_H4_EXPANSION_LONG,5
h4_d1_long_best_box2_atr80::BT_A1_XAU_ROUTER_V1_R1_LONG_BOX2_PREVHEALTH::1025742::XAUUSD::932200::186,h4_d1_long_best_box2_atr80,R1,UPTREND,LONG,2025.01.30 20:00:00,2025.01.30 20:00:00,2025.02.10 22:35:38,BT_A1_XAU_ROUTER_V1_R1_LONG_BOX2_PREVHEALTH,1025742,XAUUSD,932200,186,186,186,203,203,0.01,2795.76,2734.89,2917.50,2795.53,2795.76,23,0.0038,D1_COMPRESSION_H4_EXPANSION_LONG,5
r1_h1_pullback_long_v1::BT_A1_XAU_R1_PULLBACK_LONG_V2_M15_SESSION_09_15::1025742::XAUUSD::932200::554,r1_h1_pullback_long_v1,R1,UPTREND,LONG,2025.01.31 09:30:00,2025.01.31 09:30:00,2025.01.31 11:00:37,BT_A1_XAU_R1_PULLBACK_LONG_V2_M15_SESSION_09_15,1025742,XAUUSD,932200,554,554,554,558,558,0.01,2794.38,2790.88,2801.38,2794.33,2794.38,5,0.0143,R1_H1_EMA_PULLBACK_LONG_M15,5
r1_h1_pullback_long_v1::BT_A1_XAU_R1_PULLBACK_LONG_V2_M15_SESSION_09_15::1025742::XAUUSD::932200::555,r1_h1_pullback_long_v1,R1,UPTREND,LONG,2025.01.31 10:00:00,2025.01.31 10:00:00,2025.01.31 11:04:36,BT_A1_XAU_R1_PULLBACK_LONG_V2_M15_SESSION_09_15,1025742,XAUUSD,932200,555,555,555,559,559,0.01,2794.39,2790.43,2802.32,2794.28,2794.39,11,0.0278,R1_H1_EMA_PULLBACK_LONG_M15,5
r1_h1_pullback_long_v1::BT_A1_XAU_R1_PULLBACK_LONG_V2_M15_SESSION_09_15::1025742::XAUUSD::932200::556,r1_h1_pullback_long_v1,R1,UPTREND,LONG,2025.01.31 10:30:00,2025.01.31 10:30:00,2025.01.31 13:42:40,BT_A1_XAU_R1_PULLBACK_LONG_V2_M15_SESSION_09_15,1025742,XAUUSD,932200,556,556,556,562,562,0.01,2796.68,2790.44,2809.16,2796.55,2796.68,13,0.0208,R1_H1_EMA_PULLBACK_LONG_M15,5
r1_h1_pullback_long_v1::BT_A1_XAU_R1_PULLBACK_LONG_V2_M15_SESSION_09_15::1025742::XAUUSD::932200::557,r1_h1_pullback_long_v1,R1,UPTREND,LONG,2025.01.31 11:00:00,2025.01.31 11:00:00,2025.02.02 22:24:35,BT_A1_XAU_R1_PULLBACK_LONG_V2_M15_SESSION_09_15,1025742,XAUUSD,932200,557,557,557,565,565,0.01,2800.20,2790.37,2819.87,2800.15,2800.20,5,0.0051,R1_H1_EMA_PULLBACK_LONG_M15,4
r1_h1_pullback_long_v1::BT_A1_XAU_R1_PULLBACK_LONG_V2_M15_SESSION_09_15::1025742::XAUUSD::932200::560,r1_h1_pullback_long_v1,R1,UPTREND,LONG,2025.01.31 11:15:00,2025.01.31 11:15:00,2025.02.02 22:24:27,BT_A1_XAU_R1_PULLBACK_LONG_V2_M15_SESSION_09_15,1025742,XAUUSD,932200,560,560,560,564,564,0.01,2801.99,2791.24,2823.49,2801.85,2801.99,14,0.0130,R1_H1_EMA_PULLBACK_LONG_M15,4
r1_h1_pullback_long_v1::BT_A1_XAU_R1_PULLBACK_LONG_V2_M15_SESSION_09_15::1025742::XAUUSD::932200::561,r1_h1_pullback_long_v1,R1,UPTREND,LONG,2025.01.31 11:30:00,2025.01.31 11:30:00,2025.02.02 22:22:13,BT_A1_XAU_R1_PULLBACK_LONG_V2_M15_SESSION_09_15,1025742,XAUUSD,932200,561,561,561,563,563,0.01,2805.59,2791.97,2832.83,2805.47,2805.59,12,0.0088,R1_H1_EMA_PULLBACK_LONG_M15,4
h4_d1_long_best_box2_atr80::BT_A1_XAU_ROUTER_V1_R1_LONG_BOX2_PREVHEALTH::1025742::XAUUSD::932200::188,h4_d1_long_best_box2_atr80,R1,UPTREND,LONG,2025.01.31 12:00:00,2025.01.31 12:00:00,2025.02.11 00:11:32,BT_A1_XAU_ROUTER_V1_R1_LONG_BOX2_PREVHEALTH,1025742,XAUUSD,932200,188,188,188,204,204,0.01,2805.88,2744.90,2927.84,2805.83,2805.88,5,0.0008,D1_COMPRESSION_H4_EXPANSION_LONG,5
r1_h1_pullback_long_v1::BT_A1_XAU_R1_PULLBACK_LONG_V2_M15_SESSION_09_15::1025742::XAUUSD::932200::566,r1_h1_pullback_long_v1,R1,UPTREND,LONG,2025.02.03 10:45:00,2025.02.03 10:45:00,2025.02.03 13:35:29,BT_A1_XAU_R1_PULLBACK_LONG_V2_M15_SESSION_09_15,1025742,XAUUSD,932200,566,566,566,568,568,0.01,2800.19,2792.14,2816.29,2800.07,2800.19,12,0.0149,R1_H1_EMA_PULLBACK_LONG_M15,5
r1_h1_pullback_long_v1::BT_A1_XAU_R1_PULLBACK_LONG_V2_M15_SESSION_09_15::1025742::XAUUSD::932200::567,r1_h1_pullback_long_v1,R1,UPTREND,LONG,2025.02.03 11:00:00,2025.02.03 11:00:00,2025.02.03 13:45:14,BT_A1_XAU_R1_PULLBACK_LONG_V2_M15_SESSION_09_15,1025742,XAUUSD,932200,567,567,567,569,569,0.01,2801.53,2792.48,2819.63,2801.41,2801.53,12,0.0133,R1_H1_EMA_PULLBACK_LONG_M15,5
r1_h1_pullback_long_v1::BT_A1_XAU_R1_PULLBACK_LONG_V2_M15_SESSION_09_15::1025742::XAUUSD::932200::570,r1_h1_pullback_long_v1,R1,UPTREND,LONG,2025.02.04 10:30:00,2025.02.04 10:30:00,2025.02.04 11:53:35,BT_A1_XAU_R1_PULLBACK_LONG_V2_M15_SESSION_09_15,1025742,XAUUSD,932200,570,570,570,573,573,0.01,2815.46,2811.96,2822.46,2815.40,2815.46,6,0.0171,R1_H1_EMA_PULLBACK_LONG_M15,5
r1_h1_pullback_long_v1::BT_A1_XAU_R1_PULLBACK_LONG_V2_M15_SESSION_09_15::1025742::XAUUSD::932200::571,r1_h1_pullback_long_v1,R1,UPTREND,LONG,2025.02.04 11:15:00,2025.02.04 11:15:00,2025.02.04 12:18:28,BT_A1_XAU_R1_PULLBACK_LONG_V2_M15_SESSION_09_15,1025742,XAUUSD,932200,571,571,571,576,576,0.01,2816.84,2812.61,2825.30,2816.77,2816.84,7,0.0165,R1_H1_EMA_PULLBACK_LONG_M15,5
r1_h1_pullback_long_v1::BT_A1_XAU_R1_PULLBACK_LONG_V2_M15_SESSION_09_15::1025742::XAUUSD::932200::572,r1_h1_pullback_long_v1,R1,UPTREND,LONG,2025.02.04 11:30:00,2025.02.04 11:30:00,2025.02.04 12:23:38,BT_A1_XAU_R1_PULLBACK_LONG_V2_M15_SESSION_09_15,1025742,XAUUSD,932200,572,572,572,577,577,0.01,2819.29,2812.58,2832.71,2819.24,2819.29,5,0.0075,R1_H1_EMA_PULLBACK_LONG_M15,5
r1_h1_pullback_long_v1::BT_A1_XAU_R1_PULLBACK_LONG_V2_M15_SESSION_09_15::1025742::XAUUSD::932200::574,r1_h1_pullback_long_v1,R1,UPTREND,LONG,2025.02.04 12:00:00,2025.02.04 12:00:00,2025.02.04 13:32:17,BT_A1_XAU_R1_PULLBACK_LONG_V2_M15_SESSION_09_15,1025742,XAUUSD,932200,574,574,574,579,579,0.01,2821.99,2813.78,2838.42,2821.94,2821.99,5,0.0061,R1_H1_EMA_PULLBACK_LONG_M15,5
r1_h1_pullback_long_v1::BT_A1_XAU_R1_PULLBACK_LONG_V2_M15_SESSION_09_15::1025742::XAUUSD::932200::575,r1_h1_pullback_long_v1,R1,UPTREND,LONG,2025.02.04 12:15:00,2025.02.04 12:15:00,2025.02.04 14:33:42,BT_A1_XAU_R1_PULLBACK_LONG_V2_M15_SESSION_09_15,1025742,XAUUSD,932200,575,575,575,580,580,0.01,2824.01,2813.68,2844.66,2823.96,2824.01,5,0.0048,R1_H1_EMA_PULLBACK_LONG_M15,5
r1_h1_pullback_long_v1::BT_A1_XAU_R1_PULLBACK_LONG_V2_M15_SESSION_09_15::1025742::XAUUSD::932200::578,r1_h1_pullback_long_v1,R1,UPTREND,LONG,2025.02.04 12:30:00,2025.02.04 12:30:00,2025.02.05 14:46:18,BT_A1_XAU_R1_PULLBACK_LONG_V2_M15_SESSION_09_15,1025742,XAUUSD,932200,578,578,578,581,581,0.01,2835.27,2813.79,2878.24,2835.22,2835.27,5,0.0023,R1_H1_EMA_PULLBACK_LONG_M15,5
h4_d1_long_best_box2_atr80::BT_A1_XAU_ROUTER_V1_R1_LONG_BOX2_PREVHEALTH::1025742::XAUUSD::932200::190,h4_d1_long_best_box2_atr80,R1,UPTREND,LONG,2025.02.04 16:00:00,2025.02.04 16:00:00,2025.03.13 14:39:38,BT_A1_XAU_ROUTER_V1_R1_LONG_BOX2_PREVHEALTH,1025742,XAUUSD,932200,190,190,190,208,208,0.01,2840.57,2772.28,2977.15,2840.45,2840.57,12,0.0018,D1_COMPRESSION_H4_EXPANSION_LONG,5
h4_d1_long_best_box2_atr80::BT_A1_XAU_ROUTER_V1_R1_LONG_BOX2_PREVHEALTH::1025742::XAUUSD::932200::191,h4_d1_long_best_box2_atr80,R1,UPTREND,LONG,2025.02.04 20:00:00,2025.02.04 20:00:00,2025.03.13 19:49:35,BT_A1_XAU_ROUTER_V1_R1_LONG_BOX2_PREVHEALTH,1025742,XAUUSD,932200,191,191,191,209,209,0.01,2844.40,2772.44,2988.32,2844.22,2844.40,18,0.0025,D1_COMPRESSION_H4_EXPANSION_LONG,5
h4_d1_long_best_box2_atr80::BT_A1_XAU_ROUTER_V1_R1_LONG_BOX2_PREVHEALTH::1025742::XAUUSD::932200::193,h4_d1_long_best_box2_atr80,R1,UPTREND,LONG,2025.02.05 04:00:00,2025.02.05 04:00:00,2025.03.18 07:22:37,BT_A1_XAU_ROUTER_V1_R1_LONG_BOX2_PREVHEALTH,1025742,XAUUSD,932200,193,193,193,211,211,0.01,2855.72,2772.70,3021.76,2855.36,2855.72,36,0.0043,D1_COMPRESSION_H4_EXPANSION_LONG,5
h4_d1_long_best_box2_atr80::BT_A1_XAU_ROUTER_V1_R1_LONG_BOX2_PREVHEALTH::1025742::XAUUSD::932200::195,h4_d1_long_best_box2_atr80,R1,UPTREND,LONG,2025.02.05 08:00:00,2025.02.05 08:00:00,2025.03.27 13:48:41,BT_A1_XAU_ROUTER_V1_R1_LONG_BOX2_PREVHEALTH,1025742,XAUUSD,932200,195,195,195,215,215,0.01,2867.55,2772.22,3058.21,2867.43,2867.55,12,0.0013,D1_COMPRESSION_H4_EXPANSION_LONG,5
r1_h1_pullback_long_v1::BT_A1_XAU_R1_PULLBACK_LONG_V2_M15_SESSION_09_15::1025742::XAUUSD::932200::582,r1_h1_pullback_long_v1,R1,UPTREND,LONG,2025.02.07 10:00:00,2025.02.07 10:00:00,2025.02.07 12:11:29,BT_A1_XAU_R1_PULLBACK_LONG_V2_M15_SESSION_09_15,1025742,XAUUSD,932200,582,582,582,583,583,0.01,2867.54,2862.80,2877.03,2867.42,2867.54,12,0.0253,R1_H1_EMA_PULLBACK_LONG_M15,4
r1_h1_pullback_long_v1::BT_A1_XAU_R1_PULLBACK_LONG_V2_M15_SESSION_09_15::1025742::XAUUSD::932200::584,r1_h1_pullback_long_v1,R1,UPTREND,LONG,2025.02.07 12:30:00,2025.02.07 12:30:00,2025.02.07 12:30:41,BT_A1_XAU_R1_PULLBACK_LONG_V2_M15_SESSION_09_15,1025742,XAUUSD,932200,584,584,584,585,585,0.01,2865.61,2860.84,2875.16,2865.49,2865.61,12,0.0251,R1_H1_EMA_PULLBACK_LONG_M15,4
h4_d1_long_best_box2_atr80::BT_A1_XAU_ROUTER_V1_R1_LONG_BOX2_PREVHEALTH::1025742::XAUUSD::932200::199,h4_d1_long_best_box2_atr80,R1,UPTREND,LONG,2025.02.10 08:00:00,2025.02.10 08:00:00,2025.02.28 07:44:35,BT_A1_XAU_ROUTER_V1_R1_LONG_BOX2_PREVHEALTH,1025742,XAUUSD,932200,199,199,199,205,205,0.01,2896.90,2852.61,2985.48,2896.79,2896.90,11,0.0025,D1_COMPRESSION_H4_EXPANSION_LONG,4
h4_d1_long_best_box2_atr80::BT_A1_XAU_ROUTER_V1_R1_LONG_BOX2_PREVHEALTH::1025742::XAUUSD::932200::201,h4_d1_long_best_box2_atr80,R1,UPTREND,LONG,2025.02.10 12:00:00,2025.02.10 12:00:00,2025.02.28 07:44:38,BT_A1_XAU_ROUTER_V1_R1_LONG_BOX2_PREVHEALTH,1025742,XAUUSD,932200,201,201,201,207,207,0.01,2902.80,2852.31,3003.78,2902.65,2902.80,15,0.0030,D1_COMPRESSION_H4_EXPANSION_LONG,4
h4_d1_long_best_box2_atr80::BT_A1_XAU_ROUTER_V1_R1_LONG_BOX2_PREVHEALTH::1025742::XAUUSD::932200::202,h4_d1_long_best_box2_atr80,R1,UPTREND,LONG,2025.02.10 20:00:00,2025.02.10 20:00:00,2025.02.28 07:44:38,BT_A1_XAU_ROUTER_V1_R1_LONG_BOX2_PREVHEALTH,1025742,XAUUSD,932200,202,202,202,206,206,0.01,2907.46,2852.36,3017.66,2907.31,2907.46,15,0.0027,D1_COMPRESSION_H4_EXPANSION_LONG,4
r1_h1_pullback_long_v1::BT_A1_XAU_R1_PULLBACK_LONG_V2_M15_SESSION_09_15::1025742::XAUUSD::932200::586,r1_h1_pullback_long_v1,R1,UPTREND,LONG,2025.02.20 11:45:00,2025.02.20 11:45:00,2025.02.20 12:45:26,BT_A1_XAU_R1_PULLBACK_LONG_V2_M15_SESSION_09_15,1025742,XAUUSD,932200,586,586,586,587,587,0.01,2944.39,2938.26,2956.66,2944.28,2944.39,11,0.0179,R1_H1_EMA_PULLBACK_LONG_M15,4
r1_h1_pullback_long_v1::BT_A1_XAU_R1_PULLBACK_LONG_V2_M15_SESSION_09_15::1025742::XAUUSD::932200::588,r1_h1_pullback_long_v1,R1,UPTREND,LONG,2025.02.24 10:30:00,2025.02.24 10:30:00,2025.02.24 14:03:37,BT_A1_XAU_R1_PULLBACK_LONG_V2_M15_SESSION_09_15,1025742,XAUUSD,932200,588,588,588,591,591,0.01,2942.44,2934.20,2958.92,2942.29,2942.44,15,0.0182,R1_H1_EMA_PULLBACK_LONG_M15,4
r1_h1_pullback_long_v1::BT_A1_XAU_R1_PULLBACK_LONG_V2_M15_SESSION_09_15::1025742::XAUUSD::932200::589,r1_h1_pullback_long_v1,R1,UPTREND,LONG,2025.02.24 10:45:00,2025.02.24 10:45:00,2025.02.24 14:03:37,BT_A1_XAU_R1_PULLBACK_LONG_V2_M15_SESSION_09_15,1025742,XAUUSD,932200,589,589,589,592,592,0.01,2944.80,2934.22,2965.95,2944.65,2944.80,15,0.0142,R1_H1_EMA_PULLBACK_LONG_M15,4
r1_h1_pullback_long_v1::BT_A1_XAU_R1_PULLBACK_LONG_V2_M15_SESSION_09_15::1025742::XAUUSD::932200::590,r1_h1_pullback_long_v1,R1,UPTREND,LONG,2025.02.24 11:00:00,2025.02.24 11:00:00,2025.02.24 14:03:37,BT_A1_XAU_R1_PULLBACK_LONG_V2_M15_SESSION_09_15,1025742,XAUUSD,932200,590,590,590,593,593,0.01,2947.88,2934.16,2975.32,2947.73,2947.88,15,0.0109,R1_H1_EMA_PULLBACK_LONG_M15,4
r1_h1_pullback_long_v1::BT_A1_XAU_R1_PULLBACK_LONG_V2_M15_SESSION_09_15::1025742::XAUUSD::932200::594,r1_h1_pullback_long_v1,R1,UPTREND,LONG,2025.03.13 12:30:00,2025.03.13 12:30:00,2025.03.13 13:40:54,BT_A1_XAU_R1_PULLBACK_LONG_V2_M15_SESSION_09_15,1025742,XAUUSD,932200,594,594,594,597,597,0.01,2945.17,2938.47,2958.57,2945.02,2945.17,15,0.0224,R1_H1_EMA_PULLBACK_LONG_M15,5
r1_h1_pullback_long_v1::BT_A1_XAU_R1_PULLBACK_LONG_V2_M15_SESSION_09_15::1025742::XAUUSD::932200::595,r1_h1_pullback_long_v1,R1,UPTREND,LONG,2025.03.13 12:45:00,2025.03.13 12:45:00,2025.03.13 15:10:02,BT_A1_XAU_R1_PULLBACK_LONG_V2_M15_SESSION_09_15,1025742,XAUUSD,932200,595,595,595,598,598,0.01,2952.25,2938.51,2979.74,2952.12,2952.25,13,0.0095,R1_H1_EMA_PULLBACK_LONG_M15,5
r1_h1_pullback_long_v1::BT_A1_XAU_R1_PULLBACK_LONG_V2_M15_SESSION_09_15::1025742::XAUUSD::932200::596,r1_h1_pullback_long_v1,R1,UPTREND,LONG,2025.03.13 13:15:00,2025.03.13 13:15:00,2025.03.13 15:39:28,BT_A1_XAU_R1_PULLBACK_LONG_V2_M15_SESSION_09_15,1025742,XAUUSD,932200,596,596,596,599,599,0.01,2953.11,2938.32,2982.70,2952.96,2953.11,15,0.0101,R1_H1_EMA_PULLBACK_LONG_M15,5
r1_h1_pullback_long_v1::BT_A1_XAU_R1_PULLBACK_LONG_V2_M15_SESSION_09_15::1025742::XAUUSD::932200::600,r1_h1_pullback_long_v1,R1,UPTREND,LONG,2025.03.14 13:15:00,2025.03.14 13:15:00,2025.03.14 14:02:37,BT_A1_XAU_R1_PULLBACK_LONG_V2_M15_SESSION_09_15,1025742,XAUUSD,932200,600,600,600,601,601,0.01,2990.63,2981.67,3008.55,2990.48,2990.63,15,0.0167,R1_H1_EMA_PULLBACK_LONG_M15,4
r1_h1_pullback_long_v1::BT_A1_XAU_R1_PULLBACK_LONG_V2_M15_SESSION_09_15::1025742::XAUUSD::932200::602,r1_h1_pullback_long_v1,R1,UPTREND,LONG,2025.03.17 09:15:00,2025.03.17 09:15:00,2025.03.17 11:23:25,BT_A1_XAU_R1_PULLBACK_LONG_V2_M15_SESSION_09_15,1025742,XAUUSD,932200,602,602,602,603,603,0.01,2996.89,2985.87,3018.93,2996.74,2996.89,15,0.0136,R1_H1_EMA_PULLBACK_LONG_M15,4
h4_d1_long_best_box2_atr80::BT_A1_XAU_ROUTER_V1_R1_LONG_BOX2_PREVHEALTH::1025742::XAUUSD::932200::210,h4_d1_long_best_box2_atr80,R1,UPTREND,LONG,2025.03.18 04:00:00,2025.03.18 04:00:00,2025.03.28 04:44:15,BT_A1_XAU_ROUTER_V1_R1_LONG_BOX2_PREVHEALTH,1025742,XAUUSD,932200,210,210,210,217,217,0.01,3014.60,2982.29,3079.22,3014.45,3014.60,15,0.0046,D1_COMPRESSION_H4_EXPANSION_LONG,5
h4_d1_long_best_box2_atr80::BT_A1_XAU_ROUTER_V1_R1_LONG_BOX2_PREVHEALTH::1025742::XAUUSD::932200::212,h4_d1_long_best_box2_atr80,R1,UPTREND,LONG,2025.03.18 08:00:00,2025.03.18 08:00:00,2025.03.31 04:53:29,BT_A1_XAU_ROUTER_V1_R1_LONG_BOX2_PREVHEALTH,1025742,XAUUSD,932200,212,212,212,219,219,0.01,3027.03,2982.76,3115.57,3026.92,3027.03,11,0.0025,D1_COMPRESSION_H4_EXPANSION_LONG,5
h4_d1_long_best_box2_atr80::BT_A1_XAU_ROUTER_V1_R1_LONG_BOX2_PREVHEALTH::1025742::XAUUSD::932200::213,h4_d1_long_best_box2_atr80,R1,UPTREND,LONG,2025.03.18 12:00:00,2025.03.18 12:00:00,2025.04.01 02:12:00,BT_A1_XAU_ROUTER_V1_R1_LONG_BOX2_PREVHEALTH,1025742,XAUUSD,932200,213,213,213,223,223,0.01,3034.51,2982.43,3138.67,3034.36,3034.51,15,0.0029,D1_COMPRESSION_H4_EXPANSION_LONG,5
r1_h1_pullback_long_v1::BT_A1_XAU_R1_PULLBACK_LONG_V2_M15_SESSION_09_15::1025742::XAUUSD::932200::604,r1_h1_pullback_long_v1,R1,UPTREND,LONG,2025.03.19 10:15:00,2025.03.19 10:15:00,2025.03.19 13:08:14,BT_A1_XAU_R1_PULLBACK_LONG_V2_M15_SESSION_09_15,1025742,XAUUSD,932200,604,604,604,607,607,0.01,3036.55,3027.60,3054.45,3036.40,3036.55,15,0.0168,R1_H1_EMA_PULLBACK_LONG_M15,4
r1_h1_pullback_long_v1::BT_A1_XAU_R1_PULLBACK_LONG_V2_M15_SESSION_09_15::1025742::XAUUSD::932200::605,r1_h1_pullback_long_v1,R1,UPTREND,LONG,2025.03.19 10:30:00,2025.03.19 10:30:00,2025.03.19 13:09:38,BT_A1_XAU_R1_PULLBACK_LONG_V2_M15_SESSION_09_15,1025742,XAUUSD,932200,605,605,605,608,608,0.01,3039.46,3027.52,3063.33,3039.33,3039.46,13,0.0109,R1_H1_EMA_PULLBACK_LONG_M15,4
r1_h1_pullback_long_v1::BT_A1_XAU_R1_PULLBACK_LONG_V2_M15_SESSION_09_15::1025742::XAUUSD::932200::606,r1_h1_pullback_long_v1,R1,UPTREND,LONG,2025.03.19 13:00:00,2025.03.19 13:00:00,2025.03.19 13:23:02,BT_A1_XAU_R1_PULLBACK_LONG_V2_M15_SESSION_09_15,1025742,XAUUSD,932200,606,606,606,609,609,0.01,3033.13,3026.62,3046.14,3032.98,3033.13,15,0.0231,R1_H1_EMA_PULLBACK_LONG_M15,4
h4_d1_long_best_box2_atr80::BT_A1_XAU_ROUTER_V1_R1_LONG_BOX2_PREVHEALTH::1025742::XAUUSD::932200::214,h4_d1_long_best_box2_atr80,R1,UPTREND,LONG,2025.03.27 12:00:00,2025.03.27 12:00:00,2025.04.01 01:44:25,BT_A1_XAU_ROUTER_V1_R1_LONG_BOX2_PREVHEALTH,1025742,XAUUSD,932200,214,214,214,222,222,0.01,3050.63,3008.22,3135.45,3050.48,3050.63,15,0.0035,D1_COMPRESSION_H4_EXPANSION_LONG,5
r1_h1_pullback_long_v1::BT_A1_XAU_R1_PULLBACK_LONG_V2_M15_SESSION_09_15::1025742::XAUUSD::932200::610,r1_h1_pullback_long_v1,R1,UPTREND,LONG,2025.03.27 13:00:00,2025.03.27 13:00:00,2025.03.27 13:39:37,BT_A1_XAU_R1_PULLBACK_LONG_V2_M15_SESSION_09_15,1025742,XAUUSD,932200,610,610,610,613,613,0.01,3040.64,3032.21,3057.50,3040.49,3040.64,15,0.0178,R1_H1_EMA_PULLBACK_LONG_M15,5
r1_h1_pullback_long_v1::BT_A1_XAU_R1_PULLBACK_LONG_V2_M15_SESSION_09_15::1025742::XAUUSD::932200::611,r1_h1_pullback_long_v1,R1,UPTREND,LONG,2025.03.27 13:15:00,2025.03.27 13:15:00,2025.03.28 04:33:31,BT_A1_XAU_R1_PULLBACK_LONG_V2_M15_SESSION_09_15,1025742,XAUUSD,932200,611,611,611,614,614,0.01,3047.34,3032.25,3077.53,3047.29,3047.34,5,0.0033,R1_H1_EMA_PULLBACK_LONG_M15,5
r1_h1_pullback_long_v1::BT_A1_XAU_R1_PULLBACK_LONG_V2_M15_SESSION_09_15::1025742::XAUUSD::932200::612,r1_h1_pullback_long_v1,R1,UPTREND,LONG,2025.03.27 13:30:00,2025.03.27 13:30:00,2025.03.30 22:00:25,BT_A1_XAU_R1_PULLBACK_LONG_V2_M15_SESSION_09_15,1025742,XAUUSD,932200,612,612,612,623,623,0.01,3050.74,3032.09,3088.04,3050.59,3050.74,15,0.0080,R1_H1_EMA_PULLBACK_LONG_M15,5
h4_d1_long_best_box2_atr80::BT_A1_XAU_ROUTER_V1_R1_LONG_BOX2_PREVHEALTH::1025742::XAUUSD::932200::216,h4_d1_long_best_box2_atr80,R1,UPTREND,LONG,2025.03.28 04:00:00,2025.03.28 04:00:00,2025.04.06 22:00:00,BT_A1_XAU_ROUTER_V1_R1_LONG_BOX2_PREVHEALTH,1025742,XAUUSD,932200,216,216,216,229,229,0.01,3074.04,3012.59,3196.94,3073.89,3074.04,15,0.0024,D1_COMPRESSION_H4_EXPANSION_LONG,4
r1_h1_pullback_long_v1::BT_A1_XAU_R1_PULLBACK_LONG_V2_M15_SESSION_09_15::1025742::XAUUSD::932200::615,r1_h1_pullback_long_v1,R1,UPTREND,LONG,2025.03.28 10:00:00,2025.03.28 10:00:00,2025.03.30 22:02:19,BT_A1_XAU_R1_PULLBACK_LONG_V2_M15_SESSION_09_15,1025742,XAUUSD,932200,615,615,615,624,624,0.01,3074.39,3066.02,3091.14,3074.24,3074.39,15,0.0179,R1_H1_EMA_PULLBACK_LONG_M15,5
r1_h1_pullback_long_v1::BT_A1_XAU_R1_PULLBACK_LONG_V2_M15_SESSION_09_15::1025742::XAUUSD::932200::616,r1_h1_pullback_long_v1,R1,UPTREND,LONG,2025.03.28 10:15:00,2025.03.28 10:15:00,2025.03.31 02:09:30,BT_A1_XAU_R1_PULLBACK_LONG_V2_M15_SESSION_09_15,1025742,XAUUSD,932200,616,616,616,626,626,0.01,3076.93,3066.08,3098.63,3076.79,3076.93,14,0.0129,R1_H1_EMA_PULLBACK_LONG_M15,5
r1_h1_pullback_long_v1::BT_A1_XAU_R1_PULLBACK_LONG_V2_M15_SESSION_09_15::1025742::XAUUSD::932200::617,r1_h1_pullback_long_v1,R1,UPTREND,LONG,2025.03.28 10:30:00,2025.03.28 10:30:00,2025.03.31 02:22:26,BT_A1_XAU_R1_PULLBACK_LONG_V2_M15_SESSION_09_15,1025742,XAUUSD,932200,617,617,617,627,627,0.01,3078.64,3066.08,3103.77,3078.49,3078.64,15,0.0119,R1_H1_EMA_PULLBACK_LONG_M15,5
r1_h1_pullback_long_v1::BT_A1_XAU_R1_PULLBACK_LONG_V2_M15_SESSION_09_15::1025742::XAUUSD::932200::618,r1_h1_pullback_long_v1,R1,UPTREND,LONG,2025.03.28 13:00:00,2025.03.28 13:00:00,2025.03.28 13:37:24,BT_A1_XAU_R1_PULLBACK_LONG_V2_M15_SESSION_09_15,1025742,XAUUSD,932200,618,618,618,619,619,0.01,3083.23,3069.54,3110.60,3083.08,3083.23,15,0.0110,R1_H1_EMA_PULLBACK_LONG_M15,4
r1_h1_pullback_long_v1::BT_A1_XAU_R1_PULLBACK_LONG_V2_M15_SESSION_09_15::1025742::XAUUSD::932200::620,r1_h1_pullback_long_v1,R1,UPTREND,LONG,2025.03.28 14:15:00,2025.03.28 14:15:00,2025.03.30 22:02:40,BT_A1_XAU_R1_PULLBACK_LONG_V2_M15_SESSION_09_15,1025742,XAUUSD,932200,620,620,620,625,625,0.01,3074.84,3065.61,3093.30,3074.69,3074.84,15,0.0162,R1_H1_EMA_PULLBACK_LONG_M15,5
r1_h1_pullback_long_v1::BT_A1_XAU_R1_PULLBACK_LONG_V2_M15_SESSION_09_15::1025742::XAUUSD::932200::621,r1_h1_pullback_long_v1,R1,UPTREND,LONG,2025.03.28 14:30:00,2025.03.28 14:30:00,2025.03.31 03:06:24,BT_A1_XAU_R1_PULLBACK_LONG_V2_M15_SESSION_09_15,1025742,XAUUSD,932200,621,621,621,628,628,0.01,3080.11,3065.73,3108.88,3079.96,3080.11,15,0.0104,R1_H1_EMA_PULLBACK_LONG_M15,5
r1_h1_pullback_long_v1::BT_A1_XAU_R1_PULLBACK_LONG_V2_M15_SESSION_09_15::1025742::XAUUSD::932200::622,r1_h1_pullback_long_v1,R1,UPTREND,LONG,2025.03.28 14:45:00,2025.03.28 14:45:00,2025.03.31 05:55:14,BT_A1_XAU_R1_PULLBACK_LONG_V2_M15_SESSION_09_15,1025742,XAUUSD,932200,622,622,622,629,629,0.01,3083.63,3065.58,3119.73,3083.48,3083.63,15,0.0083,R1_H1_EMA_PULLBACK_LONG_M15,5
h4_d1_long_best_box2_atr80::BT_A1_XAU_ROUTER_V1_R1_LONG_BOX2_PREVHEALTH::1025742::XAUUSD::932200::218,h4_d1_long_best_box2_atr80,R1,UPTREND,LONG,2025.03.31 04:00:00,2025.03.31 04:00:00,2025.04.03 12:40:37,BT_A1_XAU_ROUTER_V1_R1_LONG_BOX2_PREVHEALTH,1025742,XAUUSD,932200,218,218,218,227,227,0.01,3107.05,3062.05,3197.05,3106.90,3107.05,15,0.0033,D1_COMPRESSION_H4_EXPANSION_LONG,4
h4_d1_long_best_box2_atr80::BT_A1_XAU_ROUTER_V1_R1_LONG_BOX2_PREVHEALTH::1025742::XAUUSD::932200::220,h4_d1_long_best_box2_atr80,R1,UPTREND,LONG,2025.03.31 08:00:00,2025.03.31 08:00:00,2025.04.03 12:40:38,BT_A1_XAU_ROUTER_V1_R1_LONG_BOX2_PREVHEALTH,1025742,XAUUSD,932200,220,220,220,228,228,0.01,3124.02,3061.58,3248.90,3123.88,3124.02,14,0.0022,D1_COMPRESSION_H4_EXPANSION_LONG,4
r1_h1_pullback_long_v1::BT_A1_XAU_R1_PULLBACK_LONG_V2_M15_SESSION_09_15::1025742::XAUUSD::932200::630,r1_h1_pullback_long_v1,R1,UPTREND,LONG,2025.03.31 14:00:00,2025.03.31 14:00:00,2025.04.01 02:47:29,BT_A1_XAU_R1_PULLBACK_LONG_V2_M15_SESSION_09_15,1025742,XAUUSD,932200,630,630,630,632,632,0.01,3113.48,3098.24,3143.96,3113.33,3113.48,15,0.0098,R1_H1_EMA_PULLBACK_LONG_M15,5
r1_h1_pullback_long_v1::BT_A1_XAU_R1_PULLBACK_LONG_V2_M15_SESSION_09_15::1025742::XAUUSD::932200::631,r1_h1_pullback_long_v1,R1,UPTREND,LONG,2025.03.31 14:45:00,2025.03.31 14:45:00,2025.04.02 23:46:32,BT_A1_XAU_R1_PULLBACK_LONG_V2_M15_SESSION_09_15,1025742,XAUUSD,932200,631,631,631,643,643,0.01,3119.42,3098.04,3162.18,3119.27,3119.42,15,0.0070,R1_H1_EMA_PULLBACK_LONG_M15,5
h4_d1_long_best_box2_atr80::BT_A1_XAU_ROUTER_V1_R1_LONG_BOX2_PREVHEALTH::1025742::XAUUSD::932200::221,h4_d1_long_best_box2_atr80,R1,UPTREND,LONG,2025.03.31 20:00:00,2025.03.31 20:00:00,2025.04.03 12:40:36,BT_A1_XAU_ROUTER_V1_R1_LONG_BOX2_PREVHEALTH,1025742,XAUUSD,932200,221,221,221,226,226,0.01,3124.54,3062.19,3249.24,3124.38,3124.54,16,0.0026,D1_COMPRESSION_H4_EXPANSION_LONG,4
h4_d1_long_best_box2_atr80::BT_A1_XAU_ROUTER_V1_R1_LONG_BOX2_PREVHEALTH::1025742::XAUUSD::932200::224,h4_d1_long_best_box2_atr80,R1,UPTREND,LONG,2025.04.01 04:00:00,2025.04.01 04:00:00,2025.04.03 12:26:03,BT_A1_XAU_ROUTER_V1_R1_LONG_BOX2_PREVHEALTH,1025742,XAUUSD,932200,224,224,224,225,225,0.01,3146.10,3076.81,3284.68,3145.95,3146.10,15,0.0022,D1_COMPRESSION_H4_EXPANSION_LONG,4
r1_h1_pullback_long_v1::BT_A1_XAU_R1_PULLBACK_LONG_V2_M15_SESSION_09_15::1025742::XAUUSD::932200::633,r1_h1_pullback_long_v1,R1,UPTREND,LONG,2025.04.01 10:15:00,2025.04.01 10:15:00,2025.04.01 12:01:03,BT_A1_XAU_R1_PULLBACK_LONG_V2_M15_SESSION_09_15,1025742,XAUUSD,932200,633,633,633,635,635,0.01,3135.43,3128.47,3149.34,3135.28,3135.43,15,0.0216,R1_H1_EMA_PULLBACK_LONG_M15,4
r1_h1_pullback_long_v1::BT_A1_XAU_R1_PULLBACK_LONG_V2_M15_SESSION_09_15::1025742::XAUUSD::932200::634,r1_h1_pullback_long_v1,R1,UPTREND,LONG,2025.04.01 11:45:00,2025.04.01 11:45:00,2025.04.01 12:01:03,BT_A1_XAU_R1_PULLBACK_LONG_V2_M15_SESSION_09_15,1025742,XAUUSD,932200,634,634,634,636,636,0.01,3132.71,3128.44,3141.25,3132.56,3132.71,15,0.0351,R1_H1_EMA_PULLBACK_LONG_M15,4
r1_h1_pullback_long_v1::BT_A1_XAU_R1_PULLBACK_LONG_V2_M15_SESSION_09_15::1025742::XAUUSD::932200::637,r1_h1_pullback_long_v1,R1,UPTREND,LONG,2025.04.01 12:30:00,2025.04.01 12:30:00,2025.04.01 14:14:13,BT_A1_XAU_R1_PULLBACK_LONG_V2_M15_SESSION_09_15,1025742,XAUUSD,932200,637,637,637,639,639,0.01,3133.74,3126.87,3147.48,3133.59,3133.74,15,0.0218,R1_H1_EMA_PULLBACK_LONG_M15,4
r1_h1_pullback_long_v1::BT_A1_XAU_R1_PULLBACK_LONG_V2_M15_SESSION_09_15::1025742::XAUUSD::932200::638,r1_h1_pullback_long_v1,R1,UPTREND,LONG,2025.04.01 14:00:00,2025.04.01 14:00:00,2025.04.01 14:14:15,BT_A1_XAU_R1_PULLBACK_LONG_V2_M15_SESSION_09_15,1025742,XAUUSD,932200,638,638,638,640,640,0.01,3133.19,3126.51,3146.56,3133.04,3133.19,15,0.0224,R1_H1_EMA_PULLBACK_LONG_M15,4
r1_h1_pullback_long_v1::BT_A1_XAU_R1_PULLBACK_LONG_V2_M15_SESSION_09_15::1025742::XAUUSD::932200::641,r1_h1_pullback_long_v1,R1,UPTREND,LONG,2025.04.02 13:30:00,2025.04.02 13:30:00,2025.04.02 20:13:29,BT_A1_XAU_R1_PULLBACK_LONG_V2_M15_SESSION_09_15,1025742,XAUUSD,932200,641,641,641,642,642,0.01,3125.90,3115.85,3146.01,3125.76,3125.90,14,0.0139,R1_H1_EMA_PULLBACK_LONG_M15,4
r1_h1_pullback_long_v1::BT_A1_XAU_R1_PULLBACK_LONG_V2_M15_SESSION_09_15::1025742::XAUUSD::932200::644,r1_h1_pullback_long_v1,R1,UPTREND,LONG,2025.06.05 09:15:00,2025.06.05 09:15:00,2025.06.05 10:57:28,BT_A1_XAU_R1_PULLBACK_LONG_V2_M15_SESSION_09_15,1025742,XAUUSD,932200,644,644,644,647,647,0.01,3378.89,3368.53,3399.61,3378.66,3378.89,23,0.0222,R1_H1_EMA_PULLBACK_LONG_M15,5
r1_h1_pullback_long_v1::BT_A1_XAU_R1_PULLBACK_LONG_V2_M15_SESSION_09_15::1025742::XAUUSD::932200::645,r1_h1_pullback_long_v1,R1,UPTREND,LONG,2025.06.05 09:30:00,2025.06.05 09:30:00,2025.06.05 14:05:53,BT_A1_XAU_R1_PULLBACK_LONG_V2_M15_SESSION_09_15,1025742,XAUUSD,932200,645,645,645,651,651,0.01,3387.98,3368.80,3426.34,3387.93,3387.98,5,0.0026,R1_H1_EMA_PULLBACK_LONG_M15,4
r1_h1_pullback_long_v1::BT_A1_XAU_R1_PULLBACK_LONG_V2_M15_SESSION_09_15::1025742::XAUUSD::932200::646,r1_h1_pullback_long_v1,R1,UPTREND,LONG,2025.06.05 10:00:00,2025.06.05 10:00:00,2025.06.05 14:05:41,BT_A1_XAU_R1_PULLBACK_LONG_V2_M15_SESSION_09_15,1025742,XAUUSD,932200,646,646,646,649,649,0.01,3389.59,3370.62,3427.54,3389.42,3389.59,17,0.0090,R1_H1_EMA_PULLBACK_LONG_M15,4
r1_h1_pullback_long_v1::BT_A1_XAU_R1_PULLBACK_LONG_V2_M15_SESSION_09_15::1025742::XAUUSD::932200::648,r1_h1_pullback_long_v1,R1,UPTREND,LONG,2025.06.05 13:45:00,2025.06.05 13:45:00,2025.06.05 14:05:43,BT_A1_XAU_R1_PULLBACK_LONG_V2_M15_SESSION_09_15,1025742,XAUUSD,932200,648,648,648,650,650,0.01,3385.02,3369.66,3415.74,3384.85,3385.02,17,0.0111,R1_H1_EMA_PULLBACK_LONG_M15,4
h4_d1_long_best_box2_atr80::BT_A1_XAU_ROUTER_V1_R1_LONG_BOX2_PREVHEALTH::1025742::XAUUSD::932200::230,h4_d1_long_best_box2_atr80,R1,UPTREND,LONG,2025.06.13 04:00:00,2025.06.13 04:00:00,2025.06.24 06:34:38,BT_A1_XAU_ROUTER_V1_R1_LONG_BOX2_PREVHEALTH,1025742,XAUUSD,932200,230,230,230,232,232,0.01,3425.71,3319.44,3638.25,3425.48,3425.71,23,0.0022,D1_COMPRESSION_H4_EXPANSION_LONG,4
h4_d1_long_best_box2_atr80::BT_A1_XAU_ROUTER_V1_R1_LONG_BOX2_PREVHEALTH::1025742::XAUUSD::932200::231,h4_d1_long_best_box2_atr80,R1,UPTREND,LONG,2025.06.13 12:00:00,2025.06.13 12:00:00,2025.06.24 06:34:38,BT_A1_XAU_ROUTER_V1_R1_LONG_BOX2_PREVHEALTH,1025742,XAUUSD,932200,231,231,231,233,233,0.01,3422.41,3319.51,3628.21,3422.24,3422.41,17,0.0017,D1_COMPRESSION_H4_EXPANSION_LONG,4
r1_h1_pullback_long_v1::BT_A1_XAU_R1_PULLBACK_LONG_V2_M15_SESSION_09_15::1025742::XAUUSD::932200::652,r1_h1_pullback_long_v1,R1,UPTREND,LONG,2025.06.13 12:30:00,2025.06.13 12:30:00,2025.06.16 07:13:28,BT_A1_XAU_R1_PULLBACK_LONG_V2_M15_SESSION_09_15,1025742,XAUUSD,932200,652,652,652,653,653,0.01,3428.06,3411.46,3461.26,3427.89,3428.06,17,0.0102,R1_H1_EMA_PULLBACK_LONG_M15,4
r1_h1_pullback_long_v1::BT_A1_XAU_R1_PULLBACK_LONG_V2_M15_SESSION_09_15::1025742::XAUUSD::932200::654,r1_h1_pullback_long_v1,R1,UPTREND,LONG,2025.07.22 11:15:00,2025.07.22 11:15:00,2025.07.22 12:20:18,BT_A1_XAU_R1_PULLBACK_LONG_V2_M15_SESSION_09_15,1025742,XAUUSD,932200,654,654,654,658,658,0.01,3388.51,3385.01,3395.51,3388.21,3388.51,30,0.0857,R1_H1_EMA_PULLBACK_LONG_M15,5
r1_h1_pullback_long_v1::BT_A1_XAU_R1_PULLBACK_LONG_V2_M15_SESSION_09_15::1025742::XAUUSD::932200::655,r1_h1_pullback_long_v1,R1,UPTREND,LONG,2025.07.22 11:45:00,2025.07.22 11:45:00,2025.07.22 12:21:18,BT_A1_XAU_R1_PULLBACK_LONG_V2_M15_SESSION_09_15,1025742,XAUUSD,932200,655,655,655,659,659,0.01,3389.59,3385.73,3397.31,3389.29,3389.59,30,0.0777,R1_H1_EMA_PULLBACK_LONG_M15,5
r1_h1_pullback_long_v1::BT_A1_XAU_R1_PULLBACK_LONG_V2_M15_SESSION_09_15::1025742::XAUUSD::932200::656,r1_h1_pullback_long_v1,R1,UPTREND,LONG,2025.07.22 12:00:00,2025.07.22 12:00:00,2025.07.22 12:42:04,BT_A1_XAU_R1_PULLBACK_LONG_V2_M15_SESSION_09_15,1025742,XAUUSD,932200,656,656,656,661,661,0.01,3391.64,3386.37,3402.17,3391.34,3391.64,30,0.0570,R1_H1_EMA_PULLBACK_LONG_M15,5
r1_h1_pullback_long_v1::BT_A1_XAU_R1_PULLBACK_LONG_V2_M15_SESSION_09_15::1025742::XAUUSD::932200::657,r1_h1_pullback_long_v1,R1,UPTREND,LONG,2025.07.22 12:15:00,2025.07.22 12:15:00,2025.07.22 13:07:17,BT_A1_XAU_R1_PULLBACK_LONG_V2_M15_SESSION_09_15,1025742,XAUUSD,932200,657,657,657,664,664,0.01,3394.48,3386.24,3410.96,3394.18,3394.48,30,0.0364,R1_H1_EMA_PULLBACK_LONG_M15,5
r1_h1_pullback_long_v1::BT_A1_XAU_R1_PULLBACK_LONG_V2_M15_SESSION_09_15::1025742::XAUUSD::932200::660,r1_h1_pullback_long_v1,R1,UPTREND,LONG,2025.07.22 12:30:00,2025.07.22 12:30:00,2025.07.22 15:04:39,BT_A1_XAU_R1_PULLBACK_LONG_V2_M15_SESSION_09_15,1025742,XAUUSD,932200,660,660,660,665,665,0.01,3400.61,3386.22,3429.38,3400.31,3400.61,30,0.0209,R1_H1_EMA_PULLBACK_LONG_M15,5
r1_h1_pullback_long_v1::BT_A1_XAU_R1_PULLBACK_LONG_V2_M15_SESSION_09_15::1025742::XAUUSD::932200::662,r1_h1_pullback_long_v1,R1,UPTREND,LONG,2025.07.22 12:45:00,2025.07.22 12:45:00,2025.07.23 16:03:40,BT_A1_XAU_R1_PULLBACK_LONG_V2_M15_SESSION_09_15,1025742,XAUUSD,932200,662,662,662,674,674,0.01,3403.92,3386.15,3439.47,3403.62,3403.92,30,0.0169,R1_H1_EMA_PULLBACK_LONG_M15,4
r1_h1_pullback_long_v1::BT_A1_XAU_R1_PULLBACK_LONG_V2_M15_SESSION_09_15::1025742::XAUUSD::932200::663,r1_h1_pullback_long_v1,R1,UPTREND,LONG,2025.07.22 13:00:00,2025.07.22 13:00:00,2025.07.23 16:03:41,BT_A1_XAU_R1_PULLBACK_LONG_V2_M15_SESSION_09_15,1025742,XAUUSD,932200,663,663,663,675,675,0.01,3407.77,3386.03,3451.25,3407.47,3407.77,30,0.0138,R1_H1_EMA_PULLBACK_LONG_M15,4
r1_h1_pullback_long_v1::BT_A1_XAU_R1_PULLBACK_LONG_V2_M15_SESSION_09_15::1025742::XAUUSD::932200::666,r1_h1_pullback_long_v1,R1,UPTREND,LONG,2025.07.23 09:00:00,2025.07.23 09:00:00,2025.07.23 13:00:27,BT_A1_XAU_R1_PULLBACK_LONG_V2_M15_SESSION_09_15,1025742,XAUUSD,932200,666,666,666,673,673,0.01,3428.67,3419.20,3447.62,3428.37,3428.67,30,0.0317,R1_H1_EMA_PULLBACK_LONG_M15,4
r1_h1_pullback_long_v1::BT_A1_XAU_R1_PULLBACK_LONG_V2_M15_SESSION_09_15::1025742::XAUUSD::932200::667,r1_h1_pullback_long_v1,R1,UPTREND,LONG,2025.07.23 09:15:00,2025.07.23 09:15:00,2025.07.23 13:00:27,BT_A1_XAU_R1_PULLBACK_LONG_V2_M15_SESSION_09_15,1025742,XAUUSD,932200,667,667,667,672,672,0.01,3430.36,3419.22,3452.63,3430.06,3430.36,30,0.0269,R1_H1_EMA_PULLBACK_LONG_M15,4
r1_h1_pullback_long_v1::BT_A1_XAU_R1_PULLBACK_LONG_V2_M15_SESSION_09_15::1025742::XAUUSD::932200::668,r1_h1_pullback_long_v1,R1,UPTREND,LONG,2025.07.23 11:30:00,2025.07.23 11:30:00,2025.07.23 13:00:19,BT_A1_XAU_R1_PULLBACK_LONG_V2_M15_SESSION_09_15,1025742,XAUUSD,932200,668,668,668,671,671,0.01,3425.51,3419.65,3437.23,3425.21,3425.51,30,0.0512,R1_H1_EMA_PULLBACK_LONG_M15,4
r1_h1_pullback_long_v1::BT_A1_XAU_R1_PULLBACK_LONG_V2_M15_SESSION_09_15::1025742::XAUUSD::932200::669,r1_h1_pullback_long_v1,R1,UPTREND,LONG,2025.07.23 11:45:00,2025.07.23 11:45:00,2025.07.23 13:00:19,BT_A1_XAU_R1_PULLBACK_LONG_V2_M15_SESSION_09_15,1025742,XAUUSD,932200,669,669,669,670,670,0.01,3428.93,3419.68,3447.43,3428.63,3428.93,30,0.0324,R1_H1_EMA_PULLBACK_LONG_M15,4
h4_d1_long_best_box2_atr80::BT_A1_XAU_ROUTER_V1_R1_LONG_BOX2_PREVHEALTH::1025742::XAUUSD::932200::234,h4_d1_long_best_box2_atr80,R1,UPTREND,LONG,2025.08.07 08:00:00,2025.08.07 08:00:00,2025.08.11 11:27:42,BT_A1_XAU_ROUTER_V1_R1_LONG_BOX2_PREVHEALTH,1025742,XAUUSD,932200,234,234,234,236,236,0.01,3396.49,3350.15,3489.17,3396.19,3396.49,30,0.0065,D1_COMPRESSION_H4_EXPANSION_LONG,4
r1_h1_pullback_long_v1::BT_A1_XAU_R1_PULLBACK_LONG_V2_M15_SESSION_09_15::1025742::XAUUSD::932200::676,r1_h1_pullback_long_v1,R1,UPTREND,LONG,2025.08.07 09:15:00,2025.08.07 09:15:00,2025.08.07 20:07:14,BT_A1_XAU_R1_PULLBACK_LONG_V2_M15_SESSION_09_15,1025742,XAUUSD,932200,676,676,676,680,680,0.01,3381.28,3371.38,3401.08,3380.98,3381.28,30,0.0303,R1_H1_EMA_PULLBACK_LONG_M15,5
r1_h1_pullback_long_v1::BT_A1_XAU_R1_PULLBACK_LONG_V2_M15_SESSION_09_15::1025742::XAUUSD::932200::677,r1_h1_pullback_long_v1,R1,UPTREND,LONG,2025.08.07 12:30:00,2025.08.07 12:30:00,2025.08.07 22:00:00,BT_A1_XAU_R1_PULLBACK_LONG_V2_M15_SESSION_09_15,1025742,XAUUSD,932200,677,677,677,681,681,0.01,3381.47,3370.74,3402.93,3381.17,3381.47,30,0.0280,R1_H1_EMA_PULLBACK_LONG_M15,5
r1_h1_pullback_long_v1::BT_A1_XAU_R1_PULLBACK_LONG_V2_M15_SESSION_09_15::1025742::XAUUSD::932200::678,r1_h1_pullback_long_v1,R1,UPTREND,LONG,2025.08.07 14:15:00,2025.08.07 14:15:00,2025.08.11 01:07:41,BT_A1_XAU_R1_PULLBACK_LONG_V2_M15_SESSION_09_15,1025742,XAUUSD,932200,678,678,678,686,686,0.01,3390.38,3373.92,3423.30,3390.08,3390.38,30,0.0182,R1_H1_EMA_PULLBACK_LONG_M15,4
r1_h1_pullback_long_v1::BT_A1_XAU_R1_PULLBACK_LONG_V2_M15_SESSION_09_15::1025742::XAUUSD::932200::679,r1_h1_pullback_long_v1,R1,UPTREND,LONG,2025.08.07 14:45:00,2025.08.07 14:45:00,2025.08.11 01:07:41,BT_A1_XAU_R1_PULLBACK_LONG_V2_M15_SESSION_09_15,1025742,XAUUSD,932200,679,679,679,687,687,0.01,3387.54,3373.89,3414.84,3387.24,3387.54,30,0.0220,R1_H1_EMA_PULLBACK_LONG_M15,4
h4_d1_long_best_box2_atr80::BT_A1_XAU_ROUTER_V1_R1_LONG_BOX2_PREVHEALTH::1025742::XAUUSD::932200::235,h4_d1_long_best_box2_atr80,R1,UPTREND,LONG,2025.08.07 20:00:00,2025.08.07 20:00:00,2025.08.11 11:31:42,BT_A1_XAU_ROUTER_V1_R1_LONG_BOX2_PREVHEALTH,1025742,XAUUSD,932200,235,235,235,237,237,0.01,3400.14,3350.06,3500.30,3399.84,3400.14,30,0.0060,D1_COMPRESSION_H4_EXPANSION_LONG,4
r1_h1_pullback_long_v1::BT_A1_XAU_R1_PULLBACK_LONG_V2_M15_SESSION_09_15::1025742::XAUUSD::932200::682,r1_h1_pullback_long_v1,R1,UPTREND,LONG,2025.08.08 09:15:00,2025.08.08 09:15:00,2025.08.08 10:19:57,BT_A1_XAU_R1_PULLBACK_LONG_V2_M15_SESSION_09_15,1025742,XAUUSD,932200,682,682,682,683,683,0.01,3398.87,3393.01,3410.59,3398.57,3398.87,30,0.0512,R1_H1_EMA_PULLBACK_LONG_M15,4
r1_h1_pullback_long_v1::BT_A1_XAU_R1_PULLBACK_LONG_V2_M15_SESSION_09_15::1025742::XAUUSD::932200::684,r1_h1_pullback_long_v1,R1,UPTREND,LONG,2025.08.08 14:00:00,2025.08.08 14:00:00,2025.08.08 14:09:03,BT_A1_XAU_R1_PULLBACK_LONG_V2_M15_SESSION_09_15,1025742,XAUUSD,932200,684,684,684,685,685,0.01,3400.35,3386.02,3429.01,3400.05,3400.35,30,0.0209,R1_H1_EMA_PULLBACK_LONG_M15,4
h4_d1_long_best_box2_atr80::BT_A1_XAU_ROUTER_V1_R1_LONG_BOX2_PREVHEALTH::1025742::XAUUSD::932200::238,h4_d1_long_best_box2_atr80,R1,UPTREND,LONG,2025.08.27 20:00:00,2025.08.27 20:00:00,2025.09.01 06:33:01,BT_A1_XAU_ROUTER_V1_R1_LONG_BOX2_PREVHEALTH,1025742,XAUUSD,932200,238,238,238,243,243,0.01,3396.46,3351.49,3486.40,3396.16,3396.46,30,0.0067,D1_COMPRESSION_H4_EXPANSION_LONG,5
h4_d1_long_best_box2_atr80::BT_A1_XAU_ROUTER_V1_R1_LONG_BOX2_PREVHEALTH::1025742::XAUUSD::932200::239,h4_d1_long_best_box2_atr80,R1,UPTREND,LONG,2025.08.28 12:00:00,2025.08.28 12:00:00,2025.09.02 14:44:41,BT_A1_XAU_ROUTER_V1_R1_LONG_BOX2_PREVHEALTH,1025742,XAUUSD,932200,239,239,239,244,244,0.01,3404.24,3351.42,3509.88,3403.94,3404.24,30,0.0057,D1_COMPRESSION_H4_EXPANSION_LONG,5
r1_h1_pullback_long_v1::BT_A1_XAU_R1_PULLBACK_LONG_V2_M15_SESSION_09_15::1025742::XAUUSD::932200::688,r1_h1_pullback_long_v1,R1,UPTREND,LONG,2025.08.28 13:30:00,2025.08.28 13:30:00,2025.08.29 13:57:39,BT_A1_XAU_R1_PULLBACK_LONG_V2_M15_SESSION_09_15,1025742,XAUUSD,932200,688,688,688,693,693,0.01,3404.93,3393.61,3427.57,3404.63,3404.93,30,0.0265,R1_H1_EMA_PULLBACK_LONG_M15,5
r1_h1_pullback_long_v1::BT_A1_XAU_R1_PULLBACK_LONG_V2_M15_SESSION_09_15::1025742::XAUUSD::932200::689,r1_h1_pullback_long_v1,R1,UPTREND,LONG,2025.08.28 14:15:00,2025.08.28 14:15:00,2025.08.29 16:55:39,BT_A1_XAU_R1_PULLBACK_LONG_V2_M15_SESSION_09_15,1025742,XAUUSD,932200,689,689,689,697,697,0.01,3411.80,3393.47,3448.46,3411.50,3411.80,30,0.0164,R1_H1_EMA_PULLBACK_LONG_M15,5
h4_d1_long_best_box2_atr80::BT_A1_XAU_ROUTER_V1_R1_LONG_BOX2_PREVHEALTH::1025742::XAUUSD::932200::240,h4_d1_long_best_box2_atr80,R1,UPTREND,LONG,2025.08.28 16:00:00,2025.08.28 16:00:00,2025.09.02 18:29:05,BT_A1_XAU_ROUTER_V1_R1_LONG_BOX2_PREVHEALTH,1025742,XAUUSD,932200,240,240,240,245,245,0.01,3411.21,3351.54,3530.55,3410.91,3411.21,30,0.0050,D1_COMPRESSION_H4_EXPANSION_LONG,5
h4_d1_long_best_box2_atr80::BT_A1_XAU_ROUTER_V1_R1_LONG_BOX2_PREVHEALTH::1025742::XAUUSD::932200::241,h4_d1_long_best_box2_atr80,R1,UPTREND,LONG,2025.08.28 20:00:00,2025.08.28 20:00:00,2025.09.03 14:24:31,BT_A1_XAU_ROUTER_V1_R1_LONG_BOX2_PREVHEALTH,1025742,XAUUSD,932200,241,241,241,246,246,0.01,3422.32,3351.46,3564.04,3422.02,3422.32,30,0.0042,D1_COMPRESSION_H4_EXPANSION_LONG,5
r1_h1_pullback_long_v1::BT_A1_XAU_R1_PULLBACK_LONG_V2_M15_SESSION_09_15::1025742::XAUUSD::932200::690,r1_h1_pullback_long_v1,R1,UPTREND,LONG,2025.08.29 13:00:00,2025.08.29 13:00:00,2025.08.29 14:31:20,BT_A1_XAU_R1_PULLBACK_LONG_V2_M15_SESSION_09_15,1025742,XAUUSD,932200,690,690,690,695,695,0.01,3416.75,3406.26,3437.73,3416.45,3416.75,30,0.0286,R1_H1_EMA_PULLBACK_LONG_M15,5
r1_h1_pullback_long_v1::BT_A1_XAU_R1_PULLBACK_LONG_V2_M15_SESSION_09_15::1025742::XAUUSD::932200::691,r1_h1_pullback_long_v1,R1,UPTREND,LONG,2025.08.29 13:15:00,2025.08.29 13:15:00,2025.08.29 15:16:29,BT_A1_XAU_R1_PULLBACK_LONG_V2_M15_SESSION_09_15,1025742,XAUUSD,932200,691,691,691,696,696,0.01,3418.91,3406.21,3444.31,3418.61,3418.91,30,0.0236,R1_H1_EMA_PULLBACK_LONG_M15,5
r1_h1_pullback_long_v1::BT_A1_XAU_R1_PULLBACK_LONG_V2_M15_SESSION_09_15::1025742::XAUUSD::932200::692,r1_h1_pullback_long_v1,R1,UPTREND,LONG,2025.08.29 13:45:00,2025.08.29 13:45:00,2025.09.01 02:07:12,BT_A1_XAU_R1_PULLBACK_LONG_V2_M15_SESSION_09_15,1025742,XAUUSD,932200,692,692,692,698,698,0.01,3424.76,3405.99,3462.29,3424.46,3424.76,30,0.0160,R1_H1_EMA_PULLBACK_LONG_M15,5
r1_h1_pullback_long_v1::BT_A1_XAU_R1_PULLBACK_LONG_V2_M15_SESSION_09_15::1025742::XAUUSD::932200::694,r1_h1_pullback_long_v1,R1,UPTREND,LONG,2025.08.29 14:00:00,2025.08.29 14:00:00,2025.09.01 02:40:31,BT_A1_XAU_R1_PULLBACK_LONG_V2_M15_SESSION_09_15,1025742,XAUUSD,932200,694,694,694,699,699,0.01,3429.01,3407.31,3472.41,3428.71,3429.01,30,0.0138,R1_H1_EMA_PULLBACK_LONG_M15,5
h4_d1_long_best_box2_atr80::BT_A1_XAU_ROUTER_V1_R1_LONG_BOX2_PREVHEALTH::1025742::XAUUSD::932200::242,h4_d1_long_best_box2_atr80,R1,UPTREND,LONG,2025.08.29 16:00:00,2025.08.29 16:00:00,2025.09.05 13:46:42,BT_A1_XAU_ROUTER_V1_R1_LONG_BOX2_PREVHEALTH,1025742,XAUUSD,932200,242,242,242,247,247,0.01,3445.67,3374.03,3588.95,3445.37,3445.67,30,0.0042,D1_COMPRESSION_H4_EXPANSION_LONG,5
r1_h1_pullback_long_v1::BT_A1_XAU_R1_PULLBACK_LONG_V2_M15_SESSION_09_15::1025742::XAUUSD::932200::700,r1_h1_pullback_long_v1,R1,UPTREND,LONG,2025.09.02 11:00:00,2025.09.02 11:00:00,2025.09.02 12:40:03,BT_A1_XAU_R1_PULLBACK_LONG_V2_M15_SESSION_09_15,1025742,XAUUSD,932200,700,700,700,705,705,0.01,3485.96,3474.71,3508.45,3485.66,3485.96,30,0.0267,R1_H1_EMA_PULLBACK_LONG_M15,4
r1_h1_pullback_long_v1::BT_A1_XAU_R1_PULLBACK_LONG_V2_M15_SESSION_09_15::1025742::XAUUSD::932200::701,r1_h1_pullback_long_v1,R1,UPTREND,LONG,2025.09.02 11:45:00,2025.09.02 11:45:00,2025.09.02 12:36:32,BT_A1_XAU_R1_PULLBACK_LONG_V2_M15_SESSION_09_15,1025742,XAUUSD,932200,701,701,701,703,703,0.01,3484.42,3477.78,3497.70,3484.12,3484.42,30,0.0452,R1_H1_EMA_PULLBACK_LONG_M15,4
r1_h1_pullback_long_v1::BT_A1_XAU_R1_PULLBACK_LONG_V2_M15_SESSION_09_15::1025742::XAUUSD::932200::702,r1_h1_pullback_long_v1,R1,UPTREND,LONG,2025.09.02 12:00:00,2025.09.02 12:00:00,2025.09.02 12:36:37,BT_A1_XAU_R1_PULLBACK_LONG_V2_M15_SESSION_09_15,1025742,XAUUSD,932200,702,702,702,704,704,0.01,3489.95,3477.70,3514.45,3489.65,3489.95,30,0.0245,R1_H1_EMA_PULLBACK_LONG_M15,4
r1_h1_pullback_long_v1::BT_A1_XAU_R1_PULLBACK_LONG_V2_M15_SESSION_09_15::1025742::XAUUSD::932200::706,r1_h1_pullback_long_v1,R1,UPTREND,LONG,2025.09.02 13:30:00,2025.09.02 13:30:00,2025.09.02 14:44:41,BT_A1_XAU_R1_PULLBACK_LONG_V2_M15_SESSION_09_15,1025742,XAUUSD,932200,706,706,706,708,708,0.01,3485.37,3472.98,3510.15,3485.07,3485.37,30,0.0242,R1_H1_EMA_PULLBACK_LONG_M15,5
r1_h1_pullback_long_v1::BT_A1_XAU_R1_PULLBACK_LONG_V2_M15_SESSION_09_15::1025742::XAUUSD::932200::707,r1_h1_pullback_long_v1,R1,UPTREND,LONG,2025.09.02 13:45:00,2025.09.02 13:45:00,2025.09.02 16:06:20,BT_A1_XAU_R1_PULLBACK_LONG_V2_M15_SESSION_09_15,1025742,XAUUSD,932200,707,707,707,709,709,0.01,3489.46,3472.96,3522.46,3489.16,3489.46,30,0.0182,R1_H1_EMA_PULLBACK_LONG_M15,5
r1_h1_pullback_long_v1::BT_A1_XAU_R1_PULLBACK_LONG_V2_M15_SESSION_09_15::1025742::XAUUSD::932200::710,r1_h1_pullback_long_v1,R1,UPTREND,LONG,2025.09.04 14:45:00,2025.09.04 14:45:00,2025.09.05 12:30:54,BT_A1_XAU_R1_PULLBACK_LONG_V2_M15_SESSION_09_15,1025742,XAUUSD,932200,710,710,710,714,714,0.01,3545.38,3533.41,3569.33,3545.08,3545.38,30,0.0251,R1_H1_EMA_PULLBACK_LONG_M15,5
r1_h1_pullback_long_v1::BT_A1_XAU_R1_PULLBACK_LONG_V2_M15_SESSION_09_15::1025742::XAUUSD::932200::711,r1_h1_pullback_long_v1,R1,UPTREND,LONG,2025.09.05 10:30:00,2025.09.05 10:30:00,2025.09.05 12:30:44,BT_A1_XAU_R1_PULLBACK_LONG_V2_M15_SESSION_09_15,1025742,XAUUSD,932200,711,711,711,713,713,0.01,3552.48,3545.40,3566.65,3552.18,3552.48,30,0.0424,R1_H1_EMA_PULLBACK_LONG_M15,5
r1_h1_pullback_long_v1::BT_A1_XAU_R1_PULLBACK_LONG_V2_M15_SESSION_09_15::1025742::XAUUSD::932200::712,r1_h1_pullback_long_v1,R1,UPTREND,LONG,2025.09.05 12:30:00,2025.09.05 12:30:00,2025.09.05 12:30:56,BT_A1_XAU_R1_PULLBACK_LONG_V2_M15_SESSION_09_15,1025742,XAUUSD,932200,712,712,712,715,715,0.01,3555.10,3547.16,3570.98,3554.80,3555.10,30,0.0378,R1_H1_EMA_PULLBACK_LONG_M15,5
r1_h1_pullback_long_v1::BT_A1_XAU_R1_PULLBACK_LONG_V2_M15_SESSION_09_15::1025742::XAUUSD::932200::716,r1_h1_pullback_long_v1,R1,UPTREND,LONG,2025.09.09 13:15:00,2025.09.09 13:15:00,2025.09.09 14:00:38,BT_A1_XAU_R1_PULLBACK_LONG_V2_M15_SESSION_09_15,1025742,XAUUSD,932200,716,716,716,718,718,0.01,3653.02,3642.99,3673.09,3652.72,3653.02,30,0.0299,R1_H1_EMA_PULLBACK_LONG_M15,5
r1_h1_pullback_long_v1::BT_A1_XAU_R1_PULLBACK_LONG_V2_M15_SESSION_09_15::1025742::XAUUSD::932200::717,r1_h1_pullback_long_v1,R1,UPTREND,LONG,2025.09.09 13:30:00,2025.09.09 13:30:00,2025.09.09 14:08:42,BT_A1_XAU_R1_PULLBACK_LONG_V2_M15_SESSION_09_15,1025742,XAUUSD,932200,717,717,717,719,719,0.01,3660.85,3642.81,3696.93,3660.55,3660.85,30,0.0166,R1_H1_EMA_PULLBACK_LONG_M15,4
r1_h1_pullback_long_v1::BT_A1_XAU_R1_PULLBACK_LONG_V2_M15_SESSION_09_15::1025742::XAUUSD::932200::720,r1_h1_pullback_long_v1,R1,UPTREND,LONG,2025.09.15 09:00:00,2025.09.15 09:00:00,2025.09.15 15:23:39,BT_A1_XAU_R1_PULLBACK_LONG_V2_M15_SESSION_09_15,1025742,XAUUSD,932200,720,720,720,724,724,0.01,3645.64,3635.41,3666.09,3645.34,3645.64,30,0.0293,R1_H1_EMA_PULLBACK_LONG_M15,5
r1_h1_pullback_long_v1::BT_A1_XAU_R1_PULLBACK_LONG_V2_M15_SESSION_09_15::1025742::XAUUSD::932200::721,r1_h1_pullback_long_v1,R1,UPTREND,LONG,2025.09.15 13:00:00,2025.09.15 13:00:00,2025.09.15 15:55:40,BT_A1_XAU_R1_PULLBACK_LONG_V2_M15_SESSION_09_15,1025742,XAUUSD,932200,721,721,721,725,725,0.01,3650.55,3636.17,3679.32,3650.25,3650.55,30,0.0209,R1_H1_EMA_PULLBACK_LONG_M15,5
r1_h1_pullback_long_v1::BT_A1_XAU_R1_PULLBACK_LONG_V2_M15_SESSION_09_15::1025742::XAUUSD::932200::722,r1_h1_pullback_long_v1,R1,UPTREND,LONG,2025.09.15 13:30:00,2025.09.15 13:30:00,2025.09.16 06:44:45,BT_A1_XAU_R1_PULLBACK_LONG_V2_M15_SESSION_09_15,1025742,XAUUSD,932200,722,722,722,726,726,0.01,3653.95,3636.19,3689.47,3653.65,3653.95,30,0.0169,R1_H1_EMA_PULLBACK_LONG_M15,5
r1_h1_pullback_long_v1::BT_A1_XAU_R1_PULLBACK_LONG_V2_M15_SESSION_09_15::1025742::XAUUSD::932200::723,r1_h1_pullback_long_v1,R1,UPTREND,LONG,2025.09.15 14:15:00,2025.09.15 14:15:00,2025.09.16 08:14:28,BT_A1_XAU_R1_PULLBACK_LONG_V2_M15_SESSION_09_15,1025742,XAUUSD,932200,723,723,723,727,727,0.01,3660.15,3642.70,3695.05,3659.85,3660.15,30,0.0172,R1_H1_EMA_PULLBACK_LONG_M15,5
r1_h1_pullback_long_v1::BT_A1_XAU_R1_PULLBACK_LONG_V2_M15_SESSION_09_15::1025742::XAUUSD::932200::728,r1_h1_pullback_long_v1,R1,UPTREND,LONG,2025.09.16 14:15:00,2025.09.16 14:15:00,2025.09.16 15:05:26,BT_A1_XAU_R1_PULLBACK_LONG_V2_M15_SESSION_09_15,1025742,XAUUSD,932200,728,728,728,729,729,0.01,3699.66,3684.29,3730.41,3699.36,3699.66,30,0.0195,R1_H1_EMA_PULLBACK_LONG_M15,4
r1_h1_pullback_long_v1::BT_A1_XAU_R1_PULLBACK_LONG_V2_M15_SESSION_09_15::1025742::XAUUSD::932200::730,r1_h1_pullback_long_v1,R1,UPTREND,LONG,2025.09.24 12:00:00,2025.09.24 12:00:00,2025.09.24 14:00:15,BT_A1_XAU_R1_PULLBACK_LONG_V2_M15_SESSION_09_15,1025742,XAUUSD,932200,730,730,730,733,733,0.01,3769.17,3758.97,3789.57,3768.87,3769.17,30,0.0294,R1_H1_EMA_PULLBACK_LONG_M15,4
r1_h1_pullback_long_v1::BT_A1_XAU_R1_PULLBACK_LONG_V2_M15_SESSION_09_15::1025742::XAUUSD::932200::731,r1_h1_pullback_long_v1,R1,UPTREND,LONG,2025.09.24 13:15:00,2025.09.24 13:15:00,2025.09.24 13:33:43,BT_A1_XAU_R1_PULLBACK_LONG_V2_M15_SESSION_09_15,1025742,XAUUSD,932200,731,731,731,732,732,0.01,3771.68,3763.11,3788.83,3771.38,3771.68,30,0.0350,R1_H1_EMA_PULLBACK_LONG_M15,4
r1_h1_pullback_long_v1::BT_A1_XAU_R1_PULLBACK_LONG_V2_M15_SESSION_09_15::1025742::XAUUSD::932200::734,r1_h1_pullback_long_v1,R1,UPTREND,LONG,2025.09.25 11:30:00,2025.09.25 11:30:00,2025.09.25 12:36:42,BT_A1_XAU_R1_PULLBACK_LONG_V2_M15_SESSION_09_15,1025742,XAUUSD,932200,734,734,734,739,739,0.01,3750.04,3739.84,3770.43,3749.74,3750.04,30,0.0294,R1_H1_EMA_PULLBACK_LONG_M15,4
r1_h1_pullback_long_v1::BT_A1_XAU_R1_PULLBACK_LONG_V2_M15_SESSION_09_15::1025742::XAUUSD::932200::735,r1_h1_pullback_long_v1,R1,UPTREND,LONG,2025.09.25 11:45:00,2025.09.25 11:45:00,2025.09.25 12:36:41,BT_A1_XAU_R1_PULLBACK_LONG_V2_M15_SESSION_09_15,1025742,XAUUSD,932200,735,735,735,737,737,0.01,3751.32,3739.96,3774.04,3751.02,3751.32,30,0.0264,R1_H1_EMA_PULLBACK_LONG_M15,4
r1_h1_pullback_long_v1::BT_A1_XAU_R1_PULLBACK_LONG_V2_M15_SESSION_09_15::1025742::XAUUSD::932200::736,r1_h1_pullback_long_v1,R1,UPTREND,LONG,2025.09.25 12:00:00,2025.09.25 12:00:00,2025.09.25 12:36:41,BT_A1_XAU_R1_PULLBACK_LONG_V2_M15_SESSION_09_15,1025742,XAUUSD,932200,736,736,736,738,738,0.01,3753.21,3739.96,3779.71,3752.91,3753.21,30,0.0226,R1_H1_EMA_PULLBACK_LONG_M15,4
r1_h1_pullback_long_v1::BT_A1_XAU_R1_PULLBACK_LONG_V2_M15_SESSION_09_15::1025742::XAUUSD::932200::740,r1_h1_pullback_long_v1,R1,UPTREND,LONG,2025.09.26 10:00:00,2025.09.26 10:00:00,2025.09.26 10:40:37,BT_A1_XAU_R1_PULLBACK_LONG_V2_M15_SESSION_09_15,1025742,XAUUSD,932200,740,740,740,741,741,0.01,3751.63,3746.37,3762.14,3751.33,3751.63,30,0.0571,R1_H1_EMA_PULLBACK_LONG_M15,4
r1_h1_pullback_long_v1::BT_A1_XAU_R1_PULLBACK_LONG_V2_M15_SESSION_09_15::1025742::XAUUSD::932200::742,r1_h1_pullback_long_v1,R1,UPTREND,LONG,2025.09.26 12:15:00,2025.09.26 12:15:00,2025.09.26 14:08:30,BT_A1_XAU_R1_PULLBACK_LONG_V2_M15_SESSION_09_15,1025742,XAUUSD,932200,742,742,742,745,745,0.01,3751.89,3742.35,3770.97,3751.59,3751.89,30,0.0314,R1_H1_EMA_PULLBACK_LONG_M15,5
r1_h1_pullback_long_v1::BT_A1_XAU_R1_PULLBACK_LONG_V2_M15_SESSION_09_15::1025742::XAUUSD::932200::743,r1_h1_pullback_long_v1,R1,UPTREND,LONG,2025.09.26 13:15:00,2025.09.26 13:15:00,2025.09.29 04:37:29,BT_A1_XAU_R1_PULLBACK_LONG_V2_M15_SESSION_09_15,1025742,XAUUSD,932200,743,743,743,747,747,0.01,3764.71,3745.61,3802.91,3764.41,3764.71,30,0.0157,R1_H1_EMA_PULLBACK_LONG_M15,5
r1_h1_pullback_long_v1::BT_A1_XAU_R1_PULLBACK_LONG_V2_M15_SESSION_09_15::1025742::XAUUSD::932200::744,r1_h1_pullback_long_v1,R1,UPTREND,LONG,2025.09.26 14:00:00,2025.09.26 14:00:00,2025.09.29 02:21:30,BT_A1_XAU_R1_PULLBACK_LONG_V2_M15_SESSION_09_15,1025742,XAUUSD,932200,744,744,744,746,746,0.01,3762.16,3745.23,3796.01,3761.86,3762.16,30,0.0177,R1_H1_EMA_PULLBACK_LONG_M15,5
r1_h1_pullback_long_v1::BT_A1_XAU_R1_PULLBACK_LONG_V2_M15_SESSION_09_15::1025742::XAUUSD::932200::748,r1_h1_pullback_long_v1,R1,UPTREND,LONG,2025.11.12 11:00:00,2025.11.12 11:00:00,2025.11.12 15:10:39,BT_A1_XAU_R1_PULLBACK_LONG_V2_M15_SESSION_09_15,1025742,XAUUSD,932200,748,748,748,755,755,0.01,4127.96,4116.51,4150.87,4127.66,4127.96,30,0.0262,R1_H1_EMA_PULLBACK_LONG_M15,5
r1_h1_pullback_long_v1::BT_A1_XAU_R1_PULLBACK_LONG_V2_M15_SESSION_09_15::1025742::XAUUSD::932200::749,r1_h1_pullback_long_v1,R1,UPTREND,LONG,2025.11.12 11:15:00,2025.11.12 11:15:00,2025.11.12 15:13:36,BT_A1_XAU_R1_PULLBACK_LONG_V2_M15_SESSION_09_15,1025742,XAUUSD,932200,749,749,749,757,757,0.01,4131.28,4116.62,4160.59,4130.98,4131.28,30,0.0205,R1_H1_EMA_PULLBACK_LONG_M15,5
r1_h1_pullback_long_v1::BT_A1_XAU_R1_PULLBACK_LONG_V2_M15_SESSION_09_15::1025742::XAUUSD::932200::750,r1_h1_pullback_long_v1,R1,UPTREND,LONG,2025.11.12 11:45:00,2025.11.12 11:45:00,2025.11.12 15:10:42,BT_A1_XAU_R1_PULLBACK_LONG_V2_M15_SESSION_09_15,1025742,XAUUSD,932200,750,750,750,756,756,0.01,4128.62,4116.60,4152.66,4128.32,4128.62,30,0.0250,R1_H1_EMA_PULLBACK_LONG_M15,5
r1_h1_pullback_long_v1::BT_A1_XAU_R1_PULLBACK_LONG_V2_M15_SESSION_09_15::1025742::XAUUSD::932200::751,r1_h1_pullback_long_v1,R1,UPTREND,LONG,2025.11.12 12:15:00,2025.11.12 12:15:00,2025.11.12 15:10:30,BT_A1_XAU_R1_PULLBACK_LONG_V2_M15_SESSION_09_15,1025742,XAUUSD,932200,751,751,751,754,754,0.01,4130.72,4121.76,4148.64,4130.42,4130.72,30,0.0335,R1_H1_EMA_PULLBACK_LONG_M15,5
r1_h1_pullback_long_v1::BT_A1_XAU_R1_PULLBACK_LONG_V2_M15_SESSION_09_15::1025742::XAUUSD::932200::752,r1_h1_pullback_long_v1,R1,UPTREND,LONG,2025.11.12 12:30:00,2025.11.12 12:30:00,2025.11.12 15:16:38,BT_A1_XAU_R1_PULLBACK_LONG_V2_M15_SESSION_09_15,1025742,XAUUSD,932200,752,752,752,759,759,0.01,4136.58,4121.70,4166.34,4136.28,4136.58,30,0.0202,R1_H1_EMA_PULLBACK_LONG_M15,5
r1_h1_pullback_long_v1::BT_A1_XAU_R1_PULLBACK_LONG_V2_M15_SESSION_09_15::1025742::XAUUSD::932200::753,r1_h1_pullback_long_v1,R1,UPTREND,LONG,2025.11.12 14:15:00,2025.11.12 14:15:00,2025.11.12 15:16:19,BT_A1_XAU_R1_PULLBACK_LONG_V2_M15_SESSION_09_15,1025742,XAUUSD,932200,753,753,753,758,758,0.01,4135.18,4121.24,4163.06,4134.88,4135.18,30,0.0215,R1_H1_EMA_PULLBACK_LONG_M15,5
r1_h1_pullback_long_v1::BT_A1_XAU_R1_PULLBACK_LONG_V2_M15_SESSION_09_15::1025742::XAUUSD::932200::760,r1_h1_pullback_long_v1,R1,UPTREND,LONG,2025.11.25 13:00:00,2025.11.25 13:00:00,2025.11.25 14:46:39,BT_A1_XAU_R1_PULLBACK_LONG_V2_M15_SESSION_09_15,1025742,XAUUSD,932200,760,760,760,761,761,0.01,4129.91,4114.23,4161.27,4129.61,4129.91,30,0.0191,R1_H1_EMA_PULLBACK_LONG_M15,4
r1_h1_pullback_long_v1::BT_A1_XAU_R1_PULLBACK_LONG_V2_M15_SESSION_09_15::1025742::XAUUSD::932200::762,r1_h1_pullback_long_v1,R1,UPTREND,LONG,2025.11.26 13:30:00,2025.11.26 13:30:00,2025.11.26 14:08:18,BT_A1_XAU_R1_PULLBACK_LONG_V2_M15_SESSION_09_15,1025742,XAUUSD,932200,762,762,762,763,763,0.01,4163.42,4145.80,4198.66,4163.12,4163.42,30,0.0170,R1_H1_EMA_PULLBACK_LONG_M15,4
r1_h1_pullback_long_v1::BT_A1_XAU_R1_PULLBACK_LONG_V2_M15_SESSION_09_15::1025742::XAUUSD::932200::764,r1_h1_pullback_long_v1,R1,UPTREND,LONG,2025.11.27 09:00:00,2025.11.27 09:00:00,2025.11.27 09:03:40,BT_A1_XAU_R1_PULLBACK_LONG_V2_M15_SESSION_09_15,1025742,XAUUSD,932200,764,764,764,765,765,0.01,4166.04,4156.55,4185.01,4165.74,4166.04,30,0.0316,R1_H1_EMA_PULLBACK_LONG_M15,4
r1_h1_pullback_long_v1::BT_A1_XAU_R1_PULLBACK_LONG_V2_M15_SESSION_09_15::1025742::XAUUSD::932200::766,r1_h1_pullback_long_v1,R1,UPTREND,LONG,2025.11.27 09:45:00,2025.11.27 09:45:00,2025.11.28 00:34:30,BT_A1_XAU_R1_PULLBACK_LONG_V2_M15_SESSION_09_15,1025742,XAUUSD,932200,766,766,766,767,767,0.01,4157.64,4147.21,4178.49,4157.34,4157.64,30,0.0288,R1_H1_EMA_PULLBACK_LONG_M15,5
h4_d1_long_best_box2_atr80::BT_A1_XAU_ROUTER_V1_R1_LONG_BOX2_PREVHEALTH::1025742::XAUUSD::932200::248,h4_d1_long_best_box2_atr80,R1,UPTREND,LONG,2025.12.01 04:00:00,2025.12.01 04:00:00,2025.12.22 15:45:28,BT_A1_XAU_ROUTER_V1_R1_LONG_BOX2_PREVHEALTH,1025742,XAUUSD,932200,248,248,248,259,259,0.01,4239.57,4144.26,4430.19,4239.27,4239.57,30,0.0031,D1_COMPRESSION_H4_EXPANSION_LONG,5
h4_d1_long_best_box2_atr80::BT_A1_XAU_ROUTER_V1_R1_LONG_BOX2_PREVHEALTH::1025742::XAUUSD::932200::249,h4_d1_long_best_box2_atr80,R1,UPTREND,LONG,2025.12.01 12:00:00,2025.12.01 12:00:00,2025.12.23 01:01:24,BT_A1_XAU_ROUTER_V1_R1_LONG_BOX2_PREVHEALTH,1025742,XAUUSD,932200,249,249,249,261,261,0.01,4254.84,4144.27,4475.98,4254.54,4254.84,30,0.0027,D1_COMPRESSION_H4_EXPANSION_LONG,5
h4_d1_long_best_box2_atr80::BT_A1_XAU_ROUTER_V1_R1_LONG_BOX2_PREVHEALTH::1025742::XAUUSD::932200::250,h4_d1_long_best_box2_atr80,R1,UPTREND,LONG,2025.12.05 16:00:00,2025.12.05 16:00:00,2025.12.09 06:09:38,BT_A1_XAU_ROUTER_V1_R1_LONG_BOX2_PREVHEALTH,1025742,XAUUSD,932200,250,250,250,251,251,0.01,4243.96,4175.18,4381.52,4243.66,4243.96,30,0.0044,D1_COMPRESSION_H4_EXPANSION_LONG,4
r1_h1_pullback_long_v1::BT_A1_XAU_R1_PULLBACK_LONG_V2_M15_SESSION_09_15::1025742::XAUUSD::932200::768,r1_h1_pullback_long_v1,R1,UPTREND,LONG,2025.12.11 13:45:00,2025.12.11 13:45:00,2025.12.11 15:41:31,BT_A1_XAU_R1_PULLBACK_LONG_V2_M15_SESSION_09_15,1025742,XAUUSD,932200,768,768,768,769,769,0.01,4219.91,4203.98,4251.77,4219.61,4219.91,30,0.0188,R1_H1_EMA_PULLBACK_LONG_M15,5
h4_d1_long_best_box2_atr80::BT_A1_XAU_ROUTER_V1_R1_LONG_BOX2_PREVHEALTH::1025742::XAUUSD::932200::252,h4_d1_long_best_box2_atr80,R1,UPTREND,LONG,2025.12.11 16:00:00,2025.12.11 16:00:00,2025.12.22 14:17:41,BT_A1_XAU_ROUTER_V1_R1_LONG_BOX2_PREVHEALTH,1025742,XAUUSD,932200,252,252,252,258,258,0.01,4256.28,4170.27,4428.30,4255.98,4256.28,30,0.0035,D1_COMPRESSION_H4_EXPANSION_LONG,5
h4_d1_long_best_box2_atr80::BT_A1_XAU_ROUTER_V1_R1_LONG_BOX2_PREVHEALTH::1025742::XAUUSD::932200::253,h4_d1_long_best_box2_atr80,R1,UPTREND,LONG,2025.12.11 20:00:00,2025.12.11 20:00:00,2025.12.23 01:06:42,BT_A1_XAU_ROUTER_V1_R1_LONG_BOX2_PREVHEALTH,1025742,XAUUSD,932200,253,253,253,262,262,0.01,4273.78,4170.29,4480.76,4273.48,4273.78,30,0.0029,D1_COMPRESSION_H4_EXPANSION_LONG,5
h4_d1_long_best_box2_atr80::BT_A1_XAU_ROUTER_V1_R1_LONG_BOX2_PREVHEALTH::1025742::XAUUSD::932200::254,h4_d1_long_best_box2_atr80,R1,UPTREND,LONG,2025.12.12 08:00:00,2025.12.12 08:00:00,2025.12.23 02:43:41,BT_A1_XAU_ROUTER_V1_R1_LONG_BOX2_PREVHEALTH,1025742,XAUUSD,932200,254,254,254,263,263,0.01,4287.34,4182.17,4497.68,4287.04,4287.34,30,0.0029,D1_COMPRESSION_H4_EXPANSION_LONG,5
h4_d1_long_best_box2_atr80::BT_A1_XAU_ROUTER_V1_R1_LONG_BOX2_PREVHEALTH::1025742::XAUUSD::932200::255,h4_d1_long_best_box2_atr80,R1,UPTREND,LONG,2025.12.12 12:00:00,2025.12.12 12:00:00,2026.01.18 23:02:13,BT_A1_XAU_ROUTER_V1_R1_LONG_BOX2_PREVHEALTH,1025742,XAUUSD,932200,255,255,255,278,278,0.01,4336.60,4182.19,4645.42,4336.30,4336.60,30,0.0019,D1_COMPRESSION_H4_EXPANSION_LONG,5
r1_h1_pullback_long_v1::BT_A1_XAU_R1_PULLBACK_LONG_V2_M15_SESSION_09_15::1025742::XAUUSD::932200::770,r1_h1_pullback_long_v1,R1,UPTREND,LONG,2025.12.17 09:00:00,2025.12.17 09:00:00,2025.12.17 10:38:14,BT_A1_XAU_R1_PULLBACK_LONG_V2_M15_SESSION_09_15,1025742,XAUUSD,932200,770,770,770,773,773,0.01,4319.33,4306.83,4344.32,4319.03,4319.33,30,0.0240,R1_H1_EMA_PULLBACK_LONG_M15,4
r1_h1_pullback_long_v1::BT_A1_XAU_R1_PULLBACK_LONG_V2_M15_SESSION_09_15::1025742::XAUUSD::932200::771,r1_h1_pullback_long_v1,R1,UPTREND,LONG,2025.12.17 10:15:00,2025.12.17 10:15:00,2025.12.17 10:35:40,BT_A1_XAU_R1_PULLBACK_LONG_V2_M15_SESSION_09_15,1025742,XAUUSD,932200,771,771,771,772,772,0.01,4319.70,4311.94,4335.23,4319.40,4319.70,30,0.0386,R1_H1_EMA_PULLBACK_LONG_M15,4
r1_h1_pullback_long_v1::BT_A1_XAU_R1_PULLBACK_LONG_V2_M15_SESSION_09_15::1025742::XAUUSD::932200::774,r1_h1_pullback_long_v1,R1,UPTREND,LONG,2025.12.17 11:00:00,2025.12.17 11:00:00,2025.12.17 13:58:41,BT_A1_XAU_R1_PULLBACK_LONG_V2_M15_SESSION_09_15,1025742,XAUUSD,932200,774,774,774,777,777,0.01,4317.95,4305.16,4343.53,4317.65,4317.95,30,0.0235,R1_H1_EMA_PULLBACK_LONG_M15,5
r1_h1_pullback_long_v1::BT_A1_XAU_R1_PULLBACK_LONG_V2_M15_SESSION_09_15::1025742::XAUUSD::932200::775,r1_h1_pullback_long_v1,R1,UPTREND,LONG,2025.12.17 12:30:00,2025.12.17 12:30:00,2025.12.17 13:40:25,BT_A1_XAU_R1_PULLBACK_LONG_V2_M15_SESSION_09_15,1025742,XAUUSD,932200,775,775,775,776,776,0.01,4321.54,4313.97,4336.68,4321.24,4321.54,30,0.0396,R1_H1_EMA_PULLBACK_LONG_M15,5
r1_h1_pullback_long_v1::BT_A1_XAU_R1_PULLBACK_LONG_V2_M15_SESSION_09_15::1025742::XAUUSD::932200::778,r1_h1_pullback_long_v1,R1,UPTREND,LONG,2025.12.19 14:45:00,2025.12.19 14:45:00,2025.12.19 14:47:03,BT_A1_XAU_R1_PULLBACK_LONG_V2_M15_SESSION_09_15,1025742,XAUUSD,932200,778,778,778,779,779,0.01,4335.11,4324.09,4357.16,4334.81,4335.11,30,0.0272,R1_H1_EMA_PULLBACK_LONG_M15,4
h4_d1_long_best_box2_atr80::BT_A1_XAU_ROUTER_V1_R1_LONG_BOX2_PREVHEALTH::1025742::XAUUSD::932200::256,h4_d1_long_best_box2_atr80,R1,UPTREND,LONG,2025.12.22 04:00:00,2025.12.22 04:00:00,2025.12.29 15:22:30,BT_A1_XAU_ROUTER_V1_R1_LONG_BOX2_PREVHEALTH,1025742,XAUUSD,932200,256,256,256,272,272,0.01,4392.88,4309.60,4559.44,4392.58,4392.88,30,0.0036,D1_COMPRESSION_H4_EXPANSION_LONG,4
h4_d1_long_best_box2_atr80::BT_A1_XAU_ROUTER_V1_R1_LONG_BOX2_PREVHEALTH::1025742::XAUUSD::932200::257,h4_d1_long_best_box2_atr80,R1,UPTREND,LONG,2025.12.22 08:00:00,2025.12.22 08:00:00,2025.12.29 15:22:30,BT_A1_XAU_ROUTER_V1_R1_LONG_BOX2_PREVHEALTH,1025742,XAUUSD,932200,257,257,257,274,274,0.01,4414.50,4309.49,4624.52,4414.20,4414.50,30,0.0029,D1_COMPRESSION_H4_EXPANSION_LONG,4
h4_d1_long_best_box2_atr80::BT_A1_XAU_ROUTER_V1_R1_LONG_BOX2_PREVHEALTH::1025742::XAUUSD::932200::260,h4_d1_long_best_box2_atr80,R1,UPTREND,LONG,2025.12.22 16:00:00,2025.12.22 16:00:00,2025.12.29 15:22:30,BT_A1_XAU_ROUTER_V1_R1_LONG_BOX2_PREVHEALTH,1025742,XAUUSD,932200,260,260,260,273,273,0.01,4432.08,4309.62,4677.00,4431.78,4432.08,30,0.0024,D1_COMPRESSION_H4_EXPANSION_LONG,4
h4_d1_long_best_box2_atr80::BT_A1_XAU_ROUTER_V1_R1_LONG_BOX2_PREVHEALTH::1025742::XAUUSD::932200::264,h4_d1_long_best_box2_atr80,R1,UPTREND,LONG,2025.12.23 04:00:00,2025.12.23 04:00:00,2025.12.29 15:05:42,BT_A1_XAU_ROUTER_V1_R1_LONG_BOX2_PREVHEALTH,1025742,XAUUSD,932200,264,264,264,269,269,0.01,4487.05,4338.25,4784.65,4486.75,4487.05,30,0.0020,D1_COMPRESSION_H4_EXPANSION_LONG,4
h4_d1_long_best_box2_atr80::BT_A1_XAU_ROUTER_V1_R1_LONG_BOX2_PREVHEALTH::1025742::XAUUSD::932200::265,h4_d1_long_best_box2_atr80,R1,UPTREND,LONG,2025.12.23 12:00:00,2025.12.23 12:00:00,2025.12.29 15:05:42,BT_A1_XAU_ROUTER_V1_R1_LONG_BOX2_PREVHEALTH,1025742,XAUUSD,932200,265,265,265,270,270,0.01,4493.75,4338.25,4804.75,4493.45,4493.75,30,0.0019,D1_COMPRESSION_H4_EXPANSION_LONG,4
h4_d1_long_best_box2_atr80::BT_A1_XAU_ROUTER_V1_R1_LONG_BOX2_PREVHEALTH::1025742::XAUUSD::932200::266,h4_d1_long_best_box2_atr80,R1,UPTREND,LONG,2025.12.23 20:00:00,2025.12.23 20:00:00,2025.12.29 15:05:42,BT_A1_XAU_ROUTER_V1_R1_LONG_BOX2_PREVHEALTH,1025742,XAUUSD,932200,266,266,266,271,271,0.01,4491.12,4338.22,4796.92,4490.82,4491.12,30,0.0020,D1_COMPRESSION_H4_EXPANSION_LONG,4
r1_h1_pullback_long_v1::BT_A1_XAU_R1_PULLBACK_LONG_V2_M15_SESSION_09_15::1025742::XAUUSD::932200::780,r1_h1_pullback_long_v1,R1,UPTREND,LONG,2025.12.24 10:00:00,2025.12.24 10:00:00,2025.12.24 13:19:42,BT_A1_XAU_R1_PULLBACK_LONG_V2_M15_SESSION_09_15,1025742,XAUUSD,932200,780,780,780,789,789,0.01,4494.87,4480.18,4524.25,4494.57,4494.87,30,0.0204,R1_H1_EMA_PULLBACK_LONG_M15,4
r1_h1_pullback_long_v1::BT_A1_XAU_R1_PULLBACK_LONG_V2_M15_SESSION_09_15::1025742::XAUUSD::932200::781,r1_h1_pullback_long_v1,R1,UPTREND,LONG,2025.12.24 10:30:00,2025.12.24 10:30:00,2025.12.24 13:19:42,BT_A1_XAU_R1_PULLBACK_LONG_V2_M15_SESSION_09_15,1025742,XAUUSD,932200,781,781,781,788,788,0.01,4494.45,4480.40,4522.55,4494.15,4494.45,30,0.0214,R1_H1_EMA_PULLBACK_LONG_M15,4
r1_h1_pullback_long_v1::BT_A1_XAU_R1_PULLBACK_LONG_V2_M15_SESSION_09_15::1025742::XAUUSD::932200::782,r1_h1_pullback_long_v1,R1,UPTREND,LONG,2025.12.24 11:00:00,2025.12.24 11:00:00,2025.12.24 13:19:40,BT_A1_XAU_R1_PULLBACK_LONG_V2_M15_SESSION_09_15,1025742,XAUUSD,932200,782,782,782,787,787,0.01,4489.70,4480.90,4507.30,4489.40,4489.70,30,0.0341,R1_H1_EMA_PULLBACK_LONG_M15,4
r1_h1_pullback_long_v1::BT_A1_XAU_R1_PULLBACK_LONG_V2_M15_SESSION_09_15::1025742::XAUUSD::932200::783,r1_h1_pullback_long_v1,R1,UPTREND,LONG,2025.12.24 12:00:00,2025.12.24 12:00:00,2025.12.24 13:19:40,BT_A1_XAU_R1_PULLBACK_LONG_V2_M15_SESSION_09_15,1025742,XAUUSD,932200,783,783,783,786,786,0.01,4491.73,4480.99,4513.21,4491.43,4491.73,30,0.0279,R1_H1_EMA_PULLBACK_LONG_M15,4
r1_h1_pullback_long_v1::BT_A1_XAU_R1_PULLBACK_LONG_V2_M15_SESSION_09_15::1025742::XAUUSD::932200::784,r1_h1_pullback_long_v1,R1,UPTREND,LONG,2025.12.24 12:15:00,2025.12.24 12:15:00,2025.12.24 13:12:38,BT_A1_XAU_R1_PULLBACK_LONG_V2_M15_SESSION_09_15,1025742,XAUUSD,932200,784,784,784,785,785,0.01,4495.58,4481.99,4522.76,4495.28,4495.58,30,0.0221,R1_H1_EMA_PULLBACK_LONG_M15,4
r1_h1_pullback_long_v1::BT_A1_XAU_R1_PULLBACK_LONG_V2_M15_SESSION_09_15::1025742::XAUUSD::932200::790,r1_h1_pullback_long_v1,R1,UPTREND,LONG,2025.12.26 11:45:00,2025.12.26 11:45:00,2025.12.26 13:25:16,BT_A1_XAU_R1_PULLBACK_LONG_V2_M15_SESSION_09_15,1025742,XAUUSD,932200,790,790,790,792,792,0.01,4508.00,4502.12,4519.76,4507.70,4508.00,30,0.0510,R1_H1_EMA_PULLBACK_LONG_M15,5
r1_h1_pullback_long_v1::BT_A1_XAU_R1_PULLBACK_LONG_V2_M15_SESSION_09_15::1025742::XAUUSD::932200::791,r1_h1_pullback_long_v1,R1,UPTREND,LONG,2025.12.26 13:15:00,2025.12.26 13:15:00,2025.12.26 15:37:28,BT_A1_XAU_R1_PULLBACK_LONG_V2_M15_SESSION_09_15,1025742,XAUUSD,932200,791,791,791,794,794,0.01,4514.79,4501.48,4541.42,4514.49,4514.79,30,0.0225,R1_H1_EMA_PULLBACK_LONG_M15,5
r1_h1_pullback_long_v1::BT_A1_XAU_R1_PULLBACK_LONG_V2_M15_SESSION_09_15::1025742::XAUUSD::932200::793,r1_h1_pullback_long_v1,R1,UPTREND,LONG,2025.12.26 13:30:00,2025.12.26 13:30:00,2025.12.26 16:05:13,BT_A1_XAU_R1_PULLBACK_LONG_V2_M15_SESSION_09_15,1025742,XAUUSD,932200,793,793,793,795,795,0.01,4518.12,4502.51,4549.33,4517.82,4518.12,30,0.0192,R1_H1_EMA_PULLBACK_LONG_M15,5
h4_d1_long_best_box2_atr80::BT_A1_XAU_ROUTER_V1_R1_LONG_BOX2_PREVHEALTH::1025742::XAUUSD::932200::267,h4_d1_long_best_box2_atr80,R1,UPTREND,LONG,2025.12.26 16:00:00,2025.12.26 16:00:00,2025.12.29 07:03:39,BT_A1_XAU_ROUTER_V1_R1_LONG_BOX2_PREVHEALTH,1025742,XAUUSD,932200,267,267,267,268,268,0.01,4546.93,4448.65,4743.49,4546.63,4546.93,30,0.0031,D1_COMPRESSION_H4_EXPANSION_LONG,4
r1_h1_pullback_long_v1::BT_A1_XAU_R1_PULLBACK_LONG_V2_M15_SESSION_09_15::1025742::XAUUSD::932200::796,r1_h1_pullback_long_v1,R1,UPTREND,LONG,2026.01.09 09:00:00,2026.01.09 09:00:00,2026.01.09 12:06:14,BT_A1_XAU_R1_PULLBACK_LONG_V2_M15_SESSION_09_15,1025742,XAUUSD,932200,796,796,796,799,799,0.01,4468.68,4462.85,4480.34,4468.38,4468.68,30,0.0515,R1_H1_EMA_PULLBACK_LONG_M15,5
r1_h1_pullback_long_v1::BT_A1_XAU_R1_PULLBACK_LONG_V2_M15_SESSION_09_15::1025742::XAUUSD::932200::797,r1_h1_pullback_long_v1,R1,UPTREND,LONG,2026.01.09 09:15:00,2026.01.09 09:15:00,2026.01.09 12:33:31,BT_A1_XAU_R1_PULLBACK_LONG_V2_M15_SESSION_09_15,1025742,XAUUSD,932200,797,797,797,801,801,0.01,4474.95,4462.93,4498.99,4474.65,4474.95,30,0.0250,R1_H1_EMA_PULLBACK_LONG_M15,4
r1_h1_pullback_long_v1::BT_A1_XAU_R1_PULLBACK_LONG_V2_M15_SESSION_09_15::1025742::XAUUSD::932200::798,r1_h1_pullback_long_v1,R1,UPTREND,LONG,2026.01.09 12:00:00,2026.01.09 12:00:00,2026.01.09 12:31:15,BT_A1_XAU_R1_PULLBACK_LONG_V2_M15_SESSION_09_15,1025742,XAUUSD,932200,798,798,798,800,800,0.01,4475.69,4466.15,4494.78,4475.39,4475.69,30,0.0314,R1_H1_EMA_PULLBACK_LONG_M15,4
r1_h1_pullback_long_v1::BT_A1_XAU_R1_PULLBACK_LONG_V2_M15_SESSION_09_15::1025742::XAUUSD::932200::802,r1_h1_pullback_long_v1,R1,UPTREND,LONG,2026.01.09 13:30:00,2026.01.09 13:30:00,2026.01.09 13:30:42,BT_A1_XAU_R1_PULLBACK_LONG_V2_M15_SESSION_09_15,1025742,XAUUSD,932200,802,802,802,803,803,0.01,4473.03,4459.68,4499.72,4472.73,4473.03,30,0.0225,R1_H1_EMA_PULLBACK_LONG_M15,4
h4_d1_long_best_box2_atr80::BT_A1_XAU_ROUTER_V1_R1_LONG_BOX2_PREVHEALTH::1025742::XAUUSD::932200::275,h4_d1_long_best_box2_atr80,R1,UPTREND,LONG,2026.01.12 04:00:00,2026.01.12 04:00:00,2026.01.21 01:14:18,BT_A1_XAU_ROUTER_V1_R1_LONG_BOX2_PREVHEALTH,1025742,XAUUSD,932200,275,275,275,282,282,0.01,4570.78,4453.09,4806.16,4570.48,4570.78,30,0.0025,D1_COMPRESSION_H4_EXPANSION_LONG,5
h4_d1_long_best_box2_atr80::BT_A1_XAU_ROUTER_V1_R1_LONG_BOX2_PREVHEALTH::1025742::XAUUSD::932200::276,h4_d1_long_best_box2_atr80,R1,UPTREND,LONG,2026.01.12 08:00:00,2026.01.12 08:00:00,2026.01.21 04:35:39,BT_A1_XAU_ROUTER_V1_R1_LONG_BOX2_PREVHEALTH,1025742,XAUUSD,932200,276,276,276,284,284,0.01,4587.91,4453.03,4857.67,4587.61,4587.91,30,0.0022,D1_COMPRESSION_H4_EXPANSION_LONG,5
h4_d1_long_best_box2_atr80::BT_A1_XAU_ROUTER_V1_R1_LONG_BOX2_PREVHEALTH::1025742::XAUUSD::932200::277,h4_d1_long_best_box2_atr80,R1,UPTREND,LONG,2026.01.12 16:00:00,2026.01.12 16:00:00,2026.01.22 23:08:40,BT_A1_XAU_ROUTER_V1_R1_LONG_BOX2_PREVHEALTH,1025742,XAUUSD,932200,277,277,277,287,287,0.01,4621.38,4452.96,4958.22,4621.08,4621.38,30,0.0018,D1_COMPRESSION_H4_EXPANSION_LONG,5
r1_h1_pullback_long_v1::BT_A1_XAU_R1_PULLBACK_LONG_V2_M15_SESSION_09_15::1025742::XAUUSD::932200::804,r1_h1_pullback_long_v1,R1,UPTREND,LONG,2026.01.13 13:00:00,2026.01.13 13:00:00,2026.01.13 14:45:41,BT_A1_XAU_R1_PULLBACK_LONG_V2_M15_SESSION_09_15,1025742,XAUUSD,932200,804,804,804,805,805,0.01,4593.75,4576.85,4627.56,4593.45,4593.75,30,0.0177,R1_H1_EMA_PULLBACK_LONG_M15,5
h4_d1_long_best_box2_atr80::BT_A1_XAU_ROUTER_V1_R1_LONG_BOX2_PREVHEALTH::1025742::XAUUSD::932200::279,h4_d1_long_best_box2_atr80,R1,UPTREND,LONG,2026.01.20 08:00:00,2026.01.20 08:00:00,2026.01.22 18:08:40,BT_A1_XAU_ROUTER_V1_R1_LONG_BOX2_PREVHEALTH,1025742,XAUUSD,932200,279,279,279,286,286,0.01,4716.45,4618.45,4912.45,4716.15,4716.45,30,0.0031,D1_COMPRESSION_H4_EXPANSION_LONG,5
h4_d1_long_best_box2_atr80::BT_A1_XAU_ROUTER_V1_R1_LONG_BOX2_PREVHEALTH::1025742::XAUUSD::932200::280,h4_d1_long_best_box2_atr80,R1,UPTREND,LONG,2026.01.20 12:00:00,2026.01.20 12:00:00,2026.01.23 00:04:05,BT_A1_XAU_ROUTER_V1_R1_LONG_BOX2_PREVHEALTH,1025742,XAUUSD,932200,280,280,280,288,288,0.01,4733.17,4618.25,4963.01,4732.87,4733.17,30,0.0026,D1_COMPRESSION_H4_EXPANSION_LONG,5
h4_d1_long_best_box2_atr80::BT_A1_XAU_ROUTER_V1_R1_LONG_BOX2_PREVHEALTH::1025742::XAUUSD::932200::281,h4_d1_long_best_box2_atr80,R1,UPTREND,LONG,2026.01.20 20:00:00,2026.01.20 20:00:00,2026.01.26 00:33:28,BT_A1_XAU_ROUTER_V1_R1_LONG_BOX2_PREVHEALTH,1025742,XAUUSD,932200,281,281,281,289,289,0.01,4760.89,4618.29,5046.09,4760.59,4760.89,30,0.0021,D1_COMPRESSION_H4_EXPANSION_LONG,5
h4_d1_long_best_box2_atr80::BT_A1_XAU_ROUTER_V1_R1_LONG_BOX2_PREVHEALTH::1025742::XAUUSD::932200::283,h4_d1_long_best_box2_atr80,R1,UPTREND,LONG,2026.01.21 04:00:00,2026.01.21 04:00:00,2026.01.28 02:32:42,BT_A1_XAU_ROUTER_V1_R1_LONG_BOX2_PREVHEALTH,1025742,XAUUSD,932200,283,283,283,290,290,0.01,4845.31,4653.40,5229.13,4845.01,4845.31,30,0.0016,D1_COMPRESSION_H4_EXPANSION_LONG,5
h4_d1_long_best_box2_atr80::BT_A1_XAU_ROUTER_V1_R1_LONG_BOX2_PREVHEALTH::1025742::XAUUSD::932200::285,h4_d1_long_best_box2_atr80,R1,UPTREND,LONG,2026.01.21 12:00:00,2026.01.21 12:00:00,2026.01.28 08:02:37,BT_A1_XAU_ROUTER_V1_R1_LONG_BOX2_PREVHEALTH,1025742,XAUUSD,932200,285,285,285,291,291,0.01,4867.16,4653.49,5294.50,4866.86,4867.16,30,0.0014,D1_COMPRESSION_H4_EXPANSION_LONG,5
r1_h1_pullback_long_v1::BT_A1_XAU_R1_PULLBACK_LONG_V2_M15_SESSION_09_15::1025742::XAUUSD::932200::806,r1_h1_pullback_long_v1,R1,UPTREND,LONG,2026.01.22 09:00:00,2026.01.22 09:00:00,2026.01.22 09:32:38,BT_A1_XAU_R1_PULLBACK_LONG_V2_M15_SESSION_09_15,1025742,XAUUSD,932200,806,806,806,807,807,0.01,4831.06,4820.46,4852.26,4830.71,4831.06,35,0.0330,R1_H1_EMA_PULLBACK_LONG_M15,4
r1_h1_pullback_long_v1::BT_A1_XAU_R1_PULLBACK_LONG_V2_M15_SESSION_09_15::1025742::XAUUSD::932200::808,r1_h1_pullback_long_v1,R1,UPTREND,LONG,2026.01.22 10:00:00,2026.01.22 10:00:00,2026.01.22 13:42:39,BT_A1_XAU_R1_PULLBACK_LONG_V2_M15_SESSION_09_15,1025742,XAUUSD,932200,808,808,808,814,814,0.01,4823.30,4812.38,4845.14,4822.95,4823.30,35,0.0320,R1_H1_EMA_PULLBACK_LONG_M15,4
r1_h1_pullback_long_v1::BT_A1_XAU_R1_PULLBACK_LONG_V2_M15_SESSION_09_15::1025742::XAUUSD::932200::809,r1_h1_pullback_long_v1,R1,UPTREND,LONG,2026.01.22 10:30:00,2026.01.22 10:30:00,2026.01.22 13:42:39,BT_A1_XAU_R1_PULLBACK_LONG_V2_M15_SESSION_09_15,1025742,XAUUSD,932200,809,809,809,815,815,0.01,4827.10,4812.33,4856.64,4826.75,4827.10,35,0.0237,R1_H1_EMA_PULLBACK_LONG_M15,4
r1_h1_pullback_long_v1::BT_A1_XAU_R1_PULLBACK_LONG_V2_M15_SESSION_09_15::1025742::XAUUSD::932200::810,r1_h1_pullback_long_v1,R1,UPTREND,LONG,2026.01.22 11:45:00,2026.01.22 11:45:00,2026.01.22 12:59:27,BT_A1_XAU_R1_PULLBACK_LONG_V2_M15_SESSION_09_15,1025742,XAUUSD,932200,810,810,810,813,813,0.01,4831.11,4819.92,4853.49,4830.76,4831.11,35,0.0313,R1_H1_EMA_PULLBACK_LONG_M15,4
r1_h1_pullback_long_v1::BT_A1_XAU_R1_PULLBACK_LONG_V2_M15_SESSION_09_15::1025742::XAUUSD::932200::811,r1_h1_pullback_long_v1,R1,UPTREND,LONG,2026.01.22 12:30:00,2026.01.22 12:30:00,2026.01.22 12:57:42,BT_A1_XAU_R1_PULLBACK_LONG_V2_M15_SESSION_09_15,1025742,XAUUSD,932200,811,811,811,812,812,0.01,4831.81,4821.92,4851.59,4831.46,4831.81,35,0.0354,R1_H1_EMA_PULLBACK_LONG_M15,4
r1_h1_pullback_long_v1::BT_A1_XAU_R1_PULLBACK_LONG_V2_M15_SESSION_09_15::1025742::XAUUSD::932200::816,r1_h1_pullback_long_v1,R1,UPTREND,LONG,2026.01.22 14:00:00,2026.01.22 14:00:00,2026.01.22 15:26:17,BT_A1_XAU_R1_PULLBACK_LONG_V2_M15_SESSION_09_15,1025742,XAUUSD,932200,816,816,816,818,818,0.01,4822.41,4808.80,4849.64,4822.06,4822.41,35,0.0257,R1_H1_EMA_PULLBACK_LONG_M15,5
r1_h1_pullback_long_v1::BT_A1_XAU_R1_PULLBACK_LONG_V2_M15_SESSION_09_15::1025742::XAUUSD::932200::817,r1_h1_pullback_long_v1,R1,UPTREND,LONG,2026.01.22 14:30:00,2026.01.22 14:30:00,2026.01.22 15:53:04,BT_A1_XAU_R1_PULLBACK_LONG_V2_M15_SESSION_09_15,1025742,XAUUSD,932200,817,817,817,819,819,0.01,4829.85,4809.04,4871.47,4829.50,4829.85,35,0.0168,R1_H1_EMA_PULLBACK_LONG_M15,5
r1_h1_pullback_long_v1::BT_A1_XAU_R1_PULLBACK_LONG_V2_M15_SESSION_09_15::1025742::XAUUSD::932200::820,r1_h1_pullback_long_v1,R1,UPTREND,LONG,2026.02.20 12:45:00,2026.02.20 12:45:00,2026.02.20 15:06:29,BT_A1_XAU_R1_PULLBACK_LONG_V2_M15_SESSION_09_15,1025742,XAUUSD,932200,820,820,820,821,821,0.01,5025.36,5004.67,5066.74,5024.86,5025.36,50,0.0242,R1_H1_EMA_PULLBACK_LONG_M15,4
r1_h1_pullback_long_v1::BT_A1_XAU_R1_PULLBACK_LONG_V2_M15_SESSION_09_15::1025742::XAUUSD::932200::822,r1_h1_pullback_long_v1,R1,UPTREND,LONG,2026.02.25 09:30:00,2026.02.25 09:30:00,2026.02.25 10:20:04,BT_A1_XAU_R1_PULLBACK_LONG_V2_M15_SESSION_09_15,1025742,XAUUSD,932200,822,822,822,823,823,0.01,5187.20,5175.14,5211.32,5186.70,5187.20,50,0.0415,R1_H1_EMA_PULLBACK_LONG_M15,4
r1_h1_pullback_long_v1::BT_A1_XAU_R1_PULLBACK_LONG_V2_M15_SESSION_09_15::1025742::XAUUSD::932200::824,r1_h1_pullback_long_v1,R1,UPTREND,LONG,2026.02.25 13:15:00,2026.02.25 13:15:00,2026.02.25 14:35:30,BT_A1_XAU_R1_PULLBACK_LONG_V2_M15_SESSION_09_15,1025742,XAUUSD,932200,824,824,824,825,825,0.01,5187.70,5170.46,5222.18,5187.20,5187.70,50,0.0290,R1_H1_EMA_PULLBACK_LONG_M15,4
r1_h1_pullback_long_v1::BT_A1_XAU_R1_PULLBACK_LONG_V2_M15_SESSION_09_15::1025742::XAUUSD::932200::826,r1_h1_pullback_long_v1,R1,UPTREND,LONG,2026.03.12 12:30:00,2026.03.12 12:30:00,2026.03.12 13:23:03,BT_A1_XAU_R1_PULLBACK_LONG_V2_M15_SESSION_09_15,1025742,XAUUSD,932200,826,826,826,827,827,0.01,5172.62,5162.47,5192.91,5172.12,5172.62,50,0.0493,R1_H1_EMA_PULLBACK_LONG_M15,4
r2_continuation_short_v1::BT_A1_XAU_R2_IMPULSE_BODY45_ATR45_DAILY_LOSS10::1025742::XAUUSD::932200::2,r2_continuation_short_v1,R2,DOWNTREND,SHORT,2026.03.27 09:00:00,2026.03.27 09:00:00,2026.03.27 12:50:28,BT_A1_XAU_R2_IMPULSE_BODY45_ATR45_DAILY_LOSS10,1025742,XAUUSD,932200,2,2,2,5,5,0.01,4424.09,4441.60,4389.07,4424.09,4424.59,50,0.0286,BEAR_DOWNSIDE_IMPULSE_RETEST_SHORT,4
r2_continuation_short_v1::BT_A1_XAU_R2_IMPULSE_BODY45_ATR45_DAILY_LOSS10::1025742::XAUUSD::932200::3,r2_continuation_short_v1,R2,DOWNTREND,SHORT,2026.03.27 09:10:00,2026.03.27 09:10:00,2026.03.27 09:17:03,BT_A1_XAU_R2_IMPULSE_BODY45_ATR45_DAILY_LOSS10,1025742,XAUUSD,932200,3,3,3,4,4,0.01,4423.04,4432.50,4404.13,4423.04,4423.54,50,0.0529,BEAR_DOWNSIDE_IMPULSE_RETEST_SHORT,4
r2_pullback_rejection_short_v1::BT_A1_XAU_R2_H1_M5_BODY58_HOURS05_18::1025742::XAUUSD::932200::120,r2_pullback_rejection_short_v1,R2,DOWNTREND,SHORT,2026.04.27 13:00:00,2026.04.27 13:00:00,2026.04.28 05:00:31,BT_A1_XAU_R2_H1_M5_BODY58_HOURS05_18,1025742,XAUUSD,932200,120,120,120,121,121,0.01,4699.14,4715.95,4665.52,4699.14,4699.64,50,0.0297,R2_H1_EMA_PULLBACK_REJECTION_SHORT_H1,5
r2_continuation_short_v1::BT_A1_XAU_R2_IMPULSE_BODY45_ATR45_DAILY_LOSS10::1025742::XAUUSD::932200::6,r2_continuation_short_v1,R2,DOWNTREND,SHORT,2026.04.28 09:35:00,2026.04.28 09:35:00,2026.04.28 11:21:15,BT_A1_XAU_R2_IMPULSE_BODY45_ATR45_DAILY_LOSS10,1025742,XAUUSD,932200,6,6,6,8,8,0.01,4611.72,4620.28,4594.60,4611.72,4612.22,50,0.0584,BEAR_DOWNSIDE_IMPULSE_RETEST_SHORT,5
r2_continuation_short_v1::BT_A1_XAU_R2_IMPULSE_BODY45_ATR45_DAILY_LOSS10::1025742::XAUUSD::932200::7,r2_continuation_short_v1,R2,DOWNTREND,SHORT,2026.04.28 10:00:00,2026.04.28 10:00:00,2026.04.28 11:39:27,BT_A1_XAU_R2_IMPULSE_BODY45_ATR45_DAILY_LOSS10,1025742,XAUUSD,932200,7,7,7,9,9,0.01,4604.55,4620.21,4573.24,4604.55,4605.05,50,0.0319,BEAR_DOWNSIDE_IMPULSE_RETEST_SHORT,5
r2_pullback_rejection_short_v1::BT_A1_XAU_R2_H1_M5_BODY58_HOURS05_18::1025742::XAUUSD::932200::122,r2_pullback_rejection_short_v1,R2,DOWNTREND,SHORT,2026.04.29 06:00:00,2026.04.29 06:00:00,2026.04.29 12:51:41,BT_A1_XAU_R2_H1_M5_BODY58_HOURS05_18,1025742,XAUUSD,932200,122,122,122,123,123,0.01,4590.71,4610.90,4550.33,4590.71,4591.21,50,0.0248,R2_H1_EMA_PULLBACK_REJECTION_SHORT_H1,5
r2_continuation_short_v1::BT_A1_XAU_R2_IMPULSE_BODY45_ATR45_DAILY_LOSS10::1025742::XAUUSD::932200::10,r2_continuation_short_v1,R2,DOWNTREND,SHORT,2026.04.29 12:55:00,2026.04.29 12:55:00,2026.04.29 13:45:32,BT_A1_XAU_R2_IMPULSE_BODY45_ATR45_DAILY_LOSS10,1025742,XAUUSD,932200,10,10,10,13,13,0.01,4545.03,4561.30,4512.49,4545.03,4545.53,50,0.0307,BEAR_DOWNSIDE_IMPULSE_RETEST_SHORT,5
r2_continuation_short_v1::BT_A1_XAU_R2_IMPULSE_BODY45_ATR45_DAILY_LOSS10::1025742::XAUUSD::932200::11,r2_continuation_short_v1,R2,DOWNTREND,SHORT,2026.04.29 13:20:00,2026.04.29 13:20:00,2026.04.29 13:40:39,BT_A1_XAU_R2_IMPULSE_BODY45_ATR45_DAILY_LOSS10,1025742,XAUUSD,932200,11,11,11,12,12,0.01,4543.50,4554.90,4520.70,4543.50,4544.00,50,0.0439,BEAR_DOWNSIDE_IMPULSE_RETEST_SHORT,5
r2_continuation_short_v1::BT_A1_XAU_R2_IMPULSE_BODY45_ATR45_DAILY_LOSS10::1025742::XAUUSD::932200::14,r2_continuation_short_v1,R2,DOWNTREND,SHORT,2026.04.29 14:10:00,2026.04.29 14:10:00,2026.04.29 14:16:36,BT_A1_XAU_R2_IMPULSE_BODY45_ATR45_DAILY_LOSS10,1025742,XAUUSD,932200,14,14,14,15,15,0.01,4519.61,4531.96,4494.90,4519.61,4520.11,50,0.0405,BEAR_DOWNSIDE_IMPULSE_RETEST_SHORT,4
r2_continuation_short_v1::BT_A1_XAU_R2_IMPULSE_BODY45_ATR45_DAILY_LOSS10::1025742::XAUUSD::932200::16,r2_continuation_short_v1,R2,DOWNTREND,SHORT,2026.04.29 18:35:00,2026.04.29 18:35:00,2026.04.29 18:57:15,BT_A1_XAU_R2_IMPULSE_BODY45_ATR45_DAILY_LOSS10,1025742,XAUUSD,932200,16,16,16,17,17,0.01,4521.28,4541.39,4481.06,4521.28,4521.78,50,0.0249,BEAR_DOWNSIDE_IMPULSE_RETEST_SHORT,4
r2_continuation_short_v1::BT_A1_XAU_R2_IMPULSE_BODY45_ATR45_DAILY_LOSS10::1025742::XAUUSD::932200::18,r2_continuation_short_v1,R2,DOWNTREND,SHORT,2026.05.04 08:20:00,2026.05.04 08:20:00,2026.05.04 09:14:19,BT_A1_XAU_R2_IMPULSE_BODY45_ATR45_DAILY_LOSS10,1025742,XAUUSD,932200,18,18,18,19,19,0.01,4575.84,4582.41,4562.71,4575.84,4576.34,50,0.0761,BEAR_DOWNSIDE_IMPULSE_RETEST_SHORT,4
r2_continuation_short_v1::BT_A1_XAU_R2_IMPULSE_BODY45_ATR45_DAILY_LOSS10::1025742::XAUUSD::932200::20,r2_continuation_short_v1,R2,DOWNTREND,SHORT,2026.05.04 15:20:00,2026.05.04 15:20:00,2026.05.04 16:10:37,BT_A1_XAU_R2_IMPULSE_BODY45_ATR45_DAILY_LOSS10,1025742,XAUUSD,932200,20,20,20,21,21,0.01,4539.82,4557.51,4504.45,4539.82,4540.32,50,0.0283,BEAR_DOWNSIDE_IMPULSE_RETEST_SHORT,5
r2_continuation_short_v1::BT_A1_XAU_R2_IMPULSE_BODY45_ATR45_DAILY_LOSS10::1025742::XAUUSD::932200::22,r2_continuation_short_v1,R2,DOWNTREND,SHORT,2026.05.18 00:20:00,2026.05.18 00:20:00,2026.05.18 00:20:39,BT_A1_XAU_R2_IMPULSE_BODY45_ATR45_DAILY_LOSS10,1025742,XAUUSD,932200,22,22,22,23,23,0.01,4522.89,4531.60,4505.47,4522.89,4523.39,50,0.0574,BEAR_DOWNSIDE_IMPULSE_RETEST_SHORT,4
r2_pullback_rejection_short_v1::BT_A1_XAU_R2_H1_M5_BODY58_HOURS05_18::1025742::XAUUSD::932200::124,r2_pullback_rejection_short_v1,R2,DOWNTREND,SHORT,2026.05.19 12:00:00,2026.05.19 12:00:00,2026.05.19 13:30:42,BT_A1_XAU_R2_H1_M5_BODY58_HOURS05_18,1025742,XAUUSD,932200,124,124,124,125,125,0.01,4530.57,4551.95,4487.81,4530.57,4531.07,50,0.0234,R2_H1_EMA_PULLBACK_REJECTION_SHORT_H1,5
r2_continuation_short_v1::BT_A1_XAU_R2_IMPULSE_BODY45_ATR45_DAILY_LOSS10::1025742::XAUUSD::932200::24,r2_continuation_short_v1,R2,DOWNTREND,SHORT,2026.05.28 11:30:00,2026.05.28 11:30:00,2026.05.28 12:05:39,BT_A1_XAU_R2_IMPULSE_BODY45_ATR45_DAILY_LOSS10,1025742,XAUUSD,932200,24,24,24,25,25,0.01,4384.72,4391.82,4370.52,4384.72,4385.22,50,0.0704,BEAR_DOWNSIDE_IMPULSE_RETEST_SHORT,4
r2_continuation_short_v1::BT_A1_XAU_R2_IMPULSE_BODY45_ATR45_DAILY_LOSS10::1025742::XAUUSD::932200::26,r2_continuation_short_v1,R2,DOWNTREND,SHORT,2026.06.05 12:50:00,2026.06.05 12:50:00,2026.06.05 12:54:47,BT_A1_XAU_R2_IMPULSE_BODY45_ATR45_DAILY_LOSS10,1025742,XAUUSD,932200,26,26,26,27,27,0.01,4440.02,4450.72,4418.63,4440.02,4440.52,50,0.0467,BEAR_DOWNSIDE_IMPULSE_RETEST_SHORT,5
r2_continuation_short_v1::BT_A1_XAU_R2_IMPULSE_BODY45_ATR45_DAILY_LOSS10::1025742::XAUUSD::932200::28,r2_continuation_short_v1,R2,DOWNTREND,SHORT,2026.06.05 14:35:00,2026.06.05 14:35:00,2026.06.05 14:51:41,BT_A1_XAU_R2_IMPULSE_BODY45_ATR45_DAILY_LOSS10,1025742,XAUUSD,932200,28,28,28,31,31,0.01,4352.90,4366.82,4325.07,4352.90,4353.40,50,0.0359,BEAR_DOWNSIDE_IMPULSE_RETEST_SHORT,4
r2_continuation_short_v1::BT_A1_XAU_R2_IMPULSE_BODY45_ATR45_DAILY_LOSS10::1025742::XAUUSD::932200::29,r2_continuation_short_v1,R2,DOWNTREND,SHORT,2026.06.05 14:40:00,2026.06.05 14:40:00,2026.06.05 14:51:41,BT_A1_XAU_R2_IMPULSE_BODY45_ATR45_DAILY_LOSS10,1025742,XAUUSD,932200,29,29,29,30,30,0.01,4348.49,4366.75,4311.97,4348.49,4348.99,50,0.0274,BEAR_DOWNSIDE_IMPULSE_RETEST_SHORT,4
r2_continuation_short_v1::BT_A1_XAU_R2_IMPULSE_BODY45_ATR45_DAILY_LOSS10::1025742::XAUUSD::932200::32,r2_continuation_short_v1,R2,DOWNTREND,SHORT,2026.06.08 02:10:00,2026.06.08 02:10:00,2026.06.08 05:34:40,BT_A1_XAU_R2_IMPULSE_BODY45_ATR45_DAILY_LOSS10,1025742,XAUUSD,932200,32,32,32,33,33,0.01,4318.70,4333.14,4289.83,4318.70,4319.20,50,0.0346,BEAR_DOWNSIDE_IMPULSE_RETEST_SHORT,5
r2_continuation_short_v1::BT_A1_XAU_R2_IMPULSE_BODY45_ATR45_DAILY_LOSS10::1025742::XAUUSD::932200::34,r2_continuation_short_v1,R2,DOWNTREND,SHORT,2026.06.09 14:40:00,2026.06.09 14:40:00,2026.06.09 16:09:40,BT_A1_XAU_R2_IMPULSE_BODY45_ATR45_DAILY_LOSS10,1025742,XAUUSD,932200,34,34,34,40,40,0.01,4305.10,4326.54,4262.22,4305.10,4305.60,50,0.0233,BEAR_DOWNSIDE_IMPULSE_RETEST_SHORT,5
r2_continuation_short_v1::BT_A1_XAU_R2_IMPULSE_BODY45_ATR45_DAILY_LOSS10::1025742::XAUUSD::932200::35,r2_continuation_short_v1,R2,DOWNTREND,SHORT,2026.06.09 15:05:00,2026.06.09 15:05:00,2026.06.09 15:31:32,BT_A1_XAU_R2_IMPULSE_BODY45_ATR45_DAILY_LOSS10,1025742,XAUUSD,932200,35,35,35,38,38,0.01,4293.05,4305.01,4269.13,4293.05,4293.55,50,0.0418,BEAR_DOWNSIDE_IMPULSE_RETEST_SHORT,5
r2_continuation_short_v1::BT_A1_XAU_R2_IMPULSE_BODY45_ATR45_DAILY_LOSS10::1025742::XAUUSD::932200::36,r2_continuation_short_v1,R2,DOWNTREND,SHORT,2026.06.09 15:20:00,2026.06.09 15:20:00,2026.06.09 15:31:42,BT_A1_XAU_R2_IMPULSE_BODY45_ATR45_DAILY_LOSS10,1025742,XAUUSD,932200,36,36,36,39,39,0.01,4291.46,4304.85,4264.68,4291.46,4291.96,50,0.0373,BEAR_DOWNSIDE_IMPULSE_RETEST_SHORT,5
r2_continuation_short_v1::BT_A1_XAU_R2_IMPULSE_BODY45_ATR45_DAILY_LOSS10::1025742::XAUUSD::932200::37,r2_continuation_short_v1,R2,DOWNTREND,SHORT,2026.06.09 15:25:00,2026.06.09 15:25:00,2026.06.09 16:38:41,BT_A1_XAU_R2_IMPULSE_BODY45_ATR45_DAILY_LOSS10,1025742,XAUUSD,932200,37,37,37,41,41,0.01,4285.32,4304.92,4246.13,4285.32,4285.82,50,0.0255,BEAR_DOWNSIDE_IMPULSE_RETEST_SHORT,5
r2_continuation_short_v1::BT_A1_XAU_R2_IMPULSE_BODY45_ATR45_DAILY_LOSS10::1025742::XAUUSD::932200::42,r2_continuation_short_v1,R2,DOWNTREND,SHORT,2026.06.09 16:55:00,2026.06.09 16:55:00,2026.06.09 17:01:31,BT_A1_XAU_R2_IMPULSE_BODY45_ATR45_DAILY_LOSS10,1025742,XAUUSD,932200,42,42,42,43,43,0.01,4240.06,4256.79,4206.60,4240.06,4240.56,50,0.0299,BEAR_DOWNSIDE_IMPULSE_RETEST_SHORT,4
r2_continuation_short_v1::BT_A1_XAU_R2_IMPULSE_BODY45_ATR45_DAILY_LOSS10::1025742::XAUUSD::932200::44,r2_continuation_short_v1,R2,DOWNTREND,SHORT,2026.06.09 23:10:00,2026.06.09 23:10:00,2026.06.09 23:23:39,BT_A1_XAU_R2_IMPULSE_BODY45_ATR45_DAILY_LOSS10,1025742,XAUUSD,932200,44,44,44,46,46,0.01,4241.53,4248.69,4227.22,4241.53,4242.03,50,0.0699,BEAR_DOWNSIDE_IMPULSE_RETEST_SHORT,5
r2_continuation_short_v1::BT_A1_XAU_R2_IMPULSE_BODY45_ATR45_DAILY_LOSS10::1025742::XAUUSD::932200::45,r2_continuation_short_v1,R2,DOWNTREND,SHORT,2026.06.09 23:15:00,2026.06.09 23:15:00,2026.06.10 00:32:37,BT_A1_XAU_R2_IMPULSE_BODY45_ATR45_DAILY_LOSS10,1025742,XAUUSD,932200,45,45,45,50,50,0.01,4235.79,4248.50,4210.36,4235.79,4236.29,50,0.0393,BEAR_DOWNSIDE_IMPULSE_RETEST_SHORT,5
r2_continuation_short_v1::BT_A1_XAU_R2_IMPULSE_BODY45_ATR45_DAILY_LOSS10::1025742::XAUUSD::932200::47,r2_continuation_short_v1,R2,DOWNTREND,SHORT,2026.06.09 23:25:00,2026.06.09 23:25:00,2026.06.10 01:52:42,BT_A1_XAU_R2_IMPULSE_BODY45_ATR45_DAILY_LOSS10,1025742,XAUUSD,932200,47,47,47,52,52,0.01,4227.23,4248.70,4184.29,4227.23,4227.73,50,0.0233,BEAR_DOWNSIDE_IMPULSE_RETEST_SHORT,5
r2_continuation_short_v1::BT_A1_XAU_R2_IMPULSE_BODY45_ATR45_DAILY_LOSS10::1025742::XAUUSD::932200::48,r2_continuation_short_v1,R2,DOWNTREND,SHORT,2026.06.09 23:40:00,2026.06.09 23:40:00,2026.06.10 00:37:41,BT_A1_XAU_R2_IMPULSE_BODY45_ATR45_DAILY_LOSS10,1025742,XAUUSD,932200,48,48,48,51,51,0.01,4221.84,4231.63,4202.27,4221.84,4222.34,50,0.0511,BEAR_DOWNSIDE_IMPULSE_RETEST_SHORT,5
r2_continuation_short_v1::BT_A1_XAU_R2_IMPULSE_BODY45_ATR45_DAILY_LOSS10::1025742::XAUUSD::932200::49,r2_continuation_short_v1,R2,DOWNTREND,SHORT,2026.06.09 23:50:00,2026.06.09 23:50:00,2026.06.10 02:33:31,BT_A1_XAU_R2_IMPULSE_BODY45_ATR45_DAILY_LOSS10,1025742,XAUUSD,932200,49,49,49,53,53,0.01,4213.07,4231.54,4176.14,4213.07,4213.57,50,0.0271,BEAR_DOWNSIDE_IMPULSE_RETEST_SHORT,5
r2_continuation_short_v1::BT_A1_XAU_R2_IMPULSE_BODY45_ATR45_DAILY_LOSS10::1025742::XAUUSD::932200::54,r2_continuation_short_v1,R2,DOWNTREND,SHORT,2026.06.10 04:45:00,2026.06.10 04:45:00,2026.06.10 05:02:30,BT_A1_XAU_R2_IMPULSE_BODY45_ATR45_DAILY_LOSS10,1025742,XAUUSD,932200,54,54,54,55,55,0.01,4173.29,4176.79,4166.29,4173.29,4173.79,50,0.1429,BEAR_DOWNSIDE_IMPULSE_RETEST_SHORT,4
r2_continuation_short_v1::BT_A1_XAU_R2_IMPULSE_BODY45_ATR45_DAILY_LOSS10::1025742::XAUUSD::932200::56,r2_continuation_short_v1,R2,DOWNTREND,SHORT,2026.06.10 07:55:00,2026.06.10 07:55:00,2026.06.10 10:07:42,BT_A1_XAU_R2_IMPULSE_BODY45_ATR45_DAILY_LOSS10,1025742,XAUUSD,932200,56,56,56,57,57,0.01,4181.99,4194.70,4156.57,4181.99,4182.49,50,0.0393,BEAR_DOWNSIDE_IMPULSE_RETEST_SHORT,5
r2_continuation_short_v1::BT_A1_XAU_R2_IMPULSE_BODY45_ATR45_DAILY_LOSS10::1025742::XAUUSD::932200::58,r2_continuation_short_v1,R2,DOWNTREND,SHORT,2026.06.10 17:40:00,2026.06.10 17:40:00,2026.06.10 18:02:31,BT_A1_XAU_R2_IMPULSE_BODY45_ATR45_DAILY_LOSS10,1025742,XAUUSD,932200,58,58,58,61,61,0.01,4105.17,4118.18,4079.16,4105.17,4105.67,50,0.0384,BEAR_DOWNSIDE_IMPULSE_RETEST_SHORT,4
r2_continuation_short_v1::BT_A1_XAU_R2_IMPULSE_BODY45_ATR45_DAILY_LOSS10::1025742::XAUUSD::932200::59,r2_continuation_short_v1,R2,DOWNTREND,SHORT,2026.06.10 17:45:00,2026.06.10 17:45:00,2026.06.10 18:02:31,BT_A1_XAU_R2_IMPULSE_BODY45_ATR45_DAILY_LOSS10,1025742,XAUUSD,932200,59,59,59,60,60,0.01,4102.22,4118.10,4070.47,4102.22,4102.72,50,0.0315,BEAR_DOWNSIDE_IMPULSE_RETEST_SHORT,4
r2_continuation_short_v1::BT_A1_XAU_R2_IMPULSE_BODY45_ATR45_DAILY_LOSS10::1025742::XAUUSD::932200::62,r2_continuation_short_v1,R2,DOWNTREND,SHORT,2026.06.10 19:15:00,2026.06.10 19:15:00,2026.06.10 22:02:19,BT_A1_XAU_R2_IMPULSE_BODY45_ATR45_DAILY_LOSS10,1025742,XAUUSD,932200,62,62,62,63,63,0.01,4088.86,4100.55,4065.49,4088.86,4089.36,50,0.0428,BEAR_DOWNSIDE_IMPULSE_RETEST_SHORT,5
r2_continuation_short_v1::BT_A1_XAU_R2_IMPULSE_BODY45_ATR45_DAILY_LOSS10::1025742::XAUUSD::932200::64,r2_continuation_short_v1,R2,DOWNTREND,SHORT,2026.06.11 08:45:00,2026.06.11 08:45:00,2026.06.11 12:22:31,BT_A1_XAU_R2_IMPULSE_BODY45_ATR45_DAILY_LOSS10,1025742,XAUUSD,932200,64,64,64,70,70,0.01,4090.50,4100.84,4069.82,4090.50,4091.00,50,0.0483,BEAR_DOWNSIDE_IMPULSE_RETEST_SHORT,5
r2_continuation_short_v1::BT_A1_XAU_R2_IMPULSE_BODY45_ATR45_DAILY_LOSS10::1025742::XAUUSD::932200::65,r2_continuation_short_v1,R2,DOWNTREND,SHORT,2026.06.11 08:55:00,2026.06.11 08:55:00,2026.06.11 12:32:43,BT_A1_XAU_R2_IMPULSE_BODY45_ATR45_DAILY_LOSS10,1025742,XAUUSD,932200,65,65,65,71,71,0.01,4086.69,4100.81,4058.45,4086.69,4087.19,50,0.0354,BEAR_DOWNSIDE_IMPULSE_RETEST_SHORT,5
r2_continuation_short_v1::BT_A1_XAU_R2_IMPULSE_BODY45_ATR45_DAILY_LOSS10::1025742::XAUUSD::932200::66,r2_continuation_short_v1,R2,DOWNTREND,SHORT,2026.06.11 09:00:00,2026.06.11 09:00:00,2026.06.11 16:12:04,BT_A1_XAU_R2_IMPULSE_BODY45_ATR45_DAILY_LOSS10,1025742,XAUUSD,932200,66,66,66,72,72,0.01,4084.32,4100.65,4051.66,4084.32,4084.82,50,0.0306,BEAR_DOWNSIDE_IMPULSE_RETEST_SHORT,4
r2_continuation_short_v1::BT_A1_XAU_R2_IMPULSE_BODY45_ATR45_DAILY_LOSS10::1025742::XAUUSD::932200::67,r2_continuation_short_v1,R2,DOWNTREND,SHORT,2026.06.11 09:10:00,2026.06.11 09:10:00,2026.06.11 16:12:05,BT_A1_XAU_R2_IMPULSE_BODY45_ATR45_DAILY_LOSS10,1025742,XAUUSD,932200,67,67,67,73,73,0.01,4080.65,4100.74,4040.47,4080.65,4081.15,50,0.0249,BEAR_DOWNSIDE_IMPULSE_RETEST_SHORT,4
r2_continuation_short_v1::BT_A1_XAU_R2_IMPULSE_BODY45_ATR45_DAILY_LOSS10::1025742::XAUUSD::932200::68,r2_continuation_short_v1,R2,DOWNTREND,SHORT,2026.06.11 09:30:00,2026.06.11 09:30:00,2026.06.11 09:40:40,BT_A1_XAU_R2_IMPULSE_BODY45_ATR45_DAILY_LOSS10,1025742,XAUUSD,932200,68,68,68,69,69,0.01,4079.22,4089.85,4057.95,4079.22,4079.72,50,0.0470,BEAR_DOWNSIDE_IMPULSE_RETEST_SHORT,4
r2_continuation_short_v1::BT_A1_XAU_R2_IMPULSE_BODY45_ATR45_DAILY_LOSS10::1025742::XAUUSD::932200::74,r2_continuation_short_v1,R2,DOWNTREND,SHORT,2026.06.18 08:00:00,2026.06.18 08:00:00,2026.06.18 09:00:29,BT_A1_XAU_R2_IMPULSE_BODY45_ATR45_DAILY_LOSS10,1025742,XAUUSD,932200,74,74,74,76,76,0.01,4288.45,4300.38,4264.59,4288.45,4288.95,50,0.0419,BEAR_DOWNSIDE_IMPULSE_RETEST_SHORT,5
r2_continuation_short_v1::BT_A1_XAU_R2_IMPULSE_BODY45_ATR45_DAILY_LOSS10::1025742::XAUUSD::932200::75,r2_continuation_short_v1,R2,DOWNTREND,SHORT,2026.06.18 08:45:00,2026.06.18 08:45:00,2026.06.18 10:57:31,BT_A1_XAU_R2_IMPULSE_BODY45_ATR45_DAILY_LOSS10,1025742,XAUUSD,932200,75,75,75,77,77,0.01,4281.54,4294.19,4256.24,4281.54,4282.04,50,0.0395,BEAR_DOWNSIDE_IMPULSE_RETEST_SHORT,5
r2_continuation_short_v1::BT_A1_XAU_R2_IMPULSE_BODY45_ATR45_DAILY_LOSS10::1025742::XAUUSD::932200::78,r2_continuation_short_v1,R2,DOWNTREND,SHORT,2026.06.18 11:40:00,2026.06.18 11:40:00,2026.06.18 12:11:41,BT_A1_XAU_R2_IMPULSE_BODY45_ATR45_DAILY_LOSS10,1025742,XAUUSD,932200,78,78,78,79,79,0.01,4242.70,4251.39,4225.32,4242.70,4243.20,50,0.0575,BEAR_DOWNSIDE_IMPULSE_RETEST_SHORT,4
r2_continuation_short_v1::BT_A1_XAU_R2_IMPULSE_BODY45_ATR45_DAILY_LOSS10::1025742::XAUUSD::932200::80,r2_continuation_short_v1,R2,DOWNTREND,SHORT,2026.06.19 00:30:00,2026.06.19 00:30:00,2026.06.19 03:58:02,BT_A1_XAU_R2_IMPULSE_BODY45_ATR45_DAILY_LOSS10,1025742,XAUUSD,932200,80,80,80,81,81,0.01,4184.99,4199.20,4156.56,4184.99,4185.49,50,0.0352,BEAR_DOWNSIDE_IMPULSE_RETEST_SHORT,5
r2_continuation_short_v1::BT_A1_XAU_R2_IMPULSE_BODY45_ATR45_DAILY_LOSS10::1025742::XAUUSD::932200::82,r2_continuation_short_v1,R2,DOWNTREND,SHORT,2026.06.19 14:35:00,2026.06.19 14:35:00,2026.06.19 16:48:27,BT_A1_XAU_R2_IMPULSE_BODY45_ATR45_DAILY_LOSS10,1025742,XAUUSD,932200,82,82,82,84,84,0.01,4145.98,4155.54,4126.87,4145.98,4146.48,50,0.0523,BEAR_DOWNSIDE_IMPULSE_RETEST_SHORT,4
r2_continuation_short_v1::BT_A1_XAU_R2_IMPULSE_BODY45_ATR45_DAILY_LOSS10::1025742::XAUUSD::932200::83,r2_continuation_short_v1,R2,DOWNTREND,SHORT,2026.06.19 14:45:00,2026.06.19 14:45:00,2026.06.19 16:48:27,BT_A1_XAU_R2_IMPULSE_BODY45_ATR45_DAILY_LOSS10,1025742,XAUUSD,932200,83,83,83,85,85,0.01,4144.28,4155.70,4121.44,4144.28,4144.78,50,0.0438,BEAR_DOWNSIDE_IMPULSE_RETEST_SHORT,4
r2_continuation_short_v1::BT_A1_XAU_R2_IMPULSE_BODY45_ATR45_DAILY_LOSS10::1025742::XAUUSD::932200::86,r2_continuation_short_v1,R2,DOWNTREND,SHORT,2026.06.21 23:50:00,2026.06.21 23:50:00,2026.06.22 00:00:41,BT_A1_XAU_R2_IMPULSE_BODY45_ATR45_DAILY_LOSS10,1025742,XAUUSD,932200,86,86,86,87,87,0.01,4137.00,4148.17,4114.65,4137.00,4137.50,50,0.0447,BEAR_DOWNSIDE_IMPULSE_RETEST_SHORT,4
r2_continuation_short_v1::BT_A1_XAU_R2_IMPULSE_BODY45_ATR45_DAILY_LOSS10::1025742::XAUUSD::932200::88,r2_continuation_short_v1,R2,DOWNTREND,SHORT,2026.06.23 01:35:00,2026.06.23 01:35:00,2026.06.23 03:02:38,BT_A1_XAU_R2_IMPULSE_BODY45_ATR45_DAILY_LOSS10,1025742,XAUUSD,932200,88,88,88,91,91,0.01,4168.98,4182.44,4142.05,4168.98,4169.48,50,0.0371,BEAR_DOWNSIDE_IMPULSE_RETEST_SHORT,5
r2_continuation_short_v1::BT_A1_XAU_R2_IMPULSE_BODY45_ATR45_DAILY_LOSS10::1025742::XAUUSD::932200::89,r2_continuation_short_v1,R2,DOWNTREND,SHORT,2026.06.23 01:40:00,2026.06.23 01:40:00,2026.06.23 04:59:24,BT_A1_XAU_R2_IMPULSE_BODY45_ATR45_DAILY_LOSS10,1025742,XAUUSD,932200,89,89,89,98,98,0.01,4161.75,4182.40,4120.44,4161.75,4162.25,50,0.0242,BEAR_DOWNSIDE_IMPULSE_RETEST_SHORT,5
r2_continuation_short_v1::BT_A1_XAU_R2_IMPULSE_BODY45_ATR45_DAILY_LOSS10::1025742::XAUUSD::932200::90,r2_continuation_short_v1,R2,DOWNTREND,SHORT,2026.06.23 02:10:00,2026.06.23 02:10:00,2026.06.23 04:59:05,BT_A1_XAU_R2_IMPULSE_BODY45_ATR45_DAILY_LOSS10,1025742,XAUUSD,932200,90,90,90,97,97,0.01,4151.28,4165.00,4123.84,4151.28,4151.78,50,0.0364,BEAR_DOWNSIDE_IMPULSE_RETEST_SHORT,5
r2_continuation_short_v1::BT_A1_XAU_R2_IMPULSE_BODY45_ATR45_DAILY_LOSS10::1025742::XAUUSD::932200::92,r2_continuation_short_v1,R2,DOWNTREND,SHORT,2026.06.23 03:05:00,2026.06.23 03:05:00,2026.06.23 04:59:04,BT_A1_XAU_R2_IMPULSE_BODY45_ATR45_DAILY_LOSS10,1025742,XAUUSD,932200,92,92,92,96,96,0.01,4142.07,4150.99,4124.24,4142.07,4142.57,50,0.0561,BEAR_DOWNSIDE_IMPULSE_RETEST_SHORT,5
r2_continuation_short_v1::BT_A1_XAU_R2_IMPULSE_BODY45_ATR45_DAILY_LOSS10::1025742::XAUUSD::932200::93,r2_continuation_short_v1,R2,DOWNTREND,SHORT,2026.06.23 03:10:00,2026.06.23 03:10:00,2026.06.23 04:59:28,BT_A1_XAU_R2_IMPULSE_BODY45_ATR45_DAILY_LOSS10,1025742,XAUUSD,932200,93,93,93,99,99,0.01,4140.18,4151.06,4118.41,4140.18,4140.68,50,0.0459,BEAR_DOWNSIDE_IMPULSE_RETEST_SHORT,5
r2_continuation_short_v1::BT_A1_XAU_R2_IMPULSE_BODY45_ATR45_DAILY_LOSS10::1025742::XAUUSD::932200::94,r2_continuation_short_v1,R2,DOWNTREND,SHORT,2026.06.23 03:20:00,2026.06.23 03:20:00,2026.06.23 07:56:14,BT_A1_XAU_R2_IMPULSE_BODY45_ATR45_DAILY_LOSS10,1025742,XAUUSD,932200,94,94,94,105,105,0.01,4133.09,4151.05,4097.16,4133.09,4133.59,50,0.0278,BEAR_DOWNSIDE_IMPULSE_RETEST_SHORT,5
r2_continuation_short_v1::BT_A1_XAU_R2_IMPULSE_BODY45_ATR45_DAILY_LOSS10::1025742::XAUUSD::932200::95,r2_continuation_short_v1,R2,DOWNTREND,SHORT,2026.06.23 03:35:00,2026.06.23 03:35:00,2026.06.23 04:59:41,BT_A1_XAU_R2_IMPULSE_BODY45_ATR45_DAILY_LOSS10,1025742,XAUUSD,932200,95,95,95,100,100,0.01,4139.07,4151.03,4115.16,4139.07,4139.57,50,0.0418,BEAR_DOWNSIDE_IMPULSE_RETEST_SHORT,5
r2_continuation_short_v1::BT_A1_XAU_R2_IMPULSE_BODY45_ATR45_DAILY_LOSS10::1025742::XAUUSD::932200::101,r2_continuation_short_v1,R2,DOWNTREND,SHORT,2026.06.23 05:10:00,2026.06.23 05:10:00,2026.06.23 07:42:42,BT_A1_XAU_R2_IMPULSE_BODY45_ATR45_DAILY_LOSS10,1025742,XAUUSD,932200,101,101,101,104,104,0.01,4127.85,4138.77,4106.00,4127.85,4128.35,50,0.0458,BEAR_DOWNSIDE_IMPULSE_RETEST_SHORT,5
r2_continuation_short_v1::BT_A1_XAU_R2_IMPULSE_BODY45_ATR45_DAILY_LOSS10::1025742::XAUUSD::932200::102,r2_continuation_short_v1,R2,DOWNTREND,SHORT,2026.06.23 05:40:00,2026.06.23 05:40:00,2026.06.23 08:01:39,BT_A1_XAU_R2_IMPULSE_BODY45_ATR45_DAILY_LOSS10,1025742,XAUUSD,932200,102,102,102,106,106,0.01,4125.03,4139.26,4096.57,4125.03,4125.53,50,0.0351,BEAR_DOWNSIDE_IMPULSE_RETEST_SHORT,5
r2_continuation_short_v1::BT_A1_XAU_R2_IMPULSE_BODY45_ATR45_DAILY_LOSS10::1025742::XAUUSD::932200::103,r2_continuation_short_v1,R2,DOWNTREND,SHORT,2026.06.23 05:50:00,2026.06.23 05:50:00,2026.06.23 13:53:39,BT_A1_XAU_R2_IMPULSE_BODY45_ATR45_DAILY_LOSS10,1025742,XAUUSD,932200,103,103,103,109,109,0.01,4118.82,4139.34,4077.78,4118.82,4119.32,50,0.0244,BEAR_DOWNSIDE_IMPULSE_RETEST_SHORT,4
r2_continuation_short_v1::BT_A1_XAU_R2_IMPULSE_BODY45_ATR45_DAILY_LOSS10::1025742::XAUUSD::932200::107,r2_continuation_short_v1,R2,DOWNTREND,SHORT,2026.06.23 12:30:00,2026.06.23 12:30:00,2026.06.23 12:39:12,BT_A1_XAU_R2_IMPULSE_BODY45_ATR45_DAILY_LOSS10,1025742,XAUUSD,932200,107,107,107,108,108,0.01,4114.99,4121.60,4101.77,4114.99,4115.49,50,0.0756,BEAR_DOWNSIDE_IMPULSE_RETEST_SHORT,4
r2_pullback_rejection_short_v1::BT_A1_XAU_R2_H1_M5_BODY58_HOURS05_18::1025742::XAUUSD::932200::126,r2_pullback_rejection_short_v1,R2,DOWNTREND,SHORT,2026.06.23 17:00:00,2026.06.23 17:00:00,2026.06.23 22:33:59,BT_A1_XAU_R2_H1_M5_BODY58_HOURS05_18,1025742,XAUUSD,932200,126,126,126,127,127,0.01,4134.10,4149.95,4102.41,4134.10,4134.60,50,0.0316,R2_H1_EMA_PULLBACK_REJECTION_SHORT_H1,5
r2_continuation_short_v1::BT_A1_XAU_R2_IMPULSE_BODY45_ATR45_DAILY_LOSS10::1025742::XAUUSD::932200::110,r2_continuation_short_v1,R2,DOWNTREND,SHORT,2026.06.23 23:05:00,2026.06.23 23:05:00,2026.06.24 00:08:05,BT_A1_XAU_R2_IMPULSE_BODY45_ATR45_DAILY_LOSS10,1025742,XAUUSD,932200,110,110,110,111,111,0.01,4100.03,4111.81,4076.47,4100.03,4100.53,50,0.0424,BEAR_DOWNSIDE_IMPULSE_RETEST_SHORT,4
r2_continuation_short_v1::BT_A1_XAU_R2_IMPULSE_BODY45_ATR45_DAILY_LOSS10::1025742::XAUUSD::932200::112,r2_continuation_short_v1,R2,DOWNTREND,SHORT,2026.06.26 02:35:00,2026.06.26 02:35:00,2026.06.26 02:53:41,BT_A1_XAU_R2_IMPULSE_BODY45_ATR45_DAILY_LOSS10,1025742,XAUUSD,932200,112,112,112,114,114,0.01,4002.84,4010.73,3987.06,4002.84,4003.34,50,0.0634,BEAR_DOWNSIDE_IMPULSE_RETEST_SHORT,5
r2_continuation_short_v1::BT_A1_XAU_R2_IMPULSE_BODY45_ATR45_DAILY_LOSS10::1025742::XAUUSD::932200::113,r2_continuation_short_v1,R2,DOWNTREND,SHORT,2026.06.26 02:45:00,2026.06.26 02:45:00,2026.06.26 04:17:38,BT_A1_XAU_R2_IMPULSE_BODY45_ATR45_DAILY_LOSS10,1025742,XAUUSD,932200,113,113,113,115,115,0.01,3992.09,4010.81,3954.65,3992.09,3992.59,50,0.0267,BEAR_DOWNSIDE_IMPULSE_RETEST_SHORT,4
