source_id,component,source_csv,source_row,trade_id,direction,baseline_entry_time,baseline_exit_time,baseline_pnl_usd,legacy_entry_time,legacy_entry_deal,legacy_entry_price,legacy_entry_volume,legacy_entry_comment,legacy_exit_time,legacy_exit_deal,legacy_exit_price,legacy_exit_comment,legacy_pnl_usd,native_run_id,native_account,native_symbol,native_magic,native_position_id,native_entry_time,native_entry_deal,native_entry_order,native_entry_price,native_entry_volume,native_entry_comment,native_exit_time,native_exit_deal,native_exit_order,native_exit_price,native_exit_volume,native_exit_reason_code,native_exit_comment,native_deal_profit_usd,native_commission_usd,native_swap_usd,native_fee_usd,native_fee_evidence_complete,native_pnl_usd,native_deal_count,native_entry_count,native_exit_count,entry_volume_equals_exit_volume,legacy_exit_deal_mismatch,legacy_pnl_mismatch,evidence_status
r2_pullback_rejection_short_v1,r2_pullback_rejection_short_v1,C:\Users\ZHAO ZHU INFORMATION\Downloads\algo-trading-system\xau-usd\xauusd-phase1\outputs\reports\mt5_backtests\a1_momentum_variants_owner_goal_r2_pullback_rejection_short_v2_repair_exact_202207_202606_20260701\A1XauM5Momentum_OWNER_GOAL_R2_PULLBACK_REJECTION_SHORT_V2_REPAIR_EXACT_202207_202606_XAUUSD_M5_r2_h1_m5_body58_hours05_18_trades.csv,2,r2_pullback_rejection_short_v1::BT_A1_XAU_R2_H1_M5_BODY58_HOURS05_18::1025742::XAUUSD::932200::2,SHORT,2022-07-01 17:00:00,2022-07-03 22:02:00,-12.15,2022.07.01 17:00:00,2,1799.38,0.01,A1_M5_MOM_R2_H1_M5_B,2022.07.03 22:02:00,3,1811.53,sl 1810.35,-12.15,BT_A1_XAU_R2_H1_M5_BODY58_HOURS05_18,1025742,XAUUSD,932200,2,2022.07.01 17:00:00,2,2,1799.38,0.01,A1_M5_MOM_R2_H1_M5_B,2022.07.03 22:02:00,3,3,1811.53,0.01,4,sl 1810.35,-12.15,0.00,0.00,,false,-12.15,2,1,1,true,false,false,NATIVE_POSITION_RECONCILIATION_VALID
r2_pullback_rejection_short_v1,r2_pullback_rejection_short_v1,C:\Users\ZHAO ZHU INFORMATION\Downloads\algo-trading-system\xau-usd\xauusd-phase1\outputs\reports\mt5_backtests\a1_momentum_variants_owner_goal_r2_pullback_rejection_short_v2_repair_exact_202207_202606_20260701\A1XauM5Momentum_OWNER_GOAL_R2_PULLBACK_REJECTION_SHORT_V2_REPAIR_EXACT_202207_202606_XAUUSD_M5_r2_h1_m5_body58_hours05_18_trades.csv,3,r2_pullback_rejection_short_v1::BT_A1_XAU_R2_H1_M5_BODY58_HOURS05_18::1025742::XAUUSD::932200::4,SHORT,2022-07-06 11:00:00,2022-07-06 15:09:39,23.16,2022.07.06 11:00:00,4,1761.23,0.01,A1_M5_MOM_R2_H1_M5_B,2022.07.06 15:09:39,5,1738.07,tp 1738.09,23.16,BT_A1_XAU_R2_H1_M5_BODY58_HOURS05_18,1025742,XAUUSD,932200,4,2022.07.06 11:00:00,4,4,1761.23,0.01,A1_M5_MOM_R2_H1_M5_B,2022.07.06 15:09:39,5,5,1738.07,0.01,5,tp 1738.09,23.16,0.00,0.00,,false,23.16,2,1,1,true,false,false,NATIVE_POSITION_RECONCILIATION_VALID
r2_pullback_rejection_short_v1,r2_pullback_rejection_short_v1,C:\Users\ZHAO ZHU INFORMATION\Downloads\algo-trading-system\xau-usd\xauusd-phase1\outputs\reports\mt5_backtests\a1_momentum_variants_owner_goal_r2_pullback_rejection_short_v2_repair_exact_202207_202606_20260701\A1XauM5Momentum_OWNER_GOAL_R2_PULLBACK_REJECTION_SHORT_V2_REPAIR_EXACT_202207_202606_XAUUSD_M5_r2_h1_m5_body58_hours05_18_trades.csv,4,r2_pullback_rejection_short_v1::BT_A1_XAU_R2_H1_M5_BODY58_HOURS05_18::1025742::XAUUSD::932200::6,SHORT,2022-07-07 07:00:00,2022-07-07 13:51:42,-5.28,2022.07.07 07:00:00,6,1743.52,0.01,A1_M5_MOM_R2_H1_M5_B,2022.07.07 13:51:42,7,1748.80,sl 1748.79,-5.28,BT_A1_XAU_R2_H1_M5_BODY58_HOURS05_18,1025742,XAUUSD,932200,6,2022.07.07 07:00:00,6,6,1743.52,0.01,A1_M5_MOM_R2_H1_M5_B,2022.07.07 13:51:42,7,7,1748.80,0.01,4,sl 1748.79,-5.28,0.00,0.00,,false,-5.28,2,1,1,true,false,false,NATIVE_POSITION_RECONCILIATION_VALID
r2_pullback_rejection_short_v1,r2_pullback_rejection_short_v1,C:\Users\ZHAO ZHU INFORMATION\Downloads\algo-trading-system\xau-usd\xauusd-phase1\outputs\reports\mt5_backtests\a1_momentum_variants_owner_goal_r2_pullback_rejection_short_v2_repair_exact_202207_202606_20260701\A1XauM5Momentum_OWNER_GOAL_R2_PULLBACK_REJECTION_SHORT_V2_REPAIR_EXACT_202207_202606_XAUUSD_M5_r2_h1_m5_body58_hours05_18_trades.csv,5,r2_pullback_rejection_short_v1::BT_A1_XAU_R2_H1_M5_BODY58_HOURS05_18::1025742::XAUUSD::932200::8,SHORT,2022-07-07 18:00:00,2022-07-08 00:53:40,-3.78,2022.07.07 18:00:00,8,1740.45,0.01,A1_M5_MOM_R2_H1_M5_B,2022.07.08 00:53:40,9,1744.23,sl 1744.22,-3.78,BT_A1_XAU_R2_H1_M5_BODY58_HOURS05_18,1025742,XAUUSD,932200,8,2022.07.07 18:00:00,8,8,1740.45,0.01,A1_M5_MOM_R2_H1_M5_B,2022.07.08 00:53:40,9,9,1744.23,0.01,4,sl 1744.22,-3.78,0.00,0.00,,false,-3.78,2,1,1,true,false,false,NATIVE_POSITION_RECONCILIATION_VALID
r2_pullback_rejection_short_v1,r2_pullback_rejection_short_v1,C:\Users\ZHAO ZHU INFORMATION\Downloads\algo-trading-system\xau-usd\xauusd-phase1\outputs\reports\mt5_backtests\a1_momentum_variants_owner_goal_r2_pullback_rejection_short_v2_repair_exact_202207_202606_20260701\A1XauM5Momentum_OWNER_GOAL_R2_PULLBACK_REJECTION_SHORT_V2_REPAIR_EXACT_202207_202606_XAUUSD_M5_r2_h1_m5_body58_hours05_18_trades.csv,6,r2_pullback_rejection_short_v1::BT_A1_XAU_R2_H1_M5_BODY58_HOURS05_18::1025742::XAUUSD::932200::10,SHORT,2022-07-11 17:00:00,2022-07-12 01:30:40,-7.55,2022.07.11 17:00:00,10,1735.05,0.01,A1_M5_MOM_R2_H1_M5_B,2022.07.12 01:30:40,11,1742.60,sl 1742.54,-7.55,BT_A1_XAU_R2_H1_M5_BODY58_HOURS05_18,1025742,XAUUSD,932200,10,2022.07.11 17:00:00,10,10,1735.05,0.01,A1_M5_MOM_R2_H1_M5_B,2022.07.12 01:30:40,11,11,1742.60,0.01,4,sl 1742.54,-7.55,0.00,0.00,,false,-7.55,2,1,1,true,false,false,NATIVE_POSITION_RECONCILIATION_VALID
r2_pullback_rejection_short_v1,r2_pullback_rejection_short_v1,C:\Users\ZHAO ZHU INFORMATION\Downloads\algo-trading-system\xau-usd\xauusd-phase1\outputs\reports\mt5_backtests\a1_momentum_variants_owner_goal_r2_pullback_rejection_short_v2_repair_exact_202207_202606_20260701\A1XauM5Momentum_OWNER_GOAL_R2_PULLBACK_REJECTION_SHORT_V2_REPAIR_EXACT_202207_202606_XAUUSD_M5_r2_h1_m5_body58_hours05_18_trades.csv,7,r2_pullback_rejection_short_v1::BT_A1_XAU_R2_H1_M5_BODY58_HOURS05_18::1025742::XAUUSD::932200::12,SHORT,2022-07-12 05:00:00,2022-07-12 08:38:29,-9.5,2022.07.12 05:00:00,12,1728.94,0.01,A1_M5_MOM_R2_H1_M5_B,2022.07.12 08:38:29,13,1738.44,sl 1738.41,-9.5,BT_A1_XAU_R2_H1_M5_BODY58_HOURS05_18,1025742,XAUUSD,932200,12,2022.07.12 05:00:00,12,12,1728.94,0.01,A1_M5_MOM_R2_H1_M5_B,2022.07.12 08:38:29,13,13,1738.44,0.01,4,sl 1738.41,-9.50,0.00,0.00,,false,-9.50,2,1,1,true,false,false,NATIVE_POSITION_RECONCILIATION_VALID
r2_pullback_rejection_short_v1,r2_pullback_rejection_short_v1,C:\Users\ZHAO ZHU INFORMATION\Downloads\algo-trading-system\xau-usd\xauusd-phase1\outputs\reports\mt5_backtests\a1_momentum_variants_owner_goal_r2_pullback_rejection_short_v2_repair_exact_202207_202606_20260701\A1XauM5Momentum_OWNER_GOAL_R2_PULLBACK_REJECTION_SHORT_V2_REPAIR_EXACT_202207_202606_XAUUSD_M5_r2_h1_m5_body58_hours05_18_trades.csv,8,r2_pullback_rejection_short_v1::BT_A1_XAU_R2_H1_M5_BODY58_HOURS05_18::1025742::XAUUSD::932200::14,SHORT,2022-07-14 07:00:00,2022-07-15 12:37:37,-4.58,2022.07.14 07:00:00,14,1721.15,0.01,A1_M5_MOM_R2_H1_M5_B,2022.07.15 12:37:37,16,1709.10,sl 1709.05,-4.58,BT_A1_XAU_R2_H1_M5_BODY58_HOURS05_18,1025742,XAUUSD,932200,14,2022.07.14 07:00:00,14,14,1721.15,0.01,A1_M5_MOM_R2_H1_M5_B,2022.07.20 19:54:26,20,20,1696.76,0.01,5,tp 1696.79,24.39,0.00,0.00,,false,24.39,2,1,1,true,true,true,NATIVE_POSITION_RECONCILIATION_VALID
r2_pullback_rejection_short_v1,r2_pullback_rejection_short_v1,C:\Users\ZHAO ZHU INFORMATION\Downloads\algo-trading-system\xau-usd\xauusd-phase1\outputs\reports\mt5_backtests\a1_momentum_variants_owner_goal_r2_pullback_rejection_short_v2_repair_exact_202207_202606_20260701\A1XauM5Momentum_OWNER_GOAL_R2_PULLBACK_REJECTION_SHORT_V2_REPAIR_EXACT_202207_202606_XAUUSD_M5_r2_h1_m5_body58_hours05_18_trades.csv,9,r2_pullback_rejection_short_v1::BT_A1_XAU_R2_H1_M5_BODY58_HOURS05_18::1025742::XAUUSD::932200::15,SHORT,2022-07-15 12:00:00,2022-07-19 10:50:02,-6.52,2022.07.15 12:00:00,15,1704.52,0.01,A1_M5_MOM_R2_H1_M5_B,2022.07.19 10:50:02,18,1716.41,sl 1716.40,-6.52,BT_A1_XAU_R2_H1_M5_BODY58_HOURS05_18,1025742,XAUUSD,932200,15,2022.07.15 12:00:00,15,15,1704.52,0.01,A1_M5_MOM_R2_H1_M5_B,2022.07.15 12:37:37,16,16,1709.10,0.01,4,sl 1709.05,-4.58,0.00,0.00,,false,-4.58,2,1,1,true,true,true,NATIVE_POSITION_RECONCILIATION_VALID
r2_pullback_rejection_short_v1,r2_pullback_rejection_short_v1,C:\Users\ZHAO ZHU INFORMATION\Downloads\algo-trading-system\xau-usd\xauusd-phase1\outputs\reports\mt5_backtests\a1_momentum_variants_owner_goal_r2_pullback_rejection_short_v2_repair_exact_202207_202606_20260701\A1XauM5Momentum_OWNER_GOAL_R2_PULLBACK_REJECTION_SHORT_V2_REPAIR_EXACT_202207_202606_XAUUSD_M5_r2_h1_m5_body58_hours05_18_trades.csv,10,r2_pullback_rejection_short_v1::BT_A1_XAU_R2_H1_M5_BODY58_HOURS05_18::1025742::XAUUSD::932200::17,SHORT,2022-07-18 18:00:00,2022-07-20 19:54:26,24.39,2022.07.18 18:00:00,17,1709.89,0.01,A1_M5_MOM_R2_H1_M5_B,2022.07.20 19:54:26,20,1696.76,tp 1696.79,24.39,BT_A1_XAU_R2_H1_M5_BODY58_HOURS05_18,1025742,XAUUSD,932200,17,2022.07.18 18:00:00,17,17,1709.89,0.01,A1_M5_MOM_R2_H1_M5_B,2022.07.19 10:50:02,18,18,1716.41,0.01,4,sl 1716.40,-6.52,0.00,0.00,,false,-6.52,2,1,1,true,true,true,NATIVE_POSITION_RECONCILIATION_VALID
r2_pullback_rejection_short_v1,r2_pullback_rejection_short_v1,C:\Users\ZHAO ZHU INFORMATION\Downloads\algo-trading-system\xau-usd\xauusd-phase1\outputs\reports\mt5_backtests\a1_momentum_variants_owner_goal_r2_pullback_rejection_short_v2_repair_exact_202207_202606_20260701\A1XauM5Momentum_OWNER_GOAL_R2_PULLBACK_REJECTION_SHORT_V2_REPAIR_EXACT_202207_202606_XAUUSD_M5_r2_h1_m5_body58_hours05_18_trades.csv,11,r2_pullback_rejection_short_v1::BT_A1_XAU_R2_H1_M5_BODY58_HOURS05_18::1025742::XAUUSD::932200::19,SHORT,2022-07-20 18:00:00,2022-07-21 14:56:40,-10.78,2022.07.20 18:00:00,19,1700.13,0.01,A1_M5_MOM_R2_H1_M5_B,2022.07.21 14:56:40,21,1710.91,sl 1710.91,-10.78,BT_A1_XAU_R2_H1_M5_BODY58_HOURS05_18,1025742,XAUUSD,932200,19,2022.07.20 18:00:00,19,19,1700.13,0.01,A1_M5_MOM_R2_H1_M5_B,2022.07.21 14:56:40,21,21,1710.91,0.01,4,sl 1710.91,-10.78,0.00,0.00,,false,-10.78,2,1,1,true,false,false,NATIVE_POSITION_RECONCILIATION_VALID
r2_pullback_rejection_short_v1,r2_pullback_rejection_short_v1,C:\Users\ZHAO ZHU INFORMATION\Downloads\algo-trading-system\xau-usd\xauusd-phase1\outputs\reports\mt5_backtests\a1_momentum_variants_owner_goal_r2_pullback_rejection_short_v2_repair_exact_202207_202606_20260701\A1XauM5Momentum_OWNER_GOAL_R2_PULLBACK_REJECTION_SHORT_V2_REPAIR_EXACT_202207_202606_XAUUSD_M5_r2_h1_m5_body58_hours05_18_trades.csv,12,r2_pullback_rejection_short_v1::BT_A1_XAU_R2_H1_M5_BODY58_HOURS05_18::1025742::XAUUSD::932200::22,SHORT,2022-08-22 05:00:00,2022-08-22 08:17:01,10.01,2022.08.22 05:00:00,22,1744.75,0.01,A1_M5_MOM_R2_H1_M5_B,2022.08.22 08:17:01,24,1734.74,tp 1734.75,10.01,BT_A1_XAU_R2_H1_M5_BODY58_HOURS05_18,1025742,XAUUSD,932200,22,2022.08.22 05:00:00,22,22,1744.75,0.01,A1_M5_MOM_R2_H1_M5_B,2022.08.22 08:17:01,24,24,1734.74,0.01,5,tp 1734.75,10.01,0.00,0.00,,false,10.01,2,1,1,true,false,false,NATIVE_POSITION_RECONCILIATION_VALID
r2_pullback_rejection_short_v1,r2_pullback_rejection_short_v1,C:\Users\ZHAO ZHU INFORMATION\Downloads\algo-trading-system\xau-usd\xauusd-phase1\outputs\reports\mt5_backtests\a1_momentum_variants_owner_goal_r2_pullback_rejection_short_v2_repair_exact_202207_202606_20260701\A1XauM5Momentum_OWNER_GOAL_R2_PULLBACK_REJECTION_SHORT_V2_REPAIR_EXACT_202207_202606_XAUUSD_M5_r2_h1_m5_body58_hours05_18_trades.csv,13,r2_pullback_rejection_short_v1::BT_A1_XAU_R2_H1_M5_BODY58_HOURS05_18::1025742::XAUUSD::932200::23,SHORT,2022-08-22 06:00:00,2022-08-22 11:42:38,12.11,2022.08.22 06:00:00,23,1743.59,0.01,A1_M5_MOM_R2_H1_M5_B,2022.08.22 11:42:38,25,1731.48,tp 1731.50,12.11,BT_A1_XAU_R2_H1_M5_BODY58_HOURS05_18,1025742,XAUUSD,932200,23,2022.08.22 06:00:00,23,23,1743.59,0.01,A1_M5_MOM_R2_H1_M5_B,2022.08.22 11:42:38,25,25,1731.48,0.01,5,tp 1731.50,12.11,0.00,0.00,,false,12.11,2,1,1,true,false,false,NATIVE_POSITION_RECONCILIATION_VALID
r2_pullback_rejection_short_v1,r2_pullback_rejection_short_v1,C:\Users\ZHAO ZHU INFORMATION\Downloads\algo-trading-system\xau-usd\xauusd-phase1\outputs\reports\mt5_backtests\a1_momentum_variants_owner_goal_r2_pullback_rejection_short_v2_repair_exact_202207_202606_20260701\A1XauM5Momentum_OWNER_GOAL_R2_PULLBACK_REJECTION_SHORT_V2_REPAIR_EXACT_202207_202606_XAUUSD_M5_r2_h1_m5_body58_hours05_18_trades.csv,14,r2_pullback_rejection_short_v1::BT_A1_XAU_R2_H1_M5_BODY58_HOURS05_18::1025742::XAUUSD::932200::26,SHORT,2022-08-30 07:00:00,2022-08-30 08:31:29,-5.16,2022.08.30 07:00:00,26,1732.50,0.01,A1_M5_MOM_R2_H1_M5_B,2022.08.30 08:31:29,27,1737.66,sl 1737.65,-5.16,BT_A1_XAU_R2_H1_M5_BODY58_HOURS05_18,1025742,XAUUSD,932200,26,2022.08.30 07:00:00,26,26,1732.50,0.01,A1_M5_MOM_R2_H1_M5_B,2022.08.30 08:31:29,27,27,1737.66,0.01,4,sl 1737.65,-5.16,0.00,0.00,,false,-5.16,2,1,1,true,false,false,NATIVE_POSITION_RECONCILIATION_VALID
r2_pullback_rejection_short_v1,r2_pullback_rejection_short_v1,C:\Users\ZHAO ZHU INFORMATION\Downloads\algo-trading-system\xau-usd\xauusd-phase1\outputs\reports\mt5_backtests\a1_momentum_variants_owner_goal_r2_pullback_rejection_short_v2_repair_exact_202207_202606_20260701\A1XauM5Momentum_OWNER_GOAL_R2_PULLBACK_REJECTION_SHORT_V2_REPAIR_EXACT_202207_202606_XAUUSD_M5_r2_h1_m5_body58_hours05_18_trades.csv,15,r2_pullback_rejection_short_v1::BT_A1_XAU_R2_H1_M5_BODY58_HOURS05_18::1025742::XAUUSD::932200::28,SHORT,2022-08-30 15:00:00,2022-08-31 09:26:20,9.78,2022.08.30 15:00:00,28,1724.02,0.01,A1_M5_MOM_R2_H1_M5_B,2022.08.31 09:26:20,30,1712.35,tp 1712.36,9.78,BT_A1_XAU_R2_H1_M5_BODY58_HOURS05_18,1025742,XAUUSD,932200,28,2022.08.30 15:00:00,28,28,1724.02,0.01,A1_M5_MOM_R2_H1_M5_B,2022.09.01 02:02:26,34,34,1702.90,0.01,5,tp 1702.91,21.12,0.00,0.00,,false,21.12,2,1,1,true,true,true,NATIVE_POSITION_RECONCILIATION_VALID
r2_pullback_rejection_short_v1,r2_pullback_rejection_short_v1,C:\Users\ZHAO ZHU INFORMATION\Downloads\algo-trading-system\xau-usd\xauusd-phase1\outputs\reports\mt5_backtests\a1_momentum_variants_owner_goal_r2_pullback_rejection_short_v2_repair_exact_202207_202606_20260701\A1XauM5Momentum_OWNER_GOAL_R2_PULLBACK_REJECTION_SHORT_V2_REPAIR_EXACT_202207_202606_XAUUSD_M5_r2_h1_m5_body58_hours05_18_trades.csv,16,r2_pullback_rejection_short_v1::BT_A1_XAU_R2_H1_M5_BODY58_HOURS05_18::1025742::XAUUSD::932200::29,SHORT,2022-08-31 07:00:00,2022-08-31 22:21:25,11.91,2022.08.31 07:00:00,29,1722.13,0.01,A1_M5_MOM_R2_H1_M5_B,2022.08.31 22:21:25,33,1706.83,tp 1706.88,11.91,BT_A1_XAU_R2_H1_M5_BODY58_HOURS05_18,1025742,XAUUSD,932200,29,2022.08.31 07:00:00,29,29,1722.13,0.01,A1_M5_MOM_R2_H1_M5_B,2022.08.31 09:26:20,30,30,1712.35,0.01,5,tp 1712.36,9.78,0.00,0.00,,false,9.78,2,1,1,true,true,true,NATIVE_POSITION_RECONCILIATION_VALID
r2_pullback_rejection_short_v1,r2_pullback_rejection_short_v1,C:\Users\ZHAO ZHU INFORMATION\Downloads\algo-trading-system\xau-usd\xauusd-phase1\outputs\reports\mt5_backtests\a1_momentum_variants_owner_goal_r2_pullback_rejection_short_v2_repair_exact_202207_202606_20260701\A1XauM5Momentum_OWNER_GOAL_R2_PULLBACK_REJECTION_SHORT_V2_REPAIR_EXACT_202207_202606_XAUUSD_M5_r2_h1_m5_body58_hours05_18_trades.csv,17,r2_pullback_rejection_short_v1::BT_A1_XAU_R2_H1_M5_BODY58_HOURS05_18::1025742::XAUUSD::932200::31,SHORT,2022-08-31 10:00:00,2022-09-01 02:02:26,21.12,2022.08.31 10:00:00,31,1711.03,0.01,A1_M5_MOM_R2_H1_M5_B,2022.09.01 02:02:26,34,1702.90,tp 1702.91,21.12,BT_A1_XAU_R2_H1_M5_BODY58_HOURS05_18,1025742,XAUUSD,932200,31,2022.08.31 10:00:00,31,31,1711.03,0.01,A1_M5_MOM_R2_H1_M5_B,2022.09.06 00:48:40,37,37,1723.79,0.01,4,sl 1723.79,-12.76,0.00,0.00,,false,-12.76,2,1,1,true,true,true,NATIVE_POSITION_RECONCILIATION_VALID
r2_pullback_rejection_short_v1,r2_pullback_rejection_short_v1,C:\Users\ZHAO ZHU INFORMATION\Downloads\algo-trading-system\xau-usd\xauusd-phase1\outputs\reports\mt5_backtests\a1_momentum_variants_owner_goal_r2_pullback_rejection_short_v2_repair_exact_202207_202606_20260701\A1XauM5Momentum_OWNER_GOAL_R2_PULLBACK_REJECTION_SHORT_V2_REPAIR_EXACT_202207_202606_XAUUSD_M5_r2_h1_m5_body58_hours05_18_trades.csv,18,r2_pullback_rejection_short_v1::BT_A1_XAU_R2_H1_M5_BODY58_HOURS05_18::1025742::XAUUSD::932200::32,SHORT,2022-08-31 16:00:00,2022-09-02 09:25:18,-13.14,2022.08.31 16:00:00,32,1718.74,0.01,A1_M5_MOM_R2_H1_M5_B,2022.09.02 09:25:18,36,1705.31,sl 1705.29,-13.14,BT_A1_XAU_R2_H1_M5_BODY58_HOURS05_18,1025742,XAUUSD,932200,32,2022.08.31 16:00:00,32,32,1718.74,0.01,A1_M5_MOM_R2_H1_M5_B,2022.08.31 22:21:25,33,33,1706.83,0.01,5,tp 1706.88,11.91,0.00,0.00,,false,11.91,2,1,1,true,true,true,NATIVE_POSITION_RECONCILIATION_VALID
r2_pullback_rejection_short_v1,r2_pullback_rejection_short_v1,C:\Users\ZHAO ZHU INFORMATION\Downloads\algo-trading-system\xau-usd\xauusd-phase1\outputs\reports\mt5_backtests\a1_momentum_variants_owner_goal_r2_pullback_rejection_short_v2_repair_exact_202207_202606_20260701\A1XauM5Momentum_OWNER_GOAL_R2_PULLBACK_REJECTION_SHORT_V2_REPAIR_EXACT_202207_202606_XAUUSD_M5_r2_h1_m5_body58_hours05_18_trades.csv,19,r2_pullback_rejection_short_v1::BT_A1_XAU_R2_H1_M5_BODY58_HOURS05_18::1025742::XAUUSD::932200::35,SHORT,2022-09-01 15:00:00,2022-09-06 00:48:40,-12.76,2022.09.01 15:00:00,35,1692.17,0.01,A1_M5_MOM_R2_H1_M5_B,2022.09.06 00:48:40,37,1723.79,sl 1723.79,-12.76,BT_A1_XAU_R2_H1_M5_BODY58_HOURS05_18,1025742,XAUUSD,932200,35,2022.09.01 15:00:00,35,35,1692.17,0.01,A1_M5_MOM_R2_H1_M5_B,2022.09.02 09:25:18,36,36,1705.31,0.01,4,sl 1705.29,-13.14,0.00,0.00,,false,-13.14,2,1,1,true,true,true,NATIVE_POSITION_RECONCILIATION_VALID
r2_pullback_rejection_short_v1,r2_pullback_rejection_short_v1,C:\Users\ZHAO ZHU INFORMATION\Downloads\algo-trading-system\xau-usd\xauusd-phase1\outputs\reports\mt5_backtests\a1_momentum_variants_owner_goal_r2_pullback_rejection_short_v2_repair_exact_202207_202606_20260701\A1XauM5Momentum_OWNER_GOAL_R2_PULLBACK_REJECTION_SHORT_V2_REPAIR_EXACT_202207_202606_XAUUSD_M5_r2_h1_m5_body58_hours05_18_trades.csv,20,r2_pullback_rejection_short_v1::BT_A1_XAU_R2_H1_M5_BODY58_HOURS05_18::1025742::XAUUSD::932200::38,SHORT,2022-09-14 16:00:00,2022-09-14 19:00:04,8.77,2022.09.14 16:00:00,38,1703.67,0.01,A1_M5_MOM_R2_H1_M5_B,2022.09.14 19:00:04,41,1694.90,tp 1694.90,8.77,BT_A1_XAU_R2_H1_M5_BODY58_HOURS05_18,1025742,XAUUSD,932200,38,2022.09.14 16:00:00,38,38,1703.67,0.01,A1_M5_MOM_R2_H1_M5_B,2022.09.14 19:00:04,41,41,1694.90,0.01,5,tp 1694.90,8.77,0.00,0.00,,false,8.77,2,1,1,true,false,false,NATIVE_POSITION_RECONCILIATION_VALID
r2_pullback_rejection_short_v1,r2_pullback_rejection_short_v1,C:\Users\ZHAO ZHU INFORMATION\Downloads\algo-trading-system\xau-usd\xauusd-phase1\outputs\reports\mt5_backtests\a1_momentum_variants_owner_goal_r2_pullback_rejection_short_v2_repair_exact_202207_202606_20260701\A1XauM5Momentum_OWNER_GOAL_R2_PULLBACK_REJECTION_SHORT_V2_REPAIR_EXACT_202207_202606_XAUUSD_M5_r2_h1_m5_body58_hours05_18_trades.csv,21,r2_pullback_rejection_short_v1::BT_A1_XAU_R2_H1_M5_BODY58_HOURS05_18::1025742::XAUUSD::932200::39,SHORT,2022-09-14 17:00:00,2022-09-15 04:55:26,13.05,2022.09.14 17:00:00,39,1701.27,0.01,A1_M5_MOM_R2_H1_M5_B,2022.09.15 04:55:26,42,1688.22,tp 1688.25,13.05,BT_A1_XAU_R2_H1_M5_BODY58_HOURS05_18,1025742,XAUUSD,932200,39,2022.09.14 17:00:00,39,39,1701.27,0.01,A1_M5_MOM_R2_H1_M5_B,2022.09.15 04:55:26,42,42,1688.22,0.01,5,tp 1688.25,13.05,0.00,0.00,,false,13.05,2,1,1,true,false,false,NATIVE_POSITION_RECONCILIATION_VALID
r2_pullback_rejection_short_v1,r2_pullback_rejection_short_v1,C:\Users\ZHAO ZHU INFORMATION\Downloads\algo-trading-system\xau-usd\xauusd-phase1\outputs\reports\mt5_backtests\a1_momentum_variants_owner_goal_r2_pullback_rejection_short_v2_repair_exact_202207_202606_20260701\A1XauM5Momentum_OWNER_GOAL_R2_PULLBACK_REJECTION_SHORT_V2_REPAIR_EXACT_202207_202606_XAUUSD_M5_r2_h1_m5_body58_hours05_18_trades.csv,22,r2_pullback_rejection_short_v1::BT_A1_XAU_R2_H1_M5_BODY58_HOURS05_18::1025742::XAUUSD::932200::40,SHORT,2022-09-14 18:00:00,2022-09-15 14:49:37,20.36,2022.09.14 18:00:00,40,1697.63,0.01,A1_M5_MOM_R2_H1_M5_B,2022.09.15 14:49:37,43,1677.27,tp 1677.29,20.36,BT_A1_XAU_R2_H1_M5_BODY58_HOURS05_18,1025742,XAUUSD,932200,40,2022.09.14 18:00:00,40,40,1697.63,0.01,A1_M5_MOM_R2_H1_M5_B,2022.09.15 14:49:37,43,43,1677.27,0.01,5,tp 1677.29,20.36,0.00,0.00,,false,20.36,2,1,1,true,false,false,NATIVE_POSITION_RECONCILIATION_VALID
r2_pullback_rejection_short_v1,r2_pullback_rejection_short_v1,C:\Users\ZHAO ZHU INFORMATION\Downloads\algo-trading-system\xau-usd\xauusd-phase1\outputs\reports\mt5_backtests\a1_momentum_variants_owner_goal_r2_pullback_rejection_short_v2_repair_exact_202207_202606_20260701\A1XauM5Momentum_OWNER_GOAL_R2_PULLBACK_REJECTION_SHORT_V2_REPAIR_EXACT_202207_202606_XAUUSD_M5_r2_h1_m5_body58_hours05_18_trades.csv,23,r2_pullback_rejection_short_v1::BT_A1_XAU_R2_H1_M5_BODY58_HOURS05_18::1025742::XAUUSD::932200::44,SHORT,2022-09-21 05:00:00,2022-09-21 06:03:42,-5.13,2022.09.21 05:00:00,44,1661.98,0.01,A1_M5_MOM_R2_H1_M5_B,2022.09.21 06:03:42,45,1667.11,sl 1667.10,-5.13,BT_A1_XAU_R2_H1_M5_BODY58_HOURS05_18,1025742,XAUUSD,932200,44,2022.09.21 05:00:00,44,44,1661.98,0.01,A1_M5_MOM_R2_H1_M5_B,2022.09.21 06:03:42,45,45,1667.11,0.01,4,sl 1667.10,-5.13,0.00,0.00,,false,-5.13,2,1,1,true,false,false,NATIVE_POSITION_RECONCILIATION_VALID
r2_pullback_rejection_short_v1,r2_pullback_rejection_short_v1,C:\Users\ZHAO ZHU INFORMATION\Downloads\algo-trading-system\xau-usd\xauusd-phase1\outputs\reports\mt5_backtests\a1_momentum_variants_owner_goal_r2_pullback_rejection_short_v2_repair_exact_202207_202606_20260701\A1XauM5Momentum_OWNER_GOAL_R2_PULLBACK_REJECTION_SHORT_V2_REPAIR_EXACT_202207_202606_XAUUSD_M5_r2_h1_m5_body58_hours05_18_trades.csv,24,r2_pullback_rejection_short_v1::BT_A1_XAU_R2_H1_M5_BODY58_HOURS05_18::1025742::XAUUSD::932200::46,SHORT,2022-09-26 10:00:00,2022-09-26 17:35:29,19.14,2022.09.26 10:00:00,46,1641.92,0.01,A1_M5_MOM_R2_H1_M5_B,2022.09.26 17:35:29,47,1622.78,tp 1622.78,19.14,BT_A1_XAU_R2_H1_M5_BODY58_HOURS05_18,1025742,XAUUSD,932200,46,2022.09.26 10:00:00,46,46,1641.92,0.01,A1_M5_MOM_R2_H1_M5_B,2022.09.26 17:35:29,47,47,1622.78,0.01,5,tp 1622.78,19.14,0.00,0.00,,false,19.14,2,1,1,true,false,false,NATIVE_POSITION_RECONCILIATION_VALID
r2_pullback_rejection_short_v1,r2_pullback_rejection_short_v1,C:\Users\ZHAO ZHU INFORMATION\Downloads\algo-trading-system\xau-usd\xauusd-phase1\outputs\reports\mt5_backtests\a1_momentum_variants_owner_goal_r2_pullback_rejection_short_v2_repair_exact_202207_202606_20260701\A1XauM5Momentum_OWNER_GOAL_R2_PULLBACK_REJECTION_SHORT_V2_REPAIR_EXACT_202207_202606_XAUUSD_M5_r2_h1_m5_body58_hours05_18_trades.csv,25,r2_pullback_rejection_short_v1::BT_A1_XAU_R2_H1_M5_BODY58_HOURS05_18::1025742::XAUUSD::932200::48,SHORT,2022-10-20 09:00:00,2022-10-20 09:47:38,-5.81,2022.10.20 09:00:00,48,1629.26,0.01,A1_M5_MOM_R2_H1_M5_B,2022.10.20 09:47:38,49,1635.07,sl 1635.05,-5.81,BT_A1_XAU_R2_H1_M5_BODY58_HOURS05_18,1025742,XAUUSD,932200,48,2022.10.20 09:00:00,48,48,1629.26,0.01,A1_M5_MOM_R2_H1_M5_B,2022.10.20 09:47:38,49,49,1635.07,0.01,4,sl 1635.05,-5.81,0.00,0.00,,false,-5.81,2,1,1,true,false,false,NATIVE_POSITION_RECONCILIATION_VALID
r2_pullback_rejection_short_v1,r2_pullback_rejection_short_v1,C:\Users\ZHAO ZHU INFORMATION\Downloads\algo-trading-system\xau-usd\xauusd-phase1\outputs\reports\mt5_backtests\a1_momentum_variants_owner_goal_r2_pullback_rejection_short_v2_repair_exact_202207_202606_20260701\A1XauM5Momentum_OWNER_GOAL_R2_PULLBACK_REJECTION_SHORT_V2_REPAIR_EXACT_202207_202606_XAUUSD_M5_r2_h1_m5_body58_hours05_18_trades.csv,26,r2_pullback_rejection_short_v1::BT_A1_XAU_R2_H1_M5_BODY58_HOURS05_18::1025742::XAUUSD::932200::50,SHORT,2022-10-21 12:00:00,2022-10-21 12:58:21,-5.9,2022.10.21 12:00:00,50,1623.18,0.01,A1_M5_MOM_R2_H1_M5_B,2022.10.21 12:58:21,51,1629.08,sl 1629.04,-5.9,BT_A1_XAU_R2_H1_M5_BODY58_HOURS05_18,1025742,XAUUSD,932200,50,2022.10.21 12:00:00,50,50,1623.18,0.01,A1_M5_MOM_R2_H1_M5_B,2022.10.21 12:58:21,51,51,1629.08,0.01,4,sl 1629.04,-5.90,0.00,0.00,,false,-5.90,2,1,1,true,false,false,NATIVE_POSITION_RECONCILIATION_VALID
r2_pullback_rejection_short_v1,r2_pullback_rejection_short_v1,C:\Users\ZHAO ZHU INFORMATION\Downloads\algo-trading-system\xau-usd\xauusd-phase1\outputs\reports\mt5_backtests\a1_momentum_variants_owner_goal_r2_pullback_rejection_short_v2_repair_exact_202207_202606_20260701\A1XauM5Momentum_OWNER_GOAL_R2_PULLBACK_REJECTION_SHORT_V2_REPAIR_EXACT_202207_202606_XAUUSD_M5_r2_h1_m5_body58_hours05_18_trades.csv,27,r2_pullback_rejection_short_v1::BT_A1_XAU_R2_H1_M5_BODY58_HOURS05_18::1025742::XAUUSD::932200::52,SHORT,2022-10-31 05:00:00,2022-10-31 18:59:15,9.72,2022.10.31 05:00:00,52,1641.56,0.01,A1_M5_MOM_R2_H1_M5_B,2022.10.31 18:59:15,55,1631.84,tp 1631.86,9.72,BT_A1_XAU_R2_H1_M5_BODY58_HOURS05_18,1025742,XAUUSD,932200,52,2022.10.31 05:00:00,52,52,1641.56,0.01,A1_M5_MOM_R2_H1_M5_B,2022.10.31 18:59:15,55,55,1631.84,0.01,5,tp 1631.86,9.72,0.00,0.00,,false,9.72,2,1,1,true,false,false,NATIVE_POSITION_RECONCILIATION_VALID
r2_pullback_rejection_short_v1,r2_pullback_rejection_short_v1,C:\Users\ZHAO ZHU INFORMATION\Downloads\algo-trading-system\xau-usd\xauusd-phase1\outputs\reports\mt5_backtests\a1_momentum_variants_owner_goal_r2_pullback_rejection_short_v2_repair_exact_202207_202606_20260701\A1XauM5Momentum_OWNER_GOAL_R2_PULLBACK_REJECTION_SHORT_V2_REPAIR_EXACT_202207_202606_XAUUSD_M5_r2_h1_m5_body58_hours05_18_trades.csv,28,r2_pullback_rejection_short_v1::BT_A1_XAU_R2_H1_M5_BODY58_HOURS05_18::1025742::XAUUSD::932200::53,SHORT,2022-10-31 08:00:00,2022-11-01 05:04:34,-6.75,2022.10.31 08:00:00,53,1637.12,0.01,A1_M5_MOM_R2_H1_M5_B,2022.11.01 05:04:34,56,1642.21,sl 1642.21,-6.75,BT_A1_XAU_R2_H1_M5_BODY58_HOURS05_18,1025742,XAUUSD,932200,53,2022.10.31 08:00:00,53,53,1637.12,0.01,A1_M5_MOM_R2_H1_M5_B,2022.11.01 05:58:31,57,57,1645.41,0.01,4,sl 1645.40,-8.29,0.00,0.00,,false,-8.29,2,1,1,true,true,true,NATIVE_POSITION_RECONCILIATION_VALID
r2_pullback_rejection_short_v1,r2_pullback_rejection_short_v1,C:\Users\ZHAO ZHU INFORMATION\Downloads\algo-trading-system\xau-usd\xauusd-phase1\outputs\reports\mt5_backtests\a1_momentum_variants_owner_goal_r2_pullback_rejection_short_v2_repair_exact_202207_202606_20260701\A1XauM5Momentum_OWNER_GOAL_R2_PULLBACK_REJECTION_SHORT_V2_REPAIR_EXACT_202207_202606_XAUUSD_M5_r2_h1_m5_body58_hours05_18_trades.csv,29,r2_pullback_rejection_short_v1::BT_A1_XAU_R2_H1_M5_BODY58_HOURS05_18::1025742::XAUUSD::932200::54,SHORT,2022-10-31 17:00:00,2022-11-01 05:58:31,-8.29,2022.10.31 17:00:00,54,1635.46,0.01,A1_M5_MOM_R2_H1_M5_B,2022.11.01 05:58:31,57,1645.41,sl 1645.40,-8.29,BT_A1_XAU_R2_H1_M5_BODY58_HOURS05_18,1025742,XAUUSD,932200,54,2022.10.31 17:00:00,54,54,1635.46,0.01,A1_M5_MOM_R2_H1_M5_B,2022.11.01 05:04:34,56,56,1642.21,0.01,4,sl 1642.21,-6.75,0.00,0.00,,false,-6.75,2,1,1,true,true,true,NATIVE_POSITION_RECONCILIATION_VALID
h4_d1_long_best_box2_atr80,h4_d1_long_best_box2_atr80,C:\Users\ZHAO ZHU INFORMATION\Downloads\algo-trading-system\xau-usd\xauusd-phase1\outputs\reports\mt5_backtests\a1_momentum_variants_owner_goal_regime_router_v1_exact_202207_202606_20260701\A1XauM5Momentum_OWNER_GOAL_REGIME_ROUTER_V1_EXACT_202207_202606_XAUUSD_M5_router_v1_r1_long_box2_prevhealth_trades.csv,2,h4_d1_long_best_box2_atr80::BT_A1_XAU_ROUTER_V1_R1_LONG_BOX2_PREVHEALTH::1025742::XAUUSD::932200::2,LONG,2022-11-24 04:00:00,2022-12-05 14:01:28,-30.33,2022.11.24 04:00:00,2,1755.77,0.01,A1_M5_MOM_ROUTER_V1_,2022.12.05 14:01:28,8,1778.51,sl 1778.51,-30.33,BT_A1_XAU_ROUTER_V1_R1_LONG_BOX2_PREVHEALTH,1025742,XAUUSD,932200,2,2022.11.24 04:00:00,2,2,1755.77,0.01,A1_M5_MOM_ROUTER_V1_,2022.12.13 13:00:42,11,11,1812.77,0.01,5,tp 1812.77,57.00,0.00,0.00,,false,57.00,2,1,1,true,true,true,NATIVE_POSITION_RECONCILIATION_VALID
h4_d1_long_best_box2_atr80,h4_d1_long_best_box2_atr80,C:\Users\ZHAO ZHU INFORMATION\Downloads\algo-trading-system\xau-usd\xauusd-phase1\outputs\reports\mt5_backtests\a1_momentum_variants_owner_goal_regime_router_v1_exact_202207_202606_20260701\A1XauM5Momentum_OWNER_GOAL_REGIME_ROUTER_V1_EXACT_202207_202606_XAUUSD_M5_router_v1_r1_long_box2_prevhealth_trades.csv,3,h4_d1_long_best_box2_atr80::BT_A1_XAU_ROUTER_V1_R1_LONG_BOX2_PREVHEALTH::1025742::XAUUSD::932200::3,LONG,2022-11-24 12:00:00,2022-12-13 13:00:42,57.0,2022.11.24 12:00:00,3,1757.46,0.01,A1_M5_MOM_ROUTER_V1_,2022.12.13 13:00:42,11,1812.77,tp 1812.77,57.0,BT_A1_XAU_ROUTER_V1_R1_LONG_BOX2_PREVHEALTH,1025742,XAUUSD,932200,3,2022.11.24 12:00:00,3,3,1757.46,0.01,A1_M5_MOM_ROUTER_V1_,2022.12.13 13:14:31,12,12,1817.68,0.01,5,tp 1817.68,60.22,0.00,0.00,,false,60.22,2,1,1,true,true,true,NATIVE_POSITION_RECONCILIATION_VALID
r1_h1_pullback_long_v1,r1_h1_pullback_long_v1,C:\Users\ZHAO ZHU INFORMATION\Downloads\algo-trading-system\xau-usd\xauusd-phase1\outputs\reports\mt5_backtests\a1_momentum_variants_owner_goal_r1_pullback_long_v2_session_exact_202207_202606_20260701\A1XauM5Momentum_OWNER_GOAL_R1_PULLBACK_LONG_V2_SESSION_EXACT_202207_202606_XAUUSD_M5_r1_pullback_long_v2_m15_session_09_15_trades.csv,2,r1_h1_pullback_long_v1::BT_A1_XAU_R1_PULLBACK_LONG_V2_M15_SESSION_09_15::1025742::XAUUSD::932200::2,LONG,2022-11-28 12:45:00,2022-11-28 13:21:19,-5.15,2022.11.28 12:45:00,2,1754.92,0.01,A1_M5_MOM_R1_PULLBAC,2022.11.28 13:21:19,3,1749.77,sl 1749.79,-5.15,BT_A1_XAU_R1_PULLBACK_LONG_V2_M15_SESSION_09_15,1025742,XAUUSD,932200,2,2022.11.28 12:45:00,2,2,1754.92,0.01,A1_M5_MOM_R1_PULLBAC,2022.11.28 13:21:19,3,3,1749.77,0.01,4,sl 1749.79,-5.15,0.00,0.00,,false,-5.15,2,1,1,true,false,false,NATIVE_POSITION_RECONCILIATION_VALID
h4_d1_long_best_box2_atr80,h4_d1_long_best_box2_atr80,C:\Users\ZHAO ZHU INFORMATION\Downloads\algo-trading-system\xau-usd\xauusd-phase1\outputs\reports\mt5_backtests\a1_momentum_variants_owner_goal_regime_router_v1_exact_202207_202606_20260701\A1XauM5Momentum_OWNER_GOAL_REGIME_ROUTER_V1_EXACT_202207_202606_XAUUSD_M5_router_v1_r1_long_box2_prevhealth_trades.csv,4,h4_d1_long_best_box2_atr80::BT_A1_XAU_ROUTER_V1_R1_LONG_BOX2_PREVHEALTH::1025742::XAUUSD::932200::4,LONG,2022-11-30 20:00:00,2022-12-13 13:14:31,60.22,2022.11.30 20:00:00,4,1769.94,0.01,A1_M5_MOM_ROUTER_V1_,2022.12.13 13:14:31,12,1817.68,tp 1817.68,60.22,BT_A1_XAU_ROUTER_V1_R1_LONG_BOX2_PREVHEALTH,1025742,XAUUSD,932200,4,2022.11.30 20:00:00,4,4,1769.94,0.01,A1_M5_MOM_ROUTER_V1_,2022.12.27 14:35:31,19,19,1830.47,0.01,5,tp 1830.44,60.53,0.00,0.00,,false,60.53,2,1,1,true,true,true,NATIVE_POSITION_RECONCILIATION_VALID
h4_d1_long_best_box2_atr80,h4_d1_long_best_box2_atr80,C:\Users\ZHAO ZHU INFORMATION\Downloads\algo-trading-system\xau-usd\xauusd-phase1\outputs\reports\mt5_backtests\a1_momentum_variants_owner_goal_regime_router_v1_exact_202207_202606_20260701\A1XauM5Momentum_OWNER_GOAL_REGIME_ROUTER_V1_EXACT_202207_202606_XAUUSD_M5_router_v1_r1_long_box2_prevhealth_trades.csv,5,h4_d1_long_best_box2_atr80::BT_A1_XAU_ROUTER_V1_R1_LONG_BOX2_PREVHEALTH::1025742::XAUUSD::932200::5,LONG,2022-12-01 12:00:00,2022-12-15 07:30:20,-31.23,2022.12.01 12:00:00,5,1784.92,0.01,A1_M5_MOM_ROUTER_V1_,2022.12.15 07:30:20,14,1777.68,sl 1777.71,-31.23,BT_A1_XAU_ROUTER_V1_R1_LONG_BOX2_PREVHEALTH,1025742,XAUUSD,932200,5,2022.12.01 12:00:00,5,5,1784.92,0.01,A1_M5_MOM_ROUTER_V1_,2023.01.09 00:45:28,30,30,1874.02,0.01,5,tp 1874.02,89.10,0.00,0.00,,false,89.10,2,1,1,true,true,true,NATIVE_POSITION_RECONCILIATION_VALID
h4_d1_long_best_box2_atr80,h4_d1_long_best_box2_atr80,C:\Users\ZHAO ZHU INFORMATION\Downloads\algo-trading-system\xau-usd\xauusd-phase1\outputs\reports\mt5_backtests\a1_momentum_variants_owner_goal_regime_router_v1_exact_202207_202606_20260701\A1XauM5Momentum_OWNER_GOAL_REGIME_ROUTER_V1_EXACT_202207_202606_XAUUSD_M5_router_v1_r1_long_box2_prevhealth_trades.csv,6,h4_d1_long_best_box2_atr80::BT_A1_XAU_ROUTER_V1_R1_LONG_BOX2_PREVHEALTH::1025742::XAUUSD::932200::6,LONG,2022-12-01 16:00:00,2022-12-27 14:35:31,60.53,2022.12.01 16:00:00,6,1802.45,0.01,A1_M5_MOM_ROUTER_V1_,2022.12.27 14:35:31,19,1830.47,tp 1830.44,60.53,BT_A1_XAU_ROUTER_V1_R1_LONG_BOX2_PREVHEALTH,1025742,XAUUSD,932200,6,2022.12.01 16:00:00,6,6,1802.45,0.01,A1_M5_MOM_ROUTER_V1_,2023.01.16 01:50:15,42,42,1926.83,0.01,5,tp 1926.81,124.38,0.00,0.00,,false,124.38,2,1,1,true,true,true,NATIVE_POSITION_RECONCILIATION_VALID
r1_h1_pullback_long_v1,r1_h1_pullback_long_v1,C:\Users\ZHAO ZHU INFORMATION\Downloads\algo-trading-system\xau-usd\xauusd-phase1\outputs\reports\mt5_backtests\a1_momentum_variants_owner_goal_r1_pullback_long_v2_session_exact_202207_202606_20260701\A1XauM5Momentum_OWNER_GOAL_R1_PULLBACK_LONG_V2_SESSION_EXACT_202207_202606_XAUUSD_M5_r1_pullback_long_v2_m15_session_09_15_trades.csv,3,r1_h1_pullback_long_v1::BT_A1_XAU_R1_PULLBACK_LONG_V2_M15_SESSION_09_15::1025742::XAUUSD::932200::4,LONG,2022-12-02 11:30:00,2022-12-02 12:30:19,-3.53,2022.12.02 11:30:00,4,1798.67,0.01,A1_M5_MOM_R1_PULLBAC,2022.12.02 12:30:19,6,1796.00,sl 1796.03,-3.53,BT_A1_XAU_R1_PULLBACK_LONG_V2_M15_SESSION_09_15,1025742,XAUUSD,932200,4,2022.12.02 11:30:00,4,4,1798.67,0.01,A1_M5_MOM_R1_PULLBAC,2022.12.02 12:30:20,7,7,1795.16,0.01,4,sl 1795.17,-3.51,0.00,0.00,,false,-3.51,2,1,1,true,true,true,NATIVE_POSITION_RECONCILIATION_VALID
r1_h1_pullback_long_v1,r1_h1_pullback_long_v1,C:\Users\ZHAO ZHU INFORMATION\Downloads\algo-trading-system\xau-usd\xauusd-phase1\outputs\reports\mt5_backtests\a1_momentum_variants_owner_goal_r1_pullback_long_v2_session_exact_202207_202606_20260701\A1XauM5Momentum_OWNER_GOAL_R1_PULLBACK_LONG_V2_SESSION_EXACT_202207_202606_XAUUSD_M5_r1_pullback_long_v2_m15_session_09_15_trades.csv,4,r1_h1_pullback_long_v1::BT_A1_XAU_R1_PULLBACK_LONG_V2_M15_SESSION_09_15::1025742::XAUUSD::932200::5,LONG,2022-12-02 12:00:00,2022-12-02 12:30:20,-3.51,2022.12.02 12:00:00,5,1799.53,0.01,A1_M5_MOM_R1_PULLBAC,2022.12.02 12:30:20,7,1795.16,sl 1795.17,-3.51,BT_A1_XAU_R1_PULLBACK_LONG_V2_M15_SESSION_09_15,1025742,XAUUSD,932200,5,2022.12.02 12:00:00,5,5,1799.53,0.01,A1_M5_MOM_R1_PULLBAC,2022.12.02 12:30:19,6,6,1796.00,0.01,4,sl 1796.03,-3.53,0.00,0.00,,false,-3.53,2,1,1,true,true,true,NATIVE_POSITION_RECONCILIATION_VALID
h4_d1_long_best_box2_atr80,h4_d1_long_best_box2_atr80,C:\Users\ZHAO ZHU INFORMATION\Downloads\algo-trading-system\xau-usd\xauusd-phase1\outputs\reports\mt5_backtests\a1_momentum_variants_owner_goal_regime_router_v1_exact_202207_202606_20260701\A1XauM5Momentum_OWNER_GOAL_REGIME_ROUTER_V1_EXACT_202207_202606_XAUUSD_M5_router_v1_r1_long_box2_prevhealth_trades.csv,7,h4_d1_long_best_box2_atr80::BT_A1_XAU_ROUTER_V1_R1_LONG_BOX2_PREVHEALTH::1025742::XAUUSD::932200::7,LONG,2022-12-05 04:00:00,2023-01-03 02:22:36,38.91,2022.12.05 04:00:00,7,1808.84,0.01,A1_M5_MOM_ROUTER_V1_,2023.01.03 02:22:36,21,1842.19,tp 1842.18,38.91,BT_A1_XAU_ROUTER_V1_R1_LONG_BOX2_PREVHEALTH,1025742,XAUUSD,932200,7,2022.12.05 04:00:00,7,7,1808.84,0.01,A1_M5_MOM_ROUTER_V1_,2022.12.05 14:01:28,8,8,1778.51,0.01,4,sl 1778.51,-30.33,0.00,0.00,,false,-30.33,2,1,1,true,true,true,NATIVE_POSITION_RECONCILIATION_VALID
r1_h1_pullback_long_v1,r1_h1_pullback_long_v1,C:\Users\ZHAO ZHU INFORMATION\Downloads\algo-trading-system\xau-usd\xauusd-phase1\outputs\reports\mt5_backtests\a1_momentum_variants_owner_goal_r1_pullback_long_v2_session_exact_202207_202606_20260701\A1XauM5Momentum_OWNER_GOAL_R1_PULLBACK_LONG_V2_SESSION_EXACT_202207_202606_XAUUSD_M5_r1_pullback_long_v2_m15_session_09_15_trades.csv,5,r1_h1_pullback_long_v1::BT_A1_XAU_R1_PULLBACK_LONG_V2_M15_SESSION_09_15::1025742::XAUUSD::932200::8,LONG,2022-12-08 09:00:00,2022-12-08 12:33:38,7.0,2022.12.08 09:00:00,8,1783.40,0.01,A1_M5_MOM_R1_PULLBAC,2022.12.08 12:33:38,14,1790.40,tp 1790.40,7.0,BT_A1_XAU_R1_PULLBACK_LONG_V2_M15_SESSION_09_15,1025742,XAUUSD,932200,8,2022.12.08 09:00:00,8,8,1783.40,0.01,A1_M5_MOM_R1_PULLBAC,2022.12.08 12:33:38,14,14,1790.40,0.01,5,tp 1790.40,7.00,0.00,0.00,,false,7.00,2,1,1,true,false,false,NATIVE_POSITION_RECONCILIATION_VALID
r1_h1_pullback_long_v1,r1_h1_pullback_long_v1,C:\Users\ZHAO ZHU INFORMATION\Downloads\algo-trading-system\xau-usd\xauusd-phase1\outputs\reports\mt5_backtests\a1_momentum_variants_owner_goal_r1_pullback_long_v2_session_exact_202207_202606_20260701\A1XauM5Momentum_OWNER_GOAL_R1_PULLBACK_LONG_V2_SESSION_EXACT_202207_202606_XAUUSD_M5_r1_pullback_long_v2_m15_session_09_15_trades.csv,6,r1_h1_pullback_long_v1::BT_A1_XAU_R1_PULLBACK_LONG_V2_M15_SESSION_09_15::1025742::XAUUSD::932200::9,LONG,2022-12-08 09:30:00,2022-12-08 12:33:42,7.0,2022.12.08 09:30:00,9,1784.25,0.01,A1_M5_MOM_R1_PULLBAC,2022.12.08 12:33:42,15,1790.61,tp 1790.61,7.0,BT_A1_XAU_R1_PULLBACK_LONG_V2_M15_SESSION_09_15,1025742,XAUUSD,932200,9,2022.12.08 09:30:00,9,9,1784.25,0.01,A1_M5_MOM_R1_PULLBAC,2022.12.08 12:36:30,17,17,1791.27,0.01,5,tp 1791.25,7.02,0.00,0.00,,false,7.02,2,1,1,true,true,true,NATIVE_POSITION_RECONCILIATION_VALID
r1_h1_pullback_long_v1,r1_h1_pullback_long_v1,C:\Users\ZHAO ZHU INFORMATION\Downloads\algo-trading-system\xau-usd\xauusd-phase1\outputs\reports\mt5_backtests\a1_momentum_variants_owner_goal_r1_pullback_long_v2_session_exact_202207_202606_20260701\A1XauM5Momentum_OWNER_GOAL_R1_PULLBACK_LONG_V2_SESSION_EXACT_202207_202606_XAUUSD_M5_r1_pullback_long_v2_m15_session_09_15_trades.csv,7,r1_h1_pullback_long_v1::BT_A1_XAU_R1_PULLBACK_LONG_V2_M15_SESSION_09_15::1025742::XAUUSD::932200::10,LONG,2022-12-08 10:00:00,2022-12-08 12:36:21,7.01,2022.12.08 10:00:00,10,1783.82,0.01,A1_M5_MOM_R1_PULLBAC,2022.12.08 12:36:21,16,1790.83,tp 1790.82,7.01,BT_A1_XAU_R1_PULLBACK_LONG_V2_M15_SESSION_09_15,1025742,XAUUSD,932200,10,2022.12.08 10:00:00,10,10,1783.82,0.01,A1_M5_MOM_R1_PULLBAC,2022.12.08 12:36:21,16,16,1790.83,0.01,5,tp 1790.82,7.01,0.00,0.00,,false,7.01,2,1,1,true,false,false,NATIVE_POSITION_RECONCILIATION_VALID
r1_h1_pullback_long_v1,r1_h1_pullback_long_v1,C:\Users\ZHAO ZHU INFORMATION\Downloads\algo-trading-system\xau-usd\xauusd-phase1\outputs\reports\mt5_backtests\a1_momentum_variants_owner_goal_r1_pullback_long_v2_session_exact_202207_202606_20260701\A1XauM5Momentum_OWNER_GOAL_R1_PULLBACK_LONG_V2_SESSION_EXACT_202207_202606_XAUUSD_M5_r1_pullback_long_v2_m15_session_09_15_trades.csv,8,r1_h1_pullback_long_v1::BT_A1_XAU_R1_PULLBACK_LONG_V2_M15_SESSION_09_15::1025742::XAUUSD::932200::11,LONG,2022-12-08 10:30:00,2022-12-08 12:36:30,7.02,2022.12.08 10:30:00,11,1783.61,0.01,A1_M5_MOM_R1_PULLBAC,2022.12.08 12:36:30,17,1791.27,tp 1791.25,7.02,BT_A1_XAU_R1_PULLBACK_LONG_V2_M15_SESSION_09_15,1025742,XAUUSD,932200,11,2022.12.08 10:30:00,11,11,1783.61,0.01,A1_M5_MOM_R1_PULLBAC,2022.12.08 12:33:42,15,15,1790.61,0.01,5,tp 1790.61,7.00,0.00,0.00,,false,7.00,2,1,1,true,true,true,NATIVE_POSITION_RECONCILIATION_VALID
r1_h1_pullback_long_v1,r1_h1_pullback_long_v1,C:\Users\ZHAO ZHU INFORMATION\Downloads\algo-trading-system\xau-usd\xauusd-phase1\outputs\reports\mt5_backtests\a1_momentum_variants_owner_goal_r1_pullback_long_v2_session_exact_202207_202606_20260701\A1XauM5Momentum_OWNER_GOAL_R1_PULLBACK_LONG_V2_SESSION_EXACT_202207_202606_XAUUSD_M5_r1_pullback_long_v2_m15_session_09_15_trades.csv,9,r1_h1_pullback_long_v1::BT_A1_XAU_R1_PULLBACK_LONG_V2_M15_SESSION_09_15::1025742::XAUUSD::932200::12,LONG,2022-12-08 11:15:00,2022-12-08 14:25:31,7.0,2022.12.08 11:15:00,12,1786.05,0.01,A1_M5_MOM_R1_PULLBAC,2022.12.08 14:25:31,20,1793.19,tp 1793.19,7.0,BT_A1_XAU_R1_PULLBACK_LONG_V2_M15_SESSION_09_15,1025742,XAUUSD,932200,12,2022.12.08 11:15:00,12,12,1786.05,0.01,A1_M5_MOM_R1_PULLBAC,2022.12.08 14:26:41,21,21,1794.34,0.01,5,tp 1794.33,8.29,0.00,0.00,,false,8.29,2,1,1,true,true,true,NATIVE_POSITION_RECONCILIATION_VALID
r1_h1_pullback_long_v1,r1_h1_pullback_long_v1,C:\Users\ZHAO ZHU INFORMATION\Downloads\algo-trading-system\xau-usd\xauusd-phase1\outputs\reports\mt5_backtests\a1_momentum_variants_owner_goal_r1_pullback_long_v2_session_exact_202207_202606_20260701\A1XauM5Momentum_OWNER_GOAL_R1_PULLBACK_LONG_V2_SESSION_EXACT_202207_202606_XAUUSD_M5_r1_pullback_long_v2_m15_session_09_15_trades.csv,10,r1_h1_pullback_long_v1::BT_A1_XAU_R1_PULLBACK_LONG_V2_M15_SESSION_09_15::1025742::XAUUSD::932200::13,LONG,2022-12-08 12:00:00,2022-12-08 14:26:41,8.29,2022.12.08 12:00:00,13,1786.19,0.01,A1_M5_MOM_R1_PULLBAC,2022.12.08 14:26:41,21,1794.34,tp 1794.33,8.29,BT_A1_XAU_R1_PULLBACK_LONG_V2_M15_SESSION_09_15,1025742,XAUUSD,932200,13,2022.12.08 12:00:00,13,13,1786.19,0.01,A1_M5_MOM_R1_PULLBAC,2022.12.08 14:25:31,20,20,1793.19,0.01,5,tp 1793.19,7.00,0.00,0.00,,false,7.00,2,1,1,true,true,true,NATIVE_POSITION_RECONCILIATION_VALID
r1_h1_pullback_long_v1,r1_h1_pullback_long_v1,C:\Users\ZHAO ZHU INFORMATION\Downloads\algo-trading-system\xau-usd\xauusd-phase1\outputs\reports\mt5_backtests\a1_momentum_variants_owner_goal_r1_pullback_long_v2_session_exact_202207_202606_20260701\A1XauM5Momentum_OWNER_GOAL_R1_PULLBACK_LONG_V2_SESSION_EXACT_202207_202606_XAUUSD_M5_r1_pullback_long_v2_m15_session_09_15_trades.csv,11,r1_h1_pullback_long_v1::BT_A1_XAU_R1_PULLBACK_LONG_V2_M15_SESSION_09_15::1025742::XAUUSD::932200::18,LONG,2022-12-08 13:00:00,2022-12-09 10:58:26,11.28,2022.12.08 13:00:00,18,1789.62,0.01,A1_M5_MOM_R1_PULLBAC,2022.12.09 10:58:26,25,1800.90,tp 1800.90,11.28,BT_A1_XAU_R1_PULLBACK_LONG_V2_M15_SESSION_09_15,1025742,XAUUSD,932200,18,2022.12.08 13:00:00,18,18,1789.62,0.01,A1_M5_MOM_R1_PULLBAC,2022.12.09 10:58:26,25,25,1800.90,0.01,5,tp 1800.90,11.28,0.00,0.00,,false,11.28,2,1,1,true,false,false,NATIVE_POSITION_RECONCILIATION_VALID
r1_h1_pullback_long_v1,r1_h1_pullback_long_v1,C:\Users\ZHAO ZHU INFORMATION\Downloads\algo-trading-system\xau-usd\xauusd-phase1\outputs\reports\mt5_backtests\a1_momentum_variants_owner_goal_r1_pullback_long_v2_session_exact_202207_202606_20260701\A1XauM5Momentum_OWNER_GOAL_R1_PULLBACK_LONG_V2_SESSION_EXACT_202207_202606_XAUUSD_M5_r1_pullback_long_v2_m15_session_09_15_trades.csv,12,r1_h1_pullback_long_v1::BT_A1_XAU_R1_PULLBACK_LONG_V2_M15_SESSION_09_15::1025742::XAUUSD::932200::19,LONG,2022-12-08 14:00:00,2022-12-09 11:28:39,8.36,2022.12.08 14:00:00,19,1792.52,0.01,A1_M5_MOM_R1_PULLBAC,2022.12.09 11:28:39,27,1801.18,tp 1801.18,8.36,BT_A1_XAU_R1_PULLBACK_LONG_V2_M15_SESSION_09_15,1025742,XAUUSD,932200,19,2022.12.08 14:00:00,19,19,1792.52,0.01,A1_M5_MOM_R1_PULLBAC,2022.12.12 14:40:20,32,32,1783.73,0.01,4,sl 1783.73,-8.79,0.00,0.00,,false,-8.79,2,1,1,true,true,true,NATIVE_POSITION_RECONCILIATION_VALID
r1_h1_pullback_long_v1,r1_h1_pullback_long_v1,C:\Users\ZHAO ZHU INFORMATION\Downloads\algo-trading-system\xau-usd\xauusd-phase1\outputs\reports\mt5_backtests\a1_momentum_variants_owner_goal_r1_pullback_long_v2_session_exact_202207_202606_20260701\A1XauM5Momentum_OWNER_GOAL_R1_PULLBACK_LONG_V2_SESSION_EXACT_202207_202606_XAUUSD_M5_r1_pullback_long_v2_m15_session_09_15_trades.csv,13,r1_h1_pullback_long_v1::BT_A1_XAU_R1_PULLBACK_LONG_V2_M15_SESSION_09_15::1025742::XAUUSD::932200::22,LONG,2022-12-08 14:30:00,2022-12-09 12:30:40,-8.25,2022.12.08 14:30:00,22,1794.52,0.01,A1_M5_MOM_R1_PULLBAC,2022.12.09 12:30:40,28,1792.32,sl 1792.41,-8.25,BT_A1_XAU_R1_PULLBACK_LONG_V2_M15_SESSION_09_15,1025742,XAUUSD,932200,22,2022.12.08 14:30:00,22,22,1794.52,0.01,A1_M5_MOM_R1_PULLBAC,2022.12.12 14:40:20,33,33,1783.73,0.01,4,sl 1783.73,-10.79,0.00,0.00,,false,-10.79,2,1,1,true,true,true,NATIVE_POSITION_RECONCILIATION_VALID
h4_d1_long_best_box2_atr80,h4_d1_long_best_box2_atr80,C:\Users\ZHAO ZHU INFORMATION\Downloads\algo-trading-system\xau-usd\xauusd-phase1\outputs\reports\mt5_backtests\a1_momentum_variants_owner_goal_regime_router_v1_exact_202207_202606_20260701\A1XauM5Momentum_OWNER_GOAL_REGIME_ROUTER_V1_EXACT_202207_202606_XAUUSD_M5_router_v1_r1_long_box2_prevhealth_trades.csv,8,h4_d1_long_best_box2_atr80::BT_A1_XAU_ROUTER_V1_R1_LONG_BOX2_PREVHEALTH::1025742::XAUUSD::932200::9,LONG,2022-12-09 04:00:00,2023-01-03 02:22:38,45.36,2022.12.09 04:00:00,9,1796.71,0.01,A1_M5_MOM_ROUTER_V1_,2023.01.03 02:22:38,22,1842.37,tp 1842.35,45.36,BT_A1_XAU_ROUTER_V1_R1_LONG_BOX2_PREVHEALTH,1025742,XAUUSD,932200,9,2022.12.09 04:00:00,9,9,1796.71,0.01,A1_M5_MOM_ROUTER_V1_,2023.01.04 06:26:27,26,26,1852.38,0.01,5,tp 1852.35,55.67,0.00,0.00,,false,55.67,2,1,1,true,true,true,NATIVE_POSITION_RECONCILIATION_VALID
r1_h1_pullback_long_v1,r1_h1_pullback_long_v1,C:\Users\ZHAO ZHU INFORMATION\Downloads\algo-trading-system\xau-usd\xauusd-phase1\outputs\reports\mt5_backtests\a1_momentum_variants_owner_goal_r1_pullback_long_v2_session_exact_202207_202606_20260701\A1XauM5Momentum_OWNER_GOAL_R1_PULLBACK_LONG_V2_SESSION_EXACT_202207_202606_XAUUSD_M5_r1_pullback_long_v2_m15_session_09_15_trades.csv,14,r1_h1_pullback_long_v1::BT_A1_XAU_R1_PULLBACK_LONG_V2_M15_SESSION_09_15::1025742::XAUUSD::932200::23,LONG,2022-12-09 09:00:00,2022-12-12 01:17:00,-6.23,2022.12.09 09:00:00,23,1792.82,0.01,A1_M5_MOM_R1_PULLBAC,2022.12.12 01:17:00,30,1789.21,sl 1789.22,-6.23,BT_A1_XAU_R1_PULLBACK_LONG_V2_M15_SESSION_09_15,1025742,XAUUSD,932200,23,2022.12.09 09:00:00,23,23,1792.82,0.01,A1_M5_MOM_R1_PULLBAC,2022.12.09 11:28:39,27,27,1801.18,0.01,5,tp 1801.18,8.36,0.00,0.00,,false,8.36,2,1,1,true,true,true,NATIVE_POSITION_RECONCILIATION_VALID
r1_h1_pullback_long_v1,r1_h1_pullback_long_v1,C:\Users\ZHAO ZHU INFORMATION\Downloads\algo-trading-system\xau-usd\xauusd-phase1\outputs\reports\mt5_backtests\a1_momentum_variants_owner_goal_r1_pullback_long_v2_session_exact_202207_202606_20260701\A1XauM5Momentum_OWNER_GOAL_R1_PULLBACK_LONG_V2_SESSION_EXACT_202207_202606_XAUUSD_M5_r1_pullback_long_v2_m15_session_09_15_trades.csv,15,r1_h1_pullback_long_v1::BT_A1_XAU_R1_PULLBACK_LONG_V2_M15_SESSION_09_15::1025742::XAUUSD::932200::24,LONG,2022-12-09 10:00:00,2022-12-12 01:17:14,-6.18,2022.12.09 10:00:00,24,1794.74,0.01,A1_M5_MOM_R1_PULLBAC,2022.12.12 01:17:14,31,1788.56,sl 1788.57,-6.18,BT_A1_XAU_R1_PULLBACK_LONG_V2_M15_SESSION_09_15,1025742,XAUUSD,932200,24,2022.12.09 10:00:00,24,24,1794.74,0.01,A1_M5_MOM_R1_PULLBAC,2022.12.12 01:17:14,31,31,1788.56,0.01,4,sl 1788.57,-6.18,0.00,0.00,,false,-6.18,2,1,1,true,false,false,NATIVE_POSITION_RECONCILIATION_VALID
r1_h1_pullback_long_v1,r1_h1_pullback_long_v1,C:\Users\ZHAO ZHU INFORMATION\Downloads\algo-trading-system\xau-usd\xauusd-phase1\outputs\reports\mt5_backtests\a1_momentum_variants_owner_goal_r1_pullback_long_v2_session_exact_202207_202606_20260701\A1XauM5Momentum_OWNER_GOAL_R1_PULLBACK_LONG_V2_SESSION_EXACT_202207_202606_XAUUSD_M5_r1_pullback_long_v2_m15_session_09_15_trades.csv,16,r1_h1_pullback_long_v1::BT_A1_XAU_R1_PULLBACK_LONG_V2_M15_SESSION_09_15::1025742::XAUUSD::932200::26,LONG,2022-12-09 11:00:00,2022-12-12 14:40:20,-8.79,2022.12.09 11:00:00,26,1800.57,0.01,A1_M5_MOM_R1_PULLBAC,2022.12.12 14:40:20,32,1783.73,sl 1783.73,-8.79,BT_A1_XAU_R1_PULLBACK_LONG_V2_M15_SESSION_09_15,1025742,XAUUSD,932200,26,2022.12.09 11:00:00,26,26,1800.57,0.01,A1_M5_MOM_R1_PULLBAC,2022.12.09 12:30:40,28,28,1792.32,0.01,4,sl 1792.41,-8.25,0.00,0.00,,false,-8.25,2,1,1,true,true,true,NATIVE_POSITION_RECONCILIATION_VALID
h4_d1_long_best_box2_atr80,h4_d1_long_best_box2_atr80,C:\Users\ZHAO ZHU INFORMATION\Downloads\algo-trading-system\xau-usd\xauusd-phase1\outputs\reports\mt5_backtests\a1_momentum_variants_owner_goal_regime_router_v1_exact_202207_202606_20260701\A1XauM5Momentum_OWNER_GOAL_REGIME_ROUTER_V1_EXACT_202207_202606_XAUUSD_M5_router_v1_r1_long_box2_prevhealth_trades.csv,9,h4_d1_long_best_box2_atr80::BT_A1_XAU_ROUTER_V1_R1_LONG_BOX2_PREVHEALTH::1025742::XAUUSD::932200::10,LONG,2022-12-09 12:00:00,2023-01-03 06:22:27,35.48,2022.12.09 12:00:00,10,1800.73,0.01,A1_M5_MOM_ROUTER_V1_,2023.01.03 06:22:27,24,1844.50,tp 1844.48,35.48,BT_A1_XAU_ROUTER_V1_R1_LONG_BOX2_PREVHEALTH,1025742,XAUUSD,932200,10,2022.12.09 12:00:00,10,10,1800.73,0.01,A1_M5_MOM_ROUTER_V1_,2023.01.04 07:23:05,27,27,1864.43,0.01,5,tp 1864.43,63.70,0.00,0.00,,false,63.70,2,1,1,true,true,true,NATIVE_POSITION_RECONCILIATION_VALID
r1_h1_pullback_long_v1,r1_h1_pullback_long_v1,C:\Users\ZHAO ZHU INFORMATION\Downloads\algo-trading-system\xau-usd\xauusd-phase1\outputs\reports\mt5_backtests\a1_momentum_variants_owner_goal_r1_pullback_long_v2_session_exact_202207_202606_20260701\A1XauM5Momentum_OWNER_GOAL_R1_PULLBACK_LONG_V2_SESSION_EXACT_202207_202606_XAUUSD_M5_r1_pullback_long_v2_m15_session_09_15_trades.csv,17,r1_h1_pullback_long_v1::BT_A1_XAU_R1_PULLBACK_LONG_V2_M15_SESSION_09_15::1025742::XAUUSD::932200::29,LONG,2022-12-09 14:45:00,2022-12-12 14:40:20,-10.79,2022.12.09 14:45:00,29,1795.44,0.01,A1_M5_MOM_R1_PULLBAC,2022.12.12 14:40:20,33,1783.73,sl 1783.73,-10.79,BT_A1_XAU_R1_PULLBACK_LONG_V2_M15_SESSION_09_15,1025742,XAUUSD,932200,29,2022.12.09 14:45:00,29,29,1795.44,0.01,A1_M5_MOM_R1_PULLBAC,2022.12.12 01:17:00,30,30,1789.21,0.01,4,sl 1789.22,-6.23,0.00,0.00,,false,-6.23,2,1,1,true,true,true,NATIVE_POSITION_RECONCILIATION_VALID
h4_d1_long_best_box2_atr80,h4_d1_long_best_box2_atr80,C:\Users\ZHAO ZHU INFORMATION\Downloads\algo-trading-system\xau-usd\xauusd-phase1\outputs\reports\mt5_backtests\a1_momentum_variants_owner_goal_regime_router_v1_exact_202207_202606_20260701\A1XauM5Momentum_OWNER_GOAL_REGIME_ROUTER_V1_EXACT_202207_202606_XAUUSD_M5_router_v1_r1_long_box2_prevhealth_trades.csv,10,h4_d1_long_best_box2_atr80::BT_A1_XAU_ROUTER_V1_R1_LONG_BOX2_PREVHEALTH::1025742::XAUUSD::932200::13,LONG,2022-12-13 16:00:00,2023-01-04 06:26:27,55.67,2022.12.13 16:00:00,13,1808.91,0.01,A1_M5_MOM_ROUTER_V1_,2023.01.04 06:26:27,26,1852.38,tp 1852.35,55.67,BT_A1_XAU_ROUTER_V1_R1_LONG_BOX2_PREVHEALTH,1025742,XAUUSD,932200,13,2022.12.13 16:00:00,13,13,1808.91,0.01,A1_M5_MOM_ROUTER_V1_,2022.12.15 07:30:20,14,14,1777.68,0.01,4,sl 1777.71,-31.23,0.00,0.00,,false,-31.23,2,1,1,true,true,true,NATIVE_POSITION_RECONCILIATION_VALID
r1_h1_pullback_long_v1,r1_h1_pullback_long_v1,C:\Users\ZHAO ZHU INFORMATION\Downloads\algo-trading-system\xau-usd\xauusd-phase1\outputs\reports\mt5_backtests\a1_momentum_variants_owner_goal_r1_pullback_long_v2_session_exact_202207_202606_20260701\A1XauM5Momentum_OWNER_GOAL_R1_PULLBACK_LONG_V2_SESSION_EXACT_202207_202606_XAUUSD_M5_r1_pullback_long_v2_m15_session_09_15_trades.csv,18,r1_h1_pullback_long_v1::BT_A1_XAU_R1_PULLBACK_LONG_V2_M15_SESSION_09_15::1025742::XAUUSD::932200::34,LONG,2022-12-14 13:15:00,2022-12-14 17:25:42,-4.28,2022.12.14 13:15:00,34,1809.74,0.01,A1_M5_MOM_R1_PULLBAC,2022.12.14 17:25:42,37,1807.37,sl 1807.38,-4.28,BT_A1_XAU_R1_PULLBACK_LONG_V2_M15_SESSION_09_15,1025742,XAUUSD,932200,34,2022.12.14 13:15:00,34,34,1809.74,0.01,A1_M5_MOM_R1_PULLBAC,2022.12.14 18:00:15,39,39,1803.88,0.01,4,sl 1803.90,-5.86,0.00,0.00,,false,-5.86,2,1,1,true,true,true,NATIVE_POSITION_RECONCILIATION_VALID
r1_h1_pullback_long_v1,r1_h1_pullback_long_v1,C:\Users\ZHAO ZHU INFORMATION\Downloads\algo-trading-system\xau-usd\xauusd-phase1\outputs\reports\mt5_backtests\a1_momentum_variants_owner_goal_r1_pullback_long_v2_session_exact_202207_202606_20260701\A1XauM5Momentum_OWNER_GOAL_R1_PULLBACK_LONG_V2_SESSION_EXACT_202207_202606_XAUUSD_M5_r1_pullback_long_v2_m15_session_09_15_trades.csv,19,r1_h1_pullback_long_v1::BT_A1_XAU_R1_PULLBACK_LONG_V2_M15_SESSION_09_15::1025742::XAUUSD::932200::35,LONG,2022-12-14 13:45:00,2022-12-14 17:26:03,-4.58,2022.12.14 13:45:00,35,1811.66,0.01,A1_M5_MOM_R1_PULLBAC,2022.12.14 17:26:03,38,1807.08,sl 1807.09,-4.58,BT_A1_XAU_R1_PULLBACK_LONG_V2_M15_SESSION_09_15,1025742,XAUUSD,932200,35,2022.12.14 13:45:00,35,35,1811.66,0.01,A1_M5_MOM_R1_PULLBAC,2022.12.14 17:26:03,38,38,1807.08,0.01,4,sl 1807.09,-4.58,0.00,0.00,,false,-4.58,2,1,1,true,false,false,NATIVE_POSITION_RECONCILIATION_VALID
r1_h1_pullback_long_v1,r1_h1_pullback_long_v1,C:\Users\ZHAO ZHU INFORMATION\Downloads\algo-trading-system\xau-usd\xauusd-phase1\outputs\reports\mt5_backtests\a1_momentum_variants_owner_goal_r1_pullback_long_v2_session_exact_202207_202606_20260701\A1XauM5Momentum_OWNER_GOAL_R1_PULLBACK_LONG_V2_SESSION_EXACT_202207_202606_XAUUSD_M5_r1_pullback_long_v2_m15_session_09_15_trades.csv,20,r1_h1_pullback_long_v1::BT_A1_XAU_R1_PULLBACK_LONG_V2_M15_SESSION_09_15::1025742::XAUUSD::932200::36,LONG,2022-12-14 14:30:00,2022-12-14 18:00:15,-5.86,2022.12.14 14:30:00,36,1811.65,0.01,A1_M5_MOM_R1_PULLBAC,2022.12.14 18:00:15,39,1803.88,sl 1803.90,-5.86,BT_A1_XAU_R1_PULLBACK_LONG_V2_M15_SESSION_09_15,1025742,XAUUSD,932200,36,2022.12.14 14:30:00,36,36,1811.65,0.01,A1_M5_MOM_R1_PULLBAC,2022.12.14 17:25:42,37,37,1807.37,0.01,4,sl 1807.38,-4.28,0.00,0.00,,false,-4.28,2,1,1,true,true,true,NATIVE_POSITION_RECONCILIATION_VALID
h4_d1_long_best_box2_atr80,h4_d1_long_best_box2_atr80,C:\Users\ZHAO ZHU INFORMATION\Downloads\algo-trading-system\xau-usd\xauusd-phase1\outputs\reports\mt5_backtests\a1_momentum_variants_owner_goal_regime_router_v1_exact_202207_202606_20260701\A1XauM5Momentum_OWNER_GOAL_REGIME_ROUTER_V1_EXACT_202207_202606_XAUUSD_M5_router_v1_r1_long_box2_prevhealth_trades.csv,11,h4_d1_long_best_box2_atr80::BT_A1_XAU_ROUTER_V1_R1_LONG_BOX2_PREVHEALTH::1025742::XAUUSD::932200::15,LONG,2022-12-19 08:00:00,2023-01-04 07:23:05,63.7,2022.12.19 08:00:00,15,1797.01,0.01,A1_M5_MOM_ROUTER_V1_,2023.01.04 07:23:05,27,1864.43,tp 1864.43,63.7,BT_A1_XAU_ROUTER_V1_R1_LONG_BOX2_PREVHEALTH,1025742,XAUUSD,932200,15,2022.12.19 08:00:00,15,15,1797.01,0.01,A1_M5_MOM_ROUTER_V1_,2023.01.03 02:22:38,22,22,1842.37,0.01,5,tp 1842.35,45.36,0.00,0.00,,false,45.36,2,1,1,true,true,true,NATIVE_POSITION_RECONCILIATION_VALID
r1_h1_pullback_long_v1,r1_h1_pullback_long_v1,C:\Users\ZHAO ZHU INFORMATION\Downloads\algo-trading-system\xau-usd\xauusd-phase1\outputs\reports\mt5_backtests\a1_momentum_variants_owner_goal_r1_pullback_long_v2_session_exact_202207_202606_20260701\A1XauM5Momentum_OWNER_GOAL_R1_PULLBACK_LONG_V2_SESSION_EXACT_202207_202606_XAUUSD_M5_r1_pullback_long_v2_m15_session_09_15_trades.csv,21,r1_h1_pullback_long_v1::BT_A1_XAU_R1_PULLBACK_LONG_V2_M15_SESSION_09_15::1025742::XAUUSD::932200::40,LONG,2022-12-19 12:30:00,2022-12-19 13:39:40,-3.53,2022.12.19 12:30:00,40,1792.91,0.01,A1_M5_MOM_R1_PULLBAC,2022.12.19 13:39:40,41,1789.38,sl 1789.41,-3.53,BT_A1_XAU_R1_PULLBACK_LONG_V2_M15_SESSION_09_15,1025742,XAUUSD,932200,40,2022.12.19 12:30:00,40,40,1792.91,0.01,A1_M5_MOM_R1_PULLBAC,2022.12.19 13:39:40,41,41,1789.38,0.01,4,sl 1789.41,-3.53,0.00,0.00,,false,-3.53,2,1,1,true,false,false,NATIVE_POSITION_RECONCILIATION_VALID
r1_h1_pullback_long_v1,r1_h1_pullback_long_v1,C:\Users\ZHAO ZHU INFORMATION\Downloads\algo-trading-system\xau-usd\xauusd-phase1\outputs\reports\mt5_backtests\a1_momentum_variants_owner_goal_r1_pullback_long_v2_session_exact_202207_202606_20260701\A1XauM5Momentum_OWNER_GOAL_R1_PULLBACK_LONG_V2_SESSION_EXACT_202207_202606_XAUUSD_M5_r1_pullback_long_v2_m15_session_09_15_trades.csv,22,r1_h1_pullback_long_v1::BT_A1_XAU_R1_PULLBACK_LONG_V2_M15_SESSION_09_15::1025742::XAUUSD::932200::42,LONG,2022-12-19 14:00:00,2022-12-19 14:46:31,-4.07,2022.12.19 14:00:00,42,1792.54,0.01,A1_M5_MOM_R1_PULLBAC,2022.12.19 14:46:31,43,1788.47,sl 1788.48,-4.07,BT_A1_XAU_R1_PULLBACK_LONG_V2_M15_SESSION_09_15,1025742,XAUUSD,932200,42,2022.12.19 14:00:00,42,42,1792.54,0.01,A1_M5_MOM_R1_PULLBAC,2022.12.19 14:46:31,43,43,1788.47,0.01,4,sl 1788.48,-4.07,0.00,0.00,,false,-4.07,2,1,1,true,false,false,NATIVE_POSITION_RECONCILIATION_VALID
h4_d1_long_best_box2_atr80,h4_d1_long_best_box2_atr80,C:\Users\ZHAO ZHU INFORMATION\Downloads\algo-trading-system\xau-usd\xauusd-phase1\outputs\reports\mt5_backtests\a1_momentum_variants_owner_goal_regime_router_v1_exact_202207_202606_20260701\A1XauM5Momentum_OWNER_GOAL_REGIME_ROUTER_V1_EXACT_202207_202606_XAUUSD_M5_router_v1_r1_long_box2_prevhealth_trades.csv,12,h4_d1_long_best_box2_atr80::BT_A1_XAU_ROUTER_V1_R1_LONG_BOX2_PREVHEALTH::1025742::XAUUSD::932200::16,LONG,2022-12-20 08:00:00,2023-01-09 00:45:28,89.1,2022.12.20 08:00:00,16,1803.28,0.01,A1_M5_MOM_ROUTER_V1_,2023.01.09 00:45:28,30,1874.02,tp 1874.02,89.1,BT_A1_XAU_ROUTER_V1_R1_LONG_BOX2_PREVHEALTH,1025742,XAUUSD,932200,16,2022.12.20 08:00:00,16,16,1803.28,0.01,A1_M5_MOM_ROUTER_V1_,2023.01.03 02:22:36,21,21,1842.19,0.01,5,tp 1842.18,38.91,0.00,0.00,,false,38.91,2,1,1,true,true,true,NATIVE_POSITION_RECONCILIATION_VALID
r1_h1_pullback_long_v1,r1_h1_pullback_long_v1,C:\Users\ZHAO ZHU INFORMATION\Downloads\algo-trading-system\xau-usd\xauusd-phase1\outputs\reports\mt5_backtests\a1_momentum_variants_owner_goal_r1_pullback_long_v2_session_exact_202207_202606_20260701\A1XauM5Momentum_OWNER_GOAL_R1_PULLBACK_LONG_V2_SESSION_EXACT_202207_202606_XAUUSD_M5_r1_pullback_long_v2_m15_session_09_15_trades.csv,23,r1_h1_pullback_long_v1::BT_A1_XAU_R1_PULLBACK_LONG_V2_M15_SESSION_09_15::1025742::XAUUSD::932200::44,LONG,2022-12-20 13:00:00,2022-12-21 14:33:31,7.0,2022.12.20 13:00:00,44,1805.75,0.01,A1_M5_MOM_R1_PULLBAC,2022.12.21 14:33:31,50,1820.92,tp 1820.92,7.0,BT_A1_XAU_R1_PULLBACK_LONG_V2_M15_SESSION_09_15,1025742,XAUUSD,932200,44,2022.12.20 13:00:00,44,44,1805.75,0.01,A1_M5_MOM_R1_PULLBAC,2022.12.21 14:36:32,52,52,1821.82,0.01,5,tp 1821.82,16.07,0.00,0.00,,false,16.07,2,1,1,true,true,true,NATIVE_POSITION_RECONCILIATION_VALID
h4_d1_long_best_box2_atr80,h4_d1_long_best_box2_atr80,C:\Users\ZHAO ZHU INFORMATION\Downloads\algo-trading-system\xau-usd\xauusd-phase1\outputs\reports\mt5_backtests\a1_momentum_variants_owner_goal_regime_router_v1_exact_202207_202606_20260701\A1XauM5Momentum_OWNER_GOAL_REGIME_ROUTER_V1_EXACT_202207_202606_XAUUSD_M5_router_v1_r1_long_box2_prevhealth_trades.csv,13,h4_d1_long_best_box2_atr80::BT_A1_XAU_ROUTER_V1_R1_LONG_BOX2_PREVHEALTH::1025742::XAUUSD::932200::17,LONG,2022-12-20 16:00:00,2023-01-09 06:18:30,59.32,2022.12.20 16:00:00,17,1818.15,0.01,A1_M5_MOM_ROUTER_V1_,2023.01.09 06:18:30,32,1880.19,tp 1880.19,59.32,BT_A1_XAU_ROUTER_V1_R1_LONG_BOX2_PREVHEALTH,1025742,XAUUSD,932200,17,2022.12.20 16:00:00,17,17,1818.15,0.01,A1_M5_MOM_ROUTER_V1_,2023.01.12 11:21:17,35,35,1886.69,0.01,5,tp 1886.69,68.54,0.00,0.00,,false,68.54,2,1,1,true,true,true,NATIVE_POSITION_RECONCILIATION_VALID
r1_h1_pullback_long_v1,r1_h1_pullback_long_v1,C:\Users\ZHAO ZHU INFORMATION\Downloads\algo-trading-system\xau-usd\xauusd-phase1\outputs\reports\mt5_backtests\a1_momentum_variants_owner_goal_r1_pullback_long_v2_session_exact_202207_202606_20260701\A1XauM5Momentum_OWNER_GOAL_R1_PULLBACK_LONG_V2_SESSION_EXACT_202207_202606_XAUUSD_M5_r1_pullback_long_v2_m15_session_09_15_trades.csv,24,r1_h1_pullback_long_v1::BT_A1_XAU_R1_PULLBACK_LONG_V2_M15_SESSION_09_15::1025742::XAUUSD::932200::45,LONG,2022-12-21 09:15:00,2022-12-21 14:36:31,7.0,2022.12.21 09:15:00,45,1813.92,0.01,A1_M5_MOM_R1_PULLBAC,2022.12.21 14:36:31,51,1821.79,tp 1821.79,7.0,BT_A1_XAU_R1_PULLBACK_LONG_V2_M15_SESSION_09_15,1025742,XAUUSD,932200,45,2022.12.21 09:15:00,45,45,1813.92,0.01,A1_M5_MOM_R1_PULLBAC,2022.12.21 14:33:31,50,50,1820.92,0.01,5,tp 1820.92,7.00,0.00,0.00,,false,7.00,2,1,1,true,true,false,NATIVE_POSITION_RECONCILIATION_VALID
r1_h1_pullback_long_v1,r1_h1_pullback_long_v1,C:\Users\ZHAO ZHU INFORMATION\Downloads\algo-trading-system\xau-usd\xauusd-phase1\outputs\reports\mt5_backtests\a1_momentum_variants_owner_goal_r1_pullback_long_v2_session_exact_202207_202606_20260701\A1XauM5Momentum_OWNER_GOAL_R1_PULLBACK_LONG_V2_SESSION_EXACT_202207_202606_XAUUSD_M5_r1_pullback_long_v2_m15_session_09_15_trades.csv,25,r1_h1_pullback_long_v1::BT_A1_XAU_R1_PULLBACK_LONG_V2_M15_SESSION_09_15::1025742::XAUUSD::932200::46,LONG,2022-12-21 11:45:00,2022-12-21 14:36:32,16.07,2022.12.21 11:45:00,46,1814.79,0.01,A1_M5_MOM_R1_PULLBAC,2022.12.21 14:36:32,52,1821.82,tp 1821.82,16.07,BT_A1_XAU_R1_PULLBACK_LONG_V2_M15_SESSION_09_15,1025742,XAUUSD,932200,46,2022.12.21 11:45:00,46,46,1814.79,0.01,A1_M5_MOM_R1_PULLBAC,2022.12.21 14:36:31,51,51,1821.79,0.01,5,tp 1821.79,7.00,0.00,0.00,,false,7.00,2,1,1,true,true,true,NATIVE_POSITION_RECONCILIATION_VALID
r1_h1_pullback_long_v1,r1_h1_pullback_long_v1,C:\Users\ZHAO ZHU INFORMATION\Downloads\algo-trading-system\xau-usd\xauusd-phase1\outputs\reports\mt5_backtests\a1_momentum_variants_owner_goal_r1_pullback_long_v2_session_exact_202207_202606_20260701\A1XauM5Momentum_OWNER_GOAL_R1_PULLBACK_LONG_V2_SESSION_EXACT_202207_202606_XAUUSD_M5_r1_pullback_long_v2_m15_session_09_15_trades.csv,26,r1_h1_pullback_long_v1::BT_A1_XAU_R1_PULLBACK_LONG_V2_M15_SESSION_09_15::1025742::XAUUSD::932200::47,LONG,2022-12-21 12:00:00,2022-12-21 19:07:29,-5.54,2022.12.21 12:00:00,47,1815.83,0.01,A1_M5_MOM_R1_PULLBAC,2022.12.21 19:07:29,53,1812.96,sl 1812.96,-5.54,BT_A1_XAU_R1_PULLBACK_LONG_V2_M15_SESSION_09_15,1025742,XAUUSD,932200,47,2022.12.21 12:00:00,47,47,1815.83,0.01,A1_M5_MOM_R1_PULLBAC,2022.12.22 12:36:21,57,57,1811.69,0.01,4,sl 1811.70,-4.14,0.00,0.00,,false,-4.14,2,1,1,true,true,true,NATIVE_POSITION_RECONCILIATION_VALID
r1_h1_pullback_long_v1,r1_h1_pullback_long_v1,C:\Users\ZHAO ZHU INFORMATION\Downloads\algo-trading-system\xau-usd\xauusd-phase1\outputs\reports\mt5_backtests\a1_momentum_variants_owner_goal_r1_pullback_long_v2_session_exact_202207_202606_20260701\A1XauM5Momentum_OWNER_GOAL_R1_PULLBACK_LONG_V2_SESSION_EXACT_202207_202606_XAUUSD_M5_r1_pullback_long_v2_m15_session_09_15_trades.csv,27,r1_h1_pullback_long_v1::BT_A1_XAU_R1_PULLBACK_LONG_V2_M15_SESSION_09_15::1025742::XAUUSD::932200::48,LONG,2022-12-21 12:15:00,2022-12-22 12:31:40,-4.82,2022.12.21 12:15:00,48,1817.01,0.01,A1_M5_MOM_R1_PULLBAC,2022.12.22 12:31:40,55,1813.40,sl 1813.43,-4.82,BT_A1_XAU_R1_PULLBACK_LONG_V2_M15_SESSION_09_15,1025742,XAUUSD,932200,48,2022.12.21 12:15:00,48,48,1817.01,0.01,A1_M5_MOM_R1_PULLBAC,2022.12.22 12:35:29,56,56,1812.26,0.01,4,sl 1812.40,-4.75,0.00,0.00,,false,-4.75,2,1,1,true,true,true,NATIVE_POSITION_RECONCILIATION_VALID
r1_h1_pullback_long_v1,r1_h1_pullback_long_v1,C:\Users\ZHAO ZHU INFORMATION\Downloads\algo-trading-system\xau-usd\xauusd-phase1\outputs\reports\mt5_backtests\a1_momentum_variants_owner_goal_r1_pullback_long_v2_session_exact_202207_202606_20260701\A1XauM5Momentum_OWNER_GOAL_R1_PULLBACK_LONG_V2_SESSION_EXACT_202207_202606_XAUUSD_M5_r1_pullback_long_v2_m15_session_09_15_trades.csv,28,r1_h1_pullback_long_v1::BT_A1_XAU_R1_PULLBACK_LONG_V2_M15_SESSION_09_15::1025742::XAUUSD::932200::49,LONG,2022-12-21 12:30:00,2022-12-22 12:35:29,-4.75,2022.12.21 12:30:00,49,1818.50,0.01,A1_M5_MOM_R1_PULLBAC,2022.12.22 12:35:29,56,1812.26,sl 1812.40,-4.75,BT_A1_XAU_R1_PULLBACK_LONG_V2_M15_SESSION_09_15,1025742,XAUUSD,932200,49,2022.12.21 12:30:00,49,49,1818.50,0.01,A1_M5_MOM_R1_PULLBAC,2022.12.21 19:07:29,53,53,1812.96,0.01,4,sl 1812.96,-5.54,0.00,0.00,,false,-5.54,2,1,1,true,true,true,NATIVE_POSITION_RECONCILIATION_VALID
r1_h1_pullback_long_v1,r1_h1_pullback_long_v1,C:\Users\ZHAO ZHU INFORMATION\Downloads\algo-trading-system\xau-usd\xauusd-phase1\outputs\reports\mt5_backtests\a1_momentum_variants_owner_goal_r1_pullback_long_v2_session_exact_202207_202606_20260701\A1XauM5Momentum_OWNER_GOAL_R1_PULLBACK_LONG_V2_SESSION_EXACT_202207_202606_XAUUSD_M5_r1_pullback_long_v2_m15_session_09_15_trades.csv,29,r1_h1_pullback_long_v1::BT_A1_XAU_R1_PULLBACK_LONG_V2_M15_SESSION_09_15::1025742::XAUUSD::932200::54,LONG,2022-12-22 12:00:00,2022-12-22 12:36:21,-4.14,2022.12.22 12:00:00,54,1818.22,0.01,A1_M5_MOM_R1_PULLBAC,2022.12.22 12:36:21,57,1811.69,sl 1811.70,-4.14,BT_A1_XAU_R1_PULLBACK_LONG_V2_M15_SESSION_09_15,1025742,XAUUSD,932200,54,2022.12.22 12:00:00,54,54,1818.22,0.01,A1_M5_MOM_R1_PULLBAC,2022.12.22 12:31:40,55,55,1813.40,0.01,4,sl 1813.43,-4.82,0.00,0.00,,false,-4.82,2,1,1,true,true,true,NATIVE_POSITION_RECONCILIATION_VALID
h4_d1_long_best_box2_atr80,h4_d1_long_best_box2_atr80,C:\Users\ZHAO ZHU INFORMATION\Downloads\algo-trading-system\xau-usd\xauusd-phase1\outputs\reports\mt5_backtests\a1_momentum_variants_owner_goal_regime_router_v1_exact_202207_202606_20260701\A1XauM5Momentum_OWNER_GOAL_REGIME_ROUTER_V1_EXACT_202207_202606_XAUUSD_M5_router_v1_r1_long_box2_prevhealth_trades.csv,14,h4_d1_long_best_box2_atr80::BT_A1_XAU_ROUTER_V1_R1_LONG_BOX2_PREVHEALTH::1025742::XAUUSD::932200::18,LONG,2022-12-27 12:00:00,2023-01-11 15:17:38,-16.24,2022.12.27 12:00:00,18,1809.02,0.01,A1_M5_MOM_ROUTER_V1_,2023.01.11 15:17:38,34,1867.84,sl 1867.84,-16.24,BT_A1_XAU_ROUTER_V1_R1_LONG_BOX2_PREVHEALTH,1025742,XAUUSD,932200,18,2022.12.27 12:00:00,18,18,1809.02,0.01,A1_M5_MOM_ROUTER_V1_,2023.01.03 06:22:27,24,24,1844.50,0.01,5,tp 1844.48,35.48,0.00,0.00,,false,35.48,2,1,1,true,true,true,NATIVE_POSITION_RECONCILIATION_VALID
r1_h1_pullback_long_v1,r1_h1_pullback_long_v1,C:\Users\ZHAO ZHU INFORMATION\Downloads\algo-trading-system\xau-usd\xauusd-phase1\outputs\reports\mt5_backtests\a1_momentum_variants_owner_goal_r1_pullback_long_v2_session_exact_202207_202606_20260701\A1XauM5Momentum_OWNER_GOAL_R1_PULLBACK_LONG_V2_SESSION_EXACT_202207_202606_XAUUSD_M5_r1_pullback_long_v2_m15_session_09_15_trades.csv,30,r1_h1_pullback_long_v1::BT_A1_XAU_R1_PULLBACK_LONG_V2_M15_SESSION_09_15::1025742::XAUUSD::932200::58,LONG,2022-12-27 13:45:00,2022-12-27 14:27:38,12.9,2022.12.27 13:45:00,58,1808.35,0.01,A1_M5_MOM_R1_PULLBAC,2022.12.27 14:27:38,60,1821.25,tp 1821.24,12.9,BT_A1_XAU_R1_PULLBACK_LONG_V2_M15_SESSION_09_15,1025742,XAUUSD,932200,58,2022.12.27 13:45:00,58,58,1808.35,0.01,A1_M5_MOM_R1_PULLBAC,2022.12.27 14:27:38,60,60,1821.25,0.01,5,tp 1821.24,12.90,0.00,0.00,,false,12.90,2,1,1,true,false,false,NATIVE_POSITION_RECONCILIATION_VALID
r1_h1_pullback_long_v1,r1_h1_pullback_long_v1,C:\Users\ZHAO ZHU INFORMATION\Downloads\algo-trading-system\xau-usd\xauusd-phase1\outputs\reports\mt5_backtests\a1_momentum_variants_owner_goal_r1_pullback_long_v2_session_exact_202207_202606_20260701\A1XauM5Momentum_OWNER_GOAL_R1_PULLBACK_LONG_V2_SESSION_EXACT_202207_202606_XAUUSD_M5_r1_pullback_long_v2_m15_session_09_15_trades.csv,31,r1_h1_pullback_long_v1::BT_A1_XAU_R1_PULLBACK_LONG_V2_M15_SESSION_09_15::1025742::XAUUSD::932200::59,LONG,2022-12-27 14:15:00,2022-12-28 08:03:12,-13.4,2022.12.27 14:15:00,59,1815.03,0.01,A1_M5_MOM_R1_PULLBAC,2022.12.28 08:03:12,62,1801.63,sl 1801.63,-13.4,BT_A1_XAU_R1_PULLBACK_LONG_V2_M15_SESSION_09_15,1025742,XAUUSD,932200,59,2022.12.27 14:15:00,59,59,1815.03,0.01,A1_M5_MOM_R1_PULLBAC,2022.12.28 08:03:12,62,62,1801.63,0.01,4,sl 1801.63,-13.40,0.00,0.00,,false,-13.40,2,1,1,true,false,false,NATIVE_POSITION_RECONCILIATION_VALID
r1_h1_pullback_long_v1,r1_h1_pullback_long_v1,C:\Users\ZHAO ZHU INFORMATION\Downloads\algo-trading-system\xau-usd\xauusd-phase1\outputs\reports\mt5_backtests\a1_momentum_variants_owner_goal_r1_pullback_long_v2_session_exact_202207_202606_20260701\A1XauM5Momentum_OWNER_GOAL_R1_PULLBACK_LONG_V2_SESSION_EXACT_202207_202606_XAUUSD_M5_r1_pullback_long_v2_m15_session_09_15_trades.csv,32,r1_h1_pullback_long_v1::BT_A1_XAU_R1_PULLBACK_LONG_V2_M15_SESSION_09_15::1025742::XAUUSD::932200::61,LONG,2022-12-27 14:30:00,2022-12-28 08:03:13,-19.87,2022.12.27 14:30:00,61,1821.42,0.01,A1_M5_MOM_R1_PULLBAC,2022.12.28 08:03:13,63,1801.55,sl 1801.55,-19.87,BT_A1_XAU_R1_PULLBACK_LONG_V2_M15_SESSION_09_15,1025742,XAUUSD,932200,61,2022.12.27 14:30:00,61,61,1821.42,0.01,A1_M5_MOM_R1_PULLBAC,2022.12.28 08:03:13,63,63,1801.55,0.01,4,sl 1801.55,-19.87,0.00,0.00,,false,-19.87,2,1,1,true,false,false,NATIVE_POSITION_RECONCILIATION_VALID
h4_d1_long_best_box2_atr80,h4_d1_long_best_box2_atr80,C:\Users\ZHAO ZHU INFORMATION\Downloads\algo-trading-system\xau-usd\xauusd-phase1\outputs\reports\mt5_backtests\a1_momentum_variants_owner_goal_regime_router_v1_exact_202207_202606_20260701\A1XauM5Momentum_OWNER_GOAL_REGIME_ROUTER_V1_EXACT_202207_202606_XAUUSD_M5_router_v1_r1_long_box2_prevhealth_trades.csv,15,h4_d1_long_best_box2_atr80::BT_A1_XAU_ROUTER_V1_R1_LONG_BOX2_PREVHEALTH::1025742::XAUUSD::932200::20,LONG,2022-12-27 16:00:00,2023-01-12 11:21:17,68.54,2022.12.27 16:00:00,20,1820.87,0.01,A1_M5_MOM_ROUTER_V1_,2023.01.12 11:21:17,35,1886.69,tp 1886.69,68.54,BT_A1_XAU_ROUTER_V1_R1_LONG_BOX2_PREVHEALTH,1025742,XAUUSD,932200,20,2022.12.27 16:00:00,20,20,1820.87,0.01,A1_M5_MOM_ROUTER_V1_,2023.01.09 06:18:30,32,32,1880.19,0.01,5,tp 1880.19,59.32,0.00,0.00,,false,59.32,2,1,1,true,true,true,NATIVE_POSITION_RECONCILIATION_VALID
r1_h1_pullback_long_v1,r1_h1_pullback_long_v1,C:\Users\ZHAO ZHU INFORMATION\Downloads\algo-trading-system\xau-usd\xauusd-phase1\outputs\reports\mt5_backtests\a1_momentum_variants_owner_goal_r1_pullback_long_v2_session_exact_202207_202606_20260701\A1XauM5Momentum_OWNER_GOAL_R1_PULLBACK_LONG_V2_SESSION_EXACT_202207_202606_XAUUSD_M5_r1_pullback_long_v2_m15_session_09_15_trades.csv,33,r1_h1_pullback_long_v1::BT_A1_XAU_R1_PULLBACK_LONG_V2_M15_SESSION_09_15::1025742::XAUUSD::932200::64,LONG,2022-12-29 13:30:00,2022-12-30 13:06:18,11.25,2022.12.29 13:30:00,64,1811.72,0.01,A1_M5_MOM_R1_PULLBAC,2022.12.30 13:06:18,69,1822.97,tp 1822.95,11.25,BT_A1_XAU_R1_PULLBACK_LONG_V2_M15_SESSION_09_15,1025742,XAUUSD,932200,64,2022.12.29 13:30:00,64,64,1811.72,0.01,A1_M5_MOM_R1_PULLBAC,2022.12.30 13:06:18,69,69,1822.97,0.01,5,tp 1822.95,11.25,0.00,0.00,,false,11.25,2,1,1,true,false,false,NATIVE_POSITION_RECONCILIATION_VALID
r1_h1_pullback_long_v1,r1_h1_pullback_long_v1,C:\Users\ZHAO ZHU INFORMATION\Downloads\algo-trading-system\xau-usd\xauusd-phase1\outputs\reports\mt5_backtests\a1_momentum_variants_owner_goal_r1_pullback_long_v2_session_exact_202207_202606_20260701\A1XauM5Momentum_OWNER_GOAL_R1_PULLBACK_LONG_V2_SESSION_EXACT_202207_202606_XAUUSD_M5_r1_pullback_long_v2_m15_session_09_15_trades.csv,34,r1_h1_pullback_long_v1::BT_A1_XAU_R1_PULLBACK_LONG_V2_M15_SESSION_09_15::1025742::XAUUSD::932200::65,LONG,2022-12-29 13:45:00,2022-12-30 14:05:28,-5.98,2022.12.29 13:45:00,65,1815.91,0.01,A1_M5_MOM_R1_PULLBAC,2022.12.30 14:05:28,70,1815.59,sl 1815.60,-5.98,BT_A1_XAU_R1_PULLBACK_LONG_V2_M15_SESSION_09_15,1025742,XAUUSD,932200,65,2022.12.29 13:45:00,65,65,1815.91,0.01,A1_M5_MOM_R1_PULLBAC,2023.01.03 01:41:38,75,75,1835.42,0.01,5,tp 1835.40,19.51,0.00,0.00,,false,19.51,2,1,1,true,true,true,NATIVE_POSITION_RECONCILIATION_VALID
r1_h1_pullback_long_v1,r1_h1_pullback_long_v1,C:\Users\ZHAO ZHU INFORMATION\Downloads\algo-trading-system\xau-usd\xauusd-phase1\outputs\reports\mt5_backtests\a1_momentum_variants_owner_goal_r1_pullback_long_v2_session_exact_202207_202606_20260701\A1XauM5Momentum_OWNER_GOAL_R1_PULLBACK_LONG_V2_SESSION_EXACT_202207_202606_XAUUSD_M5_r1_pullback_long_v2_m15_session_09_15_trades.csv,35,r1_h1_pullback_long_v1::BT_A1_XAU_R1_PULLBACK_LONG_V2_M15_SESSION_09_15::1025742::XAUUSD::932200::66,LONG,2022-12-30 10:30:00,2022-12-30 14:05:38,-4.29,2022.12.30 10:30:00,66,1817.97,0.01,A1_M5_MOM_R1_PULLBAC,2022.12.30 14:05:38,71,1815.27,sl 1815.27,-4.29,BT_A1_XAU_R1_PULLBACK_LONG_V2_M15_SESSION_09_15,1025742,XAUUSD,932200,66,2022.12.30 10:30:00,66,66,1817.97,0.01,A1_M5_MOM_R1_PULLBAC,2023.01.02 22:03:38,73,73,1827.86,0.01,5,tp 1827.81,9.89,0.00,0.00,,false,9.89,2,1,1,true,true,true,NATIVE_POSITION_RECONCILIATION_VALID
r1_h1_pullback_long_v1,r1_h1_pullback_long_v1,C:\Users\ZHAO ZHU INFORMATION\Downloads\algo-trading-system\xau-usd\xauusd-phase1\outputs\reports\mt5_backtests\a1_momentum_variants_owner_goal_r1_pullback_long_v2_session_exact_202207_202606_20260701\A1XauM5Momentum_OWNER_GOAL_R1_PULLBACK_LONG_V2_SESSION_EXACT_202207_202606_XAUUSD_M5_r1_pullback_long_v2_m15_session_09_15_trades.csv,36,r1_h1_pullback_long_v1::BT_A1_XAU_R1_PULLBACK_LONG_V2_M15_SESSION_09_15::1025742::XAUUSD::932200::67,LONG,2022-12-30 11:15:00,2023-01-02 22:03:38,9.89,2022.12.30 11:15:00,67,1819.56,0.01,A1_M5_MOM_R1_PULLBAC,2023.01.02 22:03:38,73,1827.86,tp 1827.81,9.89,BT_A1_XAU_R1_PULLBACK_LONG_V2_M15_SESSION_09_15,1025742,XAUUSD,932200,67,2022.12.30 11:15:00,67,67,1819.56,0.01,A1_M5_MOM_R1_PULLBAC,2022.12.30 14:05:38,71,71,1815.27,0.01,4,sl 1815.27,-4.29,0.00,0.00,,false,-4.29,2,1,1,true,true,true,NATIVE_POSITION_RECONCILIATION_VALID
r1_h1_pullback_long_v1,r1_h1_pullback_long_v1,C:\Users\ZHAO ZHU INFORMATION\Downloads\algo-trading-system\xau-usd\xauusd-phase1\outputs\reports\mt5_backtests\a1_momentum_variants_owner_goal_r1_pullback_long_v2_session_exact_202207_202606_20260701\A1XauM5Momentum_OWNER_GOAL_R1_PULLBACK_LONG_V2_SESSION_EXACT_202207_202606_XAUUSD_M5_r1_pullback_long_v2_m15_session_09_15_trades.csv,37,r1_h1_pullback_long_v1::BT_A1_XAU_R1_PULLBACK_LONG_V2_M15_SESSION_09_15::1025742::XAUUSD::932200::68,LONG,2022-12-30 12:45:00,2023-01-02 22:05:36,10.27,2022.12.30 12:45:00,68,1821.57,0.01,A1_M5_MOM_R1_PULLBAC,2023.01.02 22:05:36,74,1828.99,tp 1828.98,10.27,BT_A1_XAU_R1_PULLBACK_LONG_V2_M15_SESSION_09_15,1025742,XAUUSD,932200,68,2022.12.30 12:45:00,68,68,1821.57,0.01,A1_M5_MOM_R1_PULLBAC,2022.12.30 14:05:28,70,70,1815.59,0.01,4,sl 1815.60,-5.98,0.00,0.00,,false,-5.98,2,1,1,true,true,true,NATIVE_POSITION_RECONCILIATION_VALID
r1_h1_pullback_long_v1,r1_h1_pullback_long_v1,C:\Users\ZHAO ZHU INFORMATION\Downloads\algo-trading-system\xau-usd\xauusd-phase1\outputs\reports\mt5_backtests\a1_momentum_variants_owner_goal_r1_pullback_long_v2_session_exact_202207_202606_20260701\A1XauM5Momentum_OWNER_GOAL_R1_PULLBACK_LONG_V2_SESSION_EXACT_202207_202606_XAUUSD_M5_r1_pullback_long_v2_m15_session_09_15_trades.csv,38,r1_h1_pullback_long_v1::BT_A1_XAU_R1_PULLBACK_LONG_V2_M15_SESSION_09_15::1025742::XAUUSD::932200::72,LONG,2022-12-30 14:30:00,2023-01-03 01:41:38,19.51,2022.12.30 14:30:00,72,1818.72,0.01,A1_M5_MOM_R1_PULLBAC,2023.01.03 01:41:38,75,1835.42,tp 1835.40,19.51,BT_A1_XAU_R1_PULLBACK_LONG_V2_M15_SESSION_09_15,1025742,XAUUSD,932200,72,2022.12.30 14:30:00,72,72,1818.72,0.01,A1_M5_MOM_R1_PULLBAC,2023.01.02 22:05:36,74,74,1828.99,0.01,5,tp 1828.98,10.27,0.00,0.00,,false,10.27,2,1,1,true,true,true,NATIVE_POSITION_RECONCILIATION_VALID
h4_d1_long_best_box2_atr80,h4_d1_long_best_box2_atr80,C:\Users\ZHAO ZHU INFORMATION\Downloads\algo-trading-system\xau-usd\xauusd-phase1\outputs\reports\mt5_backtests\a1_momentum_variants_owner_goal_regime_router_v1_exact_202207_202606_20260701\A1XauM5Momentum_OWNER_GOAL_REGIME_ROUTER_V1_EXACT_202207_202606_XAUUSD_M5_router_v1_r1_long_box2_prevhealth_trades.csv,16,h4_d1_long_best_box2_atr80::BT_A1_XAU_ROUTER_V1_R1_LONG_BOX2_PREVHEALTH::1025742::XAUUSD::932200::23,LONG,2023-01-03 04:00:00,2023-01-12 11:21:27,49.49,2023.01.03 04:00:00,23,1840.51,0.01,A1_M5_MOM_ROUTER_V1_,2023.01.12 11:21:27,36,1887.68,tp 1887.65,49.49,BT_A1_XAU_ROUTER_V1_R1_LONG_BOX2_PREVHEALTH,1025742,XAUUSD,932200,23,2023.01.03 04:00:00,23,23,1840.51,0.01,A1_M5_MOM_ROUTER_V1_,2023.01.12 12:35:27,38,38,1894.57,0.01,5,tp 1894.55,54.06,0.00,0.00,,false,54.06,2,1,1,true,true,true,NATIVE_POSITION_RECONCILIATION_VALID
r1_h1_pullback_long_v1,r1_h1_pullback_long_v1,C:\Users\ZHAO ZHU INFORMATION\Downloads\algo-trading-system\xau-usd\xauusd-phase1\outputs\reports\mt5_backtests\a1_momentum_variants_owner_goal_r1_pullback_long_v2_session_exact_202207_202606_20260701\A1XauM5Momentum_OWNER_GOAL_R1_PULLBACK_LONG_V2_SESSION_EXACT_202207_202606_XAUUSD_M5_r1_pullback_long_v2_m15_session_09_15_trades.csv,39,r1_h1_pullback_long_v1::BT_A1_XAU_R1_PULLBACK_LONG_V2_M15_SESSION_09_15::1025742::XAUUSD::932200::76,LONG,2023-01-03 11:00:00,2023-01-03 12:20:39,7.0,2023.01.03 11:00:00,76,1833.28,0.01,A1_M5_MOM_R1_PULLBAC,2023.01.03 12:20:39,79,1840.28,tp 1840.28,7.0,BT_A1_XAU_R1_PULLBACK_LONG_V2_M15_SESSION_09_15,1025742,XAUUSD,932200,76,2023.01.03 11:00:00,76,76,1833.28,0.01,A1_M5_MOM_R1_PULLBAC,2023.01.03 12:20:39,79,79,1840.28,0.01,5,tp 1840.28,7.00,0.00,0.00,,false,7.00,2,1,1,true,false,false,NATIVE_POSITION_RECONCILIATION_VALID
r1_h1_pullback_long_v1,r1_h1_pullback_long_v1,C:\Users\ZHAO ZHU INFORMATION\Downloads\algo-trading-system\xau-usd\xauusd-phase1\outputs\reports\mt5_backtests\a1_momentum_variants_owner_goal_r1_pullback_long_v2_session_exact_202207_202606_20260701\A1XauM5Momentum_OWNER_GOAL_R1_PULLBACK_LONG_V2_SESSION_EXACT_202207_202606_XAUUSD_M5_r1_pullback_long_v2_m15_session_09_15_trades.csv,40,r1_h1_pullback_long_v1::BT_A1_XAU_R1_PULLBACK_LONG_V2_M15_SESSION_09_15::1025742::XAUUSD::932200::77,LONG,2023-01-03 11:30:00,2023-01-03 13:37:17,10.48,2023.01.03 11:30:00,77,1835.55,0.01,A1_M5_MOM_R1_PULLBAC,2023.01.03 13:37:17,81,1846.03,tp 1846.02,10.48,BT_A1_XAU_R1_PULLBACK_LONG_V2_M15_SESSION_09_15,1025742,XAUUSD,932200,77,2023.01.03 11:30:00,77,77,1835.55,0.01,A1_M5_MOM_R1_PULLBAC,2023.01.03 13:37:17,81,81,1846.03,0.01,5,tp 1846.02,10.48,0.00,0.00,,false,10.48,2,1,1,true,false,false,NATIVE_POSITION_RECONCILIATION_VALID
r1_h1_pullback_long_v1,r1_h1_pullback_long_v1,C:\Users\ZHAO ZHU INFORMATION\Downloads\algo-trading-system\xau-usd\xauusd-phase1\outputs\reports\mt5_backtests\a1_momentum_variants_owner_goal_r1_pullback_long_v2_session_exact_202207_202606_20260701\A1XauM5Momentum_OWNER_GOAL_R1_PULLBACK_LONG_V2_SESSION_EXACT_202207_202606_XAUUSD_M5_r1_pullback_long_v2_m15_session_09_15_trades.csv,41,r1_h1_pullback_long_v1::BT_A1_XAU_R1_PULLBACK_LONG_V2_M15_SESSION_09_15::1025742::XAUUSD::932200::78,LONG,2023-01-03 12:15:00,2023-01-03 14:28:17,-7.74,2023.01.03 12:15:00,78,1837.25,0.01,A1_M5_MOM_R1_PULLBAC,2023.01.03 14:28:17,82,1833.57,sl 1833.58,-7.74,BT_A1_XAU_R1_PULLBACK_LONG_V2_M15_SESSION_09_15,1025742,XAUUSD,932200,78,2023.01.03 12:15:00,78,78,1837.25,0.01,A1_M5_MOM_R1_PULLBAC,2023.01.03 14:34:30,83,83,1830.38,0.01,4,sl 1830.38,-6.87,0.00,0.00,,false,-6.87,2,1,1,true,true,true,NATIVE_POSITION_RECONCILIATION_VALID
r1_h1_pullback_long_v1,r1_h1_pullback_long_v1,C:\Users\ZHAO ZHU INFORMATION\Downloads\algo-trading-system\xau-usd\xauusd-phase1\outputs\reports\mt5_backtests\a1_momentum_variants_owner_goal_r1_pullback_long_v2_session_exact_202207_202606_20260701\A1XauM5Momentum_OWNER_GOAL_R1_PULLBACK_LONG_V2_SESSION_EXACT_202207_202606_XAUUSD_M5_r1_pullback_long_v2_m15_session_09_15_trades.csv,42,r1_h1_pullback_long_v1::BT_A1_XAU_R1_PULLBACK_LONG_V2_M15_SESSION_09_15::1025742::XAUUSD::932200::80,LONG,2023-01-03 13:30:00,2023-01-03 14:34:30,-6.87,2023.01.03 13:30:00,80,1841.31,0.01,A1_M5_MOM_R1_PULLBAC,2023.01.03 14:34:30,83,1830.38,sl 1830.38,-6.87,BT_A1_XAU_R1_PULLBACK_LONG_V2_M15_SESSION_09_15,1025742,XAUUSD,932200,80,2023.01.03 13:30:00,80,80,1841.31,0.01,A1_M5_MOM_R1_PULLBAC,2023.01.03 14:28:17,82,82,1833.57,0.01,4,sl 1833.58,-7.74,0.00,0.00,,false,-7.74,2,1,1,true,true,true,NATIVE_POSITION_RECONCILIATION_VALID
h4_d1_long_best_box2_atr80,h4_d1_long_best_box2_atr80,C:\Users\ZHAO ZHU INFORMATION\Downloads\algo-trading-system\xau-usd\xauusd-phase1\outputs\reports\mt5_backtests\a1_momentum_variants_owner_goal_regime_router_v1_exact_202207_202606_20260701\A1XauM5Momentum_OWNER_GOAL_REGIME_ROUTER_V1_EXACT_202207_202606_XAUUSD_M5_router_v1_r1_long_box2_prevhealth_trades.csv,17,h4_d1_long_best_box2_atr80::BT_A1_XAU_ROUTER_V1_R1_LONG_BOX2_PREVHEALTH::1025742::XAUUSD::932200::25,LONG,2023-01-03 20:00:00,2023-01-12 12:35:27,54.06,2023.01.03 20:00:00,25,1838.19,0.01,A1_M5_MOM_ROUTER_V1_,2023.01.12 12:35:27,38,1894.57,tp 1894.55,54.06,BT_A1_XAU_ROUTER_V1_R1_LONG_BOX2_PREVHEALTH,1025742,XAUUSD,932200,25,2023.01.03 20:00:00,25,25,1838.19,0.01,A1_M5_MOM_ROUTER_V1_,2023.01.12 11:21:27,36,36,1887.68,0.01,5,tp 1887.65,49.49,0.00,0.00,,false,49.49,2,1,1,true,true,true,NATIVE_POSITION_RECONCILIATION_VALID
h4_d1_long_best_box2_atr80,h4_d1_long_best_box2_atr80,C:\Users\ZHAO ZHU INFORMATION\Downloads\algo-trading-system\xau-usd\xauusd-phase1\outputs\reports\mt5_backtests\a1_momentum_variants_owner_goal_regime_router_v1_exact_202207_202606_20260701\A1XauM5Momentum_OWNER_GOAL_REGIME_ROUTER_V1_EXACT_202207_202606_XAUUSD_M5_router_v1_r1_long_box2_prevhealth_trades.csv,18,h4_d1_long_best_box2_atr80::BT_A1_XAU_ROUTER_V1_R1_LONG_BOX2_PREVHEALTH::1025742::XAUUSD::932200::28,LONG,2023-01-04 08:00:00,2023-01-16 01:50:15,124.38,2023.01.04 08:00:00,28,1860.08,0.01,A1_M5_MOM_ROUTER_V1_,2023.01.16 01:50:15,42,1926.83,tp 1926.81,124.38,BT_A1_XAU_ROUTER_V1_R1_LONG_BOX2_PREVHEALTH,1025742,XAUUSD,932200,28,2023.01.04 08:00:00,28,28,1860.08,0.01,A1_M5_MOM_ROUTER_V1_,2023.01.19 19:11:14,45,45,1933.05,0.01,5,tp 1933.04,72.97,0.00,0.00,,false,72.97,2,1,1,true,true,true,NATIVE_POSITION_RECONCILIATION_VALID
r1_h1_pullback_long_v1,r1_h1_pullback_long_v1,C:\Users\ZHAO ZHU INFORMATION\Downloads\algo-trading-system\xau-usd\xauusd-phase1\outputs\reports\mt5_backtests\a1_momentum_variants_owner_goal_r1_pullback_long_v2_session_exact_202207_202606_20260701\A1XauM5Momentum_OWNER_GOAL_R1_PULLBACK_LONG_V2_SESSION_EXACT_202207_202606_XAUUSD_M5_r1_pullback_long_v2_m15_session_09_15_trades.csv,43,r1_h1_pullback_long_v1::BT_A1_XAU_R1_PULLBACK_LONG_V2_M15_SESSION_09_15::1025742::XAUUSD::932200::84,LONG,2023-01-04 14:30:00,2023-01-04 18:03:41,-8.44,2023.01.04 14:30:00,84,1856.51,0.01,A1_M5_MOM_R1_PULLBAC,2023.01.04 18:03:41,85,1848.07,sl 1848.08,-8.44,BT_A1_XAU_R1_PULLBACK_LONG_V2_M15_SESSION_09_15,1025742,XAUUSD,932200,84,2023.01.04 14:30:00,84,84,1856.51,0.01,A1_M5_MOM_R1_PULLBAC,2023.01.04 18:03:41,85,85,1848.07,0.01,4,sl 1848.08,-8.44,0.00,0.00,,false,-8.44,2,1,1,true,false,false,NATIVE_POSITION_RECONCILIATION_VALID
h4_d1_long_best_box2_atr80,h4_d1_long_best_box2_atr80,C:\Users\ZHAO ZHU INFORMATION\Downloads\algo-trading-system\xau-usd\xauusd-phase1\outputs\reports\mt5_backtests\a1_momentum_variants_owner_goal_regime_router_v1_exact_202207_202606_20260701\A1XauM5Momentum_OWNER_GOAL_REGIME_ROUTER_V1_EXACT_202207_202606_XAUUSD_M5_router_v1_r1_long_box2_prevhealth_trades.csv,19,h4_d1_long_best_box2_atr80::BT_A1_XAU_ROUTER_V1_R1_LONG_BOX2_PREVHEALTH::1025742::XAUUSD::932200::29,LONG,2023-01-04 16:00:00,2023-01-16 01:58:31,40.6,2023.01.04 16:00:00,29,1858.63,0.01,A1_M5_MOM_ROUTER_V1_,2023.01.16 01:58:31,43,1928.12,tp 1928.12,40.6,BT_A1_XAU_ROUTER_V1_R1_LONG_BOX2_PREVHEALTH,1025742,XAUUSD,932200,29,2023.01.04 16:00:00,29,29,1858.63,0.01,A1_M5_MOM_ROUTER_V1_,2023.01.16 01:58:41,44,44,1928.78,0.01,5,tp 1928.75,70.15,0.00,0.00,,false,70.15,2,1,1,true,true,true,NATIVE_POSITION_RECONCILIATION_VALID
h4_d1_long_best_box2_atr80,h4_d1_long_best_box2_atr80,C:\Users\ZHAO ZHU INFORMATION\Downloads\algo-trading-system\xau-usd\xauusd-phase1\outputs\reports\mt5_backtests\a1_momentum_variants_owner_goal_regime_router_v1_exact_202207_202606_20260701\A1XauM5Momentum_OWNER_GOAL_REGIME_ROUTER_V1_EXACT_202207_202606_XAUUSD_M5_router_v1_r1_long_box2_prevhealth_trades.csv,20,h4_d1_long_best_box2_atr80::BT_A1_XAU_ROUTER_V1_R1_LONG_BOX2_PREVHEALTH::1025742::XAUUSD::932200::31,LONG,2023-01-09 04:00:00,2023-01-16 01:58:41,70.15,2023.01.09 04:00:00,31,1877.01,0.01,A1_M5_MOM_ROUTER_V1_,2023.01.16 01:58:41,44,1928.78,tp 1928.75,70.15,BT_A1_XAU_ROUTER_V1_R1_LONG_BOX2_PREVHEALTH,1025742,XAUUSD,932200,31,2023.01.09 04:00:00,31,31,1877.01,0.01,A1_M5_MOM_ROUTER_V1_,2023.02.15 07:05:02,59,59,1832.48,0.01,4,sl 1832.48,-44.53,0.00,0.00,,false,-44.53,2,1,1,true,true,true,NATIVE_POSITION_RECONCILIATION_VALID
r1_h1_pullback_long_v1,r1_h1_pullback_long_v1,C:\Users\ZHAO ZHU INFORMATION\Downloads\algo-trading-system\xau-usd\xauusd-phase1\outputs\reports\mt5_backtests\a1_momentum_variants_owner_goal_r1_pullback_long_v2_session_exact_202207_202606_20260701\A1XauM5Momentum_OWNER_GOAL_R1_PULLBACK_LONG_V2_SESSION_EXACT_202207_202606_XAUUSD_M5_r1_pullback_long_v2_m15_session_09_15_trades.csv,44,r1_h1_pullback_long_v1::BT_A1_XAU_R1_PULLBACK_LONG_V2_M15_SESSION_09_15::1025742::XAUUSD::932200::86,LONG,2023-01-10 09:00:00,2023-01-10 11:17:42,-3.52,2023.01.10 09:00:00,86,1876.95,0.01,A1_M5_MOM_R1_PULLBAC,2023.01.10 11:17:42,89,1873.04,sl 1873.04,-3.52,BT_A1_XAU_R1_PULLBACK_LONG_V2_M15_SESSION_09_15,1025742,XAUUSD,932200,86,2023.01.10 09:00:00,86,86,1876.95,0.01,A1_M5_MOM_R1_PULLBAC,2023.01.10 11:24:39,90,90,1872.33,0.01,4,sl 1872.35,-4.62,0.00,0.00,,false,-4.62,2,1,1,true,true,true,NATIVE_POSITION_RECONCILIATION_VALID
r1_h1_pullback_long_v1,r1_h1_pullback_long_v1,C:\Users\ZHAO ZHU INFORMATION\Downloads\algo-trading-system\xau-usd\xauusd-phase1\outputs\reports\mt5_backtests\a1_momentum_variants_owner_goal_r1_pullback_long_v2_session_exact_202207_202606_20260701\A1XauM5Momentum_OWNER_GOAL_R1_PULLBACK_LONG_V2_SESSION_EXACT_202207_202606_XAUUSD_M5_r1_pullback_long_v2_m15_session_09_15_trades.csv,45,r1_h1_pullback_long_v1::BT_A1_XAU_R1_PULLBACK_LONG_V2_M15_SESSION_09_15::1025742::XAUUSD::932200::87,LONG,2023-01-10 10:00:00,2023-01-10 11:24:39,-4.62,2023.01.10 10:00:00,87,1875.24,0.01,A1_M5_MOM_R1_PULLBAC,2023.01.10 11:24:39,90,1872.33,sl 1872.35,-4.62,BT_A1_XAU_R1_PULLBACK_LONG_V2_M15_SESSION_09_15,1025742,XAUUSD,932200,87,2023.01.10 10:00:00,87,87,1875.24,0.01,A1_M5_MOM_R1_PULLBAC,2023.01.10 11:37:36,91,91,1871.73,0.01,4,sl 1871.74,-3.51,0.00,0.00,,false,-3.51,2,1,1,true,true,true,NATIVE_POSITION_RECONCILIATION_VALID
r1_h1_pullback_long_v1,r1_h1_pullback_long_v1,C:\Users\ZHAO ZHU INFORMATION\Downloads\algo-trading-system\xau-usd\xauusd-phase1\outputs\reports\mt5_backtests\a1_momentum_variants_owner_goal_r1_pullback_long_v2_session_exact_202207_202606_20260701\A1XauM5Momentum_OWNER_GOAL_R1_PULLBACK_LONG_V2_SESSION_EXACT_202207_202606_XAUUSD_M5_r1_pullback_long_v2_m15_session_09_15_trades.csv,46,r1_h1_pullback_long_v1::BT_A1_XAU_R1_PULLBACK_LONG_V2_M15_SESSION_09_15::1025742::XAUUSD::932200::88,LONG,2023-01-10 10:30:00,2023-01-10 11:37:36,-3.51,2023.01.10 10:30:00,88,1876.56,0.01,A1_M5_MOM_R1_PULLBAC,2023.01.10 11:37:36,91,1871.73,sl 1871.74,-3.51,BT_A1_XAU_R1_PULLBACK_LONG_V2_M15_SESSION_09_15,1025742,XAUUSD,932200,88,2023.01.10 10:30:00,88,88,1876.56,0.01,A1_M5_MOM_R1_PULLBAC,2023.01.10 11:17:42,89,89,1873.04,0.01,4,sl 1873.04,-3.52,0.00,0.00,,false,-3.52,2,1,1,true,true,true,NATIVE_POSITION_RECONCILIATION_VALID
r1_h1_pullback_long_v1,r1_h1_pullback_long_v1,C:\Users\ZHAO ZHU INFORMATION\Downloads\algo-trading-system\xau-usd\xauusd-phase1\outputs\reports\mt5_backtests\a1_momentum_variants_owner_goal_r1_pullback_long_v2_session_exact_202207_202606_20260701\A1XauM5Momentum_OWNER_GOAL_R1_PULLBACK_LONG_V2_SESSION_EXACT_202207_202606_XAUUSD_M5_r1_pullback_long_v2_m15_session_09_15_trades.csv,47,r1_h1_pullback_long_v1::BT_A1_XAU_R1_PULLBACK_LONG_V2_M15_SESSION_09_15::1025742::XAUUSD::932200::92,LONG,2023-01-10 13:00:00,2023-01-10 14:13:05,7.01,2023.01.10 13:00:00,92,1873.48,0.01,A1_M5_MOM_R1_PULLBAC,2023.01.10 14:13:05,95,1880.49,tp 1880.48,7.01,BT_A1_XAU_R1_PULLBACK_LONG_V2_M15_SESSION_09_15,1025742,XAUUSD,932200,92,2023.01.10 13:00:00,92,92,1873.48,0.01,A1_M5_MOM_R1_PULLBAC,2023.01.10 14:13:05,95,95,1880.49,0.01,5,tp 1880.48,7.01,0.00,0.00,,false,7.01,2,1,1,true,false,false,NATIVE_POSITION_RECONCILIATION_VALID
r1_h1_pullback_long_v1,r1_h1_pullback_long_v1,C:\Users\ZHAO ZHU INFORMATION\Downloads\algo-trading-system\xau-usd\xauusd-phase1\outputs\reports\mt5_backtests\a1_momentum_variants_owner_goal_r1_pullback_long_v2_session_exact_202207_202606_20260701\A1XauM5Momentum_OWNER_GOAL_R1_PULLBACK_LONG_V2_SESSION_EXACT_202207_202606_XAUUSD_M5_r1_pullback_long_v2_m15_session_09_15_trades.csv,48,r1_h1_pullback_long_v1::BT_A1_XAU_R1_PULLBACK_LONG_V2_M15_SESSION_09_15::1025742::XAUUSD::932200::93,LONG,2023-01-10 13:15:00,2023-01-11 14:37:30,-8.11,2023.01.10 13:15:00,93,1876.61,0.01,A1_M5_MOM_R1_PULLBAC,2023.01.11 14:37:30,96,1870.26,sl 1870.26,-8.11,BT_A1_XAU_R1_PULLBACK_LONG_V2_M15_SESSION_09_15,1025742,XAUUSD,932200,93,2023.01.10 13:15:00,93,93,1876.61,0.01,A1_M5_MOM_R1_PULLBAC,2023.01.11 14:37:38,97,97,1869.94,0.01,4,sl 1869.95,-6.67,0.00,0.00,,false,-6.67,2,1,1,true,true,true,NATIVE_POSITION_RECONCILIATION_VALID
r1_h1_pullback_long_v1,r1_h1_pullback_long_v1,C:\Users\ZHAO ZHU INFORMATION\Downloads\algo-trading-system\xau-usd\xauusd-phase1\outputs\reports\mt5_backtests\a1_momentum_variants_owner_goal_r1_pullback_long_v2_session_exact_202207_202606_20260701\A1XauM5Momentum_OWNER_GOAL_R1_PULLBACK_LONG_V2_SESSION_EXACT_202207_202606_XAUUSD_M5_r1_pullback_long_v2_m15_session_09_15_trades.csv,49,r1_h1_pullback_long_v1::BT_A1_XAU_R1_PULLBACK_LONG_V2_M15_SESSION_09_15::1025742::XAUUSD::932200::94,LONG,2023-01-10 14:00:00,2023-01-11 14:37:38,-6.67,2023.01.10 14:00:00,94,1878.37,0.01,A1_M5_MOM_R1_PULLBAC,2023.01.11 14:37:38,97,1869.94,sl 1869.95,-6.67,BT_A1_XAU_R1_PULLBACK_LONG_V2_M15_SESSION_09_15,1025742,XAUUSD,932200,94,2023.01.10 14:00:00,94,94,1878.37,0.01,A1_M5_MOM_R1_PULLBAC,2023.01.11 14:37:30,96,96,1870.26,0.01,4,sl 1870.26,-8.11,0.00,0.00,,false,-8.11,2,1,1,true,true,true,NATIVE_POSITION_RECONCILIATION_VALID
h4_d1_long_best_box2_atr80,h4_d1_long_best_box2_atr80,C:\Users\ZHAO ZHU INFORMATION\Downloads\algo-trading-system\xau-usd\xauusd-phase1\outputs\reports\mt5_backtests\a1_momentum_variants_owner_goal_regime_router_v1_exact_202207_202606_20260701\A1XauM5Momentum_OWNER_GOAL_REGIME_ROUTER_V1_EXACT_202207_202606_XAUUSD_M5_router_v1_r1_long_box2_prevhealth_trades.csv,21,h4_d1_long_best_box2_atr80::BT_A1_XAU_ROUTER_V1_R1_LONG_BOX2_PREVHEALTH::1025742::XAUUSD::932200::33,LONG,2023-01-11 08:00:00,2023-01-19 19:11:14,72.97,2023.01.11 08:00:00,33,1884.08,0.01,A1_M5_MOM_ROUTER_V1_,2023.01.19 19:11:14,45,1933.05,tp 1933.04,72.97,BT_A1_XAU_ROUTER_V1_R1_LONG_BOX2_PREVHEALTH,1025742,XAUUSD,932200,33,2023.01.11 08:00:00,33,33,1884.08,0.01,A1_M5_MOM_ROUTER_V1_,2023.01.11 15:17:38,34,34,1867.84,0.01,4,sl 1867.84,-16.24,0.00,0.00,,false,-16.24,2,1,1,true,true,true,NATIVE_POSITION_RECONCILIATION_VALID
h4_d1_long_best_box2_atr80,h4_d1_long_best_box2_atr80,C:\Users\ZHAO ZHU INFORMATION\Downloads\algo-trading-system\xau-usd\xauusd-phase1\outputs\reports\mt5_backtests\a1_momentum_variants_owner_goal_regime_router_v1_exact_202207_202606_20260701\A1XauM5Momentum_OWNER_GOAL_REGIME_ROUTER_V1_EXACT_202207_202606_XAUUSD_M5_router_v1_r1_long_box2_prevhealth_trades.csv,22,h4_d1_long_best_box2_atr80::BT_A1_XAU_ROUTER_V1_R1_LONG_BOX2_PREVHEALTH::1025742::XAUUSD::932200::37,LONG,2023-01-12 12:00:00,2023-01-31 07:08:01,-26.48,2023.01.12 12:00:00,37,1887.52,0.01,A1_M5_MOM_ROUTER_V1_,2023.01.31 07:08:01,50,1911.51,sl 1911.51,-26.48,BT_A1_XAU_ROUTER_V1_R1_LONG_BOX2_PREVHEALTH,1025742,XAUUSD,932200,37,2023.01.12 12:00:00,37,37,1887.52,0.01,A1_M5_MOM_ROUTER_V1_,2023.01.16 01:58:31,43,43,1928.12,0.01,5,tp 1928.12,40.60,0.00,0.00,,false,40.60,2,1,1,true,true,true,NATIVE_POSITION_RECONCILIATION_VALID
h4_d1_long_best_box2_atr80,h4_d1_long_best_box2_atr80,C:\Users\ZHAO ZHU INFORMATION\Downloads\algo-trading-system\xau-usd\xauusd-phase1\outputs\reports\mt5_backtests\a1_momentum_variants_owner_goal_regime_router_v1_exact_202207_202606_20260701\A1XauM5Momentum_OWNER_GOAL_REGIME_ROUTER_V1_EXACT_202207_202606_XAUUSD_M5_router_v1_r1_long_box2_prevhealth_trades.csv,23,h4_d1_long_best_box2_atr80::BT_A1_XAU_ROUTER_V1_R1_LONG_BOX2_PREVHEALTH::1025742::XAUUSD::932200::39,LONG,2023-01-12 20:00:00,2023-01-31 07:08:01,-26.79,2023.01.12 20:00:00,39,1898.49,0.01,A1_M5_MOM_ROUTER_V1_,2023.01.31 07:08:01,51,1911.47,sl 1911.49,-26.79,BT_A1_XAU_ROUTER_V1_R1_LONG_BOX2_PREVHEALTH,1025742,XAUUSD,932200,39,2023.01.12 20:00:00,39,39,1898.49,0.01,A1_M5_MOM_ROUTER_V1_,2023.02.03 15:18:39,56,56,1867.27,0.01,4,sl 1867.28,-31.22,0.00,0.00,,false,-31.22,2,1,1,true,true,true,NATIVE_POSITION_RECONCILIATION_VALID
h4_d1_long_best_box2_atr80,h4_d1_long_best_box2_atr80,C:\Users\ZHAO ZHU INFORMATION\Downloads\algo-trading-system\xau-usd\xauusd-phase1\outputs\reports\mt5_backtests\a1_momentum_variants_owner_goal_regime_router_v1_exact_202207_202606_20260701\A1XauM5Momentum_OWNER_GOAL_REGIME_ROUTER_V1_EXACT_202207_202606_XAUUSD_M5_router_v1_r1_long_box2_prevhealth_trades.csv,24,h4_d1_long_best_box2_atr80::BT_A1_XAU_ROUTER_V1_R1_LONG_BOX2_PREVHEALTH::1025742::XAUUSD::932200::40,LONG,2023-01-13 08:00:00,2023-01-31 07:08:01,-35.37,2023.01.13 08:00:00,40,1906.56,0.01,A1_M5_MOM_ROUTER_V1_,2023.01.31 07:08:01,52,1911.47,sl 1911.50,-35.37,BT_A1_XAU_ROUTER_V1_R1_LONG_BOX2_PREVHEALTH,1025742,XAUUSD,932200,40,2023.01.13 08:00:00,40,40,1906.56,0.01,A1_M5_MOM_ROUTER_V1_,2023.02.03 15:18:39,57,57,1867.23,0.01,4,sl 1867.23,-39.33,0.00,0.00,,false,-39.33,2,1,1,true,true,true,NATIVE_POSITION_RECONCILIATION_VALID
r1_h1_pullback_long_v1,r1_h1_pullback_long_v1,C:\Users\ZHAO ZHU INFORMATION\Downloads\algo-trading-system\xau-usd\xauusd-phase1\outputs\reports\mt5_backtests\a1_momentum_variants_owner_goal_r1_pullback_long_v2_session_exact_202207_202606_20260701\A1XauM5Momentum_OWNER_GOAL_R1_PULLBACK_LONG_V2_SESSION_EXACT_202207_202606_XAUUSD_M5_r1_pullback_long_v2_m15_session_09_15_trades.csv,50,r1_h1_pullback_long_v1::BT_A1_XAU_R1_PULLBACK_LONG_V2_M15_SESSION_09_15::1025742::XAUUSD::932200::98,LONG,2023-01-13 13:15:00,2023-01-13 17:39:28,18.28,2023.01.13 13:15:00,98,1902.16,0.01,A1_M5_MOM_R1_PULLBAC,2023.01.13 17:39:28,102,1920.44,tp 1920.43,18.28,BT_A1_XAU_R1_PULLBACK_LONG_V2_M15_SESSION_09_15,1025742,XAUUSD,932200,98,2023.01.13 13:15:00,98,98,1902.16,0.01,A1_M5_MOM_R1_PULLBAC,2023.01.13 17:39:28,102,102,1920.44,0.01,5,tp 1920.43,18.28,0.00,0.00,,false,18.28,2,1,1,true,false,false,NATIVE_POSITION_RECONCILIATION_VALID
r1_h1_pullback_long_v1,r1_h1_pullback_long_v1,C:\Users\ZHAO ZHU INFORMATION\Downloads\algo-trading-system\xau-usd\xauusd-phase1\outputs\reports\mt5_backtests\a1_momentum_variants_owner_goal_r1_pullback_long_v2_session_exact_202207_202606_20260701\A1XauM5Momentum_OWNER_GOAL_R1_PULLBACK_LONG_V2_SESSION_EXACT_202207_202606_XAUUSD_M5_r1_pullback_long_v2_m15_session_09_15_trades.csv,51,r1_h1_pullback_long_v1::BT_A1_XAU_R1_PULLBACK_LONG_V2_M15_SESSION_09_15::1025742::XAUUSD::932200::99,LONG,2023-01-13 13:45:00,2023-01-17 01:32:27,-7.3,2023.01.13 13:45:00,99,1907.22,0.01,A1_M5_MOM_R1_PULLBAC,2023.01.17 01:32:27,104,1910.37,sl 1910.37,-7.3,BT_A1_XAU_R1_PULLBACK_LONG_V2_M15_SESSION_09_15,1025742,XAUUSD,932200,99,2023.01.13 13:45:00,99,99,1907.22,0.01,A1_M5_MOM_R1_PULLBAC,2023.01.19 19:09:37,113,113,1932.52,0.01,5,tp 1932.50,25.30,0.00,0.00,,false,25.30,2,1,1,true,true,true,NATIVE_POSITION_RECONCILIATION_VALID
r1_h1_pullback_long_v1,r1_h1_pullback_long_v1,C:\Users\ZHAO ZHU INFORMATION\Downloads\algo-trading-system\xau-usd\xauusd-phase1\outputs\reports\mt5_backtests\a1_momentum_variants_owner_goal_r1_pullback_long_v2_session_exact_202207_202606_20260701\A1XauM5Momentum_OWNER_GOAL_R1_PULLBACK_LONG_V2_SESSION_EXACT_202207_202606_XAUUSD_M5_r1_pullback_long_v2_m15_session_09_15_trades.csv,52,r1_h1_pullback_long_v1::BT_A1_XAU_R1_PULLBACK_LONG_V2_M15_SESSION_09_15::1025742::XAUUSD::932200::100,LONG,2023-01-13 14:00:00,2023-01-18 03:07:28,-13.99,2023.01.13 14:00:00,100,1911.70,0.01,A1_M5_MOM_R1_PULLBAC,2023.01.18 03:07:28,105,1898.28,sl 1898.29,-13.99,BT_A1_XAU_R1_PULLBACK_LONG_V2_M15_SESSION_09_15,1025742,XAUUSD,932200,100,2023.01.13 14:00:00,100,100,1911.70,0.01,A1_M5_MOM_R1_PULLBAC,2023.01.25 19:03:20,123,123,1944.12,0.01,5,tp 1944.12,32.42,0.00,0.00,,false,32.42,2,1,1,true,true,true,NATIVE_POSITION_RECONCILIATION_VALID
r1_h1_pullback_long_v1,r1_h1_pullback_long_v1,C:\Users\ZHAO ZHU INFORMATION\Downloads\algo-trading-system\xau-usd\xauusd-phase1\outputs\reports\mt5_backtests\a1_momentum_variants_owner_goal_r1_pullback_long_v2_session_exact_202207_202606_20260701\A1XauM5Momentum_OWNER_GOAL_R1_PULLBACK_LONG_V2_SESSION_EXACT_202207_202606_XAUUSD_M5_r1_pullback_long_v2_m15_session_09_15_trades.csv,53,r1_h1_pullback_long_v1::BT_A1_XAU_R1_PULLBACK_LONG_V2_M15_SESSION_09_15::1025742::XAUUSD::932200::101,LONG,2023-01-13 14:30:00,2023-01-19 13:18:36,7.0,2023.01.13 14:30:00,101,1912.27,0.01,A1_M5_MOM_R1_PULLBAC,2023.01.19 13:18:36,108,1916.67,tp 1916.67,7.0,BT_A1_XAU_R1_PULLBACK_LONG_V2_M15_SESSION_09_15,1025742,XAUUSD,932200,101,2023.01.13 14:30:00,101,101,1912.27,0.01,A1_M5_MOM_R1_PULLBAC,2023.01.18 03:07:28,105,105,1898.28,0.01,4,sl 1898.29,-13.99,0.00,0.00,,false,-13.99,2,1,1,true,true,true,NATIVE_POSITION_RECONCILIATION_VALID
h4_d1_long_best_box2_atr80,h4_d1_long_best_box2_atr80,C:\Users\ZHAO ZHU INFORMATION\Downloads\algo-trading-system\xau-usd\xauusd-phase1\outputs\reports\mt5_backtests\a1_momentum_variants_owner_goal_regime_router_v1_exact_202207_202606_20260701\A1XauM5Momentum_OWNER_GOAL_REGIME_ROUTER_V1_EXACT_202207_202606_XAUUSD_M5_router_v1_r1_long_box2_prevhealth_trades.csv,25,h4_d1_long_best_box2_atr80::BT_A1_XAU_ROUTER_V1_R1_LONG_BOX2_PREVHEALTH::1025742::XAUUSD::932200::41,LONG,2023-01-13 16:00:00,2023-02-03 12:30:39,-52.76,2023.01.13 16:00:00,41,1912.34,0.01,A1_M5_MOM_ROUTER_V1_,2023.02.03 12:30:39,54,1900.84,sl 1900.92,-52.76,BT_A1_XAU_ROUTER_V1_R1_LONG_BOX2_PREVHEALTH,1025742,XAUUSD,932200,41,2023.01.13 16:00:00,41,41,1912.34,0.01,A1_M5_MOM_ROUTER_V1_,2023.02.03 15:18:39,58,58,1867.23,0.01,4,sl 1867.23,-45.11,0.00,0.00,,false,-45.11,2,1,1,true,true,true,NATIVE_POSITION_RECONCILIATION_VALID
r1_h1_pullback_long_v1,r1_h1_pullback_long_v1,C:\Users\ZHAO ZHU INFORMATION\Downloads\algo-trading-system\xau-usd\xauusd-phase1\outputs\reports\mt5_backtests\a1_momentum_variants_owner_goal_r1_pullback_long_v2_session_exact_202207_202606_20260701\A1XauM5Momentum_OWNER_GOAL_R1_PULLBACK_LONG_V2_SESSION_EXACT_202207_202606_XAUUSD_M5_r1_pullback_long_v2_m15_session_09_15_trades.csv,54,r1_h1_pullback_long_v1::BT_A1_XAU_R1_PULLBACK_LONG_V2_M15_SESSION_09_15::1025742::XAUUSD::932200::103,LONG,2023-01-16 09:00:00,2023-01-19 18:26:05,14.13,2023.01.16 09:00:00,103,1917.67,0.01,A1_M5_MOM_R1_PULLBAC,2023.01.19 18:26:05,112,1927.46,tp 1927.44,14.13,BT_A1_XAU_R1_PULLBACK_LONG_V2_M15_SESSION_09_15,1025742,XAUUSD,932200,103,2023.01.16 09:00:00,103,103,1917.67,0.01,A1_M5_MOM_R1_PULLBAC,2023.01.17 01:32:27,104,104,1910.37,0.01,4,sl 1910.37,-7.30,0.00,0.00,,false,-7.30,2,1,1,true,true,true,NATIVE_POSITION_RECONCILIATION_VALID
r1_h1_pullback_long_v1,r1_h1_pullback_long_v1,C:\Users\ZHAO ZHU INFORMATION\Downloads\algo-trading-system\xau-usd\xauusd-phase1\outputs\reports\mt5_backtests\a1_momentum_variants_owner_goal_r1_pullback_long_v2_session_exact_202207_202606_20260701\A1XauM5Momentum_OWNER_GOAL_R1_PULLBACK_LONG_V2_SESSION_EXACT_202207_202606_XAUUSD_M5_r1_pullback_long_v2_m15_session_09_15_trades.csv,55,r1_h1_pullback_long_v1::BT_A1_XAU_R1_PULLBACK_LONG_V2_M15_SESSION_09_15::1025742::XAUUSD::932200::106,LONG,2023-01-19 10:00:00,2023-01-19 19:09:37,25.3,2023.01.19 10:00:00,106,1909.67,0.01,A1_M5_MOM_R1_PULLBAC,2023.01.19 19:09:37,113,1932.52,tp 1932.50,25.3,BT_A1_XAU_R1_PULLBACK_LONG_V2_M15_SESSION_09_15,1025742,XAUUSD,932200,106,2023.01.19 10:00:00,106,106,1909.67,0.01,A1_M5_MOM_R1_PULLBAC,2023.01.19 13:18:36,108,108,1916.67,0.01,5,tp 1916.67,7.00,0.00,0.00,,false,7.00,2,1,1,true,true,true,NATIVE_POSITION_RECONCILIATION_VALID
r1_h1_pullback_long_v1,r1_h1_pullback_long_v1,C:\Users\ZHAO ZHU INFORMATION\Downloads\algo-trading-system\xau-usd\xauusd-phase1\outputs\reports\mt5_backtests\a1_momentum_variants_owner_goal_r1_pullback_long_v2_session_exact_202207_202606_20260701\A1XauM5Momentum_OWNER_GOAL_R1_PULLBACK_LONG_V2_SESSION_EXACT_202207_202606_XAUUSD_M5_r1_pullback_long_v2_m15_session_09_15_trades.csv,56,r1_h1_pullback_long_v1::BT_A1_XAU_R1_PULLBACK_LONG_V2_M15_SESSION_09_15::1025742::XAUUSD::932200::107,LONG,2023-01-19 13:00:00,2023-01-20 12:35:39,-3.51,2023.01.19 13:00:00,107,1913.33,0.01,A1_M5_MOM_R1_PULLBAC,2023.01.20 12:35:39,117,1925.81,sl 1925.82,-3.51,BT_A1_XAU_R1_PULLBACK_LONG_V2_M15_SESSION_09_15,1025742,XAUUSD,932200,107,2023.01.19 13:00:00,107,107,1913.33,0.01,A1_M5_MOM_R1_PULLBAC,2023.01.19 18:26:05,112,112,1927.46,0.01,5,tp 1927.44,14.13,0.00,0.00,,false,14.13,2,1,1,true,true,true,NATIVE_POSITION_RECONCILIATION_VALID
r1_h1_pullback_long_v1,r1_h1_pullback_long_v1,C:\Users\ZHAO ZHU INFORMATION\Downloads\algo-trading-system\xau-usd\xauusd-phase1\outputs\reports\mt5_backtests\a1_momentum_variants_owner_goal_r1_pullback_long_v2_session_exact_202207_202606_20260701\A1XauM5Momentum_OWNER_GOAL_R1_PULLBACK_LONG_V2_SESSION_EXACT_202207_202606_XAUUSD_M5_r1_pullback_long_v2_m15_session_09_15_trades.csv,57,r1_h1_pullback_long_v1::BT_A1_XAU_R1_PULLBACK_LONG_V2_M15_SESSION_09_15::1025742::XAUUSD::932200::109,LONG,2023-01-19 13:30:00,2023-01-20 12:52:16,-3.51,2023.01.19 13:30:00,109,1917.45,0.01,A1_M5_MOM_R1_PULLBAC,2023.01.20 12:52:16,118,1925.27,sl 1925.28,-3.51,BT_A1_XAU_R1_PULLBACK_LONG_V2_M15_SESSION_09_15,1025742,XAUUSD,932200,109,2023.01.19 13:30:00,109,109,1917.45,0.01,A1_M5_MOM_R1_PULLBAC,2023.01.24 05:54:15,121,121,1939.97,0.01,5,tp 1939.96,22.52,0.00,0.00,,false,22.52,2,1,1,true,true,true,NATIVE_POSITION_RECONCILIATION_VALID
r1_h1_pullback_long_v1,r1_h1_pullback_long_v1,C:\Users\ZHAO ZHU INFORMATION\Downloads\algo-trading-system\xau-usd\xauusd-phase1\outputs\reports\mt5_backtests\a1_momentum_variants_owner_goal_r1_pullback_long_v2_session_exact_202207_202606_20260701\A1XauM5Momentum_OWNER_GOAL_R1_PULLBACK_LONG_V2_SESSION_EXACT_202207_202606_XAUUSD_M5_r1_pullback_long_v2_m15_session_09_15_trades.csv,58,r1_h1_pullback_long_v1::BT_A1_XAU_R1_PULLBACK_LONG_V2_M15_SESSION_09_15::1025742::XAUUSD::932200::110,LONG,2023-01-19 14:00:00,2023-01-20 12:52:24,-3.5,2023.01.19 14:00:00,110,1917.66,0.01,A1_M5_MOM_R1_PULLBAC,2023.01.20 12:52:24,119,1925.07,sl 1925.07,-3.5,BT_A1_XAU_R1_PULLBACK_LONG_V2_M15_SESSION_09_15,1025742,XAUUSD,932200,110,2023.01.19 14:00:00,110,110,1917.66,0.01,A1_M5_MOM_R1_PULLBAC,2023.01.24 05:43:35,120,120,1939.13,0.01,5,tp 1939.12,21.47,0.00,0.00,,false,21.47,2,1,1,true,true,true,NATIVE_POSITION_RECONCILIATION_VALID
r1_h1_pullback_long_v1,r1_h1_pullback_long_v1,C:\Users\ZHAO ZHU INFORMATION\Downloads\algo-trading-system\xau-usd\xauusd-phase1\outputs\reports\mt5_backtests\a1_momentum_variants_owner_goal_r1_pullback_long_v2_session_exact_202207_202606_20260701\A1XauM5Momentum_OWNER_GOAL_R1_PULLBACK_LONG_V2_SESSION_EXACT_202207_202606_XAUUSD_M5_r1_pullback_long_v2_m15_session_09_15_trades.csv,59,r1_h1_pullback_long_v1::BT_A1_XAU_R1_PULLBACK_LONG_V2_M15_SESSION_09_15::1025742::XAUUSD::932200::111,LONG,2023-01-19 14:15:00,2023-01-24 05:43:35,21.47,2023.01.19 14:15:00,111,1919.82,0.01,A1_M5_MOM_R1_PULLBAC,2023.01.24 05:43:35,120,1939.13,tp 1939.12,21.47,BT_A1_XAU_R1_PULLBACK_LONG_V2_M15_SESSION_09_15,1025742,XAUUSD,932200,111,2023.01.19 14:15:00,111,111,1919.82,0.01,A1_M5_MOM_R1_PULLBAC,2023.01.25 18:57:32,122,122,1942.82,0.01,5,tp 1942.80,23.00,0.00,0.00,,false,23.00,2,1,1,true,true,true,NATIVE_POSITION_RECONCILIATION_VALID
h4_d1_long_best_box2_atr80,h4_d1_long_best_box2_atr80,C:\Users\ZHAO ZHU INFORMATION\Downloads\algo-trading-system\xau-usd\xauusd-phase1\outputs\reports\mt5_backtests\a1_momentum_variants_owner_goal_regime_router_v1_exact_202207_202606_20260701\A1XauM5Momentum_OWNER_GOAL_REGIME_ROUTER_V1_EXACT_202207_202606_XAUUSD_M5_router_v1_r1_long_box2_prevhealth_trades.csv,26,h4_d1_long_best_box2_atr80::BT_A1_XAU_ROUTER_V1_R1_LONG_BOX2_PREVHEALTH::1025742::XAUUSD::932200::46,LONG,2023-01-19 20:00:00,2023-02-03 12:34:29,-36.85,2023.01.19 20:00:00,46,1933.52,0.01,A1_M5_MOM_ROUTER_V1_,2023.02.03 12:34:29,55,1896.67,sl 1896.68,-36.85,BT_A1_XAU_ROUTER_V1_R1_LONG_BOX2_PREVHEALTH,1025742,XAUUSD,932200,46,2023.01.19 20:00:00,46,46,1933.52,0.01,A1_M5_MOM_ROUTER_V1_,2023.02.03 12:34:29,55,55,1896.67,0.01,4,sl 1896.68,-36.85,0.00,0.00,,false,-36.85,2,1,1,true,false,false,NATIVE_POSITION_RECONCILIATION_VALID
r1_h1_pullback_long_v1,r1_h1_pullback_long_v1,C:\Users\ZHAO ZHU INFORMATION\Downloads\algo-trading-system\xau-usd\xauusd-phase1\outputs\reports\mt5_backtests\a1_momentum_variants_owner_goal_r1_pullback_long_v2_session_exact_202207_202606_20260701\A1XauM5Momentum_OWNER_GOAL_R1_PULLBACK_LONG_V2_SESSION_EXACT_202207_202606_XAUUSD_M5_r1_pullback_long_v2_m15_session_09_15_trades.csv,60,r1_h1_pullback_long_v1::BT_A1_XAU_R1_PULLBACK_LONG_V2_M15_SESSION_09_15::1025742::XAUUSD::932200::114,LONG,2023-01-20 11:15:00,2023-01-24 05:54:15,22.52,2023.01.20 11:15:00,114,1928.57,0.01,A1_M5_MOM_R1_PULLBAC,2023.01.24 05:54:15,121,1939.97,tp 1939.96,22.52,BT_A1_XAU_R1_PULLBACK_LONG_V2_M15_SESSION_09_15,1025742,XAUUSD,932200,114,2023.01.20 11:15:00,114,114,1928.57,0.01,A1_M5_MOM_R1_PULLBAC,2023.01.20 12:52:24,119,119,1925.07,0.01,4,sl 1925.07,-3.50,0.00,0.00,,false,-3.50,2,1,1,true,true,true,NATIVE_POSITION_RECONCILIATION_VALID
r1_h1_pullback_long_v1,r1_h1_pullback_long_v1,C:\Users\ZHAO ZHU INFORMATION\Downloads\algo-trading-system\xau-usd\xauusd-phase1\outputs\reports\mt5_backtests\a1_momentum_variants_owner_goal_r1_pullback_long_v2_session_exact_202207_202606_20260701\A1XauM5Momentum_OWNER_GOAL_R1_PULLBACK_LONG_V2_SESSION_EXACT_202207_202606_XAUUSD_M5_r1_pullback_long_v2_m15_session_09_15_trades.csv,61,r1_h1_pullback_long_v1::BT_A1_XAU_R1_PULLBACK_LONG_V2_M15_SESSION_09_15::1025742::XAUUSD::932200::115,LONG,2023-01-20 12:00:00,2023-01-25 18:57:32,23.0,2023.01.20 12:00:00,115,1928.78,0.01,A1_M5_MOM_R1_PULLBAC,2023.01.25 18:57:32,122,1942.82,tp 1942.80,23.0,BT_A1_XAU_R1_PULLBACK_LONG_V2_M15_SESSION_09_15,1025742,XAUUSD,932200,115,2023.01.20 12:00:00,115,115,1928.78,0.01,A1_M5_MOM_R1_PULLBAC,2023.01.20 12:52:16,118,118,1925.27,0.01,4,sl 1925.28,-3.51,0.00,0.00,,false,-3.51,2,1,1,true,true,true,NATIVE_POSITION_RECONCILIATION_VALID
r1_h1_pullback_long_v1,r1_h1_pullback_long_v1,C:\Users\ZHAO ZHU INFORMATION\Downloads\algo-trading-system\xau-usd\xauusd-phase1\outputs\reports\mt5_backtests\a1_momentum_variants_owner_goal_r1_pullback_long_v2_session_exact_202207_202606_20260701\A1XauM5Momentum_OWNER_GOAL_R1_PULLBACK_LONG_V2_SESSION_EXACT_202207_202606_XAUUSD_M5_r1_pullback_long_v2_m15_session_09_15_trades.csv,62,r1_h1_pullback_long_v1::BT_A1_XAU_R1_PULLBACK_LONG_V2_M15_SESSION_09_15::1025742::XAUUSD::932200::116,LONG,2023-01-20 12:30:00,2023-01-25 19:03:20,32.42,2023.01.20 12:30:00,116,1929.32,0.01,A1_M5_MOM_R1_PULLBAC,2023.01.25 19:03:20,123,1944.12,tp 1944.12,32.42,BT_A1_XAU_R1_PULLBACK_LONG_V2_M15_SESSION_09_15,1025742,XAUUSD,932200,116,2023.01.20 12:30:00,116,116,1929.32,0.01,A1_M5_MOM_R1_PULLBAC,2023.01.20 12:35:39,117,117,1925.81,0.01,4,sl 1925.82,-3.51,0.00,0.00,,false,-3.51,2,1,1,true,true,true,NATIVE_POSITION_RECONCILIATION_VALID
h4_d1_long_best_box2_atr80,h4_d1_long_best_box2_atr80,C:\Users\ZHAO ZHU INFORMATION\Downloads\algo-trading-system\xau-usd\xauusd-phase1\outputs\reports\mt5_backtests\a1_momentum_variants_owner_goal_regime_router_v1_exact_202207_202606_20260701\A1XauM5Momentum_OWNER_GOAL_REGIME_ROUTER_V1_EXACT_202207_202606_XAUUSD_M5_router_v1_r1_long_box2_prevhealth_trades.csv,27,h4_d1_long_best_box2_atr80::BT_A1_XAU_ROUTER_V1_R1_LONG_BOX2_PREVHEALTH::1025742::XAUUSD::932200::47,LONG,2023-01-24 08:00:00,2023-02-03 15:18:39,-31.22,2023.01.24 08:00:00,47,1938.26,0.01,A1_M5_MOM_ROUTER_V1_,2023.02.03 15:18:39,56,1867.27,sl 1867.28,-31.22,BT_A1_XAU_ROUTER_V1_R1_LONG_BOX2_PREVHEALTH,1025742,XAUUSD,932200,47,2023.01.24 08:00:00,47,47,1938.26,0.01,A1_M5_MOM_ROUTER_V1_,2023.01.31 07:08:01,51,51,1911.47,0.01,4,sl 1911.49,-26.79,0.00,0.00,,false,-26.79,2,1,1,true,true,true,NATIVE_POSITION_RECONCILIATION_VALID
h4_d1_long_best_box2_atr80,h4_d1_long_best_box2_atr80,C:\Users\ZHAO ZHU INFORMATION\Downloads\algo-trading-system\xau-usd\xauusd-phase1\outputs\reports\mt5_backtests\a1_momentum_variants_owner_goal_regime_router_v1_exact_202207_202606_20260701\A1XauM5Momentum_OWNER_GOAL_REGIME_ROUTER_V1_EXACT_202207_202606_XAUUSD_M5_router_v1_r1_long_box2_prevhealth_trades.csv,28,h4_d1_long_best_box2_atr80::BT_A1_XAU_ROUTER_V1_R1_LONG_BOX2_PREVHEALTH::1025742::XAUUSD::932200::48,LONG,2023-01-24 20:00:00,2023-02-03 15:18:39,-39.33,2023.01.24 20:00:00,48,1937.99,0.01,A1_M5_MOM_ROUTER_V1_,2023.02.03 15:18:39,57,1867.23,sl 1867.23,-39.33,BT_A1_XAU_ROUTER_V1_R1_LONG_BOX2_PREVHEALTH,1025742,XAUUSD,932200,48,2023.01.24 20:00:00,48,48,1937.99,0.01,A1_M5_MOM_ROUTER_V1_,2023.01.31 07:08:01,50,50,1911.51,0.01,4,sl 1911.51,-26.48,0.00,0.00,,false,-26.48,2,1,1,true,true,true,NATIVE_POSITION_RECONCILIATION_VALID
h4_d1_long_best_box2_atr80,h4_d1_long_best_box2_atr80,C:\Users\ZHAO ZHU INFORMATION\Downloads\algo-trading-system\xau-usd\xauusd-phase1\outputs\reports\mt5_backtests\a1_momentum_variants_owner_goal_regime_router_v1_exact_202207_202606_20260701\A1XauM5Momentum_OWNER_GOAL_REGIME_ROUTER_V1_EXACT_202207_202606_XAUUSD_M5_router_v1_r1_long_box2_prevhealth_trades.csv,29,h4_d1_long_best_box2_atr80::BT_A1_XAU_ROUTER_V1_R1_LONG_BOX2_PREVHEALTH::1025742::XAUUSD::932200::49,LONG,2023-01-25 20:00:00,2023-02-03 15:18:39,-45.11,2023.01.25 20:00:00,49,1946.84,0.01,A1_M5_MOM_ROUTER_V1_,2023.02.03 15:18:39,58,1867.23,sl 1867.23,-45.11,BT_A1_XAU_ROUTER_V1_R1_LONG_BOX2_PREVHEALTH,1025742,XAUUSD,932200,49,2023.01.25 20:00:00,49,49,1946.84,0.01,A1_M5_MOM_ROUTER_V1_,2023.01.31 07:08:01,52,52,1911.47,0.01,4,sl 1911.50,-35.37,0.00,0.00,,false,-35.37,2,1,1,true,true,true,NATIVE_POSITION_RECONCILIATION_VALID
r1_h1_pullback_long_v1,r1_h1_pullback_long_v1,C:\Users\ZHAO ZHU INFORMATION\Downloads\algo-trading-system\xau-usd\xauusd-phase1\outputs\reports\mt5_backtests\a1_momentum_variants_owner_goal_r1_pullback_long_v2_session_exact_202207_202606_20260701\A1XauM5Momentum_OWNER_GOAL_R1_PULLBACK_LONG_V2_SESSION_EXACT_202207_202606_XAUUSD_M5_r1_pullback_long_v2_m15_session_09_15_trades.csv,63,r1_h1_pullback_long_v1::BT_A1_XAU_R1_PULLBACK_LONG_V2_M15_SESSION_09_15::1025742::XAUUSD::932200::124,LONG,2023-02-01 09:30:00,2023-02-01 12:21:41,7.0,2023.02.01 09:30:00,124,1925.95,0.01,A1_M5_MOM_R1_PULLBAC,2023.02.01 12:21:41,128,1932.95,tp 1932.95,7.0,BT_A1_XAU_R1_PULLBACK_LONG_V2_M15_SESSION_09_15,1025742,XAUUSD,932200,124,2023.02.01 09:30:00,124,124,1925.95,0.01,A1_M5_MOM_R1_PULLBAC,2023.02.01 12:21:41,128,128,1932.95,0.01,5,tp 1932.95,7.00,0.00,0.00,,false,7.00,2,1,1,true,false,false,NATIVE_POSITION_RECONCILIATION_VALID
r1_h1_pullback_long_v1,r1_h1_pullback_long_v1,C:\Users\ZHAO ZHU INFORMATION\Downloads\algo-trading-system\xau-usd\xauusd-phase1\outputs\reports\mt5_backtests\a1_momentum_variants_owner_goal_r1_pullback_long_v2_session_exact_202207_202606_20260701\A1XauM5Momentum_OWNER_GOAL_R1_PULLBACK_LONG_V2_SESSION_EXACT_202207_202606_XAUUSD_M5_r1_pullback_long_v2_m15_session_09_15_trades.csv,64,r1_h1_pullback_long_v1::BT_A1_XAU_R1_PULLBACK_LONG_V2_M15_SESSION_09_15::1025742::XAUUSD::932200::125,LONG,2023-02-01 09:45:00,2023-02-01 14:00:31,-6.42,2023.02.01 09:45:00,125,1926.46,0.01,A1_M5_MOM_R1_PULLBAC,2023.02.01 14:00:31,130,1926.11,sl 1926.15,-6.42,BT_A1_XAU_R1_PULLBACK_LONG_V2_M15_SESSION_09_15,1025742,XAUUSD,932200,125,2023.02.01 09:45:00,125,125,1926.46,0.01,A1_M5_MOM_R1_PULLBAC,2023.02.01 14:02:42,133,133,1922.94,0.01,4,sl 1922.96,-3.52,0.00,0.00,,false,-3.52,2,1,1,true,true,true,NATIVE_POSITION_RECONCILIATION_VALID
r1_h1_pullback_long_v1,r1_h1_pullback_long_v1,C:\Users\ZHAO ZHU INFORMATION\Downloads\algo-trading-system\xau-usd\xauusd-phase1\outputs\reports\mt5_backtests\a1_momentum_variants_owner_goal_r1_pullback_long_v2_session_exact_202207_202606_20260701\A1XauM5Momentum_OWNER_GOAL_R1_PULLBACK_LONG_V2_SESSION_EXACT_202207_202606_XAUUSD_M5_r1_pullback_long_v2_m15_session_09_15_trades.csv,65,r1_h1_pullback_long_v1::BT_A1_XAU_R1_PULLBACK_LONG_V2_M15_SESSION_09_15::1025742::XAUUSD::932200::126,LONG,2023-02-01 10:15:00,2023-02-01 14:02:40,-4.38,2023.02.01 10:15:00,126,1927.78,0.01,A1_M5_MOM_R1_PULLBAC,2023.02.01 14:02:40,131,1923.40,sl 1923.42,-4.38,BT_A1_XAU_R1_PULLBACK_LONG_V2_M15_SESSION_09_15,1025742,XAUUSD,932200,126,2023.02.01 10:15:00,126,126,1927.78,0.01,A1_M5_MOM_R1_PULLBAC,2023.02.01 14:02:40,131,131,1923.40,0.01,4,sl 1923.42,-4.38,0.00,0.00,,false,-4.38,2,1,1,true,false,false,NATIVE_POSITION_RECONCILIATION_VALID
r1_h1_pullback_long_v1,r1_h1_pullback_long_v1,C:\Users\ZHAO ZHU INFORMATION\Downloads\algo-trading-system\xau-usd\xauusd-phase1\outputs\reports\mt5_backtests\a1_momentum_variants_owner_goal_r1_pullback_long_v2_session_exact_202207_202606_20260701\A1XauM5Momentum_OWNER_GOAL_R1_PULLBACK_LONG_V2_SESSION_EXACT_202207_202606_XAUUSD_M5_r1_pullback_long_v2_m15_session_09_15_trades.csv,66,r1_h1_pullback_long_v1::BT_A1_XAU_R1_PULLBACK_LONG_V2_M15_SESSION_09_15::1025742::XAUUSD::932200::127,LONG,2023-02-01 10:30:00,2023-02-01 14:02:40,-6.36,2023.02.01 10:30:00,127,1929.74,0.01,A1_M5_MOM_R1_PULLBAC,2023.02.01 14:02:40,132,1923.38,sl 1923.39,-6.36,BT_A1_XAU_R1_PULLBACK_LONG_V2_M15_SESSION_09_15,1025742,XAUUSD,932200,127,2023.02.01 10:30:00,127,127,1929.74,0.01,A1_M5_MOM_R1_PULLBAC,2023.02.01 14:02:40,132,132,1923.38,0.01,4,sl 1923.39,-6.36,0.00,0.00,,false,-6.36,2,1,1,true,false,false,NATIVE_POSITION_RECONCILIATION_VALID
r1_h1_pullback_long_v1,r1_h1_pullback_long_v1,C:\Users\ZHAO ZHU INFORMATION\Downloads\algo-trading-system\xau-usd\xauusd-phase1\outputs\reports\mt5_backtests\a1_momentum_variants_owner_goal_r1_pullback_long_v2_session_exact_202207_202606_20260701\A1XauM5Momentum_OWNER_GOAL_R1_PULLBACK_LONG_V2_SESSION_EXACT_202207_202606_XAUUSD_M5_r1_pullback_long_v2_m15_session_09_15_trades.csv,67,r1_h1_pullback_long_v1::BT_A1_XAU_R1_PULLBACK_LONG_V2_M15_SESSION_09_15::1025742::XAUUSD::932200::129,LONG,2023-02-01 13:30:00,2023-02-01 14:02:42,-3.52,2023.02.01 13:30:00,129,1932.53,0.01,A1_M5_MOM_R1_PULLBAC,2023.02.01 14:02:42,133,1922.94,sl 1922.96,-3.52,BT_A1_XAU_R1_PULLBACK_LONG_V2_M15_SESSION_09_15,1025742,XAUUSD,932200,129,2023.02.01 13:30:00,129,129,1932.53,0.01,A1_M5_MOM_R1_PULLBAC,2023.02.01 14:00:31,130,130,1926.11,0.01,4,sl 1926.15,-6.42,0.00,0.00,,false,-6.42,2,1,1,true,true,true,NATIVE_POSITION_RECONCILIATION_VALID
r1_h1_pullback_long_v1,r1_h1_pullback_long_v1,C:\Users\ZHAO ZHU INFORMATION\Downloads\algo-trading-system\xau-usd\xauusd-phase1\outputs\reports\mt5_backtests\a1_momentum_variants_owner_goal_r1_pullback_long_v2_session_exact_202207_202606_20260701\A1XauM5Momentum_OWNER_GOAL_R1_PULLBACK_LONG_V2_SESSION_EXACT_202207_202606_XAUUSD_M5_r1_pullback_long_v2_m15_session_09_15_trades.csv,68,r1_h1_pullback_long_v1::BT_A1_XAU_R1_PULLBACK_LONG_V2_M15_SESSION_09_15::1025742::XAUUSD::932200::134,LONG,2023-02-01 14:30:00,2023-02-01 16:12:34,-6.5,2023.02.01 14:30:00,134,1928.46,0.01,A1_M5_MOM_R1_PULLBAC,2023.02.01 16:12:34,136,1921.96,sl 1921.99,-6.5,BT_A1_XAU_R1_PULLBACK_LONG_V2_M15_SESSION_09_15,1025742,XAUUSD,932200,134,2023.02.01 14:30:00,134,134,1928.46,0.01,A1_M5_MOM_R1_PULLBAC,2023.02.01 16:12:34,136,136,1921.96,0.01,4,sl 1921.99,-6.50,0.00,0.00,,false,-6.50,2,1,1,true,false,false,NATIVE_POSITION_RECONCILIATION_VALID
r1_h1_pullback_long_v1,r1_h1_pullback_long_v1,C:\Users\ZHAO ZHU INFORMATION\Downloads\algo-trading-system\xau-usd\xauusd-phase1\outputs\reports\mt5_backtests\a1_momentum_variants_owner_goal_r1_pullback_long_v2_session_exact_202207_202606_20260701\A1XauM5Momentum_OWNER_GOAL_R1_PULLBACK_LONG_V2_SESSION_EXACT_202207_202606_XAUUSD_M5_r1_pullback_long_v2_m15_session_09_15_trades.csv,69,r1_h1_pullback_long_v1::BT_A1_XAU_R1_PULLBACK_LONG_V2_M15_SESSION_09_15::1025742::XAUUSD::932200::135,LONG,2023-02-01 14:45:00,2023-02-01 16:12:34,-8.13,2023.02.01 14:45:00,135,1930.09,0.01,A1_M5_MOM_R1_PULLBAC,2023.02.01 16:12:34,137,1921.96,sl 1922.03,-8.13,BT_A1_XAU_R1_PULLBACK_LONG_V2_M15_SESSION_09_15,1025742,XAUUSD,932200,135,2023.02.01 14:45:00,135,135,1930.09,0.01,A1_M5_MOM_R1_PULLBAC,2023.02.01 16:12:34,137,137,1921.96,0.01,4,sl 1922.03,-8.13,0.00,0.00,,false,-8.13,2,1,1,true,false,false,NATIVE_POSITION_RECONCILIATION_VALID
h4_d1_long_best_box2_atr80,h4_d1_long_best_box2_atr80,C:\Users\ZHAO ZHU INFORMATION\Downloads\algo-trading-system\xau-usd\xauusd-phase1\outputs\reports\mt5_backtests\a1_momentum_variants_owner_goal_regime_router_v1_exact_202207_202606_20260701\A1XauM5Momentum_OWNER_GOAL_REGIME_ROUTER_V1_EXACT_202207_202606_XAUUSD_M5_router_v1_r1_long_box2_prevhealth_trades.csv,30,h4_d1_long_best_box2_atr80::BT_A1_XAU_ROUTER_V1_R1_LONG_BOX2_PREVHEALTH::1025742::XAUUSD::932200::53,LONG,2023-02-01 20:00:00,2023-02-15 07:05:02,-44.53,2023.02.01 20:00:00,53,1953.60,0.01,A1_M5_MOM_ROUTER_V1_,2023.02.15 07:05:02,59,1832.48,sl 1832.48,-44.53,BT_A1_XAU_ROUTER_V1_R1_LONG_BOX2_PREVHEALTH,1025742,XAUUSD,932200,53,2023.02.01 20:00:00,53,53,1953.60,0.01,A1_M5_MOM_ROUTER_V1_,2023.02.03 12:30:39,54,54,1900.84,0.01,4,sl 1900.92,-52.76,0.00,0.00,,false,-52.76,2,1,1,true,true,true,NATIVE_POSITION_RECONCILIATION_VALID
r2_pullback_rejection_short_v1,r2_pullback_rejection_short_v1,C:\Users\ZHAO ZHU INFORMATION\Downloads\algo-trading-system\xau-usd\xauusd-phase1\outputs\reports\mt5_backtests\a1_momentum_variants_owner_goal_r2_pullback_rejection_short_v2_repair_exact_202207_202606_20260701\A1XauM5Momentum_OWNER_GOAL_R2_PULLBACK_REJECTION_SHORT_V2_REPAIR_EXACT_202207_202606_XAUUSD_M5_r2_h1_m5_body58_hours05_18_trades.csv,30,r2_pullback_rejection_short_v1::BT_A1_XAU_R2_H1_M5_BODY58_HOURS05_18::1025742::XAUUSD::932200::58,SHORT,2023-02-27 09:00:00,2023-02-27 12:38:38,-6.05,2023.02.27 09:00:00,58,1808.48,0.01,A1_M5_MOM_R2_H1_M5_B,2023.02.27 12:38:38,59,1814.53,sl 1814.53,-6.05,BT_A1_XAU_R2_H1_M5_BODY58_HOURS05_18,1025742,XAUUSD,932200,58,2023.02.27 09:00:00,58,58,1808.48,0.01,A1_M5_MOM_R2_H1_M5_B,2023.02.27 12:38:38,59,59,1814.53,0.01,4,sl 1814.53,-6.05,0.00,0.00,,false,-6.05,2,1,1,true,false,false,NATIVE_POSITION_RECONCILIATION_VALID
r1_h1_pullback_long_v1,r1_h1_pullback_long_v1,C:\Users\ZHAO ZHU INFORMATION\Downloads\algo-trading-system\xau-usd\xauusd-phase1\outputs\reports\mt5_backtests\a1_momentum_variants_owner_goal_r1_pullback_long_v2_session_exact_202207_202606_20260701\A1XauM5Momentum_OWNER_GOAL_R1_PULLBACK_LONG_V2_SESSION_EXACT_202207_202606_XAUUSD_M5_r1_pullback_long_v2_m15_session_09_15_trades.csv,70,r1_h1_pullback_long_v1::BT_A1_XAU_R1_PULLBACK_LONG_V2_M15_SESSION_09_15::1025742::XAUUSD::932200::138,LONG,2023-03-16 09:00:00,2023-03-16 14:19:41,-9.08,2023.03.16 09:00:00,138,1921.99,0.01,A1_M5_MOM_R1_PULLBAC,2023.03.16 14:19:41,141,1917.98,sl 1918.09,-9.08,BT_A1_XAU_R1_PULLBACK_LONG_V2_M15_SESSION_09_15,1025742,XAUUSD,932200,138,2023.03.16 09:00:00,138,138,1921.99,0.01,A1_M5_MOM_R1_PULLBAC,2023.03.16 14:22:41,143,143,1915.77,0.01,4,sl 1915.77,-6.22,0.00,0.00,,false,-6.22,2,1,1,true,true,true,NATIVE_POSITION_RECONCILIATION_VALID
r1_h1_pullback_long_v1,r1_h1_pullback_long_v1,C:\Users\ZHAO ZHU INFORMATION\Downloads\algo-trading-system\xau-usd\xauusd-phase1\outputs\reports\mt5_backtests\a1_momentum_variants_owner_goal_r1_pullback_long_v2_session_exact_202207_202606_20260701\A1XauM5Momentum_OWNER_GOAL_R1_PULLBACK_LONG_V2_SESSION_EXACT_202207_202606_XAUUSD_M5_r1_pullback_long_v2_m15_session_09_15_trades.csv,71,r1_h1_pullback_long_v1::BT_A1_XAU_R1_PULLBACK_LONG_V2_M15_SESSION_09_15::1025742::XAUUSD::932200::139,LONG,2023-03-16 10:00:00,2023-03-16 14:21:36,-5.79,2023.03.16 10:00:00,139,1922.78,0.01,A1_M5_MOM_R1_PULLBAC,2023.03.16 14:21:36,142,1916.99,sl 1916.99,-5.79,BT_A1_XAU_R1_PULLBACK_LONG_V2_M15_SESSION_09_15,1025742,XAUUSD,932200,139,2023.03.16 10:00:00,139,139,1922.78,0.01,A1_M5_MOM_R1_PULLBAC,2023.03.16 14:21:36,142,142,1916.99,0.01,4,sl 1916.99,-5.79,0.00,0.00,,false,-5.79,2,1,1,true,false,false,NATIVE_POSITION_RECONCILIATION_VALID
r1_h1_pullback_long_v1,r1_h1_pullback_long_v1,C:\Users\ZHAO ZHU INFORMATION\Downloads\algo-trading-system\xau-usd\xauusd-phase1\outputs\reports\mt5_backtests\a1_momentum_variants_owner_goal_r1_pullback_long_v2_session_exact_202207_202606_20260701\A1XauM5Momentum_OWNER_GOAL_R1_PULLBACK_LONG_V2_SESSION_EXACT_202207_202606_XAUUSD_M5_r1_pullback_long_v2_m15_session_09_15_trades.csv,72,r1_h1_pullback_long_v1::BT_A1_XAU_R1_PULLBACK_LONG_V2_M15_SESSION_09_15::1025742::XAUUSD::932200::140,LONG,2023-03-16 11:00:00,2023-03-16 14:22:41,-6.22,2023.03.16 11:00:00,140,1927.06,0.01,A1_M5_MOM_R1_PULLBAC,2023.03.16 14:22:41,143,1915.77,sl 1915.77,-6.22,BT_A1_XAU_R1_PULLBACK_LONG_V2_M15_SESSION_09_15,1025742,XAUUSD,932200,140,2023.03.16 11:00:00,140,140,1927.06,0.01,A1_M5_MOM_R1_PULLBAC,2023.03.16 14:19:41,141,141,1917.98,0.01,4,sl 1918.09,-9.08,0.00,0.00,,false,-9.08,2,1,1,true,true,true,NATIVE_POSITION_RECONCILIATION_VALID
r1_h1_pullback_long_v1,r1_h1_pullback_long_v1,C:\Users\ZHAO ZHU INFORMATION\Downloads\algo-trading-system\xau-usd\xauusd-phase1\outputs\reports\mt5_backtests\a1_momentum_variants_owner_goal_r1_pullback_long_v2_session_exact_202207_202606_20260701\A1XauM5Momentum_OWNER_GOAL_R1_PULLBACK_LONG_V2_SESSION_EXACT_202207_202606_XAUUSD_M5_r1_pullback_long_v2_m15_session_09_15_trades.csv,73,r1_h1_pullback_long_v1::BT_A1_XAU_R1_PULLBACK_LONG_V2_M15_SESSION_09_15::1025742::XAUUSD::932200::144,LONG,2023-03-31 10:30:00,2023-03-31 12:22:39,-4.53,2023.03.31 10:30:00,144,1978.96,0.01,A1_M5_MOM_R1_PULLBAC,2023.03.31 12:22:39,148,1976.50,sl 1976.50,-4.53,BT_A1_XAU_R1_PULLBACK_LONG_V2_M15_SESSION_09_15,1025742,XAUUSD,932200,144,2023.03.31 10:30:00,144,144,1978.96,0.01,A1_M5_MOM_R1_PULLBAC,2023.03.31 17:16:27,151,151,1974.56,0.01,4,sl 1974.61,-4.40,0.00,0.00,,false,-4.40,2,1,1,true,true,true,NATIVE_POSITION_RECONCILIATION_VALID
r1_h1_pullback_long_v1,r1_h1_pullback_long_v1,C:\Users\ZHAO ZHU INFORMATION\Downloads\algo-trading-system\xau-usd\xauusd-phase1\outputs\reports\mt5_backtests\a1_momentum_variants_owner_goal_r1_pullback_long_v2_session_exact_202207_202606_20260701\A1XauM5Momentum_OWNER_GOAL_R1_PULLBACK_LONG_V2_SESSION_EXACT_202207_202606_XAUUSD_M5_r1_pullback_long_v2_m15_session_09_15_trades.csv,74,r1_h1_pullback_long_v1::BT_A1_XAU_R1_PULLBACK_LONG_V2_M15_SESSION_09_15::1025742::XAUUSD::932200::145,LONG,2023-03-31 10:45:00,2023-03-31 12:22:39,-5.38,2023.03.31 10:45:00,145,1980.75,0.01,A1_M5_MOM_R1_PULLBAC,2023.03.31 12:22:39,149,1976.50,sl 1976.52,-5.38,BT_A1_XAU_R1_PULLBACK_LONG_V2_M15_SESSION_09_15,1025742,XAUUSD,932200,145,2023.03.31 10:45:00,145,145,1980.75,0.01,A1_M5_MOM_R1_PULLBAC,2023.03.31 12:22:40,150,150,1976.40,0.01,4,sl 1976.42,-4.35,0.00,0.00,,false,-4.35,2,1,1,true,true,true,NATIVE_POSITION_RECONCILIATION_VALID
r1_h1_pullback_long_v1,r1_h1_pullback_long_v1,C:\Users\ZHAO ZHU INFORMATION\Downloads\algo-trading-system\xau-usd\xauusd-phase1\outputs\reports\mt5_backtests\a1_momentum_variants_owner_goal_r1_pullback_long_v2_session_exact_202207_202606_20260701\A1XauM5Momentum_OWNER_GOAL_R1_PULLBACK_LONG_V2_SESSION_EXACT_202207_202606_XAUUSD_M5_r1_pullback_long_v2_m15_session_09_15_trades.csv,75,r1_h1_pullback_long_v1::BT_A1_XAU_R1_PULLBACK_LONG_V2_M15_SESSION_09_15::1025742::XAUUSD::932200::146,LONG,2023-03-31 11:15:00,2023-03-31 12:22:40,-4.35,2023.03.31 11:15:00,146,1981.03,0.01,A1_M5_MOM_R1_PULLBAC,2023.03.31 12:22:40,150,1976.40,sl 1976.42,-4.35,BT_A1_XAU_R1_PULLBACK_LONG_V2_M15_SESSION_09_15,1025742,XAUUSD,932200,146,2023.03.31 11:15:00,146,146,1981.03,0.01,A1_M5_MOM_R1_PULLBAC,2023.03.31 12:22:39,148,148,1976.50,0.01,4,sl 1976.50,-4.53,0.00,0.00,,false,-4.53,2,1,1,true,true,true,NATIVE_POSITION_RECONCILIATION_VALID
r1_h1_pullback_long_v1,r1_h1_pullback_long_v1,C:\Users\ZHAO ZHU INFORMATION\Downloads\algo-trading-system\xau-usd\xauusd-phase1\outputs\reports\mt5_backtests\a1_momentum_variants_owner_goal_r1_pullback_long_v2_session_exact_202207_202606_20260701\A1XauM5Momentum_OWNER_GOAL_R1_PULLBACK_LONG_V2_SESSION_EXACT_202207_202606_XAUUSD_M5_r1_pullback_long_v2_m15_session_09_15_trades.csv,76,r1_h1_pullback_long_v1::BT_A1_XAU_R1_PULLBACK_LONG_V2_M15_SESSION_09_15::1025742::XAUUSD::932200::147,LONG,2023-03-31 11:30:00,2023-03-31 17:16:27,-4.4,2023.03.31 11:30:00,147,1981.88,0.01,A1_M5_MOM_R1_PULLBAC,2023.03.31 17:16:27,151,1974.56,sl 1974.61,-4.4,BT_A1_XAU_R1_PULLBACK_LONG_V2_M15_SESSION_09_15,1025742,XAUUSD,932200,147,2023.03.31 11:30:00,147,147,1981.88,0.01,A1_M5_MOM_R1_PULLBAC,2023.03.31 12:22:39,149,149,1976.50,0.01,4,sl 1976.52,-5.38,0.00,0.00,,false,-5.38,2,1,1,true,true,true,NATIVE_POSITION_RECONCILIATION_VALID
r1_h1_pullback_long_v1,r1_h1_pullback_long_v1,C:\Users\ZHAO ZHU INFORMATION\Downloads\algo-trading-system\xau-usd\xauusd-phase1\outputs\reports\mt5_backtests\a1_momentum_variants_owner_goal_r1_pullback_long_v2_session_exact_202207_202606_20260701\A1XauM5Momentum_OWNER_GOAL_R1_PULLBACK_LONG_V2_SESSION_EXACT_202207_202606_XAUUSD_M5_r1_pullback_long_v2_m15_session_09_15_trades.csv,77,r1_h1_pullback_long_v1::BT_A1_XAU_R1_PULLBACK_LONG_V2_M15_SESSION_09_15::1025742::XAUUSD::932200::152,LONG,2023-04-04 09:15:00,2023-04-04 11:17:37,-4.35,2023.04.04 09:15:00,152,1982.54,0.01,A1_M5_MOM_R1_PULLBAC,2023.04.04 11:17:37,154,1979.73,sl 1979.74,-4.35,BT_A1_XAU_R1_PULLBACK_LONG_V2_M15_SESSION_09_15,1025742,XAUUSD,932200,152,2023.04.04 09:15:00,152,152,1982.54,0.01,A1_M5_MOM_R1_PULLBAC,2023.04.04 11:25:13,155,155,1978.94,0.01,4,sl 1978.94,-3.60,0.00,0.00,,false,-3.60,2,1,1,true,true,true,NATIVE_POSITION_RECONCILIATION_VALID
r1_h1_pullback_long_v1,r1_h1_pullback_long_v1,C:\Users\ZHAO ZHU INFORMATION\Downloads\algo-trading-system\xau-usd\xauusd-phase1\outputs\reports\mt5_backtests\a1_momentum_variants_owner_goal_r1_pullback_long_v2_session_exact_202207_202606_20260701\A1XauM5Momentum_OWNER_GOAL_R1_PULLBACK_LONG_V2_SESSION_EXACT_202207_202606_XAUUSD_M5_r1_pullback_long_v2_m15_session_09_15_trades.csv,78,r1_h1_pullback_long_v1::BT_A1_XAU_R1_PULLBACK_LONG_V2_M15_SESSION_09_15::1025742::XAUUSD::932200::153,LONG,2023-04-04 10:30:00,2023-04-04 11:25:13,-3.6,2023.04.04 10:30:00,153,1984.08,0.01,A1_M5_MOM_R1_PULLBAC,2023.04.04 11:25:13,155,1978.94,sl 1978.94,-3.6,BT_A1_XAU_R1_PULLBACK_LONG_V2_M15_SESSION_09_15,1025742,XAUUSD,932200,153,2023.04.04 10:30:00,153,153,1984.08,0.01,A1_M5_MOM_R1_PULLBAC,2023.04.04 11:17:37,154,154,1979.73,0.01,4,sl 1979.74,-4.35,0.00,0.00,,false,-4.35,2,1,1,true,true,true,NATIVE_POSITION_RECONCILIATION_VALID
r1_h1_pullback_long_v1,r1_h1_pullback_long_v1,C:\Users\ZHAO ZHU INFORMATION\Downloads\algo-trading-system\xau-usd\xauusd-phase1\outputs\reports\mt5_backtests\a1_momentum_variants_owner_goal_r1_pullback_long_v2_session_exact_202207_202606_20260701\A1XauM5Momentum_OWNER_GOAL_R1_PULLBACK_LONG_V2_SESSION_EXACT_202207_202606_XAUUSD_M5_r1_pullback_long_v2_m15_session_09_15_trades.csv,79,r1_h1_pullback_long_v1::BT_A1_XAU_R1_PULLBACK_LONG_V2_M15_SESSION_09_15::1025742::XAUUSD::932200::156,LONG,2023-04-04 11:45:00,2023-04-04 13:32:28,7.27,2023.04.04 11:45:00,156,1981.68,0.01,A1_M5_MOM_R1_PULLBAC,2023.04.04 13:32:28,161,1988.95,tp 1988.95,7.27,BT_A1_XAU_R1_PULLBACK_LONG_V2_M15_SESSION_09_15,1025742,XAUUSD,932200,156,2023.04.04 11:45:00,156,156,1981.68,0.01,A1_M5_MOM_R1_PULLBAC,2023.04.04 13:32:28,161,161,1988.95,0.01,5,tp 1988.95,7.27,0.00,0.00,,false,7.27,2,1,1,true,false,false,NATIVE_POSITION_RECONCILIATION_VALID
r1_h1_pullback_long_v1,r1_h1_pullback_long_v1,C:\Users\ZHAO ZHU INFORMATION\Downloads\algo-trading-system\xau-usd\xauusd-phase1\outputs\reports\mt5_backtests\a1_momentum_variants_owner_goal_r1_pullback_long_v2_session_exact_202207_202606_20260701\A1XauM5Momentum_OWNER_GOAL_R1_PULLBACK_LONG_V2_SESSION_EXACT_202207_202606_XAUUSD_M5_r1_pullback_long_v2_m15_session_09_15_trades.csv,80,r1_h1_pullback_long_v1::BT_A1_XAU_R1_PULLBACK_LONG_V2_M15_SESSION_09_15::1025742::XAUUSD::932200::157,LONG,2023-04-04 12:15:00,2023-04-04 14:00:26,10.59,2023.04.04 12:15:00,157,1984.33,0.01,A1_M5_MOM_R1_PULLBAC,2023.04.04 14:00:26,162,1996.47,tp 1996.47,10.59,BT_A1_XAU_R1_PULLBACK_LONG_V2_M15_SESSION_09_15,1025742,XAUUSD,932200,157,2023.04.04 12:15:00,157,157,1984.33,0.01,A1_M5_MOM_R1_PULLBAC,2023.04.04 14:00:28,163,163,1996.93,0.01,5,tp 1996.92,12.60,0.00,0.00,,false,12.60,2,1,1,true,true,true,NATIVE_POSITION_RECONCILIATION_VALID
r1_h1_pullback_long_v1,r1_h1_pullback_long_v1,C:\Users\ZHAO ZHU INFORMATION\Downloads\algo-trading-system\xau-usd\xauusd-phase1\outputs\reports\mt5_backtests\a1_momentum_variants_owner_goal_r1_pullback_long_v2_session_exact_202207_202606_20260701\A1XauM5Momentum_OWNER_GOAL_R1_PULLBACK_LONG_V2_SESSION_EXACT_202207_202606_XAUUSD_M5_r1_pullback_long_v2_m15_session_09_15_trades.csv,81,r1_h1_pullback_long_v1::BT_A1_XAU_R1_PULLBACK_LONG_V2_M15_SESSION_09_15::1025742::XAUUSD::932200::158,LONG,2023-04-04 12:45:00,2023-04-04 14:00:28,12.6,2023.04.04 12:45:00,158,1984.59,0.01,A1_M5_MOM_R1_PULLBAC,2023.04.04 14:00:28,163,1996.93,tp 1996.92,12.6,BT_A1_XAU_R1_PULLBACK_LONG_V2_M15_SESSION_09_15,1025742,XAUUSD,932200,158,2023.04.04 12:45:00,158,158,1984.59,0.01,A1_M5_MOM_R1_PULLBAC,2023.04.04 14:00:38,164,164,1997.94,0.01,5,tp 1997.91,13.35,0.00,0.00,,false,13.35,2,1,1,true,true,true,NATIVE_POSITION_RECONCILIATION_VALID
r1_h1_pullback_long_v1,r1_h1_pullback_long_v1,C:\Users\ZHAO ZHU INFORMATION\Downloads\algo-trading-system\xau-usd\xauusd-phase1\outputs\reports\mt5_backtests\a1_momentum_variants_owner_goal_r1_pullback_long_v2_session_exact_202207_202606_20260701\A1XauM5Momentum_OWNER_GOAL_R1_PULLBACK_LONG_V2_SESSION_EXACT_202207_202606_XAUUSD_M5_r1_pullback_long_v2_m15_session_09_15_trades.csv,82,r1_h1_pullback_long_v1::BT_A1_XAU_R1_PULLBACK_LONG_V2_M15_SESSION_09_15::1025742::XAUUSD::932200::159,LONG,2023-04-04 13:15:00,2023-04-04 14:00:38,13.35,2023.04.04 13:15:00,159,1985.88,0.01,A1_M5_MOM_R1_PULLBAC,2023.04.04 14:00:38,164,1997.94,tp 1997.91,13.35,BT_A1_XAU_R1_PULLBACK_LONG_V2_M15_SESSION_09_15,1025742,XAUUSD,932200,159,2023.04.04 13:15:00,159,159,1985.88,0.01,A1_M5_MOM_R1_PULLBAC,2023.04.04 14:00:26,162,162,1996.47,0.01,5,tp 1996.47,10.59,0.00,0.00,,false,10.59,2,1,1,true,true,true,NATIVE_POSITION_RECONCILIATION_VALID
r1_h1_pullback_long_v1,r1_h1_pullback_long_v1,C:\Users\ZHAO ZHU INFORMATION\Downloads\algo-trading-system\xau-usd\xauusd-phase1\outputs\reports\mt5_backtests\a1_momentum_variants_owner_goal_r1_pullback_long_v2_session_exact_202207_202606_20260701\A1XauM5Momentum_OWNER_GOAL_R1_PULLBACK_LONG_V2_SESSION_EXACT_202207_202606_XAUUSD_M5_r1_pullback_long_v2_m15_session_09_15_trades.csv,83,r1_h1_pullback_long_v1::BT_A1_XAU_R1_PULLBACK_LONG_V2_M15_SESSION_09_15::1025742::XAUUSD::932200::160,LONG,2023-04-04 13:30:00,2023-04-04 14:03:20,13.05,2023.04.04 13:30:00,160,1987.41,0.01,A1_M5_MOM_R1_PULLBAC,2023.04.04 14:03:20,165,2000.46,tp 2000.46,13.05,BT_A1_XAU_R1_PULLBACK_LONG_V2_M15_SESSION_09_15,1025742,XAUUSD,932200,160,2023.04.04 13:30:00,160,160,1987.41,0.01,A1_M5_MOM_R1_PULLBAC,2023.04.04 14:03:20,165,165,2000.46,0.01,5,tp 2000.46,13.05,0.00,0.00,,false,13.05,2,1,1,true,false,false,NATIVE_POSITION_RECONCILIATION_VALID
r1_h1_pullback_long_v1,r1_h1_pullback_long_v1,C:\Users\ZHAO ZHU INFORMATION\Downloads\algo-trading-system\xau-usd\xauusd-phase1\outputs\reports\mt5_backtests\a1_momentum_variants_owner_goal_r1_pullback_long_v2_session_exact_202207_202606_20260701\A1XauM5Momentum_OWNER_GOAL_R1_PULLBACK_LONG_V2_SESSION_EXACT_202207_202606_XAUUSD_M5_r1_pullback_long_v2_m15_session_09_15_trades.csv,84,r1_h1_pullback_long_v1::BT_A1_XAU_R1_PULLBACK_LONG_V2_M15_SESSION_09_15::1025742::XAUUSD::932200::166,LONG,2023-04-06 11:00:00,2023-04-06 12:20:30,-3.58,2023.04.06 11:00:00,166,2020.40,0.01,A1_M5_MOM_R1_PULLBAC,2023.04.06 12:20:30,167,2016.82,sl 2016.82,-3.58,BT_A1_XAU_R1_PULLBACK_LONG_V2_M15_SESSION_09_15,1025742,XAUUSD,932200,166,2023.04.06 11:00:00,166,166,2020.40,0.01,A1_M5_MOM_R1_PULLBAC,2023.04.06 12:20:30,167,167,2016.82,0.01,4,sl 2016.82,-3.58,0.00,0.00,,false,-3.58,2,1,1,true,false,false,NATIVE_POSITION_RECONCILIATION_VALID
h4_d1_long_best_box2_atr80,h4_d1_long_best_box2_atr80,C:\Users\ZHAO ZHU INFORMATION\Downloads\algo-trading-system\xau-usd\xauusd-phase1\outputs\reports\mt5_backtests\a1_momentum_variants_owner_goal_regime_router_v1_exact_202207_202606_20260701\A1XauM5Momentum_OWNER_GOAL_REGIME_ROUTER_V1_EXACT_202207_202606_XAUUSD_M5_router_v1_r1_long_box2_prevhealth_trades.csv,31,h4_d1_long_best_box2_atr80::BT_A1_XAU_ROUTER_V1_R1_LONG_BOX2_PREVHEALTH::1025742::XAUUSD::932200::60,LONG,2023-04-12 04:00:00,2023-04-17 14:46:41,-31.97,2023.04.12 04:00:00,60,2017.29,0.01,A1_M5_MOM_ROUTER_V1_,2023.04.17 14:46:41,62,1981.88,sl 1981.89,-31.97,BT_A1_XAU_ROUTER_V1_R1_LONG_BOX2_PREVHEALTH,1025742,XAUUSD,932200,60,2023.04.12 04:00:00,60,60,2017.29,0.01,A1_M5_MOM_ROUTER_V1_,2023.04.17 14:46:41,63,63,1981.77,0.01,4,sl 1981.79,-35.52,0.00,0.00,,false,-35.52,2,1,1,true,true,true,NATIVE_POSITION_RECONCILIATION_VALID
h4_d1_long_best_box2_atr80,h4_d1_long_best_box2_atr80,C:\Users\ZHAO ZHU INFORMATION\Downloads\algo-trading-system\xau-usd\xauusd-phase1\outputs\reports\mt5_backtests\a1_momentum_variants_owner_goal_regime_router_v1_exact_202207_202606_20260701\A1XauM5Momentum_OWNER_GOAL_REGIME_ROUTER_V1_EXACT_202207_202606_XAUUSD_M5_router_v1_r1_long_box2_prevhealth_trades.csv,32,h4_d1_long_best_box2_atr80::BT_A1_XAU_ROUTER_V1_R1_LONG_BOX2_PREVHEALTH::1025742::XAUUSD::932200::61,LONG,2023-04-12 20:00:00,2023-04-17 14:46:41,-35.52,2023.04.12 20:00:00,61,2013.85,0.01,A1_M5_MOM_ROUTER_V1_,2023.04.17 14:46:41,63,1981.77,sl 1981.79,-35.52,BT_A1_XAU_ROUTER_V1_R1_LONG_BOX2_PREVHEALTH,1025742,XAUUSD,932200,61,2023.04.12 20:00:00,61,61,2013.85,0.01,A1_M5_MOM_ROUTER_V1_,2023.04.17 14:46:41,62,62,1981.88,0.01,4,sl 1981.89,-31.97,0.00,0.00,,false,-31.97,2,1,1,true,true,true,NATIVE_POSITION_RECONCILIATION_VALID
r1_h1_pullback_long_v1,r1_h1_pullback_long_v1,C:\Users\ZHAO ZHU INFORMATION\Downloads\algo-trading-system\xau-usd\xauusd-phase1\outputs\reports\mt5_backtests\a1_momentum_variants_owner_goal_r1_pullback_long_v2_session_exact_202207_202606_20260701\A1XauM5Momentum_OWNER_GOAL_R1_PULLBACK_LONG_V2_SESSION_EXACT_202207_202606_XAUUSD_M5_r1_pullback_long_v2_m15_session_09_15_trades.csv,85,r1_h1_pullback_long_v1::BT_A1_XAU_R1_PULLBACK_LONG_V2_M15_SESSION_09_15::1025742::XAUUSD::932200::168,LONG,2023-04-14 10:00:00,2023-04-14 11:11:28,-8.96,2023.04.14 10:00:00,168,2038.76,0.01,A1_M5_MOM_R1_PULLBAC,2023.04.14 11:11:28,170,2032.73,sl 2032.73,-8.96,BT_A1_XAU_R1_PULLBACK_LONG_V2_M15_SESSION_09_15,1025742,XAUUSD,932200,168,2023.04.14 10:00:00,168,168,2038.76,0.01,A1_M5_MOM_R1_PULLBAC,2023.04.14 12:32:42,171,171,2031.27,0.01,4,sl 2031.27,-7.49,0.00,0.00,,false,-7.49,2,1,1,true,true,true,NATIVE_POSITION_RECONCILIATION_VALID
r1_h1_pullback_long_v1,r1_h1_pullback_long_v1,C:\Users\ZHAO ZHU INFORMATION\Downloads\algo-trading-system\xau-usd\xauusd-phase1\outputs\reports\mt5_backtests\a1_momentum_variants_owner_goal_r1_pullback_long_v2_session_exact_202207_202606_20260701\A1XauM5Momentum_OWNER_GOAL_R1_PULLBACK_LONG_V2_SESSION_EXACT_202207_202606_XAUUSD_M5_r1_pullback_long_v2_m15_session_09_15_trades.csv,86,r1_h1_pullback_long_v1::BT_A1_XAU_R1_PULLBACK_LONG_V2_M15_SESSION_09_15::1025742::XAUUSD::932200::169,LONG,2023-04-14 10:15:00,2023-04-14 12:32:42,-7.49,2023.04.14 10:15:00,169,2041.69,0.01,A1_M5_MOM_R1_PULLBAC,2023.04.14 12:32:42,171,2031.27,sl 2031.27,-7.49,BT_A1_XAU_R1_PULLBACK_LONG_V2_M15_SESSION_09_15,1025742,XAUUSD,932200,169,2023.04.14 10:15:00,169,169,2041.69,0.01,A1_M5_MOM_R1_PULLBAC,2023.04.14 11:11:28,170,170,2032.73,0.01,4,sl 2032.73,-8.96,0.00,0.00,,false,-8.96,2,1,1,true,true,true,NATIVE_POSITION_RECONCILIATION_VALID
r1_h1_pullback_long_v1,r1_h1_pullback_long_v1,C:\Users\ZHAO ZHU INFORMATION\Downloads\algo-trading-system\xau-usd\xauusd-phase1\outputs\reports\mt5_backtests\a1_momentum_variants_owner_goal_r1_pullback_long_v2_session_exact_202207_202606_20260701\A1XauM5Momentum_OWNER_GOAL_R1_PULLBACK_LONG_V2_SESSION_EXACT_202207_202606_XAUUSD_M5_r1_pullback_long_v2_m15_session_09_15_trades.csv,87,r1_h1_pullback_long_v1::BT_A1_XAU_R1_PULLBACK_LONG_V2_M15_SESSION_09_15::1025742::XAUUSD::932200::172,LONG,2023-05-04 11:15:00,2023-05-04 12:31:43,-7.28,2023.05.04 11:15:00,172,2043.25,0.01,A1_M5_MOM_R1_PULLBAC,2023.05.04 12:31:43,173,2035.97,sl 2035.99,-7.28,BT_A1_XAU_R1_PULLBACK_LONG_V2_M15_SESSION_09_15,1025742,XAUUSD,932200,172,2023.05.04 11:15:00,172,172,2043.25,0.01,A1_M5_MOM_R1_PULLBAC,2023.05.04 12:31:43,173,173,2035.97,0.01,4,sl 2035.99,-7.28,0.00,0.00,,false,-7.28,2,1,1,true,false,false,NATIVE_POSITION_RECONCILIATION_VALID
r1_h1_pullback_long_v1,r1_h1_pullback_long_v1,C:\Users\ZHAO ZHU INFORMATION\Downloads\algo-trading-system\xau-usd\xauusd-phase1\outputs\reports\mt5_backtests\a1_momentum_variants_owner_goal_r1_pullback_long_v2_session_exact_202207_202606_20260701\A1XauM5Momentum_OWNER_GOAL_R1_PULLBACK_LONG_V2_SESSION_EXACT_202207_202606_XAUUSD_M5_r1_pullback_long_v2_m15_session_09_15_trades.csv,88,r1_h1_pullback_long_v1::BT_A1_XAU_R1_PULLBACK_LONG_V2_M15_SESSION_09_15::1025742::XAUUSD::932200::174,LONG,2023-05-04 13:45:00,2023-05-05 12:30:19,-13.3,2023.05.04 13:45:00,174,2040.84,0.01,A1_M5_MOM_R1_PULLBAC,2023.05.05 12:30:19,176,2031.10,sl 2031.12,-13.3,BT_A1_XAU_R1_PULLBACK_LONG_V2_M15_SESSION_09_15,1025742,XAUUSD,932200,174,2023.05.04 13:45:00,174,174,2040.84,0.01,A1_M5_MOM_R1_PULLBAC,2023.05.05 12:30:19,177,177,2031.00,0.01,4,sl 2031.07,-9.84,0.00,0.00,,false,-9.84,2,1,1,true,true,true,NATIVE_POSITION_RECONCILIATION_VALID
r1_h1_pullback_long_v1,r1_h1_pullback_long_v1,C:\Users\ZHAO ZHU INFORMATION\Downloads\algo-trading-system\xau-usd\xauusd-phase1\outputs\reports\mt5_backtests\a1_momentum_variants_owner_goal_r1_pullback_long_v2_session_exact_202207_202606_20260701\A1XauM5Momentum_OWNER_GOAL_R1_PULLBACK_LONG_V2_SESSION_EXACT_202207_202606_XAUUSD_M5_r1_pullback_long_v2_m15_session_09_15_trades.csv,89,r1_h1_pullback_long_v1::BT_A1_XAU_R1_PULLBACK_LONG_V2_M15_SESSION_09_15::1025742::XAUUSD::932200::175,LONG,2023-05-04 14:00:00,2023-05-05 12:30:19,-9.84,2023.05.04 14:00:00,175,2044.40,0.01,A1_M5_MOM_R1_PULLBAC,2023.05.05 12:30:19,177,2031.00,sl 2031.07,-9.84,BT_A1_XAU_R1_PULLBACK_LONG_V2_M15_SESSION_09_15,1025742,XAUUSD,932200,175,2023.05.04 14:00:00,175,175,2044.40,0.01,A1_M5_MOM_R1_PULLBAC,2023.05.05 12:30:19,176,176,2031.10,0.01,4,sl 2031.12,-13.30,0.00,0.00,,false,-13.30,2,1,1,true,true,true,NATIVE_POSITION_RECONCILIATION_VALID
r1_h1_pullback_long_v1,r1_h1_pullback_long_v1,C:\Users\ZHAO ZHU INFORMATION\Downloads\algo-trading-system\xau-usd\xauusd-phase1\outputs\reports\mt5_backtests\a1_momentum_variants_owner_goal_r1_pullback_long_v2_session_exact_202207_202606_20260701\A1XauM5Momentum_OWNER_GOAL_R1_PULLBACK_LONG_V2_SESSION_EXACT_202207_202606_XAUUSD_M5_r1_pullback_long_v2_m15_session_09_15_trades.csv,90,r1_h1_pullback_long_v1::BT_A1_XAU_R1_PULLBACK_LONG_V2_M15_SESSION_09_15::1025742::XAUUSD::932200::178,LONG,2023-05-09 13:45:00,2023-05-10 00:05:37,10.19,2023.05.09 13:45:00,178,2027.51,0.01,A1_M5_MOM_R1_PULLBAC,2023.05.10 00:05:37,180,2037.70,tp 2037.69,10.19,BT_A1_XAU_R1_PULLBACK_LONG_V2_M15_SESSION_09_15,1025742,XAUUSD,932200,178,2023.05.09 13:45:00,178,178,2027.51,0.01,A1_M5_MOM_R1_PULLBAC,2023.05.10 00:05:37,180,180,2037.70,0.01,5,tp 2037.69,10.19,0.00,0.00,,false,10.19,2,1,1,true,false,false,NATIVE_POSITION_RECONCILIATION_VALID
r1_h1_pullback_long_v1,r1_h1_pullback_long_v1,C:\Users\ZHAO ZHU INFORMATION\Downloads\algo-trading-system\xau-usd\xauusd-phase1\outputs\reports\mt5_backtests\a1_momentum_variants_owner_goal_r1_pullback_long_v2_session_exact_202207_202606_20260701\A1XauM5Momentum_OWNER_GOAL_R1_PULLBACK_LONG_V2_SESSION_EXACT_202207_202606_XAUUSD_M5_r1_pullback_long_v2_m15_session_09_15_trades.csv,91,r1_h1_pullback_long_v1::BT_A1_XAU_R1_PULLBACK_LONG_V2_M15_SESSION_09_15::1025742::XAUUSD::932200::179,LONG,2023-05-09 14:00:00,2023-05-10 12:40:29,15.99,2023.05.09 14:00:00,179,2030.40,0.01,A1_M5_MOM_R1_PULLBAC,2023.05.10 12:40:29,181,2046.39,tp 2046.38,15.99,BT_A1_XAU_R1_PULLBACK_LONG_V2_M15_SESSION_09_15,1025742,XAUUSD,932200,179,2023.05.09 14:00:00,179,179,2030.40,0.01,A1_M5_MOM_R1_PULLBAC,2023.05.10 12:40:29,181,181,2046.39,0.01,5,tp 2046.38,15.99,0.00,0.00,,false,15.99,2,1,1,true,false,false,NATIVE_POSITION_RECONCILIATION_VALID
r1_h1_pullback_long_v1,r1_h1_pullback_long_v1,C:\Users\ZHAO ZHU INFORMATION\Downloads\algo-trading-system\xau-usd\xauusd-phase1\outputs\reports\mt5_backtests\a1_momentum_variants_owner_goal_r1_pullback_long_v2_session_exact_202207_202606_20260701\A1XauM5Momentum_OWNER_GOAL_R1_PULLBACK_LONG_V2_SESSION_EXACT_202207_202606_XAUUSD_M5_r1_pullback_long_v2_m15_session_09_15_trades.csv,92,r1_h1_pullback_long_v1::BT_A1_XAU_R1_PULLBACK_LONG_V2_M15_SESSION_09_15::1025742::XAUUSD::932200::182,LONG,2023-05-11 13:00:00,2023-05-11 13:21:29,-9.89,2023.05.11 13:00:00,182,2037.52,0.01,A1_M5_MOM_R1_PULLBAC,2023.05.11 13:21:29,183,2027.63,sl 2027.66,-9.89,BT_A1_XAU_R1_PULLBACK_LONG_V2_M15_SESSION_09_15,1025742,XAUUSD,932200,182,2023.05.11 13:00:00,182,182,2037.52,0.01,A1_M5_MOM_R1_PULLBAC,2023.05.11 13:21:29,183,183,2027.63,0.01,4,sl 2027.66,-9.89,0.00,0.00,,false,-9.89,2,1,1,true,false,false,NATIVE_POSITION_RECONCILIATION_VALID
r2_pullback_rejection_short_v1,r2_pullback_rejection_short_v1,C:\Users\ZHAO ZHU INFORMATION\Downloads\algo-trading-system\xau-usd\xauusd-phase1\outputs\reports\mt5_backtests\a1_momentum_variants_owner_goal_r2_pullback_rejection_short_v2_repair_exact_202207_202606_20260701\A1XauM5Momentum_OWNER_GOAL_R2_PULLBACK_REJECTION_SHORT_V2_REPAIR_EXACT_202207_202606_XAUUSD_M5_r2_h1_m5_body58_hours05_18_trades.csv,31,r2_pullback_rejection_short_v1::BT_A1_XAU_R2_H1_M5_BODY58_HOURS05_18::1025742::XAUUSD::932200::60,SHORT,2023-06-20 13:00:00,2023-06-21 12:36:30,8.76,2023.06.20 13:00:00,60,1944.68,0.01,A1_M5_MOM_R2_H1_M5_B,2023.06.21 12:36:30,63,1927.02,tp 1927.03,8.76,BT_A1_XAU_R2_H1_M5_BODY58_HOURS05_18,1025742,XAUUSD,932200,60,2023.06.20 13:00:00,60,60,1944.68,0.01,A1_M5_MOM_R2_H1_M5_B,2023.06.21 13:37:41,65,65,1922.96,0.01,5,tp 1922.99,21.72,0.00,0.00,,false,21.72,2,1,1,true,true,true,NATIVE_POSITION_RECONCILIATION_VALID
r2_pullback_rejection_short_v1,r2_pullback_rejection_short_v1,C:\Users\ZHAO ZHU INFORMATION\Downloads\algo-trading-system\xau-usd\xauusd-phase1\outputs\reports\mt5_backtests\a1_momentum_variants_owner_goal_r2_pullback_rejection_short_v2_repair_exact_202207_202606_20260701\A1XauM5Momentum_OWNER_GOAL_R2_PULLBACK_REJECTION_SHORT_V2_REPAIR_EXACT_202207_202606_XAUUSD_M5_r2_h1_m5_body58_hours05_18_trades.csv,32,r2_pullback_rejection_short_v1::BT_A1_XAU_R2_H1_M5_BODY58_HOURS05_18::1025742::XAUUSD::932200::61,SHORT,2023-06-21 05:00:00,2023-06-21 13:37:39,9.64,2023.06.21 05:00:00,61,1935.78,0.01,A1_M5_MOM_R2_H1_M5_B,2023.06.21 13:37:39,64,1923.61,tp 1923.66,9.64,BT_A1_XAU_R2_H1_M5_BODY58_HOURS05_18,1025742,XAUUSD,932200,61,2023.06.21 05:00:00,61,61,1935.78,0.01,A1_M5_MOM_R2_H1_M5_B,2023.06.21 12:36:30,63,63,1927.02,0.01,5,tp 1927.03,8.76,0.00,0.00,,false,8.76,2,1,1,true,true,true,NATIVE_POSITION_RECONCILIATION_VALID
r2_pullback_rejection_short_v1,r2_pullback_rejection_short_v1,C:\Users\ZHAO ZHU INFORMATION\Downloads\algo-trading-system\xau-usd\xauusd-phase1\outputs\reports\mt5_backtests\a1_momentum_variants_owner_goal_r2_pullback_rejection_short_v2_repair_exact_202207_202606_20260701\A1XauM5Momentum_OWNER_GOAL_R2_PULLBACK_REJECTION_SHORT_V2_REPAIR_EXACT_202207_202606_XAUUSD_M5_r2_h1_m5_body58_hours05_18_trades.csv,33,r2_pullback_rejection_short_v1::BT_A1_XAU_R2_H1_M5_BODY58_HOURS05_18::1025742::XAUUSD::932200::62,SHORT,2023-06-21 10:00:00,2023-06-21 13:37:41,21.72,2023.06.21 10:00:00,62,1933.25,0.01,A1_M5_MOM_R2_H1_M5_B,2023.06.21 13:37:41,65,1922.96,tp 1922.99,21.72,BT_A1_XAU_R2_H1_M5_BODY58_HOURS05_18,1025742,XAUUSD,932200,62,2023.06.21 10:00:00,62,62,1933.25,0.01,A1_M5_MOM_R2_H1_M5_B,2023.06.21 13:37:39,64,64,1923.61,0.01,5,tp 1923.66,9.64,0.00,0.00,,false,9.64,2,1,1,true,true,true,NATIVE_POSITION_RECONCILIATION_VALID
r2_pullback_rejection_short_v1,r2_pullback_rejection_short_v1,C:\Users\ZHAO ZHU INFORMATION\Downloads\algo-trading-system\xau-usd\xauusd-phase1\outputs\reports\mt5_backtests\a1_momentum_variants_owner_goal_r2_pullback_rejection_short_v2_repair_exact_202207_202606_20260701\A1XauM5Momentum_OWNER_GOAL_R2_PULLBACK_REJECTION_SHORT_V2_REPAIR_EXACT_202207_202606_XAUUSD_M5_r2_h1_m5_body58_hours05_18_trades.csv,34,r2_pullback_rejection_short_v1::BT_A1_XAU_R2_H1_M5_BODY58_HOURS05_18::1025742::XAUUSD::932200::66,SHORT,2023-06-22 05:00:00,2023-06-22 13:11:38,10.69,2023.06.22 05:00:00,66,1929.81,0.01,A1_M5_MOM_R2_H1_M5_B,2023.06.22 13:11:38,69,1919.12,tp 1919.13,10.69,BT_A1_XAU_R2_H1_M5_BODY58_HOURS05_18,1025742,XAUUSD,932200,66,2023.06.22 05:00:00,66,66,1929.81,0.01,A1_M5_MOM_R2_H1_M5_B,2023.06.22 13:11:38,69,69,1919.12,0.01,5,tp 1919.13,10.69,0.00,0.00,,false,10.69,2,1,1,true,false,false,NATIVE_POSITION_RECONCILIATION_VALID
r2_pullback_rejection_short_v1,r2_pullback_rejection_short_v1,C:\Users\ZHAO ZHU INFORMATION\Downloads\algo-trading-system\xau-usd\xauusd-phase1\outputs\reports\mt5_backtests\a1_momentum_variants_owner_goal_r2_pullback_rejection_short_v2_repair_exact_202207_202606_20260701\A1XauM5Momentum_OWNER_GOAL_R2_PULLBACK_REJECTION_SHORT_V2_REPAIR_EXACT_202207_202606_XAUUSD_M5_r2_h1_m5_body58_hours05_18_trades.csv,35,r2_pullback_rejection_short_v1::BT_A1_XAU_R2_H1_M5_BODY58_HOURS05_18::1025742::XAUUSD::932200::67,SHORT,2023-06-22 07:00:00,2023-06-22 14:27:28,11.46,2023.06.22 07:00:00,67,1928.12,0.01,A1_M5_MOM_R2_H1_M5_B,2023.06.22 14:27:28,70,1916.66,tp 1916.67,11.46,BT_A1_XAU_R2_H1_M5_BODY58_HOURS05_18,1025742,XAUUSD,932200,67,2023.06.22 07:00:00,67,67,1928.12,0.01,A1_M5_MOM_R2_H1_M5_B,2023.06.22 14:27:28,70,70,1916.66,0.01,5,tp 1916.67,11.46,0.00,0.00,,false,11.46,2,1,1,true,false,false,NATIVE_POSITION_RECONCILIATION_VALID
r2_pullback_rejection_short_v1,r2_pullback_rejection_short_v1,C:\Users\ZHAO ZHU INFORMATION\Downloads\algo-trading-system\xau-usd\xauusd-phase1\outputs\reports\mt5_backtests\a1_momentum_variants_owner_goal_r2_pullback_rejection_short_v2_repair_exact_202207_202606_20260701\A1XauM5Momentum_OWNER_GOAL_R2_PULLBACK_REJECTION_SHORT_V2_REPAIR_EXACT_202207_202606_XAUUSD_M5_r2_h1_m5_body58_hours05_18_trades.csv,36,r2_pullback_rejection_short_v1::BT_A1_XAU_R2_H1_M5_BODY58_HOURS05_18::1025742::XAUUSD::932200::68,SHORT,2023-06-22 13:00:00,2023-06-23 07:48:39,-3.68,2023.06.22 13:00:00,68,1923.46,0.01,A1_M5_MOM_R2_H1_M5_B,2023.06.23 07:48:39,73,1918.75,sl 1918.75,-3.68,BT_A1_XAU_R2_H1_M5_BODY58_HOURS05_18,1025742,XAUUSD,932200,68,2023.06.22 13:00:00,68,68,1923.46,0.01,A1_M5_MOM_R2_H1_M5_B,2023.06.23 13:14:29,74,74,1931.84,0.01,4,sl 1931.84,-8.38,0.00,0.00,,false,-8.38,2,1,1,true,true,true,NATIVE_POSITION_RECONCILIATION_VALID
r2_pullback_rejection_short_v1,r2_pullback_rejection_short_v1,C:\Users\ZHAO ZHU INFORMATION\Downloads\algo-trading-system\xau-usd\xauusd-phase1\outputs\reports\mt5_backtests\a1_momentum_variants_owner_goal_r2_pullback_rejection_short_v2_repair_exact_202207_202606_20260701\A1XauM5Momentum_OWNER_GOAL_R2_PULLBACK_REJECTION_SHORT_V2_REPAIR_EXACT_202207_202606_XAUUSD_M5_r2_h1_m5_body58_hours05_18_trades.csv,37,r2_pullback_rejection_short_v1::BT_A1_XAU_R2_H1_M5_BODY58_HOURS05_18::1025742::XAUUSD::932200::71,SHORT,2023-06-22 15:00:00,2023-06-23 13:14:29,-8.38,2023.06.22 15:00:00,71,1915.39,0.01,A1_M5_MOM_R2_H1_M5_B,2023.06.23 13:14:29,74,1931.84,sl 1931.84,-8.38,BT_A1_XAU_R2_H1_M5_BODY58_HOURS05_18,1025742,XAUUSD,932200,71,2023.06.22 15:00:00,71,71,1915.39,0.01,A1_M5_MOM_R2_H1_M5_B,2023.06.23 13:14:39,75,75,1932.06,0.01,4,sl 1932.06,-16.67,0.00,0.00,,false,-16.67,2,1,1,true,true,true,NATIVE_POSITION_RECONCILIATION_VALID
r2_pullback_rejection_short_v1,r2_pullback_rejection_short_v1,C:\Users\ZHAO ZHU INFORMATION\Downloads\algo-trading-system\xau-usd\xauusd-phase1\outputs\reports\mt5_backtests\a1_momentum_variants_owner_goal_r2_pullback_rejection_short_v2_repair_exact_202207_202606_20260701\A1XauM5Momentum_OWNER_GOAL_R2_PULLBACK_REJECTION_SHORT_V2_REPAIR_EXACT_202207_202606_XAUUSD_M5_r2_h1_m5_body58_hours05_18_trades.csv,38,r2_pullback_rejection_short_v1::BT_A1_XAU_R2_H1_M5_BODY58_HOURS05_18::1025742::XAUUSD::932200::72,SHORT,2023-06-23 06:00:00,2023-06-23 13:14:39,-16.67,2023.06.23 06:00:00,72,1915.07,0.01,A1_M5_MOM_R2_H1_M5_B,2023.06.23 13:14:39,75,1932.06,sl 1932.06,-16.67,BT_A1_XAU_R2_H1_M5_BODY58_HOURS05_18,1025742,XAUUSD,932200,72,2023.06.23 06:00:00,72,72,1915.07,0.01,A1_M5_MOM_R2_H1_M5_B,2023.06.23 07:48:39,73,73,1918.75,0.01,4,sl 1918.75,-3.68,0.00,0.00,,false,-3.68,2,1,1,true,true,true,NATIVE_POSITION_RECONCILIATION_VALID
r2_pullback_rejection_short_v1,r2_pullback_rejection_short_v1,C:\Users\ZHAO ZHU INFORMATION\Downloads\algo-trading-system\xau-usd\xauusd-phase1\outputs\reports\mt5_backtests\a1_momentum_variants_owner_goal_r2_pullback_rejection_short_v2_repair_exact_202207_202606_20260701\A1XauM5Momentum_OWNER_GOAL_R2_PULLBACK_REJECTION_SHORT_V2_REPAIR_EXACT_202207_202606_XAUUSD_M5_r2_h1_m5_body58_hours05_18_trades.csv,39,r2_pullback_rejection_short_v1::BT_A1_XAU_R2_H1_M5_BODY58_HOURS05_18::1025742::XAUUSD::932200::76,SHORT,2023-06-28 07:00:00,2023-06-29 12:50:41,13.23,2023.06.28 07:00:00,76,1910.87,0.01,A1_M5_MOM_R2_H1_M5_B,2023.06.29 12:50:41,77,1897.64,tp 1897.64,13.23,BT_A1_XAU_R2_H1_M5_BODY58_HOURS05_18,1025742,XAUUSD,932200,76,2023.06.28 07:00:00,76,76,1910.87,0.01,A1_M5_MOM_R2_H1_M5_B,2023.06.29 12:50:41,77,77,1897.64,0.01,5,tp 1897.64,13.23,0.00,0.00,,false,13.23,2,1,1,true,false,false,NATIVE_POSITION_RECONCILIATION_VALID
r2_pullback_rejection_short_v1,r2_pullback_rejection_short_v1,C:\Users\ZHAO ZHU INFORMATION\Downloads\algo-trading-system\xau-usd\xauusd-phase1\outputs\reports\mt5_backtests\a1_momentum_variants_owner_goal_r2_pullback_rejection_short_v2_repair_exact_202207_202606_20260701\A1XauM5Momentum_OWNER_GOAL_R2_PULLBACK_REJECTION_SHORT_V2_REPAIR_EXACT_202207_202606_XAUUSD_M5_r2_h1_m5_body58_hours05_18_trades.csv,40,r2_pullback_rejection_short_v1::BT_A1_XAU_R2_H1_M5_BODY58_HOURS05_18::1025742::XAUUSD::932200::78,SHORT,2023-07-06 08:00:00,2023-07-06 10:29:37,-3.52,2023.07.06 08:00:00,78,1918.94,0.01,A1_M5_MOM_R2_H1_M5_B,2023.07.06 10:29:37,79,1922.46,sl 1922.44,-3.52,BT_A1_XAU_R2_H1_M5_BODY58_HOURS05_18,1025742,XAUUSD,932200,78,2023.07.06 08:00:00,78,78,1918.94,0.01,A1_M5_MOM_R2_H1_M5_B,2023.07.06 10:29:37,79,79,1922.46,0.01,4,sl 1922.44,-3.52,0.00,0.00,,false,-3.52,2,1,1,true,false,false,NATIVE_POSITION_RECONCILIATION_VALID
h4_d1_long_best_box2_atr80,h4_d1_long_best_box2_atr80,C:\Users\ZHAO ZHU INFORMATION\Downloads\algo-trading-system\xau-usd\xauusd-phase1\outputs\reports\mt5_backtests\a1_momentum_variants_owner_goal_regime_router_v1_exact_202207_202606_20260701\A1XauM5Momentum_OWNER_GOAL_REGIME_ROUTER_V1_EXACT_202207_202606_XAUUSD_M5_router_v1_r1_long_box2_prevhealth_trades.csv,33,h4_d1_long_best_box2_atr80::BT_A1_XAU_ROUTER_V1_R1_LONG_BOX2_PREVHEALTH::1025742::XAUUSD::932200::64,LONG,2023-07-26 08:00:00,2023-07-27 13:36:21,-18.94,2023.07.26 08:00:00,64,1970.75,0.01,A1_M5_MOM_ROUTER_V1_,2023.07.27 13:36:21,65,1951.81,sl 1951.82,-18.94,BT_A1_XAU_ROUTER_V1_R1_LONG_BOX2_PREVHEALTH,1025742,XAUUSD,932200,64,2023.07.26 08:00:00,64,64,1970.75,0.01,A1_M5_MOM_ROUTER_V1_,2023.07.27 13:36:21,65,65,1951.81,0.01,4,sl 1951.82,-18.94,0.00,0.00,,false,-18.94,2,1,1,true,false,false,NATIVE_POSITION_RECONCILIATION_VALID
r1_h1_pullback_long_v1,r1_h1_pullback_long_v1,C:\Users\ZHAO ZHU INFORMATION\Downloads\algo-trading-system\xau-usd\xauusd-phase1\outputs\reports\mt5_backtests\a1_momentum_variants_owner_goal_r1_pullback_long_v2_session_exact_202207_202606_20260701\A1XauM5Momentum_OWNER_GOAL_R1_PULLBACK_LONG_V2_SESSION_EXACT_202207_202606_XAUUSD_M5_r1_pullback_long_v2_m15_session_09_15_trades.csv,93,r1_h1_pullback_long_v1::BT_A1_XAU_R1_PULLBACK_LONG_V2_M15_SESSION_09_15::1025742::XAUUSD::932200::184,LONG,2023-07-27 10:15:00,2023-07-27 12:17:16,-4.48,2023.07.27 10:15:00,184,1975.94,0.01,A1_M5_MOM_R1_PULLBAC,2023.07.27 12:17:16,188,1974.69,sl 1974.74,-4.48,BT_A1_XAU_R1_PULLBACK_LONG_V2_M15_SESSION_09_15,1025742,XAUUSD,932200,184,2023.07.27 10:15:00,184,184,1975.94,0.01,A1_M5_MOM_R1_PULLBAC,2023.07.27 12:30:30,191,191,1972.43,0.01,4,sl 1972.44,-3.51,0.00,0.00,,false,-3.51,2,1,1,true,true,true,NATIVE_POSITION_RECONCILIATION_VALID
r1_h1_pullback_long_v1,r1_h1_pullback_long_v1,C:\Users\ZHAO ZHU INFORMATION\Downloads\algo-trading-system\xau-usd\xauusd-phase1\outputs\reports\mt5_backtests\a1_momentum_variants_owner_goal_r1_pullback_long_v2_session_exact_202207_202606_20260701\A1XauM5Momentum_OWNER_GOAL_R1_PULLBACK_LONG_V2_SESSION_EXACT_202207_202606_XAUUSD_M5_r1_pullback_long_v2_m15_session_09_15_trades.csv,94,r1_h1_pullback_long_v1::BT_A1_XAU_R1_PULLBACK_LONG_V2_M15_SESSION_09_15::1025742::XAUUSD::932200::185,LONG,2023-07-27 11:15:00,2023-07-27 12:25:27,-3.5,2023.07.27 11:15:00,185,1977.04,0.01,A1_M5_MOM_R1_PULLBAC,2023.07.27 12:25:27,189,1974.22,sl 1974.22,-3.5,BT_A1_XAU_R1_PULLBACK_LONG_V2_M15_SESSION_09_15,1025742,XAUUSD,932200,185,2023.07.27 11:15:00,185,185,1977.04,0.01,A1_M5_MOM_R1_PULLBAC,2023.07.27 12:25:40,190,190,1973.20,0.01,4,sl 1973.20,-3.84,0.00,0.00,,false,-3.84,2,1,1,true,true,true,NATIVE_POSITION_RECONCILIATION_VALID
r1_h1_pullback_long_v1,r1_h1_pullback_long_v1,C:\Users\ZHAO ZHU INFORMATION\Downloads\algo-trading-system\xau-usd\xauusd-phase1\outputs\reports\mt5_backtests\a1_momentum_variants_owner_goal_r1_pullback_long_v2_session_exact_202207_202606_20260701\A1XauM5Momentum_OWNER_GOAL_R1_PULLBACK_LONG_V2_SESSION_EXACT_202207_202606_XAUUSD_M5_r1_pullback_long_v2_m15_session_09_15_trades.csv,95,r1_h1_pullback_long_v1::BT_A1_XAU_R1_PULLBACK_LONG_V2_M15_SESSION_09_15::1025742::XAUUSD::932200::186,LONG,2023-07-27 11:45:00,2023-07-27 12:25:40,-3.84,2023.07.27 11:45:00,186,1977.72,0.01,A1_M5_MOM_R1_PULLBAC,2023.07.27 12:25:40,190,1973.20,sl 1973.20,-3.84,BT_A1_XAU_R1_PULLBACK_LONG_V2_M15_SESSION_09_15,1025742,XAUUSD,932200,186,2023.07.27 11:45:00,186,186,1977.72,0.01,A1_M5_MOM_R1_PULLBAC,2023.07.27 12:25:27,189,189,1974.22,0.01,4,sl 1974.22,-3.50,0.00,0.00,,false,-3.50,2,1,1,true,true,true,NATIVE_POSITION_RECONCILIATION_VALID
r1_h1_pullback_long_v1,r1_h1_pullback_long_v1,C:\Users\ZHAO ZHU INFORMATION\Downloads\algo-trading-system\xau-usd\xauusd-phase1\outputs\reports\mt5_backtests\a1_momentum_variants_owner_goal_r1_pullback_long_v2_session_exact_202207_202606_20260701\A1XauM5Momentum_OWNER_GOAL_R1_PULLBACK_LONG_V2_SESSION_EXACT_202207_202606_XAUUSD_M5_r1_pullback_long_v2_m15_session_09_15_trades.csv,96,r1_h1_pullback_long_v1::BT_A1_XAU_R1_PULLBACK_LONG_V2_M15_SESSION_09_15::1025742::XAUUSD::932200::187,LONG,2023-07-27 12:00:00,2023-07-27 12:30:30,-3.51,2023.07.27 12:00:00,187,1979.17,0.01,A1_M5_MOM_R1_PULLBAC,2023.07.27 12:30:30,191,1972.43,sl 1972.44,-3.51,BT_A1_XAU_R1_PULLBACK_LONG_V2_M15_SESSION_09_15,1025742,XAUUSD,932200,187,2023.07.27 12:00:00,187,187,1979.17,0.01,A1_M5_MOM_R1_PULLBAC,2023.07.27 12:17:16,188,188,1974.69,0.01,4,sl 1974.74,-4.48,0.00,0.00,,false,-4.48,2,1,1,true,true,true,NATIVE_POSITION_RECONCILIATION_VALID
r2_pullback_rejection_short_v1,r2_pullback_rejection_short_v1,C:\Users\ZHAO ZHU INFORMATION\Downloads\algo-trading-system\xau-usd\xauusd-phase1\outputs\reports\mt5_backtests\a1_momentum_variants_owner_goal_r2_pullback_rejection_short_v2_repair_exact_202207_202606_20260701\A1XauM5Momentum_OWNER_GOAL_R2_PULLBACK_REJECTION_SHORT_V2_REPAIR_EXACT_202207_202606_XAUUSD_M5_r2_h1_m5_body58_hours05_18_trades.csv,41,r2_pullback_rejection_short_v1::BT_A1_XAU_R2_H1_M5_BODY58_HOURS05_18::1025742::XAUUSD::932200::80,SHORT,2023-08-08 11:00:00,2023-08-09 14:31:42,11.31,2023.08.08 11:00:00,80,1930.72,0.01,A1_M5_MOM_R2_H1_M5_B,2023.08.09 14:31:42,83,1919.41,tp 1919.41,11.31,BT_A1_XAU_R2_H1_M5_BODY58_HOURS05_18,1025742,XAUUSD,932200,80,2023.08.08 11:00:00,80,80,1930.72,0.01,A1_M5_MOM_R2_H1_M5_B,2023.08.09 14:31:42,83,83,1919.41,0.01,5,tp 1919.41,11.31,0.00,0.00,,false,11.31,2,1,1,true,false,false,NATIVE_POSITION_RECONCILIATION_VALID
r2_pullback_rejection_short_v1,r2_pullback_rejection_short_v1,C:\Users\ZHAO ZHU INFORMATION\Downloads\algo-trading-system\xau-usd\xauusd-phase1\outputs\reports\mt5_backtests\a1_momentum_variants_owner_goal_r2_pullback_rejection_short_v2_repair_exact_202207_202606_20260701\A1XauM5Momentum_OWNER_GOAL_R2_PULLBACK_REJECTION_SHORT_V2_REPAIR_EXACT_202207_202606_XAUUSD_M5_r2_h1_m5_body58_hours05_18_trades.csv,42,r2_pullback_rejection_short_v1::BT_A1_XAU_R2_H1_M5_BODY58_HOURS05_18::1025742::XAUUSD::932200::81,SHORT,2023-08-08 12:00:00,2023-08-10 07:06:57,-3.51,2023.08.08 12:00:00,81,1928.87,0.01,A1_M5_MOM_R2_H1_M5_B,2023.08.10 07:06:57,85,1920.26,sl 1920.25,-3.51,BT_A1_XAU_R2_H1_M5_BODY58_HOURS05_18,1025742,XAUUSD,932200,81,2023.08.08 12:00:00,81,81,1928.87,0.01,A1_M5_MOM_R2_H1_M5_B,2023.08.10 14:54:04,86,86,1913.65,0.01,5,tp 1913.65,15.22,0.00,0.00,,false,15.22,2,1,1,true,true,true,NATIVE_POSITION_RECONCILIATION_VALID
r2_pullback_rejection_short_v1,r2_pullback_rejection_short_v1,C:\Users\ZHAO ZHU INFORMATION\Downloads\algo-trading-system\xau-usd\xauusd-phase1\outputs\reports\mt5_backtests\a1_momentum_variants_owner_goal_r2_pullback_rejection_short_v2_repair_exact_202207_202606_20260701\A1XauM5Momentum_OWNER_GOAL_R2_PULLBACK_REJECTION_SHORT_V2_REPAIR_EXACT_202207_202606_XAUUSD_M5_r2_h1_m5_body58_hours05_18_trades.csv,43,r2_pullback_rejection_short_v1::BT_A1_XAU_R2_H1_M5_BODY58_HOURS05_18::1025742::XAUUSD::932200::82,SHORT,2023-08-09 11:00:00,2023-08-10 14:54:04,15.22,2023.08.09 11:00:00,82,1925.20,0.01,A1_M5_MOM_R2_H1_M5_B,2023.08.10 14:54:04,86,1913.65,tp 1913.65,15.22,BT_A1_XAU_R2_H1_M5_BODY58_HOURS05_18,1025742,XAUUSD,932200,82,2023.08.09 11:00:00,82,82,1925.20,0.01,A1_M5_MOM_R2_H1_M5_B,2023.08.10 20:47:36,88,88,1912.76,0.01,5,tp 1912.76,12.44,0.00,0.00,,false,12.44,2,1,1,true,true,true,NATIVE_POSITION_RECONCILIATION_VALID
r2_pullback_rejection_short_v1,r2_pullback_rejection_short_v1,C:\Users\ZHAO ZHU INFORMATION\Downloads\algo-trading-system\xau-usd\xauusd-phase1\outputs\reports\mt5_backtests\a1_momentum_variants_owner_goal_r2_pullback_rejection_short_v2_repair_exact_202207_202606_20260701\A1XauM5Momentum_OWNER_GOAL_R2_PULLBACK_REJECTION_SHORT_V2_REPAIR_EXACT_202207_202606_XAUUSD_M5_r2_h1_m5_body58_hours05_18_trades.csv,44,r2_pullback_rejection_short_v1::BT_A1_XAU_R2_H1_M5_BODY58_HOURS05_18::1025742::XAUUSD::932200::84,SHORT,2023-08-10 05:00:00,2023-08-10 20:47:36,12.44,2023.08.10 05:00:00,84,1916.75,0.01,A1_M5_MOM_R2_H1_M5_B,2023.08.10 20:47:36,88,1912.76,tp 1912.76,12.44,BT_A1_XAU_R2_H1_M5_BODY58_HOURS05_18,1025742,XAUUSD,932200,84,2023.08.10 05:00:00,84,84,1916.75,0.01,A1_M5_MOM_R2_H1_M5_B,2023.08.10 07:06:57,85,85,1920.26,0.01,4,sl 1920.25,-3.51,0.00,0.00,,false,-3.51,2,1,1,true,true,true,NATIVE_POSITION_RECONCILIATION_VALID
r2_pullback_rejection_short_v1,r2_pullback_rejection_short_v1,C:\Users\ZHAO ZHU INFORMATION\Downloads\algo-trading-system\xau-usd\xauusd-phase1\outputs\reports\mt5_backtests\a1_momentum_variants_owner_goal_r2_pullback_rejection_short_v2_repair_exact_202207_202606_20260701\A1XauM5Momentum_OWNER_GOAL_R2_PULLBACK_REJECTION_SHORT_V2_REPAIR_EXACT_202207_202606_XAUUSD_M5_r2_h1_m5_body58_hours05_18_trades.csv,45,r2_pullback_rejection_short_v1::BT_A1_XAU_R2_H1_M5_BODY58_HOURS05_18::1025742::XAUUSD::932200::87,SHORT,2023-08-10 18:00:00,2023-08-16 18:51:28,18.53,2023.08.10 18:00:00,87,1913.66,0.01,A1_M5_MOM_R2_H1_M5_B,2023.08.16 18:51:28,92,1895.13,tp 1895.14,18.53,BT_A1_XAU_R2_H1_M5_BODY58_HOURS05_18,1025742,XAUUSD,932200,87,2023.08.10 18:00:00,87,87,1913.66,0.01,A1_M5_MOM_R2_H1_M5_B,2023.08.16 18:51:28,92,92,1895.13,0.01,5,tp 1895.14,18.53,0.00,0.00,,false,18.53,2,1,1,true,false,false,NATIVE_POSITION_RECONCILIATION_VALID
r2_pullback_rejection_short_v1,r2_pullback_rejection_short_v1,C:\Users\ZHAO ZHU INFORMATION\Downloads\algo-trading-system\xau-usd\xauusd-phase1\outputs\reports\mt5_backtests\a1_momentum_variants_owner_goal_r2_pullback_rejection_short_v2_repair_exact_202207_202606_20260701\A1XauM5Momentum_OWNER_GOAL_R2_PULLBACK_REJECTION_SHORT_V2_REPAIR_EXACT_202207_202606_XAUUSD_M5_r2_h1_m5_body58_hours05_18_trades.csv,46,r2_pullback_rejection_short_v1::BT_A1_XAU_R2_H1_M5_BODY58_HOURS05_18::1025742::XAUUSD::932200::89,SHORT,2023-08-16 13:00:00,2023-08-17 00:50:27,10.52,2023.08.16 13:00:00,89,1900.77,0.01,A1_M5_MOM_R2_H1_M5_B,2023.08.17 00:50:27,93,1891.42,tp 1891.44,10.52,BT_A1_XAU_R2_H1_M5_BODY58_HOURS05_18,1025742,XAUUSD,932200,89,2023.08.16 13:00:00,89,89,1900.77,0.01,A1_M5_MOM_R2_H1_M5_B,2023.08.17 17:02:13,97,97,1887.52,0.01,5,tp 1887.52,13.25,0.00,0.00,,false,13.25,2,1,1,true,true,true,NATIVE_POSITION_RECONCILIATION_VALID
r2_pullback_rejection_short_v1,r2_pullback_rejection_short_v1,C:\Users\ZHAO ZHU INFORMATION\Downloads\algo-trading-system\xau-usd\xauusd-phase1\outputs\reports\mt5_backtests\a1_momentum_variants_owner_goal_r2_pullback_rejection_short_v2_repair_exact_202207_202606_20260701\A1XauM5Momentum_OWNER_GOAL_R2_PULLBACK_REJECTION_SHORT_V2_REPAIR_EXACT_202207_202606_XAUUSD_M5_r2_h1_m5_body58_hours05_18_trades.csv,47,r2_pullback_rejection_short_v1::BT_A1_XAU_R2_H1_M5_BODY58_HOURS05_18::1025742::XAUUSD::932200::90,SHORT,2023-08-16 16:00:00,2023-08-17 10:21:20,-4.33,2023.08.16 16:00:00,90,1901.94,0.01,A1_M5_MOM_R2_H1_M5_B,2023.08.17 10:21:20,95,1898.33,sl 1898.31,-4.33,BT_A1_XAU_R2_H1_M5_BODY58_HOURS05_18,1025742,XAUUSD,932200,90,2023.08.16 16:00:00,90,90,1901.94,0.01,A1_M5_MOM_R2_H1_M5_B,2023.08.17 00:50:27,93,93,1891.42,0.01,5,tp 1891.44,10.52,0.00,0.00,,false,10.52,2,1,1,true,true,true,NATIVE_POSITION_RECONCILIATION_VALID
r2_pullback_rejection_short_v1,r2_pullback_rejection_short_v1,C:\Users\ZHAO ZHU INFORMATION\Downloads\algo-trading-system\xau-usd\xauusd-phase1\outputs\reports\mt5_backtests\a1_momentum_variants_owner_goal_r2_pullback_rejection_short_v2_repair_exact_202207_202606_20260701\A1XauM5Momentum_OWNER_GOAL_R2_PULLBACK_REJECTION_SHORT_V2_REPAIR_EXACT_202207_202606_XAUUSD_M5_r2_h1_m5_body58_hours05_18_trades.csv,48,r2_pullback_rejection_short_v1::BT_A1_XAU_R2_H1_M5_BODY58_HOURS05_18::1025742::XAUUSD::932200::91,SHORT,2023-08-16 17:00:00,2023-08-17 17:02:13,13.25,2023.08.16 17:00:00,91,1899.47,0.01,A1_M5_MOM_R2_H1_M5_B,2023.08.17 17:02:13,97,1887.52,tp 1887.52,13.25,BT_A1_XAU_R2_H1_M5_BODY58_HOURS05_18,1025742,XAUUSD,932200,91,2023.08.16 17:00:00,91,91,1899.47,0.01,A1_M5_MOM_R2_H1_M5_B,2023.08.21 02:03:05,100,100,1884.88,0.01,5,tp 1884.88,14.59,0.00,0.00,,false,14.59,2,1,1,true,true,true,NATIVE_POSITION_RECONCILIATION_VALID
r2_pullback_rejection_short_v1,r2_pullback_rejection_short_v1,C:\Users\ZHAO ZHU INFORMATION\Downloads\algo-trading-system\xau-usd\xauusd-phase1\outputs\reports\mt5_backtests\a1_momentum_variants_owner_goal_r2_pullback_rejection_short_v2_repair_exact_202207_202606_20260701\A1XauM5Momentum_OWNER_GOAL_R2_PULLBACK_REJECTION_SHORT_V2_REPAIR_EXACT_202207_202606_XAUUSD_M5_r2_h1_m5_body58_hours05_18_trades.csv,49,r2_pullback_rejection_short_v1::BT_A1_XAU_R2_H1_M5_BODY58_HOURS05_18::1025742::XAUUSD::932200::94,SHORT,2023-08-17 09:00:00,2023-08-21 02:03:05,14.59,2023.08.17 09:00:00,94,1894.00,0.01,A1_M5_MOM_R2_H1_M5_B,2023.08.21 02:03:05,100,1884.88,tp 1884.88,14.59,BT_A1_XAU_R2_H1_M5_BODY58_HOURS05_18,1025742,XAUUSD,932200,94,2023.08.17 09:00:00,94,94,1894.00,0.01,A1_M5_MOM_R2_H1_M5_B,2023.08.17 10:21:20,95,95,1898.33,0.01,4,sl 1898.31,-4.33,0.00,0.00,,false,-4.33,2,1,1,true,true,true,NATIVE_POSITION_RECONCILIATION_VALID
r2_pullback_rejection_short_v1,r2_pullback_rejection_short_v1,C:\Users\ZHAO ZHU INFORMATION\Downloads\algo-trading-system\xau-usd\xauusd-phase1\outputs\reports\mt5_backtests\a1_momentum_variants_owner_goal_r2_pullback_rejection_short_v2_repair_exact_202207_202606_20260701\A1XauM5Momentum_OWNER_GOAL_R2_PULLBACK_REJECTION_SHORT_V2_REPAIR_EXACT_202207_202606_XAUUSD_M5_r2_h1_m5_body58_hours05_18_trades.csv,50,r2_pullback_rejection_short_v1::BT_A1_XAU_R2_H1_M5_BODY58_HOURS05_18::1025742::XAUUSD::932200::96,SHORT,2023-08-17 16:00:00,2023-08-21 12:21:42,-6.08,2023.08.17 16:00:00,96,1889.49,0.01,A1_M5_MOM_R2_H1_M5_B,2023.08.21 12:21:42,101,1895.65,sl 1895.64,-6.08,BT_A1_XAU_R2_H1_M5_BODY58_HOURS05_18,1025742,XAUUSD,932200,96,2023.08.17 16:00:00,96,96,1889.49,0.01,A1_M5_MOM_R2_H1_M5_B,2023.08.22 10:21:23,103,103,1904.37,0.01,4,sl 1904.37,-14.88,0.00,0.00,,false,-14.88,2,1,1,true,true,true,NATIVE_POSITION_RECONCILIATION_VALID
r2_pullback_rejection_short_v1,r2_pullback_rejection_short_v1,C:\Users\ZHAO ZHU INFORMATION\Downloads\algo-trading-system\xau-usd\xauusd-phase1\outputs\reports\mt5_backtests\a1_momentum_variants_owner_goal_r2_pullback_rejection_short_v2_repair_exact_202207_202606_20260701\A1XauM5Momentum_OWNER_GOAL_R2_PULLBACK_REJECTION_SHORT_V2_REPAIR_EXACT_202207_202606_XAUUSD_M5_r2_h1_m5_body58_hours05_18_trades.csv,51,r2_pullback_rejection_short_v1::BT_A1_XAU_R2_H1_M5_BODY58_HOURS05_18::1025742::XAUUSD::932200::98,SHORT,2023-08-17 18:00:00,2023-08-21 12:43:39,-11.09,2023.08.17 18:00:00,98,1886.21,0.01,A1_M5_MOM_R2_H1_M5_B,2023.08.21 12:43:39,102,1897.30,sl 1897.29,-11.09,BT_A1_XAU_R2_H1_M5_BODY58_HOURS05_18,1025742,XAUUSD,932200,98,2023.08.17 18:00:00,98,98,1886.21,0.01,A1_M5_MOM_R2_H1_M5_B,2023.08.21 12:43:39,102,102,1897.30,0.01,4,sl 1897.29,-11.09,0.00,0.00,,false,-11.09,2,1,1,true,false,false,NATIVE_POSITION_RECONCILIATION_VALID
r2_pullback_rejection_short_v1,r2_pullback_rejection_short_v1,C:\Users\ZHAO ZHU INFORMATION\Downloads\algo-trading-system\xau-usd\xauusd-phase1\outputs\reports\mt5_backtests\a1_momentum_variants_owner_goal_r2_pullback_rejection_short_v2_repair_exact_202207_202606_20260701\A1XauM5Momentum_OWNER_GOAL_R2_PULLBACK_REJECTION_SHORT_V2_REPAIR_EXACT_202207_202606_XAUUSD_M5_r2_h1_m5_body58_hours05_18_trades.csv,52,r2_pullback_rejection_short_v1::BT_A1_XAU_R2_H1_M5_BODY58_HOURS05_18::1025742::XAUUSD::932200::99,SHORT,2023-08-18 17:00:00,2023-08-22 10:21:23,-14.88,2023.08.18 17:00:00,99,1889.57,0.01,A1_M5_MOM_R2_H1_M5_B,2023.08.22 10:21:23,103,1904.37,sl 1904.37,-14.88,BT_A1_XAU_R2_H1_M5_BODY58_HOURS05_18,1025742,XAUUSD,932200,99,2023.08.18 17:00:00,99,99,1889.57,0.01,A1_M5_MOM_R2_H1_M5_B,2023.08.21 12:21:42,101,101,1895.65,0.01,4,sl 1895.64,-6.08,0.00,0.00,,false,-6.08,2,1,1,true,true,true,NATIVE_POSITION_RECONCILIATION_VALID
r2_pullback_rejection_short_v1,r2_pullback_rejection_short_v1,C:\Users\ZHAO ZHU INFORMATION\Downloads\algo-trading-system\xau-usd\xauusd-phase1\outputs\reports\mt5_backtests\a1_momentum_variants_owner_goal_r2_pullback_rejection_short_v2_repair_exact_202207_202606_20260701\A1XauM5Momentum_OWNER_GOAL_R2_PULLBACK_REJECTION_SHORT_V2_REPAIR_EXACT_202207_202606_XAUUSD_M5_r2_h1_m5_body58_hours05_18_trades.csv,53,r2_pullback_rejection_short_v1::BT_A1_XAU_R2_H1_M5_BODY58_HOURS05_18::1025742::XAUUSD::932200::104,SHORT,2023-09-12 10:00:00,2023-09-12 11:30:30,7.0,2023.09.12 10:00:00,104,1919.00,0.01,A1_M5_MOM_R2_H1_M5_B,2023.09.12 11:30:30,105,1912.00,tp 1912.00,7.0,BT_A1_XAU_R2_H1_M5_BODY58_HOURS05_18,1025742,XAUUSD,932200,104,2023.09.12 10:00:00,104,104,1919.00,0.01,A1_M5_MOM_R2_H1_M5_B,2023.09.12 11:30:30,105,105,1912.00,0.01,5,tp 1912.00,7.00,0.00,0.00,,false,7.00,2,1,1,true,false,false,NATIVE_POSITION_RECONCILIATION_VALID
r2_pullback_rejection_short_v1,r2_pullback_rejection_short_v1,C:\Users\ZHAO ZHU INFORMATION\Downloads\algo-trading-system\xau-usd\xauusd-phase1\outputs\reports\mt5_backtests\a1_momentum_variants_owner_goal_r2_pullback_rejection_short_v2_repair_exact_202207_202606_20260701\A1XauM5Momentum_OWNER_GOAL_R2_PULLBACK_REJECTION_SHORT_V2_REPAIR_EXACT_202207_202606_XAUUSD_M5_r2_h1_m5_body58_hours05_18_trades.csv,54,r2_pullback_rejection_short_v1::BT_A1_XAU_R2_H1_M5_BODY58_HOURS05_18::1025742::XAUUSD::932200::106,SHORT,2023-09-13 16:00:00,2023-09-15 04:47:17,-6.16,2023.09.13 16:00:00,106,1910.46,0.01,A1_M5_MOM_R2_H1_M5_B,2023.09.15 04:47:17,107,1916.62,sl 1916.61,-6.16,BT_A1_XAU_R2_H1_M5_BODY58_HOURS05_18,1025742,XAUUSD,932200,106,2023.09.13 16:00:00,106,106,1910.46,0.01,A1_M5_MOM_R2_H1_M5_B,2023.09.15 04:47:17,107,107,1916.62,0.01,4,sl 1916.61,-6.16,0.00,0.00,,false,-6.16,2,1,1,true,false,false,NATIVE_POSITION_RECONCILIATION_VALID
r2_pullback_rejection_short_v1,r2_pullback_rejection_short_v1,C:\Users\ZHAO ZHU INFORMATION\Downloads\algo-trading-system\xau-usd\xauusd-phase1\outputs\reports\mt5_backtests\a1_momentum_variants_owner_goal_r2_pullback_rejection_short_v2_repair_exact_202207_202606_20260701\A1XauM5Momentum_OWNER_GOAL_R2_PULLBACK_REJECTION_SHORT_V2_REPAIR_EXACT_202207_202606_XAUUSD_M5_r2_h1_m5_body58_hours05_18_trades.csv,55,r2_pullback_rejection_short_v1::BT_A1_XAU_R2_H1_M5_BODY58_HOURS05_18::1025742::XAUUSD::932200::108,SHORT,2023-09-28 13:00:00,2023-09-29 15:09:38,15.66,2023.09.28 13:00:00,108,1872.46,0.01,A1_M5_MOM_R2_H1_M5_B,2023.09.29 15:09:38,110,1856.80,tp 1856.80,15.66,BT_A1_XAU_R2_H1_M5_BODY58_HOURS05_18,1025742,XAUUSD,932200,108,2023.09.28 13:00:00,108,108,1872.46,0.01,A1_M5_MOM_R2_H1_M5_B,2023.09.29 15:09:38,110,110,1856.80,0.01,5,tp 1856.80,15.66,0.00,0.00,,false,15.66,2,1,1,true,false,false,NATIVE_POSITION_RECONCILIATION_VALID
r2_pullback_rejection_short_v1,r2_pullback_rejection_short_v1,C:\Users\ZHAO ZHU INFORMATION\Downloads\algo-trading-system\xau-usd\xauusd-phase1\outputs\reports\mt5_backtests\a1_momentum_variants_owner_goal_r2_pullback_rejection_short_v2_repair_exact_202207_202606_20260701\A1XauM5Momentum_OWNER_GOAL_R2_PULLBACK_REJECTION_SHORT_V2_REPAIR_EXACT_202207_202606_XAUUSD_M5_r2_h1_m5_body58_hours05_18_trades.csv,56,r2_pullback_rejection_short_v1::BT_A1_XAU_R2_H1_M5_BODY58_HOURS05_18::1025742::XAUUSD::932200::109,SHORT,2023-09-28 15:00:00,2023-10-02 09:27:14,30.42,2023.09.28 15:00:00,109,1865.32,0.01,A1_M5_MOM_R2_H1_M5_B,2023.10.02 09:27:14,111,1834.90,tp 1834.91,30.42,BT_A1_XAU_R2_H1_M5_BODY58_HOURS05_18,1025742,XAUUSD,932200,109,2023.09.28 15:00:00,109,109,1865.32,0.01,A1_M5_MOM_R2_H1_M5_B,2023.10.02 09:27:14,111,111,1834.90,0.01,5,tp 1834.91,30.42,0.00,0.00,,false,30.42,2,1,1,true,false,false,NATIVE_POSITION_RECONCILIATION_VALID
r2_pullback_rejection_short_v1,r2_pullback_rejection_short_v1,C:\Users\ZHAO ZHU INFORMATION\Downloads\algo-trading-system\xau-usd\xauusd-phase1\outputs\reports\mt5_backtests\a1_momentum_variants_owner_goal_r2_pullback_rejection_short_v2_repair_exact_202207_202606_20260701\A1XauM5Momentum_OWNER_GOAL_R2_PULLBACK_REJECTION_SHORT_V2_REPAIR_EXACT_202207_202606_XAUUSD_M5_r2_h1_m5_body58_hours05_18_trades.csv,57,r2_pullback_rejection_short_v1::BT_A1_XAU_R2_H1_M5_BODY58_HOURS05_18::1025742::XAUUSD::932200::112,SHORT,2023-10-04 17:00:00,2023-10-05 01:19:42,-6.53,2023.10.04 17:00:00,112,1820.98,0.01,A1_M5_MOM_R2_H1_M5_B,2023.10.05 01:19:42,114,1827.51,sl 1827.51,-6.53,BT_A1_XAU_R2_H1_M5_BODY58_HOURS05_18,1025742,XAUUSD,932200,112,2023.10.04 17:00:00,112,112,1820.98,0.01,A1_M5_MOM_R2_H1_M5_B,2023.10.05 01:19:42,114,114,1827.51,0.01,4,sl 1827.51,-6.53,0.00,0.00,,false,-6.53,2,1,1,true,false,false,NATIVE_POSITION_RECONCILIATION_VALID
r2_pullback_rejection_short_v1,r2_pullback_rejection_short_v1,C:\Users\ZHAO ZHU INFORMATION\Downloads\algo-trading-system\xau-usd\xauusd-phase1\outputs\reports\mt5_backtests\a1_momentum_variants_owner_goal_r2_pullback_rejection_short_v2_repair_exact_202207_202606_20260701\A1XauM5Momentum_OWNER_GOAL_R2_PULLBACK_REJECTION_SHORT_V2_REPAIR_EXACT_202207_202606_XAUUSD_M5_r2_h1_m5_body58_hours05_18_trades.csv,58,r2_pullback_rejection_short_v1::BT_A1_XAU_R2_H1_M5_BODY58_HOURS05_18::1025742::XAUUSD::932200::113,SHORT,2023-10-04 18:00:00,2023-10-05 01:20:14,-9.18,2023.10.04 18:00:00,113,1818.36,0.01,A1_M5_MOM_R2_H1_M5_B,2023.10.05 01:20:14,115,1827.54,sl 1827.53,-9.18,BT_A1_XAU_R2_H1_M5_BODY58_HOURS05_18,1025742,XAUUSD,932200,113,2023.10.04 18:00:00,113,113,1818.36,0.01,A1_M5_MOM_R2_H1_M5_B,2023.10.05 01:20:14,115,115,1827.54,0.01,4,sl 1827.53,-9.18,0.00,0.00,,false,-9.18,2,1,1,true,false,false,NATIVE_POSITION_RECONCILIATION_VALID
r1_h1_pullback_long_v1,r1_h1_pullback_long_v1,C:\Users\ZHAO ZHU INFORMATION\Downloads\algo-trading-system\xau-usd\xauusd-phase1\outputs\reports\mt5_backtests\a1_momentum_variants_owner_goal_r1_pullback_long_v2_session_exact_202207_202606_20260701\A1XauM5Momentum_OWNER_GOAL_R1_PULLBACK_LONG_V2_SESSION_EXACT_202207_202606_XAUUSD_M5_r1_pullback_long_v2_m15_session_09_15_trades.csv,97,r1_h1_pullback_long_v1::BT_A1_XAU_R1_PULLBACK_LONG_V2_M15_SESSION_09_15::1025742::XAUUSD::932200::192,LONG,2023-10-31 09:45:00,2023-10-31 11:55:39,-3.96,2023.10.31 09:45:00,192,1998.84,0.01,A1_M5_MOM_R1_PULLBAC,2023.10.31 11:55:39,194,1996.12,sl 1996.12,-3.96,BT_A1_XAU_R1_PULLBACK_LONG_V2_M15_SESSION_09_15,1025742,XAUUSD,932200,192,2023.10.31 09:45:00,192,192,1998.84,0.01,A1_M5_MOM_R1_PULLBAC,2023.10.31 11:58:31,195,195,1995.34,0.01,4,sl 1995.34,-3.50,0.00,0.00,,false,-3.50,2,1,1,true,true,true,NATIVE_POSITION_RECONCILIATION_VALID
r1_h1_pullback_long_v1,r1_h1_pullback_long_v1,C:\Users\ZHAO ZHU INFORMATION\Downloads\algo-trading-system\xau-usd\xauusd-phase1\outputs\reports\mt5_backtests\a1_momentum_variants_owner_goal_r1_pullback_long_v2_session_exact_202207_202606_20260701\A1XauM5Momentum_OWNER_GOAL_R1_PULLBACK_LONG_V2_SESSION_EXACT_202207_202606_XAUUSD_M5_r1_pullback_long_v2_m15_session_09_15_trades.csv,98,r1_h1_pullback_long_v1::BT_A1_XAU_R1_PULLBACK_LONG_V2_M15_SESSION_09_15::1025742::XAUUSD::932200::193,LONG,2023-10-31 10:00:00,2023-10-31 11:58:31,-3.5,2023.10.31 10:00:00,193,2000.08,0.01,A1_M5_MOM_R1_PULLBAC,2023.10.31 11:58:31,195,1995.34,sl 1995.34,-3.5,BT_A1_XAU_R1_PULLBACK_LONG_V2_M15_SESSION_09_15,1025742,XAUUSD,932200,193,2023.10.31 10:00:00,193,193,2000.08,0.01,A1_M5_MOM_R1_PULLBAC,2023.10.31 11:55:39,194,194,1996.12,0.01,4,sl 1996.12,-3.96,0.00,0.00,,false,-3.96,2,1,1,true,true,true,NATIVE_POSITION_RECONCILIATION_VALID
r1_h1_pullback_long_v1,r1_h1_pullback_long_v1,C:\Users\ZHAO ZHU INFORMATION\Downloads\algo-trading-system\xau-usd\xauusd-phase1\outputs\reports\mt5_backtests\a1_momentum_variants_owner_goal_r1_pullback_long_v2_session_exact_202207_202606_20260701\A1XauM5Momentum_OWNER_GOAL_R1_PULLBACK_LONG_V2_SESSION_EXACT_202207_202606_XAUUSD_M5_r1_pullback_long_v2_m15_session_09_15_trades.csv,99,r1_h1_pullback_long_v1::BT_A1_XAU_R1_PULLBACK_LONG_V2_M15_SESSION_09_15::1025742::XAUUSD::932200::196,LONG,2023-10-31 13:00:00,2023-10-31 14:12:27,-8.58,2023.10.31 13:00:00,196,2002.57,0.01,A1_M5_MOM_R1_PULLBAC,2023.10.31 14:12:27,198,1993.99,sl 1993.99,-8.58,BT_A1_XAU_R1_PULLBACK_LONG_V2_M15_SESSION_09_15,1025742,XAUUSD,932200,196,2023.10.31 13:00:00,196,196,2002.57,0.01,A1_M5_MOM_R1_PULLBAC,2023.10.31 14:12:27,198,198,1993.99,0.01,4,sl 1993.99,-8.58,0.00,0.00,,false,-8.58,2,1,1,true,false,false,NATIVE_POSITION_RECONCILIATION_VALID
r1_h1_pullback_long_v1,r1_h1_pullback_long_v1,C:\Users\ZHAO ZHU INFORMATION\Downloads\algo-trading-system\xau-usd\xauusd-phase1\outputs\reports\mt5_backtests\a1_momentum_variants_owner_goal_r1_pullback_long_v2_session_exact_202207_202606_20260701\A1XauM5Momentum_OWNER_GOAL_R1_PULLBACK_LONG_V2_SESSION_EXACT_202207_202606_XAUUSD_M5_r1_pullback_long_v2_m15_session_09_15_trades.csv,100,r1_h1_pullback_long_v1::BT_A1_XAU_R1_PULLBACK_LONG_V2_M15_SESSION_09_15::1025742::XAUUSD::932200::197,LONG,2023-10-31 13:15:00,2023-10-31 14:12:28,-11.64,2023.10.31 13:15:00,197,2005.52,0.01,A1_M5_MOM_R1_PULLBAC,2023.10.31 14:12:28,199,1993.88,sl 1993.88,-11.64,BT_A1_XAU_R1_PULLBACK_LONG_V2_M15_SESSION_09_15,1025742,XAUUSD,932200,197,2023.10.31 13:15:00,197,197,2005.52,0.01,A1_M5_MOM_R1_PULLBAC,2023.10.31 14:12:28,199,199,1993.88,0.01,4,sl 1993.88,-11.64,0.00,0.00,,false,-11.64,2,1,1,true,false,false,NATIVE_POSITION_RECONCILIATION_VALID
r1_h1_pullback_long_v1,r1_h1_pullback_long_v1,C:\Users\ZHAO ZHU INFORMATION\Downloads\algo-trading-system\xau-usd\xauusd-phase1\outputs\reports\mt5_backtests\a1_momentum_variants_owner_goal_r1_pullback_long_v2_session_exact_202207_202606_20260701\A1XauM5Momentum_OWNER_GOAL_R1_PULLBACK_LONG_V2_SESSION_EXACT_202207_202606_XAUUSD_M5_r1_pullback_long_v2_m15_session_09_15_trades.csv,101,r1_h1_pullback_long_v1::BT_A1_XAU_R1_PULLBACK_LONG_V2_M15_SESSION_09_15::1025742::XAUUSD::932200::200,LONG,2023-11-03 14:00:00,2023-11-05 22:38:42,-8.35,2023.11.03 14:00:00,200,1994.56,0.01,A1_M5_MOM_R1_PULLBAC,2023.11.05 22:38:42,202,1987.07,sl 1987.07,-8.35,BT_A1_XAU_R1_PULLBACK_LONG_V2_M15_SESSION_09_15,1025742,XAUUSD,932200,200,2023.11.03 14:00:00,200,200,1994.56,0.01,A1_M5_MOM_R1_PULLBAC,2023.11.06 02:23:19,203,203,1986.40,0.01,4,sl 1986.41,-8.16,0.00,0.00,,false,-8.16,2,1,1,true,true,true,NATIVE_POSITION_RECONCILIATION_VALID
r1_h1_pullback_long_v1,r1_h1_pullback_long_v1,C:\Users\ZHAO ZHU INFORMATION\Downloads\algo-trading-system\xau-usd\xauusd-phase1\outputs\reports\mt5_backtests\a1_momentum_variants_owner_goal_r1_pullback_long_v2_session_exact_202207_202606_20260701\A1XauM5Momentum_OWNER_GOAL_R1_PULLBACK_LONG_V2_SESSION_EXACT_202207_202606_XAUUSD_M5_r1_pullback_long_v2_m15_session_09_15_trades.csv,102,r1_h1_pullback_long_v1::BT_A1_XAU_R1_PULLBACK_LONG_V2_M15_SESSION_09_15::1025742::XAUUSD::932200::201,LONG,2023-11-03 14:15:00,2023-11-06 02:23:19,-8.16,2023.11.03 14:15:00,201,1995.42,0.01,A1_M5_MOM_R1_PULLBAC,2023.11.06 02:23:19,203,1986.40,sl 1986.41,-8.16,BT_A1_XAU_R1_PULLBACK_LONG_V2_M15_SESSION_09_15,1025742,XAUUSD,932200,201,2023.11.03 14:15:00,201,201,1995.42,0.01,A1_M5_MOM_R1_PULLBAC,2023.11.05 22:38:42,202,202,1987.07,0.01,4,sl 1987.07,-8.35,0.00,0.00,,false,-8.35,2,1,1,true,true,true,NATIVE_POSITION_RECONCILIATION_VALID
h4_d1_long_best_box2_atr80,h4_d1_long_best_box2_atr80,C:\Users\ZHAO ZHU INFORMATION\Downloads\algo-trading-system\xau-usd\xauusd-phase1\outputs\reports\mt5_backtests\a1_momentum_variants_owner_goal_regime_router_v1_exact_202207_202606_20260701\A1XauM5Momentum_OWNER_GOAL_REGIME_ROUTER_V1_EXACT_202207_202606_XAUUSD_M5_router_v1_r1_long_box2_prevhealth_trades.csv,34,h4_d1_long_best_box2_atr80::BT_A1_XAU_ROUTER_V1_R1_LONG_BOX2_PREVHEALTH::1025742::XAUUSD::932200::66,LONG,2023-11-21 04:00:00,2023-11-28 23:42:29,53.45,2023.11.21 04:00:00,66,1992.26,0.01,A1_M5_MOM_ROUTER_V1_,2023.11.28 23:42:29,71,2045.71,tp 2045.70,53.45,BT_A1_XAU_ROUTER_V1_R1_LONG_BOX2_PREVHEALTH,1025742,XAUUSD,932200,66,2023.11.21 04:00:00,66,66,1992.26,0.01,A1_M5_MOM_ROUTER_V1_,2023.11.28 23:42:29,71,71,2045.71,0.01,5,tp 2045.70,53.45,0.00,0.00,,false,53.45,2,1,1,true,false,false,NATIVE_POSITION_RECONCILIATION_VALID
r1_h1_pullback_long_v1,r1_h1_pullback_long_v1,C:\Users\ZHAO ZHU INFORMATION\Downloads\algo-trading-system\xau-usd\xauusd-phase1\outputs\reports\mt5_backtests\a1_momentum_variants_owner_goal_r1_pullback_long_v2_session_exact_202207_202606_20260701\A1XauM5Momentum_OWNER_GOAL_R1_PULLBACK_LONG_V2_SESSION_EXACT_202207_202606_XAUUSD_M5_r1_pullback_long_v2_m15_session_09_15_trades.csv,103,r1_h1_pullback_long_v1::BT_A1_XAU_R1_PULLBACK_LONG_V2_M15_SESSION_09_15::1025742::XAUUSD::932200::204,LONG,2023-11-21 09:30:00,2023-11-21 12:24:30,7.01,2023.11.21 09:30:00,204,1988.72,0.01,A1_M5_MOM_R1_PULLBAC,2023.11.21 12:24:30,208,1995.71,tp 1995.70,7.01,BT_A1_XAU_R1_PULLBACK_LONG_V2_M15_SESSION_09_15,1025742,XAUUSD,932200,204,2023.11.21 09:30:00,204,204,1988.72,0.01,A1_M5_MOM_R1_PULLBAC,2023.11.21 12:30:38,211,211,1998.61,0.01,5,tp 1998.61,9.89,0.00,0.00,,false,9.89,2,1,1,true,true,true,NATIVE_POSITION_RECONCILIATION_VALID
r1_h1_pullback_long_v1,r1_h1_pullback_long_v1,C:\Users\ZHAO ZHU INFORMATION\Downloads\algo-trading-system\xau-usd\xauusd-phase1\outputs\reports\mt5_backtests\a1_momentum_variants_owner_goal_r1_pullback_long_v2_session_exact_202207_202606_20260701\A1XauM5Momentum_OWNER_GOAL_R1_PULLBACK_LONG_V2_SESSION_EXACT_202207_202606_XAUUSD_M5_r1_pullback_long_v2_m15_session_09_15_trades.csv,104,r1_h1_pullback_long_v1::BT_A1_XAU_R1_PULLBACK_LONG_V2_M15_SESSION_09_15::1025742::XAUUSD::932200::205,LONG,2023-11-21 10:45:00,2023-11-21 12:30:19,7.02,2023.11.21 10:45:00,205,1988.70,0.01,A1_M5_MOM_R1_PULLBAC,2023.11.21 12:30:19,210,1996.22,tp 1996.20,7.02,BT_A1_XAU_R1_PULLBACK_LONG_V2_M15_SESSION_09_15,1025742,XAUUSD,932200,205,2023.11.21 10:45:00,205,205,1988.70,0.01,A1_M5_MOM_R1_PULLBAC,2023.11.21 12:24:30,208,208,1995.71,0.01,5,tp 1995.70,7.01,0.00,0.00,,false,7.01,2,1,1,true,true,true,NATIVE_POSITION_RECONCILIATION_VALID
r1_h1_pullback_long_v1,r1_h1_pullback_long_v1,C:\Users\ZHAO ZHU INFORMATION\Downloads\algo-trading-system\xau-usd\xauusd-phase1\outputs\reports\mt5_backtests\a1_momentum_variants_owner_goal_r1_pullback_long_v2_session_exact_202207_202606_20260701\A1XauM5Momentum_OWNER_GOAL_R1_PULLBACK_LONG_V2_SESSION_EXACT_202207_202606_XAUUSD_M5_r1_pullback_long_v2_m15_session_09_15_trades.csv,105,r1_h1_pullback_long_v1::BT_A1_XAU_R1_PULLBACK_LONG_V2_M15_SESSION_09_15::1025742::XAUUSD::932200::206,LONG,2023-11-21 12:00:00,2023-11-21 12:30:38,9.89,2023.11.21 12:00:00,206,1989.20,0.01,A1_M5_MOM_R1_PULLBAC,2023.11.21 12:30:38,211,1998.61,tp 1998.61,9.89,BT_A1_XAU_R1_PULLBACK_LONG_V2_M15_SESSION_09_15,1025742,XAUUSD,932200,206,2023.11.21 12:00:00,206,206,1989.20,0.01,A1_M5_MOM_R1_PULLBAC,2023.11.21 12:30:19,210,210,1996.22,0.01,5,tp 1996.20,7.02,0.00,0.00,,false,7.02,2,1,1,true,true,true,NATIVE_POSITION_RECONCILIATION_VALID
r1_h1_pullback_long_v1,r1_h1_pullback_long_v1,C:\Users\ZHAO ZHU INFORMATION\Downloads\algo-trading-system\xau-usd\xauusd-phase1\outputs\reports\mt5_backtests\a1_momentum_variants_owner_goal_r1_pullback_long_v2_session_exact_202207_202606_20260701\A1XauM5Momentum_OWNER_GOAL_R1_PULLBACK_LONG_V2_SESSION_EXACT_202207_202606_XAUUSD_M5_r1_pullback_long_v2_m15_session_09_15_trades.csv,106,r1_h1_pullback_long_v1::BT_A1_XAU_R1_PULLBACK_LONG_V2_M15_SESSION_09_15::1025742::XAUUSD::932200::207,LONG,2023-11-21 12:15:00,2023-11-21 13:26:36,10.12,2023.11.21 12:15:00,207,1991.42,0.01,A1_M5_MOM_R1_PULLBAC,2023.11.21 13:26:36,214,2001.54,tp 2001.54,10.12,BT_A1_XAU_R1_PULLBACK_LONG_V2_M15_SESSION_09_15,1025742,XAUUSD,932200,207,2023.11.21 12:15:00,207,207,1991.42,0.01,A1_M5_MOM_R1_PULLBAC,2023.11.21 13:26:36,214,214,2001.54,0.01,5,tp 2001.54,10.12,0.00,0.00,,false,10.12,2,1,1,true,false,false,NATIVE_POSITION_RECONCILIATION_VALID
r1_h1_pullback_long_v1,r1_h1_pullback_long_v1,C:\Users\ZHAO ZHU INFORMATION\Downloads\algo-trading-system\xau-usd\xauusd-phase1\outputs\reports\mt5_backtests\a1_momentum_variants_owner_goal_r1_pullback_long_v2_session_exact_202207_202606_20260701\A1XauM5Momentum_OWNER_GOAL_R1_PULLBACK_LONG_V2_SESSION_EXACT_202207_202606_XAUUSD_M5_r1_pullback_long_v2_m15_session_09_15_trades.csv,107,r1_h1_pullback_long_v1::BT_A1_XAU_R1_PULLBACK_LONG_V2_M15_SESSION_09_15::1025742::XAUUSD::932200::209,LONG,2023-11-21 12:30:00,2023-11-22 14:04:39,-5.66,2023.11.21 12:30:00,209,1995.27,0.01,A1_M5_MOM_R1_PULLBAC,2023.11.22 14:04:39,217,1996.39,sl 1996.39,-5.66,BT_A1_XAU_R1_PULLBACK_LONG_V2_M15_SESSION_09_15,1025742,XAUUSD,932200,209,2023.11.21 12:30:00,209,209,1995.27,0.01,A1_M5_MOM_R1_PULLBAC,2023.11.27 00:27:18,226,226,2013.21,0.01,5,tp 2013.17,17.94,0.00,0.00,,false,17.94,2,1,1,true,true,true,NATIVE_POSITION_RECONCILIATION_VALID
r1_h1_pullback_long_v1,r1_h1_pullback_long_v1,C:\Users\ZHAO ZHU INFORMATION\Downloads\algo-trading-system\xau-usd\xauusd-phase1\outputs\reports\mt5_backtests\a1_momentum_variants_owner_goal_r1_pullback_long_v2_session_exact_202207_202606_20260701\A1XauM5Momentum_OWNER_GOAL_R1_PULLBACK_LONG_V2_SESSION_EXACT_202207_202606_XAUUSD_M5_r1_pullback_long_v2_m15_session_09_15_trades.csv,108,r1_h1_pullback_long_v1::BT_A1_XAU_R1_PULLBACK_LONG_V2_M15_SESSION_09_15::1025742::XAUUSD::932200::212,LONG,2023-11-21 13:00:00,2023-11-22 14:09:29,-3.5,2023.11.21 13:00:00,212,1997.70,0.01,A1_M5_MOM_R1_PULLBAC,2023.11.22 14:09:29,218,1995.73,sl 1995.73,-3.5,BT_A1_XAU_R1_PULLBACK_LONG_V2_M15_SESSION_09_15,1025742,XAUUSD,932200,212,2023.11.21 13:00:00,212,212,1997.70,0.01,A1_M5_MOM_R1_PULLBAC,2023.11.28 12:42:30,236,236,2019.60,0.01,5,tp 2019.56,21.90,0.00,0.00,,false,21.90,2,1,1,true,true,true,NATIVE_POSITION_RECONCILIATION_VALID
r1_h1_pullback_long_v1,r1_h1_pullback_long_v1,C:\Users\ZHAO ZHU INFORMATION\Downloads\algo-trading-system\xau-usd\xauusd-phase1\outputs\reports\mt5_backtests\a1_momentum_variants_owner_goal_r1_pullback_long_v2_session_exact_202207_202606_20260701\A1XauM5Momentum_OWNER_GOAL_R1_PULLBACK_LONG_V2_SESSION_EXACT_202207_202606_XAUUSD_M5_r1_pullback_long_v2_m15_session_09_15_trades.csv,109,r1_h1_pullback_long_v1::BT_A1_XAU_R1_PULLBACK_LONG_V2_M15_SESSION_09_15::1025742::XAUUSD::932200::213,LONG,2023-11-21 13:15:00,2023-11-24 12:37:37,7.02,2023.11.21 13:15:00,213,1999.35,0.01,A1_M5_MOM_R1_PULLBAC,2023.11.24 12:37:37,222,2001.65,tp 2001.63,7.02,BT_A1_XAU_R1_PULLBACK_LONG_V2_M15_SESSION_09_15,1025742,XAUUSD,932200,213,2023.11.21 13:15:00,213,213,1999.35,0.01,A1_M5_MOM_R1_PULLBAC,2023.11.28 13:16:24,239,239,2024.55,0.01,5,tp 2024.53,25.20,0.00,0.00,,false,25.20,2,1,1,true,true,true,NATIVE_POSITION_RECONCILIATION_VALID
h4_d1_long_best_box2_atr80,h4_d1_long_best_box2_atr80,C:\Users\ZHAO ZHU INFORMATION\Downloads\algo-trading-system\xau-usd\xauusd-phase1\outputs\reports\mt5_backtests\a1_momentum_variants_owner_goal_regime_router_v1_exact_202207_202606_20260701\A1XauM5Momentum_OWNER_GOAL_REGIME_ROUTER_V1_EXACT_202207_202606_XAUUSD_M5_router_v1_r1_long_box2_prevhealth_trades.csv,35,h4_d1_long_best_box2_atr80::BT_A1_XAU_ROUTER_V1_R1_LONG_BOX2_PREVHEALTH::1025742::XAUUSD::932200::67,LONG,2023-11-21 16:00:00,2023-12-01 15:13:38,42.97,2023.11.21 16:00:00,67,2001.16,0.01,A1_M5_MOM_ROUTER_V1_,2023.12.01 15:13:38,72,2056.11,tp 2056.06,42.97,BT_A1_XAU_ROUTER_V1_R1_LONG_BOX2_PREVHEALTH,1025742,XAUUSD,932200,67,2023.11.21 16:00:00,67,67,2001.16,0.01,A1_M5_MOM_ROUTER_V1_,2023.12.01 17:33:57,75,75,2072.45,0.01,5,tp 2072.44,71.29,0.00,0.00,,false,71.29,2,1,1,true,true,true,NATIVE_POSITION_RECONCILIATION_VALID
r1_h1_pullback_long_v1,r1_h1_pullback_long_v1,C:\Users\ZHAO ZHU INFORMATION\Downloads\algo-trading-system\xau-usd\xauusd-phase1\outputs\reports\mt5_backtests\a1_momentum_variants_owner_goal_r1_pullback_long_v2_session_exact_202207_202606_20260701\A1XauM5Momentum_OWNER_GOAL_R1_PULLBACK_LONG_V2_SESSION_EXACT_202207_202606_XAUUSD_M5_r1_pullback_long_v2_m15_session_09_15_trades.csv,110,r1_h1_pullback_long_v1::BT_A1_XAU_R1_PULLBACK_LONG_V2_M15_SESSION_09_15::1025742::XAUUSD::932200::215,LONG,2023-11-22 13:00:00,2023-11-24 13:31:36,7.0,2023.11.22 13:00:00,215,1999.23,0.01,A1_M5_MOM_R1_PULLBAC,2023.11.24 13:31:36,224,2002.25,tp 2002.25,7.0,BT_A1_XAU_R1_PULLBACK_LONG_V2_M15_SESSION_09_15,1025742,XAUUSD,932200,215,2023.11.22 13:00:00,215,215,1999.23,0.01,A1_M5_MOM_R1_PULLBAC,2023.11.22 14:09:29,218,218,1995.73,0.01,4,sl 1995.73,-3.50,0.00,0.00,,false,-3.50,2,1,1,true,true,true,NATIVE_POSITION_RECONCILIATION_VALID
r1_h1_pullback_long_v1,r1_h1_pullback_long_v1,C:\Users\ZHAO ZHU INFORMATION\Downloads\algo-trading-system\xau-usd\xauusd-phase1\outputs\reports\mt5_backtests\a1_momentum_variants_owner_goal_r1_pullback_long_v2_session_exact_202207_202606_20260701\A1XauM5Momentum_OWNER_GOAL_R1_PULLBACK_LONG_V2_SESSION_EXACT_202207_202606_XAUUSD_M5_r1_pullback_long_v2_m15_session_09_15_trades.csv,111,r1_h1_pullback_long_v1::BT_A1_XAU_R1_PULLBACK_LONG_V2_M15_SESSION_09_15::1025742::XAUUSD::932200::216,LONG,2023-11-22 13:45:00,2023-11-27 00:14:26,7.83,2023.11.22 13:45:00,216,2002.05,0.01,A1_M5_MOM_R1_PULLBAC,2023.11.27 00:14:26,225,2005.90,tp 2005.90,7.83,BT_A1_XAU_R1_PULLBACK_LONG_V2_M15_SESSION_09_15,1025742,XAUUSD,932200,216,2023.11.22 13:45:00,216,216,2002.05,0.01,A1_M5_MOM_R1_PULLBAC,2023.11.22 14:04:39,217,217,1996.39,0.01,4,sl 1996.39,-5.66,0.00,0.00,,false,-5.66,2,1,1,true,true,true,NATIVE_POSITION_RECONCILIATION_VALID
r1_h1_pullback_long_v1,r1_h1_pullback_long_v1,C:\Users\ZHAO ZHU INFORMATION\Downloads\algo-trading-system\xau-usd\xauusd-phase1\outputs\reports\mt5_backtests\a1_momentum_variants_owner_goal_r1_pullback_long_v2_session_exact_202207_202606_20260701\A1XauM5Momentum_OWNER_GOAL_R1_PULLBACK_LONG_V2_SESSION_EXACT_202207_202606_XAUUSD_M5_r1_pullback_long_v2_m15_session_09_15_trades.csv,112,r1_h1_pullback_long_v1::BT_A1_XAU_R1_PULLBACK_LONG_V2_M15_SESSION_09_15::1025742::XAUUSD::932200::219,LONG,2023-11-24 09:00:00,2023-11-27 00:27:18,17.94,2023.11.24 09:00:00,219,1994.63,0.01,A1_M5_MOM_R1_PULLBAC,2023.11.27 00:27:18,226,2013.21,tp 2013.17,17.94,BT_A1_XAU_R1_PULLBACK_LONG_V2_M15_SESSION_09_15,1025742,XAUUSD,932200,219,2023.11.24 09:00:00,219,219,1994.63,0.01,A1_M5_MOM_R1_PULLBAC,2023.11.24 12:37:37,222,222,2001.65,0.01,5,tp 2001.63,7.02,0.00,0.00,,false,7.02,2,1,1,true,true,true,NATIVE_POSITION_RECONCILIATION_VALID
r1_h1_pullback_long_v1,r1_h1_pullback_long_v1,C:\Users\ZHAO ZHU INFORMATION\Downloads\algo-trading-system\xau-usd\xauusd-phase1\outputs\reports\mt5_backtests\a1_momentum_variants_owner_goal_r1_pullback_long_v2_session_exact_202207_202606_20260701\A1XauM5Momentum_OWNER_GOAL_R1_PULLBACK_LONG_V2_SESSION_EXACT_202207_202606_XAUUSD_M5_r1_pullback_long_v2_m15_session_09_15_trades.csv,113,r1_h1_pullback_long_v1::BT_A1_XAU_R1_PULLBACK_LONG_V2_M15_SESSION_09_15::1025742::XAUUSD::932200::220,LONG,2023-11-24 09:15:00,2023-11-27 00:27:27,13.88,2023.11.24 09:15:00,220,1995.25,0.01,A1_M5_MOM_R1_PULLBAC,2023.11.27 00:27:27,227,2014.83,tp 2014.81,13.88,BT_A1_XAU_R1_PULLBACK_LONG_V2_M15_SESSION_09_15,1025742,XAUUSD,932200,220,2023.11.24 09:15:00,220,220,1995.25,0.01,A1_M5_MOM_R1_PULLBAC,2023.11.24 13:31:36,224,224,2002.25,0.01,5,tp 2002.25,7.00,0.00,0.00,,false,7.00,2,1,1,true,true,true,NATIVE_POSITION_RECONCILIATION_VALID
r1_h1_pullback_long_v1,r1_h1_pullback_long_v1,C:\Users\ZHAO ZHU INFORMATION\Downloads\algo-trading-system\xau-usd\xauusd-phase1\outputs\reports\mt5_backtests\a1_momentum_variants_owner_goal_r1_pullback_long_v2_session_exact_202207_202606_20260701\A1XauM5Momentum_OWNER_GOAL_R1_PULLBACK_LONG_V2_SESSION_EXACT_202207_202606_XAUUSD_M5_r1_pullback_long_v2_m15_session_09_15_trades.csv,114,r1_h1_pullback_long_v1::BT_A1_XAU_R1_PULLBACK_LONG_V2_M15_SESSION_09_15::1025742::XAUUSD::932200::221,LONG,2023-11-24 12:30:00,2023-11-27 15:08:37,-5.52,2023.11.24 12:30:00,221,1998.07,0.01,A1_M5_MOM_R1_PULLBAC,2023.11.27 15:08:37,229,2008.28,sl 2008.29,-5.52,BT_A1_XAU_R1_PULLBACK_LONG_V2_M15_SESSION_09_15,1025742,XAUUSD,932200,221,2023.11.24 12:30:00,221,221,1998.07,0.01,A1_M5_MOM_R1_PULLBAC,2023.11.27 00:14:26,225,225,2005.90,0.01,5,tp 2005.90,7.83,0.00,0.00,,false,7.83,2,1,1,true,true,true,NATIVE_POSITION_RECONCILIATION_VALID
r1_h1_pullback_long_v1,r1_h1_pullback_long_v1,C:\Users\ZHAO ZHU INFORMATION\Downloads\algo-trading-system\xau-usd\xauusd-phase1\outputs\reports\mt5_backtests\a1_momentum_variants_owner_goal_r1_pullback_long_v2_session_exact_202207_202606_20260701\A1XauM5Momentum_OWNER_GOAL_R1_PULLBACK_LONG_V2_SESSION_EXACT_202207_202606_XAUUSD_M5_r1_pullback_long_v2_m15_session_09_15_trades.csv,115,r1_h1_pullback_long_v1::BT_A1_XAU_R1_PULLBACK_LONG_V2_M15_SESSION_09_15::1025742::XAUUSD::932200::223,LONG,2023-11-24 12:45:00,2023-11-28 12:14:29,-3.51,2023.11.24 12:45:00,223,2000.95,0.01,A1_M5_MOM_R1_PULLBAC,2023.11.28 12:14:29,233,2012.53,sl 2012.54,-3.51,BT_A1_XAU_R1_PULLBACK_LONG_V2_M15_SESSION_09_15,1025742,XAUUSD,932200,223,2023.11.24 12:45:00,223,223,2000.95,0.01,A1_M5_MOM_R1_PULLBAC,2023.11.27 00:27:27,227,227,2014.83,0.01,5,tp 2014.81,13.88,0.00,0.00,,false,13.88,2,1,1,true,true,true,NATIVE_POSITION_RECONCILIATION_VALID
h4_d1_long_best_box2_atr80,h4_d1_long_best_box2_atr80,C:\Users\ZHAO ZHU INFORMATION\Downloads\algo-trading-system\xau-usd\xauusd-phase1\outputs\reports\mt5_backtests\a1_momentum_variants_owner_goal_regime_router_v1_exact_202207_202606_20260701\A1XauM5Momentum_OWNER_GOAL_REGIME_ROUTER_V1_EXACT_202207_202606_XAUUSD_M5_router_v1_r1_long_box2_prevhealth_trades.csv,36,h4_d1_long_best_box2_atr80::BT_A1_XAU_ROUTER_V1_R1_LONG_BOX2_PREVHEALTH::1025742::XAUUSD::932200::68,LONG,2023-11-27 04:00:00,2023-12-01 16:12:39,46.21,2023.11.27 04:00:00,68,2013.14,0.01,A1_M5_MOM_ROUTER_V1_,2023.12.01 16:12:39,74,2060.74,tp 2060.71,46.21,BT_A1_XAU_ROUTER_V1_R1_LONG_BOX2_PREVHEALTH,1025742,XAUUSD,932200,68,2023.11.27 04:00:00,68,68,2013.14,0.01,A1_M5_MOM_ROUTER_V1_,2023.12.01 15:13:38,72,72,2056.11,0.01,5,tp 2056.06,42.97,0.00,0.00,,false,42.97,2,1,1,true,true,true,NATIVE_POSITION_RECONCILIATION_VALID
r1_h1_pullback_long_v1,r1_h1_pullback_long_v1,C:\Users\ZHAO ZHU INFORMATION\Downloads\algo-trading-system\xau-usd\xauusd-phase1\outputs\reports\mt5_backtests\a1_momentum_variants_owner_goal_r1_pullback_long_v2_session_exact_202207_202606_20260701\A1XauM5Momentum_OWNER_GOAL_R1_PULLBACK_LONG_V2_SESSION_EXACT_202207_202606_XAUUSD_M5_r1_pullback_long_v2_m15_session_09_15_trades.csv,116,r1_h1_pullback_long_v1::BT_A1_XAU_R1_PULLBACK_LONG_V2_M15_SESSION_09_15::1025742::XAUUSD::932200::228,LONG,2023-11-27 14:30:00,2023-11-28 12:15:16,-3.5,2023.11.27 14:30:00,228,2013.80,0.01,A1_M5_MOM_R1_PULLBAC,2023.11.28 12:15:16,234,2012.00,sl 2012.00,-3.5,BT_A1_XAU_R1_PULLBACK_LONG_V2_M15_SESSION_09_15,1025742,XAUUSD,932200,228,2023.11.27 14:30:00,228,228,2013.80,0.01,A1_M5_MOM_R1_PULLBAC,2023.11.27 15:08:37,229,229,2008.28,0.01,4,sl 2008.29,-5.52,0.00,0.00,,false,-5.52,2,1,1,true,true,true,NATIVE_POSITION_RECONCILIATION_VALID
h4_d1_long_best_box2_atr80,h4_d1_long_best_box2_atr80,C:\Users\ZHAO ZHU INFORMATION\Downloads\algo-trading-system\xau-usd\xauusd-phase1\outputs\reports\mt5_backtests\a1_momentum_variants_owner_goal_regime_router_v1_exact_202207_202606_20260701\A1XauM5Momentum_OWNER_GOAL_REGIME_ROUTER_V1_EXACT_202207_202606_XAUUSD_M5_router_v1_r1_long_box2_prevhealth_trades.csv,37,h4_d1_long_best_box2_atr80::BT_A1_XAU_ROUTER_V1_R1_LONG_BOX2_PREVHEALTH::1025742::XAUUSD::932200::69,LONG,2023-11-27 20:00:00,2023-12-01 17:33:57,71.29,2023.11.27 20:00:00,69,2014.53,0.01,A1_M5_MOM_ROUTER_V1_,2023.12.01 17:33:57,75,2072.45,tp 2072.44,71.29,BT_A1_XAU_ROUTER_V1_R1_LONG_BOX2_PREVHEALTH,1025742,XAUUSD,932200,69,2023.11.27 20:00:00,69,69,2014.53,0.01,A1_M5_MOM_ROUTER_V1_,2023.12.01 16:12:39,74,74,2060.74,0.01,5,tp 2060.71,46.21,0.00,0.00,,false,46.21,2,1,1,true,true,true,NATIVE_POSITION_RECONCILIATION_VALID
r1_h1_pullback_long_v1,r1_h1_pullback_long_v1,C:\Users\ZHAO ZHU INFORMATION\Downloads\algo-trading-system\xau-usd\xauusd-phase1\outputs\reports\mt5_backtests\a1_momentum_variants_owner_goal_r1_pullback_long_v2_session_exact_202207_202606_20260701\A1XauM5Momentum_OWNER_GOAL_R1_PULLBACK_LONG_V2_SESSION_EXACT_202207_202606_XAUUSD_M5_r1_pullback_long_v2_m15_session_09_15_trades.csv,117,r1_h1_pullback_long_v1::BT_A1_XAU_R1_PULLBACK_LONG_V2_M15_SESSION_09_15::1025742::XAUUSD::932200::230,LONG,2023-11-28 09:00:00,2023-11-28 12:42:30,21.9,2023.11.28 09:00:00,230,2016.04,0.01,A1_M5_MOM_R1_PULLBAC,2023.11.28 12:42:30,236,2019.60,tp 2019.56,21.9,BT_A1_XAU_R1_PULLBACK_LONG_V2_M15_SESSION_09_15,1025742,XAUUSD,932200,230,2023.11.28 09:00:00,230,230,2016.04,0.01,A1_M5_MOM_R1_PULLBAC,2023.11.28 12:14:29,233,233,2012.53,0.01,4,sl 2012.54,-3.51,0.00,0.00,,false,-3.51,2,1,1,true,true,true,NATIVE_POSITION_RECONCILIATION_VALID
r1_h1_pullback_long_v1,r1_h1_pullback_long_v1,C:\Users\ZHAO ZHU INFORMATION\Downloads\algo-trading-system\xau-usd\xauusd-phase1\outputs\reports\mt5_backtests\a1_momentum_variants_owner_goal_r1_pullback_long_v2_session_exact_202207_202606_20260701\A1XauM5Momentum_OWNER_GOAL_R1_PULLBACK_LONG_V2_SESSION_EXACT_202207_202606_XAUUSD_M5_r1_pullback_long_v2_m15_session_09_15_trades.csv,118,r1_h1_pullback_long_v1::BT_A1_XAU_R1_PULLBACK_LONG_V2_M15_SESSION_09_15::1025742::XAUUSD::932200::231,LONG,2023-11-28 10:00:00,2023-11-28 13:00:18,7.02,2023.11.28 10:00:00,231,2014.67,0.01,A1_M5_MOM_R1_PULLBAC,2023.11.28 13:00:18,238,2021.69,tp 2021.67,7.02,BT_A1_XAU_R1_PULLBACK_LONG_V2_M15_SESSION_09_15,1025742,XAUUSD,932200,231,2023.11.28 10:00:00,231,231,2014.67,0.01,A1_M5_MOM_R1_PULLBAC,2023.11.28 13:00:18,238,238,2021.69,0.01,5,tp 2021.67,7.02,0.00,0.00,,false,7.02,2,1,1,true,false,false,NATIVE_POSITION_RECONCILIATION_VALID
r1_h1_pullback_long_v1,r1_h1_pullback_long_v1,C:\Users\ZHAO ZHU INFORMATION\Downloads\algo-trading-system\xau-usd\xauusd-phase1\outputs\reports\mt5_backtests\a1_momentum_variants_owner_goal_r1_pullback_long_v2_session_exact_202207_202606_20260701\A1XauM5Momentum_OWNER_GOAL_R1_PULLBACK_LONG_V2_SESSION_EXACT_202207_202606_XAUUSD_M5_r1_pullback_long_v2_m15_session_09_15_trades.csv,119,r1_h1_pullback_long_v1::BT_A1_XAU_R1_PULLBACK_LONG_V2_M15_SESSION_09_15::1025742::XAUUSD::932200::232,LONG,2023-11-28 10:15:00,2023-11-28 13:16:24,25.2,2023.11.28 10:15:00,232,2015.50,0.01,A1_M5_MOM_R1_PULLBAC,2023.11.28 13:16:24,239,2024.55,tp 2024.53,25.2,BT_A1_XAU_R1_PULLBACK_LONG_V2_M15_SESSION_09_15,1025742,XAUUSD,932200,232,2023.11.28 10:15:00,232,232,2015.50,0.01,A1_M5_MOM_R1_PULLBAC,2023.11.28 12:15:16,234,234,2012.00,0.01,4,sl 2012.00,-3.50,0.00,0.00,,false,-3.50,2,1,1,true,true,true,NATIVE_POSITION_RECONCILIATION_VALID
r1_h1_pullback_long_v1,r1_h1_pullback_long_v1,C:\Users\ZHAO ZHU INFORMATION\Downloads\algo-trading-system\xau-usd\xauusd-phase1\outputs\reports\mt5_backtests\a1_momentum_variants_owner_goal_r1_pullback_long_v2_session_exact_202207_202606_20260701\A1XauM5Momentum_OWNER_GOAL_R1_PULLBACK_LONG_V2_SESSION_EXACT_202207_202606_XAUUSD_M5_r1_pullback_long_v2_m15_session_09_15_trades.csv,120,r1_h1_pullback_long_v1::BT_A1_XAU_R1_PULLBACK_LONG_V2_M15_SESSION_09_15::1025742::XAUUSD::932200::235,LONG,2023-11-28 12:30:00,2023-11-28 13:24:28,10.41,2023.11.28 12:30:00,235,2016.52,0.01,A1_M5_MOM_R1_PULLBAC,2023.11.28 13:24:28,240,2026.93,tp 2026.91,10.41,BT_A1_XAU_R1_PULLBACK_LONG_V2_M15_SESSION_09_15,1025742,XAUUSD,932200,235,2023.11.28 12:30:00,235,235,2016.52,0.01,A1_M5_MOM_R1_PULLBAC,2023.11.28 13:24:28,240,240,2026.93,0.01,5,tp 2026.91,10.41,0.00,0.00,,false,10.41,2,1,1,true,false,false,NATIVE_POSITION_RECONCILIATION_VALID
r1_h1_pullback_long_v1,r1_h1_pullback_long_v1,C:\Users\ZHAO ZHU INFORMATION\Downloads\algo-trading-system\xau-usd\xauusd-phase1\outputs\reports\mt5_backtests\a1_momentum_variants_owner_goal_r1_pullback_long_v2_session_exact_202207_202606_20260701\A1XauM5Momentum_OWNER_GOAL_R1_PULLBACK_LONG_V2_SESSION_EXACT_202207_202606_XAUUSD_M5_r1_pullback_long_v2_m15_session_09_15_trades.csv,121,r1_h1_pullback_long_v1::BT_A1_XAU_R1_PULLBACK_LONG_V2_M15_SESSION_09_15::1025742::XAUUSD::932200::237,LONG,2023-11-28 12:45:00,2023-11-28 15:27:04,18.04,2023.11.28 12:45:00,237,2020.13,0.01,A1_M5_MOM_R1_PULLBAC,2023.11.28 15:27:04,241,2038.17,tp 2038.16,18.04,BT_A1_XAU_R1_PULLBACK_LONG_V2_M15_SESSION_09_15,1025742,XAUUSD,932200,237,2023.11.28 12:45:00,237,237,2020.13,0.01,A1_M5_MOM_R1_PULLBAC,2023.11.28 15:27:04,241,241,2038.17,0.01,5,tp 2038.16,18.04,0.00,0.00,,false,18.04,2,1,1,true,false,false,NATIVE_POSITION_RECONCILIATION_VALID
h4_d1_long_best_box2_atr80,h4_d1_long_best_box2_atr80,C:\Users\ZHAO ZHU INFORMATION\Downloads\algo-trading-system\xau-usd\xauusd-phase1\outputs\reports\mt5_backtests\a1_momentum_variants_owner_goal_regime_router_v1_exact_202207_202606_20260701\A1XauM5Momentum_OWNER_GOAL_REGIME_ROUTER_V1_EXACT_202207_202606_XAUUSD_M5_router_v1_r1_long_box2_prevhealth_trades.csv,38,h4_d1_long_best_box2_atr80::BT_A1_XAU_ROUTER_V1_R1_LONG_BOX2_PREVHEALTH::1025742::XAUUSD::932200::70,LONG,2023-11-28 16:00:00,2023-12-03 22:23:37,56.89,2023.11.28 16:00:00,70,2039.82,0.01,A1_M5_MOM_ROUTER_V1_,2023.12.03 22:23:37,76,2115.67,tp 2114.38,56.89,BT_A1_XAU_ROUTER_V1_R1_LONG_BOX2_PREVHEALTH,1025742,XAUUSD,932200,70,2023.11.28 16:00:00,70,70,2039.82,0.01,A1_M5_MOM_ROUTER_V1_,2023.12.03 22:25:36,77,77,2118.77,0.01,5,tp 2118.46,78.95,0.00,0.00,,false,78.95,2,1,1,true,true,true,NATIVE_POSITION_RECONCILIATION_VALID
r1_h1_pullback_long_v1,r1_h1_pullback_long_v1,C:\Users\ZHAO ZHU INFORMATION\Downloads\algo-trading-system\xau-usd\xauusd-phase1\outputs\reports\mt5_backtests\a1_momentum_variants_owner_goal_r1_pullback_long_v2_session_exact_202207_202606_20260701\A1XauM5Momentum_OWNER_GOAL_R1_PULLBACK_LONG_V2_SESSION_EXACT_202207_202606_XAUUSD_M5_r1_pullback_long_v2_m15_session_09_15_trades.csv,122,r1_h1_pullback_long_v1::BT_A1_XAU_R1_PULLBACK_LONG_V2_M15_SESSION_09_15::1025742::XAUUSD::932200::242,LONG,2023-11-29 11:00:00,2023-11-29 12:38:05,-3.51,2023.11.29 11:00:00,242,2040.17,0.01,A1_M5_MOM_R1_PULLBAC,2023.11.29 12:38:05,245,2038.69,sl 2038.69,-3.51,BT_A1_XAU_R1_PULLBACK_LONG_V2_M15_SESSION_09_15,1025742,XAUUSD,932200,242,2023.11.29 11:00:00,242,242,2040.17,0.01,A1_M5_MOM_R1_PULLBAC,2023.11.29 17:44:32,247,247,2047.89,0.01,5,tp 2047.86,7.72,0.00,0.00,,false,7.72,2,1,1,true,true,true,NATIVE_POSITION_RECONCILIATION_VALID
r1_h1_pullback_long_v1,r1_h1_pullback_long_v1,C:\Users\ZHAO ZHU INFORMATION\Downloads\algo-trading-system\xau-usd\xauusd-phase1\outputs\reports\mt5_backtests\a1_momentum_variants_owner_goal_r1_pullback_long_v2_session_exact_202207_202606_20260701\A1XauM5Momentum_OWNER_GOAL_R1_PULLBACK_LONG_V2_SESSION_EXACT_202207_202606_XAUUSD_M5_r1_pullback_long_v2_m15_session_09_15_trades.csv,123,r1_h1_pullback_long_v1::BT_A1_XAU_R1_PULLBACK_LONG_V2_M15_SESSION_09_15::1025742::XAUUSD::932200::243,LONG,2023-11-29 11:45:00,2023-11-29 12:39:37,-3.51,2023.11.29 11:45:00,243,2041.11,0.01,A1_M5_MOM_R1_PULLBAC,2023.11.29 12:39:37,246,2037.60,sl 2037.61,-3.51,BT_A1_XAU_R1_PULLBACK_LONG_V2_M15_SESSION_09_15,1025742,XAUUSD,932200,243,2023.11.29 11:45:00,243,243,2041.11,0.01,A1_M5_MOM_R1_PULLBAC,2023.11.29 12:39:37,246,246,2037.60,0.01,4,sl 2037.61,-3.51,0.00,0.00,,false,-3.51,2,1,1,true,false,false,NATIVE_POSITION_RECONCILIATION_VALID
r1_h1_pullback_long_v1,r1_h1_pullback_long_v1,C:\Users\ZHAO ZHU INFORMATION\Downloads\algo-trading-system\xau-usd\xauusd-phase1\outputs\reports\mt5_backtests\a1_momentum_variants_owner_goal_r1_pullback_long_v2_session_exact_202207_202606_20260701\A1XauM5Momentum_OWNER_GOAL_R1_PULLBACK_LONG_V2_SESSION_EXACT_202207_202606_XAUUSD_M5_r1_pullback_long_v2_m15_session_09_15_trades.csv,124,r1_h1_pullback_long_v1::BT_A1_XAU_R1_PULLBACK_LONG_V2_M15_SESSION_09_15::1025742::XAUUSD::932200::244,LONG,2023-11-29 12:30:00,2023-11-29 17:44:32,7.72,2023.11.29 12:30:00,244,2042.20,0.01,A1_M5_MOM_R1_PULLBAC,2023.11.29 17:44:32,247,2047.89,tp 2047.86,7.72,BT_A1_XAU_R1_PULLBACK_LONG_V2_M15_SESSION_09_15,1025742,XAUUSD,932200,244,2023.11.29 12:30:00,244,244,2042.20,0.01,A1_M5_MOM_R1_PULLBAC,2023.11.29 12:38:05,245,245,2038.69,0.01,4,sl 2038.69,-3.51,0.00,0.00,,false,-3.51,2,1,1,true,true,true,NATIVE_POSITION_RECONCILIATION_VALID
h4_d1_long_best_box2_atr80,h4_d1_long_best_box2_atr80,C:\Users\ZHAO ZHU INFORMATION\Downloads\algo-trading-system\xau-usd\xauusd-phase1\outputs\reports\mt5_backtests\a1_momentum_variants_owner_goal_regime_router_v1_exact_202207_202606_20260701\A1XauM5Momentum_OWNER_GOAL_REGIME_ROUTER_V1_EXACT_202207_202606_XAUUSD_M5_router_v1_r1_long_box2_prevhealth_trades.csv,39,h4_d1_long_best_box2_atr80::BT_A1_XAU_ROUTER_V1_R1_LONG_BOX2_PREVHEALTH::1025742::XAUUSD::932200::73,LONG,2023-12-01 16:00:00,2023-12-03 22:25:36,78.95,2023.12.01 16:00:00,73,2058.78,0.01,A1_M5_MOM_ROUTER_V1_,2023.12.03 22:25:36,77,2118.77,tp 2118.46,78.95,BT_A1_XAU_ROUTER_V1_R1_LONG_BOX2_PREVHEALTH,1025742,XAUUSD,932200,73,2023.12.01 16:00:00,73,73,2058.78,0.01,A1_M5_MOM_ROUTER_V1_,2023.12.03 22:23:37,76,76,2115.67,0.01,5,tp 2114.38,56.89,0.00,0.00,,false,56.89,2,1,1,true,true,true,NATIVE_POSITION_RECONCILIATION_VALID
r1_h1_pullback_long_v1,r1_h1_pullback_long_v1,C:\Users\ZHAO ZHU INFORMATION\Downloads\algo-trading-system\xau-usd\xauusd-phase1\outputs\reports\mt5_backtests\a1_momentum_variants_owner_goal_r1_pullback_long_v2_session_exact_202207_202606_20260701\A1XauM5Momentum_OWNER_GOAL_R1_PULLBACK_LONG_V2_SESSION_EXACT_202207_202606_XAUUSD_M5_r1_pullback_long_v2_m15_session_09_15_trades.csv,125,r1_h1_pullback_long_v1::BT_A1_XAU_R1_PULLBACK_LONG_V2_M15_SESSION_09_15::1025742::XAUUSD::932200::248,LONG,2023-12-19 10:00:00,2023-12-19 13:35:39,7.0,2023.12.19 10:00:00,248,2025.76,0.01,A1_M5_MOM_R1_PULLBAC,2023.12.19 13:35:39,254,2032.76,tp 2032.76,7.0,BT_A1_XAU_R1_PULLBACK_LONG_V2_M15_SESSION_09_15,1025742,XAUUSD,932200,248,2023.12.19 10:00:00,248,248,2025.76,0.01,A1_M5_MOM_R1_PULLBAC,2023.12.19 13:35:39,254,254,2032.76,0.01,5,tp 2032.76,7.00,0.00,0.00,,false,7.00,2,1,1,true,false,false,NATIVE_POSITION_RECONCILIATION_VALID
r1_h1_pullback_long_v1,r1_h1_pullback_long_v1,C:\Users\ZHAO ZHU INFORMATION\Downloads\algo-trading-system\xau-usd\xauusd-phase1\outputs\reports\mt5_backtests\a1_momentum_variants_owner_goal_r1_pullback_long_v2_session_exact_202207_202606_20260701\A1XauM5Momentum_OWNER_GOAL_R1_PULLBACK_LONG_V2_SESSION_EXACT_202207_202606_XAUUSD_M5_r1_pullback_long_v2_m15_session_09_15_trades.csv,126,r1_h1_pullback_long_v1::BT_A1_XAU_R1_PULLBACK_LONG_V2_M15_SESSION_09_15::1025742::XAUUSD::932200::249,LONG,2023-12-19 10:15:00,2023-12-19 13:37:21,7.0,2023.12.19 10:15:00,249,2026.72,0.01,A1_M5_MOM_R1_PULLBAC,2023.12.19 13:37:21,255,2033.72,tp 2033.72,7.0,BT_A1_XAU_R1_PULLBACK_LONG_V2_M15_SESSION_09_15,1025742,XAUUSD,932200,249,2023.12.19 10:15:00,249,249,2026.72,0.01,A1_M5_MOM_R1_PULLBAC,2023.12.19 13:37:21,255,255,2033.72,0.01,5,tp 2033.72,7.00,0.00,0.00,,false,7.00,2,1,1,true,false,false,NATIVE_POSITION_RECONCILIATION_VALID
r1_h1_pullback_long_v1,r1_h1_pullback_long_v1,C:\Users\ZHAO ZHU INFORMATION\Downloads\algo-trading-system\xau-usd\xauusd-phase1\outputs\reports\mt5_backtests\a1_momentum_variants_owner_goal_r1_pullback_long_v2_session_exact_202207_202606_20260701\A1XauM5Momentum_OWNER_GOAL_R1_PULLBACK_LONG_V2_SESSION_EXACT_202207_202606_XAUUSD_M5_r1_pullback_long_v2_m15_session_09_15_trades.csv,127,r1_h1_pullback_long_v1::BT_A1_XAU_R1_PULLBACK_LONG_V2_M15_SESSION_09_15::1025742::XAUUSD::932200::250,LONG,2023-12-19 11:15:00,2023-12-19 13:45:32,7.96,2023.12.19 11:15:00,250,2028.76,0.01,A1_M5_MOM_R1_PULLBAC,2023.12.19 13:45:32,256,2037.66,tp 2037.58,7.96,BT_A1_XAU_R1_PULLBACK_LONG_V2_M15_SESSION_09_15,1025742,XAUUSD,932200,250,2023.12.19 11:15:00,250,250,2028.76,0.01,A1_M5_MOM_R1_PULLBAC,2023.12.19 13:46:31,257,257,2038.38,0.01,5,tp 2038.38,9.62,0.00,0.00,,false,9.62,2,1,1,true,true,true,NATIVE_POSITION_RECONCILIATION_VALID
r1_h1_pullback_long_v1,r1_h1_pullback_long_v1,C:\Users\ZHAO ZHU INFORMATION\Downloads\algo-trading-system\xau-usd\xauusd-phase1\outputs\reports\mt5_backtests\a1_momentum_variants_owner_goal_r1_pullback_long_v2_session_exact_202207_202606_20260701\A1XauM5Momentum_OWNER_GOAL_R1_PULLBACK_LONG_V2_SESSION_EXACT_202207_202606_XAUUSD_M5_r1_pullback_long_v2_m15_session_09_15_trades.csv,128,r1_h1_pullback_long_v1::BT_A1_XAU_R1_PULLBACK_LONG_V2_M15_SESSION_09_15::1025742::XAUUSD::932200::251,LONG,2023-12-19 12:00:00,2023-12-19 13:46:31,9.62,2023.12.19 12:00:00,251,2029.70,0.01,A1_M5_MOM_R1_PULLBAC,2023.12.19 13:46:31,257,2038.38,tp 2038.38,9.62,BT_A1_XAU_R1_PULLBACK_LONG_V2_M15_SESSION_09_15,1025742,XAUUSD,932200,251,2023.12.19 12:00:00,251,251,2029.70,0.01,A1_M5_MOM_R1_PULLBAC,2023.12.19 13:45:32,256,256,2037.66,0.01,5,tp 2037.58,7.96,0.00,0.00,,false,7.96,2,1,1,true,true,true,NATIVE_POSITION_RECONCILIATION_VALID
r1_h1_pullback_long_v1,r1_h1_pullback_long_v1,C:\Users\ZHAO ZHU INFORMATION\Downloads\algo-trading-system\xau-usd\xauusd-phase1\outputs\reports\mt5_backtests\a1_momentum_variants_owner_goal_r1_pullback_long_v2_session_exact_202207_202606_20260701\A1XauM5Momentum_OWNER_GOAL_R1_PULLBACK_LONG_V2_SESSION_EXACT_202207_202606_XAUUSD_M5_r1_pullback_long_v2_m15_session_09_15_trades.csv,129,r1_h1_pullback_long_v1::BT_A1_XAU_R1_PULLBACK_LONG_V2_M15_SESSION_09_15::1025742::XAUUSD::932200::252,LONG,2023-12-19 12:15:00,2023-12-19 13:48:32,10.21,2023.12.19 12:15:00,252,2030.85,0.01,A1_M5_MOM_R1_PULLBAC,2023.12.19 13:48:32,258,2041.06,tp 2041.05,10.21,BT_A1_XAU_R1_PULLBACK_LONG_V2_M15_SESSION_09_15,1025742,XAUUSD,932200,252,2023.12.19 12:15:00,252,252,2030.85,0.01,A1_M5_MOM_R1_PULLBAC,2023.12.19 13:48:32,258,258,2041.06,0.01,5,tp 2041.05,10.21,0.00,0.00,,false,10.21,2,1,1,true,false,false,NATIVE_POSITION_RECONCILIATION_VALID
r1_h1_pullback_long_v1,r1_h1_pullback_long_v1,C:\Users\ZHAO ZHU INFORMATION\Downloads\algo-trading-system\xau-usd\xauusd-phase1\outputs\reports\mt5_backtests\a1_momentum_variants_owner_goal_r1_pullback_long_v2_session_exact_202207_202606_20260701\A1XauM5Momentum_OWNER_GOAL_R1_PULLBACK_LONG_V2_SESSION_EXACT_202207_202606_XAUUSD_M5_r1_pullback_long_v2_m15_session_09_15_trades.csv,130,r1_h1_pullback_long_v1::BT_A1_XAU_R1_PULLBACK_LONG_V2_M15_SESSION_09_15::1025742::XAUUSD::932200::253,LONG,2023-12-19 13:15:00,2023-12-19 13:48:41,9.91,2023.12.19 13:15:00,253,2031.53,0.01,A1_M5_MOM_R1_PULLBAC,2023.12.19 13:48:41,259,2041.44,tp 2041.44,9.91,BT_A1_XAU_R1_PULLBACK_LONG_V2_M15_SESSION_09_15,1025742,XAUUSD,932200,253,2023.12.19 13:15:00,253,253,2031.53,0.01,A1_M5_MOM_R1_PULLBAC,2023.12.19 13:48:41,259,259,2041.44,0.01,5,tp 2041.44,9.91,0.00,0.00,,false,9.91,2,1,1,true,false,false,NATIVE_POSITION_RECONCILIATION_VALID
r1_h1_pullback_long_v1,r1_h1_pullback_long_v1,C:\Users\ZHAO ZHU INFORMATION\Downloads\algo-trading-system\xau-usd\xauusd-phase1\outputs\reports\mt5_backtests\a1_momentum_variants_owner_goal_r1_pullback_long_v2_session_exact_202207_202606_20260701\A1XauM5Momentum_OWNER_GOAL_R1_PULLBACK_LONG_V2_SESSION_EXACT_202207_202606_XAUUSD_M5_r1_pullback_long_v2_m15_session_09_15_trades.csv,131,r1_h1_pullback_long_v1::BT_A1_XAU_R1_PULLBACK_LONG_V2_M15_SESSION_09_15::1025742::XAUUSD::932200::260,LONG,2023-12-21 12:45:00,2023-12-21 22:42:18,10.4,2023.12.21 12:45:00,260,2043.27,0.01,A1_M5_MOM_R1_PULLBAC,2023.12.21 22:42:18,262,2051.19,tp 2051.18,10.4,BT_A1_XAU_R1_PULLBACK_LONG_V2_M15_SESSION_09_15,1025742,XAUUSD,932200,260,2023.12.21 12:45:00,260,260,2043.27,0.01,A1_M5_MOM_R1_PULLBAC,2023.12.22 12:48:43,263,263,2067.29,0.01,5,tp 2066.93,24.02,0.00,0.00,,false,24.02,2,1,1,true,true,true,NATIVE_POSITION_RECONCILIATION_VALID
r1_h1_pullback_long_v1,r1_h1_pullback_long_v1,C:\Users\ZHAO ZHU INFORMATION\Downloads\algo-trading-system\xau-usd\xauusd-phase1\outputs\reports\mt5_backtests\a1_momentum_variants_owner_goal_r1_pullback_long_v2_session_exact_202207_202606_20260701\A1XauM5Momentum_OWNER_GOAL_R1_PULLBACK_LONG_V2_SESSION_EXACT_202207_202606_XAUUSD_M5_r1_pullback_long_v2_m15_session_09_15_trades.csv,132,r1_h1_pullback_long_v1::BT_A1_XAU_R1_PULLBACK_LONG_V2_M15_SESSION_09_15::1025742::XAUUSD::932200::261,LONG,2023-12-21 14:30:00,2023-12-22 12:48:43,24.02,2023.12.21 14:30:00,261,2040.79,0.01,A1_M5_MOM_R1_PULLBAC,2023.12.22 12:48:43,263,2067.29,tp 2066.93,24.02,BT_A1_XAU_R1_PULLBACK_LONG_V2_M15_SESSION_09_15,1025742,XAUUSD,932200,261,2023.12.21 14:30:00,261,261,2040.79,0.01,A1_M5_MOM_R1_PULLBAC,2023.12.21 22:42:18,262,262,2051.19,0.01,5,tp 2051.18,10.40,0.00,0.00,,false,10.40,2,1,1,true,true,true,NATIVE_POSITION_RECONCILIATION_VALID
h4_d1_long_best_box2_atr80,h4_d1_long_best_box2_atr80,C:\Users\ZHAO ZHU INFORMATION\Downloads\algo-trading-system\xau-usd\xauusd-phase1\outputs\reports\mt5_backtests\a1_momentum_variants_owner_goal_regime_router_v1_exact_202207_202606_20260701\A1XauM5Momentum_OWNER_GOAL_REGIME_ROUTER_V1_EXACT_202207_202606_XAUUSD_M5_router_v1_r1_long_box2_prevhealth_trades.csv,40,h4_d1_long_best_box2_atr80::BT_A1_XAU_ROUTER_V1_R1_LONG_BOX2_PREVHEALTH::1025742::XAUUSD::932200::78,LONG,2023-12-22 12:00:00,2024-01-03 08:44:41,-32.06,2023.12.22 12:00:00,78,2060.38,0.01,A1_M5_MOM_ROUTER_V1_,2024.01.03 08:44:41,81,2054.61,sl 2054.61,-32.06,BT_A1_XAU_ROUTER_V1_R1_LONG_BOX2_PREVHEALTH,1025742,XAUUSD,932200,78,2023.12.22 12:00:00,78,78,2060.38,0.01,A1_M5_MOM_ROUTER_V1_,2024.01.05 12:31:20,83,83,2027.41,0.01,4,sl 2027.41,-32.97,0.00,0.00,,false,-32.97,2,1,1,true,true,true,NATIVE_POSITION_RECONCILIATION_VALID
r1_h1_pullback_long_v1,r1_h1_pullback_long_v1,C:\Users\ZHAO ZHU INFORMATION\Downloads\algo-trading-system\xau-usd\xauusd-phase1\outputs\reports\mt5_backtests\a1_momentum_variants_owner_goal_r1_pullback_long_v2_session_exact_202207_202606_20260701\A1XauM5Momentum_OWNER_GOAL_R1_PULLBACK_LONG_V2_SESSION_EXACT_202207_202606_XAUUSD_M5_r1_pullback_long_v2_m15_session_09_15_trades.csv,133,r1_h1_pullback_long_v1::BT_A1_XAU_R1_PULLBACK_LONG_V2_M15_SESSION_09_15::1025742::XAUUSD::932200::264,LONG,2023-12-27 10:15:00,2023-12-27 14:28:42,10.36,2023.12.27 10:15:00,264,2066.32,0.01,A1_M5_MOM_R1_PULLBAC,2023.12.27 14:28:42,269,2076.68,tp 2076.68,10.36,BT_A1_XAU_R1_PULLBACK_LONG_V2_M15_SESSION_09_15,1025742,XAUUSD,932200,264,2023.12.27 10:15:00,264,264,2066.32,0.01,A1_M5_MOM_R1_PULLBAC,2023.12.27 14:28:42,269,269,2076.68,0.01,5,tp 2076.68,10.36,0.00,0.00,,false,10.36,2,1,1,true,false,false,NATIVE_POSITION_RECONCILIATION_VALID
r1_h1_pullback_long_v1,r1_h1_pullback_long_v1,C:\Users\ZHAO ZHU INFORMATION\Downloads\algo-trading-system\xau-usd\xauusd-phase1\outputs\reports\mt5_backtests\a1_momentum_variants_owner_goal_r1_pullback_long_v2_session_exact_202207_202606_20260701\A1XauM5Momentum_OWNER_GOAL_R1_PULLBACK_LONG_V2_SESSION_EXACT_202207_202606_XAUUSD_M5_r1_pullback_long_v2_m15_session_09_15_trades.csv,134,r1_h1_pullback_long_v1::BT_A1_XAU_R1_PULLBACK_LONG_V2_M15_SESSION_09_15::1025742::XAUUSD::932200::265,LONG,2023-12-27 10:30:00,2023-12-27 14:36:42,9.99,2023.12.27 10:30:00,265,2067.51,0.01,A1_M5_MOM_R1_PULLBAC,2023.12.27 14:36:42,271,2079.15,tp 2079.10,9.99,BT_A1_XAU_R1_PULLBACK_LONG_V2_M15_SESSION_09_15,1025742,XAUUSD,932200,265,2023.12.27 10:30:00,265,265,2067.51,0.01,A1_M5_MOM_R1_PULLBAC,2023.12.27 14:39:21,273,273,2080.50,0.01,5,tp 2080.47,12.99,0.00,0.00,,false,12.99,2,1,1,true,true,true,NATIVE_POSITION_RECONCILIATION_VALID
r1_h1_pullback_long_v1,r1_h1_pullback_long_v1,C:\Users\ZHAO ZHU INFORMATION\Downloads\algo-trading-system\xau-usd\xauusd-phase1\outputs\reports\mt5_backtests\a1_momentum_variants_owner_goal_r1_pullback_long_v2_session_exact_202207_202606_20260701\A1XauM5Momentum_OWNER_GOAL_R1_PULLBACK_LONG_V2_SESSION_EXACT_202207_202606_XAUUSD_M5_r1_pullback_long_v2_m15_session_09_15_trades.csv,135,r1_h1_pullback_long_v1::BT_A1_XAU_R1_PULLBACK_LONG_V2_M15_SESSION_09_15::1025742::XAUUSD::932200::266,LONG,2023-12-27 11:30:00,2023-12-27 14:38:43,9.85,2023.12.27 11:30:00,266,2069.16,0.01,A1_M5_MOM_R1_PULLBAC,2023.12.27 14:38:43,272,2080.25,tp 2080.19,9.85,BT_A1_XAU_R1_PULLBACK_LONG_V2_M15_SESSION_09_15,1025742,XAUUSD,932200,266,2023.12.27 11:30:00,266,266,2069.16,0.01,A1_M5_MOM_R1_PULLBAC,2023.12.27 14:36:42,271,271,2079.15,0.01,5,tp 2079.10,9.99,0.00,0.00,,false,9.99,2,1,1,true,true,true,NATIVE_POSITION_RECONCILIATION_VALID
r1_h1_pullback_long_v1,r1_h1_pullback_long_v1,C:\Users\ZHAO ZHU INFORMATION\Downloads\algo-trading-system\xau-usd\xauusd-phase1\outputs\reports\mt5_backtests\a1_momentum_variants_owner_goal_r1_pullback_long_v2_session_exact_202207_202606_20260701\A1XauM5Momentum_OWNER_GOAL_R1_PULLBACK_LONG_V2_SESSION_EXACT_202207_202606_XAUUSD_M5_r1_pullback_long_v2_m15_session_09_15_trades.csv,136,r1_h1_pullback_long_v1::BT_A1_XAU_R1_PULLBACK_LONG_V2_M15_SESSION_09_15::1025742::XAUUSD::932200::267,LONG,2023-12-27 14:00:00,2023-12-27 14:39:21,12.99,2023.12.27 14:00:00,267,2070.40,0.01,A1_M5_MOM_R1_PULLBAC,2023.12.27 14:39:21,273,2080.50,tp 2080.47,12.99,BT_A1_XAU_R1_PULLBACK_LONG_V2_M15_SESSION_09_15,1025742,XAUUSD,932200,267,2023.12.27 14:00:00,267,267,2070.40,0.01,A1_M5_MOM_R1_PULLBAC,2023.12.27 14:38:43,272,272,2080.25,0.01,5,tp 2080.19,9.85,0.00,0.00,,false,9.85,2,1,1,true,true,true,NATIVE_POSITION_RECONCILIATION_VALID
r1_h1_pullback_long_v1,r1_h1_pullback_long_v1,C:\Users\ZHAO ZHU INFORMATION\Downloads\algo-trading-system\xau-usd\xauusd-phase1\outputs\reports\mt5_backtests\a1_momentum_variants_owner_goal_r1_pullback_long_v2_session_exact_202207_202606_20260701\A1XauM5Momentum_OWNER_GOAL_R1_PULLBACK_LONG_V2_SESSION_EXACT_202207_202606_XAUUSD_M5_r1_pullback_long_v2_m15_session_09_15_trades.csv,137,r1_h1_pullback_long_v1::BT_A1_XAU_R1_PULLBACK_LONG_V2_M15_SESSION_09_15::1025742::XAUUSD::932200::268,LONG,2023-12-27 14:15:00,2023-12-28 00:54:19,13.21,2023.12.27 14:15:00,268,2072.24,0.01,A1_M5_MOM_R1_PULLBAC,2023.12.28 00:54:19,274,2085.45,tp 2085.45,13.21,BT_A1_XAU_R1_PULLBACK_LONG_V2_M15_SESSION_09_15,1025742,XAUUSD,932200,268,2023.12.27 14:15:00,268,268,2072.24,0.01,A1_M5_MOM_R1_PULLBAC,2023.12.28 00:54:19,274,274,2085.45,0.01,5,tp 2085.45,13.21,0.00,0.00,,false,13.21,2,1,1,true,false,false,NATIVE_POSITION_RECONCILIATION_VALID
r1_h1_pullback_long_v1,r1_h1_pullback_long_v1,C:\Users\ZHAO ZHU INFORMATION\Downloads\algo-trading-system\xau-usd\xauusd-phase1\outputs\reports\mt5_backtests\a1_momentum_variants_owner_goal_r1_pullback_long_v2_session_exact_202207_202606_20260701\A1XauM5Momentum_OWNER_GOAL_R1_PULLBACK_LONG_V2_SESSION_EXACT_202207_202606_XAUUSD_M5_r1_pullback_long_v2_m15_session_09_15_trades.csv,138,r1_h1_pullback_long_v1::BT_A1_XAU_R1_PULLBACK_LONG_V2_M15_SESSION_09_15::1025742::XAUUSD::932200::270,LONG,2023-12-27 14:30:00,2023-12-28 18:40:42,-11.22,2023.12.27 14:30:00,270,2077.13,0.01,A1_M5_MOM_R1_PULLBAC,2023.12.28 18:40:42,275,2065.91,sl 2065.91,-11.22,BT_A1_XAU_R1_PULLBACK_LONG_V2_M15_SESSION_09_15,1025742,XAUUSD,932200,270,2023.12.27 14:30:00,270,270,2077.13,0.01,A1_M5_MOM_R1_PULLBAC,2023.12.28 18:40:42,275,275,2065.91,0.01,4,sl 2065.91,-11.22,0.00,0.00,,false,-11.22,2,1,1,true,false,false,NATIVE_POSITION_RECONCILIATION_VALID
h4_d1_long_best_box2_atr80,h4_d1_long_best_box2_atr80,C:\Users\ZHAO ZHU INFORMATION\Downloads\algo-trading-system\xau-usd\xauusd-phase1\outputs\reports\mt5_backtests\a1_momentum_variants_owner_goal_regime_router_v1_exact_202207_202606_20260701\A1XauM5Momentum_OWNER_GOAL_REGIME_ROUTER_V1_EXACT_202207_202606_XAUUSD_M5_router_v1_r1_long_box2_prevhealth_trades.csv,41,h4_d1_long_best_box2_atr80::BT_A1_XAU_ROUTER_V1_R1_LONG_BOX2_PREVHEALTH::1025742::XAUUSD::932200::79,LONG,2023-12-27 16:00:00,2024-01-03 09:22:16,-28.68,2023.12.27 16:00:00,79,2081.71,0.01,A1_M5_MOM_ROUTER_V1_,2024.01.03 09:22:16,82,2053.03,sl 2053.14,-28.68,BT_A1_XAU_ROUTER_V1_R1_LONG_BOX2_PREVHEALTH,1025742,XAUUSD,932200,79,2023.12.27 16:00:00,79,79,2081.71,0.01,A1_M5_MOM_ROUTER_V1_,2024.01.03 09:22:16,82,82,2053.03,0.01,4,sl 2053.14,-28.68,0.00,0.00,,false,-28.68,2,1,1,true,false,false,NATIVE_POSITION_RECONCILIATION_VALID
h4_d1_long_best_box2_atr80,h4_d1_long_best_box2_atr80,C:\Users\ZHAO ZHU INFORMATION\Downloads\algo-trading-system\xau-usd\xauusd-phase1\outputs\reports\mt5_backtests\a1_momentum_variants_owner_goal_regime_router_v1_exact_202207_202606_20260701\A1XauM5Momentum_OWNER_GOAL_REGIME_ROUTER_V1_EXACT_202207_202606_XAUUSD_M5_router_v1_r1_long_box2_prevhealth_trades.csv,42,h4_d1_long_best_box2_atr80::BT_A1_XAU_ROUTER_V1_R1_LONG_BOX2_PREVHEALTH::1025742::XAUUSD::932200::80,LONG,2023-12-28 04:00:00,2024-01-05 12:31:20,-32.97,2023.12.28 04:00:00,80,2086.67,0.01,A1_M5_MOM_ROUTER_V1_,2024.01.05 12:31:20,83,2027.41,sl 2027.41,-32.97,BT_A1_XAU_ROUTER_V1_R1_LONG_BOX2_PREVHEALTH,1025742,XAUUSD,932200,80,2023.12.28 04:00:00,80,80,2086.67,0.01,A1_M5_MOM_ROUTER_V1_,2024.01.03 08:44:41,81,81,2054.61,0.01,4,sl 2054.61,-32.06,0.00,0.00,,false,-32.06,2,1,1,true,true,true,NATIVE_POSITION_RECONCILIATION_VALID
r1_h1_pullback_long_v1,r1_h1_pullback_long_v1,C:\Users\ZHAO ZHU INFORMATION\Downloads\algo-trading-system\xau-usd\xauusd-phase1\outputs\reports\mt5_backtests\a1_momentum_variants_owner_goal_r1_pullback_long_v2_session_exact_202207_202606_20260701\A1XauM5Momentum_OWNER_GOAL_R1_PULLBACK_LONG_V2_SESSION_EXACT_202207_202606_XAUUSD_M5_r1_pullback_long_v2_m15_session_09_15_trades.csv,139,r1_h1_pullback_long_v1::BT_A1_XAU_R1_PULLBACK_LONG_V2_M15_SESSION_09_15::1025742::XAUUSD::932200::276,LONG,2024-02-02 09:30:00,2024-02-02 12:25:16,-3.62,2024.02.02 09:30:00,276,2055.85,0.01,A1_M5_MOM_R1_PULLBAC,2024.02.02 12:25:16,281,2052.71,sl 2052.83,-3.62,BT_A1_XAU_R1_PULLBACK_LONG_V2_M15_SESSION_09_15,1025742,XAUUSD,932200,276,2024.02.02 09:30:00,276,276,2055.85,0.01,A1_M5_MOM_R1_PULLBAC,2024.02.02 12:29:32,283,283,2052.05,0.01,4,sl 2052.31,-3.80,0.00,0.00,,false,-3.80,2,1,1,true,true,true,NATIVE_POSITION_RECONCILIATION_VALID
r1_h1_pullback_long_v1,r1_h1_pullback_long_v1,C:\Users\ZHAO ZHU INFORMATION\Downloads\algo-trading-system\xau-usd\xauusd-phase1\outputs\reports\mt5_backtests\a1_momentum_variants_owner_goal_r1_pullback_long_v2_session_exact_202207_202606_20260701\A1XauM5Momentum_OWNER_GOAL_R1_PULLBACK_LONG_V2_SESSION_EXACT_202207_202606_XAUUSD_M5_r1_pullback_long_v2_m15_session_09_15_trades.csv,140,r1_h1_pullback_long_v1::BT_A1_XAU_R1_PULLBACK_LONG_V2_M15_SESSION_09_15::1025742::XAUUSD::932200::277,LONG,2024-02-02 10:00:00,2024-02-02 12:25:16,-3.73,2024.02.02 10:00:00,277,2054.80,0.01,A1_M5_MOM_R1_PULLBAC,2024.02.02 12:25:16,282,2052.71,sl 2052.94,-3.73,BT_A1_XAU_R1_PULLBACK_LONG_V2_M15_SESSION_09_15,1025742,XAUUSD,932200,277,2024.02.02 10:00:00,277,277,2054.80,0.01,A1_M5_MOM_R1_PULLBAC,2024.02.02 12:30:18,285,285,2051.29,0.01,4,sl 2051.30,-3.51,0.00,0.00,,false,-3.51,2,1,1,true,true,true,NATIVE_POSITION_RECONCILIATION_VALID
r1_h1_pullback_long_v1,r1_h1_pullback_long_v1,C:\Users\ZHAO ZHU INFORMATION\Downloads\algo-trading-system\xau-usd\xauusd-phase1\outputs\reports\mt5_backtests\a1_momentum_variants_owner_goal_r1_pullback_long_v2_session_exact_202207_202606_20260701\A1XauM5Momentum_OWNER_GOAL_R1_PULLBACK_LONG_V2_SESSION_EXACT_202207_202606_XAUUSD_M5_r1_pullback_long_v2_m15_session_09_15_trades.csv,141,r1_h1_pullback_long_v1::BT_A1_XAU_R1_PULLBACK_LONG_V2_M15_SESSION_09_15::1025742::XAUUSD::932200::278,LONG,2024-02-02 10:30:00,2024-02-02 12:29:32,-3.8,2024.02.02 10:30:00,278,2055.63,0.01,A1_M5_MOM_R1_PULLBAC,2024.02.02 12:29:32,283,2052.05,sl 2052.31,-3.8,BT_A1_XAU_R1_PULLBACK_LONG_V2_M15_SESSION_09_15,1025742,XAUUSD,932200,278,2024.02.02 10:30:00,278,278,2055.63,0.01,A1_M5_MOM_R1_PULLBAC,2024.02.02 12:29:32,284,284,2052.05,0.01,4,sl 2052.13,-3.58,0.00,0.00,,false,-3.58,2,1,1,true,true,true,NATIVE_POSITION_RECONCILIATION_VALID
r1_h1_pullback_long_v1,r1_h1_pullback_long_v1,C:\Users\ZHAO ZHU INFORMATION\Downloads\algo-trading-system\xau-usd\xauusd-phase1\outputs\reports\mt5_backtests\a1_momentum_variants_owner_goal_r1_pullback_long_v2_session_exact_202207_202606_20260701\A1XauM5Momentum_OWNER_GOAL_R1_PULLBACK_LONG_V2_SESSION_EXACT_202207_202606_XAUUSD_M5_r1_pullback_long_v2_m15_session_09_15_trades.csv,142,r1_h1_pullback_long_v1::BT_A1_XAU_R1_PULLBACK_LONG_V2_M15_SESSION_09_15::1025742::XAUUSD::932200::279,LONG,2024-02-02 11:00:00,2024-02-02 12:29:32,-3.58,2024.02.02 11:00:00,279,2056.33,0.01,A1_M5_MOM_R1_PULLBAC,2024.02.02 12:29:32,284,2052.05,sl 2052.13,-3.58,BT_A1_XAU_R1_PULLBACK_LONG_V2_M15_SESSION_09_15,1025742,XAUUSD,932200,279,2024.02.02 11:00:00,279,279,2056.33,0.01,A1_M5_MOM_R1_PULLBAC,2024.02.02 12:25:16,281,281,2052.71,0.01,4,sl 2052.83,-3.62,0.00,0.00,,false,-3.62,2,1,1,true,true,true,NATIVE_POSITION_RECONCILIATION_VALID
r1_h1_pullback_long_v1,r1_h1_pullback_long_v1,C:\Users\ZHAO ZHU INFORMATION\Downloads\algo-trading-system\xau-usd\xauusd-phase1\outputs\reports\mt5_backtests\a1_momentum_variants_owner_goal_r1_pullback_long_v2_session_exact_202207_202606_20260701\A1XauM5Momentum_OWNER_GOAL_R1_PULLBACK_LONG_V2_SESSION_EXACT_202207_202606_XAUUSD_M5_r1_pullback_long_v2_m15_session_09_15_trades.csv,143,r1_h1_pullback_long_v1::BT_A1_XAU_R1_PULLBACK_LONG_V2_M15_SESSION_09_15::1025742::XAUUSD::932200::280,LONG,2024-02-02 12:15:00,2024-02-02 12:30:18,-3.51,2024.02.02 12:15:00,280,2056.44,0.01,A1_M5_MOM_R1_PULLBAC,2024.02.02 12:30:18,285,2051.29,sl 2051.30,-3.51,BT_A1_XAU_R1_PULLBACK_LONG_V2_M15_SESSION_09_15,1025742,XAUUSD,932200,280,2024.02.02 12:15:00,280,280,2056.44,0.01,A1_M5_MOM_R1_PULLBAC,2024.02.02 12:25:16,282,282,2052.71,0.01,4,sl 2052.94,-3.73,0.00,0.00,,false,-3.73,2,1,1,true,true,true,NATIVE_POSITION_RECONCILIATION_VALID
r1_h1_pullback_long_v1,r1_h1_pullback_long_v1,C:\Users\ZHAO ZHU INFORMATION\Downloads\algo-trading-system\xau-usd\xauusd-phase1\outputs\reports\mt5_backtests\a1_momentum_variants_owner_goal_r1_pullback_long_v2_session_exact_202207_202606_20260701\A1XauM5Momentum_OWNER_GOAL_R1_PULLBACK_LONG_V2_SESSION_EXACT_202207_202606_XAUUSD_M5_r1_pullback_long_v2_m15_session_09_15_trades.csv,144,r1_h1_pullback_long_v1::BT_A1_XAU_R1_PULLBACK_LONG_V2_M15_SESSION_09_15::1025742::XAUUSD::932200::286,LONG,2024-03-01 09:15:00,2024-03-01 14:52:54,20.9,2024.03.01 09:15:00,286,2048.94,0.01,A1_M5_MOM_R1_PULLBAC,2024.03.01 14:52:54,290,2069.84,tp 2069.84,20.9,BT_A1_XAU_R1_PULLBACK_LONG_V2_M15_SESSION_09_15,1025742,XAUUSD,932200,286,2024.03.01 09:15:00,286,286,2048.94,0.01,A1_M5_MOM_R1_PULLBAC,2024.03.01 14:52:54,290,290,2069.84,0.01,5,tp 2069.84,20.90,0.00,0.00,,false,20.90,2,1,1,true,false,false,NATIVE_POSITION_RECONCILIATION_VALID
r1_h1_pullback_long_v1,r1_h1_pullback_long_v1,C:\Users\ZHAO ZHU INFORMATION\Downloads\algo-trading-system\xau-usd\xauusd-phase1\outputs\reports\mt5_backtests\a1_momentum_variants_owner_goal_r1_pullback_long_v2_session_exact_202207_202606_20260701\A1XauM5Momentum_OWNER_GOAL_R1_PULLBACK_LONG_V2_SESSION_EXACT_202207_202606_XAUUSD_M5_r1_pullback_long_v2_m15_session_09_15_trades.csv,145,r1_h1_pullback_long_v1::BT_A1_XAU_R1_PULLBACK_LONG_V2_M15_SESSION_09_15::1025742::XAUUSD::932200::287,LONG,2024-03-01 09:30:00,2024-03-01 15:11:41,23.38,2024.03.01 09:30:00,287,2050.55,0.01,A1_M5_MOM_R1_PULLBAC,2024.03.01 15:11:41,291,2073.93,tp 2073.92,23.38,BT_A1_XAU_R1_PULLBACK_LONG_V2_M15_SESSION_09_15,1025742,XAUUSD,932200,287,2024.03.01 09:30:00,287,287,2050.55,0.01,A1_M5_MOM_R1_PULLBAC,2024.03.01 15:11:41,291,291,2073.93,0.01,5,tp 2073.92,23.38,0.00,0.00,,false,23.38,2,1,1,true,false,false,NATIVE_POSITION_RECONCILIATION_VALID
r1_h1_pullback_long_v1,r1_h1_pullback_long_v1,C:\Users\ZHAO ZHU INFORMATION\Downloads\algo-trading-system\xau-usd\xauusd-phase1\outputs\reports\mt5_backtests\a1_momentum_variants_owner_goal_r1_pullback_long_v2_session_exact_202207_202606_20260701\A1XauM5Momentum_OWNER_GOAL_R1_PULLBACK_LONG_V2_SESSION_EXACT_202207_202606_XAUUSD_M5_r1_pullback_long_v2_m15_session_09_15_trades.csv,146,r1_h1_pullback_long_v1::BT_A1_XAU_R1_PULLBACK_LONG_V2_M15_SESSION_09_15::1025742::XAUUSD::932200::288,LONG,2024-03-01 09:45:00,2024-03-01 15:21:29,22.24,2024.03.01 09:45:00,288,2053.44,0.01,A1_M5_MOM_R1_PULLBAC,2024.03.01 15:21:29,292,2075.68,tp 2075.68,22.24,BT_A1_XAU_R1_PULLBACK_LONG_V2_M15_SESSION_09_15,1025742,XAUUSD,932200,288,2024.03.01 09:45:00,288,288,2053.44,0.01,A1_M5_MOM_R1_PULLBAC,2024.03.01 15:21:29,292,292,2075.68,0.01,5,tp 2075.68,22.24,0.00,0.00,,false,22.24,2,1,1,true,false,false,NATIVE_POSITION_RECONCILIATION_VALID
r1_h1_pullback_long_v1,r1_h1_pullback_long_v1,C:\Users\ZHAO ZHU INFORMATION\Downloads\algo-trading-system\xau-usd\xauusd-phase1\outputs\reports\mt5_backtests\a1_momentum_variants_owner_goal_r1_pullback_long_v2_session_exact_202207_202606_20260701\A1XauM5Momentum_OWNER_GOAL_R1_PULLBACK_LONG_V2_SESSION_EXACT_202207_202606_XAUUSD_M5_r1_pullback_long_v2_m15_session_09_15_trades.csv,147,r1_h1_pullback_long_v1::BT_A1_XAU_R1_PULLBACK_LONG_V2_M15_SESSION_09_15::1025742::XAUUSD::932200::289,LONG,2024-03-01 10:00:00,2024-03-01 15:39:54,23.95,2024.03.01 10:00:00,289,2055.01,0.01,A1_M5_MOM_R1_PULLBAC,2024.03.01 15:39:54,293,2078.96,tp 2078.96,23.95,BT_A1_XAU_R1_PULLBACK_LONG_V2_M15_SESSION_09_15,1025742,XAUUSD,932200,289,2024.03.01 10:00:00,289,289,2055.01,0.01,A1_M5_MOM_R1_PULLBAC,2024.03.01 15:39:54,293,293,2078.96,0.01,5,tp 2078.96,23.95,0.00,0.00,,false,23.95,2,1,1,true,false,false,NATIVE_POSITION_RECONCILIATION_VALID
h4_d1_long_best_box2_atr80,h4_d1_long_best_box2_atr80,C:\Users\ZHAO ZHU INFORMATION\Downloads\algo-trading-system\xau-usd\xauusd-phase1\outputs\reports\mt5_backtests\a1_momentum_variants_owner_goal_regime_router_v1_exact_202207_202606_20260701\A1XauM5Momentum_OWNER_GOAL_REGIME_ROUTER_V1_EXACT_202207_202606_XAUUSD_M5_router_v1_r1_long_box2_prevhealth_trades.csv,43,h4_d1_long_best_box2_atr80::BT_A1_XAU_ROUTER_V1_R1_LONG_BOX2_PREVHEALTH::1025742::XAUUSD::932200::84,LONG,2024-03-01 12:00:00,2024-03-04 14:58:32,56.14,2024.03.01 12:00:00,84,2052.63,0.01,A1_M5_MOM_ROUTER_V1_,2024.03.04 14:58:32,86,2108.77,tp 2108.77,56.14,BT_A1_XAU_ROUTER_V1_R1_LONG_BOX2_PREVHEALTH,1025742,XAUUSD,932200,84,2024.03.01 12:00:00,84,84,2052.63,0.01,A1_M5_MOM_ROUTER_V1_,2024.03.04 14:58:32,86,86,2108.77,0.01,5,tp 2108.77,56.14,0.00,0.00,,false,56.14,2,1,1,true,false,false,NATIVE_POSITION_RECONCILIATION_VALID
h4_d1_long_best_box2_atr80,h4_d1_long_best_box2_atr80,C:\Users\ZHAO ZHU INFORMATION\Downloads\algo-trading-system\xau-usd\xauusd-phase1\outputs\reports\mt5_backtests\a1_momentum_variants_owner_goal_regime_router_v1_exact_202207_202606_20260701\A1XauM5Momentum_OWNER_GOAL_REGIME_ROUTER_V1_EXACT_202207_202606_XAUUSD_M5_router_v1_r1_long_box2_prevhealth_trades.csv,44,h4_d1_long_best_box2_atr80::BT_A1_XAU_ROUTER_V1_R1_LONG_BOX2_PREVHEALTH::1025742::XAUUSD::932200::85,LONG,2024-03-01 16:00:00,2024-03-08 16:19:39,113.35,2024.03.01 16:00:00,85,2081.19,0.01,A1_M5_MOM_ROUTER_V1_,2024.03.08 16:19:39,94,2194.54,tp 2194.53,113.35,BT_A1_XAU_ROUTER_V1_R1_LONG_BOX2_PREVHEALTH,1025742,XAUUSD,932200,85,2024.03.01 16:00:00,85,85,2081.19,0.01,A1_M5_MOM_ROUTER_V1_,2024.03.08 16:19:39,94,94,2194.54,0.01,5,tp 2194.53,113.35,0.00,0.00,,false,113.35,2,1,1,true,false,false,NATIVE_POSITION_RECONCILIATION_VALID
r1_h1_pullback_long_v1,r1_h1_pullback_long_v1,C:\Users\ZHAO ZHU INFORMATION\Downloads\algo-trading-system\xau-usd\xauusd-phase1\outputs\reports\mt5_backtests\a1_momentum_variants_owner_goal_r1_pullback_long_v2_session_exact_202207_202606_20260701\A1XauM5Momentum_OWNER_GOAL_R1_PULLBACK_LONG_V2_SESSION_EXACT_202207_202606_XAUUSD_M5_r1_pullback_long_v2_m15_session_09_15_trades.csv,148,r1_h1_pullback_long_v1::BT_A1_XAU_R1_PULLBACK_LONG_V2_M15_SESSION_09_15::1025742::XAUUSD::932200::294,LONG,2024-03-04 14:00:00,2024-03-05 12:35:39,40.36,2024.03.04 14:00:00,294,2100.97,0.01,A1_M5_MOM_R1_PULLBAC,2024.03.05 12:35:39,295,2141.33,tp 2141.33,40.36,BT_A1_XAU_R1_PULLBACK_LONG_V2_M15_SESSION_09_15,1025742,XAUUSD,932200,294,2024.03.04 14:00:00,294,294,2100.97,0.01,A1_M5_MOM_R1_PULLBAC,2024.03.05 12:35:39,295,295,2141.33,0.01,5,tp 2141.33,40.36,0.00,0.00,,false,40.36,2,1,1,true,false,false,NATIVE_POSITION_RECONCILIATION_VALID
h4_d1_long_best_box2_atr80,h4_d1_long_best_box2_atr80,C:\Users\ZHAO ZHU INFORMATION\Downloads\algo-trading-system\xau-usd\xauusd-phase1\outputs\reports\mt5_backtests\a1_momentum_variants_owner_goal_regime_router_v1_exact_202207_202606_20260701\A1XauM5Momentum_OWNER_GOAL_REGIME_ROUTER_V1_EXACT_202207_202606_XAUUSD_M5_router_v1_r1_long_box2_prevhealth_trades.csv,45,h4_d1_long_best_box2_atr80::BT_A1_XAU_ROUTER_V1_R1_LONG_BOX2_PREVHEALTH::1025742::XAUUSD::932200::87,LONG,2024-03-05 08:00:00,2024-03-20 22:14:32,82.56,2024.03.05 08:00:00,87,2120.88,0.01,A1_M5_MOM_ROUTER_V1_,2024.03.20 22:14:32,95,2203.44,tp 2203.34,82.56,BT_A1_XAU_ROUTER_V1_R1_LONG_BOX2_PREVHEALTH,1025742,XAUUSD,932200,87,2024.03.05 08:00:00,87,87,2120.88,0.01,A1_M5_MOM_ROUTER_V1_,2024.03.20 22:14:32,95,95,2203.44,0.01,5,tp 2203.34,82.56,0.00,0.00,,false,82.56,2,1,1,true,false,false,NATIVE_POSITION_RECONCILIATION_VALID
h4_d1_long_best_box2_atr80,h4_d1_long_best_box2_atr80,C:\Users\ZHAO ZHU INFORMATION\Downloads\algo-trading-system\xau-usd\xauusd-phase1\outputs\reports\mt5_backtests\a1_momentum_variants_owner_goal_regime_router_v1_exact_202207_202606_20260701\A1XauM5Momentum_OWNER_GOAL_REGIME_ROUTER_V1_EXACT_202207_202606_XAUUSD_M5_router_v1_r1_long_box2_prevhealth_trades.csv,46,h4_d1_long_best_box2_atr80::BT_A1_XAU_ROUTER_V1_R1_LONG_BOX2_PREVHEALTH::1025742::XAUUSD::932200::88,LONG,2024-03-05 12:00:00,2024-03-28 11:07:35,90.27,2024.03.05 12:00:00,88,2124.60,0.01,A1_M5_MOM_ROUTER_V1_,2024.03.28 11:07:35,96,2214.87,tp 2214.84,90.27,BT_A1_XAU_ROUTER_V1_R1_LONG_BOX2_PREVHEALTH,1025742,XAUUSD,932200,88,2024.03.05 12:00:00,88,88,2124.60,0.01,A1_M5_MOM_ROUTER_V1_,2024.03.28 11:07:35,96,96,2214.87,0.01,5,tp 2214.84,90.27,0.00,0.00,,false,90.27,2,1,1,true,false,false,NATIVE_POSITION_RECONCILIATION_VALID
r1_h1_pullback_long_v1,r1_h1_pullback_long_v1,C:\Users\ZHAO ZHU INFORMATION\Downloads\algo-trading-system\xau-usd\xauusd-phase1\outputs\reports\mt5_backtests\a1_momentum_variants_owner_goal_r1_pullback_long_v2_session_exact_202207_202606_20260701\A1XauM5Momentum_OWNER_GOAL_R1_PULLBACK_LONG_V2_SESSION_EXACT_202207_202606_XAUUSD_M5_r1_pullback_long_v2_m15_session_09_15_trades.csv,149,r1_h1_pullback_long_v1::BT_A1_XAU_R1_PULLBACK_LONG_V2_M15_SESSION_09_15::1025742::XAUUSD::932200::296,LONG,2024-03-06 09:00:00,2024-03-06 11:54:40,7.01,2024.03.06 09:00:00,296,2128.84,0.01,A1_M5_MOM_R1_PULLBAC,2024.03.06 11:54:40,303,2134.49,tp 2134.48,7.01,BT_A1_XAU_R1_PULLBACK_LONG_V2_M15_SESSION_09_15,1025742,XAUUSD,932200,296,2024.03.06 09:00:00,296,296,2128.84,0.01,A1_M5_MOM_R1_PULLBAC,2024.03.06 12:56:40,307,307,2138.96,0.01,5,tp 2138.95,10.12,0.00,0.00,,false,10.12,2,1,1,true,true,true,NATIVE_POSITION_RECONCILIATION_VALID
r1_h1_pullback_long_v1,r1_h1_pullback_long_v1,C:\Users\ZHAO ZHU INFORMATION\Downloads\algo-trading-system\xau-usd\xauusd-phase1\outputs\reports\mt5_backtests\a1_momentum_variants_owner_goal_r1_pullback_long_v2_session_exact_202207_202606_20260701\A1XauM5Momentum_OWNER_GOAL_R1_PULLBACK_LONG_V2_SESSION_EXACT_202207_202606_XAUUSD_M5_r1_pullback_long_v2_m15_session_09_15_trades.csv,150,r1_h1_pullback_long_v1::BT_A1_XAU_R1_PULLBACK_LONG_V2_M15_SESSION_09_15::1025742::XAUUSD::932200::297,LONG,2024-03-06 09:30:00,2024-03-06 11:55:39,7.0,2024.03.06 09:30:00,297,2127.75,0.01,A1_M5_MOM_R1_PULLBAC,2024.03.06 11:55:39,304,2134.75,tp 2134.75,7.0,BT_A1_XAU_R1_PULLBACK_LONG_V2_M15_SESSION_09_15,1025742,XAUUSD,932200,297,2024.03.06 09:30:00,297,297,2127.75,0.01,A1_M5_MOM_R1_PULLBAC,2024.03.06 11:55:39,304,304,2134.75,0.01,5,tp 2134.75,7.00,0.00,0.00,,false,7.00,2,1,1,true,false,false,NATIVE_POSITION_RECONCILIATION_VALID
r1_h1_pullback_long_v1,r1_h1_pullback_long_v1,C:\Users\ZHAO ZHU INFORMATION\Downloads\algo-trading-system\xau-usd\xauusd-phase1\outputs\reports\mt5_backtests\a1_momentum_variants_owner_goal_r1_pullback_long_v2_session_exact_202207_202606_20260701\A1XauM5Momentum_OWNER_GOAL_R1_PULLBACK_LONG_V2_SESSION_EXACT_202207_202606_XAUUSD_M5_r1_pullback_long_v2_m15_session_09_15_trades.csv,151,r1_h1_pullback_long_v1::BT_A1_XAU_R1_PULLBACK_LONG_V2_M15_SESSION_09_15::1025742::XAUUSD::932200::298,LONG,2024-03-06 10:15:00,2024-03-06 12:20:26,7.97,2024.03.06 10:15:00,298,2127.48,0.01,A1_M5_MOM_R1_PULLBAC,2024.03.06 12:20:26,306,2135.95,tp 2135.95,7.97,BT_A1_XAU_R1_PULLBACK_LONG_V2_M15_SESSION_09_15,1025742,XAUUSD,932200,298,2024.03.06 10:15:00,298,298,2127.48,0.01,A1_M5_MOM_R1_PULLBAC,2024.03.06 11:54:40,303,303,2134.49,0.01,5,tp 2134.48,7.01,0.00,0.00,,false,7.01,2,1,1,true,true,true,NATIVE_POSITION_RECONCILIATION_VALID
r1_h1_pullback_long_v1,r1_h1_pullback_long_v1,C:\Users\ZHAO ZHU INFORMATION\Downloads\algo-trading-system\xau-usd\xauusd-phase1\outputs\reports\mt5_backtests\a1_momentum_variants_owner_goal_r1_pullback_long_v2_session_exact_202207_202606_20260701\A1XauM5Momentum_OWNER_GOAL_R1_PULLBACK_LONG_V2_SESSION_EXACT_202207_202606_XAUUSD_M5_r1_pullback_long_v2_m15_session_09_15_trades.csv,152,r1_h1_pullback_long_v1::BT_A1_XAU_R1_PULLBACK_LONG_V2_M15_SESSION_09_15::1025742::XAUUSD::932200::299,LONG,2024-03-06 10:30:00,2024-03-06 12:56:40,10.12,2024.03.06 10:30:00,299,2127.98,0.01,A1_M5_MOM_R1_PULLBAC,2024.03.06 12:56:40,307,2138.96,tp 2138.95,10.12,BT_A1_XAU_R1_PULLBACK_LONG_V2_M15_SESSION_09_15,1025742,XAUUSD,932200,299,2024.03.06 10:30:00,299,299,2127.98,0.01,A1_M5_MOM_R1_PULLBAC,2024.03.06 12:20:26,306,306,2135.95,0.01,5,tp 2135.95,7.97,0.00,0.00,,false,7.97,2,1,1,true,true,true,NATIVE_POSITION_RECONCILIATION_VALID
r1_h1_pullback_long_v1,r1_h1_pullback_long_v1,C:\Users\ZHAO ZHU INFORMATION\Downloads\algo-trading-system\xau-usd\xauusd-phase1\outputs\reports\mt5_backtests\a1_momentum_variants_owner_goal_r1_pullback_long_v2_session_exact_202207_202606_20260701\A1XauM5Momentum_OWNER_GOAL_R1_PULLBACK_LONG_V2_SESSION_EXACT_202207_202606_XAUUSD_M5_r1_pullback_long_v2_m15_session_09_15_trades.csv,153,r1_h1_pullback_long_v1::BT_A1_XAU_R1_PULLBACK_LONG_V2_M15_SESSION_09_15::1025742::XAUUSD::932200::300,LONG,2024-03-06 10:45:00,2024-03-06 13:33:41,13.22,2024.03.06 10:45:00,300,2130.73,0.01,A1_M5_MOM_R1_PULLBAC,2024.03.06 13:33:41,308,2143.95,tp 2143.95,13.22,BT_A1_XAU_R1_PULLBACK_LONG_V2_M15_SESSION_09_15,1025742,XAUUSD,932200,300,2024.03.06 10:45:00,300,300,2130.73,0.01,A1_M5_MOM_R1_PULLBAC,2024.03.06 13:33:41,308,308,2143.95,0.01,5,tp 2143.95,13.22,0.00,0.00,,false,13.22,2,1,1,true,false,false,NATIVE_POSITION_RECONCILIATION_VALID
r1_h1_pullback_long_v1,r1_h1_pullback_long_v1,C:\Users\ZHAO ZHU INFORMATION\Downloads\algo-trading-system\xau-usd\xauusd-phase1\outputs\reports\mt5_backtests\a1_momentum_variants_owner_goal_r1_pullback_long_v2_session_exact_202207_202606_20260701\A1XauM5Momentum_OWNER_GOAL_R1_PULLBACK_LONG_V2_SESSION_EXACT_202207_202606_XAUUSD_M5_r1_pullback_long_v2_m15_session_09_15_trades.csv,154,r1_h1_pullback_long_v1::BT_A1_XAU_R1_PULLBACK_LONG_V2_M15_SESSION_09_15::1025742::XAUUSD::932200::301,LONG,2024-03-06 11:00:00,2024-03-06 13:48:41,14.19,2024.03.06 11:00:00,301,2132.73,0.01,A1_M5_MOM_R1_PULLBAC,2024.03.06 13:48:41,309,2148.45,tp 2148.44,14.19,BT_A1_XAU_R1_PULLBACK_LONG_V2_M15_SESSION_09_15,1025742,XAUUSD,932200,301,2024.03.06 11:00:00,301,301,2132.73,0.01,A1_M5_MOM_R1_PULLBAC,2024.03.06 15:57:38,310,310,2149.64,0.01,5,tp 2149.64,16.91,0.00,0.00,,false,16.91,2,1,1,true,true,true,NATIVE_POSITION_RECONCILIATION_VALID
r1_h1_pullback_long_v1,r1_h1_pullback_long_v1,C:\Users\ZHAO ZHU INFORMATION\Downloads\algo-trading-system\xau-usd\xauusd-phase1\outputs\reports\mt5_backtests\a1_momentum_variants_owner_goal_r1_pullback_long_v2_session_exact_202207_202606_20260701\A1XauM5Momentum_OWNER_GOAL_R1_PULLBACK_LONG_V2_SESSION_EXACT_202207_202606_XAUUSD_M5_r1_pullback_long_v2_m15_session_09_15_trades.csv,155,r1_h1_pullback_long_v1::BT_A1_XAU_R1_PULLBACK_LONG_V2_M15_SESSION_09_15::1025742::XAUUSD::932200::302,LONG,2024-03-06 11:30:00,2024-03-06 15:57:38,16.91,2024.03.06 11:30:00,302,2133.38,0.01,A1_M5_MOM_R1_PULLBAC,2024.03.06 15:57:38,310,2149.64,tp 2149.64,16.91,BT_A1_XAU_R1_PULLBACK_LONG_V2_M15_SESSION_09_15,1025742,XAUUSD,932200,302,2024.03.06 11:30:00,302,302,2133.38,0.01,A1_M5_MOM_R1_PULLBAC,2024.03.06 16:03:40,311,311,2150.06,0.01,5,tp 2150.05,16.68,0.00,0.00,,false,16.68,2,1,1,true,true,true,NATIVE_POSITION_RECONCILIATION_VALID
r1_h1_pullback_long_v1,r1_h1_pullback_long_v1,C:\Users\ZHAO ZHU INFORMATION\Downloads\algo-trading-system\xau-usd\xauusd-phase1\outputs\reports\mt5_backtests\a1_momentum_variants_owner_goal_r1_pullback_long_v2_session_exact_202207_202606_20260701\A1XauM5Momentum_OWNER_GOAL_R1_PULLBACK_LONG_V2_SESSION_EXACT_202207_202606_XAUUSD_M5_r1_pullback_long_v2_m15_session_09_15_trades.csv,156,r1_h1_pullback_long_v1::BT_A1_XAU_R1_PULLBACK_LONG_V2_M15_SESSION_09_15::1025742::XAUUSD::932200::305,LONG,2024-03-06 12:00:00,2024-03-06 16:03:40,16.68,2024.03.06 12:00:00,305,2134.26,0.01,A1_M5_MOM_R1_PULLBAC,2024.03.06 16:03:40,311,2150.06,tp 2150.05,16.68,BT_A1_XAU_R1_PULLBACK_LONG_V2_M15_SESSION_09_15,1025742,XAUUSD,932200,305,2024.03.06 12:00:00,305,305,2134.26,0.01,A1_M5_MOM_R1_PULLBAC,2024.03.06 13:48:41,309,309,2148.45,0.01,5,tp 2148.44,14.19,0.00,0.00,,false,14.19,2,1,1,true,true,true,NATIVE_POSITION_RECONCILIATION_VALID
h4_d1_long_best_box2_atr80,h4_d1_long_best_box2_atr80,C:\Users\ZHAO ZHU INFORMATION\Downloads\algo-trading-system\xau-usd\xauusd-phase1\outputs\reports\mt5_backtests\a1_momentum_variants_owner_goal_regime_router_v1_exact_202207_202606_20260701\A1XauM5Momentum_OWNER_GOAL_REGIME_ROUTER_V1_EXACT_202207_202606_XAUUSD_M5_router_v1_r1_long_box2_prevhealth_trades.csv,47,h4_d1_long_best_box2_atr80::BT_A1_XAU_ROUTER_V1_R1_LONG_BOX2_PREVHEALTH::1025742::XAUUSD::932200::89,LONG,2024-03-07 04:00:00,2024-04-01 00:08:59,82.93,2024.03.07 04:00:00,89,2158.37,0.01,A1_M5_MOM_ROUTER_V1_,2024.04.01 00:08:59,97,2248.12,tp 2248.09,82.93,BT_A1_XAU_ROUTER_V1_R1_LONG_BOX2_PREVHEALTH,1025742,XAUUSD,932200,89,2024.03.07 04:00:00,89,89,2158.37,0.01,A1_M5_MOM_ROUTER_V1_,2024.04.01 00:39:35,98,98,2254.25,0.01,5,tp 2254.21,95.88,0.00,0.00,,false,95.88,2,1,1,true,true,true,NATIVE_POSITION_RECONCILIATION_VALID
h4_d1_long_best_box2_atr80,h4_d1_long_best_box2_atr80,C:\Users\ZHAO ZHU INFORMATION\Downloads\algo-trading-system\xau-usd\xauusd-phase1\outputs\reports\mt5_backtests\a1_momentum_variants_owner_goal_regime_router_v1_exact_202207_202606_20260701\A1XauM5Momentum_OWNER_GOAL_REGIME_ROUTER_V1_EXACT_202207_202606_XAUUSD_M5_router_v1_r1_long_box2_prevhealth_trades.csv,48,h4_d1_long_best_box2_atr80::BT_A1_XAU_ROUTER_V1_R1_LONG_BOX2_PREVHEALTH::1025742::XAUUSD::932200::90,LONG,2024-03-07 12:00:00,2024-04-01 00:39:35,95.88,2024.03.07 12:00:00,90,2158.64,0.01,A1_M5_MOM_ROUTER_V1_,2024.04.01 00:39:35,98,2254.25,tp 2254.21,95.88,BT_A1_XAU_ROUTER_V1_R1_LONG_BOX2_PREVHEALTH,1025742,XAUUSD,932200,90,2024.03.07 12:00:00,90,90,2158.64,0.01,A1_M5_MOM_ROUTER_V1_,2024.04.01 00:41:38,99,99,2254.90,0.01,5,tp 2254.90,96.26,0.00,0.00,,false,96.26,2,1,1,true,true,true,NATIVE_POSITION_RECONCILIATION_VALID
r1_h1_pullback_long_v1,r1_h1_pullback_long_v1,C:\Users\ZHAO ZHU INFORMATION\Downloads\algo-trading-system\xau-usd\xauusd-phase1\outputs\reports\mt5_backtests\a1_momentum_variants_owner_goal_r1_pullback_long_v2_session_exact_202207_202606_20260701\A1XauM5Momentum_OWNER_GOAL_R1_PULLBACK_LONG_V2_SESSION_EXACT_202207_202606_XAUUSD_M5_r1_pullback_long_v2_m15_session_09_15_trades.csv,157,r1_h1_pullback_long_v1::BT_A1_XAU_R1_PULLBACK_LONG_V2_M15_SESSION_09_15::1025742::XAUUSD::932200::312,LONG,2024-03-07 14:00:00,2024-03-08 07:30:40,14.02,2024.03.07 14:00:00,312,2154.28,0.01,A1_M5_MOM_R1_PULLBAC,2024.03.08 07:30:40,315,2168.30,tp 2168.29,14.02,BT_A1_XAU_R1_PULLBACK_LONG_V2_M15_SESSION_09_15,1025742,XAUUSD,932200,312,2024.03.07 14:00:00,312,312,2154.28,0.01,A1_M5_MOM_R1_PULLBAC,2024.03.08 07:30:40,315,315,2168.30,0.01,5,tp 2168.29,14.02,0.00,0.00,,false,14.02,2,1,1,true,false,false,NATIVE_POSITION_RECONCILIATION_VALID
r1_h1_pullback_long_v1,r1_h1_pullback_long_v1,C:\Users\ZHAO ZHU INFORMATION\Downloads\algo-trading-system\xau-usd\xauusd-phase1\outputs\reports\mt5_backtests\a1_momentum_variants_owner_goal_r1_pullback_long_v2_session_exact_202207_202606_20260701\A1XauM5Momentum_OWNER_GOAL_R1_PULLBACK_LONG_V2_SESSION_EXACT_202207_202606_XAUUSD_M5_r1_pullback_long_v2_m15_session_09_15_trades.csv,158,r1_h1_pullback_long_v1::BT_A1_XAU_R1_PULLBACK_LONG_V2_M15_SESSION_09_15::1025742::XAUUSD::932200::313,LONG,2024-03-07 14:15:00,2024-03-08 12:30:42,16.94,2024.03.07 14:15:00,313,2157.38,0.01,A1_M5_MOM_R1_PULLBAC,2024.03.08 12:30:42,316,2172.22,tp 2172.14,16.94,BT_A1_XAU_R1_PULLBACK_LONG_V2_M15_SESSION_09_15,1025742,XAUUSD,932200,313,2024.03.07 14:15:00,313,313,2157.38,0.01,A1_M5_MOM_R1_PULLBAC,2024.03.08 12:31:36,317,317,2178.12,0.01,5,tp 2178.11,20.74,0.00,0.00,,false,20.74,2,1,1,true,true,true,NATIVE_POSITION_RECONCILIATION_VALID
r1_h1_pullback_long_v1,r1_h1_pullback_long_v1,C:\Users\ZHAO ZHU INFORMATION\Downloads\algo-trading-system\xau-usd\xauusd-phase1\outputs\reports\mt5_backtests\a1_momentum_variants_owner_goal_r1_pullback_long_v2_session_exact_202207_202606_20260701\A1XauM5Momentum_OWNER_GOAL_R1_PULLBACK_LONG_V2_SESSION_EXACT_202207_202606_XAUUSD_M5_r1_pullback_long_v2_m15_session_09_15_trades.csv,159,r1_h1_pullback_long_v1::BT_A1_XAU_R1_PULLBACK_LONG_V2_M15_SESSION_09_15::1025742::XAUUSD::932200::314,LONG,2024-03-07 14:45:00,2024-03-08 12:31:36,20.74,2024.03.07 14:45:00,314,2155.28,0.01,A1_M5_MOM_R1_PULLBAC,2024.03.08 12:31:36,317,2178.12,tp 2178.11,20.74,BT_A1_XAU_R1_PULLBACK_LONG_V2_M15_SESSION_09_15,1025742,XAUUSD,932200,314,2024.03.07 14:45:00,314,314,2155.28,0.01,A1_M5_MOM_R1_PULLBAC,2024.03.08 12:30:42,316,316,2172.22,0.01,5,tp 2172.14,16.94,0.00,0.00,,false,16.94,2,1,1,true,true,true,NATIVE_POSITION_RECONCILIATION_VALID
h4_d1_long_best_box2_atr80,h4_d1_long_best_box2_atr80,C:\Users\ZHAO ZHU INFORMATION\Downloads\algo-trading-system\xau-usd\xauusd-phase1\outputs\reports\mt5_backtests\a1_momentum_variants_owner_goal_regime_router_v1_exact_202207_202606_20260701\A1XauM5Momentum_OWNER_GOAL_REGIME_ROUTER_V1_EXACT_202207_202606_XAUUSD_M5_router_v1_r1_long_box2_prevhealth_trades.csv,49,h4_d1_long_best_box2_atr80::BT_A1_XAU_ROUTER_V1_R1_LONG_BOX2_PREVHEALTH::1025742::XAUUSD::932200::91,LONG,2024-03-07 20:00:00,2024-04-01 00:41:38,96.26,2024.03.07 20:00:00,91,2158.96,0.01,A1_M5_MOM_ROUTER_V1_,2024.04.01 00:41:38,99,2254.90,tp 2254.90,96.26,BT_A1_XAU_ROUTER_V1_R1_LONG_BOX2_PREVHEALTH,1025742,XAUUSD,932200,91,2024.03.07 20:00:00,91,91,2158.96,0.01,A1_M5_MOM_ROUTER_V1_,2024.04.01 00:42:02,100,100,2255.16,0.01,5,tp 2255.12,96.20,0.00,0.00,,false,96.20,2,1,1,true,true,true,NATIVE_POSITION_RECONCILIATION_VALID
h4_d1_long_best_box2_atr80,h4_d1_long_best_box2_atr80,C:\Users\ZHAO ZHU INFORMATION\Downloads\algo-trading-system\xau-usd\xauusd-phase1\outputs\reports\mt5_backtests\a1_momentum_variants_owner_goal_regime_router_v1_exact_202207_202606_20260701\A1XauM5Momentum_OWNER_GOAL_REGIME_ROUTER_V1_EXACT_202207_202606_XAUUSD_M5_router_v1_r1_long_box2_prevhealth_trades.csv,50,h4_d1_long_best_box2_atr80::BT_A1_XAU_ROUTER_V1_R1_LONG_BOX2_PREVHEALTH::1025742::XAUUSD::932200::92,LONG,2024-03-08 08:00:00,2024-04-01 00:42:02,96.2,2024.03.08 08:00:00,92,2165.19,0.01,A1_M5_MOM_ROUTER_V1_,2024.04.01 00:42:02,100,2255.16,tp 2255.12,96.2,BT_A1_XAU_ROUTER_V1_R1_LONG_BOX2_PREVHEALTH,1025742,XAUUSD,932200,92,2024.03.08 08:00:00,92,92,2165.19,0.01,A1_M5_MOM_ROUTER_V1_,2024.04.01 00:08:59,97,97,2248.12,0.01,5,tp 2248.09,82.93,0.00,0.00,,false,82.93,2,1,1,true,true,true,NATIVE_POSITION_RECONCILIATION_VALID
h4_d1_long_best_box2_atr80,h4_d1_long_best_box2_atr80,C:\Users\ZHAO ZHU INFORMATION\Downloads\algo-trading-system\xau-usd\xauusd-phase1\outputs\reports\mt5_backtests\a1_momentum_variants_owner_goal_regime_router_v1_exact_202207_202606_20260701\A1XauM5Momentum_OWNER_GOAL_REGIME_ROUTER_V1_EXACT_202207_202606_XAUUSD_M5_router_v1_r1_long_box2_prevhealth_trades.csv,51,h4_d1_long_best_box2_atr80::BT_A1_XAU_ROUTER_V1_R1_LONG_BOX2_PREVHEALTH::1025742::XAUUSD::932200::93,LONG,2024-03-08 16:00:00,2024-04-03 16:32:15,114.04,2024.03.08 16:00:00,93,2180.79,0.01,A1_M5_MOM_ROUTER_V1_,2024.04.03 16:32:15,101,2294.83,tp 2294.83,114.04,BT_A1_XAU_ROUTER_V1_R1_LONG_BOX2_PREVHEALTH,1025742,XAUUSD,932200,93,2024.03.08 16:00:00,93,93,2180.79,0.01,A1_M5_MOM_ROUTER_V1_,2024.04.03 16:32:15,101,101,2294.83,0.01,5,tp 2294.83,114.04,0.00,0.00,,false,114.04,2,1,1,true,false,false,NATIVE_POSITION_RECONCILIATION_VALID
r1_h1_pullback_long_v1,r1_h1_pullback_long_v1,C:\Users\ZHAO ZHU INFORMATION\Downloads\algo-trading-system\xau-usd\xauusd-phase1\outputs\reports\mt5_backtests\a1_momentum_variants_owner_goal_r1_pullback_long_v2_session_exact_202207_202606_20260701\A1XauM5Momentum_OWNER_GOAL_R1_PULLBACK_LONG_V2_SESSION_EXACT_202207_202606_XAUUSD_M5_r1_pullback_long_v2_m15_session_09_15_trades.csv,160,r1_h1_pullback_long_v1::BT_A1_XAU_R1_PULLBACK_LONG_V2_M15_SESSION_09_15::1025742::XAUUSD::932200::318,LONG,2024-03-27 10:00:00,2024-03-28 11:07:35,21.56,2024.03.27 10:00:00,318,2193.78,0.01,A1_M5_MOM_R1_PULLBAC,2024.03.28 11:07:35,320,2214.87,tp 2214.86,21.56,BT_A1_XAU_R1_PULLBACK_LONG_V2_M15_SESSION_09_15,1025742,XAUUSD,932200,318,2024.03.27 10:00:00,318,318,2193.78,0.01,A1_M5_MOM_R1_PULLBAC,2024.03.28 15:38:26,321,321,2224.00,0.01,5,tp 2223.96,30.22,0.00,0.00,,false,30.22,2,1,1,true,true,true,NATIVE_POSITION_RECONCILIATION_VALID
r1_h1_pullback_long_v1,r1_h1_pullback_long_v1,C:\Users\ZHAO ZHU INFORMATION\Downloads\algo-trading-system\xau-usd\xauusd-phase1\outputs\reports\mt5_backtests\a1_momentum_variants_owner_goal_r1_pullback_long_v2_session_exact_202207_202606_20260701\A1XauM5Momentum_OWNER_GOAL_R1_PULLBACK_LONG_V2_SESSION_EXACT_202207_202606_XAUUSD_M5_r1_pullback_long_v2_m15_session_09_15_trades.csv,161,r1_h1_pullback_long_v1::BT_A1_XAU_R1_PULLBACK_LONG_V2_M15_SESSION_09_15::1025742::XAUUSD::932200::319,LONG,2024-03-27 13:00:00,2024-03-28 15:38:26,30.22,2024.03.27 13:00:00,319,2193.31,0.01,A1_M5_MOM_R1_PULLBAC,2024.03.28 15:38:26,321,2224.00,tp 2223.96,30.22,BT_A1_XAU_R1_PULLBACK_LONG_V2_M15_SESSION_09_15,1025742,XAUUSD,932200,319,2024.03.27 13:00:00,319,319,2193.31,0.01,A1_M5_MOM_R1_PULLBAC,2024.03.28 11:07:35,320,320,2214.87,0.01,5,tp 2214.86,21.56,0.00,0.00,,false,21.56,2,1,1,true,true,true,NATIVE_POSITION_RECONCILIATION_VALID
r1_h1_pullback_long_v1,r1_h1_pullback_long_v1,C:\Users\ZHAO ZHU INFORMATION\Downloads\algo-trading-system\xau-usd\xauusd-phase1\outputs\reports\mt5_backtests\a1_momentum_variants_owner_goal_r1_pullback_long_v2_session_exact_202207_202606_20260701\A1XauM5Momentum_OWNER_GOAL_R1_PULLBACK_LONG_V2_SESSION_EXACT_202207_202606_XAUUSD_M5_r1_pullback_long_v2_m15_session_09_15_trades.csv,162,r1_h1_pullback_long_v1::BT_A1_XAU_R1_PULLBACK_LONG_V2_M15_SESSION_09_15::1025742::XAUUSD::932200::322,LONG,2024-05-15 12:45:00,2024-05-15 13:51:27,-18.49,2024.05.15 12:45:00,322,2375.72,0.01,A1_M5_MOM_R1_PULLBAC,2024.05.15 13:51:27,323,2357.23,sl 2357.23,-18.49,BT_A1_XAU_R1_PULLBACK_LONG_V2_M15_SESSION_09_15,1025742,XAUUSD,932200,322,2024.05.15 12:45:00,322,322,2375.72,0.01,A1_M5_MOM_R1_PULLBAC,2024.05.15 13:51:27,323,323,2357.23,0.01,4,sl 2357.23,-18.49,0.00,0.00,,false,-18.49,2,1,1,true,false,false,NATIVE_POSITION_RECONCILIATION_VALID
r1_h1_pullback_long_v1,r1_h1_pullback_long_v1,C:\Users\ZHAO ZHU INFORMATION\Downloads\algo-trading-system\xau-usd\xauusd-phase1\outputs\reports\mt5_backtests\a1_momentum_variants_owner_goal_r1_pullback_long_v2_session_exact_202207_202606_20260701\A1XauM5Momentum_OWNER_GOAL_R1_PULLBACK_LONG_V2_SESSION_EXACT_202207_202606_XAUUSD_M5_r1_pullback_long_v2_m15_session_09_15_trades.csv,163,r1_h1_pullback_long_v1::BT_A1_XAU_R1_PULLBACK_LONG_V2_M15_SESSION_09_15::1025742::XAUUSD::932200::324,LONG,2024-05-16 09:45:00,2024-05-16 10:32:39,-3.5,2024.05.16 09:45:00,324,2385.23,0.01,A1_M5_MOM_R1_PULLBAC,2024.05.16 10:32:39,325,2381.73,sl 2381.73,-3.5,BT_A1_XAU_R1_PULLBACK_LONG_V2_M15_SESSION_09_15,1025742,XAUUSD,932200,324,2024.05.16 09:45:00,324,324,2385.23,0.01,A1_M5_MOM_R1_PULLBAC,2024.05.16 10:32:39,325,325,2381.73,0.01,4,sl 2381.73,-3.50,0.00,0.00,,false,-3.50,2,1,1,true,false,false,NATIVE_POSITION_RECONCILIATION_VALID
r1_h1_pullback_long_v1,r1_h1_pullback_long_v1,C:\Users\ZHAO ZHU INFORMATION\Downloads\algo-trading-system\xau-usd\xauusd-phase1\outputs\reports\mt5_backtests\a1_momentum_variants_owner_goal_r1_pullback_long_v2_session_exact_202207_202606_20260701\A1XauM5Momentum_OWNER_GOAL_R1_PULLBACK_LONG_V2_SESSION_EXACT_202207_202606_XAUUSD_M5_r1_pullback_long_v2_m15_session_09_15_trades.csv,164,r1_h1_pullback_long_v1::BT_A1_XAU_R1_PULLBACK_LONG_V2_M15_SESSION_09_15::1025742::XAUUSD::932200::326,LONG,2024-05-16 11:00:00,2024-05-16 12:39:26,-4.54,2024.05.16 11:00:00,326,2385.00,0.01,A1_M5_MOM_R1_PULLBAC,2024.05.16 12:39:26,329,2380.46,sl 2380.49,-4.54,BT_A1_XAU_R1_PULLBACK_LONG_V2_M15_SESSION_09_15,1025742,XAUUSD,932200,326,2024.05.16 11:00:00,326,326,2385.00,0.01,A1_M5_MOM_R1_PULLBAC,2024.05.16 12:39:26,329,329,2380.46,0.01,4,sl 2380.49,-4.54,0.00,0.00,,false,-4.54,2,1,1,true,false,false,NATIVE_POSITION_RECONCILIATION_VALID
r1_h1_pullback_long_v1,r1_h1_pullback_long_v1,C:\Users\ZHAO ZHU INFORMATION\Downloads\algo-trading-system\xau-usd\xauusd-phase1\outputs\reports\mt5_backtests\a1_momentum_variants_owner_goal_r1_pullback_long_v2_session_exact_202207_202606_20260701\A1XauM5Momentum_OWNER_GOAL_R1_PULLBACK_LONG_V2_SESSION_EXACT_202207_202606_XAUUSD_M5_r1_pullback_long_v2_m15_session_09_15_trades.csv,165,r1_h1_pullback_long_v1::BT_A1_XAU_R1_PULLBACK_LONG_V2_M15_SESSION_09_15::1025742::XAUUSD::932200::327,LONG,2024-05-16 11:15:00,2024-05-16 12:39:26,-5.89,2024.05.16 11:15:00,327,2386.35,0.01,A1_M5_MOM_R1_PULLBAC,2024.05.16 12:39:26,330,2380.46,sl 2380.50,-5.89,BT_A1_XAU_R1_PULLBACK_LONG_V2_M15_SESSION_09_15,1025742,XAUUSD,932200,327,2024.05.16 11:15:00,327,327,2386.35,0.01,A1_M5_MOM_R1_PULLBAC,2024.05.16 12:39:26,330,330,2380.46,0.01,4,sl 2380.50,-5.89,0.00,0.00,,false,-5.89,2,1,1,true,false,false,NATIVE_POSITION_RECONCILIATION_VALID
r1_h1_pullback_long_v1,r1_h1_pullback_long_v1,C:\Users\ZHAO ZHU INFORMATION\Downloads\algo-trading-system\xau-usd\xauusd-phase1\outputs\reports\mt5_backtests\a1_momentum_variants_owner_goal_r1_pullback_long_v2_session_exact_202207_202606_20260701\A1XauM5Momentum_OWNER_GOAL_R1_PULLBACK_LONG_V2_SESSION_EXACT_202207_202606_XAUUSD_M5_r1_pullback_long_v2_m15_session_09_15_trades.csv,166,r1_h1_pullback_long_v1::BT_A1_XAU_R1_PULLBACK_LONG_V2_M15_SESSION_09_15::1025742::XAUUSD::932200::328,LONG,2024-05-16 11:45:00,2024-05-16 12:39:27,-4.93,2024.05.16 11:45:00,328,2385.29,0.01,A1_M5_MOM_R1_PULLBAC,2024.05.16 12:39:27,331,2380.36,sl 2380.40,-4.93,BT_A1_XAU_R1_PULLBACK_LONG_V2_M15_SESSION_09_15,1025742,XAUUSD,932200,328,2024.05.16 11:45:00,328,328,2385.29,0.01,A1_M5_MOM_R1_PULLBAC,2024.05.16 12:39:27,331,331,2380.36,0.01,4,sl 2380.40,-4.93,0.00,0.00,,false,-4.93,2,1,1,true,false,false,NATIVE_POSITION_RECONCILIATION_VALID
r1_h1_pullback_long_v1,r1_h1_pullback_long_v1,C:\Users\ZHAO ZHU INFORMATION\Downloads\algo-trading-system\xau-usd\xauusd-phase1\outputs\reports\mt5_backtests\a1_momentum_variants_owner_goal_r1_pullback_long_v2_session_exact_202207_202606_20260701\A1XauM5Momentum_OWNER_GOAL_R1_PULLBACK_LONG_V2_SESSION_EXACT_202207_202606_XAUUSD_M5_r1_pullback_long_v2_m15_session_09_15_trades.csv,167,r1_h1_pullback_long_v1::BT_A1_XAU_R1_PULLBACK_LONG_V2_M15_SESSION_09_15::1025742::XAUUSD::932200::332,LONG,2024-05-17 09:45:00,2024-05-17 12:43:42,7.01,2024.05.17 09:45:00,332,2384.36,0.01,A1_M5_MOM_R1_PULLBAC,2024.05.17 12:43:42,338,2390.78,tp 2390.77,7.01,BT_A1_XAU_R1_PULLBACK_LONG_V2_M15_SESSION_09_15,1025742,XAUUSD,932200,332,2024.05.17 09:45:00,332,332,2384.36,0.01,A1_M5_MOM_R1_PULLBAC,2024.05.17 12:46:41,339,339,2391.54,0.01,5,tp 2391.51,7.18,0.00,0.00,,false,7.18,2,1,1,true,true,true,NATIVE_POSITION_RECONCILIATION_VALID
r1_h1_pullback_long_v1,r1_h1_pullback_long_v1,C:\Users\ZHAO ZHU INFORMATION\Downloads\algo-trading-system\xau-usd\xauusd-phase1\outputs\reports\mt5_backtests\a1_momentum_variants_owner_goal_r1_pullback_long_v2_session_exact_202207_202606_20260701\A1XauM5Momentum_OWNER_GOAL_R1_PULLBACK_LONG_V2_SESSION_EXACT_202207_202606_XAUUSD_M5_r1_pullback_long_v2_m15_session_09_15_trades.csv,168,r1_h1_pullback_long_v1::BT_A1_XAU_R1_PULLBACK_LONG_V2_M15_SESSION_09_15::1025742::XAUUSD::932200::333,LONG,2024-05-17 10:15:00,2024-05-17 12:46:41,7.18,2024.05.17 10:15:00,333,2383.77,0.01,A1_M5_MOM_R1_PULLBAC,2024.05.17 12:46:41,339,2391.54,tp 2391.51,7.18,BT_A1_XAU_R1_PULLBACK_LONG_V2_M15_SESSION_09_15,1025742,XAUUSD,932200,333,2024.05.17 10:15:00,333,333,2383.77,0.01,A1_M5_MOM_R1_PULLBAC,2024.05.17 12:43:42,338,338,2390.78,0.01,5,tp 2390.77,7.01,0.00,0.00,,false,7.01,2,1,1,true,true,true,NATIVE_POSITION_RECONCILIATION_VALID
r1_h1_pullback_long_v1,r1_h1_pullback_long_v1,C:\Users\ZHAO ZHU INFORMATION\Downloads\algo-trading-system\xau-usd\xauusd-phase1\outputs\reports\mt5_backtests\a1_momentum_variants_owner_goal_r1_pullback_long_v2_session_exact_202207_202606_20260701\A1XauM5Momentum_OWNER_GOAL_R1_PULLBACK_LONG_V2_SESSION_EXACT_202207_202606_XAUUSD_M5_r1_pullback_long_v2_m15_session_09_15_trades.csv,169,r1_h1_pullback_long_v1::BT_A1_XAU_R1_PULLBACK_LONG_V2_M15_SESSION_09_15::1025742::XAUUSD::932200::334,LONG,2024-05-17 10:45:00,2024-05-17 13:00:35,9.2,2024.05.17 10:45:00,334,2385.67,0.01,A1_M5_MOM_R1_PULLBAC,2024.05.17 13:00:35,340,2394.87,tp 2394.85,9.2,BT_A1_XAU_R1_PULLBACK_LONG_V2_M15_SESSION_09_15,1025742,XAUUSD,932200,334,2024.05.17 10:45:00,334,334,2385.67,0.01,A1_M5_MOM_R1_PULLBAC,2024.05.17 13:00:35,340,340,2394.87,0.01,5,tp 2394.85,9.20,0.00,0.00,,false,9.20,2,1,1,true,false,false,NATIVE_POSITION_RECONCILIATION_VALID
r1_h1_pullback_long_v1,r1_h1_pullback_long_v1,C:\Users\ZHAO ZHU INFORMATION\Downloads\algo-trading-system\xau-usd\xauusd-phase1\outputs\reports\mt5_backtests\a1_momentum_variants_owner_goal_r1_pullback_long_v2_session_exact_202207_202606_20260701\A1XauM5Momentum_OWNER_GOAL_R1_PULLBACK_LONG_V2_SESSION_EXACT_202207_202606_XAUUSD_M5_r1_pullback_long_v2_m15_session_09_15_trades.csv,170,r1_h1_pullback_long_v1::BT_A1_XAU_R1_PULLBACK_LONG_V2_M15_SESSION_09_15::1025742::XAUUSD::932200::335,LONG,2024-05-17 11:00:00,2024-05-17 13:11:34,12.95,2024.05.17 11:00:00,335,2387.56,0.01,A1_M5_MOM_R1_PULLBAC,2024.05.17 13:11:34,341,2400.51,tp 2400.49,12.95,BT_A1_XAU_R1_PULLBACK_LONG_V2_M15_SESSION_09_15,1025742,XAUUSD,932200,335,2024.05.17 11:00:00,335,335,2387.56,0.01,A1_M5_MOM_R1_PULLBAC,2024.05.17 13:11:34,341,341,2400.51,0.01,5,tp 2400.49,12.95,0.00,0.00,,false,12.95,2,1,1,true,false,false,NATIVE_POSITION_RECONCILIATION_VALID
r1_h1_pullback_long_v1,r1_h1_pullback_long_v1,C:\Users\ZHAO ZHU INFORMATION\Downloads\algo-trading-system\xau-usd\xauusd-phase1\outputs\reports\mt5_backtests\a1_momentum_variants_owner_goal_r1_pullback_long_v2_session_exact_202207_202606_20260701\A1XauM5Momentum_OWNER_GOAL_R1_PULLBACK_LONG_V2_SESSION_EXACT_202207_202606_XAUUSD_M5_r1_pullback_long_v2_m15_session_09_15_trades.csv,171,r1_h1_pullback_long_v1::BT_A1_XAU_R1_PULLBACK_LONG_V2_M15_SESSION_09_15::1025742::XAUUSD::932200::336,LONG,2024-05-17 11:30:00,2024-05-17 13:18:28,14.94,2024.05.17 11:30:00,336,2388.73,0.01,A1_M5_MOM_R1_PULLBAC,2024.05.17 13:18:28,342,2403.67,tp 2403.67,14.94,BT_A1_XAU_R1_PULLBACK_LONG_V2_M15_SESSION_09_15,1025742,XAUUSD,932200,336,2024.05.17 11:30:00,336,336,2388.73,0.01,A1_M5_MOM_R1_PULLBAC,2024.05.17 13:18:28,342,342,2403.67,0.01,5,tp 2403.67,14.94,0.00,0.00,,false,14.94,2,1,1,true,false,false,NATIVE_POSITION_RECONCILIATION_VALID
r1_h1_pullback_long_v1,r1_h1_pullback_long_v1,C:\Users\ZHAO ZHU INFORMATION\Downloads\algo-trading-system\xau-usd\xauusd-phase1\outputs\reports\mt5_backtests\a1_momentum_variants_owner_goal_r1_pullback_long_v2_session_exact_202207_202606_20260701\A1XauM5Momentum_OWNER_GOAL_R1_PULLBACK_LONG_V2_SESSION_EXACT_202207_202606_XAUUSD_M5_r1_pullback_long_v2_m15_session_09_15_trades.csv,172,r1_h1_pullback_long_v1::BT_A1_XAU_R1_PULLBACK_LONG_V2_M15_SESSION_09_15::1025742::XAUUSD::932200::337,LONG,2024-05-17 12:00:00,2024-05-17 14:26:27,16.07,2024.05.17 12:00:00,337,2389.83,0.01,A1_M5_MOM_R1_PULLBAC,2024.05.17 14:26:27,343,2405.90,tp 2405.80,16.07,BT_A1_XAU_R1_PULLBACK_LONG_V2_M15_SESSION_09_15,1025742,XAUUSD,932200,337,2024.05.17 12:00:00,337,337,2389.83,0.01,A1_M5_MOM_R1_PULLBAC,2024.05.17 14:26:27,343,343,2405.90,0.01,5,tp 2405.80,16.07,0.00,0.00,,false,16.07,2,1,1,true,false,false,NATIVE_POSITION_RECONCILIATION_VALID
h4_d1_long_best_box2_atr80,h4_d1_long_best_box2_atr80,C:\Users\ZHAO ZHU INFORMATION\Downloads\algo-trading-system\xau-usd\xauusd-phase1\outputs\reports\mt5_backtests\a1_momentum_variants_owner_goal_regime_router_v1_exact_202207_202606_20260701\A1XauM5Momentum_OWNER_GOAL_REGIME_ROUTER_V1_EXACT_202207_202606_XAUUSD_M5_router_v1_r1_long_box2_prevhealth_trades.csv,52,h4_d1_long_best_box2_atr80::BT_A1_XAU_ROUTER_V1_R1_LONG_BOX2_PREVHEALTH::1025742::XAUUSD::932200::102,LONG,2024-05-20 04:00:00,2024-05-23 01:26:17,-63.71,2024.05.20 04:00:00,102,2437.71,0.01,A1_M5_MOM_ROUTER_V1_,2024.05.23 01:26:17,103,2374.00,sl 2374.09,-63.71,BT_A1_XAU_ROUTER_V1_R1_LONG_BOX2_PREVHEALTH,1025742,XAUUSD,932200,102,2024.05.20 04:00:00,102,102,2437.71,0.01,A1_M5_MOM_ROUTER_V1_,2024.05.23 01:26:17,103,103,2374.00,0.01,4,sl 2374.09,-63.71,0.00,0.00,,false,-63.71,2,1,1,true,false,false,NATIVE_POSITION_RECONCILIATION_VALID
r1_h1_pullback_long_v1,r1_h1_pullback_long_v1,C:\Users\ZHAO ZHU INFORMATION\Downloads\algo-trading-system\xau-usd\xauusd-phase1\outputs\reports\mt5_backtests\a1_momentum_variants_owner_goal_r1_pullback_long_v2_session_exact_202207_202606_20260701\A1XauM5Momentum_OWNER_GOAL_R1_PULLBACK_LONG_V2_SESSION_EXACT_202207_202606_XAUUSD_M5_r1_pullback_long_v2_m15_session_09_15_trades.csv,173,r1_h1_pullback_long_v1::BT_A1_XAU_R1_PULLBACK_LONG_V2_M15_SESSION_09_15::1025742::XAUUSD::932200::344,LONG,2024-05-20 12:00:00,2024-05-20 12:03:26,-4.01,2024.05.20 12:00:00,344,2430.63,0.01,A1_M5_MOM_R1_PULLBAC,2024.05.20 12:03:26,345,2426.62,sl 2426.62,-4.01,BT_A1_XAU_R1_PULLBACK_LONG_V2_M15_SESSION_09_15,1025742,XAUUSD,932200,344,2024.05.20 12:00:00,344,344,2430.63,0.01,A1_M5_MOM_R1_PULLBAC,2024.05.20 12:03:26,345,345,2426.62,0.01,4,sl 2426.62,-4.01,0.00,0.00,,false,-4.01,2,1,1,true,false,false,NATIVE_POSITION_RECONCILIATION_VALID
r1_h1_pullback_long_v1,r1_h1_pullback_long_v1,C:\Users\ZHAO ZHU INFORMATION\Downloads\algo-trading-system\xau-usd\xauusd-phase1\outputs\reports\mt5_backtests\a1_momentum_variants_owner_goal_r1_pullback_long_v2_session_exact_202207_202606_20260701\A1XauM5Momentum_OWNER_GOAL_R1_PULLBACK_LONG_V2_SESSION_EXACT_202207_202606_XAUUSD_M5_r1_pullback_long_v2_m15_session_09_15_trades.csv,174,r1_h1_pullback_long_v1::BT_A1_XAU_R1_PULLBACK_LONG_V2_M15_SESSION_09_15::1025742::XAUUSD::932200::346,LONG,2024-07-04 09:00:00,2024-07-04 15:21:34,-3.57,2024.07.04 09:00:00,346,2358.95,0.01,A1_M5_MOM_R1_PULLBAC,2024.07.04 15:21:34,351,2356.26,sl 2356.33,-3.57,BT_A1_XAU_R1_PULLBACK_LONG_V2_M15_SESSION_09_15,1025742,XAUUSD,932200,346,2024.07.04 09:00:00,346,346,2358.95,0.01,A1_M5_MOM_R1_PULLBAC,2024.07.04 22:29:59,354,354,2354.77,0.01,4,sl 2354.78,-4.18,0.00,0.00,,false,-4.18,2,1,1,true,true,true,NATIVE_POSITION_RECONCILIATION_VALID
r1_h1_pullback_long_v1,r1_h1_pullback_long_v1,C:\Users\ZHAO ZHU INFORMATION\Downloads\algo-trading-system\xau-usd\xauusd-phase1\outputs\reports\mt5_backtests\a1_momentum_variants_owner_goal_r1_pullback_long_v2_session_exact_202207_202606_20260701\A1XauM5Momentum_OWNER_GOAL_R1_PULLBACK_LONG_V2_SESSION_EXACT_202207_202606_XAUUSD_M5_r1_pullback_long_v2_m15_session_09_15_trades.csv,175,r1_h1_pullback_long_v1::BT_A1_XAU_R1_PULLBACK_LONG_V2_M15_SESSION_09_15::1025742::XAUUSD::932200::347,LONG,2024-07-04 09:45:00,2024-07-04 15:21:37,-3.64,2024.07.04 09:45:00,347,2358.20,0.01,A1_M5_MOM_R1_PULLBAC,2024.07.04 15:21:37,352,2355.61,sl 2355.75,-3.64,BT_A1_XAU_R1_PULLBACK_LONG_V2_M15_SESSION_09_15,1025742,XAUUSD,932200,347,2024.07.04 09:45:00,347,347,2358.20,0.01,A1_M5_MOM_R1_PULLBAC,2024.07.04 22:30:35,355,355,2354.68,0.01,4,sl 2354.70,-3.52,0.00,0.00,,false,-3.52,2,1,1,true,true,true,NATIVE_POSITION_RECONCILIATION_VALID
r1_h1_pullback_long_v1,r1_h1_pullback_long_v1,C:\Users\ZHAO ZHU INFORMATION\Downloads\algo-trading-system\xau-usd\xauusd-phase1\outputs\reports\mt5_backtests\a1_momentum_variants_owner_goal_r1_pullback_long_v2_session_exact_202207_202606_20260701\A1XauM5Momentum_OWNER_GOAL_R1_PULLBACK_LONG_V2_SESSION_EXACT_202207_202606_XAUUSD_M5_r1_pullback_long_v2_m15_session_09_15_trades.csv,176,r1_h1_pullback_long_v1::BT_A1_XAU_R1_PULLBACK_LONG_V2_M15_SESSION_09_15::1025742::XAUUSD::932200::348,LONG,2024-07-04 10:30:00,2024-07-04 22:27:32,-3.52,2024.07.04 10:30:00,348,2358.56,0.01,A1_M5_MOM_R1_PULLBAC,2024.07.04 22:27:32,353,2355.04,sl 2355.06,-3.52,BT_A1_XAU_R1_PULLBACK_LONG_V2_M15_SESSION_09_15,1025742,XAUUSD,932200,348,2024.07.04 10:30:00,348,348,2358.56,0.01,A1_M5_MOM_R1_PULLBAC,2024.07.04 22:27:32,353,353,2355.04,0.01,4,sl 2355.06,-3.52,0.00,0.00,,false,-3.52,2,1,1,true,false,false,NATIVE_POSITION_RECONCILIATION_VALID
r1_h1_pullback_long_v1,r1_h1_pullback_long_v1,C:\Users\ZHAO ZHU INFORMATION\Downloads\algo-trading-system\xau-usd\xauusd-phase1\outputs\reports\mt5_backtests\a1_momentum_variants_owner_goal_r1_pullback_long_v2_session_exact_202207_202606_20260701\A1XauM5Momentum_OWNER_GOAL_R1_PULLBACK_LONG_V2_SESSION_EXACT_202207_202606_XAUUSD_M5_r1_pullback_long_v2_m15_session_09_15_trades.csv,177,r1_h1_pullback_long_v1::BT_A1_XAU_R1_PULLBACK_LONG_V2_M15_SESSION_09_15::1025742::XAUUSD::932200::349,LONG,2024-07-04 11:15:00,2024-07-04 22:29:59,-4.18,2024.07.04 11:15:00,349,2359.25,0.01,A1_M5_MOM_R1_PULLBAC,2024.07.04 22:29:59,354,2354.77,sl 2354.78,-4.18,BT_A1_XAU_R1_PULLBACK_LONG_V2_M15_SESSION_09_15,1025742,XAUUSD,932200,349,2024.07.04 11:15:00,349,349,2359.25,0.01,A1_M5_MOM_R1_PULLBAC,2024.07.04 15:21:37,352,352,2355.61,0.01,4,sl 2355.75,-3.64,0.00,0.00,,false,-3.64,2,1,1,true,true,true,NATIVE_POSITION_RECONCILIATION_VALID
r1_h1_pullback_long_v1,r1_h1_pullback_long_v1,C:\Users\ZHAO ZHU INFORMATION\Downloads\algo-trading-system\xau-usd\xauusd-phase1\outputs\reports\mt5_backtests\a1_momentum_variants_owner_goal_r1_pullback_long_v2_session_exact_202207_202606_20260701\A1XauM5Momentum_OWNER_GOAL_R1_PULLBACK_LONG_V2_SESSION_EXACT_202207_202606_XAUUSD_M5_r1_pullback_long_v2_m15_session_09_15_trades.csv,178,r1_h1_pullback_long_v1::BT_A1_XAU_R1_PULLBACK_LONG_V2_M15_SESSION_09_15::1025742::XAUUSD::932200::350,LONG,2024-07-04 14:00:00,2024-07-04 22:30:35,-3.52,2024.07.04 14:00:00,350,2359.83,0.01,A1_M5_MOM_R1_PULLBAC,2024.07.04 22:30:35,355,2354.68,sl 2354.70,-3.52,BT_A1_XAU_R1_PULLBACK_LONG_V2_M15_SESSION_09_15,1025742,XAUUSD,932200,350,2024.07.04 14:00:00,350,350,2359.83,0.01,A1_M5_MOM_R1_PULLBAC,2024.07.04 15:21:34,351,351,2356.26,0.01,4,sl 2356.33,-3.57,0.00,0.00,,false,-3.57,2,1,1,true,true,true,NATIVE_POSITION_RECONCILIATION_VALID
h4_d1_long_best_box2_atr80,h4_d1_long_best_box2_atr80,C:\Users\ZHAO ZHU INFORMATION\Downloads\algo-trading-system\xau-usd\xauusd-phase1\outputs\reports\mt5_backtests\a1_momentum_variants_owner_goal_regime_router_v1_exact_202207_202606_20260701\A1XauM5Momentum_OWNER_GOAL_REGIME_ROUTER_V1_EXACT_202207_202606_XAUUSD_M5_router_v1_r1_long_box2_prevhealth_trades.csv,53,h4_d1_long_best_box2_atr80::BT_A1_XAU_ROUTER_V1_R1_LONG_BOX2_PREVHEALTH::1025742::XAUUSD::932200::104,LONG,2024-07-05 08:00:00,2024-07-16 09:36:43,76.83,2024.07.05 08:00:00,104,2365.34,0.01,A1_M5_MOM_ROUTER_V1_,2024.07.16 09:36:43,109,2442.17,tp 2442.16,76.83,BT_A1_XAU_ROUTER_V1_R1_LONG_BOX2_PREVHEALTH,1025742,XAUUSD,932200,104,2024.07.05 08:00:00,104,104,2365.34,0.01,A1_M5_MOM_ROUTER_V1_,2024.07.16 09:36:43,109,109,2442.17,0.01,5,tp 2442.16,76.83,0.00,0.00,,false,76.83,2,1,1,true,false,false,NATIVE_POSITION_RECONCILIATION_VALID
r1_h1_pullback_long_v1,r1_h1_pullback_long_v1,C:\Users\ZHAO ZHU INFORMATION\Downloads\algo-trading-system\xau-usd\xauusd-phase1\outputs\reports\mt5_backtests\a1_momentum_variants_owner_goal_r1_pullback_long_v2_session_exact_202207_202606_20260701\A1XauM5Momentum_OWNER_GOAL_R1_PULLBACK_LONG_V2_SESSION_EXACT_202207_202606_XAUUSD_M5_r1_pullback_long_v2_m15_session_09_15_trades.csv,179,r1_h1_pullback_long_v1::BT_A1_XAU_R1_PULLBACK_LONG_V2_M15_SESSION_09_15::1025742::XAUUSD::932200::356,LONG,2024-07-05 11:00:00,2024-07-05 12:30:18,-4.19,2024.07.05 11:00:00,356,2365.14,0.01,A1_M5_MOM_R1_PULLBAC,2024.07.05 12:30:18,359,2361.75,sl 2361.86,-4.19,BT_A1_XAU_R1_PULLBACK_LONG_V2_M15_SESSION_09_15,1025742,XAUUSD,932200,356,2024.07.05 11:00:00,356,356,2365.14,0.01,A1_M5_MOM_R1_PULLBAC,2024.07.05 12:30:19,360,360,2361.34,0.01,4,sl 2361.43,-3.80,0.00,0.00,,false,-3.80,2,1,1,true,true,true,NATIVE_POSITION_RECONCILIATION_VALID
r1_h1_pullback_long_v1,r1_h1_pullback_long_v1,C:\Users\ZHAO ZHU INFORMATION\Downloads\algo-trading-system\xau-usd\xauusd-phase1\outputs\reports\mt5_backtests\a1_momentum_variants_owner_goal_r1_pullback_long_v2_session_exact_202207_202606_20260701\A1XauM5Momentum_OWNER_GOAL_R1_PULLBACK_LONG_V2_SESSION_EXACT_202207_202606_XAUUSD_M5_r1_pullback_long_v2_m15_session_09_15_trades.csv,180,r1_h1_pullback_long_v1::BT_A1_XAU_R1_PULLBACK_LONG_V2_M15_SESSION_09_15::1025742::XAUUSD::932200::357,LONG,2024-07-05 11:30:00,2024-07-05 12:30:19,-3.8,2024.07.05 11:30:00,357,2365.16,0.01,A1_M5_MOM_R1_PULLBAC,2024.07.05 12:30:19,360,2361.34,sl 2361.43,-3.8,BT_A1_XAU_R1_PULLBACK_LONG_V2_M15_SESSION_09_15,1025742,XAUUSD,932200,357,2024.07.05 11:30:00,357,357,2365.16,0.01,A1_M5_MOM_R1_PULLBAC,2024.07.05 12:30:19,361,361,2361.34,0.01,4,sl 2361.49,-3.82,0.00,0.00,,false,-3.82,2,1,1,true,true,true,NATIVE_POSITION_RECONCILIATION_VALID
r1_h1_pullback_long_v1,r1_h1_pullback_long_v1,C:\Users\ZHAO ZHU INFORMATION\Downloads\algo-trading-system\xau-usd\xauusd-phase1\outputs\reports\mt5_backtests\a1_momentum_variants_owner_goal_r1_pullback_long_v2_session_exact_202207_202606_20260701\A1XauM5Momentum_OWNER_GOAL_R1_PULLBACK_LONG_V2_SESSION_EXACT_202207_202606_XAUUSD_M5_r1_pullback_long_v2_m15_session_09_15_trades.csv,181,r1_h1_pullback_long_v1::BT_A1_XAU_R1_PULLBACK_LONG_V2_M15_SESSION_09_15::1025742::XAUUSD::932200::358,LONG,2024-07-05 12:00:00,2024-07-05 12:30:19,-3.82,2024.07.05 12:00:00,358,2365.94,0.01,A1_M5_MOM_R1_PULLBAC,2024.07.05 12:30:19,361,2361.34,sl 2361.49,-3.82,BT_A1_XAU_R1_PULLBACK_LONG_V2_M15_SESSION_09_15,1025742,XAUUSD,932200,358,2024.07.05 12:00:00,358,358,2365.94,0.01,A1_M5_MOM_R1_PULLBAC,2024.07.05 12:30:18,359,359,2361.75,0.01,4,sl 2361.86,-4.19,0.00,0.00,,false,-4.19,2,1,1,true,true,true,NATIVE_POSITION_RECONCILIATION_VALID
r1_h1_pullback_long_v1,r1_h1_pullback_long_v1,C:\Users\ZHAO ZHU INFORMATION\Downloads\algo-trading-system\xau-usd\xauusd-phase1\outputs\reports\mt5_backtests\a1_momentum_variants_owner_goal_r1_pullback_long_v2_session_exact_202207_202606_20260701\A1XauM5Momentum_OWNER_GOAL_R1_PULLBACK_LONG_V2_SESSION_EXACT_202207_202606_XAUUSD_M5_r1_pullback_long_v2_m15_session_09_15_trades.csv,182,r1_h1_pullback_long_v1::BT_A1_XAU_R1_PULLBACK_LONG_V2_M15_SESSION_09_15::1025742::XAUUSD::932200::362,LONG,2024-07-05 12:45:00,2024-07-08 15:53:13,-21.46,2024.07.05 12:45:00,362,2372.99,0.01,A1_M5_MOM_R1_PULLBAC,2024.07.08 15:53:13,363,2351.53,sl 2351.55,-21.46,BT_A1_XAU_R1_PULLBACK_LONG_V2_M15_SESSION_09_15,1025742,XAUUSD,932200,362,2024.07.05 12:45:00,362,362,2372.99,0.01,A1_M5_MOM_R1_PULLBAC,2024.07.08 15:53:13,363,363,2351.53,0.01,4,sl 2351.55,-21.46,0.00,0.00,,false,-21.46,2,1,1,true,false,false,NATIVE_POSITION_RECONCILIATION_VALID
h4_d1_long_best_box2_atr80,h4_d1_long_best_box2_atr80,C:\Users\ZHAO ZHU INFORMATION\Downloads\algo-trading-system\xau-usd\xauusd-phase1\outputs\reports\mt5_backtests\a1_momentum_variants_owner_goal_regime_router_v1_exact_202207_202606_20260701\A1XauM5Momentum_OWNER_GOAL_REGIME_ROUTER_V1_EXACT_202207_202606_XAUUSD_M5_router_v1_r1_long_box2_prevhealth_trades.csv,54,h4_d1_long_best_box2_atr80::BT_A1_XAU_ROUTER_V1_R1_LONG_BOX2_PREVHEALTH::1025742::XAUUSD::932200::105,LONG,2024-07-05 16:00:00,2024-07-17 00:40:35,53.84,2024.07.05 16:00:00,105,2384.78,0.01,A1_M5_MOM_ROUTER_V1_,2024.07.17 00:40:35,112,2472.22,tp 2472.10,53.84,BT_A1_XAU_ROUTER_V1_R1_LONG_BOX2_PREVHEALTH,1025742,XAUUSD,932200,105,2024.07.05 16:00:00,105,105,2384.78,0.01,A1_M5_MOM_ROUTER_V1_,2024.08.16 18:35:40,116,116,2500.52,0.01,5,tp 2500.52,115.74,0.00,0.00,,false,115.74,2,1,1,true,true,true,NATIVE_POSITION_RECONCILIATION_VALID
h4_d1_long_best_box2_atr80,h4_d1_long_best_box2_atr80,C:\Users\ZHAO ZHU INFORMATION\Downloads\algo-trading-system\xau-usd\xauusd-phase1\outputs\reports\mt5_backtests\a1_momentum_variants_owner_goal_regime_router_v1_exact_202207_202606_20260701\A1XauM5Momentum_OWNER_GOAL_REGIME_ROUTER_V1_EXACT_202207_202606_XAUUSD_M5_router_v1_r1_long_box2_prevhealth_trades.csv,55,h4_d1_long_best_box2_atr80::BT_A1_XAU_ROUTER_V1_R1_LONG_BOX2_PREVHEALTH::1025742::XAUUSD::932200::106,LONG,2024-07-11 16:00:00,2024-07-19 12:51:15,-67.21,2024.07.11 16:00:00,106,2417.34,0.01,A1_M5_MOM_ROUTER_V1_,2024.07.19 12:51:15,113,2401.54,sl 2401.54,-67.21,BT_A1_XAU_ROUTER_V1_R1_LONG_BOX2_PREVHEALTH,1025742,XAUUSD,932200,106,2024.07.11 16:00:00,106,106,2417.34,0.01,A1_M5_MOM_ROUTER_V1_,2024.09.12 14:46:38,123,123,2553.14,0.01,5,tp 2553.12,135.80,0.00,0.00,,false,135.80,2,1,1,true,true,true,NATIVE_POSITION_RECONCILIATION_VALID
r1_h1_pullback_long_v1,r1_h1_pullback_long_v1,C:\Users\ZHAO ZHU INFORMATION\Downloads\algo-trading-system\xau-usd\xauusd-phase1\outputs\reports\mt5_backtests\a1_momentum_variants_owner_goal_r1_pullback_long_v2_session_exact_202207_202606_20260701\A1XauM5Momentum_OWNER_GOAL_R1_PULLBACK_LONG_V2_SESSION_EXACT_202207_202606_XAUUSD_M5_r1_pullback_long_v2_m15_session_09_15_trades.csv,183,r1_h1_pullback_long_v1::BT_A1_XAU_R1_PULLBACK_LONG_V2_M15_SESSION_09_15::1025742::XAUUSD::932200::364,LONG,2024-07-12 09:00:00,2024-07-12 10:28:03,-7.1,2024.07.12 09:00:00,364,2407.46,0.01,A1_M5_MOM_R1_PULLBAC,2024.07.12 10:28:03,365,2400.36,sl 2400.36,-7.1,BT_A1_XAU_R1_PULLBACK_LONG_V2_M15_SESSION_09_15,1025742,XAUUSD,932200,364,2024.07.12 09:00:00,364,364,2407.46,0.01,A1_M5_MOM_R1_PULLBAC,2024.07.12 10:28:03,365,365,2400.36,0.01,4,sl 2400.36,-7.10,0.00,0.00,,false,-7.10,2,1,1,true,false,false,NATIVE_POSITION_RECONCILIATION_VALID
h4_d1_long_best_box2_atr80,h4_d1_long_best_box2_atr80,C:\Users\ZHAO ZHU INFORMATION\Downloads\algo-trading-system\xau-usd\xauusd-phase1\outputs\reports\mt5_backtests\a1_momentum_variants_owner_goal_regime_router_v1_exact_202207_202606_20260701\A1XauM5Momentum_OWNER_GOAL_REGIME_ROUTER_V1_EXACT_202207_202606_XAUUSD_M5_router_v1_r1_long_box2_prevhealth_trades.csv,56,h4_d1_long_best_box2_atr80::BT_A1_XAU_ROUTER_V1_R1_LONG_BOX2_PREVHEALTH::1025742::XAUUSD::932200::107,LONG,2024-07-15 12:00:00,2024-07-19 13:05:41,-61.92,2024.07.15 12:00:00,107,2418.38,0.01,A1_M5_MOM_ROUTER_V1_,2024.07.19 13:05:41,114,2401.37,sl 2401.38,-61.92,BT_A1_XAU_ROUTER_V1_R1_LONG_BOX2_PREVHEALTH,1025742,XAUUSD,932200,107,2024.07.15 12:00:00,107,107,2418.38,0.01,A1_M5_MOM_ROUTER_V1_,2024.07.17 00:40:35,112,112,2472.22,0.01,5,tp 2472.10,53.84,0.00,0.00,,false,53.84,2,1,1,true,true,true,NATIVE_POSITION_RECONCILIATION_VALID
r1_h1_pullback_long_v1,r1_h1_pullback_long_v1,C:\Users\ZHAO ZHU INFORMATION\Downloads\algo-trading-system\xau-usd\xauusd-phase1\outputs\reports\mt5_backtests\a1_momentum_variants_owner_goal_r1_pullback_long_v2_session_exact_202207_202606_20260701\A1XauM5Momentum_OWNER_GOAL_R1_PULLBACK_LONG_V2_SESSION_EXACT_202207_202606_XAUUSD_M5_r1_pullback_long_v2_m15_session_09_15_trades.csv,184,r1_h1_pullback_long_v1::BT_A1_XAU_R1_PULLBACK_LONG_V2_M15_SESSION_09_15::1025742::XAUUSD::932200::366,LONG,2024-07-15 13:30:00,2024-07-15 14:51:37,10.76,2024.07.15 13:30:00,366,2416.20,0.01,A1_M5_MOM_R1_PULLBAC,2024.07.15 14:51:37,369,2426.96,tp 2426.96,10.76,BT_A1_XAU_R1_PULLBACK_LONG_V2_M15_SESSION_09_15,1025742,XAUUSD,932200,366,2024.07.15 13:30:00,366,366,2416.20,0.01,A1_M5_MOM_R1_PULLBAC,2024.07.15 14:51:37,369,369,2426.96,0.01,5,tp 2426.96,10.76,0.00,0.00,,false,10.76,2,1,1,true,false,false,NATIVE_POSITION_RECONCILIATION_VALID
r1_h1_pullback_long_v1,r1_h1_pullback_long_v1,C:\Users\ZHAO ZHU INFORMATION\Downloads\algo-trading-system\xau-usd\xauusd-phase1\outputs\reports\mt5_backtests\a1_momentum_variants_owner_goal_r1_pullback_long_v2_session_exact_202207_202606_20260701\A1XauM5Momentum_OWNER_GOAL_R1_PULLBACK_LONG_V2_SESSION_EXACT_202207_202606_XAUUSD_M5_r1_pullback_long_v2_m15_session_09_15_trades.csv,185,r1_h1_pullback_long_v1::BT_A1_XAU_R1_PULLBACK_LONG_V2_M15_SESSION_09_15::1025742::XAUUSD::932200::367,LONG,2024-07-15 14:00:00,2024-07-15 15:27:11,16.9,2024.07.15 14:00:00,367,2419.23,0.01,A1_M5_MOM_R1_PULLBAC,2024.07.15 15:27:11,370,2436.13,tp 2436.13,16.9,BT_A1_XAU_R1_PULLBACK_LONG_V2_M15_SESSION_09_15,1025742,XAUUSD,932200,367,2024.07.15 14:00:00,367,367,2419.23,0.01,A1_M5_MOM_R1_PULLBAC,2024.07.15 15:27:11,370,370,2436.13,0.01,5,tp 2436.13,16.90,0.00,0.00,,false,16.90,2,1,1,true,false,false,NATIVE_POSITION_RECONCILIATION_VALID
r1_h1_pullback_long_v1,r1_h1_pullback_long_v1,C:\Users\ZHAO ZHU INFORMATION\Downloads\algo-trading-system\xau-usd\xauusd-phase1\outputs\reports\mt5_backtests\a1_momentum_variants_owner_goal_r1_pullback_long_v2_session_exact_202207_202606_20260701\A1XauM5Momentum_OWNER_GOAL_R1_PULLBACK_LONG_V2_SESSION_EXACT_202207_202606_XAUUSD_M5_r1_pullback_long_v2_m15_session_09_15_trades.csv,186,r1_h1_pullback_long_v1::BT_A1_XAU_R1_PULLBACK_LONG_V2_M15_SESSION_09_15::1025742::XAUUSD::932200::368,LONG,2024-07-15 14:30:00,2024-07-16 14:35:37,25.79,2024.07.15 14:30:00,368,2423.55,0.01,A1_M5_MOM_R1_PULLBAC,2024.07.16 14:35:37,374,2449.34,tp 2449.32,25.79,BT_A1_XAU_R1_PULLBACK_LONG_V2_M15_SESSION_09_15,1025742,XAUUSD,932200,368,2024.07.15 14:30:00,368,368,2423.55,0.01,A1_M5_MOM_R1_PULLBAC,2024.07.16 14:35:37,374,374,2449.34,0.01,5,tp 2449.32,25.79,0.00,0.00,,false,25.79,2,1,1,true,false,false,NATIVE_POSITION_RECONCILIATION_VALID
h4_d1_long_best_box2_atr80,h4_d1_long_best_box2_atr80,C:\Users\ZHAO ZHU INFORMATION\Downloads\algo-trading-system\xau-usd\xauusd-phase1\outputs\reports\mt5_backtests\a1_momentum_variants_owner_goal_regime_router_v1_exact_202207_202606_20260701\A1XauM5Momentum_OWNER_GOAL_REGIME_ROUTER_V1_EXACT_202207_202606_XAUUSD_M5_router_v1_r1_long_box2_prevhealth_trades.csv,57,h4_d1_long_best_box2_atr80::BT_A1_XAU_ROUTER_V1_R1_LONG_BOX2_PREVHEALTH::1025742::XAUUSD::932200::108,LONG,2024-07-15 16:00:00,2024-07-22 12:33:38,-41.85,2024.07.15 16:00:00,108,2433.40,0.01,A1_M5_MOM_ROUTER_V1_,2024.07.22 12:33:38,115,2391.55,sl 2391.56,-41.85,BT_A1_XAU_ROUTER_V1_R1_LONG_BOX2_PREVHEALTH,1025742,XAUUSD,932200,108,2024.07.15 16:00:00,108,108,2433.40,0.01,A1_M5_MOM_ROUTER_V1_,2024.07.22 12:33:38,115,115,2391.55,0.01,4,sl 2391.56,-41.85,0.00,0.00,,false,-41.85,2,1,1,true,false,false,NATIVE_POSITION_RECONCILIATION_VALID
r1_h1_pullback_long_v1,r1_h1_pullback_long_v1,C:\Users\ZHAO ZHU INFORMATION\Downloads\algo-trading-system\xau-usd\xauusd-phase1\outputs\reports\mt5_backtests\a1_momentum_variants_owner_goal_r1_pullback_long_v2_session_exact_202207_202606_20260701\A1XauM5Momentum_OWNER_GOAL_R1_PULLBACK_LONG_V2_SESSION_EXACT_202207_202606_XAUUSD_M5_r1_pullback_long_v2_m15_session_09_15_trades.csv,187,r1_h1_pullback_long_v1::BT_A1_XAU_R1_PULLBACK_LONG_V2_M15_SESSION_09_15::1025742::XAUUSD::932200::371,LONG,2024-07-16 13:30:00,2024-07-16 15:07:41,19.5,2024.07.16 13:30:00,371,2438.22,0.01,A1_M5_MOM_R1_PULLBAC,2024.07.16 15:07:41,375,2457.72,tp 2457.63,19.5,BT_A1_XAU_R1_PULLBACK_LONG_V2_M15_SESSION_09_15,1025742,XAUUSD,932200,371,2024.07.16 13:30:00,371,371,2438.22,0.01,A1_M5_MOM_R1_PULLBAC,2024.07.16 15:07:41,375,375,2457.72,0.01,5,tp 2457.63,19.50,0.00,0.00,,false,19.50,2,1,1,true,false,false,NATIVE_POSITION_RECONCILIATION_VALID
r1_h1_pullback_long_v1,r1_h1_pullback_long_v1,C:\Users\ZHAO ZHU INFORMATION\Downloads\algo-trading-system\xau-usd\xauusd-phase1\outputs\reports\mt5_backtests\a1_momentum_variants_owner_goal_r1_pullback_long_v2_session_exact_202207_202606_20260701\A1XauM5Momentum_OWNER_GOAL_R1_PULLBACK_LONG_V2_SESSION_EXACT_202207_202606_XAUUSD_M5_r1_pullback_long_v2_m15_session_09_15_trades.csv,188,r1_h1_pullback_long_v1::BT_A1_XAU_R1_PULLBACK_LONG_V2_M15_SESSION_09_15::1025742::XAUUSD::932200::372,LONG,2024-07-16 13:45:00,2024-07-17 02:07:53,35.15,2024.07.16 13:45:00,372,2446.23,0.01,A1_M5_MOM_R1_PULLBAC,2024.07.17 02:07:53,376,2481.38,tp 2481.38,35.15,BT_A1_XAU_R1_PULLBACK_LONG_V2_M15_SESSION_09_15,1025742,XAUUSD,932200,372,2024.07.16 13:45:00,372,372,2446.23,0.01,A1_M5_MOM_R1_PULLBAC,2024.07.17 02:07:53,376,376,2481.38,0.01,5,tp 2481.38,35.15,0.00,0.00,,false,35.15,2,1,1,true,false,false,NATIVE_POSITION_RECONCILIATION_VALID
r1_h1_pullback_long_v1,r1_h1_pullback_long_v1,C:\Users\ZHAO ZHU INFORMATION\Downloads\algo-trading-system\xau-usd\xauusd-phase1\outputs\reports\mt5_backtests\a1_momentum_variants_owner_goal_r1_pullback_long_v2_session_exact_202207_202606_20260701\A1XauM5Momentum_OWNER_GOAL_R1_PULLBACK_LONG_V2_SESSION_EXACT_202207_202606_XAUUSD_M5_r1_pullback_long_v2_m15_session_09_15_trades.csv,189,r1_h1_pullback_long_v1::BT_A1_XAU_R1_PULLBACK_LONG_V2_M15_SESSION_09_15::1025742::XAUUSD::932200::373,LONG,2024-07-16 14:30:00,2024-07-17 02:08:33,34.85,2024.07.16 14:30:00,373,2447.17,0.01,A1_M5_MOM_R1_PULLBAC,2024.07.17 02:08:33,377,2482.02,tp 2481.99,34.85,BT_A1_XAU_R1_PULLBACK_LONG_V2_M15_SESSION_09_15,1025742,XAUUSD,932200,373,2024.07.16 14:30:00,373,373,2447.17,0.01,A1_M5_MOM_R1_PULLBAC,2024.07.17 02:08:33,377,377,2482.02,0.01,5,tp 2481.99,34.85,0.00,0.00,,false,34.85,2,1,1,true,false,false,NATIVE_POSITION_RECONCILIATION_VALID
h4_d1_long_best_box2_atr80,h4_d1_long_best_box2_atr80,C:\Users\ZHAO ZHU INFORMATION\Downloads\algo-trading-system\xau-usd\xauusd-phase1\outputs\reports\mt5_backtests\a1_momentum_variants_owner_goal_regime_router_v1_exact_202207_202606_20260701\A1XauM5Momentum_OWNER_GOAL_REGIME_ROUTER_V1_EXACT_202207_202606_XAUUSD_M5_router_v1_r1_long_box2_prevhealth_trades.csv,58,h4_d1_long_best_box2_atr80::BT_A1_XAU_ROUTER_V1_R1_LONG_BOX2_PREVHEALTH::1025742::XAUUSD::932200::110,LONG,2024-07-16 16:00:00,2024-08-16 18:35:40,115.74,2024.07.16 16:00:00,110,2463.29,0.01,A1_M5_MOM_ROUTER_V1_,2024.08.16 18:35:40,116,2500.52,tp 2500.52,115.74,BT_A1_XAU_ROUTER_V1_R1_LONG_BOX2_PREVHEALTH,1025742,XAUUSD,932200,110,2024.07.16 16:00:00,110,110,2463.29,0.01,A1_M5_MOM_ROUTER_V1_,2024.07.19 13:05:41,114,114,2401.37,0.01,4,sl 2401.38,-61.92,0.00,0.00,,false,-61.92,2,1,1,true,true,true,NATIVE_POSITION_RECONCILIATION_VALID
h4_d1_long_best_box2_atr80,h4_d1_long_best_box2_atr80,C:\Users\ZHAO ZHU INFORMATION\Downloads\algo-trading-system\xau-usd\xauusd-phase1\outputs\reports\mt5_backtests\a1_momentum_variants_owner_goal_regime_router_v1_exact_202207_202606_20260701\A1XauM5Momentum_OWNER_GOAL_REGIME_ROUTER_V1_EXACT_202207_202606_XAUUSD_M5_router_v1_r1_long_box2_prevhealth_trades.csv,59,h4_d1_long_best_box2_atr80::BT_A1_XAU_ROUTER_V1_R1_LONG_BOX2_PREVHEALTH::1025742::XAUUSD::932200::111,LONG,2024-07-16 20:00:00,2024-09-03 11:49:35,-40.02,2024.07.16 20:00:00,111,2468.75,0.01,A1_M5_MOM_ROUTER_V1_,2024.09.03 11:49:35,119,2486.72,sl 2486.74,-40.02,BT_A1_XAU_ROUTER_V1_R1_LONG_BOX2_PREVHEALTH,1025742,XAUUSD,932200,111,2024.07.16 20:00:00,111,111,2468.75,0.01,A1_M5_MOM_ROUTER_V1_,2024.07.19 12:51:15,113,113,2401.54,0.01,4,sl 2401.54,-67.21,0.00,0.00,,false,-67.21,2,1,1,true,true,true,NATIVE_POSITION_RECONCILIATION_VALID
r1_h1_pullback_long_v1,r1_h1_pullback_long_v1,C:\Users\ZHAO ZHU INFORMATION\Downloads\algo-trading-system\xau-usd\xauusd-phase1\outputs\reports\mt5_backtests\a1_momentum_variants_owner_goal_r1_pullback_long_v2_session_exact_202207_202606_20260701\A1XauM5Momentum_OWNER_GOAL_R1_PULLBACK_LONG_V2_SESSION_EXACT_202207_202606_XAUUSD_M5_r1_pullback_long_v2_m15_session_09_15_trades.csv,190,r1_h1_pullback_long_v1::BT_A1_XAU_R1_PULLBACK_LONG_V2_M15_SESSION_09_15::1025742::XAUUSD::932200::378,LONG,2024-07-17 11:45:00,2024-07-17 14:12:29,-6.32,2024.07.17 11:45:00,378,2472.58,0.01,A1_M5_MOM_R1_PULLBAC,2024.07.17 14:12:29,380,2466.04,sl 2466.06,-6.32,BT_A1_XAU_R1_PULLBACK_LONG_V2_M15_SESSION_09_15,1025742,XAUUSD,932200,378,2024.07.17 11:45:00,378,378,2472.58,0.01,A1_M5_MOM_R1_PULLBAC,2024.07.17 14:12:29,381,381,2465.96,0.01,4,sl 2465.99,-6.62,0.00,0.00,,false,-6.62,2,1,1,true,true,true,NATIVE_POSITION_RECONCILIATION_VALID
r1_h1_pullback_long_v1,r1_h1_pullback_long_v1,C:\Users\ZHAO ZHU INFORMATION\Downloads\algo-trading-system\xau-usd\xauusd-phase1\outputs\reports\mt5_backtests\a1_momentum_variants_owner_goal_r1_pullback_long_v2_session_exact_202207_202606_20260701\A1XauM5Momentum_OWNER_GOAL_R1_PULLBACK_LONG_V2_SESSION_EXACT_202207_202606_XAUUSD_M5_r1_pullback_long_v2_m15_session_09_15_trades.csv,191,r1_h1_pullback_long_v1::BT_A1_XAU_R1_PULLBACK_LONG_V2_M15_SESSION_09_15::1025742::XAUUSD::932200::379,LONG,2024-07-17 12:15:00,2024-07-17 14:12:29,-6.62,2024.07.17 12:15:00,379,2472.36,0.01,A1_M5_MOM_R1_PULLBAC,2024.07.17 14:12:29,381,2465.96,sl 2465.99,-6.62,BT_A1_XAU_R1_PULLBACK_LONG_V2_M15_SESSION_09_15,1025742,XAUUSD,932200,379,2024.07.17 12:15:00,379,379,2472.36,0.01,A1_M5_MOM_R1_PULLBAC,2024.07.17 14:12:29,380,380,2466.04,0.01,4,sl 2466.06,-6.32,0.00,0.00,,false,-6.32,2,1,1,true,true,true,NATIVE_POSITION_RECONCILIATION_VALID
r1_h1_pullback_long_v1,r1_h1_pullback_long_v1,C:\Users\ZHAO ZHU INFORMATION\Downloads\algo-trading-system\xau-usd\xauusd-phase1\outputs\reports\mt5_backtests\a1_momentum_variants_owner_goal_r1_pullback_long_v2_session_exact_202207_202606_20260701\A1XauM5Momentum_OWNER_GOAL_R1_PULLBACK_LONG_V2_SESSION_EXACT_202207_202606_XAUUSD_M5_r1_pullback_long_v2_m15_session_09_15_trades.csv,192,r1_h1_pullback_long_v1::BT_A1_XAU_R1_PULLBACK_LONG_V2_M15_SESSION_09_15::1025742::XAUUSD::932200::382,LONG,2024-08-02 12:45:00,2024-08-02 14:33:18,-16.59,2024.08.02 12:45:00,382,2471.19,0.01,A1_M5_MOM_R1_PULLBAC,2024.08.02 14:33:18,385,2454.60,sl 2454.64,-16.59,BT_A1_XAU_R1_PULLBACK_LONG_V2_M15_SESSION_09_15,1025742,XAUUSD,932200,382,2024.08.02 12:45:00,382,382,2471.19,0.01,A1_M5_MOM_R1_PULLBAC,2024.08.02 14:33:18,385,385,2454.60,0.01,4,sl 2454.64,-16.59,0.00,0.00,,false,-16.59,2,1,1,true,false,false,NATIVE_POSITION_RECONCILIATION_VALID
r1_h1_pullback_long_v1,r1_h1_pullback_long_v1,C:\Users\ZHAO ZHU INFORMATION\Downloads\algo-trading-system\xau-usd\xauusd-phase1\outputs\reports\mt5_backtests\a1_momentum_variants_owner_goal_r1_pullback_long_v2_session_exact_202207_202606_20260701\A1XauM5Momentum_OWNER_GOAL_R1_PULLBACK_LONG_V2_SESSION_EXACT_202207_202606_XAUUSD_M5_r1_pullback_long_v2_m15_session_09_15_trades.csv,193,r1_h1_pullback_long_v1::BT_A1_XAU_R1_PULLBACK_LONG_V2_M15_SESSION_09_15::1025742::XAUUSD::932200::383,LONG,2024-08-02 13:30:00,2024-08-02 14:33:20,-12.21,2024.08.02 13:30:00,383,2466.33,0.01,A1_M5_MOM_R1_PULLBAC,2024.08.02 14:33:20,386,2454.12,sl 2454.17,-12.21,BT_A1_XAU_R1_PULLBACK_LONG_V2_M15_SESSION_09_15,1025742,XAUUSD,932200,383,2024.08.02 13:30:00,383,383,2466.33,0.01,A1_M5_MOM_R1_PULLBAC,2024.08.02 14:33:20,386,386,2454.12,0.01,4,sl 2454.17,-12.21,0.00,0.00,,false,-12.21,2,1,1,true,false,false,NATIVE_POSITION_RECONCILIATION_VALID
r1_h1_pullback_long_v1,r1_h1_pullback_long_v1,C:\Users\ZHAO ZHU INFORMATION\Downloads\algo-trading-system\xau-usd\xauusd-phase1\outputs\reports\mt5_backtests\a1_momentum_variants_owner_goal_r1_pullback_long_v2_session_exact_202207_202606_20260701\A1XauM5Momentum_OWNER_GOAL_R1_PULLBACK_LONG_V2_SESSION_EXACT_202207_202606_XAUUSD_M5_r1_pullback_long_v2_m15_session_09_15_trades.csv,194,r1_h1_pullback_long_v1::BT_A1_XAU_R1_PULLBACK_LONG_V2_M15_SESSION_09_15::1025742::XAUUSD::932200::384,LONG,2024-08-02 14:00:00,2024-08-02 14:33:20,-16.21,2024.08.02 14:00:00,384,2470.15,0.01,A1_M5_MOM_R1_PULLBAC,2024.08.02 14:33:20,387,2453.94,sl 2453.94,-16.21,BT_A1_XAU_R1_PULLBACK_LONG_V2_M15_SESSION_09_15,1025742,XAUUSD,932200,384,2024.08.02 14:00:00,384,384,2470.15,0.01,A1_M5_MOM_R1_PULLBAC,2024.08.02 14:33:20,387,387,2453.94,0.01,4,sl 2453.94,-16.21,0.00,0.00,,false,-16.21,2,1,1,true,false,false,NATIVE_POSITION_RECONCILIATION_VALID
r1_h1_pullback_long_v1,r1_h1_pullback_long_v1,C:\Users\ZHAO ZHU INFORMATION\Downloads\algo-trading-system\xau-usd\xauusd-phase1\outputs\reports\mt5_backtests\a1_momentum_variants_owner_goal_r1_pullback_long_v2_session_exact_202207_202606_20260701\A1XauM5Momentum_OWNER_GOAL_R1_PULLBACK_LONG_V2_SESSION_EXACT_202207_202606_XAUUSD_M5_r1_pullback_long_v2_m15_session_09_15_trades.csv,195,r1_h1_pullback_long_v1::BT_A1_XAU_R1_PULLBACK_LONG_V2_M15_SESSION_09_15::1025742::XAUUSD::932200::388,LONG,2024-08-13 11:00:00,2024-08-13 12:30:28,7.04,2024.08.13 11:00:00,388,2462.40,0.01,A1_M5_MOM_R1_PULLBAC,2024.08.13 12:30:28,390,2469.44,tp 2469.40,7.04,BT_A1_XAU_R1_PULLBACK_LONG_V2_M15_SESSION_09_15,1025742,XAUUSD,932200,388,2024.08.13 11:00:00,388,388,2462.40,0.01,A1_M5_MOM_R1_PULLBAC,2024.08.13 12:30:28,390,390,2469.44,0.01,5,tp 2469.40,7.04,0.00,0.00,,false,7.04,2,1,1,true,false,false,NATIVE_POSITION_RECONCILIATION_VALID
r1_h1_pullback_long_v1,r1_h1_pullback_long_v1,C:\Users\ZHAO ZHU INFORMATION\Downloads\algo-trading-system\xau-usd\xauusd-phase1\outputs\reports\mt5_backtests\a1_momentum_variants_owner_goal_r1_pullback_long_v2_session_exact_202207_202606_20260701\A1XauM5Momentum_OWNER_GOAL_R1_PULLBACK_LONG_V2_SESSION_EXACT_202207_202606_XAUUSD_M5_r1_pullback_long_v2_m15_session_09_15_trades.csv,196,r1_h1_pullback_long_v1::BT_A1_XAU_R1_PULLBACK_LONG_V2_M15_SESSION_09_15::1025742::XAUUSD::932200::389,LONG,2024-08-13 11:15:00,2024-08-13 13:22:42,-4.62,2024.08.13 11:15:00,389,2463.69,0.01,A1_M5_MOM_R1_PULLBAC,2024.08.13 13:22:42,391,2459.07,sl 2459.07,-4.62,BT_A1_XAU_R1_PULLBACK_LONG_V2_M15_SESSION_09_15,1025742,XAUUSD,932200,389,2024.08.13 11:15:00,389,389,2463.69,0.01,A1_M5_MOM_R1_PULLBAC,2024.08.13 13:22:42,391,391,2459.07,0.01,4,sl 2459.07,-4.62,0.00,0.00,,false,-4.62,2,1,1,true,false,false,NATIVE_POSITION_RECONCILIATION_VALID
r1_h1_pullback_long_v1,r1_h1_pullback_long_v1,C:\Users\ZHAO ZHU INFORMATION\Downloads\algo-trading-system\xau-usd\xauusd-phase1\outputs\reports\mt5_backtests\a1_momentum_variants_owner_goal_r1_pullback_long_v2_session_exact_202207_202606_20260701\A1XauM5Momentum_OWNER_GOAL_R1_PULLBACK_LONG_V2_SESSION_EXACT_202207_202606_XAUUSD_M5_r1_pullback_long_v2_m15_session_09_15_trades.csv,197,r1_h1_pullback_long_v1::BT_A1_XAU_R1_PULLBACK_LONG_V2_M15_SESSION_09_15::1025742::XAUUSD::932200::392,LONG,2024-08-13 13:45:00,2024-08-14 02:31:37,-15.77,2024.08.13 13:45:00,392,2473.91,0.01,A1_M5_MOM_R1_PULLBAC,2024.08.14 02:31:37,393,2458.14,sl 2458.16,-15.77,BT_A1_XAU_R1_PULLBACK_LONG_V2_M15_SESSION_09_15,1025742,XAUUSD,932200,392,2024.08.13 13:45:00,392,392,2473.91,0.01,A1_M5_MOM_R1_PULLBAC,2024.08.14 02:31:37,393,393,2458.14,0.01,4,sl 2458.16,-15.77,0.00,0.00,,false,-15.77,2,1,1,true,false,false,NATIVE_POSITION_RECONCILIATION_VALID
h4_d1_long_best_box2_atr80,h4_d1_long_best_box2_atr80,C:\Users\ZHAO ZHU INFORMATION\Downloads\algo-trading-system\xau-usd\xauusd-phase1\outputs\reports\mt5_backtests\a1_momentum_variants_owner_goal_regime_router_v1_exact_202207_202606_20260701\A1XauM5Momentum_OWNER_GOAL_REGIME_ROUTER_V1_EXACT_202207_202606_XAUUSD_M5_router_v1_r1_long_box2_prevhealth_trades.csv,60,h4_d1_long_best_box2_atr80::BT_A1_XAU_ROUTER_V1_R1_LONG_BOX2_PREVHEALTH::1025742::XAUUSD::932200::117,LONG,2024-08-26 08:00:00,2024-09-03 11:49:35,-34.99,2024.08.26 08:00:00,117,2521.67,0.01,A1_M5_MOM_ROUTER_V1_,2024.09.03 11:49:35,120,2486.68,sl 2486.69,-34.99,BT_A1_XAU_ROUTER_V1_R1_LONG_BOX2_PREVHEALTH,1025742,XAUUSD,932200,117,2024.08.26 08:00:00,117,117,2521.67,0.01,A1_M5_MOM_ROUTER_V1_,2024.09.03 11:49:35,120,120,2486.68,0.01,4,sl 2486.69,-34.99,0.00,0.00,,false,-34.99,2,1,1,true,false,false,NATIVE_POSITION_RECONCILIATION_VALID
h4_d1_long_best_box2_atr80,h4_d1_long_best_box2_atr80,C:\Users\ZHAO ZHU INFORMATION\Downloads\algo-trading-system\xau-usd\xauusd-phase1\outputs\reports\mt5_backtests\a1_momentum_variants_owner_goal_regime_router_v1_exact_202207_202606_20260701\A1XauM5Momentum_OWNER_GOAL_REGIME_ROUTER_V1_EXACT_202207_202606_XAUUSD_M5_router_v1_r1_long_box2_prevhealth_trades.csv,61,h4_d1_long_best_box2_atr80::BT_A1_XAU_ROUTER_V1_R1_LONG_BOX2_PREVHEALTH::1025742::XAUUSD::932200::118,LONG,2024-08-26 12:00:00,2024-09-12 14:46:38,135.8,2024.08.26 12:00:00,118,2526.74,0.01,A1_M5_MOM_ROUTER_V1_,2024.09.12 14:46:38,123,2553.14,tp 2553.12,135.8,BT_A1_XAU_ROUTER_V1_R1_LONG_BOX2_PREVHEALTH,1025742,XAUUSD,932200,118,2024.08.26 12:00:00,118,118,2526.74,0.01,A1_M5_MOM_ROUTER_V1_,2024.09.03 11:49:35,119,119,2486.72,0.01,4,sl 2486.74,-40.02,0.00,0.00,,false,-40.02,2,1,1,true,true,true,NATIVE_POSITION_RECONCILIATION_VALID
r1_h1_pullback_long_v1,r1_h1_pullback_long_v1,C:\Users\ZHAO ZHU INFORMATION\Downloads\algo-trading-system\xau-usd\xauusd-phase1\outputs\reports\mt5_backtests\a1_momentum_variants_owner_goal_r1_pullback_long_v2_session_exact_202207_202606_20260701\A1XauM5Momentum_OWNER_GOAL_R1_PULLBACK_LONG_V2_SESSION_EXACT_202207_202606_XAUUSD_M5_r1_pullback_long_v2_m15_session_09_15_trades.csv,198,r1_h1_pullback_long_v1::BT_A1_XAU_R1_PULLBACK_LONG_V2_M15_SESSION_09_15::1025742::XAUUSD::932200::394,LONG,2024-08-26 14:30:00,2024-08-27 01:13:36,-7.54,2024.08.26 14:30:00,394,2517.39,0.01,A1_M5_MOM_R1_PULLBAC,2024.08.27 01:13:36,395,2509.85,sl 2509.86,-7.54,BT_A1_XAU_R1_PULLBACK_LONG_V2_M15_SESSION_09_15,1025742,XAUUSD,932200,394,2024.08.26 14:30:00,394,394,2517.39,0.01,A1_M5_MOM_R1_PULLBAC,2024.08.27 01:13:36,395,395,2509.85,0.01,4,sl 2509.86,-7.54,0.00,0.00,,false,-7.54,2,1,1,true,false,false,NATIVE_POSITION_RECONCILIATION_VALID
r1_h1_pullback_long_v1,r1_h1_pullback_long_v1,C:\Users\ZHAO ZHU INFORMATION\Downloads\algo-trading-system\xau-usd\xauusd-phase1\outputs\reports\mt5_backtests\a1_momentum_variants_owner_goal_r1_pullback_long_v2_session_exact_202207_202606_20260701\A1XauM5Momentum_OWNER_GOAL_R1_PULLBACK_LONG_V2_SESSION_EXACT_202207_202606_XAUUSD_M5_r1_pullback_long_v2_m15_session_09_15_trades.csv,199,r1_h1_pullback_long_v1::BT_A1_XAU_R1_PULLBACK_LONG_V2_M15_SESSION_09_15::1025742::XAUUSD::932200::396,LONG,2024-08-29 14:15:00,2024-08-30 13:05:42,-4.28,2024.08.29 14:15:00,396,2520.68,0.01,A1_M5_MOM_R1_PULLBAC,2024.08.30 13:05:42,401,2515.63,sl 2515.64,-4.28,BT_A1_XAU_R1_PULLBACK_LONG_V2_M15_SESSION_09_15,1025742,XAUUSD,932200,396,2024.08.29 14:15:00,396,396,2520.68,0.01,A1_M5_MOM_R1_PULLBAC,2024.08.30 15:31:31,405,405,2502.79,0.01,4,sl 2502.80,-17.89,0.00,0.00,,false,-17.89,2,1,1,true,true,true,NATIVE_POSITION_RECONCILIATION_VALID
r1_h1_pullback_long_v1,r1_h1_pullback_long_v1,C:\Users\ZHAO ZHU INFORMATION\Downloads\algo-trading-system\xau-usd\xauusd-phase1\outputs\reports\mt5_backtests\a1_momentum_variants_owner_goal_r1_pullback_long_v2_session_exact_202207_202606_20260701\A1XauM5Momentum_OWNER_GOAL_R1_PULLBACK_LONG_V2_SESSION_EXACT_202207_202606_XAUUSD_M5_r1_pullback_long_v2_m15_session_09_15_trades.csv,200,r1_h1_pullback_long_v1::BT_A1_XAU_R1_PULLBACK_LONG_V2_M15_SESSION_09_15::1025742::XAUUSD::932200::397,LONG,2024-08-29 14:45:00,2024-08-30 13:09:39,-9.04,2024.08.29 14:45:00,397,2519.72,0.01,A1_M5_MOM_R1_PULLBAC,2024.08.30 13:09:39,402,2514.58,sl 2514.59,-9.04,BT_A1_XAU_R1_PULLBACK_LONG_V2_M15_SESSION_09_15,1025742,XAUUSD,932200,397,2024.08.29 14:45:00,397,397,2519.72,0.01,A1_M5_MOM_R1_PULLBAC,2024.08.30 14:30:17,404,404,2508.97,0.01,4,sl 2508.98,-10.75,0.00,0.00,,false,-10.75,2,1,1,true,true,true,NATIVE_POSITION_RECONCILIATION_VALID
r1_h1_pullback_long_v1,r1_h1_pullback_long_v1,C:\Users\ZHAO ZHU INFORMATION\Downloads\algo-trading-system\xau-usd\xauusd-phase1\outputs\reports\mt5_backtests\a1_momentum_variants_owner_goal_r1_pullback_long_v2_session_exact_202207_202606_20260701\A1XauM5Momentum_OWNER_GOAL_R1_PULLBACK_LONG_V2_SESSION_EXACT_202207_202606_XAUUSD_M5_r1_pullback_long_v2_m15_session_09_15_trades.csv,201,r1_h1_pullback_long_v1::BT_A1_XAU_R1_PULLBACK_LONG_V2_M15_SESSION_09_15::1025742::XAUUSD::932200::398,LONG,2024-08-30 12:15:00,2024-08-30 13:09:40,-7.03,2024.08.30 12:15:00,398,2521.52,0.01,A1_M5_MOM_R1_PULLBAC,2024.08.30 13:09:40,403,2514.49,sl 2514.50,-7.03,BT_A1_XAU_R1_PULLBACK_LONG_V2_M15_SESSION_09_15,1025742,XAUUSD,932200,398,2024.08.30 12:15:00,398,398,2521.52,0.01,A1_M5_MOM_R1_PULLBAC,2024.08.30 13:09:40,403,403,2514.49,0.01,4,sl 2514.50,-7.03,0.00,0.00,,false,-7.03,2,1,1,true,false,false,NATIVE_POSITION_RECONCILIATION_VALID
r1_h1_pullback_long_v1,r1_h1_pullback_long_v1,C:\Users\ZHAO ZHU INFORMATION\Downloads\algo-trading-system\xau-usd\xauusd-phase1\outputs\reports\mt5_backtests\a1_momentum_variants_owner_goal_r1_pullback_long_v2_session_exact_202207_202606_20260701\A1XauM5Momentum_OWNER_GOAL_R1_PULLBACK_LONG_V2_SESSION_EXACT_202207_202606_XAUUSD_M5_r1_pullback_long_v2_m15_session_09_15_trades.csv,202,r1_h1_pullback_long_v1::BT_A1_XAU_R1_PULLBACK_LONG_V2_M15_SESSION_09_15::1025742::XAUUSD::932200::399,LONG,2024-08-30 12:30:00,2024-08-30 14:30:17,-10.75,2024.08.30 12:30:00,399,2523.62,0.01,A1_M5_MOM_R1_PULLBAC,2024.08.30 14:30:17,404,2508.97,sl 2508.98,-10.75,BT_A1_XAU_R1_PULLBACK_LONG_V2_M15_SESSION_09_15,1025742,XAUUSD,932200,399,2024.08.30 12:30:00,399,399,2523.62,0.01,A1_M5_MOM_R1_PULLBAC,2024.08.30 13:09:39,402,402,2514.58,0.01,4,sl 2514.59,-9.04,0.00,0.00,,false,-9.04,2,1,1,true,true,true,NATIVE_POSITION_RECONCILIATION_VALID
r1_h1_pullback_long_v1,r1_h1_pullback_long_v1,C:\Users\ZHAO ZHU INFORMATION\Downloads\algo-trading-system\xau-usd\xauusd-phase1\outputs\reports\mt5_backtests\a1_momentum_variants_owner_goal_r1_pullback_long_v2_session_exact_202207_202606_20260701\A1XauM5Momentum_OWNER_GOAL_R1_PULLBACK_LONG_V2_SESSION_EXACT_202207_202606_XAUUSD_M5_r1_pullback_long_v2_m15_session_09_15_trades.csv,203,r1_h1_pullback_long_v1::BT_A1_XAU_R1_PULLBACK_LONG_V2_M15_SESSION_09_15::1025742::XAUUSD::932200::400,LONG,2024-08-30 13:00:00,2024-08-30 15:31:31,-17.89,2024.08.30 13:00:00,400,2519.91,0.01,A1_M5_MOM_R1_PULLBAC,2024.08.30 15:31:31,405,2502.79,sl 2502.80,-17.89,BT_A1_XAU_R1_PULLBACK_LONG_V2_M15_SESSION_09_15,1025742,XAUUSD,932200,400,2024.08.30 13:00:00,400,400,2519.91,0.01,A1_M5_MOM_R1_PULLBAC,2024.08.30 13:05:42,401,401,2515.63,0.01,4,sl 2515.64,-4.28,0.00,0.00,,false,-4.28,2,1,1,true,true,true,NATIVE_POSITION_RECONCILIATION_VALID
r1_h1_pullback_long_v1,r1_h1_pullback_long_v1,C:\Users\ZHAO ZHU INFORMATION\Downloads\algo-trading-system\xau-usd\xauusd-phase1\outputs\reports\mt5_backtests\a1_momentum_variants_owner_goal_r1_pullback_long_v2_session_exact_202207_202606_20260701\A1XauM5Momentum_OWNER_GOAL_R1_PULLBACK_LONG_V2_SESSION_EXACT_202207_202606_XAUUSD_M5_r1_pullback_long_v2_m15_session_09_15_trades.csv,204,r1_h1_pullback_long_v1::BT_A1_XAU_R1_PULLBACK_LONG_V2_M15_SESSION_09_15::1025742::XAUUSD::932200::406,LONG,2024-09-06 12:30:00,2024-09-06 12:30:03,-5.08,2024.09.06 12:30:00,406,2517.07,0.01,A1_M5_MOM_R1_PULLBAC,2024.09.06 12:30:03,407,2511.99,sl 2512.17,-5.08,BT_A1_XAU_R1_PULLBACK_LONG_V2_M15_SESSION_09_15,1025742,XAUUSD,932200,406,2024.09.06 12:30:00,406,406,2517.07,0.01,A1_M5_MOM_R1_PULLBAC,2024.09.06 12:30:03,407,407,2511.99,0.01,4,sl 2512.17,-5.08,0.00,0.00,,false,-5.08,2,1,1,true,false,false,NATIVE_POSITION_RECONCILIATION_VALID
r1_h1_pullback_long_v1,r1_h1_pullback_long_v1,C:\Users\ZHAO ZHU INFORMATION\Downloads\algo-trading-system\xau-usd\xauusd-phase1\outputs\reports\mt5_backtests\a1_momentum_variants_owner_goal_r1_pullback_long_v2_session_exact_202207_202606_20260701\A1XauM5Momentum_OWNER_GOAL_R1_PULLBACK_LONG_V2_SESSION_EXACT_202207_202606_XAUUSD_M5_r1_pullback_long_v2_m15_session_09_15_trades.csv,205,r1_h1_pullback_long_v1::BT_A1_XAU_R1_PULLBACK_LONG_V2_M15_SESSION_09_15::1025742::XAUUSD::932200::408,LONG,2024-09-06 12:45:00,2024-09-06 13:28:29,-17.8,2024.09.06 12:45:00,408,2525.10,0.01,A1_M5_MOM_R1_PULLBAC,2024.09.06 13:28:29,409,2507.30,sl 2507.30,-17.8,BT_A1_XAU_R1_PULLBACK_LONG_V2_M15_SESSION_09_15,1025742,XAUUSD,932200,408,2024.09.06 12:45:00,408,408,2525.10,0.01,A1_M5_MOM_R1_PULLBAC,2024.09.06 13:28:29,409,409,2507.30,0.01,4,sl 2507.30,-17.80,0.00,0.00,,false,-17.80,2,1,1,true,false,false,NATIVE_POSITION_RECONCILIATION_VALID
r1_h1_pullback_long_v1,r1_h1_pullback_long_v1,C:\Users\ZHAO ZHU INFORMATION\Downloads\algo-trading-system\xau-usd\xauusd-phase1\outputs\reports\mt5_backtests\a1_momentum_variants_owner_goal_r1_pullback_long_v2_session_exact_202207_202606_20260701\A1XauM5Momentum_OWNER_GOAL_R1_PULLBACK_LONG_V2_SESSION_EXACT_202207_202606_XAUUSD_M5_r1_pullback_long_v2_m15_session_09_15_trades.csv,206,r1_h1_pullback_long_v1::BT_A1_XAU_R1_PULLBACK_LONG_V2_M15_SESSION_09_15::1025742::XAUUSD::932200::410,LONG,2024-09-10 10:00:00,2024-09-10 13:29:37,8.33,2024.09.10 10:00:00,410,2506.25,0.01,A1_M5_MOM_R1_PULLBAC,2024.09.10 13:29:37,413,2515.05,tp 2515.05,8.33,BT_A1_XAU_R1_PULLBACK_LONG_V2_M15_SESSION_09_15,1025742,XAUUSD,932200,410,2024.09.10 10:00:00,410,410,2506.25,0.01,A1_M5_MOM_R1_PULLBAC,2024.09.11 01:31:28,419,419,2519.18,0.01,5,tp 2519.17,12.93,0.00,0.00,,false,12.93,2,1,1,true,true,true,NATIVE_POSITION_RECONCILIATION_VALID
r1_h1_pullback_long_v1,r1_h1_pullback_long_v1,C:\Users\ZHAO ZHU INFORMATION\Downloads\algo-trading-system\xau-usd\xauusd-phase1\outputs\reports\mt5_backtests\a1_momentum_variants_owner_goal_r1_pullback_long_v2_session_exact_202207_202606_20260701\A1XauM5Momentum_OWNER_GOAL_R1_PULLBACK_LONG_V2_SESSION_EXACT_202207_202606_XAUUSD_M5_r1_pullback_long_v2_m15_session_09_15_trades.csv,207,r1_h1_pullback_long_v1::BT_A1_XAU_R1_PULLBACK_LONG_V2_M15_SESSION_09_15::1025742::XAUUSD::932200::411,LONG,2024-09-10 11:15:00,2024-09-10 14:14:18,-11.01,2024.09.10 11:15:00,411,2506.72,0.01,A1_M5_MOM_R1_PULLBAC,2024.09.10 14:14:18,415,2504.09,sl 2504.10,-11.01,BT_A1_XAU_R1_PULLBACK_LONG_V2_M15_SESSION_09_15,1025742,XAUUSD,932200,411,2024.09.10 11:15:00,411,411,2506.72,0.01,A1_M5_MOM_R1_PULLBAC,2024.09.10 13:29:37,413,413,2515.05,0.01,5,tp 2515.05,8.33,0.00,0.00,,false,8.33,2,1,1,true,true,true,NATIVE_POSITION_RECONCILIATION_VALID
r1_h1_pullback_long_v1,r1_h1_pullback_long_v1,C:\Users\ZHAO ZHU INFORMATION\Downloads\algo-trading-system\xau-usd\xauusd-phase1\outputs\reports\mt5_backtests\a1_momentum_variants_owner_goal_r1_pullback_long_v2_session_exact_202207_202606_20260701\A1XauM5Momentum_OWNER_GOAL_R1_PULLBACK_LONG_V2_SESSION_EXACT_202207_202606_XAUUSD_M5_r1_pullback_long_v2_m15_session_09_15_trades.csv,208,r1_h1_pullback_long_v1::BT_A1_XAU_R1_PULLBACK_LONG_V2_M15_SESSION_09_15::1025742::XAUUSD::932200::412,LONG,2024-09-10 13:00:00,2024-09-10 14:14:20,-10.19,2024.09.10 13:00:00,412,2514.06,0.01,A1_M5_MOM_R1_PULLBAC,2024.09.10 14:14:20,416,2503.87,sl 2503.88,-10.19,BT_A1_XAU_R1_PULLBACK_LONG_V2_M15_SESSION_09_15,1025742,XAUUSD,932200,412,2024.09.10 13:00:00,412,412,2514.06,0.01,A1_M5_MOM_R1_PULLBAC,2024.09.10 14:14:20,416,416,2503.87,0.01,4,sl 2503.88,-10.19,0.00,0.00,,false,-10.19,2,1,1,true,false,false,NATIVE_POSITION_RECONCILIATION_VALID
r1_h1_pullback_long_v1,r1_h1_pullback_long_v1,C:\Users\ZHAO ZHU INFORMATION\Downloads\algo-trading-system\xau-usd\xauusd-phase1\outputs\reports\mt5_backtests\a1_momentum_variants_owner_goal_r1_pullback_long_v2_session_exact_202207_202606_20260701\A1XauM5Momentum_OWNER_GOAL_R1_PULLBACK_LONG_V2_SESSION_EXACT_202207_202606_XAUUSD_M5_r1_pullback_long_v2_m15_session_09_15_trades.csv,209,r1_h1_pullback_long_v1::BT_A1_XAU_R1_PULLBACK_LONG_V2_M15_SESSION_09_15::1025742::XAUUSD::932200::414,LONG,2024-09-10 13:30:00,2024-09-10 15:35:17,9.74,2024.09.10 13:30:00,414,2515.10,0.01,A1_M5_MOM_R1_PULLBAC,2024.09.10 15:35:17,418,2514.80,tp 2514.79,9.74,BT_A1_XAU_R1_PULLBACK_LONG_V2_M15_SESSION_09_15,1025742,XAUUSD,932200,414,2024.09.10 13:30:00,414,414,2515.10,0.01,A1_M5_MOM_R1_PULLBAC,2024.09.10 14:14:18,415,415,2504.09,0.01,4,sl 2504.10,-11.01,0.00,0.00,,false,-11.01,2,1,1,true,true,true,NATIVE_POSITION_RECONCILIATION_VALID
r1_h1_pullback_long_v1,r1_h1_pullback_long_v1,C:\Users\ZHAO ZHU INFORMATION\Downloads\algo-trading-system\xau-usd\xauusd-phase1\outputs\reports\mt5_backtests\a1_momentum_variants_owner_goal_r1_pullback_long_v2_session_exact_202207_202606_20260701\A1XauM5Momentum_OWNER_GOAL_R1_PULLBACK_LONG_V2_SESSION_EXACT_202207_202606_XAUUSD_M5_r1_pullback_long_v2_m15_session_09_15_trades.csv,210,r1_h1_pullback_long_v1::BT_A1_XAU_R1_PULLBACK_LONG_V2_M15_SESSION_09_15::1025742::XAUUSD::932200::417,LONG,2024-09-10 14:45:00,2024-09-11 01:31:28,12.93,2024.09.10 14:45:00,417,2505.06,0.01,A1_M5_MOM_R1_PULLBAC,2024.09.11 01:31:28,419,2519.18,tp 2519.17,12.93,BT_A1_XAU_R1_PULLBACK_LONG_V2_M15_SESSION_09_15,1025742,XAUUSD,932200,417,2024.09.10 14:45:00,417,417,2505.06,0.01,A1_M5_MOM_R1_PULLBAC,2024.09.10 15:35:17,418,418,2514.80,0.01,5,tp 2514.79,9.74,0.00,0.00,,false,9.74,2,1,1,true,true,true,NATIVE_POSITION_RECONCILIATION_VALID
h4_d1_long_best_box2_atr80,h4_d1_long_best_box2_atr80,C:\Users\ZHAO ZHU INFORMATION\Downloads\algo-trading-system\xau-usd\xauusd-phase1\outputs\reports\mt5_backtests\a1_momentum_variants_owner_goal_regime_router_v1_exact_202207_202606_20260701\A1XauM5Momentum_OWNER_GOAL_REGIME_ROUTER_V1_EXACT_202207_202606_XAUUSD_M5_router_v1_r1_long_box2_prevhealth_trades.csv,62,h4_d1_long_best_box2_atr80::BT_A1_XAU_ROUTER_V1_R1_LONG_BOX2_PREVHEALTH::1025742::XAUUSD::932200::121,LONG,2024-09-10 16:00:00,2024-09-13 01:10:20,54.12,2024.09.10 16:00:00,121,2512.92,0.01,A1_M5_MOM_ROUTER_V1_,2024.09.13 01:10:20,125,2567.04,tp 2567.04,54.12,BT_A1_XAU_ROUTER_V1_R1_LONG_BOX2_PREVHEALTH,1025742,XAUUSD,932200,121,2024.09.10 16:00:00,121,121,2512.92,0.01,A1_M5_MOM_ROUTER_V1_,2024.09.13 01:10:20,125,125,2567.04,0.01,5,tp 2567.04,54.12,0.00,0.00,,false,54.12,2,1,1,true,false,false,NATIVE_POSITION_RECONCILIATION_VALID
h4_d1_long_best_box2_atr80,h4_d1_long_best_box2_atr80,C:\Users\ZHAO ZHU INFORMATION\Downloads\algo-trading-system\xau-usd\xauusd-phase1\outputs\reports\mt5_backtests\a1_momentum_variants_owner_goal_regime_router_v1_exact_202207_202606_20260701\A1XauM5Momentum_OWNER_GOAL_REGIME_ROUTER_V1_EXACT_202207_202606_XAUUSD_M5_router_v1_r1_long_box2_prevhealth_trades.csv,63,h4_d1_long_best_box2_atr80::BT_A1_XAU_ROUTER_V1_R1_LONG_BOX2_PREVHEALTH::1025742::XAUUSD::932200::122,LONG,2024-09-10 20:00:00,2024-09-13 13:22:42,63.42,2024.09.10 20:00:00,122,2517.50,0.01,A1_M5_MOM_ROUTER_V1_,2024.09.13 13:22:42,127,2580.92,tp 2580.90,63.42,BT_A1_XAU_ROUTER_V1_R1_LONG_BOX2_PREVHEALTH,1025742,XAUUSD,932200,122,2024.09.10 20:00:00,122,122,2517.50,0.01,A1_M5_MOM_ROUTER_V1_,2024.09.13 13:22:42,127,127,2580.92,0.01,5,tp 2580.90,63.42,0.00,0.00,,false,63.42,2,1,1,true,false,false,NATIVE_POSITION_RECONCILIATION_VALID
r1_h1_pullback_long_v1,r1_h1_pullback_long_v1,C:\Users\ZHAO ZHU INFORMATION\Downloads\algo-trading-system\xau-usd\xauusd-phase1\outputs\reports\mt5_backtests\a1_momentum_variants_owner_goal_r1_pullback_long_v2_session_exact_202207_202606_20260701\A1XauM5Momentum_OWNER_GOAL_R1_PULLBACK_LONG_V2_SESSION_EXACT_202207_202606_XAUUSD_M5_r1_pullback_long_v2_m15_session_09_15_trades.csv,211,r1_h1_pullback_long_v1::BT_A1_XAU_R1_PULLBACK_LONG_V2_M15_SESSION_09_15::1025742::XAUUSD::932200::420,LONG,2024-09-12 09:00:00,2024-09-12 10:44:04,-4.25,2024.09.12 09:00:00,420,2517.61,0.01,A1_M5_MOM_R1_PULLBAC,2024.09.12 10:44:04,424,2516.16,sl 2516.16,-4.25,BT_A1_XAU_R1_PULLBACK_LONG_V2_M15_SESSION_09_15,1025742,XAUUSD,932200,420,2024.09.12 09:00:00,420,420,2517.61,0.01,A1_M5_MOM_R1_PULLBAC,2024.09.12 10:54:38,427,427,2514.09,0.01,4,sl 2514.11,-3.52,0.00,0.00,,false,-3.52,2,1,1,true,true,true,NATIVE_POSITION_RECONCILIATION_VALID
r1_h1_pullback_long_v1,r1_h1_pullback_long_v1,C:\Users\ZHAO ZHU INFORMATION\Downloads\algo-trading-system\xau-usd\xauusd-phase1\outputs\reports\mt5_backtests\a1_momentum_variants_owner_goal_r1_pullback_long_v2_session_exact_202207_202606_20260701\A1XauM5Momentum_OWNER_GOAL_R1_PULLBACK_LONG_V2_SESSION_EXACT_202207_202606_XAUUSD_M5_r1_pullback_long_v2_m15_session_09_15_trades.csv,212,r1_h1_pullback_long_v1::BT_A1_XAU_R1_PULLBACK_LONG_V2_M15_SESSION_09_15::1025742::XAUUSD::932200::421,LONG,2024-09-12 09:15:00,2024-09-12 10:46:02,-3.55,2024.09.12 09:15:00,421,2518.41,0.01,A1_M5_MOM_R1_PULLBAC,2024.09.12 10:46:02,425,2515.44,sl 2515.49,-3.55,BT_A1_XAU_R1_PULLBACK_LONG_V2_M15_SESSION_09_15,1025742,XAUUSD,932200,421,2024.09.12 09:15:00,421,421,2518.41,0.01,A1_M5_MOM_R1_PULLBAC,2024.09.12 10:46:14,426,426,2514.81,0.01,4,sl 2514.82,-3.60,0.00,0.00,,false,-3.60,2,1,1,true,true,true,NATIVE_POSITION_RECONCILIATION_VALID
r1_h1_pullback_long_v1,r1_h1_pullback_long_v1,C:\Users\ZHAO ZHU INFORMATION\Downloads\algo-trading-system\xau-usd\xauusd-phase1\outputs\reports\mt5_backtests\a1_momentum_variants_owner_goal_r1_pullback_long_v2_session_exact_202207_202606_20260701\A1XauM5Momentum_OWNER_GOAL_R1_PULLBACK_LONG_V2_SESSION_EXACT_202207_202606_XAUUSD_M5_r1_pullback_long_v2_m15_session_09_15_trades.csv,213,r1_h1_pullback_long_v1::BT_A1_XAU_R1_PULLBACK_LONG_V2_M15_SESSION_09_15::1025742::XAUUSD::932200::422,LONG,2024-09-12 10:00:00,2024-09-12 10:46:14,-3.6,2024.09.12 10:00:00,422,2518.99,0.01,A1_M5_MOM_R1_PULLBAC,2024.09.12 10:46:14,426,2514.81,sl 2514.82,-3.6,BT_A1_XAU_R1_PULLBACK_LONG_V2_M15_SESSION_09_15,1025742,XAUUSD,932200,422,2024.09.12 10:00:00,422,422,2518.99,0.01,A1_M5_MOM_R1_PULLBAC,2024.09.12 10:46:02,425,425,2515.44,0.01,4,sl 2515.49,-3.55,0.00,0.00,,false,-3.55,2,1,1,true,true,true,NATIVE_POSITION_RECONCILIATION_VALID
r1_h1_pullback_long_v1,r1_h1_pullback_long_v1,C:\Users\ZHAO ZHU INFORMATION\Downloads\algo-trading-system\xau-usd\xauusd-phase1\outputs\reports\mt5_backtests\a1_momentum_variants_owner_goal_r1_pullback_long_v2_session_exact_202207_202606_20260701\A1XauM5Momentum_OWNER_GOAL_R1_PULLBACK_LONG_V2_SESSION_EXACT_202207_202606_XAUUSD_M5_r1_pullback_long_v2_m15_session_09_15_trades.csv,214,r1_h1_pullback_long_v1::BT_A1_XAU_R1_PULLBACK_LONG_V2_M15_SESSION_09_15::1025742::XAUUSD::932200::423,LONG,2024-09-12 10:15:00,2024-09-12 10:54:38,-3.52,2024.09.12 10:15:00,423,2520.41,0.01,A1_M5_MOM_R1_PULLBAC,2024.09.12 10:54:38,427,2514.09,sl 2514.11,-3.52,BT_A1_XAU_R1_PULLBACK_LONG_V2_M15_SESSION_09_15,1025742,XAUUSD,932200,423,2024.09.12 10:15:00,423,423,2520.41,0.01,A1_M5_MOM_R1_PULLBAC,2024.09.12 10:44:04,424,424,2516.16,0.01,4,sl 2516.16,-4.25,0.00,0.00,,false,-4.25,2,1,1,true,true,true,NATIVE_POSITION_RECONCILIATION_VALID
r1_h1_pullback_long_v1,r1_h1_pullback_long_v1,C:\Users\ZHAO ZHU INFORMATION\Downloads\algo-trading-system\xau-usd\xauusd-phase1\outputs\reports\mt5_backtests\a1_momentum_variants_owner_goal_r1_pullback_long_v2_session_exact_202207_202606_20260701\A1XauM5Momentum_OWNER_GOAL_R1_PULLBACK_LONG_V2_SESSION_EXACT_202207_202606_XAUUSD_M5_r1_pullback_long_v2_m15_session_09_15_trades.csv,215,r1_h1_pullback_long_v1::BT_A1_XAU_R1_PULLBACK_LONG_V2_M15_SESSION_09_15::1025742::XAUUSD::932200::428,LONG,2024-09-12 12:45:00,2024-09-12 15:08:42,27.12,2024.09.12 12:45:00,428,2527.88,0.01,A1_M5_MOM_R1_PULLBAC,2024.09.12 15:08:42,429,2555.00,tp 2555.00,27.12,BT_A1_XAU_R1_PULLBACK_LONG_V2_M15_SESSION_09_15,1025742,XAUUSD,932200,428,2024.09.12 12:45:00,428,428,2527.88,0.01,A1_M5_MOM_R1_PULLBAC,2024.09.12 15:08:42,429,429,2555.00,0.01,5,tp 2555.00,27.12,0.00,0.00,,false,27.12,2,1,1,true,false,false,NATIVE_POSITION_RECONCILIATION_VALID
h4_d1_long_best_box2_atr80,h4_d1_long_best_box2_atr80,C:\Users\ZHAO ZHU INFORMATION\Downloads\algo-trading-system\xau-usd\xauusd-phase1\outputs\reports\mt5_backtests\a1_momentum_variants_owner_goal_regime_router_v1_exact_202207_202606_20260701\A1XauM5Momentum_OWNER_GOAL_REGIME_ROUTER_V1_EXACT_202207_202606_XAUUSD_M5_router_v1_r1_long_box2_prevhealth_trades.csv,64,h4_d1_long_best_box2_atr80::BT_A1_XAU_ROUTER_V1_R1_LONG_BOX2_PREVHEALTH::1025742::XAUUSD::932200::124,LONG,2024-09-12 16:00:00,2024-09-18 19:21:14,-29.56,2024.09.12 16:00:00,124,2553.43,0.01,A1_M5_MOM_ROUTER_V1_,2024.09.18 19:21:14,130,2557.00,sl 2557.01,-29.56,BT_A1_XAU_ROUTER_V1_R1_LONG_BOX2_PREVHEALTH,1025742,XAUUSD,932200,124,2024.09.12 16:00:00,124,124,2553.43,0.01,A1_M5_MOM_ROUTER_V1_,2024.09.24 19:19:30,137,137,2659.77,0.01,5,tp 2659.77,106.34,0.00,0.00,,false,106.34,2,1,1,true,true,true,NATIVE_POSITION_RECONCILIATION_VALID
h4_d1_long_best_box2_atr80,h4_d1_long_best_box2_atr80,C:\Users\ZHAO ZHU INFORMATION\Downloads\algo-trading-system\xau-usd\xauusd-phase1\outputs\reports\mt5_backtests\a1_momentum_variants_owner_goal_regime_router_v1_exact_202207_202606_20260701\A1XauM5Momentum_OWNER_GOAL_REGIME_ROUTER_V1_EXACT_202207_202606_XAUUSD_M5_router_v1_r1_long_box2_prevhealth_trades.csv,65,h4_d1_long_best_box2_atr80::BT_A1_XAU_ROUTER_V1_R1_LONG_BOX2_PREVHEALTH::1025742::XAUUSD::932200::126,LONG,2024-09-13 04:00:00,2024-09-24 19:19:30,106.34,2024.09.13 04:00:00,126,2568.16,0.01,A1_M5_MOM_ROUTER_V1_,2024.09.24 19:19:30,137,2659.77,tp 2659.77,106.34,BT_A1_XAU_ROUTER_V1_R1_LONG_BOX2_PREVHEALTH,1025742,XAUUSD,932200,126,2024.09.13 04:00:00,126,126,2568.16,0.01,A1_M5_MOM_ROUTER_V1_,2024.10.18 01:34:37,146,146,2702.15,0.01,5,tp 2702.10,133.99,0.00,0.00,,false,133.99,2,1,1,true,true,true,NATIVE_POSITION_RECONCILIATION_VALID
h4_d1_long_best_box2_atr80,h4_d1_long_best_box2_atr80,C:\Users\ZHAO ZHU INFORMATION\Downloads\algo-trading-system\xau-usd\xauusd-phase1\outputs\reports\mt5_backtests\a1_momentum_variants_owner_goal_regime_router_v1_exact_202207_202606_20260701\A1XauM5Momentum_OWNER_GOAL_REGIME_ROUTER_V1_EXACT_202207_202606_XAUUSD_M5_router_v1_r1_long_box2_prevhealth_trades.csv,66,h4_d1_long_best_box2_atr80::BT_A1_XAU_ROUTER_V1_R1_LONG_BOX2_PREVHEALTH::1025742::XAUUSD::932200::128,LONG,2024-09-13 16:00:00,2024-10-08 14:35:34,-60.11,2024.09.13 16:00:00,128,2582.46,0.01,A1_M5_MOM_ROUTER_V1_,2024.10.08 14:35:34,140,2622.90,sl 2622.90,-60.11,BT_A1_XAU_ROUTER_V1_R1_LONG_BOX2_PREVHEALTH,1025742,XAUUSD,932200,128,2024.09.13 16:00:00,128,128,2582.46,0.01,A1_M5_MOM_ROUTER_V1_,2024.10.22 16:53:34,154,154,2744.98,0.01,5,tp 2744.94,162.52,0.00,0.00,,false,162.52,2,1,1,true,true,true,NATIVE_POSITION_RECONCILIATION_VALID
h4_d1_long_best_box2_atr80,h4_d1_long_best_box2_atr80,C:\Users\ZHAO ZHU INFORMATION\Downloads\algo-trading-system\xau-usd\xauusd-phase1\outputs\reports\mt5_backtests\a1_momentum_variants_owner_goal_regime_router_v1_exact_202207_202606_20260701\A1XauM5Momentum_OWNER_GOAL_REGIME_ROUTER_V1_EXACT_202207_202606_XAUUSD_M5_router_v1_r1_long_box2_prevhealth_trades.csv,67,h4_d1_long_best_box2_atr80::BT_A1_XAU_ROUTER_V1_R1_LONG_BOX2_PREVHEALTH::1025742::XAUUSD::932200::129,LONG,2024-09-16 04:00:00,2024-10-08 15:07:26,-28.65,2024.09.16 04:00:00,129,2586.56,0.01,A1_M5_MOM_ROUTER_V1_,2024.10.08 15:07:26,141,2614.10,sl 2614.12,-28.65,BT_A1_XAU_ROUTER_V1_R1_LONG_BOX2_PREVHEALTH,1025742,XAUUSD,932200,129,2024.09.16 04:00:00,129,129,2586.56,0.01,A1_M5_MOM_ROUTER_V1_,2024.09.18 19:21:14,130,130,2557.00,0.01,4,sl 2557.01,-29.56,0.00,0.00,,false,-29.56,2,1,1,true,true,true,NATIVE_POSITION_RECONCILIATION_VALID
r1_h1_pullback_long_v1,r1_h1_pullback_long_v1,C:\Users\ZHAO ZHU INFORMATION\Downloads\algo-trading-system\xau-usd\xauusd-phase1\outputs\reports\mt5_backtests\a1_momentum_variants_owner_goal_r1_pullback_long_v2_session_exact_202207_202606_20260701\A1XauM5Momentum_OWNER_GOAL_R1_PULLBACK_LONG_V2_SESSION_EXACT_202207_202606_XAUUSD_M5_r1_pullback_long_v2_m15_session_09_15_trades.csv,216,r1_h1_pullback_long_v1::BT_A1_XAU_R1_PULLBACK_LONG_V2_M15_SESSION_09_15::1025742::XAUUSD::932200::430,LONG,2024-09-16 09:30:00,2024-09-16 10:30:41,-7.1,2024.09.16 09:30:00,430,2587.99,0.01,A1_M5_MOM_R1_PULLBAC,2024.09.16 10:30:41,431,2580.89,sl 2580.92,-7.1,BT_A1_XAU_R1_PULLBACK_LONG_V2_M15_SESSION_09_15,1025742,XAUUSD,932200,430,2024.09.16 09:30:00,430,430,2587.99,0.01,A1_M5_MOM_R1_PULLBAC,2024.09.16 10:30:41,431,431,2580.89,0.01,4,sl 2580.92,-7.10,0.00,0.00,,false,-7.10,2,1,1,true,false,false,NATIVE_POSITION_RECONCILIATION_VALID
r1_h1_pullback_long_v1,r1_h1_pullback_long_v1,C:\Users\ZHAO ZHU INFORMATION\Downloads\algo-trading-system\xau-usd\xauusd-phase1\outputs\reports\mt5_backtests\a1_momentum_variants_owner_goal_r1_pullback_long_v2_session_exact_202207_202606_20260701\A1XauM5Momentum_OWNER_GOAL_R1_PULLBACK_LONG_V2_SESSION_EXACT_202207_202606_XAUUSD_M5_r1_pullback_long_v2_m15_session_09_15_trades.csv,217,r1_h1_pullback_long_v1::BT_A1_XAU_R1_PULLBACK_LONG_V2_M15_SESSION_09_15::1025742::XAUUSD::932200::432,LONG,2024-09-16 12:00:00,2024-09-16 14:28:38,-5.74,2024.09.16 12:00:00,432,2583.23,0.01,A1_M5_MOM_R1_PULLBAC,2024.09.16 14:28:38,436,2577.93,sl 2577.95,-5.74,BT_A1_XAU_R1_PULLBACK_LONG_V2_M15_SESSION_09_15,1025742,XAUUSD,932200,432,2024.09.16 12:00:00,432,432,2583.23,0.01,A1_M5_MOM_R1_PULLBAC,2024.09.17 05:13:38,439,439,2574.83,0.01,4,sl 2574.83,-8.40,0.00,0.00,,false,-8.40,2,1,1,true,true,true,NATIVE_POSITION_RECONCILIATION_VALID
r1_h1_pullback_long_v1,r1_h1_pullback_long_v1,C:\Users\ZHAO ZHU INFORMATION\Downloads\algo-trading-system\xau-usd\xauusd-phase1\outputs\reports\mt5_backtests\a1_momentum_variants_owner_goal_r1_pullback_long_v2_session_exact_202207_202606_20260701\A1XauM5Momentum_OWNER_GOAL_R1_PULLBACK_LONG_V2_SESSION_EXACT_202207_202606_XAUUSD_M5_r1_pullback_long_v2_m15_session_09_15_trades.csv,218,r1_h1_pullback_long_v1::BT_A1_XAU_R1_PULLBACK_LONG_V2_M15_SESSION_09_15::1025742::XAUUSD::932200::433,LONG,2024-09-16 13:00:00,2024-09-16 14:28:38,-7.55,2024.09.16 13:00:00,433,2583.67,0.01,A1_M5_MOM_R1_PULLBAC,2024.09.16 14:28:38,437,2577.93,sl 2577.95,-7.55,BT_A1_XAU_R1_PULLBACK_LONG_V2_M15_SESSION_09_15,1025742,XAUUSD,932200,433,2024.09.16 13:00:00,433,433,2583.67,0.01,A1_M5_MOM_R1_PULLBAC,2024.09.16 14:28:38,436,436,2577.93,0.01,4,sl 2577.95,-5.74,0.00,0.00,,false,-5.74,2,1,1,true,true,true,NATIVE_POSITION_RECONCILIATION_VALID
r1_h1_pullback_long_v1,r1_h1_pullback_long_v1,C:\Users\ZHAO ZHU INFORMATION\Downloads\algo-trading-system\xau-usd\xauusd-phase1\outputs\reports\mt5_backtests\a1_momentum_variants_owner_goal_r1_pullback_long_v2_session_exact_202207_202606_20260701\A1XauM5Momentum_OWNER_GOAL_R1_PULLBACK_LONG_V2_SESSION_EXACT_202207_202606_XAUUSD_M5_r1_pullback_long_v2_m15_session_09_15_trades.csv,219,r1_h1_pullback_long_v1::BT_A1_XAU_R1_PULLBACK_LONG_V2_M15_SESSION_09_15::1025742::XAUUSD::932200::434,LONG,2024-09-16 13:15:00,2024-09-16 14:28:38,-10.62,2024.09.16 13:15:00,434,2585.48,0.01,A1_M5_MOM_R1_PULLBAC,2024.09.16 14:28:38,438,2577.86,sl 2577.87,-10.62,BT_A1_XAU_R1_PULLBACK_LONG_V2_M15_SESSION_09_15,1025742,XAUUSD,932200,434,2024.09.16 13:15:00,434,434,2585.48,0.01,A1_M5_MOM_R1_PULLBAC,2024.09.16 14:28:38,437,437,2577.93,0.01,4,sl 2577.95,-7.55,0.00,0.00,,false,-7.55,2,1,1,true,true,true,NATIVE_POSITION_RECONCILIATION_VALID
r1_h1_pullback_long_v1,r1_h1_pullback_long_v1,C:\Users\ZHAO ZHU INFORMATION\Downloads\algo-trading-system\xau-usd\xauusd-phase1\outputs\reports\mt5_backtests\a1_momentum_variants_owner_goal_r1_pullback_long_v2_session_exact_202207_202606_20260701\A1XauM5Momentum_OWNER_GOAL_R1_PULLBACK_LONG_V2_SESSION_EXACT_202207_202606_XAUUSD_M5_r1_pullback_long_v2_m15_session_09_15_trades.csv,220,r1_h1_pullback_long_v1::BT_A1_XAU_R1_PULLBACK_LONG_V2_M15_SESSION_09_15::1025742::XAUUSD::932200::435,LONG,2024-09-16 14:00:00,2024-09-17 05:13:38,-8.4,2024.09.16 14:00:00,435,2588.48,0.01,A1_M5_MOM_R1_PULLBAC,2024.09.17 05:13:38,439,2574.83,sl 2574.83,-8.4,BT_A1_XAU_R1_PULLBACK_LONG_V2_M15_SESSION_09_15,1025742,XAUUSD,932200,435,2024.09.16 14:00:00,435,435,2588.48,0.01,A1_M5_MOM_R1_PULLBAC,2024.09.16 14:28:38,438,438,2577.86,0.01,4,sl 2577.87,-10.62,0.00,0.00,,false,-10.62,2,1,1,true,true,true,NATIVE_POSITION_RECONCILIATION_VALID
r1_h1_pullback_long_v1,r1_h1_pullback_long_v1,C:\Users\ZHAO ZHU INFORMATION\Downloads\algo-trading-system\xau-usd\xauusd-phase1\outputs\reports\mt5_backtests\a1_momentum_variants_owner_goal_r1_pullback_long_v2_session_exact_202207_202606_20260701\A1XauM5Momentum_OWNER_GOAL_R1_PULLBACK_LONG_V2_SESSION_EXACT_202207_202606_XAUUSD_M5_r1_pullback_long_v2_m15_session_09_15_trades.csv,221,r1_h1_pullback_long_v1::BT_A1_XAU_R1_PULLBACK_LONG_V2_M15_SESSION_09_15::1025742::XAUUSD::932200::440,LONG,2024-09-18 13:00:00,2024-09-18 13:40:38,-3.5,2024.09.18 13:00:00,440,2576.48,0.01,A1_M5_MOM_R1_PULLBAC,2024.09.18 13:40:38,441,2572.98,sl 2572.98,-3.5,BT_A1_XAU_R1_PULLBACK_LONG_V2_M15_SESSION_09_15,1025742,XAUUSD,932200,440,2024.09.18 13:00:00,440,440,2576.48,0.01,A1_M5_MOM_R1_PULLBAC,2024.09.18 13:40:38,441,441,2572.98,0.01,4,sl 2572.98,-3.50,0.00,0.00,,false,-3.50,2,1,1,true,false,false,NATIVE_POSITION_RECONCILIATION_VALID
h4_d1_long_best_box2_atr80,h4_d1_long_best_box2_atr80,C:\Users\ZHAO ZHU INFORMATION\Downloads\algo-trading-system\xau-usd\xauusd-phase1\outputs\reports\mt5_backtests\a1_momentum_variants_owner_goal_regime_router_v1_exact_202207_202606_20260701\A1XauM5Momentum_OWNER_GOAL_REGIME_ROUTER_V1_EXACT_202207_202606_XAUUSD_M5_router_v1_r1_long_box2_prevhealth_trades.csv,68,h4_d1_long_best_box2_atr80::BT_A1_XAU_ROUTER_V1_R1_LONG_BOX2_PREVHEALTH::1025742::XAUUSD::932200::131,LONG,2024-09-20 08:00:00,2024-10-08 15:07:26,-48.82,2024.09.20 08:00:00,131,2607.37,0.01,A1_M5_MOM_ROUTER_V1_,2024.10.08 15:07:26,142,2614.10,sl 2614.11,-48.82,BT_A1_XAU_ROUTER_V1_R1_LONG_BOX2_PREVHEALTH,1025742,XAUUSD,932200,131,2024.09.20 08:00:00,131,131,2607.37,0.01,A1_M5_MOM_ROUTER_V1_,2024.10.21 01:13:28,151,151,2728.11,0.01,5,tp 2728.05,120.74,0.00,0.00,,false,120.74,2,1,1,true,true,true,NATIVE_POSITION_RECONCILIATION_VALID
h4_d1_long_best_box2_atr80,h4_d1_long_best_box2_atr80,C:\Users\ZHAO ZHU INFORMATION\Downloads\algo-trading-system\xau-usd\xauusd-phase1\outputs\reports\mt5_backtests\a1_momentum_variants_owner_goal_regime_router_v1_exact_202207_202606_20260701\A1XauM5Momentum_OWNER_GOAL_REGIME_ROUTER_V1_EXACT_202207_202606_XAUUSD_M5_router_v1_r1_long_box2_prevhealth_trades.csv,69,h4_d1_long_best_box2_atr80::BT_A1_XAU_ROUTER_V1_R1_LONG_BOX2_PREVHEALTH::1025742::XAUUSD::932200::132,LONG,2024-09-20 12:00:00,2024-10-18 01:34:37,133.99,2024.09.20 12:00:00,132,2613.93,0.01,A1_M5_MOM_ROUTER_V1_,2024.10.18 01:34:37,146,2702.15,tp 2702.10,133.99,BT_A1_XAU_ROUTER_V1_R1_LONG_BOX2_PREVHEALTH,1025742,XAUUSD,932200,132,2024.09.20 12:00:00,132,132,2613.93,0.01,A1_M5_MOM_ROUTER_V1_,2024.10.22 17:03:42,155,155,2747.67,0.01,5,tp 2747.67,133.74,0.00,0.00,,false,133.74,2,1,1,true,true,true,NATIVE_POSITION_RECONCILIATION_VALID
h4_d1_long_best_box2_atr80,h4_d1_long_best_box2_atr80,C:\Users\ZHAO ZHU INFORMATION\Downloads\algo-trading-system\xau-usd\xauusd-phase1\outputs\reports\mt5_backtests\a1_momentum_variants_owner_goal_regime_router_v1_exact_202207_202606_20260701\A1XauM5Momentum_OWNER_GOAL_REGIME_ROUTER_V1_EXACT_202207_202606_XAUUSD_M5_router_v1_r1_long_box2_prevhealth_trades.csv,70,h4_d1_long_best_box2_atr80::BT_A1_XAU_ROUTER_V1_R1_LONG_BOX2_PREVHEALTH::1025742::XAUUSD::932200::133,LONG,2024-09-20 16:00:00,2024-10-18 12:32:35,87.47,2024.09.20 16:00:00,133,2623.03,0.01,A1_M5_MOM_ROUTER_V1_,2024.10.18 12:32:35,149,2716.24,tp 2716.21,87.47,BT_A1_XAU_ROUTER_V1_R1_LONG_BOX2_PREVHEALTH,1025742,XAUUSD,932200,133,2024.09.20 16:00:00,133,133,2623.03,0.01,A1_M5_MOM_ROUTER_V1_,2024.10.29 22:51:30,164,164,2775.03,0.01,5,tp 2775.01,152.00,0.00,0.00,,false,152.00,2,1,1,true,true,true,NATIVE_POSITION_RECONCILIATION_VALID
h4_d1_long_best_box2_atr80,h4_d1_long_best_box2_atr80,C:\Users\ZHAO ZHU INFORMATION\Downloads\algo-trading-system\xau-usd\xauusd-phase1\outputs\reports\mt5_backtests\a1_momentum_variants_owner_goal_regime_router_v1_exact_202207_202606_20260701\A1XauM5Momentum_OWNER_GOAL_REGIME_ROUTER_V1_EXACT_202207_202606_XAUUSD_M5_router_v1_r1_long_box2_prevhealth_trades.csv,71,h4_d1_long_best_box2_atr80::BT_A1_XAU_ROUTER_V1_R1_LONG_BOX2_PREVHEALTH::1025742::XAUUSD::932200::134,LONG,2024-09-23 04:00:00,2024-10-18 14:24:13,88.94,2024.09.23 04:00:00,134,2628.77,0.01,A1_M5_MOM_ROUTER_V1_,2024.10.18 14:24:13,150,2718.48,tp 2718.48,88.94,BT_A1_XAU_ROUTER_V1_R1_LONG_BOX2_PREVHEALTH,1025742,XAUUSD,932200,134,2024.09.23 04:00:00,134,134,2628.77,0.01,A1_M5_MOM_ROUTER_V1_,2024.10.18 12:32:35,149,149,2716.24,0.01,5,tp 2716.21,87.47,0.00,0.00,,false,87.47,2,1,1,true,true,true,NATIVE_POSITION_RECONCILIATION_VALID
r1_h1_pullback_long_v1,r1_h1_pullback_long_v1,C:\Users\ZHAO ZHU INFORMATION\Downloads\algo-trading-system\xau-usd\xauusd-phase1\outputs\reports\mt5_backtests\a1_momentum_variants_owner_goal_r1_pullback_long_v2_session_exact_202207_202606_20260701\A1XauM5Momentum_OWNER_GOAL_R1_PULLBACK_LONG_V2_SESSION_EXACT_202207_202606_XAUUSD_M5_r1_pullback_long_v2_m15_session_09_15_trades.csv,222,r1_h1_pullback_long_v1::BT_A1_XAU_R1_PULLBACK_LONG_V2_M15_SESSION_09_15::1025742::XAUUSD::932200::442,LONG,2024-09-23 10:00:00,2024-09-23 13:54:39,9.29,2024.09.23 10:00:00,442,2621.83,0.01,A1_M5_MOM_R1_PULLBAC,2024.09.23 13:54:39,447,2633.55,tp 2633.54,9.29,BT_A1_XAU_R1_PULLBACK_LONG_V2_M15_SESSION_09_15,1025742,XAUUSD,932200,442,2024.09.23 10:00:00,442,442,2621.83,0.01,A1_M5_MOM_R1_PULLBAC,2024.09.24 03:42:40,448,448,2635.83,0.01,5,tp 2635.81,14.00,0.00,0.00,,false,14.00,2,1,1,true,true,true,NATIVE_POSITION_RECONCILIATION_VALID
r1_h1_pullback_long_v1,r1_h1_pullback_long_v1,C:\Users\ZHAO ZHU INFORMATION\Downloads\algo-trading-system\xau-usd\xauusd-phase1\outputs\reports\mt5_backtests\a1_momentum_variants_owner_goal_r1_pullback_long_v2_session_exact_202207_202606_20260701\A1XauM5Momentum_OWNER_GOAL_R1_PULLBACK_LONG_V2_SESSION_EXACT_202207_202606_XAUUSD_M5_r1_pullback_long_v2_m15_session_09_15_trades.csv,223,r1_h1_pullback_long_v1::BT_A1_XAU_R1_PULLBACK_LONG_V2_M15_SESSION_09_15::1025742::XAUUSD::932200::443,LONG,2024-09-23 10:15:00,2024-09-24 03:42:40,14.0,2024.09.23 10:15:00,443,2623.21,0.01,A1_M5_MOM_R1_PULLBAC,2024.09.24 03:42:40,448,2635.83,tp 2635.81,14.0,BT_A1_XAU_R1_PULLBACK_LONG_V2_M15_SESSION_09_15,1025742,XAUUSD,932200,443,2024.09.23 10:15:00,443,443,2623.21,0.01,A1_M5_MOM_R1_PULLBAC,2024.09.24 05:17:15,449,449,2639.96,0.01,5,tp 2639.95,16.75,0.00,0.00,,false,16.75,2,1,1,true,true,true,NATIVE_POSITION_RECONCILIATION_VALID
r1_h1_pullback_long_v1,r1_h1_pullback_long_v1,C:\Users\ZHAO ZHU INFORMATION\Downloads\algo-trading-system\xau-usd\xauusd-phase1\outputs\reports\mt5_backtests\a1_momentum_variants_owner_goal_r1_pullback_long_v2_session_exact_202207_202606_20260701\A1XauM5Momentum_OWNER_GOAL_R1_PULLBACK_LONG_V2_SESSION_EXACT_202207_202606_XAUUSD_M5_r1_pullback_long_v2_m15_session_09_15_trades.csv,224,r1_h1_pullback_long_v1::BT_A1_XAU_R1_PULLBACK_LONG_V2_M15_SESSION_09_15::1025742::XAUUSD::932200::444,LONG,2024-09-23 12:45:00,2024-09-24 05:17:15,16.75,2024.09.23 12:45:00,444,2624.26,0.01,A1_M5_MOM_R1_PULLBAC,2024.09.24 05:17:15,449,2639.96,tp 2639.95,16.75,BT_A1_XAU_R1_PULLBACK_LONG_V2_M15_SESSION_09_15,1025742,XAUUSD,932200,444,2024.09.23 12:45:00,444,444,2624.26,0.01,A1_M5_MOM_R1_PULLBAC,2024.09.23 13:54:39,447,447,2633.55,0.01,5,tp 2633.54,9.29,0.00,0.00,,false,9.29,2,1,1,true,true,true,NATIVE_POSITION_RECONCILIATION_VALID
r1_h1_pullback_long_v1,r1_h1_pullback_long_v1,C:\Users\ZHAO ZHU INFORMATION\Downloads\algo-trading-system\xau-usd\xauusd-phase1\outputs\reports\mt5_backtests\a1_momentum_variants_owner_goal_r1_pullback_long_v2_session_exact_202207_202606_20260701\A1XauM5Momentum_OWNER_GOAL_R1_PULLBACK_LONG_V2_SESSION_EXACT_202207_202606_XAUUSD_M5_r1_pullback_long_v2_m15_session_09_15_trades.csv,225,r1_h1_pullback_long_v1::BT_A1_XAU_R1_PULLBACK_LONG_V2_M15_SESSION_09_15::1025742::XAUUSD::932200::445,LONG,2024-09-23 13:00:00,2024-09-24 11:37:42,-7.54,2024.09.23 13:00:00,445,2627.31,0.01,A1_M5_MOM_R1_PULLBAC,2024.09.24 11:37:42,452,2626.66,sl 2626.67,-7.54,BT_A1_XAU_R1_PULLBACK_LONG_V2_M15_SESSION_09_15,1025742,XAUUSD,932200,445,2024.09.23 13:00:00,445,445,2627.31,0.01,A1_M5_MOM_R1_PULLBAC,2024.09.24 14:44:40,456,456,2642.66,0.01,5,tp 2642.65,15.35,0.00,0.00,,false,15.35,2,1,1,true,true,true,NATIVE_POSITION_RECONCILIATION_VALID
r1_h1_pullback_long_v1,r1_h1_pullback_long_v1,C:\Users\ZHAO ZHU INFORMATION\Downloads\algo-trading-system\xau-usd\xauusd-phase1\outputs\reports\mt5_backtests\a1_momentum_variants_owner_goal_r1_pullback_long_v2_session_exact_202207_202606_20260701\A1XauM5Momentum_OWNER_GOAL_R1_PULLBACK_LONG_V2_SESSION_EXACT_202207_202606_XAUUSD_M5_r1_pullback_long_v2_m15_session_09_15_trades.csv,226,r1_h1_pullback_long_v1::BT_A1_XAU_R1_PULLBACK_LONG_V2_M15_SESSION_09_15::1025742::XAUUSD::932200::446,LONG,2024-09-23 13:15:00,2024-09-24 11:38:15,-5.14,2024.09.23 13:15:00,446,2629.36,0.01,A1_M5_MOM_R1_PULLBAC,2024.09.24 11:38:15,453,2625.87,sl 2625.87,-5.14,BT_A1_XAU_R1_PULLBACK_LONG_V2_M15_SESSION_09_15,1025742,XAUUSD,932200,446,2024.09.23 13:15:00,446,446,2629.36,0.01,A1_M5_MOM_R1_PULLBAC,2024.09.24 16:08:41,457,457,2648.93,0.01,5,tp 2648.92,19.57,0.00,0.00,,false,19.57,2,1,1,true,true,true,NATIVE_POSITION_RECONCILIATION_VALID
h4_d1_long_best_box2_atr80,h4_d1_long_best_box2_atr80,C:\Users\ZHAO ZHU INFORMATION\Downloads\algo-trading-system\xau-usd\xauusd-phase1\outputs\reports\mt5_backtests\a1_momentum_variants_owner_goal_regime_router_v1_exact_202207_202606_20260701\A1XauM5Momentum_OWNER_GOAL_REGIME_ROUTER_V1_EXACT_202207_202606_XAUUSD_M5_router_v1_r1_long_box2_prevhealth_trades.csv,72,h4_d1_long_best_box2_atr80::BT_A1_XAU_ROUTER_V1_R1_LONG_BOX2_PREVHEALTH::1025742::XAUUSD::932200::135,LONG,2024-09-23 16:00:00,2024-10-21 01:13:28,120.74,2024.09.23 16:00:00,135,2629.54,0.01,A1_M5_MOM_ROUTER_V1_,2024.10.21 01:13:28,151,2728.11,tp 2728.05,120.74,BT_A1_XAU_ROUTER_V1_R1_LONG_BOX2_PREVHEALTH,1025742,XAUUSD,932200,135,2024.09.23 16:00:00,135,135,2629.54,0.01,A1_M5_MOM_ROUTER_V1_,2024.10.18 14:24:13,150,150,2718.48,0.01,5,tp 2718.48,88.94,0.00,0.00,,false,88.94,2,1,1,true,true,true,NATIVE_POSITION_RECONCILIATION_VALID
r1_h1_pullback_long_v1,r1_h1_pullback_long_v1,C:\Users\ZHAO ZHU INFORMATION\Downloads\algo-trading-system\xau-usd\xauusd-phase1\outputs\reports\mt5_backtests\a1_momentum_variants_owner_goal_r1_pullback_long_v2_session_exact_202207_202606_20260701\A1XauM5Momentum_OWNER_GOAL_R1_PULLBACK_LONG_V2_SESSION_EXACT_202207_202606_XAUUSD_M5_r1_pullback_long_v2_m15_session_09_15_trades.csv,227,r1_h1_pullback_long_v1::BT_A1_XAU_R1_PULLBACK_LONG_V2_M15_SESSION_09_15::1025742::XAUUSD::932200::450,LONG,2024-09-24 10:00:00,2024-09-24 14:44:40,15.35,2024.09.24 10:00:00,450,2631.01,0.01,A1_M5_MOM_R1_PULLBAC,2024.09.24 14:44:40,456,2642.66,tp 2642.65,15.35,BT_A1_XAU_R1_PULLBACK_LONG_V2_M15_SESSION_09_15,1025742,XAUUSD,932200,450,2024.09.24 10:00:00,450,450,2631.01,0.01,A1_M5_MOM_R1_PULLBAC,2024.09.24 11:38:15,453,453,2625.87,0.01,4,sl 2625.87,-5.14,0.00,0.00,,false,-5.14,2,1,1,true,true,true,NATIVE_POSITION_RECONCILIATION_VALID
r1_h1_pullback_long_v1,r1_h1_pullback_long_v1,C:\Users\ZHAO ZHU INFORMATION\Downloads\algo-trading-system\xau-usd\xauusd-phase1\outputs\reports\mt5_backtests\a1_momentum_variants_owner_goal_r1_pullback_long_v2_session_exact_202207_202606_20260701\A1XauM5Momentum_OWNER_GOAL_R1_PULLBACK_LONG_V2_SESSION_EXACT_202207_202606_XAUUSD_M5_r1_pullback_long_v2_m15_session_09_15_trades.csv,228,r1_h1_pullback_long_v1::BT_A1_XAU_R1_PULLBACK_LONG_V2_M15_SESSION_09_15::1025742::XAUUSD::932200::451,LONG,2024-09-24 10:30:00,2024-09-24 16:08:41,19.57,2024.09.24 10:30:00,451,2634.20,0.01,A1_M5_MOM_R1_PULLBAC,2024.09.24 16:08:41,457,2648.93,tp 2648.92,19.57,BT_A1_XAU_R1_PULLBACK_LONG_V2_M15_SESSION_09_15,1025742,XAUUSD,932200,451,2024.09.24 10:30:00,451,451,2634.20,0.01,A1_M5_MOM_R1_PULLBAC,2024.09.24 11:37:42,452,452,2626.66,0.01,4,sl 2626.67,-7.54,0.00,0.00,,false,-7.54,2,1,1,true,true,true,NATIVE_POSITION_RECONCILIATION_VALID
r1_h1_pullback_long_v1,r1_h1_pullback_long_v1,C:\Users\ZHAO ZHU INFORMATION\Downloads\algo-trading-system\xau-usd\xauusd-phase1\outputs\reports\mt5_backtests\a1_momentum_variants_owner_goal_r1_pullback_long_v2_session_exact_202207_202606_20260701\A1XauM5Momentum_OWNER_GOAL_R1_PULLBACK_LONG_V2_SESSION_EXACT_202207_202606_XAUUSD_M5_r1_pullback_long_v2_m15_session_09_15_trades.csv,229,r1_h1_pullback_long_v1::BT_A1_XAU_R1_PULLBACK_LONG_V2_M15_SESSION_09_15::1025742::XAUUSD::932200::454,LONG,2024-09-24 13:00:00,2024-09-24 16:44:40,21.3,2024.09.24 13:00:00,454,2633.41,0.01,A1_M5_MOM_R1_PULLBAC,2024.09.24 16:44:40,458,2654.71,tp 2654.71,21.3,BT_A1_XAU_R1_PULLBACK_LONG_V2_M15_SESSION_09_15,1025742,XAUUSD,932200,454,2024.09.24 13:00:00,454,454,2633.41,0.01,A1_M5_MOM_R1_PULLBAC,2024.09.24 16:44:40,458,458,2654.71,0.01,5,tp 2654.71,21.30,0.00,0.00,,false,21.30,2,1,1,true,false,false,NATIVE_POSITION_RECONCILIATION_VALID
r1_h1_pullback_long_v1,r1_h1_pullback_long_v1,C:\Users\ZHAO ZHU INFORMATION\Downloads\algo-trading-system\xau-usd\xauusd-phase1\outputs\reports\mt5_backtests\a1_momentum_variants_owner_goal_r1_pullback_long_v2_session_exact_202207_202606_20260701\A1XauM5Momentum_OWNER_GOAL_R1_PULLBACK_LONG_V2_SESSION_EXACT_202207_202606_XAUUSD_M5_r1_pullback_long_v2_m15_session_09_15_trades.csv,230,r1_h1_pullback_long_v1::BT_A1_XAU_R1_PULLBACK_LONG_V2_M15_SESSION_09_15::1025742::XAUUSD::932200::455,LONG,2024-09-24 14:30:00,2024-09-24 18:25:35,17.75,2024.09.24 14:30:00,455,2638.86,0.01,A1_M5_MOM_R1_PULLBAC,2024.09.24 18:25:35,459,2656.61,tp 2656.61,17.75,BT_A1_XAU_R1_PULLBACK_LONG_V2_M15_SESSION_09_15,1025742,XAUUSD,932200,455,2024.09.24 14:30:00,455,455,2638.86,0.01,A1_M5_MOM_R1_PULLBAC,2024.09.24 18:25:35,459,459,2656.61,0.01,5,tp 2656.61,17.75,0.00,0.00,,false,17.75,2,1,1,true,false,false,NATIVE_POSITION_RECONCILIATION_VALID
h4_d1_long_best_box2_atr80,h4_d1_long_best_box2_atr80,C:\Users\ZHAO ZHU INFORMATION\Downloads\algo-trading-system\xau-usd\xauusd-phase1\outputs\reports\mt5_backtests\a1_momentum_variants_owner_goal_regime_router_v1_exact_202207_202606_20260701\A1XauM5Momentum_OWNER_GOAL_REGIME_ROUTER_V1_EXACT_202207_202606_XAUUSD_M5_router_v1_r1_long_box2_prevhealth_trades.csv,73,h4_d1_long_best_box2_atr80::BT_A1_XAU_ROUTER_V1_R1_LONG_BOX2_PREVHEALTH::1025742::XAUUSD::932200::136,LONG,2024-09-24 16:00:00,2024-10-22 16:53:34,162.52,2024.09.24 16:00:00,136,2642.75,0.01,A1_M5_MOM_ROUTER_V1_,2024.10.22 16:53:34,154,2744.98,tp 2744.94,162.52,BT_A1_XAU_ROUTER_V1_R1_LONG_BOX2_PREVHEALTH,1025742,XAUUSD,932200,136,2024.09.24 16:00:00,136,136,2642.75,0.01,A1_M5_MOM_ROUTER_V1_,2024.10.08 15:07:26,141,141,2614.10,0.01,4,sl 2614.12,-28.65,0.00,0.00,,false,-28.65,2,1,1,true,true,true,NATIVE_POSITION_RECONCILIATION_VALID
h4_d1_long_best_box2_atr80,h4_d1_long_best_box2_atr80,C:\Users\ZHAO ZHU INFORMATION\Downloads\algo-trading-system\xau-usd\xauusd-phase1\outputs\reports\mt5_backtests\a1_momentum_variants_owner_goal_regime_router_v1_exact_202207_202606_20260701\A1XauM5Momentum_OWNER_GOAL_REGIME_ROUTER_V1_EXACT_202207_202606_XAUUSD_M5_router_v1_r1_long_box2_prevhealth_trades.csv,74,h4_d1_long_best_box2_atr80::BT_A1_XAU_ROUTER_V1_R1_LONG_BOX2_PREVHEALTH::1025742::XAUUSD::932200::138,LONG,2024-09-24 20:00:00,2024-10-22 17:03:42,133.74,2024.09.24 20:00:00,138,2662.92,0.01,A1_M5_MOM_ROUTER_V1_,2024.10.22 17:03:42,155,2747.67,tp 2747.67,133.74,BT_A1_XAU_ROUTER_V1_R1_LONG_BOX2_PREVHEALTH,1025742,XAUUSD,932200,138,2024.09.24 20:00:00,138,138,2662.92,0.01,A1_M5_MOM_ROUTER_V1_,2024.10.08 15:07:26,142,142,2614.10,0.01,4,sl 2614.11,-48.82,0.00,0.00,,false,-48.82,2,1,1,true,true,true,NATIVE_POSITION_RECONCILIATION_VALID
r1_h1_pullback_long_v1,r1_h1_pullback_long_v1,C:\Users\ZHAO ZHU INFORMATION\Downloads\algo-trading-system\xau-usd\xauusd-phase1\outputs\reports\mt5_backtests\a1_momentum_variants_owner_goal_r1_pullback_long_v2_session_exact_202207_202606_20260701\A1XauM5Momentum_OWNER_GOAL_R1_PULLBACK_LONG_V2_SESSION_EXACT_202207_202606_XAUUSD_M5_r1_pullback_long_v2_m15_session_09_15_trades.csv,231,r1_h1_pullback_long_v1::BT_A1_XAU_R1_PULLBACK_LONG_V2_M15_SESSION_09_15::1025742::XAUUSD::932200::460,LONG,2024-09-25 09:00:00,2024-09-25 13:06:40,7.05,2024.09.25 09:00:00,460,2656.13,0.01,A1_M5_MOM_R1_PULLBAC,2024.09.25 13:06:40,464,2663.18,tp 2663.18,7.05,BT_A1_XAU_R1_PULLBACK_LONG_V2_M15_SESSION_09_15,1025742,XAUUSD,932200,460,2024.09.25 09:00:00,460,460,2656.13,0.01,A1_M5_MOM_R1_PULLBAC,2024.09.25 13:06:40,464,464,2663.18,0.01,5,tp 2663.18,7.05,0.00,0.00,,false,7.05,2,1,1,true,false,false,NATIVE_POSITION_RECONCILIATION_VALID
r1_h1_pullback_long_v1,r1_h1_pullback_long_v1,C:\Users\ZHAO ZHU INFORMATION\Downloads\algo-trading-system\xau-usd\xauusd-phase1\outputs\reports\mt5_backtests\a1_momentum_variants_owner_goal_r1_pullback_long_v2_session_exact_202207_202606_20260701\A1XauM5Momentum_OWNER_GOAL_R1_PULLBACK_LONG_V2_SESSION_EXACT_202207_202606_XAUUSD_M5_r1_pullback_long_v2_m15_session_09_15_trades.csv,232,r1_h1_pullback_long_v1::BT_A1_XAU_R1_PULLBACK_LONG_V2_M15_SESSION_09_15::1025742::XAUUSD::932200::461,LONG,2024-09-25 10:30:00,2024-09-25 13:27:41,7.86,2024.09.25 10:30:00,461,2658.08,0.01,A1_M5_MOM_R1_PULLBAC,2024.09.25 13:27:41,465,2665.37,tp 2665.37,7.86,BT_A1_XAU_R1_PULLBACK_LONG_V2_M15_SESSION_09_15,1025742,XAUUSD,932200,461,2024.09.25 10:30:00,461,461,2658.08,0.01,A1_M5_MOM_R1_PULLBAC,2024.09.25 16:43:40,467,467,2652.30,0.01,4,sl 2652.30,-5.78,0.00,0.00,,false,-5.78,2,1,1,true,true,true,NATIVE_POSITION_RECONCILIATION_VALID
r1_h1_pullback_long_v1,r1_h1_pullback_long_v1,C:\Users\ZHAO ZHU INFORMATION\Downloads\algo-trading-system\xau-usd\xauusd-phase1\outputs\reports\mt5_backtests\a1_momentum_variants_owner_goal_r1_pullback_long_v2_session_exact_202207_202606_20260701\A1XauM5Momentum_OWNER_GOAL_R1_PULLBACK_LONG_V2_SESSION_EXACT_202207_202606_XAUUSD_M5_r1_pullback_long_v2_m15_session_09_15_trades.csv,233,r1_h1_pullback_long_v1::BT_A1_XAU_R1_PULLBACK_LONG_V2_M15_SESSION_09_15::1025742::XAUUSD::932200::462,LONG,2024-09-25 11:45:00,2024-09-25 16:20:29,-6.26,2024.09.25 11:45:00,462,2657.51,0.01,A1_M5_MOM_R1_PULLBAC,2024.09.25 16:20:29,466,2653.46,sl 2653.46,-6.26,BT_A1_XAU_R1_PULLBACK_LONG_V2_M15_SESSION_09_15,1025742,XAUUSD,932200,462,2024.09.25 11:45:00,462,462,2657.51,0.01,A1_M5_MOM_R1_PULLBAC,2024.09.25 13:27:41,465,465,2665.37,0.01,5,tp 2665.37,7.86,0.00,0.00,,false,7.86,2,1,1,true,true,true,NATIVE_POSITION_RECONCILIATION_VALID
r1_h1_pullback_long_v1,r1_h1_pullback_long_v1,C:\Users\ZHAO ZHU INFORMATION\Downloads\algo-trading-system\xau-usd\xauusd-phase1\outputs\reports\mt5_backtests\a1_momentum_variants_owner_goal_r1_pullback_long_v2_session_exact_202207_202606_20260701\A1XauM5Momentum_OWNER_GOAL_R1_PULLBACK_LONG_V2_SESSION_EXACT_202207_202606_XAUUSD_M5_r1_pullback_long_v2_m15_session_09_15_trades.csv,234,r1_h1_pullback_long_v1::BT_A1_XAU_R1_PULLBACK_LONG_V2_M15_SESSION_09_15::1025742::XAUUSD::932200::463,LONG,2024-09-25 13:00:00,2024-09-25 16:43:40,-5.78,2024.09.25 13:00:00,463,2659.72,0.01,A1_M5_MOM_R1_PULLBAC,2024.09.25 16:43:40,467,2652.30,sl 2652.30,-5.78,BT_A1_XAU_R1_PULLBACK_LONG_V2_M15_SESSION_09_15,1025742,XAUUSD,932200,463,2024.09.25 13:00:00,463,463,2659.72,0.01,A1_M5_MOM_R1_PULLBAC,2024.09.25 16:20:29,466,466,2653.46,0.01,4,sl 2653.46,-6.26,0.00,0.00,,false,-6.26,2,1,1,true,true,true,NATIVE_POSITION_RECONCILIATION_VALID
h4_d1_long_best_box2_atr80,h4_d1_long_best_box2_atr80,C:\Users\ZHAO ZHU INFORMATION\Downloads\algo-trading-system\xau-usd\xauusd-phase1\outputs\reports\mt5_backtests\a1_momentum_variants_owner_goal_regime_router_v1_exact_202207_202606_20260701\A1XauM5Momentum_OWNER_GOAL_REGIME_ROUTER_V1_EXACT_202207_202606_XAUUSD_M5_router_v1_r1_long_box2_prevhealth_trades.csv,75,h4_d1_long_best_box2_atr80::BT_A1_XAU_ROUTER_V1_R1_LONG_BOX2_PREVHEALTH::1025742::XAUUSD::932200::139,LONG,2024-09-26 12:00:00,2024-10-22 17:45:35,73.04,2024.09.26 12:00:00,139,2683.01,0.01,A1_M5_MOM_ROUTER_V1_,2024.10.22 17:45:35,156,2748.19,tp 2748.17,73.04,BT_A1_XAU_ROUTER_V1_R1_LONG_BOX2_PREVHEALTH,1025742,XAUUSD,932200,139,2024.09.26 12:00:00,139,139,2683.01,0.01,A1_M5_MOM_ROUTER_V1_,2024.10.08 14:35:34,140,140,2622.90,0.01,4,sl 2622.90,-60.11,0.00,0.00,,false,-60.11,2,1,1,true,true,true,NATIVE_POSITION_RECONCILIATION_VALID
r1_h1_pullback_long_v1,r1_h1_pullback_long_v1,C:\Users\ZHAO ZHU INFORMATION\Downloads\algo-trading-system\xau-usd\xauusd-phase1\outputs\reports\mt5_backtests\a1_momentum_variants_owner_goal_r1_pullback_long_v2_session_exact_202207_202606_20260701\A1XauM5Momentum_OWNER_GOAL_R1_PULLBACK_LONG_V2_SESSION_EXACT_202207_202606_XAUUSD_M5_r1_pullback_long_v2_m15_session_09_15_trades.csv,235,r1_h1_pullback_long_v1::BT_A1_XAU_R1_PULLBACK_LONG_V2_M15_SESSION_09_15::1025742::XAUUSD::932200::468,LONG,2024-09-26 13:30:00,2024-09-26 13:50:42,-10.16,2024.09.26 13:30:00,468,2668.13,0.01,A1_M5_MOM_R1_PULLBAC,2024.09.26 13:50:42,469,2657.97,sl 2657.98,-10.16,BT_A1_XAU_R1_PULLBACK_LONG_V2_M15_SESSION_09_15,1025742,XAUUSD,932200,468,2024.09.26 13:30:00,468,468,2668.13,0.01,A1_M5_MOM_R1_PULLBAC,2024.09.26 13:50:42,469,469,2657.97,0.01,4,sl 2657.98,-10.16,0.00,0.00,,false,-10.16,2,1,1,true,false,false,NATIVE_POSITION_RECONCILIATION_VALID
r1_h1_pullback_long_v1,r1_h1_pullback_long_v1,C:\Users\ZHAO ZHU INFORMATION\Downloads\algo-trading-system\xau-usd\xauusd-phase1\outputs\reports\mt5_backtests\a1_momentum_variants_owner_goal_r1_pullback_long_v2_session_exact_202207_202606_20260701\A1XauM5Momentum_OWNER_GOAL_R1_PULLBACK_LONG_V2_SESSION_EXACT_202207_202606_XAUUSD_M5_r1_pullback_long_v2_m15_session_09_15_trades.csv,236,r1_h1_pullback_long_v1::BT_A1_XAU_R1_PULLBACK_LONG_V2_M15_SESSION_09_15::1025742::XAUUSD::932200::470,LONG,2024-10-04 11:30:00,2024-10-04 12:05:36,-4.28,2024.10.04 11:30:00,470,2659.47,0.01,A1_M5_MOM_R1_PULLBAC,2024.10.04 12:05:36,472,2657.19,sl 2657.19,-4.28,BT_A1_XAU_R1_PULLBACK_LONG_V2_M15_SESSION_09_15,1025742,XAUUSD,932200,470,2024.10.04 11:30:00,470,470,2659.47,0.01,A1_M5_MOM_R1_PULLBAC,2024.10.04 12:25:14,473,473,2655.97,0.01,4,sl 2655.97,-3.50,0.00,0.00,,false,-3.50,2,1,1,true,true,true,NATIVE_POSITION_RECONCILIATION_VALID
r1_h1_pullback_long_v1,r1_h1_pullback_long_v1,C:\Users\ZHAO ZHU INFORMATION\Downloads\algo-trading-system\xau-usd\xauusd-phase1\outputs\reports\mt5_backtests\a1_momentum_variants_owner_goal_r1_pullback_long_v2_session_exact_202207_202606_20260701\A1XauM5Momentum_OWNER_GOAL_R1_PULLBACK_LONG_V2_SESSION_EXACT_202207_202606_XAUUSD_M5_r1_pullback_long_v2_m15_session_09_15_trades.csv,237,r1_h1_pullback_long_v1::BT_A1_XAU_R1_PULLBACK_LONG_V2_M15_SESSION_09_15::1025742::XAUUSD::932200::471,LONG,2024-10-04 11:45:00,2024-10-04 12:25:14,-3.5,2024.10.04 11:45:00,471,2661.47,0.01,A1_M5_MOM_R1_PULLBAC,2024.10.04 12:25:14,473,2655.97,sl 2655.97,-3.5,BT_A1_XAU_R1_PULLBACK_LONG_V2_M15_SESSION_09_15,1025742,XAUUSD,932200,471,2024.10.04 11:45:00,471,471,2661.47,0.01,A1_M5_MOM_R1_PULLBAC,2024.10.04 12:05:36,472,472,2657.19,0.01,4,sl 2657.19,-4.28,0.00,0.00,,false,-4.28,2,1,1,true,true,true,NATIVE_POSITION_RECONCILIATION_VALID
r1_h1_pullback_long_v1,r1_h1_pullback_long_v1,C:\Users\ZHAO ZHU INFORMATION\Downloads\algo-trading-system\xau-usd\xauusd-phase1\outputs\reports\mt5_backtests\a1_momentum_variants_owner_goal_r1_pullback_long_v2_session_exact_202207_202606_20260701\A1XauM5Momentum_OWNER_GOAL_R1_PULLBACK_LONG_V2_SESSION_EXACT_202207_202606_XAUUSD_M5_r1_pullback_long_v2_m15_session_09_15_trades.csv,238,r1_h1_pullback_long_v1::BT_A1_XAU_R1_PULLBACK_LONG_V2_M15_SESSION_09_15::1025742::XAUUSD::932200::474,LONG,2024-10-14 11:15:00,2024-10-14 11:50:32,-3.56,2024.10.14 11:15:00,474,2656.82,0.01,A1_M5_MOM_R1_PULLBAC,2024.10.14 11:50:32,475,2653.26,sl 2653.32,-3.56,BT_A1_XAU_R1_PULLBACK_LONG_V2_M15_SESSION_09_15,1025742,XAUUSD,932200,474,2024.10.14 11:15:00,474,474,2656.82,0.01,A1_M5_MOM_R1_PULLBAC,2024.10.14 11:50:32,475,475,2653.26,0.01,4,sl 2653.32,-3.56,0.00,0.00,,false,-3.56,2,1,1,true,false,false,NATIVE_POSITION_RECONCILIATION_VALID
r1_h1_pullback_long_v1,r1_h1_pullback_long_v1,C:\Users\ZHAO ZHU INFORMATION\Downloads\algo-trading-system\xau-usd\xauusd-phase1\outputs\reports\mt5_backtests\a1_momentum_variants_owner_goal_r1_pullback_long_v2_session_exact_202207_202606_20260701\A1XauM5Momentum_OWNER_GOAL_R1_PULLBACK_LONG_V2_SESSION_EXACT_202207_202606_XAUUSD_M5_r1_pullback_long_v2_m15_session_09_15_trades.csv,239,r1_h1_pullback_long_v1::BT_A1_XAU_R1_PULLBACK_LONG_V2_M15_SESSION_09_15::1025742::XAUUSD::932200::476,LONG,2024-10-15 10:15:00,2024-10-15 11:40:23,-4.56,2024.10.15 10:15:00,476,2654.98,0.01,A1_M5_MOM_R1_PULLBAC,2024.10.15 11:40:23,477,2650.42,sl 2650.43,-4.56,BT_A1_XAU_R1_PULLBACK_LONG_V2_M15_SESSION_09_15,1025742,XAUUSD,932200,476,2024.10.15 10:15:00,476,476,2654.98,0.01,A1_M5_MOM_R1_PULLBAC,2024.10.15 11:40:23,477,477,2650.42,0.01,4,sl 2650.43,-4.56,0.00,0.00,,false,-4.56,2,1,1,true,false,false,NATIVE_POSITION_RECONCILIATION_VALID
h4_d1_long_best_box2_atr80,h4_d1_long_best_box2_atr80,C:\Users\ZHAO ZHU INFORMATION\Downloads\algo-trading-system\xau-usd\xauusd-phase1\outputs\reports\mt5_backtests\a1_momentum_variants_owner_goal_regime_router_v1_exact_202207_202606_20260701\A1XauM5Momentum_OWNER_GOAL_REGIME_ROUTER_V1_EXACT_202207_202606_XAUUSD_M5_router_v1_r1_long_box2_prevhealth_trades.csv,76,h4_d1_long_best_box2_atr80::BT_A1_XAU_ROUTER_V1_R1_LONG_BOX2_PREVHEALTH::1025742::XAUUSD::932200::143,LONG,2024-10-16 08:00:00,2024-10-23 05:34:11,75.64,2024.10.16 08:00:00,143,2676.19,0.01,A1_M5_MOM_ROUTER_V1_,2024.10.23 05:34:11,158,2751.83,tp 2751.83,75.64,BT_A1_XAU_ROUTER_V1_R1_LONG_BOX2_PREVHEALTH,1025742,XAUUSD,932200,143,2024.10.16 08:00:00,143,143,2676.19,0.01,A1_M5_MOM_ROUTER_V1_,2024.10.23 05:34:11,158,158,2751.83,0.01,5,tp 2751.83,75.64,0.00,0.00,,false,75.64,2,1,1,true,false,false,NATIVE_POSITION_RECONCILIATION_VALID
h4_d1_long_best_box2_atr80,h4_d1_long_best_box2_atr80,C:\Users\ZHAO ZHU INFORMATION\Downloads\algo-trading-system\xau-usd\xauusd-phase1\outputs\reports\mt5_backtests\a1_momentum_variants_owner_goal_regime_router_v1_exact_202207_202606_20260701\A1XauM5Momentum_OWNER_GOAL_REGIME_ROUTER_V1_EXACT_202207_202606_XAUUSD_M5_router_v1_r1_long_box2_prevhealth_trades.csv,77,h4_d1_long_best_box2_atr80::BT_A1_XAU_ROUTER_V1_R1_LONG_BOX2_PREVHEALTH::1025742::XAUUSD::932200::144,LONG,2024-10-16 20:00:00,2024-10-23 15:12:31,-34.12,2024.10.16 20:00:00,144,2675.15,0.01,A1_M5_MOM_ROUTER_V1_,2024.10.23 15:12:31,160,2714.55,sl 2714.56,-34.12,BT_A1_XAU_ROUTER_V1_R1_LONG_BOX2_PREVHEALTH,1025742,XAUUSD,932200,144,2024.10.16 20:00:00,144,144,2675.15,0.01,A1_M5_MOM_ROUTER_V1_,2024.10.22 17:45:35,156,156,2748.19,0.01,5,tp 2748.17,73.04,0.00,0.00,,false,73.04,2,1,1,true,true,true,NATIVE_POSITION_RECONCILIATION_VALID
r1_h1_pullback_long_v1,r1_h1_pullback_long_v1,C:\Users\ZHAO ZHU INFORMATION\Downloads\algo-trading-system\xau-usd\xauusd-phase1\outputs\reports\mt5_backtests\a1_momentum_variants_owner_goal_r1_pullback_long_v2_session_exact_202207_202606_20260701\A1XauM5Momentum_OWNER_GOAL_R1_PULLBACK_LONG_V2_SESSION_EXACT_202207_202606_XAUUSD_M5_r1_pullback_long_v2_m15_session_09_15_trades.csv,240,r1_h1_pullback_long_v1::BT_A1_XAU_R1_PULLBACK_LONG_V2_M15_SESSION_09_15::1025742::XAUUSD::932200::478,LONG,2024-10-17 09:45:00,2024-10-17 12:15:38,-9.15,2024.10.17 09:45:00,478,2680.79,0.01,A1_M5_MOM_R1_PULLBAC,2024.10.17 12:15:38,482,2678.40,sl 2678.44,-9.15,BT_A1_XAU_R1_PULLBACK_LONG_V2_M15_SESSION_09_15,1025742,XAUUSD,932200,478,2024.10.17 09:45:00,478,478,2680.79,0.01,A1_M5_MOM_R1_PULLBAC,2024.10.17 12:30:24,485,485,2676.08,0.01,4,sl 2676.17,-4.71,0.00,0.00,,false,-4.71,2,1,1,true,true,true,NATIVE_POSITION_RECONCILIATION_VALID
r1_h1_pullback_long_v1,r1_h1_pullback_long_v1,C:\Users\ZHAO ZHU INFORMATION\Downloads\algo-trading-system\xau-usd\xauusd-phase1\outputs\reports\mt5_backtests\a1_momentum_variants_owner_goal_r1_pullback_long_v2_session_exact_202207_202606_20260701\A1XauM5Momentum_OWNER_GOAL_R1_PULLBACK_LONG_V2_SESSION_EXACT_202207_202606_XAUUSD_M5_r1_pullback_long_v2_m15_session_09_15_trades.csv,241,r1_h1_pullback_long_v1::BT_A1_XAU_R1_PULLBACK_LONG_V2_M15_SESSION_09_15::1025742::XAUUSD::932200::479,LONG,2024-10-17 10:15:00,2024-10-17 12:30:23,-10.73,2024.10.17 10:15:00,479,2683.31,0.01,A1_M5_MOM_R1_PULLBAC,2024.10.17 12:30:23,483,2676.28,sl 2676.30,-10.73,BT_A1_XAU_R1_PULLBACK_LONG_V2_M15_SESSION_09_15,1025742,XAUUSD,932200,479,2024.10.17 10:15:00,479,479,2683.31,0.01,A1_M5_MOM_R1_PULLBAC,2024.10.17 12:30:24,484,484,2676.18,0.01,4,sl 2676.25,-7.13,0.00,0.00,,false,-7.13,2,1,1,true,true,true,NATIVE_POSITION_RECONCILIATION_VALID
r1_h1_pullback_long_v1,r1_h1_pullback_long_v1,C:\Users\ZHAO ZHU INFORMATION\Downloads\algo-trading-system\xau-usd\xauusd-phase1\outputs\reports\mt5_backtests\a1_momentum_variants_owner_goal_r1_pullback_long_v2_session_exact_202207_202606_20260701\A1XauM5Momentum_OWNER_GOAL_R1_PULLBACK_LONG_V2_SESSION_EXACT_202207_202606_XAUUSD_M5_r1_pullback_long_v2_m15_session_09_15_trades.csv,242,r1_h1_pullback_long_v1::BT_A1_XAU_R1_PULLBACK_LONG_V2_M15_SESSION_09_15::1025742::XAUUSD::932200::480,LONG,2024-10-17 10:30:00,2024-10-17 12:30:24,-7.13,2024.10.17 10:30:00,480,2687.01,0.01,A1_M5_MOM_R1_PULLBAC,2024.10.17 12:30:24,484,2676.18,sl 2676.25,-7.13,BT_A1_XAU_R1_PULLBACK_LONG_V2_M15_SESSION_09_15,1025742,XAUUSD,932200,480,2024.10.17 10:30:00,480,480,2687.01,0.01,A1_M5_MOM_R1_PULLBAC,2024.10.17 12:30:23,483,483,2676.28,0.01,4,sl 2676.30,-10.73,0.00,0.00,,false,-10.73,2,1,1,true,true,true,NATIVE_POSITION_RECONCILIATION_VALID
r1_h1_pullback_long_v1,r1_h1_pullback_long_v1,C:\Users\ZHAO ZHU INFORMATION\Downloads\algo-trading-system\xau-usd\xauusd-phase1\outputs\reports\mt5_backtests\a1_momentum_variants_owner_goal_r1_pullback_long_v2_session_exact_202207_202606_20260701\A1XauM5Momentum_OWNER_GOAL_R1_PULLBACK_LONG_V2_SESSION_EXACT_202207_202606_XAUUSD_M5_r1_pullback_long_v2_m15_session_09_15_trades.csv,243,r1_h1_pullback_long_v1::BT_A1_XAU_R1_PULLBACK_LONG_V2_M15_SESSION_09_15::1025742::XAUUSD::932200::481,LONG,2024-10-17 11:30:00,2024-10-17 12:30:24,-4.71,2024.10.17 11:30:00,481,2687.55,0.01,A1_M5_MOM_R1_PULLBAC,2024.10.17 12:30:24,485,2676.08,sl 2676.17,-4.71,BT_A1_XAU_R1_PULLBACK_LONG_V2_M15_SESSION_09_15,1025742,XAUUSD,932200,481,2024.10.17 11:30:00,481,481,2687.55,0.01,A1_M5_MOM_R1_PULLBAC,2024.10.17 12:15:38,482,482,2678.40,0.01,4,sl 2678.44,-9.15,0.00,0.00,,false,-9.15,2,1,1,true,true,true,NATIVE_POSITION_RECONCILIATION_VALID
r1_h1_pullback_long_v1,r1_h1_pullback_long_v1,C:\Users\ZHAO ZHU INFORMATION\Downloads\algo-trading-system\xau-usd\xauusd-phase1\outputs\reports\mt5_backtests\a1_momentum_variants_owner_goal_r1_pullback_long_v2_session_exact_202207_202606_20260701\A1XauM5Momentum_OWNER_GOAL_R1_PULLBACK_LONG_V2_SESSION_EXACT_202207_202606_XAUUSD_M5_r1_pullback_long_v2_m15_session_09_15_trades.csv,244,r1_h1_pullback_long_v1::BT_A1_XAU_R1_PULLBACK_LONG_V2_M15_SESSION_09_15::1025742::XAUUSD::932200::486,LONG,2024-10-17 13:00:00,2024-10-18 01:09:36,16.89,2024.10.17 13:00:00,486,2680.82,0.01,A1_M5_MOM_R1_PULLBAC,2024.10.18 01:09:36,490,2697.71,tp 2697.69,16.89,BT_A1_XAU_R1_PULLBACK_LONG_V2_M15_SESSION_09_15,1025742,XAUUSD,932200,486,2024.10.17 13:00:00,486,486,2680.82,0.01,A1_M5_MOM_R1_PULLBAC,2024.10.18 01:09:36,490,490,2697.71,0.01,5,tp 2697.69,16.89,0.00,0.00,,false,16.89,2,1,1,true,false,false,NATIVE_POSITION_RECONCILIATION_VALID
r1_h1_pullback_long_v1,r1_h1_pullback_long_v1,C:\Users\ZHAO ZHU INFORMATION\Downloads\algo-trading-system\xau-usd\xauusd-phase1\outputs\reports\mt5_backtests\a1_momentum_variants_owner_goal_r1_pullback_long_v2_session_exact_202207_202606_20260701\A1XauM5Momentum_OWNER_GOAL_R1_PULLBACK_LONG_V2_SESSION_EXACT_202207_202606_XAUUSD_M5_r1_pullback_long_v2_m15_session_09_15_trades.csv,245,r1_h1_pullback_long_v1::BT_A1_XAU_R1_PULLBACK_LONG_V2_M15_SESSION_09_15::1025742::XAUUSD::932200::487,LONG,2024-10-17 13:45:00,2024-10-18 12:31:27,28.62,2024.10.17 13:45:00,487,2686.53,0.01,A1_M5_MOM_R1_PULLBAC,2024.10.18 12:31:27,491,2715.15,tp 2715.15,28.62,BT_A1_XAU_R1_PULLBACK_LONG_V2_M15_SESSION_09_15,1025742,XAUUSD,932200,487,2024.10.17 13:45:00,487,487,2686.53,0.01,A1_M5_MOM_R1_PULLBAC,2024.10.18 12:31:27,491,491,2715.15,0.01,5,tp 2715.15,28.62,0.00,0.00,,false,28.62,2,1,1,true,false,false,NATIVE_POSITION_RECONCILIATION_VALID
r1_h1_pullback_long_v1,r1_h1_pullback_long_v1,C:\Users\ZHAO ZHU INFORMATION\Downloads\algo-trading-system\xau-usd\xauusd-phase1\outputs\reports\mt5_backtests\a1_momentum_variants_owner_goal_r1_pullback_long_v2_session_exact_202207_202606_20260701\A1XauM5Momentum_OWNER_GOAL_R1_PULLBACK_LONG_V2_SESSION_EXACT_202207_202606_XAUUSD_M5_r1_pullback_long_v2_m15_session_09_15_trades.csv,246,r1_h1_pullback_long_v1::BT_A1_XAU_R1_PULLBACK_LONG_V2_M15_SESSION_09_15::1025742::XAUUSD::932200::488,LONG,2024-10-17 14:00:00,2024-10-18 20:52:30,33.26,2024.10.17 14:00:00,488,2689.08,0.01,A1_M5_MOM_R1_PULLBAC,2024.10.18 20:52:30,494,2722.34,tp 2722.31,33.26,BT_A1_XAU_R1_PULLBACK_LONG_V2_M15_SESSION_09_15,1025742,XAUUSD,932200,488,2024.10.17 14:00:00,488,488,2689.08,0.01,A1_M5_MOM_R1_PULLBAC,2024.10.18 20:52:30,494,494,2722.34,0.01,5,tp 2722.31,33.26,0.00,0.00,,false,33.26,2,1,1,true,false,false,NATIVE_POSITION_RECONCILIATION_VALID
r1_h1_pullback_long_v1,r1_h1_pullback_long_v1,C:\Users\ZHAO ZHU INFORMATION\Downloads\algo-trading-system\xau-usd\xauusd-phase1\outputs\reports\mt5_backtests\a1_momentum_variants_owner_goal_r1_pullback_long_v2_session_exact_202207_202606_20260701\A1XauM5Momentum_OWNER_GOAL_R1_PULLBACK_LONG_V2_SESSION_EXACT_202207_202606_XAUUSD_M5_r1_pullback_long_v2_m15_session_09_15_trades.csv,247,r1_h1_pullback_long_v1::BT_A1_XAU_R1_PULLBACK_LONG_V2_M15_SESSION_09_15::1025742::XAUUSD::932200::489,LONG,2024-10-17 14:45:00,2024-10-20 22:01:41,28.48,2024.10.17 14:45:00,489,2694.48,0.01,A1_M5_MOM_R1_PULLBAC,2024.10.20 22:01:41,495,2722.96,tp 2722.96,28.48,BT_A1_XAU_R1_PULLBACK_LONG_V2_M15_SESSION_09_15,1025742,XAUUSD,932200,489,2024.10.17 14:45:00,489,489,2694.48,0.01,A1_M5_MOM_R1_PULLBAC,2024.10.20 22:01:41,495,495,2722.96,0.01,5,tp 2722.96,28.48,0.00,0.00,,false,28.48,2,1,1,true,false,false,NATIVE_POSITION_RECONCILIATION_VALID
h4_d1_long_best_box2_atr80,h4_d1_long_best_box2_atr80,C:\Users\ZHAO ZHU INFORMATION\Downloads\algo-trading-system\xau-usd\xauusd-phase1\outputs\reports\mt5_backtests\a1_momentum_variants_owner_goal_regime_router_v1_exact_202207_202606_20260701\A1XauM5Momentum_OWNER_GOAL_REGIME_ROUTER_V1_EXACT_202207_202606_XAUUSD_M5_router_v1_r1_long_box2_prevhealth_trades.csv,78,h4_d1_long_best_box2_atr80::BT_A1_XAU_ROUTER_V1_R1_LONG_BOX2_PREVHEALTH::1025742::XAUUSD::932200::145,LONG,2024-10-17 16:00:00,2024-10-23 15:12:38,-40.71,2024.10.17 16:00:00,145,2693.57,0.01,A1_M5_MOM_ROUTER_V1_,2024.10.23 15:12:38,161,2714.35,sl 2714.41,-40.71,BT_A1_XAU_ROUTER_V1_R1_LONG_BOX2_PREVHEALTH,1025742,XAUUSD,932200,145,2024.10.17 16:00:00,145,145,2693.57,0.01,A1_M5_MOM_ROUTER_V1_,2024.11.11 12:41:27,171,171,2638.44,0.01,4,sl 2638.53,-55.13,0.00,0.00,,false,-55.13,2,1,1,true,true,true,NATIVE_POSITION_RECONCILIATION_VALID
h4_d1_long_best_box2_atr80,h4_d1_long_best_box2_atr80,C:\Users\ZHAO ZHU INFORMATION\Downloads\algo-trading-system\xau-usd\xauusd-phase1\outputs\reports\mt5_backtests\a1_momentum_variants_owner_goal_regime_router_v1_exact_202207_202606_20260701\A1XauM5Momentum_OWNER_GOAL_REGIME_ROUTER_V1_EXACT_202207_202606_XAUUSD_M5_router_v1_r1_long_box2_prevhealth_trades.csv,79,h4_d1_long_best_box2_atr80::BT_A1_XAU_ROUTER_V1_R1_LONG_BOX2_PREVHEALTH::1025742::XAUUSD::932200::147,LONG,2024-10-18 04:00:00,2024-10-29 22:51:30,152.0,2024.10.18 04:00:00,147,2710.12,0.01,A1_M5_MOM_ROUTER_V1_,2024.10.29 22:51:30,164,2775.03,tp 2775.01,152.0,BT_A1_XAU_ROUTER_V1_R1_LONG_BOX2_PREVHEALTH,1025742,XAUUSD,932200,147,2024.10.18 04:00:00,147,147,2710.12,0.01,A1_M5_MOM_ROUTER_V1_,2024.11.06 13:04:23,169,169,2658.83,0.01,4,sl 2658.87,-51.29,0.00,0.00,,false,-51.29,2,1,1,true,true,true,NATIVE_POSITION_RECONCILIATION_VALID
h4_d1_long_best_box2_atr80,h4_d1_long_best_box2_atr80,C:\Users\ZHAO ZHU INFORMATION\Downloads\algo-trading-system\xau-usd\xauusd-phase1\outputs\reports\mt5_backtests\a1_momentum_variants_owner_goal_regime_router_v1_exact_202207_202606_20260701\A1XauM5Momentum_OWNER_GOAL_REGIME_ROUTER_V1_EXACT_202207_202606_XAUUSD_M5_router_v1_r1_long_box2_prevhealth_trades.csv,80,h4_d1_long_best_box2_atr80::BT_A1_XAU_ROUTER_V1_R1_LONG_BOX2_PREVHEALTH::1025742::XAUUSD::932200::148,LONG,2024-10-18 12:00:00,2024-11-05 01:46:40,-30.1,2024.10.18 12:00:00,148,2709.93,0.01,A1_M5_MOM_ROUTER_V1_,2024.11.05 01:46:40,165,2724.94,sl 2724.97,-30.1,BT_A1_XAU_ROUTER_V1_R1_LONG_BOX2_PREVHEALTH,1025742,XAUUSD,932200,148,2024.10.18 12:00:00,148,148,2709.93,0.01,A1_M5_MOM_ROUTER_V1_,2024.11.06 13:04:23,170,170,2658.83,0.01,4,sl 2658.90,-51.10,0.00,0.00,,false,-51.10,2,1,1,true,true,true,NATIVE_POSITION_RECONCILIATION_VALID
r1_h1_pullback_long_v1,r1_h1_pullback_long_v1,C:\Users\ZHAO ZHU INFORMATION\Downloads\algo-trading-system\xau-usd\xauusd-phase1\outputs\reports\mt5_backtests\a1_momentum_variants_owner_goal_r1_pullback_long_v2_session_exact_202207_202606_20260701\A1XauM5Momentum_OWNER_GOAL_R1_PULLBACK_LONG_V2_SESSION_EXACT_202207_202606_XAUUSD_M5_r1_pullback_long_v2_m15_session_09_15_trades.csv,248,r1_h1_pullback_long_v1::BT_A1_XAU_R1_PULLBACK_LONG_V2_M15_SESSION_09_15::1025742::XAUUSD::932200::492,LONG,2024-10-18 14:15:00,2024-10-21 12:28:27,22.81,2024.10.18 14:15:00,492,2715.50,0.01,A1_M5_MOM_R1_PULLBAC,2024.10.21 12:28:27,496,2738.31,tp 2738.31,22.81,BT_A1_XAU_R1_PULLBACK_LONG_V2_M15_SESSION_09_15,1025742,XAUUSD,932200,492,2024.10.18 14:15:00,492,492,2715.50,0.01,A1_M5_MOM_R1_PULLBAC,2024.10.21 12:28:27,496,496,2738.31,0.01,5,tp 2738.31,22.81,0.00,0.00,,false,22.81,2,1,1,true,false,false,NATIVE_POSITION_RECONCILIATION_VALID
r1_h1_pullback_long_v1,r1_h1_pullback_long_v1,C:\Users\ZHAO ZHU INFORMATION\Downloads\algo-trading-system\xau-usd\xauusd-phase1\outputs\reports\mt5_backtests\a1_momentum_variants_owner_goal_r1_pullback_long_v2_session_exact_202207_202606_20260701\A1XauM5Momentum_OWNER_GOAL_R1_PULLBACK_LONG_V2_SESSION_EXACT_202207_202606_XAUUSD_M5_r1_pullback_long_v2_m15_session_09_15_trades.csv,249,r1_h1_pullback_long_v1::BT_A1_XAU_R1_PULLBACK_LONG_V2_M15_SESSION_09_15::1025742::XAUUSD::932200::493,LONG,2024-10-18 14:45:00,2024-10-22 16:56:39,10.83,2024.10.18 14:45:00,493,2719.00,0.01,A1_M5_MOM_R1_PULLBAC,2024.10.22 16:56:39,500,2745.49,tp 2745.47,10.83,BT_A1_XAU_R1_PULLBACK_LONG_V2_M15_SESSION_09_15,1025742,XAUUSD,932200,493,2024.10.18 14:45:00,493,493,2719.00,0.01,A1_M5_MOM_R1_PULLBAC,2024.10.23 04:19:28,502,502,2749.06,0.01,5,tp 2749.06,30.06,0.00,0.00,,false,30.06,2,1,1,true,true,true,NATIVE_POSITION_RECONCILIATION_VALID
h4_d1_long_best_box2_atr80,h4_d1_long_best_box2_atr80,C:\Users\ZHAO ZHU INFORMATION\Downloads\algo-trading-system\xau-usd\xauusd-phase1\outputs\reports\mt5_backtests\a1_momentum_variants_owner_goal_regime_router_v1_exact_202207_202606_20260701\A1XauM5Momentum_OWNER_GOAL_REGIME_ROUTER_V1_EXACT_202207_202606_XAUUSD_M5_router_v1_r1_long_box2_prevhealth_trades.csv,81,h4_d1_long_best_box2_atr80::BT_A1_XAU_ROUTER_V1_R1_LONG_BOX2_PREVHEALTH::1025742::XAUUSD::932200::152,LONG,2024-10-21 04:00:00,2024-11-05 01:46:41,-44.65,2024.10.21 04:00:00,152,2731.67,0.01,A1_M5_MOM_ROUTER_V1_,2024.11.05 01:46:41,166,2724.86,sl 2724.86,-44.65,BT_A1_XAU_ROUTER_V1_R1_LONG_BOX2_PREVHEALTH,1025742,XAUUSD,932200,152,2024.10.21 04:00:00,152,152,2731.67,0.01,A1_M5_MOM_ROUTER_V1_,2024.11.06 12:00:14,167,167,2692.88,0.01,4,sl 2692.91,-38.79,0.00,0.00,,false,-38.79,2,1,1,true,true,true,NATIVE_POSITION_RECONCILIATION_VALID
h4_d1_long_best_box2_atr80,h4_d1_long_best_box2_atr80,C:\Users\ZHAO ZHU INFORMATION\Downloads\algo-trading-system\xau-usd\xauusd-phase1\outputs\reports\mt5_backtests\a1_momentum_variants_owner_goal_regime_router_v1_exact_202207_202606_20260701\A1XauM5Momentum_OWNER_GOAL_REGIME_ROUTER_V1_EXACT_202207_202606_XAUUSD_M5_router_v1_r1_long_box2_prevhealth_trades.csv,82,h4_d1_long_best_box2_atr80::BT_A1_XAU_ROUTER_V1_R1_LONG_BOX2_PREVHEALTH::1025742::XAUUSD::932200::153,LONG,2024-10-21 12:00:00,2024-11-06 12:00:14,-38.79,2024.10.21 12:00:00,153,2734.55,0.01,A1_M5_MOM_ROUTER_V1_,2024.11.06 12:00:14,167,2692.88,sl 2692.91,-38.79,BT_A1_XAU_ROUTER_V1_R1_LONG_BOX2_PREVHEALTH,1025742,XAUUSD,932200,153,2024.10.21 12:00:00,153,153,2734.55,0.01,A1_M5_MOM_ROUTER_V1_,2024.11.06 12:00:14,168,168,2692.88,0.01,4,sl 2692.92,-41.67,0.00,0.00,,false,-41.67,2,1,1,true,true,true,NATIVE_POSITION_RECONCILIATION_VALID
r1_h1_pullback_long_v1,r1_h1_pullback_long_v1,C:\Users\ZHAO ZHU INFORMATION\Downloads\algo-trading-system\xau-usd\xauusd-phase1\outputs\reports\mt5_backtests\a1_momentum_variants_owner_goal_r1_pullback_long_v2_session_exact_202207_202606_20260701\A1XauM5Momentum_OWNER_GOAL_R1_PULLBACK_LONG_V2_SESSION_EXACT_202207_202606_XAUUSD_M5_r1_pullback_long_v2_m15_session_09_15_trades.csv,250,r1_h1_pullback_long_v1::BT_A1_XAU_R1_PULLBACK_LONG_V2_M15_SESSION_09_15::1025742::XAUUSD::932200::497,LONG,2024-10-22 10:15:00,2024-10-22 19:58:53,13.1,2024.10.22 10:15:00,497,2734.66,0.01,A1_M5_MOM_R1_PULLBAC,2024.10.22 19:58:53,501,2748.56,tp 2748.56,13.1,BT_A1_XAU_R1_PULLBACK_LONG_V2_M15_SESSION_09_15,1025742,XAUUSD,932200,497,2024.10.22 10:15:00,497,497,2734.66,0.01,A1_M5_MOM_R1_PULLBAC,2024.10.22 16:56:39,500,500,2745.49,0.01,5,tp 2745.47,10.83,0.00,0.00,,false,10.83,2,1,1,true,true,true,NATIVE_POSITION_RECONCILIATION_VALID
r1_h1_pullback_long_v1,r1_h1_pullback_long_v1,C:\Users\ZHAO ZHU INFORMATION\Downloads\algo-trading-system\xau-usd\xauusd-phase1\outputs\reports\mt5_backtests\a1_momentum_variants_owner_goal_r1_pullback_long_v2_session_exact_202207_202606_20260701\A1XauM5Momentum_OWNER_GOAL_R1_PULLBACK_LONG_V2_SESSION_EXACT_202207_202606_XAUUSD_M5_r1_pullback_long_v2_m15_session_09_15_trades.csv,251,r1_h1_pullback_long_v1::BT_A1_XAU_R1_PULLBACK_LONG_V2_M15_SESSION_09_15::1025742::XAUUSD::932200::498,LONG,2024-10-22 10:45:00,2024-10-23 04:19:28,30.06,2024.10.22 10:45:00,498,2738.77,0.01,A1_M5_MOM_R1_PULLBAC,2024.10.23 04:19:28,502,2749.06,tp 2749.06,30.06,BT_A1_XAU_R1_PULLBACK_LONG_V2_M15_SESSION_09_15,1025742,XAUUSD,932200,498,2024.10.22 10:45:00,498,498,2738.77,0.01,A1_M5_MOM_R1_PULLBAC,2024.10.23 08:31:28,503,503,2757.75,0.01,5,tp 2757.73,18.98,0.00,0.00,,false,18.98,2,1,1,true,true,true,NATIVE_POSITION_RECONCILIATION_VALID
r1_h1_pullback_long_v1,r1_h1_pullback_long_v1,C:\Users\ZHAO ZHU INFORMATION\Downloads\algo-trading-system\xau-usd\xauusd-phase1\outputs\reports\mt5_backtests\a1_momentum_variants_owner_goal_r1_pullback_long_v2_session_exact_202207_202606_20260701\A1XauM5Momentum_OWNER_GOAL_R1_PULLBACK_LONG_V2_SESSION_EXACT_202207_202606_XAUUSD_M5_r1_pullback_long_v2_m15_session_09_15_trades.csv,252,r1_h1_pullback_long_v1::BT_A1_XAU_R1_PULLBACK_LONG_V2_M15_SESSION_09_15::1025742::XAUUSD::932200::499,LONG,2024-10-22 12:15:00,2024-10-23 08:31:28,18.98,2024.10.22 12:15:00,499,2735.46,0.01,A1_M5_MOM_R1_PULLBAC,2024.10.23 08:31:28,503,2757.75,tp 2757.73,18.98,BT_A1_XAU_R1_PULLBACK_LONG_V2_M15_SESSION_09_15,1025742,XAUUSD,932200,499,2024.10.22 12:15:00,499,499,2735.46,0.01,A1_M5_MOM_R1_PULLBAC,2024.10.22 19:58:53,501,501,2748.56,0.01,5,tp 2748.56,13.10,0.00,0.00,,false,13.10,2,1,1,true,true,true,NATIVE_POSITION_RECONCILIATION_VALID
h4_d1_long_best_box2_atr80,h4_d1_long_best_box2_atr80,C:\Users\ZHAO ZHU INFORMATION\Downloads\algo-trading-system\xau-usd\xauusd-phase1\outputs\reports\mt5_backtests\a1_momentum_variants_owner_goal_regime_router_v1_exact_202207_202606_20260701\A1XauM5Momentum_OWNER_GOAL_REGIME_ROUTER_V1_EXACT_202207_202606_XAUUSD_M5_router_v1_r1_long_box2_prevhealth_trades.csv,83,h4_d1_long_best_box2_atr80::BT_A1_XAU_ROUTER_V1_R1_LONG_BOX2_PREVHEALTH::1025742::XAUUSD::932200::157,LONG,2024-10-22 20:00:00,2024-11-06 12:00:14,-41.67,2024.10.22 20:00:00,157,2748.67,0.01,A1_M5_MOM_ROUTER_V1_,2024.11.06 12:00:14,168,2692.88,sl 2692.92,-41.67,BT_A1_XAU_ROUTER_V1_R1_LONG_BOX2_PREVHEALTH,1025742,XAUUSD,932200,157,2024.10.22 20:00:00,157,157,2748.67,0.01,A1_M5_MOM_ROUTER_V1_,2024.10.23 15:12:31,160,160,2714.55,0.01,4,sl 2714.56,-34.12,0.00,0.00,,false,-34.12,2,1,1,true,true,true,NATIVE_POSITION_RECONCILIATION_VALID
h4_d1_long_best_box2_atr80,h4_d1_long_best_box2_atr80,C:\Users\ZHAO ZHU INFORMATION\Downloads\algo-trading-system\xau-usd\xauusd-phase1\outputs\reports\mt5_backtests\a1_momentum_variants_owner_goal_regime_router_v1_exact_202207_202606_20260701\A1XauM5Momentum_OWNER_GOAL_REGIME_ROUTER_V1_EXACT_202207_202606_XAUUSD_M5_router_v1_r1_long_box2_prevhealth_trades.csv,84,h4_d1_long_best_box2_atr80::BT_A1_XAU_ROUTER_V1_R1_LONG_BOX2_PREVHEALTH::1025742::XAUUSD::932200::159,LONG,2024-10-23 08:00:00,2024-11-06 13:04:23,-51.29,2024.10.23 08:00:00,159,2755.06,0.01,A1_M5_MOM_ROUTER_V1_,2024.11.06 13:04:23,169,2658.83,sl 2658.87,-51.29,BT_A1_XAU_ROUTER_V1_R1_LONG_BOX2_PREVHEALTH,1025742,XAUUSD,932200,159,2024.10.23 08:00:00,159,159,2755.06,0.01,A1_M5_MOM_ROUTER_V1_,2024.10.23 15:12:38,161,161,2714.35,0.01,4,sl 2714.41,-40.71,0.00,0.00,,false,-40.71,2,1,1,true,true,true,NATIVE_POSITION_RECONCILIATION_VALID
h4_d1_long_best_box2_atr80,h4_d1_long_best_box2_atr80,C:\Users\ZHAO ZHU INFORMATION\Downloads\algo-trading-system\xau-usd\xauusd-phase1\outputs\reports\mt5_backtests\a1_momentum_variants_owner_goal_regime_router_v1_exact_202207_202606_20260701\A1XauM5Momentum_OWNER_GOAL_REGIME_ROUTER_V1_EXACT_202207_202606_XAUUSD_M5_router_v1_r1_long_box2_prevhealth_trades.csv,85,h4_d1_long_best_box2_atr80::BT_A1_XAU_ROUTER_V1_R1_LONG_BOX2_PREVHEALTH::1025742::XAUUSD::932200::162,LONG,2024-10-29 04:00:00,2024-11-06 13:04:23,-51.1,2024.10.29 04:00:00,162,2755.04,0.01,A1_M5_MOM_ROUTER_V1_,2024.11.06 13:04:23,170,2658.83,sl 2658.90,-51.1,BT_A1_XAU_ROUTER_V1_R1_LONG_BOX2_PREVHEALTH,1025742,XAUUSD,932200,162,2024.10.29 04:00:00,162,162,2755.04,0.01,A1_M5_MOM_ROUTER_V1_,2024.11.05 01:46:40,165,165,2724.94,0.01,4,sl 2724.97,-30.10,0.00,0.00,,false,-30.10,2,1,1,true,true,true,NATIVE_POSITION_RECONCILIATION_VALID
r1_h1_pullback_long_v1,r1_h1_pullback_long_v1,C:\Users\ZHAO ZHU INFORMATION\Downloads\algo-trading-system\xau-usd\xauusd-phase1\outputs\reports\mt5_backtests\a1_momentum_variants_owner_goal_r1_pullback_long_v2_session_exact_202207_202606_20260701\A1XauM5Momentum_OWNER_GOAL_R1_PULLBACK_LONG_V2_SESSION_EXACT_202207_202606_XAUUSD_M5_r1_pullback_long_v2_m15_session_09_15_trades.csv,253,r1_h1_pullback_long_v1::BT_A1_XAU_R1_PULLBACK_LONG_V2_M15_SESSION_09_15::1025742::XAUUSD::932200::504,LONG,2024-10-29 10:15:00,2024-10-29 10:26:03,-4.45,2024.10.29 10:15:00,504,2751.28,0.01,A1_M5_MOM_R1_PULLBAC,2024.10.29 10:26:03,505,2746.83,sl 2746.86,-4.45,BT_A1_XAU_R1_PULLBACK_LONG_V2_M15_SESSION_09_15,1025742,XAUUSD,932200,504,2024.10.29 10:15:00,504,504,2751.28,0.01,A1_M5_MOM_R1_PULLBAC,2024.10.29 10:26:03,505,505,2746.83,0.01,4,sl 2746.86,-4.45,0.00,0.00,,false,-4.45,2,1,1,true,false,false,NATIVE_POSITION_RECONCILIATION_VALID
r1_h1_pullback_long_v1,r1_h1_pullback_long_v1,C:\Users\ZHAO ZHU INFORMATION\Downloads\algo-trading-system\xau-usd\xauusd-phase1\outputs\reports\mt5_backtests\a1_momentum_variants_owner_goal_r1_pullback_long_v2_session_exact_202207_202606_20260701\A1XauM5Momentum_OWNER_GOAL_R1_PULLBACK_LONG_V2_SESSION_EXACT_202207_202606_XAUUSD_M5_r1_pullback_long_v2_m15_session_09_15_trades.csv,254,r1_h1_pullback_long_v1::BT_A1_XAU_R1_PULLBACK_LONG_V2_M15_SESSION_09_15::1025742::XAUUSD::932200::506,LONG,2024-10-29 11:15:00,2024-10-29 13:17:37,14.99,2024.10.29 11:15:00,506,2753.24,0.01,A1_M5_MOM_R1_PULLBAC,2024.10.29 13:17:37,510,2768.23,tp 2768.22,14.99,BT_A1_XAU_R1_PULLBACK_LONG_V2_M15_SESSION_09_15,1025742,XAUUSD,932200,506,2024.10.29 11:15:00,506,506,2753.24,0.01,A1_M5_MOM_R1_PULLBAC,2024.10.29 13:17:37,510,510,2768.23,0.01,5,tp 2768.22,14.99,0.00,0.00,,false,14.99,2,1,1,true,false,false,NATIVE_POSITION_RECONCILIATION_VALID
r1_h1_pullback_long_v1,r1_h1_pullback_long_v1,C:\Users\ZHAO ZHU INFORMATION\Downloads\algo-trading-system\xau-usd\xauusd-phase1\outputs\reports\mt5_backtests\a1_momentum_variants_owner_goal_r1_pullback_long_v2_session_exact_202207_202606_20260701\A1XauM5Momentum_OWNER_GOAL_R1_PULLBACK_LONG_V2_SESSION_EXACT_202207_202606_XAUUSD_M5_r1_pullback_long_v2_m15_session_09_15_trades.csv,255,r1_h1_pullback_long_v1::BT_A1_XAU_R1_PULLBACK_LONG_V2_M15_SESSION_09_15::1025742::XAUUSD::932200::507,LONG,2024-10-29 12:15:00,2024-10-29 16:03:14,16.28,2024.10.29 12:15:00,507,2755.62,0.01,A1_M5_MOM_R1_PULLBAC,2024.10.29 16:03:14,511,2771.90,tp 2771.90,16.28,BT_A1_XAU_R1_PULLBACK_LONG_V2_M15_SESSION_09_15,1025742,XAUUSD,932200,507,2024.10.29 12:15:00,507,507,2755.62,0.01,A1_M5_MOM_R1_PULLBAC,2024.10.29 16:03:14,511,511,2771.90,0.01,5,tp 2771.90,16.28,0.00,0.00,,false,16.28,2,1,1,true,false,false,NATIVE_POSITION_RECONCILIATION_VALID
r1_h1_pullback_long_v1,r1_h1_pullback_long_v1,C:\Users\ZHAO ZHU INFORMATION\Downloads\algo-trading-system\xau-usd\xauusd-phase1\outputs\reports\mt5_backtests\a1_momentum_variants_owner_goal_r1_pullback_long_v2_session_exact_202207_202606_20260701\A1XauM5Momentum_OWNER_GOAL_R1_PULLBACK_LONG_V2_SESSION_EXACT_202207_202606_XAUUSD_M5_r1_pullback_long_v2_m15_session_09_15_trades.csv,256,r1_h1_pullback_long_v1::BT_A1_XAU_R1_PULLBACK_LONG_V2_M15_SESSION_09_15::1025742::XAUUSD::932200::508,LONG,2024-10-29 12:45:00,2024-10-30 05:38:31,26.78,2024.10.29 12:45:00,508,2760.79,0.01,A1_M5_MOM_R1_PULLBAC,2024.10.30 05:38:31,512,2787.57,tp 2787.56,26.78,BT_A1_XAU_R1_PULLBACK_LONG_V2_M15_SESSION_09_15,1025742,XAUUSD,932200,508,2024.10.29 12:45:00,508,508,2760.79,0.01,A1_M5_MOM_R1_PULLBAC,2024.10.30 05:38:31,512,512,2787.57,0.01,5,tp 2787.56,26.78,0.00,0.00,,false,26.78,2,1,1,true,false,false,NATIVE_POSITION_RECONCILIATION_VALID
r1_h1_pullback_long_v1,r1_h1_pullback_long_v1,C:\Users\ZHAO ZHU INFORMATION\Downloads\algo-trading-system\xau-usd\xauusd-phase1\outputs\reports\mt5_backtests\a1_momentum_variants_owner_goal_r1_pullback_long_v2_session_exact_202207_202606_20260701\A1XauM5Momentum_OWNER_GOAL_R1_PULLBACK_LONG_V2_SESSION_EXACT_202207_202606_XAUUSD_M5_r1_pullback_long_v2_m15_session_09_15_trades.csv,257,r1_h1_pullback_long_v1::BT_A1_XAU_R1_PULLBACK_LONG_V2_M15_SESSION_09_15::1025742::XAUUSD::932200::509,LONG,2024-10-29 13:15:00,2024-10-30 12:32:03,-8.34,2024.10.29 13:15:00,509,2766.34,0.01,A1_M5_MOM_R1_PULLBAC,2024.10.30 12:32:03,516,2772.64,sl 2772.74,-8.34,BT_A1_XAU_R1_PULLBACK_LONG_V2_M15_SESSION_09_15,1025742,XAUUSD,932200,509,2024.10.29 13:15:00,509,509,2766.34,0.01,A1_M5_MOM_R1_PULLBAC,2024.10.31 13:34:14,525,525,2747.42,0.01,4,sl 2747.48,-18.92,0.00,0.00,,false,-18.92,2,1,1,true,true,true,NATIVE_POSITION_RECONCILIATION_VALID
h4_d1_long_best_box2_atr80,h4_d1_long_best_box2_atr80,C:\Users\ZHAO ZHU INFORMATION\Downloads\algo-trading-system\xau-usd\xauusd-phase1\outputs\reports\mt5_backtests\a1_momentum_variants_owner_goal_regime_router_v1_exact_202207_202606_20260701\A1XauM5Momentum_OWNER_GOAL_REGIME_ROUTER_V1_EXACT_202207_202606_XAUUSD_M5_router_v1_r1_long_box2_prevhealth_trades.csv,86,h4_d1_long_best_box2_atr80::BT_A1_XAU_ROUTER_V1_R1_LONG_BOX2_PREVHEALTH::1025742::XAUUSD::932200::163,LONG,2024-10-29 16:00:00,2024-11-11 12:41:27,-55.13,2024.10.29 16:00:00,163,2769.51,0.01,A1_M5_MOM_ROUTER_V1_,2024.11.11 12:41:27,171,2638.44,sl 2638.53,-55.13,BT_A1_XAU_ROUTER_V1_R1_LONG_BOX2_PREVHEALTH,1025742,XAUUSD,932200,163,2024.10.29 16:00:00,163,163,2769.51,0.01,A1_M5_MOM_ROUTER_V1_,2024.11.05 01:46:41,166,166,2724.86,0.01,4,sl 2724.86,-44.65,0.00,0.00,,false,-44.65,2,1,1,true,true,true,NATIVE_POSITION_RECONCILIATION_VALID
r1_h1_pullback_long_v1,r1_h1_pullback_long_v1,C:\Users\ZHAO ZHU INFORMATION\Downloads\algo-trading-system\xau-usd\xauusd-phase1\outputs\reports\mt5_backtests\a1_momentum_variants_owner_goal_r1_pullback_long_v2_session_exact_202207_202606_20260701\A1XauM5Momentum_OWNER_GOAL_R1_PULLBACK_LONG_V2_SESSION_EXACT_202207_202606_XAUUSD_M5_r1_pullback_long_v2_m15_session_09_15_trades.csv,258,r1_h1_pullback_long_v1::BT_A1_XAU_R1_PULLBACK_LONG_V2_M15_SESSION_09_15::1025742::XAUUSD::932200::513,LONG,2024-10-30 11:45:00,2024-10-30 12:32:03,-10.02,2024.10.30 11:45:00,513,2780.98,0.01,A1_M5_MOM_R1_PULLBAC,2024.10.30 12:32:03,517,2772.64,sl 2772.72,-10.02,BT_A1_XAU_R1_PULLBACK_LONG_V2_M15_SESSION_09_15,1025742,XAUUSD,932200,513,2024.10.30 11:45:00,513,513,2780.98,0.01,A1_M5_MOM_R1_PULLBAC,2024.10.30 12:32:03,516,516,2772.64,0.01,4,sl 2772.74,-8.34,0.00,0.00,,false,-8.34,2,1,1,true,true,true,NATIVE_POSITION_RECONCILIATION_VALID
r1_h1_pullback_long_v1,r1_h1_pullback_long_v1,C:\Users\ZHAO ZHU INFORMATION\Downloads\algo-trading-system\xau-usd\xauusd-phase1\outputs\reports\mt5_backtests\a1_momentum_variants_owner_goal_r1_pullback_long_v2_session_exact_202207_202606_20260701\A1XauM5Momentum_OWNER_GOAL_R1_PULLBACK_LONG_V2_SESSION_EXACT_202207_202606_XAUUSD_M5_r1_pullback_long_v2_m15_session_09_15_trades.csv,259,r1_h1_pullback_long_v1::BT_A1_XAU_R1_PULLBACK_LONG_V2_M15_SESSION_09_15::1025742::XAUUSD::932200::514,LONG,2024-10-30 12:00:00,2024-10-30 12:32:03,-14.61,2024.10.30 12:00:00,514,2782.66,0.01,A1_M5_MOM_R1_PULLBAC,2024.10.30 12:32:03,518,2772.64,sl 2772.71,-14.61,BT_A1_XAU_R1_PULLBACK_LONG_V2_M15_SESSION_09_15,1025742,XAUUSD,932200,514,2024.10.30 12:00:00,514,514,2782.66,0.01,A1_M5_MOM_R1_PULLBAC,2024.10.30 12:32:03,517,517,2772.64,0.01,4,sl 2772.72,-10.02,0.00,0.00,,false,-10.02,2,1,1,true,true,true,NATIVE_POSITION_RECONCILIATION_VALID
r1_h1_pullback_long_v1,r1_h1_pullback_long_v1,C:\Users\ZHAO ZHU INFORMATION\Downloads\algo-trading-system\xau-usd\xauusd-phase1\outputs\reports\mt5_backtests\a1_momentum_variants_owner_goal_r1_pullback_long_v2_session_exact_202207_202606_20260701\A1XauM5Momentum_OWNER_GOAL_R1_PULLBACK_LONG_V2_SESSION_EXACT_202207_202606_XAUUSD_M5_r1_pullback_long_v2_m15_session_09_15_trades.csv,260,r1_h1_pullback_long_v1::BT_A1_XAU_R1_PULLBACK_LONG_V2_M15_SESSION_09_15::1025742::XAUUSD::932200::515,LONG,2024-10-30 12:15:00,2024-10-31 12:01:29,-9.73,2024.10.30 12:15:00,515,2787.25,0.01,A1_M5_MOM_R1_PULLBAC,2024.10.31 12:01:29,522,2770.72,sl 2770.73,-9.73,BT_A1_XAU_R1_PULLBACK_LONG_V2_M15_SESSION_09_15,1025742,XAUUSD,932200,515,2024.10.30 12:15:00,515,515,2787.25,0.01,A1_M5_MOM_R1_PULLBAC,2024.10.30 12:32:03,518,518,2772.64,0.01,4,sl 2772.71,-14.61,0.00,0.00,,false,-14.61,2,1,1,true,true,true,NATIVE_POSITION_RECONCILIATION_VALID
r1_h1_pullback_long_v1,r1_h1_pullback_long_v1,C:\Users\ZHAO ZHU INFORMATION\Downloads\algo-trading-system\xau-usd\xauusd-phase1\outputs\reports\mt5_backtests\a1_momentum_variants_owner_goal_r1_pullback_long_v2_session_exact_202207_202606_20260701\A1XauM5Momentum_OWNER_GOAL_R1_PULLBACK_LONG_V2_SESSION_EXACT_202207_202606_XAUUSD_M5_r1_pullback_long_v2_m15_session_09_15_trades.csv,261,r1_h1_pullback_long_v1::BT_A1_XAU_R1_PULLBACK_LONG_V2_M15_SESSION_09_15::1025742::XAUUSD::932200::519,LONG,2024-10-30 13:15:00,2024-10-31 12:01:29,-13.53,2024.10.30 13:15:00,519,2779.22,0.01,A1_M5_MOM_R1_PULLBAC,2024.10.31 12:01:29,523,2770.66,sl 2770.67,-13.53,BT_A1_XAU_R1_PULLBACK_LONG_V2_M15_SESSION_09_15,1025742,XAUUSD,932200,519,2024.10.30 13:15:00,519,519,2779.22,0.01,A1_M5_MOM_R1_PULLBAC,2024.10.31 12:02:16,524,524,2769.96,0.01,4,sl 2769.96,-9.26,0.00,0.00,,false,-9.26,2,1,1,true,true,true,NATIVE_POSITION_RECONCILIATION_VALID
r1_h1_pullback_long_v1,r1_h1_pullback_long_v1,C:\Users\ZHAO ZHU INFORMATION\Downloads\algo-trading-system\xau-usd\xauusd-phase1\outputs\reports\mt5_backtests\a1_momentum_variants_owner_goal_r1_pullback_long_v2_session_exact_202207_202606_20260701\A1XauM5Momentum_OWNER_GOAL_R1_PULLBACK_LONG_V2_SESSION_EXACT_202207_202606_XAUUSD_M5_r1_pullback_long_v2_m15_session_09_15_trades.csv,262,r1_h1_pullback_long_v1::BT_A1_XAU_R1_PULLBACK_LONG_V2_M15_SESSION_09_15::1025742::XAUUSD::932200::520,LONG,2024-10-30 14:30:00,2024-10-31 12:02:16,-9.26,2024.10.30 14:30:00,520,2780.45,0.01,A1_M5_MOM_R1_PULLBAC,2024.10.31 12:02:16,524,2769.96,sl 2769.96,-9.26,BT_A1_XAU_R1_PULLBACK_LONG_V2_M15_SESSION_09_15,1025742,XAUUSD,932200,520,2024.10.30 14:30:00,520,520,2780.45,0.01,A1_M5_MOM_R1_PULLBAC,2024.10.31 12:01:29,522,522,2770.72,0.01,4,sl 2770.73,-9.73,0.00,0.00,,false,-9.73,2,1,1,true,true,true,NATIVE_POSITION_RECONCILIATION_VALID
r1_h1_pullback_long_v1,r1_h1_pullback_long_v1,C:\Users\ZHAO ZHU INFORMATION\Downloads\algo-trading-system\xau-usd\xauusd-phase1\outputs\reports\mt5_backtests\a1_momentum_variants_owner_goal_r1_pullback_long_v2_session_exact_202207_202606_20260701\A1XauM5Momentum_OWNER_GOAL_R1_PULLBACK_LONG_V2_SESSION_EXACT_202207_202606_XAUUSD_M5_r1_pullback_long_v2_m15_session_09_15_trades.csv,263,r1_h1_pullback_long_v1::BT_A1_XAU_R1_PULLBACK_LONG_V2_M15_SESSION_09_15::1025742::XAUUSD::932200::521,LONG,2024-10-30 14:45:00,2024-10-31 13:34:14,-18.92,2024.10.30 14:45:00,521,2784.19,0.01,A1_M5_MOM_R1_PULLBAC,2024.10.31 13:34:14,525,2747.42,sl 2747.48,-18.92,BT_A1_XAU_R1_PULLBACK_LONG_V2_M15_SESSION_09_15,1025742,XAUUSD,932200,521,2024.10.30 14:45:00,521,521,2784.19,0.01,A1_M5_MOM_R1_PULLBAC,2024.10.31 12:01:29,523,523,2770.66,0.01,4,sl 2770.67,-13.53,0.00,0.00,,false,-13.53,2,1,1,true,true,true,NATIVE_POSITION_RECONCILIATION_VALID
r1_h1_pullback_long_v1,r1_h1_pullback_long_v1,C:\Users\ZHAO ZHU INFORMATION\Downloads\algo-trading-system\xau-usd\xauusd-phase1\outputs\reports\mt5_backtests\a1_momentum_variants_owner_goal_r1_pullback_long_v2_session_exact_202207_202606_20260701\A1XauM5Momentum_OWNER_GOAL_R1_PULLBACK_LONG_V2_SESSION_EXACT_202207_202606_XAUUSD_M5_r1_pullback_long_v2_m15_session_09_15_trades.csv,264,r1_h1_pullback_long_v1::BT_A1_XAU_R1_PULLBACK_LONG_V2_M15_SESSION_09_15::1025742::XAUUSD::932200::526,LONG,2024-12-12 09:45:00,2024-12-12 10:08:15,-6.79,2024.12.12 09:45:00,526,2715.40,0.01,A1_M5_MOM_R1_PULLBAC,2024.12.12 10:08:15,527,2708.61,sl 2708.63,-6.79,BT_A1_XAU_R1_PULLBACK_LONG_V2_M15_SESSION_09_15,1025742,XAUUSD,932200,526,2024.12.12 09:45:00,526,526,2715.40,0.01,A1_M5_MOM_R1_PULLBAC,2024.12.12 10:08:15,527,527,2708.61,0.01,4,sl 2708.63,-6.79,0.00,0.00,,false,-6.79,2,1,1,true,false,false,NATIVE_POSITION_RECONCILIATION_VALID
r2_pullback_rejection_short_v1,r2_pullback_rejection_short_v1,C:\Users\ZHAO ZHU INFORMATION\Downloads\algo-trading-system\xau-usd\xauusd-phase1\outputs\reports\mt5_backtests\a1_momentum_variants_owner_goal_r2_pullback_rejection_short_v2_repair_exact_202207_202606_20260701\A1XauM5Momentum_OWNER_GOAL_R2_PULLBACK_REJECTION_SHORT_V2_REPAIR_EXACT_202207_202606_XAUUSD_M5_r2_h1_m5_body58_hours05_18_trades.csv,59,r2_pullback_rejection_short_v1::BT_A1_XAU_R2_H1_M5_BODY58_HOURS05_18::1025742::XAUUSD::932200::116,SHORT,2024-12-30 07:00:00,2024-12-30 15:19:03,18.37,2024.12.30 07:00:00,116,2616.76,0.01,A1_M5_MOM_R2_H1_M5_B,2024.12.30 15:19:03,118,2598.39,tp 2598.39,18.37,BT_A1_XAU_R2_H1_M5_BODY58_HOURS05_18,1025742,XAUUSD,932200,116,2024.12.30 07:00:00,116,116,2616.76,0.01,A1_M5_MOM_R2_H1_M5_B,2024.12.30 15:19:03,118,118,2598.39,0.01,5,tp 2598.39,18.37,0.00,0.00,,false,18.37,2,1,1,true,false,false,NATIVE_POSITION_RECONCILIATION_VALID
r2_pullback_rejection_short_v1,r2_pullback_rejection_short_v1,C:\Users\ZHAO ZHU INFORMATION\Downloads\algo-trading-system\xau-usd\xauusd-phase1\outputs\reports\mt5_backtests\a1_momentum_variants_owner_goal_r2_pullback_rejection_short_v2_repair_exact_202207_202606_20260701\A1XauM5Momentum_OWNER_GOAL_R2_PULLBACK_REJECTION_SHORT_V2_REPAIR_EXACT_202207_202606_XAUUSD_M5_r2_h1_m5_body58_hours05_18_trades.csv,60,r2_pullback_rejection_short_v1::BT_A1_XAU_R2_H1_M5_BODY58_HOURS05_18::1025742::XAUUSD::932200::117,SHORT,2024-12-30 13:00:00,2024-12-31 14:40:27,-17.44,2024.12.30 13:00:00,117,2606.92,0.01,A1_M5_MOM_R2_H1_M5_B,2024.12.31 14:40:27,119,2624.36,sl 2624.35,-17.44,BT_A1_XAU_R2_H1_M5_BODY58_HOURS05_18,1025742,XAUUSD,932200,117,2024.12.30 13:00:00,117,117,2606.92,0.01,A1_M5_MOM_R2_H1_M5_B,2024.12.31 14:40:27,119,119,2624.36,0.01,4,sl 2624.35,-17.44,0.00,0.00,,false,-17.44,2,1,1,true,false,false,NATIVE_POSITION_RECONCILIATION_VALID
h4_d1_long_best_box2_atr80,h4_d1_long_best_box2_atr80,C:\Users\ZHAO ZHU INFORMATION\Downloads\algo-trading-system\xau-usd\xauusd-phase1\outputs\reports\mt5_backtests\a1_momentum_variants_owner_goal_regime_router_v1_exact_202207_202606_20260701\A1XauM5Momentum_OWNER_GOAL_REGIME_ROUTER_V1_EXACT_202207_202606_XAUUSD_M5_router_v1_r1_long_box2_prevhealth_trades.csv,87,h4_d1_long_best_box2_atr80::BT_A1_XAU_ROUTER_V1_R1_LONG_BOX2_PREVHEALTH::1025742::XAUUSD::932200::172,LONG,2025-01-15 20:00:00,2025-01-24 01:56:12,78.79,2025.01.15 20:00:00,172,2696.47,0.01,A1_M5_MOM_ROUTER_V1_,2025.01.24 01:56:12,178,2775.26,tp 2775.23,78.79,BT_A1_XAU_ROUTER_V1_R1_LONG_BOX2_PREVHEALTH,1025742,XAUUSD,932200,172,2025.01.15 20:00:00,172,172,2696.47,0.01,A1_M5_MOM_ROUTER_V1_,2025.01.24 01:56:12,178,178,2775.26,0.01,5,tp 2775.23,78.79,0.00,0.00,,false,78.79,2,1,1,true,false,false,NATIVE_POSITION_RECONCILIATION_VALID
h4_d1_long_best_box2_atr80,h4_d1_long_best_box2_atr80,C:\Users\ZHAO ZHU INFORMATION\Downloads\algo-trading-system\xau-usd\xauusd-phase1\outputs\reports\mt5_backtests\a1_momentum_variants_owner_goal_regime_router_v1_exact_202207_202606_20260701\A1XauM5Momentum_OWNER_GOAL_REGIME_ROUTER_V1_EXACT_202207_202606_XAUUSD_M5_router_v1_r1_long_box2_prevhealth_trades.csv,88,h4_d1_long_best_box2_atr80::BT_A1_XAU_ROUTER_V1_R1_LONG_BOX2_PREVHEALTH::1025742::XAUUSD::932200::173,LONG,2025-01-16 16:00:00,2025-01-27 15:51:17,-36.54,2025.01.16 16:00:00,173,2720.48,0.01,A1_M5_MOM_ROUTER_V1_,2025.01.27 15:51:17,181,2735.88,sl 2735.92,-36.54,BT_A1_XAU_ROUTER_V1_R1_LONG_BOX2_PREVHEALTH,1025742,XAUUSD,932200,173,2025.01.16 16:00:00,173,173,2720.48,0.01,A1_M5_MOM_ROUTER_V1_,2025.02.04 13:49:42,189,189,2841.38,0.01,5,tp 2841.36,120.90,0.00,0.00,,false,120.90,2,1,1,true,true,true,NATIVE_POSITION_RECONCILIATION_VALID
r1_h1_pullback_long_v1,r1_h1_pullback_long_v1,C:\Users\ZHAO ZHU INFORMATION\Downloads\algo-trading-system\xau-usd\xauusd-phase1\outputs\reports\mt5_backtests\a1_momentum_variants_owner_goal_r1_pullback_long_v2_session_exact_202207_202606_20260701\A1XauM5Momentum_OWNER_GOAL_R1_PULLBACK_LONG_V2_SESSION_EXACT_202207_202606_XAUUSD_M5_r1_pullback_long_v2_m15_session_09_15_trades.csv,265,r1_h1_pullback_long_v1::BT_A1_XAU_R1_PULLBACK_LONG_V2_M15_SESSION_09_15::1025742::XAUUSD::932200::528,LONG,2025-01-20 09:30:00,2025-01-20 12:33:36,-3.59,2025.01.20 09:30:00,528,2709.09,0.01,A1_M5_MOM_R1_PULLBAC,2025.01.20 12:33:36,531,2705.45,sl 2705.53,-3.59,BT_A1_XAU_R1_PULLBACK_LONG_V2_M15_SESSION_09_15,1025742,XAUUSD,932200,528,2025.01.20 09:30:00,528,528,2709.09,0.01,A1_M5_MOM_R1_PULLBAC,2025.01.20 12:37:41,533,533,2702.03,0.01,4,sl 2702.06,-7.06,0.00,0.00,,false,-7.06,2,1,1,true,true,true,NATIVE_POSITION_RECONCILIATION_VALID
r1_h1_pullback_long_v1,r1_h1_pullback_long_v1,C:\Users\ZHAO ZHU INFORMATION\Downloads\algo-trading-system\xau-usd\xauusd-phase1\outputs\reports\mt5_backtests\a1_momentum_variants_owner_goal_r1_pullback_long_v2_session_exact_202207_202606_20260701\A1XauM5Momentum_OWNER_GOAL_R1_PULLBACK_LONG_V2_SESSION_EXACT_202207_202606_XAUUSD_M5_r1_pullback_long_v2_m15_session_09_15_trades.csv,266,r1_h1_pullback_long_v1::BT_A1_XAU_R1_PULLBACK_LONG_V2_M15_SESSION_09_15::1025742::XAUUSD::932200::529,LONG,2025-01-20 10:15:00,2025-01-20 12:35:37,-7.42,2025.01.20 10:15:00,529,2711.39,0.01,A1_M5_MOM_R1_PULLBAC,2025.01.20 12:35:37,532,2703.97,sl 2703.98,-7.42,BT_A1_XAU_R1_PULLBACK_LONG_V2_M15_SESSION_09_15,1025742,XAUUSD,932200,529,2025.01.20 10:15:00,529,529,2711.39,0.01,A1_M5_MOM_R1_PULLBAC,2025.01.20 12:35:37,532,532,2703.97,0.01,4,sl 2703.98,-7.42,0.00,0.00,,false,-7.42,2,1,1,true,false,false,NATIVE_POSITION_RECONCILIATION_VALID
r1_h1_pullback_long_v1,r1_h1_pullback_long_v1,C:\Users\ZHAO ZHU INFORMATION\Downloads\algo-trading-system\xau-usd\xauusd-phase1\outputs\reports\mt5_backtests\a1_momentum_variants_owner_goal_r1_pullback_long_v2_session_exact_202207_202606_20260701\A1XauM5Momentum_OWNER_GOAL_R1_PULLBACK_LONG_V2_SESSION_EXACT_202207_202606_XAUUSD_M5_r1_pullback_long_v2_m15_session_09_15_trades.csv,267,r1_h1_pullback_long_v1::BT_A1_XAU_R1_PULLBACK_LONG_V2_M15_SESSION_09_15::1025742::XAUUSD::932200::530,LONG,2025-01-20 12:15:00,2025-01-20 12:37:41,-7.06,2025.01.20 12:15:00,530,2709.04,0.01,A1_M5_MOM_R1_PULLBAC,2025.01.20 12:37:41,533,2702.03,sl 2702.06,-7.06,BT_A1_XAU_R1_PULLBACK_LONG_V2_M15_SESSION_09_15,1025742,XAUUSD,932200,530,2025.01.20 12:15:00,530,530,2709.04,0.01,A1_M5_MOM_R1_PULLBAC,2025.01.20 12:33:36,531,531,2705.45,0.01,4,sl 2705.53,-3.59,0.00,0.00,,false,-3.59,2,1,1,true,true,true,NATIVE_POSITION_RECONCILIATION_VALID
r1_h1_pullback_long_v1,r1_h1_pullback_long_v1,C:\Users\ZHAO ZHU INFORMATION\Downloads\algo-trading-system\xau-usd\xauusd-phase1\outputs\reports\mt5_backtests\a1_momentum_variants_owner_goal_r1_pullback_long_v2_session_exact_202207_202606_20260701\A1XauM5Momentum_OWNER_GOAL_R1_PULLBACK_LONG_V2_SESSION_EXACT_202207_202606_XAUUSD_M5_r1_pullback_long_v2_m15_session_09_15_trades.csv,268,r1_h1_pullback_long_v1::BT_A1_XAU_R1_PULLBACK_LONG_V2_M15_SESSION_09_15::1025742::XAUUSD::932200::534,LONG,2025-01-20 14:45:00,2025-01-20 15:24:30,-4.64,2025.01.20 14:45:00,534,2709.03,0.01,A1_M5_MOM_R1_PULLBAC,2025.01.20 15:24:30,535,2704.39,sl 2704.46,-4.64,BT_A1_XAU_R1_PULLBACK_LONG_V2_M15_SESSION_09_15,1025742,XAUUSD,932200,534,2025.01.20 14:45:00,534,534,2709.03,0.01,A1_M5_MOM_R1_PULLBAC,2025.01.20 15:24:30,535,535,2704.39,0.01,4,sl 2704.46,-4.64,0.00,0.00,,false,-4.64,2,1,1,true,false,false,NATIVE_POSITION_RECONCILIATION_VALID
h4_d1_long_best_box2_atr80,h4_d1_long_best_box2_atr80,C:\Users\ZHAO ZHU INFORMATION\Downloads\algo-trading-system\xau-usd\xauusd-phase1\outputs\reports\mt5_backtests\a1_momentum_variants_owner_goal_regime_router_v1_exact_202207_202606_20260701\A1XauM5Momentum_OWNER_GOAL_REGIME_ROUTER_V1_EXACT_202207_202606_XAUUSD_M5_router_v1_r1_long_box2_prevhealth_trades.csv,89,h4_d1_long_best_box2_atr80::BT_A1_XAU_ROUTER_V1_R1_LONG_BOX2_PREVHEALTH::1025742::XAUUSD::932200::174,LONG,2025-01-21 04:00:00,2025-01-27 15:51:18,-43.15,2025.01.21 04:00:00,174,2727.73,0.01,A1_M5_MOM_ROUTER_V1_,2025.01.27 15:51:18,182,2735.65,sl 2735.71,-43.15,BT_A1_XAU_ROUTER_V1_R1_LONG_BOX2_PREVHEALTH,1025742,XAUUSD,932200,174,2025.01.21 04:00:00,174,174,2727.73,0.01,A1_M5_MOM_ROUTER_V1_,2025.01.31 11:16:39,187,187,2804.02,0.01,5,tp 2804.01,76.29,0.00,0.00,,false,76.29,2,1,1,true,true,true,NATIVE_POSITION_RECONCILIATION_VALID
r1_h1_pullback_long_v1,r1_h1_pullback_long_v1,C:\Users\ZHAO ZHU INFORMATION\Downloads\algo-trading-system\xau-usd\xauusd-phase1\outputs\reports\mt5_backtests\a1_momentum_variants_owner_goal_r1_pullback_long_v2_session_exact_202207_202606_20260701\A1XauM5Momentum_OWNER_GOAL_R1_PULLBACK_LONG_V2_SESSION_EXACT_202207_202606_XAUUSD_M5_r1_pullback_long_v2_m15_session_09_15_trades.csv,269,r1_h1_pullback_long_v1::BT_A1_XAU_R1_PULLBACK_LONG_V2_M15_SESSION_09_15::1025742::XAUUSD::932200::536,LONG,2025-01-21 09:30:00,2025-01-21 13:43:37,12.17,2025.01.21 09:30:00,536,2723.12,0.01,A1_M5_MOM_R1_PULLBAC,2025.01.21 13:43:37,542,2733.90,tp 2733.85,12.17,BT_A1_XAU_R1_PULLBACK_LONG_V2_M15_SESSION_09_15,1025742,XAUUSD,932200,536,2025.01.21 09:30:00,536,536,2723.12,0.01,A1_M5_MOM_R1_PULLBAC,2025.01.21 13:56:28,543,543,2737.08,0.01,5,tp 2737.05,13.96,0.00,0.00,,false,13.96,2,1,1,true,true,true,NATIVE_POSITION_RECONCILIATION_VALID
r1_h1_pullback_long_v1,r1_h1_pullback_long_v1,C:\Users\ZHAO ZHU INFORMATION\Downloads\algo-trading-system\xau-usd\xauusd-phase1\outputs\reports\mt5_backtests\a1_momentum_variants_owner_goal_r1_pullback_long_v2_session_exact_202207_202606_20260701\A1XauM5Momentum_OWNER_GOAL_R1_PULLBACK_LONG_V2_SESSION_EXACT_202207_202606_XAUUSD_M5_r1_pullback_long_v2_m15_session_09_15_trades.csv,270,r1_h1_pullback_long_v1::BT_A1_XAU_R1_PULLBACK_LONG_V2_M15_SESSION_09_15::1025742::XAUUSD::932200::537,LONG,2025-01-21 10:45:00,2025-01-21 13:56:28,13.96,2025.01.21 10:45:00,537,2721.73,0.01,A1_M5_MOM_R1_PULLBAC,2025.01.21 13:56:28,543,2737.08,tp 2737.05,13.96,BT_A1_XAU_R1_PULLBACK_LONG_V2_M15_SESSION_09_15,1025742,XAUUSD,932200,537,2025.01.21 10:45:00,537,537,2721.73,0.01,A1_M5_MOM_R1_PULLBAC,2025.01.21 13:43:37,542,542,2733.90,0.01,5,tp 2733.85,12.17,0.00,0.00,,false,12.17,2,1,1,true,true,true,NATIVE_POSITION_RECONCILIATION_VALID
r1_h1_pullback_long_v1,r1_h1_pullback_long_v1,C:\Users\ZHAO ZHU INFORMATION\Downloads\algo-trading-system\xau-usd\xauusd-phase1\outputs\reports\mt5_backtests\a1_momentum_variants_owner_goal_r1_pullback_long_v2_session_exact_202207_202606_20260701\A1XauM5Momentum_OWNER_GOAL_R1_PULLBACK_LONG_V2_SESSION_EXACT_202207_202606_XAUUSD_M5_r1_pullback_long_v2_m15_session_09_15_trades.csv,271,r1_h1_pullback_long_v1::BT_A1_XAU_R1_PULLBACK_LONG_V2_M15_SESSION_09_15::1025742::XAUUSD::932200::538,LONG,2025-01-21 11:00:00,2025-01-21 15:17:38,17.1,2025.01.21 11:00:00,538,2724.37,0.01,A1_M5_MOM_R1_PULLBAC,2025.01.21 15:17:38,544,2741.47,tp 2741.43,17.1,BT_A1_XAU_R1_PULLBACK_LONG_V2_M15_SESSION_09_15,1025742,XAUUSD,932200,538,2025.01.21 11:00:00,538,538,2724.37,0.01,A1_M5_MOM_R1_PULLBAC,2025.01.21 15:17:38,544,544,2741.47,0.01,5,tp 2741.43,17.10,0.00,0.00,,false,17.10,2,1,1,true,false,false,NATIVE_POSITION_RECONCILIATION_VALID
r1_h1_pullback_long_v1,r1_h1_pullback_long_v1,C:\Users\ZHAO ZHU INFORMATION\Downloads\algo-trading-system\xau-usd\xauusd-phase1\outputs\reports\mt5_backtests\a1_momentum_variants_owner_goal_r1_pullback_long_v2_session_exact_202207_202606_20260701\A1XauM5Momentum_OWNER_GOAL_R1_PULLBACK_LONG_V2_SESSION_EXACT_202207_202606_XAUUSD_M5_r1_pullback_long_v2_m15_session_09_15_trades.csv,272,r1_h1_pullback_long_v1::BT_A1_XAU_R1_PULLBACK_LONG_V2_M15_SESSION_09_15::1025742::XAUUSD::932200::539,LONG,2025-01-21 11:30:00,2025-01-21 15:20:41,16.2,2025.01.21 11:30:00,539,2725.86,0.01,A1_M5_MOM_R1_PULLBAC,2025.01.21 15:20:41,545,2744.29,tp 2744.29,16.2,BT_A1_XAU_R1_PULLBACK_LONG_V2_M15_SESSION_09_15,1025742,XAUUSD,932200,539,2025.01.21 11:30:00,539,539,2725.86,0.01,A1_M5_MOM_R1_PULLBAC,2025.01.21 23:43:26,546,546,2746.07,0.01,5,tp 2746.04,20.21,0.00,0.00,,false,20.21,2,1,1,true,true,true,NATIVE_POSITION_RECONCILIATION_VALID
r1_h1_pullback_long_v1,r1_h1_pullback_long_v1,C:\Users\ZHAO ZHU INFORMATION\Downloads\algo-trading-system\xau-usd\xauusd-phase1\outputs\reports\mt5_backtests\a1_momentum_variants_owner_goal_r1_pullback_long_v2_session_exact_202207_202606_20260701\A1XauM5Momentum_OWNER_GOAL_R1_PULLBACK_LONG_V2_SESSION_EXACT_202207_202606_XAUUSD_M5_r1_pullback_long_v2_m15_session_09_15_trades.csv,273,r1_h1_pullback_long_v1::BT_A1_XAU_R1_PULLBACK_LONG_V2_M15_SESSION_09_15::1025742::XAUUSD::932200::540,LONG,2025-01-21 11:45:00,2025-01-21 23:43:26,20.21,2025.01.21 11:45:00,540,2727.27,0.01,A1_M5_MOM_R1_PULLBAC,2025.01.21 23:43:26,546,2746.07,tp 2746.04,20.21,BT_A1_XAU_R1_PULLBACK_LONG_V2_M15_SESSION_09_15,1025742,XAUUSD,932200,540,2025.01.21 11:45:00,540,540,2727.27,0.01,A1_M5_MOM_R1_PULLBAC,2025.01.22 02:35:14,547,547,2750.11,0.01,5,tp 2750.09,22.84,0.00,0.00,,false,22.84,2,1,1,true,true,true,NATIVE_POSITION_RECONCILIATION_VALID
r1_h1_pullback_long_v1,r1_h1_pullback_long_v1,C:\Users\ZHAO ZHU INFORMATION\Downloads\algo-trading-system\xau-usd\xauusd-phase1\outputs\reports\mt5_backtests\a1_momentum_variants_owner_goal_r1_pullback_long_v2_session_exact_202207_202606_20260701\A1XauM5Momentum_OWNER_GOAL_R1_PULLBACK_LONG_V2_SESSION_EXACT_202207_202606_XAUUSD_M5_r1_pullback_long_v2_m15_session_09_15_trades.csv,274,r1_h1_pullback_long_v1::BT_A1_XAU_R1_PULLBACK_LONG_V2_M15_SESSION_09_15::1025742::XAUUSD::932200::541,LONG,2025-01-21 12:15:00,2025-01-22 02:35:14,22.84,2025.01.21 12:15:00,541,2728.09,0.01,A1_M5_MOM_R1_PULLBAC,2025.01.22 02:35:14,547,2750.11,tp 2750.09,22.84,BT_A1_XAU_R1_PULLBACK_LONG_V2_M15_SESSION_09_15,1025742,XAUUSD,932200,541,2025.01.21 12:15:00,541,541,2728.09,0.01,A1_M5_MOM_R1_PULLBAC,2025.01.21 15:20:41,545,545,2744.29,0.01,5,tp 2744.29,16.20,0.00,0.00,,false,16.20,2,1,1,true,true,true,NATIVE_POSITION_RECONCILIATION_VALID
h4_d1_long_best_box2_atr80,h4_d1_long_best_box2_atr80,C:\Users\ZHAO ZHU INFORMATION\Downloads\algo-trading-system\xau-usd\xauusd-phase1\outputs\reports\mt5_backtests\a1_momentum_variants_owner_goal_regime_router_v1_exact_202207_202606_20260701\A1XauM5Momentum_OWNER_GOAL_REGIME_ROUTER_V1_EXACT_202207_202606_XAUUSD_M5_router_v1_r1_long_box2_prevhealth_trades.csv,90,h4_d1_long_best_box2_atr80::BT_A1_XAU_ROUTER_V1_R1_LONG_BOX2_PREVHEALTH::1025742::XAUUSD::932200::175,LONG,2025-01-21 16:00:00,2025-01-31 11:16:39,76.29,2025.01.21 16:00:00,175,2743.27,0.01,A1_M5_MOM_ROUTER_V1_,2025.01.31 11:16:39,187,2804.02,tp 2804.01,76.29,BT_A1_XAU_ROUTER_V1_R1_LONG_BOX2_PREVHEALTH,1025742,XAUUSD,932200,175,2025.01.21 16:00:00,175,175,2743.27,0.01,A1_M5_MOM_ROUTER_V1_,2025.02.05 01:10:34,192,192,2851.06,0.01,5,tp 2851.03,107.79,0.00,0.00,,false,107.79,2,1,1,true,true,true,NATIVE_POSITION_RECONCILIATION_VALID
h4_d1_long_best_box2_atr80,h4_d1_long_best_box2_atr80,C:\Users\ZHAO ZHU INFORMATION\Downloads\algo-trading-system\xau-usd\xauusd-phase1\outputs\reports\mt5_backtests\a1_momentum_variants_owner_goal_regime_router_v1_exact_202207_202606_20260701\A1XauM5Momentum_OWNER_GOAL_REGIME_ROUTER_V1_EXACT_202207_202606_XAUUSD_M5_router_v1_r1_long_box2_prevhealth_trades.csv,91,h4_d1_long_best_box2_atr80::BT_A1_XAU_ROUTER_V1_R1_LONG_BOX2_PREVHEALTH::1025742::XAUUSD::932200::176,LONG,2025-01-22 04:00:00,2025-02-04 13:49:42,120.9,2025.01.22 04:00:00,176,2752.38,0.01,A1_M5_MOM_ROUTER_V1_,2025.02.04 13:49:42,189,2841.38,tp 2841.36,120.9,BT_A1_XAU_ROUTER_V1_R1_LONG_BOX2_PREVHEALTH,1025742,XAUUSD,932200,176,2025.01.22 04:00:00,176,176,2752.38,0.01,A1_M5_MOM_ROUTER_V1_,2025.02.05 14:45:40,197,197,2878.18,0.01,5,tp 2878.18,125.80,0.00,0.00,,false,125.80,2,1,1,true,true,true,NATIVE_POSITION_RECONCILIATION_VALID
h4_d1_long_best_box2_atr80,h4_d1_long_best_box2_atr80,C:\Users\ZHAO ZHU INFORMATION\Downloads\algo-trading-system\xau-usd\xauusd-phase1\outputs\reports\mt5_backtests\a1_momentum_variants_owner_goal_regime_router_v1_exact_202207_202606_20260701\A1XauM5Momentum_OWNER_GOAL_REGIME_ROUTER_V1_EXACT_202207_202606_XAUUSD_M5_router_v1_r1_long_box2_prevhealth_trades.csv,92,h4_d1_long_best_box2_atr80::BT_A1_XAU_ROUTER_V1_R1_LONG_BOX2_PREVHEALTH::1025742::XAUUSD::932200::177,LONG,2025-01-22 12:00:00,2025-02-05 01:10:34,107.79,2025.01.22 12:00:00,177,2758.27,0.01,A1_M5_MOM_ROUTER_V1_,2025.02.05 01:10:34,192,2851.06,tp 2851.03,107.79,BT_A1_XAU_ROUTER_V1_R1_LONG_BOX2_PREVHEALTH,1025742,XAUUSD,932200,177,2025.01.22 12:00:00,177,177,2758.27,0.01,A1_M5_MOM_ROUTER_V1_,2025.02.10 06:56:27,198,198,2896.07,0.01,5,tp 2896.05,137.80,0.00,0.00,,false,137.80,2,1,1,true,true,true,NATIVE_POSITION_RECONCILIATION_VALID
r1_h1_pullback_long_v1,r1_h1_pullback_long_v1,C:\Users\ZHAO ZHU INFORMATION\Downloads\algo-trading-system\xau-usd\xauusd-phase1\outputs\reports\mt5_backtests\a1_momentum_variants_owner_goal_r1_pullback_long_v2_session_exact_202207_202606_20260701\A1XauM5Momentum_OWNER_GOAL_R1_PULLBACK_LONG_V2_SESSION_EXACT_202207_202606_XAUUSD_M5_r1_pullback_long_v2_m15_session_09_15_trades.csv,275,r1_h1_pullback_long_v1::BT_A1_XAU_R1_PULLBACK_LONG_V2_M15_SESSION_09_15::1025742::XAUUSD::932200::548,LONG,2025-01-22 13:00:00,2025-01-23 02:22:33,-7.59,2025.01.22 13:00:00,548,2757.77,0.01,A1_M5_MOM_R1_PULLBAC,2025.01.23 02:22:33,551,2750.18,sl 2750.18,-7.59,BT_A1_XAU_R1_PULLBACK_LONG_V2_M15_SESSION_09_15,1025742,XAUUSD,932200,548,2025.01.22 13:00:00,548,548,2757.77,0.01,A1_M5_MOM_R1_PULLBAC,2025.01.23 02:22:33,551,551,2750.18,0.01,4,sl 2750.18,-7.59,0.00,0.00,,false,-7.59,2,1,1,true,false,false,NATIVE_POSITION_RECONCILIATION_VALID
r1_h1_pullback_long_v1,r1_h1_pullback_long_v1,C:\Users\ZHAO ZHU INFORMATION\Downloads\algo-trading-system\xau-usd\xauusd-phase1\outputs\reports\mt5_backtests\a1_momentum_variants_owner_goal_r1_pullback_long_v2_session_exact_202207_202606_20260701\A1XauM5Momentum_OWNER_GOAL_R1_PULLBACK_LONG_V2_SESSION_EXACT_202207_202606_XAUUSD_M5_r1_pullback_long_v2_m15_session_09_15_trades.csv,276,r1_h1_pullback_long_v1::BT_A1_XAU_R1_PULLBACK_LONG_V2_M15_SESSION_09_15::1025742::XAUUSD::932200::549,LONG,2025-01-22 14:30:00,2025-01-23 08:20:37,-7.01,2025.01.22 14:30:00,549,2754.36,0.01,A1_M5_MOM_R1_PULLBAC,2025.01.23 08:20:37,552,2749.27,sl 2749.31,-7.01,BT_A1_XAU_R1_PULLBACK_LONG_V2_M15_SESSION_09_15,1025742,XAUUSD,932200,549,2025.01.22 14:30:00,549,549,2754.36,0.01,A1_M5_MOM_R1_PULLBAC,2025.01.23 08:20:38,553,553,2749.15,0.01,4,sl 2749.15,-5.21,0.00,0.00,,false,-5.21,2,1,1,true,true,true,NATIVE_POSITION_RECONCILIATION_VALID
r1_h1_pullback_long_v1,r1_h1_pullback_long_v1,C:\Users\ZHAO ZHU INFORMATION\Downloads\algo-trading-system\xau-usd\xauusd-phase1\outputs\reports\mt5_backtests\a1_momentum_variants_owner_goal_r1_pullback_long_v2_session_exact_202207_202606_20260701\A1XauM5Momentum_OWNER_GOAL_R1_PULLBACK_LONG_V2_SESSION_EXACT_202207_202606_XAUUSD_M5_r1_pullback_long_v2_m15_session_09_15_trades.csv,277,r1_h1_pullback_long_v1::BT_A1_XAU_R1_PULLBACK_LONG_V2_M15_SESSION_09_15::1025742::XAUUSD::932200::550,LONG,2025-01-22 14:45:00,2025-01-23 08:20:38,-5.21,2025.01.22 14:45:00,550,2756.28,0.01,A1_M5_MOM_R1_PULLBAC,2025.01.23 08:20:38,553,2749.15,sl 2749.15,-5.21,BT_A1_XAU_R1_PULLBACK_LONG_V2_M15_SESSION_09_15,1025742,XAUUSD,932200,550,2025.01.22 14:45:00,550,550,2756.28,0.01,A1_M5_MOM_R1_PULLBAC,2025.01.23 08:20:37,552,552,2749.27,0.01,4,sl 2749.31,-7.01,0.00,0.00,,false,-7.01,2,1,1,true,true,true,NATIVE_POSITION_RECONCILIATION_VALID
h4_d1_long_best_box2_atr80,h4_d1_long_best_box2_atr80,C:\Users\ZHAO ZHU INFORMATION\Downloads\algo-trading-system\xau-usd\xauusd-phase1\outputs\reports\mt5_backtests\a1_momentum_variants_owner_goal_regime_router_v1_exact_202207_202606_20260701\A1XauM5Momentum_OWNER_GOAL_REGIME_ROUTER_V1_EXACT_202207_202606_XAUUSD_M5_router_v1_r1_long_box2_prevhealth_trades.csv,93,h4_d1_long_best_box2_atr80::BT_A1_XAU_ROUTER_V1_R1_LONG_BOX2_PREVHEALTH::1025742::XAUUSD::932200::179,LONG,2025-01-24 04:00:00,2025-02-05 04:48:28,82.82,2025.01.24 04:00:00,179,2772.42,0.01,A1_M5_MOM_ROUTER_V1_,2025.02.05 04:48:28,194,2859.48,tp 2859.46,82.82,BT_A1_XAU_ROUTER_V1_R1_LONG_BOX2_PREVHEALTH,1025742,XAUUSD,932200,179,2025.01.24 04:00:00,179,179,2772.42,0.01,A1_M5_MOM_ROUTER_V1_,2025.01.27 15:51:17,181,181,2735.88,0.01,4,sl 2735.92,-36.54,0.00,0.00,,false,-36.54,2,1,1,true,true,true,NATIVE_POSITION_RECONCILIATION_VALID
h4_d1_long_best_box2_atr80,h4_d1_long_best_box2_atr80,C:\Users\ZHAO ZHU INFORMATION\Downloads\algo-trading-system\xau-usd\xauusd-phase1\outputs\reports\mt5_backtests\a1_momentum_variants_owner_goal_regime_router_v1_exact_202207_202606_20260701\A1XauM5Momentum_OWNER_GOAL_REGIME_ROUTER_V1_EXACT_202207_202606_XAUUSD_M5_router_v1_r1_long_box2_prevhealth_trades.csv,94,h4_d1_long_best_box2_atr80::BT_A1_XAU_ROUTER_V1_R1_LONG_BOX2_PREVHEALTH::1025742::XAUUSD::932200::180,LONG,2025-01-24 12:00:00,2025-02-05 08:42:27,90.57,2025.01.24 12:00:00,180,2778.80,0.01,A1_M5_MOM_ROUTER_V1_,2025.02.05 08:42:27,196,2870.71,tp 2870.68,90.57,BT_A1_XAU_ROUTER_V1_R1_LONG_BOX2_PREVHEALTH,1025742,XAUUSD,932200,180,2025.01.24 12:00:00,180,180,2778.80,0.01,A1_M5_MOM_ROUTER_V1_,2025.01.27 15:51:18,182,182,2735.65,0.01,4,sl 2735.71,-43.15,0.00,0.00,,false,-43.15,2,1,1,true,true,true,NATIVE_POSITION_RECONCILIATION_VALID
h4_d1_long_best_box2_atr80,h4_d1_long_best_box2_atr80,C:\Users\ZHAO ZHU INFORMATION\Downloads\algo-trading-system\xau-usd\xauusd-phase1\outputs\reports\mt5_backtests\a1_momentum_variants_owner_goal_regime_router_v1_exact_202207_202606_20260701\A1XauM5Momentum_OWNER_GOAL_REGIME_ROUTER_V1_EXACT_202207_202606_XAUUSD_M5_router_v1_r1_long_box2_prevhealth_trades.csv,95,h4_d1_long_best_box2_atr80::BT_A1_XAU_ROUTER_V1_R1_LONG_BOX2_PREVHEALTH::1025742::XAUUSD::932200::183,LONG,2025-01-30 08:00:00,2025-02-05 14:45:40,125.8,2025.01.30 08:00:00,183,2776.66,0.01,A1_M5_MOM_ROUTER_V1_,2025.02.05 14:45:40,197,2878.18,tp 2878.18,125.8,BT_A1_XAU_ROUTER_V1_R1_LONG_BOX2_PREVHEALTH,1025742,XAUUSD,932200,183,2025.01.30 08:00:00,183,183,2776.66,0.01,A1_M5_MOM_ROUTER_V1_,2025.02.05 04:48:28,194,194,2859.48,0.01,5,tp 2859.46,82.82,0.00,0.00,,false,82.82,2,1,1,true,true,true,NATIVE_POSITION_RECONCILIATION_VALID
h4_d1_long_best_box2_atr80,h4_d1_long_best_box2_atr80,C:\Users\ZHAO ZHU INFORMATION\Downloads\algo-trading-system\xau-usd\xauusd-phase1\outputs\reports\mt5_backtests\a1_momentum_variants_owner_goal_regime_router_v1_exact_202207_202606_20260701\A1XauM5Momentum_OWNER_GOAL_REGIME_ROUTER_V1_EXACT_202207_202606_XAUUSD_M5_router_v1_r1_long_box2_prevhealth_trades.csv,96,h4_d1_long_best_box2_atr80::BT_A1_XAU_ROUTER_V1_R1_LONG_BOX2_PREVHEALTH::1025742::XAUUSD::932200::184,LONG,2025-01-30 12:00:00,2025-02-10 06:56:27,137.8,2025.01.30 12:00:00,184,2780.14,0.01,A1_M5_MOM_ROUTER_V1_,2025.02.10 06:56:27,198,2896.07,tp 2896.05,137.8,BT_A1_XAU_ROUTER_V1_R1_LONG_BOX2_PREVHEALTH,1025742,XAUUSD,932200,184,2025.01.30 12:00:00,184,184,2780.14,0.01,A1_M5_MOM_ROUTER_V1_,2025.02.05 08:42:27,196,196,2870.71,0.01,5,tp 2870.68,90.57,0.00,0.00,,false,90.57,2,1,1,true,true,true,NATIVE_POSITION_RECONCILIATION_VALID
h4_d1_long_best_box2_atr80,h4_d1_long_best_box2_atr80,C:\Users\ZHAO ZHU INFORMATION\Downloads\algo-trading-system\xau-usd\xauusd-phase1\outputs\reports\mt5_backtests\a1_momentum_variants_owner_goal_regime_router_v1_exact_202207_202606_20260701\A1XauM5Momentum_OWNER_GOAL_REGIME_ROUTER_V1_EXACT_202207_202606_XAUUSD_M5_router_v1_r1_long_box2_prevhealth_trades.csv,97,h4_d1_long_best_box2_atr80::BT_A1_XAU_ROUTER_V1_R1_LONG_BOX2_PREVHEALTH::1025742::XAUUSD::932200::185,LONG,2025-01-30 16:00:00,2025-02-10 08:37:34,111.6,2025.01.30 16:00:00,185,2791.25,0.01,A1_M5_MOM_ROUTER_V1_,2025.02.10 08:37:34,200,2902.85,tp 2902.79,111.6,BT_A1_XAU_ROUTER_V1_R1_LONG_BOX2_PREVHEALTH,1025742,XAUUSD,932200,185,2025.01.30 16:00:00,185,185,2791.25,0.01,A1_M5_MOM_ROUTER_V1_,2025.02.10 08:37:34,200,200,2902.85,0.01,5,tp 2902.79,111.60,0.00,0.00,,false,111.60,2,1,1,true,false,false,NATIVE_POSITION_RECONCILIATION_VALID
h4_d1_long_best_box2_atr80,h4_d1_long_best_box2_atr80,C:\Users\ZHAO ZHU INFORMATION\Downloads\algo-trading-system\xau-usd\xauusd-phase1\outputs\reports\mt5_backtests\a1_momentum_variants_owner_goal_regime_router_v1_exact_202207_202606_20260701\A1XauM5Momentum_OWNER_GOAL_REGIME_ROUTER_V1_EXACT_202207_202606_XAUUSD_M5_router_v1_r1_long_box2_prevhealth_trades.csv,98,h4_d1_long_best_box2_atr80::BT_A1_XAU_ROUTER_V1_R1_LONG_BOX2_PREVHEALTH::1025742::XAUUSD::932200::186,LONG,2025-01-30 20:00:00,2025-02-10 22:35:38,121.81,2025.01.30 20:00:00,186,2795.76,0.01,A1_M5_MOM_ROUTER_V1_,2025.02.10 22:35:38,203,2917.57,tp 2917.50,121.81,BT_A1_XAU_ROUTER_V1_R1_LONG_BOX2_PREVHEALTH,1025742,XAUUSD,932200,186,2025.01.30 20:00:00,186,186,2795.76,0.01,A1_M5_MOM_ROUTER_V1_,2025.02.10 22:35:38,203,203,2917.57,0.01,5,tp 2917.50,121.81,0.00,0.00,,false,121.81,2,1,1,true,false,false,NATIVE_POSITION_RECONCILIATION_VALID
r1_h1_pullback_long_v1,r1_h1_pullback_long_v1,C:\Users\ZHAO ZHU INFORMATION\Downloads\algo-trading-system\xau-usd\xauusd-phase1\outputs\reports\mt5_backtests\a1_momentum_variants_owner_goal_r1_pullback_long_v2_session_exact_202207_202606_20260701\A1XauM5Momentum_OWNER_GOAL_R1_PULLBACK_LONG_V2_SESSION_EXACT_202207_202606_XAUUSD_M5_r1_pullback_long_v2_m15_session_09_15_trades.csv,278,r1_h1_pullback_long_v1::BT_A1_XAU_R1_PULLBACK_LONG_V2_M15_SESSION_09_15::1025742::XAUUSD::932200::554,LONG,2025-01-31 09:30:00,2025-01-31 11:00:37,7.0,2025.01.31 09:30:00,554,2794.38,0.01,A1_M5_MOM_R1_PULLBAC,2025.01.31 11:00:37,558,2801.38,tp 2801.38,7.0,BT_A1_XAU_R1_PULLBACK_LONG_V2_M15_SESSION_09_15,1025742,XAUUSD,932200,554,2025.01.31 09:30:00,554,554,2794.38,0.01,A1_M5_MOM_R1_PULLBAC,2025.01.31 11:00:37,558,558,2801.38,0.01,5,tp 2801.38,7.00,0.00,0.00,,false,7.00,2,1,1,true,false,false,NATIVE_POSITION_RECONCILIATION_VALID
r1_h1_pullback_long_v1,r1_h1_pullback_long_v1,C:\Users\ZHAO ZHU INFORMATION\Downloads\algo-trading-system\xau-usd\xauusd-phase1\outputs\reports\mt5_backtests\a1_momentum_variants_owner_goal_r1_pullback_long_v2_session_exact_202207_202606_20260701\A1XauM5Momentum_OWNER_GOAL_R1_PULLBACK_LONG_V2_SESSION_EXACT_202207_202606_XAUUSD_M5_r1_pullback_long_v2_m15_session_09_15_trades.csv,279,r1_h1_pullback_long_v1::BT_A1_XAU_R1_PULLBACK_LONG_V2_M15_SESSION_09_15::1025742::XAUUSD::932200::555,LONG,2025-01-31 10:00:00,2025-01-31 11:04:36,7.93,2025.01.31 10:00:00,555,2794.39,0.01,A1_M5_MOM_R1_PULLBAC,2025.01.31 11:04:36,559,2802.32,tp 2802.32,7.93,BT_A1_XAU_R1_PULLBACK_LONG_V2_M15_SESSION_09_15,1025742,XAUUSD,932200,555,2025.01.31 10:00:00,555,555,2794.39,0.01,A1_M5_MOM_R1_PULLBAC,2025.01.31 11:04:36,559,559,2802.32,0.01,5,tp 2802.32,7.93,0.00,0.00,,false,7.93,2,1,1,true,false,false,NATIVE_POSITION_RECONCILIATION_VALID
r1_h1_pullback_long_v1,r1_h1_pullback_long_v1,C:\Users\ZHAO ZHU INFORMATION\Downloads\algo-trading-system\xau-usd\xauusd-phase1\outputs\reports\mt5_backtests\a1_momentum_variants_owner_goal_r1_pullback_long_v2_session_exact_202207_202606_20260701\A1XauM5Momentum_OWNER_GOAL_R1_PULLBACK_LONG_V2_SESSION_EXACT_202207_202606_XAUUSD_M5_r1_pullback_long_v2_m15_session_09_15_trades.csv,280,r1_h1_pullback_long_v1::BT_A1_XAU_R1_PULLBACK_LONG_V2_M15_SESSION_09_15::1025742::XAUUSD::932200::556,LONG,2025-01-31 10:30:00,2025-01-31 13:42:40,12.53,2025.01.31 10:30:00,556,2796.68,0.01,A1_M5_MOM_R1_PULLBAC,2025.01.31 13:42:40,562,2809.21,tp 2809.16,12.53,BT_A1_XAU_R1_PULLBACK_LONG_V2_M15_SESSION_09_15,1025742,XAUUSD,932200,556,2025.01.31 10:30:00,556,556,2796.68,0.01,A1_M5_MOM_R1_PULLBAC,2025.01.31 13:42:40,562,562,2809.21,0.01,5,tp 2809.16,12.53,0.00,0.00,,false,12.53,2,1,1,true,false,false,NATIVE_POSITION_RECONCILIATION_VALID
r1_h1_pullback_long_v1,r1_h1_pullback_long_v1,C:\Users\ZHAO ZHU INFORMATION\Downloads\algo-trading-system\xau-usd\xauusd-phase1\outputs\reports\mt5_backtests\a1_momentum_variants_owner_goal_r1_pullback_long_v2_session_exact_202207_202606_20260701\A1XauM5Momentum_OWNER_GOAL_R1_PULLBACK_LONG_V2_SESSION_EXACT_202207_202606_XAUUSD_M5_r1_pullback_long_v2_m15_session_09_15_trades.csv,281,r1_h1_pullback_long_v1::BT_A1_XAU_R1_PULLBACK_LONG_V2_M15_SESSION_09_15::1025742::XAUUSD::932200::557,LONG,2025-01-31 11:00:00,2025-02-02 22:22:13,-13.68,2025.01.31 11:00:00,557,2800.20,0.01,A1_M5_MOM_R1_PULLBAC,2025.02.02 22:22:13,563,2791.91,sl 2791.97,-13.68,BT_A1_XAU_R1_PULLBACK_LONG_V2_M15_SESSION_09_15,1025742,XAUUSD,932200,557,2025.01.31 11:00:00,557,557,2800.20,0.01,A1_M5_MOM_R1_PULLBAC,2025.02.02 22:24:35,565,565,2790.36,0.01,4,sl 2790.37,-9.84,0.00,0.00,,false,-9.84,2,1,1,true,true,true,NATIVE_POSITION_RECONCILIATION_VALID
r1_h1_pullback_long_v1,r1_h1_pullback_long_v1,C:\Users\ZHAO ZHU INFORMATION\Downloads\algo-trading-system\xau-usd\xauusd-phase1\outputs\reports\mt5_backtests\a1_momentum_variants_owner_goal_r1_pullback_long_v2_session_exact_202207_202606_20260701\A1XauM5Momentum_OWNER_GOAL_R1_PULLBACK_LONG_V2_SESSION_EXACT_202207_202606_XAUUSD_M5_r1_pullback_long_v2_m15_session_09_15_trades.csv,282,r1_h1_pullback_long_v1::BT_A1_XAU_R1_PULLBACK_LONG_V2_M15_SESSION_09_15::1025742::XAUUSD::932200::560,LONG,2025-01-31 11:15:00,2025-02-02 22:24:27,-10.78,2025.01.31 11:15:00,560,2801.99,0.01,A1_M5_MOM_R1_PULLBAC,2025.02.02 22:24:27,564,2791.21,sl 2791.24,-10.78,BT_A1_XAU_R1_PULLBACK_LONG_V2_M15_SESSION_09_15,1025742,XAUUSD,932200,560,2025.01.31 11:15:00,560,560,2801.99,0.01,A1_M5_MOM_R1_PULLBAC,2025.02.02 22:24:27,564,564,2791.21,0.01,4,sl 2791.24,-10.78,0.00,0.00,,false,-10.78,2,1,1,true,false,false,NATIVE_POSITION_RECONCILIATION_VALID
r1_h1_pullback_long_v1,r1_h1_pullback_long_v1,C:\Users\ZHAO ZHU INFORMATION\Downloads\algo-trading-system\xau-usd\xauusd-phase1\outputs\reports\mt5_backtests\a1_momentum_variants_owner_goal_r1_pullback_long_v2_session_exact_202207_202606_20260701\A1XauM5Momentum_OWNER_GOAL_R1_PULLBACK_LONG_V2_SESSION_EXACT_202207_202606_XAUUSD_M5_r1_pullback_long_v2_m15_session_09_15_trades.csv,283,r1_h1_pullback_long_v1::BT_A1_XAU_R1_PULLBACK_LONG_V2_M15_SESSION_09_15::1025742::XAUUSD::932200::561,LONG,2025-01-31 11:30:00,2025-02-02 22:24:35,-9.84,2025.01.31 11:30:00,561,2805.59,0.01,A1_M5_MOM_R1_PULLBAC,2025.02.02 22:24:35,565,2790.36,sl 2790.37,-9.84,BT_A1_XAU_R1_PULLBACK_LONG_V2_M15_SESSION_09_15,1025742,XAUUSD,932200,561,2025.01.31 11:30:00,561,561,2805.59,0.01,A1_M5_MOM_R1_PULLBAC,2025.02.02 22:22:13,563,563,2791.91,0.01,4,sl 2791.97,-13.68,0.00,0.00,,false,-13.68,2,1,1,true,true,true,NATIVE_POSITION_RECONCILIATION_VALID
h4_d1_long_best_box2_atr80,h4_d1_long_best_box2_atr80,C:\Users\ZHAO ZHU INFORMATION\Downloads\algo-trading-system\xau-usd\xauusd-phase1\outputs\reports\mt5_backtests\a1_momentum_variants_owner_goal_regime_router_v1_exact_202207_202606_20260701\A1XauM5Momentum_OWNER_GOAL_REGIME_ROUTER_V1_EXACT_202207_202606_XAUUSD_M5_router_v1_r1_long_box2_prevhealth_trades.csv,99,h4_d1_long_best_box2_atr80::BT_A1_XAU_ROUTER_V1_R1_LONG_BOX2_PREVHEALTH::1025742::XAUUSD::932200::188,LONG,2025-01-31 12:00:00,2025-02-11 00:11:32,121.96,2025.01.31 12:00:00,188,2805.88,0.01,A1_M5_MOM_ROUTER_V1_,2025.02.11 00:11:32,204,2927.84,tp 2927.84,121.96,BT_A1_XAU_ROUTER_V1_R1_LONG_BOX2_PREVHEALTH,1025742,XAUUSD,932200,188,2025.01.31 12:00:00,188,188,2805.88,0.01,A1_M5_MOM_ROUTER_V1_,2025.02.11 00:11:32,204,204,2927.84,0.01,5,tp 2927.84,121.96,0.00,0.00,,false,121.96,2,1,1,true,false,false,NATIVE_POSITION_RECONCILIATION_VALID
r1_h1_pullback_long_v1,r1_h1_pullback_long_v1,C:\Users\ZHAO ZHU INFORMATION\Downloads\algo-trading-system\xau-usd\xauusd-phase1\outputs\reports\mt5_backtests\a1_momentum_variants_owner_goal_r1_pullback_long_v2_session_exact_202207_202606_20260701\A1XauM5Momentum_OWNER_GOAL_R1_PULLBACK_LONG_V2_SESSION_EXACT_202207_202606_XAUUSD_M5_r1_pullback_long_v2_m15_session_09_15_trades.csv,284,r1_h1_pullback_long_v1::BT_A1_XAU_R1_PULLBACK_LONG_V2_M15_SESSION_09_15::1025742::XAUUSD::932200::566,LONG,2025-02-03 10:45:00,2025-02-03 13:35:29,16.12,2025.02.03 10:45:00,566,2800.19,0.01,A1_M5_MOM_R1_PULLBAC,2025.02.03 13:35:29,568,2816.31,tp 2816.29,16.12,BT_A1_XAU_R1_PULLBACK_LONG_V2_M15_SESSION_09_15,1025742,XAUUSD,932200,566,2025.02.03 10:45:00,566,566,2800.19,0.01,A1_M5_MOM_R1_PULLBAC,2025.02.03 13:35:29,568,568,2816.31,0.01,5,tp 2816.29,16.12,0.00,0.00,,false,16.12,2,1,1,true,false,false,NATIVE_POSITION_RECONCILIATION_VALID
r1_h1_pullback_long_v1,r1_h1_pullback_long_v1,C:\Users\ZHAO ZHU INFORMATION\Downloads\algo-trading-system\xau-usd\xauusd-phase1\outputs\reports\mt5_backtests\a1_momentum_variants_owner_goal_r1_pullback_long_v2_session_exact_202207_202606_20260701\A1XauM5Momentum_OWNER_GOAL_R1_PULLBACK_LONG_V2_SESSION_EXACT_202207_202606_XAUUSD_M5_r1_pullback_long_v2_m15_session_09_15_trades.csv,285,r1_h1_pullback_long_v1::BT_A1_XAU_R1_PULLBACK_LONG_V2_M15_SESSION_09_15::1025742::XAUUSD::932200::567,LONG,2025-02-03 11:00:00,2025-02-03 13:45:14,18.13,2025.02.03 11:00:00,567,2801.53,0.01,A1_M5_MOM_R1_PULLBAC,2025.02.03 13:45:14,569,2819.66,tp 2819.63,18.13,BT_A1_XAU_R1_PULLBACK_LONG_V2_M15_SESSION_09_15,1025742,XAUUSD,932200,567,2025.02.03 11:00:00,567,567,2801.53,0.01,A1_M5_MOM_R1_PULLBAC,2025.02.03 13:45:14,569,569,2819.66,0.01,5,tp 2819.63,18.13,0.00,0.00,,false,18.13,2,1,1,true,false,false,NATIVE_POSITION_RECONCILIATION_VALID
r1_h1_pullback_long_v1,r1_h1_pullback_long_v1,C:\Users\ZHAO ZHU INFORMATION\Downloads\algo-trading-system\xau-usd\xauusd-phase1\outputs\reports\mt5_backtests\a1_momentum_variants_owner_goal_r1_pullback_long_v2_session_exact_202207_202606_20260701\A1XauM5Momentum_OWNER_GOAL_R1_PULLBACK_LONG_V2_SESSION_EXACT_202207_202606_XAUUSD_M5_r1_pullback_long_v2_m15_session_09_15_trades.csv,286,r1_h1_pullback_long_v1::BT_A1_XAU_R1_PULLBACK_LONG_V2_M15_SESSION_09_15::1025742::XAUUSD::932200::570,LONG,2025-02-04 10:30:00,2025-02-04 11:53:35,7.04,2025.02.04 10:30:00,570,2815.46,0.01,A1_M5_MOM_R1_PULLBAC,2025.02.04 11:53:35,573,2822.50,tp 2822.46,7.04,BT_A1_XAU_R1_PULLBACK_LONG_V2_M15_SESSION_09_15,1025742,XAUUSD,932200,570,2025.02.04 10:30:00,570,570,2815.46,0.01,A1_M5_MOM_R1_PULLBAC,2025.02.04 11:53:35,573,573,2822.50,0.01,5,tp 2822.46,7.04,0.00,0.00,,false,7.04,2,1,1,true,false,false,NATIVE_POSITION_RECONCILIATION_VALID
r1_h1_pullback_long_v1,r1_h1_pullback_long_v1,C:\Users\ZHAO ZHU INFORMATION\Downloads\algo-trading-system\xau-usd\xauusd-phase1\outputs\reports\mt5_backtests\a1_momentum_variants_owner_goal_r1_pullback_long_v2_session_exact_202207_202606_20260701\A1XauM5Momentum_OWNER_GOAL_R1_PULLBACK_LONG_V2_SESSION_EXACT_202207_202606_XAUUSD_M5_r1_pullback_long_v2_m15_session_09_15_trades.csv,287,r1_h1_pullback_long_v1::BT_A1_XAU_R1_PULLBACK_LONG_V2_M15_SESSION_09_15::1025742::XAUUSD::932200::571,LONG,2025-02-04 11:15:00,2025-02-04 12:18:28,8.49,2025.02.04 11:15:00,571,2816.84,0.01,A1_M5_MOM_R1_PULLBAC,2025.02.04 12:18:28,576,2825.33,tp 2825.30,8.49,BT_A1_XAU_R1_PULLBACK_LONG_V2_M15_SESSION_09_15,1025742,XAUUSD,932200,571,2025.02.04 11:15:00,571,571,2816.84,0.01,A1_M5_MOM_R1_PULLBAC,2025.02.04 12:18:28,576,576,2825.33,0.01,5,tp 2825.30,8.49,0.00,0.00,,false,8.49,2,1,1,true,false,false,NATIVE_POSITION_RECONCILIATION_VALID
r1_h1_pullback_long_v1,r1_h1_pullback_long_v1,C:\Users\ZHAO ZHU INFORMATION\Downloads\algo-trading-system\xau-usd\xauusd-phase1\outputs\reports\mt5_backtests\a1_momentum_variants_owner_goal_r1_pullback_long_v2_session_exact_202207_202606_20260701\A1XauM5Momentum_OWNER_GOAL_R1_PULLBACK_LONG_V2_SESSION_EXACT_202207_202606_XAUUSD_M5_r1_pullback_long_v2_m15_session_09_15_trades.csv,288,r1_h1_pullback_long_v1::BT_A1_XAU_R1_PULLBACK_LONG_V2_M15_SESSION_09_15::1025742::XAUUSD::932200::572,LONG,2025-02-04 11:30:00,2025-02-04 12:23:38,13.44,2025.02.04 11:30:00,572,2819.29,0.01,A1_M5_MOM_R1_PULLBAC,2025.02.04 12:23:38,577,2832.73,tp 2832.71,13.44,BT_A1_XAU_R1_PULLBACK_LONG_V2_M15_SESSION_09_15,1025742,XAUUSD,932200,572,2025.02.04 11:30:00,572,572,2819.29,0.01,A1_M5_MOM_R1_PULLBAC,2025.02.04 12:23:38,577,577,2832.73,0.01,5,tp 2832.71,13.44,0.00,0.00,,false,13.44,2,1,1,true,false,false,NATIVE_POSITION_RECONCILIATION_VALID
r1_h1_pullback_long_v1,r1_h1_pullback_long_v1,C:\Users\ZHAO ZHU INFORMATION\Downloads\algo-trading-system\xau-usd\xauusd-phase1\outputs\reports\mt5_backtests\a1_momentum_variants_owner_goal_r1_pullback_long_v2_session_exact_202207_202606_20260701\A1XauM5Momentum_OWNER_GOAL_R1_PULLBACK_LONG_V2_SESSION_EXACT_202207_202606_XAUUSD_M5_r1_pullback_long_v2_m15_session_09_15_trades.csv,289,r1_h1_pullback_long_v1::BT_A1_XAU_R1_PULLBACK_LONG_V2_M15_SESSION_09_15::1025742::XAUUSD::932200::574,LONG,2025-02-04 12:00:00,2025-02-04 13:32:17,16.43,2025.02.04 12:00:00,574,2821.99,0.01,A1_M5_MOM_R1_PULLBAC,2025.02.04 13:32:17,579,2838.42,tp 2838.42,16.43,BT_A1_XAU_R1_PULLBACK_LONG_V2_M15_SESSION_09_15,1025742,XAUUSD,932200,574,2025.02.04 12:00:00,574,574,2821.99,0.01,A1_M5_MOM_R1_PULLBAC,2025.02.04 13:32:17,579,579,2838.42,0.01,5,tp 2838.42,16.43,0.00,0.00,,false,16.43,2,1,1,true,false,false,NATIVE_POSITION_RECONCILIATION_VALID
r1_h1_pullback_long_v1,r1_h1_pullback_long_v1,C:\Users\ZHAO ZHU INFORMATION\Downloads\algo-trading-system\xau-usd\xauusd-phase1\outputs\reports\mt5_backtests\a1_momentum_variants_owner_goal_r1_pullback_long_v2_session_exact_202207_202606_20260701\A1XauM5Momentum_OWNER_GOAL_R1_PULLBACK_LONG_V2_SESSION_EXACT_202207_202606_XAUUSD_M5_r1_pullback_long_v2_m15_session_09_15_trades.csv,290,r1_h1_pullback_long_v1::BT_A1_XAU_R1_PULLBACK_LONG_V2_M15_SESSION_09_15::1025742::XAUUSD::932200::575,LONG,2025-02-04 12:15:00,2025-02-04 14:33:42,20.66,2025.02.04 12:15:00,575,2824.01,0.01,A1_M5_MOM_R1_PULLBAC,2025.02.04 14:33:42,580,2844.67,tp 2844.66,20.66,BT_A1_XAU_R1_PULLBACK_LONG_V2_M15_SESSION_09_15,1025742,XAUUSD,932200,575,2025.02.04 12:15:00,575,575,2824.01,0.01,A1_M5_MOM_R1_PULLBAC,2025.02.04 14:33:42,580,580,2844.67,0.01,5,tp 2844.66,20.66,0.00,0.00,,false,20.66,2,1,1,true,false,false,NATIVE_POSITION_RECONCILIATION_VALID
r1_h1_pullback_long_v1,r1_h1_pullback_long_v1,C:\Users\ZHAO ZHU INFORMATION\Downloads\algo-trading-system\xau-usd\xauusd-phase1\outputs\reports\mt5_backtests\a1_momentum_variants_owner_goal_r1_pullback_long_v2_session_exact_202207_202606_20260701\A1XauM5Momentum_OWNER_GOAL_R1_PULLBACK_LONG_V2_SESSION_EXACT_202207_202606_XAUUSD_M5_r1_pullback_long_v2_m15_session_09_15_trades.csv,291,r1_h1_pullback_long_v1::BT_A1_XAU_R1_PULLBACK_LONG_V2_M15_SESSION_09_15::1025742::XAUUSD::932200::578,LONG,2025-02-04 12:30:00,2025-02-05 14:46:18,43.0,2025.02.04 12:30:00,578,2835.27,0.01,A1_M5_MOM_R1_PULLBAC,2025.02.05 14:46:18,581,2878.27,tp 2878.24,43.0,BT_A1_XAU_R1_PULLBACK_LONG_V2_M15_SESSION_09_15,1025742,XAUUSD,932200,578,2025.02.04 12:30:00,578,578,2835.27,0.01,A1_M5_MOM_R1_PULLBAC,2025.02.05 14:46:18,581,581,2878.27,0.01,5,tp 2878.24,43.00,0.00,0.00,,false,43.00,2,1,1,true,false,false,NATIVE_POSITION_RECONCILIATION_VALID
h4_d1_long_best_box2_atr80,h4_d1_long_best_box2_atr80,C:\Users\ZHAO ZHU INFORMATION\Downloads\algo-trading-system\xau-usd\xauusd-phase1\outputs\reports\mt5_backtests\a1_momentum_variants_owner_goal_regime_router_v1_exact_202207_202606_20260701\A1XauM5Momentum_OWNER_GOAL_REGIME_ROUTER_V1_EXACT_202207_202606_XAUUSD_M5_router_v1_r1_long_box2_prevhealth_trades.csv,100,h4_d1_long_best_box2_atr80::BT_A1_XAU_ROUTER_V1_R1_LONG_BOX2_PREVHEALTH::1025742::XAUUSD::932200::190,LONG,2025-02-04 16:00:00,2025-02-28 07:44:35,-44.29,2025.02.04 16:00:00,190,2840.57,0.01,A1_M5_MOM_ROUTER_V1_,2025.02.28 07:44:35,205,2852.61,sl 2852.61,-44.29,BT_A1_XAU_ROUTER_V1_R1_LONG_BOX2_PREVHEALTH,1025742,XAUUSD,932200,190,2025.02.04 16:00:00,190,190,2840.57,0.01,A1_M5_MOM_ROUTER_V1_,2025.03.13 14:39:38,208,208,2977.15,0.01,5,tp 2977.15,136.58,0.00,0.00,,false,136.58,2,1,1,true,true,true,NATIVE_POSITION_RECONCILIATION_VALID
h4_d1_long_best_box2_atr80,h4_d1_long_best_box2_atr80,C:\Users\ZHAO ZHU INFORMATION\Downloads\algo-trading-system\xau-usd\xauusd-phase1\outputs\reports\mt5_backtests\a1_momentum_variants_owner_goal_regime_router_v1_exact_202207_202606_20260701\A1XauM5Momentum_OWNER_GOAL_REGIME_ROUTER_V1_EXACT_202207_202606_XAUUSD_M5_router_v1_r1_long_box2_prevhealth_trades.csv,101,h4_d1_long_best_box2_atr80::BT_A1_XAU_ROUTER_V1_R1_LONG_BOX2_PREVHEALTH::1025742::XAUUSD::932200::191,LONG,2025-02-04 20:00:00,2025-02-28 07:44:38,-55.12,2025.02.04 20:00:00,191,2844.40,0.01,A1_M5_MOM_ROUTER_V1_,2025.02.28 07:44:38,206,2852.34,sl 2852.36,-55.12,BT_A1_XAU_ROUTER_V1_R1_LONG_BOX2_PREVHEALTH,1025742,XAUUSD,932200,191,2025.02.04 20:00:00,191,191,2844.40,0.01,A1_M5_MOM_ROUTER_V1_,2025.03.13 19:49:35,209,209,2988.39,0.01,5,tp 2988.32,143.99,0.00,0.00,,false,143.99,2,1,1,true,true,true,NATIVE_POSITION_RECONCILIATION_VALID
h4_d1_long_best_box2_atr80,h4_d1_long_best_box2_atr80,C:\Users\ZHAO ZHU INFORMATION\Downloads\algo-trading-system\xau-usd\xauusd-phase1\outputs\reports\mt5_backtests\a1_momentum_variants_owner_goal_regime_router_v1_exact_202207_202606_20260701\A1XauM5Momentum_OWNER_GOAL_REGIME_ROUTER_V1_EXACT_202207_202606_XAUUSD_M5_router_v1_r1_long_box2_prevhealth_trades.csv,102,h4_d1_long_best_box2_atr80::BT_A1_XAU_ROUTER_V1_R1_LONG_BOX2_PREVHEALTH::1025742::XAUUSD::932200::193,LONG,2025-02-05 04:00:00,2025-02-28 07:44:38,-50.53,2025.02.05 04:00:00,193,2855.72,0.01,A1_M5_MOM_ROUTER_V1_,2025.02.28 07:44:38,207,2852.27,sl 2852.31,-50.53,BT_A1_XAU_ROUTER_V1_R1_LONG_BOX2_PREVHEALTH,1025742,XAUUSD,932200,193,2025.02.05 04:00:00,193,193,2855.72,0.01,A1_M5_MOM_ROUTER_V1_,2025.03.18 07:22:37,211,211,3021.80,0.01,5,tp 3021.76,166.08,0.00,0.00,,false,166.08,2,1,1,true,true,true,NATIVE_POSITION_RECONCILIATION_VALID
h4_d1_long_best_box2_atr80,h4_d1_long_best_box2_atr80,C:\Users\ZHAO ZHU INFORMATION\Downloads\algo-trading-system\xau-usd\xauusd-phase1\outputs\reports\mt5_backtests\a1_momentum_variants_owner_goal_regime_router_v1_exact_202207_202606_20260701\A1XauM5Momentum_OWNER_GOAL_REGIME_ROUTER_V1_EXACT_202207_202606_XAUUSD_M5_router_v1_r1_long_box2_prevhealth_trades.csv,103,h4_d1_long_best_box2_atr80::BT_A1_XAU_ROUTER_V1_R1_LONG_BOX2_PREVHEALTH::1025742::XAUUSD::932200::195,LONG,2025-02-05 08:00:00,2025-03-13 14:39:38,136.58,2025.02.05 08:00:00,195,2867.55,0.01,A1_M5_MOM_ROUTER_V1_,2025.03.13 14:39:38,208,2977.15,tp 2977.15,136.58,BT_A1_XAU_ROUTER_V1_R1_LONG_BOX2_PREVHEALTH,1025742,XAUUSD,932200,195,2025.02.05 08:00:00,195,195,2867.55,0.01,A1_M5_MOM_ROUTER_V1_,2025.03.27 13:48:41,215,215,3058.26,0.01,5,tp 3058.21,190.71,0.00,0.00,,false,190.71,2,1,1,true,true,true,NATIVE_POSITION_RECONCILIATION_VALID
r1_h1_pullback_long_v1,r1_h1_pullback_long_v1,C:\Users\ZHAO ZHU INFORMATION\Downloads\algo-trading-system\xau-usd\xauusd-phase1\outputs\reports\mt5_backtests\a1_momentum_variants_owner_goal_r1_pullback_long_v2_session_exact_202207_202606_20260701\A1XauM5Momentum_OWNER_GOAL_R1_PULLBACK_LONG_V2_SESSION_EXACT_202207_202606_XAUUSD_M5_r1_pullback_long_v2_m15_session_09_15_trades.csv,292,r1_h1_pullback_long_v1::BT_A1_XAU_R1_PULLBACK_LONG_V2_M15_SESSION_09_15::1025742::XAUUSD::932200::582,LONG,2025-02-07 10:00:00,2025-02-07 12:11:29,-4.77,2025.02.07 10:00:00,582,2867.54,0.01,A1_M5_MOM_R1_PULLBAC,2025.02.07 12:11:29,583,2862.77,sl 2862.80,-4.77,BT_A1_XAU_R1_PULLBACK_LONG_V2_M15_SESSION_09_15,1025742,XAUUSD,932200,582,2025.02.07 10:00:00,582,582,2867.54,0.01,A1_M5_MOM_R1_PULLBAC,2025.02.07 12:11:29,583,583,2862.77,0.01,4,sl 2862.80,-4.77,0.00,0.00,,false,-4.77,2,1,1,true,false,false,NATIVE_POSITION_RECONCILIATION_VALID
r1_h1_pullback_long_v1,r1_h1_pullback_long_v1,C:\Users\ZHAO ZHU INFORMATION\Downloads\algo-trading-system\xau-usd\xauusd-phase1\outputs\reports\mt5_backtests\a1_momentum_variants_owner_goal_r1_pullback_long_v2_session_exact_202207_202606_20260701\A1XauM5Momentum_OWNER_GOAL_R1_PULLBACK_LONG_V2_SESSION_EXACT_202207_202606_XAUUSD_M5_r1_pullback_long_v2_m15_session_09_15_trades.csv,293,r1_h1_pullback_long_v1::BT_A1_XAU_R1_PULLBACK_LONG_V2_M15_SESSION_09_15::1025742::XAUUSD::932200::584,LONG,2025-02-07 12:30:00,2025-02-07 12:30:41,-4.8,2025.02.07 12:30:00,584,2865.61,0.01,A1_M5_MOM_R1_PULLBAC,2025.02.07 12:30:41,585,2860.81,sl 2860.84,-4.8,BT_A1_XAU_R1_PULLBACK_LONG_V2_M15_SESSION_09_15,1025742,XAUUSD,932200,584,2025.02.07 12:30:00,584,584,2865.61,0.01,A1_M5_MOM_R1_PULLBAC,2025.02.07 12:30:41,585,585,2860.81,0.01,4,sl 2860.84,-4.80,0.00,0.00,,false,-4.80,2,1,1,true,false,false,NATIVE_POSITION_RECONCILIATION_VALID
h4_d1_long_best_box2_atr80,h4_d1_long_best_box2_atr80,C:\Users\ZHAO ZHU INFORMATION\Downloads\algo-trading-system\xau-usd\xauusd-phase1\outputs\reports\mt5_backtests\a1_momentum_variants_owner_goal_regime_router_v1_exact_202207_202606_20260701\A1XauM5Momentum_OWNER_GOAL_REGIME_ROUTER_V1_EXACT_202207_202606_XAUUSD_M5_router_v1_r1_long_box2_prevhealth_trades.csv,104,h4_d1_long_best_box2_atr80::BT_A1_XAU_ROUTER_V1_R1_LONG_BOX2_PREVHEALTH::1025742::XAUUSD::932200::199,LONG,2025-02-10 08:00:00,2025-03-13 19:49:35,143.99,2025.02.10 08:00:00,199,2896.90,0.01,A1_M5_MOM_ROUTER_V1_,2025.03.13 19:49:35,209,2988.39,tp 2988.32,143.99,BT_A1_XAU_ROUTER_V1_R1_LONG_BOX2_PREVHEALTH,1025742,XAUUSD,932200,199,2025.02.10 08:00:00,199,199,2896.90,0.01,A1_M5_MOM_ROUTER_V1_,2025.02.28 07:44:35,205,205,2852.61,0.01,4,sl 2852.61,-44.29,0.00,0.00,,false,-44.29,2,1,1,true,true,true,NATIVE_POSITION_RECONCILIATION_VALID
h4_d1_long_best_box2_atr80,h4_d1_long_best_box2_atr80,C:\Users\ZHAO ZHU INFORMATION\Downloads\algo-trading-system\xau-usd\xauusd-phase1\outputs\reports\mt5_backtests\a1_momentum_variants_owner_goal_regime_router_v1_exact_202207_202606_20260701\A1XauM5Momentum_OWNER_GOAL_REGIME_ROUTER_V1_EXACT_202207_202606_XAUUSD_M5_router_v1_r1_long_box2_prevhealth_trades.csv,105,h4_d1_long_best_box2_atr80::BT_A1_XAU_ROUTER_V1_R1_LONG_BOX2_PREVHEALTH::1025742::XAUUSD::932200::201,LONG,2025-02-10 12:00:00,2025-03-18 07:22:37,166.08,2025.02.10 12:00:00,201,2902.80,0.01,A1_M5_MOM_ROUTER_V1_,2025.03.18 07:22:37,211,3021.80,tp 3021.76,166.08,BT_A1_XAU_ROUTER_V1_R1_LONG_BOX2_PREVHEALTH,1025742,XAUUSD,932200,201,2025.02.10 12:00:00,201,201,2902.80,0.01,A1_M5_MOM_ROUTER_V1_,2025.02.28 07:44:38,207,207,2852.27,0.01,4,sl 2852.31,-50.53,0.00,0.00,,false,-50.53,2,1,1,true,true,true,NATIVE_POSITION_RECONCILIATION_VALID
h4_d1_long_best_box2_atr80,h4_d1_long_best_box2_atr80,C:\Users\ZHAO ZHU INFORMATION\Downloads\algo-trading-system\xau-usd\xauusd-phase1\outputs\reports\mt5_backtests\a1_momentum_variants_owner_goal_regime_router_v1_exact_202207_202606_20260701\A1XauM5Momentum_OWNER_GOAL_REGIME_ROUTER_V1_EXACT_202207_202606_XAUUSD_M5_router_v1_r1_long_box2_prevhealth_trades.csv,106,h4_d1_long_best_box2_atr80::BT_A1_XAU_ROUTER_V1_R1_LONG_BOX2_PREVHEALTH::1025742::XAUUSD::932200::202,LONG,2025-02-10 20:00:00,2025-03-27 13:48:41,190.71,2025.02.10 20:00:00,202,2907.46,0.01,A1_M5_MOM_ROUTER_V1_,2025.03.27 13:48:41,215,3058.26,tp 3058.21,190.71,BT_A1_XAU_ROUTER_V1_R1_LONG_BOX2_PREVHEALTH,1025742,XAUUSD,932200,202,2025.02.10 20:00:00,202,202,2907.46,0.01,A1_M5_MOM_ROUTER_V1_,2025.02.28 07:44:38,206,206,2852.34,0.01,4,sl 2852.36,-55.12,0.00,0.00,,false,-55.12,2,1,1,true,true,true,NATIVE_POSITION_RECONCILIATION_VALID
r1_h1_pullback_long_v1,r1_h1_pullback_long_v1,C:\Users\ZHAO ZHU INFORMATION\Downloads\algo-trading-system\xau-usd\xauusd-phase1\outputs\reports\mt5_backtests\a1_momentum_variants_owner_goal_r1_pullback_long_v2_session_exact_202207_202606_20260701\A1XauM5Momentum_OWNER_GOAL_R1_PULLBACK_LONG_V2_SESSION_EXACT_202207_202606_XAUUSD_M5_r1_pullback_long_v2_m15_session_09_15_trades.csv,294,r1_h1_pullback_long_v1::BT_A1_XAU_R1_PULLBACK_LONG_V2_M15_SESSION_09_15::1025742::XAUUSD::932200::586,LONG,2025-02-20 11:45:00,2025-02-20 12:45:26,-6.16,2025.02.20 11:45:00,586,2944.39,0.01,A1_M5_MOM_R1_PULLBAC,2025.02.20 12:45:26,587,2938.23,sl 2938.26,-6.16,BT_A1_XAU_R1_PULLBACK_LONG_V2_M15_SESSION_09_15,1025742,XAUUSD,932200,586,2025.02.20 11:45:00,586,586,2944.39,0.01,A1_M5_MOM_R1_PULLBAC,2025.02.20 12:45:26,587,587,2938.23,0.01,4,sl 2938.26,-6.16,0.00,0.00,,false,-6.16,2,1,1,true,false,false,NATIVE_POSITION_RECONCILIATION_VALID
r1_h1_pullback_long_v1,r1_h1_pullback_long_v1,C:\Users\ZHAO ZHU INFORMATION\Downloads\algo-trading-system\xau-usd\xauusd-phase1\outputs\reports\mt5_backtests\a1_momentum_variants_owner_goal_r1_pullback_long_v2_session_exact_202207_202606_20260701\A1XauM5Momentum_OWNER_GOAL_R1_PULLBACK_LONG_V2_SESSION_EXACT_202207_202606_XAUUSD_M5_r1_pullback_long_v2_m15_session_09_15_trades.csv,295,r1_h1_pullback_long_v1::BT_A1_XAU_R1_PULLBACK_LONG_V2_M15_SESSION_09_15::1025742::XAUUSD::932200::588,LONG,2025-02-24 10:30:00,2025-02-24 14:03:37,-8.36,2025.02.24 10:30:00,588,2942.44,0.01,A1_M5_MOM_R1_PULLBAC,2025.02.24 14:03:37,591,2934.08,sl 2934.20,-8.36,BT_A1_XAU_R1_PULLBACK_LONG_V2_M15_SESSION_09_15,1025742,XAUUSD,932200,588,2025.02.24 10:30:00,588,588,2942.44,0.01,A1_M5_MOM_R1_PULLBAC,2025.02.24 14:03:37,591,591,2934.08,0.01,4,sl 2934.20,-8.36,0.00,0.00,,false,-8.36,2,1,1,true,false,false,NATIVE_POSITION_RECONCILIATION_VALID
r1_h1_pullback_long_v1,r1_h1_pullback_long_v1,C:\Users\ZHAO ZHU INFORMATION\Downloads\algo-trading-system\xau-usd\xauusd-phase1\outputs\reports\mt5_backtests\a1_momentum_variants_owner_goal_r1_pullback_long_v2_session_exact_202207_202606_20260701\A1XauM5Momentum_OWNER_GOAL_R1_PULLBACK_LONG_V2_SESSION_EXACT_202207_202606_XAUUSD_M5_r1_pullback_long_v2_m15_session_09_15_trades.csv,296,r1_h1_pullback_long_v1::BT_A1_XAU_R1_PULLBACK_LONG_V2_M15_SESSION_09_15::1025742::XAUUSD::932200::589,LONG,2025-02-24 10:45:00,2025-02-24 14:03:37,-10.72,2025.02.24 10:45:00,589,2944.80,0.01,A1_M5_MOM_R1_PULLBAC,2025.02.24 14:03:37,592,2934.08,sl 2934.22,-10.72,BT_A1_XAU_R1_PULLBACK_LONG_V2_M15_SESSION_09_15,1025742,XAUUSD,932200,589,2025.02.24 10:45:00,589,589,2944.80,0.01,A1_M5_MOM_R1_PULLBAC,2025.02.24 14:03:37,592,592,2934.08,0.01,4,sl 2934.22,-10.72,0.00,0.00,,false,-10.72,2,1,1,true,false,false,NATIVE_POSITION_RECONCILIATION_VALID
r1_h1_pullback_long_v1,r1_h1_pullback_long_v1,C:\Users\ZHAO ZHU INFORMATION\Downloads\algo-trading-system\xau-usd\xauusd-phase1\outputs\reports\mt5_backtests\a1_momentum_variants_owner_goal_r1_pullback_long_v2_session_exact_202207_202606_20260701\A1XauM5Momentum_OWNER_GOAL_R1_PULLBACK_LONG_V2_SESSION_EXACT_202207_202606_XAUUSD_M5_r1_pullback_long_v2_m15_session_09_15_trades.csv,297,r1_h1_pullback_long_v1::BT_A1_XAU_R1_PULLBACK_LONG_V2_M15_SESSION_09_15::1025742::XAUUSD::932200::590,LONG,2025-02-24 11:00:00,2025-02-24 14:03:37,-13.8,2025.02.24 11:00:00,590,2947.88,0.01,A1_M5_MOM_R1_PULLBAC,2025.02.24 14:03:37,593,2934.08,sl 2934.16,-13.8,BT_A1_XAU_R1_PULLBACK_LONG_V2_M15_SESSION_09_15,1025742,XAUUSD,932200,590,2025.02.24 11:00:00,590,590,2947.88,0.01,A1_M5_MOM_R1_PULLBAC,2025.02.24 14:03:37,593,593,2934.08,0.01,4,sl 2934.16,-13.80,0.00,0.00,,false,-13.80,2,1,1,true,false,false,NATIVE_POSITION_RECONCILIATION_VALID
r1_h1_pullback_long_v1,r1_h1_pullback_long_v1,C:\Users\ZHAO ZHU INFORMATION\Downloads\algo-trading-system\xau-usd\xauusd-phase1\outputs\reports\mt5_backtests\a1_momentum_variants_owner_goal_r1_pullback_long_v2_session_exact_202207_202606_20260701\A1XauM5Momentum_OWNER_GOAL_R1_PULLBACK_LONG_V2_SESSION_EXACT_202207_202606_XAUUSD_M5_r1_pullback_long_v2_m15_session_09_15_trades.csv,298,r1_h1_pullback_long_v1::BT_A1_XAU_R1_PULLBACK_LONG_V2_M15_SESSION_09_15::1025742::XAUUSD::932200::594,LONG,2025-03-13 12:30:00,2025-03-13 13:40:54,13.41,2025.03.13 12:30:00,594,2945.17,0.01,A1_M5_MOM_R1_PULLBAC,2025.03.13 13:40:54,597,2958.58,tp 2958.57,13.41,BT_A1_XAU_R1_PULLBACK_LONG_V2_M15_SESSION_09_15,1025742,XAUUSD,932200,594,2025.03.13 12:30:00,594,594,2945.17,0.01,A1_M5_MOM_R1_PULLBAC,2025.03.13 13:40:54,597,597,2958.58,0.01,5,tp 2958.57,13.41,0.00,0.00,,false,13.41,2,1,1,true,false,false,NATIVE_POSITION_RECONCILIATION_VALID
r1_h1_pullback_long_v1,r1_h1_pullback_long_v1,C:\Users\ZHAO ZHU INFORMATION\Downloads\algo-trading-system\xau-usd\xauusd-phase1\outputs\reports\mt5_backtests\a1_momentum_variants_owner_goal_r1_pullback_long_v2_session_exact_202207_202606_20260701\A1XauM5Momentum_OWNER_GOAL_R1_PULLBACK_LONG_V2_SESSION_EXACT_202207_202606_XAUUSD_M5_r1_pullback_long_v2_m15_session_09_15_trades.csv,299,r1_h1_pullback_long_v1::BT_A1_XAU_R1_PULLBACK_LONG_V2_M15_SESSION_09_15::1025742::XAUUSD::932200::595,LONG,2025-03-13 12:45:00,2025-03-13 15:10:02,27.49,2025.03.13 12:45:00,595,2952.25,0.01,A1_M5_MOM_R1_PULLBAC,2025.03.13 15:10:02,598,2979.74,tp 2979.74,27.49,BT_A1_XAU_R1_PULLBACK_LONG_V2_M15_SESSION_09_15,1025742,XAUUSD,932200,595,2025.03.13 12:45:00,595,595,2952.25,0.01,A1_M5_MOM_R1_PULLBAC,2025.03.13 15:10:02,598,598,2979.74,0.01,5,tp 2979.74,27.49,0.00,0.00,,false,27.49,2,1,1,true,false,false,NATIVE_POSITION_RECONCILIATION_VALID
r1_h1_pullback_long_v1,r1_h1_pullback_long_v1,C:\Users\ZHAO ZHU INFORMATION\Downloads\algo-trading-system\xau-usd\xauusd-phase1\outputs\reports\mt5_backtests\a1_momentum_variants_owner_goal_r1_pullback_long_v2_session_exact_202207_202606_20260701\A1XauM5Momentum_OWNER_GOAL_R1_PULLBACK_LONG_V2_SESSION_EXACT_202207_202606_XAUUSD_M5_r1_pullback_long_v2_m15_session_09_15_trades.csv,300,r1_h1_pullback_long_v1::BT_A1_XAU_R1_PULLBACK_LONG_V2_M15_SESSION_09_15::1025742::XAUUSD::932200::596,LONG,2025-03-13 13:15:00,2025-03-13 15:39:28,29.59,2025.03.13 13:15:00,596,2953.11,0.01,A1_M5_MOM_R1_PULLBAC,2025.03.13 15:39:28,599,2982.70,tp 2982.70,29.59,BT_A1_XAU_R1_PULLBACK_LONG_V2_M15_SESSION_09_15,1025742,XAUUSD,932200,596,2025.03.13 13:15:00,596,596,2953.11,0.01,A1_M5_MOM_R1_PULLBAC,2025.03.13 15:39:28,599,599,2982.70,0.01,5,tp 2982.70,29.59,0.00,0.00,,false,29.59,2,1,1,true,false,false,NATIVE_POSITION_RECONCILIATION_VALID
r1_h1_pullback_long_v1,r1_h1_pullback_long_v1,C:\Users\ZHAO ZHU INFORMATION\Downloads\algo-trading-system\xau-usd\xauusd-phase1\outputs\reports\mt5_backtests\a1_momentum_variants_owner_goal_r1_pullback_long_v2_session_exact_202207_202606_20260701\A1XauM5Momentum_OWNER_GOAL_R1_PULLBACK_LONG_V2_SESSION_EXACT_202207_202606_XAUUSD_M5_r1_pullback_long_v2_m15_session_09_15_trades.csv,301,r1_h1_pullback_long_v1::BT_A1_XAU_R1_PULLBACK_LONG_V2_M15_SESSION_09_15::1025742::XAUUSD::932200::600,LONG,2025-03-14 13:15:00,2025-03-14 14:02:37,-8.98,2025.03.14 13:15:00,600,2990.63,0.01,A1_M5_MOM_R1_PULLBAC,2025.03.14 14:02:37,601,2981.65,sl 2981.67,-8.98,BT_A1_XAU_R1_PULLBACK_LONG_V2_M15_SESSION_09_15,1025742,XAUUSD,932200,600,2025.03.14 13:15:00,600,600,2990.63,0.01,A1_M5_MOM_R1_PULLBAC,2025.03.14 14:02:37,601,601,2981.65,0.01,4,sl 2981.67,-8.98,0.00,0.00,,false,-8.98,2,1,1,true,false,false,NATIVE_POSITION_RECONCILIATION_VALID
r1_h1_pullback_long_v1,r1_h1_pullback_long_v1,C:\Users\ZHAO ZHU INFORMATION\Downloads\algo-trading-system\xau-usd\xauusd-phase1\outputs\reports\mt5_backtests\a1_momentum_variants_owner_goal_r1_pullback_long_v2_session_exact_202207_202606_20260701\A1XauM5Momentum_OWNER_GOAL_R1_PULLBACK_LONG_V2_SESSION_EXACT_202207_202606_XAUUSD_M5_r1_pullback_long_v2_m15_session_09_15_trades.csv,302,r1_h1_pullback_long_v1::BT_A1_XAU_R1_PULLBACK_LONG_V2_M15_SESSION_09_15::1025742::XAUUSD::932200::602,LONG,2025-03-17 09:15:00,2025-03-17 11:23:25,-11.07,2025.03.17 09:15:00,602,2996.89,0.01,A1_M5_MOM_R1_PULLBAC,2025.03.17 11:23:25,603,2985.82,sl 2985.87,-11.07,BT_A1_XAU_R1_PULLBACK_LONG_V2_M15_SESSION_09_15,1025742,XAUUSD,932200,602,2025.03.17 09:15:00,602,602,2996.89,0.01,A1_M5_MOM_R1_PULLBAC,2025.03.17 11:23:25,603,603,2985.82,0.01,4,sl 2985.87,-11.07,0.00,0.00,,false,-11.07,2,1,1,true,false,false,NATIVE_POSITION_RECONCILIATION_VALID
h4_d1_long_best_box2_atr80,h4_d1_long_best_box2_atr80,C:\Users\ZHAO ZHU INFORMATION\Downloads\algo-trading-system\xau-usd\xauusd-phase1\outputs\reports\mt5_backtests\a1_momentum_variants_owner_goal_regime_router_v1_exact_202207_202606_20260701\A1XauM5Momentum_OWNER_GOAL_REGIME_ROUTER_V1_EXACT_202207_202606_XAUUSD_M5_router_v1_r1_long_box2_prevhealth_trades.csv,107,h4_d1_long_best_box2_atr80::BT_A1_XAU_ROUTER_V1_R1_LONG_BOX2_PREVHEALTH::1025742::XAUUSD::932200::210,LONG,2025-03-18 04:00:00,2025-03-28 04:44:15,64.63,2025.03.18 04:00:00,210,3014.60,0.01,A1_M5_MOM_ROUTER_V1_,2025.03.28 04:44:15,217,3079.23,tp 3079.22,64.63,BT_A1_XAU_ROUTER_V1_R1_LONG_BOX2_PREVHEALTH,1025742,XAUUSD,932200,210,2025.03.18 04:00:00,210,210,3014.60,0.01,A1_M5_MOM_ROUTER_V1_,2025.03.28 04:44:15,217,217,3079.23,0.01,5,tp 3079.22,64.63,0.00,0.00,,false,64.63,2,1,1,true,false,false,NATIVE_POSITION_RECONCILIATION_VALID
h4_d1_long_best_box2_atr80,h4_d1_long_best_box2_atr80,C:\Users\ZHAO ZHU INFORMATION\Downloads\algo-trading-system\xau-usd\xauusd-phase1\outputs\reports\mt5_backtests\a1_momentum_variants_owner_goal_regime_router_v1_exact_202207_202606_20260701\A1XauM5Momentum_OWNER_GOAL_REGIME_ROUTER_V1_EXACT_202207_202606_XAUUSD_M5_router_v1_r1_long_box2_prevhealth_trades.csv,108,h4_d1_long_best_box2_atr80::BT_A1_XAU_ROUTER_V1_R1_LONG_BOX2_PREVHEALTH::1025742::XAUUSD::932200::212,LONG,2025-03-18 08:00:00,2025-03-31 04:53:29,88.58,2025.03.18 08:00:00,212,3027.03,0.01,A1_M5_MOM_ROUTER_V1_,2025.03.31 04:53:29,219,3115.61,tp 3115.57,88.58,BT_A1_XAU_ROUTER_V1_R1_LONG_BOX2_PREVHEALTH,1025742,XAUUSD,932200,212,2025.03.18 08:00:00,212,212,3027.03,0.01,A1_M5_MOM_ROUTER_V1_,2025.03.31 04:53:29,219,219,3115.61,0.01,5,tp 3115.57,88.58,0.00,0.00,,false,88.58,2,1,1,true,false,false,NATIVE_POSITION_RECONCILIATION_VALID
h4_d1_long_best_box2_atr80,h4_d1_long_best_box2_atr80,C:\Users\ZHAO ZHU INFORMATION\Downloads\algo-trading-system\xau-usd\xauusd-phase1\outputs\reports\mt5_backtests\a1_momentum_variants_owner_goal_regime_router_v1_exact_202207_202606_20260701\A1XauM5Momentum_OWNER_GOAL_REGIME_ROUTER_V1_EXACT_202207_202606_XAUUSD_M5_router_v1_r1_long_box2_prevhealth_trades.csv,109,h4_d1_long_best_box2_atr80::BT_A1_XAU_ROUTER_V1_R1_LONG_BOX2_PREVHEALTH::1025742::XAUUSD::932200::213,LONG,2025-03-18 12:00:00,2025-04-01 01:44:25,84.88,2025.03.18 12:00:00,213,3034.51,0.01,A1_M5_MOM_ROUTER_V1_,2025.04.01 01:44:25,222,3135.51,tp 3135.45,84.88,BT_A1_XAU_ROUTER_V1_R1_LONG_BOX2_PREVHEALTH,1025742,XAUUSD,932200,213,2025.03.18 12:00:00,213,213,3034.51,0.01,A1_M5_MOM_ROUTER_V1_,2025.04.01 02:12:00,223,223,3138.85,0.01,5,tp 3138.67,104.34,0.00,0.00,,false,104.34,2,1,1,true,true,true,NATIVE_POSITION_RECONCILIATION_VALID
r1_h1_pullback_long_v1,r1_h1_pullback_long_v1,C:\Users\ZHAO ZHU INFORMATION\Downloads\algo-trading-system\xau-usd\xauusd-phase1\outputs\reports\mt5_backtests\a1_momentum_variants_owner_goal_r1_pullback_long_v2_session_exact_202207_202606_20260701\A1XauM5Momentum_OWNER_GOAL_R1_PULLBACK_LONG_V2_SESSION_EXACT_202207_202606_XAUUSD_M5_r1_pullback_long_v2_m15_session_09_15_trades.csv,303,r1_h1_pullback_long_v1::BT_A1_XAU_R1_PULLBACK_LONG_V2_M15_SESSION_09_15::1025742::XAUUSD::932200::604,LONG,2025-03-19 10:15:00,2025-03-19 13:08:14,-8.95,2025.03.19 10:15:00,604,3036.55,0.01,A1_M5_MOM_R1_PULLBAC,2025.03.19 13:08:14,607,3027.60,sl 3027.60,-8.95,BT_A1_XAU_R1_PULLBACK_LONG_V2_M15_SESSION_09_15,1025742,XAUUSD,932200,604,2025.03.19 10:15:00,604,604,3036.55,0.01,A1_M5_MOM_R1_PULLBAC,2025.03.19 13:08:14,607,607,3027.60,0.01,4,sl 3027.60,-8.95,0.00,0.00,,false,-8.95,2,1,1,true,false,false,NATIVE_POSITION_RECONCILIATION_VALID
r1_h1_pullback_long_v1,r1_h1_pullback_long_v1,C:\Users\ZHAO ZHU INFORMATION\Downloads\algo-trading-system\xau-usd\xauusd-phase1\outputs\reports\mt5_backtests\a1_momentum_variants_owner_goal_r1_pullback_long_v2_session_exact_202207_202606_20260701\A1XauM5Momentum_OWNER_GOAL_R1_PULLBACK_LONG_V2_SESSION_EXACT_202207_202606_XAUUSD_M5_r1_pullback_long_v2_m15_session_09_15_trades.csv,304,r1_h1_pullback_long_v1::BT_A1_XAU_R1_PULLBACK_LONG_V2_M15_SESSION_09_15::1025742::XAUUSD::932200::605,LONG,2025-03-19 10:30:00,2025-03-19 13:09:38,-11.96,2025.03.19 10:30:00,605,3039.46,0.01,A1_M5_MOM_R1_PULLBAC,2025.03.19 13:09:38,608,3027.50,sl 3027.52,-11.96,BT_A1_XAU_R1_PULLBACK_LONG_V2_M15_SESSION_09_15,1025742,XAUUSD,932200,605,2025.03.19 10:30:00,605,605,3039.46,0.01,A1_M5_MOM_R1_PULLBAC,2025.03.19 13:09:38,608,608,3027.50,0.01,4,sl 3027.52,-11.96,0.00,0.00,,false,-11.96,2,1,1,true,false,false,NATIVE_POSITION_RECONCILIATION_VALID
r1_h1_pullback_long_v1,r1_h1_pullback_long_v1,C:\Users\ZHAO ZHU INFORMATION\Downloads\algo-trading-system\xau-usd\xauusd-phase1\outputs\reports\mt5_backtests\a1_momentum_variants_owner_goal_r1_pullback_long_v2_session_exact_202207_202606_20260701\A1XauM5Momentum_OWNER_GOAL_R1_PULLBACK_LONG_V2_SESSION_EXACT_202207_202606_XAUUSD_M5_r1_pullback_long_v2_m15_session_09_15_trades.csv,305,r1_h1_pullback_long_v1::BT_A1_XAU_R1_PULLBACK_LONG_V2_M15_SESSION_09_15::1025742::XAUUSD::932200::606,LONG,2025-03-19 13:00:00,2025-03-19 13:23:02,-6.54,2025.03.19 13:00:00,606,3033.13,0.01,A1_M5_MOM_R1_PULLBAC,2025.03.19 13:23:02,609,3026.59,sl 3026.62,-6.54,BT_A1_XAU_R1_PULLBACK_LONG_V2_M15_SESSION_09_15,1025742,XAUUSD,932200,606,2025.03.19 13:00:00,606,606,3033.13,0.01,A1_M5_MOM_R1_PULLBAC,2025.03.19 13:23:02,609,609,3026.59,0.01,4,sl 3026.62,-6.54,0.00,0.00,,false,-6.54,2,1,1,true,false,false,NATIVE_POSITION_RECONCILIATION_VALID
h4_d1_long_best_box2_atr80,h4_d1_long_best_box2_atr80,C:\Users\ZHAO ZHU INFORMATION\Downloads\algo-trading-system\xau-usd\xauusd-phase1\outputs\reports\mt5_backtests\a1_momentum_variants_owner_goal_regime_router_v1_exact_202207_202606_20260701\A1XauM5Momentum_OWNER_GOAL_REGIME_ROUTER_V1_EXACT_202207_202606_XAUUSD_M5_router_v1_r1_long_box2_prevhealth_trades.csv,110,h4_d1_long_best_box2_atr80::BT_A1_XAU_ROUTER_V1_R1_LONG_BOX2_PREVHEALTH::1025742::XAUUSD::932200::214,LONG,2025-03-27 12:00:00,2025-04-01 02:12:00,104.34,2025.03.27 12:00:00,214,3050.63,0.01,A1_M5_MOM_ROUTER_V1_,2025.04.01 02:12:00,223,3138.85,tp 3138.67,104.34,BT_A1_XAU_ROUTER_V1_R1_LONG_BOX2_PREVHEALTH,1025742,XAUUSD,932200,214,2025.03.27 12:00:00,214,214,3050.63,0.01,A1_M5_MOM_ROUTER_V1_,2025.04.01 01:44:25,222,222,3135.51,0.01,5,tp 3135.45,84.88,0.00,0.00,,false,84.88,2,1,1,true,true,true,NATIVE_POSITION_RECONCILIATION_VALID
r1_h1_pullback_long_v1,r1_h1_pullback_long_v1,C:\Users\ZHAO ZHU INFORMATION\Downloads\algo-trading-system\xau-usd\xauusd-phase1\outputs\reports\mt5_backtests\a1_momentum_variants_owner_goal_r1_pullback_long_v2_session_exact_202207_202606_20260701\A1XauM5Momentum_OWNER_GOAL_R1_PULLBACK_LONG_V2_SESSION_EXACT_202207_202606_XAUUSD_M5_r1_pullback_long_v2_m15_session_09_15_trades.csv,306,r1_h1_pullback_long_v1::BT_A1_XAU_R1_PULLBACK_LONG_V2_M15_SESSION_09_15::1025742::XAUUSD::932200::610,LONG,2025-03-27 13:00:00,2025-03-27 13:39:37,16.9,2025.03.27 13:00:00,610,3040.64,0.01,A1_M5_MOM_R1_PULLBAC,2025.03.27 13:39:37,613,3057.54,tp 3057.50,16.9,BT_A1_XAU_R1_PULLBACK_LONG_V2_M15_SESSION_09_15,1025742,XAUUSD,932200,610,2025.03.27 13:00:00,610,610,3040.64,0.01,A1_M5_MOM_R1_PULLBAC,2025.03.27 13:39:37,613,613,3057.54,0.01,5,tp 3057.50,16.90,0.00,0.00,,false,16.90,2,1,1,true,false,false,NATIVE_POSITION_RECONCILIATION_VALID
r1_h1_pullback_long_v1,r1_h1_pullback_long_v1,C:\Users\ZHAO ZHU INFORMATION\Downloads\algo-trading-system\xau-usd\xauusd-phase1\outputs\reports\mt5_backtests\a1_momentum_variants_owner_goal_r1_pullback_long_v2_session_exact_202207_202606_20260701\A1XauM5Momentum_OWNER_GOAL_R1_PULLBACK_LONG_V2_SESSION_EXACT_202207_202606_XAUUSD_M5_r1_pullback_long_v2_m15_session_09_15_trades.csv,307,r1_h1_pullback_long_v1::BT_A1_XAU_R1_PULLBACK_LONG_V2_M15_SESSION_09_15::1025742::XAUUSD::932200::611,LONG,2025-03-27 13:15:00,2025-03-28 04:33:31,30.23,2025.03.27 13:15:00,611,3047.34,0.01,A1_M5_MOM_R1_PULLBAC,2025.03.28 04:33:31,614,3077.57,tp 3077.53,30.23,BT_A1_XAU_R1_PULLBACK_LONG_V2_M15_SESSION_09_15,1025742,XAUUSD,932200,611,2025.03.27 13:15:00,611,611,3047.34,0.01,A1_M5_MOM_R1_PULLBAC,2025.03.28 04:33:31,614,614,3077.57,0.01,5,tp 3077.53,30.23,0.00,0.00,,false,30.23,2,1,1,true,false,false,NATIVE_POSITION_RECONCILIATION_VALID
r1_h1_pullback_long_v1,r1_h1_pullback_long_v1,C:\Users\ZHAO ZHU INFORMATION\Downloads\algo-trading-system\xau-usd\xauusd-phase1\outputs\reports\mt5_backtests\a1_momentum_variants_owner_goal_r1_pullback_long_v2_session_exact_202207_202606_20260701\A1XauM5Momentum_OWNER_GOAL_R1_PULLBACK_LONG_V2_SESSION_EXACT_202207_202606_XAUUSD_M5_r1_pullback_long_v2_m15_session_09_15_trades.csv,308,r1_h1_pullback_long_v1::BT_A1_XAU_R1_PULLBACK_LONG_V2_M15_SESSION_09_15::1025742::XAUUSD::932200::612,LONG,2025-03-27 13:30:00,2025-03-28 13:37:24,-13.72,2025.03.27 13:30:00,612,3050.74,0.01,A1_M5_MOM_R1_PULLBAC,2025.03.28 13:37:24,619,3069.51,sl 3069.54,-13.72,BT_A1_XAU_R1_PULLBACK_LONG_V2_M15_SESSION_09_15,1025742,XAUUSD,932200,612,2025.03.27 13:30:00,612,612,3050.74,0.01,A1_M5_MOM_R1_PULLBAC,2025.03.30 22:00:25,623,623,3088.04,0.01,5,tp 3088.04,37.30,0.00,0.00,,false,37.30,2,1,1,true,true,true,NATIVE_POSITION_RECONCILIATION_VALID
h4_d1_long_best_box2_atr80,h4_d1_long_best_box2_atr80,C:\Users\ZHAO ZHU INFORMATION\Downloads\algo-trading-system\xau-usd\xauusd-phase1\outputs\reports\mt5_backtests\a1_momentum_variants_owner_goal_regime_router_v1_exact_202207_202606_20260701\A1XauM5Momentum_OWNER_GOAL_REGIME_ROUTER_V1_EXACT_202207_202606_XAUUSD_M5_router_v1_r1_long_box2_prevhealth_trades.csv,111,h4_d1_long_best_box2_atr80::BT_A1_XAU_ROUTER_V1_R1_LONG_BOX2_PREVHEALTH::1025742::XAUUSD::932200::216,LONG,2025-03-28 04:00:00,2025-04-03 12:26:03,-69.38,2025.03.28 04:00:00,216,3074.04,0.01,A1_M5_MOM_ROUTER_V1_,2025.04.03 12:26:03,225,3076.72,sl 3076.81,-69.38,BT_A1_XAU_ROUTER_V1_R1_LONG_BOX2_PREVHEALTH,1025742,XAUUSD,932200,216,2025.03.28 04:00:00,216,216,3074.04,0.01,A1_M5_MOM_ROUTER_V1_,2025.04.06 22:00:00,229,229,3008.13,0.01,4,sl 3012.59,-65.91,0.00,0.00,,false,-65.91,2,1,1,true,true,true,NATIVE_POSITION_RECONCILIATION_VALID
r1_h1_pullback_long_v1,r1_h1_pullback_long_v1,C:\Users\ZHAO ZHU INFORMATION\Downloads\algo-trading-system\xau-usd\xauusd-phase1\outputs\reports\mt5_backtests\a1_momentum_variants_owner_goal_r1_pullback_long_v2_session_exact_202207_202606_20260701\A1XauM5Momentum_OWNER_GOAL_R1_PULLBACK_LONG_V2_SESSION_EXACT_202207_202606_XAUUSD_M5_r1_pullback_long_v2_m15_session_09_15_trades.csv,309,r1_h1_pullback_long_v1::BT_A1_XAU_R1_PULLBACK_LONG_V2_M15_SESSION_09_15::1025742::XAUUSD::932200::615,LONG,2025-03-28 10:00:00,2025-03-30 22:00:25,37.3,2025.03.28 10:00:00,615,3074.39,0.01,A1_M5_MOM_R1_PULLBAC,2025.03.30 22:00:25,623,3088.04,tp 3088.04,37.3,BT_A1_XAU_R1_PULLBACK_LONG_V2_M15_SESSION_09_15,1025742,XAUUSD,932200,615,2025.03.28 10:00:00,615,615,3074.39,0.01,A1_M5_MOM_R1_PULLBAC,2025.03.30 22:02:19,624,624,3091.14,0.01,5,tp 3091.14,16.75,0.00,0.00,,false,16.75,2,1,1,true,true,true,NATIVE_POSITION_RECONCILIATION_VALID
r1_h1_pullback_long_v1,r1_h1_pullback_long_v1,C:\Users\ZHAO ZHU INFORMATION\Downloads\algo-trading-system\xau-usd\xauusd-phase1\outputs\reports\mt5_backtests\a1_momentum_variants_owner_goal_r1_pullback_long_v2_session_exact_202207_202606_20260701\A1XauM5Momentum_OWNER_GOAL_R1_PULLBACK_LONG_V2_SESSION_EXACT_202207_202606_XAUUSD_M5_r1_pullback_long_v2_m15_session_09_15_trades.csv,310,r1_h1_pullback_long_v1::BT_A1_XAU_R1_PULLBACK_LONG_V2_M15_SESSION_09_15::1025742::XAUUSD::932200::616,LONG,2025-03-28 10:15:00,2025-03-30 22:02:19,16.75,2025.03.28 10:15:00,616,3076.93,0.01,A1_M5_MOM_R1_PULLBAC,2025.03.30 22:02:19,624,3091.14,tp 3091.14,16.75,BT_A1_XAU_R1_PULLBACK_LONG_V2_M15_SESSION_09_15,1025742,XAUUSD,932200,616,2025.03.28 10:15:00,616,616,3076.93,0.01,A1_M5_MOM_R1_PULLBAC,2025.03.31 02:09:30,626,626,3098.68,0.01,5,tp 3098.63,21.75,0.00,0.00,,false,21.75,2,1,1,true,true,true,NATIVE_POSITION_RECONCILIATION_VALID
r1_h1_pullback_long_v1,r1_h1_pullback_long_v1,C:\Users\ZHAO ZHU INFORMATION\Downloads\algo-trading-system\xau-usd\xauusd-phase1\outputs\reports\mt5_backtests\a1_momentum_variants_owner_goal_r1_pullback_long_v2_session_exact_202207_202606_20260701\A1XauM5Momentum_OWNER_GOAL_R1_PULLBACK_LONG_V2_SESSION_EXACT_202207_202606_XAUUSD_M5_r1_pullback_long_v2_m15_session_09_15_trades.csv,311,r1_h1_pullback_long_v1::BT_A1_XAU_R1_PULLBACK_LONG_V2_M15_SESSION_09_15::1025742::XAUUSD::932200::617,LONG,2025-03-28 10:30:00,2025-03-30 22:02:40,18.5,2025.03.28 10:30:00,617,3078.64,0.01,A1_M5_MOM_R1_PULLBAC,2025.03.30 22:02:40,625,3093.34,tp 3093.30,18.5,BT_A1_XAU_R1_PULLBACK_LONG_V2_M15_SESSION_09_15,1025742,XAUUSD,932200,617,2025.03.28 10:30:00,617,617,3078.64,0.01,A1_M5_MOM_R1_PULLBAC,2025.03.31 02:22:26,627,627,3103.96,0.01,5,tp 3103.77,25.32,0.00,0.00,,false,25.32,2,1,1,true,true,true,NATIVE_POSITION_RECONCILIATION_VALID
r1_h1_pullback_long_v1,r1_h1_pullback_long_v1,C:\Users\ZHAO ZHU INFORMATION\Downloads\algo-trading-system\xau-usd\xauusd-phase1\outputs\reports\mt5_backtests\a1_momentum_variants_owner_goal_r1_pullback_long_v2_session_exact_202207_202606_20260701\A1XauM5Momentum_OWNER_GOAL_R1_PULLBACK_LONG_V2_SESSION_EXACT_202207_202606_XAUUSD_M5_r1_pullback_long_v2_m15_session_09_15_trades.csv,312,r1_h1_pullback_long_v1::BT_A1_XAU_R1_PULLBACK_LONG_V2_M15_SESSION_09_15::1025742::XAUUSD::932200::618,LONG,2025-03-28 13:00:00,2025-03-31 02:09:30,21.75,2025.03.28 13:00:00,618,3083.23,0.01,A1_M5_MOM_R1_PULLBAC,2025.03.31 02:09:30,626,3098.68,tp 3098.63,21.75,BT_A1_XAU_R1_PULLBACK_LONG_V2_M15_SESSION_09_15,1025742,XAUUSD,932200,618,2025.03.28 13:00:00,618,618,3083.23,0.01,A1_M5_MOM_R1_PULLBAC,2025.03.28 13:37:24,619,619,3069.51,0.01,4,sl 3069.54,-13.72,0.00,0.00,,false,-13.72,2,1,1,true,true,true,NATIVE_POSITION_RECONCILIATION_VALID
r1_h1_pullback_long_v1,r1_h1_pullback_long_v1,C:\Users\ZHAO ZHU INFORMATION\Downloads\algo-trading-system\xau-usd\xauusd-phase1\outputs\reports\mt5_backtests\a1_momentum_variants_owner_goal_r1_pullback_long_v2_session_exact_202207_202606_20260701\A1XauM5Momentum_OWNER_GOAL_R1_PULLBACK_LONG_V2_SESSION_EXACT_202207_202606_XAUUSD_M5_r1_pullback_long_v2_m15_session_09_15_trades.csv,313,r1_h1_pullback_long_v1::BT_A1_XAU_R1_PULLBACK_LONG_V2_M15_SESSION_09_15::1025742::XAUUSD::932200::620,LONG,2025-03-28 14:15:00,2025-03-31 02:22:26,25.32,2025.03.28 14:15:00,620,3074.84,0.01,A1_M5_MOM_R1_PULLBAC,2025.03.31 02:22:26,627,3103.96,tp 3103.77,25.32,BT_A1_XAU_R1_PULLBACK_LONG_V2_M15_SESSION_09_15,1025742,XAUUSD,932200,620,2025.03.28 14:15:00,620,620,3074.84,0.01,A1_M5_MOM_R1_PULLBAC,2025.03.30 22:02:40,625,625,3093.34,0.01,5,tp 3093.30,18.50,0.00,0.00,,false,18.50,2,1,1,true,true,true,NATIVE_POSITION_RECONCILIATION_VALID
r1_h1_pullback_long_v1,r1_h1_pullback_long_v1,C:\Users\ZHAO ZHU INFORMATION\Downloads\algo-trading-system\xau-usd\xauusd-phase1\outputs\reports\mt5_backtests\a1_momentum_variants_owner_goal_r1_pullback_long_v2_session_exact_202207_202606_20260701\A1XauM5Momentum_OWNER_GOAL_R1_PULLBACK_LONG_V2_SESSION_EXACT_202207_202606_XAUUSD_M5_r1_pullback_long_v2_m15_session_09_15_trades.csv,314,r1_h1_pullback_long_v1::BT_A1_XAU_R1_PULLBACK_LONG_V2_M15_SESSION_09_15::1025742::XAUUSD::932200::621,LONG,2025-03-28 14:30:00,2025-03-31 03:06:24,28.85,2025.03.28 14:30:00,621,3080.11,0.01,A1_M5_MOM_R1_PULLBAC,2025.03.31 03:06:24,628,3108.96,tp 3108.88,28.85,BT_A1_XAU_R1_PULLBACK_LONG_V2_M15_SESSION_09_15,1025742,XAUUSD,932200,621,2025.03.28 14:30:00,621,621,3080.11,0.01,A1_M5_MOM_R1_PULLBAC,2025.03.31 03:06:24,628,628,3108.96,0.01,5,tp 3108.88,28.85,0.00,0.00,,false,28.85,2,1,1,true,false,false,NATIVE_POSITION_RECONCILIATION_VALID
r1_h1_pullback_long_v1,r1_h1_pullback_long_v1,C:\Users\ZHAO ZHU INFORMATION\Downloads\algo-trading-system\xau-usd\xauusd-phase1\outputs\reports\mt5_backtests\a1_momentum_variants_owner_goal_r1_pullback_long_v2_session_exact_202207_202606_20260701\A1XauM5Momentum_OWNER_GOAL_R1_PULLBACK_LONG_V2_SESSION_EXACT_202207_202606_XAUUSD_M5_r1_pullback_long_v2_m15_session_09_15_trades.csv,315,r1_h1_pullback_long_v1::BT_A1_XAU_R1_PULLBACK_LONG_V2_M15_SESSION_09_15::1025742::XAUUSD::932200::622,LONG,2025-03-28 14:45:00,2025-03-31 05:55:14,36.12,2025.03.28 14:45:00,622,3083.63,0.01,A1_M5_MOM_R1_PULLBAC,2025.03.31 05:55:14,629,3119.75,tp 3119.73,36.12,BT_A1_XAU_R1_PULLBACK_LONG_V2_M15_SESSION_09_15,1025742,XAUUSD,932200,622,2025.03.28 14:45:00,622,622,3083.63,0.01,A1_M5_MOM_R1_PULLBAC,2025.03.31 05:55:14,629,629,3119.75,0.01,5,tp 3119.73,36.12,0.00,0.00,,false,36.12,2,1,1,true,false,false,NATIVE_POSITION_RECONCILIATION_VALID
h4_d1_long_best_box2_atr80,h4_d1_long_best_box2_atr80,C:\Users\ZHAO ZHU INFORMATION\Downloads\algo-trading-system\xau-usd\xauusd-phase1\outputs\reports\mt5_backtests\a1_momentum_variants_owner_goal_regime_router_v1_exact_202207_202606_20260701\A1XauM5Momentum_OWNER_GOAL_REGIME_ROUTER_V1_EXACT_202207_202606_XAUUSD_M5_router_v1_r1_long_box2_prevhealth_trades.csv,112,h4_d1_long_best_box2_atr80::BT_A1_XAU_ROUTER_V1_R1_LONG_BOX2_PREVHEALTH::1025742::XAUUSD::932200::218,LONG,2025-03-31 04:00:00,2025-04-03 12:40:36,-62.37,2025.03.31 04:00:00,218,3107.05,0.01,A1_M5_MOM_ROUTER_V1_,2025.04.03 12:40:36,226,3062.17,sl 3062.19,-62.37,BT_A1_XAU_ROUTER_V1_R1_LONG_BOX2_PREVHEALTH,1025742,XAUUSD,932200,218,2025.03.31 04:00:00,218,218,3107.05,0.01,A1_M5_MOM_ROUTER_V1_,2025.04.03 12:40:37,227,227,3061.92,0.01,4,sl 3062.05,-45.13,0.00,0.00,,false,-45.13,2,1,1,true,true,true,NATIVE_POSITION_RECONCILIATION_VALID
h4_d1_long_best_box2_atr80,h4_d1_long_best_box2_atr80,C:\Users\ZHAO ZHU INFORMATION\Downloads\algo-trading-system\xau-usd\xauusd-phase1\outputs\reports\mt5_backtests\a1_momentum_variants_owner_goal_regime_router_v1_exact_202207_202606_20260701\A1XauM5Momentum_OWNER_GOAL_REGIME_ROUTER_V1_EXACT_202207_202606_XAUUSD_M5_router_v1_r1_long_box2_prevhealth_trades.csv,113,h4_d1_long_best_box2_atr80::BT_A1_XAU_ROUTER_V1_R1_LONG_BOX2_PREVHEALTH::1025742::XAUUSD::932200::220,LONG,2025-03-31 08:00:00,2025-04-03 12:40:37,-45.13,2025.03.31 08:00:00,220,3124.02,0.01,A1_M5_MOM_ROUTER_V1_,2025.04.03 12:40:37,227,3061.92,sl 3062.05,-45.13,BT_A1_XAU_ROUTER_V1_R1_LONG_BOX2_PREVHEALTH,1025742,XAUUSD,932200,220,2025.03.31 08:00:00,220,220,3124.02,0.01,A1_M5_MOM_ROUTER_V1_,2025.04.03 12:40:38,228,228,3061.44,0.01,4,sl 3061.58,-62.58,0.00,0.00,,false,-62.58,2,1,1,true,true,true,NATIVE_POSITION_RECONCILIATION_VALID
r1_h1_pullback_long_v1,r1_h1_pullback_long_v1,C:\Users\ZHAO ZHU INFORMATION\Downloads\algo-trading-system\xau-usd\xauusd-phase1\outputs\reports\mt5_backtests\a1_momentum_variants_owner_goal_r1_pullback_long_v2_session_exact_202207_202606_20260701\A1XauM5Momentum_OWNER_GOAL_R1_PULLBACK_LONG_V2_SESSION_EXACT_202207_202606_XAUUSD_M5_r1_pullback_long_v2_m15_session_09_15_trades.csv,316,r1_h1_pullback_long_v1::BT_A1_XAU_R1_PULLBACK_LONG_V2_M15_SESSION_09_15::1025742::XAUUSD::932200::630,LONG,2025-03-31 14:00:00,2025-04-01 02:47:29,30.5,2025.03.31 14:00:00,630,3113.48,0.01,A1_M5_MOM_R1_PULLBAC,2025.04.01 02:47:29,632,3143.98,tp 3143.96,30.5,BT_A1_XAU_R1_PULLBACK_LONG_V2_M15_SESSION_09_15,1025742,XAUUSD,932200,630,2025.03.31 14:00:00,630,630,3113.48,0.01,A1_M5_MOM_R1_PULLBAC,2025.04.01 02:47:29,632,632,3143.98,0.01,5,tp 3143.96,30.50,0.00,0.00,,false,30.50,2,1,1,true,false,false,NATIVE_POSITION_RECONCILIATION_VALID
r1_h1_pullback_long_v1,r1_h1_pullback_long_v1,C:\Users\ZHAO ZHU INFORMATION\Downloads\algo-trading-system\xau-usd\xauusd-phase1\outputs\reports\mt5_backtests\a1_momentum_variants_owner_goal_r1_pullback_long_v2_session_exact_202207_202606_20260701\A1XauM5Momentum_OWNER_GOAL_R1_PULLBACK_LONG_V2_SESSION_EXACT_202207_202606_XAUUSD_M5_r1_pullback_long_v2_m15_session_09_15_trades.csv,317,r1_h1_pullback_long_v1::BT_A1_XAU_R1_PULLBACK_LONG_V2_M15_SESSION_09_15::1025742::XAUUSD::932200::631,LONG,2025-03-31 14:45:00,2025-04-01 12:01:03,-7.1,2025.03.31 14:45:00,631,3119.42,0.01,A1_M5_MOM_R1_PULLBAC,2025.04.01 12:01:03,635,3128.33,sl 3128.47,-7.1,BT_A1_XAU_R1_PULLBACK_LONG_V2_M15_SESSION_09_15,1025742,XAUUSD,932200,631,2025.03.31 14:45:00,631,631,3119.42,0.01,A1_M5_MOM_R1_PULLBAC,2025.04.02 23:46:32,643,643,3162.26,0.01,5,tp 3162.18,42.84,0.00,0.00,,false,42.84,2,1,1,true,true,true,NATIVE_POSITION_RECONCILIATION_VALID
h4_d1_long_best_box2_atr80,h4_d1_long_best_box2_atr80,C:\Users\ZHAO ZHU INFORMATION\Downloads\algo-trading-system\xau-usd\xauusd-phase1\outputs\reports\mt5_backtests\a1_momentum_variants_owner_goal_regime_router_v1_exact_202207_202606_20260701\A1XauM5Momentum_OWNER_GOAL_REGIME_ROUTER_V1_EXACT_202207_202606_XAUUSD_M5_router_v1_r1_long_box2_prevhealth_trades.csv,114,h4_d1_long_best_box2_atr80::BT_A1_XAU_ROUTER_V1_R1_LONG_BOX2_PREVHEALTH::1025742::XAUUSD::932200::221,LONG,2025-03-31 20:00:00,2025-04-03 12:40:38,-62.58,2025.03.31 20:00:00,221,3124.54,0.01,A1_M5_MOM_ROUTER_V1_,2025.04.03 12:40:38,228,3061.44,sl 3061.58,-62.58,BT_A1_XAU_ROUTER_V1_R1_LONG_BOX2_PREVHEALTH,1025742,XAUUSD,932200,221,2025.03.31 20:00:00,221,221,3124.54,0.01,A1_M5_MOM_ROUTER_V1_,2025.04.03 12:40:36,226,226,3062.17,0.01,4,sl 3062.19,-62.37,0.00,0.00,,false,-62.37,2,1,1,true,true,true,NATIVE_POSITION_RECONCILIATION_VALID
h4_d1_long_best_box2_atr80,h4_d1_long_best_box2_atr80,C:\Users\ZHAO ZHU INFORMATION\Downloads\algo-trading-system\xau-usd\xauusd-phase1\outputs\reports\mt5_backtests\a1_momentum_variants_owner_goal_regime_router_v1_exact_202207_202606_20260701\A1XauM5Momentum_OWNER_GOAL_REGIME_ROUTER_V1_EXACT_202207_202606_XAUUSD_M5_router_v1_r1_long_box2_prevhealth_trades.csv,115,h4_d1_long_best_box2_atr80::BT_A1_XAU_ROUTER_V1_R1_LONG_BOX2_PREVHEALTH::1025742::XAUUSD::932200::224,LONG,2025-04-01 04:00:00,2025-04-06 22:00:00,-65.91,2025.04.01 04:00:00,224,3146.10,0.01,A1_M5_MOM_ROUTER_V1_,2025.04.06 22:00:00,229,3008.13,sl 3012.59,-65.91,BT_A1_XAU_ROUTER_V1_R1_LONG_BOX2_PREVHEALTH,1025742,XAUUSD,932200,224,2025.04.01 04:00:00,224,224,3146.10,0.01,A1_M5_MOM_ROUTER_V1_,2025.04.03 12:26:03,225,225,3076.72,0.01,4,sl 3076.81,-69.38,0.00,0.00,,false,-69.38,2,1,1,true,true,true,NATIVE_POSITION_RECONCILIATION_VALID
r1_h1_pullback_long_v1,r1_h1_pullback_long_v1,C:\Users\ZHAO ZHU INFORMATION\Downloads\algo-trading-system\xau-usd\xauusd-phase1\outputs\reports\mt5_backtests\a1_momentum_variants_owner_goal_r1_pullback_long_v2_session_exact_202207_202606_20260701\A1XauM5Momentum_OWNER_GOAL_R1_PULLBACK_LONG_V2_SESSION_EXACT_202207_202606_XAUUSD_M5_r1_pullback_long_v2_m15_session_09_15_trades.csv,318,r1_h1_pullback_long_v1::BT_A1_XAU_R1_PULLBACK_LONG_V2_M15_SESSION_09_15::1025742::XAUUSD::932200::633,LONG,2025-04-01 10:15:00,2025-04-01 12:01:03,-4.38,2025.04.01 10:15:00,633,3135.43,0.01,A1_M5_MOM_R1_PULLBAC,2025.04.01 12:01:03,636,3128.33,sl 3128.44,-4.38,BT_A1_XAU_R1_PULLBACK_LONG_V2_M15_SESSION_09_15,1025742,XAUUSD,932200,633,2025.04.01 10:15:00,633,633,3135.43,0.01,A1_M5_MOM_R1_PULLBAC,2025.04.01 12:01:03,635,635,3128.33,0.01,4,sl 3128.47,-7.10,0.00,0.00,,false,-7.10,2,1,1,true,true,true,NATIVE_POSITION_RECONCILIATION_VALID
r1_h1_pullback_long_v1,r1_h1_pullback_long_v1,C:\Users\ZHAO ZHU INFORMATION\Downloads\algo-trading-system\xau-usd\xauusd-phase1\outputs\reports\mt5_backtests\a1_momentum_variants_owner_goal_r1_pullback_long_v2_session_exact_202207_202606_20260701\A1XauM5Momentum_OWNER_GOAL_R1_PULLBACK_LONG_V2_SESSION_EXACT_202207_202606_XAUUSD_M5_r1_pullback_long_v2_m15_session_09_15_trades.csv,319,r1_h1_pullback_long_v1::BT_A1_XAU_R1_PULLBACK_LONG_V2_M15_SESSION_09_15::1025742::XAUUSD::932200::634,LONG,2025-04-01 11:45:00,2025-04-01 14:14:13,-6.91,2025.04.01 11:45:00,634,3132.71,0.01,A1_M5_MOM_R1_PULLBAC,2025.04.01 14:14:13,639,3126.83,sl 3126.87,-6.91,BT_A1_XAU_R1_PULLBACK_LONG_V2_M15_SESSION_09_15,1025742,XAUUSD,932200,634,2025.04.01 11:45:00,634,634,3132.71,0.01,A1_M5_MOM_R1_PULLBAC,2025.04.01 12:01:03,636,636,3128.33,0.01,4,sl 3128.44,-4.38,0.00,0.00,,false,-4.38,2,1,1,true,true,true,NATIVE_POSITION_RECONCILIATION_VALID
r1_h1_pullback_long_v1,r1_h1_pullback_long_v1,C:\Users\ZHAO ZHU INFORMATION\Downloads\algo-trading-system\xau-usd\xauusd-phase1\outputs\reports\mt5_backtests\a1_momentum_variants_owner_goal_r1_pullback_long_v2_session_exact_202207_202606_20260701\A1XauM5Momentum_OWNER_GOAL_R1_PULLBACK_LONG_V2_SESSION_EXACT_202207_202606_XAUUSD_M5_r1_pullback_long_v2_m15_session_09_15_trades.csv,320,r1_h1_pullback_long_v1::BT_A1_XAU_R1_PULLBACK_LONG_V2_M15_SESSION_09_15::1025742::XAUUSD::932200::637,LONG,2025-04-01 12:30:00,2025-04-01 14:14:15,-6.76,2025.04.01 12:30:00,637,3133.74,0.01,A1_M5_MOM_R1_PULLBAC,2025.04.01 14:14:15,640,3126.43,sl 3126.51,-6.76,BT_A1_XAU_R1_PULLBACK_LONG_V2_M15_SESSION_09_15,1025742,XAUUSD,932200,637,2025.04.01 12:30:00,637,637,3133.74,0.01,A1_M5_MOM_R1_PULLBAC,2025.04.01 14:14:13,639,639,3126.83,0.01,4,sl 3126.87,-6.91,0.00,0.00,,false,-6.91,2,1,1,true,true,true,NATIVE_POSITION_RECONCILIATION_VALID
r1_h1_pullback_long_v1,r1_h1_pullback_long_v1,C:\Users\ZHAO ZHU INFORMATION\Downloads\algo-trading-system\xau-usd\xauusd-phase1\outputs\reports\mt5_backtests\a1_momentum_variants_owner_goal_r1_pullback_long_v2_session_exact_202207_202606_20260701\A1XauM5Momentum_OWNER_GOAL_R1_PULLBACK_LONG_V2_SESSION_EXACT_202207_202606_XAUUSD_M5_r1_pullback_long_v2_m15_session_09_15_trades.csv,321,r1_h1_pullback_long_v1::BT_A1_XAU_R1_PULLBACK_LONG_V2_M15_SESSION_09_15::1025742::XAUUSD::932200::638,LONG,2025-04-01 14:00:00,2025-04-02 20:13:29,-10.12,2025.04.01 14:00:00,638,3133.19,0.01,A1_M5_MOM_R1_PULLBAC,2025.04.02 20:13:29,642,3115.78,sl 3115.85,-10.12,BT_A1_XAU_R1_PULLBACK_LONG_V2_M15_SESSION_09_15,1025742,XAUUSD,932200,638,2025.04.01 14:00:00,638,638,3133.19,0.01,A1_M5_MOM_R1_PULLBAC,2025.04.01 14:14:15,640,640,3126.43,0.01,4,sl 3126.51,-6.76,0.00,0.00,,false,-6.76,2,1,1,true,true,true,NATIVE_POSITION_RECONCILIATION_VALID
r1_h1_pullback_long_v1,r1_h1_pullback_long_v1,C:\Users\ZHAO ZHU INFORMATION\Downloads\algo-trading-system\xau-usd\xauusd-phase1\outputs\reports\mt5_backtests\a1_momentum_variants_owner_goal_r1_pullback_long_v2_session_exact_202207_202606_20260701\A1XauM5Momentum_OWNER_GOAL_R1_PULLBACK_LONG_V2_SESSION_EXACT_202207_202606_XAUUSD_M5_r1_pullback_long_v2_m15_session_09_15_trades.csv,322,r1_h1_pullback_long_v1::BT_A1_XAU_R1_PULLBACK_LONG_V2_M15_SESSION_09_15::1025742::XAUUSD::932200::641,LONG,2025-04-02 13:30:00,2025-04-02 23:46:32,42.84,2025.04.02 13:30:00,641,3125.90,0.01,A1_M5_MOM_R1_PULLBAC,2025.04.02 23:46:32,643,3162.26,tp 3162.18,42.84,BT_A1_XAU_R1_PULLBACK_LONG_V2_M15_SESSION_09_15,1025742,XAUUSD,932200,641,2025.04.02 13:30:00,641,641,3125.90,0.01,A1_M5_MOM_R1_PULLBAC,2025.04.02 20:13:29,642,642,3115.78,0.01,4,sl 3115.85,-10.12,0.00,0.00,,false,-10.12,2,1,1,true,true,true,NATIVE_POSITION_RECONCILIATION_VALID
r1_h1_pullback_long_v1,r1_h1_pullback_long_v1,C:\Users\ZHAO ZHU INFORMATION\Downloads\algo-trading-system\xau-usd\xauusd-phase1\outputs\reports\mt5_backtests\a1_momentum_variants_owner_goal_r1_pullback_long_v2_session_exact_202207_202606_20260701\A1XauM5Momentum_OWNER_GOAL_R1_PULLBACK_LONG_V2_SESSION_EXACT_202207_202606_XAUUSD_M5_r1_pullback_long_v2_m15_session_09_15_trades.csv,323,r1_h1_pullback_long_v1::BT_A1_XAU_R1_PULLBACK_LONG_V2_M15_SESSION_09_15::1025742::XAUUSD::932200::644,LONG,2025-06-05 09:15:00,2025-06-05 10:57:28,20.75,2025.06.05 09:15:00,644,3378.89,0.01,A1_M5_MOM_R1_PULLBAC,2025.06.05 10:57:28,647,3399.64,tp 3399.61,20.75,BT_A1_XAU_R1_PULLBACK_LONG_V2_M15_SESSION_09_15,1025742,XAUUSD,932200,644,2025.06.05 09:15:00,644,644,3378.89,0.01,A1_M5_MOM_R1_PULLBAC,2025.06.05 10:57:28,647,647,3399.64,0.01,5,tp 3399.61,20.75,0.00,0.00,,false,20.75,2,1,1,true,false,false,NATIVE_POSITION_RECONCILIATION_VALID
r1_h1_pullback_long_v1,r1_h1_pullback_long_v1,C:\Users\ZHAO ZHU INFORMATION\Downloads\algo-trading-system\xau-usd\xauusd-phase1\outputs\reports\mt5_backtests\a1_momentum_variants_owner_goal_r1_pullback_long_v2_session_exact_202207_202606_20260701\A1XauM5Momentum_OWNER_GOAL_R1_PULLBACK_LONG_V2_SESSION_EXACT_202207_202606_XAUUSD_M5_r1_pullback_long_v2_m15_session_09_15_trades.csv,324,r1_h1_pullback_long_v1::BT_A1_XAU_R1_PULLBACK_LONG_V2_M15_SESSION_09_15::1025742::XAUUSD::932200::645,LONG,2025-06-05 09:30:00,2025-06-05 14:05:41,-19.13,2025.06.05 09:30:00,645,3387.98,0.01,A1_M5_MOM_R1_PULLBAC,2025.06.05 14:05:41,649,3370.46,sl 3370.62,-19.13,BT_A1_XAU_R1_PULLBACK_LONG_V2_M15_SESSION_09_15,1025742,XAUUSD,932200,645,2025.06.05 09:30:00,645,645,3387.98,0.01,A1_M5_MOM_R1_PULLBAC,2025.06.05 14:05:53,651,651,3368.71,0.01,4,sl 3368.80,-19.27,0.00,0.00,,false,-19.27,2,1,1,true,true,true,NATIVE_POSITION_RECONCILIATION_VALID
r1_h1_pullback_long_v1,r1_h1_pullback_long_v1,C:\Users\ZHAO ZHU INFORMATION\Downloads\algo-trading-system\xau-usd\xauusd-phase1\outputs\reports\mt5_backtests\a1_momentum_variants_owner_goal_r1_pullback_long_v2_session_exact_202207_202606_20260701\A1XauM5Momentum_OWNER_GOAL_R1_PULLBACK_LONG_V2_SESSION_EXACT_202207_202606_XAUUSD_M5_r1_pullback_long_v2_m15_session_09_15_trades.csv,325,r1_h1_pullback_long_v1::BT_A1_XAU_R1_PULLBACK_LONG_V2_M15_SESSION_09_15::1025742::XAUUSD::932200::646,LONG,2025-06-05 10:00:00,2025-06-05 14:05:43,-15.39,2025.06.05 10:00:00,646,3389.59,0.01,A1_M5_MOM_R1_PULLBAC,2025.06.05 14:05:43,650,3369.63,sl 3369.66,-15.39,BT_A1_XAU_R1_PULLBACK_LONG_V2_M15_SESSION_09_15,1025742,XAUUSD,932200,646,2025.06.05 10:00:00,646,646,3389.59,0.01,A1_M5_MOM_R1_PULLBAC,2025.06.05 14:05:41,649,649,3370.46,0.01,4,sl 3370.62,-19.13,0.00,0.00,,false,-19.13,2,1,1,true,true,true,NATIVE_POSITION_RECONCILIATION_VALID
r1_h1_pullback_long_v1,r1_h1_pullback_long_v1,C:\Users\ZHAO ZHU INFORMATION\Downloads\algo-trading-system\xau-usd\xauusd-phase1\outputs\reports\mt5_backtests\a1_momentum_variants_owner_goal_r1_pullback_long_v2_session_exact_202207_202606_20260701\A1XauM5Momentum_OWNER_GOAL_R1_PULLBACK_LONG_V2_SESSION_EXACT_202207_202606_XAUUSD_M5_r1_pullback_long_v2_m15_session_09_15_trades.csv,326,r1_h1_pullback_long_v1::BT_A1_XAU_R1_PULLBACK_LONG_V2_M15_SESSION_09_15::1025742::XAUUSD::932200::648,LONG,2025-06-05 13:45:00,2025-06-05 14:05:53,-19.27,2025.06.05 13:45:00,648,3385.02,0.01,A1_M5_MOM_R1_PULLBAC,2025.06.05 14:05:53,651,3368.71,sl 3368.80,-19.27,BT_A1_XAU_R1_PULLBACK_LONG_V2_M15_SESSION_09_15,1025742,XAUUSD,932200,648,2025.06.05 13:45:00,648,648,3385.02,0.01,A1_M5_MOM_R1_PULLBAC,2025.06.05 14:05:43,650,650,3369.63,0.01,4,sl 3369.66,-15.39,0.00,0.00,,false,-15.39,2,1,1,true,true,true,NATIVE_POSITION_RECONCILIATION_VALID
h4_d1_long_best_box2_atr80,h4_d1_long_best_box2_atr80,C:\Users\ZHAO ZHU INFORMATION\Downloads\algo-trading-system\xau-usd\xauusd-phase1\outputs\reports\mt5_backtests\a1_momentum_variants_owner_goal_regime_router_v1_exact_202207_202606_20260701\A1XauM5Momentum_OWNER_GOAL_REGIME_ROUTER_V1_EXACT_202207_202606_XAUUSD_M5_router_v1_r1_long_box2_prevhealth_trades.csv,116,h4_d1_long_best_box2_atr80::BT_A1_XAU_ROUTER_V1_R1_LONG_BOX2_PREVHEALTH::1025742::XAUUSD::932200::230,LONG,2025-06-13 04:00:00,2025-06-24 06:34:38,-106.37,2025.06.13 04:00:00,230,3425.71,0.01,A1_M5_MOM_ROUTER_V1_,2025.06.24 06:34:38,232,3319.34,sl 3319.44,-106.37,BT_A1_XAU_ROUTER_V1_R1_LONG_BOX2_PREVHEALTH,1025742,XAUUSD,932200,230,2025.06.13 04:00:00,230,230,3425.71,0.01,A1_M5_MOM_ROUTER_V1_,2025.06.24 06:34:38,232,232,3319.34,0.01,4,sl 3319.44,-106.37,0.00,0.00,,false,-106.37,2,1,1,true,false,false,NATIVE_POSITION_RECONCILIATION_VALID
h4_d1_long_best_box2_atr80,h4_d1_long_best_box2_atr80,C:\Users\ZHAO ZHU INFORMATION\Downloads\algo-trading-system\xau-usd\xauusd-phase1\outputs\reports\mt5_backtests\a1_momentum_variants_owner_goal_regime_router_v1_exact_202207_202606_20260701\A1XauM5Momentum_OWNER_GOAL_REGIME_ROUTER_V1_EXACT_202207_202606_XAUUSD_M5_router_v1_r1_long_box2_prevhealth_trades.csv,117,h4_d1_long_best_box2_atr80::BT_A1_XAU_ROUTER_V1_R1_LONG_BOX2_PREVHEALTH::1025742::XAUUSD::932200::231,LONG,2025-06-13 12:00:00,2025-06-24 06:34:38,-103.07,2025.06.13 12:00:00,231,3422.41,0.01,A1_M5_MOM_ROUTER_V1_,2025.06.24 06:34:38,233,3319.34,sl 3319.51,-103.07,BT_A1_XAU_ROUTER_V1_R1_LONG_BOX2_PREVHEALTH,1025742,XAUUSD,932200,231,2025.06.13 12:00:00,231,231,3422.41,0.01,A1_M5_MOM_ROUTER_V1_,2025.06.24 06:34:38,233,233,3319.34,0.01,4,sl 3319.51,-103.07,0.00,0.00,,false,-103.07,2,1,1,true,false,false,NATIVE_POSITION_RECONCILIATION_VALID
r1_h1_pullback_long_v1,r1_h1_pullback_long_v1,C:\Users\ZHAO ZHU INFORMATION\Downloads\algo-trading-system\xau-usd\xauusd-phase1\outputs\reports\mt5_backtests\a1_momentum_variants_owner_goal_r1_pullback_long_v2_session_exact_202207_202606_20260701\A1XauM5Momentum_OWNER_GOAL_R1_PULLBACK_LONG_V2_SESSION_EXACT_202207_202606_XAUUSD_M5_r1_pullback_long_v2_m15_session_09_15_trades.csv,327,r1_h1_pullback_long_v1::BT_A1_XAU_R1_PULLBACK_LONG_V2_M15_SESSION_09_15::1025742::XAUUSD::932200::652,LONG,2025-06-13 12:30:00,2025-06-16 07:13:28,-16.68,2025.06.13 12:30:00,652,3428.06,0.01,A1_M5_MOM_R1_PULLBAC,2025.06.16 07:13:28,653,3411.38,sl 3411.46,-16.68,BT_A1_XAU_R1_PULLBACK_LONG_V2_M15_SESSION_09_15,1025742,XAUUSD,932200,652,2025.06.13 12:30:00,652,652,3428.06,0.01,A1_M5_MOM_R1_PULLBAC,2025.06.16 07:13:28,653,653,3411.38,0.01,4,sl 3411.46,-16.68,0.00,0.00,,false,-16.68,2,1,1,true,false,false,NATIVE_POSITION_RECONCILIATION_VALID
r1_h1_pullback_long_v1,r1_h1_pullback_long_v1,C:\Users\ZHAO ZHU INFORMATION\Downloads\algo-trading-system\xau-usd\xauusd-phase1\outputs\reports\mt5_backtests\a1_momentum_variants_owner_goal_r1_pullback_long_v2_session_exact_202207_202606_20260701\A1XauM5Momentum_OWNER_GOAL_R1_PULLBACK_LONG_V2_SESSION_EXACT_202207_202606_XAUUSD_M5_r1_pullback_long_v2_m15_session_09_15_trades.csv,328,r1_h1_pullback_long_v1::BT_A1_XAU_R1_PULLBACK_LONG_V2_M15_SESSION_09_15::1025742::XAUUSD::932200::654,LONG,2025-07-22 11:15:00,2025-07-22 12:20:18,7.0,2025.07.22 11:15:00,654,3388.51,0.01,A1_M5_MOM_R1_PULLBAC,2025.07.22 12:20:18,658,3395.51,tp 3395.51,7.0,BT_A1_XAU_R1_PULLBACK_LONG_V2_M15_SESSION_09_15,1025742,XAUUSD,932200,654,2025.07.22 11:15:00,654,654,3388.51,0.01,A1_M5_MOM_R1_PULLBAC,2025.07.22 12:20:18,658,658,3395.51,0.01,5,tp 3395.51,7.00,0.00,0.00,,false,7.00,2,1,1,true,false,false,NATIVE_POSITION_RECONCILIATION_VALID
r1_h1_pullback_long_v1,r1_h1_pullback_long_v1,C:\Users\ZHAO ZHU INFORMATION\Downloads\algo-trading-system\xau-usd\xauusd-phase1\outputs\reports\mt5_backtests\a1_momentum_variants_owner_goal_r1_pullback_long_v2_session_exact_202207_202606_20260701\A1XauM5Momentum_OWNER_GOAL_R1_PULLBACK_LONG_V2_SESSION_EXACT_202207_202606_XAUUSD_M5_r1_pullback_long_v2_m15_session_09_15_trades.csv,329,r1_h1_pullback_long_v1::BT_A1_XAU_R1_PULLBACK_LONG_V2_M15_SESSION_09_15::1025742::XAUUSD::932200::655,LONG,2025-07-22 11:45:00,2025-07-22 12:21:18,7.73,2025.07.22 11:45:00,655,3389.59,0.01,A1_M5_MOM_R1_PULLBAC,2025.07.22 12:21:18,659,3397.32,tp 3397.31,7.73,BT_A1_XAU_R1_PULLBACK_LONG_V2_M15_SESSION_09_15,1025742,XAUUSD,932200,655,2025.07.22 11:45:00,655,655,3389.59,0.01,A1_M5_MOM_R1_PULLBAC,2025.07.22 12:21:18,659,659,3397.32,0.01,5,tp 3397.31,7.73,0.00,0.00,,false,7.73,2,1,1,true,false,false,NATIVE_POSITION_RECONCILIATION_VALID
r1_h1_pullback_long_v1,r1_h1_pullback_long_v1,C:\Users\ZHAO ZHU INFORMATION\Downloads\algo-trading-system\xau-usd\xauusd-phase1\outputs\reports\mt5_backtests\a1_momentum_variants_owner_goal_r1_pullback_long_v2_session_exact_202207_202606_20260701\A1XauM5Momentum_OWNER_GOAL_R1_PULLBACK_LONG_V2_SESSION_EXACT_202207_202606_XAUUSD_M5_r1_pullback_long_v2_m15_session_09_15_trades.csv,330,r1_h1_pullback_long_v1::BT_A1_XAU_R1_PULLBACK_LONG_V2_M15_SESSION_09_15::1025742::XAUUSD::932200::656,LONG,2025-07-22 12:00:00,2025-07-22 12:42:04,10.54,2025.07.22 12:00:00,656,3391.64,0.01,A1_M5_MOM_R1_PULLBAC,2025.07.22 12:42:04,661,3402.18,tp 3402.17,10.54,BT_A1_XAU_R1_PULLBACK_LONG_V2_M15_SESSION_09_15,1025742,XAUUSD,932200,656,2025.07.22 12:00:00,656,656,3391.64,0.01,A1_M5_MOM_R1_PULLBAC,2025.07.22 12:42:04,661,661,3402.18,0.01,5,tp 3402.17,10.54,0.00,0.00,,false,10.54,2,1,1,true,false,false,NATIVE_POSITION_RECONCILIATION_VALID
r1_h1_pullback_long_v1,r1_h1_pullback_long_v1,C:\Users\ZHAO ZHU INFORMATION\Downloads\algo-trading-system\xau-usd\xauusd-phase1\outputs\reports\mt5_backtests\a1_momentum_variants_owner_goal_r1_pullback_long_v2_session_exact_202207_202606_20260701\A1XauM5Momentum_OWNER_GOAL_R1_PULLBACK_LONG_V2_SESSION_EXACT_202207_202606_XAUUSD_M5_r1_pullback_long_v2_m15_session_09_15_trades.csv,331,r1_h1_pullback_long_v1::BT_A1_XAU_R1_PULLBACK_LONG_V2_M15_SESSION_09_15::1025742::XAUUSD::932200::657,LONG,2025-07-22 12:15:00,2025-07-22 13:07:17,16.49,2025.07.22 12:15:00,657,3394.48,0.01,A1_M5_MOM_R1_PULLBAC,2025.07.22 13:07:17,664,3410.97,tp 3410.96,16.49,BT_A1_XAU_R1_PULLBACK_LONG_V2_M15_SESSION_09_15,1025742,XAUUSD,932200,657,2025.07.22 12:15:00,657,657,3394.48,0.01,A1_M5_MOM_R1_PULLBAC,2025.07.22 13:07:17,664,664,3410.97,0.01,5,tp 3410.96,16.49,0.00,0.00,,false,16.49,2,1,1,true,false,false,NATIVE_POSITION_RECONCILIATION_VALID
r1_h1_pullback_long_v1,r1_h1_pullback_long_v1,C:\Users\ZHAO ZHU INFORMATION\Downloads\algo-trading-system\xau-usd\xauusd-phase1\outputs\reports\mt5_backtests\a1_momentum_variants_owner_goal_r1_pullback_long_v2_session_exact_202207_202606_20260701\A1XauM5Momentum_OWNER_GOAL_R1_PULLBACK_LONG_V2_SESSION_EXACT_202207_202606_XAUUSD_M5_r1_pullback_long_v2_m15_session_09_15_trades.csv,332,r1_h1_pullback_long_v1::BT_A1_XAU_R1_PULLBACK_LONG_V2_M15_SESSION_09_15::1025742::XAUUSD::932200::660,LONG,2025-07-22 12:30:00,2025-07-22 15:04:39,28.77,2025.07.22 12:30:00,660,3400.61,0.01,A1_M5_MOM_R1_PULLBAC,2025.07.22 15:04:39,665,3429.38,tp 3429.38,28.77,BT_A1_XAU_R1_PULLBACK_LONG_V2_M15_SESSION_09_15,1025742,XAUUSD,932200,660,2025.07.22 12:30:00,660,660,3400.61,0.01,A1_M5_MOM_R1_PULLBAC,2025.07.22 15:04:39,665,665,3429.38,0.01,5,tp 3429.38,28.77,0.00,0.00,,false,28.77,2,1,1,true,false,false,NATIVE_POSITION_RECONCILIATION_VALID
r1_h1_pullback_long_v1,r1_h1_pullback_long_v1,C:\Users\ZHAO ZHU INFORMATION\Downloads\algo-trading-system\xau-usd\xauusd-phase1\outputs\reports\mt5_backtests\a1_momentum_variants_owner_goal_r1_pullback_long_v2_session_exact_202207_202606_20260701\A1XauM5Momentum_OWNER_GOAL_R1_PULLBACK_LONG_V2_SESSION_EXACT_202207_202606_XAUUSD_M5_r1_pullback_long_v2_m15_session_09_15_trades.csv,333,r1_h1_pullback_long_v1::BT_A1_XAU_R1_PULLBACK_LONG_V2_M15_SESSION_09_15::1025742::XAUUSD::932200::662,LONG,2025-07-22 12:45:00,2025-07-23 13:00:19,-9.26,2025.07.22 12:45:00,662,3403.92,0.01,A1_M5_MOM_R1_PULLBAC,2025.07.23 13:00:19,670,3419.67,sl 3419.68,-9.26,BT_A1_XAU_R1_PULLBACK_LONG_V2_M15_SESSION_09_15,1025742,XAUUSD,932200,662,2025.07.22 12:45:00,662,662,3403.92,0.01,A1_M5_MOM_R1_PULLBAC,2025.07.23 16:03:40,674,674,3386.15,0.01,4,sl 3386.15,-17.77,0.00,0.00,,false,-17.77,2,1,1,true,true,true,NATIVE_POSITION_RECONCILIATION_VALID
r1_h1_pullback_long_v1,r1_h1_pullback_long_v1,C:\Users\ZHAO ZHU INFORMATION\Downloads\algo-trading-system\xau-usd\xauusd-phase1\outputs\reports\mt5_backtests\a1_momentum_variants_owner_goal_r1_pullback_long_v2_session_exact_202207_202606_20260701\A1XauM5Momentum_OWNER_GOAL_R1_PULLBACK_LONG_V2_SESSION_EXACT_202207_202606_XAUUSD_M5_r1_pullback_long_v2_m15_session_09_15_trades.csv,334,r1_h1_pullback_long_v1::BT_A1_XAU_R1_PULLBACK_LONG_V2_M15_SESSION_09_15::1025742::XAUUSD::932200::663,LONG,2025-07-22 13:00:00,2025-07-23 13:00:19,-5.86,2025.07.22 13:00:00,663,3407.77,0.01,A1_M5_MOM_R1_PULLBAC,2025.07.23 13:00:19,671,3419.65,sl 3419.65,-5.86,BT_A1_XAU_R1_PULLBACK_LONG_V2_M15_SESSION_09_15,1025742,XAUUSD,932200,663,2025.07.22 13:00:00,663,663,3407.77,0.01,A1_M5_MOM_R1_PULLBAC,2025.07.23 16:03:41,675,675,3386.03,0.01,4,sl 3386.03,-21.74,0.00,0.00,,false,-21.74,2,1,1,true,true,true,NATIVE_POSITION_RECONCILIATION_VALID
r1_h1_pullback_long_v1,r1_h1_pullback_long_v1,C:\Users\ZHAO ZHU INFORMATION\Downloads\algo-trading-system\xau-usd\xauusd-phase1\outputs\reports\mt5_backtests\a1_momentum_variants_owner_goal_r1_pullback_long_v2_session_exact_202207_202606_20260701\A1XauM5Momentum_OWNER_GOAL_R1_PULLBACK_LONG_V2_SESSION_EXACT_202207_202606_XAUUSD_M5_r1_pullback_long_v2_m15_session_09_15_trades.csv,335,r1_h1_pullback_long_v1::BT_A1_XAU_R1_PULLBACK_LONG_V2_M15_SESSION_09_15::1025742::XAUUSD::932200::666,LONG,2025-07-23 09:00:00,2025-07-23 13:00:27,-11.15,2025.07.23 09:00:00,666,3428.67,0.01,A1_M5_MOM_R1_PULLBAC,2025.07.23 13:00:27,672,3419.21,sl 3419.22,-11.15,BT_A1_XAU_R1_PULLBACK_LONG_V2_M15_SESSION_09_15,1025742,XAUUSD,932200,666,2025.07.23 09:00:00,666,666,3428.67,0.01,A1_M5_MOM_R1_PULLBAC,2025.07.23 13:00:27,673,673,3419.19,0.01,4,sl 3419.20,-9.48,0.00,0.00,,false,-9.48,2,1,1,true,true,true,NATIVE_POSITION_RECONCILIATION_VALID
r1_h1_pullback_long_v1,r1_h1_pullback_long_v1,C:\Users\ZHAO ZHU INFORMATION\Downloads\algo-trading-system\xau-usd\xauusd-phase1\outputs\reports\mt5_backtests\a1_momentum_variants_owner_goal_r1_pullback_long_v2_session_exact_202207_202606_20260701\A1XauM5Momentum_OWNER_GOAL_R1_PULLBACK_LONG_V2_SESSION_EXACT_202207_202606_XAUUSD_M5_r1_pullback_long_v2_m15_session_09_15_trades.csv,336,r1_h1_pullback_long_v1::BT_A1_XAU_R1_PULLBACK_LONG_V2_M15_SESSION_09_15::1025742::XAUUSD::932200::667,LONG,2025-07-23 09:15:00,2025-07-23 13:00:27,-9.48,2025.07.23 09:15:00,667,3430.36,0.01,A1_M5_MOM_R1_PULLBAC,2025.07.23 13:00:27,673,3419.19,sl 3419.20,-9.48,BT_A1_XAU_R1_PULLBACK_LONG_V2_M15_SESSION_09_15,1025742,XAUUSD,932200,667,2025.07.23 09:15:00,667,667,3430.36,0.01,A1_M5_MOM_R1_PULLBAC,2025.07.23 13:00:27,672,672,3419.21,0.01,4,sl 3419.22,-11.15,0.00,0.00,,false,-11.15,2,1,1,true,true,true,NATIVE_POSITION_RECONCILIATION_VALID
r1_h1_pullback_long_v1,r1_h1_pullback_long_v1,C:\Users\ZHAO ZHU INFORMATION\Downloads\algo-trading-system\xau-usd\xauusd-phase1\outputs\reports\mt5_backtests\a1_momentum_variants_owner_goal_r1_pullback_long_v2_session_exact_202207_202606_20260701\A1XauM5Momentum_OWNER_GOAL_R1_PULLBACK_LONG_V2_SESSION_EXACT_202207_202606_XAUUSD_M5_r1_pullback_long_v2_m15_session_09_15_trades.csv,337,r1_h1_pullback_long_v1::BT_A1_XAU_R1_PULLBACK_LONG_V2_M15_SESSION_09_15::1025742::XAUUSD::932200::668,LONG,2025-07-23 11:30:00,2025-07-23 16:03:40,-17.77,2025.07.23 11:30:00,668,3425.51,0.01,A1_M5_MOM_R1_PULLBAC,2025.07.23 16:03:40,674,3386.15,sl 3386.15,-17.77,BT_A1_XAU_R1_PULLBACK_LONG_V2_M15_SESSION_09_15,1025742,XAUUSD,932200,668,2025.07.23 11:30:00,668,668,3425.51,0.01,A1_M5_MOM_R1_PULLBAC,2025.07.23 13:00:19,671,671,3419.65,0.01,4,sl 3419.65,-5.86,0.00,0.00,,false,-5.86,2,1,1,true,true,true,NATIVE_POSITION_RECONCILIATION_VALID
r1_h1_pullback_long_v1,r1_h1_pullback_long_v1,C:\Users\ZHAO ZHU INFORMATION\Downloads\algo-trading-system\xau-usd\xauusd-phase1\outputs\reports\mt5_backtests\a1_momentum_variants_owner_goal_r1_pullback_long_v2_session_exact_202207_202606_20260701\A1XauM5Momentum_OWNER_GOAL_R1_PULLBACK_LONG_V2_SESSION_EXACT_202207_202606_XAUUSD_M5_r1_pullback_long_v2_m15_session_09_15_trades.csv,338,r1_h1_pullback_long_v1::BT_A1_XAU_R1_PULLBACK_LONG_V2_M15_SESSION_09_15::1025742::XAUUSD::932200::669,LONG,2025-07-23 11:45:00,2025-07-23 16:03:41,-21.74,2025.07.23 11:45:00,669,3428.93,0.01,A1_M5_MOM_R1_PULLBAC,2025.07.23 16:03:41,675,3386.03,sl 3386.03,-21.74,BT_A1_XAU_R1_PULLBACK_LONG_V2_M15_SESSION_09_15,1025742,XAUUSD,932200,669,2025.07.23 11:45:00,669,669,3428.93,0.01,A1_M5_MOM_R1_PULLBAC,2025.07.23 13:00:19,670,670,3419.67,0.01,4,sl 3419.68,-9.26,0.00,0.00,,false,-9.26,2,1,1,true,true,true,NATIVE_POSITION_RECONCILIATION_VALID
h4_d1_long_best_box2_atr80,h4_d1_long_best_box2_atr80,C:\Users\ZHAO ZHU INFORMATION\Downloads\algo-trading-system\xau-usd\xauusd-phase1\outputs\reports\mt5_backtests\a1_momentum_variants_owner_goal_regime_router_v1_exact_202207_202606_20260701\A1XauM5Momentum_OWNER_GOAL_REGIME_ROUTER_V1_EXACT_202207_202606_XAUUSD_M5_router_v1_r1_long_box2_prevhealth_trades.csv,118,h4_d1_long_best_box2_atr80::BT_A1_XAU_ROUTER_V1_R1_LONG_BOX2_PREVHEALTH::1025742::XAUUSD::932200::234,LONG,2025-08-07 08:00:00,2025-08-11 11:27:42,-46.35,2025.08.07 08:00:00,234,3396.49,0.01,A1_M5_MOM_ROUTER_V1_,2025.08.11 11:27:42,236,3350.14,sl 3350.15,-46.35,BT_A1_XAU_ROUTER_V1_R1_LONG_BOX2_PREVHEALTH,1025742,XAUUSD,932200,234,2025.08.07 08:00:00,234,234,3396.49,0.01,A1_M5_MOM_ROUTER_V1_,2025.08.11 11:27:42,236,236,3350.14,0.01,4,sl 3350.15,-46.35,0.00,0.00,,false,-46.35,2,1,1,true,false,false,NATIVE_POSITION_RECONCILIATION_VALID
r1_h1_pullback_long_v1,r1_h1_pullback_long_v1,C:\Users\ZHAO ZHU INFORMATION\Downloads\algo-trading-system\xau-usd\xauusd-phase1\outputs\reports\mt5_backtests\a1_momentum_variants_owner_goal_r1_pullback_long_v2_session_exact_202207_202606_20260701\A1XauM5Momentum_OWNER_GOAL_R1_PULLBACK_LONG_V2_SESSION_EXACT_202207_202606_XAUUSD_M5_r1_pullback_long_v2_m15_session_09_15_trades.csv,339,r1_h1_pullback_long_v1::BT_A1_XAU_R1_PULLBACK_LONG_V2_M15_SESSION_09_15::1025742::XAUUSD::932200::676,LONG,2025-08-07 09:15:00,2025-08-07 20:07:14,19.81,2025.08.07 09:15:00,676,3381.28,0.01,A1_M5_MOM_R1_PULLBAC,2025.08.07 20:07:14,680,3401.09,tp 3401.08,19.81,BT_A1_XAU_R1_PULLBACK_LONG_V2_M15_SESSION_09_15,1025742,XAUUSD,932200,676,2025.08.07 09:15:00,676,676,3381.28,0.01,A1_M5_MOM_R1_PULLBAC,2025.08.07 20:07:14,680,680,3401.09,0.01,5,tp 3401.08,19.81,0.00,0.00,,false,19.81,2,1,1,true,false,false,NATIVE_POSITION_RECONCILIATION_VALID
r1_h1_pullback_long_v1,r1_h1_pullback_long_v1,C:\Users\ZHAO ZHU INFORMATION\Downloads\algo-trading-system\xau-usd\xauusd-phase1\outputs\reports\mt5_backtests\a1_momentum_variants_owner_goal_r1_pullback_long_v2_session_exact_202207_202606_20260701\A1XauM5Momentum_OWNER_GOAL_R1_PULLBACK_LONG_V2_SESSION_EXACT_202207_202606_XAUUSD_M5_r1_pullback_long_v2_m15_session_09_15_trades.csv,340,r1_h1_pullback_long_v1::BT_A1_XAU_R1_PULLBACK_LONG_V2_M15_SESSION_09_15::1025742::XAUUSD::932200::677,LONG,2025-08-07 12:30:00,2025-08-07 22:00:00,22.7,2025.08.07 12:30:00,677,3381.47,0.01,A1_M5_MOM_R1_PULLBAC,2025.08.07 22:00:00,681,3404.17,tp 3402.93,22.7,BT_A1_XAU_R1_PULLBACK_LONG_V2_M15_SESSION_09_15,1025742,XAUUSD,932200,677,2025.08.07 12:30:00,677,677,3381.47,0.01,A1_M5_MOM_R1_PULLBAC,2025.08.07 22:00:00,681,681,3404.17,0.01,5,tp 3402.93,22.70,0.00,0.00,,false,22.70,2,1,1,true,false,false,NATIVE_POSITION_RECONCILIATION_VALID
r1_h1_pullback_long_v1,r1_h1_pullback_long_v1,C:\Users\ZHAO ZHU INFORMATION\Downloads\algo-trading-system\xau-usd\xauusd-phase1\outputs\reports\mt5_backtests\a1_momentum_variants_owner_goal_r1_pullback_long_v2_session_exact_202207_202606_20260701\A1XauM5Momentum_OWNER_GOAL_R1_PULLBACK_LONG_V2_SESSION_EXACT_202207_202606_XAUUSD_M5_r1_pullback_long_v2_m15_session_09_15_trades.csv,341,r1_h1_pullback_long_v1::BT_A1_XAU_R1_PULLBACK_LONG_V2_M15_SESSION_09_15::1025742::XAUUSD::932200::678,LONG,2025-08-07 14:15:00,2025-08-08 10:19:57,-5.86,2025.08.07 14:15:00,678,3390.38,0.01,A1_M5_MOM_R1_PULLBAC,2025.08.08 10:19:57,683,3393.01,sl 3393.01,-5.86,BT_A1_XAU_R1_PULLBACK_LONG_V2_M15_SESSION_09_15,1025742,XAUUSD,932200,678,2025.08.07 14:15:00,678,678,3390.38,0.01,A1_M5_MOM_R1_PULLBAC,2025.08.11 01:07:41,686,686,3373.90,0.01,4,sl 3373.92,-16.48,0.00,0.00,,false,-16.48,2,1,1,true,true,true,NATIVE_POSITION_RECONCILIATION_VALID
r1_h1_pullback_long_v1,r1_h1_pullback_long_v1,C:\Users\ZHAO ZHU INFORMATION\Downloads\algo-trading-system\xau-usd\xauusd-phase1\outputs\reports\mt5_backtests\a1_momentum_variants_owner_goal_r1_pullback_long_v2_session_exact_202207_202606_20260701\A1XauM5Momentum_OWNER_GOAL_R1_PULLBACK_LONG_V2_SESSION_EXACT_202207_202606_XAUUSD_M5_r1_pullback_long_v2_m15_session_09_15_trades.csv,342,r1_h1_pullback_long_v1::BT_A1_XAU_R1_PULLBACK_LONG_V2_M15_SESSION_09_15::1025742::XAUUSD::932200::679,LONG,2025-08-07 14:45:00,2025-08-08 14:09:03,-14.34,2025.08.07 14:45:00,679,3387.54,0.01,A1_M5_MOM_R1_PULLBAC,2025.08.08 14:09:03,685,3386.01,sl 3386.02,-14.34,BT_A1_XAU_R1_PULLBACK_LONG_V2_M15_SESSION_09_15,1025742,XAUUSD,932200,679,2025.08.07 14:45:00,679,679,3387.54,0.01,A1_M5_MOM_R1_PULLBAC,2025.08.11 01:07:41,687,687,3373.88,0.01,4,sl 3373.89,-13.66,0.00,0.00,,false,-13.66,2,1,1,true,true,true,NATIVE_POSITION_RECONCILIATION_VALID
h4_d1_long_best_box2_atr80,h4_d1_long_best_box2_atr80,C:\Users\ZHAO ZHU INFORMATION\Downloads\algo-trading-system\xau-usd\xauusd-phase1\outputs\reports\mt5_backtests\a1_momentum_variants_owner_goal_regime_router_v1_exact_202207_202606_20260701\A1XauM5Momentum_OWNER_GOAL_REGIME_ROUTER_V1_EXACT_202207_202606_XAUUSD_M5_router_v1_r1_long_box2_prevhealth_trades.csv,119,h4_d1_long_best_box2_atr80::BT_A1_XAU_ROUTER_V1_R1_LONG_BOX2_PREVHEALTH::1025742::XAUUSD::932200::235,LONG,2025-08-07 20:00:00,2025-08-11 11:31:42,-50.1,2025.08.07 20:00:00,235,3400.14,0.01,A1_M5_MOM_ROUTER_V1_,2025.08.11 11:31:42,237,3350.04,sl 3350.06,-50.1,BT_A1_XAU_ROUTER_V1_R1_LONG_BOX2_PREVHEALTH,1025742,XAUUSD,932200,235,2025.08.07 20:00:00,235,235,3400.14,0.01,A1_M5_MOM_ROUTER_V1_,2025.08.11 11:31:42,237,237,3350.04,0.01,4,sl 3350.06,-50.10,0.00,0.00,,false,-50.10,2,1,1,true,false,false,NATIVE_POSITION_RECONCILIATION_VALID
r1_h1_pullback_long_v1,r1_h1_pullback_long_v1,C:\Users\ZHAO ZHU INFORMATION\Downloads\algo-trading-system\xau-usd\xauusd-phase1\outputs\reports\mt5_backtests\a1_momentum_variants_owner_goal_r1_pullback_long_v2_session_exact_202207_202606_20260701\A1XauM5Momentum_OWNER_GOAL_R1_PULLBACK_LONG_V2_SESSION_EXACT_202207_202606_XAUUSD_M5_r1_pullback_long_v2_m15_session_09_15_trades.csv,343,r1_h1_pullback_long_v1::BT_A1_XAU_R1_PULLBACK_LONG_V2_M15_SESSION_09_15::1025742::XAUUSD::932200::682,LONG,2025-08-08 09:15:00,2025-08-11 01:07:41,-16.48,2025.08.08 09:15:00,682,3398.87,0.01,A1_M5_MOM_R1_PULLBAC,2025.08.11 01:07:41,686,3373.90,sl 3373.92,-16.48,BT_A1_XAU_R1_PULLBACK_LONG_V2_M15_SESSION_09_15,1025742,XAUUSD,932200,682,2025.08.08 09:15:00,682,682,3398.87,0.01,A1_M5_MOM_R1_PULLBAC,2025.08.08 10:19:57,683,683,3393.01,0.01,4,sl 3393.01,-5.86,0.00,0.00,,false,-5.86,2,1,1,true,true,true,NATIVE_POSITION_RECONCILIATION_VALID
r1_h1_pullback_long_v1,r1_h1_pullback_long_v1,C:\Users\ZHAO ZHU INFORMATION\Downloads\algo-trading-system\xau-usd\xauusd-phase1\outputs\reports\mt5_backtests\a1_momentum_variants_owner_goal_r1_pullback_long_v2_session_exact_202207_202606_20260701\A1XauM5Momentum_OWNER_GOAL_R1_PULLBACK_LONG_V2_SESSION_EXACT_202207_202606_XAUUSD_M5_r1_pullback_long_v2_m15_session_09_15_trades.csv,344,r1_h1_pullback_long_v1::BT_A1_XAU_R1_PULLBACK_LONG_V2_M15_SESSION_09_15::1025742::XAUUSD::932200::684,LONG,2025-08-08 14:00:00,2025-08-11 01:07:41,-13.66,2025.08.08 14:00:00,684,3400.35,0.01,A1_M5_MOM_R1_PULLBAC,2025.08.11 01:07:41,687,3373.88,sl 3373.89,-13.66,BT_A1_XAU_R1_PULLBACK_LONG_V2_M15_SESSION_09_15,1025742,XAUUSD,932200,684,2025.08.08 14:00:00,684,684,3400.35,0.01,A1_M5_MOM_R1_PULLBAC,2025.08.08 14:09:03,685,685,3386.01,0.01,4,sl 3386.02,-14.34,0.00,0.00,,false,-14.34,2,1,1,true,true,true,NATIVE_POSITION_RECONCILIATION_VALID
h4_d1_long_best_box2_atr80,h4_d1_long_best_box2_atr80,C:\Users\ZHAO ZHU INFORMATION\Downloads\algo-trading-system\xau-usd\xauusd-phase1\outputs\reports\mt5_backtests\a1_momentum_variants_owner_goal_regime_router_v1_exact_202207_202606_20260701\A1XauM5Momentum_OWNER_GOAL_REGIME_ROUTER_V1_EXACT_202207_202606_XAUUSD_M5_router_v1_r1_long_box2_prevhealth_trades.csv,120,h4_d1_long_best_box2_atr80::BT_A1_XAU_ROUTER_V1_R1_LONG_BOX2_PREVHEALTH::1025742::XAUUSD::932200::238,LONG,2025-08-27 20:00:00,2025-09-01 06:33:01,89.94,2025.08.27 20:00:00,238,3396.46,0.01,A1_M5_MOM_ROUTER_V1_,2025.09.01 06:33:01,243,3486.40,tp 3486.40,89.94,BT_A1_XAU_ROUTER_V1_R1_LONG_BOX2_PREVHEALTH,1025742,XAUUSD,932200,238,2025.08.27 20:00:00,238,238,3396.46,0.01,A1_M5_MOM_ROUTER_V1_,2025.09.01 06:33:01,243,243,3486.40,0.01,5,tp 3486.40,89.94,0.00,0.00,,false,89.94,2,1,1,true,false,false,NATIVE_POSITION_RECONCILIATION_VALID
h4_d1_long_best_box2_atr80,h4_d1_long_best_box2_atr80,C:\Users\ZHAO ZHU INFORMATION\Downloads\algo-trading-system\xau-usd\xauusd-phase1\outputs\reports\mt5_backtests\a1_momentum_variants_owner_goal_regime_router_v1_exact_202207_202606_20260701\A1XauM5Momentum_OWNER_GOAL_REGIME_ROUTER_V1_EXACT_202207_202606_XAUUSD_M5_router_v1_r1_long_box2_prevhealth_trades.csv,121,h4_d1_long_best_box2_atr80::BT_A1_XAU_ROUTER_V1_R1_LONG_BOX2_PREVHEALTH::1025742::XAUUSD::932200::239,LONG,2025-08-28 12:00:00,2025-09-02 14:44:41,105.67,2025.08.28 12:00:00,239,3404.24,0.01,A1_M5_MOM_ROUTER_V1_,2025.09.02 14:44:41,244,3509.91,tp 3509.88,105.67,BT_A1_XAU_ROUTER_V1_R1_LONG_BOX2_PREVHEALTH,1025742,XAUUSD,932200,239,2025.08.28 12:00:00,239,239,3404.24,0.01,A1_M5_MOM_ROUTER_V1_,2025.09.02 14:44:41,244,244,3509.91,0.01,5,tp 3509.88,105.67,0.00,0.00,,false,105.67,2,1,1,true,false,false,NATIVE_POSITION_RECONCILIATION_VALID
r1_h1_pullback_long_v1,r1_h1_pullback_long_v1,C:\Users\ZHAO ZHU INFORMATION\Downloads\algo-trading-system\xau-usd\xauusd-phase1\outputs\reports\mt5_backtests\a1_momentum_variants_owner_goal_r1_pullback_long_v2_session_exact_202207_202606_20260701\A1XauM5Momentum_OWNER_GOAL_R1_PULLBACK_LONG_V2_SESSION_EXACT_202207_202606_XAUUSD_M5_r1_pullback_long_v2_m15_session_09_15_trades.csv,345,r1_h1_pullback_long_v1::BT_A1_XAU_R1_PULLBACK_LONG_V2_M15_SESSION_09_15::1025742::XAUUSD::932200::688,LONG,2025-08-28 13:30:00,2025-08-29 13:57:39,22.64,2025.08.28 13:30:00,688,3404.93,0.01,A1_M5_MOM_R1_PULLBAC,2025.08.29 13:57:39,693,3427.57,tp 3427.57,22.64,BT_A1_XAU_R1_PULLBACK_LONG_V2_M15_SESSION_09_15,1025742,XAUUSD,932200,688,2025.08.28 13:30:00,688,688,3404.93,0.01,A1_M5_MOM_R1_PULLBAC,2025.08.29 13:57:39,693,693,3427.57,0.01,5,tp 3427.57,22.64,0.00,0.00,,false,22.64,2,1,1,true,false,false,NATIVE_POSITION_RECONCILIATION_VALID
r1_h1_pullback_long_v1,r1_h1_pullback_long_v1,C:\Users\ZHAO ZHU INFORMATION\Downloads\algo-trading-system\xau-usd\xauusd-phase1\outputs\reports\mt5_backtests\a1_momentum_variants_owner_goal_r1_pullback_long_v2_session_exact_202207_202606_20260701\A1XauM5Momentum_OWNER_GOAL_R1_PULLBACK_LONG_V2_SESSION_EXACT_202207_202606_XAUUSD_M5_r1_pullback_long_v2_m15_session_09_15_trades.csv,346,r1_h1_pullback_long_v1::BT_A1_XAU_R1_PULLBACK_LONG_V2_M15_SESSION_09_15::1025742::XAUUSD::932200::689,LONG,2025-08-28 14:15:00,2025-08-29 14:31:20,20.98,2025.08.28 14:15:00,689,3411.80,0.01,A1_M5_MOM_R1_PULLBAC,2025.08.29 14:31:20,695,3437.73,tp 3437.73,20.98,BT_A1_XAU_R1_PULLBACK_LONG_V2_M15_SESSION_09_15,1025742,XAUUSD,932200,689,2025.08.28 14:15:00,689,689,3411.80,0.01,A1_M5_MOM_R1_PULLBAC,2025.08.29 16:55:39,697,697,3448.46,0.01,5,tp 3448.46,36.66,0.00,0.00,,false,36.66,2,1,1,true,true,true,NATIVE_POSITION_RECONCILIATION_VALID
h4_d1_long_best_box2_atr80,h4_d1_long_best_box2_atr80,C:\Users\ZHAO ZHU INFORMATION\Downloads\algo-trading-system\xau-usd\xauusd-phase1\outputs\reports\mt5_backtests\a1_momentum_variants_owner_goal_regime_router_v1_exact_202207_202606_20260701\A1XauM5Momentum_OWNER_GOAL_REGIME_ROUTER_V1_EXACT_202207_202606_XAUUSD_M5_router_v1_r1_long_box2_prevhealth_trades.csv,122,h4_d1_long_best_box2_atr80::BT_A1_XAU_ROUTER_V1_R1_LONG_BOX2_PREVHEALTH::1025742::XAUUSD::932200::240,LONG,2025-08-28 16:00:00,2025-09-02 18:29:05,119.34,2025.08.28 16:00:00,240,3411.21,0.01,A1_M5_MOM_ROUTER_V1_,2025.09.02 18:29:05,245,3530.55,tp 3530.55,119.34,BT_A1_XAU_ROUTER_V1_R1_LONG_BOX2_PREVHEALTH,1025742,XAUUSD,932200,240,2025.08.28 16:00:00,240,240,3411.21,0.01,A1_M5_MOM_ROUTER_V1_,2025.09.02 18:29:05,245,245,3530.55,0.01,5,tp 3530.55,119.34,0.00,0.00,,false,119.34,2,1,1,true,false,false,NATIVE_POSITION_RECONCILIATION_VALID
h4_d1_long_best_box2_atr80,h4_d1_long_best_box2_atr80,C:\Users\ZHAO ZHU INFORMATION\Downloads\algo-trading-system\xau-usd\xauusd-phase1\outputs\reports\mt5_backtests\a1_momentum_variants_owner_goal_regime_router_v1_exact_202207_202606_20260701\A1XauM5Momentum_OWNER_GOAL_REGIME_ROUTER_V1_EXACT_202207_202606_XAUUSD_M5_router_v1_r1_long_box2_prevhealth_trades.csv,123,h4_d1_long_best_box2_atr80::BT_A1_XAU_ROUTER_V1_R1_LONG_BOX2_PREVHEALTH::1025742::XAUUSD::932200::241,LONG,2025-08-28 20:00:00,2025-09-03 14:24:31,141.73,2025.08.28 20:00:00,241,3422.32,0.01,A1_M5_MOM_ROUTER_V1_,2025.09.03 14:24:31,246,3564.05,tp 3564.04,141.73,BT_A1_XAU_ROUTER_V1_R1_LONG_BOX2_PREVHEALTH,1025742,XAUUSD,932200,241,2025.08.28 20:00:00,241,241,3422.32,0.01,A1_M5_MOM_ROUTER_V1_,2025.09.03 14:24:31,246,246,3564.05,0.01,5,tp 3564.04,141.73,0.00,0.00,,false,141.73,2,1,1,true,false,false,NATIVE_POSITION_RECONCILIATION_VALID
r1_h1_pullback_long_v1,r1_h1_pullback_long_v1,C:\Users\ZHAO ZHU INFORMATION\Downloads\algo-trading-system\xau-usd\xauusd-phase1\outputs\reports\mt5_backtests\a1_momentum_variants_owner_goal_r1_pullback_long_v2_session_exact_202207_202606_20260701\A1XauM5Momentum_OWNER_GOAL_R1_PULLBACK_LONG_V2_SESSION_EXACT_202207_202606_XAUUSD_M5_r1_pullback_long_v2_m15_session_09_15_trades.csv,347,r1_h1_pullback_long_v1::BT_A1_XAU_R1_PULLBACK_LONG_V2_M15_SESSION_09_15::1025742::XAUUSD::932200::690,LONG,2025-08-29 13:00:00,2025-08-29 15:16:29,25.4,2025.08.29 13:00:00,690,3416.75,0.01,A1_M5_MOM_R1_PULLBAC,2025.08.29 15:16:29,696,3444.31,tp 3444.31,25.4,BT_A1_XAU_R1_PULLBACK_LONG_V2_M15_SESSION_09_15,1025742,XAUUSD,932200,690,2025.08.29 13:00:00,690,690,3416.75,0.01,A1_M5_MOM_R1_PULLBAC,2025.08.29 14:31:20,695,695,3437.73,0.01,5,tp 3437.73,20.98,0.00,0.00,,false,20.98,2,1,1,true,true,true,NATIVE_POSITION_RECONCILIATION_VALID
r1_h1_pullback_long_v1,r1_h1_pullback_long_v1,C:\Users\ZHAO ZHU INFORMATION\Downloads\algo-trading-system\xau-usd\xauusd-phase1\outputs\reports\mt5_backtests\a1_momentum_variants_owner_goal_r1_pullback_long_v2_session_exact_202207_202606_20260701\A1XauM5Momentum_OWNER_GOAL_R1_PULLBACK_LONG_V2_SESSION_EXACT_202207_202606_XAUUSD_M5_r1_pullback_long_v2_m15_session_09_15_trades.csv,348,r1_h1_pullback_long_v1::BT_A1_XAU_R1_PULLBACK_LONG_V2_M15_SESSION_09_15::1025742::XAUUSD::932200::691,LONG,2025-08-29 13:15:00,2025-08-29 16:55:39,36.66,2025.08.29 13:15:00,691,3418.91,0.01,A1_M5_MOM_R1_PULLBAC,2025.08.29 16:55:39,697,3448.46,tp 3448.46,36.66,BT_A1_XAU_R1_PULLBACK_LONG_V2_M15_SESSION_09_15,1025742,XAUUSD,932200,691,2025.08.29 13:15:00,691,691,3418.91,0.01,A1_M5_MOM_R1_PULLBAC,2025.08.29 15:16:29,696,696,3444.31,0.01,5,tp 3444.31,25.40,0.00,0.00,,false,25.40,2,1,1,true,true,true,NATIVE_POSITION_RECONCILIATION_VALID
r1_h1_pullback_long_v1,r1_h1_pullback_long_v1,C:\Users\ZHAO ZHU INFORMATION\Downloads\algo-trading-system\xau-usd\xauusd-phase1\outputs\reports\mt5_backtests\a1_momentum_variants_owner_goal_r1_pullback_long_v2_session_exact_202207_202606_20260701\A1XauM5Momentum_OWNER_GOAL_R1_PULLBACK_LONG_V2_SESSION_EXACT_202207_202606_XAUUSD_M5_r1_pullback_long_v2_m15_session_09_15_trades.csv,349,r1_h1_pullback_long_v1::BT_A1_XAU_R1_PULLBACK_LONG_V2_M15_SESSION_09_15::1025742::XAUUSD::932200::692,LONG,2025-08-29 13:45:00,2025-09-01 02:07:12,37.54,2025.08.29 13:45:00,692,3424.76,0.01,A1_M5_MOM_R1_PULLBAC,2025.09.01 02:07:12,698,3462.30,tp 3462.29,37.54,BT_A1_XAU_R1_PULLBACK_LONG_V2_M15_SESSION_09_15,1025742,XAUUSD,932200,692,2025.08.29 13:45:00,692,692,3424.76,0.01,A1_M5_MOM_R1_PULLBAC,2025.09.01 02:07:12,698,698,3462.30,0.01,5,tp 3462.29,37.54,0.00,0.00,,false,37.54,2,1,1,true,false,false,NATIVE_POSITION_RECONCILIATION_VALID
r1_h1_pullback_long_v1,r1_h1_pullback_long_v1,C:\Users\ZHAO ZHU INFORMATION\Downloads\algo-trading-system\xau-usd\xauusd-phase1\outputs\reports\mt5_backtests\a1_momentum_variants_owner_goal_r1_pullback_long_v2_session_exact_202207_202606_20260701\A1XauM5Momentum_OWNER_GOAL_R1_PULLBACK_LONG_V2_SESSION_EXACT_202207_202606_XAUUSD_M5_r1_pullback_long_v2_m15_session_09_15_trades.csv,350,r1_h1_pullback_long_v1::BT_A1_XAU_R1_PULLBACK_LONG_V2_M15_SESSION_09_15::1025742::XAUUSD::932200::694,LONG,2025-08-29 14:00:00,2025-09-01 02:40:31,43.41,2025.08.29 14:00:00,694,3429.01,0.01,A1_M5_MOM_R1_PULLBAC,2025.09.01 02:40:31,699,3472.42,tp 3472.41,43.41,BT_A1_XAU_R1_PULLBACK_LONG_V2_M15_SESSION_09_15,1025742,XAUUSD,932200,694,2025.08.29 14:00:00,694,694,3429.01,0.01,A1_M5_MOM_R1_PULLBAC,2025.09.01 02:40:31,699,699,3472.42,0.01,5,tp 3472.41,43.41,0.00,0.00,,false,43.41,2,1,1,true,false,false,NATIVE_POSITION_RECONCILIATION_VALID
h4_d1_long_best_box2_atr80,h4_d1_long_best_box2_atr80,C:\Users\ZHAO ZHU INFORMATION\Downloads\algo-trading-system\xau-usd\xauusd-phase1\outputs\reports\mt5_backtests\a1_momentum_variants_owner_goal_regime_router_v1_exact_202207_202606_20260701\A1XauM5Momentum_OWNER_GOAL_REGIME_ROUTER_V1_EXACT_202207_202606_XAUUSD_M5_router_v1_r1_long_box2_prevhealth_trades.csv,124,h4_d1_long_best_box2_atr80::BT_A1_XAU_ROUTER_V1_R1_LONG_BOX2_PREVHEALTH::1025742::XAUUSD::932200::242,LONG,2025-08-29 16:00:00,2025-09-05 13:46:42,143.29,2025.08.29 16:00:00,242,3445.67,0.01,A1_M5_MOM_ROUTER_V1_,2025.09.05 13:46:42,247,3588.96,tp 3588.95,143.29,BT_A1_XAU_ROUTER_V1_R1_LONG_BOX2_PREVHEALTH,1025742,XAUUSD,932200,242,2025.08.29 16:00:00,242,242,3445.67,0.01,A1_M5_MOM_ROUTER_V1_,2025.09.05 13:46:42,247,247,3588.96,0.01,5,tp 3588.95,143.29,0.00,0.00,,false,143.29,2,1,1,true,false,false,NATIVE_POSITION_RECONCILIATION_VALID
r1_h1_pullback_long_v1,r1_h1_pullback_long_v1,C:\Users\ZHAO ZHU INFORMATION\Downloads\algo-trading-system\xau-usd\xauusd-phase1\outputs\reports\mt5_backtests\a1_momentum_variants_owner_goal_r1_pullback_long_v2_session_exact_202207_202606_20260701\A1XauM5Momentum_OWNER_GOAL_R1_PULLBACK_LONG_V2_SESSION_EXACT_202207_202606_XAUUSD_M5_r1_pullback_long_v2_m15_session_09_15_trades.csv,351,r1_h1_pullback_long_v1::BT_A1_XAU_R1_PULLBACK_LONG_V2_M15_SESSION_09_15::1025742::XAUUSD::932200::700,LONG,2025-09-02 11:00:00,2025-09-02 12:36:32,-6.65,2025.09.02 11:00:00,700,3485.96,0.01,A1_M5_MOM_R1_PULLBAC,2025.09.02 12:36:32,703,3477.77,sl 3477.78,-6.65,BT_A1_XAU_R1_PULLBACK_LONG_V2_M15_SESSION_09_15,1025742,XAUUSD,932200,700,2025.09.02 11:00:00,700,700,3485.96,0.01,A1_M5_MOM_R1_PULLBAC,2025.09.02 12:40:03,705,705,3474.71,0.01,4,sl 3474.71,-11.25,0.00,0.00,,false,-11.25,2,1,1,true,true,true,NATIVE_POSITION_RECONCILIATION_VALID
r1_h1_pullback_long_v1,r1_h1_pullback_long_v1,C:\Users\ZHAO ZHU INFORMATION\Downloads\algo-trading-system\xau-usd\xauusd-phase1\outputs\reports\mt5_backtests\a1_momentum_variants_owner_goal_r1_pullback_long_v2_session_exact_202207_202606_20260701\A1XauM5Momentum_OWNER_GOAL_R1_PULLBACK_LONG_V2_SESSION_EXACT_202207_202606_XAUUSD_M5_r1_pullback_long_v2_m15_session_09_15_trades.csv,352,r1_h1_pullback_long_v1::BT_A1_XAU_R1_PULLBACK_LONG_V2_M15_SESSION_09_15::1025742::XAUUSD::932200::701,LONG,2025-09-02 11:45:00,2025-09-02 12:36:37,-12.27,2025.09.02 11:45:00,701,3484.42,0.01,A1_M5_MOM_R1_PULLBAC,2025.09.02 12:36:37,704,3477.68,sl 3477.70,-12.27,BT_A1_XAU_R1_PULLBACK_LONG_V2_M15_SESSION_09_15,1025742,XAUUSD,932200,701,2025.09.02 11:45:00,701,701,3484.42,0.01,A1_M5_MOM_R1_PULLBAC,2025.09.02 12:36:32,703,703,3477.77,0.01,4,sl 3477.78,-6.65,0.00,0.00,,false,-6.65,2,1,1,true,true,true,NATIVE_POSITION_RECONCILIATION_VALID
r1_h1_pullback_long_v1,r1_h1_pullback_long_v1,C:\Users\ZHAO ZHU INFORMATION\Downloads\algo-trading-system\xau-usd\xauusd-phase1\outputs\reports\mt5_backtests\a1_momentum_variants_owner_goal_r1_pullback_long_v2_session_exact_202207_202606_20260701\A1XauM5Momentum_OWNER_GOAL_R1_PULLBACK_LONG_V2_SESSION_EXACT_202207_202606_XAUUSD_M5_r1_pullback_long_v2_m15_session_09_15_trades.csv,353,r1_h1_pullback_long_v1::BT_A1_XAU_R1_PULLBACK_LONG_V2_M15_SESSION_09_15::1025742::XAUUSD::932200::702,LONG,2025-09-02 12:00:00,2025-09-02 12:40:03,-11.25,2025.09.02 12:00:00,702,3489.95,0.01,A1_M5_MOM_R1_PULLBAC,2025.09.02 12:40:03,705,3474.71,sl 3474.71,-11.25,BT_A1_XAU_R1_PULLBACK_LONG_V2_M15_SESSION_09_15,1025742,XAUUSD,932200,702,2025.09.02 12:00:00,702,702,3489.95,0.01,A1_M5_MOM_R1_PULLBAC,2025.09.02 12:36:37,704,704,3477.68,0.01,4,sl 3477.70,-12.27,0.00,0.00,,false,-12.27,2,1,1,true,true,true,NATIVE_POSITION_RECONCILIATION_VALID
r1_h1_pullback_long_v1,r1_h1_pullback_long_v1,C:\Users\ZHAO ZHU INFORMATION\Downloads\algo-trading-system\xau-usd\xauusd-phase1\outputs\reports\mt5_backtests\a1_momentum_variants_owner_goal_r1_pullback_long_v2_session_exact_202207_202606_20260701\A1XauM5Momentum_OWNER_GOAL_R1_PULLBACK_LONG_V2_SESSION_EXACT_202207_202606_XAUUSD_M5_r1_pullback_long_v2_m15_session_09_15_trades.csv,354,r1_h1_pullback_long_v1::BT_A1_XAU_R1_PULLBACK_LONG_V2_M15_SESSION_09_15::1025742::XAUUSD::932200::706,LONG,2025-09-02 13:30:00,2025-09-02 14:44:41,24.78,2025.09.02 13:30:00,706,3485.37,0.01,A1_M5_MOM_R1_PULLBAC,2025.09.02 14:44:41,708,3510.15,tp 3510.15,24.78,BT_A1_XAU_R1_PULLBACK_LONG_V2_M15_SESSION_09_15,1025742,XAUUSD,932200,706,2025.09.02 13:30:00,706,706,3485.37,0.01,A1_M5_MOM_R1_PULLBAC,2025.09.02 14:44:41,708,708,3510.15,0.01,5,tp 3510.15,24.78,0.00,0.00,,false,24.78,2,1,1,true,false,false,NATIVE_POSITION_RECONCILIATION_VALID
r1_h1_pullback_long_v1,r1_h1_pullback_long_v1,C:\Users\ZHAO ZHU INFORMATION\Downloads\algo-trading-system\xau-usd\xauusd-phase1\outputs\reports\mt5_backtests\a1_momentum_variants_owner_goal_r1_pullback_long_v2_session_exact_202207_202606_20260701\A1XauM5Momentum_OWNER_GOAL_R1_PULLBACK_LONG_V2_SESSION_EXACT_202207_202606_XAUUSD_M5_r1_pullback_long_v2_m15_session_09_15_trades.csv,355,r1_h1_pullback_long_v1::BT_A1_XAU_R1_PULLBACK_LONG_V2_M15_SESSION_09_15::1025742::XAUUSD::932200::707,LONG,2025-09-02 13:45:00,2025-09-02 16:06:20,33.0,2025.09.02 13:45:00,707,3489.46,0.01,A1_M5_MOM_R1_PULLBAC,2025.09.02 16:06:20,709,3522.46,tp 3522.46,33.0,BT_A1_XAU_R1_PULLBACK_LONG_V2_M15_SESSION_09_15,1025742,XAUUSD,932200,707,2025.09.02 13:45:00,707,707,3489.46,0.01,A1_M5_MOM_R1_PULLBAC,2025.09.02 16:06:20,709,709,3522.46,0.01,5,tp 3522.46,33.00,0.00,0.00,,false,33.00,2,1,1,true,false,false,NATIVE_POSITION_RECONCILIATION_VALID
r1_h1_pullback_long_v1,r1_h1_pullback_long_v1,C:\Users\ZHAO ZHU INFORMATION\Downloads\algo-trading-system\xau-usd\xauusd-phase1\outputs\reports\mt5_backtests\a1_momentum_variants_owner_goal_r1_pullback_long_v2_session_exact_202207_202606_20260701\A1XauM5Momentum_OWNER_GOAL_R1_PULLBACK_LONG_V2_SESSION_EXACT_202207_202606_XAUUSD_M5_r1_pullback_long_v2_m15_session_09_15_trades.csv,356,r1_h1_pullback_long_v1::BT_A1_XAU_R1_PULLBACK_LONG_V2_M15_SESSION_09_15::1025742::XAUUSD::932200::710,LONG,2025-09-04 14:45:00,2025-09-05 12:30:44,14.17,2025.09.04 14:45:00,710,3545.38,0.01,A1_M5_MOM_R1_PULLBAC,2025.09.05 12:30:44,713,3566.65,tp 3566.65,14.17,BT_A1_XAU_R1_PULLBACK_LONG_V2_M15_SESSION_09_15,1025742,XAUUSD,932200,710,2025.09.04 14:45:00,710,710,3545.38,0.01,A1_M5_MOM_R1_PULLBAC,2025.09.05 12:30:54,714,714,3569.33,0.01,5,tp 3569.33,23.95,0.00,0.00,,false,23.95,2,1,1,true,true,true,NATIVE_POSITION_RECONCILIATION_VALID
r1_h1_pullback_long_v1,r1_h1_pullback_long_v1,C:\Users\ZHAO ZHU INFORMATION\Downloads\algo-trading-system\xau-usd\xauusd-phase1\outputs\reports\mt5_backtests\a1_momentum_variants_owner_goal_r1_pullback_long_v2_session_exact_202207_202606_20260701\A1XauM5Momentum_OWNER_GOAL_R1_PULLBACK_LONG_V2_SESSION_EXACT_202207_202606_XAUUSD_M5_r1_pullback_long_v2_m15_session_09_15_trades.csv,357,r1_h1_pullback_long_v1::BT_A1_XAU_R1_PULLBACK_LONG_V2_M15_SESSION_09_15::1025742::XAUUSD::932200::711,LONG,2025-09-05 10:30:00,2025-09-05 12:30:54,23.95,2025.09.05 10:30:00,711,3552.48,0.01,A1_M5_MOM_R1_PULLBAC,2025.09.05 12:30:54,714,3569.33,tp 3569.33,23.95,BT_A1_XAU_R1_PULLBACK_LONG_V2_M15_SESSION_09_15,1025742,XAUUSD,932200,711,2025.09.05 10:30:00,711,711,3552.48,0.01,A1_M5_MOM_R1_PULLBAC,2025.09.05 12:30:44,713,713,3566.65,0.01,5,tp 3566.65,14.17,0.00,0.00,,false,14.17,2,1,1,true,true,true,NATIVE_POSITION_RECONCILIATION_VALID
r1_h1_pullback_long_v1,r1_h1_pullback_long_v1,C:\Users\ZHAO ZHU INFORMATION\Downloads\algo-trading-system\xau-usd\xauusd-phase1\outputs\reports\mt5_backtests\a1_momentum_variants_owner_goal_r1_pullback_long_v2_session_exact_202207_202606_20260701\A1XauM5Momentum_OWNER_GOAL_R1_PULLBACK_LONG_V2_SESSION_EXACT_202207_202606_XAUUSD_M5_r1_pullback_long_v2_m15_session_09_15_trades.csv,358,r1_h1_pullback_long_v1::BT_A1_XAU_R1_PULLBACK_LONG_V2_M15_SESSION_09_15::1025742::XAUUSD::932200::712,LONG,2025-09-05 12:30:00,2025-09-05 12:30:56,15.88,2025.09.05 12:30:00,712,3555.10,0.01,A1_M5_MOM_R1_PULLBAC,2025.09.05 12:30:56,715,3570.98,tp 3570.98,15.88,BT_A1_XAU_R1_PULLBACK_LONG_V2_M15_SESSION_09_15,1025742,XAUUSD,932200,712,2025.09.05 12:30:00,712,712,3555.10,0.01,A1_M5_MOM_R1_PULLBAC,2025.09.05 12:30:56,715,715,3570.98,0.01,5,tp 3570.98,15.88,0.00,0.00,,false,15.88,2,1,1,true,false,false,NATIVE_POSITION_RECONCILIATION_VALID
r1_h1_pullback_long_v1,r1_h1_pullback_long_v1,C:\Users\ZHAO ZHU INFORMATION\Downloads\algo-trading-system\xau-usd\xauusd-phase1\outputs\reports\mt5_backtests\a1_momentum_variants_owner_goal_r1_pullback_long_v2_session_exact_202207_202606_20260701\A1XauM5Momentum_OWNER_GOAL_R1_PULLBACK_LONG_V2_SESSION_EXACT_202207_202606_XAUUSD_M5_r1_pullback_long_v2_m15_session_09_15_trades.csv,359,r1_h1_pullback_long_v1::BT_A1_XAU_R1_PULLBACK_LONG_V2_M15_SESSION_09_15::1025742::XAUUSD::932200::716,LONG,2025-09-09 13:15:00,2025-09-09 14:00:38,20.08,2025.09.09 13:15:00,716,3653.02,0.01,A1_M5_MOM_R1_PULLBAC,2025.09.09 14:00:38,718,3673.10,tp 3673.09,20.08,BT_A1_XAU_R1_PULLBACK_LONG_V2_M15_SESSION_09_15,1025742,XAUUSD,932200,716,2025.09.09 13:15:00,716,716,3653.02,0.01,A1_M5_MOM_R1_PULLBAC,2025.09.09 14:00:38,718,718,3673.10,0.01,5,tp 3673.09,20.08,0.00,0.00,,false,20.08,2,1,1,true,false,false,NATIVE_POSITION_RECONCILIATION_VALID
r1_h1_pullback_long_v1,r1_h1_pullback_long_v1,C:\Users\ZHAO ZHU INFORMATION\Downloads\algo-trading-system\xau-usd\xauusd-phase1\outputs\reports\mt5_backtests\a1_momentum_variants_owner_goal_r1_pullback_long_v2_session_exact_202207_202606_20260701\A1XauM5Momentum_OWNER_GOAL_R1_PULLBACK_LONG_V2_SESSION_EXACT_202207_202606_XAUUSD_M5_r1_pullback_long_v2_m15_session_09_15_trades.csv,360,r1_h1_pullback_long_v1::BT_A1_XAU_R1_PULLBACK_LONG_V2_M15_SESSION_09_15::1025742::XAUUSD::932200::717,LONG,2025-09-09 13:30:00,2025-09-09 14:08:42,-18.06,2025.09.09 13:30:00,717,3660.85,0.01,A1_M5_MOM_R1_PULLBAC,2025.09.09 14:08:42,719,3642.79,sl 3642.81,-18.06,BT_A1_XAU_R1_PULLBACK_LONG_V2_M15_SESSION_09_15,1025742,XAUUSD,932200,717,2025.09.09 13:30:00,717,717,3660.85,0.01,A1_M5_MOM_R1_PULLBAC,2025.09.09 14:08:42,719,719,3642.79,0.01,4,sl 3642.81,-18.06,0.00,0.00,,false,-18.06,2,1,1,true,false,false,NATIVE_POSITION_RECONCILIATION_VALID
r1_h1_pullback_long_v1,r1_h1_pullback_long_v1,C:\Users\ZHAO ZHU INFORMATION\Downloads\algo-trading-system\xau-usd\xauusd-phase1\outputs\reports\mt5_backtests\a1_momentum_variants_owner_goal_r1_pullback_long_v2_session_exact_202207_202606_20260701\A1XauM5Momentum_OWNER_GOAL_R1_PULLBACK_LONG_V2_SESSION_EXACT_202207_202606_XAUUSD_M5_r1_pullback_long_v2_m15_session_09_15_trades.csv,361,r1_h1_pullback_long_v1::BT_A1_XAU_R1_PULLBACK_LONG_V2_M15_SESSION_09_15::1025742::XAUUSD::932200::720,LONG,2025-09-15 09:00:00,2025-09-15 15:23:39,20.46,2025.09.15 09:00:00,720,3645.64,0.01,A1_M5_MOM_R1_PULLBAC,2025.09.15 15:23:39,724,3666.10,tp 3666.09,20.46,BT_A1_XAU_R1_PULLBACK_LONG_V2_M15_SESSION_09_15,1025742,XAUUSD,932200,720,2025.09.15 09:00:00,720,720,3645.64,0.01,A1_M5_MOM_R1_PULLBAC,2025.09.15 15:23:39,724,724,3666.10,0.01,5,tp 3666.09,20.46,0.00,0.00,,false,20.46,2,1,1,true,false,false,NATIVE_POSITION_RECONCILIATION_VALID
r1_h1_pullback_long_v1,r1_h1_pullback_long_v1,C:\Users\ZHAO ZHU INFORMATION\Downloads\algo-trading-system\xau-usd\xauusd-phase1\outputs\reports\mt5_backtests\a1_momentum_variants_owner_goal_r1_pullback_long_v2_session_exact_202207_202606_20260701\A1XauM5Momentum_OWNER_GOAL_R1_PULLBACK_LONG_V2_SESSION_EXACT_202207_202606_XAUUSD_M5_r1_pullback_long_v2_m15_session_09_15_trades.csv,362,r1_h1_pullback_long_v1::BT_A1_XAU_R1_PULLBACK_LONG_V2_M15_SESSION_09_15::1025742::XAUUSD::932200::721,LONG,2025-09-15 13:00:00,2025-09-15 15:55:40,28.77,2025.09.15 13:00:00,721,3650.55,0.01,A1_M5_MOM_R1_PULLBAC,2025.09.15 15:55:40,725,3679.32,tp 3679.32,28.77,BT_A1_XAU_R1_PULLBACK_LONG_V2_M15_SESSION_09_15,1025742,XAUUSD,932200,721,2025.09.15 13:00:00,721,721,3650.55,0.01,A1_M5_MOM_R1_PULLBAC,2025.09.15 15:55:40,725,725,3679.32,0.01,5,tp 3679.32,28.77,0.00,0.00,,false,28.77,2,1,1,true,false,false,NATIVE_POSITION_RECONCILIATION_VALID
r1_h1_pullback_long_v1,r1_h1_pullback_long_v1,C:\Users\ZHAO ZHU INFORMATION\Downloads\algo-trading-system\xau-usd\xauusd-phase1\outputs\reports\mt5_backtests\a1_momentum_variants_owner_goal_r1_pullback_long_v2_session_exact_202207_202606_20260701\A1XauM5Momentum_OWNER_GOAL_R1_PULLBACK_LONG_V2_SESSION_EXACT_202207_202606_XAUUSD_M5_r1_pullback_long_v2_m15_session_09_15_trades.csv,363,r1_h1_pullback_long_v1::BT_A1_XAU_R1_PULLBACK_LONG_V2_M15_SESSION_09_15::1025742::XAUUSD::932200::722,LONG,2025-09-15 13:30:00,2025-09-16 06:44:45,35.52,2025.09.15 13:30:00,722,3653.95,0.01,A1_M5_MOM_R1_PULLBAC,2025.09.16 06:44:45,726,3689.47,tp 3689.47,35.52,BT_A1_XAU_R1_PULLBACK_LONG_V2_M15_SESSION_09_15,1025742,XAUUSD,932200,722,2025.09.15 13:30:00,722,722,3653.95,0.01,A1_M5_MOM_R1_PULLBAC,2025.09.16 06:44:45,726,726,3689.47,0.01,5,tp 3689.47,35.52,0.00,0.00,,false,35.52,2,1,1,true,false,false,NATIVE_POSITION_RECONCILIATION_VALID
r1_h1_pullback_long_v1,r1_h1_pullback_long_v1,C:\Users\ZHAO ZHU INFORMATION\Downloads\algo-trading-system\xau-usd\xauusd-phase1\outputs\reports\mt5_backtests\a1_momentum_variants_owner_goal_r1_pullback_long_v2_session_exact_202207_202606_20260701\A1XauM5Momentum_OWNER_GOAL_R1_PULLBACK_LONG_V2_SESSION_EXACT_202207_202606_XAUUSD_M5_r1_pullback_long_v2_m15_session_09_15_trades.csv,364,r1_h1_pullback_long_v1::BT_A1_XAU_R1_PULLBACK_LONG_V2_M15_SESSION_09_15::1025742::XAUUSD::932200::723,LONG,2025-09-15 14:15:00,2025-09-16 08:14:28,34.9,2025.09.15 14:15:00,723,3660.15,0.01,A1_M5_MOM_R1_PULLBAC,2025.09.16 08:14:28,727,3695.05,tp 3695.05,34.9,BT_A1_XAU_R1_PULLBACK_LONG_V2_M15_SESSION_09_15,1025742,XAUUSD,932200,723,2025.09.15 14:15:00,723,723,3660.15,0.01,A1_M5_MOM_R1_PULLBAC,2025.09.16 08:14:28,727,727,3695.05,0.01,5,tp 3695.05,34.90,0.00,0.00,,false,34.90,2,1,1,true,false,false,NATIVE_POSITION_RECONCILIATION_VALID
r1_h1_pullback_long_v1,r1_h1_pullback_long_v1,C:\Users\ZHAO ZHU INFORMATION\Downloads\algo-trading-system\xau-usd\xauusd-phase1\outputs\reports\mt5_backtests\a1_momentum_variants_owner_goal_r1_pullback_long_v2_session_exact_202207_202606_20260701\A1XauM5Momentum_OWNER_GOAL_R1_PULLBACK_LONG_V2_SESSION_EXACT_202207_202606_XAUUSD_M5_r1_pullback_long_v2_m15_session_09_15_trades.csv,365,r1_h1_pullback_long_v1::BT_A1_XAU_R1_PULLBACK_LONG_V2_M15_SESSION_09_15::1025742::XAUUSD::932200::728,LONG,2025-09-16 14:15:00,2025-09-16 15:05:26,-15.37,2025.09.16 14:15:00,728,3699.66,0.01,A1_M5_MOM_R1_PULLBAC,2025.09.16 15:05:26,729,3684.29,sl 3684.29,-15.37,BT_A1_XAU_R1_PULLBACK_LONG_V2_M15_SESSION_09_15,1025742,XAUUSD,932200,728,2025.09.16 14:15:00,728,728,3699.66,0.01,A1_M5_MOM_R1_PULLBAC,2025.09.16 15:05:26,729,729,3684.29,0.01,4,sl 3684.29,-15.37,0.00,0.00,,false,-15.37,2,1,1,true,false,false,NATIVE_POSITION_RECONCILIATION_VALID
r1_h1_pullback_long_v1,r1_h1_pullback_long_v1,C:\Users\ZHAO ZHU INFORMATION\Downloads\algo-trading-system\xau-usd\xauusd-phase1\outputs\reports\mt5_backtests\a1_momentum_variants_owner_goal_r1_pullback_long_v2_session_exact_202207_202606_20260701\A1XauM5Momentum_OWNER_GOAL_R1_PULLBACK_LONG_V2_SESSION_EXACT_202207_202606_XAUUSD_M5_r1_pullback_long_v2_m15_session_09_15_trades.csv,366,r1_h1_pullback_long_v1::BT_A1_XAU_R1_PULLBACK_LONG_V2_M15_SESSION_09_15::1025742::XAUUSD::932200::730,LONG,2025-09-24 12:00:00,2025-09-24 13:33:43,-8.58,2025.09.24 12:00:00,730,3769.17,0.01,A1_M5_MOM_R1_PULLBAC,2025.09.24 13:33:43,732,3763.10,sl 3763.11,-8.58,BT_A1_XAU_R1_PULLBACK_LONG_V2_M15_SESSION_09_15,1025742,XAUUSD,932200,730,2025.09.24 12:00:00,730,730,3769.17,0.01,A1_M5_MOM_R1_PULLBAC,2025.09.24 14:00:15,733,733,3758.97,0.01,4,sl 3758.97,-10.20,0.00,0.00,,false,-10.20,2,1,1,true,true,true,NATIVE_POSITION_RECONCILIATION_VALID
r1_h1_pullback_long_v1,r1_h1_pullback_long_v1,C:\Users\ZHAO ZHU INFORMATION\Downloads\algo-trading-system\xau-usd\xauusd-phase1\outputs\reports\mt5_backtests\a1_momentum_variants_owner_goal_r1_pullback_long_v2_session_exact_202207_202606_20260701\A1XauM5Momentum_OWNER_GOAL_R1_PULLBACK_LONG_V2_SESSION_EXACT_202207_202606_XAUUSD_M5_r1_pullback_long_v2_m15_session_09_15_trades.csv,367,r1_h1_pullback_long_v1::BT_A1_XAU_R1_PULLBACK_LONG_V2_M15_SESSION_09_15::1025742::XAUUSD::932200::731,LONG,2025-09-24 13:15:00,2025-09-24 14:00:15,-10.2,2025.09.24 13:15:00,731,3771.68,0.01,A1_M5_MOM_R1_PULLBAC,2025.09.24 14:00:15,733,3758.97,sl 3758.97,-10.2,BT_A1_XAU_R1_PULLBACK_LONG_V2_M15_SESSION_09_15,1025742,XAUUSD,932200,731,2025.09.24 13:15:00,731,731,3771.68,0.01,A1_M5_MOM_R1_PULLBAC,2025.09.24 13:33:43,732,732,3763.10,0.01,4,sl 3763.11,-8.58,0.00,0.00,,false,-8.58,2,1,1,true,true,true,NATIVE_POSITION_RECONCILIATION_VALID
r1_h1_pullback_long_v1,r1_h1_pullback_long_v1,C:\Users\ZHAO ZHU INFORMATION\Downloads\algo-trading-system\xau-usd\xauusd-phase1\outputs\reports\mt5_backtests\a1_momentum_variants_owner_goal_r1_pullback_long_v2_session_exact_202207_202606_20260701\A1XauM5Momentum_OWNER_GOAL_R1_PULLBACK_LONG_V2_SESSION_EXACT_202207_202606_XAUUSD_M5_r1_pullback_long_v2_m15_session_09_15_trades.csv,368,r1_h1_pullback_long_v1::BT_A1_XAU_R1_PULLBACK_LONG_V2_M15_SESSION_09_15::1025742::XAUUSD::932200::734,LONG,2025-09-25 11:30:00,2025-09-25 12:36:41,-11.37,2025.09.25 11:30:00,734,3750.04,0.01,A1_M5_MOM_R1_PULLBAC,2025.09.25 12:36:41,737,3739.95,sl 3739.96,-11.37,BT_A1_XAU_R1_PULLBACK_LONG_V2_M15_SESSION_09_15,1025742,XAUUSD,932200,734,2025.09.25 11:30:00,734,734,3750.04,0.01,A1_M5_MOM_R1_PULLBAC,2025.09.25 12:36:42,739,739,3739.84,0.01,4,sl 3739.84,-10.20,0.00,0.00,,false,-10.20,2,1,1,true,true,true,NATIVE_POSITION_RECONCILIATION_VALID
r1_h1_pullback_long_v1,r1_h1_pullback_long_v1,C:\Users\ZHAO ZHU INFORMATION\Downloads\algo-trading-system\xau-usd\xauusd-phase1\outputs\reports\mt5_backtests\a1_momentum_variants_owner_goal_r1_pullback_long_v2_session_exact_202207_202606_20260701\A1XauM5Momentum_OWNER_GOAL_R1_PULLBACK_LONG_V2_SESSION_EXACT_202207_202606_XAUUSD_M5_r1_pullback_long_v2_m15_session_09_15_trades.csv,369,r1_h1_pullback_long_v1::BT_A1_XAU_R1_PULLBACK_LONG_V2_M15_SESSION_09_15::1025742::XAUUSD::932200::735,LONG,2025-09-25 11:45:00,2025-09-25 12:36:41,-13.26,2025.09.25 11:45:00,735,3751.32,0.01,A1_M5_MOM_R1_PULLBAC,2025.09.25 12:36:41,738,3739.95,sl 3739.96,-13.26,BT_A1_XAU_R1_PULLBACK_LONG_V2_M15_SESSION_09_15,1025742,XAUUSD,932200,735,2025.09.25 11:45:00,735,735,3751.32,0.01,A1_M5_MOM_R1_PULLBAC,2025.09.25 12:36:41,737,737,3739.95,0.01,4,sl 3739.96,-11.37,0.00,0.00,,false,-11.37,2,1,1,true,true,true,NATIVE_POSITION_RECONCILIATION_VALID
r1_h1_pullback_long_v1,r1_h1_pullback_long_v1,C:\Users\ZHAO ZHU INFORMATION\Downloads\algo-trading-system\xau-usd\xauusd-phase1\outputs\reports\mt5_backtests\a1_momentum_variants_owner_goal_r1_pullback_long_v2_session_exact_202207_202606_20260701\A1XauM5Momentum_OWNER_GOAL_R1_PULLBACK_LONG_V2_SESSION_EXACT_202207_202606_XAUUSD_M5_r1_pullback_long_v2_m15_session_09_15_trades.csv,370,r1_h1_pullback_long_v1::BT_A1_XAU_R1_PULLBACK_LONG_V2_M15_SESSION_09_15::1025742::XAUUSD::932200::736,LONG,2025-09-25 12:00:00,2025-09-25 12:36:42,-10.2,2025.09.25 12:00:00,736,3753.21,0.01,A1_M5_MOM_R1_PULLBAC,2025.09.25 12:36:42,739,3739.84,sl 3739.84,-10.2,BT_A1_XAU_R1_PULLBACK_LONG_V2_M15_SESSION_09_15,1025742,XAUUSD,932200,736,2025.09.25 12:00:00,736,736,3753.21,0.01,A1_M5_MOM_R1_PULLBAC,2025.09.25 12:36:41,738,738,3739.95,0.01,4,sl 3739.96,-13.26,0.00,0.00,,false,-13.26,2,1,1,true,true,true,NATIVE_POSITION_RECONCILIATION_VALID
r1_h1_pullback_long_v1,r1_h1_pullback_long_v1,C:\Users\ZHAO ZHU INFORMATION\Downloads\algo-trading-system\xau-usd\xauusd-phase1\outputs\reports\mt5_backtests\a1_momentum_variants_owner_goal_r1_pullback_long_v2_session_exact_202207_202606_20260701\A1XauM5Momentum_OWNER_GOAL_R1_PULLBACK_LONG_V2_SESSION_EXACT_202207_202606_XAUUSD_M5_r1_pullback_long_v2_m15_session_09_15_trades.csv,371,r1_h1_pullback_long_v1::BT_A1_XAU_R1_PULLBACK_LONG_V2_M15_SESSION_09_15::1025742::XAUUSD::932200::740,LONG,2025-09-26 10:00:00,2025-09-26 10:40:37,-5.27,2025.09.26 10:00:00,740,3751.63,0.01,A1_M5_MOM_R1_PULLBAC,2025.09.26 10:40:37,741,3746.36,sl 3746.37,-5.27,BT_A1_XAU_R1_PULLBACK_LONG_V2_M15_SESSION_09_15,1025742,XAUUSD,932200,740,2025.09.26 10:00:00,740,740,3751.63,0.01,A1_M5_MOM_R1_PULLBAC,2025.09.26 10:40:37,741,741,3746.36,0.01,4,sl 3746.37,-5.27,0.00,0.00,,false,-5.27,2,1,1,true,false,false,NATIVE_POSITION_RECONCILIATION_VALID
r1_h1_pullback_long_v1,r1_h1_pullback_long_v1,C:\Users\ZHAO ZHU INFORMATION\Downloads\algo-trading-system\xau-usd\xauusd-phase1\outputs\reports\mt5_backtests\a1_momentum_variants_owner_goal_r1_pullback_long_v2_session_exact_202207_202606_20260701\A1XauM5Momentum_OWNER_GOAL_R1_PULLBACK_LONG_V2_SESSION_EXACT_202207_202606_XAUUSD_M5_r1_pullback_long_v2_m15_session_09_15_trades.csv,372,r1_h1_pullback_long_v1::BT_A1_XAU_R1_PULLBACK_LONG_V2_M15_SESSION_09_15::1025742::XAUUSD::932200::742,LONG,2025-09-26 12:15:00,2025-09-26 14:08:30,19.09,2025.09.26 12:15:00,742,3751.89,0.01,A1_M5_MOM_R1_PULLBAC,2025.09.26 14:08:30,745,3770.98,tp 3770.97,19.09,BT_A1_XAU_R1_PULLBACK_LONG_V2_M15_SESSION_09_15,1025742,XAUUSD,932200,742,2025.09.26 12:15:00,742,742,3751.89,0.01,A1_M5_MOM_R1_PULLBAC,2025.09.26 14:08:30,745,745,3770.98,0.01,5,tp 3770.97,19.09,0.00,0.00,,false,19.09,2,1,1,true,false,false,NATIVE_POSITION_RECONCILIATION_VALID
r1_h1_pullback_long_v1,r1_h1_pullback_long_v1,C:\Users\ZHAO ZHU INFORMATION\Downloads\algo-trading-system\xau-usd\xauusd-phase1\outputs\reports\mt5_backtests\a1_momentum_variants_owner_goal_r1_pullback_long_v2_session_exact_202207_202606_20260701\A1XauM5Momentum_OWNER_GOAL_R1_PULLBACK_LONG_V2_SESSION_EXACT_202207_202606_XAUUSD_M5_r1_pullback_long_v2_m15_session_09_15_trades.csv,373,r1_h1_pullback_long_v1::BT_A1_XAU_R1_PULLBACK_LONG_V2_M15_SESSION_09_15::1025742::XAUUSD::932200::743,LONG,2025-09-26 13:15:00,2025-09-29 02:21:30,33.85,2025.09.26 13:15:00,743,3764.71,0.01,A1_M5_MOM_R1_PULLBAC,2025.09.29 02:21:30,746,3796.01,tp 3796.01,33.85,BT_A1_XAU_R1_PULLBACK_LONG_V2_M15_SESSION_09_15,1025742,XAUUSD,932200,743,2025.09.26 13:15:00,743,743,3764.71,0.01,A1_M5_MOM_R1_PULLBAC,2025.09.29 04:37:29,747,747,3802.91,0.01,5,tp 3802.91,38.20,0.00,0.00,,false,38.20,2,1,1,true,true,true,NATIVE_POSITION_RECONCILIATION_VALID
r1_h1_pullback_long_v1,r1_h1_pullback_long_v1,C:\Users\ZHAO ZHU INFORMATION\Downloads\algo-trading-system\xau-usd\xauusd-phase1\outputs\reports\mt5_backtests\a1_momentum_variants_owner_goal_r1_pullback_long_v2_session_exact_202207_202606_20260701\A1XauM5Momentum_OWNER_GOAL_R1_PULLBACK_LONG_V2_SESSION_EXACT_202207_202606_XAUUSD_M5_r1_pullback_long_v2_m15_session_09_15_trades.csv,374,r1_h1_pullback_long_v1::BT_A1_XAU_R1_PULLBACK_LONG_V2_M15_SESSION_09_15::1025742::XAUUSD::932200::744,LONG,2025-09-26 14:00:00,2025-09-29 04:37:29,38.2,2025.09.26 14:00:00,744,3762.16,0.01,A1_M5_MOM_R1_PULLBAC,2025.09.29 04:37:29,747,3802.91,tp 3802.91,38.2,BT_A1_XAU_R1_PULLBACK_LONG_V2_M15_SESSION_09_15,1025742,XAUUSD,932200,744,2025.09.26 14:00:00,744,744,3762.16,0.01,A1_M5_MOM_R1_PULLBAC,2025.09.29 02:21:30,746,746,3796.01,0.01,5,tp 3796.01,33.85,0.00,0.00,,false,33.85,2,1,1,true,true,true,NATIVE_POSITION_RECONCILIATION_VALID
r1_h1_pullback_long_v1,r1_h1_pullback_long_v1,C:\Users\ZHAO ZHU INFORMATION\Downloads\algo-trading-system\xau-usd\xauusd-phase1\outputs\reports\mt5_backtests\a1_momentum_variants_owner_goal_r1_pullback_long_v2_session_exact_202207_202606_20260701\A1XauM5Momentum_OWNER_GOAL_R1_PULLBACK_LONG_V2_SESSION_EXACT_202207_202606_XAUUSD_M5_r1_pullback_long_v2_m15_session_09_15_trades.csv,375,r1_h1_pullback_long_v1::BT_A1_XAU_R1_PULLBACK_LONG_V2_M15_SESSION_09_15::1025742::XAUUSD::932200::748,LONG,2025-11-12 11:00:00,2025-11-12 15:10:30,17.92,2025.11.12 11:00:00,748,4127.96,0.01,A1_M5_MOM_R1_PULLBAC,2025.11.12 15:10:30,754,4148.64,tp 4148.64,17.92,BT_A1_XAU_R1_PULLBACK_LONG_V2_M15_SESSION_09_15,1025742,XAUUSD,932200,748,2025.11.12 11:00:00,748,748,4127.96,0.01,A1_M5_MOM_R1_PULLBAC,2025.11.12 15:10:39,755,755,4150.88,0.01,5,tp 4150.87,22.92,0.00,0.00,,false,22.92,2,1,1,true,true,true,NATIVE_POSITION_RECONCILIATION_VALID
r1_h1_pullback_long_v1,r1_h1_pullback_long_v1,C:\Users\ZHAO ZHU INFORMATION\Downloads\algo-trading-system\xau-usd\xauusd-phase1\outputs\reports\mt5_backtests\a1_momentum_variants_owner_goal_r1_pullback_long_v2_session_exact_202207_202606_20260701\A1XauM5Momentum_OWNER_GOAL_R1_PULLBACK_LONG_V2_SESSION_EXACT_202207_202606_XAUUSD_M5_r1_pullback_long_v2_m15_session_09_15_trades.csv,376,r1_h1_pullback_long_v1::BT_A1_XAU_R1_PULLBACK_LONG_V2_M15_SESSION_09_15::1025742::XAUUSD::932200::749,LONG,2025-11-12 11:15:00,2025-11-12 15:10:39,22.92,2025.11.12 11:15:00,749,4131.28,0.01,A1_M5_MOM_R1_PULLBAC,2025.11.12 15:10:39,755,4150.88,tp 4150.87,22.92,BT_A1_XAU_R1_PULLBACK_LONG_V2_M15_SESSION_09_15,1025742,XAUUSD,932200,749,2025.11.12 11:15:00,749,749,4131.28,0.01,A1_M5_MOM_R1_PULLBAC,2025.11.12 15:13:36,757,757,4160.60,0.01,5,tp 4160.59,29.32,0.00,0.00,,false,29.32,2,1,1,true,true,true,NATIVE_POSITION_RECONCILIATION_VALID
r1_h1_pullback_long_v1,r1_h1_pullback_long_v1,C:\Users\ZHAO ZHU INFORMATION\Downloads\algo-trading-system\xau-usd\xauusd-phase1\outputs\reports\mt5_backtests\a1_momentum_variants_owner_goal_r1_pullback_long_v2_session_exact_202207_202606_20260701\A1XauM5Momentum_OWNER_GOAL_R1_PULLBACK_LONG_V2_SESSION_EXACT_202207_202606_XAUUSD_M5_r1_pullback_long_v2_m15_session_09_15_trades.csv,377,r1_h1_pullback_long_v1::BT_A1_XAU_R1_PULLBACK_LONG_V2_M15_SESSION_09_15::1025742::XAUUSD::932200::750,LONG,2025-11-12 11:45:00,2025-11-12 15:10:42,24.05,2025.11.12 11:45:00,750,4128.62,0.01,A1_M5_MOM_R1_PULLBAC,2025.11.12 15:10:42,756,4152.67,tp 4152.66,24.05,BT_A1_XAU_R1_PULLBACK_LONG_V2_M15_SESSION_09_15,1025742,XAUUSD,932200,750,2025.11.12 11:45:00,750,750,4128.62,0.01,A1_M5_MOM_R1_PULLBAC,2025.11.12 15:10:42,756,756,4152.67,0.01,5,tp 4152.66,24.05,0.00,0.00,,false,24.05,2,1,1,true,false,false,NATIVE_POSITION_RECONCILIATION_VALID
r1_h1_pullback_long_v1,r1_h1_pullback_long_v1,C:\Users\ZHAO ZHU INFORMATION\Downloads\algo-trading-system\xau-usd\xauusd-phase1\outputs\reports\mt5_backtests\a1_momentum_variants_owner_goal_r1_pullback_long_v2_session_exact_202207_202606_20260701\A1XauM5Momentum_OWNER_GOAL_R1_PULLBACK_LONG_V2_SESSION_EXACT_202207_202606_XAUUSD_M5_r1_pullback_long_v2_m15_session_09_15_trades.csv,378,r1_h1_pullback_long_v1::BT_A1_XAU_R1_PULLBACK_LONG_V2_M15_SESSION_09_15::1025742::XAUUSD::932200::751,LONG,2025-11-12 12:15:00,2025-11-12 15:13:36,29.32,2025.11.12 12:15:00,751,4130.72,0.01,A1_M5_MOM_R1_PULLBAC,2025.11.12 15:13:36,757,4160.60,tp 4160.59,29.32,BT_A1_XAU_R1_PULLBACK_LONG_V2_M15_SESSION_09_15,1025742,XAUUSD,932200,751,2025.11.12 12:15:00,751,751,4130.72,0.01,A1_M5_MOM_R1_PULLBAC,2025.11.12 15:10:30,754,754,4148.64,0.01,5,tp 4148.64,17.92,0.00,0.00,,false,17.92,2,1,1,true,true,true,NATIVE_POSITION_RECONCILIATION_VALID
r1_h1_pullback_long_v1,r1_h1_pullback_long_v1,C:\Users\ZHAO ZHU INFORMATION\Downloads\algo-trading-system\xau-usd\xauusd-phase1\outputs\reports\mt5_backtests\a1_momentum_variants_owner_goal_r1_pullback_long_v2_session_exact_202207_202606_20260701\A1XauM5Momentum_OWNER_GOAL_R1_PULLBACK_LONG_V2_SESSION_EXACT_202207_202606_XAUUSD_M5_r1_pullback_long_v2_m15_session_09_15_trades.csv,379,r1_h1_pullback_long_v1::BT_A1_XAU_R1_PULLBACK_LONG_V2_M15_SESSION_09_15::1025742::XAUUSD::932200::752,LONG,2025-11-12 12:30:00,2025-11-12 15:16:19,27.88,2025.11.12 12:30:00,752,4136.58,0.01,A1_M5_MOM_R1_PULLBAC,2025.11.12 15:16:19,758,4163.06,tp 4163.06,27.88,BT_A1_XAU_R1_PULLBACK_LONG_V2_M15_SESSION_09_15,1025742,XAUUSD,932200,752,2025.11.12 12:30:00,752,752,4136.58,0.01,A1_M5_MOM_R1_PULLBAC,2025.11.12 15:16:38,759,759,4166.34,0.01,5,tp 4166.34,29.76,0.00,0.00,,false,29.76,2,1,1,true,true,true,NATIVE_POSITION_RECONCILIATION_VALID
r1_h1_pullback_long_v1,r1_h1_pullback_long_v1,C:\Users\ZHAO ZHU INFORMATION\Downloads\algo-trading-system\xau-usd\xauusd-phase1\outputs\reports\mt5_backtests\a1_momentum_variants_owner_goal_r1_pullback_long_v2_session_exact_202207_202606_20260701\A1XauM5Momentum_OWNER_GOAL_R1_PULLBACK_LONG_V2_SESSION_EXACT_202207_202606_XAUUSD_M5_r1_pullback_long_v2_m15_session_09_15_trades.csv,380,r1_h1_pullback_long_v1::BT_A1_XAU_R1_PULLBACK_LONG_V2_M15_SESSION_09_15::1025742::XAUUSD::932200::753,LONG,2025-11-12 14:15:00,2025-11-12 15:16:38,29.76,2025.11.12 14:15:00,753,4135.18,0.01,A1_M5_MOM_R1_PULLBAC,2025.11.12 15:16:38,759,4166.34,tp 4166.34,29.76,BT_A1_XAU_R1_PULLBACK_LONG_V2_M15_SESSION_09_15,1025742,XAUUSD,932200,753,2025.11.12 14:15:00,753,753,4135.18,0.01,A1_M5_MOM_R1_PULLBAC,2025.11.12 15:16:19,758,758,4163.06,0.01,5,tp 4163.06,27.88,0.00,0.00,,false,27.88,2,1,1,true,true,true,NATIVE_POSITION_RECONCILIATION_VALID
r1_h1_pullback_long_v1,r1_h1_pullback_long_v1,C:\Users\ZHAO ZHU INFORMATION\Downloads\algo-trading-system\xau-usd\xauusd-phase1\outputs\reports\mt5_backtests\a1_momentum_variants_owner_goal_r1_pullback_long_v2_session_exact_202207_202606_20260701\A1XauM5Momentum_OWNER_GOAL_R1_PULLBACK_LONG_V2_SESSION_EXACT_202207_202606_XAUUSD_M5_r1_pullback_long_v2_m15_session_09_15_trades.csv,381,r1_h1_pullback_long_v1::BT_A1_XAU_R1_PULLBACK_LONG_V2_M15_SESSION_09_15::1025742::XAUUSD::932200::760,LONG,2025-11-25 13:00:00,2025-11-25 14:46:39,-15.69,2025.11.25 13:00:00,760,4129.91,0.01,A1_M5_MOM_R1_PULLBAC,2025.11.25 14:46:39,761,4114.22,sl 4114.23,-15.69,BT_A1_XAU_R1_PULLBACK_LONG_V2_M15_SESSION_09_15,1025742,XAUUSD,932200,760,2025.11.25 13:00:00,760,760,4129.91,0.01,A1_M5_MOM_R1_PULLBAC,2025.11.25 14:46:39,761,761,4114.22,0.01,4,sl 4114.23,-15.69,0.00,0.00,,false,-15.69,2,1,1,true,false,false,NATIVE_POSITION_RECONCILIATION_VALID
r1_h1_pullback_long_v1,r1_h1_pullback_long_v1,C:\Users\ZHAO ZHU INFORMATION\Downloads\algo-trading-system\xau-usd\xauusd-phase1\outputs\reports\mt5_backtests\a1_momentum_variants_owner_goal_r1_pullback_long_v2_session_exact_202207_202606_20260701\A1XauM5Momentum_OWNER_GOAL_R1_PULLBACK_LONG_V2_SESSION_EXACT_202207_202606_XAUUSD_M5_r1_pullback_long_v2_m15_session_09_15_trades.csv,382,r1_h1_pullback_long_v1::BT_A1_XAU_R1_PULLBACK_LONG_V2_M15_SESSION_09_15::1025742::XAUUSD::932200::762,LONG,2025-11-26 13:30:00,2025-11-26 14:08:18,-17.64,2025.11.26 13:30:00,762,4163.42,0.01,A1_M5_MOM_R1_PULLBAC,2025.11.26 14:08:18,763,4145.78,sl 4145.80,-17.64,BT_A1_XAU_R1_PULLBACK_LONG_V2_M15_SESSION_09_15,1025742,XAUUSD,932200,762,2025.11.26 13:30:00,762,762,4163.42,0.01,A1_M5_MOM_R1_PULLBAC,2025.11.26 14:08:18,763,763,4145.78,0.01,4,sl 4145.80,-17.64,0.00,0.00,,false,-17.64,2,1,1,true,false,false,NATIVE_POSITION_RECONCILIATION_VALID
r1_h1_pullback_long_v1,r1_h1_pullback_long_v1,C:\Users\ZHAO ZHU INFORMATION\Downloads\algo-trading-system\xau-usd\xauusd-phase1\outputs\reports\mt5_backtests\a1_momentum_variants_owner_goal_r1_pullback_long_v2_session_exact_202207_202606_20260701\A1XauM5Momentum_OWNER_GOAL_R1_PULLBACK_LONG_V2_SESSION_EXACT_202207_202606_XAUUSD_M5_r1_pullback_long_v2_m15_session_09_15_trades.csv,383,r1_h1_pullback_long_v1::BT_A1_XAU_R1_PULLBACK_LONG_V2_M15_SESSION_09_15::1025742::XAUUSD::932200::764,LONG,2025-11-27 09:00:00,2025-11-27 09:03:40,-9.49,2025.11.27 09:00:00,764,4166.04,0.01,A1_M5_MOM_R1_PULLBAC,2025.11.27 09:03:40,765,4156.55,sl 4156.55,-9.49,BT_A1_XAU_R1_PULLBACK_LONG_V2_M15_SESSION_09_15,1025742,XAUUSD,932200,764,2025.11.27 09:00:00,764,764,4166.04,0.01,A1_M5_MOM_R1_PULLBAC,2025.11.27 09:03:40,765,765,4156.55,0.01,4,sl 4156.55,-9.49,0.00,0.00,,false,-9.49,2,1,1,true,false,false,NATIVE_POSITION_RECONCILIATION_VALID
r1_h1_pullback_long_v1,r1_h1_pullback_long_v1,C:\Users\ZHAO ZHU INFORMATION\Downloads\algo-trading-system\xau-usd\xauusd-phase1\outputs\reports\mt5_backtests\a1_momentum_variants_owner_goal_r1_pullback_long_v2_session_exact_202207_202606_20260701\A1XauM5Momentum_OWNER_GOAL_R1_PULLBACK_LONG_V2_SESSION_EXACT_202207_202606_XAUUSD_M5_r1_pullback_long_v2_m15_session_09_15_trades.csv,384,r1_h1_pullback_long_v1::BT_A1_XAU_R1_PULLBACK_LONG_V2_M15_SESSION_09_15::1025742::XAUUSD::932200::766,LONG,2025-11-27 09:45:00,2025-11-28 00:34:30,20.87,2025.11.27 09:45:00,766,4157.64,0.01,A1_M5_MOM_R1_PULLBAC,2025.11.28 00:34:30,767,4178.51,tp 4178.49,20.87,BT_A1_XAU_R1_PULLBACK_LONG_V2_M15_SESSION_09_15,1025742,XAUUSD,932200,766,2025.11.27 09:45:00,766,766,4157.64,0.01,A1_M5_MOM_R1_PULLBAC,2025.11.28 00:34:30,767,767,4178.51,0.01,5,tp 4178.49,20.87,0.00,0.00,,false,20.87,2,1,1,true,false,false,NATIVE_POSITION_RECONCILIATION_VALID
h4_d1_long_best_box2_atr80,h4_d1_long_best_box2_atr80,C:\Users\ZHAO ZHU INFORMATION\Downloads\algo-trading-system\xau-usd\xauusd-phase1\outputs\reports\mt5_backtests\a1_momentum_variants_owner_goal_regime_router_v1_exact_202207_202606_20260701\A1XauM5Momentum_OWNER_GOAL_REGIME_ROUTER_V1_EXACT_202207_202606_XAUUSD_M5_router_v1_r1_long_box2_prevhealth_trades.csv,125,h4_d1_long_best_box2_atr80::BT_A1_XAU_ROUTER_V1_R1_LONG_BOX2_PREVHEALTH::1025742::XAUUSD::932200::248,LONG,2025-12-01 04:00:00,2025-12-09 06:09:38,-68.8,2025.12.01 04:00:00,248,4239.57,0.01,A1_M5_MOM_ROUTER_V1_,2025.12.09 06:09:38,251,4175.16,sl 4175.18,-68.8,BT_A1_XAU_ROUTER_V1_R1_LONG_BOX2_PREVHEALTH,1025742,XAUUSD,932200,248,2025.12.01 04:00:00,248,248,4239.57,0.01,A1_M5_MOM_ROUTER_V1_,2025.12.22 15:45:28,259,259,4430.20,0.01,5,tp 4430.19,190.63,0.00,0.00,,false,190.63,2,1,1,true,true,true,NATIVE_POSITION_RECONCILIATION_VALID
h4_d1_long_best_box2_atr80,h4_d1_long_best_box2_atr80,C:\Users\ZHAO ZHU INFORMATION\Downloads\algo-trading-system\xau-usd\xauusd-phase1\outputs\reports\mt5_backtests\a1_momentum_variants_owner_goal_regime_router_v1_exact_202207_202606_20260701\A1XauM5Momentum_OWNER_GOAL_REGIME_ROUTER_V1_EXACT_202207_202606_XAUUSD_M5_router_v1_r1_long_box2_prevhealth_trades.csv,126,h4_d1_long_best_box2_atr80::BT_A1_XAU_ROUTER_V1_R1_LONG_BOX2_PREVHEALTH::1025742::XAUUSD::932200::249,LONG,2025-12-01 12:00:00,2025-12-22 14:17:41,172.03,2025.12.01 12:00:00,249,4254.84,0.01,A1_M5_MOM_ROUTER_V1_,2025.12.22 14:17:41,258,4428.31,tp 4428.30,172.03,BT_A1_XAU_ROUTER_V1_R1_LONG_BOX2_PREVHEALTH,1025742,XAUUSD,932200,249,2025.12.01 12:00:00,249,249,4254.84,0.01,A1_M5_MOM_ROUTER_V1_,2025.12.23 01:01:24,261,261,4475.98,0.01,5,tp 4475.98,221.14,0.00,0.00,,false,221.14,2,1,1,true,true,true,NATIVE_POSITION_RECONCILIATION_VALID
h4_d1_long_best_box2_atr80,h4_d1_long_best_box2_atr80,C:\Users\ZHAO ZHU INFORMATION\Downloads\algo-trading-system\xau-usd\xauusd-phase1\outputs\reports\mt5_backtests\a1_momentum_variants_owner_goal_regime_router_v1_exact_202207_202606_20260701\A1XauM5Momentum_OWNER_GOAL_REGIME_ROUTER_V1_EXACT_202207_202606_XAUUSD_M5_router_v1_r1_long_box2_prevhealth_trades.csv,127,h4_d1_long_best_box2_atr80::BT_A1_XAU_ROUTER_V1_R1_LONG_BOX2_PREVHEALTH::1025742::XAUUSD::932200::250,LONG,2025-12-05 16:00:00,2025-12-22 15:45:28,190.63,2025.12.05 16:00:00,250,4243.96,0.01,A1_M5_MOM_ROUTER_V1_,2025.12.22 15:45:28,259,4430.20,tp 4430.19,190.63,BT_A1_XAU_ROUTER_V1_R1_LONG_BOX2_PREVHEALTH,1025742,XAUUSD,932200,250,2025.12.05 16:00:00,250,250,4243.96,0.01,A1_M5_MOM_ROUTER_V1_,2025.12.09 06:09:38,251,251,4175.16,0.01,4,sl 4175.18,-68.80,0.00,0.00,,false,-68.80,2,1,1,true,true,true,NATIVE_POSITION_RECONCILIATION_VALID
r1_h1_pullback_long_v1,r1_h1_pullback_long_v1,C:\Users\ZHAO ZHU INFORMATION\Downloads\algo-trading-system\xau-usd\xauusd-phase1\outputs\reports\mt5_backtests\a1_momentum_variants_owner_goal_r1_pullback_long_v2_session_exact_202207_202606_20260701\A1XauM5Momentum_OWNER_GOAL_R1_PULLBACK_LONG_V2_SESSION_EXACT_202207_202606_XAUUSD_M5_r1_pullback_long_v2_m15_session_09_15_trades.csv,385,r1_h1_pullback_long_v1::BT_A1_XAU_R1_PULLBACK_LONG_V2_M15_SESSION_09_15::1025742::XAUUSD::932200::768,LONG,2025-12-11 13:45:00,2025-12-11 15:41:31,31.86,2025.12.11 13:45:00,768,4219.91,0.01,A1_M5_MOM_R1_PULLBAC,2025.12.11 15:41:31,769,4251.77,tp 4251.77,31.86,BT_A1_XAU_R1_PULLBACK_LONG_V2_M15_SESSION_09_15,1025742,XAUUSD,932200,768,2025.12.11 13:45:00,768,768,4219.91,0.01,A1_M5_MOM_R1_PULLBAC,2025.12.11 15:41:31,769,769,4251.77,0.01,5,tp 4251.77,31.86,0.00,0.00,,false,31.86,2,1,1,true,false,false,NATIVE_POSITION_RECONCILIATION_VALID
h4_d1_long_best_box2_atr80,h4_d1_long_best_box2_atr80,C:\Users\ZHAO ZHU INFORMATION\Downloads\algo-trading-system\xau-usd\xauusd-phase1\outputs\reports\mt5_backtests\a1_momentum_variants_owner_goal_regime_router_v1_exact_202207_202606_20260701\A1XauM5Momentum_OWNER_GOAL_REGIME_ROUTER_V1_EXACT_202207_202606_XAUUSD_M5_router_v1_r1_long_box2_prevhealth_trades.csv,128,h4_d1_long_best_box2_atr80::BT_A1_XAU_ROUTER_V1_R1_LONG_BOX2_PREVHEALTH::1025742::XAUUSD::932200::252,LONG,2025-12-11 16:00:00,2025-12-23 01:01:24,221.14,2025.12.11 16:00:00,252,4256.28,0.01,A1_M5_MOM_ROUTER_V1_,2025.12.23 01:01:24,261,4475.98,tp 4475.98,221.14,BT_A1_XAU_ROUTER_V1_R1_LONG_BOX2_PREVHEALTH,1025742,XAUUSD,932200,252,2025.12.11 16:00:00,252,252,4256.28,0.01,A1_M5_MOM_ROUTER_V1_,2025.12.22 14:17:41,258,258,4428.31,0.01,5,tp 4428.30,172.03,0.00,0.00,,false,172.03,2,1,1,true,true,true,NATIVE_POSITION_RECONCILIATION_VALID
h4_d1_long_best_box2_atr80,h4_d1_long_best_box2_atr80,C:\Users\ZHAO ZHU INFORMATION\Downloads\algo-trading-system\xau-usd\xauusd-phase1\outputs\reports\mt5_backtests\a1_momentum_variants_owner_goal_regime_router_v1_exact_202207_202606_20260701\A1XauM5Momentum_OWNER_GOAL_REGIME_ROUTER_V1_EXACT_202207_202606_XAUUSD_M5_router_v1_r1_long_box2_prevhealth_trades.csv,129,h4_d1_long_best_box2_atr80::BT_A1_XAU_ROUTER_V1_R1_LONG_BOX2_PREVHEALTH::1025742::XAUUSD::932200::253,LONG,2025-12-11 20:00:00,2025-12-23 01:06:42,206.99,2025.12.11 20:00:00,253,4273.78,0.01,A1_M5_MOM_ROUTER_V1_,2025.12.23 01:06:42,262,4480.77,tp 4480.76,206.99,BT_A1_XAU_ROUTER_V1_R1_LONG_BOX2_PREVHEALTH,1025742,XAUUSD,932200,253,2025.12.11 20:00:00,253,253,4273.78,0.01,A1_M5_MOM_ROUTER_V1_,2025.12.23 01:06:42,262,262,4480.77,0.01,5,tp 4480.76,206.99,0.00,0.00,,false,206.99,2,1,1,true,false,false,NATIVE_POSITION_RECONCILIATION_VALID
h4_d1_long_best_box2_atr80,h4_d1_long_best_box2_atr80,C:\Users\ZHAO ZHU INFORMATION\Downloads\algo-trading-system\xau-usd\xauusd-phase1\outputs\reports\mt5_backtests\a1_momentum_variants_owner_goal_regime_router_v1_exact_202207_202606_20260701\A1XauM5Momentum_OWNER_GOAL_REGIME_ROUTER_V1_EXACT_202207_202606_XAUUSD_M5_router_v1_r1_long_box2_prevhealth_trades.csv,130,h4_d1_long_best_box2_atr80::BT_A1_XAU_ROUTER_V1_R1_LONG_BOX2_PREVHEALTH::1025742::XAUUSD::932200::254,LONG,2025-12-12 08:00:00,2025-12-23 02:43:41,210.39,2025.12.12 08:00:00,254,4287.34,0.01,A1_M5_MOM_ROUTER_V1_,2025.12.23 02:43:41,263,4497.73,tp 4497.68,210.39,BT_A1_XAU_ROUTER_V1_R1_LONG_BOX2_PREVHEALTH,1025742,XAUUSD,932200,254,2025.12.12 08:00:00,254,254,4287.34,0.01,A1_M5_MOM_ROUTER_V1_,2025.12.23 02:43:41,263,263,4497.73,0.01,5,tp 4497.68,210.39,0.00,0.00,,false,210.39,2,1,1,true,false,false,NATIVE_POSITION_RECONCILIATION_VALID
h4_d1_long_best_box2_atr80,h4_d1_long_best_box2_atr80,C:\Users\ZHAO ZHU INFORMATION\Downloads\algo-trading-system\xau-usd\xauusd-phase1\outputs\reports\mt5_backtests\a1_momentum_variants_owner_goal_regime_router_v1_exact_202207_202606_20260701\A1XauM5Momentum_OWNER_GOAL_REGIME_ROUTER_V1_EXACT_202207_202606_XAUUSD_M5_router_v1_r1_long_box2_prevhealth_trades.csv,131,h4_d1_long_best_box2_atr80::BT_A1_XAU_ROUTER_V1_R1_LONG_BOX2_PREVHEALTH::1025742::XAUUSD::932200::255,LONG,2025-12-12 12:00:00,2025-12-29 07:03:39,-98.32,2025.12.12 12:00:00,255,4336.60,0.01,A1_M5_MOM_ROUTER_V1_,2025.12.29 07:03:39,268,4448.61,sl 4448.65,-98.32,BT_A1_XAU_ROUTER_V1_R1_LONG_BOX2_PREVHEALTH,1025742,XAUUSD,932200,255,2025.12.12 12:00:00,255,255,4336.60,0.01,A1_M5_MOM_ROUTER_V1_,2026.01.18 23:02:13,278,278,4645.45,0.01,5,tp 4645.42,308.85,0.00,0.00,,false,308.85,2,1,1,true,true,true,NATIVE_POSITION_RECONCILIATION_VALID
r1_h1_pullback_long_v1,r1_h1_pullback_long_v1,C:\Users\ZHAO ZHU INFORMATION\Downloads\algo-trading-system\xau-usd\xauusd-phase1\outputs\reports\mt5_backtests\a1_momentum_variants_owner_goal_r1_pullback_long_v2_session_exact_202207_202606_20260701\A1XauM5Momentum_OWNER_GOAL_R1_PULLBACK_LONG_V2_SESSION_EXACT_202207_202606_XAUUSD_M5_r1_pullback_long_v2_m15_session_09_15_trades.csv,386,r1_h1_pullback_long_v1::BT_A1_XAU_R1_PULLBACK_LONG_V2_M15_SESSION_09_15::1025742::XAUUSD::932200::770,LONG,2025-12-17 09:00:00,2025-12-17 10:35:40,-7.77,2025.12.17 09:00:00,770,4319.33,0.01,A1_M5_MOM_R1_PULLBAC,2025.12.17 10:35:40,772,4311.93,sl 4311.94,-7.77,BT_A1_XAU_R1_PULLBACK_LONG_V2_M15_SESSION_09_15,1025742,XAUUSD,932200,770,2025.12.17 09:00:00,770,770,4319.33,0.01,A1_M5_MOM_R1_PULLBAC,2025.12.17 10:38:14,773,773,4306.81,0.01,4,sl 4306.83,-12.52,0.00,0.00,,false,-12.52,2,1,1,true,true,true,NATIVE_POSITION_RECONCILIATION_VALID
r1_h1_pullback_long_v1,r1_h1_pullback_long_v1,C:\Users\ZHAO ZHU INFORMATION\Downloads\algo-trading-system\xau-usd\xauusd-phase1\outputs\reports\mt5_backtests\a1_momentum_variants_owner_goal_r1_pullback_long_v2_session_exact_202207_202606_20260701\A1XauM5Momentum_OWNER_GOAL_R1_PULLBACK_LONG_V2_SESSION_EXACT_202207_202606_XAUUSD_M5_r1_pullback_long_v2_m15_session_09_15_trades.csv,387,r1_h1_pullback_long_v1::BT_A1_XAU_R1_PULLBACK_LONG_V2_M15_SESSION_09_15::1025742::XAUUSD::932200::771,LONG,2025-12-17 10:15:00,2025-12-17 10:38:14,-12.52,2025.12.17 10:15:00,771,4319.70,0.01,A1_M5_MOM_R1_PULLBAC,2025.12.17 10:38:14,773,4306.81,sl 4306.83,-12.52,BT_A1_XAU_R1_PULLBACK_LONG_V2_M15_SESSION_09_15,1025742,XAUUSD,932200,771,2025.12.17 10:15:00,771,771,4319.70,0.01,A1_M5_MOM_R1_PULLBAC,2025.12.17 10:35:40,772,772,4311.93,0.01,4,sl 4311.94,-7.77,0.00,0.00,,false,-7.77,2,1,1,true,true,true,NATIVE_POSITION_RECONCILIATION_VALID
r1_h1_pullback_long_v1,r1_h1_pullback_long_v1,C:\Users\ZHAO ZHU INFORMATION\Downloads\algo-trading-system\xau-usd\xauusd-phase1\outputs\reports\mt5_backtests\a1_momentum_variants_owner_goal_r1_pullback_long_v2_session_exact_202207_202606_20260701\A1XauM5Momentum_OWNER_GOAL_R1_PULLBACK_LONG_V2_SESSION_EXACT_202207_202606_XAUUSD_M5_r1_pullback_long_v2_m15_session_09_15_trades.csv,388,r1_h1_pullback_long_v1::BT_A1_XAU_R1_PULLBACK_LONG_V2_M15_SESSION_09_15::1025742::XAUUSD::932200::774,LONG,2025-12-17 11:00:00,2025-12-17 13:40:25,15.14,2025.12.17 11:00:00,774,4317.95,0.01,A1_M5_MOM_R1_PULLBAC,2025.12.17 13:40:25,776,4336.68,tp 4336.68,15.14,BT_A1_XAU_R1_PULLBACK_LONG_V2_M15_SESSION_09_15,1025742,XAUUSD,932200,774,2025.12.17 11:00:00,774,774,4317.95,0.01,A1_M5_MOM_R1_PULLBAC,2025.12.17 13:58:41,777,777,4343.53,0.01,5,tp 4343.53,25.58,0.00,0.00,,false,25.58,2,1,1,true,true,true,NATIVE_POSITION_RECONCILIATION_VALID
r1_h1_pullback_long_v1,r1_h1_pullback_long_v1,C:\Users\ZHAO ZHU INFORMATION\Downloads\algo-trading-system\xau-usd\xauusd-phase1\outputs\reports\mt5_backtests\a1_momentum_variants_owner_goal_r1_pullback_long_v2_session_exact_202207_202606_20260701\A1XauM5Momentum_OWNER_GOAL_R1_PULLBACK_LONG_V2_SESSION_EXACT_202207_202606_XAUUSD_M5_r1_pullback_long_v2_m15_session_09_15_trades.csv,389,r1_h1_pullback_long_v1::BT_A1_XAU_R1_PULLBACK_LONG_V2_M15_SESSION_09_15::1025742::XAUUSD::932200::775,LONG,2025-12-17 12:30:00,2025-12-17 13:58:41,25.58,2025.12.17 12:30:00,775,4321.54,0.01,A1_M5_MOM_R1_PULLBAC,2025.12.17 13:58:41,777,4343.53,tp 4343.53,25.58,BT_A1_XAU_R1_PULLBACK_LONG_V2_M15_SESSION_09_15,1025742,XAUUSD,932200,775,2025.12.17 12:30:00,775,775,4321.54,0.01,A1_M5_MOM_R1_PULLBAC,2025.12.17 13:40:25,776,776,4336.68,0.01,5,tp 4336.68,15.14,0.00,0.00,,false,15.14,2,1,1,true,true,true,NATIVE_POSITION_RECONCILIATION_VALID
r1_h1_pullback_long_v1,r1_h1_pullback_long_v1,C:\Users\ZHAO ZHU INFORMATION\Downloads\algo-trading-system\xau-usd\xauusd-phase1\outputs\reports\mt5_backtests\a1_momentum_variants_owner_goal_r1_pullback_long_v2_session_exact_202207_202606_20260701\A1XauM5Momentum_OWNER_GOAL_R1_PULLBACK_LONG_V2_SESSION_EXACT_202207_202606_XAUUSD_M5_r1_pullback_long_v2_m15_session_09_15_trades.csv,390,r1_h1_pullback_long_v1::BT_A1_XAU_R1_PULLBACK_LONG_V2_M15_SESSION_09_15::1025742::XAUUSD::932200::778,LONG,2025-12-19 14:45:00,2025-12-19 14:47:03,-11.02,2025.12.19 14:45:00,778,4335.11,0.01,A1_M5_MOM_R1_PULLBAC,2025.12.19 14:47:03,779,4324.09,sl 4324.09,-11.02,BT_A1_XAU_R1_PULLBACK_LONG_V2_M15_SESSION_09_15,1025742,XAUUSD,932200,778,2025.12.19 14:45:00,778,778,4335.11,0.01,A1_M5_MOM_R1_PULLBAC,2025.12.19 14:47:03,779,779,4324.09,0.01,4,sl 4324.09,-11.02,0.00,0.00,,false,-11.02,2,1,1,true,false,false,NATIVE_POSITION_RECONCILIATION_VALID
h4_d1_long_best_box2_atr80,h4_d1_long_best_box2_atr80,C:\Users\ZHAO ZHU INFORMATION\Downloads\algo-trading-system\xau-usd\xauusd-phase1\outputs\reports\mt5_backtests\a1_momentum_variants_owner_goal_regime_router_v1_exact_202207_202606_20260701\A1XauM5Momentum_OWNER_GOAL_REGIME_ROUTER_V1_EXACT_202207_202606_XAUUSD_M5_router_v1_r1_long_box2_prevhealth_trades.csv,132,h4_d1_long_best_box2_atr80::BT_A1_XAU_ROUTER_V1_R1_LONG_BOX2_PREVHEALTH::1025742::XAUUSD::932200::256,LONG,2025-12-22 04:00:00,2025-12-29 15:05:42,-148.82,2025.12.22 04:00:00,256,4392.88,0.01,A1_M5_MOM_ROUTER_V1_,2025.12.29 15:05:42,269,4338.23,sl 4338.25,-148.82,BT_A1_XAU_ROUTER_V1_R1_LONG_BOX2_PREVHEALTH,1025742,XAUUSD,932200,256,2025.12.22 04:00:00,256,256,4392.88,0.01,A1_M5_MOM_ROUTER_V1_,2025.12.29 15:22:30,272,272,4309.60,0.01,4,sl 4309.60,-83.28,0.00,0.00,,false,-83.28,2,1,1,true,true,true,NATIVE_POSITION_RECONCILIATION_VALID
h4_d1_long_best_box2_atr80,h4_d1_long_best_box2_atr80,C:\Users\ZHAO ZHU INFORMATION\Downloads\algo-trading-system\xau-usd\xauusd-phase1\outputs\reports\mt5_backtests\a1_momentum_variants_owner_goal_regime_router_v1_exact_202207_202606_20260701\A1XauM5Momentum_OWNER_GOAL_REGIME_ROUTER_V1_EXACT_202207_202606_XAUUSD_M5_router_v1_r1_long_box2_prevhealth_trades.csv,133,h4_d1_long_best_box2_atr80::BT_A1_XAU_ROUTER_V1_R1_LONG_BOX2_PREVHEALTH::1025742::XAUUSD::932200::257,LONG,2025-12-22 08:00:00,2025-12-29 15:05:42,-155.52,2025.12.22 08:00:00,257,4414.50,0.01,A1_M5_MOM_ROUTER_V1_,2025.12.29 15:05:42,270,4338.23,sl 4338.25,-155.52,BT_A1_XAU_ROUTER_V1_R1_LONG_BOX2_PREVHEALTH,1025742,XAUUSD,932200,257,2025.12.22 08:00:00,257,257,4414.50,0.01,A1_M5_MOM_ROUTER_V1_,2025.12.29 15:22:30,274,274,4309.48,0.01,4,sl 4309.49,-105.02,0.00,0.00,,false,-105.02,2,1,1,true,true,true,NATIVE_POSITION_RECONCILIATION_VALID
h4_d1_long_best_box2_atr80,h4_d1_long_best_box2_atr80,C:\Users\ZHAO ZHU INFORMATION\Downloads\algo-trading-system\xau-usd\xauusd-phase1\outputs\reports\mt5_backtests\a1_momentum_variants_owner_goal_regime_router_v1_exact_202207_202606_20260701\A1XauM5Momentum_OWNER_GOAL_REGIME_ROUTER_V1_EXACT_202207_202606_XAUUSD_M5_router_v1_r1_long_box2_prevhealth_trades.csv,134,h4_d1_long_best_box2_atr80::BT_A1_XAU_ROUTER_V1_R1_LONG_BOX2_PREVHEALTH::1025742::XAUUSD::932200::260,LONG,2025-12-22 16:00:00,2025-12-29 15:05:42,-152.93,2025.12.22 16:00:00,260,4432.08,0.01,A1_M5_MOM_ROUTER_V1_,2025.12.29 15:05:42,271,4338.19,sl 4338.22,-152.93,BT_A1_XAU_ROUTER_V1_R1_LONG_BOX2_PREVHEALTH,1025742,XAUUSD,932200,260,2025.12.22 16:00:00,260,260,4432.08,0.01,A1_M5_MOM_ROUTER_V1_,2025.12.29 15:22:30,273,273,4309.60,0.01,4,sl 4309.62,-122.48,0.00,0.00,,false,-122.48,2,1,1,true,true,true,NATIVE_POSITION_RECONCILIATION_VALID
h4_d1_long_best_box2_atr80,h4_d1_long_best_box2_atr80,C:\Users\ZHAO ZHU INFORMATION\Downloads\algo-trading-system\xau-usd\xauusd-phase1\outputs\reports\mt5_backtests\a1_momentum_variants_owner_goal_regime_router_v1_exact_202207_202606_20260701\A1XauM5Momentum_OWNER_GOAL_REGIME_ROUTER_V1_EXACT_202207_202606_XAUUSD_M5_router_v1_r1_long_box2_prevhealth_trades.csv,135,h4_d1_long_best_box2_atr80::BT_A1_XAU_ROUTER_V1_R1_LONG_BOX2_PREVHEALTH::1025742::XAUUSD::932200::264,LONG,2025-12-23 04:00:00,2025-12-29 15:22:30,-83.28,2025.12.23 04:00:00,264,4487.05,0.01,A1_M5_MOM_ROUTER_V1_,2025.12.29 15:22:30,272,4309.60,sl 4309.60,-83.28,BT_A1_XAU_ROUTER_V1_R1_LONG_BOX2_PREVHEALTH,1025742,XAUUSD,932200,264,2025.12.23 04:00:00,264,264,4487.05,0.01,A1_M5_MOM_ROUTER_V1_,2025.12.29 15:05:42,269,269,4338.23,0.01,4,sl 4338.25,-148.82,0.00,0.00,,false,-148.82,2,1,1,true,true,true,NATIVE_POSITION_RECONCILIATION_VALID
h4_d1_long_best_box2_atr80,h4_d1_long_best_box2_atr80,C:\Users\ZHAO ZHU INFORMATION\Downloads\algo-trading-system\xau-usd\xauusd-phase1\outputs\reports\mt5_backtests\a1_momentum_variants_owner_goal_regime_router_v1_exact_202207_202606_20260701\A1XauM5Momentum_OWNER_GOAL_REGIME_ROUTER_V1_EXACT_202207_202606_XAUUSD_M5_router_v1_r1_long_box2_prevhealth_trades.csv,136,h4_d1_long_best_box2_atr80::BT_A1_XAU_ROUTER_V1_R1_LONG_BOX2_PREVHEALTH::1025742::XAUUSD::932200::265,LONG,2025-12-23 12:00:00,2025-12-29 15:22:30,-122.48,2025.12.23 12:00:00,265,4493.75,0.01,A1_M5_MOM_ROUTER_V1_,2025.12.29 15:22:30,273,4309.60,sl 4309.62,-122.48,BT_A1_XAU_ROUTER_V1_R1_LONG_BOX2_PREVHEALTH,1025742,XAUUSD,932200,265,2025.12.23 12:00:00,265,265,4493.75,0.01,A1_M5_MOM_ROUTER_V1_,2025.12.29 15:05:42,270,270,4338.23,0.01,4,sl 4338.25,-155.52,0.00,0.00,,false,-155.52,2,1,1,true,true,true,NATIVE_POSITION_RECONCILIATION_VALID
h4_d1_long_best_box2_atr80,h4_d1_long_best_box2_atr80,C:\Users\ZHAO ZHU INFORMATION\Downloads\algo-trading-system\xau-usd\xauusd-phase1\outputs\reports\mt5_backtests\a1_momentum_variants_owner_goal_regime_router_v1_exact_202207_202606_20260701\A1XauM5Momentum_OWNER_GOAL_REGIME_ROUTER_V1_EXACT_202207_202606_XAUUSD_M5_router_v1_r1_long_box2_prevhealth_trades.csv,137,h4_d1_long_best_box2_atr80::BT_A1_XAU_ROUTER_V1_R1_LONG_BOX2_PREVHEALTH::1025742::XAUUSD::932200::266,LONG,2025-12-23 20:00:00,2025-12-29 15:22:30,-105.02,2025.12.23 20:00:00,266,4491.12,0.01,A1_M5_MOM_ROUTER_V1_,2025.12.29 15:22:30,274,4309.48,sl 4309.49,-105.02,BT_A1_XAU_ROUTER_V1_R1_LONG_BOX2_PREVHEALTH,1025742,XAUUSD,932200,266,2025.12.23 20:00:00,266,266,4491.12,0.01,A1_M5_MOM_ROUTER_V1_,2025.12.29 15:05:42,271,271,4338.19,0.01,4,sl 4338.22,-152.93,0.00,0.00,,false,-152.93,2,1,1,true,true,true,NATIVE_POSITION_RECONCILIATION_VALID
r1_h1_pullback_long_v1,r1_h1_pullback_long_v1,C:\Users\ZHAO ZHU INFORMATION\Downloads\algo-trading-system\xau-usd\xauusd-phase1\outputs\reports\mt5_backtests\a1_momentum_variants_owner_goal_r1_pullback_long_v2_session_exact_202207_202606_20260701\A1XauM5Momentum_OWNER_GOAL_R1_PULLBACK_LONG_V2_SESSION_EXACT_202207_202606_XAUUSD_M5_r1_pullback_long_v2_m15_session_09_15_trades.csv,391,r1_h1_pullback_long_v1::BT_A1_XAU_R1_PULLBACK_LONG_V2_M15_SESSION_09_15::1025742::XAUUSD::932200::780,LONG,2025-12-24 10:00:00,2025-12-24 13:12:38,-13.6,2025.12.24 10:00:00,780,4494.87,0.01,A1_M5_MOM_R1_PULLBAC,2025.12.24 13:12:38,785,4481.98,sl 4481.99,-13.6,BT_A1_XAU_R1_PULLBACK_LONG_V2_M15_SESSION_09_15,1025742,XAUUSD,932200,780,2025.12.24 10:00:00,780,780,4494.87,0.01,A1_M5_MOM_R1_PULLBAC,2025.12.24 13:19:42,789,789,4480.16,0.01,4,sl 4480.18,-14.71,0.00,0.00,,false,-14.71,2,1,1,true,true,true,NATIVE_POSITION_RECONCILIATION_VALID
r1_h1_pullback_long_v1,r1_h1_pullback_long_v1,C:\Users\ZHAO ZHU INFORMATION\Downloads\algo-trading-system\xau-usd\xauusd-phase1\outputs\reports\mt5_backtests\a1_momentum_variants_owner_goal_r1_pullback_long_v2_session_exact_202207_202606_20260701\A1XauM5Momentum_OWNER_GOAL_R1_PULLBACK_LONG_V2_SESSION_EXACT_202207_202606_XAUUSD_M5_r1_pullback_long_v2_m15_session_09_15_trades.csv,392,r1_h1_pullback_long_v1::BT_A1_XAU_R1_PULLBACK_LONG_V2_M15_SESSION_09_15::1025742::XAUUSD::932200::781,LONG,2025-12-24 10:30:00,2025-12-24 13:19:40,-10.75,2025.12.24 10:30:00,781,4494.45,0.01,A1_M5_MOM_R1_PULLBAC,2025.12.24 13:19:40,786,4480.98,sl 4480.99,-10.75,BT_A1_XAU_R1_PULLBACK_LONG_V2_M15_SESSION_09_15,1025742,XAUUSD,932200,781,2025.12.24 10:30:00,781,781,4494.45,0.01,A1_M5_MOM_R1_PULLBAC,2025.12.24 13:19:42,788,788,4480.38,0.01,4,sl 4480.40,-14.07,0.00,0.00,,false,-14.07,2,1,1,true,true,true,NATIVE_POSITION_RECONCILIATION_VALID
r1_h1_pullback_long_v1,r1_h1_pullback_long_v1,C:\Users\ZHAO ZHU INFORMATION\Downloads\algo-trading-system\xau-usd\xauusd-phase1\outputs\reports\mt5_backtests\a1_momentum_variants_owner_goal_r1_pullback_long_v2_session_exact_202207_202606_20260701\A1XauM5Momentum_OWNER_GOAL_R1_PULLBACK_LONG_V2_SESSION_EXACT_202207_202606_XAUUSD_M5_r1_pullback_long_v2_m15_session_09_15_trades.csv,393,r1_h1_pullback_long_v1::BT_A1_XAU_R1_PULLBACK_LONG_V2_M15_SESSION_09_15::1025742::XAUUSD::932200::782,LONG,2025-12-24 11:00:00,2025-12-24 13:19:40,-8.81,2025.12.24 11:00:00,782,4489.70,0.01,A1_M5_MOM_R1_PULLBAC,2025.12.24 13:19:40,787,4480.89,sl 4480.90,-8.81,BT_A1_XAU_R1_PULLBACK_LONG_V2_M15_SESSION_09_15,1025742,XAUUSD,932200,782,2025.12.24 11:00:00,782,782,4489.70,0.01,A1_M5_MOM_R1_PULLBAC,2025.12.24 13:19:40,787,787,4480.89,0.01,4,sl 4480.90,-8.81,0.00,0.00,,false,-8.81,2,1,1,true,false,false,NATIVE_POSITION_RECONCILIATION_VALID
r1_h1_pullback_long_v1,r1_h1_pullback_long_v1,C:\Users\ZHAO ZHU INFORMATION\Downloads\algo-trading-system\xau-usd\xauusd-phase1\outputs\reports\mt5_backtests\a1_momentum_variants_owner_goal_r1_pullback_long_v2_session_exact_202207_202606_20260701\A1XauM5Momentum_OWNER_GOAL_R1_PULLBACK_LONG_V2_SESSION_EXACT_202207_202606_XAUUSD_M5_r1_pullback_long_v2_m15_session_09_15_trades.csv,394,r1_h1_pullback_long_v1::BT_A1_XAU_R1_PULLBACK_LONG_V2_M15_SESSION_09_15::1025742::XAUUSD::932200::783,LONG,2025-12-24 12:00:00,2025-12-24 13:19:42,-14.07,2025.12.24 12:00:00,783,4491.73,0.01,A1_M5_MOM_R1_PULLBAC,2025.12.24 13:19:42,788,4480.38,sl 4480.40,-14.07,BT_A1_XAU_R1_PULLBACK_LONG_V2_M15_SESSION_09_15,1025742,XAUUSD,932200,783,2025.12.24 12:00:00,783,783,4491.73,0.01,A1_M5_MOM_R1_PULLBAC,2025.12.24 13:19:40,786,786,4480.98,0.01,4,sl 4480.99,-10.75,0.00,0.00,,false,-10.75,2,1,1,true,true,true,NATIVE_POSITION_RECONCILIATION_VALID
r1_h1_pullback_long_v1,r1_h1_pullback_long_v1,C:\Users\ZHAO ZHU INFORMATION\Downloads\algo-trading-system\xau-usd\xauusd-phase1\outputs\reports\mt5_backtests\a1_momentum_variants_owner_goal_r1_pullback_long_v2_session_exact_202207_202606_20260701\A1XauM5Momentum_OWNER_GOAL_R1_PULLBACK_LONG_V2_SESSION_EXACT_202207_202606_XAUUSD_M5_r1_pullback_long_v2_m15_session_09_15_trades.csv,395,r1_h1_pullback_long_v1::BT_A1_XAU_R1_PULLBACK_LONG_V2_M15_SESSION_09_15::1025742::XAUUSD::932200::784,LONG,2025-12-24 12:15:00,2025-12-24 13:19:42,-14.71,2025.12.24 12:15:00,784,4495.58,0.01,A1_M5_MOM_R1_PULLBAC,2025.12.24 13:19:42,789,4480.16,sl 4480.18,-14.71,BT_A1_XAU_R1_PULLBACK_LONG_V2_M15_SESSION_09_15,1025742,XAUUSD,932200,784,2025.12.24 12:15:00,784,784,4495.58,0.01,A1_M5_MOM_R1_PULLBAC,2025.12.24 13:12:38,785,785,4481.98,0.01,4,sl 4481.99,-13.60,0.00,0.00,,false,-13.60,2,1,1,true,true,true,NATIVE_POSITION_RECONCILIATION_VALID
r1_h1_pullback_long_v1,r1_h1_pullback_long_v1,C:\Users\ZHAO ZHU INFORMATION\Downloads\algo-trading-system\xau-usd\xauusd-phase1\outputs\reports\mt5_backtests\a1_momentum_variants_owner_goal_r1_pullback_long_v2_session_exact_202207_202606_20260701\A1XauM5Momentum_OWNER_GOAL_R1_PULLBACK_LONG_V2_SESSION_EXACT_202207_202606_XAUUSD_M5_r1_pullback_long_v2_m15_session_09_15_trades.csv,396,r1_h1_pullback_long_v1::BT_A1_XAU_R1_PULLBACK_LONG_V2_M15_SESSION_09_15::1025742::XAUUSD::932200::790,LONG,2025-12-26 11:45:00,2025-12-26 13:25:16,11.76,2025.12.26 11:45:00,790,4508.00,0.01,A1_M5_MOM_R1_PULLBAC,2025.12.26 13:25:16,792,4519.76,tp 4519.76,11.76,BT_A1_XAU_R1_PULLBACK_LONG_V2_M15_SESSION_09_15,1025742,XAUUSD,932200,790,2025.12.26 11:45:00,790,790,4508.00,0.01,A1_M5_MOM_R1_PULLBAC,2025.12.26 13:25:16,792,792,4519.76,0.01,5,tp 4519.76,11.76,0.00,0.00,,false,11.76,2,1,1,true,false,false,NATIVE_POSITION_RECONCILIATION_VALID
r1_h1_pullback_long_v1,r1_h1_pullback_long_v1,C:\Users\ZHAO ZHU INFORMATION\Downloads\algo-trading-system\xau-usd\xauusd-phase1\outputs\reports\mt5_backtests\a1_momentum_variants_owner_goal_r1_pullback_long_v2_session_exact_202207_202606_20260701\A1XauM5Momentum_OWNER_GOAL_R1_PULLBACK_LONG_V2_SESSION_EXACT_202207_202606_XAUUSD_M5_r1_pullback_long_v2_m15_session_09_15_trades.csv,397,r1_h1_pullback_long_v1::BT_A1_XAU_R1_PULLBACK_LONG_V2_M15_SESSION_09_15::1025742::XAUUSD::932200::791,LONG,2025-12-26 13:15:00,2025-12-26 15:37:28,26.66,2025.12.26 13:15:00,791,4514.79,0.01,A1_M5_MOM_R1_PULLBAC,2025.12.26 15:37:28,794,4541.45,tp 4541.42,26.66,BT_A1_XAU_R1_PULLBACK_LONG_V2_M15_SESSION_09_15,1025742,XAUUSD,932200,791,2025.12.26 13:15:00,791,791,4514.79,0.01,A1_M5_MOM_R1_PULLBAC,2025.12.26 15:37:28,794,794,4541.45,0.01,5,tp 4541.42,26.66,0.00,0.00,,false,26.66,2,1,1,true,false,false,NATIVE_POSITION_RECONCILIATION_VALID
r1_h1_pullback_long_v1,r1_h1_pullback_long_v1,C:\Users\ZHAO ZHU INFORMATION\Downloads\algo-trading-system\xau-usd\xauusd-phase1\outputs\reports\mt5_backtests\a1_momentum_variants_owner_goal_r1_pullback_long_v2_session_exact_202207_202606_20260701\A1XauM5Momentum_OWNER_GOAL_R1_PULLBACK_LONG_V2_SESSION_EXACT_202207_202606_XAUUSD_M5_r1_pullback_long_v2_m15_session_09_15_trades.csv,398,r1_h1_pullback_long_v1::BT_A1_XAU_R1_PULLBACK_LONG_V2_M15_SESSION_09_15::1025742::XAUUSD::932200::793,LONG,2025-12-26 13:30:00,2025-12-26 16:05:13,31.21,2025.12.26 13:30:00,793,4518.12,0.01,A1_M5_MOM_R1_PULLBAC,2025.12.26 16:05:13,795,4549.33,tp 4549.33,31.21,BT_A1_XAU_R1_PULLBACK_LONG_V2_M15_SESSION_09_15,1025742,XAUUSD,932200,793,2025.12.26 13:30:00,793,793,4518.12,0.01,A1_M5_MOM_R1_PULLBAC,2025.12.26 16:05:13,795,795,4549.33,0.01,5,tp 4549.33,31.21,0.00,0.00,,false,31.21,2,1,1,true,false,false,NATIVE_POSITION_RECONCILIATION_VALID
h4_d1_long_best_box2_atr80,h4_d1_long_best_box2_atr80,C:\Users\ZHAO ZHU INFORMATION\Downloads\algo-trading-system\xau-usd\xauusd-phase1\outputs\reports\mt5_backtests\a1_momentum_variants_owner_goal_regime_router_v1_exact_202207_202606_20260701\A1XauM5Momentum_OWNER_GOAL_REGIME_ROUTER_V1_EXACT_202207_202606_XAUUSD_M5_router_v1_r1_long_box2_prevhealth_trades.csv,138,h4_d1_long_best_box2_atr80::BT_A1_XAU_ROUTER_V1_R1_LONG_BOX2_PREVHEALTH::1025742::XAUUSD::932200::267,LONG,2025-12-26 16:00:00,2026-01-18 23:02:13,308.85,2025.12.26 16:00:00,267,4546.93,0.01,A1_M5_MOM_ROUTER_V1_,2026.01.18 23:02:13,278,4645.45,tp 4645.42,308.85,BT_A1_XAU_ROUTER_V1_R1_LONG_BOX2_PREVHEALTH,1025742,XAUUSD,932200,267,2025.12.26 16:00:00,267,267,4546.93,0.01,A1_M5_MOM_ROUTER_V1_,2025.12.29 07:03:39,268,268,4448.61,0.01,4,sl 4448.65,-98.32,0.00,0.00,,false,-98.32,2,1,1,true,true,true,NATIVE_POSITION_RECONCILIATION_VALID
r1_h1_pullback_long_v1,r1_h1_pullback_long_v1,C:\Users\ZHAO ZHU INFORMATION\Downloads\algo-trading-system\xau-usd\xauusd-phase1\outputs\reports\mt5_backtests\a1_momentum_variants_owner_goal_r1_pullback_long_v2_session_exact_202207_202606_20260701\A1XauM5Momentum_OWNER_GOAL_R1_PULLBACK_LONG_V2_SESSION_EXACT_202207_202606_XAUUSD_M5_r1_pullback_long_v2_m15_session_09_15_trades.csv,399,r1_h1_pullback_long_v1::BT_A1_XAU_R1_PULLBACK_LONG_V2_M15_SESSION_09_15::1025742::XAUUSD::932200::796,LONG,2026-01-09 09:00:00,2026-01-09 12:06:14,11.66,2026.01.09 09:00:00,796,4468.68,0.01,A1_M5_MOM_R1_PULLBAC,2026.01.09 12:06:14,799,4480.34,tp 4480.34,11.66,BT_A1_XAU_R1_PULLBACK_LONG_V2_M15_SESSION_09_15,1025742,XAUUSD,932200,796,2026.01.09 09:00:00,796,796,4468.68,0.01,A1_M5_MOM_R1_PULLBAC,2026.01.09 12:06:14,799,799,4480.34,0.01,5,tp 4480.34,11.66,0.00,0.00,,false,11.66,2,1,1,true,false,false,NATIVE_POSITION_RECONCILIATION_VALID
r1_h1_pullback_long_v1,r1_h1_pullback_long_v1,C:\Users\ZHAO ZHU INFORMATION\Downloads\algo-trading-system\xau-usd\xauusd-phase1\outputs\reports\mt5_backtests\a1_momentum_variants_owner_goal_r1_pullback_long_v2_session_exact_202207_202606_20260701\A1XauM5Momentum_OWNER_GOAL_R1_PULLBACK_LONG_V2_SESSION_EXACT_202207_202606_XAUUSD_M5_r1_pullback_long_v2_m15_session_09_15_trades.csv,400,r1_h1_pullback_long_v1::BT_A1_XAU_R1_PULLBACK_LONG_V2_M15_SESSION_09_15::1025742::XAUUSD::932200::797,LONG,2026-01-09 09:15:00,2026-01-09 12:31:15,-9.54,2026.01.09 09:15:00,797,4474.95,0.01,A1_M5_MOM_R1_PULLBAC,2026.01.09 12:31:15,800,4466.15,sl 4466.15,-9.54,BT_A1_XAU_R1_PULLBACK_LONG_V2_M15_SESSION_09_15,1025742,XAUUSD,932200,797,2026.01.09 09:15:00,797,797,4474.95,0.01,A1_M5_MOM_R1_PULLBAC,2026.01.09 12:33:31,801,801,4462.91,0.01,4,sl 4462.93,-12.04,0.00,0.00,,false,-12.04,2,1,1,true,true,true,NATIVE_POSITION_RECONCILIATION_VALID
r1_h1_pullback_long_v1,r1_h1_pullback_long_v1,C:\Users\ZHAO ZHU INFORMATION\Downloads\algo-trading-system\xau-usd\xauusd-phase1\outputs\reports\mt5_backtests\a1_momentum_variants_owner_goal_r1_pullback_long_v2_session_exact_202207_202606_20260701\A1XauM5Momentum_OWNER_GOAL_R1_PULLBACK_LONG_V2_SESSION_EXACT_202207_202606_XAUUSD_M5_r1_pullback_long_v2_m15_session_09_15_trades.csv,401,r1_h1_pullback_long_v1::BT_A1_XAU_R1_PULLBACK_LONG_V2_M15_SESSION_09_15::1025742::XAUUSD::932200::798,LONG,2026-01-09 12:00:00,2026-01-09 12:33:31,-12.04,2026.01.09 12:00:00,798,4475.69,0.01,A1_M5_MOM_R1_PULLBAC,2026.01.09 12:33:31,801,4462.91,sl 4462.93,-12.04,BT_A1_XAU_R1_PULLBACK_LONG_V2_M15_SESSION_09_15,1025742,XAUUSD,932200,798,2026.01.09 12:00:00,798,798,4475.69,0.01,A1_M5_MOM_R1_PULLBAC,2026.01.09 12:31:15,800,800,4466.15,0.01,4,sl 4466.15,-9.54,0.00,0.00,,false,-9.54,2,1,1,true,true,true,NATIVE_POSITION_RECONCILIATION_VALID
r1_h1_pullback_long_v1,r1_h1_pullback_long_v1,C:\Users\ZHAO ZHU INFORMATION\Downloads\algo-trading-system\xau-usd\xauusd-phase1\outputs\reports\mt5_backtests\a1_momentum_variants_owner_goal_r1_pullback_long_v2_session_exact_202207_202606_20260701\A1XauM5Momentum_OWNER_GOAL_R1_PULLBACK_LONG_V2_SESSION_EXACT_202207_202606_XAUUSD_M5_r1_pullback_long_v2_m15_session_09_15_trades.csv,402,r1_h1_pullback_long_v1::BT_A1_XAU_R1_PULLBACK_LONG_V2_M15_SESSION_09_15::1025742::XAUUSD::932200::802,LONG,2026-01-09 13:30:00,2026-01-09 13:30:42,-13.4,2026.01.09 13:30:00,802,4473.03,0.01,A1_M5_MOM_R1_PULLBAC,2026.01.09 13:30:42,803,4459.63,sl 4459.68,-13.4,BT_A1_XAU_R1_PULLBACK_LONG_V2_M15_SESSION_09_15,1025742,XAUUSD,932200,802,2026.01.09 13:30:00,802,802,4473.03,0.01,A1_M5_MOM_R1_PULLBAC,2026.01.09 13:30:42,803,803,4459.63,0.01,4,sl 4459.68,-13.40,0.00,0.00,,false,-13.40,2,1,1,true,false,false,NATIVE_POSITION_RECONCILIATION_VALID
h4_d1_long_best_box2_atr80,h4_d1_long_best_box2_atr80,C:\Users\ZHAO ZHU INFORMATION\Downloads\algo-trading-system\xau-usd\xauusd-phase1\outputs\reports\mt5_backtests\a1_momentum_variants_owner_goal_regime_router_v1_exact_202207_202606_20260701\A1XauM5Momentum_OWNER_GOAL_REGIME_ROUTER_V1_EXACT_202207_202606_XAUUSD_M5_router_v1_r1_long_box2_prevhealth_trades.csv,139,h4_d1_long_best_box2_atr80::BT_A1_XAU_ROUTER_V1_R1_LONG_BOX2_PREVHEALTH::1025742::XAUUSD::932200::275,LONG,2026-01-12 04:00:00,2026-01-21 01:14:18,235.38,2026.01.12 04:00:00,275,4570.78,0.01,A1_M5_MOM_ROUTER_V1_,2026.01.21 01:14:18,282,4806.16,tp 4806.16,235.38,BT_A1_XAU_ROUTER_V1_R1_LONG_BOX2_PREVHEALTH,1025742,XAUUSD,932200,275,2026.01.12 04:00:00,275,275,4570.78,0.01,A1_M5_MOM_ROUTER_V1_,2026.01.21 01:14:18,282,282,4806.16,0.01,5,tp 4806.16,235.38,0.00,0.00,,false,235.38,2,1,1,true,false,false,NATIVE_POSITION_RECONCILIATION_VALID
h4_d1_long_best_box2_atr80,h4_d1_long_best_box2_atr80,C:\Users\ZHAO ZHU INFORMATION\Downloads\algo-trading-system\xau-usd\xauusd-phase1\outputs\reports\mt5_backtests\a1_momentum_variants_owner_goal_regime_router_v1_exact_202207_202606_20260701\A1XauM5Momentum_OWNER_GOAL_REGIME_ROUTER_V1_EXACT_202207_202606_XAUUSD_M5_router_v1_r1_long_box2_prevhealth_trades.csv,140,h4_d1_long_best_box2_atr80::BT_A1_XAU_ROUTER_V1_R1_LONG_BOX2_PREVHEALTH::1025742::XAUUSD::932200::276,LONG,2026-01-12 08:00:00,2026-01-21 04:35:39,269.77,2026.01.12 08:00:00,276,4587.91,0.01,A1_M5_MOM_ROUTER_V1_,2026.01.21 04:35:39,284,4857.68,tp 4857.67,269.77,BT_A1_XAU_ROUTER_V1_R1_LONG_BOX2_PREVHEALTH,1025742,XAUUSD,932200,276,2026.01.12 08:00:00,276,276,4587.91,0.01,A1_M5_MOM_ROUTER_V1_,2026.01.21 04:35:39,284,284,4857.68,0.01,5,tp 4857.67,269.77,0.00,0.00,,false,269.77,2,1,1,true,false,false,NATIVE_POSITION_RECONCILIATION_VALID
h4_d1_long_best_box2_atr80,h4_d1_long_best_box2_atr80,C:\Users\ZHAO ZHU INFORMATION\Downloads\algo-trading-system\xau-usd\xauusd-phase1\outputs\reports\mt5_backtests\a1_momentum_variants_owner_goal_regime_router_v1_exact_202207_202606_20260701\A1XauM5Momentum_OWNER_GOAL_REGIME_ROUTER_V1_EXACT_202207_202606_XAUUSD_M5_router_v1_r1_long_box2_prevhealth_trades.csv,141,h4_d1_long_best_box2_atr80::BT_A1_XAU_ROUTER_V1_R1_LONG_BOX2_PREVHEALTH::1025742::XAUUSD::932200::277,LONG,2026-01-12 16:00:00,2026-01-22 18:08:40,196.03,2026.01.12 16:00:00,277,4621.38,0.01,A1_M5_MOM_ROUTER_V1_,2026.01.22 18:08:40,286,4912.48,tp 4912.45,196.03,BT_A1_XAU_ROUTER_V1_R1_LONG_BOX2_PREVHEALTH,1025742,XAUUSD,932200,277,2026.01.12 16:00:00,277,277,4621.38,0.01,A1_M5_MOM_ROUTER_V1_,2026.01.22 23:08:40,287,287,4958.22,0.01,5,tp 4958.22,336.84,0.00,0.00,,false,336.84,2,1,1,true,true,true,NATIVE_POSITION_RECONCILIATION_VALID
r1_h1_pullback_long_v1,r1_h1_pullback_long_v1,C:\Users\ZHAO ZHU INFORMATION\Downloads\algo-trading-system\xau-usd\xauusd-phase1\outputs\reports\mt5_backtests\a1_momentum_variants_owner_goal_r1_pullback_long_v2_session_exact_202207_202606_20260701\A1XauM5Momentum_OWNER_GOAL_R1_PULLBACK_LONG_V2_SESSION_EXACT_202207_202606_XAUUSD_M5_r1_pullback_long_v2_m15_session_09_15_trades.csv,403,r1_h1_pullback_long_v1::BT_A1_XAU_R1_PULLBACK_LONG_V2_M15_SESSION_09_15::1025742::XAUUSD::932200::804,LONG,2026-01-13 13:00:00,2026-01-13 14:45:41,33.82,2026.01.13 13:00:00,804,4593.75,0.01,A1_M5_MOM_R1_PULLBAC,2026.01.13 14:45:41,805,4627.57,tp 4627.56,33.82,BT_A1_XAU_R1_PULLBACK_LONG_V2_M15_SESSION_09_15,1025742,XAUUSD,932200,804,2026.01.13 13:00:00,804,804,4593.75,0.01,A1_M5_MOM_R1_PULLBAC,2026.01.13 14:45:41,805,805,4627.57,0.01,5,tp 4627.56,33.82,0.00,0.00,,false,33.82,2,1,1,true,false,false,NATIVE_POSITION_RECONCILIATION_VALID
h4_d1_long_best_box2_atr80,h4_d1_long_best_box2_atr80,C:\Users\ZHAO ZHU INFORMATION\Downloads\algo-trading-system\xau-usd\xauusd-phase1\outputs\reports\mt5_backtests\a1_momentum_variants_owner_goal_regime_router_v1_exact_202207_202606_20260701\A1XauM5Momentum_OWNER_GOAL_REGIME_ROUTER_V1_EXACT_202207_202606_XAUUSD_M5_router_v1_r1_long_box2_prevhealth_trades.csv,142,h4_d1_long_best_box2_atr80::BT_A1_XAU_ROUTER_V1_R1_LONG_BOX2_PREVHEALTH::1025742::XAUUSD::932200::279,LONG,2026-01-20 08:00:00,2026-01-22 23:08:40,336.84,2026.01.20 08:00:00,279,4716.45,0.01,A1_M5_MOM_ROUTER_V1_,2026.01.22 23:08:40,287,4958.22,tp 4958.22,336.84,BT_A1_XAU_ROUTER_V1_R1_LONG_BOX2_PREVHEALTH,1025742,XAUUSD,932200,279,2026.01.20 08:00:00,279,279,4716.45,0.01,A1_M5_MOM_ROUTER_V1_,2026.01.22 18:08:40,286,286,4912.48,0.01,5,tp 4912.45,196.03,0.00,0.00,,false,196.03,2,1,1,true,true,true,NATIVE_POSITION_RECONCILIATION_VALID
h4_d1_long_best_box2_atr80,h4_d1_long_best_box2_atr80,C:\Users\ZHAO ZHU INFORMATION\Downloads\algo-trading-system\xau-usd\xauusd-phase1\outputs\reports\mt5_backtests\a1_momentum_variants_owner_goal_regime_router_v1_exact_202207_202606_20260701\A1XauM5Momentum_OWNER_GOAL_REGIME_ROUTER_V1_EXACT_202207_202606_XAUUSD_M5_router_v1_r1_long_box2_prevhealth_trades.csv,143,h4_d1_long_best_box2_atr80::BT_A1_XAU_ROUTER_V1_R1_LONG_BOX2_PREVHEALTH::1025742::XAUUSD::932200::280,LONG,2026-01-20 12:00:00,2026-01-23 00:04:05,229.84,2026.01.20 12:00:00,280,4733.17,0.01,A1_M5_MOM_ROUTER_V1_,2026.01.23 00:04:05,288,4963.01,tp 4963.01,229.84,BT_A1_XAU_ROUTER_V1_R1_LONG_BOX2_PREVHEALTH,1025742,XAUUSD,932200,280,2026.01.20 12:00:00,280,280,4733.17,0.01,A1_M5_MOM_ROUTER_V1_,2026.01.23 00:04:05,288,288,4963.01,0.01,5,tp 4963.01,229.84,0.00,0.00,,false,229.84,2,1,1,true,false,false,NATIVE_POSITION_RECONCILIATION_VALID
h4_d1_long_best_box2_atr80,h4_d1_long_best_box2_atr80,C:\Users\ZHAO ZHU INFORMATION\Downloads\algo-trading-system\xau-usd\xauusd-phase1\outputs\reports\mt5_backtests\a1_momentum_variants_owner_goal_regime_router_v1_exact_202207_202606_20260701\A1XauM5Momentum_OWNER_GOAL_REGIME_ROUTER_V1_EXACT_202207_202606_XAUUSD_M5_router_v1_r1_long_box2_prevhealth_trades.csv,144,h4_d1_long_best_box2_atr80::BT_A1_XAU_ROUTER_V1_R1_LONG_BOX2_PREVHEALTH::1025742::XAUUSD::932200::281,LONG,2026-01-20 20:00:00,2026-01-26 00:33:28,285.23,2026.01.20 20:00:00,281,4760.89,0.01,A1_M5_MOM_ROUTER_V1_,2026.01.26 00:33:28,289,5046.12,tp 5046.09,285.23,BT_A1_XAU_ROUTER_V1_R1_LONG_BOX2_PREVHEALTH,1025742,XAUUSD,932200,281,2026.01.20 20:00:00,281,281,4760.89,0.01,A1_M5_MOM_ROUTER_V1_,2026.01.26 00:33:28,289,289,5046.12,0.01,5,tp 5046.09,285.23,0.00,0.00,,false,285.23,2,1,1,true,false,false,NATIVE_POSITION_RECONCILIATION_VALID
h4_d1_long_best_box2_atr80,h4_d1_long_best_box2_atr80,C:\Users\ZHAO ZHU INFORMATION\Downloads\algo-trading-system\xau-usd\xauusd-phase1\outputs\reports\mt5_backtests\a1_momentum_variants_owner_goal_regime_router_v1_exact_202207_202606_20260701\A1XauM5Momentum_OWNER_GOAL_REGIME_ROUTER_V1_EXACT_202207_202606_XAUUSD_M5_router_v1_r1_long_box2_prevhealth_trades.csv,145,h4_d1_long_best_box2_atr80::BT_A1_XAU_ROUTER_V1_R1_LONG_BOX2_PREVHEALTH::1025742::XAUUSD::932200::283,LONG,2026-01-21 04:00:00,2026-01-28 02:32:42,383.85,2026.01.21 04:00:00,283,4845.31,0.01,A1_M5_MOM_ROUTER_V1_,2026.01.28 02:32:42,290,5229.16,tp 5229.13,383.85,BT_A1_XAU_ROUTER_V1_R1_LONG_BOX2_PREVHEALTH,1025742,XAUUSD,932200,283,2026.01.21 04:00:00,283,283,4845.31,0.01,A1_M5_MOM_ROUTER_V1_,2026.01.28 02:32:42,290,290,5229.16,0.01,5,tp 5229.13,383.85,0.00,0.00,,false,383.85,2,1,1,true,false,false,NATIVE_POSITION_RECONCILIATION_VALID
h4_d1_long_best_box2_atr80,h4_d1_long_best_box2_atr80,C:\Users\ZHAO ZHU INFORMATION\Downloads\algo-trading-system\xau-usd\xauusd-phase1\outputs\reports\mt5_backtests\a1_momentum_variants_owner_goal_regime_router_v1_exact_202207_202606_20260701\A1XauM5Momentum_OWNER_GOAL_REGIME_ROUTER_V1_EXACT_202207_202606_XAUUSD_M5_router_v1_r1_long_box2_prevhealth_trades.csv,146,h4_d1_long_best_box2_atr80::BT_A1_XAU_ROUTER_V1_R1_LONG_BOX2_PREVHEALTH::1025742::XAUUSD::932200::285,LONG,2026-01-21 12:00:00,2026-01-28 08:02:37,427.36,2026.01.21 12:00:00,285,4867.16,0.01,A1_M5_MOM_ROUTER_V1_,2026.01.28 08:02:37,291,5294.52,tp 5294.50,427.36,BT_A1_XAU_ROUTER_V1_R1_LONG_BOX2_PREVHEALTH,1025742,XAUUSD,932200,285,2026.01.21 12:00:00,285,285,4867.16,0.01,A1_M5_MOM_ROUTER_V1_,2026.01.28 08:02:37,291,291,5294.52,0.01,5,tp 5294.50,427.36,0.00,0.00,,false,427.36,2,1,1,true,false,false,NATIVE_POSITION_RECONCILIATION_VALID
r1_h1_pullback_long_v1,r1_h1_pullback_long_v1,C:\Users\ZHAO ZHU INFORMATION\Downloads\algo-trading-system\xau-usd\xauusd-phase1\outputs\reports\mt5_backtests\a1_momentum_variants_owner_goal_r1_pullback_long_v2_session_exact_202207_202606_20260701\A1XauM5Momentum_OWNER_GOAL_R1_PULLBACK_LONG_V2_SESSION_EXACT_202207_202606_XAUUSD_M5_r1_pullback_long_v2_m15_session_09_15_trades.csv,404,r1_h1_pullback_long_v1::BT_A1_XAU_R1_PULLBACK_LONG_V2_M15_SESSION_09_15::1025742::XAUUSD::932200::806,LONG,2026-01-22 09:00:00,2026-01-22 09:32:38,-10.65,2026.01.22 09:00:00,806,4831.06,0.01,A1_M5_MOM_R1_PULLBAC,2026.01.22 09:32:38,807,4820.41,sl 4820.46,-10.65,BT_A1_XAU_R1_PULLBACK_LONG_V2_M15_SESSION_09_15,1025742,XAUUSD,932200,806,2026.01.22 09:00:00,806,806,4831.06,0.01,A1_M5_MOM_R1_PULLBAC,2026.01.22 09:32:38,807,807,4820.41,0.01,4,sl 4820.46,-10.65,0.00,0.00,,false,-10.65,2,1,1,true,false,false,NATIVE_POSITION_RECONCILIATION_VALID
r1_h1_pullback_long_v1,r1_h1_pullback_long_v1,C:\Users\ZHAO ZHU INFORMATION\Downloads\algo-trading-system\xau-usd\xauusd-phase1\outputs\reports\mt5_backtests\a1_momentum_variants_owner_goal_r1_pullback_long_v2_session_exact_202207_202606_20260701\A1XauM5Momentum_OWNER_GOAL_R1_PULLBACK_LONG_V2_SESSION_EXACT_202207_202606_XAUUSD_M5_r1_pullback_long_v2_m15_session_09_15_trades.csv,405,r1_h1_pullback_long_v1::BT_A1_XAU_R1_PULLBACK_LONG_V2_M15_SESSION_09_15::1025742::XAUUSD::932200::808,LONG,2026-01-22 10:00:00,2026-01-22 12:57:42,-9.89,2026.01.22 10:00:00,808,4823.30,0.01,A1_M5_MOM_R1_PULLBAC,2026.01.22 12:57:42,812,4821.92,sl 4821.92,-9.89,BT_A1_XAU_R1_PULLBACK_LONG_V2_M15_SESSION_09_15,1025742,XAUUSD,932200,808,2026.01.22 10:00:00,808,808,4823.30,0.01,A1_M5_MOM_R1_PULLBAC,2026.01.22 13:42:39,814,814,4812.36,0.01,4,sl 4812.38,-10.94,0.00,0.00,,false,-10.94,2,1,1,true,true,true,NATIVE_POSITION_RECONCILIATION_VALID
r1_h1_pullback_long_v1,r1_h1_pullback_long_v1,C:\Users\ZHAO ZHU INFORMATION\Downloads\algo-trading-system\xau-usd\xauusd-phase1\outputs\reports\mt5_backtests\a1_momentum_variants_owner_goal_r1_pullback_long_v2_session_exact_202207_202606_20260701\A1XauM5Momentum_OWNER_GOAL_R1_PULLBACK_LONG_V2_SESSION_EXACT_202207_202606_XAUUSD_M5_r1_pullback_long_v2_m15_session_09_15_trades.csv,406,r1_h1_pullback_long_v1::BT_A1_XAU_R1_PULLBACK_LONG_V2_M15_SESSION_09_15::1025742::XAUUSD::932200::809,LONG,2026-01-22 10:30:00,2026-01-22 12:59:27,-11.19,2026.01.22 10:30:00,809,4827.10,0.01,A1_M5_MOM_R1_PULLBAC,2026.01.22 12:59:27,813,4819.92,sl 4819.92,-11.19,BT_A1_XAU_R1_PULLBACK_LONG_V2_M15_SESSION_09_15,1025742,XAUUSD,932200,809,2026.01.22 10:30:00,809,809,4827.10,0.01,A1_M5_MOM_R1_PULLBAC,2026.01.22 13:42:39,815,815,4812.31,0.01,4,sl 4812.33,-14.79,0.00,0.00,,false,-14.79,2,1,1,true,true,true,NATIVE_POSITION_RECONCILIATION_VALID
r1_h1_pullback_long_v1,r1_h1_pullback_long_v1,C:\Users\ZHAO ZHU INFORMATION\Downloads\algo-trading-system\xau-usd\xauusd-phase1\outputs\reports\mt5_backtests\a1_momentum_variants_owner_goal_r1_pullback_long_v2_session_exact_202207_202606_20260701\A1XauM5Momentum_OWNER_GOAL_R1_PULLBACK_LONG_V2_SESSION_EXACT_202207_202606_XAUUSD_M5_r1_pullback_long_v2_m15_session_09_15_trades.csv,407,r1_h1_pullback_long_v1::BT_A1_XAU_R1_PULLBACK_LONG_V2_M15_SESSION_09_15::1025742::XAUUSD::932200::810,LONG,2026-01-22 11:45:00,2026-01-22 13:42:39,-10.94,2026.01.22 11:45:00,810,4831.11,0.01,A1_M5_MOM_R1_PULLBAC,2026.01.22 13:42:39,814,4812.36,sl 4812.38,-10.94,BT_A1_XAU_R1_PULLBACK_LONG_V2_M15_SESSION_09_15,1025742,XAUUSD,932200,810,2026.01.22 11:45:00,810,810,4831.11,0.01,A1_M5_MOM_R1_PULLBAC,2026.01.22 12:59:27,813,813,4819.92,0.01,4,sl 4819.92,-11.19,0.00,0.00,,false,-11.19,2,1,1,true,true,true,NATIVE_POSITION_RECONCILIATION_VALID
r1_h1_pullback_long_v1,r1_h1_pullback_long_v1,C:\Users\ZHAO ZHU INFORMATION\Downloads\algo-trading-system\xau-usd\xauusd-phase1\outputs\reports\mt5_backtests\a1_momentum_variants_owner_goal_r1_pullback_long_v2_session_exact_202207_202606_20260701\A1XauM5Momentum_OWNER_GOAL_R1_PULLBACK_LONG_V2_SESSION_EXACT_202207_202606_XAUUSD_M5_r1_pullback_long_v2_m15_session_09_15_trades.csv,408,r1_h1_pullback_long_v1::BT_A1_XAU_R1_PULLBACK_LONG_V2_M15_SESSION_09_15::1025742::XAUUSD::932200::811,LONG,2026-01-22 12:30:00,2026-01-22 13:42:39,-14.79,2026.01.22 12:30:00,811,4831.81,0.01,A1_M5_MOM_R1_PULLBAC,2026.01.22 13:42:39,815,4812.31,sl 4812.33,-14.79,BT_A1_XAU_R1_PULLBACK_LONG_V2_M15_SESSION_09_15,1025742,XAUUSD,932200,811,2026.01.22 12:30:00,811,811,4831.81,0.01,A1_M5_MOM_R1_PULLBAC,2026.01.22 12:57:42,812,812,4821.92,0.01,4,sl 4821.92,-9.89,0.00,0.00,,false,-9.89,2,1,1,true,true,true,NATIVE_POSITION_RECONCILIATION_VALID
r1_h1_pullback_long_v1,r1_h1_pullback_long_v1,C:\Users\ZHAO ZHU INFORMATION\Downloads\algo-trading-system\xau-usd\xauusd-phase1\outputs\reports\mt5_backtests\a1_momentum_variants_owner_goal_r1_pullback_long_v2_session_exact_202207_202606_20260701\A1XauM5Momentum_OWNER_GOAL_R1_PULLBACK_LONG_V2_SESSION_EXACT_202207_202606_XAUUSD_M5_r1_pullback_long_v2_m15_session_09_15_trades.csv,409,r1_h1_pullback_long_v1::BT_A1_XAU_R1_PULLBACK_LONG_V2_M15_SESSION_09_15::1025742::XAUUSD::932200::816,LONG,2026-01-22 14:00:00,2026-01-22 15:26:17,27.26,2026.01.22 14:00:00,816,4822.41,0.01,A1_M5_MOM_R1_PULLBAC,2026.01.22 15:26:17,818,4849.67,tp 4849.64,27.26,BT_A1_XAU_R1_PULLBACK_LONG_V2_M15_SESSION_09_15,1025742,XAUUSD,932200,816,2026.01.22 14:00:00,816,816,4822.41,0.01,A1_M5_MOM_R1_PULLBAC,2026.01.22 15:26:17,818,818,4849.67,0.01,5,tp 4849.64,27.26,0.00,0.00,,false,27.26,2,1,1,true,false,false,NATIVE_POSITION_RECONCILIATION_VALID
r1_h1_pullback_long_v1,r1_h1_pullback_long_v1,C:\Users\ZHAO ZHU INFORMATION\Downloads\algo-trading-system\xau-usd\xauusd-phase1\outputs\reports\mt5_backtests\a1_momentum_variants_owner_goal_r1_pullback_long_v2_session_exact_202207_202606_20260701\A1XauM5Momentum_OWNER_GOAL_R1_PULLBACK_LONG_V2_SESSION_EXACT_202207_202606_XAUUSD_M5_r1_pullback_long_v2_m15_session_09_15_trades.csv,410,r1_h1_pullback_long_v1::BT_A1_XAU_R1_PULLBACK_LONG_V2_M15_SESSION_09_15::1025742::XAUUSD::932200::817,LONG,2026-01-22 14:30:00,2026-01-22 15:53:04,41.63,2026.01.22 14:30:00,817,4829.85,0.01,A1_M5_MOM_R1_PULLBAC,2026.01.22 15:53:04,819,4871.48,tp 4871.47,41.63,BT_A1_XAU_R1_PULLBACK_LONG_V2_M15_SESSION_09_15,1025742,XAUUSD,932200,817,2026.01.22 14:30:00,817,817,4829.85,0.01,A1_M5_MOM_R1_PULLBAC,2026.01.22 15:53:04,819,819,4871.48,0.01,5,tp 4871.47,41.63,0.00,0.00,,false,41.63,2,1,1,true,false,false,NATIVE_POSITION_RECONCILIATION_VALID
r1_h1_pullback_long_v1,r1_h1_pullback_long_v1,C:\Users\ZHAO ZHU INFORMATION\Downloads\algo-trading-system\xau-usd\xauusd-phase1\outputs\reports\mt5_backtests\a1_momentum_variants_owner_goal_r1_pullback_long_v2_session_exact_202207_202606_20260701\A1XauM5Momentum_OWNER_GOAL_R1_PULLBACK_LONG_V2_SESSION_EXACT_202207_202606_XAUUSD_M5_r1_pullback_long_v2_m15_session_09_15_trades.csv,411,r1_h1_pullback_long_v1::BT_A1_XAU_R1_PULLBACK_LONG_V2_M15_SESSION_09_15::1025742::XAUUSD::932200::820,LONG,2026-02-20 12:45:00,2026-02-20 15:06:29,-20.7,2026.02.20 12:45:00,820,5025.36,0.01,A1_M5_MOM_R1_PULLBAC,2026.02.20 15:06:29,821,5004.66,sl 5004.67,-20.7,BT_A1_XAU_R1_PULLBACK_LONG_V2_M15_SESSION_09_15,1025742,XAUUSD,932200,820,2026.02.20 12:45:00,820,820,5025.36,0.01,A1_M5_MOM_R1_PULLBAC,2026.02.20 15:06:29,821,821,5004.66,0.01,4,sl 5004.67,-20.70,0.00,0.00,,false,-20.70,2,1,1,true,false,false,NATIVE_POSITION_RECONCILIATION_VALID
r1_h1_pullback_long_v1,r1_h1_pullback_long_v1,C:\Users\ZHAO ZHU INFORMATION\Downloads\algo-trading-system\xau-usd\xauusd-phase1\outputs\reports\mt5_backtests\a1_momentum_variants_owner_goal_r1_pullback_long_v2_session_exact_202207_202606_20260701\A1XauM5Momentum_OWNER_GOAL_R1_PULLBACK_LONG_V2_SESSION_EXACT_202207_202606_XAUUSD_M5_r1_pullback_long_v2_m15_session_09_15_trades.csv,412,r1_h1_pullback_long_v1::BT_A1_XAU_R1_PULLBACK_LONG_V2_M15_SESSION_09_15::1025742::XAUUSD::932200::822,LONG,2026-02-25 09:30:00,2026-02-25 10:20:04,-12.06,2026.02.25 09:30:00,822,5187.20,0.01,A1_M5_MOM_R1_PULLBAC,2026.02.25 10:20:04,823,5175.14,sl 5175.14,-12.06,BT_A1_XAU_R1_PULLBACK_LONG_V2_M15_SESSION_09_15,1025742,XAUUSD,932200,822,2026.02.25 09:30:00,822,822,5187.20,0.01,A1_M5_MOM_R1_PULLBAC,2026.02.25 10:20:04,823,823,5175.14,0.01,4,sl 5175.14,-12.06,0.00,0.00,,false,-12.06,2,1,1,true,false,false,NATIVE_POSITION_RECONCILIATION_VALID
r1_h1_pullback_long_v1,r1_h1_pullback_long_v1,C:\Users\ZHAO ZHU INFORMATION\Downloads\algo-trading-system\xau-usd\xauusd-phase1\outputs\reports\mt5_backtests\a1_momentum_variants_owner_goal_r1_pullback_long_v2_session_exact_202207_202606_20260701\A1XauM5Momentum_OWNER_GOAL_R1_PULLBACK_LONG_V2_SESSION_EXACT_202207_202606_XAUUSD_M5_r1_pullback_long_v2_m15_session_09_15_trades.csv,413,r1_h1_pullback_long_v1::BT_A1_XAU_R1_PULLBACK_LONG_V2_M15_SESSION_09_15::1025742::XAUUSD::932200::824,LONG,2026-02-25 13:15:00,2026-02-25 14:35:30,-17.26,2026.02.25 13:15:00,824,5187.70,0.01,A1_M5_MOM_R1_PULLBAC,2026.02.25 14:35:30,825,5170.44,sl 5170.46,-17.26,BT_A1_XAU_R1_PULLBACK_LONG_V2_M15_SESSION_09_15,1025742,XAUUSD,932200,824,2026.02.25 13:15:00,824,824,5187.70,0.01,A1_M5_MOM_R1_PULLBAC,2026.02.25 14:35:30,825,825,5170.44,0.01,4,sl 5170.46,-17.26,0.00,0.00,,false,-17.26,2,1,1,true,false,false,NATIVE_POSITION_RECONCILIATION_VALID
r1_h1_pullback_long_v1,r1_h1_pullback_long_v1,C:\Users\ZHAO ZHU INFORMATION\Downloads\algo-trading-system\xau-usd\xauusd-phase1\outputs\reports\mt5_backtests\a1_momentum_variants_owner_goal_r1_pullback_long_v2_session_exact_202207_202606_20260701\A1XauM5Momentum_OWNER_GOAL_R1_PULLBACK_LONG_V2_SESSION_EXACT_202207_202606_XAUUSD_M5_r1_pullback_long_v2_m15_session_09_15_trades.csv,414,r1_h1_pullback_long_v1::BT_A1_XAU_R1_PULLBACK_LONG_V2_M15_SESSION_09_15::1025742::XAUUSD::932200::826,LONG,2026-03-12 12:30:00,2026-03-12 13:23:03,-10.16,2026.03.12 12:30:00,826,5172.62,0.01,A1_M5_MOM_R1_PULLBAC,2026.03.12 13:23:03,827,5162.46,sl 5162.47,-10.16,BT_A1_XAU_R1_PULLBACK_LONG_V2_M15_SESSION_09_15,1025742,XAUUSD,932200,826,2026.03.12 12:30:00,826,826,5172.62,0.01,A1_M5_MOM_R1_PULLBAC,2026.03.12 13:23:03,827,827,5162.46,0.01,4,sl 5162.47,-10.16,0.00,0.00,,false,-10.16,2,1,1,true,false,false,NATIVE_POSITION_RECONCILIATION_VALID
r2_continuation_short_v1,r2_continuation_short_v1,C:\Users\ZHAO ZHU INFORMATION\Downloads\algo-trading-system\xau-usd\xauusd-phase1\outputs\reports\mt5_backtests\a1_momentum_variants_owner_goal_r2_continuation_short_v4_volatility_gate_exact_202207_202606_20260701\A1XauM5Momentum_OWNER_GOAL_R2_CONTINUATION_SHORT_V4_VOLATILITY_GATE_EXACT_202207_202606_XAUUSD_M5_r2_impulse_body45_atr45_daily_loss10_trades.csv,2,r2_continuation_short_v1::BT_A1_XAU_R2_IMPULSE_BODY45_ATR45_DAILY_LOSS10::1025742::XAUUSD::932200::2,SHORT,2026-03-27 09:00:00,2026-03-27 09:17:03,-9.46,2026.03.27 09:00:00,2,4424.09,0.01,A1_M5_MOM_R2_IMPULSE,2026.03.27 09:17:03,4,4432.50,sl 4432.50,-9.46,BT_A1_XAU_R2_IMPULSE_BODY45_ATR45_DAILY_LOSS10,1025742,XAUUSD,932200,2,2026.03.27 09:00:00,2,2,4424.09,0.01,A1_M5_MOM_R2_IMPULSE,2026.03.27 12:50:28,5,5,4441.61,0.01,4,sl 4441.60,-17.52,0.00,0.00,,false,-17.52,2,1,1,true,true,true,NATIVE_POSITION_RECONCILIATION_VALID
r2_continuation_short_v1,r2_continuation_short_v1,C:\Users\ZHAO ZHU INFORMATION\Downloads\algo-trading-system\xau-usd\xauusd-phase1\outputs\reports\mt5_backtests\a1_momentum_variants_owner_goal_r2_continuation_short_v4_volatility_gate_exact_202207_202606_20260701\A1XauM5Momentum_OWNER_GOAL_R2_CONTINUATION_SHORT_V4_VOLATILITY_GATE_EXACT_202207_202606_XAUUSD_M5_r2_impulse_body45_atr45_daily_loss10_trades.csv,3,r2_continuation_short_v1::BT_A1_XAU_R2_IMPULSE_BODY45_ATR45_DAILY_LOSS10::1025742::XAUUSD::932200::3,SHORT,2026-03-27 09:10:00,2026-03-27 12:50:28,-17.52,2026.03.27 09:10:00,3,4423.04,0.01,A1_M5_MOM_R2_IMPULSE,2026.03.27 12:50:28,5,4441.61,sl 4441.60,-17.52,BT_A1_XAU_R2_IMPULSE_BODY45_ATR45_DAILY_LOSS10,1025742,XAUUSD,932200,3,2026.03.27 09:10:00,3,3,4423.04,0.01,A1_M5_MOM_R2_IMPULSE,2026.03.27 09:17:03,4,4,4432.50,0.01,4,sl 4432.50,-9.46,0.00,0.00,,false,-9.46,2,1,1,true,true,true,NATIVE_POSITION_RECONCILIATION_VALID
r2_pullback_rejection_short_v1,r2_pullback_rejection_short_v1,C:\Users\ZHAO ZHU INFORMATION\Downloads\algo-trading-system\xau-usd\xauusd-phase1\outputs\reports\mt5_backtests\a1_momentum_variants_owner_goal_r2_pullback_rejection_short_v2_repair_exact_202207_202606_20260701\A1XauM5Momentum_OWNER_GOAL_R2_PULLBACK_REJECTION_SHORT_V2_REPAIR_EXACT_202207_202606_XAUUSD_M5_r2_h1_m5_body58_hours05_18_trades.csv,61,r2_pullback_rejection_short_v1::BT_A1_XAU_R2_H1_M5_BODY58_HOURS05_18::1025742::XAUUSD::932200::120,SHORT,2026-04-27 13:00:00,2026-04-28 05:00:31,33.62,2026.04.27 13:00:00,120,4699.14,0.01,A1_M5_MOM_R2_H1_M5_B,2026.04.28 05:00:31,121,4665.52,tp 4665.52,33.62,BT_A1_XAU_R2_H1_M5_BODY58_HOURS05_18,1025742,XAUUSD,932200,120,2026.04.27 13:00:00,120,120,4699.14,0.01,A1_M5_MOM_R2_H1_M5_B,2026.04.28 05:00:31,121,121,4665.52,0.01,5,tp 4665.52,33.62,0.00,0.00,,false,33.62,2,1,1,true,false,false,NATIVE_POSITION_RECONCILIATION_VALID
r2_continuation_short_v1,r2_continuation_short_v1,C:\Users\ZHAO ZHU INFORMATION\Downloads\algo-trading-system\xau-usd\xauusd-phase1\outputs\reports\mt5_backtests\a1_momentum_variants_owner_goal_r2_continuation_short_v4_volatility_gate_exact_202207_202606_20260701\A1XauM5Momentum_OWNER_GOAL_R2_CONTINUATION_SHORT_V4_VOLATILITY_GATE_EXACT_202207_202606_XAUUSD_M5_r2_impulse_body45_atr45_daily_loss10_trades.csv,4,r2_continuation_short_v1::BT_A1_XAU_R2_IMPULSE_BODY45_ATR45_DAILY_LOSS10::1025742::XAUUSD::932200::6,SHORT,2026-04-28 09:35:00,2026-04-28 11:21:15,17.14,2026.04.28 09:35:00,6,4611.72,0.01,A1_M5_MOM_R2_IMPULSE,2026.04.28 11:21:15,8,4594.58,tp 4594.60,17.14,BT_A1_XAU_R2_IMPULSE_BODY45_ATR45_DAILY_LOSS10,1025742,XAUUSD,932200,6,2026.04.28 09:35:00,6,6,4611.72,0.01,A1_M5_MOM_R2_IMPULSE,2026.04.28 11:21:15,8,8,4594.58,0.01,5,tp 4594.60,17.14,0.00,0.00,,false,17.14,2,1,1,true,false,false,NATIVE_POSITION_RECONCILIATION_VALID
r2_continuation_short_v1,r2_continuation_short_v1,C:\Users\ZHAO ZHU INFORMATION\Downloads\algo-trading-system\xau-usd\xauusd-phase1\outputs\reports\mt5_backtests\a1_momentum_variants_owner_goal_r2_continuation_short_v4_volatility_gate_exact_202207_202606_20260701\A1XauM5Momentum_OWNER_GOAL_R2_CONTINUATION_SHORT_V4_VOLATILITY_GATE_EXACT_202207_202606_XAUUSD_M5_r2_impulse_body45_atr45_daily_loss10_trades.csv,5,r2_continuation_short_v1::BT_A1_XAU_R2_IMPULSE_BODY45_ATR45_DAILY_LOSS10::1025742::XAUUSD::932200::7,SHORT,2026-04-28 10:00:00,2026-04-28 11:39:27,31.34,2026.04.28 10:00:00,7,4604.55,0.01,A1_M5_MOM_R2_IMPULSE,2026.04.28 11:39:27,9,4573.21,tp 4573.24,31.34,BT_A1_XAU_R2_IMPULSE_BODY45_ATR45_DAILY_LOSS10,1025742,XAUUSD,932200,7,2026.04.28 10:00:00,7,7,4604.55,0.01,A1_M5_MOM_R2_IMPULSE,2026.04.28 11:39:27,9,9,4573.21,0.01,5,tp 4573.24,31.34,0.00,0.00,,false,31.34,2,1,1,true,false,false,NATIVE_POSITION_RECONCILIATION_VALID
r2_pullback_rejection_short_v1,r2_pullback_rejection_short_v1,C:\Users\ZHAO ZHU INFORMATION\Downloads\algo-trading-system\xau-usd\xauusd-phase1\outputs\reports\mt5_backtests\a1_momentum_variants_owner_goal_r2_pullback_rejection_short_v2_repair_exact_202207_202606_20260701\A1XauM5Momentum_OWNER_GOAL_R2_PULLBACK_REJECTION_SHORT_V2_REPAIR_EXACT_202207_202606_XAUUSD_M5_r2_h1_m5_body58_hours05_18_trades.csv,62,r2_pullback_rejection_short_v1::BT_A1_XAU_R2_H1_M5_BODY58_HOURS05_18::1025742::XAUUSD::932200::122,SHORT,2026-04-29 06:00:00,2026-04-29 12:51:41,40.4,2026.04.29 06:00:00,122,4590.71,0.01,A1_M5_MOM_R2_H1_M5_B,2026.04.29 12:51:41,123,4550.31,tp 4550.33,40.4,BT_A1_XAU_R2_H1_M5_BODY58_HOURS05_18,1025742,XAUUSD,932200,122,2026.04.29 06:00:00,122,122,4590.71,0.01,A1_M5_MOM_R2_H1_M5_B,2026.04.29 12:51:41,123,123,4550.31,0.01,5,tp 4550.33,40.40,0.00,0.00,,false,40.40,2,1,1,true,false,false,NATIVE_POSITION_RECONCILIATION_VALID
r2_continuation_short_v1,r2_continuation_short_v1,C:\Users\ZHAO ZHU INFORMATION\Downloads\algo-trading-system\xau-usd\xauusd-phase1\outputs\reports\mt5_backtests\a1_momentum_variants_owner_goal_r2_continuation_short_v4_volatility_gate_exact_202207_202606_20260701\A1XauM5Momentum_OWNER_GOAL_R2_CONTINUATION_SHORT_V4_VOLATILITY_GATE_EXACT_202207_202606_XAUUSD_M5_r2_impulse_body45_atr45_daily_loss10_trades.csv,6,r2_continuation_short_v1::BT_A1_XAU_R2_IMPULSE_BODY45_ATR45_DAILY_LOSS10::1025742::XAUUSD::932200::10,SHORT,2026-04-29 12:55:00,2026-04-29 13:40:39,22.8,2026.04.29 12:55:00,10,4545.03,0.01,A1_M5_MOM_R2_IMPULSE,2026.04.29 13:40:39,12,4520.70,tp 4520.70,22.8,BT_A1_XAU_R2_IMPULSE_BODY45_ATR45_DAILY_LOSS10,1025742,XAUUSD,932200,10,2026.04.29 12:55:00,10,10,4545.03,0.01,A1_M5_MOM_R2_IMPULSE,2026.04.29 13:45:32,13,13,4512.49,0.01,5,tp 4512.49,32.54,0.00,0.00,,false,32.54,2,1,1,true,true,true,NATIVE_POSITION_RECONCILIATION_VALID
r2_continuation_short_v1,r2_continuation_short_v1,C:\Users\ZHAO ZHU INFORMATION\Downloads\algo-trading-system\xau-usd\xauusd-phase1\outputs\reports\mt5_backtests\a1_momentum_variants_owner_goal_r2_continuation_short_v4_volatility_gate_exact_202207_202606_20260701\A1XauM5Momentum_OWNER_GOAL_R2_CONTINUATION_SHORT_V4_VOLATILITY_GATE_EXACT_202207_202606_XAUUSD_M5_r2_impulse_body45_atr45_daily_loss10_trades.csv,7,r2_continuation_short_v1::BT_A1_XAU_R2_IMPULSE_BODY45_ATR45_DAILY_LOSS10::1025742::XAUUSD::932200::11,SHORT,2026-04-29 13:20:00,2026-04-29 13:45:32,32.54,2026.04.29 13:20:00,11,4543.50,0.01,A1_M5_MOM_R2_IMPULSE,2026.04.29 13:45:32,13,4512.49,tp 4512.49,32.54,BT_A1_XAU_R2_IMPULSE_BODY45_ATR45_DAILY_LOSS10,1025742,XAUUSD,932200,11,2026.04.29 13:20:00,11,11,4543.50,0.01,A1_M5_MOM_R2_IMPULSE,2026.04.29 13:40:39,12,12,4520.70,0.01,5,tp 4520.70,22.80,0.00,0.00,,false,22.80,2,1,1,true,true,true,NATIVE_POSITION_RECONCILIATION_VALID
r2_continuation_short_v1,r2_continuation_short_v1,C:\Users\ZHAO ZHU INFORMATION\Downloads\algo-trading-system\xau-usd\xauusd-phase1\outputs\reports\mt5_backtests\a1_momentum_variants_owner_goal_r2_continuation_short_v4_volatility_gate_exact_202207_202606_20260701\A1XauM5Momentum_OWNER_GOAL_R2_CONTINUATION_SHORT_V4_VOLATILITY_GATE_EXACT_202207_202606_XAUUSD_M5_r2_impulse_body45_atr45_daily_loss10_trades.csv,8,r2_continuation_short_v1::BT_A1_XAU_R2_IMPULSE_BODY45_ATR45_DAILY_LOSS10::1025742::XAUUSD::932200::14,SHORT,2026-04-29 14:10:00,2026-04-29 14:16:36,-12.35,2026.04.29 14:10:00,14,4519.61,0.01,A1_M5_MOM_R2_IMPULSE,2026.04.29 14:16:36,15,4531.96,sl 4531.96,-12.35,BT_A1_XAU_R2_IMPULSE_BODY45_ATR45_DAILY_LOSS10,1025742,XAUUSD,932200,14,2026.04.29 14:10:00,14,14,4519.61,0.01,A1_M5_MOM_R2_IMPULSE,2026.04.29 14:16:36,15,15,4531.96,0.01,4,sl 4531.96,-12.35,0.00,0.00,,false,-12.35,2,1,1,true,false,false,NATIVE_POSITION_RECONCILIATION_VALID
r2_continuation_short_v1,r2_continuation_short_v1,C:\Users\ZHAO ZHU INFORMATION\Downloads\algo-trading-system\xau-usd\xauusd-phase1\outputs\reports\mt5_backtests\a1_momentum_variants_owner_goal_r2_continuation_short_v4_volatility_gate_exact_202207_202606_20260701\A1XauM5Momentum_OWNER_GOAL_R2_CONTINUATION_SHORT_V4_VOLATILITY_GATE_EXACT_202207_202606_XAUUSD_M5_r2_impulse_body45_atr45_daily_loss10_trades.csv,9,r2_continuation_short_v1::BT_A1_XAU_R2_IMPULSE_BODY45_ATR45_DAILY_LOSS10::1025742::XAUUSD::932200::16,SHORT,2026-04-29 18:35:00,2026-04-29 18:57:15,-20.12,2026.04.29 18:35:00,16,4521.28,0.01,A1_M5_MOM_R2_IMPULSE,2026.04.29 18:57:15,17,4541.40,sl 4541.39,-20.12,BT_A1_XAU_R2_IMPULSE_BODY45_ATR45_DAILY_LOSS10,1025742,XAUUSD,932200,16,2026.04.29 18:35:00,16,16,4521.28,0.01,A1_M5_MOM_R2_IMPULSE,2026.04.29 18:57:15,17,17,4541.40,0.01,4,sl 4541.39,-20.12,0.00,0.00,,false,-20.12,2,1,1,true,false,false,NATIVE_POSITION_RECONCILIATION_VALID
r2_continuation_short_v1,r2_continuation_short_v1,C:\Users\ZHAO ZHU INFORMATION\Downloads\algo-trading-system\xau-usd\xauusd-phase1\outputs\reports\mt5_backtests\a1_momentum_variants_owner_goal_r2_continuation_short_v4_volatility_gate_exact_202207_202606_20260701\A1XauM5Momentum_OWNER_GOAL_R2_CONTINUATION_SHORT_V4_VOLATILITY_GATE_EXACT_202207_202606_XAUUSD_M5_r2_impulse_body45_atr45_daily_loss10_trades.csv,10,r2_continuation_short_v1::BT_A1_XAU_R2_IMPULSE_BODY45_ATR45_DAILY_LOSS10::1025742::XAUUSD::932200::18,SHORT,2026-05-04 08:20:00,2026-05-04 09:14:19,-6.57,2026.05.04 08:20:00,18,4575.84,0.01,A1_M5_MOM_R2_IMPULSE,2026.05.04 09:14:19,19,4582.41,sl 4582.41,-6.57,BT_A1_XAU_R2_IMPULSE_BODY45_ATR45_DAILY_LOSS10,1025742,XAUUSD,932200,18,2026.05.04 08:20:00,18,18,4575.84,0.01,A1_M5_MOM_R2_IMPULSE,2026.05.04 09:14:19,19,19,4582.41,0.01,4,sl 4582.41,-6.57,0.00,0.00,,false,-6.57,2,1,1,true,false,false,NATIVE_POSITION_RECONCILIATION_VALID
r2_continuation_short_v1,r2_continuation_short_v1,C:\Users\ZHAO ZHU INFORMATION\Downloads\algo-trading-system\xau-usd\xauusd-phase1\outputs\reports\mt5_backtests\a1_momentum_variants_owner_goal_r2_continuation_short_v4_volatility_gate_exact_202207_202606_20260701\A1XauM5Momentum_OWNER_GOAL_R2_CONTINUATION_SHORT_V4_VOLATILITY_GATE_EXACT_202207_202606_XAUUSD_M5_r2_impulse_body45_atr45_daily_loss10_trades.csv,11,r2_continuation_short_v1::BT_A1_XAU_R2_IMPULSE_BODY45_ATR45_DAILY_LOSS10::1025742::XAUUSD::932200::20,SHORT,2026-05-04 15:20:00,2026-05-04 16:10:37,35.39,2026.05.04 15:20:00,20,4539.82,0.01,A1_M5_MOM_R2_IMPULSE,2026.05.04 16:10:37,21,4504.43,tp 4504.45,35.39,BT_A1_XAU_R2_IMPULSE_BODY45_ATR45_DAILY_LOSS10,1025742,XAUUSD,932200,20,2026.05.04 15:20:00,20,20,4539.82,0.01,A1_M5_MOM_R2_IMPULSE,2026.05.04 16:10:37,21,21,4504.43,0.01,5,tp 4504.45,35.39,0.00,0.00,,false,35.39,2,1,1,true,false,false,NATIVE_POSITION_RECONCILIATION_VALID
r2_continuation_short_v1,r2_continuation_short_v1,C:\Users\ZHAO ZHU INFORMATION\Downloads\algo-trading-system\xau-usd\xauusd-phase1\outputs\reports\mt5_backtests\a1_momentum_variants_owner_goal_r2_continuation_short_v4_volatility_gate_exact_202207_202606_20260701\A1XauM5Momentum_OWNER_GOAL_R2_CONTINUATION_SHORT_V4_VOLATILITY_GATE_EXACT_202207_202606_XAUUSD_M5_r2_impulse_body45_atr45_daily_loss10_trades.csv,12,r2_continuation_short_v1::BT_A1_XAU_R2_IMPULSE_BODY45_ATR45_DAILY_LOSS10::1025742::XAUUSD::932200::22,SHORT,2026-05-18 00:20:00,2026-05-18 00:20:39,-8.72,2026.05.18 00:20:00,22,4522.89,0.01,A1_M5_MOM_R2_IMPULSE,2026.05.18 00:20:39,23,4531.61,sl 4531.60,-8.72,BT_A1_XAU_R2_IMPULSE_BODY45_ATR45_DAILY_LOSS10,1025742,XAUUSD,932200,22,2026.05.18 00:20:00,22,22,4522.89,0.01,A1_M5_MOM_R2_IMPULSE,2026.05.18 00:20:39,23,23,4531.61,0.01,4,sl 4531.60,-8.72,0.00,0.00,,false,-8.72,2,1,1,true,false,false,NATIVE_POSITION_RECONCILIATION_VALID
r2_pullback_rejection_short_v1,r2_pullback_rejection_short_v1,C:\Users\ZHAO ZHU INFORMATION\Downloads\algo-trading-system\xau-usd\xauusd-phase1\outputs\reports\mt5_backtests\a1_momentum_variants_owner_goal_r2_pullback_rejection_short_v2_repair_exact_202207_202606_20260701\A1XauM5Momentum_OWNER_GOAL_R2_PULLBACK_REJECTION_SHORT_V2_REPAIR_EXACT_202207_202606_XAUUSD_M5_r2_h1_m5_body58_hours05_18_trades.csv,63,r2_pullback_rejection_short_v1::BT_A1_XAU_R2_H1_M5_BODY58_HOURS05_18::1025742::XAUUSD::932200::124,SHORT,2026-05-19 12:00:00,2026-05-19 13:30:42,42.76,2026.05.19 12:00:00,124,4530.57,0.01,A1_M5_MOM_R2_H1_M5_B,2026.05.19 13:30:42,125,4487.81,tp 4487.81,42.76,BT_A1_XAU_R2_H1_M5_BODY58_HOURS05_18,1025742,XAUUSD,932200,124,2026.05.19 12:00:00,124,124,4530.57,0.01,A1_M5_MOM_R2_H1_M5_B,2026.05.19 13:30:42,125,125,4487.81,0.01,5,tp 4487.81,42.76,0.00,0.00,,false,42.76,2,1,1,true,false,false,NATIVE_POSITION_RECONCILIATION_VALID
r2_continuation_short_v1,r2_continuation_short_v1,C:\Users\ZHAO ZHU INFORMATION\Downloads\algo-trading-system\xau-usd\xauusd-phase1\outputs\reports\mt5_backtests\a1_momentum_variants_owner_goal_r2_continuation_short_v4_volatility_gate_exact_202207_202606_20260701\A1XauM5Momentum_OWNER_GOAL_R2_CONTINUATION_SHORT_V4_VOLATILITY_GATE_EXACT_202207_202606_XAUUSD_M5_r2_impulse_body45_atr45_daily_loss10_trades.csv,13,r2_continuation_short_v1::BT_A1_XAU_R2_IMPULSE_BODY45_ATR45_DAILY_LOSS10::1025742::XAUUSD::932200::24,SHORT,2026-05-28 11:30:00,2026-05-28 12:05:39,-7.12,2026.05.28 11:30:00,24,4384.72,0.01,A1_M5_MOM_R2_IMPULSE,2026.05.28 12:05:39,25,4391.84,sl 4391.82,-7.12,BT_A1_XAU_R2_IMPULSE_BODY45_ATR45_DAILY_LOSS10,1025742,XAUUSD,932200,24,2026.05.28 11:30:00,24,24,4384.72,0.01,A1_M5_MOM_R2_IMPULSE,2026.05.28 12:05:39,25,25,4391.84,0.01,4,sl 4391.82,-7.12,0.00,0.00,,false,-7.12,2,1,1,true,false,false,NATIVE_POSITION_RECONCILIATION_VALID
r2_continuation_short_v1,r2_continuation_short_v1,C:\Users\ZHAO ZHU INFORMATION\Downloads\algo-trading-system\xau-usd\xauusd-phase1\outputs\reports\mt5_backtests\a1_momentum_variants_owner_goal_r2_continuation_short_v4_volatility_gate_exact_202207_202606_20260701\A1XauM5Momentum_OWNER_GOAL_R2_CONTINUATION_SHORT_V4_VOLATILITY_GATE_EXACT_202207_202606_XAUUSD_M5_r2_impulse_body45_atr45_daily_loss10_trades.csv,14,r2_continuation_short_v1::BT_A1_XAU_R2_IMPULSE_BODY45_ATR45_DAILY_LOSS10::1025742::XAUUSD::932200::26,SHORT,2026-06-05 12:50:00,2026-06-05 12:54:47,21.39,2026.06.05 12:50:00,26,4440.02,0.01,A1_M5_MOM_R2_IMPULSE,2026.06.05 12:54:47,27,4418.63,tp 4418.63,21.39,BT_A1_XAU_R2_IMPULSE_BODY45_ATR45_DAILY_LOSS10,1025742,XAUUSD,932200,26,2026.06.05 12:50:00,26,26,4440.02,0.01,A1_M5_MOM_R2_IMPULSE,2026.06.05 12:54:47,27,27,4418.63,0.01,5,tp 4418.63,21.39,0.00,0.00,,false,21.39,2,1,1,true,false,false,NATIVE_POSITION_RECONCILIATION_VALID
r2_continuation_short_v1,r2_continuation_short_v1,C:\Users\ZHAO ZHU INFORMATION\Downloads\algo-trading-system\xau-usd\xauusd-phase1\outputs\reports\mt5_backtests\a1_momentum_variants_owner_goal_r2_continuation_short_v4_volatility_gate_exact_202207_202606_20260701\A1XauM5Momentum_OWNER_GOAL_R2_CONTINUATION_SHORT_V4_VOLATILITY_GATE_EXACT_202207_202606_XAUUSD_M5_r2_impulse_body45_atr45_daily_loss10_trades.csv,15,r2_continuation_short_v1::BT_A1_XAU_R2_IMPULSE_BODY45_ATR45_DAILY_LOSS10::1025742::XAUUSD::932200::28,SHORT,2026-06-05 14:35:00,2026-06-05 14:51:41,-18.29,2026.06.05 14:35:00,28,4352.90,0.01,A1_M5_MOM_R2_IMPULSE,2026.06.05 14:51:41,30,4366.78,sl 4366.75,-18.29,BT_A1_XAU_R2_IMPULSE_BODY45_ATR45_DAILY_LOSS10,1025742,XAUUSD,932200,28,2026.06.05 14:35:00,28,28,4352.90,0.01,A1_M5_MOM_R2_IMPULSE,2026.06.05 14:51:41,31,31,4366.85,0.01,4,sl 4366.82,-13.95,0.00,0.00,,false,-13.95,2,1,1,true,true,true,NATIVE_POSITION_RECONCILIATION_VALID
r2_continuation_short_v1,r2_continuation_short_v1,C:\Users\ZHAO ZHU INFORMATION\Downloads\algo-trading-system\xau-usd\xauusd-phase1\outputs\reports\mt5_backtests\a1_momentum_variants_owner_goal_r2_continuation_short_v4_volatility_gate_exact_202207_202606_20260701\A1XauM5Momentum_OWNER_GOAL_R2_CONTINUATION_SHORT_V4_VOLATILITY_GATE_EXACT_202207_202606_XAUUSD_M5_r2_impulse_body45_atr45_daily_loss10_trades.csv,16,r2_continuation_short_v1::BT_A1_XAU_R2_IMPULSE_BODY45_ATR45_DAILY_LOSS10::1025742::XAUUSD::932200::29,SHORT,2026-06-05 14:40:00,2026-06-05 14:51:41,-13.95,2026.06.05 14:40:00,29,4348.49,0.01,A1_M5_MOM_R2_IMPULSE,2026.06.05 14:51:41,31,4366.85,sl 4366.82,-13.95,BT_A1_XAU_R2_IMPULSE_BODY45_ATR45_DAILY_LOSS10,1025742,XAUUSD,932200,29,2026.06.05 14:40:00,29,29,4348.49,0.01,A1_M5_MOM_R2_IMPULSE,2026.06.05 14:51:41,30,30,4366.78,0.01,4,sl 4366.75,-18.29,0.00,0.00,,false,-18.29,2,1,1,true,true,true,NATIVE_POSITION_RECONCILIATION_VALID
r2_continuation_short_v1,r2_continuation_short_v1,C:\Users\ZHAO ZHU INFORMATION\Downloads\algo-trading-system\xau-usd\xauusd-phase1\outputs\reports\mt5_backtests\a1_momentum_variants_owner_goal_r2_continuation_short_v4_volatility_gate_exact_202207_202606_20260701\A1XauM5Momentum_OWNER_GOAL_R2_CONTINUATION_SHORT_V4_VOLATILITY_GATE_EXACT_202207_202606_XAUUSD_M5_r2_impulse_body45_atr45_daily_loss10_trades.csv,17,r2_continuation_short_v1::BT_A1_XAU_R2_IMPULSE_BODY45_ATR45_DAILY_LOSS10::1025742::XAUUSD::932200::32,SHORT,2026-06-08 02:10:00,2026-06-08 05:34:40,28.92,2026.06.08 02:10:00,32,4318.70,0.01,A1_M5_MOM_R2_IMPULSE,2026.06.08 05:34:40,33,4289.78,tp 4289.83,28.92,BT_A1_XAU_R2_IMPULSE_BODY45_ATR45_DAILY_LOSS10,1025742,XAUUSD,932200,32,2026.06.08 02:10:00,32,32,4318.70,0.01,A1_M5_MOM_R2_IMPULSE,2026.06.08 05:34:40,33,33,4289.78,0.01,5,tp 4289.83,28.92,0.00,0.00,,false,28.92,2,1,1,true,false,false,NATIVE_POSITION_RECONCILIATION_VALID
r2_continuation_short_v1,r2_continuation_short_v1,C:\Users\ZHAO ZHU INFORMATION\Downloads\algo-trading-system\xau-usd\xauusd-phase1\outputs\reports\mt5_backtests\a1_momentum_variants_owner_goal_r2_continuation_short_v4_volatility_gate_exact_202207_202606_20260701\A1XauM5Momentum_OWNER_GOAL_R2_CONTINUATION_SHORT_V4_VOLATILITY_GATE_EXACT_202207_202606_XAUUSD_M5_r2_impulse_body45_atr45_daily_loss10_trades.csv,18,r2_continuation_short_v1::BT_A1_XAU_R2_IMPULSE_BODY45_ATR45_DAILY_LOSS10::1025742::XAUUSD::932200::34,SHORT,2026-06-09 14:40:00,2026-06-09 15:31:32,23.93,2026.06.09 14:40:00,34,4305.10,0.01,A1_M5_MOM_R2_IMPULSE,2026.06.09 15:31:32,38,4269.12,tp 4269.13,23.93,BT_A1_XAU_R2_IMPULSE_BODY45_ATR45_DAILY_LOSS10,1025742,XAUUSD,932200,34,2026.06.09 14:40:00,34,34,4305.10,0.01,A1_M5_MOM_R2_IMPULSE,2026.06.09 16:09:40,40,40,4262.20,0.01,5,tp 4262.22,42.90,0.00,0.00,,false,42.90,2,1,1,true,true,true,NATIVE_POSITION_RECONCILIATION_VALID
r2_continuation_short_v1,r2_continuation_short_v1,C:\Users\ZHAO ZHU INFORMATION\Downloads\algo-trading-system\xau-usd\xauusd-phase1\outputs\reports\mt5_backtests\a1_momentum_variants_owner_goal_r2_continuation_short_v4_volatility_gate_exact_202207_202606_20260701\A1XauM5Momentum_OWNER_GOAL_R2_CONTINUATION_SHORT_V4_VOLATILITY_GATE_EXACT_202207_202606_XAUUSD_M5_r2_impulse_body45_atr45_daily_loss10_trades.csv,19,r2_continuation_short_v1::BT_A1_XAU_R2_IMPULSE_BODY45_ATR45_DAILY_LOSS10::1025742::XAUUSD::932200::35,SHORT,2026-06-09 15:05:00,2026-06-09 15:31:42,26.8,2026.06.09 15:05:00,35,4293.05,0.01,A1_M5_MOM_R2_IMPULSE,2026.06.09 15:31:42,39,4264.66,tp 4264.68,26.8,BT_A1_XAU_R2_IMPULSE_BODY45_ATR45_DAILY_LOSS10,1025742,XAUUSD,932200,35,2026.06.09 15:05:00,35,35,4293.05,0.01,A1_M5_MOM_R2_IMPULSE,2026.06.09 15:31:32,38,38,4269.12,0.01,5,tp 4269.13,23.93,0.00,0.00,,false,23.93,2,1,1,true,true,true,NATIVE_POSITION_RECONCILIATION_VALID
r2_continuation_short_v1,r2_continuation_short_v1,C:\Users\ZHAO ZHU INFORMATION\Downloads\algo-trading-system\xau-usd\xauusd-phase1\outputs\reports\mt5_backtests\a1_momentum_variants_owner_goal_r2_continuation_short_v4_volatility_gate_exact_202207_202606_20260701\A1XauM5Momentum_OWNER_GOAL_R2_CONTINUATION_SHORT_V4_VOLATILITY_GATE_EXACT_202207_202606_XAUUSD_M5_r2_impulse_body45_atr45_daily_loss10_trades.csv,20,r2_continuation_short_v1::BT_A1_XAU_R2_IMPULSE_BODY45_ATR45_DAILY_LOSS10::1025742::XAUUSD::932200::36,SHORT,2026-06-09 15:20:00,2026-06-09 16:09:40,42.9,2026.06.09 15:20:00,36,4291.46,0.01,A1_M5_MOM_R2_IMPULSE,2026.06.09 16:09:40,40,4262.20,tp 4262.22,42.9,BT_A1_XAU_R2_IMPULSE_BODY45_ATR45_DAILY_LOSS10,1025742,XAUUSD,932200,36,2026.06.09 15:20:00,36,36,4291.46,0.01,A1_M5_MOM_R2_IMPULSE,2026.06.09 15:31:42,39,39,4264.66,0.01,5,tp 4264.68,26.80,0.00,0.00,,false,26.80,2,1,1,true,true,true,NATIVE_POSITION_RECONCILIATION_VALID
r2_continuation_short_v1,r2_continuation_short_v1,C:\Users\ZHAO ZHU INFORMATION\Downloads\algo-trading-system\xau-usd\xauusd-phase1\outputs\reports\mt5_backtests\a1_momentum_variants_owner_goal_r2_continuation_short_v4_volatility_gate_exact_202207_202606_20260701\A1XauM5Momentum_OWNER_GOAL_R2_CONTINUATION_SHORT_V4_VOLATILITY_GATE_EXACT_202207_202606_XAUUSD_M5_r2_impulse_body45_atr45_daily_loss10_trades.csv,21,r2_continuation_short_v1::BT_A1_XAU_R2_IMPULSE_BODY45_ATR45_DAILY_LOSS10::1025742::XAUUSD::932200::37,SHORT,2026-06-09 15:25:00,2026-06-09 16:38:41,39.21,2026.06.09 15:25:00,37,4285.32,0.01,A1_M5_MOM_R2_IMPULSE,2026.06.09 16:38:41,41,4246.11,tp 4246.13,39.21,BT_A1_XAU_R2_IMPULSE_BODY45_ATR45_DAILY_LOSS10,1025742,XAUUSD,932200,37,2026.06.09 15:25:00,37,37,4285.32,0.01,A1_M5_MOM_R2_IMPULSE,2026.06.09 16:38:41,41,41,4246.11,0.01,5,tp 4246.13,39.21,0.00,0.00,,false,39.21,2,1,1,true,false,false,NATIVE_POSITION_RECONCILIATION_VALID
r2_continuation_short_v1,r2_continuation_short_v1,C:\Users\ZHAO ZHU INFORMATION\Downloads\algo-trading-system\xau-usd\xauusd-phase1\outputs\reports\mt5_backtests\a1_momentum_variants_owner_goal_r2_continuation_short_v4_volatility_gate_exact_202207_202606_20260701\A1XauM5Momentum_OWNER_GOAL_R2_CONTINUATION_SHORT_V4_VOLATILITY_GATE_EXACT_202207_202606_XAUUSD_M5_r2_impulse_body45_atr45_daily_loss10_trades.csv,22,r2_continuation_short_v1::BT_A1_XAU_R2_IMPULSE_BODY45_ATR45_DAILY_LOSS10::1025742::XAUUSD::932200::42,SHORT,2026-06-09 16:55:00,2026-06-09 17:01:31,-16.74,2026.06.09 16:55:00,42,4240.06,0.01,A1_M5_MOM_R2_IMPULSE,2026.06.09 17:01:31,43,4256.80,sl 4256.79,-16.74,BT_A1_XAU_R2_IMPULSE_BODY45_ATR45_DAILY_LOSS10,1025742,XAUUSD,932200,42,2026.06.09 16:55:00,42,42,4240.06,0.01,A1_M5_MOM_R2_IMPULSE,2026.06.09 17:01:31,43,43,4256.80,0.01,4,sl 4256.79,-16.74,0.00,0.00,,false,-16.74,2,1,1,true,false,false,NATIVE_POSITION_RECONCILIATION_VALID
r2_continuation_short_v1,r2_continuation_short_v1,C:\Users\ZHAO ZHU INFORMATION\Downloads\algo-trading-system\xau-usd\xauusd-phase1\outputs\reports\mt5_backtests\a1_momentum_variants_owner_goal_r2_continuation_short_v4_volatility_gate_exact_202207_202606_20260701\A1XauM5Momentum_OWNER_GOAL_R2_CONTINUATION_SHORT_V4_VOLATILITY_GATE_EXACT_202207_202606_XAUUSD_M5_r2_impulse_body45_atr45_daily_loss10_trades.csv,23,r2_continuation_short_v1::BT_A1_XAU_R2_IMPULSE_BODY45_ATR45_DAILY_LOSS10::1025742::XAUUSD::932200::44,SHORT,2026-06-09 23:10:00,2026-06-09 23:23:39,14.32,2026.06.09 23:10:00,44,4241.53,0.01,A1_M5_MOM_R2_IMPULSE,2026.06.09 23:23:39,46,4227.21,tp 4227.22,14.32,BT_A1_XAU_R2_IMPULSE_BODY45_ATR45_DAILY_LOSS10,1025742,XAUUSD,932200,44,2026.06.09 23:10:00,44,44,4241.53,0.01,A1_M5_MOM_R2_IMPULSE,2026.06.09 23:23:39,46,46,4227.21,0.01,5,tp 4227.22,14.32,0.00,0.00,,false,14.32,2,1,1,true,false,false,NATIVE_POSITION_RECONCILIATION_VALID
r2_continuation_short_v1,r2_continuation_short_v1,C:\Users\ZHAO ZHU INFORMATION\Downloads\algo-trading-system\xau-usd\xauusd-phase1\outputs\reports\mt5_backtests\a1_momentum_variants_owner_goal_r2_continuation_short_v4_volatility_gate_exact_202207_202606_20260701\A1XauM5Momentum_OWNER_GOAL_R2_CONTINUATION_SHORT_V4_VOLATILITY_GATE_EXACT_202207_202606_XAUUSD_M5_r2_impulse_body45_atr45_daily_loss10_trades.csv,24,r2_continuation_short_v1::BT_A1_XAU_R2_IMPULSE_BODY45_ATR45_DAILY_LOSS10::1025742::XAUUSD::932200::45,SHORT,2026-06-09 23:15:00,2026-06-10 00:32:37,25.43,2026.06.09 23:15:00,45,4235.79,0.01,A1_M5_MOM_R2_IMPULSE,2026.06.10 00:32:37,50,4210.36,tp 4210.36,25.43,BT_A1_XAU_R2_IMPULSE_BODY45_ATR45_DAILY_LOSS10,1025742,XAUUSD,932200,45,2026.06.09 23:15:00,45,45,4235.79,0.01,A1_M5_MOM_R2_IMPULSE,2026.06.10 00:32:37,50,50,4210.36,0.01,5,tp 4210.36,25.43,0.00,0.00,,false,25.43,2,1,1,true,false,false,NATIVE_POSITION_RECONCILIATION_VALID
r2_continuation_short_v1,r2_continuation_short_v1,C:\Users\ZHAO ZHU INFORMATION\Downloads\algo-trading-system\xau-usd\xauusd-phase1\outputs\reports\mt5_backtests\a1_momentum_variants_owner_goal_r2_continuation_short_v4_volatility_gate_exact_202207_202606_20260701\A1XauM5Momentum_OWNER_GOAL_R2_CONTINUATION_SHORT_V4_VOLATILITY_GATE_EXACT_202207_202606_XAUUSD_M5_r2_impulse_body45_atr45_daily_loss10_trades.csv,25,r2_continuation_short_v1::BT_A1_XAU_R2_IMPULSE_BODY45_ATR45_DAILY_LOSS10::1025742::XAUUSD::932200::47,SHORT,2026-06-09 23:25:00,2026-06-10 00:37:41,19.57,2026.06.09 23:25:00,47,4227.23,0.01,A1_M5_MOM_R2_IMPULSE,2026.06.10 00:37:41,51,4202.27,tp 4202.27,19.57,BT_A1_XAU_R2_IMPULSE_BODY45_ATR45_DAILY_LOSS10,1025742,XAUUSD,932200,47,2026.06.09 23:25:00,47,47,4227.23,0.01,A1_M5_MOM_R2_IMPULSE,2026.06.10 01:52:42,52,52,4184.28,0.01,5,tp 4184.29,42.95,0.00,0.00,,false,42.95,2,1,1,true,true,true,NATIVE_POSITION_RECONCILIATION_VALID
r2_continuation_short_v1,r2_continuation_short_v1,C:\Users\ZHAO ZHU INFORMATION\Downloads\algo-trading-system\xau-usd\xauusd-phase1\outputs\reports\mt5_backtests\a1_momentum_variants_owner_goal_r2_continuation_short_v4_volatility_gate_exact_202207_202606_20260701\A1XauM5Momentum_OWNER_GOAL_R2_CONTINUATION_SHORT_V4_VOLATILITY_GATE_EXACT_202207_202606_XAUUSD_M5_r2_impulse_body45_atr45_daily_loss10_trades.csv,26,r2_continuation_short_v1::BT_A1_XAU_R2_IMPULSE_BODY45_ATR45_DAILY_LOSS10::1025742::XAUUSD::932200::48,SHORT,2026-06-09 23:40:00,2026-06-10 01:52:42,42.95,2026.06.09 23:40:00,48,4221.84,0.01,A1_M5_MOM_R2_IMPULSE,2026.06.10 01:52:42,52,4184.28,tp 4184.29,42.95,BT_A1_XAU_R2_IMPULSE_BODY45_ATR45_DAILY_LOSS10,1025742,XAUUSD,932200,48,2026.06.09 23:40:00,48,48,4221.84,0.01,A1_M5_MOM_R2_IMPULSE,2026.06.10 00:37:41,51,51,4202.27,0.01,5,tp 4202.27,19.57,0.00,0.00,,false,19.57,2,1,1,true,true,true,NATIVE_POSITION_RECONCILIATION_VALID
r2_continuation_short_v1,r2_continuation_short_v1,C:\Users\ZHAO ZHU INFORMATION\Downloads\algo-trading-system\xau-usd\xauusd-phase1\outputs\reports\mt5_backtests\a1_momentum_variants_owner_goal_r2_continuation_short_v4_volatility_gate_exact_202207_202606_20260701\A1XauM5Momentum_OWNER_GOAL_R2_CONTINUATION_SHORT_V4_VOLATILITY_GATE_EXACT_202207_202606_XAUUSD_M5_r2_impulse_body45_atr45_daily_loss10_trades.csv,27,r2_continuation_short_v1::BT_A1_XAU_R2_IMPULSE_BODY45_ATR45_DAILY_LOSS10::1025742::XAUUSD::932200::49,SHORT,2026-06-09 23:50:00,2026-06-10 02:33:31,36.93,2026.06.09 23:50:00,49,4213.07,0.01,A1_M5_MOM_R2_IMPULSE,2026.06.10 02:33:31,53,4176.14,tp 4176.14,36.93,BT_A1_XAU_R2_IMPULSE_BODY45_ATR45_DAILY_LOSS10,1025742,XAUUSD,932200,49,2026.06.09 23:50:00,49,49,4213.07,0.01,A1_M5_MOM_R2_IMPULSE,2026.06.10 02:33:31,53,53,4176.14,0.01,5,tp 4176.14,36.93,0.00,0.00,,false,36.93,2,1,1,true,false,false,NATIVE_POSITION_RECONCILIATION_VALID
r2_continuation_short_v1,r2_continuation_short_v1,C:\Users\ZHAO ZHU INFORMATION\Downloads\algo-trading-system\xau-usd\xauusd-phase1\outputs\reports\mt5_backtests\a1_momentum_variants_owner_goal_r2_continuation_short_v4_volatility_gate_exact_202207_202606_20260701\A1XauM5Momentum_OWNER_GOAL_R2_CONTINUATION_SHORT_V4_VOLATILITY_GATE_EXACT_202207_202606_XAUUSD_M5_r2_impulse_body45_atr45_daily_loss10_trades.csv,28,r2_continuation_short_v1::BT_A1_XAU_R2_IMPULSE_BODY45_ATR45_DAILY_LOSS10::1025742::XAUUSD::932200::54,SHORT,2026-06-10 04:45:00,2026-06-10 05:02:30,-3.52,2026.06.10 04:45:00,54,4173.29,0.01,A1_M5_MOM_R2_IMPULSE,2026.06.10 05:02:30,55,4176.81,sl 4176.79,-3.52,BT_A1_XAU_R2_IMPULSE_BODY45_ATR45_DAILY_LOSS10,1025742,XAUUSD,932200,54,2026.06.10 04:45:00,54,54,4173.29,0.01,A1_M5_MOM_R2_IMPULSE,2026.06.10 05:02:30,55,55,4176.81,0.01,4,sl 4176.79,-3.52,0.00,0.00,,false,-3.52,2,1,1,true,false,false,NATIVE_POSITION_RECONCILIATION_VALID
r2_continuation_short_v1,r2_continuation_short_v1,C:\Users\ZHAO ZHU INFORMATION\Downloads\algo-trading-system\xau-usd\xauusd-phase1\outputs\reports\mt5_backtests\a1_momentum_variants_owner_goal_r2_continuation_short_v4_volatility_gate_exact_202207_202606_20260701\A1XauM5Momentum_OWNER_GOAL_R2_CONTINUATION_SHORT_V4_VOLATILITY_GATE_EXACT_202207_202606_XAUUSD_M5_r2_impulse_body45_atr45_daily_loss10_trades.csv,29,r2_continuation_short_v1::BT_A1_XAU_R2_IMPULSE_BODY45_ATR45_DAILY_LOSS10::1025742::XAUUSD::932200::56,SHORT,2026-06-10 07:55:00,2026-06-10 10:07:42,25.44,2026.06.10 07:55:00,56,4181.99,0.01,A1_M5_MOM_R2_IMPULSE,2026.06.10 10:07:42,57,4156.55,tp 4156.57,25.44,BT_A1_XAU_R2_IMPULSE_BODY45_ATR45_DAILY_LOSS10,1025742,XAUUSD,932200,56,2026.06.10 07:55:00,56,56,4181.99,0.01,A1_M5_MOM_R2_IMPULSE,2026.06.10 10:07:42,57,57,4156.55,0.01,5,tp 4156.57,25.44,0.00,0.00,,false,25.44,2,1,1,true,false,false,NATIVE_POSITION_RECONCILIATION_VALID
r2_continuation_short_v1,r2_continuation_short_v1,C:\Users\ZHAO ZHU INFORMATION\Downloads\algo-trading-system\xau-usd\xauusd-phase1\outputs\reports\mt5_backtests\a1_momentum_variants_owner_goal_r2_continuation_short_v4_volatility_gate_exact_202207_202606_20260701\A1XauM5Momentum_OWNER_GOAL_R2_CONTINUATION_SHORT_V4_VOLATILITY_GATE_EXACT_202207_202606_XAUUSD_M5_r2_impulse_body45_atr45_daily_loss10_trades.csv,30,r2_continuation_short_v1::BT_A1_XAU_R2_IMPULSE_BODY45_ATR45_DAILY_LOSS10::1025742::XAUUSD::932200::58,SHORT,2026-06-10 17:40:00,2026-06-10 18:02:31,-15.9,2026.06.10 17:40:00,58,4105.17,0.01,A1_M5_MOM_R2_IMPULSE,2026.06.10 18:02:31,60,4118.12,sl 4118.10,-15.9,BT_A1_XAU_R2_IMPULSE_BODY45_ATR45_DAILY_LOSS10,1025742,XAUUSD,932200,58,2026.06.10 17:40:00,58,58,4105.17,0.01,A1_M5_MOM_R2_IMPULSE,2026.06.10 18:02:31,61,61,4118.18,0.01,4,sl 4118.18,-13.01,0.00,0.00,,false,-13.01,2,1,1,true,true,true,NATIVE_POSITION_RECONCILIATION_VALID
r2_continuation_short_v1,r2_continuation_short_v1,C:\Users\ZHAO ZHU INFORMATION\Downloads\algo-trading-system\xau-usd\xauusd-phase1\outputs\reports\mt5_backtests\a1_momentum_variants_owner_goal_r2_continuation_short_v4_volatility_gate_exact_202207_202606_20260701\A1XauM5Momentum_OWNER_GOAL_R2_CONTINUATION_SHORT_V4_VOLATILITY_GATE_EXACT_202207_202606_XAUUSD_M5_r2_impulse_body45_atr45_daily_loss10_trades.csv,31,r2_continuation_short_v1::BT_A1_XAU_R2_IMPULSE_BODY45_ATR45_DAILY_LOSS10::1025742::XAUUSD::932200::59,SHORT,2026-06-10 17:45:00,2026-06-10 18:02:31,-13.01,2026.06.10 17:45:00,59,4102.22,0.01,A1_M5_MOM_R2_IMPULSE,2026.06.10 18:02:31,61,4118.18,sl 4118.18,-13.01,BT_A1_XAU_R2_IMPULSE_BODY45_ATR45_DAILY_LOSS10,1025742,XAUUSD,932200,59,2026.06.10 17:45:00,59,59,4102.22,0.01,A1_M5_MOM_R2_IMPULSE,2026.06.10 18:02:31,60,60,4118.12,0.01,4,sl 4118.10,-15.90,0.00,0.00,,false,-15.90,2,1,1,true,true,true,NATIVE_POSITION_RECONCILIATION_VALID
r2_continuation_short_v1,r2_continuation_short_v1,C:\Users\ZHAO ZHU INFORMATION\Downloads\algo-trading-system\xau-usd\xauusd-phase1\outputs\reports\mt5_backtests\a1_momentum_variants_owner_goal_r2_continuation_short_v4_volatility_gate_exact_202207_202606_20260701\A1XauM5Momentum_OWNER_GOAL_R2_CONTINUATION_SHORT_V4_VOLATILITY_GATE_EXACT_202207_202606_XAUUSD_M5_r2_impulse_body45_atr45_daily_loss10_trades.csv,32,r2_continuation_short_v1::BT_A1_XAU_R2_IMPULSE_BODY45_ATR45_DAILY_LOSS10::1025742::XAUUSD::932200::62,SHORT,2026-06-10 19:15:00,2026-06-10 22:02:19,23.49,2026.06.10 19:15:00,62,4088.86,0.01,A1_M5_MOM_R2_IMPULSE,2026.06.10 22:02:19,63,4065.37,tp 4065.49,23.49,BT_A1_XAU_R2_IMPULSE_BODY45_ATR45_DAILY_LOSS10,1025742,XAUUSD,932200,62,2026.06.10 19:15:00,62,62,4088.86,0.01,A1_M5_MOM_R2_IMPULSE,2026.06.10 22:02:19,63,63,4065.37,0.01,5,tp 4065.49,23.49,0.00,0.00,,false,23.49,2,1,1,true,false,false,NATIVE_POSITION_RECONCILIATION_VALID
r2_continuation_short_v1,r2_continuation_short_v1,C:\Users\ZHAO ZHU INFORMATION\Downloads\algo-trading-system\xau-usd\xauusd-phase1\outputs\reports\mt5_backtests\a1_momentum_variants_owner_goal_r2_continuation_short_v4_volatility_gate_exact_202207_202606_20260701\A1XauM5Momentum_OWNER_GOAL_R2_CONTINUATION_SHORT_V4_VOLATILITY_GATE_EXACT_202207_202606_XAUUSD_M5_r2_impulse_body45_atr45_daily_loss10_trades.csv,33,r2_continuation_short_v1::BT_A1_XAU_R2_IMPULSE_BODY45_ATR45_DAILY_LOSS10::1025742::XAUUSD::932200::64,SHORT,2026-06-11 08:45:00,2026-06-11 09:40:40,-10.65,2026.06.11 08:45:00,64,4090.50,0.01,A1_M5_MOM_R2_IMPULSE,2026.06.11 09:40:40,69,4089.87,sl 4089.85,-10.65,BT_A1_XAU_R2_IMPULSE_BODY45_ATR45_DAILY_LOSS10,1025742,XAUUSD,932200,64,2026.06.11 08:45:00,64,64,4090.50,0.01,A1_M5_MOM_R2_IMPULSE,2026.06.11 12:22:31,70,70,4069.82,0.01,5,tp 4069.82,20.68,0.00,0.00,,false,20.68,2,1,1,true,true,true,NATIVE_POSITION_RECONCILIATION_VALID
r2_continuation_short_v1,r2_continuation_short_v1,C:\Users\ZHAO ZHU INFORMATION\Downloads\algo-trading-system\xau-usd\xauusd-phase1\outputs\reports\mt5_backtests\a1_momentum_variants_owner_goal_r2_continuation_short_v4_volatility_gate_exact_202207_202606_20260701\A1XauM5Momentum_OWNER_GOAL_R2_CONTINUATION_SHORT_V4_VOLATILITY_GATE_EXACT_202207_202606_XAUUSD_M5_r2_impulse_body45_atr45_daily_loss10_trades.csv,34,r2_continuation_short_v1::BT_A1_XAU_R2_IMPULSE_BODY45_ATR45_DAILY_LOSS10::1025742::XAUUSD::932200::65,SHORT,2026-06-11 08:55:00,2026-06-11 12:22:31,20.68,2026.06.11 08:55:00,65,4086.69,0.01,A1_M5_MOM_R2_IMPULSE,2026.06.11 12:22:31,70,4069.82,tp 4069.82,20.68,BT_A1_XAU_R2_IMPULSE_BODY45_ATR45_DAILY_LOSS10,1025742,XAUUSD,932200,65,2026.06.11 08:55:00,65,65,4086.69,0.01,A1_M5_MOM_R2_IMPULSE,2026.06.11 12:32:43,71,71,4058.41,0.01,5,tp 4058.45,28.28,0.00,0.00,,false,28.28,2,1,1,true,true,true,NATIVE_POSITION_RECONCILIATION_VALID
r2_continuation_short_v1,r2_continuation_short_v1,C:\Users\ZHAO ZHU INFORMATION\Downloads\algo-trading-system\xau-usd\xauusd-phase1\outputs\reports\mt5_backtests\a1_momentum_variants_owner_goal_r2_continuation_short_v4_volatility_gate_exact_202207_202606_20260701\A1XauM5Momentum_OWNER_GOAL_R2_CONTINUATION_SHORT_V4_VOLATILITY_GATE_EXACT_202207_202606_XAUUSD_M5_r2_impulse_body45_atr45_daily_loss10_trades.csv,35,r2_continuation_short_v1::BT_A1_XAU_R2_IMPULSE_BODY45_ATR45_DAILY_LOSS10::1025742::XAUUSD::932200::66,SHORT,2026-06-11 09:00:00,2026-06-11 12:32:43,28.28,2026.06.11 09:00:00,66,4084.32,0.01,A1_M5_MOM_R2_IMPULSE,2026.06.11 12:32:43,71,4058.41,tp 4058.45,28.28,BT_A1_XAU_R2_IMPULSE_BODY45_ATR45_DAILY_LOSS10,1025742,XAUUSD,932200,66,2026.06.11 09:00:00,66,66,4084.32,0.01,A1_M5_MOM_R2_IMPULSE,2026.06.11 16:12:04,72,72,4100.66,0.01,4,sl 4100.65,-16.34,0.00,0.00,,false,-16.34,2,1,1,true,true,true,NATIVE_POSITION_RECONCILIATION_VALID
r2_continuation_short_v1,r2_continuation_short_v1,C:\Users\ZHAO ZHU INFORMATION\Downloads\algo-trading-system\xau-usd\xauusd-phase1\outputs\reports\mt5_backtests\a1_momentum_variants_owner_goal_r2_continuation_short_v4_volatility_gate_exact_202207_202606_20260701\A1XauM5Momentum_OWNER_GOAL_R2_CONTINUATION_SHORT_V4_VOLATILITY_GATE_EXACT_202207_202606_XAUUSD_M5_r2_impulse_body45_atr45_daily_loss10_trades.csv,36,r2_continuation_short_v1::BT_A1_XAU_R2_IMPULSE_BODY45_ATR45_DAILY_LOSS10::1025742::XAUUSD::932200::67,SHORT,2026-06-11 09:10:00,2026-06-11 16:12:04,-16.34,2026.06.11 09:10:00,67,4080.65,0.01,A1_M5_MOM_R2_IMPULSE,2026.06.11 16:12:04,72,4100.66,sl 4100.65,-16.34,BT_A1_XAU_R2_IMPULSE_BODY45_ATR45_DAILY_LOSS10,1025742,XAUUSD,932200,67,2026.06.11 09:10:00,67,67,4080.65,0.01,A1_M5_MOM_R2_IMPULSE,2026.06.11 16:12:05,73,73,4100.75,0.01,4,sl 4100.74,-20.10,0.00,0.00,,false,-20.10,2,1,1,true,true,true,NATIVE_POSITION_RECONCILIATION_VALID
r2_continuation_short_v1,r2_continuation_short_v1,C:\Users\ZHAO ZHU INFORMATION\Downloads\algo-trading-system\xau-usd\xauusd-phase1\outputs\reports\mt5_backtests\a1_momentum_variants_owner_goal_r2_continuation_short_v4_volatility_gate_exact_202207_202606_20260701\A1XauM5Momentum_OWNER_GOAL_R2_CONTINUATION_SHORT_V4_VOLATILITY_GATE_EXACT_202207_202606_XAUUSD_M5_r2_impulse_body45_atr45_daily_loss10_trades.csv,37,r2_continuation_short_v1::BT_A1_XAU_R2_IMPULSE_BODY45_ATR45_DAILY_LOSS10::1025742::XAUUSD::932200::68,SHORT,2026-06-11 09:30:00,2026-06-11 16:12:05,-20.1,2026.06.11 09:30:00,68,4079.22,0.01,A1_M5_MOM_R2_IMPULSE,2026.06.11 16:12:05,73,4100.75,sl 4100.74,-20.1,BT_A1_XAU_R2_IMPULSE_BODY45_ATR45_DAILY_LOSS10,1025742,XAUUSD,932200,68,2026.06.11 09:30:00,68,68,4079.22,0.01,A1_M5_MOM_R2_IMPULSE,2026.06.11 09:40:40,69,69,4089.87,0.01,4,sl 4089.85,-10.65,0.00,0.00,,false,-10.65,2,1,1,true,true,true,NATIVE_POSITION_RECONCILIATION_VALID
r2_continuation_short_v1,r2_continuation_short_v1,C:\Users\ZHAO ZHU INFORMATION\Downloads\algo-trading-system\xau-usd\xauusd-phase1\outputs\reports\mt5_backtests\a1_momentum_variants_owner_goal_r2_continuation_short_v4_volatility_gate_exact_202207_202606_20260701\A1XauM5Momentum_OWNER_GOAL_R2_CONTINUATION_SHORT_V4_VOLATILITY_GATE_EXACT_202207_202606_XAUUSD_M5_r2_impulse_body45_atr45_daily_loss10_trades.csv,38,r2_continuation_short_v1::BT_A1_XAU_R2_IMPULSE_BODY45_ATR45_DAILY_LOSS10::1025742::XAUUSD::932200::74,SHORT,2026-06-18 08:00:00,2026-06-18 09:00:29,23.86,2026.06.18 08:00:00,74,4288.45,0.01,A1_M5_MOM_R2_IMPULSE,2026.06.18 09:00:29,76,4264.59,tp 4264.59,23.86,BT_A1_XAU_R2_IMPULSE_BODY45_ATR45_DAILY_LOSS10,1025742,XAUUSD,932200,74,2026.06.18 08:00:00,74,74,4288.45,0.01,A1_M5_MOM_R2_IMPULSE,2026.06.18 09:00:29,76,76,4264.59,0.01,5,tp 4264.59,23.86,0.00,0.00,,false,23.86,2,1,1,true,false,false,NATIVE_POSITION_RECONCILIATION_VALID
r2_continuation_short_v1,r2_continuation_short_v1,C:\Users\ZHAO ZHU INFORMATION\Downloads\algo-trading-system\xau-usd\xauusd-phase1\outputs\reports\mt5_backtests\a1_momentum_variants_owner_goal_r2_continuation_short_v4_volatility_gate_exact_202207_202606_20260701\A1XauM5Momentum_OWNER_GOAL_R2_CONTINUATION_SHORT_V4_VOLATILITY_GATE_EXACT_202207_202606_XAUUSD_M5_r2_impulse_body45_atr45_daily_loss10_trades.csv,39,r2_continuation_short_v1::BT_A1_XAU_R2_IMPULSE_BODY45_ATR45_DAILY_LOSS10::1025742::XAUUSD::932200::75,SHORT,2026-06-18 08:45:00,2026-06-18 10:57:31,25.3,2026.06.18 08:45:00,75,4281.54,0.01,A1_M5_MOM_R2_IMPULSE,2026.06.18 10:57:31,77,4256.24,tp 4256.24,25.3,BT_A1_XAU_R2_IMPULSE_BODY45_ATR45_DAILY_LOSS10,1025742,XAUUSD,932200,75,2026.06.18 08:45:00,75,75,4281.54,0.01,A1_M5_MOM_R2_IMPULSE,2026.06.18 10:57:31,77,77,4256.24,0.01,5,tp 4256.24,25.30,0.00,0.00,,false,25.30,2,1,1,true,false,false,NATIVE_POSITION_RECONCILIATION_VALID
r2_continuation_short_v1,r2_continuation_short_v1,C:\Users\ZHAO ZHU INFORMATION\Downloads\algo-trading-system\xau-usd\xauusd-phase1\outputs\reports\mt5_backtests\a1_momentum_variants_owner_goal_r2_continuation_short_v4_volatility_gate_exact_202207_202606_20260701\A1XauM5Momentum_OWNER_GOAL_R2_CONTINUATION_SHORT_V4_VOLATILITY_GATE_EXACT_202207_202606_XAUUSD_M5_r2_impulse_body45_atr45_daily_loss10_trades.csv,40,r2_continuation_short_v1::BT_A1_XAU_R2_IMPULSE_BODY45_ATR45_DAILY_LOSS10::1025742::XAUUSD::932200::78,SHORT,2026-06-18 11:40:00,2026-06-18 12:11:41,-8.71,2026.06.18 11:40:00,78,4242.70,0.01,A1_M5_MOM_R2_IMPULSE,2026.06.18 12:11:41,79,4251.41,sl 4251.39,-8.71,BT_A1_XAU_R2_IMPULSE_BODY45_ATR45_DAILY_LOSS10,1025742,XAUUSD,932200,78,2026.06.18 11:40:00,78,78,4242.70,0.01,A1_M5_MOM_R2_IMPULSE,2026.06.18 12:11:41,79,79,4251.41,0.01,4,sl 4251.39,-8.71,0.00,0.00,,false,-8.71,2,1,1,true,false,false,NATIVE_POSITION_RECONCILIATION_VALID
r2_continuation_short_v1,r2_continuation_short_v1,C:\Users\ZHAO ZHU INFORMATION\Downloads\algo-trading-system\xau-usd\xauusd-phase1\outputs\reports\mt5_backtests\a1_momentum_variants_owner_goal_r2_continuation_short_v4_volatility_gate_exact_202207_202606_20260701\A1XauM5Momentum_OWNER_GOAL_R2_CONTINUATION_SHORT_V4_VOLATILITY_GATE_EXACT_202207_202606_XAUUSD_M5_r2_impulse_body45_atr45_daily_loss10_trades.csv,41,r2_continuation_short_v1::BT_A1_XAU_R2_IMPULSE_BODY45_ATR45_DAILY_LOSS10::1025742::XAUUSD::932200::80,SHORT,2026-06-19 00:30:00,2026-06-19 03:58:02,28.46,2026.06.19 00:30:00,80,4184.99,0.01,A1_M5_MOM_R2_IMPULSE,2026.06.19 03:58:02,81,4156.53,tp 4156.56,28.46,BT_A1_XAU_R2_IMPULSE_BODY45_ATR45_DAILY_LOSS10,1025742,XAUUSD,932200,80,2026.06.19 00:30:00,80,80,4184.99,0.01,A1_M5_MOM_R2_IMPULSE,2026.06.19 03:58:02,81,81,4156.53,0.01,5,tp 4156.56,28.46,0.00,0.00,,false,28.46,2,1,1,true,false,false,NATIVE_POSITION_RECONCILIATION_VALID
r2_continuation_short_v1,r2_continuation_short_v1,C:\Users\ZHAO ZHU INFORMATION\Downloads\algo-trading-system\xau-usd\xauusd-phase1\outputs\reports\mt5_backtests\a1_momentum_variants_owner_goal_r2_continuation_short_v4_volatility_gate_exact_202207_202606_20260701\A1XauM5Momentum_OWNER_GOAL_R2_CONTINUATION_SHORT_V4_VOLATILITY_GATE_EXACT_202207_202606_XAUUSD_M5_r2_impulse_body45_atr45_daily_loss10_trades.csv,42,r2_continuation_short_v1::BT_A1_XAU_R2_IMPULSE_BODY45_ATR45_DAILY_LOSS10::1025742::XAUUSD::932200::82,SHORT,2026-06-19 14:35:00,2026-06-19 16:48:27,-9.59,2026.06.19 14:35:00,82,4145.98,0.01,A1_M5_MOM_R2_IMPULSE,2026.06.19 16:48:27,84,4155.57,sl 4155.54,-9.59,BT_A1_XAU_R2_IMPULSE_BODY45_ATR45_DAILY_LOSS10,1025742,XAUUSD,932200,82,2026.06.19 14:35:00,82,82,4145.98,0.01,A1_M5_MOM_R2_IMPULSE,2026.06.19 16:48:27,84,84,4155.57,0.01,4,sl 4155.54,-9.59,0.00,0.00,,false,-9.59,2,1,1,true,false,false,NATIVE_POSITION_RECONCILIATION_VALID
r2_continuation_short_v1,r2_continuation_short_v1,C:\Users\ZHAO ZHU INFORMATION\Downloads\algo-trading-system\xau-usd\xauusd-phase1\outputs\reports\mt5_backtests\a1_momentum_variants_owner_goal_r2_continuation_short_v4_volatility_gate_exact_202207_202606_20260701\A1XauM5Momentum_OWNER_GOAL_R2_CONTINUATION_SHORT_V4_VOLATILITY_GATE_EXACT_202207_202606_XAUUSD_M5_r2_impulse_body45_atr45_daily_loss10_trades.csv,43,r2_continuation_short_v1::BT_A1_XAU_R2_IMPULSE_BODY45_ATR45_DAILY_LOSS10::1025742::XAUUSD::932200::83,SHORT,2026-06-19 14:45:00,2026-06-19 16:48:27,-11.44,2026.06.19 14:45:00,83,4144.28,0.01,A1_M5_MOM_R2_IMPULSE,2026.06.19 16:48:27,85,4155.72,sl 4155.70,-11.44,BT_A1_XAU_R2_IMPULSE_BODY45_ATR45_DAILY_LOSS10,1025742,XAUUSD,932200,83,2026.06.19 14:45:00,83,83,4144.28,0.01,A1_M5_MOM_R2_IMPULSE,2026.06.19 16:48:27,85,85,4155.72,0.01,4,sl 4155.70,-11.44,0.00,0.00,,false,-11.44,2,1,1,true,false,false,NATIVE_POSITION_RECONCILIATION_VALID
r2_continuation_short_v1,r2_continuation_short_v1,C:\Users\ZHAO ZHU INFORMATION\Downloads\algo-trading-system\xau-usd\xauusd-phase1\outputs\reports\mt5_backtests\a1_momentum_variants_owner_goal_r2_continuation_short_v4_volatility_gate_exact_202207_202606_20260701\A1XauM5Momentum_OWNER_GOAL_R2_CONTINUATION_SHORT_V4_VOLATILITY_GATE_EXACT_202207_202606_XAUUSD_M5_r2_impulse_body45_atr45_daily_loss10_trades.csv,44,r2_continuation_short_v1::BT_A1_XAU_R2_IMPULSE_BODY45_ATR45_DAILY_LOSS10::1025742::XAUUSD::932200::86,SHORT,2026-06-21 23:50:00,2026-06-22 00:00:41,-11.17,2026.06.21 23:50:00,86,4137.00,0.01,A1_M5_MOM_R2_IMPULSE,2026.06.22 00:00:41,87,4148.17,sl 4148.17,-11.17,BT_A1_XAU_R2_IMPULSE_BODY45_ATR45_DAILY_LOSS10,1025742,XAUUSD,932200,86,2026.06.21 23:50:00,86,86,4137.00,0.01,A1_M5_MOM_R2_IMPULSE,2026.06.22 00:00:41,87,87,4148.17,0.01,4,sl 4148.17,-11.17,0.00,0.00,,false,-11.17,2,1,1,true,false,false,NATIVE_POSITION_RECONCILIATION_VALID
r2_continuation_short_v1,r2_continuation_short_v1,C:\Users\ZHAO ZHU INFORMATION\Downloads\algo-trading-system\xau-usd\xauusd-phase1\outputs\reports\mt5_backtests\a1_momentum_variants_owner_goal_r2_continuation_short_v4_volatility_gate_exact_202207_202606_20260701\A1XauM5Momentum_OWNER_GOAL_R2_CONTINUATION_SHORT_V4_VOLATILITY_GATE_EXACT_202207_202606_XAUUSD_M5_r2_impulse_body45_atr45_daily_loss10_trades.csv,45,r2_continuation_short_v1::BT_A1_XAU_R2_IMPULSE_BODY45_ATR45_DAILY_LOSS10::1025742::XAUUSD::932200::88,SHORT,2026-06-23 01:35:00,2026-06-23 03:02:38,26.94,2026.06.23 01:35:00,88,4168.98,0.01,A1_M5_MOM_R2_IMPULSE,2026.06.23 03:02:38,91,4142.04,tp 4142.05,26.94,BT_A1_XAU_R2_IMPULSE_BODY45_ATR45_DAILY_LOSS10,1025742,XAUUSD,932200,88,2026.06.23 01:35:00,88,88,4168.98,0.01,A1_M5_MOM_R2_IMPULSE,2026.06.23 03:02:38,91,91,4142.04,0.01,5,tp 4142.05,26.94,0.00,0.00,,false,26.94,2,1,1,true,false,false,NATIVE_POSITION_RECONCILIATION_VALID
r2_continuation_short_v1,r2_continuation_short_v1,C:\Users\ZHAO ZHU INFORMATION\Downloads\algo-trading-system\xau-usd\xauusd-phase1\outputs\reports\mt5_backtests\a1_momentum_variants_owner_goal_r2_continuation_short_v4_volatility_gate_exact_202207_202606_20260701\A1XauM5Momentum_OWNER_GOAL_R2_CONTINUATION_SHORT_V4_VOLATILITY_GATE_EXACT_202207_202606_XAUUSD_M5_r2_impulse_body45_atr45_daily_loss10_trades.csv,46,r2_continuation_short_v1::BT_A1_XAU_R2_IMPULSE_BODY45_ATR45_DAILY_LOSS10::1025742::XAUUSD::932200::89,SHORT,2026-06-23 01:40:00,2026-06-23 04:59:04,17.84,2026.06.23 01:40:00,89,4161.75,0.01,A1_M5_MOM_R2_IMPULSE,2026.06.23 04:59:04,96,4124.23,tp 4124.24,17.84,BT_A1_XAU_R2_IMPULSE_BODY45_ATR45_DAILY_LOSS10,1025742,XAUUSD,932200,89,2026.06.23 01:40:00,89,89,4161.75,0.01,A1_M5_MOM_R2_IMPULSE,2026.06.23 04:59:24,98,98,4120.44,0.01,5,tp 4120.44,41.31,0.00,0.00,,false,41.31,2,1,1,true,true,true,NATIVE_POSITION_RECONCILIATION_VALID
r2_continuation_short_v1,r2_continuation_short_v1,C:\Users\ZHAO ZHU INFORMATION\Downloads\algo-trading-system\xau-usd\xauusd-phase1\outputs\reports\mt5_backtests\a1_momentum_variants_owner_goal_r2_continuation_short_v4_volatility_gate_exact_202207_202606_20260701\A1XauM5Momentum_OWNER_GOAL_R2_CONTINUATION_SHORT_V4_VOLATILITY_GATE_EXACT_202207_202606_XAUUSD_M5_r2_impulse_body45_atr45_daily_loss10_trades.csv,47,r2_continuation_short_v1::BT_A1_XAU_R2_IMPULSE_BODY45_ATR45_DAILY_LOSS10::1025742::XAUUSD::932200::90,SHORT,2026-06-23 02:10:00,2026-06-23 04:59:05,27.46,2026.06.23 02:10:00,90,4151.28,0.01,A1_M5_MOM_R2_IMPULSE,2026.06.23 04:59:05,97,4123.82,tp 4123.84,27.46,BT_A1_XAU_R2_IMPULSE_BODY45_ATR45_DAILY_LOSS10,1025742,XAUUSD,932200,90,2026.06.23 02:10:00,90,90,4151.28,0.01,A1_M5_MOM_R2_IMPULSE,2026.06.23 04:59:05,97,97,4123.82,0.01,5,tp 4123.84,27.46,0.00,0.00,,false,27.46,2,1,1,true,false,false,NATIVE_POSITION_RECONCILIATION_VALID
r2_continuation_short_v1,r2_continuation_short_v1,C:\Users\ZHAO ZHU INFORMATION\Downloads\algo-trading-system\xau-usd\xauusd-phase1\outputs\reports\mt5_backtests\a1_momentum_variants_owner_goal_r2_continuation_short_v4_volatility_gate_exact_202207_202606_20260701\A1XauM5Momentum_OWNER_GOAL_R2_CONTINUATION_SHORT_V4_VOLATILITY_GATE_EXACT_202207_202606_XAUUSD_M5_r2_impulse_body45_atr45_daily_loss10_trades.csv,48,r2_continuation_short_v1::BT_A1_XAU_R2_IMPULSE_BODY45_ATR45_DAILY_LOSS10::1025742::XAUUSD::932200::92,SHORT,2026-06-23 03:05:00,2026-06-23 04:59:24,41.31,2026.06.23 03:05:00,92,4142.07,0.01,A1_M5_MOM_R2_IMPULSE,2026.06.23 04:59:24,98,4120.44,tp 4120.44,41.31,BT_A1_XAU_R2_IMPULSE_BODY45_ATR45_DAILY_LOSS10,1025742,XAUUSD,932200,92,2026.06.23 03:05:00,92,92,4142.07,0.01,A1_M5_MOM_R2_IMPULSE,2026.06.23 04:59:04,96,96,4124.23,0.01,5,tp 4124.24,17.84,0.00,0.00,,false,17.84,2,1,1,true,true,true,NATIVE_POSITION_RECONCILIATION_VALID
r2_continuation_short_v1,r2_continuation_short_v1,C:\Users\ZHAO ZHU INFORMATION\Downloads\algo-trading-system\xau-usd\xauusd-phase1\outputs\reports\mt5_backtests\a1_momentum_variants_owner_goal_r2_continuation_short_v4_volatility_gate_exact_202207_202606_20260701\A1XauM5Momentum_OWNER_GOAL_R2_CONTINUATION_SHORT_V4_VOLATILITY_GATE_EXACT_202207_202606_XAUUSD_M5_r2_impulse_body45_atr45_daily_loss10_trades.csv,49,r2_continuation_short_v1::BT_A1_XAU_R2_IMPULSE_BODY45_ATR45_DAILY_LOSS10::1025742::XAUUSD::932200::93,SHORT,2026-06-23 03:10:00,2026-06-23 04:59:28,21.77,2026.06.23 03:10:00,93,4140.18,0.01,A1_M5_MOM_R2_IMPULSE,2026.06.23 04:59:28,99,4118.41,tp 4118.41,21.77,BT_A1_XAU_R2_IMPULSE_BODY45_ATR45_DAILY_LOSS10,1025742,XAUUSD,932200,93,2026.06.23 03:10:00,93,93,4140.18,0.01,A1_M5_MOM_R2_IMPULSE,2026.06.23 04:59:28,99,99,4118.41,0.01,5,tp 4118.41,21.77,0.00,0.00,,false,21.77,2,1,1,true,false,false,NATIVE_POSITION_RECONCILIATION_VALID
r2_continuation_short_v1,r2_continuation_short_v1,C:\Users\ZHAO ZHU INFORMATION\Downloads\algo-trading-system\xau-usd\xauusd-phase1\outputs\reports\mt5_backtests\a1_momentum_variants_owner_goal_r2_continuation_short_v4_volatility_gate_exact_202207_202606_20260701\A1XauM5Momentum_OWNER_GOAL_R2_CONTINUATION_SHORT_V4_VOLATILITY_GATE_EXACT_202207_202606_XAUUSD_M5_r2_impulse_body45_atr45_daily_loss10_trades.csv,50,r2_continuation_short_v1::BT_A1_XAU_R2_IMPULSE_BODY45_ATR45_DAILY_LOSS10::1025742::XAUUSD::932200::94,SHORT,2026-06-23 03:20:00,2026-06-23 04:59:41,23.93,2026.06.23 03:20:00,94,4133.09,0.01,A1_M5_MOM_R2_IMPULSE,2026.06.23 04:59:41,100,4115.14,tp 4115.16,23.93,BT_A1_XAU_R2_IMPULSE_BODY45_ATR45_DAILY_LOSS10,1025742,XAUUSD,932200,94,2026.06.23 03:20:00,94,94,4133.09,0.01,A1_M5_MOM_R2_IMPULSE,2026.06.23 07:56:14,105,105,4097.15,0.01,5,tp 4097.16,35.94,0.00,0.00,,false,35.94,2,1,1,true,true,true,NATIVE_POSITION_RECONCILIATION_VALID
r2_continuation_short_v1,r2_continuation_short_v1,C:\Users\ZHAO ZHU INFORMATION\Downloads\algo-trading-system\xau-usd\xauusd-phase1\outputs\reports\mt5_backtests\a1_momentum_variants_owner_goal_r2_continuation_short_v4_volatility_gate_exact_202207_202606_20260701\A1XauM5Momentum_OWNER_GOAL_R2_CONTINUATION_SHORT_V4_VOLATILITY_GATE_EXACT_202207_202606_XAUUSD_M5_r2_impulse_body45_atr45_daily_loss10_trades.csv,51,r2_continuation_short_v1::BT_A1_XAU_R2_IMPULSE_BODY45_ATR45_DAILY_LOSS10::1025742::XAUUSD::932200::95,SHORT,2026-06-23 03:35:00,2026-06-23 07:42:42,21.85,2026.06.23 03:35:00,95,4139.07,0.01,A1_M5_MOM_R2_IMPULSE,2026.06.23 07:42:42,104,4106.00,tp 4106.00,21.85,BT_A1_XAU_R2_IMPULSE_BODY45_ATR45_DAILY_LOSS10,1025742,XAUUSD,932200,95,2026.06.23 03:35:00,95,95,4139.07,0.01,A1_M5_MOM_R2_IMPULSE,2026.06.23 04:59:41,100,100,4115.14,0.01,5,tp 4115.16,23.93,0.00,0.00,,false,23.93,2,1,1,true,true,true,NATIVE_POSITION_RECONCILIATION_VALID
r2_continuation_short_v1,r2_continuation_short_v1,C:\Users\ZHAO ZHU INFORMATION\Downloads\algo-trading-system\xau-usd\xauusd-phase1\outputs\reports\mt5_backtests\a1_momentum_variants_owner_goal_r2_continuation_short_v4_volatility_gate_exact_202207_202606_20260701\A1XauM5Momentum_OWNER_GOAL_R2_CONTINUATION_SHORT_V4_VOLATILITY_GATE_EXACT_202207_202606_XAUUSD_M5_r2_impulse_body45_atr45_daily_loss10_trades.csv,52,r2_continuation_short_v1::BT_A1_XAU_R2_IMPULSE_BODY45_ATR45_DAILY_LOSS10::1025742::XAUUSD::932200::101,SHORT,2026-06-23 05:10:00,2026-06-23 07:56:14,35.94,2026.06.23 05:10:00,101,4127.85,0.01,A1_M5_MOM_R2_IMPULSE,2026.06.23 07:56:14,105,4097.15,tp 4097.16,35.94,BT_A1_XAU_R2_IMPULSE_BODY45_ATR45_DAILY_LOSS10,1025742,XAUUSD,932200,101,2026.06.23 05:10:00,101,101,4127.85,0.01,A1_M5_MOM_R2_IMPULSE,2026.06.23 07:42:42,104,104,4106.00,0.01,5,tp 4106.00,21.85,0.00,0.00,,false,21.85,2,1,1,true,true,true,NATIVE_POSITION_RECONCILIATION_VALID
r2_continuation_short_v1,r2_continuation_short_v1,C:\Users\ZHAO ZHU INFORMATION\Downloads\algo-trading-system\xau-usd\xauusd-phase1\outputs\reports\mt5_backtests\a1_momentum_variants_owner_goal_r2_continuation_short_v4_volatility_gate_exact_202207_202606_20260701\A1XauM5Momentum_OWNER_GOAL_R2_CONTINUATION_SHORT_V4_VOLATILITY_GATE_EXACT_202207_202606_XAUUSD_M5_r2_impulse_body45_atr45_daily_loss10_trades.csv,53,r2_continuation_short_v1::BT_A1_XAU_R2_IMPULSE_BODY45_ATR45_DAILY_LOSS10::1025742::XAUUSD::932200::102,SHORT,2026-06-23 05:40:00,2026-06-23 08:01:39,28.47,2026.06.23 05:40:00,102,4125.03,0.01,A1_M5_MOM_R2_IMPULSE,2026.06.23 08:01:39,106,4096.56,tp 4096.57,28.47,BT_A1_XAU_R2_IMPULSE_BODY45_ATR45_DAILY_LOSS10,1025742,XAUUSD,932200,102,2026.06.23 05:40:00,102,102,4125.03,0.01,A1_M5_MOM_R2_IMPULSE,2026.06.23 08:01:39,106,106,4096.56,0.01,5,tp 4096.57,28.47,0.00,0.00,,false,28.47,2,1,1,true,false,false,NATIVE_POSITION_RECONCILIATION_VALID
r2_continuation_short_v1,r2_continuation_short_v1,C:\Users\ZHAO ZHU INFORMATION\Downloads\algo-trading-system\xau-usd\xauusd-phase1\outputs\reports\mt5_backtests\a1_momentum_variants_owner_goal_r2_continuation_short_v4_volatility_gate_exact_202207_202606_20260701\A1XauM5Momentum_OWNER_GOAL_R2_CONTINUATION_SHORT_V4_VOLATILITY_GATE_EXACT_202207_202606_XAUUSD_M5_r2_impulse_body45_atr45_daily_loss10_trades.csv,54,r2_continuation_short_v1::BT_A1_XAU_R2_IMPULSE_BODY45_ATR45_DAILY_LOSS10::1025742::XAUUSD::932200::103,SHORT,2026-06-23 05:50:00,2026-06-23 12:39:12,-6.61,2026.06.23 05:50:00,103,4118.82,0.01,A1_M5_MOM_R2_IMPULSE,2026.06.23 12:39:12,108,4121.60,sl 4121.60,-6.61,BT_A1_XAU_R2_IMPULSE_BODY45_ATR45_DAILY_LOSS10,1025742,XAUUSD,932200,103,2026.06.23 05:50:00,103,103,4118.82,0.01,A1_M5_MOM_R2_IMPULSE,2026.06.23 13:53:39,109,109,4139.34,0.01,4,sl 4139.34,-20.52,0.00,0.00,,false,-20.52,2,1,1,true,true,true,NATIVE_POSITION_RECONCILIATION_VALID
r2_continuation_short_v1,r2_continuation_short_v1,C:\Users\ZHAO ZHU INFORMATION\Downloads\algo-trading-system\xau-usd\xauusd-phase1\outputs\reports\mt5_backtests\a1_momentum_variants_owner_goal_r2_continuation_short_v4_volatility_gate_exact_202207_202606_20260701\A1XauM5Momentum_OWNER_GOAL_R2_CONTINUATION_SHORT_V4_VOLATILITY_GATE_EXACT_202207_202606_XAUUSD_M5_r2_impulse_body45_atr45_daily_loss10_trades.csv,55,r2_continuation_short_v1::BT_A1_XAU_R2_IMPULSE_BODY45_ATR45_DAILY_LOSS10::1025742::XAUUSD::932200::107,SHORT,2026-06-23 12:30:00,2026-06-23 13:53:39,-20.52,2026.06.23 12:30:00,107,4114.99,0.01,A1_M5_MOM_R2_IMPULSE,2026.06.23 13:53:39,109,4139.34,sl 4139.34,-20.52,BT_A1_XAU_R2_IMPULSE_BODY45_ATR45_DAILY_LOSS10,1025742,XAUUSD,932200,107,2026.06.23 12:30:00,107,107,4114.99,0.01,A1_M5_MOM_R2_IMPULSE,2026.06.23 12:39:12,108,108,4121.60,0.01,4,sl 4121.60,-6.61,0.00,0.00,,false,-6.61,2,1,1,true,true,true,NATIVE_POSITION_RECONCILIATION_VALID
r2_pullback_rejection_short_v1,r2_pullback_rejection_short_v1,C:\Users\ZHAO ZHU INFORMATION\Downloads\algo-trading-system\xau-usd\xauusd-phase1\outputs\reports\mt5_backtests\a1_momentum_variants_owner_goal_r2_pullback_rejection_short_v2_repair_exact_202207_202606_20260701\A1XauM5Momentum_OWNER_GOAL_R2_PULLBACK_REJECTION_SHORT_V2_REPAIR_EXACT_202207_202606_XAUUSD_M5_r2_h1_m5_body58_hours05_18_trades.csv,64,r2_pullback_rejection_short_v1::BT_A1_XAU_R2_H1_M5_BODY58_HOURS05_18::1025742::XAUUSD::932200::126,SHORT,2026-06-23 17:00:00,2026-06-23 22:33:59,31.7,2026.06.23 17:00:00,126,4134.10,0.01,A1_M5_MOM_R2_H1_M5_B,2026.06.23 22:33:59,127,4102.40,tp 4102.41,31.7,BT_A1_XAU_R2_H1_M5_BODY58_HOURS05_18,1025742,XAUUSD,932200,126,2026.06.23 17:00:00,126,126,4134.10,0.01,A1_M5_MOM_R2_H1_M5_B,2026.06.23 22:33:59,127,127,4102.40,0.01,5,tp 4102.41,31.70,0.00,0.00,,false,31.70,2,1,1,true,false,false,NATIVE_POSITION_RECONCILIATION_VALID
r2_continuation_short_v1,r2_continuation_short_v1,C:\Users\ZHAO ZHU INFORMATION\Downloads\algo-trading-system\xau-usd\xauusd-phase1\outputs\reports\mt5_backtests\a1_momentum_variants_owner_goal_r2_continuation_short_v4_volatility_gate_exact_202207_202606_20260701\A1XauM5Momentum_OWNER_GOAL_R2_CONTINUATION_SHORT_V4_VOLATILITY_GATE_EXACT_202207_202606_XAUUSD_M5_r2_impulse_body45_atr45_daily_loss10_trades.csv,56,r2_continuation_short_v1::BT_A1_XAU_R2_IMPULSE_BODY45_ATR45_DAILY_LOSS10::1025742::XAUUSD::932200::110,SHORT,2026-06-23 23:05:00,2026-06-24 00:08:05,-11.79,2026.06.23 23:05:00,110,4100.03,0.01,A1_M5_MOM_R2_IMPULSE,2026.06.24 00:08:05,111,4111.82,sl 4111.81,-11.79,BT_A1_XAU_R2_IMPULSE_BODY45_ATR45_DAILY_LOSS10,1025742,XAUUSD,932200,110,2026.06.23 23:05:00,110,110,4100.03,0.01,A1_M5_MOM_R2_IMPULSE,2026.06.24 00:08:05,111,111,4111.82,0.01,4,sl 4111.81,-11.79,0.00,0.00,,false,-11.79,2,1,1,true,false,false,NATIVE_POSITION_RECONCILIATION_VALID
r2_continuation_short_v1,r2_continuation_short_v1,C:\Users\ZHAO ZHU INFORMATION\Downloads\algo-trading-system\xau-usd\xauusd-phase1\outputs\reports\mt5_backtests\a1_momentum_variants_owner_goal_r2_continuation_short_v4_volatility_gate_exact_202207_202606_20260701\A1XauM5Momentum_OWNER_GOAL_R2_CONTINUATION_SHORT_V4_VOLATILITY_GATE_EXACT_202207_202606_XAUUSD_M5_r2_impulse_body45_atr45_daily_loss10_trades.csv,57,r2_continuation_short_v1::BT_A1_XAU_R2_IMPULSE_BODY45_ATR45_DAILY_LOSS10::1025742::XAUUSD::932200::112,SHORT,2026-06-26 02:35:00,2026-06-26 02:53:41,15.81,2026.06.26 02:35:00,112,4002.84,0.01,A1_M5_MOM_R2_IMPULSE,2026.06.26 02:53:41,114,3987.03,tp 3987.06,15.81,BT_A1_XAU_R2_IMPULSE_BODY45_ATR45_DAILY_LOSS10,1025742,XAUUSD,932200,112,2026.06.26 02:35:00,112,112,4002.84,0.01,A1_M5_MOM_R2_IMPULSE,2026.06.26 02:53:41,114,114,3987.03,0.01,5,tp 3987.06,15.81,0.00,0.00,,false,15.81,2,1,1,true,false,false,NATIVE_POSITION_RECONCILIATION_VALID
r2_continuation_short_v1,r2_continuation_short_v1,C:\Users\ZHAO ZHU INFORMATION\Downloads\algo-trading-system\xau-usd\xauusd-phase1\outputs\reports\mt5_backtests\a1_momentum_variants_owner_goal_r2_continuation_short_v4_volatility_gate_exact_202207_202606_20260701\A1XauM5Momentum_OWNER_GOAL_R2_CONTINUATION_SHORT_V4_VOLATILITY_GATE_EXACT_202207_202606_XAUUSD_M5_r2_impulse_body45_atr45_daily_loss10_trades.csv,58,r2_continuation_short_v1::BT_A1_XAU_R2_IMPULSE_BODY45_ATR45_DAILY_LOSS10::1025742::XAUUSD::932200::113,SHORT,2026-06-26 02:45:00,2026-06-26 04:17:38,-18.74,2026.06.26 02:45:00,113,3992.09,0.01,A1_M5_MOM_R2_IMPULSE,2026.06.26 04:17:38,115,4010.83,sl 4010.81,-18.74,BT_A1_XAU_R2_IMPULSE_BODY45_ATR45_DAILY_LOSS10,1025742,XAUUSD,932200,113,2026.06.26 02:45:00,113,113,3992.09,0.01,A1_M5_MOM_R2_IMPULSE,2026.06.26 04:17:38,115,115,4010.83,0.01,4,sl 4010.81,-18.74,0.00,0.00,,false,-18.74,2,1,1,true,false,false,NATIVE_POSITION_RECONCILIATION_VALID
