family,regime,side,signal_time_utc,completion_time_utc,entry_time_utc,exit_time_utc,entry_price,stop_price,target_price,exit_price,exit_reason,risk_distance,r,extra_half_pip_stress_r,fixed_0p01_lot_usd
N3_ANCHOR_REVERSION,NEUTRAL,SHORT,2019-01-03 05:20:00+00:00,2019-01-03 05:25:00+00:00,2019-01-03 05:25:00+00:00,2019-01-03 05:40:00+00:00,1.13662,1.13702,1.13602,1.13603,TARGET,0.0004,1.474999999999671,1.349999999999671,0.5899999999998684
N3_ANCHOR_REVERSION,NEUTRAL,SHORT,2019-01-03 06:55:00+00:00,2019-01-03 07:00:00+00:00,2019-01-03 07:00:00+00:00,2019-01-03 07:00:00+00:00,1.1372099999999998,1.1376099999999998,1.13661,1.1376199999999999,STOP,0.0004,-1.0250000000000536,-1.1500000000000536,-0.41000000000002146
N3_ANCHOR_REVERSION,NEUTRAL,SHORT,2019-01-03 07:05:00+00:00,2019-01-03 07:10:00+00:00,2019-01-03 07:10:00+00:00,2019-01-03 07:20:00+00:00,1.13703,1.13743,1.13643,1.1364400000000001,TARGET,0.0004,1.474999999999671,1.349999999999671,0.5899999999998684
N3_ANCHOR_REVERSION,NEUTRAL,LONG,2019-01-03 11:10:00+00:00,2019-01-03 11:15:00+00:00,2019-01-03 11:15:00+00:00,2019-01-03 11:20:00+00:00,1.1357300000000001,1.1353300000000002,1.13633,1.13532,STOP,0.0004,-1.0250000000000536,-1.1500000000000536,-0.41000000000002146
N3_ANCHOR_REVERSION,NEUTRAL,SHORT,2019-01-04 01:35:00+00:00,2019-01-04 01:40:00+00:00,2019-01-04 01:40:00+00:00,2019-01-04 02:30:00+00:00,1.14073,1.14113,1.14013,1.1401400000000002,TARGET,0.0004,1.474999999999671,1.349999999999671,0.5899999999998684
N3_ANCHOR_REVERSION,NEUTRAL,LONG,2019-01-04 03:15:00+00:00,2019-01-04 03:20:00+00:00,2019-01-04 03:20:00+00:00,2019-01-04 03:50:00+00:00,1.1392,1.1388,1.1398,1.1397899999999999,TARGET,0.0004,1.474999999999671,1.349999999999671,0.5899999999998684
N3_ANCHOR_REVERSION,NEUTRAL,LONG,2019-01-04 06:15:00+00:00,2019-01-04 06:20:00+00:00,2019-01-04 06:20:00+00:00,2019-01-04 06:30:00+00:00,1.13898,1.1385800000000001,1.13958,1.13857,STOP,0.0004,-1.0250000000000536,-1.1500000000000536,-0.41000000000002146
N3_ANCHOR_REVERSION,NEUTRAL,LONG,2019-01-04 06:35:00+00:00,2019-01-04 06:40:00+00:00,2019-01-04 06:40:00+00:00,2019-01-04 07:00:00+00:00,1.13881,1.1384100000000001,1.13941,1.1394,TARGET,0.0004,1.474999999999671,1.349999999999671,0.5899999999998684
N3_ANCHOR_REVERSION,NEUTRAL,SHORT,2019-01-06 23:10:00+00:00,2019-01-06 23:15:00+00:00,2019-01-06 23:15:00+00:00,2019-01-06 23:50:00+00:00,1.14096,1.14136,1.14036,1.14137,STOP,0.0004,-1.0250000000000536,-1.1500000000000536,-0.41000000000002146
N3_ANCHOR_REVERSION,NEUTRAL,SHORT,2019-01-06 23:55:00+00:00,2019-01-07 00:00:00+00:00,2019-01-07 00:00:00+00:00,2019-01-07 00:50:00+00:00,1.1410099999999999,1.1414099999999998,1.14041,1.1414199999999999,STOP,0.0004,-1.0250000000000536,-1.1500000000000536,-0.41000000000002146
N3_ANCHOR_REVERSION,NEUTRAL,SHORT,2019-01-07 01:50:00+00:00,2019-01-07 01:55:00+00:00,2019-01-07 01:55:00+00:00,2019-01-07 03:50:00+00:00,1.14204,1.14244,1.14144,1.14245,STOP,0.0004,-1.0250000000000536,-1.1500000000000536,-0.41000000000002146
N3_ANCHOR_REVERSION,NEUTRAL,SHORT,2019-01-07 03:55:00+00:00,2019-01-07 04:00:00+00:00,2019-01-07 04:00:00+00:00,2019-01-07 04:05:00+00:00,1.14224,1.1426399999999999,1.14164,1.14265,STOP,0.0004,-1.0250000000000536,-1.1500000000000536,-0.41000000000002146
N3_ANCHOR_REVERSION,NEUTRAL,SHORT,2019-01-07 04:40:00+00:00,2019-01-07 04:45:00+00:00,2019-01-07 04:45:00+00:00,2019-01-07 06:05:00+00:00,1.14256,1.14296,1.14196,1.1419700000000002,TARGET,0.0004,1.474999999999671,1.349999999999671,0.5899999999998684
N3_ANCHOR_REVERSION,NEUTRAL,SHORT,2019-01-07 23:55:00+00:00,2019-01-08 00:00:00+00:00,2019-01-08 00:00:00+00:00,2019-01-08 00:00:00+00:00,1.1478899999999999,1.1482899999999998,1.14729,1.1482999999999999,STOP,0.0004,-1.0250000000000536,-1.1500000000000536,-0.41000000000002146
N3_ANCHOR_REVERSION,NEUTRAL,LONG,2019-01-08 01:15:00+00:00,2019-01-08 01:20:00+00:00,2019-01-08 01:20:00+00:00,2019-01-08 01:25:00+00:00,1.1465400000000001,1.1461400000000002,1.14714,1.14613,STOP,0.0004,-1.0250000000000536,-1.1500000000000536,-0.41000000000002146
N3_ANCHOR_REVERSION,NEUTRAL,LONG,2019-01-08 02:25:00+00:00,2019-01-08 02:30:00+00:00,2019-01-08 02:30:00+00:00,2019-01-08 03:15:00+00:00,1.14508,1.1446800000000001,1.14568,1.14467,STOP,0.0004,-1.0250000000000536,-1.1500000000000536,-0.41000000000002146
N3_ANCHOR_REVERSION,NEUTRAL,LONG,2019-01-08 03:50:00+00:00,2019-01-08 03:55:00+00:00,2019-01-08 03:55:00+00:00,2019-01-08 04:15:00+00:00,1.14374,1.14334,1.14434,1.14333,STOP,0.0004,-1.0250000000000536,-1.1500000000000536,-0.41000000000002146
N3_ANCHOR_REVERSION,NEUTRAL,SHORT,2019-01-09 00:00:00+00:00,2019-01-09 00:05:00+00:00,2019-01-09 00:05:00+00:00,2019-01-09 00:05:00+00:00,1.14544,1.14584,1.14484,1.14585,STOP,0.0004,-1.0250000000000536,-1.1500000000000536,-0.41000000000002146
N3_ANCHOR_REVERSION,NEUTRAL,SHORT,2019-01-09 00:15:00+00:00,2019-01-09 00:20:00+00:00,2019-01-09 00:20:00+00:00,2019-01-09 01:30:00+00:00,1.14588,1.14628,1.14528,1.14629,STOP,0.0004,-1.0250000000000536,-1.1500000000000536,-0.41000000000002146
N3_ANCHOR_REVERSION,NEUTRAL,SHORT,2019-01-09 01:50:00+00:00,2019-01-09 01:55:00+00:00,2019-01-09 01:55:00+00:00,2019-01-09 02:10:00+00:00,1.14619,1.14659,1.14559,1.1456000000000002,TARGET,0.0004,1.474999999999671,1.349999999999671,0.5899999999998684
N3_ANCHOR_REVERSION,NEUTRAL,SHORT,2019-01-09 05:00:00+00:00,2019-01-09 05:05:00+00:00,2019-01-09 05:05:00+00:00,2019-01-09 05:50:00+00:00,1.1459599999999999,1.1463599999999998,1.14536,1.14637,STOP,0.0004,-1.0250000000000536,-1.1500000000000536,-0.41000000000002146
N3_ANCHOR_REVERSION,NEUTRAL,SHORT,2019-01-10 00:15:00+00:00,2019-01-10 00:20:00+00:00,2019-01-10 00:20:00+00:00,2019-01-10 00:45:00+00:00,1.1552099999999998,1.1556099999999998,1.15461,1.1556199999999999,STOP,0.0004,-1.0250000000000536,-1.1500000000000536,-0.41000000000002146
N3_ANCHOR_REVERSION,NEUTRAL,SHORT,2019-01-10 01:05:00+00:00,2019-01-10 01:10:00+00:00,2019-01-10 01:10:00+00:00,2019-01-10 01:10:00+00:00,1.15536,1.15576,1.15476,1.15477,TARGET,0.0004,1.474999999999671,1.349999999999671,0.5899999999998684
N3_ANCHOR_REVERSION,NEUTRAL,SHORT,2019-01-10 03:20:00+00:00,2019-01-10 03:25:00+00:00,2019-01-10 03:25:00+00:00,2019-01-10 03:35:00+00:00,1.15659,1.15699,1.15599,1.157,STOP,0.0004,-1.0250000000000536,-1.1500000000000536,-0.41000000000002146
N3_ANCHOR_REVERSION,NEUTRAL,LONG,2019-01-10 07:40:00+00:00,2019-01-10 07:45:00+00:00,2019-01-10 07:45:00+00:00,2019-01-10 07:45:00+00:00,1.15486,1.15446,1.15546,1.15445,STOP,0.0004,-1.0250000000000536,-1.1500000000000536,-0.41000000000002146
N3_ANCHOR_REVERSION,NEUTRAL,SHORT,2019-01-11 00:05:00+00:00,2019-01-11 00:10:00+00:00,2019-01-11 00:10:00+00:00,2019-01-11 00:20:00+00:00,1.15069,1.15109,1.15009,1.1511,STOP,0.0004,-1.0250000000000536,-1.1500000000000536,-0.41000000000002146
N3_ANCHOR_REVERSION,NEUTRAL,SHORT,2019-01-11 00:30:00+00:00,2019-01-11 00:35:00+00:00,2019-01-11 00:35:00+00:00,2019-01-11 01:05:00+00:00,1.15126,1.15166,1.15066,1.15167,STOP,0.0004,-1.0250000000000536,-1.1500000000000536,-0.41000000000002146
N3_ANCHOR_REVERSION,NEUTRAL,SHORT,2019-01-11 01:10:00+00:00,2019-01-11 01:15:00+00:00,2019-01-11 01:15:00+00:00,2019-01-11 01:35:00+00:00,1.15127,1.15167,1.15067,1.15168,STOP,0.0004,-1.0250000000000536,-1.1500000000000536,-0.41000000000002146
N3_ANCHOR_REVERSION,NEUTRAL,SHORT,2019-01-11 01:50:00+00:00,2019-01-11 01:55:00+00:00,2019-01-11 01:55:00+00:00,2019-01-11 02:30:00+00:00,1.15166,1.1520599999999999,1.15106,1.15207,STOP,0.0004,-1.0250000000000536,-1.1500000000000536,-0.41000000000002146
N3_ANCHOR_REVERSION,NEUTRAL,LONG,2019-01-13 22:10:00+00:00,2019-01-13 22:15:00+00:00,2019-01-13 22:15:00+00:00,2019-01-14 01:25:00+00:00,1.14632,1.14592,1.14692,1.1469099999999999,TARGET,0.0004,1.474999999999671,1.349999999999671,0.5899999999998684
N3_ANCHOR_REVERSION,NEUTRAL,SHORT,2019-01-14 01:45:00+00:00,2019-01-14 01:50:00+00:00,2019-01-14 01:50:00+00:00,2019-01-14 01:50:00+00:00,1.1472499999999999,1.1476499999999998,1.14665,1.14766,STOP,0.0004,-1.0250000000000536,-1.1500000000000536,-0.41000000000002146
N3_ANCHOR_REVERSION,NEUTRAL,SHORT,2019-01-14 01:55:00+00:00,2019-01-14 02:00:00+00:00,2019-01-14 02:00:00+00:00,2019-01-14 02:55:00+00:00,1.14757,1.14797,1.14697,1.14698,TARGET,0.0004,1.474999999999671,1.349999999999671,0.5899999999998684
N3_ANCHOR_REVERSION,NEUTRAL,SHORT,2019-01-14 05:05:00+00:00,2019-01-14 05:10:00+00:00,2019-01-14 05:10:00+00:00,2019-01-14 05:45:00+00:00,1.14753,1.14793,1.14693,1.14794,STOP,0.0004,-1.0250000000000536,-1.1500000000000536,-0.41000000000002146
N3_ANCHOR_REVERSION,NEUTRAL,SHORT,2019-01-14 05:50:00+00:00,2019-01-14 05:55:00+00:00,2019-01-14 05:55:00+00:00,2019-01-14 06:15:00+00:00,1.14793,1.1483299999999999,1.14733,1.14734,TARGET,0.0004,1.474999999999671,1.349999999999671,0.5899999999998684
N3_ANCHOR_REVERSION,NEUTRAL,SHORT,2019-01-15 00:20:00+00:00,2019-01-15 00:25:00+00:00,2019-01-15 00:25:00+00:00,2019-01-15 00:45:00+00:00,1.14724,1.14764,1.14664,1.14765,STOP,0.0004,-1.0250000000000536,-1.1500000000000536,-0.41000000000002146
N3_ANCHOR_REVERSION,NEUTRAL,SHORT,2019-01-15 01:50:00+00:00,2019-01-15 01:55:00+00:00,2019-01-15 01:55:00+00:00,2019-01-15 02:10:00+00:00,1.14859,1.14899,1.14799,1.149,STOP,0.0004,-1.0250000000000536,-1.1500000000000536,-0.41000000000002146
N3_ANCHOR_REVERSION,NEUTRAL,SHORT,2019-01-15 02:25:00+00:00,2019-01-15 02:30:00+00:00,2019-01-15 02:30:00+00:00,2019-01-15 05:20:00+00:00,1.14834,1.1487399999999999,1.14774,1.14775,TARGET,0.0004,1.474999999999671,1.349999999999671,0.5899999999998684
N3_ANCHOR_REVERSION,NEUTRAL,LONG,2019-01-15 05:25:00+00:00,2019-01-15 05:30:00+00:00,2019-01-15 05:30:00+00:00,2019-01-15 06:30:00+00:00,1.14786,1.1474600000000001,1.14846,1.14745,STOP,0.0004,-1.0250000000000536,-1.1500000000000536,-0.41000000000002146
N3_ANCHOR_REVERSION,NEUTRAL,LONG,2019-01-16 01:35:00+00:00,2019-01-16 01:40:00+00:00,2019-01-16 01:40:00+00:00,2019-01-16 01:50:00+00:00,1.1403400000000001,1.1399400000000002,1.14094,1.13993,STOP,0.0004,-1.0250000000000536,-1.1500000000000536,-0.41000000000002146
N3_ANCHOR_REVERSION,NEUTRAL,SHORT,2019-01-16 05:00:00+00:00,2019-01-16 05:05:00+00:00,2019-01-16 05:05:00+00:00,2019-01-16 05:25:00+00:00,1.14088,1.1412799999999999,1.14028,1.14129,STOP,0.0004,-1.0250000000000536,-1.1500000000000536,-0.41000000000002146
N3_ANCHOR_REVERSION,NEUTRAL,SHORT,2019-01-16 05:30:00+00:00,2019-01-16 05:35:00+00:00,2019-01-16 05:35:00+00:00,2019-01-16 05:45:00+00:00,1.14103,1.14143,1.14043,1.14144,STOP,0.0004,-1.0250000000000536,-1.1500000000000536,-0.41000000000002146
N3_ANCHOR_REVERSION,NEUTRAL,SHORT,2019-01-16 05:55:00+00:00,2019-01-16 06:00:00+00:00,2019-01-16 06:00:00+00:00,2019-01-16 06:30:00+00:00,1.14114,1.14154,1.14054,1.1405500000000002,TARGET,0.0004,1.474999999999671,1.349999999999671,0.5899999999998684
N3_ANCHOR_REVERSION,NEUTRAL,LONG,2019-01-17 04:50:00+00:00,2019-01-17 04:55:00+00:00,2019-01-17 04:55:00+00:00,2019-01-17 05:05:00+00:00,1.13842,1.13802,1.13902,1.13801,STOP,0.0004,-1.0250000000000536,-1.1500000000000536,-0.41000000000002146
N3_ANCHOR_REVERSION,NEUTRAL,LONG,2019-01-17 05:35:00+00:00,2019-01-17 05:40:00+00:00,2019-01-17 05:40:00+00:00,2019-01-17 06:35:00+00:00,1.1384800000000002,1.1380800000000002,1.13908,1.13907,TARGET,0.0004,1.474999999999671,1.349999999999671,0.5899999999998684
N3_ANCHOR_REVERSION,NEUTRAL,LONG,2019-01-17 07:25:00+00:00,2019-01-17 07:30:00+00:00,2019-01-17 07:30:00+00:00,2019-01-17 07:35:00+00:00,1.13778,1.13738,1.13838,1.13737,STOP,0.0004,-1.0250000000000536,-1.1500000000000536,-0.41000000000002146
N3_ANCHOR_REVERSION,NEUTRAL,LONG,2019-01-17 07:35:00+00:00,2019-01-17 07:40:00+00:00,2019-01-17 07:40:00+00:00,2019-01-17 07:50:00+00:00,1.13775,1.13735,1.13835,1.13834,TARGET,0.0004,1.474999999999671,1.349999999999671,0.5899999999998684
N3_ANCHOR_REVERSION,NEUTRAL,SHORT,2019-01-18 00:40:00+00:00,2019-01-18 00:45:00+00:00,2019-01-18 00:45:00+00:00,2019-01-18 01:05:00+00:00,1.1392099999999998,1.1396099999999998,1.13861,1.1396199999999999,STOP,0.0004,-1.0250000000000536,-1.1500000000000536,-0.41000000000002146
N3_ANCHOR_REVERSION,NEUTRAL,SHORT,2019-01-18 01:05:00+00:00,2019-01-18 01:10:00+00:00,2019-01-18 01:10:00+00:00,2019-01-18 01:20:00+00:00,1.13924,1.13964,1.13864,1.13965,STOP,0.0004,-1.0250000000000536,-1.1500000000000536,-0.41000000000002146
N3_ANCHOR_REVERSION,NEUTRAL,SHORT,2019-01-18 01:35:00+00:00,2019-01-18 01:40:00+00:00,2019-01-18 01:40:00+00:00,2019-01-18 05:30:00+00:00,1.13963,1.1400299999999999,1.13903,1.13904,TARGET,0.0004,1.474999999999671,1.349999999999671,0.5899999999998684
N3_ANCHOR_REVERSION,NEUTRAL,LONG,2019-01-18 05:40:00+00:00,2019-01-18 05:45:00+00:00,2019-01-18 05:45:00+00:00,2019-01-18 06:45:00+00:00,1.13896,1.13856,1.13956,1.1395499999999998,TARGET,0.0004,1.474999999999671,1.349999999999671,0.5899999999998684
N3_ANCHOR_REVERSION,NEUTRAL,SHORT,2019-01-21 00:20:00+00:00,2019-01-21 00:25:00+00:00,2019-01-21 00:25:00+00:00,2019-01-21 02:00:00+00:00,1.1374799999999998,1.1378799999999998,1.13688,1.1378899999999998,STOP,0.0004,-1.0250000000000536,-1.1500000000000536,-0.41000000000002146
N3_ANCHOR_REVERSION,NEUTRAL,SHORT,2019-01-21 02:05:00+00:00,2019-01-21 02:10:00+00:00,2019-01-21 02:10:00+00:00,2019-01-21 02:40:00+00:00,1.13756,1.1379599999999999,1.13696,1.13797,STOP,0.0004,-1.0250000000000536,-1.1500000000000536,-0.41000000000002146
N3_ANCHOR_REVERSION,NEUTRAL,SHORT,2019-01-21 02:55:00+00:00,2019-01-21 03:00:00+00:00,2019-01-21 03:00:00+00:00,2019-01-21 06:30:00+00:00,1.13768,1.13808,1.13708,1.13809,STOP,0.0004,-1.0250000000000536,-1.1500000000000536,-0.41000000000002146
N3_ANCHOR_REVERSION,NEUTRAL,SHORT,2019-01-21 07:15:00+00:00,2019-01-21 07:20:00+00:00,2019-01-21 07:20:00+00:00,2019-01-21 07:20:00+00:00,1.1381999999999999,1.1385999999999998,1.1376,1.13861,STOP,0.0004,-1.0250000000000536,-1.1500000000000536,-0.41000000000002146
N3_ANCHOR_REVERSION,NEUTRAL,LONG,2019-01-24 19:30:00+00:00,2019-01-24 19:35:00+00:00,2019-01-24 19:35:00+00:00,2019-01-24 20:20:00+00:00,1.13003,1.1296300000000001,1.13063,1.13062,TARGET,0.0004,1.474999999999671,1.349999999999671,0.5899999999998684
N3_ANCHOR_REVERSION,NEUTRAL,LONG,2019-01-24 22:05:00+00:00,2019-01-24 22:10:00+00:00,2019-01-24 22:10:00+00:00,2019-01-24 22:15:00+00:00,1.13066,1.13026,1.13126,1.13025,STOP,0.0004,-1.0250000000000536,-1.1500000000000536,-0.41000000000002146
N3_ANCHOR_REVERSION,NEUTRAL,LONG,2019-01-24 22:45:00+00:00,2019-01-24 22:50:00+00:00,2019-01-24 22:50:00+00:00,2019-01-24 23:45:00+00:00,1.13035,1.12995,1.13095,1.1309399999999998,TARGET,0.0004,1.474999999999671,1.349999999999671,0.5899999999998684
N3_ANCHOR_REVERSION,NEUTRAL,SHORT,2019-01-25 11:30:00+00:00,2019-01-25 11:35:00+00:00,2019-01-25 11:35:00+00:00,2019-01-25 11:45:00+00:00,1.13421,1.13461,1.13361,1.13462,STOP,0.0004,-1.0250000000000536,-1.1500000000000536,-0.41000000000002146
N3_ANCHOR_REVERSION,NEUTRAL,SHORT,2019-01-25 11:45:00+00:00,2019-01-25 11:50:00+00:00,2019-01-25 11:50:00+00:00,2019-01-25 11:55:00+00:00,1.13434,1.1347399999999999,1.13374,1.13475,STOP,0.0004,-1.0250000000000536,-1.1500000000000536,-0.41000000000002146
N3_ANCHOR_REVERSION,NEUTRAL,SHORT,2019-01-25 12:00:00+00:00,2019-01-25 12:05:00+00:00,2019-01-25 12:05:00+00:00,2019-01-25 12:15:00+00:00,1.1344999999999998,1.1348999999999998,1.1339,1.1349099999999999,STOP,0.0004,-1.0250000000000536,-1.1500000000000536,-0.41000000000002146
N3_ANCHOR_REVERSION,NEUTRAL,SHORT,2019-01-25 12:20:00+00:00,2019-01-25 12:25:00+00:00,2019-01-25 12:25:00+00:00,2019-01-25 13:00:00+00:00,1.13475,1.1351499999999999,1.13415,1.13416,TARGET,0.0004,1.474999999999671,1.349999999999671,0.5899999999998684
N3_ANCHOR_REVERSION,NEUTRAL,LONG,2019-01-27 22:05:00+00:00,2019-01-27 22:10:00+00:00,2019-01-27 22:10:00+00:00,2019-01-27 22:10:00+00:00,1.14083,1.14043,1.14143,1.14042,STOP,0.0004,-1.0250000000000536,-1.1500000000000536,-0.41000000000002146
N3_ANCHOR_REVERSION,NEUTRAL,SHORT,2019-01-28 00:35:00+00:00,2019-01-28 00:40:00+00:00,2019-01-28 00:40:00+00:00,2019-01-28 00:40:00+00:00,1.14141,1.14181,1.14081,1.14182,STOP,0.0004,-1.0250000000000536,-1.1500000000000536,-0.41000000000002146
N3_ANCHOR_REVERSION,NEUTRAL,SHORT,2019-01-28 00:45:00+00:00,2019-01-28 00:50:00+00:00,2019-01-28 00:50:00+00:00,2019-01-28 01:40:00+00:00,1.14154,1.14194,1.14094,1.14195,STOP,0.0004,-1.0250000000000536,-1.1500000000000536,-0.41000000000002146
N3_ANCHOR_REVERSION,NEUTRAL,SHORT,2019-01-28 01:45:00+00:00,2019-01-28 01:50:00+00:00,2019-01-28 01:50:00+00:00,2019-01-28 02:20:00+00:00,1.14168,1.14208,1.14108,1.1410900000000002,TARGET,0.0004,1.474999999999671,1.349999999999671,0.5899999999998684
N3_ANCHOR_REVERSION,NEUTRAL,SHORT,2019-01-28 03:55:00+00:00,2019-01-28 04:00:00+00:00,2019-01-28 04:00:00+00:00,2019-01-28 04:05:00+00:00,1.14194,1.14234,1.14134,1.14235,STOP,0.0004,-1.0250000000000536,-1.1500000000000536,-0.41000000000002146
N3_ANCHOR_REVERSION,NEUTRAL,SHORT,2019-01-29 00:05:00+00:00,2019-01-29 00:10:00+00:00,2019-01-29 00:10:00+00:00,2019-01-29 00:30:00+00:00,1.14312,1.1435199999999999,1.14252,1.14253,TARGET,0.0004,1.474999999999671,1.349999999999671,0.5899999999998684
N3_ANCHOR_REVERSION,NEUTRAL,SHORT,2019-01-29 02:50:00+00:00,2019-01-29 02:55:00+00:00,2019-01-29 02:55:00+00:00,2019-01-29 04:35:00+00:00,1.1429399999999998,1.1433399999999998,1.14234,1.1433499999999999,STOP,0.0004,-1.0250000000000536,-1.1500000000000536,-0.41000000000002146
N3_ANCHOR_REVERSION,NEUTRAL,SHORT,2019-01-29 04:50:00+00:00,2019-01-29 04:55:00+00:00,2019-01-29 04:55:00+00:00,2019-01-29 06:05:00+00:00,1.14323,1.14363,1.14263,1.14364,STOP,0.0004,-1.0250000000000536,-1.1500000000000536,-0.41000000000002146
N3_ANCHOR_REVERSION,NEUTRAL,SHORT,2019-01-29 07:25:00+00:00,2019-01-29 07:30:00+00:00,2019-01-29 07:30:00+00:00,2019-01-29 07:55:00+00:00,1.144,1.1443999999999999,1.1434,1.14341,TARGET,0.0004,1.474999999999671,1.349999999999671,0.5899999999998684
N3_ANCHOR_REVERSION,NEUTRAL,SHORT,2019-01-30 01:55:00+00:00,2019-01-30 02:00:00+00:00,2019-01-30 02:00:00+00:00,2019-01-30 02:05:00+00:00,1.1438899999999999,1.1442899999999998,1.14329,1.1442999999999999,STOP,0.0004,-1.0250000000000536,-1.1500000000000536,-0.41000000000002146
N3_ANCHOR_REVERSION,NEUTRAL,SHORT,2019-01-30 02:10:00+00:00,2019-01-30 02:15:00+00:00,2019-01-30 02:15:00+00:00,2019-01-30 05:55:00+00:00,1.14402,1.14442,1.14342,1.14443,STOP,0.0004,-1.0250000000000536,-1.1500000000000536,-0.41000000000002146
N3_ANCHOR_REVERSION,NEUTRAL,SHORT,2019-01-30 06:00:00+00:00,2019-01-30 06:05:00+00:00,2019-01-30 06:05:00+00:00,2019-01-30 06:45:00+00:00,1.14439,1.14479,1.14379,1.1448,STOP,0.0004,-1.0250000000000536,-1.1500000000000536,-0.41000000000002146
N3_ANCHOR_REVERSION,NEUTRAL,SHORT,2019-01-30 19:05:00+00:00,2019-01-30 19:10:00+00:00,2019-01-30 19:10:00+00:00,2019-01-30 19:10:00+00:00,1.1461299999999999,1.1465299999999998,1.14553,1.14654,STOP,0.0004,-1.0250000000000536,-1.1500000000000536,-0.41000000000002146
N3_ANCHOR_REVERSION,NEUTRAL,LONG,2019-02-04 03:55:00+00:00,2019-02-04 04:00:00+00:00,2019-02-04 04:00:00+00:00,2019-02-04 04:20:00+00:00,1.14493,1.14453,1.14553,1.14452,STOP,0.0004,-1.0250000000000536,-1.1500000000000536,-0.41000000000002146
N3_ANCHOR_REVERSION,NEUTRAL,LONG,2019-02-04 04:35:00+00:00,2019-02-04 04:40:00+00:00,2019-02-04 04:40:00+00:00,2019-02-04 04:50:00+00:00,1.14462,1.14422,1.14522,1.14421,STOP,0.0004,-1.0250000000000536,-1.1500000000000536,-0.41000000000002146
N3_ANCHOR_REVERSION,NEUTRAL,LONG,2019-02-04 05:10:00+00:00,2019-02-04 05:15:00+00:00,2019-02-04 05:15:00+00:00,2019-02-04 06:30:00+00:00,1.14453,1.14413,1.14513,1.14412,STOP,0.0004,-1.0250000000000536,-1.1500000000000536,-0.41000000000002146
N3_ANCHOR_REVERSION,NEUTRAL,LONG,2019-02-04 06:50:00+00:00,2019-02-04 06:55:00+00:00,2019-02-04 06:55:00+00:00,2019-02-04 07:30:00+00:00,1.1444400000000001,1.1440400000000002,1.14504,1.14403,STOP,0.0004,-1.0250000000000536,-1.1500000000000536,-0.41000000000002146
N3_ANCHOR_REVERSION,NEUTRAL,LONG,2019-02-07 01:25:00+00:00,2019-02-07 01:30:00+00:00,2019-02-07 01:30:00+00:00,2019-02-07 02:30:00+00:00,1.13625,1.13585,1.13685,1.13584,STOP,0.0004,-1.0250000000000536,-1.1500000000000536,-0.41000000000002146
N3_ANCHOR_REVERSION,NEUTRAL,LONG,2019-02-07 02:30:00+00:00,2019-02-07 02:35:00+00:00,2019-02-07 02:35:00+00:00,2019-02-07 07:00:00+00:00,1.13606,1.1356600000000001,1.13666,1.13565,STOP,0.0004,-1.0250000000000536,-1.1500000000000536,-0.41000000000002146
N3_ANCHOR_REVERSION,NEUTRAL,LONG,2019-02-07 08:15:00+00:00,2019-02-07 08:20:00+00:00,2019-02-07 08:20:00+00:00,2019-02-07 08:50:00+00:00,1.13503,1.13463,1.13563,1.1356199999999999,TARGET,0.0004,1.474999999999671,1.349999999999671,0.5899999999998684
N3_ANCHOR_REVERSION,NEUTRAL,LONG,2019-02-07 10:20:00+00:00,2019-02-07 10:25:00+00:00,2019-02-07 10:25:00+00:00,2019-02-07 10:50:00+00:00,1.13378,1.13338,1.13438,1.13337,STOP,0.0004,-1.0250000000000536,-1.1500000000000536,-0.41000000000002146
N3_ANCHOR_REVERSION,NEUTRAL,LONG,2019-02-08 00:00:00+00:00,2019-02-08 00:05:00+00:00,2019-02-08 00:05:00+00:00,2019-02-08 00:30:00+00:00,1.13395,1.13355,1.13455,1.13354,STOP,0.0004,-1.0250000000000536,-1.1500000000000536,-0.41000000000002146
N3_ANCHOR_REVERSION,NEUTRAL,LONG,2019-02-08 00:35:00+00:00,2019-02-08 00:40:00+00:00,2019-02-08 00:40:00+00:00,2019-02-08 08:15:00+00:00,1.1337700000000002,1.1333700000000002,1.13437,1.1333600000000001,STOP,0.0004,-1.0250000000000536,-1.1500000000000536,-0.41000000000002146
N3_ANCHOR_REVERSION,NEUTRAL,LONG,2019-02-08 08:30:00+00:00,2019-02-08 08:35:00+00:00,2019-02-08 08:35:00+00:00,2019-02-08 08:40:00+00:00,1.13318,1.1327800000000001,1.13378,1.13277,STOP,0.0004,-1.0250000000000536,-1.1500000000000536,-0.41000000000002146
N3_ANCHOR_REVERSION,NEUTRAL,LONG,2019-02-08 09:20:00+00:00,2019-02-08 09:25:00+00:00,2019-02-08 09:25:00+00:00,2019-02-08 10:15:00+00:00,1.1327,1.1323,1.1333,1.13329,TARGET,0.0004,1.474999999999671,1.349999999999671,0.5899999999998684
N3_ANCHOR_REVERSION,NEUTRAL,SHORT,2019-02-11 01:15:00+00:00,2019-02-11 01:20:00+00:00,2019-02-11 01:20:00+00:00,2019-02-11 03:50:00+00:00,1.13252,1.13292,1.13192,1.13193,TARGET,0.0004,1.474999999999671,1.349999999999671,0.5899999999998684
N3_ANCHOR_REVERSION,NEUTRAL,LONG,2019-02-11 03:55:00+00:00,2019-02-11 04:00:00+00:00,2019-02-11 04:00:00+00:00,2019-02-11 06:30:00+00:00,1.1321,1.1317000000000002,1.1327,1.13269,TARGET,0.0004,1.474999999999671,1.349999999999671,0.5899999999998684
N3_ANCHOR_REVERSION,NEUTRAL,SHORT,2019-02-11 06:35:00+00:00,2019-02-11 06:40:00+00:00,2019-02-11 06:40:00+00:00,2019-02-11 06:45:00+00:00,1.13263,1.13303,1.13203,1.13304,STOP,0.0004,-1.0250000000000536,-1.1500000000000536,-0.41000000000002146
N3_ANCHOR_REVERSION,NEUTRAL,SHORT,2019-02-11 06:50:00+00:00,2019-02-11 06:55:00+00:00,2019-02-11 06:55:00+00:00,2019-02-11 07:20:00+00:00,1.13276,1.13316,1.13216,1.1321700000000001,TARGET,0.0004,1.474999999999671,1.349999999999671,0.5899999999998684
N3_ANCHOR_REVERSION,NEUTRAL,SHORT,2019-02-11 23:55:00+00:00,2019-02-12 00:00:00+00:00,2019-02-12 00:00:00+00:00,2019-02-12 01:25:00+00:00,1.12784,1.12824,1.12724,1.12825,STOP,0.0004,-1.0250000000000536,-1.1500000000000536,-0.41000000000002146
N3_ANCHOR_REVERSION,NEUTRAL,SHORT,2019-02-12 02:00:00+00:00,2019-02-12 02:05:00+00:00,2019-02-12 02:05:00+00:00,2019-02-12 02:40:00+00:00,1.1280999999999999,1.1284999999999998,1.1275,1.12851,STOP,0.0004,-1.0250000000000536,-1.1500000000000536,-0.41000000000002146
N3_ANCHOR_REVERSION,NEUTRAL,SHORT,2019-02-12 02:40:00+00:00,2019-02-12 02:45:00+00:00,2019-02-12 02:45:00+00:00,2019-02-12 05:10:00+00:00,1.12822,1.12862,1.12762,1.1276300000000001,TARGET,0.0004,1.474999999999671,1.349999999999671,0.5899999999998684
N3_ANCHOR_REVERSION,NEUTRAL,LONG,2019-02-12 05:20:00+00:00,2019-02-12 05:25:00+00:00,2019-02-12 05:25:00+00:00,2019-02-12 06:35:00+00:00,1.1276700000000002,1.1272700000000002,1.12827,1.12826,TARGET,0.0004,1.474999999999671,1.349999999999671,0.5899999999998684
N3_ANCHOR_REVERSION,NEUTRAL,SHORT,2019-02-13 02:10:00+00:00,2019-02-13 02:15:00+00:00,2019-02-13 02:15:00+00:00,2019-02-13 03:10:00+00:00,1.13356,1.1339599999999999,1.13296,1.13397,STOP,0.0004,-1.0250000000000536,-1.1500000000000536,-0.41000000000002146
N3_ANCHOR_REVERSION,NEUTRAL,SHORT,2019-02-13 04:00:00+00:00,2019-02-13 04:05:00+00:00,2019-02-13 04:05:00+00:00,2019-02-13 06:40:00+00:00,1.1338599999999999,1.1342599999999998,1.13326,1.13327,TARGET,0.0004,1.474999999999671,1.349999999999671,0.5899999999998684
N3_ANCHOR_REVERSION,NEUTRAL,LONG,2019-02-13 06:45:00+00:00,2019-02-13 06:50:00+00:00,2019-02-13 06:50:00+00:00,2019-02-13 07:10:00+00:00,1.13337,1.13297,1.13397,1.13296,STOP,0.0004,-1.0250000000000536,-1.1500000000000536,-0.41000000000002146
N3_ANCHOR_REVERSION,NEUTRAL,LONG,2019-02-13 07:25:00+00:00,2019-02-13 07:30:00+00:00,2019-02-13 07:30:00+00:00,2019-02-13 07:45:00+00:00,1.1328500000000001,1.1324500000000002,1.13345,1.1324400000000001,STOP,0.0004,-1.0250000000000536,-1.1500000000000536,-0.41000000000002146
N3_ANCHOR_REVERSION,NEUTRAL,SHORT,2019-02-14 03:50:00+00:00,2019-02-14 03:55:00+00:00,2019-02-14 03:55:00+00:00,2019-02-14 06:15:00+00:00,1.12815,1.12855,1.12755,1.1275600000000001,TARGET,0.0004,1.474999999999671,1.349999999999671,0.5899999999998684
N3_ANCHOR_REVERSION,NEUTRAL,SHORT,2019-02-14 07:30:00+00:00,2019-02-14 07:35:00+00:00,2019-02-14 07:35:00+00:00,2019-02-14 08:00:00+00:00,1.12843,1.12883,1.12783,1.12884,STOP,0.0004,-1.0250000000000536,-1.1500000000000536,-0.41000000000002146
N3_ANCHOR_REVERSION,NEUTRAL,LONG,2019-02-14 08:25:00+00:00,2019-02-14 08:30:00+00:00,2019-02-14 08:30:00+00:00,2019-02-14 08:30:00+00:00,1.1265,1.1261,1.1271,1.12609,STOP,0.0004,-1.0250000000000536,-1.1500000000000536,-0.41000000000002146
N3_ANCHOR_REVERSION,NEUTRAL,LONG,2019-02-14 08:40:00+00:00,2019-02-14 08:45:00+00:00,2019-02-14 08:45:00+00:00,2019-02-14 08:50:00+00:00,1.12561,1.12521,1.12621,1.1261999999999999,TARGET,0.0004,1.474999999999671,1.349999999999671,0.5899999999998684
N3_ANCHOR_REVERSION,NEUTRAL,SHORT,2019-02-15 21:00:00+00:00,2019-02-15 21:05:00+00:00,2019-02-15 21:05:00+00:00,2019-02-15 21:55:00+00:00,1.12963,1.1300299999999999,1.12903,1.13004,STOP,0.0004,-1.0250000000000536,-1.1500000000000536,-0.41000000000002146
N3_ANCHOR_REVERSION,NEUTRAL,SHORT,2019-02-18 00:05:00+00:00,2019-02-18 00:10:00+00:00,2019-02-18 00:10:00+00:00,2019-02-18 00:25:00+00:00,1.1295199999999999,1.1299199999999998,1.12892,1.1299299999999999,STOP,0.0004,-1.0250000000000536,-1.1500000000000536,-0.41000000000002146
N3_ANCHOR_REVERSION,NEUTRAL,SHORT,2019-02-18 00:55:00+00:00,2019-02-18 01:00:00+00:00,2019-02-18 01:00:00+00:00,2019-02-18 01:00:00+00:00,1.13028,1.13068,1.12968,1.13069,STOP,0.0004,-1.0250000000000536,-1.1500000000000536,-0.41000000000002146
N3_ANCHOR_REVERSION,NEUTRAL,SHORT,2019-02-18 01:10:00+00:00,2019-02-18 01:15:00+00:00,2019-02-18 01:15:00+00:00,2019-02-18 01:50:00+00:00,1.13076,1.13116,1.13016,1.13117,STOP,0.0004,-1.0250000000000536,-1.1500000000000536,-0.41000000000002146
N3_ANCHOR_REVERSION,NEUTRAL,SHORT,2019-02-18 02:45:00+00:00,2019-02-18 02:50:00+00:00,2019-02-18 02:50:00+00:00,2019-02-18 04:35:00+00:00,1.1321299999999999,1.1325299999999998,1.13153,1.13154,TARGET,0.0004,1.474999999999671,1.349999999999671,0.5899999999998684
N3_ANCHOR_REVERSION,NEUTRAL,LONG,2019-02-19 00:55:00+00:00,2019-02-19 01:00:00+00:00,2019-02-19 01:00:00+00:00,2019-02-19 01:30:00+00:00,1.13064,1.1302400000000001,1.13124,1.13023,STOP,0.0004,-1.0250000000000536,-1.1500000000000536,-0.41000000000002146
N3_ANCHOR_REVERSION,NEUTRAL,LONG,2019-02-19 03:55:00+00:00,2019-02-19 04:00:00+00:00,2019-02-19 04:00:00+00:00,2019-02-19 07:20:00+00:00,1.12962,1.1292200000000001,1.13022,1.13021,TARGET,0.0004,1.474999999999671,1.349999999999671,0.5899999999998684
N3_ANCHOR_REVERSION,NEUTRAL,SHORT,2019-02-19 07:30:00+00:00,2019-02-19 07:35:00+00:00,2019-02-19 07:35:00+00:00,2019-02-19 07:55:00+00:00,1.1301999999999999,1.1305999999999998,1.1296,1.13061,STOP,0.0004,-1.0250000000000536,-1.1500000000000536,-0.41000000000002146
N3_ANCHOR_REVERSION,NEUTRAL,SHORT,2019-02-19 08:30:00+00:00,2019-02-19 08:35:00+00:00,2019-02-19 08:35:00+00:00,2019-02-19 08:35:00+00:00,1.1317,1.1320999999999999,1.1311,1.13211,STOP,0.0004,-1.0250000000000536,-1.1500000000000536,-0.41000000000002146
N3_ANCHOR_REVERSION,NEUTRAL,SHORT,2019-02-28 11:30:00+00:00,2019-02-28 11:35:00+00:00,2019-02-28 11:35:00+00:00,2019-02-28 11:50:00+00:00,1.14137,1.14177,1.14077,1.14178,STOP,0.0004,-1.0250000000000536,-1.1500000000000536,-0.41000000000002146
N3_ANCHOR_REVERSION,NEUTRAL,SHORT,2019-02-28 12:15:00+00:00,2019-02-28 12:20:00+00:00,2019-02-28 12:20:00+00:00,2019-02-28 13:05:00+00:00,1.1414,1.1418,1.1408,1.14181,STOP,0.0004,-1.0250000000000536,-1.1500000000000536,-0.41000000000002146
N3_ANCHOR_REVERSION,NEUTRAL,SHORT,2019-02-28 13:10:00+00:00,2019-02-28 13:15:00+00:00,2019-02-28 13:15:00+00:00,2019-02-28 13:15:00+00:00,1.14157,1.14197,1.14097,1.14098,TARGET,0.0004,1.474999999999671,1.349999999999671,0.5899999999998684
N3_ANCHOR_REVERSION,NEUTRAL,LONG,2019-02-28 13:45:00+00:00,2019-02-28 13:50:00+00:00,2019-02-28 13:50:00+00:00,2019-02-28 13:50:00+00:00,1.13883,1.13843,1.13943,1.13842,STOP,0.0004,-1.0250000000000536,-1.1500000000000536,-0.41000000000002146
N3_ANCHOR_REVERSION,NEUTRAL,LONG,2019-03-01 00:20:00+00:00,2019-03-01 00:25:00+00:00,2019-03-01 00:25:00+00:00,2019-03-01 02:15:00+00:00,1.13713,1.13673,1.13773,1.13672,STOP,0.0004,-1.0250000000000536,-1.1500000000000536,-0.41000000000002146
N3_ANCHOR_REVERSION,NEUTRAL,LONG,2019-03-01 02:45:00+00:00,2019-03-01 02:50:00+00:00,2019-03-01 02:50:00+00:00,2019-03-01 04:40:00+00:00,1.13683,1.13643,1.13743,1.1374199999999999,TARGET,0.0004,1.474999999999671,1.349999999999671,0.5899999999998684
N3_ANCHOR_REVERSION,NEUTRAL,SHORT,2019-03-03 23:10:00+00:00,2019-03-03 23:15:00+00:00,2019-03-03 23:15:00+00:00,2019-03-04 00:00:00+00:00,1.13764,1.13804,1.13704,1.1370500000000001,TARGET,0.0004,1.474999999999671,1.349999999999671,0.5899999999998684
N3_ANCHOR_REVERSION,NEUTRAL,LONG,2019-03-04 03:00:00+00:00,2019-03-04 03:05:00+00:00,2019-03-04 03:05:00+00:00,2019-03-04 03:20:00+00:00,1.13664,1.1362400000000001,1.13724,1.13623,STOP,0.0004,-1.0250000000000536,-1.1500000000000536,-0.41000000000002146
N3_ANCHOR_REVERSION,NEUTRAL,LONG,2019-03-04 03:40:00+00:00,2019-03-04 03:45:00+00:00,2019-03-04 03:45:00+00:00,2019-03-04 06:20:00+00:00,1.13646,1.13606,1.13706,1.13605,STOP,0.0004,-1.0250000000000536,-1.1500000000000536,-0.41000000000002146
N3_ANCHOR_REVERSION,NEUTRAL,LONG,2019-03-04 07:50:00+00:00,2019-03-04 07:55:00+00:00,2019-03-04 07:55:00+00:00,2019-03-04 08:00:00+00:00,1.13598,1.13558,1.13658,1.13557,STOP,0.0004,-1.0250000000000536,-1.1500000000000536,-0.41000000000002146
N3_ANCHOR_REVERSION,NEUTRAL,LONG,2019-03-07 19:50:00+00:00,2019-03-07 19:55:00+00:00,2019-03-07 19:55:00+00:00,2019-03-07 20:00:00+00:00,1.1184500000000002,1.1180500000000002,1.11905,1.1180400000000001,STOP,0.0004,-1.0250000000000536,-1.1500000000000536,-0.41000000000002146
N3_ANCHOR_REVERSION,NEUTRAL,LONG,2019-03-08 00:20:00+00:00,2019-03-08 00:25:00+00:00,2019-03-08 00:25:00+00:00,2019-03-08 00:30:00+00:00,1.1193300000000002,1.1189300000000002,1.11993,1.1189200000000001,STOP,0.0004,-1.0250000000000536,-1.1500000000000536,-0.41000000000002146
N3_ANCHOR_REVERSION,NEUTRAL,LONG,2019-03-08 00:35:00+00:00,2019-03-08 00:40:00+00:00,2019-03-08 00:40:00+00:00,2019-03-08 01:45:00+00:00,1.1191300000000002,1.1187300000000002,1.1197300000000001,1.1187200000000002,STOP,0.0004,-1.0250000000000536,-1.1500000000000536,-0.41000000000002146
N3_ANCHOR_REVERSION,NEUTRAL,SHORT,2019-03-08 06:55:00+00:00,2019-03-08 07:00:00+00:00,2019-03-08 07:00:00+00:00,2019-03-08 07:10:00+00:00,1.12068,1.1210799999999999,1.12008,1.12009,TARGET,0.0004,1.474999999999671,1.349999999999671,0.5899999999998684
N3_ANCHOR_REVERSION,NEUTRAL,SHORT,2019-03-08 07:40:00+00:00,2019-03-08 07:45:00+00:00,2019-03-08 07:45:00+00:00,2019-03-08 07:50:00+00:00,1.12045,1.12085,1.11985,1.12086,STOP,0.0004,-1.0250000000000536,-1.1500000000000536,-0.41000000000002146
N3_ANCHOR_REVERSION,NEUTRAL,LONG,2019-03-10 21:50:00+00:00,2019-03-10 21:55:00+00:00,2019-03-10 21:55:00+00:00,2019-03-11 00:10:00+00:00,1.12339,1.1229900000000002,1.12399,1.12298,STOP,0.0004,-1.0250000000000536,-1.1500000000000536,-0.41000000000002146
N3_ANCHOR_REVERSION,NEUTRAL,LONG,2019-03-11 00:40:00+00:00,2019-03-11 00:45:00+00:00,2019-03-11 00:45:00+00:00,2019-03-11 02:35:00+00:00,1.12261,1.1222100000000002,1.12321,1.1232,TARGET,0.0004,1.474999999999671,1.349999999999671,0.5899999999998684
N3_ANCHOR_REVERSION,NEUTRAL,SHORT,2019-03-11 13:30:00+00:00,2019-03-11 13:35:00+00:00,2019-03-11 13:35:00+00:00,2019-03-11 13:40:00+00:00,1.1250799999999999,1.1254799999999998,1.12448,1.12449,TARGET,0.0004,1.474999999999671,1.349999999999671,0.5899999999998684
N3_ANCHOR_REVERSION,NEUTRAL,LONG,2019-03-11 16:00:00+00:00,2019-03-11 16:05:00+00:00,2019-03-11 16:05:00+00:00,2019-03-11 16:10:00+00:00,1.1227,1.1223,1.1233,1.12229,STOP,0.0004,-1.0250000000000536,-1.1500000000000536,-0.41000000000002146
N3_ANCHOR_REVERSION,NEUTRAL,LONG,2019-03-11 16:15:00+00:00,2019-03-11 16:20:00+00:00,2019-03-11 16:20:00+00:00,2019-03-11 16:50:00+00:00,1.12304,1.12264,1.12364,1.12263,STOP,0.0004,-1.0250000000000536,-1.1500000000000536,-0.41000000000002146
N3_ANCHOR_REVERSION,NEUTRAL,LONG,2019-03-12 05:35:00+00:00,2019-03-12 05:40:00+00:00,2019-03-12 05:40:00+00:00,2019-03-12 07:40:00+00:00,1.1256000000000002,1.1252000000000002,1.1262,1.12619,TARGET,0.0004,1.474999999999671,1.349999999999671,0.5899999999998684
N3_ANCHOR_REVERSION,NEUTRAL,SHORT,2019-03-12 07:45:00+00:00,2019-03-12 07:50:00+00:00,2019-03-12 07:50:00+00:00,2019-03-12 07:50:00+00:00,1.12611,1.12651,1.12551,1.12652,STOP,0.0004,-1.0250000000000536,-1.1500000000000536,-0.41000000000002146
N3_ANCHOR_REVERSION,NEUTRAL,SHORT,2019-03-20 18:40:00+00:00,2019-03-20 18:45:00+00:00,2019-03-20 18:45:00+00:00,2019-03-20 18:45:00+00:00,1.14341,1.14381,1.14281,1.14382,STOP,0.0004,-1.0250000000000536,-1.1500000000000536,-0.41000000000002146
N3_ANCHOR_REVERSION,NEUTRAL,SHORT,2019-03-20 18:50:00+00:00,2019-03-20 18:55:00+00:00,2019-03-20 18:55:00+00:00,2019-03-20 18:55:00+00:00,1.14346,1.1438599999999999,1.14286,1.14387,STOP,0.0004,-1.0250000000000536,-1.1500000000000536,-0.41000000000002146
N3_ANCHOR_REVERSION,NEUTRAL,SHORT,2019-03-22 19:30:00+00:00,2019-03-22 19:35:00+00:00,2019-03-22 19:35:00+00:00,2019-03-22 20:55:00+00:00,1.1299599999999999,1.1303599999999998,1.12936,1.13023,TIME_12H,0.0004,-0.6750000000005363,-0.8000000000005363,-0.2700000000002145
N3_ANCHOR_REVERSION,NEUTRAL,LONG,2019-03-25 00:05:00+00:00,2019-03-25 00:10:00+00:00,2019-03-25 00:10:00+00:00,2019-03-25 00:50:00+00:00,1.12944,1.12904,1.13004,1.12903,STOP,0.0004,-1.0250000000000536,-1.1500000000000536,-0.41000000000002146
N3_ANCHOR_REVERSION,NEUTRAL,LONG,2019-03-26 16:00:00+00:00,2019-03-26 16:05:00+00:00,2019-03-26 16:05:00+00:00,2019-03-26 16:50:00+00:00,1.12842,1.12802,1.12902,1.1290099999999998,TARGET,0.0004,1.474999999999671,1.349999999999671,0.5899999999998684
N3_ANCHOR_REVERSION,NEUTRAL,LONG,2019-03-26 18:50:00+00:00,2019-03-26 18:55:00+00:00,2019-03-26 18:55:00+00:00,2019-03-26 19:30:00+00:00,1.12785,1.12745,1.12845,1.12744,STOP,0.0004,-1.0250000000000536,-1.1500000000000536,-0.41000000000002146
N3_ANCHOR_REVERSION,NEUTRAL,LONG,2019-03-26 21:30:00+00:00,2019-03-26 21:35:00+00:00,2019-03-26 21:35:00+00:00,2019-03-26 22:20:00+00:00,1.1268900000000002,1.1264900000000002,1.12749,1.12748,TARGET,0.0004,1.474999999999671,1.349999999999671,0.5899999999998684
N3_ANCHOR_REVERSION,NEUTRAL,LONG,2019-03-27 00:35:00+00:00,2019-03-27 00:40:00+00:00,2019-03-27 00:40:00+00:00,2019-03-27 00:50:00+00:00,1.1268500000000001,1.1264500000000002,1.12745,1.12644,STOP,0.0004,-1.0250000000000536,-1.1500000000000536,-0.41000000000002146
N3_ANCHOR_REVERSION,NEUTRAL,LONG,2019-03-27 01:05:00+00:00,2019-03-27 01:10:00+00:00,2019-03-27 01:10:00+00:00,2019-03-27 01:15:00+00:00,1.1264800000000001,1.1260800000000002,1.12708,1.1260700000000001,STOP,0.0004,-1.0250000000000536,-1.1500000000000536,-0.41000000000002146
N3_ANCHOR_REVERSION,NEUTRAL,LONG,2019-03-27 01:20:00+00:00,2019-03-27 01:25:00+00:00,2019-03-27 01:25:00+00:00,2019-03-27 01:50:00+00:00,1.1263500000000002,1.1259500000000002,1.1269500000000001,1.1259400000000002,STOP,0.0004,-1.0250000000000536,-1.1500000000000536,-0.41000000000002146
N3_ANCHOR_REVERSION,NEUTRAL,LONG,2019-03-27 02:20:00+00:00,2019-03-27 02:25:00+00:00,2019-03-27 02:25:00+00:00,2019-03-27 02:40:00+00:00,1.12555,1.12515,1.12615,1.12514,STOP,0.0004,-1.0250000000000536,-1.1500000000000536,-0.41000000000002146
N3_ANCHOR_REVERSION,NEUTRAL,LONG,2019-03-29 19:00:00+00:00,2019-03-29 19:05:00+00:00,2019-03-29 19:05:00+00:00,2019-03-29 20:55:00+00:00,1.12185,1.12145,1.12245,1.12178,TIME_12H,0.0004,-0.17500000000003624,-0.30000000000003624,-0.0700000000000145
N3_ANCHOR_REVERSION,NEUTRAL,SHORT,2019-04-01 01:05:00+00:00,2019-04-01 01:10:00+00:00,2019-04-01 01:10:00+00:00,2019-04-01 01:45:00+00:00,1.12262,1.12302,1.12202,1.12303,STOP,0.0004,-1.0250000000000536,-1.1500000000000536,-0.41000000000002146
N3_ANCHOR_REVERSION,NEUTRAL,SHORT,2019-04-09 00:35:00+00:00,2019-04-09 00:40:00+00:00,2019-04-09 00:40:00+00:00,2019-04-09 01:30:00+00:00,1.12621,1.12661,1.12561,1.12662,STOP,0.0004,-1.0250000000000536,-1.1500000000000536,-0.41000000000002146
N3_ANCHOR_REVERSION,NEUTRAL,LONG,2019-04-11 17:55:00+00:00,2019-04-11 18:00:00+00:00,2019-04-11 18:00:00+00:00,2019-04-11 20:55:00+00:00,1.1256000000000002,1.1252000000000002,1.1262,1.1251900000000001,STOP,0.0004,-1.0250000000000536,-1.1500000000000536,-0.41000000000002146
N3_ANCHOR_REVERSION,NEUTRAL,SHORT,2019-04-12 03:45:00+00:00,2019-04-12 03:50:00+00:00,2019-04-12 03:50:00+00:00,2019-04-12 04:25:00+00:00,1.1287699999999998,1.1291699999999998,1.12817,1.1291799999999999,STOP,0.0004,-1.0250000000000536,-1.1500000000000536,-0.41000000000002146
N3_ANCHOR_REVERSION,NEUTRAL,SHORT,2019-04-12 04:45:00+00:00,2019-04-12 04:50:00+00:00,2019-04-12 04:50:00+00:00,2019-04-12 05:35:00+00:00,1.1290799999999999,1.1294799999999998,1.12848,1.12849,TARGET,0.0004,1.474999999999671,1.349999999999671,0.5899999999998684
N3_ANCHOR_REVERSION,NEUTRAL,SHORT,2019-04-12 08:05:00+00:00,2019-04-12 08:10:00+00:00,2019-04-12 08:10:00+00:00,2019-04-12 08:25:00+00:00,1.1293,1.1297,1.1287,1.12971,STOP,0.0004,-1.0250000000000536,-1.1500000000000536,-0.41000000000002146
N3_ANCHOR_REVERSION,NEUTRAL,SHORT,2019-04-12 08:45:00+00:00,2019-04-12 08:50:00+00:00,2019-04-12 08:50:00+00:00,2019-04-12 09:00:00+00:00,1.13056,1.13096,1.12996,1.13097,STOP,0.0004,-1.0250000000000536,-1.1500000000000536,-0.41000000000002146
N3_ANCHOR_REVERSION,NEUTRAL,SHORT,2019-04-14 23:05:00+00:00,2019-04-14 23:10:00+00:00,2019-04-14 23:10:00+00:00,2019-04-14 23:25:00+00:00,1.13034,1.1307399999999999,1.12974,1.13075,STOP,0.0004,-1.0250000000000536,-1.1500000000000536,-0.41000000000002146
N3_ANCHOR_REVERSION,NEUTRAL,SHORT,2019-04-14 23:30:00+00:00,2019-04-14 23:35:00+00:00,2019-04-14 23:35:00+00:00,2019-04-15 01:40:00+00:00,1.1304699999999999,1.1308699999999998,1.12987,1.1308799999999999,STOP,0.0004,-1.0250000000000536,-1.1500000000000536,-0.41000000000002146
N3_ANCHOR_REVERSION,NEUTRAL,LONG,2019-04-15 06:05:00+00:00,2019-04-15 06:10:00+00:00,2019-04-15 06:10:00+00:00,2019-04-15 06:45:00+00:00,1.13057,1.1301700000000001,1.13117,1.13116,TARGET,0.0004,1.474999999999671,1.349999999999671,0.5899999999998684
N3_ANCHOR_REVERSION,NEUTRAL,SHORT,2019-04-15 06:50:00+00:00,2019-04-15 06:55:00+00:00,2019-04-15 06:55:00+00:00,2019-04-15 07:05:00+00:00,1.13126,1.1316599999999999,1.13066,1.13167,STOP,0.0004,-1.0250000000000536,-1.1500000000000536,-0.41000000000002146
N3_ANCHOR_REVERSION,NEUTRAL,LONG,2019-04-16 02:00:00+00:00,2019-04-16 02:05:00+00:00,2019-04-16 02:05:00+00:00,2019-04-16 03:35:00+00:00,1.12968,1.12928,1.13028,1.1302699999999999,TARGET,0.0004,1.474999999999671,1.349999999999671,0.5899999999998684
N3_ANCHOR_REVERSION,NEUTRAL,LONG,2019-04-16 16:55:00+00:00,2019-04-16 17:00:00+00:00,2019-04-16 17:00:00+00:00,2019-04-16 20:50:00+00:00,1.12847,1.1280700000000001,1.12907,1.12806,STOP,0.0004,-1.0250000000000536,-1.1500000000000536,-0.41000000000002146
N3_ANCHOR_REVERSION,NEUTRAL,SHORT,2019-04-17 07:55:00+00:00,2019-04-17 08:00:00+00:00,2019-04-17 08:00:00+00:00,2019-04-17 08:15:00+00:00,1.13168,1.13208,1.13108,1.13209,STOP,0.0004,-1.0250000000000536,-1.1500000000000536,-0.41000000000002146
N3_ANCHOR_REVERSION,NEUTRAL,SHORT,2019-04-17 08:30:00+00:00,2019-04-17 08:35:00+00:00,2019-04-17 08:35:00+00:00,2019-04-17 09:35:00+00:00,1.13156,1.1319599999999999,1.13096,1.13197,STOP,0.0004,-1.0250000000000536,-1.1500000000000536,-0.41000000000002146
N3_ANCHOR_REVERSION,NEUTRAL,LONG,2019-04-17 12:15:00+00:00,2019-04-17 12:20:00+00:00,2019-04-17 12:20:00+00:00,2019-04-17 13:00:00+00:00,1.1305100000000001,1.1301100000000002,1.13111,1.1301,STOP,0.0004,-1.0250000000000536,-1.1500000000000536,-0.41000000000002146
N3_ANCHOR_REVERSION,NEUTRAL,LONG,2019-04-17 13:05:00+00:00,2019-04-17 13:10:00+00:00,2019-04-17 13:10:00+00:00,2019-04-17 13:30:00+00:00,1.12961,1.12921,1.13021,1.1301999999999999,TARGET,0.0004,1.474999999999671,1.349999999999671,0.5899999999998684
N3_ANCHOR_REVERSION,NEUTRAL,LONG,2019-04-24 16:40:00+00:00,2019-04-24 16:45:00+00:00,2019-04-24 16:45:00+00:00,2019-04-24 16:55:00+00:00,1.11632,1.11592,1.11692,1.11591,STOP,0.0004,-1.0250000000000536,-1.1500000000000536,-0.41000000000002146
N3_ANCHOR_REVERSION,NEUTRAL,LONG,2019-04-24 18:35:00+00:00,2019-04-24 18:40:00+00:00,2019-04-24 18:40:00+00:00,2019-04-24 18:40:00+00:00,1.11532,1.1149200000000001,1.11592,1.11491,STOP,0.0004,-1.0250000000000536,-1.1500000000000536,-0.41000000000002146
N3_ANCHOR_REVERSION,NEUTRAL,LONG,2019-04-24 21:30:00+00:00,2019-04-24 21:35:00+00:00,2019-04-24 21:35:00+00:00,2019-04-24 23:30:00+00:00,1.11552,1.1151200000000001,1.11612,1.11511,STOP,0.0004,-1.0250000000000536,-1.1500000000000536,-0.41000000000002146
N3_ANCHOR_REVERSION,NEUTRAL,LONG,2019-04-25 00:15:00+00:00,2019-04-25 00:20:00+00:00,2019-04-25 00:20:00+00:00,2019-04-25 01:15:00+00:00,1.1149600000000002,1.1145600000000002,1.11556,1.1145500000000002,STOP,0.0004,-1.0250000000000536,-1.1500000000000536,-0.41000000000002146
N3_ANCHOR_REVERSION,NEUTRAL,LONG,2019-04-25 01:25:00+00:00,2019-04-25 01:30:00+00:00,2019-04-25 01:30:00+00:00,2019-04-25 01:45:00+00:00,1.1147500000000001,1.1143500000000002,1.11535,1.11534,TARGET,0.0004,1.474999999999671,1.349999999999671,0.5899999999998684
N3_ANCHOR_REVERSION,NEUTRAL,SHORT,2019-04-25 02:25:00+00:00,2019-04-25 02:30:00+00:00,2019-04-25 02:30:00+00:00,2019-04-25 02:30:00+00:00,1.1156199999999998,1.1160199999999998,1.11502,1.1160299999999999,STOP,0.0004,-1.0250000000000536,-1.1500000000000536,-0.41000000000002146
N3_ANCHOR_REVERSION,NEUTRAL,SHORT,2019-04-25 06:05:00+00:00,2019-04-25 06:10:00+00:00,2019-04-25 06:10:00+00:00,2019-04-25 06:30:00+00:00,1.11585,1.11625,1.11525,1.1152600000000001,TARGET,0.0004,1.474999999999671,1.349999999999671,0.5899999999998684
N3_ANCHOR_REVERSION,NEUTRAL,LONG,2019-04-26 19:10:00+00:00,2019-04-26 19:15:00+00:00,2019-04-26 19:15:00+00:00,2019-04-26 19:45:00+00:00,1.11541,1.11501,1.11601,1.115,STOP,0.0004,-1.0250000000000536,-1.1500000000000536,-0.41000000000002146
N3_ANCHOR_REVERSION,NEUTRAL,SHORT,2019-04-29 02:25:00+00:00,2019-04-29 02:30:00+00:00,2019-04-29 02:30:00+00:00,2019-04-29 02:45:00+00:00,1.11537,1.11577,1.11477,1.11578,STOP,0.0004,-1.0250000000000536,-1.1500000000000536,-0.41000000000002146
N3_ANCHOR_REVERSION,NEUTRAL,SHORT,2019-04-29 03:55:00+00:00,2019-04-29 04:00:00+00:00,2019-04-29 04:00:00+00:00,2019-04-29 06:00:00+00:00,1.11575,1.11615,1.11515,1.11616,STOP,0.0004,-1.0250000000000536,-1.1500000000000536,-0.41000000000002146
N3_ANCHOR_REVERSION,NEUTRAL,SHORT,2019-04-29 18:10:00+00:00,2019-04-29 18:15:00+00:00,2019-04-29 18:15:00+00:00,2019-04-29 18:15:00+00:00,1.1178,1.1181999999999999,1.1172,1.11821,STOP,0.0004,-1.0250000000000536,-1.1500000000000536,-0.41000000000002146
N3_ANCHOR_REVERSION,NEUTRAL,SHORT,2019-04-29 18:20:00+00:00,2019-04-29 18:25:00+00:00,2019-04-29 18:25:00+00:00,2019-04-30 00:55:00+00:00,1.1183999999999998,1.1187999999999998,1.1178,1.1188099999999999,STOP,0.0004,-1.0250000000000536,-1.1500000000000536,-0.41000000000002146
N3_ANCHOR_REVERSION,NEUTRAL,LONG,2019-04-30 01:05:00+00:00,2019-04-30 01:10:00+00:00,2019-04-30 01:10:00+00:00,2019-04-30 02:10:00+00:00,1.11822,1.11782,1.11882,1.1188099999999999,TARGET,0.0004,1.474999999999671,1.349999999999671,0.5899999999998684
N3_ANCHOR_REVERSION,NEUTRAL,LONG,2019-05-02 18:55:00+00:00,2019-05-02 19:00:00+00:00,2019-05-02 19:00:00+00:00,2019-05-02 20:40:00+00:00,1.11756,1.1171600000000002,1.11816,1.11715,STOP,0.0004,-1.0250000000000536,-1.1500000000000536,-0.41000000000002146
N3_ANCHOR_REVERSION,NEUTRAL,SHORT,2019-05-03 14:10:00+00:00,2019-05-03 14:15:00+00:00,2019-05-03 14:15:00+00:00,2019-05-03 14:15:00+00:00,1.1182299999999998,1.1186299999999998,1.11763,1.1186399999999999,STOP,0.0004,-1.0250000000000536,-1.1500000000000536,-0.41000000000002146
N3_ANCHOR_REVERSION,NEUTRAL,SHORT,2019-05-03 18:45:00+00:00,2019-05-03 18:50:00+00:00,2019-05-03 18:50:00+00:00,2019-05-03 19:35:00+00:00,1.11975,1.12015,1.11915,1.12016,STOP,0.0004,-1.0250000000000536,-1.1500000000000536,-0.41000000000002146
N3_ANCHOR_REVERSION,NEUTRAL,SHORT,2019-05-03 19:55:00+00:00,2019-05-03 20:00:00+00:00,2019-05-03 20:00:00+00:00,2019-05-03 20:20:00+00:00,1.11994,1.12034,1.11934,1.12035,STOP,0.0004,-1.0250000000000536,-1.1500000000000536,-0.41000000000002146
N3_ANCHOR_REVERSION,NEUTRAL,LONG,2019-05-05 21:20:00+00:00,2019-05-05 21:25:00+00:00,2019-05-05 21:25:00+00:00,2019-05-05 21:30:00+00:00,1.11799,1.11759,1.11859,1.11758,STOP,0.0004,-1.0250000000000536,-1.1500000000000536,-0.41000000000002146
N3_ANCHOR_REVERSION,NEUTRAL,LONG,2019-05-05 21:30:00+00:00,2019-05-05 21:35:00+00:00,2019-05-05 21:35:00+00:00,2019-05-05 21:45:00+00:00,1.1180100000000002,1.1176100000000002,1.11861,1.1186,TARGET,0.0004,1.474999999999671,1.349999999999671,0.5899999999998684
N3_ANCHOR_REVERSION,NEUTRAL,LONG,2019-05-06 00:15:00+00:00,2019-05-06 00:20:00+00:00,2019-05-06 00:20:00+00:00,2019-05-06 00:25:00+00:00,1.11853,1.11813,1.11913,1.11812,STOP,0.0004,-1.0250000000000536,-1.1500000000000536,-0.41000000000002146
N3_ANCHOR_REVERSION,NEUTRAL,LONG,2019-05-14 20:50:00+00:00,2019-05-14 20:55:00+00:00,2019-05-14 20:55:00+00:00,2019-05-15 00:35:00+00:00,1.1204800000000001,1.1200800000000002,1.12108,1.1200700000000001,STOP,0.0004,-1.0250000000000536,-1.1500000000000536,-0.41000000000002146
N3_ANCHOR_REVERSION,NEUTRAL,LONG,2019-05-15 19:25:00+00:00,2019-05-15 19:30:00+00:00,2019-05-15 19:30:00+00:00,2019-05-15 22:45:00+00:00,1.1201400000000001,1.1197400000000002,1.12074,1.12073,TARGET,0.0004,1.474999999999671,1.349999999999671,0.5899999999998684
N3_ANCHOR_REVERSION,NEUTRAL,SHORT,2019-05-16 05:05:00+00:00,2019-05-16 05:10:00+00:00,2019-05-16 05:10:00+00:00,2019-05-16 08:15:00+00:00,1.12095,1.1213499999999998,1.12035,1.12136,STOP,0.0004,-1.0250000000000536,-1.1500000000000536,-0.41000000000002146
N3_ANCHOR_REVERSION,NEUTRAL,LONG,2019-05-16 19:10:00+00:00,2019-05-16 19:15:00+00:00,2019-05-16 19:15:00+00:00,2019-05-16 19:55:00+00:00,1.11698,1.1165800000000001,1.11758,1.11757,TARGET,0.0004,1.474999999999671,1.349999999999671,0.5899999999998684
N3_ANCHOR_REVERSION,NEUTRAL,SHORT,2019-05-17 02:00:00+00:00,2019-05-17 02:05:00+00:00,2019-05-17 02:05:00+00:00,2019-05-17 05:40:00+00:00,1.1178,1.1181999999999999,1.1172,1.11721,TARGET,0.0004,1.474999999999671,1.349999999999671,0.5899999999998684
N3_ANCHOR_REVERSION,NEUTRAL,LONG,2019-05-21 06:00:00+00:00,2019-05-21 06:05:00+00:00,2019-05-21 06:05:00+00:00,2019-05-21 06:15:00+00:00,1.1155000000000002,1.1151000000000002,1.1161,1.1150900000000001,STOP,0.0004,-1.0250000000000536,-1.1500000000000536,-0.41000000000002146
N3_ANCHOR_REVERSION,NEUTRAL,LONG,2019-05-21 06:45:00+00:00,2019-05-21 06:50:00+00:00,2019-05-21 06:50:00+00:00,2019-05-21 07:45:00+00:00,1.1148600000000002,1.1144600000000002,1.1154600000000001,1.11545,TARGET,0.0004,1.474999999999671,1.349999999999671,0.5899999999998684
N3_ANCHOR_REVERSION,NEUTRAL,LONG,2019-05-21 08:50:00+00:00,2019-05-21 08:55:00+00:00,2019-05-21 08:55:00+00:00,2019-05-21 09:15:00+00:00,1.11461,1.1142100000000001,1.11521,1.1152,TARGET,0.0004,1.474999999999671,1.349999999999671,0.5899999999998684
N3_ANCHOR_REVERSION,NEUTRAL,LONG,2019-05-21 11:25:00+00:00,2019-05-21 11:30:00+00:00,2019-05-21 11:30:00+00:00,2019-05-21 12:00:00+00:00,1.11459,1.11419,1.11519,1.1151799999999998,TARGET,0.0004,1.474999999999671,1.349999999999671,0.5899999999998684
N3_ANCHOR_REVERSION,NEUTRAL,LONG,2019-05-22 20:50:00+00:00,2019-05-22 20:55:00+00:00,2019-05-22 20:55:00+00:00,2019-05-23 01:35:00+00:00,1.11528,1.11488,1.11588,1.11487,STOP,0.0004,-1.0250000000000536,-1.1500000000000536,-0.41000000000002146
N3_ANCHOR_REVERSION,NEUTRAL,LONG,2019-05-23 01:40:00+00:00,2019-05-23 01:45:00+00:00,2019-05-23 01:45:00+00:00,2019-05-23 06:00:00+00:00,1.1150600000000002,1.1146600000000002,1.11566,1.1146500000000001,STOP,0.0004,-1.0250000000000536,-1.1500000000000536,-0.41000000000002146
N3_ANCHOR_REVERSION,NEUTRAL,LONG,2019-05-28 19:20:00+00:00,2019-05-28 19:25:00+00:00,2019-05-28 19:25:00+00:00,2019-05-29 00:05:00+00:00,1.11629,1.11589,1.11689,1.1168799999999999,TARGET,0.0004,1.474999999999671,1.349999999999671,0.5899999999998684
N3_ANCHOR_REVERSION,NEUTRAL,SHORT,2019-05-29 00:10:00+00:00,2019-05-29 00:15:00+00:00,2019-05-29 00:15:00+00:00,2019-05-29 00:45:00+00:00,1.1169,1.1173,1.1163,1.11731,STOP,0.0004,-1.0250000000000536,-1.1500000000000536,-0.41000000000002146
N3_ANCHOR_REVERSION,NEUTRAL,SHORT,2019-05-29 00:50:00+00:00,2019-05-29 00:55:00+00:00,2019-05-29 00:55:00+00:00,2019-05-29 02:30:00+00:00,1.11697,1.11737,1.11637,1.1163800000000001,TARGET,0.0004,1.474999999999671,1.349999999999671,0.5899999999998684
N3_ANCHOR_REVERSION,NEUTRAL,LONG,2019-05-29 17:10:00+00:00,2019-05-29 17:15:00+00:00,2019-05-29 17:15:00+00:00,2019-05-29 17:20:00+00:00,1.1131,1.1127,1.1137,1.11269,STOP,0.0004,-1.0250000000000536,-1.1500000000000536,-0.41000000000002146
N3_ANCHOR_REVERSION,NEUTRAL,LONG,2019-05-29 17:30:00+00:00,2019-05-29 17:35:00+00:00,2019-05-29 17:35:00+00:00,2019-05-29 17:55:00+00:00,1.1131300000000002,1.1127300000000002,1.11373,1.11372,TARGET,0.0004,1.474999999999671,1.349999999999671,0.5899999999998684
N3_ANCHOR_REVERSION,NEUTRAL,SHORT,2019-05-29 23:55:00+00:00,2019-05-30 00:00:00+00:00,2019-05-30 00:00:00+00:00,2019-05-30 00:10:00+00:00,1.11364,1.11404,1.11304,1.11405,STOP,0.0004,-1.0250000000000536,-1.1500000000000536,-0.41000000000002146
N3_ANCHOR_REVERSION,NEUTRAL,SHORT,2019-05-30 00:15:00+00:00,2019-05-30 00:20:00+00:00,2019-05-30 00:20:00+00:00,2019-05-30 06:00:00+00:00,1.1139999999999999,1.1143999999999998,1.1134,1.11341,TARGET,0.0004,1.474999999999671,1.349999999999671,0.5899999999998684
N3_ANCHOR_REVERSION,NEUTRAL,SHORT,2019-05-31 00:40:00+00:00,2019-05-31 00:45:00+00:00,2019-05-31 00:45:00+00:00,2019-05-31 03:45:00+00:00,1.11384,1.11424,1.11324,1.11325,TARGET,0.0004,1.474999999999671,1.349999999999671,0.5899999999998684
N3_ANCHOR_REVERSION,NEUTRAL,SHORT,2019-06-02 23:00:00+00:00,2019-06-02 23:05:00+00:00,2019-06-02 23:05:00+00:00,2019-06-03 00:00:00+00:00,1.11713,1.11753,1.11653,1.11754,STOP,0.0004,-1.0250000000000536,-1.1500000000000536,-0.41000000000002146
N3_ANCHOR_REVERSION,NEUTRAL,SHORT,2019-06-03 00:25:00+00:00,2019-06-03 00:30:00+00:00,2019-06-03 00:30:00+00:00,2019-06-03 00:40:00+00:00,1.1178599999999999,1.1182599999999998,1.11726,1.1182699999999999,STOP,0.0004,-1.0250000000000536,-1.1500000000000536,-0.41000000000002146
N3_ANCHOR_REVERSION,NEUTRAL,SHORT,2019-06-03 00:50:00+00:00,2019-06-03 00:55:00+00:00,2019-06-03 00:55:00+00:00,2019-06-03 01:35:00+00:00,1.11801,1.11841,1.11741,1.11842,STOP,0.0004,-1.0250000000000536,-1.1500000000000536,-0.41000000000002146
N3_ANCHOR_REVERSION,NEUTRAL,SHORT,2019-06-03 01:40:00+00:00,2019-06-03 01:45:00+00:00,2019-06-03 01:45:00+00:00,2019-06-03 02:45:00+00:00,1.1182699999999999,1.1186699999999998,1.11767,1.11868,STOP,0.0004,-1.0250000000000536,-1.1500000000000536,-0.41000000000002146
N3_ANCHOR_REVERSION,NEUTRAL,LONG,2019-06-13 19:55:00+00:00,2019-06-13 20:00:00+00:00,2019-06-13 20:00:00+00:00,2019-06-14 00:00:00+00:00,1.12754,1.12714,1.12814,1.1281299999999999,TARGET,0.0004,1.474999999999671,1.349999999999671,0.5899999999998684
N3_ANCHOR_REVERSION,NEUTRAL,SHORT,2019-06-14 00:10:00+00:00,2019-06-14 00:15:00+00:00,2019-06-14 00:15:00+00:00,2019-06-14 03:10:00+00:00,1.1279899999999998,1.1283899999999998,1.12739,1.1274,TARGET,0.0004,1.474999999999671,1.349999999999671,0.5899999999998684
N3_ANCHOR_REVERSION,NEUTRAL,LONG,2019-06-14 20:00:00+00:00,2019-06-14 20:05:00+00:00,2019-06-14 20:05:00+00:00,2019-06-14 20:55:00+00:00,1.12081,1.1204100000000001,1.12141,1.12049,TIME_12H,0.0004,-0.800000000000245,-0.925000000000245,-0.320000000000098
N3_ANCHOR_REVERSION,NEUTRAL,SHORT,2019-06-16 22:05:00+00:00,2019-06-16 22:10:00+00:00,2019-06-16 22:10:00+00:00,2019-06-16 23:55:00+00:00,1.12136,1.1217599999999999,1.12076,1.12177,STOP,0.0004,-1.0250000000000536,-1.1500000000000536,-0.41000000000002146
N3_ANCHOR_REVERSION,NEUTRAL,SHORT,2019-06-17 00:40:00+00:00,2019-06-17 00:45:00+00:00,2019-06-17 00:45:00+00:00,2019-06-17 01:50:00+00:00,1.1218899999999998,1.1222899999999998,1.12129,1.1222999999999999,STOP,0.0004,-1.0250000000000536,-1.1500000000000536,-0.41000000000002146
N3_ANCHOR_REVERSION,NEUTRAL,SHORT,2019-06-17 02:00:00+00:00,2019-06-17 02:05:00+00:00,2019-06-17 02:05:00+00:00,2019-06-17 04:30:00+00:00,1.12229,1.12269,1.12169,1.1217000000000001,TARGET,0.0004,1.474999999999671,1.349999999999671,0.5899999999998684
N3_ANCHOR_REVERSION,NEUTRAL,LONG,2019-06-17 04:55:00+00:00,2019-06-17 05:00:00+00:00,2019-06-17 05:00:00+00:00,2019-06-17 06:05:00+00:00,1.12175,1.12135,1.12235,1.12134,STOP,0.0004,-1.0250000000000536,-1.1500000000000536,-0.41000000000002146
N3_ANCHOR_REVERSION,NEUTRAL,LONG,2019-06-17 06:35:00+00:00,2019-06-17 06:40:00+00:00,2019-06-17 06:40:00+00:00,2019-06-17 06:55:00+00:00,1.12104,1.12064,1.12164,1.12063,STOP,0.0004,-1.0250000000000536,-1.1500000000000536,-0.41000000000002146
N3_ANCHOR_REVERSION,NEUTRAL,SHORT,2019-06-18 00:05:00+00:00,2019-06-18 00:10:00+00:00,2019-06-18 00:10:00+00:00,2019-06-18 01:15:00+00:00,1.1224699999999999,1.1228699999999998,1.12187,1.1228799999999999,STOP,0.0004,-1.0250000000000536,-1.1500000000000536,-0.41000000000002146
N3_ANCHOR_REVERSION,NEUTRAL,SHORT,2019-06-18 01:25:00+00:00,2019-06-18 01:30:00+00:00,2019-06-18 01:30:00+00:00,2019-06-18 02:05:00+00:00,1.1229099999999999,1.1233099999999998,1.12231,1.1233199999999999,STOP,0.0004,-1.0250000000000536,-1.1500000000000536,-0.41000000000002146
N3_ANCHOR_REVERSION,NEUTRAL,SHORT,2019-06-18 03:45:00+00:00,2019-06-18 03:50:00+00:00,2019-06-18 03:50:00+00:00,2019-06-18 05:05:00+00:00,1.1231799999999998,1.1235799999999998,1.12258,1.1235899999999999,STOP,0.0004,-1.0250000000000536,-1.1500000000000536,-0.41000000000002146
N3_ANCHOR_REVERSION,NEUTRAL,LONG,2019-06-18 10:20:00+00:00,2019-06-18 10:25:00+00:00,2019-06-18 10:25:00+00:00,2019-06-18 10:55:00+00:00,1.1193300000000002,1.1189300000000002,1.11993,1.11992,TARGET,0.0004,1.474999999999671,1.349999999999671,0.5899999999998684
N3_ANCHOR_REVERSION,NEUTRAL,SHORT,2019-06-19 00:10:00+00:00,2019-06-19 00:15:00+00:00,2019-06-19 00:15:00+00:00,2019-06-19 02:55:00+00:00,1.11988,1.12028,1.11928,1.1192900000000001,TARGET,0.0004,1.474999999999671,1.349999999999671,0.5899999999998684
N3_ANCHOR_REVERSION,NEUTRAL,LONG,2019-06-19 02:55:00+00:00,2019-06-19 03:00:00+00:00,2019-06-19 03:00:00+00:00,2019-06-19 04:50:00+00:00,1.11938,1.11898,1.11998,1.11897,STOP,0.0004,-1.0250000000000536,-1.1500000000000536,-0.41000000000002146
N3_ANCHOR_REVERSION,NEUTRAL,LONG,2019-06-19 04:55:00+00:00,2019-06-19 05:00:00+00:00,2019-06-19 05:00:00+00:00,2019-06-19 06:35:00+00:00,1.1189,1.1185,1.1195,1.1194899999999999,TARGET,0.0004,1.474999999999671,1.349999999999671,0.5899999999998684
N3_ANCHOR_REVERSION,NEUTRAL,SHORT,2019-06-19 08:35:00+00:00,2019-06-19 08:40:00+00:00,2019-06-19 08:40:00+00:00,2019-06-19 09:55:00+00:00,1.1202299999999998,1.1206299999999998,1.11963,1.1206399999999999,STOP,0.0004,-1.0250000000000536,-1.1500000000000536,-0.41000000000002146
N3_ANCHOR_REVERSION,NEUTRAL,SHORT,2019-06-21 19:50:00+00:00,2019-06-21 19:55:00+00:00,2019-06-21 19:55:00+00:00,2019-06-21 20:55:00+00:00,1.1372099999999998,1.1376099999999998,1.13661,1.13696,TIME_12H,0.0004,0.6249999999996536,0.4999999999996536,0.24999999999986144
N3_ANCHOR_REVERSION,NEUTRAL,SHORT,2019-06-23 22:25:00+00:00,2019-06-23 22:30:00+00:00,2019-06-23 22:30:00+00:00,2019-06-23 23:40:00+00:00,1.13749,1.1378899999999998,1.13689,1.1379,STOP,0.0004,-1.0250000000000536,-1.1500000000000536,-0.41000000000002146
N3_ANCHOR_REVERSION,NEUTRAL,SHORT,2019-06-24 00:00:00+00:00,2019-06-24 00:05:00+00:00,2019-06-24 00:05:00+00:00,2019-06-24 00:10:00+00:00,1.1381599999999998,1.1385599999999998,1.13756,1.1385699999999999,STOP,0.0004,-1.0250000000000536,-1.1500000000000536,-0.41000000000002146
N3_ANCHOR_REVERSION,NEUTRAL,SHORT,2019-06-24 00:20:00+00:00,2019-06-24 00:25:00+00:00,2019-06-24 00:25:00+00:00,2019-06-24 02:15:00+00:00,1.13827,1.1386699999999998,1.13767,1.13768,TARGET,0.0004,1.474999999999671,1.349999999999671,0.5899999999998684
N3_ANCHOR_REVERSION,NEUTRAL,SHORT,2019-06-24 03:25:00+00:00,2019-06-24 03:30:00+00:00,2019-06-24 03:30:00+00:00,2019-06-24 04:55:00+00:00,1.13822,1.13862,1.13762,1.1376300000000001,TARGET,0.0004,1.474999999999671,1.349999999999671,0.5899999999998684
N3_ANCHOR_REVERSION,NEUTRAL,SHORT,2019-06-24 06:35:00+00:00,2019-06-24 06:40:00+00:00,2019-06-24 06:40:00+00:00,2019-06-24 06:55:00+00:00,1.1385399999999999,1.1389399999999998,1.13794,1.13795,TARGET,0.0004,1.474999999999671,1.349999999999671,0.5899999999998684
N3_ANCHOR_REVERSION,NEUTRAL,LONG,2019-06-26 18:35:00+00:00,2019-06-26 18:40:00+00:00,2019-06-26 18:40:00+00:00,2019-06-26 18:50:00+00:00,1.13732,1.1369200000000002,1.13792,1.13691,STOP,0.0004,-1.0250000000000536,-1.1500000000000536,-0.41000000000002146
N3_ANCHOR_REVERSION,NEUTRAL,LONG,2019-06-26 19:00:00+00:00,2019-06-26 19:05:00+00:00,2019-06-26 19:05:00+00:00,2019-06-26 19:55:00+00:00,1.1370900000000002,1.1366900000000002,1.13769,1.1366800000000001,STOP,0.0004,-1.0250000000000536,-1.1500000000000536,-0.41000000000002146
N3_ANCHOR_REVERSION,NEUTRAL,SHORT,2019-06-26 23:45:00+00:00,2019-06-26 23:50:00+00:00,2019-06-26 23:50:00+00:00,2019-06-27 02:05:00+00:00,1.13737,1.13777,1.13677,1.1367800000000001,TARGET,0.0004,1.474999999999671,1.349999999999671,0.5899999999998684
N3_ANCHOR_REVERSION,NEUTRAL,LONG,2019-06-27 02:30:00+00:00,2019-06-27 02:35:00+00:00,2019-06-27 02:35:00+00:00,2019-06-27 03:55:00+00:00,1.13629,1.13589,1.13689,1.13588,STOP,0.0004,-1.0250000000000536,-1.1500000000000536,-0.41000000000002146
N3_ANCHOR_REVERSION,NEUTRAL,LONG,2019-06-27 05:25:00+00:00,2019-06-27 05:30:00+00:00,2019-06-27 05:30:00+00:00,2019-06-27 06:05:00+00:00,1.13513,1.13473,1.13573,1.1357199999999998,TARGET,0.0004,1.474999999999671,1.349999999999671,0.5899999999998684
N3_ANCHOR_REVERSION,NEUTRAL,SHORT,2019-06-27 07:20:00+00:00,2019-06-27 07:25:00+00:00,2019-06-27 07:25:00+00:00,2019-06-27 07:25:00+00:00,1.13662,1.13702,1.13602,1.13703,STOP,0.0004,-1.0250000000000536,-1.1500000000000536,-0.41000000000002146
N3_ANCHOR_REVERSION,NEUTRAL,SHORT,2019-06-27 07:35:00+00:00,2019-06-27 07:40:00+00:00,2019-06-27 07:40:00+00:00,2019-06-27 07:40:00+00:00,1.1367,1.1371,1.1361,1.13711,STOP,0.0004,-1.0250000000000536,-1.1500000000000536,-0.41000000000002146
N3_ANCHOR_REVERSION,NEUTRAL,LONG,2019-06-28 11:40:00+00:00,2019-06-28 11:45:00+00:00,2019-06-28 11:45:00+00:00,2019-06-28 11:55:00+00:00,1.13789,1.1374900000000001,1.13849,1.13748,STOP,0.0004,-1.0250000000000536,-1.1500000000000536,-0.41000000000002146
N3_ANCHOR_REVERSION,NEUTRAL,LONG,2019-06-28 12:00:00+00:00,2019-06-28 12:05:00+00:00,2019-06-28 12:05:00+00:00,2019-06-28 12:30:00+00:00,1.13775,1.13735,1.13835,1.13834,TARGET,0.0004,1.474999999999671,1.349999999999671,0.5899999999998684
N3_ANCHOR_REVERSION,NEUTRAL,LONG,2019-06-28 16:55:00+00:00,2019-06-28 17:00:00+00:00,2019-06-28 17:00:00+00:00,2019-06-28 17:00:00+00:00,1.13595,1.13555,1.13655,1.13554,STOP,0.0004,-1.0250000000000536,-1.1500000000000536,-0.41000000000002146
N3_ANCHOR_REVERSION,NEUTRAL,LONG,2019-06-28 17:05:00+00:00,2019-06-28 17:10:00+00:00,2019-06-28 17:10:00+00:00,2019-06-28 17:50:00+00:00,1.13619,1.13579,1.13679,1.13678,TARGET,0.0004,1.474999999999671,1.349999999999671,0.5899999999998684
N3_ANCHOR_REVERSION,NEUTRAL,LONG,2019-07-01 18:00:00+00:00,2019-07-01 18:05:00+00:00,2019-07-01 18:05:00+00:00,2019-07-01 22:25:00+00:00,1.12843,1.12803,1.12903,1.12802,STOP,0.0004,-1.0250000000000536,-1.1500000000000536,-0.41000000000002146
N3_ANCHOR_REVERSION,NEUTRAL,LONG,2019-07-01 22:40:00+00:00,2019-07-01 22:45:00+00:00,2019-07-01 22:45:00+00:00,2019-07-02 02:15:00+00:00,1.12853,1.12813,1.12913,1.12812,STOP,0.0004,-1.0250000000000536,-1.1500000000000536,-0.41000000000002146
N3_ANCHOR_REVERSION,NEUTRAL,LONG,2019-07-02 02:50:00+00:00,2019-07-02 02:55:00+00:00,2019-07-02 02:55:00+00:00,2019-07-02 04:45:00+00:00,1.12798,1.12758,1.12858,1.1285699999999999,TARGET,0.0004,1.474999999999671,1.349999999999671,0.5899999999998684
N3_ANCHOR_REVERSION,NEUTRAL,SHORT,2019-07-02 05:05:00+00:00,2019-07-02 05:10:00+00:00,2019-07-02 05:10:00+00:00,2019-07-02 05:10:00+00:00,1.12883,1.12923,1.12823,1.12924,STOP,0.0004,-1.0250000000000536,-1.1500000000000536,-0.41000000000002146
N3_ANCHOR_REVERSION,NEUTRAL,SHORT,2019-07-02 05:15:00+00:00,2019-07-02 05:20:00+00:00,2019-07-02 05:20:00+00:00,2019-07-02 06:10:00+00:00,1.129,1.1294,1.1284,1.12941,STOP,0.0004,-1.0250000000000536,-1.1500000000000536,-0.41000000000002146
N3_ANCHOR_REVERSION,NEUTRAL,SHORT,2019-07-02 06:20:00+00:00,2019-07-02 06:25:00+00:00,2019-07-02 06:25:00+00:00,2019-07-02 07:10:00+00:00,1.12934,1.12974,1.12874,1.12975,STOP,0.0004,-1.0250000000000536,-1.1500000000000536,-0.41000000000002146
N3_ANCHOR_REVERSION,NEUTRAL,SHORT,2019-07-03 00:50:00+00:00,2019-07-03 00:55:00+00:00,2019-07-03 00:55:00+00:00,2019-07-03 05:20:00+00:00,1.12924,1.12964,1.12864,1.1286500000000002,TARGET,0.0004,1.474999999999671,1.349999999999671,0.5899999999998684
N3_ANCHOR_REVERSION,NEUTRAL,LONG,2019-07-03 20:55:00+00:00,2019-07-03 21:00:00+00:00,2019-07-03 21:00:00+00:00,2019-07-03 22:20:00+00:00,1.12785,1.12745,1.12845,1.1284399999999999,TARGET,0.0004,1.474999999999671,1.349999999999671,0.5899999999998684
N3_ANCHOR_REVERSION,NEUTRAL,SHORT,2019-07-03 23:25:00+00:00,2019-07-03 23:30:00+00:00,2019-07-03 23:30:00+00:00,2019-07-04 01:35:00+00:00,1.1287099999999999,1.1291099999999998,1.12811,1.12912,STOP,0.0004,-1.0250000000000536,-1.1500000000000536,-0.41000000000002146
N3_ANCHOR_REVERSION,NEUTRAL,SHORT,2019-07-04 02:00:00+00:00,2019-07-04 02:05:00+00:00,2019-07-04 02:05:00+00:00,2019-07-04 02:25:00+00:00,1.12926,1.1296599999999999,1.12866,1.12867,TARGET,0.0004,1.474999999999671,1.349999999999671,0.5899999999998684
N3_ANCHOR_REVERSION,NEUTRAL,LONG,2019-07-04 05:50:00+00:00,2019-07-04 05:55:00+00:00,2019-07-04 05:55:00+00:00,2019-07-04 07:20:00+00:00,1.12839,1.12799,1.12899,1.12798,STOP,0.0004,-1.0250000000000536,-1.1500000000000536,-0.41000000000002146
N3_ANCHOR_REVERSION,NEUTRAL,LONG,2019-07-05 07:55:00+00:00,2019-07-05 08:00:00+00:00,2019-07-05 08:00:00+00:00,2019-07-05 08:00:00+00:00,1.12683,1.12643,1.12743,1.12642,STOP,0.0004,-1.0250000000000536,-1.1500000000000536,-0.41000000000002146
N3_ANCHOR_REVERSION,NEUTRAL,LONG,2019-07-05 08:25:00+00:00,2019-07-05 08:30:00+00:00,2019-07-05 08:30:00+00:00,2019-07-05 08:55:00+00:00,1.12656,1.12616,1.12716,1.12615,STOP,0.0004,-1.0250000000000536,-1.1500000000000536,-0.41000000000002146
N3_ANCHOR_REVERSION,NEUTRAL,LONG,2019-07-05 09:45:00+00:00,2019-07-05 09:50:00+00:00,2019-07-05 09:50:00+00:00,2019-07-05 10:30:00+00:00,1.1261700000000001,1.1257700000000002,1.12677,1.12676,TARGET,0.0004,1.474999999999671,1.349999999999671,0.5899999999998684
N3_ANCHOR_REVERSION,NEUTRAL,LONG,2019-07-05 12:45:00+00:00,2019-07-05 12:50:00+00:00,2019-07-05 12:50:00+00:00,2019-07-05 13:00:00+00:00,1.12443,1.12403,1.12503,1.12402,STOP,0.0004,-1.0250000000000536,-1.1500000000000536,-0.41000000000002146
N3_ANCHOR_REVERSION,NEUTRAL,SHORT,2019-07-07 22:00:00+00:00,2019-07-07 22:05:00+00:00,2019-07-07 22:05:00+00:00,2019-07-08 00:50:00+00:00,1.12265,1.1230499999999999,1.12205,1.12206,TARGET,0.0004,1.474999999999671,1.349999999999671,0.5899999999998684
N3_ANCHOR_REVERSION,NEUTRAL,SHORT,2019-07-11 04:55:00+00:00,2019-07-11 05:00:00+00:00,2019-07-11 05:00:00+00:00,2019-07-11 05:00:00+00:00,1.1275499999999998,1.1279499999999998,1.12695,1.1279599999999999,STOP,0.0004,-1.0250000000000536,-1.1500000000000536,-0.41000000000002146
N3_ANCHOR_REVERSION,NEUTRAL,LONG,2019-07-11 06:30:00+00:00,2019-07-11 06:35:00+00:00,2019-07-11 06:35:00+00:00,2019-07-11 07:50:00+00:00,1.12694,1.12654,1.12754,1.12753,TARGET,0.0004,1.474999999999671,1.349999999999671,0.5899999999998684
N3_ANCHOR_REVERSION,NEUTRAL,LONG,2019-07-12 00:00:00+00:00,2019-07-12 00:05:00+00:00,2019-07-12 00:05:00+00:00,2019-07-12 00:55:00+00:00,1.12531,1.12491,1.12591,1.1259,TARGET,0.0004,1.474999999999671,1.349999999999671,0.5899999999998684
N3_ANCHOR_REVERSION,NEUTRAL,SHORT,2019-07-12 01:15:00+00:00,2019-07-12 01:20:00+00:00,2019-07-12 01:20:00+00:00,2019-07-12 01:25:00+00:00,1.1258,1.1261999999999999,1.1252,1.12621,STOP,0.0004,-1.0250000000000536,-1.1500000000000536,-0.41000000000002146
N3_ANCHOR_REVERSION,NEUTRAL,SHORT,2019-07-12 01:25:00+00:00,2019-07-12 01:30:00+00:00,2019-07-12 01:30:00+00:00,2019-07-12 01:40:00+00:00,1.126,1.1263999999999998,1.1254,1.12641,STOP,0.0004,-1.0250000000000536,-1.1500000000000536,-0.41000000000002146
N3_ANCHOR_REVERSION,NEUTRAL,SHORT,2019-07-12 03:25:00+00:00,2019-07-12 03:30:00+00:00,2019-07-12 03:30:00+00:00,2019-07-12 03:50:00+00:00,1.12669,1.12709,1.12609,1.1271,STOP,0.0004,-1.0250000000000536,-1.1500000000000536,-0.41000000000002146
N3_ANCHOR_REVERSION,NEUTRAL,LONG,2019-07-15 01:45:00+00:00,2019-07-15 01:50:00+00:00,2019-07-15 01:50:00+00:00,2019-07-15 04:00:00+00:00,1.12676,1.12636,1.12736,1.1273499999999999,TARGET,0.0004,1.474999999999671,1.349999999999671,0.5899999999998684
N3_ANCHOR_REVERSION,NEUTRAL,SHORT,2019-07-15 22:50:00+00:00,2019-07-15 22:55:00+00:00,2019-07-15 22:55:00+00:00,2019-07-16 06:40:00+00:00,1.12611,1.12651,1.12551,1.12552,TARGET,0.0004,1.474999999999671,1.349999999999671,0.5899999999998684
N3_ANCHOR_REVERSION,NEUTRAL,LONG,2019-07-17 19:05:00+00:00,2019-07-17 19:10:00+00:00,2019-07-17 19:10:00+00:00,2019-07-17 21:25:00+00:00,1.12216,1.12176,1.12276,1.12275,TARGET,0.0004,1.474999999999671,1.349999999999671,0.5899999999998684
N3_ANCHOR_REVERSION,NEUTRAL,SHORT,2019-07-17 21:55:00+00:00,2019-07-17 22:00:00+00:00,2019-07-17 22:00:00+00:00,2019-07-18 00:45:00+00:00,1.1227,1.1231,1.1221,1.12311,STOP,0.0004,-1.0250000000000536,-1.1500000000000536,-0.41000000000002146
N3_ANCHOR_REVERSION,NEUTRAL,SHORT,2019-07-18 02:45:00+00:00,2019-07-18 02:50:00+00:00,2019-07-18 02:50:00+00:00,2019-07-18 03:05:00+00:00,1.12363,1.1240299999999999,1.12303,1.12404,STOP,0.0004,-1.0250000000000536,-1.1500000000000536,-0.41000000000002146
N3_ANCHOR_REVERSION,NEUTRAL,SHORT,2019-07-18 03:55:00+00:00,2019-07-18 04:00:00+00:00,2019-07-18 04:00:00+00:00,2019-07-18 06:05:00+00:00,1.12392,1.12432,1.12332,1.12433,STOP,0.0004,-1.0250000000000536,-1.1500000000000536,-0.41000000000002146
N3_ANCHOR_REVERSION,NEUTRAL,LONG,2019-07-18 12:35:00+00:00,2019-07-18 12:40:00+00:00,2019-07-18 12:40:00+00:00,2019-07-18 12:40:00+00:00,1.12168,1.12128,1.12228,1.12127,STOP,0.0004,-1.0250000000000536,-1.1500000000000536,-0.41000000000002146
N3_ANCHOR_REVERSION,NEUTRAL,SHORT,2019-07-18 18:25:00+00:00,2019-07-18 18:30:00+00:00,2019-07-18 18:30:00+00:00,2019-07-18 18:30:00+00:00,1.1254,1.1258,1.1248,1.12581,STOP,0.0004,-1.0250000000000536,-1.1500000000000536,-0.41000000000002146
N3_ANCHOR_REVERSION,NEUTRAL,LONG,2019-07-19 18:15:00+00:00,2019-07-19 18:20:00+00:00,2019-07-19 18:20:00+00:00,2019-07-19 18:25:00+00:00,1.12101,1.12061,1.12161,1.1216,TARGET,0.0004,1.474999999999671,1.349999999999671,0.5899999999998684
N3_ANCHOR_REVERSION,NEUTRAL,LONG,2019-07-19 18:25:00+00:00,2019-07-19 18:30:00+00:00,2019-07-19 18:30:00+00:00,2019-07-19 18:30:00+00:00,1.12164,1.12124,1.12224,1.12123,STOP,0.0004,-1.0250000000000536,-1.1500000000000536,-0.41000000000002146
N3_ANCHOR_REVERSION,NEUTRAL,LONG,2019-07-19 18:35:00+00:00,2019-07-19 18:40:00+00:00,2019-07-19 18:40:00+00:00,2019-07-19 18:55:00+00:00,1.1215600000000001,1.1211600000000002,1.12216,1.12215,TARGET,0.0004,1.474999999999671,1.349999999999671,0.5899999999998684
N3_ANCHOR_REVERSION,NEUTRAL,LONG,2019-07-23 03:50:00+00:00,2019-07-23 03:55:00+00:00,2019-07-23 03:55:00+00:00,2019-07-23 04:40:00+00:00,1.1194300000000001,1.1190300000000002,1.12003,1.1190200000000001,STOP,0.0004,-1.0250000000000536,-1.1500000000000536,-0.41000000000002146
N3_ANCHOR_REVERSION,NEUTRAL,LONG,2019-07-23 04:45:00+00:00,2019-07-23 04:50:00+00:00,2019-07-23 04:50:00+00:00,2019-07-23 06:15:00+00:00,1.11924,1.11884,1.11984,1.11883,STOP,0.0004,-1.0250000000000536,-1.1500000000000536,-0.41000000000002146
N3_ANCHOR_REVERSION,NEUTRAL,LONG,2019-07-23 06:55:00+00:00,2019-07-23 07:00:00+00:00,2019-07-23 07:00:00+00:00,2019-07-23 07:00:00+00:00,1.1190200000000001,1.1186200000000002,1.11962,1.11861,STOP,0.0004,-1.0250000000000536,-1.1500000000000536,-0.41000000000002146
N3_ANCHOR_REVERSION,NEUTRAL,LONG,2019-07-23 08:50:00+00:00,2019-07-23 08:55:00+00:00,2019-07-23 08:55:00+00:00,2019-07-23 09:10:00+00:00,1.1185,1.1181,1.1191,1.11809,STOP,0.0004,-1.0250000000000536,-1.1500000000000536,-0.41000000000002146
N3_ANCHOR_REVERSION,NEUTRAL,LONG,2019-07-24 00:05:00+00:00,2019-07-24 00:10:00+00:00,2019-07-24 00:10:00+00:00,2019-07-24 00:35:00+00:00,1.1148200000000001,1.1144200000000002,1.11542,1.1144100000000001,STOP,0.0004,-1.0250000000000536,-1.1500000000000536,-0.41000000000002146
N3_ANCHOR_REVERSION,NEUTRAL,LONG,2019-07-24 00:45:00+00:00,2019-07-24 00:50:00+00:00,2019-07-24 00:50:00+00:00,2019-07-24 01:40:00+00:00,1.11473,1.11433,1.11533,1.11432,STOP,0.0004,-1.0250000000000536,-1.1500000000000536,-0.41000000000002146
N3_ANCHOR_REVERSION,NEUTRAL,LONG,2019-07-24 18:05:00+00:00,2019-07-24 18:10:00+00:00,2019-07-24 18:10:00+00:00,2019-07-24 18:55:00+00:00,1.11393,1.1135300000000001,1.11453,1.11352,STOP,0.0004,-1.0250000000000536,-1.1500000000000536,-0.41000000000002146
N3_ANCHOR_REVERSION,NEUTRAL,LONG,2019-07-24 19:15:00+00:00,2019-07-24 19:20:00+00:00,2019-07-24 19:20:00+00:00,2019-07-24 21:00:00+00:00,1.1134700000000002,1.1130700000000002,1.1140700000000001,1.11406,TARGET,0.0004,1.474999999999671,1.349999999999671,0.5899999999998684
N3_ANCHOR_REVERSION,NEUTRAL,SHORT,2019-07-26 00:40:00+00:00,2019-07-26 00:45:00+00:00,2019-07-26 00:45:00+00:00,2019-07-26 06:30:00+00:00,1.11479,1.11519,1.11419,1.1142,TARGET,0.0004,1.474999999999671,1.349999999999671,0.5899999999998684
N3_ANCHOR_REVERSION,NEUTRAL,SHORT,2019-07-29 17:50:00+00:00,2019-07-29 17:55:00+00:00,2019-07-29 17:55:00+00:00,2019-07-29 18:55:00+00:00,1.11414,1.1145399999999999,1.11354,1.11455,STOP,0.0004,-1.0250000000000536,-1.1500000000000536,-0.41000000000002146
N3_ANCHOR_REVERSION,NEUTRAL,SHORT,2019-07-29 19:05:00+00:00,2019-07-29 19:10:00+00:00,2019-07-29 19:10:00+00:00,2019-07-29 19:25:00+00:00,1.1145399999999999,1.1149399999999998,1.11394,1.1149499999999999,STOP,0.0004,-1.0250000000000536,-1.1500000000000536,-0.41000000000002146
N3_ANCHOR_REVERSION,NEUTRAL,LONG,2019-07-30 00:00:00+00:00,2019-07-30 00:05:00+00:00,2019-07-30 00:05:00+00:00,2019-07-30 01:05:00+00:00,1.11436,1.11396,1.11496,1.11395,STOP,0.0004,-1.0250000000000536,-1.1500000000000536,-0.41000000000002146
N3_ANCHOR_REVERSION,NEUTRAL,LONG,2019-07-30 01:20:00+00:00,2019-07-30 01:25:00+00:00,2019-07-30 01:25:00+00:00,2019-07-30 01:30:00+00:00,1.11405,1.11365,1.11465,1.11364,STOP,0.0004,-1.0250000000000536,-1.1500000000000536,-0.41000000000002146
N3_ANCHOR_REVERSION,NEUTRAL,LONG,2019-07-30 01:35:00+00:00,2019-07-30 01:40:00+00:00,2019-07-30 01:40:00+00:00,2019-07-30 05:30:00+00:00,1.11395,1.11355,1.11455,1.11354,STOP,0.0004,-1.0250000000000536,-1.1500000000000536,-0.41000000000002146
N3_ANCHOR_REVERSION,NEUTRAL,LONG,2019-07-31 18:10:00+00:00,2019-07-31 18:15:00+00:00,2019-07-31 18:15:00+00:00,2019-07-31 18:15:00+00:00,1.1122,1.1118000000000001,1.1128,1.11179,STOP,0.0004,-1.0250000000000536,-1.1500000000000536,-0.41000000000002146
N3_ANCHOR_REVERSION,NEUTRAL,LONG,2019-07-31 18:25:00+00:00,2019-07-31 18:30:00+00:00,2019-07-31 18:30:00+00:00,2019-07-31 18:30:00+00:00,1.1111600000000001,1.1107600000000002,1.11176,1.1107500000000001,STOP,0.0004,-1.0250000000000536,-1.1500000000000536,-0.41000000000002146
N3_ANCHOR_REVERSION,NEUTRAL,LONG,2019-07-31 18:40:00+00:00,2019-07-31 18:45:00+00:00,2019-07-31 18:45:00+00:00,2019-07-31 18:45:00+00:00,1.1093000000000002,1.1089000000000002,1.1099,1.1088900000000002,STOP,0.0004,-1.0250000000000536,-1.1500000000000536,-0.41000000000002146
N3_ANCHOR_REVERSION,NEUTRAL,LONG,2019-07-31 18:50:00+00:00,2019-07-31 18:55:00+00:00,2019-07-31 18:55:00+00:00,2019-07-31 18:55:00+00:00,1.1074700000000002,1.1070700000000002,1.10807,1.10806,TARGET,0.0004,1.474999999999671,1.349999999999671,0.5899999999998684
N3_ANCHOR_REVERSION,NEUTRAL,LONG,2019-08-01 08:00:00+00:00,2019-08-01 08:05:00+00:00,2019-08-01 08:05:00+00:00,2019-08-01 08:30:00+00:00,1.1038100000000002,1.1034100000000002,1.1044100000000001,1.1044,TARGET,0.0004,1.474999999999671,1.349999999999671,0.5899999999998684
N3_ANCHOR_REVERSION,NEUTRAL,LONG,2019-08-01 11:10:00+00:00,2019-08-01 11:15:00+00:00,2019-08-01 11:15:00+00:00,2019-08-01 11:30:00+00:00,1.10311,1.10271,1.10371,1.1037,TARGET,0.0004,1.474999999999671,1.349999999999671,0.5899999999998684
N3_ANCHOR_REVERSION,NEUTRAL,SHORT,2019-08-02 06:25:00+00:00,2019-08-02 06:30:00+00:00,2019-08-02 06:30:00+00:00,2019-08-02 07:20:00+00:00,1.10862,1.10902,1.10802,1.10903,STOP,0.0004,-1.0250000000000536,-1.1500000000000536,-0.41000000000002146
N3_ANCHOR_REVERSION,NEUTRAL,LONG,2019-08-13 19:00:00+00:00,2019-08-13 19:05:00+00:00,2019-08-13 19:05:00+00:00,2019-08-13 21:00:00+00:00,1.11745,1.11705,1.11805,1.11704,STOP,0.0004,-1.0250000000000536,-1.1500000000000536,-0.41000000000002146
N3_ANCHOR_REVERSION,NEUTRAL,LONG,2019-08-13 21:50:00+00:00,2019-08-13 21:55:00+00:00,2019-08-13 21:55:00+00:00,2019-08-14 01:00:00+00:00,1.1172900000000001,1.1168900000000002,1.11789,1.11788,TARGET,0.0004,1.474999999999671,1.349999999999671,0.5899999999998684
N3_ANCHOR_REVERSION,NEUTRAL,LONG,2019-08-14 05:20:00+00:00,2019-08-14 05:25:00+00:00,2019-08-14 05:25:00+00:00,2019-08-14 06:35:00+00:00,1.11683,1.11643,1.11743,1.1174199999999999,TARGET,0.0004,1.474999999999671,1.349999999999671,0.5899999999998684
N3_ANCHOR_REVERSION,NEUTRAL,LONG,2019-08-14 17:45:00+00:00,2019-08-14 17:50:00+00:00,2019-08-14 17:50:00+00:00,2019-08-14 18:10:00+00:00,1.1144,1.114,1.115,1.11399,STOP,0.0004,-1.0250000000000536,-1.1500000000000536,-0.41000000000002146
N3_ANCHOR_REVERSION,NEUTRAL,LONG,2019-08-14 18:40:00+00:00,2019-08-14 18:45:00+00:00,2019-08-14 18:45:00+00:00,2019-08-14 19:00:00+00:00,1.11368,1.11328,1.11428,1.11327,STOP,0.0004,-1.0250000000000536,-1.1500000000000536,-0.41000000000002146
N3_ANCHOR_REVERSION,NEUTRAL,LONG,2019-08-14 19:05:00+00:00,2019-08-14 19:10:00+00:00,2019-08-14 19:10:00+00:00,2019-08-14 19:30:00+00:00,1.11348,1.11308,1.11408,1.11407,TARGET,0.0004,1.474999999999671,1.349999999999671,0.5899999999998684
N3_ANCHOR_REVERSION,NEUTRAL,SHORT,2019-08-15 04:00:00+00:00,2019-08-15 04:05:00+00:00,2019-08-15 04:05:00+00:00,2019-08-15 04:45:00+00:00,1.11468,1.1150799999999998,1.11408,1.11509,STOP,0.0004,-1.0250000000000536,-1.1500000000000536,-0.41000000000002146
N3_ANCHOR_REVERSION,NEUTRAL,SHORT,2019-08-15 05:00:00+00:00,2019-08-15 05:05:00+00:00,2019-08-15 05:05:00+00:00,2019-08-15 06:00:00+00:00,1.1149,1.1153,1.1143,1.11531,STOP,0.0004,-1.0250000000000536,-1.1500000000000536,-0.41000000000002146
N3_ANCHOR_REVERSION,NEUTRAL,LONG,2019-08-15 17:25:00+00:00,2019-08-15 17:30:00+00:00,2019-08-15 17:30:00+00:00,2019-08-15 17:45:00+00:00,1.11039,1.10999,1.11099,1.1109799999999999,TARGET,0.0004,1.474999999999671,1.349999999999671,0.5899999999998684
N3_ANCHOR_REVERSION,NEUTRAL,LONG,2019-08-15 21:10:00+00:00,2019-08-15 21:15:00+00:00,2019-08-15 21:15:00+00:00,2019-08-15 21:55:00+00:00,1.11074,1.11034,1.11134,1.11033,STOP,0.0004,-1.0250000000000536,-1.1500000000000536,-0.41000000000002146
N3_ANCHOR_REVERSION,NEUTRAL,LONG,2019-08-16 00:45:00+00:00,2019-08-16 00:50:00+00:00,2019-08-16 00:50:00+00:00,2019-08-16 01:10:00+00:00,1.1103,1.1099,1.1109,1.10989,STOP,0.0004,-1.0250000000000536,-1.1500000000000536,-0.41000000000002146
N3_ANCHOR_REVERSION,NEUTRAL,LONG,2019-08-16 01:40:00+00:00,2019-08-16 01:45:00+00:00,2019-08-16 01:45:00+00:00,2019-08-16 02:25:00+00:00,1.11005,1.10965,1.11065,1.10964,STOP,0.0004,-1.0250000000000536,-1.1500000000000536,-0.41000000000002146
N3_ANCHOR_REVERSION,NEUTRAL,LONG,2019-08-16 02:45:00+00:00,2019-08-16 02:50:00+00:00,2019-08-16 02:50:00+00:00,2019-08-16 05:55:00+00:00,1.10988,1.10948,1.11048,1.1104699999999998,TARGET,0.0004,1.474999999999671,1.349999999999671,0.5899999999998684
N3_ANCHOR_REVERSION,NEUTRAL,SHORT,2019-08-16 14:25:00+00:00,2019-08-16 14:30:00+00:00,2019-08-16 14:30:00+00:00,2019-08-16 14:35:00+00:00,1.10892,1.1093199999999999,1.10832,1.10933,STOP,0.0004,-1.0250000000000536,-1.1500000000000536,-0.41000000000002146
N3_ANCHOR_REVERSION,NEUTRAL,SHORT,2019-08-18 22:15:00+00:00,2019-08-18 22:20:00+00:00,2019-08-18 22:20:00+00:00,2019-08-18 23:25:00+00:00,1.10985,1.11025,1.10925,1.1092600000000001,TARGET,0.0004,1.474999999999671,1.349999999999671,0.5899999999998684
N3_ANCHOR_REVERSION,NEUTRAL,LONG,2019-08-19 00:30:00+00:00,2019-08-19 00:35:00+00:00,2019-08-19 00:35:00+00:00,2019-08-19 07:00:00+00:00,1.1089600000000002,1.1085600000000002,1.10956,1.10955,TARGET,0.0004,1.474999999999671,1.349999999999671,0.5899999999998684
N3_ANCHOR_REVERSION,NEUTRAL,LONG,2019-08-19 19:00:00+00:00,2019-08-19 19:05:00+00:00,2019-08-19 19:05:00+00:00,2019-08-19 19:35:00+00:00,1.1083800000000001,1.1079800000000002,1.10898,1.1079700000000001,STOP,0.0004,-1.0250000000000536,-1.1500000000000536,-0.41000000000002146
N3_ANCHOR_REVERSION,NEUTRAL,LONG,2019-08-19 20:45:00+00:00,2019-08-19 20:50:00+00:00,2019-08-19 20:50:00+00:00,2019-08-20 00:10:00+00:00,1.10802,1.10762,1.10862,1.1086099999999999,TARGET,0.0004,1.474999999999671,1.349999999999671,0.5899999999998684
N3_ANCHOR_REVERSION,NEUTRAL,SHORT,2019-08-20 01:40:00+00:00,2019-08-20 01:45:00+00:00,2019-08-20 01:45:00+00:00,2019-08-20 06:20:00+00:00,1.10862,1.10902,1.10802,1.10803,TARGET,0.0004,1.474999999999671,1.349999999999671,0.5899999999998684
N3_ANCHOR_REVERSION,NEUTRAL,LONG,2019-08-20 06:35:00+00:00,2019-08-20 06:40:00+00:00,2019-08-20 06:40:00+00:00,2019-08-20 07:10:00+00:00,1.10782,1.10742,1.10842,1.10741,STOP,0.0004,-1.0250000000000536,-1.1500000000000536,-0.41000000000002146
N3_ANCHOR_REVERSION,NEUTRAL,LONG,2019-08-20 08:00:00+00:00,2019-08-20 08:05:00+00:00,2019-08-20 08:05:00+00:00,2019-08-20 09:05:00+00:00,1.10745,1.10705,1.10805,1.10804,TARGET,0.0004,1.474999999999671,1.349999999999671,0.5899999999998684
N3_ANCHOR_REVERSION,NEUTRAL,SHORT,2019-08-20 16:50:00+00:00,2019-08-20 16:55:00+00:00,2019-08-20 16:55:00+00:00,2019-08-20 17:30:00+00:00,1.1097599999999999,1.1101599999999998,1.10916,1.1101699999999999,STOP,0.0004,-1.0250000000000536,-1.1500000000000536,-0.41000000000002146
N3_ANCHOR_REVERSION,NEUTRAL,LONG,2019-08-21 00:20:00+00:00,2019-08-21 00:25:00+00:00,2019-08-21 00:25:00+00:00,2019-08-21 00:50:00+00:00,1.10962,1.10922,1.11022,1.10921,STOP,0.0004,-1.0250000000000536,-1.1500000000000536,-0.41000000000002146
N3_ANCHOR_REVERSION,NEUTRAL,LONG,2019-08-21 00:50:00+00:00,2019-08-21 00:55:00+00:00,2019-08-21 00:55:00+00:00,2019-08-21 02:00:00+00:00,1.1094300000000001,1.1090300000000002,1.11003,1.11002,TARGET,0.0004,1.474999999999671,1.349999999999671,0.5899999999998684
N3_ANCHOR_REVERSION,NEUTRAL,SHORT,2019-08-21 02:20:00+00:00,2019-08-21 02:25:00+00:00,2019-08-21 02:25:00+00:00,2019-08-21 04:35:00+00:00,1.1100299999999999,1.1104299999999998,1.10943,1.10944,TARGET,0.0004,1.474999999999671,1.349999999999671,0.5899999999998684
N3_ANCHOR_REVERSION,NEUTRAL,LONG,2019-08-21 04:55:00+00:00,2019-08-21 05:00:00+00:00,2019-08-21 05:00:00+00:00,2019-08-21 06:55:00+00:00,1.10945,1.10905,1.11005,1.10904,STOP,0.0004,-1.0250000000000536,-1.1500000000000536,-0.41000000000002146
N3_ANCHOR_REVERSION,NEUTRAL,SHORT,2019-08-22 07:45:00+00:00,2019-08-22 07:50:00+00:00,2019-08-22 07:50:00+00:00,2019-08-22 07:55:00+00:00,1.11022,1.11062,1.10962,1.11063,STOP,0.0004,-1.0250000000000536,-1.1500000000000536,-0.41000000000002146
N3_ANCHOR_REVERSION,NEUTRAL,LONG,2019-08-22 09:40:00+00:00,2019-08-22 09:45:00+00:00,2019-08-22 09:45:00+00:00,2019-08-22 09:45:00+00:00,1.10817,1.1077700000000001,1.10877,1.10776,STOP,0.0004,-1.0250000000000536,-1.1500000000000536,-0.41000000000002146
N3_ANCHOR_REVERSION,NEUTRAL,LONG,2019-08-22 11:05:00+00:00,2019-08-22 11:10:00+00:00,2019-08-22 11:10:00+00:00,2019-08-22 11:20:00+00:00,1.10697,1.10657,1.10757,1.1075599999999999,TARGET,0.0004,1.474999999999671,1.349999999999671,0.5899999999998684
N3_ANCHOR_REVERSION,NEUTRAL,SHORT,2019-08-22 23:40:00+00:00,2019-08-22 23:45:00+00:00,2019-08-22 23:45:00+00:00,2019-08-23 01:20:00+00:00,1.10841,1.1088099999999999,1.10781,1.10782,TARGET,0.0004,1.474999999999671,1.349999999999671,0.5899999999998684
N3_ANCHOR_REVERSION,NEUTRAL,SHORT,2019-08-23 19:00:00+00:00,2019-08-23 19:05:00+00:00,2019-08-23 19:05:00+00:00,2019-08-23 19:10:00+00:00,1.1144999999999998,1.1148999999999998,1.1139,1.1149099999999998,STOP,0.0004,-1.0250000000000536,-1.1500000000000536,-0.41000000000002146
N3_ANCHOR_REVERSION,NEUTRAL,SHORT,2019-08-25 22:20:00+00:00,2019-08-25 22:25:00+00:00,2019-08-25 22:25:00+00:00,2019-08-25 22:25:00+00:00,1.11507,1.11547,1.11447,1.11548,STOP,0.0004,-1.0250000000000536,-1.1500000000000536,-0.41000000000002146
N3_ANCHOR_REVERSION,NEUTRAL,SHORT,2019-08-25 22:35:00+00:00,2019-08-25 22:40:00+00:00,2019-08-25 22:40:00+00:00,2019-08-25 23:00:00+00:00,1.11577,1.1161699999999999,1.11517,1.11518,TARGET,0.0004,1.474999999999671,1.349999999999671,0.5899999999998684
N3_ANCHOR_REVERSION,NEUTRAL,LONG,2019-08-26 00:30:00+00:00,2019-08-26 00:35:00+00:00,2019-08-26 00:35:00+00:00,2019-08-26 01:45:00+00:00,1.11399,1.11359,1.11459,1.11458,TARGET,0.0004,1.474999999999671,1.349999999999671,0.5899999999998684
N3_ANCHOR_REVERSION,NEUTRAL,LONG,2019-08-28 18:50:00+00:00,2019-08-28 18:55:00+00:00,2019-08-28 18:55:00+00:00,2019-08-28 19:15:00+00:00,1.10796,1.10756,1.10856,1.10755,STOP,0.0004,-1.0250000000000536,-1.1500000000000536,-0.41000000000002146
N3_ANCHOR_REVERSION,NEUTRAL,LONG,2019-08-28 19:20:00+00:00,2019-08-28 19:25:00+00:00,2019-08-28 19:25:00+00:00,2019-08-28 19:55:00+00:00,1.1079,1.1075000000000002,1.1085,1.10749,STOP,0.0004,-1.0250000000000536,-1.1500000000000536,-0.41000000000002146
N3_ANCHOR_REVERSION,NEUTRAL,SHORT,2019-08-28 23:00:00+00:00,2019-08-28 23:05:00+00:00,2019-08-28 23:05:00+00:00,2019-08-29 00:45:00+00:00,1.1083399999999999,1.1087399999999998,1.10774,1.10875,STOP,0.0004,-1.0250000000000536,-1.1500000000000536,-0.41000000000002146
N3_ANCHOR_REVERSION,NEUTRAL,SHORT,2019-08-29 00:50:00+00:00,2019-08-29 00:55:00+00:00,2019-08-29 00:55:00+00:00,2019-08-29 07:00:00+00:00,1.10853,1.10893,1.10793,1.1079400000000001,TARGET,0.0004,1.474999999999671,1.349999999999671,0.5899999999998684
N3_ANCHOR_REVERSION,NEUTRAL,LONG,2019-08-29 16:50:00+00:00,2019-08-29 16:55:00+00:00,2019-08-29 16:55:00+00:00,2019-08-29 17:00:00+00:00,1.10531,1.10491,1.10591,1.1049,STOP,0.0004,-1.0250000000000536,-1.1500000000000536,-0.41000000000002146
N3_ANCHOR_REVERSION,NEUTRAL,LONG,2019-08-29 17:10:00+00:00,2019-08-29 17:15:00+00:00,2019-08-29 17:15:00+00:00,2019-08-29 17:40:00+00:00,1.1047900000000002,1.1043900000000002,1.10539,1.10538,TARGET,0.0004,1.474999999999671,1.349999999999671,0.5899999999998684
N3_ANCHOR_REVERSION,NEUTRAL,SHORT,2019-08-29 23:35:00+00:00,2019-08-29 23:40:00+00:00,2019-08-29 23:40:00+00:00,2019-08-30 00:55:00+00:00,1.10592,1.10632,1.10532,1.1053300000000001,TARGET,0.0004,1.474999999999671,1.349999999999671,0.5899999999998684
N3_ANCHOR_REVERSION,NEUTRAL,LONG,2019-08-30 00:55:00+00:00,2019-08-30 01:00:00+00:00,2019-08-30 01:00:00+00:00,2019-08-30 01:05:00+00:00,1.10546,1.1050600000000002,1.10606,1.10505,STOP,0.0004,-1.0250000000000536,-1.1500000000000536,-0.41000000000002146
N3_ANCHOR_REVERSION,NEUTRAL,LONG,2019-08-30 01:40:00+00:00,2019-08-30 01:45:00+00:00,2019-08-30 01:45:00+00:00,2019-08-30 02:35:00+00:00,1.1049300000000002,1.1045300000000002,1.1055300000000001,1.1045200000000002,STOP,0.0004,-1.0250000000000536,-1.1500000000000536,-0.41000000000002146
N3_ANCHOR_REVERSION,NEUTRAL,SHORT,2019-09-03 18:25:00+00:00,2019-09-03 18:30:00+00:00,2019-09-03 18:30:00+00:00,2019-09-03 18:55:00+00:00,1.0971899999999999,1.0975899999999998,1.09659,1.0966,TARGET,0.0004,1.474999999999671,1.349999999999671,0.5899999999998684
N3_ANCHOR_REVERSION,NEUTRAL,SHORT,2019-09-03 20:55:00+00:00,2019-09-03 21:00:00+00:00,2019-09-03 21:00:00+00:00,2019-09-03 21:00:00+00:00,1.0972499999999998,1.0976499999999998,1.09665,1.09766,STOP,0.0004,-1.0250000000006088,-1.1500000000006088,-0.4100000000002435
N3_ANCHOR_REVERSION,NEUTRAL,SHORT,2019-09-03 21:25:00+00:00,2019-09-03 21:30:00+00:00,2019-09-03 21:30:00+00:00,2019-09-04 00:05:00+00:00,1.09738,1.09778,1.09678,1.09779,STOP,0.0004,-1.0250000000000536,-1.1500000000000536,-0.41000000000002146
N3_ANCHOR_REVERSION,NEUTRAL,SHORT,2019-09-04 00:20:00+00:00,2019-09-04 00:25:00+00:00,2019-09-04 00:25:00+00:00,2019-09-04 06:20:00+00:00,1.09765,1.09805,1.09705,1.09806,STOP,0.0004,-1.0250000000000536,-1.1500000000000536,-0.41000000000002146
N3_ANCHOR_REVERSION,NEUTRAL,SHORT,2019-09-04 11:00:00+00:00,2019-09-04 11:05:00+00:00,2019-09-04 11:05:00+00:00,2019-09-04 11:25:00+00:00,1.10151,1.10191,1.10091,1.10192,STOP,0.0004,-1.0250000000000536,-1.1500000000000536,-0.41000000000002146
N3_ANCHOR_REVERSION,NEUTRAL,SHORT,2019-09-04 11:35:00+00:00,2019-09-04 11:40:00+00:00,2019-09-04 11:40:00+00:00,2019-09-04 12:00:00+00:00,1.10119,1.1015899999999998,1.10059,1.1016,STOP,0.0004,-1.0250000000000536,-1.1500000000000536,-0.41000000000002146
N3_ANCHOR_REVERSION,NEUTRAL,SHORT,2019-09-04 12:20:00+00:00,2019-09-04 12:25:00+00:00,2019-09-04 12:25:00+00:00,2019-09-04 12:25:00+00:00,1.10158,1.10198,1.10098,1.10199,STOP,0.0004,-1.0250000000000536,-1.1500000000000536,-0.41000000000002146
N3_ANCHOR_REVERSION,NEUTRAL,SHORT,2019-09-05 00:05:00+00:00,2019-09-05 00:10:00+00:00,2019-09-05 00:10:00+00:00,2019-09-05 01:25:00+00:00,1.10354,1.10394,1.10294,1.10295,TARGET,0.0004,1.474999999999671,1.349999999999671,0.5899999999998684
N3_ANCHOR_REVERSION,NEUTRAL,SHORT,2019-09-05 12:10:00+00:00,2019-09-05 12:15:00+00:00,2019-09-05 12:15:00+00:00,2019-09-05 12:40:00+00:00,1.10571,1.10611,1.10511,1.10612,STOP,0.0004,-1.0250000000000536,-1.1500000000000536,-0.41000000000002146
N3_ANCHOR_REVERSION,NEUTRAL,LONG,2019-09-05 18:55:00+00:00,2019-09-05 19:00:00+00:00,2019-09-05 19:00:00+00:00,2019-09-05 23:50:00+00:00,1.10369,1.10329,1.10429,1.10328,STOP,0.0004,-1.0250000000000536,-1.1500000000000536,-0.41000000000002146
N3_ANCHOR_REVERSION,NEUTRAL,LONG,2019-09-05 23:55:00+00:00,2019-09-06 00:00:00+00:00,2019-09-06 00:00:00+00:00,2019-09-06 00:35:00+00:00,1.10348,1.10308,1.10408,1.10307,STOP,0.0004,-1.0250000000000536,-1.1500000000000536,-0.41000000000002146
N3_ANCHOR_REVERSION,NEUTRAL,LONG,2019-09-06 01:40:00+00:00,2019-09-06 01:45:00+00:00,2019-09-06 01:45:00+00:00,2019-09-06 04:45:00+00:00,1.1031600000000001,1.1027600000000002,1.10376,1.10375,TARGET,0.0004,1.474999999999671,1.349999999999671,0.5899999999998684
N3_ANCHOR_REVERSION,NEUTRAL,SHORT,2019-09-06 05:25:00+00:00,2019-09-06 05:30:00+00:00,2019-09-06 05:30:00+00:00,2019-09-06 05:35:00+00:00,1.10385,1.10425,1.10325,1.10426,STOP,0.0004,-1.0250000000000536,-1.1500000000000536,-0.41000000000002146
N3_ANCHOR_REVERSION,NEUTRAL,SHORT,2019-09-06 05:55:00+00:00,2019-09-06 06:00:00+00:00,2019-09-06 06:00:00+00:00,2019-09-06 07:15:00+00:00,1.10439,1.10479,1.10379,1.1038000000000001,TARGET,0.0004,1.474999999999671,1.349999999999671,0.5899999999998684
N3_ANCHOR_REVERSION,NEUTRAL,LONG,2019-09-08 22:25:00+00:00,2019-09-08 22:30:00+00:00,2019-09-08 22:30:00+00:00,2019-09-08 23:50:00+00:00,1.10253,1.10213,1.10313,1.10212,STOP,0.0004,-1.0250000000000536,-1.1500000000000536,-0.41000000000002146
N3_ANCHOR_REVERSION,NEUTRAL,LONG,2019-09-09 00:05:00+00:00,2019-09-09 00:10:00+00:00,2019-09-09 00:10:00+00:00,2019-09-09 00:45:00+00:00,1.1023100000000001,1.1019100000000002,1.10291,1.1019,STOP,0.0004,-1.0250000000000536,-1.1500000000000536,-0.41000000000002146
N3_ANCHOR_REVERSION,NEUTRAL,LONG,2019-09-09 00:55:00+00:00,2019-09-09 01:00:00+00:00,2019-09-09 01:00:00+00:00,2019-09-09 01:35:00+00:00,1.10182,1.10142,1.10242,1.10241,TARGET,0.0004,1.474999999999671,1.349999999999671,0.5899999999998684
N3_ANCHOR_REVERSION,NEUTRAL,LONG,2019-09-09 19:35:00+00:00,2019-09-09 19:40:00+00:00,2019-09-09 19:40:00+00:00,2019-09-09 20:15:00+00:00,1.10511,1.10471,1.10571,1.1047,STOP,0.0004,-1.0250000000000536,-1.1500000000000536,-0.41000000000002146
N3_ANCHOR_REVERSION,NEUTRAL,LONG,2019-09-10 00:20:00+00:00,2019-09-10 00:25:00+00:00,2019-09-10 00:25:00+00:00,2019-09-10 02:05:00+00:00,1.10446,1.10406,1.10506,1.10405,STOP,0.0004,-1.0250000000000536,-1.1500000000000536,-0.41000000000002146
N3_ANCHOR_REVERSION,NEUTRAL,LONG,2019-09-10 05:00:00+00:00,2019-09-10 05:05:00+00:00,2019-09-10 05:05:00+00:00,2019-09-10 06:50:00+00:00,1.10439,1.10399,1.10499,1.1049799999999999,TARGET,0.0004,1.474999999999671,1.349999999999671,0.5899999999998684
N3_ANCHOR_REVERSION,NEUTRAL,LONG,2019-09-11 09:30:00+00:00,2019-09-11 09:35:00+00:00,2019-09-11 09:35:00+00:00,2019-09-11 09:50:00+00:00,1.1027500000000001,1.1023500000000002,1.10335,1.10234,STOP,0.0004,-1.0250000000000536,-1.1500000000000536,-0.41000000000002146
N3_ANCHOR_REVERSION,NEUTRAL,LONG,2019-09-11 10:00:00+00:00,2019-09-11 10:05:00+00:00,2019-09-11 10:05:00+00:00,2019-09-11 10:05:00+00:00,1.10217,1.1017700000000001,1.10277,1.10176,STOP,0.0004,-1.0250000000000536,-1.1500000000000536,-0.41000000000002146
N3_ANCHOR_REVERSION,NEUTRAL,LONG,2019-09-11 10:40:00+00:00,2019-09-11 10:45:00+00:00,2019-09-11 10:45:00+00:00,2019-09-11 10:50:00+00:00,1.10178,1.10138,1.10238,1.10137,STOP,0.0004,-1.0250000000000536,-1.1500000000000536,-0.41000000000002146
N3_ANCHOR_REVERSION,NEUTRAL,LONG,2019-09-11 11:00:00+00:00,2019-09-11 11:05:00+00:00,2019-09-11 11:05:00+00:00,2019-09-11 11:25:00+00:00,1.10097,1.10057,1.10157,1.10056,STOP,0.0004,-1.0250000000000536,-1.1500000000000536,-0.41000000000002146
N3_ANCHOR_REVERSION,NEUTRAL,LONG,2019-09-12 23:15:00+00:00,2019-09-12 23:20:00+00:00,2019-09-12 23:20:00+00:00,2019-09-13 00:50:00+00:00,1.1058700000000001,1.1054700000000002,1.10647,1.10646,TARGET,0.0004,1.474999999999671,1.349999999999671,0.5899999999998684
N3_ANCHOR_REVERSION,NEUTRAL,SHORT,2019-09-13 03:20:00+00:00,2019-09-13 03:25:00+00:00,2019-09-13 03:25:00+00:00,2019-09-13 03:55:00+00:00,1.10656,1.10696,1.10596,1.10697,STOP,0.0004,-1.0250000000000536,-1.1500000000000536,-0.41000000000002146
N3_ANCHOR_REVERSION,NEUTRAL,SHORT,2019-09-13 04:15:00+00:00,2019-09-13 04:20:00+00:00,2019-09-13 04:20:00+00:00,2019-09-13 06:05:00+00:00,1.107,1.1074,1.1064,1.10741,STOP,0.0004,-1.0250000000000536,-1.1500000000000536,-0.41000000000002146
N3_ANCHOR_REVERSION,NEUTRAL,LONG,2019-09-15 21:45:00+00:00,2019-09-15 21:50:00+00:00,2019-09-15 21:50:00+00:00,2019-09-15 22:55:00+00:00,1.10727,1.10687,1.10787,1.1078599999999998,TARGET,0.0004,1.474999999999671,1.349999999999671,0.5899999999998684
N3_ANCHOR_REVERSION,NEUTRAL,LONG,2019-09-16 12:00:00+00:00,2019-09-16 12:05:00+00:00,2019-09-16 12:05:00+00:00,2019-09-16 12:10:00+00:00,1.1034700000000002,1.1030700000000002,1.10407,1.1030600000000002,STOP,0.0004,-1.0250000000000536,-1.1500000000000536,-0.41000000000002146
N3_ANCHOR_REVERSION,NEUTRAL,LONG,2019-09-16 12:20:00+00:00,2019-09-16 12:25:00+00:00,2019-09-16 12:25:00+00:00,2019-09-16 12:45:00+00:00,1.10328,1.10288,1.10388,1.10287,STOP,0.0004,-1.0250000000000536,-1.1500000000000536,-0.41000000000002146
N3_ANCHOR_REVERSION,NEUTRAL,LONG,2019-09-16 14:05:00+00:00,2019-09-16 14:10:00+00:00,2019-09-16 14:10:00+00:00,2019-09-16 14:25:00+00:00,1.10083,1.10043,1.10143,1.1014199999999998,TARGET,0.0004,1.474999999999671,1.349999999999671,0.5899999999998684
N3_ANCHOR_REVERSION,NEUTRAL,LONG,2019-09-16 14:35:00+00:00,2019-09-16 14:40:00+00:00,2019-09-16 14:40:00+00:00,2019-09-16 14:40:00+00:00,1.10155,1.10115,1.10215,1.10114,STOP,0.0004,-1.0250000000000536,-1.1500000000000536,-0.41000000000002146
N3_ANCHOR_REVERSION,NEUTRAL,SHORT,2019-09-17 00:55:00+00:00,2019-09-17 01:00:00+00:00,2019-09-17 01:00:00+00:00,2019-09-17 01:45:00+00:00,1.1008799999999999,1.1012799999999998,1.10028,1.10029,TARGET,0.0004,1.474999999999671,1.349999999999671,0.5899999999998684
N3_ANCHOR_REVERSION,NEUTRAL,SHORT,2019-09-17 03:40:00+00:00,2019-09-17 03:45:00+00:00,2019-09-17 03:45:00+00:00,2019-09-17 06:05:00+00:00,1.1011499999999999,1.1015499999999998,1.10055,1.10056,TARGET,0.0004,1.474999999999671,1.349999999999671,0.5899999999998684
N3_ANCHOR_REVERSION,NEUTRAL,SHORT,2019-09-17 14:15:00+00:00,2019-09-17 14:20:00+00:00,2019-09-17 14:20:00+00:00,2019-09-17 14:35:00+00:00,1.10384,1.1042399999999999,1.10324,1.10425,STOP,0.0004,-1.0250000000000536,-1.1500000000000536,-0.41000000000002146
N3_ANCHOR_REVERSION,NEUTRAL,SHORT,2019-09-17 17:55:00+00:00,2019-09-17 18:00:00+00:00,2019-09-17 18:00:00+00:00,2019-09-17 18:10:00+00:00,1.10659,1.10699,1.10599,1.107,STOP,0.0004,-1.0250000000000536,-1.1500000000000536,-0.41000000000002146
N3_ANCHOR_REVERSION,NEUTRAL,SHORT,2019-09-17 23:55:00+00:00,2019-09-18 00:00:00+00:00,2019-09-18 00:00:00+00:00,2019-09-18 01:10:00+00:00,1.10736,1.1077599999999999,1.10676,1.10677,TARGET,0.0004,1.474999999999671,1.349999999999671,0.5899999999998684
N3_ANCHOR_REVERSION,NEUTRAL,LONG,2019-09-18 01:10:00+00:00,2019-09-18 01:15:00+00:00,2019-09-18 01:15:00+00:00,2019-09-18 04:30:00+00:00,1.10684,1.10644,1.10744,1.10643,STOP,0.0004,-1.0250000000000536,-1.1500000000000536,-0.41000000000002146
N3_ANCHOR_REVERSION,NEUTRAL,LONG,2019-09-18 05:00:00+00:00,2019-09-18 05:05:00+00:00,2019-09-18 05:05:00+00:00,2019-09-18 06:25:00+00:00,1.10661,1.1062100000000001,1.10721,1.1062,STOP,0.0004,-1.0250000000000536,-1.1500000000000536,-0.41000000000002146
N3_ANCHOR_REVERSION,NEUTRAL,SHORT,2019-09-18 13:15:00+00:00,2019-09-18 13:20:00+00:00,2019-09-18 13:20:00+00:00,2019-09-18 14:25:00+00:00,1.1057,1.1060999999999999,1.1051,1.10611,STOP,0.0004,-1.0250000000000536,-1.1500000000000536,-0.41000000000002146
N3_ANCHOR_REVERSION,NEUTRAL,LONG,2019-09-19 00:55:00+00:00,2019-09-19 01:00:00+00:00,2019-09-19 01:00:00+00:00,2019-09-19 01:55:00+00:00,1.10261,1.1022100000000001,1.10321,1.1032,TARGET,0.0004,1.474999999999671,1.349999999999671,0.5899999999998684
N3_ANCHOR_REVERSION,NEUTRAL,SHORT,2019-09-19 03:30:00+00:00,2019-09-19 03:35:00+00:00,2019-09-19 03:35:00+00:00,2019-09-19 04:55:00+00:00,1.10357,1.10397,1.10297,1.10398,STOP,0.0004,-1.0250000000000536,-1.1500000000000536,-0.41000000000002146
N3_ANCHOR_REVERSION,NEUTRAL,SHORT,2019-09-19 06:25:00+00:00,2019-09-19 06:30:00+00:00,2019-09-19 06:30:00+00:00,2019-09-19 06:35:00+00:00,1.1042999999999998,1.1046999999999998,1.1037,1.1047099999999999,STOP,0.0004,-1.0250000000000536,-1.1500000000000536,-0.41000000000002146
N3_ANCHOR_REVERSION,NEUTRAL,SHORT,2019-09-19 06:45:00+00:00,2019-09-19 06:50:00+00:00,2019-09-19 06:50:00+00:00,2019-09-19 07:05:00+00:00,1.10452,1.10492,1.10392,1.10393,TARGET,0.0004,1.474999999999671,1.349999999999671,0.5899999999998684
N3_ANCHOR_REVERSION,NEUTRAL,SHORT,2019-09-20 18:00:00+00:00,2019-09-20 18:05:00+00:00,2019-09-20 18:05:00+00:00,2019-09-20 18:30:00+00:00,1.10172,1.10212,1.10112,1.1011300000000002,TARGET,0.0004,1.474999999999671,1.349999999999671,0.5899999999998684
N3_ANCHOR_REVERSION,NEUTRAL,SHORT,2019-09-22 23:30:00+00:00,2019-09-22 23:35:00+00:00,2019-09-22 23:35:00+00:00,2019-09-23 01:30:00+00:00,1.10192,1.10232,1.10132,1.10233,STOP,0.0004,-1.0250000000000536,-1.1500000000000536,-0.41000000000002146
N3_ANCHOR_REVERSION,NEUTRAL,SHORT,2019-09-23 01:35:00+00:00,2019-09-23 01:40:00+00:00,2019-09-23 01:40:00+00:00,2019-09-23 02:10:00+00:00,1.10212,1.10252,1.10152,1.10253,STOP,0.0004,-1.0250000000000536,-1.1500000000000536,-0.41000000000002146
N3_ANCHOR_REVERSION,NEUTRAL,LONG,2019-09-23 09:50:00+00:00,2019-09-23 09:55:00+00:00,2019-09-23 09:55:00+00:00,2019-09-23 10:00:00+00:00,1.0982800000000001,1.0978800000000002,1.09888,1.0978700000000001,STOP,0.0004,-1.0250000000000536,-1.1500000000000536,-0.41000000000002146
N3_ANCHOR_REVERSION,NEUTRAL,SHORT,2019-09-23 12:40:00+00:00,2019-09-23 12:45:00+00:00,2019-09-23 12:45:00+00:00,2019-09-23 13:15:00+00:00,1.09907,1.09947,1.09847,1.0984800000000001,TARGET,0.0004,1.474999999999671,1.349999999999671,0.5899999999998684
N3_ANCHOR_REVERSION,NEUTRAL,SHORT,2019-09-23 14:55:00+00:00,2019-09-23 15:00:00+00:00,2019-09-23 15:00:00+00:00,2019-09-23 15:00:00+00:00,1.09947,1.09987,1.09887,1.09988,STOP,0.0004,-1.0250000000000536,-1.1500000000000536,-0.41000000000002146
N3_ANCHOR_REVERSION,NEUTRAL,SHORT,2019-09-24 16:45:00+00:00,2019-09-24 16:50:00+00:00,2019-09-24 16:50:00+00:00,2019-09-24 16:50:00+00:00,1.10123,1.1016299999999999,1.10063,1.10164,STOP,0.0004,-1.0250000000000536,-1.1500000000000536,-0.41000000000002146
N3_ANCHOR_REVERSION,NEUTRAL,SHORT,2019-09-24 18:45:00+00:00,2019-09-24 18:50:00+00:00,2019-09-24 18:50:00+00:00,2019-09-24 18:50:00+00:00,1.10136,1.1017599999999999,1.10076,1.10177,STOP,0.0004,-1.0250000000000536,-1.1500000000000536,-0.41000000000002146
N3_ANCHOR_REVERSION,NEUTRAL,LONG,2019-09-25 01:05:00+00:00,2019-09-25 01:10:00+00:00,2019-09-25 01:10:00+00:00,2019-09-25 01:35:00+00:00,1.1008600000000002,1.1004600000000002,1.10146,1.1004500000000002,STOP,0.0004,-1.0250000000000536,-1.1500000000000536,-0.41000000000002146
N3_ANCHOR_REVERSION,NEUTRAL,LONG,2019-09-25 01:50:00+00:00,2019-09-25 01:55:00+00:00,2019-09-25 01:55:00+00:00,2019-09-25 02:45:00+00:00,1.1003,1.0999,1.1009,1.09989,STOP,0.0004,-1.0250000000000536,-1.1500000000000536,-0.41000000000002146
N3_ANCHOR_REVERSION,NEUTRAL,LONG,2019-09-25 02:45:00+00:00,2019-09-25 02:50:00+00:00,2019-09-25 02:50:00+00:00,2019-09-25 03:20:00+00:00,1.10029,1.09989,1.10089,1.09988,STOP,0.0004,-1.0250000000000536,-1.1500000000000536,-0.41000000000002146
N3_ANCHOR_REVERSION,NEUTRAL,LONG,2019-09-25 17:00:00+00:00,2019-09-25 17:05:00+00:00,2019-09-25 17:05:00+00:00,2019-09-25 18:40:00+00:00,1.0945,1.0941,1.0951,1.09409,STOP,0.0004,-1.0250000000000536,-1.1500000000000536,-0.41000000000002146
N3_ANCHOR_REVERSION,NEUTRAL,SHORT,2019-09-25 23:55:00+00:00,2019-09-26 00:00:00+00:00,2019-09-26 00:00:00+00:00,2019-09-26 00:05:00+00:00,1.0951,1.0955,1.0945,1.09551,STOP,0.0004,-1.0250000000000536,-1.1500000000000536,-0.41000000000002146
N3_ANCHOR_REVERSION,NEUTRAL,SHORT,2019-09-26 00:10:00+00:00,2019-09-26 00:15:00+00:00,2019-09-26 00:15:00+00:00,2019-09-26 02:05:00+00:00,1.0953,1.0957,1.0947,1.09571,STOP,0.0004,-1.0250000000000536,-1.1500000000000536,-0.41000000000002146
N3_ANCHOR_REVERSION,NEUTRAL,SHORT,2019-09-26 02:25:00+00:00,2019-09-26 02:30:00+00:00,2019-09-26 02:30:00+00:00,2019-09-26 03:15:00+00:00,1.09588,1.09628,1.09528,1.09629,STOP,0.0004,-1.0250000000000536,-1.1500000000000536,-0.41000000000002146
N3_ANCHOR_REVERSION,NEUTRAL,SHORT,2019-09-26 03:30:00+00:00,2019-09-26 03:35:00+00:00,2019-09-26 03:35:00+00:00,2019-09-26 05:40:00+00:00,1.09621,1.0966099999999999,1.09561,1.09562,TARGET,0.0004,1.474999999999671,1.349999999999671,0.5899999999998684
N3_ANCHOR_REVERSION,NEUTRAL,LONG,2019-09-27 00:35:00+00:00,2019-09-27 00:40:00+00:00,2019-09-27 00:40:00+00:00,2019-09-27 01:10:00+00:00,1.09161,1.09121,1.09221,1.0912,STOP,0.0004,-1.0250000000000536,-1.1500000000000536,-0.41000000000002146
N3_ANCHOR_REVERSION,NEUTRAL,LONG,2019-09-27 01:20:00+00:00,2019-09-27 01:25:00+00:00,2019-09-27 01:25:00+00:00,2019-09-27 03:35:00+00:00,1.09161,1.09121,1.09221,1.0921999999999998,TARGET,0.0004,1.474999999999671,1.349999999999671,0.5899999999998684
N3_ANCHOR_REVERSION,NEUTRAL,SHORT,2019-09-27 04:00:00+00:00,2019-09-27 04:05:00+00:00,2019-09-27 04:05:00+00:00,2019-09-27 06:05:00+00:00,1.09229,1.09269,1.09169,1.0917000000000001,TARGET,0.0004,1.474999999999671,1.349999999999671,0.5899999999998684
N3_ANCHOR_REVERSION,NEUTRAL,LONG,2019-09-27 06:20:00+00:00,2019-09-27 06:25:00+00:00,2019-09-27 06:25:00+00:00,2019-09-27 07:10:00+00:00,1.09117,1.09077,1.09177,1.09076,STOP,0.0004,-1.0250000000000536,-1.1500000000000536,-0.41000000000002146
N3_ANCHOR_REVERSION,NEUTRAL,SHORT,2019-09-29 22:40:00+00:00,2019-09-29 22:45:00+00:00,2019-09-29 22:45:00+00:00,2019-09-30 00:45:00+00:00,1.0944399999999999,1.0948399999999998,1.09384,1.09385,TARGET,0.0004,1.474999999999671,1.349999999999671,0.5899999999998684
N3_ANCHOR_REVERSION,NEUTRAL,LONG,2019-09-30 12:00:00+00:00,2019-09-30 12:05:00+00:00,2019-09-30 12:05:00+00:00,2019-09-30 12:10:00+00:00,1.09112,1.0907200000000001,1.09172,1.09071,STOP,0.0004,-1.0250000000000536,-1.1500000000000536,-0.41000000000002146
N3_ANCHOR_REVERSION,NEUTRAL,LONG,2019-09-30 12:15:00+00:00,2019-09-30 12:20:00+00:00,2019-09-30 12:20:00+00:00,2019-09-30 12:20:00+00:00,1.0894700000000002,1.0890700000000002,1.09007,1.0890600000000001,STOP,0.0004,-1.0250000000000536,-1.1500000000000536,-0.41000000000002146
N3_ANCHOR_REVERSION,NEUTRAL,LONG,2019-09-30 12:30:00+00:00,2019-09-30 12:35:00+00:00,2019-09-30 12:35:00+00:00,2019-09-30 12:35:00+00:00,1.0892700000000002,1.0888700000000002,1.0898700000000001,1.08986,TARGET,0.0004,1.474999999999671,1.349999999999671,0.5899999999998684
N3_ANCHOR_REVERSION,NEUTRAL,LONG,2019-09-30 17:45:00+00:00,2019-09-30 17:50:00+00:00,2019-09-30 17:50:00+00:00,2019-09-30 17:50:00+00:00,1.0898,1.0894000000000001,1.0904,1.08939,STOP,0.0004,-1.0250000000000536,-1.1500000000000536,-0.41000000000002146
N3_ANCHOR_REVERSION,NEUTRAL,LONG,2019-10-01 00:55:00+00:00,2019-10-01 01:00:00+00:00,2019-10-01 01:00:00+00:00,2019-10-01 01:15:00+00:00,1.08973,1.0893300000000001,1.09033,1.08932,STOP,0.0004,-1.0250000000000536,-1.1500000000000536,-0.41000000000002146
N3_ANCHOR_REVERSION,NEUTRAL,LONG,2019-10-01 01:20:00+00:00,2019-10-01 01:25:00+00:00,2019-10-01 01:25:00+00:00,2019-10-01 02:25:00+00:00,1.08922,1.0888200000000001,1.08982,1.08881,STOP,0.0004,-1.0250000000000536,-1.1500000000000536,-0.41000000000002146
N3_ANCHOR_REVERSION,NEUTRAL,SHORT,2019-10-01 16:20:00+00:00,2019-10-01 16:25:00+00:00,2019-10-01 16:25:00+00:00,2019-10-01 17:10:00+00:00,1.09367,1.0940699999999999,1.09307,1.09408,STOP,0.0004,-1.0250000000000536,-1.1500000000000536,-0.41000000000002146
N3_ANCHOR_REVERSION,NEUTRAL,SHORT,2019-10-01 19:30:00+00:00,2019-10-01 19:35:00+00:00,2019-10-01 19:35:00+00:00,2019-10-02 00:10:00+00:00,1.09353,1.0939299999999998,1.09293,1.09394,STOP,0.0004,-1.0250000000000536,-1.1500000000000536,-0.41000000000002146
N3_ANCHOR_REVERSION,NEUTRAL,SHORT,2019-10-02 00:15:00+00:00,2019-10-02 00:20:00+00:00,2019-10-02 00:20:00+00:00,2019-10-02 00:30:00+00:00,1.09371,1.09411,1.09311,1.09412,STOP,0.0004,-1.0250000000000536,-1.1500000000000536,-0.41000000000002146
N3_ANCHOR_REVERSION,NEUTRAL,SHORT,2019-10-02 00:35:00+00:00,2019-10-02 00:40:00+00:00,2019-10-02 00:40:00+00:00,2019-10-02 02:30:00+00:00,1.09401,1.0944099999999999,1.09341,1.09342,TARGET,0.0004,1.474999999999671,1.349999999999671,0.5899999999998684
N3_ANCHOR_REVERSION,NEUTRAL,LONG,2019-10-02 06:10:00+00:00,2019-10-02 06:15:00+00:00,2019-10-02 06:15:00+00:00,2019-10-02 06:25:00+00:00,1.09308,1.09268,1.09368,1.09267,STOP,0.0004,-1.0250000000000536,-1.1500000000000536,-0.41000000000002146
N3_ANCHOR_REVERSION,NEUTRAL,LONG,2019-10-02 06:45:00+00:00,2019-10-02 06:50:00+00:00,2019-10-02 06:50:00+00:00,2019-10-02 07:00:00+00:00,1.09263,1.09223,1.09323,1.09222,STOP,0.0004,-1.0250000000000536,-1.1500000000000536,-0.41000000000002146
N3_ANCHOR_REVERSION,NEUTRAL,SHORT,2019-10-03 00:20:00+00:00,2019-10-03 00:25:00+00:00,2019-10-03 00:25:00+00:00,2019-10-03 02:40:00+00:00,1.0963699999999998,1.0967699999999998,1.09577,1.09578,TARGET,0.0004,1.474999999999671,1.349999999999671,0.5899999999998684
N3_ANCHOR_REVERSION,NEUTRAL,LONG,2019-10-03 04:10:00+00:00,2019-10-03 04:15:00+00:00,2019-10-03 04:15:00+00:00,2019-10-03 06:00:00+00:00,1.09576,1.0953600000000001,1.09636,1.09535,STOP,0.0004,-1.0250000000000536,-1.1500000000000536,-0.41000000000002146
N3_ANCHOR_REVERSION,NEUTRAL,LONG,2019-10-08 16:45:00+00:00,2019-10-08 16:50:00+00:00,2019-10-08 16:50:00+00:00,2019-10-08 16:55:00+00:00,1.09559,1.09519,1.09619,1.09518,STOP,0.0004,-1.0250000000000536,-1.1500000000000536,-0.41000000000002146
N3_ANCHOR_REVERSION,NEUTRAL,LONG,2019-10-08 17:00:00+00:00,2019-10-08 17:05:00+00:00,2019-10-08 17:05:00+00:00,2019-10-08 17:15:00+00:00,1.0955400000000002,1.0951400000000002,1.0961400000000001,1.0951300000000002,STOP,0.0004,-1.0250000000000536,-1.1500000000000536,-0.41000000000002146
N3_ANCHOR_REVERSION,NEUTRAL,SHORT,2019-10-08 23:30:00+00:00,2019-10-08 23:35:00+00:00,2019-10-08 23:35:00+00:00,2019-10-09 01:40:00+00:00,1.09598,1.09638,1.09538,1.09639,STOP,0.0004,-1.0250000000000536,-1.1500000000000536,-0.41000000000002146
N3_ANCHOR_REVERSION,NEUTRAL,SHORT,2019-10-09 01:55:00+00:00,2019-10-09 02:00:00+00:00,2019-10-09 02:00:00+00:00,2019-10-09 02:20:00+00:00,1.09612,1.09652,1.09552,1.09653,STOP,0.0004,-1.0250000000000536,-1.1500000000000536,-0.41000000000002146
N3_ANCHOR_REVERSION,NEUTRAL,SHORT,2019-10-10 09:45:00+00:00,2019-10-10 09:50:00+00:00,2019-10-10 09:50:00+00:00,2019-10-10 09:50:00+00:00,1.10269,1.10309,1.10209,1.1031,STOP,0.0004,-1.0250000000000536,-1.1500000000000536,-0.41000000000002146
N3_ANCHOR_REVERSION,NEUTRAL,SHORT,2019-10-10 09:55:00+00:00,2019-10-10 10:00:00+00:00,2019-10-10 10:00:00+00:00,2019-10-10 10:25:00+00:00,1.10302,1.1034199999999998,1.10242,1.10343,STOP,0.0004,-1.0250000000000536,-1.1500000000000536,-0.41000000000002146
N3_ANCHOR_REVERSION,NEUTRAL,SHORT,2019-10-10 11:30:00+00:00,2019-10-10 11:35:00+00:00,2019-10-10 11:35:00+00:00,2019-10-10 12:10:00+00:00,1.1026399999999998,1.1030399999999998,1.10204,1.1030499999999999,STOP,0.0004,-1.0250000000000536,-1.1500000000000536,-0.41000000000002146
N3_ANCHOR_REVERSION,NEUTRAL,LONG,2019-10-13 22:50:00+00:00,2019-10-13 22:55:00+00:00,2019-10-13 22:55:00+00:00,2019-10-13 23:25:00+00:00,1.10314,1.10274,1.10374,1.10273,STOP,0.0004,-1.0250000000000536,-1.1500000000000536,-0.41000000000002146
N3_ANCHOR_REVERSION,NEUTRAL,LONG,2019-10-13 23:50:00+00:00,2019-10-13 23:55:00+00:00,2019-10-13 23:55:00+00:00,2019-10-14 00:35:00+00:00,1.10284,1.10244,1.10344,1.10243,STOP,0.0004,-1.0250000000000536,-1.1500000000000536,-0.41000000000002146
N3_ANCHOR_REVERSION,NEUTRAL,LONG,2019-10-14 00:50:00+00:00,2019-10-14 00:55:00+00:00,2019-10-14 00:55:00+00:00,2019-10-14 04:10:00+00:00,1.1026500000000001,1.1022500000000002,1.10325,1.10324,TARGET,0.0004,1.474999999999671,1.349999999999671,0.5899999999998684
N3_ANCHOR_REVERSION,NEUTRAL,LONG,2019-10-15 10:20:00+00:00,2019-10-15 10:25:00+00:00,2019-10-15 10:25:00+00:00,2019-10-15 10:25:00+00:00,1.1013700000000002,1.1009700000000002,1.1019700000000001,1.10196,TARGET,0.0004,1.474999999999671,1.349999999999671,0.5899999999998684
N3_ANCHOR_REVERSION,NEUTRAL,LONG,2019-10-15 11:15:00+00:00,2019-10-15 11:20:00+00:00,2019-10-15 11:20:00+00:00,2019-10-15 11:25:00+00:00,1.10101,1.10061,1.10161,1.1006,STOP,0.0004,-1.0250000000000536,-1.1500000000000536,-0.41000000000002146
N3_ANCHOR_REVERSION,NEUTRAL,LONG,2019-10-15 12:00:00+00:00,2019-10-15 12:05:00+00:00,2019-10-15 12:05:00+00:00,2019-10-15 12:05:00+00:00,1.10091,1.10051,1.10151,1.1005,STOP,0.0004,-1.0250000000000536,-1.1500000000000536,-0.41000000000002146
N3_ANCHOR_REVERSION,NEUTRAL,LONG,2019-10-15 12:10:00+00:00,2019-10-15 12:15:00+00:00,2019-10-15 12:15:00+00:00,2019-10-15 12:20:00+00:00,1.1007900000000002,1.1003900000000002,1.10139,1.1003800000000001,STOP,0.0004,-1.0250000000000536,-1.1500000000000536,-0.41000000000002146
N3_ANCHOR_REVERSION,NEUTRAL,LONG,2019-10-16 01:20:00+00:00,2019-10-16 01:25:00+00:00,2019-10-16 01:25:00+00:00,2019-10-16 02:20:00+00:00,1.10291,1.10251,1.10351,1.1025,STOP,0.0004,-1.0250000000000536,-1.1500000000000536,-0.41000000000002146
N3_ANCHOR_REVERSION,NEUTRAL,SHORT,2019-10-16 06:10:00+00:00,2019-10-16 06:15:00+00:00,2019-10-16 06:15:00+00:00,2019-10-16 06:15:00+00:00,1.1035599999999999,1.1039599999999998,1.10296,1.10397,STOP,0.0004,-1.0250000000000536,-1.1500000000000536,-0.41000000000002146
N3_ANCHOR_REVERSION,NEUTRAL,SHORT,2019-10-16 06:25:00+00:00,2019-10-16 06:30:00+00:00,2019-10-16 06:30:00+00:00,2019-10-16 06:30:00+00:00,1.1048099999999998,1.1052099999999998,1.10421,1.1052199999999999,STOP,0.0004,-1.0250000000000536,-1.1500000000000536,-0.41000000000002146
N3_ANCHOR_REVERSION,NEUTRAL,SHORT,2019-10-16 06:35:00+00:00,2019-10-16 06:40:00+00:00,2019-10-16 06:40:00+00:00,2019-10-16 06:55:00+00:00,1.1050799999999998,1.1054799999999998,1.10448,1.10449,TARGET,0.0004,1.474999999999671,1.349999999999671,0.5899999999998684
N3_ANCHOR_REVERSION,NEUTRAL,SHORT,2019-10-17 00:30:00+00:00,2019-10-17 00:35:00+00:00,2019-10-17 00:35:00+00:00,2019-10-17 00:40:00+00:00,1.10784,1.10824,1.10724,1.10825,STOP,0.0004,-1.0250000000000536,-1.1500000000000536,-0.41000000000002146
N3_ANCHOR_REVERSION,NEUTRAL,SHORT,2019-10-17 00:55:00+00:00,2019-10-17 01:00:00+00:00,2019-10-17 01:00:00+00:00,2019-10-17 02:05:00+00:00,1.10824,1.1086399999999998,1.10764,1.10765,TARGET,0.0004,1.474999999999671,1.349999999999671,0.5899999999998684
N3_ANCHOR_REVERSION,NEUTRAL,SHORT,2019-10-17 11:50:00+00:00,2019-10-17 11:55:00+00:00,2019-10-17 11:55:00+00:00,2019-10-17 12:00:00+00:00,1.11204,1.1124399999999999,1.11144,1.11145,TARGET,0.0004,1.474999999999671,1.349999999999671,0.5899999999998684
N3_ANCHOR_REVERSION,NEUTRAL,SHORT,2019-10-17 16:00:00+00:00,2019-10-17 16:05:00+00:00,2019-10-17 16:05:00+00:00,2019-10-17 16:25:00+00:00,1.1126399999999999,1.1130399999999998,1.11204,1.1130499999999999,STOP,0.0004,-1.0250000000000536,-1.1500000000000536,-0.41000000000002146
N3_ANCHOR_REVERSION,NEUTRAL,SHORT,2019-10-18 01:20:00+00:00,2019-10-18 01:25:00+00:00,2019-10-18 01:25:00+00:00,2019-10-18 04:45:00+00:00,1.1127799999999999,1.1131799999999998,1.11218,1.11219,TARGET,0.0004,1.474999999999671,1.349999999999671,0.5899999999998684
N3_ANCHOR_REVERSION,NEUTRAL,SHORT,2019-10-18 13:00:00+00:00,2019-10-18 13:05:00+00:00,2019-10-18 13:05:00+00:00,2019-10-18 13:05:00+00:00,1.1147099999999999,1.1151099999999998,1.11411,1.11512,STOP,0.0004,-1.0250000000000536,-1.1500000000000536,-0.41000000000002146
N3_ANCHOR_REVERSION,NEUTRAL,SHORT,2019-10-18 13:10:00+00:00,2019-10-18 13:15:00+00:00,2019-10-18 13:15:00+00:00,2019-10-18 13:30:00+00:00,1.11462,1.11502,1.11402,1.11403,TARGET,0.0004,1.474999999999671,1.349999999999671,0.5899999999998684
N3_ANCHOR_REVERSION,NEUTRAL,SHORT,2019-10-18 19:55:00+00:00,2019-10-18 20:00:00+00:00,2019-10-18 20:00:00+00:00,2019-10-18 20:40:00+00:00,1.11616,1.11656,1.11556,1.11657,STOP,0.0004,-1.0250000000000536,-1.1500000000000536,-0.41000000000002146
N3_ANCHOR_REVERSION,NEUTRAL,LONG,2019-10-20 23:40:00+00:00,2019-10-20 23:45:00+00:00,2019-10-20 23:45:00+00:00,2019-10-21 00:25:00+00:00,1.11539,1.1149900000000001,1.11599,1.11598,TARGET,0.0004,1.474999999999671,1.349999999999671,0.5899999999998684
N3_ANCHOR_REVERSION,NEUTRAL,LONG,2019-10-21 18:45:00+00:00,2019-10-21 18:50:00+00:00,2019-10-21 18:50:00+00:00,2019-10-21 19:00:00+00:00,1.11493,1.11453,1.11553,1.11452,STOP,0.0004,-1.0250000000000536,-1.1500000000000536,-0.41000000000002146
N3_ANCHOR_REVERSION,NEUTRAL,LONG,2019-10-21 19:00:00+00:00,2019-10-21 19:05:00+00:00,2019-10-21 19:05:00+00:00,2019-10-22 00:50:00+00:00,1.1147900000000002,1.1143900000000002,1.11539,1.11538,TARGET,0.0004,1.474999999999671,1.349999999999671,0.5899999999998684
N3_ANCHOR_REVERSION,NEUTRAL,LONG,2019-10-22 13:00:00+00:00,2019-10-22 13:05:00+00:00,2019-10-22 13:05:00+00:00,2019-10-22 13:35:00+00:00,1.11293,1.11253,1.11353,1.1135199999999998,TARGET,0.0004,1.474999999999671,1.349999999999671,0.5899999999998684
N3_ANCHOR_REVERSION,NEUTRAL,SHORT,2019-10-22 15:35:00+00:00,2019-10-22 15:40:00+00:00,2019-10-22 15:40:00+00:00,2019-10-22 16:00:00+00:00,1.1143399999999999,1.1147399999999998,1.11374,1.11375,TARGET,0.0004,1.474999999999671,1.349999999999671,0.5899999999998684
N3_ANCHOR_REVERSION,NEUTRAL,SHORT,2019-10-22 17:40:00+00:00,2019-10-22 17:45:00+00:00,2019-10-22 17:45:00+00:00,2019-10-22 17:50:00+00:00,1.11419,1.11459,1.11359,1.1146,STOP,0.0004,-1.0250000000000536,-1.1500000000000536,-0.41000000000002146
N3_ANCHOR_REVERSION,NEUTRAL,SHORT,2019-10-22 17:55:00+00:00,2019-10-22 18:00:00+00:00,2019-10-22 18:00:00+00:00,2019-10-22 18:05:00+00:00,1.11442,1.11482,1.11382,1.11483,STOP,0.0004,-1.0250000000000536,-1.1500000000000536,-0.41000000000002146
N3_ANCHOR_REVERSION,NEUTRAL,LONG,2019-10-23 01:30:00+00:00,2019-10-23 01:35:00+00:00,2019-10-23 01:35:00+00:00,2019-10-23 01:55:00+00:00,1.11257,1.11217,1.11317,1.11216,STOP,0.0004,-1.0250000000000536,-1.1500000000000536,-0.41000000000002146
N3_ANCHOR_REVERSION,NEUTRAL,LONG,2019-10-23 02:40:00+00:00,2019-10-23 02:45:00+00:00,2019-10-23 02:45:00+00:00,2019-10-23 03:05:00+00:00,1.1121800000000002,1.1117800000000002,1.11278,1.1117700000000001,STOP,0.0004,-1.0250000000000536,-1.1500000000000536,-0.41000000000002146
N3_ANCHOR_REVERSION,NEUTRAL,LONG,2019-10-23 03:50:00+00:00,2019-10-23 03:55:00+00:00,2019-10-23 03:55:00+00:00,2019-10-23 05:55:00+00:00,1.11176,1.1113600000000001,1.11236,1.11235,TARGET,0.0004,1.474999999999671,1.349999999999671,0.5899999999998684
N3_ANCHOR_REVERSION,NEUTRAL,LONG,2019-10-23 10:10:00+00:00,2019-10-23 10:15:00+00:00,2019-10-23 10:15:00+00:00,2019-10-23 10:35:00+00:00,1.1112000000000002,1.1108000000000002,1.1118000000000001,1.11179,TARGET,0.0004,1.474999999999671,1.349999999999671,0.5899999999998684
N3_ANCHOR_REVERSION,NEUTRAL,LONG,2019-10-24 10:45:00+00:00,2019-10-24 10:50:00+00:00,2019-10-24 10:50:00+00:00,2019-10-24 11:55:00+00:00,1.1126800000000001,1.1122800000000002,1.11328,1.11227,STOP,0.0004,-1.0250000000000536,-1.1500000000000536,-0.41000000000002146
N3_ANCHOR_REVERSION,NEUTRAL,LONG,2019-10-24 12:00:00+00:00,2019-10-24 12:05:00+00:00,2019-10-24 12:05:00+00:00,2019-10-24 12:25:00+00:00,1.1125800000000001,1.1121800000000002,1.11318,1.11317,TARGET,0.0004,1.474999999999671,1.349999999999671,0.5899999999998684
N3_ANCHOR_REVERSION,NEUTRAL,LONG,2019-10-24 16:05:00+00:00,2019-10-24 16:10:00+00:00,2019-10-24 16:10:00+00:00,2019-10-24 16:30:00+00:00,1.10995,1.10955,1.11055,1.1105399999999999,TARGET,0.0004,1.474999999999671,1.349999999999671,0.5899999999998684
N3_ANCHOR_REVERSION,NEUTRAL,LONG,2019-10-24 18:30:00+00:00,2019-10-24 18:35:00+00:00,2019-10-24 18:35:00+00:00,2019-10-24 19:55:00+00:00,1.11057,1.11017,1.11117,1.11016,STOP,0.0004,-1.0250000000000536,-1.1500000000000536,-0.41000000000002146
N3_ANCHOR_REVERSION,NEUTRAL,SHORT,2019-10-25 01:40:00+00:00,2019-10-25 01:45:00+00:00,2019-10-25 01:45:00+00:00,2019-10-25 05:55:00+00:00,1.11046,1.11086,1.10986,1.11087,STOP,0.0004,-1.0250000000000536,-1.1500000000000536,-0.41000000000002146
N3_ANCHOR_REVERSION,NEUTRAL,LONG,2019-10-25 14:00:00+00:00,2019-10-25 14:05:00+00:00,2019-10-25 14:05:00+00:00,2019-10-25 14:05:00+00:00,1.10956,1.1091600000000001,1.11016,1.10915,STOP,0.0004,-1.0250000000000536,-1.1500000000000536,-0.41000000000002146
N3_ANCHOR_REVERSION,NEUTRAL,LONG,2019-10-30 02:55:00+00:00,2019-10-30 03:00:00+00:00,2019-10-30 03:00:00+00:00,2019-10-30 06:30:00+00:00,1.11084,1.11044,1.11144,1.11143,TARGET,0.0004,1.474999999999671,1.349999999999671,0.5899999999998684
N3_ANCHOR_REVERSION,NEUTRAL,SHORT,2019-10-31 01:00:00+00:00,2019-10-31 01:05:00+00:00,2019-10-31 01:05:00+00:00,2019-10-31 01:10:00+00:00,1.11601,1.11641,1.11541,1.11642,STOP,0.0004,-1.0250000000000536,-1.1500000000000536,-0.41000000000002146
N3_ANCHOR_REVERSION,NEUTRAL,SHORT,2019-10-31 01:50:00+00:00,2019-10-31 01:55:00+00:00,2019-10-31 01:55:00+00:00,2019-10-31 03:55:00+00:00,1.11655,1.1169499999999999,1.11595,1.11696,STOP,0.0004,-1.0250000000000536,-1.1500000000000536,-0.41000000000002146
N3_ANCHOR_REVERSION,NEUTRAL,LONG,2019-11-04 18:50:00+00:00,2019-11-04 18:55:00+00:00,2019-11-04 18:55:00+00:00,2019-11-04 19:15:00+00:00,1.1135300000000001,1.1131300000000002,1.11413,1.11312,STOP,0.0004,-1.0250000000000536,-1.1500000000000536,-0.41000000000002146
N3_ANCHOR_REVERSION,NEUTRAL,LONG,2019-11-04 19:55:00+00:00,2019-11-04 20:00:00+00:00,2019-11-04 20:00:00+00:00,2019-11-04 22:50:00+00:00,1.11281,1.1124100000000001,1.11341,1.1124,STOP,0.0004,-1.0250000000000536,-1.1500000000000536,-0.41000000000002146
N3_ANCHOR_REVERSION,NEUTRAL,LONG,2019-11-04 23:00:00+00:00,2019-11-04 23:05:00+00:00,2019-11-04 23:05:00+00:00,2019-11-05 02:30:00+00:00,1.11264,1.1122400000000001,1.11324,1.11223,STOP,0.0004,-1.0250000000000536,-1.1500000000000536,-0.41000000000002146
N3_ANCHOR_REVERSION,NEUTRAL,LONG,2019-11-05 03:00:00+00:00,2019-11-05 03:05:00+00:00,2019-11-05 03:05:00+00:00,2019-11-05 03:30:00+00:00,1.1125200000000002,1.1121200000000002,1.11312,1.1121100000000002,STOP,0.0004,-1.0250000000000536,-1.1500000000000536,-0.41000000000002146
N3_ANCHOR_REVERSION,NEUTRAL,LONG,2019-11-05 03:35:00+00:00,2019-11-05 03:40:00+00:00,2019-11-05 03:40:00+00:00,2019-11-05 04:10:00+00:00,1.1119800000000002,1.1115800000000002,1.1125800000000001,1.11257,TARGET,0.0004,1.474999999999671,1.349999999999671,0.5899999999998684
N3_ANCHOR_REVERSION,NEUTRAL,SHORT,2019-11-05 07:55:00+00:00,2019-11-05 08:00:00+00:00,2019-11-05 08:00:00+00:00,2019-11-05 08:00:00+00:00,1.11347,1.11387,1.11287,1.11388,STOP,0.0004,-1.0250000000000536,-1.1500000000000536,-0.41000000000002146
N3_ANCHOR_REVERSION,NEUTRAL,SHORT,2019-11-05 08:05:00+00:00,2019-11-05 08:10:00+00:00,2019-11-05 08:10:00+00:00,2019-11-05 08:35:00+00:00,1.11353,1.1139299999999999,1.11293,1.11394,STOP,0.0004,-1.0250000000000536,-1.1500000000000536,-0.41000000000002146
N3_ANCHOR_REVERSION,NEUTRAL,SHORT,2019-11-14 19:00:00+00:00,2019-11-14 19:05:00+00:00,2019-11-14 19:05:00+00:00,2019-11-15 02:40:00+00:00,1.10238,1.1027799999999999,1.10178,1.10279,STOP,0.0004,-1.0250000000000536,-1.1500000000000536,-0.41000000000002146
N3_ANCHOR_REVERSION,NEUTRAL,SHORT,2019-11-15 03:00:00+00:00,2019-11-15 03:05:00+00:00,2019-11-15 03:05:00+00:00,2019-11-15 07:05:00+00:00,1.1027,1.1031,1.1021,1.1021100000000001,TARGET,0.0004,1.474999999999671,1.349999999999671,0.5899999999998684
N3_ANCHOR_REVERSION,NEUTRAL,LONG,2019-11-15 07:30:00+00:00,2019-11-15 07:35:00+00:00,2019-11-15 07:35:00+00:00,2019-11-15 07:45:00+00:00,1.1021,1.1017000000000001,1.1027,1.10169,STOP,0.0004,-1.0250000000000536,-1.1500000000000536,-0.41000000000002146
N3_ANCHOR_REVERSION,NEUTRAL,SHORT,2019-11-15 14:10:00+00:00,2019-11-15 14:15:00+00:00,2019-11-15 14:15:00+00:00,2019-11-15 14:55:00+00:00,1.1043999999999998,1.1047999999999998,1.1038,1.1048099999999998,STOP,0.0004,-1.0250000000000536,-1.1500000000000536,-0.41000000000002146
N3_ANCHOR_REVERSION,NEUTRAL,SHORT,2019-11-15 15:30:00+00:00,2019-11-15 15:35:00+00:00,2019-11-15 15:35:00+00:00,2019-11-15 16:35:00+00:00,1.1052,1.1056,1.1046,1.10461,TARGET,0.0004,1.474999999999671,1.349999999999671,0.5899999999998684
N3_ANCHOR_REVERSION,NEUTRAL,LONG,2019-11-22 12:45:00+00:00,2019-11-22 12:50:00+00:00,2019-11-22 12:50:00+00:00,2019-11-22 13:25:00+00:00,1.10558,1.10518,1.10618,1.10517,STOP,0.0004,-1.0250000000000536,-1.1500000000000536,-0.41000000000002146
N3_ANCHOR_REVERSION,NEUTRAL,LONG,2019-11-22 14:50:00+00:00,2019-11-22 14:55:00+00:00,2019-11-22 14:55:00+00:00,2019-11-22 15:00:00+00:00,1.10481,1.1044100000000001,1.10541,1.1044,STOP,0.0004,-1.0250000000000536,-1.1500000000000536,-0.41000000000002146
N3_ANCHOR_REVERSION,NEUTRAL,LONG,2019-11-22 15:15:00+00:00,2019-11-22 15:20:00+00:00,2019-11-22 15:20:00+00:00,2019-11-22 15:35:00+00:00,1.10439,1.10399,1.10499,1.10398,STOP,0.0004,-1.0250000000000536,-1.1500000000000536,-0.41000000000002146
N3_ANCHOR_REVERSION,NEUTRAL,LONG,2019-11-22 15:55:00+00:00,2019-11-22 16:00:00+00:00,2019-11-22 16:00:00+00:00,2019-11-22 16:05:00+00:00,1.10349,1.1030900000000001,1.10409,1.10308,STOP,0.0004,-1.0250000000000536,-1.1500000000000536,-0.41000000000002146
N3_ANCHOR_REVERSION,NEUTRAL,LONG,2019-11-24 22:10:00+00:00,2019-11-24 22:15:00+00:00,2019-11-24 22:15:00+00:00,2019-11-25 05:45:00+00:00,1.10205,1.10165,1.10265,1.1026399999999998,TARGET,0.0004,1.474999999999671,1.349999999999671,0.5899999999998684
N3_ANCHOR_REVERSION,NEUTRAL,SHORT,2019-11-25 06:00:00+00:00,2019-11-25 06:05:00+00:00,2019-11-25 06:05:00+00:00,2019-11-25 07:55:00+00:00,1.10277,1.10317,1.10217,1.10318,STOP,0.0004,-1.0250000000000536,-1.1500000000000536,-0.41000000000002146
N3_ANCHOR_REVERSION,NEUTRAL,LONG,2019-11-25 18:00:00+00:00,2019-11-25 18:05:00+00:00,2019-11-25 18:05:00+00:00,2019-11-25 18:25:00+00:00,1.1008600000000002,1.1004600000000002,1.10146,1.1004500000000002,STOP,0.0004,-1.0250000000000536,-1.1500000000000536,-0.41000000000002146
N3_ANCHOR_REVERSION,NEUTRAL,LONG,2019-11-25 18:25:00+00:00,2019-11-25 18:30:00+00:00,2019-11-25 18:30:00+00:00,2019-11-25 20:35:00+00:00,1.1007,1.1003,1.1013,1.1012899999999999,TARGET,0.0004,1.474999999999671,1.349999999999671,0.5899999999998684
N3_ANCHOR_REVERSION,NEUTRAL,SHORT,2019-12-02 15:10:00+00:00,2019-12-02 15:15:00+00:00,2019-12-02 15:15:00+00:00,2019-12-02 15:15:00+00:00,1.1061699999999999,1.1065699999999998,1.10557,1.10658,STOP,0.0004,-1.0250000000000536,-1.1500000000000536,-0.41000000000002146
N3_ANCHOR_REVERSION,NEUTRAL,SHORT,2019-12-02 15:30:00+00:00,2019-12-02 15:35:00+00:00,2019-12-02 15:35:00+00:00,2019-12-02 16:05:00+00:00,1.10734,1.10774,1.10674,1.10775,STOP,0.0004,-1.0250000000000536,-1.1500000000000536,-0.41000000000002146
N3_ANCHOR_REVERSION,NEUTRAL,SHORT,2019-12-02 21:00:00+00:00,2019-12-02 21:05:00+00:00,2019-12-02 21:05:00+00:00,2019-12-03 00:35:00+00:00,1.10811,1.1085099999999999,1.10751,1.10752,TARGET,0.0004,1.474999999999671,1.349999999999671,0.5899999999998684
N3_ANCHOR_REVERSION,NEUTRAL,LONG,2019-12-03 00:55:00+00:00,2019-12-03 01:00:00+00:00,2019-12-03 01:00:00+00:00,2019-12-03 07:20:00+00:00,1.10742,1.1070200000000001,1.10802,1.10801,TARGET,0.0004,1.474999999999671,1.349999999999671,0.5899999999998684
N3_ANCHOR_REVERSION,NEUTRAL,SHORT,2019-12-03 07:25:00+00:00,2019-12-03 07:30:00+00:00,2019-12-03 07:30:00+00:00,2019-12-03 08:20:00+00:00,1.10791,1.10831,1.10731,1.10832,STOP,0.0004,-1.0250000000000536,-1.1500000000000536,-0.41000000000002146
N3_ANCHOR_REVERSION,NEUTRAL,LONG,2019-12-04 01:15:00+00:00,2019-12-04 01:20:00+00:00,2019-12-04 01:20:00+00:00,2019-12-04 04:10:00+00:00,1.10795,1.10755,1.10855,1.10754,STOP,0.0004,-1.0250000000000536,-1.1500000000000536,-0.41000000000002146
N3_ANCHOR_REVERSION,NEUTRAL,SHORT,2019-12-06 02:10:00+00:00,2019-12-06 02:15:00+00:00,2019-12-06 02:15:00+00:00,2019-12-06 09:40:00+00:00,1.11073,1.11113,1.11013,1.1101400000000001,TARGET,0.0004,1.474999999999671,1.349999999999671,0.5899999999998684
N3_ANCHOR_REVERSION,NEUTRAL,LONG,2019-12-06 19:00:00+00:00,2019-12-06 19:05:00+00:00,2019-12-06 19:05:00+00:00,2019-12-06 20:50:00+00:00,1.1053700000000002,1.1049700000000002,1.1059700000000001,1.10596,TARGET,0.0004,1.474999999999671,1.349999999999671,0.5899999999998684
N3_ANCHOR_REVERSION,NEUTRAL,SHORT,2019-12-06 20:50:00+00:00,2019-12-06 20:55:00+00:00,2019-12-06 20:55:00+00:00,2019-12-06 21:55:00+00:00,1.1058599999999998,1.1062599999999998,1.10526,1.1062699999999999,STOP,0.0004,-1.0250000000000536,-1.1500000000000536,-0.41000000000002146
N3_ANCHOR_REVERSION,NEUTRAL,LONG,2019-12-09 00:05:00+00:00,2019-12-09 00:10:00+00:00,2019-12-09 00:10:00+00:00,2019-12-09 06:25:00+00:00,1.10566,1.1052600000000001,1.10626,1.10625,TARGET,0.0004,1.474999999999671,1.349999999999671,0.5899999999998684
N3_ANCHOR_REVERSION,NEUTRAL,SHORT,2019-12-09 06:25:00+00:00,2019-12-09 06:30:00+00:00,2019-12-09 06:30:00+00:00,2019-12-09 07:45:00+00:00,1.10619,1.10659,1.10559,1.1066,STOP,0.0004,-1.0250000000000536,-1.1500000000000536,-0.41000000000002146
N3_ANCHOR_REVERSION,NEUTRAL,LONG,2019-12-09 17:30:00+00:00,2019-12-09 17:35:00+00:00,2019-12-09 17:35:00+00:00,2019-12-09 17:45:00+00:00,1.1064200000000002,1.1060200000000002,1.1070200000000001,1.1060100000000002,STOP,0.0004,-1.0250000000000536,-1.1500000000000536,-0.41000000000002146
N3_ANCHOR_REVERSION,NEUTRAL,LONG,2019-12-09 18:35:00+00:00,2019-12-09 18:40:00+00:00,2019-12-09 18:40:00+00:00,2019-12-10 01:50:00+00:00,1.1061800000000002,1.1057800000000002,1.10678,1.10677,TARGET,0.0004,1.474999999999671,1.349999999999671,0.5899999999998684
N3_ANCHOR_REVERSION,NEUTRAL,SHORT,2019-12-10 02:00:00+00:00,2019-12-10 02:05:00+00:00,2019-12-10 02:05:00+00:00,2019-12-10 02:25:00+00:00,1.10672,1.1071199999999999,1.10612,1.10713,STOP,0.0004,-1.0250000000000536,-1.1500000000000536,-0.41000000000002146
N3_ANCHOR_REVERSION,NEUTRAL,SHORT,2019-12-10 03:00:00+00:00,2019-12-10 03:05:00+00:00,2019-12-10 03:05:00+00:00,2019-12-10 08:05:00+00:00,1.10694,1.10734,1.10634,1.10735,STOP,0.0004,-1.0250000000000536,-1.1500000000000536,-0.41000000000002146
N3_ANCHOR_REVERSION,NEUTRAL,SHORT,2019-12-10 19:20:00+00:00,2019-12-10 19:25:00+00:00,2019-12-10 19:25:00+00:00,2019-12-10 22:00:00+00:00,1.1095599999999999,1.1099599999999998,1.10896,1.10897,TARGET,0.0004,1.474999999999671,1.349999999999671,0.5899999999998684
N3_ANCHOR_REVERSION,NEUTRAL,SHORT,2019-12-11 02:00:00+00:00,2019-12-11 02:05:00+00:00,2019-12-11 02:05:00+00:00,2019-12-11 06:50:00+00:00,1.1094499999999998,1.1098499999999998,1.10885,1.10886,TARGET,0.0004,1.474999999999671,1.349999999999671,0.5899999999998684
N3_ANCHOR_REVERSION,NEUTRAL,LONG,2019-12-11 07:15:00+00:00,2019-12-11 07:20:00+00:00,2019-12-11 07:20:00+00:00,2019-12-11 08:00:00+00:00,1.10857,1.10817,1.10917,1.10816,STOP,0.0004,-1.0250000000000536,-1.1500000000000536,-0.41000000000002146
N3_ANCHOR_REVERSION,NEUTRAL,LONG,2019-12-11 08:25:00+00:00,2019-12-11 08:30:00+00:00,2019-12-11 08:30:00+00:00,2019-12-11 10:35:00+00:00,1.1082400000000001,1.1078400000000002,1.10884,1.10783,STOP,0.0004,-1.0250000000000536,-1.1500000000000536,-0.41000000000002146
N3_ANCHOR_REVERSION,NEUTRAL,LONG,2019-12-11 13:00:00+00:00,2019-12-11 13:05:00+00:00,2019-12-11 13:05:00+00:00,2019-12-11 13:30:00+00:00,1.1076700000000002,1.1072700000000002,1.10827,1.10826,TARGET,0.0004,1.474999999999671,1.349999999999671,0.5899999999998684
N3_ANCHOR_REVERSION,NEUTRAL,LONG,2019-12-13 05:00:00+00:00,2019-12-13 05:05:00+00:00,2019-12-13 05:05:00+00:00,2019-12-13 06:25:00+00:00,1.11724,1.11684,1.11784,1.11683,STOP,0.0004,-1.0250000000000536,-1.1500000000000536,-0.41000000000002146
N3_ANCHOR_REVERSION,NEUTRAL,LONG,2019-12-13 06:30:00+00:00,2019-12-13 06:35:00+00:00,2019-12-13 06:35:00+00:00,2019-12-13 06:55:00+00:00,1.1168200000000001,1.1164200000000002,1.11742,1.1164100000000001,STOP,0.0004,-1.0250000000000536,-1.1500000000000536,-0.41000000000002146
N3_ANCHOR_REVERSION,NEUTRAL,LONG,2019-12-13 20:55:00+00:00,2019-12-13 21:00:00+00:00,2019-12-13 21:00:00+00:00,2019-12-13 21:55:00+00:00,1.11176,1.1113600000000001,1.11236,1.1117299999999999,TIME_12H,0.0004,-0.07500000000049134,-0.20000000000049134,-0.030000000000196536
N3_ANCHOR_REVERSION,NEUTRAL,SHORT,2019-12-15 23:05:00+00:00,2019-12-15 23:10:00+00:00,2019-12-15 23:10:00+00:00,2019-12-16 02:00:00+00:00,1.1127,1.1131,1.1121,1.11311,STOP,0.0004,-1.0250000000000536,-1.1500000000000536,-0.41000000000002146
N3_ANCHOR_REVERSION,NEUTRAL,SHORT,2019-12-16 02:15:00+00:00,2019-12-16 02:20:00+00:00,2019-12-16 02:20:00+00:00,2019-12-16 05:15:00+00:00,1.11311,1.11351,1.11251,1.11352,STOP,0.0004,-1.0250000000000536,-1.1500000000000536,-0.41000000000002146
N3_ANCHOR_REVERSION,NEUTRAL,SHORT,2019-12-16 05:20:00+00:00,2019-12-16 05:25:00+00:00,2019-12-16 05:25:00+00:00,2019-12-16 06:35:00+00:00,1.11353,1.1139299999999999,1.11293,1.11394,STOP,0.0004,-1.0250000000000536,-1.1500000000000536,-0.41000000000002146
N3_ANCHOR_REVERSION,NEUTRAL,LONG,2019-12-16 23:05:00+00:00,2019-12-16 23:10:00+00:00,2019-12-16 23:10:00+00:00,2019-12-16 23:35:00+00:00,1.11398,1.11358,1.11458,1.11357,STOP,0.0004,-1.0250000000000536,-1.1500000000000536,-0.41000000000002146
N3_ANCHOR_REVERSION,NEUTRAL,LONG,2019-12-16 23:40:00+00:00,2019-12-16 23:45:00+00:00,2019-12-16 23:45:00+00:00,2019-12-17 02:45:00+00:00,1.1138000000000001,1.1134000000000002,1.1144,1.11439,TARGET,0.0004,1.474999999999671,1.349999999999671,0.5899999999998684
N3_ANCHOR_REVERSION,NEUTRAL,SHORT,2019-12-17 03:15:00+00:00,2019-12-17 03:20:00+00:00,2019-12-17 03:20:00+00:00,2019-12-17 04:40:00+00:00,1.11455,1.1149499999999999,1.11395,1.11496,STOP,0.0004,-1.0250000000000536,-1.1500000000000536,-0.41000000000002146
N3_ANCHOR_REVERSION,NEUTRAL,SHORT,2019-12-17 04:55:00+00:00,2019-12-17 05:00:00+00:00,2019-12-17 05:00:00+00:00,2019-12-17 07:55:00+00:00,1.11472,1.11512,1.11412,1.11413,TARGET,0.0004,1.474999999999671,1.349999999999671,0.5899999999998684
N3_ANCHOR_REVERSION,NEUTRAL,SHORT,2019-12-17 12:50:00+00:00,2019-12-17 12:55:00+00:00,2019-12-17 12:55:00+00:00,2019-12-17 13:10:00+00:00,1.11704,1.11744,1.11644,1.1164500000000002,TARGET,0.0004,1.474999999999671,1.349999999999671,0.5899999999998684
N3_ANCHOR_REVERSION,NEUTRAL,LONG,2019-12-18 00:05:00+00:00,2019-12-18 00:10:00+00:00,2019-12-18 00:10:00+00:00,2019-12-18 01:35:00+00:00,1.1148600000000002,1.1144600000000002,1.1154600000000001,1.1144500000000002,STOP,0.0004,-1.0250000000000536,-1.1500000000000536,-0.41000000000002146
N3_ANCHOR_REVERSION,NEUTRAL,LONG,2019-12-18 01:50:00+00:00,2019-12-18 01:55:00+00:00,2019-12-18 01:55:00+00:00,2019-12-18 02:10:00+00:00,1.11419,1.11379,1.11479,1.11378,STOP,0.0004,-1.0250000000000536,-1.1500000000000536,-0.41000000000002146
N3_ANCHOR_REVERSION,NEUTRAL,LONG,2019-12-18 03:05:00+00:00,2019-12-18 03:10:00+00:00,2019-12-18 03:10:00+00:00,2019-12-18 03:20:00+00:00,1.11366,1.1132600000000001,1.11426,1.11325,STOP,0.0004,-1.0250000000000536,-1.1500000000000536,-0.41000000000002146
N3_ANCHOR_REVERSION,NEUTRAL,LONG,2019-12-18 04:30:00+00:00,2019-12-18 04:35:00+00:00,2019-12-18 04:35:00+00:00,2019-12-18 05:25:00+00:00,1.1134700000000002,1.1130700000000002,1.1140700000000001,1.1130600000000002,STOP,0.0004,-1.0250000000000536,-1.1500000000000536,-0.41000000000002146
N3_ANCHOR_REVERSION,NEUTRAL,SHORT,2019-12-19 01:15:00+00:00,2019-12-19 01:20:00+00:00,2019-12-19 01:20:00+00:00,2019-12-19 01:35:00+00:00,1.1118599999999998,1.1122599999999998,1.11126,1.1122699999999999,STOP,0.0004,-1.0250000000000536,-1.1500000000000536,-0.41000000000002146
N3_ANCHOR_REVERSION,NEUTRAL,SHORT,2019-12-19 11:00:00+00:00,2019-12-19 11:05:00+00:00,2019-12-19 11:05:00+00:00,2019-12-19 11:15:00+00:00,1.1138599999999999,1.1142599999999998,1.11326,1.11327,TARGET,0.0004,1.474999999999671,1.349999999999671,0.5899999999998684
N3_ANCHOR_REVERSION,NEUTRAL,LONG,2019-12-19 15:25:00+00:00,2019-12-19 15:30:00+00:00,2019-12-19 15:30:00+00:00,2019-12-19 15:30:00+00:00,1.1114700000000002,1.1110700000000002,1.1120700000000001,1.1110600000000002,STOP,0.0004,-1.0250000000000536,-1.1500000000000536,-0.41000000000002146
N3_ANCHOR_REVERSION,NEUTRAL,SHORT,2019-12-19 18:30:00+00:00,2019-12-19 18:35:00+00:00,2019-12-19 18:35:00+00:00,2019-12-19 21:50:00+00:00,1.11266,1.11306,1.11206,1.1120700000000001,TARGET,0.0004,1.474999999999671,1.349999999999671,0.5899999999998684
N3_ANCHOR_REVERSION,NEUTRAL,SHORT,2019-12-26 19:00:00+00:00,2019-12-26 19:05:00+00:00,2019-12-26 19:05:00+00:00,2019-12-26 21:35:00+00:00,1.11056,1.11096,1.10996,1.1099700000000001,TARGET,0.0004,1.474999999999671,1.349999999999671,0.5899999999998684
N3_ANCHOR_REVERSION,NEUTRAL,LONG,2019-12-26 21:45:00+00:00,2019-12-26 21:50:00+00:00,2019-12-26 21:50:00+00:00,2019-12-27 00:50:00+00:00,1.10971,1.10931,1.11031,1.1102999999999998,TARGET,0.0004,1.474999999999671,1.349999999999671,0.5899999999998684
N3_ANCHOR_REVERSION,NEUTRAL,SHORT,2019-12-27 01:25:00+00:00,2019-12-27 01:30:00+00:00,2019-12-27 01:30:00+00:00,2019-12-27 01:35:00+00:00,1.11045,1.11085,1.10985,1.11086,STOP,0.0004,-1.0250000000000536,-1.1500000000000536,-0.41000000000002146
N3_ANCHOR_REVERSION,NEUTRAL,SHORT,2019-12-27 04:40:00+00:00,2019-12-27 04:45:00+00:00,2019-12-27 04:45:00+00:00,2019-12-27 07:05:00+00:00,1.11195,1.11235,1.11135,1.11236,STOP,0.0004,-1.0250000000000536,-1.1500000000000536,-0.41000000000002146
N3_ANCHOR_REVERSION,NEUTRAL,SHORT,2019-12-27 07:20:00+00:00,2019-12-27 07:25:00+00:00,2019-12-27 07:25:00+00:00,2019-12-27 07:35:00+00:00,1.11225,1.11265,1.11165,1.11266,STOP,0.0004,-1.0250000000000536,-1.1500000000000536,-0.41000000000002146
N3_ANCHOR_REVERSION,NEUTRAL,SHORT,2019-12-27 08:10:00+00:00,2019-12-27 08:15:00+00:00,2019-12-27 08:15:00+00:00,2019-12-27 08:25:00+00:00,1.1136599999999999,1.1140599999999998,1.11306,1.11407,STOP,0.0004,-1.0250000000000536,-1.1500000000000536,-0.41000000000002146
N3_ANCHOR_REVERSION,NEUTRAL,LONG,2019-12-31 05:10:00+00:00,2019-12-31 05:15:00+00:00,2019-12-31 05:15:00+00:00,2019-12-31 08:05:00+00:00,1.1204100000000001,1.1200100000000002,1.12101,1.121,TARGET,0.0004,1.474999999999671,1.349999999999671,0.5899999999998684
N3_ANCHOR_REVERSION,NEUTRAL,SHORT,2019-12-31 13:00:00+00:00,2019-12-31 13:05:00+00:00,2019-12-31 13:05:00+00:00,2019-12-31 13:10:00+00:00,1.1229,1.1233,1.1223,1.12331,STOP,0.0004,-1.0250000000000536,-1.1500000000000536,-0.41000000000002146
N3_ANCHOR_REVERSION,NEUTRAL,SHORT,2019-12-31 13:15:00+00:00,2019-12-31 13:20:00+00:00,2019-12-31 13:20:00+00:00,2019-12-31 13:40:00+00:00,1.12312,1.1235199999999999,1.12252,1.12353,STOP,0.0004,-1.0250000000000536,-1.1500000000000536,-0.41000000000002146
N3_ANCHOR_REVERSION,NEUTRAL,SHORT,2019-12-31 14:00:00+00:00,2019-12-31 14:05:00+00:00,2019-12-31 14:05:00+00:00,2019-12-31 14:30:00+00:00,1.12364,1.12404,1.12304,1.12305,TARGET,0.0004,1.474999999999671,1.349999999999671,0.5899999999998684
N3_ANCHOR_REVERSION,NEUTRAL,LONG,2020-01-01 22:15:00+00:00,2020-01-01 22:20:00+00:00,2020-01-01 22:20:00+00:00,2020-01-01 23:00:00+00:00,1.12152,1.1211200000000001,1.12212,1.12211,TARGET,0.0004,1.474999999999671,1.349999999999671,0.5899999999998684
N3_ANCHOR_REVERSION,NEUTRAL,SHORT,2020-01-02 01:40:00+00:00,2020-01-02 01:45:00+00:00,2020-01-02 01:45:00+00:00,2020-01-02 02:45:00+00:00,1.12209,1.12249,1.12149,1.1225,STOP,0.0004,-1.0250000000000536,-1.1500000000000536,-0.41000000000002146
N3_ANCHOR_REVERSION,NEUTRAL,LONG,2020-01-02 05:05:00+00:00,2020-01-02 05:10:00+00:00,2020-01-02 05:10:00+00:00,2020-01-02 07:00:00+00:00,1.12036,1.11996,1.12096,1.12095,TARGET,0.0004,1.474999999999671,1.349999999999671,0.5899999999998684
N3_ANCHOR_REVERSION,NEUTRAL,LONG,2020-01-02 12:00:00+00:00,2020-01-02 12:05:00+00:00,2020-01-02 12:05:00+00:00,2020-01-02 12:40:00+00:00,1.11883,1.11843,1.11943,1.1194199999999999,TARGET,0.0004,1.474999999999671,1.349999999999671,0.5899999999998684
N3_ANCHOR_REVERSION,NEUTRAL,SHORT,2020-01-03 01:20:00+00:00,2020-01-03 01:25:00+00:00,2020-01-03 01:25:00+00:00,2020-01-03 03:20:00+00:00,1.1176599999999999,1.1180599999999998,1.11706,1.11707,TARGET,0.0004,1.474999999999671,1.349999999999671,0.5899999999998684
N3_ANCHOR_REVERSION,NEUTRAL,SHORT,2020-01-03 13:20:00+00:00,2020-01-03 13:25:00+00:00,2020-01-03 13:25:00+00:00,2020-01-03 13:50:00+00:00,1.11463,1.11503,1.11403,1.1140400000000001,TARGET,0.0004,1.474999999999671,1.349999999999671,0.5899999999998684
N3_ANCHOR_REVERSION,NEUTRAL,SHORT,2020-01-03 14:50:00+00:00,2020-01-03 14:55:00+00:00,2020-01-03 14:55:00+00:00,2020-01-03 15:00:00+00:00,1.11507,1.11547,1.11447,1.11548,STOP,0.0004,-1.0250000000000536,-1.1500000000000536,-0.41000000000002146
N3_ANCHOR_REVERSION,NEUTRAL,SHORT,2020-01-03 15:20:00+00:00,2020-01-03 15:25:00+00:00,2020-01-03 15:25:00+00:00,2020-01-03 15:50:00+00:00,1.11621,1.1166099999999999,1.11561,1.11662,STOP,0.0004,-1.0250000000000536,-1.1500000000000536,-0.41000000000002146
N3_ANCHOR_REVERSION,NEUTRAL,SHORT,2020-01-05 23:30:00+00:00,2020-01-05 23:35:00+00:00,2020-01-05 23:35:00+00:00,2020-01-06 03:15:00+00:00,1.11662,1.11702,1.11602,1.11703,STOP,0.0004,-1.0250000000000536,-1.1500000000000536,-0.41000000000002146
N3_ANCHOR_REVERSION,NEUTRAL,SHORT,2020-01-06 03:35:00+00:00,2020-01-06 03:40:00+00:00,2020-01-06 03:40:00+00:00,2020-01-06 05:50:00+00:00,1.11677,1.11717,1.11617,1.1161800000000002,TARGET,0.0004,1.474999999999671,1.349999999999671,0.5899999999998684
N3_ANCHOR_REVERSION,NEUTRAL,LONG,2020-01-06 05:50:00+00:00,2020-01-06 05:55:00+00:00,2020-01-06 05:55:00+00:00,2020-01-06 06:10:00+00:00,1.11626,1.11586,1.11686,1.11585,STOP,0.0004,-1.0250000000000536,-1.1500000000000536,-0.41000000000002146
N3_ANCHOR_REVERSION,NEUTRAL,LONG,2020-01-06 06:20:00+00:00,2020-01-06 06:25:00+00:00,2020-01-06 06:25:00+00:00,2020-01-06 07:40:00+00:00,1.1159100000000002,1.1155100000000002,1.1165100000000001,1.1165,TARGET,0.0004,1.474999999999671,1.349999999999671,0.5899999999998684
N3_ANCHOR_REVERSION,NEUTRAL,SHORT,2020-01-06 11:15:00+00:00,2020-01-06 11:20:00+00:00,2020-01-06 11:20:00+00:00,2020-01-06 11:25:00+00:00,1.11991,1.12031,1.11931,1.12032,STOP,0.0004,-1.0250000000000536,-1.1500000000000536,-0.41000000000002146
N3_ANCHOR_REVERSION,NEUTRAL,LONG,2020-01-07 19:15:00+00:00,2020-01-07 19:20:00+00:00,2020-01-07 19:20:00+00:00,2020-01-07 21:55:00+00:00,1.1144200000000002,1.1140200000000002,1.1150200000000001,1.11501,TARGET,0.0004,1.474999999999671,1.349999999999671,0.5899999999998684
N3_ANCHOR_REVERSION,NEUTRAL,SHORT,2020-01-07 22:05:00+00:00,2020-01-07 22:10:00+00:00,2020-01-07 22:10:00+00:00,2020-01-07 22:15:00+00:00,1.11483,1.11523,1.11423,1.11524,STOP,0.0004,-1.0250000000000536,-1.1500000000000536,-0.41000000000002146
N3_ANCHOR_REVERSION,NEUTRAL,SHORT,2020-01-07 22:15:00+00:00,2020-01-07 22:20:00+00:00,2020-01-07 22:20:00+00:00,2020-01-07 23:20:00+00:00,1.1148399999999998,1.1152399999999998,1.11424,1.1152499999999999,STOP,0.0004,-1.0250000000000536,-1.1500000000000536,-0.41000000000002146
N3_ANCHOR_REVERSION,NEUTRAL,SHORT,2020-01-07 23:25:00+00:00,2020-01-07 23:30:00+00:00,2020-01-07 23:30:00+00:00,2020-01-08 00:00:00+00:00,1.1152199999999999,1.1156199999999998,1.11462,1.11563,STOP,0.0004,-1.0250000000000536,-1.1500000000000536,-0.41000000000002146
N3_ANCHOR_REVERSION,NEUTRAL,SHORT,2020-01-08 00:00:00+00:00,2020-01-08 00:05:00+00:00,2020-01-08 00:05:00+00:00,2020-01-08 00:05:00+00:00,1.11533,1.1157299999999999,1.11473,1.11574,STOP,0.0004,-1.0250000000000536,-1.1500000000000536,-0.41000000000002146
N3_ANCHOR_REVERSION,NEUTRAL,SHORT,2020-01-08 00:15:00+00:00,2020-01-08 00:20:00+00:00,2020-01-08 00:20:00+00:00,2020-01-08 00:30:00+00:00,1.11618,1.11658,1.11558,1.11659,STOP,0.0004,-1.0250000000000536,-1.1500000000000536,-0.41000000000002146
N3_ANCHOR_REVERSION,NEUTRAL,SHORT,2020-01-08 00:35:00+00:00,2020-01-08 00:40:00+00:00,2020-01-08 00:40:00+00:00,2020-01-08 01:45:00+00:00,1.1162299999999998,1.1166299999999998,1.11563,1.11564,TARGET,0.0004,1.474999999999671,1.349999999999671,0.5899999999998684
N3_ANCHOR_REVERSION,NEUTRAL,LONG,2020-01-08 13:00:00+00:00,2020-01-08 13:05:00+00:00,2020-01-08 13:05:00+00:00,2020-01-08 13:10:00+00:00,1.1118100000000002,1.1114100000000002,1.1124100000000001,1.1114000000000002,STOP,0.0004,-1.0250000000000536,-1.1500000000000536,-0.41000000000002146
N3_ANCHOR_REVERSION,NEUTRAL,LONG,2020-01-12 22:55:00+00:00,2020-01-12 23:00:00+00:00,2020-01-12 23:00:00+00:00,2020-01-13 02:50:00+00:00,1.11178,1.11138,1.11238,1.1123699999999999,TARGET,0.0004,1.474999999999671,1.349999999999671,0.5899999999998684
N3_ANCHOR_REVERSION,NEUTRAL,SHORT,2020-01-13 03:15:00+00:00,2020-01-13 03:20:00+00:00,2020-01-13 03:20:00+00:00,2020-01-13 03:45:00+00:00,1.1125699999999998,1.1129699999999998,1.11197,1.1129799999999999,STOP,0.0004,-1.0250000000000536,-1.1500000000000536,-0.41000000000002146
N3_ANCHOR_REVERSION,NEUTRAL,SHORT,2020-01-13 03:50:00+00:00,2020-01-13 03:55:00+00:00,2020-01-13 03:55:00+00:00,2020-01-13 07:55:00+00:00,1.11287,1.11327,1.11227,1.1122800000000002,TARGET,0.0004,1.474999999999671,1.349999999999671,0.5899999999998684
N3_ANCHOR_REVERSION,NEUTRAL,SHORT,2020-01-13 17:55:00+00:00,2020-01-13 18:00:00+00:00,2020-01-13 18:00:00+00:00,2020-01-13 18:15:00+00:00,1.1139599999999998,1.1143599999999998,1.11336,1.1143699999999999,STOP,0.0004,-1.0250000000000536,-1.1500000000000536,-0.41000000000002146
N3_ANCHOR_REVERSION,NEUTRAL,SHORT,2020-01-14 00:50:00+00:00,2020-01-14 00:55:00+00:00,2020-01-14 00:55:00+00:00,2020-01-14 01:40:00+00:00,1.1139299999999999,1.1143299999999998,1.11333,1.11334,TARGET,0.0004,1.474999999999671,1.349999999999671,0.5899999999998684
N3_ANCHOR_REVERSION,NEUTRAL,LONG,2020-01-14 14:15:00+00:00,2020-01-14 14:20:00+00:00,2020-01-14 14:20:00+00:00,2020-01-14 14:40:00+00:00,1.1110200000000001,1.1106200000000002,1.11162,1.11161,TARGET,0.0004,1.474999999999671,1.349999999999671,0.5899999999998684
N3_ANCHOR_REVERSION,NEUTRAL,SHORT,2020-01-14 18:45:00+00:00,2020-01-14 18:50:00+00:00,2020-01-14 18:50:00+00:00,2020-01-14 21:25:00+00:00,1.1131799999999998,1.1135799999999998,1.11258,1.11259,TARGET,0.0004,1.474999999999671,1.349999999999671,0.5899999999998684
N3_ANCHOR_REVERSION,NEUTRAL,SHORT,2020-01-15 00:30:00+00:00,2020-01-15 00:35:00+00:00,2020-01-15 00:35:00+00:00,2020-01-15 04:30:00+00:00,1.11293,1.11333,1.11233,1.11334,STOP,0.0004,-1.0250000000000536,-1.1500000000000536,-0.41000000000002146
N3_ANCHOR_REVERSION,NEUTRAL,SHORT,2020-01-15 04:40:00+00:00,2020-01-15 04:45:00+00:00,2020-01-15 04:45:00+00:00,2020-01-15 06:10:00+00:00,1.1132799999999998,1.1136799999999998,1.11268,1.1136899999999998,STOP,0.0004,-1.0250000000000536,-1.1500000000000536,-0.41000000000002146
N3_ANCHOR_REVERSION,NEUTRAL,SHORT,2020-01-15 06:15:00+00:00,2020-01-15 06:20:00+00:00,2020-01-15 06:20:00+00:00,2020-01-15 07:55:00+00:00,1.1135,1.1139,1.1129,1.11291,TARGET,0.0004,1.474999999999671,1.349999999999671,0.5899999999998684
N3_ANCHOR_REVERSION,NEUTRAL,SHORT,2020-01-15 11:55:00+00:00,2020-01-15 12:00:00+00:00,2020-01-15 12:00:00+00:00,2020-01-15 12:00:00+00:00,1.11477,1.11517,1.11417,1.11518,STOP,0.0004,-1.0250000000000536,-1.1500000000000536,-0.41000000000002146
N3_ANCHOR_REVERSION,NEUTRAL,SHORT,2020-01-16 00:15:00+00:00,2020-01-16 00:20:00+00:00,2020-01-16 00:20:00+00:00,2020-01-16 05:55:00+00:00,1.11564,1.11604,1.11504,1.11505,TARGET,0.0004,1.474999999999671,1.349999999999671,0.5899999999998684
N3_ANCHOR_REVERSION,NEUTRAL,LONG,2020-01-16 19:30:00+00:00,2020-01-16 19:35:00+00:00,2020-01-16 19:35:00+00:00,2020-01-17 02:10:00+00:00,1.11342,1.1130200000000001,1.11402,1.11401,TARGET,0.0004,1.474999999999671,1.349999999999671,0.5899999999998684
N3_ANCHOR_REVERSION,NEUTRAL,SHORT,2020-01-17 02:40:00+00:00,2020-01-17 02:45:00+00:00,2020-01-17 02:45:00+00:00,2020-01-17 03:20:00+00:00,1.11409,1.11449,1.11349,1.1135000000000002,TARGET,0.0004,1.474999999999671,1.349999999999671,0.5899999999998684
N3_ANCHOR_REVERSION,NEUTRAL,LONG,2020-01-17 03:25:00+00:00,2020-01-17 03:30:00+00:00,2020-01-17 03:30:00+00:00,2020-01-17 06:55:00+00:00,1.1134300000000001,1.1130300000000002,1.11403,1.11402,TARGET,0.0004,1.474999999999671,1.349999999999671,0.5899999999998684
N3_ANCHOR_REVERSION,NEUTRAL,SHORT,2020-01-21 03:55:00+00:00,2020-01-21 04:00:00+00:00,2020-01-21 04:00:00+00:00,2020-01-21 08:10:00+00:00,1.10972,1.11012,1.10912,1.1091300000000002,TARGET,0.0004,1.474999999999671,1.349999999999671,0.5899999999998684
N3_ANCHOR_REVERSION,NEUTRAL,LONG,2020-01-21 08:15:00+00:00,2020-01-21 08:20:00+00:00,2020-01-21 08:20:00+00:00,2020-01-21 09:20:00+00:00,1.10901,1.10861,1.10961,1.1086,STOP,0.0004,-1.0250000000000536,-1.1500000000000536,-0.41000000000002146
N3_ANCHOR_REVERSION,NEUTRAL,LONG,2020-01-21 09:30:00+00:00,2020-01-21 09:35:00+00:00,2020-01-21 09:35:00+00:00,2020-01-21 10:00:00+00:00,1.1088900000000002,1.1084900000000002,1.10949,1.10948,TARGET,0.0004,1.474999999999671,1.349999999999671,0.5899999999998684
N3_ANCHOR_REVERSION,NEUTRAL,SHORT,2020-01-21 10:50:00+00:00,2020-01-21 10:55:00+00:00,2020-01-21 10:55:00+00:00,2020-01-21 11:10:00+00:00,1.11029,1.11069,1.10969,1.1107,STOP,0.0004,-1.0250000000000536,-1.1500000000000536,-0.41000000000002146
N3_ANCHOR_REVERSION,NEUTRAL,LONG,2020-01-22 00:50:00+00:00,2020-01-22 00:55:00+00:00,2020-01-22 00:55:00+00:00,2020-01-22 01:15:00+00:00,1.10847,1.10807,1.10907,1.10806,STOP,0.0004,-1.0250000000000536,-1.1500000000000536,-0.41000000000002146
N3_ANCHOR_REVERSION,NEUTRAL,LONG,2020-01-22 01:35:00+00:00,2020-01-22 01:40:00+00:00,2020-01-22 01:40:00+00:00,2020-01-22 02:20:00+00:00,1.10827,1.1078700000000001,1.10887,1.10786,STOP,0.0004,-1.0250000000000536,-1.1500000000000536,-0.41000000000002146
N3_ANCHOR_REVERSION,NEUTRAL,LONG,2020-01-22 02:25:00+00:00,2020-01-22 02:30:00+00:00,2020-01-22 02:30:00+00:00,2020-01-22 05:45:00+00:00,1.1079400000000001,1.1075400000000002,1.10854,1.10853,TARGET,0.0004,1.474999999999671,1.349999999999671,0.5899999999998684
N3_ANCHOR_REVERSION,NEUTRAL,SHORT,2020-01-22 19:35:00+00:00,2020-01-22 19:40:00+00:00,2020-01-22 19:40:00+00:00,2020-01-22 19:55:00+00:00,1.109,1.1094,1.1084,1.10941,STOP,0.0004,-1.0250000000000536,-1.1500000000000536,-0.41000000000002146
N3_ANCHOR_REVERSION,NEUTRAL,LONG,2020-01-23 06:40:00+00:00,2020-01-23 06:45:00+00:00,2020-01-23 06:45:00+00:00,2020-01-23 07:25:00+00:00,1.10833,1.10793,1.10893,1.10892,TARGET,0.0004,1.474999999999671,1.349999999999671,0.5899999999998684
N3_ANCHOR_REVERSION,NEUTRAL,SHORT,2020-01-23 20:30:00+00:00,2020-01-23 20:35:00+00:00,2020-01-23 20:35:00+00:00,2020-01-24 03:25:00+00:00,1.10564,1.10604,1.10504,1.10505,TARGET,0.0004,1.474999999999671,1.349999999999671,0.5899999999998684
N3_ANCHOR_REVERSION,NEUTRAL,LONG,2020-01-24 03:35:00+00:00,2020-01-24 03:40:00+00:00,2020-01-24 03:40:00+00:00,2020-01-24 05:15:00+00:00,1.1052000000000002,1.1048000000000002,1.1058000000000001,1.1047900000000002,STOP,0.0004,-1.0250000000000536,-1.1500000000000536,-0.41000000000002146
N3_ANCHOR_REVERSION,NEUTRAL,LONG,2020-01-24 05:25:00+00:00,2020-01-24 05:30:00+00:00,2020-01-24 05:30:00+00:00,2020-01-24 06:20:00+00:00,1.1049900000000001,1.1045900000000002,1.10559,1.1045800000000001,STOP,0.0004,-1.0250000000000536,-1.1500000000000536,-0.41000000000002146
N3_ANCHOR_REVERSION,NEUTRAL,LONG,2020-01-24 15:20:00+00:00,2020-01-24 15:25:00+00:00,2020-01-24 15:25:00+00:00,2020-01-24 15:30:00+00:00,1.10305,1.1026500000000001,1.10365,1.10264,STOP,0.0004,-1.0250000000000536,-1.1500000000000536,-0.41000000000002146
N3_ANCHOR_REVERSION,NEUTRAL,LONG,2020-01-24 15:35:00+00:00,2020-01-24 15:40:00+00:00,2020-01-24 15:40:00+00:00,2020-01-24 16:10:00+00:00,1.1027,1.1023,1.1033,1.10229,STOP,0.0004,-1.0250000000000536,-1.1500000000000536,-0.41000000000002146
N3_ANCHOR_REVERSION,NEUTRAL,SHORT,2020-01-28 18:45:00+00:00,2020-01-28 18:50:00+00:00,2020-01-28 18:50:00+00:00,2020-01-28 19:45:00+00:00,1.10127,1.10167,1.10067,1.10168,STOP,0.0004,-1.0250000000000536,-1.1500000000000536,-0.41000000000002146
N3_ANCHOR_REVERSION,NEUTRAL,SHORT,2020-01-28 22:05:00+00:00,2020-01-28 22:10:00+00:00,2020-01-28 22:10:00+00:00,2020-01-28 22:20:00+00:00,1.1020699999999999,1.1024699999999998,1.10147,1.10248,STOP,0.0004,-1.0250000000000536,-1.1500000000000536,-0.41000000000002146
N3_ANCHOR_REVERSION,NEUTRAL,SHORT,2020-01-28 22:40:00+00:00,2020-01-28 22:45:00+00:00,2020-01-28 22:45:00+00:00,2020-01-29 00:30:00+00:00,1.10222,1.10262,1.10162,1.10263,STOP,0.0004,-1.0250000000000536,-1.1500000000000536,-0.41000000000002146
N3_ANCHOR_REVERSION,NEUTRAL,SHORT,2020-01-29 00:40:00+00:00,2020-01-29 00:45:00+00:00,2020-01-29 00:45:00+00:00,2020-01-29 01:30:00+00:00,1.10252,1.10292,1.10192,1.10193,TARGET,0.0004,1.474999999999671,1.349999999999671,0.5899999999998684
N3_ANCHOR_REVERSION,NEUTRAL,LONG,2020-01-29 02:05:00+00:00,2020-01-29 02:10:00+00:00,2020-01-29 02:10:00+00:00,2020-01-29 03:30:00+00:00,1.10173,1.1013300000000001,1.10233,1.10132,STOP,0.0004,-1.0250000000000536,-1.1500000000000536,-0.41000000000002146
N3_ANCHOR_REVERSION,NEUTRAL,LONG,2020-01-29 03:35:00+00:00,2020-01-29 03:40:00+00:00,2020-01-29 03:40:00+00:00,2020-01-29 07:00:00+00:00,1.10148,1.10108,1.10208,1.10107,STOP,0.0004,-1.0250000000000536,-1.1500000000000536,-0.41000000000002146
N3_ANCHOR_REVERSION,NEUTRAL,LONG,2020-01-29 08:55:00+00:00,2020-01-29 09:00:00+00:00,2020-01-29 09:00:00+00:00,2020-01-29 09:00:00+00:00,1.1003,1.0999,1.1009,1.09989,STOP,0.0004,-1.0250000000000536,-1.1500000000000536,-0.41000000000002146
N3_ANCHOR_REVERSION,NEUTRAL,SHORT,2020-01-31 13:05:00+00:00,2020-01-31 13:10:00+00:00,2020-01-31 13:10:00+00:00,2020-01-31 13:10:00+00:00,1.10479,1.10519,1.10419,1.1052,STOP,0.0004,-1.0250000000000536,-1.1500000000000536,-0.41000000000002146
N3_ANCHOR_REVERSION,NEUTRAL,SHORT,2020-01-31 13:15:00+00:00,2020-01-31 13:20:00+00:00,2020-01-31 13:20:00+00:00,2020-01-31 13:45:00+00:00,1.10514,1.10554,1.10454,1.10555,STOP,0.0004,-1.0250000000000536,-1.1500000000000536,-0.41000000000002146
N3_ANCHOR_REVERSION,NEUTRAL,SHORT,2020-01-31 14:00:00+00:00,2020-01-31 14:05:00+00:00,2020-01-31 14:05:00+00:00,2020-01-31 14:30:00+00:00,1.1053,1.1057,1.1047,1.10571,STOP,0.0004,-1.0250000000000536,-1.1500000000000536,-0.41000000000002146
N3_ANCHOR_REVERSION,NEUTRAL,SHORT,2020-02-04 21:50:00+00:00,2020-02-04 21:55:00+00:00,2020-02-04 21:55:00+00:00,2020-02-05 02:10:00+00:00,1.10446,1.10486,1.10386,1.1038700000000001,TARGET,0.0004,1.474999999999671,1.349999999999671,0.5899999999998684
N3_ANCHOR_REVERSION,NEUTRAL,LONG,2020-02-07 19:45:00+00:00,2020-02-07 19:50:00+00:00,2020-02-07 19:50:00+00:00,2020-02-07 21:45:00+00:00,1.09473,1.09433,1.09533,1.09432,STOP,0.0004,-1.0250000000000536,-1.1500000000000536,-0.41000000000002146
N3_ANCHOR_REVERSION,NEUTRAL,SHORT,2020-02-09 23:55:00+00:00,2020-02-10 00:00:00+00:00,2020-02-10 00:00:00+00:00,2020-02-10 00:50:00+00:00,1.0949,1.0953,1.0943,1.09531,STOP,0.0004,-1.0250000000000536,-1.1500000000000536,-0.41000000000002146
N3_ANCHOR_REVERSION,NEUTRAL,SHORT,2020-02-10 01:20:00+00:00,2020-02-10 01:25:00+00:00,2020-02-10 01:25:00+00:00,2020-02-10 04:40:00+00:00,1.0951499999999998,1.0955499999999998,1.09455,1.0955599999999999,STOP,0.0004,-1.0250000000000536,-1.1500000000000536,-0.41000000000002146
N3_ANCHOR_REVERSION,NEUTRAL,SHORT,2020-02-10 05:00:00+00:00,2020-02-10 05:05:00+00:00,2020-02-10 05:05:00+00:00,2020-02-10 07:00:00+00:00,1.0956299999999999,1.0960299999999998,1.09503,1.09504,TARGET,0.0004,1.474999999999671,1.349999999999671,0.5899999999998684
N3_ANCHOR_REVERSION,NEUTRAL,LONG,2020-02-10 15:10:00+00:00,2020-02-10 15:15:00+00:00,2020-02-10 15:15:00+00:00,2020-02-10 15:45:00+00:00,1.09334,1.09294,1.09394,1.09293,STOP,0.0004,-1.0250000000000536,-1.1500000000000536,-0.41000000000002146
N3_ANCHOR_REVERSION,NEUTRAL,LONG,2020-02-11 00:20:00+00:00,2020-02-11 00:25:00+00:00,2020-02-11 00:25:00+00:00,2020-02-11 02:40:00+00:00,1.09098,1.09058,1.09158,1.09157,TARGET,0.0004,1.474999999999671,1.349999999999671,0.5899999999998684
N3_ANCHOR_REVERSION,NEUTRAL,SHORT,2020-02-11 02:40:00+00:00,2020-02-11 02:45:00+00:00,2020-02-11 02:45:00+00:00,2020-02-11 07:00:00+00:00,1.09144,1.09184,1.09084,1.09085,TARGET,0.0004,1.474999999999671,1.349999999999671,0.5899999999998684
N3_ANCHOR_REVERSION,NEUTRAL,LONG,2020-02-12 00:10:00+00:00,2020-02-12 00:15:00+00:00,2020-02-12 00:15:00+00:00,2020-02-12 00:45:00+00:00,1.09163,1.0912300000000001,1.09223,1.09122,STOP,0.0004,-1.0250000000000536,-1.1500000000000536,-0.41000000000002146
N3_ANCHOR_REVERSION,NEUTRAL,LONG,2020-02-12 00:55:00+00:00,2020-02-12 01:00:00+00:00,2020-02-12 01:00:00+00:00,2020-02-12 01:45:00+00:00,1.09136,1.0909600000000002,1.09196,1.09195,TARGET,0.0004,1.474999999999671,1.349999999999671,0.5899999999998684
N3_ANCHOR_REVERSION,NEUTRAL,LONG,2020-02-12 04:50:00+00:00,2020-02-12 04:55:00+00:00,2020-02-12 04:55:00+00:00,2020-02-12 06:00:00+00:00,1.0913300000000001,1.0909300000000002,1.09193,1.0909200000000001,STOP,0.0004,-1.0250000000000536,-1.1500000000000536,-0.41000000000002146
N3_ANCHOR_REVERSION,NEUTRAL,LONG,2020-02-13 14:55:00+00:00,2020-02-13 15:00:00+00:00,2020-02-13 15:00:00+00:00,2020-02-13 15:05:00+00:00,1.0856100000000002,1.0852100000000002,1.0862100000000001,1.0852000000000002,STOP,0.0004,-1.0250000000000536,-1.1500000000000536,-0.41000000000002146
N3_ANCHOR_REVERSION,NEUTRAL,LONG,2020-02-13 15:25:00+00:00,2020-02-13 15:30:00+00:00,2020-02-13 15:30:00+00:00,2020-02-13 15:35:00+00:00,1.08386,1.08346,1.08446,1.08445,TARGET,0.0004,1.474999999999671,1.349999999999671,0.5899999999998684
N3_ANCHOR_REVERSION,NEUTRAL,LONG,2020-02-18 02:30:00+00:00,2020-02-18 02:35:00+00:00,2020-02-18 02:35:00+00:00,2020-02-18 03:10:00+00:00,1.08258,1.0821800000000001,1.08318,1.08317,TARGET,0.0004,1.474999999999671,1.349999999999671,0.5899999999998684
N3_ANCHOR_REVERSION,NEUTRAL,SHORT,2020-02-18 03:40:00+00:00,2020-02-18 03:45:00+00:00,2020-02-18 03:45:00+00:00,2020-02-18 06:05:00+00:00,1.0831899999999999,1.0835899999999998,1.08259,1.0836,STOP,0.0004,-1.0250000000000536,-1.1500000000000536,-0.41000000000002146
N3_ANCHOR_REVERSION,NEUTRAL,LONG,2020-02-18 19:45:00+00:00,2020-02-18 19:50:00+00:00,2020-02-18 19:50:00+00:00,2020-02-18 20:25:00+00:00,1.07953,1.0791300000000001,1.08013,1.07912,STOP,0.0004,-1.0250000000000536,-1.1500000000000536,-0.41000000000002146
N3_ANCHOR_REVERSION,NEUTRAL,LONG,2020-02-18 20:55:00+00:00,2020-02-18 21:00:00+00:00,2020-02-18 21:00:00+00:00,2020-02-18 21:25:00+00:00,1.07965,1.07925,1.08025,1.07924,STOP,0.0004,-1.0250000000000536,-1.1500000000000536,-0.41000000000002146
N3_ANCHOR_REVERSION,NEUTRAL,SHORT,2020-02-19 00:55:00+00:00,2020-02-19 01:00:00+00:00,2020-02-19 01:00:00+00:00,2020-02-19 01:25:00+00:00,1.0797999999999999,1.0801999999999998,1.0792,1.08021,STOP,0.0004,-1.0250000000000536,-1.1500000000000536,-0.41000000000002146
N3_ANCHOR_REVERSION,NEUTRAL,SHORT,2020-02-19 01:25:00+00:00,2020-02-19 01:30:00+00:00,2020-02-19 01:30:00+00:00,2020-02-19 01:45:00+00:00,1.08002,1.08042,1.07942,1.08043,STOP,0.0004,-1.0250000000000536,-1.1500000000000536,-0.41000000000002146
N3_ANCHOR_REVERSION,NEUTRAL,SHORT,2020-02-19 01:50:00+00:00,2020-02-19 01:55:00+00:00,2020-02-19 01:55:00+00:00,2020-02-19 04:40:00+00:00,1.08028,1.0806799999999999,1.07968,1.07969,TARGET,0.0004,1.474999999999671,1.349999999999671,0.5899999999998684
N3_ANCHOR_REVERSION,NEUTRAL,LONG,2020-02-19 04:55:00+00:00,2020-02-19 05:00:00+00:00,2020-02-19 05:00:00+00:00,2020-02-19 06:00:00+00:00,1.0798,1.0794000000000001,1.0804,1.07939,STOP,0.0004,-1.0250000000000536,-1.1500000000000536,-0.41000000000002146
N3_ANCHOR_REVERSION,NEUTRAL,LONG,2020-02-20 01:55:00+00:00,2020-02-20 02:00:00+00:00,2020-02-20 02:00:00+00:00,2020-02-20 02:30:00+00:00,1.08009,1.07969,1.08069,1.07968,STOP,0.0004,-1.0250000000000536,-1.1500000000000536,-0.41000000000002146
N3_ANCHOR_REVERSION,NEUTRAL,LONG,2020-02-20 03:00:00+00:00,2020-02-20 03:05:00+00:00,2020-02-20 03:05:00+00:00,2020-02-20 06:30:00+00:00,1.07963,1.0792300000000001,1.08023,1.07922,STOP,0.0004,-1.0250000000000536,-1.1500000000000536,-0.41000000000002146
N3_ANCHOR_REVERSION,NEUTRAL,SHORT,2020-02-20 09:30:00+00:00,2020-02-20 09:35:00+00:00,2020-02-20 09:35:00+00:00,2020-02-20 09:40:00+00:00,1.08026,1.08066,1.07966,1.08067,STOP,0.0004,-1.0250000000000536,-1.1500000000000536,-0.41000000000002146
N3_ANCHOR_REVERSION,NEUTRAL,SHORT,2020-02-20 09:50:00+00:00,2020-02-20 09:55:00+00:00,2020-02-20 09:55:00+00:00,2020-02-20 10:05:00+00:00,1.08004,1.0804399999999998,1.07944,1.07945,TARGET,0.0004,1.474999999999671,1.349999999999671,0.5899999999998684
N3_ANCHOR_REVERSION,NEUTRAL,SHORT,2020-02-21 18:00:00+00:00,2020-02-21 18:05:00+00:00,2020-02-21 18:05:00+00:00,2020-02-21 18:10:00+00:00,1.0855599999999999,1.0859599999999998,1.08496,1.0859699999999999,STOP,0.0004,-1.0250000000000536,-1.1500000000000536,-0.41000000000002146
N3_ANCHOR_REVERSION,NEUTRAL,SHORT,2020-02-21 19:00:00+00:00,2020-02-21 19:05:00+00:00,2020-02-21 19:05:00+00:00,2020-02-21 19:25:00+00:00,1.08541,1.08581,1.08481,1.08582,STOP,0.0004,-1.0250000000000536,-1.1500000000000536,-0.41000000000002146
N3_ANCHOR_REVERSION,NEUTRAL,SHORT,2020-02-21 19:25:00+00:00,2020-02-21 19:30:00+00:00,2020-02-21 19:30:00+00:00,2020-02-21 20:45:00+00:00,1.0856,1.0859999999999999,1.085,1.08501,TARGET,0.0004,1.474999999999671,1.349999999999671,0.5899999999998684
N3_ANCHOR_REVERSION,NEUTRAL,LONG,2020-02-21 20:55:00+00:00,2020-02-21 21:00:00+00:00,2020-02-21 21:00:00+00:00,2020-02-21 21:55:00+00:00,1.08497,1.08457,1.08557,1.08456,STOP,0.0004,-1.0250000000000536,-1.1500000000000536,-0.41000000000002146
N3_ANCHOR_REVERSION,NEUTRAL,LONG,2020-02-23 22:00:00+00:00,2020-02-23 22:05:00+00:00,2020-02-23 22:05:00+00:00,2020-02-23 22:30:00+00:00,1.0826200000000001,1.0822200000000002,1.08322,1.08321,TARGET,0.0004,1.474999999999671,1.349999999999671,0.5899999999998684
N3_ANCHOR_REVERSION,NEUTRAL,LONG,2020-02-23 22:35:00+00:00,2020-02-23 22:40:00+00:00,2020-02-23 22:40:00+00:00,2020-02-23 22:45:00+00:00,1.0833300000000001,1.0829300000000002,1.08393,1.08292,STOP,0.0004,-1.0250000000000536,-1.1500000000000536,-0.41000000000002146
N3_ANCHOR_REVERSION,NEUTRAL,LONG,2020-02-23 22:55:00+00:00,2020-02-23 23:00:00+00:00,2020-02-23 23:00:00+00:00,2020-02-23 23:00:00+00:00,1.08305,1.0826500000000001,1.08365,1.08364,TARGET,0.0004,1.474999999999671,1.349999999999671,0.5899999999998684
N3_ANCHOR_REVERSION,NEUTRAL,LONG,2020-02-24 00:45:00+00:00,2020-02-24 00:50:00+00:00,2020-02-24 00:50:00+00:00,2020-02-24 01:10:00+00:00,1.0832300000000001,1.0828300000000002,1.08383,1.0828200000000001,STOP,0.0004,-1.0250000000000536,-1.1500000000000536,-0.41000000000002146
N3_ANCHOR_REVERSION,NEUTRAL,LONG,2020-02-24 03:00:00+00:00,2020-02-24 03:05:00+00:00,2020-02-24 03:05:00+00:00,2020-02-24 04:30:00+00:00,1.08246,1.08206,1.08306,1.08205,STOP,0.0004,-1.0250000000000536,-1.1500000000000536,-0.41000000000002146
N3_ANCHOR_REVERSION,NEUTRAL,LONG,2020-02-24 05:30:00+00:00,2020-02-24 05:35:00+00:00,2020-02-24 05:35:00+00:00,2020-02-24 05:45:00+00:00,1.08214,1.0817400000000001,1.08274,1.08173,STOP,0.0004,-1.0250000000000536,-1.1500000000000536,-0.41000000000002146
N3_ANCHOR_REVERSION,NEUTRAL,LONG,2020-02-24 06:00:00+00:00,2020-02-24 06:05:00+00:00,2020-02-24 06:05:00+00:00,2020-02-24 07:00:00+00:00,1.0818800000000002,1.0814800000000002,1.08248,1.0814700000000002,STOP,0.0004,-1.0250000000000536,-1.1500000000000536,-0.41000000000002146
N3_ANCHOR_REVERSION,NEUTRAL,SHORT,2020-02-25 01:40:00+00:00,2020-02-25 01:45:00+00:00,2020-02-25 01:45:00+00:00,2020-02-25 02:00:00+00:00,1.0857299999999999,1.0861299999999998,1.08513,1.0861399999999999,STOP,0.0004,-1.0250000000000536,-1.1500000000000536,-0.41000000000002146
N3_ANCHOR_REVERSION,NEUTRAL,LONG,2020-02-25 05:35:00+00:00,2020-02-25 05:40:00+00:00,2020-02-25 05:40:00+00:00,2020-02-25 05:55:00+00:00,1.08559,1.08519,1.08619,1.08518,STOP,0.0004,-1.0250000000000536,-1.1500000000000536,-0.41000000000002146
N3_ANCHOR_REVERSION,NEUTRAL,LONG,2020-02-25 06:10:00+00:00,2020-02-25 06:15:00+00:00,2020-02-25 06:15:00+00:00,2020-02-25 07:05:00+00:00,1.08524,1.08484,1.08584,1.08483,STOP,0.0004,-1.0250000000000536,-1.1500000000000536,-0.41000000000002146
N3_ANCHOR_REVERSION,NEUTRAL,LONG,2020-03-12 11:00:00+00:00,2020-03-12 11:05:00+00:00,2020-03-12 11:05:00+00:00,2020-03-12 11:05:00+00:00,1.12409,1.12369,1.12469,1.12368,STOP,0.0004,-1.0250000000000536,-1.1500000000000536,-0.41000000000002146
N3_ANCHOR_REVERSION,NEUTRAL,LONG,2020-03-12 11:30:00+00:00,2020-03-12 11:35:00+00:00,2020-03-12 11:35:00+00:00,2020-03-12 11:35:00+00:00,1.1221400000000001,1.1217400000000002,1.12274,1.1217300000000001,STOP,0.0004,-1.0250000000000536,-1.1500000000000536,-0.41000000000002146
N3_ANCHOR_REVERSION,NEUTRAL,LONG,2020-03-12 11:40:00+00:00,2020-03-12 11:45:00+00:00,2020-03-12 11:45:00+00:00,2020-03-12 11:55:00+00:00,1.1222,1.1218000000000001,1.1228,1.12279,TARGET,0.0004,1.474999999999671,1.349999999999671,0.5899999999998684
N3_ANCHOR_REVERSION,NEUTRAL,SHORT,2020-03-13 03:00:00+00:00,2020-03-13 03:05:00+00:00,2020-03-13 03:05:00+00:00,2020-03-13 03:10:00+00:00,1.11981,1.12021,1.11921,1.11922,TARGET,0.0004,1.474999999999671,1.349999999999671,0.5899999999998684
N3_ANCHOR_REVERSION,NEUTRAL,SHORT,2020-03-13 03:25:00+00:00,2020-03-13 03:30:00+00:00,2020-03-13 03:30:00+00:00,2020-03-13 03:35:00+00:00,1.11985,1.12025,1.11925,1.12026,STOP,0.0004,-1.0250000000000536,-1.1500000000000536,-0.41000000000002146
N3_ANCHOR_REVERSION,NEUTRAL,SHORT,2020-03-13 04:45:00+00:00,2020-03-13 04:50:00+00:00,2020-03-13 04:50:00+00:00,2020-03-13 04:55:00+00:00,1.1213199999999999,1.1217199999999998,1.12072,1.12173,STOP,0.0004,-1.0250000000000536,-1.1500000000000536,-0.41000000000002146
N3_ANCHOR_REVERSION,NEUTRAL,SHORT,2020-03-13 05:00:00+00:00,2020-03-13 05:05:00+00:00,2020-03-13 05:05:00+00:00,2020-03-13 05:05:00+00:00,1.12153,1.1219299999999999,1.12093,1.12194,STOP,0.0004,-1.0250000000000536,-1.1500000000000536,-0.41000000000002146
N3_ANCHOR_REVERSION,NEUTRAL,LONG,2020-03-17 11:55:00+00:00,2020-03-17 12:00:00+00:00,2020-03-17 12:00:00+00:00,2020-03-17 12:00:00+00:00,1.10134,1.10094,1.10194,1.10093,STOP,0.0004,-1.0250000000000536,-1.1500000000000536,-0.41000000000002146
N3_ANCHOR_REVERSION,NEUTRAL,LONG,2020-03-17 12:20:00+00:00,2020-03-17 12:25:00+00:00,2020-03-17 12:25:00+00:00,2020-03-17 12:25:00+00:00,1.1005200000000002,1.1001200000000002,1.10112,1.1001100000000001,STOP,0.0004,-1.0250000000000536,-1.1500000000000536,-0.41000000000002146
N3_ANCHOR_REVERSION,NEUTRAL,LONG,2020-03-17 12:45:00+00:00,2020-03-17 12:50:00+00:00,2020-03-17 12:50:00+00:00,2020-03-17 12:50:00+00:00,1.0988200000000001,1.0984200000000002,1.09942,1.09841,STOP,0.0004,-1.0250000000000536,-1.1500000000000536,-0.41000000000002146
N3_ANCHOR_REVERSION,NEUTRAL,LONG,2020-03-17 13:30:00+00:00,2020-03-17 13:35:00+00:00,2020-03-17 13:35:00+00:00,2020-03-17 13:35:00+00:00,1.1007900000000002,1.1003900000000002,1.10139,1.1003800000000001,STOP,0.0004,-1.0250000000000536,-1.1500000000000536,-0.41000000000002146
N3_ANCHOR_REVERSION,NEUTRAL,SHORT,2020-03-25 19:35:00+00:00,2020-03-25 19:40:00+00:00,2020-03-25 19:40:00+00:00,2020-03-25 19:45:00+00:00,1.08811,1.0885099999999999,1.08751,1.08752,TARGET,0.0004,1.474999999999671,1.349999999999671,0.5899999999998684
N3_ANCHOR_REVERSION,NEUTRAL,SHORT,2020-03-25 23:50:00+00:00,2020-03-25 23:55:00+00:00,2020-03-25 23:55:00+00:00,2020-03-26 00:05:00+00:00,1.0886399999999998,1.0890399999999998,1.08804,1.08805,TARGET,0.0004,1.474999999999671,1.349999999999671,0.5899999999998684
N3_ANCHOR_REVERSION,NEUTRAL,LONG,2020-04-02 23:30:00+00:00,2020-04-02 23:35:00+00:00,2020-04-02 23:35:00+00:00,2020-04-03 00:00:00+00:00,1.08458,1.0841800000000001,1.08518,1.08417,STOP,0.0004,-1.0250000000000536,-1.1500000000000536,-0.41000000000002146
N3_ANCHOR_REVERSION,NEUTRAL,LONG,2020-04-03 00:20:00+00:00,2020-04-03 00:25:00+00:00,2020-04-03 00:25:00+00:00,2020-04-03 00:25:00+00:00,1.0840800000000002,1.0836800000000002,1.08468,1.0836700000000001,STOP,0.0004,-1.0250000000000536,-1.1500000000000536,-0.41000000000002146
N3_ANCHOR_REVERSION,NEUTRAL,LONG,2020-04-03 00:30:00+00:00,2020-04-03 00:35:00+00:00,2020-04-03 00:35:00+00:00,2020-04-03 00:45:00+00:00,1.08379,1.08339,1.08439,1.08338,STOP,0.0004,-1.0250000000000536,-1.1500000000000536,-0.41000000000002146
N3_ANCHOR_REVERSION,NEUTRAL,LONG,2020-04-03 00:50:00+00:00,2020-04-03 00:55:00+00:00,2020-04-03 00:55:00+00:00,2020-04-03 01:30:00+00:00,1.08407,1.0836700000000001,1.08467,1.08466,TARGET,0.0004,1.474999999999671,1.349999999999671,0.5899999999998684
N3_ANCHOR_REVERSION,NEUTRAL,SHORT,2020-04-03 18:30:00+00:00,2020-04-03 18:35:00+00:00,2020-04-03 18:35:00+00:00,2020-04-03 18:35:00+00:00,1.0807799999999999,1.0811799999999998,1.08018,1.0811899999999999,STOP,0.0004,-1.0250000000000536,-1.1500000000000536,-0.41000000000002146
N3_ANCHOR_REVERSION,NEUTRAL,SHORT,2020-04-07 18:05:00+00:00,2020-04-07 18:10:00+00:00,2020-04-07 18:10:00+00:00,2020-04-07 19:00:00+00:00,1.0906399999999998,1.0910399999999998,1.09004,1.0910499999999999,STOP,0.0004,-1.0250000000000536,-1.1500000000000536,-0.41000000000002146
N3_ANCHOR_REVERSION,NEUTRAL,SHORT,2020-04-09 13:00:00+00:00,2020-04-09 13:05:00+00:00,2020-04-09 13:05:00+00:00,2020-04-09 13:05:00+00:00,1.0897299999999999,1.0901299999999998,1.08913,1.0901399999999999,STOP,0.0004,-1.0250000000000536,-1.1500000000000536,-0.41000000000002146
N3_ANCHOR_REVERSION,NEUTRAL,SHORT,2020-04-09 13:30:00+00:00,2020-04-09 13:35:00+00:00,2020-04-09 13:35:00+00:00,2020-04-09 13:35:00+00:00,1.0928099999999998,1.0932099999999998,1.09221,1.0932199999999999,STOP,0.0004,-1.0250000000000536,-1.1500000000000536,-0.41000000000002146
N3_ANCHOR_REVERSION,NEUTRAL,SHORT,2020-04-09 13:45:00+00:00,2020-04-09 13:50:00+00:00,2020-04-09 13:50:00+00:00,2020-04-09 13:55:00+00:00,1.0931499999999998,1.0935499999999998,1.09255,1.09256,TARGET,0.0004,1.474999999999671,1.349999999999671,0.5899999999998684
N3_ANCHOR_REVERSION,NEUTRAL,SHORT,2020-04-09 15:00:00+00:00,2020-04-09 15:05:00+00:00,2020-04-09 15:05:00+00:00,2020-04-09 15:05:00+00:00,1.0928499999999999,1.0932499999999998,1.09225,1.09326,STOP,0.0004,-1.0250000000000536,-1.1500000000000536,-0.41000000000002146
N3_ANCHOR_REVERSION,NEUTRAL,LONG,2020-04-10 00:10:00+00:00,2020-04-10 00:15:00+00:00,2020-04-10 00:15:00+00:00,2020-04-10 00:20:00+00:00,1.09232,1.09192,1.09292,1.09191,STOP,0.0004,-1.0250000000000536,-1.1500000000000536,-0.41000000000002146
N3_ANCHOR_REVERSION,NEUTRAL,LONG,2020-04-10 00:25:00+00:00,2020-04-10 00:30:00+00:00,2020-04-10 00:30:00+00:00,2020-04-10 01:55:00+00:00,1.09223,1.09183,1.09283,1.09282,TARGET,0.0004,1.474999999999671,1.349999999999671,0.5899999999998684
N3_ANCHOR_REVERSION,NEUTRAL,SHORT,2020-04-10 03:20:00+00:00,2020-04-10 03:25:00+00:00,2020-04-10 03:25:00+00:00,2020-04-10 03:30:00+00:00,1.09365,1.09405,1.09305,1.09406,STOP,0.0004,-1.0250000000000536,-1.1500000000000536,-0.41000000000002146
N3_ANCHOR_REVERSION,NEUTRAL,SHORT,2020-04-10 04:00:00+00:00,2020-04-10 04:05:00+00:00,2020-04-10 04:05:00+00:00,2020-04-10 04:25:00+00:00,1.09381,1.09421,1.09321,1.09422,STOP,0.0004,-1.0250000000000536,-1.1500000000000536,-0.41000000000002146
N3_ANCHOR_REVERSION,NEUTRAL,SHORT,2020-04-13 07:05:00+00:00,2020-04-13 07:10:00+00:00,2020-04-13 07:10:00+00:00,2020-04-13 07:10:00+00:00,1.0959699999999999,1.0963699999999998,1.09537,1.09638,STOP,0.0004,-1.0250000000000536,-1.1500000000000536,-0.41000000000002146
N3_ANCHOR_REVERSION,NEUTRAL,SHORT,2020-04-13 07:20:00+00:00,2020-04-13 07:25:00+00:00,2020-04-13 07:25:00+00:00,2020-04-13 07:40:00+00:00,1.09638,1.0967799999999999,1.09578,1.09579,TARGET,0.0004,1.474999999999671,1.349999999999671,0.5899999999998684
N3_ANCHOR_REVERSION,NEUTRAL,LONG,2020-04-13 10:20:00+00:00,2020-04-13 10:25:00+00:00,2020-04-13 10:25:00+00:00,2020-04-13 10:25:00+00:00,1.09131,1.09091,1.09191,1.0909,STOP,0.0004,-1.0250000000000536,-1.1500000000000536,-0.41000000000002146
N3_ANCHOR_REVERSION,NEUTRAL,LONG,2020-04-13 10:30:00+00:00,2020-04-13 10:35:00+00:00,2020-04-13 10:35:00+00:00,2020-04-13 11:00:00+00:00,1.09155,1.09115,1.09215,1.09114,STOP,0.0004,-1.0250000000000536,-1.1500000000000536,-0.41000000000002146
N3_ANCHOR_REVERSION,NEUTRAL,SHORT,2020-04-14 13:00:00+00:00,2020-04-14 13:05:00+00:00,2020-04-14 13:05:00+00:00,2020-04-14 13:10:00+00:00,1.09642,1.09682,1.09582,1.09583,TARGET,0.0004,1.474999999999671,1.349999999999671,0.5899999999998684
N3_ANCHOR_REVERSION,NEUTRAL,SHORT,2020-04-14 14:50:00+00:00,2020-04-14 14:55:00+00:00,2020-04-14 14:55:00+00:00,2020-04-14 14:55:00+00:00,1.09741,1.09781,1.09681,1.0968200000000001,TARGET,0.0004,1.474999999999671,1.349999999999671,0.5899999999998684
N3_ANCHOR_REVERSION,NEUTRAL,SHORT,2020-04-14 18:00:00+00:00,2020-04-14 18:05:00+00:00,2020-04-14 18:05:00+00:00,2020-04-14 18:20:00+00:00,1.09755,1.09795,1.09695,1.09796,STOP,0.0004,-1.0250000000000536,-1.1500000000000536,-0.41000000000002146
N3_ANCHOR_REVERSION,NEUTRAL,SHORT,2020-04-14 18:30:00+00:00,2020-04-14 18:35:00+00:00,2020-04-14 18:35:00+00:00,2020-04-14 18:50:00+00:00,1.09761,1.09801,1.09701,1.09802,STOP,0.0004,-1.0250000000000536,-1.1500000000000536,-0.41000000000002146
N3_ANCHOR_REVERSION,NEUTRAL,SHORT,2020-04-15 01:00:00+00:00,2020-04-15 01:05:00+00:00,2020-04-15 01:05:00+00:00,2020-04-15 03:30:00+00:00,1.09852,1.09892,1.09792,1.09793,TARGET,0.0004,1.474999999999671,1.349999999999671,0.5899999999998684
N3_ANCHOR_REVERSION,NEUTRAL,LONG,2020-04-15 08:05:00+00:00,2020-04-15 08:10:00+00:00,2020-04-15 08:10:00+00:00,2020-04-15 08:15:00+00:00,1.09348,1.09308,1.09408,1.09307,STOP,0.0004,-1.0250000000000536,-1.1500000000000536,-0.41000000000002146
N3_ANCHOR_REVERSION,NEUTRAL,LONG,2020-04-15 08:20:00+00:00,2020-04-15 08:25:00+00:00,2020-04-15 08:25:00+00:00,2020-04-15 08:25:00+00:00,1.09358,1.09318,1.09418,1.09317,STOP,0.0004,-1.0250000000000536,-1.1500000000000536,-0.41000000000002146
N3_ANCHOR_REVERSION,NEUTRAL,LONG,2020-04-15 08:50:00+00:00,2020-04-15 08:55:00+00:00,2020-04-15 08:55:00+00:00,2020-04-15 08:55:00+00:00,1.0925900000000002,1.0921900000000002,1.09319,1.09318,TARGET,0.0004,1.474999999999671,1.349999999999671,0.5899999999998684
N3_ANCHOR_REVERSION,NEUTRAL,LONG,2020-04-16 04:05:00+00:00,2020-04-16 04:10:00+00:00,2020-04-16 04:10:00+00:00,2020-04-16 04:20:00+00:00,1.08752,1.08712,1.08812,1.08711,STOP,0.0004,-1.0250000000000536,-1.1500000000000536,-0.41000000000002146
N3_ANCHOR_REVERSION,NEUTRAL,LONG,2020-04-16 04:30:00+00:00,2020-04-16 04:35:00+00:00,2020-04-16 04:35:00+00:00,2020-04-16 04:50:00+00:00,1.08698,1.08658,1.08758,1.08757,TARGET,0.0004,1.474999999999671,1.349999999999671,0.5899999999998684
N3_ANCHOR_REVERSION,NEUTRAL,SHORT,2020-04-16 06:25:00+00:00,2020-04-16 06:30:00+00:00,2020-04-16 06:30:00+00:00,2020-04-16 06:35:00+00:00,1.0889499999999999,1.0893499999999998,1.08835,1.0893599999999999,STOP,0.0004,-1.0250000000000536,-1.1500000000000536,-0.41000000000002146
N3_ANCHOR_REVERSION,NEUTRAL,SHORT,2020-04-16 06:45:00+00:00,2020-04-16 06:50:00+00:00,2020-04-16 06:50:00+00:00,2020-04-16 06:55:00+00:00,1.09008,1.09048,1.08948,1.08949,TARGET,0.0004,1.474999999999671,1.349999999999671,0.5899999999998684
N3_ANCHOR_REVERSION,NEUTRAL,SHORT,2020-04-17 00:35:00+00:00,2020-04-17 00:40:00+00:00,2020-04-17 00:40:00+00:00,2020-04-17 01:05:00+00:00,1.08645,1.0868499999999999,1.08585,1.08686,STOP,0.0004,-1.0250000000000536,-1.1500000000000536,-0.41000000000002146
N3_ANCHOR_REVERSION,NEUTRAL,SHORT,2020-04-17 01:20:00+00:00,2020-04-17 01:25:00+00:00,2020-04-17 01:25:00+00:00,2020-04-17 01:25:00+00:00,1.08721,1.08761,1.08661,1.08762,STOP,0.0004,-1.0250000000000536,-1.1500000000000536,-0.41000000000002146
N3_ANCHOR_REVERSION,NEUTRAL,SHORT,2020-04-17 14:30:00+00:00,2020-04-17 14:35:00+00:00,2020-04-17 14:35:00+00:00,2020-04-17 14:40:00+00:00,1.08765,1.08805,1.08705,1.08806,STOP,0.0004,-1.0250000000000536,-1.1500000000000536,-0.41000000000002146
N3_ANCHOR_REVERSION,NEUTRAL,SHORT,2020-04-17 14:45:00+00:00,2020-04-17 14:50:00+00:00,2020-04-17 14:50:00+00:00,2020-04-17 14:50:00+00:00,1.08751,1.08791,1.08691,1.08792,STOP,0.0004,-1.0250000000000536,-1.1500000000000536,-0.41000000000002146
N3_ANCHOR_REVERSION,NEUTRAL,LONG,2020-04-20 00:15:00+00:00,2020-04-20 00:20:00+00:00,2020-04-20 00:20:00+00:00,2020-04-20 00:20:00+00:00,1.0860800000000002,1.0856800000000002,1.08668,1.0856700000000001,STOP,0.0004,-1.0250000000000536,-1.1500000000000536,-0.41000000000002146
N3_ANCHOR_REVERSION,NEUTRAL,SHORT,2020-04-20 14:50:00+00:00,2020-04-20 14:55:00+00:00,2020-04-20 14:55:00+00:00,2020-04-20 14:55:00+00:00,1.08785,1.08825,1.08725,1.08826,STOP,0.0004,-1.0250000000000536,-1.1500000000000536,-0.41000000000002146
N3_ANCHOR_REVERSION,NEUTRAL,LONG,2020-04-20 18:30:00+00:00,2020-04-20 18:35:00+00:00,2020-04-20 18:35:00+00:00,2020-04-20 18:40:00+00:00,1.08641,1.0860100000000001,1.08701,1.086,STOP,0.0004,-1.0250000000000536,-1.1500000000000536,-0.41000000000002146
N3_ANCHOR_REVERSION,NEUTRAL,LONG,2020-04-21 04:45:00+00:00,2020-04-21 04:50:00+00:00,2020-04-21 04:50:00+00:00,2020-04-21 05:05:00+00:00,1.08338,1.08298,1.08398,1.08297,STOP,0.0004,-1.0250000000000536,-1.1500000000000536,-0.41000000000002146
N3_ANCHOR_REVERSION,NEUTRAL,LONG,2020-04-21 05:15:00+00:00,2020-04-21 05:20:00+00:00,2020-04-21 05:20:00+00:00,2020-04-21 05:30:00+00:00,1.08351,1.08311,1.08411,1.0831,STOP,0.0004,-1.0250000000000536,-1.1500000000000536,-0.41000000000002146
N3_ANCHOR_REVERSION,NEUTRAL,SHORT,2020-04-21 19:40:00+00:00,2020-04-21 19:45:00+00:00,2020-04-21 19:45:00+00:00,2020-04-21 19:55:00+00:00,1.08599,1.08639,1.08539,1.0864,STOP,0.0004,-1.0250000000000536,-1.1500000000000536,-0.41000000000002146
N3_ANCHOR_REVERSION,NEUTRAL,LONG,2020-04-22 00:30:00+00:00,2020-04-22 00:35:00+00:00,2020-04-22 00:35:00+00:00,2020-04-22 01:00:00+00:00,1.0852000000000002,1.0848000000000002,1.0858,1.08579,TARGET,0.0004,1.474999999999671,1.349999999999671,0.5899999999998684
N3_ANCHOR_REVERSION,NEUTRAL,LONG,2020-04-22 16:55:00+00:00,2020-04-22 17:00:00+00:00,2020-04-22 17:00:00+00:00,2020-04-22 17:00:00+00:00,1.0816400000000002,1.0812400000000002,1.08224,1.0812300000000001,STOP,0.0004,-1.0250000000000536,-1.1500000000000536,-0.41000000000002146
N3_ANCHOR_REVERSION,NEUTRAL,LONG,2020-04-22 17:35:00+00:00,2020-04-22 17:40:00+00:00,2020-04-22 17:40:00+00:00,2020-04-22 18:30:00+00:00,1.0811000000000002,1.0807000000000002,1.0817,1.08169,TARGET,0.0004,1.474999999999671,1.349999999999671,0.5899999999998684
N3_ANCHOR_REVERSION,NEUTRAL,LONG,2020-04-23 00:00:00+00:00,2020-04-23 00:05:00+00:00,2020-04-23 00:05:00+00:00,2020-04-23 00:20:00+00:00,1.0811300000000001,1.0807300000000002,1.08173,1.0807200000000001,STOP,0.0004,-1.0250000000000536,-1.1500000000000536,-0.41000000000002146
N3_ANCHOR_REVERSION,NEUTRAL,LONG,2020-04-23 00:25:00+00:00,2020-04-23 00:30:00+00:00,2020-04-23 00:30:00+00:00,2020-04-23 01:15:00+00:00,1.08097,1.08057,1.08157,1.0815599999999999,TARGET,0.0004,1.474999999999671,1.349999999999671,0.5899999999998684
N3_ANCHOR_REVERSION,NEUTRAL,LONG,2020-04-23 02:30:00+00:00,2020-04-23 02:35:00+00:00,2020-04-23 02:35:00+00:00,2020-04-23 05:00:00+00:00,1.0811700000000002,1.0807700000000002,1.0817700000000001,1.08176,TARGET,0.0004,1.474999999999671,1.349999999999671,0.5899999999998684
N3_ANCHOR_REVERSION,NEUTRAL,LONG,2020-04-23 10:10:00+00:00,2020-04-23 10:15:00+00:00,2020-04-23 10:15:00+00:00,2020-04-23 10:30:00+00:00,1.0776400000000002,1.0772400000000002,1.07824,1.0772300000000001,STOP,0.0004,-1.0250000000000536,-1.1500000000000536,-0.41000000000002146
N3_ANCHOR_REVERSION,NEUTRAL,LONG,2020-04-24 00:35:00+00:00,2020-04-24 00:40:00+00:00,2020-04-24 00:40:00+00:00,2020-04-24 00:50:00+00:00,1.0768,1.0764,1.0774,1.07639,STOP,0.0004,-1.0250000000000536,-1.1500000000000536,-0.41000000000002146
N3_ANCHOR_REVERSION,NEUTRAL,LONG,2020-04-24 01:00:00+00:00,2020-04-24 01:05:00+00:00,2020-04-24 01:05:00+00:00,2020-04-24 01:10:00+00:00,1.0769600000000001,1.0765600000000002,1.07756,1.0765500000000001,STOP,0.0004,-1.0250000000000536,-1.1500000000000536,-0.41000000000002146
N3_ANCHOR_REVERSION,NEUTRAL,LONG,2020-04-24 05:10:00+00:00,2020-04-24 05:15:00+00:00,2020-04-24 05:15:00+00:00,2020-04-24 05:45:00+00:00,1.07677,1.07637,1.07737,1.07636,STOP,0.0004,-1.0250000000000536,-1.1500000000000536,-0.41000000000002146
N3_ANCHOR_REVERSION,NEUTRAL,LONG,2020-04-24 05:50:00+00:00,2020-04-24 05:55:00+00:00,2020-04-24 05:55:00+00:00,2020-04-24 06:00:00+00:00,1.07651,1.0761100000000001,1.07711,1.0761,STOP,0.0004,-1.0250000000000536,-1.1500000000000536,-0.41000000000002146
N3_ANCHOR_REVERSION,NEUTRAL,SHORT,2020-04-24 20:55:00+00:00,2020-04-24 21:00:00+00:00,2020-04-26 21:00:00+00:00,2020-04-27 00:00:00+00:00,1.0820999999999998,1.0824999999999998,1.0815,1.08151,TARGET,0.0004,1.474999999999671,1.349999999999671,0.5899999999998684
N3_ANCHOR_REVERSION,NEUTRAL,SHORT,2020-04-27 01:40:00+00:00,2020-04-27 01:45:00+00:00,2020-04-27 01:45:00+00:00,2020-04-27 01:50:00+00:00,1.08249,1.08289,1.08189,1.0829,STOP,0.0004,-1.0250000000000536,-1.1500000000000536,-0.41000000000002146
N3_ANCHOR_REVERSION,NEUTRAL,SHORT,2020-04-27 01:55:00+00:00,2020-04-27 02:00:00+00:00,2020-04-27 02:00:00+00:00,2020-04-27 03:30:00+00:00,1.08253,1.08293,1.08193,1.08294,STOP,0.0004,-1.0250000000000536,-1.1500000000000536,-0.41000000000002146
N3_ANCHOR_REVERSION,NEUTRAL,SHORT,2020-04-27 04:55:00+00:00,2020-04-27 05:00:00+00:00,2020-04-27 05:00:00+00:00,2020-04-27 05:00:00+00:00,1.08384,1.0842399999999999,1.08324,1.08425,STOP,0.0004,-1.0250000000000536,-1.1500000000000536,-0.41000000000002146
N3_ANCHOR_REVERSION,NEUTRAL,SHORT,2020-04-27 05:40:00+00:00,2020-04-27 05:45:00+00:00,2020-04-27 05:45:00+00:00,2020-04-27 05:45:00+00:00,1.0839999999999999,1.0843999999999998,1.0834,1.0844099999999999,STOP,0.0004,-1.0250000000000536,-1.1500000000000536,-0.41000000000002146
N3_ANCHOR_REVERSION,NEUTRAL,LONG,2020-04-28 00:00:00+00:00,2020-04-28 00:05:00+00:00,2020-04-28 00:05:00+00:00,2020-04-28 00:20:00+00:00,1.0825500000000001,1.0821500000000002,1.08315,1.08314,TARGET,0.0004,1.474999999999671,1.349999999999671,0.5899999999998684
N3_ANCHOR_REVERSION,NEUTRAL,SHORT,2020-04-28 00:40:00+00:00,2020-04-28 00:45:00+00:00,2020-04-28 00:45:00+00:00,2020-04-28 01:45:00+00:00,1.0832899999999999,1.0836899999999998,1.08269,1.0827,TARGET,0.0004,1.474999999999671,1.349999999999671,0.5899999999998684
N3_ANCHOR_REVERSION,NEUTRAL,SHORT,2020-04-28 09:40:00+00:00,2020-04-28 09:45:00+00:00,2020-04-28 09:45:00+00:00,2020-04-28 09:50:00+00:00,1.08796,1.08836,1.08736,1.08837,STOP,0.0004,-1.0250000000000536,-1.1500000000000536,-0.41000000000002146
N3_ANCHOR_REVERSION,NEUTRAL,SHORT,2020-04-28 09:50:00+00:00,2020-04-28 09:55:00+00:00,2020-04-28 09:55:00+00:00,2020-04-28 10:05:00+00:00,1.08768,1.08808,1.08708,1.0870900000000001,TARGET,0.0004,1.474999999999671,1.349999999999671,0.5899999999998684
N3_ANCHOR_REVERSION,NEUTRAL,SHORT,2020-04-29 00:20:00+00:00,2020-04-29 00:25:00+00:00,2020-04-29 00:25:00+00:00,2020-04-29 00:35:00+00:00,1.08341,1.08381,1.08281,1.08382,STOP,0.0004,-1.0250000000000536,-1.1500000000000536,-0.41000000000002146
N3_ANCHOR_REVERSION,NEUTRAL,LONG,2020-04-30 22:25:00+00:00,2020-04-30 22:30:00+00:00,2020-04-30 22:30:00+00:00,2020-04-30 23:25:00+00:00,1.0945500000000001,1.0941500000000002,1.09515,1.0941400000000001,STOP,0.0004,-1.0250000000000536,-1.1500000000000536,-0.41000000000002146
N3_ANCHOR_REVERSION,NEUTRAL,LONG,2020-04-30 23:30:00+00:00,2020-04-30 23:35:00+00:00,2020-04-30 23:35:00+00:00,2020-05-01 00:05:00+00:00,1.0943800000000001,1.0939800000000002,1.09498,1.09397,STOP,0.0004,-1.0250000000000536,-1.1500000000000536,-0.41000000000002146
N3_ANCHOR_REVERSION,NEUTRAL,LONG,2020-05-01 00:10:00+00:00,2020-05-01 00:15:00+00:00,2020-05-01 00:15:00+00:00,2020-05-01 00:30:00+00:00,1.09393,1.0935300000000001,1.09453,1.09352,STOP,0.0004,-1.0250000000000536,-1.1500000000000536,-0.41000000000002146
N3_ANCHOR_REVERSION,NEUTRAL,LONG,2020-05-01 00:45:00+00:00,2020-05-01 00:50:00+00:00,2020-05-01 00:50:00+00:00,2020-05-01 00:55:00+00:00,1.0938400000000001,1.0934400000000002,1.09444,1.09443,TARGET,0.0004,1.474999999999671,1.349999999999671,0.5899999999998684
N3_ANCHOR_REVERSION,NEUTRAL,SHORT,2020-05-01 05:25:00+00:00,2020-05-01 05:30:00+00:00,2020-05-01 05:30:00+00:00,2020-05-01 06:00:00+00:00,1.0949499999999999,1.0953499999999998,1.09435,1.09536,STOP,0.0004,-1.0250000000000536,-1.1500000000000536,-0.41000000000002146
N3_ANCHOR_REVERSION,NEUTRAL,LONG,2020-05-01 17:35:00+00:00,2020-05-01 17:40:00+00:00,2020-05-01 17:40:00+00:00,2020-05-01 18:00:00+00:00,1.09844,1.0980400000000001,1.09904,1.09803,STOP,0.0004,-1.0250000000000536,-1.1500000000000536,-0.41000000000002146
N3_ANCHOR_REVERSION,NEUTRAL,LONG,2020-05-03 22:55:00+00:00,2020-05-03 23:00:00+00:00,2020-05-03 23:00:00+00:00,2020-05-04 00:05:00+00:00,1.09572,1.09532,1.09632,1.09531,STOP,0.0004,-1.0250000000000536,-1.1500000000000536,-0.41000000000002146
N3_ANCHOR_REVERSION,NEUTRAL,LONG,2020-05-04 00:30:00+00:00,2020-05-04 00:35:00+00:00,2020-05-04 00:35:00+00:00,2020-05-04 00:35:00+00:00,1.09562,1.09522,1.09622,1.09521,STOP,0.0004,-1.0250000000000536,-1.1500000000000536,-0.41000000000002146
N3_ANCHOR_REVERSION,NEUTRAL,LONG,2020-05-04 03:35:00+00:00,2020-05-04 03:40:00+00:00,2020-05-04 03:40:00+00:00,2020-05-04 04:10:00+00:00,1.0944200000000002,1.0940200000000002,1.09502,1.0940100000000001,STOP,0.0004,-1.0250000000000536,-1.1500000000000536,-0.41000000000002146
N3_ANCHOR_REVERSION,NEUTRAL,LONG,2020-05-04 05:35:00+00:00,2020-05-04 05:40:00+00:00,2020-05-04 05:40:00+00:00,2020-05-04 05:45:00+00:00,1.09356,1.0931600000000001,1.09416,1.09315,STOP,0.0004,-1.0250000000000536,-1.1500000000000536,-0.41000000000002146
N3_ANCHOR_REVERSION,NEUTRAL,LONG,2020-05-04 06:05:00+00:00,2020-05-04 06:10:00+00:00,2020-05-04 06:10:00+00:00,2020-05-04 06:25:00+00:00,1.09318,1.09278,1.09378,1.09377,TARGET,0.0004,1.474999999999671,1.349999999999671,0.5899999999998684
N3_ANCHOR_REVERSION,NEUTRAL,LONG,2020-05-05 11:20:00+00:00,2020-05-05 11:25:00+00:00,2020-05-05 11:25:00+00:00,2020-05-05 11:25:00+00:00,1.08393,1.08353,1.08453,1.08352,STOP,0.0004,-1.0250000000000536,-1.1500000000000536,-0.41000000000002146
N3_ANCHOR_REVERSION,NEUTRAL,LONG,2020-05-05 12:00:00+00:00,2020-05-05 12:05:00+00:00,2020-05-05 12:05:00+00:00,2020-05-05 12:10:00+00:00,1.08352,1.08312,1.08412,1.08411,TARGET,0.0004,1.474999999999671,1.349999999999671,0.5899999999998684
N3_ANCHOR_REVERSION,NEUTRAL,LONG,2020-05-08 19:10:00+00:00,2020-05-08 19:15:00+00:00,2020-05-08 19:15:00+00:00,2020-05-08 19:15:00+00:00,1.08386,1.08346,1.08446,1.08345,STOP,0.0004,-1.0250000000000536,-1.1500000000000536,-0.41000000000002146
N3_ANCHOR_REVERSION,NEUTRAL,LONG,2020-05-08 19:25:00+00:00,2020-05-08 19:30:00+00:00,2020-05-08 19:30:00+00:00,2020-05-08 20:55:00+00:00,1.0835000000000001,1.0831000000000002,1.0841,1.0836999999999999,TIME_12H,0.0004,0.4999999999993898,0.3749999999993898,0.19999999999975593
N3_ANCHOR_REVERSION,NEUTRAL,SHORT,2020-05-11 00:45:00+00:00,2020-05-11 00:50:00+00:00,2020-05-11 00:50:00+00:00,2020-05-11 00:50:00+00:00,1.0840299999999998,1.0844299999999998,1.08343,1.0844399999999998,STOP,0.0004,-1.0250000000000536,-1.1500000000000536,-0.41000000000002146
N3_ANCHOR_REVERSION,NEUTRAL,SHORT,2020-05-11 01:05:00+00:00,2020-05-11 01:10:00+00:00,2020-05-11 01:10:00+00:00,2020-05-11 01:50:00+00:00,1.08432,1.08472,1.08372,1.08473,STOP,0.0004,-1.0250000000000536,-1.1500000000000536,-0.41000000000002146
N3_ANCHOR_REVERSION,NEUTRAL,SHORT,2020-05-11 01:50:00+00:00,2020-05-11 01:55:00+00:00,2020-05-11 01:55:00+00:00,2020-05-11 01:55:00+00:00,1.08449,1.08489,1.08389,1.0849,STOP,0.0004,-1.0250000000000536,-1.1500000000000536,-0.41000000000002146
N3_ANCHOR_REVERSION,NEUTRAL,SHORT,2020-05-11 02:00:00+00:00,2020-05-11 02:05:00+00:00,2020-05-11 02:05:00+00:00,2020-05-11 05:35:00+00:00,1.08483,1.08523,1.08423,1.08424,TARGET,0.0004,1.474999999999671,1.349999999999671,0.5899999999998684
N3_ANCHOR_REVERSION,NEUTRAL,SHORT,2020-05-13 13:00:00+00:00,2020-05-13 13:05:00+00:00,2020-05-13 13:05:00+00:00,2020-05-13 13:05:00+00:00,1.08767,1.0880699999999999,1.08707,1.08708,TARGET,0.0004,1.474999999999671,1.349999999999671,0.5899999999998684
N3_ANCHOR_REVERSION,NEUTRAL,LONG,2020-05-13 19:15:00+00:00,2020-05-13 19:20:00+00:00,2020-05-13 19:20:00+00:00,2020-05-13 19:25:00+00:00,1.0816000000000001,1.0812000000000002,1.0822,1.08119,STOP,0.0004,-1.0250000000000536,-1.1500000000000536,-0.41000000000002146
N3_ANCHOR_REVERSION,NEUTRAL,LONG,2020-05-13 19:35:00+00:00,2020-05-13 19:40:00+00:00,2020-05-13 19:40:00+00:00,2020-05-13 23:50:00+00:00,1.08152,1.08112,1.08212,1.08211,TARGET,0.0004,1.474999999999671,1.349999999999671,0.5899999999998684
N3_ANCHOR_REVERSION,NEUTRAL,LONG,2020-05-14 02:00:00+00:00,2020-05-14 02:05:00+00:00,2020-05-14 02:05:00+00:00,2020-05-14 03:35:00+00:00,1.08121,1.08081,1.08181,1.0808,STOP,0.0004,-1.0250000000000536,-1.1500000000000536,-0.41000000000002146
N3_ANCHOR_REVERSION,NEUTRAL,LONG,2020-05-14 03:35:00+00:00,2020-05-14 03:40:00+00:00,2020-05-14 03:40:00+00:00,2020-05-14 04:20:00+00:00,1.0810600000000001,1.0806600000000002,1.08166,1.08065,STOP,0.0004,-1.0250000000000536,-1.1500000000000536,-0.41000000000002146
N3_ANCHOR_REVERSION,NEUTRAL,SHORT,2020-05-15 20:40:00+00:00,2020-05-15 20:45:00+00:00,2020-05-15 20:45:00+00:00,2020-05-15 20:55:00+00:00,1.08177,1.0821699999999999,1.08117,1.08218,STOP,0.0004,-1.0250000000000536,-1.1500000000000536,-0.41000000000002146
N3_ANCHOR_REVERSION,NEUTRAL,SHORT,2020-05-17 23:10:00+00:00,2020-05-17 23:15:00+00:00,2020-05-17 23:15:00+00:00,2020-05-18 01:10:00+00:00,1.08218,1.0825799999999999,1.08158,1.08159,TARGET,0.0004,1.474999999999671,1.349999999999671,0.5899999999998684
N3_ANCHOR_REVERSION,NEUTRAL,SHORT,2020-05-18 20:45:00+00:00,2020-05-18 20:50:00+00:00,2020-05-18 20:50:00+00:00,2020-05-18 21:00:00+00:00,1.09151,1.09191,1.09091,1.09192,STOP,0.0004,-1.0250000000000536,-1.1500000000000536,-0.41000000000002146
N3_ANCHOR_REVERSION,NEUTRAL,SHORT,2020-05-19 00:05:00+00:00,2020-05-19 00:10:00+00:00,2020-05-19 00:10:00+00:00,2020-05-19 00:25:00+00:00,1.09188,1.09228,1.09128,1.09229,STOP,0.0004,-1.0250000000000536,-1.1500000000000536,-0.41000000000002146
N3_ANCHOR_REVERSION,NEUTRAL,SHORT,2020-05-19 06:35:00+00:00,2020-05-19 06:40:00+00:00,2020-05-19 06:40:00+00:00,2020-05-19 06:45:00+00:00,1.0937,1.0940999999999999,1.0931,1.09411,STOP,0.0004,-1.0250000000000536,-1.1500000000000536,-0.41000000000002146
N3_ANCHOR_REVERSION,NEUTRAL,LONG,2020-05-19 13:20:00+00:00,2020-05-19 13:25:00+00:00,2020-05-19 13:25:00+00:00,2020-05-19 13:30:00+00:00,1.0936000000000001,1.0932000000000002,1.0942,1.09319,STOP,0.0004,-1.0250000000000536,-1.1500000000000536,-0.41000000000002146
N3_ANCHOR_REVERSION,NEUTRAL,LONG,2020-05-19 13:35:00+00:00,2020-05-19 13:40:00+00:00,2020-05-19 13:40:00+00:00,2020-05-19 13:40:00+00:00,1.09341,1.09301,1.09401,1.093,STOP,0.0004,-1.0250000000000536,-1.1500000000000536,-0.41000000000002146
N3_ANCHOR_REVERSION,NEUTRAL,SHORT,2020-05-20 15:00:00+00:00,2020-05-20 15:05:00+00:00,2020-05-20 15:05:00+00:00,2020-05-20 15:25:00+00:00,1.0991,1.0995,1.0985,1.09951,STOP,0.0004,-1.0250000000000536,-1.1500000000000536,-0.41000000000002146
N3_ANCHOR_REVERSION,NEUTRAL,LONG,2020-05-21 00:10:00+00:00,2020-05-21 00:15:00+00:00,2020-05-21 00:15:00+00:00,2020-05-21 00:25:00+00:00,1.09758,1.09718,1.09818,1.09717,STOP,0.0004,-1.0250000000000536,-1.1500000000000536,-0.41000000000002146
N3_ANCHOR_REVERSION,NEUTRAL,LONG,2020-05-21 00:30:00+00:00,2020-05-21 00:35:00+00:00,2020-05-21 00:35:00+00:00,2020-05-21 00:50:00+00:00,1.0974000000000002,1.0970000000000002,1.098,1.0969900000000001,STOP,0.0004,-1.0250000000000536,-1.1500000000000536,-0.41000000000002146
N3_ANCHOR_REVERSION,NEUTRAL,LONG,2020-05-21 01:40:00+00:00,2020-05-21 01:45:00+00:00,2020-05-21 01:45:00+00:00,2020-05-21 02:05:00+00:00,1.0962100000000001,1.0958100000000002,1.09681,1.0958,STOP,0.0004,-1.0250000000000536,-1.1500000000000536,-0.41000000000002146
N3_ANCHOR_REVERSION,NEUTRAL,LONG,2020-05-21 02:10:00+00:00,2020-05-21 02:15:00+00:00,2020-05-21 02:15:00+00:00,2020-05-21 05:30:00+00:00,1.09599,1.09559,1.09659,1.09558,STOP,0.0004,-1.0250000000000536,-1.1500000000000536,-0.41000000000002146
N3_ANCHOR_REVERSION,NEUTRAL,LONG,2020-05-22 02:55:00+00:00,2020-05-22 03:00:00+00:00,2020-05-22 03:00:00+00:00,2020-05-22 03:20:00+00:00,1.0942100000000001,1.0938100000000002,1.09481,1.0938,STOP,0.0004,-1.0250000000000536,-1.1500000000000536,-0.41000000000002146
N3_ANCHOR_REVERSION,NEUTRAL,LONG,2020-05-22 03:45:00+00:00,2020-05-22 03:50:00+00:00,2020-05-22 03:50:00+00:00,2020-05-22 04:05:00+00:00,1.09319,1.0927900000000002,1.09379,1.09278,STOP,0.0004,-1.0250000000000536,-1.1500000000000536,-0.41000000000002146
N3_ANCHOR_REVERSION,NEUTRAL,LONG,2020-05-22 04:30:00+00:00,2020-05-22 04:35:00+00:00,2020-05-22 04:35:00+00:00,2020-05-22 05:00:00+00:00,1.09318,1.09278,1.09378,1.09277,STOP,0.0004,-1.0250000000000536,-1.1500000000000536,-0.41000000000002146
N3_ANCHOR_REVERSION,NEUTRAL,LONG,2020-05-22 05:10:00+00:00,2020-05-22 05:15:00+00:00,2020-05-22 05:15:00+00:00,2020-05-22 06:00:00+00:00,1.09244,1.0920400000000001,1.09304,1.09303,TARGET,0.0004,1.474999999999671,1.349999999999671,0.5899999999998684
N3_ANCHOR_REVERSION,NEUTRAL,SHORT,2020-05-25 10:05:00+00:00,2020-05-25 10:10:00+00:00,2020-05-25 10:10:00+00:00,2020-05-25 10:40:00+00:00,1.09006,1.09046,1.08946,1.09047,STOP,0.0004,-1.0250000000000536,-1.1500000000000536,-0.41000000000002146
N3_ANCHOR_REVERSION,NEUTRAL,SHORT,2020-05-25 11:00:00+00:00,2020-05-25 11:05:00+00:00,2020-05-25 11:05:00+00:00,2020-05-25 11:35:00+00:00,1.0897599999999998,1.0901599999999998,1.08916,1.0901699999999999,STOP,0.0004,-1.0250000000000536,-1.1500000000000536,-0.41000000000002146
N3_ANCHOR_REVERSION,NEUTRAL,SHORT,2020-05-25 12:05:00+00:00,2020-05-25 12:10:00+00:00,2020-05-25 12:10:00+00:00,2020-05-25 12:55:00+00:00,1.0910199999999999,1.0914199999999998,1.09042,1.09043,TARGET,0.0004,1.474999999999671,1.349999999999671,0.5899999999998684
N3_ANCHOR_REVERSION,NEUTRAL,LONG,2020-05-25 14:05:00+00:00,2020-05-25 14:10:00+00:00,2020-05-25 14:10:00+00:00,2020-05-25 14:40:00+00:00,1.08934,1.08894,1.08994,1.0899299999999998,TARGET,0.0004,1.474999999999671,1.349999999999671,0.5899999999998684
N3_ANCHOR_REVERSION,NEUTRAL,SHORT,2020-05-26 00:05:00+00:00,2020-05-26 00:10:00+00:00,2020-05-26 00:10:00+00:00,2020-05-26 00:15:00+00:00,1.0899999999999999,1.0903999999999998,1.0894,1.0904099999999999,STOP,0.0004,-1.0250000000000536,-1.1500000000000536,-0.41000000000002146
N3_ANCHOR_REVERSION,NEUTRAL,SHORT,2020-05-26 00:50:00+00:00,2020-05-26 00:55:00+00:00,2020-05-26 00:55:00+00:00,2020-05-26 01:00:00+00:00,1.0907,1.0911,1.0901,1.09111,STOP,0.0004,-1.0250000000000536,-1.1500000000000536,-0.41000000000002146
N3_ANCHOR_REVERSION,NEUTRAL,SHORT,2020-05-26 01:00:00+00:00,2020-05-26 01:05:00+00:00,2020-05-26 01:05:00+00:00,2020-05-26 01:05:00+00:00,1.09089,1.0912899999999999,1.09029,1.0913,STOP,0.0004,-1.0250000000000536,-1.1500000000000536,-0.41000000000002146
N3_ANCHOR_REVERSION,NEUTRAL,SHORT,2020-05-26 01:10:00+00:00,2020-05-26 01:15:00+00:00,2020-05-26 01:15:00+00:00,2020-05-26 03:35:00+00:00,1.0911199999999999,1.0915199999999998,1.09052,1.09153,STOP,0.0004,-1.0250000000000536,-1.1500000000000536,-0.41000000000002146
N3_ANCHOR_REVERSION,NEUTRAL,SHORT,2020-05-27 11:40:00+00:00,2020-05-27 11:45:00+00:00,2020-05-27 11:45:00+00:00,2020-05-27 11:45:00+00:00,1.10177,1.1021699999999999,1.10117,1.10218,STOP,0.0004,-1.0250000000000536,-1.1500000000000536,-0.41000000000002146
N3_ANCHOR_REVERSION,NEUTRAL,LONG,2020-05-27 17:00:00+00:00,2020-05-27 17:05:00+00:00,2020-05-27 17:05:00+00:00,2020-05-27 17:10:00+00:00,1.09759,1.09719,1.09819,1.09818,TARGET,0.0004,1.474999999999671,1.349999999999671,0.5899999999998684
N3_ANCHOR_REVERSION,NEUTRAL,SHORT,2020-05-27 19:50:00+00:00,2020-05-27 19:55:00+00:00,2020-05-27 19:55:00+00:00,2020-05-27 20:30:00+00:00,1.09991,1.10031,1.09931,1.10032,STOP,0.0004,-1.0250000000000536,-1.1500000000000536,-0.41000000000002146
N3_ANCHOR_REVERSION,NEUTRAL,SHORT,2020-05-27 20:55:00+00:00,2020-05-27 21:00:00+00:00,2020-05-27 21:00:00+00:00,2020-05-27 21:00:00+00:00,1.10023,1.10063,1.09963,1.1009900000000001,STOP,0.0004,-1.9000000000002348,-2.025000000000235,-0.7600000000000939
N3_ANCHOR_REVERSION,NEUTRAL,SHORT,2020-05-28 00:00:00+00:00,2020-05-28 00:05:00+00:00,2020-05-28 00:05:00+00:00,2020-05-28 00:25:00+00:00,1.1011799999999998,1.1015799999999998,1.10058,1.1015899999999998,STOP,0.0004,-1.0250000000000536,-1.1500000000000536,-0.41000000000002146
N3_ANCHOR_REVERSION,NEUTRAL,SHORT,2020-05-28 00:35:00+00:00,2020-05-28 00:40:00+00:00,2020-05-28 00:40:00+00:00,2020-05-28 00:50:00+00:00,1.10157,1.10197,1.10097,1.10198,STOP,0.0004,-1.0250000000000536,-1.1500000000000536,-0.41000000000002146
N3_ANCHOR_REVERSION,NEUTRAL,SHORT,2020-05-28 00:55:00+00:00,2020-05-28 01:00:00+00:00,2020-05-28 01:00:00+00:00,2020-05-28 01:15:00+00:00,1.10231,1.1027099999999999,1.10171,1.10172,TARGET,0.0004,1.474999999999671,1.349999999999671,0.5899999999998684
N3_ANCHOR_REVERSION,NEUTRAL,SHORT,2020-05-28 01:45:00+00:00,2020-05-28 01:50:00+00:00,2020-05-28 01:50:00+00:00,2020-05-28 01:50:00+00:00,1.10263,1.10303,1.10203,1.10304,STOP,0.0004,-1.0250000000000536,-1.1500000000000536,-0.41000000000002146
N3_ANCHOR_REVERSION,NEUTRAL,SHORT,2020-05-29 02:00:00+00:00,2020-05-29 02:05:00+00:00,2020-05-29 02:05:00+00:00,2020-05-29 02:55:00+00:00,1.10842,1.10882,1.10782,1.10883,STOP,0.0004,-1.0250000000000536,-1.1500000000000536,-0.41000000000002146
N3_ANCHOR_REVERSION,NEUTRAL,SHORT,2020-05-29 04:20:00+00:00,2020-05-29 04:25:00+00:00,2020-05-29 04:25:00+00:00,2020-05-29 04:45:00+00:00,1.1093499999999998,1.1097499999999998,1.10875,1.1097599999999999,STOP,0.0004,-1.0250000000000536,-1.1500000000000536,-0.41000000000002146
N3_ANCHOR_REVERSION,NEUTRAL,LONG,2020-05-29 13:10:00+00:00,2020-05-29 13:15:00+00:00,2020-05-29 13:15:00+00:00,2020-05-29 13:20:00+00:00,1.11141,1.11101,1.11201,1.111,STOP,0.0004,-1.0250000000000536,-1.1500000000000536,-0.41000000000002146
N3_ANCHOR_REVERSION,NEUTRAL,LONG,2020-05-29 13:50:00+00:00,2020-05-29 13:55:00+00:00,2020-05-29 13:55:00+00:00,2020-05-29 14:00:00+00:00,1.1116300000000001,1.1112300000000002,1.11223,1.11122,STOP,0.0004,-1.0250000000000536,-1.1500000000000536,-0.41000000000002146
N3_ANCHOR_REVERSION,NEUTRAL,SHORT,2020-05-31 21:55:00+00:00,2020-05-31 22:00:00+00:00,2020-05-31 22:00:00+00:00,2020-05-31 22:00:00+00:00,1.11129,1.1116899999999998,1.11069,1.1107,TARGET,0.0004,1.474999999999671,1.349999999999671,0.5899999999998684
N3_ANCHOR_REVERSION,NEUTRAL,SHORT,2020-05-31 22:45:00+00:00,2020-05-31 22:50:00+00:00,2020-05-31 22:50:00+00:00,2020-05-31 23:10:00+00:00,1.11124,1.11164,1.11064,1.11165,STOP,0.0004,-1.0250000000000536,-1.1500000000000536,-0.41000000000002146
N3_ANCHOR_REVERSION,NEUTRAL,SHORT,2020-05-31 23:55:00+00:00,2020-06-01 00:00:00+00:00,2020-06-01 00:00:00+00:00,2020-06-01 00:05:00+00:00,1.11154,1.11194,1.11094,1.11195,STOP,0.0004,-1.0250000000000536,-1.1500000000000536,-0.41000000000002146
N3_ANCHOR_REVERSION,NEUTRAL,SHORT,2020-06-01 00:10:00+00:00,2020-06-01 00:15:00+00:00,2020-06-01 00:15:00+00:00,2020-06-01 00:15:00+00:00,1.1117899999999998,1.1121899999999998,1.11119,1.1121999999999999,STOP,0.0004,-1.0250000000000536,-1.1500000000000536,-0.41000000000002146
N3_ANCHOR_REVERSION,NEUTRAL,SHORT,2020-06-01 00:25:00+00:00,2020-06-01 00:30:00+00:00,2020-06-01 00:30:00+00:00,2020-06-01 01:15:00+00:00,1.11209,1.11249,1.11149,1.1125,STOP,0.0004,-1.0250000000000536,-1.1500000000000536,-0.41000000000002146
N3_ANCHOR_REVERSION,NEUTRAL,SHORT,2020-06-01 03:55:00+00:00,2020-06-01 04:00:00+00:00,2020-06-01 04:00:00+00:00,2020-06-01 04:00:00+00:00,1.1132799999999998,1.1136799999999998,1.11268,1.1136899999999998,STOP,0.0004,-1.0250000000000536,-1.1500000000000536,-0.41000000000002146
N3_ANCHOR_REVERSION,NEUTRAL,SHORT,2020-06-02 10:00:00+00:00,2020-06-02 10:05:00+00:00,2020-06-02 10:05:00+00:00,2020-06-02 10:15:00+00:00,1.11729,1.1176899999999999,1.11669,1.1177,STOP,0.0004,-1.0250000000000536,-1.1500000000000536,-0.41000000000002146
N3_ANCHOR_REVERSION,NEUTRAL,SHORT,2020-06-02 12:05:00+00:00,2020-06-02 12:10:00+00:00,2020-06-02 12:10:00+00:00,2020-06-02 12:15:00+00:00,1.11738,1.11778,1.11678,1.11779,STOP,0.0004,-1.0250000000000536,-1.1500000000000536,-0.41000000000002146
N3_ANCHOR_REVERSION,NEUTRAL,SHORT,2020-06-02 14:10:00+00:00,2020-06-02 14:15:00+00:00,2020-06-02 14:15:00+00:00,2020-06-02 14:15:00+00:00,1.11802,1.11842,1.11742,1.11843,STOP,0.0004,-1.0250000000000536,-1.1500000000000536,-0.41000000000002146
N3_ANCHOR_REVERSION,NEUTRAL,SHORT,2020-06-02 14:45:00+00:00,2020-06-02 14:50:00+00:00,2020-06-02 14:50:00+00:00,2020-06-02 14:55:00+00:00,1.1186699999999998,1.1190699999999998,1.11807,1.11808,TARGET,0.0004,1.474999999999671,1.349999999999671,0.5899999999998684
N3_ANCHOR_REVERSION,NEUTRAL,SHORT,2020-06-03 19:30:00+00:00,2020-06-03 19:35:00+00:00,2020-06-03 19:35:00+00:00,2020-06-03 19:45:00+00:00,1.12468,1.1250799999999999,1.12408,1.12509,STOP,0.0004,-1.0250000000000536,-1.1500000000000536,-0.41000000000002146
N3_ANCHOR_REVERSION,NEUTRAL,SHORT,2020-06-03 19:50:00+00:00,2020-06-03 19:55:00+00:00,2020-06-03 19:55:00+00:00,2020-06-03 20:00:00+00:00,1.1246699999999998,1.1250699999999998,1.12407,1.12408,TARGET,0.0004,1.474999999999671,1.349999999999671,0.5899999999998684
N3_ANCHOR_REVERSION,NEUTRAL,LONG,2020-06-03 22:50:00+00:00,2020-06-03 22:55:00+00:00,2020-06-03 22:55:00+00:00,2020-06-04 00:15:00+00:00,1.12318,1.1227800000000001,1.12378,1.12277,STOP,0.0004,-1.0250000000000536,-1.1500000000000536,-0.41000000000002146
N3_ANCHOR_REVERSION,NEUTRAL,LONG,2020-06-04 00:25:00+00:00,2020-06-04 00:30:00+00:00,2020-06-04 00:30:00+00:00,2020-06-04 00:30:00+00:00,1.12274,1.1223400000000001,1.12334,1.12233,STOP,0.0004,-1.0250000000000536,-1.1500000000000536,-0.41000000000002146
N3_ANCHOR_REVERSION,NEUTRAL,LONG,2020-06-04 00:55:00+00:00,2020-06-04 01:00:00+00:00,2020-06-04 01:00:00+00:00,2020-06-04 01:25:00+00:00,1.12233,1.12193,1.12293,1.12192,STOP,0.0004,-1.0250000000000536,-1.1500000000000536,-0.41000000000002146
N3_ANCHOR_REVERSION,NEUTRAL,LONG,2020-06-04 07:30:00+00:00,2020-06-04 07:35:00+00:00,2020-06-04 07:35:00+00:00,2020-06-04 07:40:00+00:00,1.1206900000000002,1.1202900000000002,1.1212900000000001,1.1202800000000002,STOP,0.0004,-1.0250000000000536,-1.1500000000000536,-0.41000000000002146
N3_ANCHOR_REVERSION,NEUTRAL,LONG,2020-06-04 08:30:00+00:00,2020-06-04 08:35:00+00:00,2020-06-04 08:35:00+00:00,2020-06-04 08:35:00+00:00,1.1200800000000002,1.1196800000000002,1.1206800000000001,1.1196700000000002,STOP,0.0004,-1.0250000000000536,-1.1500000000000536,-0.41000000000002146
N3_ANCHOR_REVERSION,NEUTRAL,LONG,2020-06-05 01:20:00+00:00,2020-06-05 01:25:00+00:00,2020-06-05 01:25:00+00:00,2020-06-05 01:35:00+00:00,1.13325,1.1328500000000001,1.13385,1.13284,STOP,0.0004,-1.0250000000000536,-1.1500000000000536,-0.41000000000002146
N3_ANCHOR_REVERSION,NEUTRAL,SHORT,2020-06-05 03:55:00+00:00,2020-06-05 04:00:00+00:00,2020-06-05 04:00:00+00:00,2020-06-05 04:20:00+00:00,1.13388,1.13428,1.13328,1.13429,STOP,0.0004,-1.0250000000000536,-1.1500000000000536,-0.41000000000002146
N3_ANCHOR_REVERSION,NEUTRAL,SHORT,2020-06-05 04:40:00+00:00,2020-06-05 04:45:00+00:00,2020-06-05 04:45:00+00:00,2020-06-05 05:00:00+00:00,1.1352799999999998,1.1356799999999998,1.13468,1.13469,TARGET,0.0004,1.474999999999671,1.349999999999671,0.5899999999998684
N3_ANCHOR_REVERSION,NEUTRAL,SHORT,2020-06-08 23:50:00+00:00,2020-06-08 23:55:00+00:00,2020-06-08 23:55:00+00:00,2020-06-09 00:00:00+00:00,1.1302299999999998,1.1306299999999998,1.12963,1.1306399999999999,STOP,0.0004,-1.0250000000000536,-1.1500000000000536,-0.41000000000002146
N3_ANCHOR_REVERSION,NEUTRAL,SHORT,2020-06-09 00:15:00+00:00,2020-06-09 00:20:00+00:00,2020-06-09 00:20:00+00:00,2020-06-09 00:35:00+00:00,1.13092,1.1313199999999999,1.13032,1.13033,TARGET,0.0004,1.474999999999671,1.349999999999671,0.5899999999998684
N3_ANCHOR_REVERSION,NEUTRAL,LONG,2020-06-09 03:50:00+00:00,2020-06-09 03:55:00+00:00,2020-06-09 03:55:00+00:00,2020-06-09 05:45:00+00:00,1.1287500000000001,1.1283500000000002,1.12935,1.12934,TARGET,0.0004,1.474999999999671,1.349999999999671,0.5899999999998684
N3_ANCHOR_REVERSION,NEUTRAL,SHORT,2020-06-09 12:20:00+00:00,2020-06-09 12:25:00+00:00,2020-06-09 12:25:00+00:00,2020-06-09 12:25:00+00:00,1.12904,1.12944,1.12844,1.12945,STOP,0.0004,-1.0250000000000536,-1.1500000000000536,-0.41000000000002146
N3_ANCHOR_REVERSION,NEUTRAL,SHORT,2020-06-09 12:30:00+00:00,2020-06-09 12:35:00+00:00,2020-06-09 12:35:00+00:00,2020-06-09 12:35:00+00:00,1.12931,1.12971,1.12871,1.12972,STOP,0.0004,-1.0250000000000536,-1.1500000000000536,-0.41000000000002146
N3_ANCHOR_REVERSION,NEUTRAL,LONG,2020-06-10 00:00:00+00:00,2020-06-10 00:05:00+00:00,2020-06-10 00:05:00+00:00,2020-06-10 00:15:00+00:00,1.13347,1.13307,1.13407,1.1340599999999998,TARGET,0.0004,1.474999999999671,1.349999999999671,0.5899999999998684
N3_ANCHOR_REVERSION,NEUTRAL,SHORT,2020-06-10 00:45:00+00:00,2020-06-10 00:50:00+00:00,2020-06-10 00:50:00+00:00,2020-06-10 01:15:00+00:00,1.13425,1.13465,1.13365,1.13466,STOP,0.0004,-1.0250000000000536,-1.1500000000000536,-0.41000000000002146
N3_ANCHOR_REVERSION,NEUTRAL,LONG,2020-06-12 18:10:00+00:00,2020-06-12 18:15:00+00:00,2020-06-12 18:15:00+00:00,2020-06-12 18:20:00+00:00,1.12274,1.1223400000000001,1.12334,1.12233,STOP,0.0004,-1.0250000000000536,-1.1500000000000536,-0.41000000000002146
N3_ANCHOR_REVERSION,NEUTRAL,LONG,2020-06-12 18:30:00+00:00,2020-06-12 18:35:00+00:00,2020-06-12 18:35:00+00:00,2020-06-12 18:35:00+00:00,1.12307,1.12267,1.12367,1.12266,STOP,0.0004,-1.0250000000000536,-1.1500000000000536,-0.41000000000002146
N3_ANCHOR_REVERSION,NEUTRAL,LONG,2020-06-14 22:10:00+00:00,2020-06-14 22:15:00+00:00,2020-06-14 22:15:00+00:00,2020-06-14 22:25:00+00:00,1.12348,1.12308,1.12408,1.12407,TARGET,0.0004,1.474999999999671,1.349999999999671,0.5899999999998684
N3_ANCHOR_REVERSION,NEUTRAL,SHORT,2020-06-15 00:10:00+00:00,2020-06-15 00:15:00+00:00,2020-06-15 00:15:00+00:00,2020-06-15 00:35:00+00:00,1.1254199999999999,1.1258199999999998,1.12482,1.1258299999999999,STOP,0.0004,-1.0250000000000536,-1.1500000000000536,-0.41000000000002146
N3_ANCHOR_REVERSION,NEUTRAL,SHORT,2020-06-15 00:40:00+00:00,2020-06-15 00:45:00+00:00,2020-06-15 00:45:00+00:00,2020-06-15 00:50:00+00:00,1.12563,1.1260299999999999,1.12503,1.12504,TARGET,0.0004,1.474999999999671,1.349999999999671,0.5899999999998684
N3_ANCHOR_REVERSION,NEUTRAL,SHORT,2020-06-15 04:40:00+00:00,2020-06-15 04:45:00+00:00,2020-06-15 04:45:00+00:00,2020-06-15 05:00:00+00:00,1.12625,1.12665,1.12565,1.12566,TARGET,0.0004,1.474999999999671,1.349999999999671,0.5899999999998684
N3_ANCHOR_REVERSION,NEUTRAL,LONG,2020-06-15 05:20:00+00:00,2020-06-15 05:25:00+00:00,2020-06-15 05:25:00+00:00,2020-06-15 05:30:00+00:00,1.1251900000000001,1.1247900000000002,1.12579,1.1247800000000001,STOP,0.0004,-1.0250000000000536,-1.1500000000000536,-0.41000000000002146
N3_ANCHOR_REVERSION,NEUTRAL,SHORT,2020-06-16 00:05:00+00:00,2020-06-16 00:10:00+00:00,2020-06-16 00:10:00+00:00,2020-06-16 00:15:00+00:00,1.1333,1.1337,1.1327,1.13371,STOP,0.0004,-1.0250000000000536,-1.1500000000000536,-0.41000000000002146
N3_ANCHOR_REVERSION,NEUTRAL,SHORT,2020-06-16 00:20:00+00:00,2020-06-16 00:25:00+00:00,2020-06-16 00:25:00+00:00,2020-06-16 01:00:00+00:00,1.13327,1.13367,1.13267,1.13368,STOP,0.0004,-1.0250000000000536,-1.1500000000000536,-0.41000000000002146
N3_ANCHOR_REVERSION,NEUTRAL,SHORT,2020-06-16 02:40:00+00:00,2020-06-16 02:45:00+00:00,2020-06-16 02:45:00+00:00,2020-06-16 02:45:00+00:00,1.1340299999999999,1.1344299999999998,1.13343,1.13444,STOP,0.0004,-1.0250000000000536,-1.1500000000000536,-0.41000000000002146
N3_ANCHOR_REVERSION,NEUTRAL,LONG,2020-06-16 19:45:00+00:00,2020-06-16 19:50:00+00:00,2020-06-16 19:50:00+00:00,2020-06-16 21:25:00+00:00,1.12603,1.1256300000000001,1.12663,1.12562,STOP,0.0004,-1.0250000000000536,-1.1500000000000536,-0.41000000000002146
N3_ANCHOR_REVERSION,NEUTRAL,SHORT,2020-06-17 00:50:00+00:00,2020-06-17 00:55:00+00:00,2020-06-17 00:55:00+00:00,2020-06-17 00:55:00+00:00,1.1268099999999999,1.1272099999999998,1.12621,1.1272199999999999,STOP,0.0004,-1.0250000000000536,-1.1500000000000536,-0.41000000000002146
N3_ANCHOR_REVERSION,NEUTRAL,LONG,2020-06-18 17:00:00+00:00,2020-06-18 17:05:00+00:00,2020-06-18 17:05:00+00:00,2020-06-18 17:20:00+00:00,1.11942,1.1190200000000001,1.12002,1.11901,STOP,0.0004,-1.0250000000000536,-1.1500000000000536,-0.41000000000002146
N3_ANCHOR_REVERSION,NEUTRAL,SHORT,2020-06-18 23:00:00+00:00,2020-06-18 23:05:00+00:00,2020-06-18 23:05:00+00:00,2020-06-18 23:30:00+00:00,1.12087,1.12127,1.12027,1.12128,STOP,0.0004,-1.0250000000000536,-1.1500000000000536,-0.41000000000002146
N3_ANCHOR_REVERSION,NEUTRAL,SHORT,2020-06-18 23:35:00+00:00,2020-06-18 23:40:00+00:00,2020-06-18 23:40:00+00:00,2020-06-19 00:05:00+00:00,1.12103,1.12143,1.12043,1.12044,TARGET,0.0004,1.474999999999671,1.349999999999671,0.5899999999998684
N3_ANCHOR_REVERSION,NEUTRAL,LONG,2020-06-19 00:20:00+00:00,2020-06-19 00:25:00+00:00,2020-06-19 00:25:00+00:00,2020-06-19 00:45:00+00:00,1.1203800000000002,1.1199800000000002,1.12098,1.1199700000000001,STOP,0.0004,-1.0250000000000536,-1.1500000000000536,-0.41000000000002146
N3_ANCHOR_REVERSION,NEUTRAL,LONG,2020-06-19 16:00:00+00:00,2020-06-19 16:05:00+00:00,2020-06-19 16:05:00+00:00,2020-06-19 16:10:00+00:00,1.1189900000000002,1.1185900000000002,1.11959,1.1185800000000001,STOP,0.0004,-1.0250000000000536,-1.1500000000000536,-0.41000000000002146
N3_ANCHOR_REVERSION,NEUTRAL,LONG,2020-06-19 18:15:00+00:00,2020-06-19 18:20:00+00:00,2020-06-19 18:20:00+00:00,2020-06-19 18:50:00+00:00,1.11781,1.11741,1.11841,1.1183999999999998,TARGET,0.0004,1.474999999999671,1.349999999999671,0.5899999999998684
N3_ANCHOR_REVERSION,NEUTRAL,LONG,2020-06-21 22:15:00+00:00,2020-06-21 22:20:00+00:00,2020-06-21 22:20:00+00:00,2020-06-21 23:10:00+00:00,1.11798,1.11758,1.11858,1.11757,STOP,0.0004,-1.0250000000000536,-1.1500000000000536,-0.41000000000002146
N3_ANCHOR_REVERSION,NEUTRAL,LONG,2020-06-21 23:25:00+00:00,2020-06-21 23:30:00+00:00,2020-06-21 23:30:00+00:00,2020-06-21 23:30:00+00:00,1.11724,1.11684,1.11784,1.11683,STOP,0.0004,-1.0250000000000536,-1.1500000000000536,-0.41000000000002146
N3_ANCHOR_REVERSION,NEUTRAL,SHORT,2020-06-22 00:45:00+00:00,2020-06-22 00:50:00+00:00,2020-06-22 00:50:00+00:00,2020-06-22 01:05:00+00:00,1.11834,1.1187399999999998,1.11774,1.11875,STOP,0.0004,-1.0250000000000536,-1.1500000000000536,-0.41000000000002146
N3_ANCHOR_REVERSION,NEUTRAL,SHORT,2020-06-22 04:20:00+00:00,2020-06-22 04:25:00+00:00,2020-06-22 04:25:00+00:00,2020-06-22 04:50:00+00:00,1.11968,1.12008,1.11908,1.12009,STOP,0.0004,-1.0250000000000536,-1.1500000000000536,-0.41000000000002146
N3_ANCHOR_REVERSION,NEUTRAL,SHORT,2020-06-22 05:05:00+00:00,2020-06-22 05:10:00+00:00,2020-06-22 05:10:00+00:00,2020-06-22 05:20:00+00:00,1.1198599999999999,1.1202599999999998,1.11926,1.1202699999999999,STOP,0.0004,-1.0250000000000536,-1.1500000000000536,-0.41000000000002146
N3_ANCHOR_REVERSION,NEUTRAL,SHORT,2020-06-22 05:30:00+00:00,2020-06-22 05:35:00+00:00,2020-06-22 05:35:00+00:00,2020-06-22 06:00:00+00:00,1.12009,1.12049,1.11949,1.1195000000000002,TARGET,0.0004,1.474999999999671,1.349999999999671,0.5899999999998684
N3_ANCHOR_REVERSION,NEUTRAL,SHORT,2020-06-22 23:55:00+00:00,2020-06-23 00:00:00+00:00,2020-06-23 00:00:00+00:00,2020-06-23 00:35:00+00:00,1.12774,1.12814,1.12714,1.12715,TARGET,0.0004,1.474999999999671,1.349999999999671,0.5899999999998684
N3_ANCHOR_REVERSION,NEUTRAL,LONG,2020-06-23 01:30:00+00:00,2020-06-23 01:35:00+00:00,2020-06-23 01:35:00+00:00,2020-06-23 01:35:00+00:00,1.1241800000000002,1.1237800000000002,1.1247800000000001,1.1237700000000002,STOP,0.0004,-1.0250000000000536,-1.1500000000000536,-0.41000000000002146
N3_ANCHOR_REVERSION,NEUTRAL,LONG,2020-06-23 01:45:00+00:00,2020-06-23 01:50:00+00:00,2020-06-23 01:50:00+00:00,2020-06-23 01:50:00+00:00,1.12415,1.12375,1.12475,1.1247399999999999,TARGET,0.0004,1.474999999999671,1.349999999999671,0.5899999999998684
N3_ANCHOR_REVERSION,NEUTRAL,SHORT,2020-06-24 00:35:00+00:00,2020-06-24 00:40:00+00:00,2020-06-24 00:40:00+00:00,2020-06-24 01:15:00+00:00,1.13161,1.13201,1.13101,1.13202,STOP,0.0004,-1.0250000000000536,-1.1500000000000536,-0.41000000000002146
N3_ANCHOR_REVERSION,NEUTRAL,SHORT,2020-06-24 01:45:00+00:00,2020-06-24 01:50:00+00:00,2020-06-24 01:50:00+00:00,2020-06-24 02:00:00+00:00,1.1321999999999999,1.1325999999999998,1.1316,1.13161,TARGET,0.0004,1.474999999999671,1.349999999999671,0.5899999999998684
N3_ANCHOR_REVERSION,NEUTRAL,LONG,2020-06-25 12:05:00+00:00,2020-06-25 12:10:00+00:00,2020-06-25 12:10:00+00:00,2020-06-25 12:35:00+00:00,1.1200100000000002,1.1196100000000002,1.12061,1.1206,TARGET,0.0004,1.474999999999671,1.349999999999671,0.5899999999998684
N3_ANCHOR_REVERSION,NEUTRAL,LONG,2020-06-25 12:45:00+00:00,2020-06-25 12:50:00+00:00,2020-06-25 12:50:00+00:00,2020-06-25 12:50:00+00:00,1.1206200000000002,1.1202200000000002,1.12122,1.1202100000000002,STOP,0.0004,-1.0250000000000536,-1.1500000000000536,-0.41000000000002146
N3_ANCHOR_REVERSION,NEUTRAL,SHORT,2020-06-25 14:20:00+00:00,2020-06-25 14:25:00+00:00,2020-06-25 14:25:00+00:00,2020-06-25 14:25:00+00:00,1.12262,1.12302,1.12202,1.12303,STOP,0.0004,-1.0250000000000536,-1.1500000000000536,-0.41000000000002146
N3_ANCHOR_REVERSION,NEUTRAL,LONG,2020-06-25 18:35:00+00:00,2020-06-25 18:40:00+00:00,2020-06-25 18:40:00+00:00,2020-06-25 19:05:00+00:00,1.1217400000000002,1.1213400000000002,1.1223400000000001,1.12233,TARGET,0.0004,1.474999999999671,1.349999999999671,0.5899999999998684
N3_ANCHOR_REVERSION,NEUTRAL,SHORT,2020-06-29 05:20:00+00:00,2020-06-29 05:25:00+00:00,2020-06-29 05:25:00+00:00,2020-06-29 05:35:00+00:00,1.12479,1.12519,1.12419,1.1252,STOP,0.0004,-1.0250000000000536,-1.1500000000000536,-0.41000000000002146
N3_ANCHOR_REVERSION,NEUTRAL,SHORT,2020-06-29 05:45:00+00:00,2020-06-29 05:50:00+00:00,2020-06-29 05:50:00+00:00,2020-06-29 06:15:00+00:00,1.12539,1.1257899999999998,1.12479,1.1258,STOP,0.0004,-1.0250000000000536,-1.1500000000000536,-0.41000000000002146
N3_ANCHOR_REVERSION,NEUTRAL,SHORT,2020-06-29 06:30:00+00:00,2020-06-29 06:35:00+00:00,2020-06-29 06:35:00+00:00,2020-06-29 06:35:00+00:00,1.12607,1.1264699999999999,1.12547,1.12648,STOP,0.0004,-1.0250000000000536,-1.1500000000000536,-0.41000000000002146
N3_ANCHOR_REVERSION,NEUTRAL,SHORT,2020-06-29 06:40:00+00:00,2020-06-29 06:45:00+00:00,2020-06-29 06:45:00+00:00,2020-06-29 06:45:00+00:00,1.1259,1.1262999999999999,1.1253,1.12631,STOP,0.0004,-1.0250000000000536,-1.1500000000000536,-0.41000000000002146
N3_ANCHOR_REVERSION,NEUTRAL,SHORT,2020-06-29 23:55:00+00:00,2020-06-30 00:00:00+00:00,2020-06-30 00:00:00+00:00,2020-06-30 00:35:00+00:00,1.12465,1.1250499999999999,1.12405,1.12406,TARGET,0.0004,1.474999999999671,1.349999999999671,0.5899999999998684
N3_ANCHOR_REVERSION,NEUTRAL,LONG,2020-06-30 04:05:00+00:00,2020-06-30 04:10:00+00:00,2020-06-30 04:10:00+00:00,2020-06-30 05:15:00+00:00,1.12406,1.12366,1.12466,1.12365,STOP,0.0004,-1.0250000000000536,-1.1500000000000536,-0.41000000000002146
N3_ANCHOR_REVERSION,NEUTRAL,LONG,2020-07-01 00:25:00+00:00,2020-07-01 00:30:00+00:00,2020-07-01 00:30:00+00:00,2020-07-01 01:05:00+00:00,1.1229900000000002,1.1225900000000002,1.12359,1.12358,TARGET,0.0004,1.474999999999671,1.349999999999671,0.5899999999998684
N3_ANCHOR_REVERSION,NEUTRAL,LONG,2020-07-01 04:30:00+00:00,2020-07-01 04:35:00+00:00,2020-07-01 04:35:00+00:00,2020-07-01 04:40:00+00:00,1.1226800000000001,1.1222800000000002,1.12328,1.12227,STOP,0.0004,-1.0250000000000536,-1.1500000000000536,-0.41000000000002146
N3_ANCHOR_REVERSION,NEUTRAL,LONG,2020-07-01 05:00:00+00:00,2020-07-01 05:05:00+00:00,2020-07-01 05:05:00+00:00,2020-07-01 05:10:00+00:00,1.1221700000000001,1.1217700000000002,1.12277,1.12176,STOP,0.0004,-1.0250000000000536,-1.1500000000000536,-0.41000000000002146
N3_ANCHOR_REVERSION,NEUTRAL,LONG,2020-07-01 05:15:00+00:00,2020-07-01 05:20:00+00:00,2020-07-01 05:20:00+00:00,2020-07-01 06:30:00+00:00,1.1221400000000001,1.1217400000000002,1.12274,1.12273,TARGET,0.0004,1.474999999999671,1.349999999999671,0.5899999999998684
N3_ANCHOR_REVERSION,NEUTRAL,SHORT,2020-07-02 01:25:00+00:00,2020-07-02 01:30:00+00:00,2020-07-02 01:30:00+00:00,2020-07-02 02:30:00+00:00,1.12563,1.1260299999999999,1.12503,1.12604,STOP,0.0004,-1.0250000000000536,-1.1500000000000536,-0.41000000000002146
N3_ANCHOR_REVERSION,NEUTRAL,LONG,2020-07-02 16:55:00+00:00,2020-07-02 17:00:00+00:00,2020-07-02 17:00:00+00:00,2020-07-02 17:20:00+00:00,1.12293,1.12253,1.12353,1.1235199999999999,TARGET,0.0004,1.474999999999671,1.349999999999671,0.5899999999998684
N3_ANCHOR_REVERSION,NEUTRAL,LONG,2020-07-03 00:50:00+00:00,2020-07-03 00:55:00+00:00,2020-07-03 00:55:00+00:00,2020-07-03 01:15:00+00:00,1.1237000000000001,1.1233000000000002,1.1243,1.12429,TARGET,0.0004,1.474999999999671,1.349999999999671,0.5899999999998684
N3_ANCHOR_REVERSION,NEUTRAL,SHORT,2020-07-03 01:25:00+00:00,2020-07-03 01:30:00+00:00,2020-07-03 01:30:00+00:00,2020-07-03 02:00:00+00:00,1.12473,1.12513,1.12413,1.1241400000000001,TARGET,0.0004,1.474999999999671,1.349999999999671,0.5899999999998684
N3_ANCHOR_REVERSION,NEUTRAL,LONG,2020-07-03 04:35:00+00:00,2020-07-03 04:40:00+00:00,2020-07-03 04:40:00+00:00,2020-07-03 04:55:00+00:00,1.12338,1.12298,1.12398,1.12297,STOP,0.0004,-1.0250000000000536,-1.1500000000000536,-0.41000000000002146
N3_ANCHOR_REVERSION,NEUTRAL,LONG,2020-07-03 05:30:00+00:00,2020-07-03 05:35:00+00:00,2020-07-03 05:35:00+00:00,2020-07-03 06:15:00+00:00,1.12349,1.1230900000000001,1.12409,1.12408,TARGET,0.0004,1.474999999999671,1.349999999999671,0.5899999999998684
N3_ANCHOR_REVERSION,NEUTRAL,SHORT,2020-07-06 03:55:00+00:00,2020-07-06 04:00:00+00:00,2020-07-06 04:00:00+00:00,2020-07-06 04:55:00+00:00,1.12826,1.12866,1.12766,1.12867,STOP,0.0004,-1.0250000000000536,-1.1500000000000536,-0.41000000000002146
N3_ANCHOR_REVERSION,NEUTRAL,SHORT,2020-07-06 05:00:00+00:00,2020-07-06 05:05:00+00:00,2020-07-06 05:05:00+00:00,2020-07-06 05:25:00+00:00,1.12863,1.12903,1.12803,1.12904,STOP,0.0004,-1.0250000000000536,-1.1500000000000536,-0.41000000000002146
N3_ANCHOR_REVERSION,NEUTRAL,SHORT,2020-07-06 05:30:00+00:00,2020-07-06 05:35:00+00:00,2020-07-06 05:35:00+00:00,2020-07-06 05:55:00+00:00,1.12882,1.12922,1.12822,1.12923,STOP,0.0004,-1.0250000000000536,-1.1500000000000536,-0.41000000000002146
N3_ANCHOR_REVERSION,NEUTRAL,SHORT,2020-07-06 06:05:00+00:00,2020-07-06 06:10:00+00:00,2020-07-06 06:10:00+00:00,2020-07-06 06:10:00+00:00,1.1288,1.1292,1.1282,1.12921,STOP,0.0004,-1.0250000000000536,-1.1500000000000536,-0.41000000000002146
N3_ANCHOR_REVERSION,NEUTRAL,SHORT,2020-07-07 00:45:00+00:00,2020-07-07 00:50:00+00:00,2020-07-07 00:50:00+00:00,2020-07-07 01:15:00+00:00,1.1328799999999999,1.1332799999999998,1.13228,1.13229,TARGET,0.0004,1.474999999999671,1.349999999999671,0.5899999999998684
N3_ANCHOR_REVERSION,NEUTRAL,LONG,2020-07-07 09:05:00+00:00,2020-07-07 09:10:00+00:00,2020-07-07 09:10:00+00:00,2020-07-07 09:55:00+00:00,1.1265800000000001,1.1261800000000002,1.12718,1.12717,TARGET,0.0004,1.474999999999671,1.349999999999671,0.5899999999998684
N3_ANCHOR_REVERSION,NEUTRAL,SHORT,2020-07-07 11:50:00+00:00,2020-07-07 11:55:00+00:00,2020-07-07 11:55:00+00:00,2020-07-07 12:00:00+00:00,1.1288,1.1292,1.1282,1.12921,STOP,0.0004,-1.0250000000000536,-1.1500000000000536,-0.41000000000002146
N3_ANCHOR_REVERSION,NEUTRAL,SHORT,2020-07-07 12:00:00+00:00,2020-07-07 12:05:00+00:00,2020-07-07 12:05:00+00:00,2020-07-07 12:30:00+00:00,1.12902,1.1294199999999999,1.12842,1.12943,STOP,0.0004,-1.0250000000000536,-1.1500000000000536,-0.41000000000002146
N3_ANCHOR_REVERSION,NEUTRAL,LONG,2020-07-14 19:10:00+00:00,2020-07-14 19:15:00+00:00,2020-07-14 19:15:00+00:00,2020-07-14 20:35:00+00:00,1.13908,1.1386800000000001,1.13968,1.13967,TARGET,0.0004,1.474999999999671,1.349999999999671,0.5899999999998684
N3_ANCHOR_REVERSION,NEUTRAL,SHORT,2020-07-14 23:05:00+00:00,2020-07-14 23:10:00+00:00,2020-07-14 23:10:00+00:00,2020-07-14 23:20:00+00:00,1.14075,1.1411499999999999,1.14015,1.14116,STOP,0.0004,-1.0250000000000536,-1.1500000000000536,-0.41000000000002146
N3_ANCHOR_REVERSION,NEUTRAL,SHORT,2020-07-14 23:40:00+00:00,2020-07-14 23:45:00+00:00,2020-07-14 23:45:00+00:00,2020-07-14 23:55:00+00:00,1.1406699999999999,1.1410699999999998,1.14007,1.1410799999999999,STOP,0.0004,-1.0250000000000536,-1.1500000000000536,-0.41000000000002146
N3_ANCHOR_REVERSION,NEUTRAL,SHORT,2020-07-15 00:10:00+00:00,2020-07-15 00:15:00+00:00,2020-07-15 00:15:00+00:00,2020-07-15 00:20:00+00:00,1.1417899999999999,1.1421899999999998,1.14119,1.1412,TARGET,0.0004,1.474999999999671,1.349999999999671,0.5899999999998684
N3_ANCHOR_REVERSION,NEUTRAL,LONG,2020-07-17 01:10:00+00:00,2020-07-17 01:15:00+00:00,2020-07-17 01:15:00+00:00,2020-07-17 01:15:00+00:00,1.13826,1.13786,1.13886,1.13785,STOP,0.0004,-1.0250000000000536,-1.1500000000000536,-0.41000000000002146
N3_ANCHOR_REVERSION,NEUTRAL,LONG,2020-07-17 01:20:00+00:00,2020-07-17 01:25:00+00:00,2020-07-17 01:25:00+00:00,2020-07-17 01:30:00+00:00,1.1382400000000001,1.1378400000000002,1.13884,1.1378300000000001,STOP,0.0004,-1.0250000000000536,-1.1500000000000536,-0.41000000000002146
N3_ANCHOR_REVERSION,NEUTRAL,LONG,2020-07-17 06:00:00+00:00,2020-07-17 06:05:00+00:00,2020-07-17 06:05:00+00:00,2020-07-17 07:00:00+00:00,1.13806,1.1376600000000001,1.13866,1.13865,TARGET,0.0004,1.474999999999671,1.349999999999671,0.5899999999998684
N3_ANCHOR_REVERSION,NEUTRAL,SHORT,2020-07-17 07:40:00+00:00,2020-07-17 07:45:00+00:00,2020-07-17 07:45:00+00:00,2020-07-17 07:50:00+00:00,1.1392,1.1396,1.1386,1.1386100000000001,TARGET,0.0004,1.474999999999671,1.349999999999671,0.5899999999998684
N3_ANCHOR_REVERSION,NEUTRAL,LONG,2020-08-09 22:30:00+00:00,2020-08-09 22:35:00+00:00,2020-08-09 22:35:00+00:00,2020-08-09 22:55:00+00:00,1.17806,1.1776600000000002,1.17866,1.17765,STOP,0.0004,-1.0250000000000536,-1.1500000000000536,-0.41000000000002146
N3_ANCHOR_REVERSION,NEUTRAL,SHORT,2020-08-10 00:20:00+00:00,2020-08-10 00:25:00+00:00,2020-08-10 00:25:00+00:00,2020-08-10 00:45:00+00:00,1.17898,1.1793799999999999,1.17838,1.17939,STOP,0.0004,-1.0250000000000536,-1.1500000000000536,-0.41000000000002146
N3_ANCHOR_REVERSION,NEUTRAL,SHORT,2020-08-10 00:55:00+00:00,2020-08-10 01:00:00+00:00,2020-08-10 01:00:00+00:00,2020-08-10 01:15:00+00:00,1.17936,1.17976,1.17876,1.17977,STOP,0.0004,-1.0250000000000536,-1.1500000000000536,-0.41000000000002146
N3_ANCHOR_REVERSION,NEUTRAL,SHORT,2020-08-10 01:15:00+00:00,2020-08-10 01:20:00+00:00,2020-08-10 01:20:00+00:00,2020-08-10 02:15:00+00:00,1.17939,1.17979,1.17879,1.1798,STOP,0.0004,-1.0250000000000536,-1.1500000000000536,-0.41000000000002146
N3_ANCHOR_REVERSION,NEUTRAL,SHORT,2020-08-13 10:55:00+00:00,2020-08-13 11:00:00+00:00,2020-08-13 11:00:00+00:00,2020-08-13 11:00:00+00:00,1.18425,1.18465,1.18365,1.18466,STOP,0.0004,-1.0250000000000536,-1.1500000000000536,-0.41000000000002146
N3_ANCHOR_REVERSION,NEUTRAL,LONG,2020-08-13 19:20:00+00:00,2020-08-13 19:25:00+00:00,2020-08-13 19:25:00+00:00,2020-08-13 20:05:00+00:00,1.18032,1.17992,1.18092,1.18091,TARGET,0.0004,1.474999999999671,1.349999999999671,0.5899999999998684
N3_ANCHOR_REVERSION,NEUTRAL,SHORT,2020-08-13 23:05:00+00:00,2020-08-13 23:10:00+00:00,2020-08-13 23:10:00+00:00,2020-08-13 23:35:00+00:00,1.1816099999999998,1.1820099999999998,1.18101,1.1820199999999998,STOP,0.0004,-1.0250000000000536,-1.1500000000000536,-0.41000000000002146
N3_ANCHOR_REVERSION,NEUTRAL,SHORT,2020-08-13 23:50:00+00:00,2020-08-13 23:55:00+00:00,2020-08-13 23:55:00+00:00,2020-08-14 00:00:00+00:00,1.1818199999999999,1.1822199999999998,1.18122,1.18123,TARGET,0.0004,1.474999999999671,1.349999999999671,0.5899999999998684
N3_ANCHOR_REVERSION,NEUTRAL,LONG,2020-08-14 01:05:00+00:00,2020-08-14 01:10:00+00:00,2020-08-14 01:10:00+00:00,2020-08-14 01:20:00+00:00,1.18097,1.1805700000000001,1.18157,1.18056,STOP,0.0004,-1.0250000000000536,-1.1500000000000536,-0.41000000000002146
N3_ANCHOR_REVERSION,NEUTRAL,LONG,2020-08-14 01:25:00+00:00,2020-08-14 01:30:00+00:00,2020-08-14 01:30:00+00:00,2020-08-14 01:55:00+00:00,1.1806100000000002,1.1802100000000002,1.18121,1.1812,TARGET,0.0004,1.474999999999671,1.349999999999671,0.5899999999998684
N3_ANCHOR_REVERSION,NEUTRAL,SHORT,2020-08-14 16:55:00+00:00,2020-08-14 17:00:00+00:00,2020-08-14 17:00:00+00:00,2020-08-14 17:00:00+00:00,1.1844999999999999,1.1848999999999998,1.1839,1.18491,STOP,0.0004,-1.0250000000000536,-1.1500000000000536,-0.41000000000002146
N3_ANCHOR_REVERSION,NEUTRAL,SHORT,2020-08-16 23:10:00+00:00,2020-08-16 23:15:00+00:00,2020-08-16 23:15:00+00:00,2020-08-16 23:25:00+00:00,1.18445,1.18485,1.18385,1.18486,STOP,0.0004,-1.0250000000000536,-1.1500000000000536,-0.41000000000002146
N3_ANCHOR_REVERSION,NEUTRAL,SHORT,2020-08-16 23:45:00+00:00,2020-08-16 23:50:00+00:00,2020-08-16 23:50:00+00:00,2020-08-16 23:50:00+00:00,1.18485,1.18525,1.18425,1.18526,STOP,0.0004,-1.0250000000000536,-1.1500000000000536,-0.41000000000002146
N3_ANCHOR_REVERSION,NEUTRAL,SHORT,2020-08-18 01:15:00+00:00,2020-08-18 01:20:00+00:00,2020-08-18 01:20:00+00:00,2020-08-18 01:35:00+00:00,1.18936,1.18976,1.18876,1.18877,TARGET,0.0004,1.474999999999671,1.349999999999671,0.5899999999998684
N3_ANCHOR_REVERSION,NEUTRAL,SHORT,2020-08-18 02:00:00+00:00,2020-08-18 02:05:00+00:00,2020-08-18 02:05:00+00:00,2020-08-18 02:15:00+00:00,1.1888299999999998,1.1892299999999998,1.18823,1.1892399999999999,STOP,0.0004,-1.0250000000000536,-1.1500000000000536,-0.41000000000002146
N3_ANCHOR_REVERSION,NEUTRAL,LONG,2020-08-18 22:05:00+00:00,2020-08-18 22:10:00+00:00,2020-08-18 22:10:00+00:00,2020-08-18 22:50:00+00:00,1.1931100000000001,1.1927100000000002,1.19371,1.1937,TARGET,0.0004,1.474999999999671,1.349999999999671,0.5899999999998684
N3_ANCHOR_REVERSION,NEUTRAL,SHORT,2020-08-18 23:05:00+00:00,2020-08-18 23:10:00+00:00,2020-08-18 23:10:00+00:00,2020-08-18 23:20:00+00:00,1.19367,1.19407,1.19307,1.19408,STOP,0.0004,-1.0250000000000536,-1.1500000000000536,-0.41000000000002146
N3_ANCHOR_REVERSION,NEUTRAL,SHORT,2020-08-19 00:05:00+00:00,2020-08-19 00:10:00+00:00,2020-08-19 00:10:00+00:00,2020-08-19 00:25:00+00:00,1.19488,1.19528,1.19428,1.19429,TARGET,0.0004,1.474999999999671,1.349999999999671,0.5899999999998684
N3_ANCHOR_REVERSION,NEUTRAL,SHORT,2020-08-19 01:00:00+00:00,2020-08-19 01:05:00+00:00,2020-08-19 01:05:00+00:00,2020-08-19 01:05:00+00:00,1.1946999999999999,1.1950999999999998,1.1941,1.19511,STOP,0.0004,-1.0250000000000536,-1.1500000000000536,-0.41000000000002146
N3_ANCHOR_REVERSION,NEUTRAL,SHORT,2020-08-19 01:15:00+00:00,2020-08-19 01:20:00+00:00,2020-08-19 01:20:00+00:00,2020-08-19 01:30:00+00:00,1.1949999999999998,1.1953999999999998,1.1944,1.19441,TARGET,0.0004,1.474999999999671,1.349999999999671,0.5899999999998684
N3_ANCHOR_REVERSION,NEUTRAL,LONG,2020-08-19 18:20:00+00:00,2020-08-19 18:25:00+00:00,2020-08-19 18:25:00+00:00,2020-08-19 18:25:00+00:00,1.1852900000000002,1.1848900000000002,1.18589,1.1848800000000002,STOP,0.0004,-1.0250000000000536,-1.1500000000000536,-0.41000000000002146
N3_ANCHOR_REVERSION,NEUTRAL,LONG,2020-08-20 00:25:00+00:00,2020-08-20 00:30:00+00:00,2020-08-20 00:30:00+00:00,2020-08-20 00:40:00+00:00,1.18436,1.1839600000000001,1.18496,1.18495,TARGET,0.0004,1.474999999999671,1.349999999999671,0.5899999999998684
N3_ANCHOR_REVERSION,NEUTRAL,LONG,2020-08-20 01:25:00+00:00,2020-08-20 01:30:00+00:00,2020-08-20 01:30:00+00:00,2020-08-20 01:45:00+00:00,1.1834900000000002,1.1830900000000002,1.18409,1.18408,TARGET,0.0004,1.474999999999671,1.349999999999671,0.5899999999998684
N3_ANCHOR_REVERSION,NEUTRAL,LONG,2020-08-20 05:50:00+00:00,2020-08-20 05:55:00+00:00,2020-08-20 05:55:00+00:00,2020-08-20 06:10:00+00:00,1.1837900000000001,1.1833900000000002,1.18439,1.18338,STOP,0.0004,-1.0250000000000536,-1.1500000000000536,-0.41000000000002146
N3_ANCHOR_REVERSION,NEUTRAL,SHORT,2020-08-21 01:00:00+00:00,2020-08-21 01:05:00+00:00,2020-08-21 01:05:00+00:00,2020-08-21 01:25:00+00:00,1.1872399999999999,1.1876399999999998,1.18664,1.18665,TARGET,0.0004,1.474999999999671,1.349999999999671,0.5899999999998684
N3_ANCHOR_REVERSION,NEUTRAL,LONG,2020-08-21 10:55:00+00:00,2020-08-21 11:00:00+00:00,2020-08-21 11:00:00+00:00,2020-08-21 11:00:00+00:00,1.1803400000000002,1.1799400000000002,1.18094,1.1799300000000001,STOP,0.0004,-1.0250000000000536,-1.1500000000000536,-0.41000000000002146
N3_ANCHOR_REVERSION,NEUTRAL,LONG,2020-08-21 11:40:00+00:00,2020-08-21 11:45:00+00:00,2020-08-21 11:45:00+00:00,2020-08-21 11:45:00+00:00,1.17852,1.17812,1.17912,1.17811,STOP,0.0004,-1.0250000000000536,-1.1500000000000536,-0.41000000000002146
N3_ANCHOR_REVERSION,NEUTRAL,LONG,2020-08-21 13:40:00+00:00,2020-08-21 13:45:00+00:00,2020-08-21 13:45:00+00:00,2020-08-21 13:45:00+00:00,1.17781,1.17741,1.17841,1.1774,STOP,0.0004,-1.0250000000000536,-1.1500000000000536,-0.41000000000002146
N3_ANCHOR_REVERSION,NEUTRAL,SHORT,2020-08-21 20:55:00+00:00,2020-08-21 21:00:00+00:00,2020-08-23 21:00:00+00:00,2020-08-23 21:00:00+00:00,1.1791,1.1795,1.1785,1.1799300000000001,STOP,0.0004,-2.075000000000271,-2.200000000000271,-0.8300000000001084
N3_ANCHOR_REVERSION,NEUTRAL,SHORT,2020-08-23 22:05:00+00:00,2020-08-23 22:10:00+00:00,2020-08-23 22:10:00+00:00,2020-08-23 23:10:00+00:00,1.17984,1.18024,1.17924,1.18025,STOP,0.0004,-1.0250000000000536,-1.1500000000000536,-0.41000000000002146
N3_ANCHOR_REVERSION,NEUTRAL,SHORT,2020-08-24 11:00:00+00:00,2020-08-24 11:05:00+00:00,2020-08-24 11:05:00+00:00,2020-08-24 11:05:00+00:00,1.18293,1.18333,1.18233,1.18334,STOP,0.0004,-1.0250000000000536,-1.1500000000000536,-0.41000000000002146
N3_ANCHOR_REVERSION,NEUTRAL,SHORT,2020-08-24 11:25:00+00:00,2020-08-24 11:30:00+00:00,2020-08-24 11:30:00+00:00,2020-08-24 11:55:00+00:00,1.18401,1.18441,1.18341,1.18442,STOP,0.0004,-1.0250000000000536,-1.1500000000000536,-0.41000000000002146
N3_ANCHOR_REVERSION,NEUTRAL,SHORT,2020-08-24 11:55:00+00:00,2020-08-24 12:00:00+00:00,2020-08-24 12:00:00+00:00,2020-08-24 12:00:00+00:00,1.18431,1.18471,1.18371,1.18472,STOP,0.0004,-1.0250000000000536,-1.1500000000000536,-0.41000000000002146
N3_ANCHOR_REVERSION,NEUTRAL,SHORT,2020-08-24 12:05:00+00:00,2020-08-24 12:10:00+00:00,2020-08-24 12:10:00+00:00,2020-08-24 12:30:00+00:00,1.18461,1.18501,1.18401,1.18402,TARGET,0.0004,1.474999999999671,1.349999999999671,0.5899999999998684
N3_ANCHOR_REVERSION,NEUTRAL,SHORT,2020-08-25 01:00:00+00:00,2020-08-25 01:05:00+00:00,2020-08-25 01:05:00+00:00,2020-08-25 01:10:00+00:00,1.17977,1.18017,1.17917,1.18018,STOP,0.0004,-1.0250000000000536,-1.1500000000000536,-0.41000000000002146
N3_ANCHOR_REVERSION,NEUTRAL,SHORT,2020-08-25 02:00:00+00:00,2020-08-25 02:05:00+00:00,2020-08-25 02:05:00+00:00,2020-08-25 02:55:00+00:00,1.1804,1.1807999999999998,1.1798,1.18081,STOP,0.0004,-1.0250000000000536,-1.1500000000000536,-0.41000000000002146
N3_ANCHOR_REVERSION,NEUTRAL,SHORT,2020-08-25 04:05:00+00:00,2020-08-25 04:10:00+00:00,2020-08-25 04:10:00+00:00,2020-08-25 06:00:00+00:00,1.18118,1.1815799999999999,1.18058,1.18159,STOP,0.0004,-1.0250000000000536,-1.1500000000000536,-0.41000000000002146
N3_ANCHOR_REVERSION,NEUTRAL,SHORT,2020-08-26 22:55:00+00:00,2020-08-26 23:00:00+00:00,2020-08-26 23:00:00+00:00,2020-08-26 23:50:00+00:00,1.18366,1.18406,1.18306,1.18407,STOP,0.0004,-1.0250000000000536,-1.1500000000000536,-0.41000000000002146
N3_ANCHOR_REVERSION,NEUTRAL,SHORT,2020-08-27 00:15:00+00:00,2020-08-27 00:20:00+00:00,2020-08-27 00:20:00+00:00,2020-08-27 01:00:00+00:00,1.1841,1.1844999999999999,1.1835,1.18451,STOP,0.0004,-1.0250000000000536,-1.1500000000000536,-0.41000000000002146
N3_ANCHOR_REVERSION,NEUTRAL,SHORT,2020-08-27 01:05:00+00:00,2020-08-27 01:10:00+00:00,2020-08-27 01:10:00+00:00,2020-08-27 01:15:00+00:00,1.18423,1.1846299999999998,1.18363,1.18364,TARGET,0.0004,1.474999999999671,1.349999999999671,0.5899999999998684
N3_ANCHOR_REVERSION,NEUTRAL,LONG,2020-08-27 02:00:00+00:00,2020-08-27 02:05:00+00:00,2020-08-27 02:05:00+00:00,2020-08-27 02:50:00+00:00,1.1830800000000001,1.1826800000000002,1.18368,1.18267,STOP,0.0004,-1.0250000000000536,-1.1500000000000536,-0.41000000000002146
N3_ANCHOR_REVERSION,NEUTRAL,SHORT,2020-08-27 22:15:00+00:00,2020-08-27 22:20:00+00:00,2020-08-27 22:20:00+00:00,2020-08-27 23:25:00+00:00,1.18223,1.1826299999999998,1.18163,1.18164,TARGET,0.0004,1.474999999999671,1.349999999999671,0.5899999999998684
N3_ANCHOR_REVERSION,NEUTRAL,LONG,2020-08-28 00:10:00+00:00,2020-08-28 00:15:00+00:00,2020-08-28 00:15:00+00:00,2020-08-28 00:40:00+00:00,1.18158,1.1811800000000001,1.18218,1.18117,STOP,0.0004,-1.0250000000000536,-1.1500000000000536,-0.41000000000002146
N3_ANCHOR_REVERSION,NEUTRAL,SHORT,2020-08-28 02:00:00+00:00,2020-08-28 02:05:00+00:00,2020-08-28 02:05:00+00:00,2020-08-28 02:05:00+00:00,1.18268,1.18308,1.18208,1.18309,STOP,0.0004,-1.0250000000000536,-1.1500000000000536,-0.41000000000002146
N3_ANCHOR_REVERSION,NEUTRAL,SHORT,2020-08-28 02:30:00+00:00,2020-08-28 02:35:00+00:00,2020-08-28 02:35:00+00:00,2020-08-28 02:50:00+00:00,1.1830399999999999,1.1834399999999998,1.18244,1.18345,STOP,0.0004,-1.0250000000000536,-1.1500000000000536,-0.41000000000002146
N3_ANCHOR_REVERSION,NEUTRAL,SHORT,2020-08-28 03:05:00+00:00,2020-08-28 03:10:00+00:00,2020-08-28 03:10:00+00:00,2020-08-28 03:15:00+00:00,1.1837199999999999,1.1841199999999998,1.18312,1.18413,STOP,0.0004,-1.0250000000000536,-1.1500000000000536,-0.41000000000002146
N3_ANCHOR_REVERSION,NEUTRAL,SHORT,2020-09-01 03:00:00+00:00,2020-09-01 03:05:00+00:00,2020-09-01 03:05:00+00:00,2020-09-01 03:15:00+00:00,1.19891,1.1993099999999999,1.19831,1.19932,STOP,0.0004,-1.0250000000000536,-1.1500000000000536,-0.41000000000002146
N3_ANCHOR_REVERSION,NEUTRAL,SHORT,2020-09-01 04:55:00+00:00,2020-09-01 05:00:00+00:00,2020-09-01 05:00:00+00:00,2020-09-01 05:00:00+00:00,1.1987299999999999,1.1991299999999998,1.19813,1.1991399999999999,STOP,0.0004,-1.0250000000000536,-1.1500000000000536,-0.41000000000002146
N3_ANCHOR_REVERSION,NEUTRAL,SHORT,2020-09-01 05:35:00+00:00,2020-09-01 05:40:00+00:00,2020-09-01 05:40:00+00:00,2020-09-01 05:55:00+00:00,1.19889,1.19929,1.19829,1.1993,STOP,0.0004,-1.0250000000000536,-1.1500000000000536,-0.41000000000002146
N3_ANCHOR_REVERSION,NEUTRAL,LONG,2020-09-01 17:10:00+00:00,2020-09-01 17:15:00+00:00,2020-09-01 17:15:00+00:00,2020-09-01 17:20:00+00:00,1.19104,1.1906400000000001,1.19164,1.19163,TARGET,0.0004,1.474999999999671,1.349999999999671,0.5899999999998684
N3_ANCHOR_REVERSION,NEUTRAL,LONG,2020-09-02 01:10:00+00:00,2020-09-02 01:15:00+00:00,2020-09-02 01:15:00+00:00,2020-09-02 01:25:00+00:00,1.1899600000000001,1.1895600000000002,1.19056,1.19055,TARGET,0.0004,1.474999999999671,1.349999999999671,0.5899999999998684
N3_ANCHOR_REVERSION,NEUTRAL,LONG,2020-09-02 01:25:00+00:00,2020-09-02 01:30:00+00:00,2020-09-02 01:30:00+00:00,2020-09-02 01:30:00+00:00,1.19053,1.1901300000000001,1.19113,1.19012,STOP,0.0004,-1.0250000000000536,-1.1500000000000536,-0.41000000000002146
N3_ANCHOR_REVERSION,NEUTRAL,LONG,2020-09-02 01:40:00+00:00,2020-09-02 01:45:00+00:00,2020-09-02 01:45:00+00:00,2020-09-02 01:45:00+00:00,1.18998,1.18958,1.19058,1.18957,STOP,0.0004,-1.0250000000000536,-1.1500000000000536,-0.41000000000002146
N3_ANCHOR_REVERSION,NEUTRAL,LONG,2020-09-02 03:45:00+00:00,2020-09-02 03:50:00+00:00,2020-09-02 03:50:00+00:00,2020-09-02 04:30:00+00:00,1.19021,1.18981,1.19081,1.1907999999999999,TARGET,0.0004,1.474999999999671,1.349999999999671,0.5899999999998684
N3_ANCHOR_REVERSION,NEUTRAL,SHORT,2020-09-03 19:10:00+00:00,2020-09-03 19:15:00+00:00,2020-09-03 19:15:00+00:00,2020-09-03 19:25:00+00:00,1.1856499999999999,1.1860499999999998,1.18505,1.18506,TARGET,0.0004,1.474999999999671,1.349999999999671,0.5899999999998684
N3_ANCHOR_REVERSION,NEUTRAL,SHORT,2020-09-04 17:25:00+00:00,2020-09-04 17:30:00+00:00,2020-09-04 17:30:00+00:00,2020-09-04 17:30:00+00:00,1.1840199999999999,1.1844199999999998,1.18342,1.1844299999999999,STOP,0.0004,-1.0250000000000536,-1.1500000000000536,-0.41000000000002146
N3_ANCHOR_REVERSION,NEUTRAL,SHORT,2020-09-04 18:15:00+00:00,2020-09-04 18:20:00+00:00,2020-09-04 18:20:00+00:00,2020-09-04 18:25:00+00:00,1.1843,1.1846999999999999,1.1837,1.18471,STOP,0.0004,-1.0250000000000536,-1.1500000000000536,-0.41000000000002146
N3_ANCHOR_REVERSION,NEUTRAL,SHORT,2020-09-04 19:45:00+00:00,2020-09-04 19:50:00+00:00,2020-09-04 19:50:00+00:00,2020-09-04 20:10:00+00:00,1.1845999999999999,1.1849999999999998,1.184,1.18401,TARGET,0.0004,1.474999999999671,1.349999999999671,0.5899999999998684
N3_ANCHOR_REVERSION,NEUTRAL,SHORT,2020-09-11 00:25:00+00:00,2020-09-11 00:30:00+00:00,2020-09-11 00:30:00+00:00,2020-09-11 00:30:00+00:00,1.18308,1.1834799999999999,1.18248,1.18349,STOP,0.0004,-1.0250000000000536,-1.1500000000000536,-0.41000000000002146
N3_ANCHOR_REVERSION,NEUTRAL,SHORT,2020-09-11 01:05:00+00:00,2020-09-11 01:10:00+00:00,2020-09-11 01:10:00+00:00,2020-09-11 05:40:00+00:00,1.18354,1.18394,1.18294,1.18395,STOP,0.0004,-1.0250000000000536,-1.1500000000000536,-0.41000000000002146
N3_ANCHOR_REVERSION,NEUTRAL,SHORT,2020-09-14 13:10:00+00:00,2020-09-14 13:15:00+00:00,2020-09-14 13:15:00+00:00,2020-09-14 13:15:00+00:00,1.1883599999999999,1.1887599999999998,1.18776,1.1887699999999999,STOP,0.0004,-1.0250000000000536,-1.1500000000000536,-0.41000000000002146
N3_ANCHOR_REVERSION,NEUTRAL,SHORT,2020-09-14 13:45:00+00:00,2020-09-14 13:50:00+00:00,2020-09-14 13:50:00+00:00,2020-09-14 13:55:00+00:00,1.18837,1.1887699999999999,1.18777,1.18778,TARGET,0.0004,1.474999999999671,1.349999999999671,0.5899999999998684
N3_ANCHOR_REVERSION,NEUTRAL,LONG,2020-09-14 18:20:00+00:00,2020-09-14 18:25:00+00:00,2020-09-14 18:25:00+00:00,2020-09-14 19:30:00+00:00,1.18642,1.18602,1.18702,1.18701,TARGET,0.0004,1.474999999999671,1.349999999999671,0.5899999999998684
N3_ANCHOR_REVERSION,NEUTRAL,LONG,2020-09-15 00:25:00+00:00,2020-09-15 00:30:00+00:00,2020-09-15 00:30:00+00:00,2020-09-15 00:50:00+00:00,1.18622,1.18582,1.18682,1.18681,TARGET,0.0004,1.474999999999671,1.349999999999671,0.5899999999998684
N3_ANCHOR_REVERSION,NEUTRAL,LONG,2020-09-17 02:05:00+00:00,2020-09-17 02:10:00+00:00,2020-09-17 02:10:00+00:00,2020-09-17 02:25:00+00:00,1.1767800000000002,1.1763800000000002,1.17738,1.1763700000000001,STOP,0.0004,-1.0250000000000536,-1.1500000000000536,-0.41000000000002146
N3_ANCHOR_REVERSION,NEUTRAL,LONG,2020-09-17 03:20:00+00:00,2020-09-17 03:25:00+00:00,2020-09-17 03:25:00+00:00,2020-09-17 03:30:00+00:00,1.17503,1.17463,1.17563,1.17462,STOP,0.0004,-1.0250000000000536,-1.1500000000000536,-0.41000000000002146
N3_ANCHOR_REVERSION,NEUTRAL,SHORT,2020-09-17 05:55:00+00:00,2020-09-17 06:00:00+00:00,2020-09-17 06:00:00+00:00,2020-09-17 06:00:00+00:00,1.17692,1.17732,1.17632,1.17733,STOP,0.0004,-1.0250000000000536,-1.1500000000000536,-0.41000000000002146
N3_ANCHOR_REVERSION,NEUTRAL,LONG,2020-09-17 06:15:00+00:00,2020-09-17 06:20:00+00:00,2020-09-17 06:20:00+00:00,2020-09-17 06:25:00+00:00,1.17595,1.17555,1.17655,1.17654,TARGET,0.0004,1.474999999999671,1.349999999999671,0.5899999999998684
N3_ANCHOR_REVERSION,NEUTRAL,SHORT,2020-09-18 00:15:00+00:00,2020-09-18 00:20:00+00:00,2020-09-18 00:20:00+00:00,2020-09-18 00:50:00+00:00,1.18562,1.1860199999999999,1.18502,1.18503,TARGET,0.0004,1.474999999999671,1.349999999999671,0.5899999999998684
N3_ANCHOR_REVERSION,NEUTRAL,LONG,2020-09-21 11:05:00+00:00,2020-09-21 11:10:00+00:00,2020-09-21 11:10:00+00:00,2020-09-21 11:35:00+00:00,1.1786800000000002,1.1782800000000002,1.17928,1.17927,TARGET,0.0004,1.474999999999671,1.349999999999671,0.5899999999998684
N3_ANCHOR_REVERSION,NEUTRAL,LONG,2020-09-21 13:10:00+00:00,2020-09-21 13:15:00+00:00,2020-09-21 13:15:00+00:00,2020-09-21 13:20:00+00:00,1.1772,1.1768,1.1778,1.17679,STOP,0.0004,-1.0250000000000536,-1.1500000000000536,-0.41000000000002146
N3_ANCHOR_REVERSION,NEUTRAL,LONG,2020-09-21 13:25:00+00:00,2020-09-21 13:30:00+00:00,2020-09-21 13:30:00+00:00,2020-09-21 13:30:00+00:00,1.1771200000000002,1.1767200000000002,1.17772,1.1767100000000001,STOP,0.0004,-1.0250000000000536,-1.1500000000000536,-0.41000000000002146
N3_ANCHOR_REVERSION,NEUTRAL,SHORT,2020-09-21 19:15:00+00:00,2020-09-21 19:20:00+00:00,2020-09-21 19:20:00+00:00,2020-09-21 19:25:00+00:00,1.17676,1.17716,1.17616,1.17717,STOP,0.0004,-1.0250000000000536,-1.1500000000000536,-0.41000000000002146
N3_ANCHOR_REVERSION,NEUTRAL,SHORT,2020-09-22 00:15:00+00:00,2020-09-22 00:20:00+00:00,2020-09-22 00:20:00+00:00,2020-09-22 00:30:00+00:00,1.17693,1.17733,1.17633,1.1763400000000002,TARGET,0.0004,1.474999999999671,1.349999999999671,0.5899999999998684
N3_ANCHOR_REVERSION,NEUTRAL,LONG,2020-09-22 19:30:00+00:00,2020-09-22 19:35:00+00:00,2020-09-22 19:35:00+00:00,2020-09-22 22:25:00+00:00,1.1708500000000002,1.1704500000000002,1.17145,1.1704400000000001,STOP,0.0004,-1.0250000000000536,-1.1500000000000536,-0.41000000000002146
N3_ANCHOR_REVERSION,NEUTRAL,LONG,2020-09-22 22:30:00+00:00,2020-09-22 22:35:00+00:00,2020-09-22 22:35:00+00:00,2020-09-23 00:00:00+00:00,1.17073,1.17033,1.17133,1.17032,STOP,0.0004,-1.0250000000000536,-1.1500000000000536,-0.41000000000002146
N3_ANCHOR_REVERSION,NEUTRAL,LONG,2020-09-23 00:40:00+00:00,2020-09-23 00:45:00+00:00,2020-09-23 00:45:00+00:00,2020-09-23 00:45:00+00:00,1.16996,1.1695600000000002,1.17056,1.16955,STOP,0.0004,-1.0250000000000536,-1.1500000000000536,-0.41000000000002146
N3_ANCHOR_REVERSION,NEUTRAL,LONG,2020-09-23 00:50:00+00:00,2020-09-23 00:55:00+00:00,2020-09-23 00:55:00+00:00,2020-09-23 00:55:00+00:00,1.16846,1.16806,1.16906,1.16805,STOP,0.0004,-1.0250000000000536,-1.1500000000000536,-0.41000000000002146
N3_ANCHOR_REVERSION,NEUTRAL,LONG,2020-09-23 01:05:00+00:00,2020-09-23 01:10:00+00:00,2020-09-23 01:10:00+00:00,2020-09-23 01:10:00+00:00,1.16863,1.16823,1.16923,1.16822,STOP,0.0004,-1.0250000000000536,-1.1500000000000536,-0.41000000000002146
N3_ANCHOR_REVERSION,NEUTRAL,LONG,2020-09-23 01:20:00+00:00,2020-09-23 01:25:00+00:00,2020-09-23 01:25:00+00:00,2020-09-23 01:45:00+00:00,1.1684,1.1680000000000001,1.169,1.16899,TARGET,0.0004,1.474999999999671,1.349999999999671,0.5899999999998684
N3_ANCHOR_REVERSION,NEUTRAL,SHORT,2020-09-24 00:20:00+00:00,2020-09-24 00:25:00+00:00,2020-09-24 00:25:00+00:00,2020-09-24 00:30:00+00:00,1.1667399999999999,1.1671399999999998,1.16614,1.16715,STOP,0.0004,-1.0250000000000536,-1.1500000000000536,-0.41000000000002146
N3_ANCHOR_REVERSION,NEUTRAL,SHORT,2020-09-24 01:30:00+00:00,2020-09-24 01:35:00+00:00,2020-09-24 01:35:00+00:00,2020-09-24 01:50:00+00:00,1.16763,1.16803,1.16703,1.16704,TARGET,0.0004,1.474999999999671,1.349999999999671,0.5899999999998684
N3_ANCHOR_REVERSION,NEUTRAL,SHORT,2020-09-24 23:20:00+00:00,2020-09-24 23:25:00+00:00,2020-09-24 23:25:00+00:00,2020-09-25 00:00:00+00:00,1.1674,1.1678,1.1668,1.1668100000000001,TARGET,0.0004,1.474999999999671,1.349999999999671,0.5899999999998684
N3_ANCHOR_REVERSION,NEUTRAL,LONG,2020-09-25 00:35:00+00:00,2020-09-25 00:40:00+00:00,2020-09-25 00:40:00+00:00,2020-09-25 00:45:00+00:00,1.16689,1.16649,1.16749,1.16648,STOP,0.0004,-1.0250000000000536,-1.1500000000000536,-0.41000000000002146
N3_ANCHOR_REVERSION,NEUTRAL,LONG,2020-09-25 13:20:00+00:00,2020-09-25 13:25:00+00:00,2020-09-25 13:25:00+00:00,2020-09-25 13:30:00+00:00,1.1631900000000002,1.1627900000000002,1.16379,1.1627800000000001,STOP,0.0004,-1.0250000000000536,-1.1500000000000536,-0.41000000000002146
N3_ANCHOR_REVERSION,NEUTRAL,LONG,2020-09-25 14:15:00+00:00,2020-09-25 14:20:00+00:00,2020-09-25 14:20:00+00:00,2020-09-25 14:20:00+00:00,1.1624800000000002,1.1620800000000002,1.1630800000000001,1.1620700000000002,STOP,0.0004,-1.0250000000000536,-1.1500000000000536,-0.41000000000002146
N3_ANCHOR_REVERSION,NEUTRAL,LONG,2020-09-25 14:35:00+00:00,2020-09-25 14:40:00+00:00,2020-09-25 14:40:00+00:00,2020-09-25 14:50:00+00:00,1.16273,1.16233,1.16333,1.16232,STOP,0.0004,-1.0250000000000536,-1.1500000000000536,-0.41000000000002146
N3_ANCHOR_REVERSION,NEUTRAL,SHORT,2020-09-28 12:00:00+00:00,2020-09-28 12:05:00+00:00,2020-09-28 12:05:00+00:00,2020-09-28 12:10:00+00:00,1.16712,1.16752,1.16652,1.16653,TARGET,0.0004,1.474999999999671,1.349999999999671,0.5899999999998684
N3_ANCHOR_REVERSION,NEUTRAL,SHORT,2020-09-28 12:35:00+00:00,2020-09-28 12:40:00+00:00,2020-09-28 12:40:00+00:00,2020-09-28 12:40:00+00:00,1.1672099999999999,1.1676099999999998,1.16661,1.1676199999999999,STOP,0.0004,-1.0250000000000536,-1.1500000000000536,-0.41000000000002146
N3_ANCHOR_REVERSION,NEUTRAL,SHORT,2020-09-28 12:50:00+00:00,2020-09-28 12:55:00+00:00,2020-09-28 12:55:00+00:00,2020-09-28 13:10:00+00:00,1.16682,1.16722,1.16622,1.16723,STOP,0.0004,-1.0250000000000536,-1.1500000000000536,-0.41000000000002146
N3_ANCHOR_REVERSION,NEUTRAL,SHORT,2020-09-28 13:35:00+00:00,2020-09-28 13:40:00+00:00,2020-09-28 13:40:00+00:00,2020-09-28 13:40:00+00:00,1.16739,1.1677899999999999,1.16679,1.1668,TARGET,0.0004,1.474999999999671,1.349999999999671,0.5899999999998684
N3_ANCHOR_REVERSION,NEUTRAL,SHORT,2020-09-29 12:00:00+00:00,2020-09-29 12:05:00+00:00,2020-09-29 12:05:00+00:00,2020-09-29 12:20:00+00:00,1.17022,1.17062,1.16962,1.17063,STOP,0.0004,-1.0250000000000536,-1.1500000000000536,-0.41000000000002146
N3_ANCHOR_REVERSION,NEUTRAL,SHORT,2020-09-29 19:35:00+00:00,2020-09-29 19:40:00+00:00,2020-09-29 19:40:00+00:00,2020-09-29 19:45:00+00:00,1.1739899999999999,1.1743899999999998,1.17339,1.1743999999999999,STOP,0.0004,-1.0250000000000536,-1.1500000000000536,-0.41000000000002146
N3_ANCHOR_REVERSION,NEUTRAL,SHORT,2020-09-29 19:55:00+00:00,2020-09-29 20:00:00+00:00,2020-09-29 20:00:00+00:00,2020-09-29 20:40:00+00:00,1.17397,1.17437,1.17337,1.17438,STOP,0.0004,-1.0250000000000536,-1.1500000000000536,-0.41000000000002146
N3_ANCHOR_REVERSION,NEUTRAL,SHORT,2020-09-30 22:55:00+00:00,2020-09-30 23:00:00+00:00,2020-09-30 23:00:00+00:00,2020-09-30 23:45:00+00:00,1.17302,1.17342,1.17242,1.17243,TARGET,0.0004,1.474999999999671,1.349999999999671,0.5899999999998684
N3_ANCHOR_REVERSION,NEUTRAL,SHORT,2020-10-01 01:45:00+00:00,2020-10-01 01:50:00+00:00,2020-10-01 01:50:00+00:00,2020-10-01 02:50:00+00:00,1.17361,1.17401,1.17301,1.17402,STOP,0.0004,-1.0250000000000536,-1.1500000000000536,-0.41000000000002146
N3_ANCHOR_REVERSION,NEUTRAL,SHORT,2020-10-01 04:20:00+00:00,2020-10-01 04:25:00+00:00,2020-10-01 04:25:00+00:00,2020-10-01 04:30:00+00:00,1.1740199999999998,1.1744199999999998,1.17342,1.1744299999999999,STOP,0.0004,-1.0250000000000536,-1.1500000000000536,-0.41000000000002146
N3_ANCHOR_REVERSION,NEUTRAL,SHORT,2020-10-01 04:50:00+00:00,2020-10-01 04:55:00+00:00,2020-10-01 04:55:00+00:00,2020-10-01 05:45:00+00:00,1.17462,1.17502,1.17402,1.17503,STOP,0.0004,-1.0250000000000536,-1.1500000000000536,-0.41000000000002146
N3_ANCHOR_REVERSION,NEUTRAL,SHORT,2020-10-01 05:50:00+00:00,2020-10-01 05:55:00+00:00,2020-10-01 05:55:00+00:00,2020-10-01 05:55:00+00:00,1.1745599999999998,1.1749599999999998,1.17396,1.1749699999999998,STOP,0.0004,-1.0250000000000536,-1.1500000000000536,-0.41000000000002146
N3_ANCHOR_REVERSION,NEUTRAL,SHORT,2020-10-05 12:30:00+00:00,2020-10-05 12:35:00+00:00,2020-10-05 12:35:00+00:00,2020-10-05 12:45:00+00:00,1.17594,1.17634,1.17534,1.17635,STOP,0.0004,-1.0250000000000536,-1.1500000000000536,-0.41000000000002146
N3_ANCHOR_REVERSION,NEUTRAL,SHORT,2020-10-05 13:35:00+00:00,2020-10-05 13:40:00+00:00,2020-10-05 13:40:00+00:00,2020-10-05 13:45:00+00:00,1.17813,1.1785299999999999,1.17753,1.17854,STOP,0.0004,-1.0250000000000536,-1.1500000000000536,-0.41000000000002146
N3_ANCHOR_REVERSION,NEUTRAL,SHORT,2020-10-05 13:55:00+00:00,2020-10-05 14:00:00+00:00,2020-10-05 14:00:00+00:00,2020-10-05 14:00:00+00:00,1.1786299999999998,1.1790299999999998,1.17803,1.1790399999999999,STOP,0.0004,-1.0250000000000536,-1.1500000000000536,-0.41000000000002146
N3_ANCHOR_REVERSION,NEUTRAL,SHORT,2020-10-05 14:10:00+00:00,2020-10-05 14:15:00+00:00,2020-10-05 14:15:00+00:00,2020-10-05 14:25:00+00:00,1.1787999999999998,1.1791999999999998,1.1782,1.1792099999999999,STOP,0.0004,-1.0250000000000536,-1.1500000000000536,-0.41000000000002146
N3_ANCHOR_REVERSION,NEUTRAL,SHORT,2020-10-06 00:15:00+00:00,2020-10-06 00:20:00+00:00,2020-10-06 00:20:00+00:00,2020-10-06 03:30:00+00:00,1.17905,1.1794499999999999,1.17845,1.17946,STOP,0.0004,-1.0250000000000536,-1.1500000000000536,-0.41000000000002146
N3_ANCHOR_REVERSION,NEUTRAL,LONG,2020-10-06 22:10:00+00:00,2020-10-06 22:15:00+00:00,2020-10-06 22:15:00+00:00,2020-10-07 00:20:00+00:00,1.17344,1.17304,1.17404,1.17403,TARGET,0.0004,1.474999999999671,1.349999999999671,0.5899999999998684
N3_ANCHOR_REVERSION,NEUTRAL,LONG,2020-10-07 00:55:00+00:00,2020-10-07 01:00:00+00:00,2020-10-07 01:00:00+00:00,2020-10-07 01:00:00+00:00,1.17361,1.17321,1.17421,1.1732,STOP,0.0004,-1.0250000000000536,-1.1500000000000536,-0.41000000000002146
N3_ANCHOR_REVERSION,NEUTRAL,LONG,2020-10-07 01:35:00+00:00,2020-10-07 01:40:00+00:00,2020-10-07 01:40:00+00:00,2020-10-07 02:15:00+00:00,1.1727500000000002,1.1723500000000002,1.1733500000000001,1.17334,TARGET,0.0004,1.474999999999671,1.349999999999671,0.5899999999998684
N3_ANCHOR_REVERSION,NEUTRAL,SHORT,2020-10-07 05:55:00+00:00,2020-10-07 06:00:00+00:00,2020-10-07 06:00:00+00:00,2020-10-07 06:15:00+00:00,1.17381,1.17421,1.17321,1.17422,STOP,0.0004,-1.0250000000000536,-1.1500000000000536,-0.41000000000002146
N3_ANCHOR_REVERSION,NEUTRAL,SHORT,2020-10-07 07:00:00+00:00,2020-10-07 07:05:00+00:00,2020-10-07 07:05:00+00:00,2020-10-07 07:05:00+00:00,1.17522,1.1756199999999999,1.17462,1.17563,STOP,0.0004,-1.0250000000000536,-1.1500000000000536,-0.41000000000002146
N3_ANCHOR_REVERSION,NEUTRAL,LONG,2020-10-08 14:05:00+00:00,2020-10-08 14:10:00+00:00,2020-10-08 14:10:00+00:00,2020-10-08 14:10:00+00:00,1.17426,1.1738600000000001,1.17486,1.17385,STOP,0.0004,-1.0250000000000536,-1.1500000000000536,-0.41000000000002146
N3_ANCHOR_REVERSION,NEUTRAL,LONG,2020-10-08 14:30:00+00:00,2020-10-08 14:35:00+00:00,2020-10-08 14:35:00+00:00,2020-10-08 14:50:00+00:00,1.17405,1.17365,1.17465,1.17464,TARGET,0.0004,1.474999999999671,1.349999999999671,0.5899999999998684
N3_ANCHOR_REVERSION,NEUTRAL,SHORT,2020-10-08 18:55:00+00:00,2020-10-08 19:00:00+00:00,2020-10-08 19:00:00+00:00,2020-10-08 20:00:00+00:00,1.17573,1.17613,1.17513,1.17614,STOP,0.0004,-1.0250000000000536,-1.1500000000000536,-0.41000000000002146
N3_ANCHOR_REVERSION,NEUTRAL,SHORT,2020-10-09 01:55:00+00:00,2020-10-09 02:00:00+00:00,2020-10-09 02:00:00+00:00,2020-10-09 02:35:00+00:00,1.17719,1.17759,1.17659,1.1776,STOP,0.0004,-1.0250000000000536,-1.1500000000000536,-0.41000000000002146
N3_ANCHOR_REVERSION,NEUTRAL,SHORT,2020-10-09 05:05:00+00:00,2020-10-09 05:10:00+00:00,2020-10-09 05:10:00+00:00,2020-10-09 06:40:00+00:00,1.17759,1.1779899999999999,1.17699,1.177,TARGET,0.0004,1.474999999999671,1.349999999999671,0.5899999999998684
N3_ANCHOR_REVERSION,NEUTRAL,SHORT,2020-10-09 09:00:00+00:00,2020-10-09 09:05:00+00:00,2020-10-09 09:05:00+00:00,2020-10-09 09:40:00+00:00,1.17983,1.18023,1.17923,1.17924,TARGET,0.0004,1.474999999999671,1.349999999999671,0.5899999999998684
N3_ANCHOR_REVERSION,NEUTRAL,SHORT,2020-10-09 10:50:00+00:00,2020-10-09 10:55:00+00:00,2020-10-09 10:55:00+00:00,2020-10-09 11:10:00+00:00,1.18045,1.18085,1.17985,1.1798600000000001,TARGET,0.0004,1.474999999999671,1.349999999999671,0.5899999999998684
N3_ANCHOR_REVERSION,NEUTRAL,LONG,2020-10-11 22:15:00+00:00,2020-10-11 22:20:00+00:00,2020-10-11 22:20:00+00:00,2020-10-12 00:00:00+00:00,1.18164,1.18124,1.18224,1.18123,STOP,0.0004,-1.0250000000000536,-1.1500000000000536,-0.41000000000002146
N3_ANCHOR_REVERSION,NEUTRAL,LONG,2020-10-12 00:05:00+00:00,2020-10-12 00:10:00+00:00,2020-10-12 00:10:00+00:00,2020-10-12 00:15:00+00:00,1.1815,1.1811,1.1821,1.18109,STOP,0.0004,-1.0250000000000536,-1.1500000000000536,-0.41000000000002146
N3_ANCHOR_REVERSION,NEUTRAL,LONG,2020-10-13 08:00:00+00:00,2020-10-13 08:05:00+00:00,2020-10-13 08:05:00+00:00,2020-10-13 08:30:00+00:00,1.1784700000000001,1.1780700000000002,1.17907,1.17906,TARGET,0.0004,1.474999999999671,1.349999999999671,0.5899999999998684
N3_ANCHOR_REVERSION,NEUTRAL,SHORT,2020-10-14 14:05:00+00:00,2020-10-14 14:10:00+00:00,2020-10-14 14:10:00+00:00,2020-10-14 14:40:00+00:00,1.1762899999999998,1.1766899999999998,1.17569,1.1766999999999999,STOP,0.0004,-1.0250000000000536,-1.1500000000000536,-0.41000000000002146
N3_ANCHOR_REVERSION,NEUTRAL,LONG,2020-10-14 18:40:00+00:00,2020-10-14 18:45:00+00:00,2020-10-14 18:45:00+00:00,2020-10-14 19:15:00+00:00,1.1748,1.1744,1.1754,1.17539,TARGET,0.0004,1.474999999999671,1.349999999999671,0.5899999999998684
N3_ANCHOR_REVERSION,NEUTRAL,LONG,2020-10-14 22:45:00+00:00,2020-10-14 22:50:00+00:00,2020-10-14 22:50:00+00:00,2020-10-15 00:05:00+00:00,1.17436,1.1739600000000001,1.17496,1.17495,TARGET,0.0004,1.474999999999671,1.349999999999671,0.5899999999998684
N3_ANCHOR_REVERSION,NEUTRAL,SHORT,2020-10-15 01:20:00+00:00,2020-10-15 01:25:00+00:00,2020-10-15 01:25:00+00:00,2020-10-15 01:35:00+00:00,1.1752099999999999,1.1756099999999998,1.17461,1.17462,TARGET,0.0004,1.474999999999671,1.349999999999671,0.5899999999998684
N3_ANCHOR_REVERSION,NEUTRAL,LONG,2020-10-15 11:15:00+00:00,2020-10-15 11:20:00+00:00,2020-10-15 11:20:00+00:00,2020-10-15 11:50:00+00:00,1.17138,1.1709800000000001,1.17198,1.17097,STOP,0.0004,-1.0250000000000536,-1.1500000000000536,-0.41000000000002146
N3_ANCHOR_REVERSION,NEUTRAL,LONG,2020-10-15 12:10:00+00:00,2020-10-15 12:15:00+00:00,2020-10-15 12:15:00+00:00,2020-10-15 12:15:00+00:00,1.16988,1.16948,1.17048,1.16947,STOP,0.0004,-1.0250000000000536,-1.1500000000000536,-0.41000000000002146
N3_ANCHOR_REVERSION,NEUTRAL,LONG,2020-10-15 13:15:00+00:00,2020-10-15 13:20:00+00:00,2020-10-15 13:20:00+00:00,2020-10-15 13:50:00+00:00,1.1692900000000002,1.1688900000000002,1.16989,1.16988,TARGET,0.0004,1.474999999999671,1.349999999999671,0.5899999999998684
N3_ANCHOR_REVERSION,NEUTRAL,LONG,2020-10-16 19:40:00+00:00,2020-10-16 19:45:00+00:00,2020-10-16 19:45:00+00:00,2020-10-16 20:55:00+00:00,1.1716900000000001,1.1712900000000002,1.17229,1.1713099999999999,TIME_12H,0.0004,-0.9500000000006725,-1.0750000000006725,-0.380000000000269
N3_ANCHOR_REVERSION,NEUTRAL,LONG,2020-10-18 23:20:00+00:00,2020-10-18 23:25:00+00:00,2020-10-18 23:25:00+00:00,2020-10-19 00:00:00+00:00,1.17138,1.1709800000000001,1.17198,1.17197,TARGET,0.0004,1.474999999999671,1.349999999999671,0.5899999999998684
N3_ANCHOR_REVERSION,NEUTRAL,SHORT,2020-10-19 13:30:00+00:00,2020-10-19 13:35:00+00:00,2020-10-19 13:35:00+00:00,2020-10-19 13:35:00+00:00,1.1778499999999998,1.1782499999999998,1.17725,1.1782599999999999,STOP,0.0004,-1.0250000000000536,-1.1500000000000536,-0.41000000000002146
N3_ANCHOR_REVERSION,NEUTRAL,LONG,2020-10-19 18:50:00+00:00,2020-10-19 18:55:00+00:00,2020-10-19 18:55:00+00:00,2020-10-19 19:00:00+00:00,1.1770500000000002,1.1766500000000002,1.17765,1.1766400000000001,STOP,0.0004,-1.0250000000000536,-1.1500000000000536,-0.41000000000002146
N3_ANCHOR_REVERSION,NEUTRAL,LONG,2020-10-19 19:05:00+00:00,2020-10-19 19:10:00+00:00,2020-10-19 19:10:00+00:00,2020-10-19 21:00:00+00:00,1.17694,1.1765400000000001,1.17754,1.17653,STOP,0.0004,-1.0250000000000536,-1.1500000000000536,-0.41000000000002146
N3_ANCHOR_REVERSION,NEUTRAL,LONG,2020-10-19 23:05:00+00:00,2020-10-19 23:10:00+00:00,2020-10-19 23:10:00+00:00,2020-10-19 23:30:00+00:00,1.1769200000000002,1.1765200000000002,1.1775200000000001,1.1765100000000002,STOP,0.0004,-1.0250000000000536,-1.1500000000000536,-0.41000000000002146
N3_ANCHOR_REVERSION,NEUTRAL,SHORT,2020-10-20 00:10:00+00:00,2020-10-20 00:15:00+00:00,2020-10-20 00:15:00+00:00,2020-10-20 01:45:00+00:00,1.17732,1.1777199999999999,1.17672,1.17673,TARGET,0.0004,1.474999999999671,1.349999999999671,0.5899999999998684
N3_ANCHOR_REVERSION,NEUTRAL,SHORT,2020-10-20 11:30:00+00:00,2020-10-20 11:35:00+00:00,2020-10-20 11:35:00+00:00,2020-10-20 11:40:00+00:00,1.1809999999999998,1.1813999999999998,1.1804,1.18041,TARGET,0.0004,1.474999999999671,1.349999999999671,0.5899999999998684
N3_ANCHOR_REVERSION,NEUTRAL,SHORT,2020-10-20 12:15:00+00:00,2020-10-20 12:20:00+00:00,2020-10-20 12:20:00+00:00,2020-10-20 12:30:00+00:00,1.1807699999999999,1.1811699999999998,1.18017,1.18118,STOP,0.0004,-1.0250000000000536,-1.1500000000000536,-0.41000000000002146
N3_ANCHOR_REVERSION,NEUTRAL,SHORT,2020-10-20 12:45:00+00:00,2020-10-20 12:50:00+00:00,2020-10-20 12:50:00+00:00,2020-10-20 13:00:00+00:00,1.18147,1.18187,1.18087,1.1808800000000002,TARGET,0.0004,1.474999999999671,1.349999999999671,0.5899999999998684
N3_ANCHOR_REVERSION,NEUTRAL,SHORT,2020-10-21 00:20:00+00:00,2020-10-21 00:25:00+00:00,2020-10-21 00:25:00+00:00,2020-10-21 00:40:00+00:00,1.18316,1.18356,1.18256,1.18357,STOP,0.0004,-1.0250000000000536,-1.1500000000000536,-0.41000000000002146
N3_ANCHOR_REVERSION,NEUTRAL,SHORT,2020-10-21 00:40:00+00:00,2020-10-21 00:45:00+00:00,2020-10-21 00:45:00+00:00,2020-10-21 01:40:00+00:00,1.18332,1.1837199999999999,1.18272,1.18373,STOP,0.0004,-1.0250000000000536,-1.1500000000000536,-0.41000000000002146
N3_ANCHOR_REVERSION,NEUTRAL,SHORT,2020-10-21 01:50:00+00:00,2020-10-21 01:55:00+00:00,2020-10-21 01:55:00+00:00,2020-10-21 02:10:00+00:00,1.1837,1.1841,1.1831,1.18411,STOP,0.0004,-1.0250000000000536,-1.1500000000000536,-0.41000000000002146
N3_ANCHOR_REVERSION,NEUTRAL,SHORT,2020-10-21 04:05:00+00:00,2020-10-21 04:10:00+00:00,2020-10-21 04:10:00+00:00,2020-10-21 04:45:00+00:00,1.1844999999999999,1.1848999999999998,1.1839,1.18491,STOP,0.0004,-1.0250000000000536,-1.1500000000000536,-0.41000000000002146
N3_ANCHOR_REVERSION,NEUTRAL,LONG,2020-10-22 00:05:00+00:00,2020-10-22 00:10:00+00:00,2020-10-22 00:10:00+00:00,2020-10-22 00:10:00+00:00,1.1851800000000001,1.1847800000000002,1.18578,1.18477,STOP,0.0004,-1.0250000000000536,-1.1500000000000536,-0.41000000000002146
N3_ANCHOR_REVERSION,NEUTRAL,LONG,2020-10-22 00:20:00+00:00,2020-10-22 00:25:00+00:00,2020-10-22 00:25:00+00:00,2020-10-22 00:25:00+00:00,1.18487,1.1844700000000001,1.18547,1.18446,STOP,0.0004,-1.0250000000000536,-1.1500000000000536,-0.41000000000002146
N3_ANCHOR_REVERSION,NEUTRAL,LONG,2020-10-22 02:20:00+00:00,2020-10-22 02:25:00+00:00,2020-10-22 02:25:00+00:00,2020-10-22 05:25:00+00:00,1.1842300000000001,1.1838300000000002,1.18483,1.18482,TARGET,0.0004,1.474999999999671,1.349999999999671,0.5899999999998684
N3_ANCHOR_REVERSION,NEUTRAL,SHORT,2020-10-22 05:40:00+00:00,2020-10-22 05:45:00+00:00,2020-10-22 05:45:00+00:00,2020-10-22 06:05:00+00:00,1.18482,1.18522,1.18422,1.18523,STOP,0.0004,-1.0250000000000536,-1.1500000000000536,-0.41000000000002146
N3_ANCHOR_REVERSION,NEUTRAL,SHORT,2020-10-23 10:40:00+00:00,2020-10-23 10:45:00+00:00,2020-10-23 10:45:00+00:00,2020-10-23 10:55:00+00:00,1.18438,1.18478,1.18378,1.18479,STOP,0.0004,-1.0250000000000536,-1.1500000000000536,-0.41000000000002146
N3_ANCHOR_REVERSION,NEUTRAL,SHORT,2020-10-23 11:00:00+00:00,2020-10-23 11:05:00+00:00,2020-10-23 11:05:00+00:00,2020-10-23 11:20:00+00:00,1.18437,1.1847699999999999,1.18377,1.18478,STOP,0.0004,-1.0250000000000536,-1.1500000000000536,-0.41000000000002146
N3_ANCHOR_REVERSION,NEUTRAL,SHORT,2020-10-23 11:35:00+00:00,2020-10-23 11:40:00+00:00,2020-10-23 11:40:00+00:00,2020-10-23 11:40:00+00:00,1.18474,1.1851399999999999,1.18414,1.18515,STOP,0.0004,-1.0250000000000536,-1.1500000000000536,-0.41000000000002146
N3_ANCHOR_REVERSION,NEUTRAL,SHORT,2020-10-23 11:45:00+00:00,2020-10-23 11:50:00+00:00,2020-10-23 11:50:00+00:00,2020-10-23 12:05:00+00:00,1.1847999999999999,1.1851999999999998,1.1842,1.1852099999999999,STOP,0.0004,-1.0250000000000536,-1.1500000000000536,-0.41000000000002146
N3_ANCHOR_REVERSION,NEUTRAL,LONG,2020-10-25 22:20:00+00:00,2020-10-25 22:25:00+00:00,2020-10-25 22:25:00+00:00,2020-10-25 22:55:00+00:00,1.1846,1.1842000000000001,1.1852,1.18419,STOP,0.0004,-1.0250000000000536,-1.1500000000000536,-0.41000000000002146
N3_ANCHOR_REVERSION,NEUTRAL,LONG,2020-10-25 23:00:00+00:00,2020-10-25 23:05:00+00:00,2020-10-25 23:05:00+00:00,2020-10-25 23:15:00+00:00,1.18465,1.18425,1.18525,1.18424,STOP,0.0004,-1.0250000000000536,-1.1500000000000536,-0.41000000000002146
N3_ANCHOR_REVERSION,NEUTRAL,LONG,2020-10-26 09:10:00+00:00,2020-10-26 09:15:00+00:00,2020-10-26 09:15:00+00:00,2020-10-26 09:15:00+00:00,1.18158,1.1811800000000001,1.18218,1.18117,STOP,0.0004,-1.0250000000000536,-1.1500000000000536,-0.41000000000002146
N3_ANCHOR_REVERSION,NEUTRAL,LONG,2020-10-26 09:45:00+00:00,2020-10-26 09:50:00+00:00,2020-10-26 09:50:00+00:00,2020-10-26 10:00:00+00:00,1.1811900000000002,1.1807900000000002,1.1817900000000001,1.1807800000000002,STOP,0.0004,-1.0250000000000536,-1.1500000000000536,-0.41000000000002146
N3_ANCHOR_REVERSION,NEUTRAL,LONG,2020-10-26 12:55:00+00:00,2020-10-26 13:00:00+00:00,2020-10-26 13:00:00+00:00,2020-10-26 13:15:00+00:00,1.1814200000000001,1.1810200000000002,1.18202,1.18201,TARGET,0.0004,1.474999999999671,1.349999999999671,0.5899999999998684
N3_ANCHOR_REVERSION,NEUTRAL,LONG,2020-10-26 15:20:00+00:00,2020-10-26 15:25:00+00:00,2020-10-26 15:25:00+00:00,2020-10-26 15:45:00+00:00,1.18113,1.18073,1.18173,1.1817199999999999,TARGET,0.0004,1.474999999999671,1.349999999999671,0.5899999999998684
N3_ANCHOR_REVERSION,NEUTRAL,LONG,2020-10-28 04:05:00+00:00,2020-10-28 04:10:00+00:00,2020-10-28 04:10:00+00:00,2020-10-28 05:45:00+00:00,1.1777,1.1773,1.1783,1.1782899999999998,TARGET,0.0004,1.474999999999671,1.349999999999671,0.5899999999998684
N3_ANCHOR_REVERSION,NEUTRAL,SHORT,2020-10-28 06:20:00+00:00,2020-10-28 06:25:00+00:00,2020-10-28 06:25:00+00:00,2020-10-28 06:50:00+00:00,1.17838,1.17878,1.17778,1.1777900000000001,TARGET,0.0004,1.474999999999671,1.349999999999671,0.5899999999998684
N3_ANCHOR_REVERSION,NEUTRAL,LONG,2020-10-28 07:00:00+00:00,2020-10-28 07:05:00+00:00,2020-10-28 07:05:00+00:00,2020-10-28 07:15:00+00:00,1.17757,1.17717,1.17817,1.17716,STOP,0.0004,-1.0250000000000536,-1.1500000000000536,-0.41000000000002146
N3_ANCHOR_REVERSION,NEUTRAL,LONG,2020-10-28 08:05:00+00:00,2020-10-28 08:10:00+00:00,2020-10-28 08:10:00+00:00,2020-10-28 08:10:00+00:00,1.17628,1.17588,1.17688,1.17587,STOP,0.0004,-1.0250000000000536,-1.1500000000000536,-0.41000000000002146
N3_ANCHOR_REVERSION,NEUTRAL,SHORT,2020-10-29 00:25:00+00:00,2020-10-29 00:30:00+00:00,2020-10-29 00:30:00+00:00,2020-10-29 01:55:00+00:00,1.17537,1.17577,1.17477,1.17578,STOP,0.0004,-1.0250000000000536,-1.1500000000000536,-0.41000000000002146
N3_ANCHOR_REVERSION,NEUTRAL,SHORT,2020-10-29 19:55:00+00:00,2020-10-29 20:00:00+00:00,2020-10-29 20:00:00+00:00,2020-10-29 23:55:00+00:00,1.1674099999999998,1.1678099999999998,1.16681,1.1678199999999999,STOP,0.0004,-1.0250000000000536,-1.1500000000000536,-0.41000000000002146
N3_ANCHOR_REVERSION,NEUTRAL,LONG,2020-11-09 18:25:00+00:00,2020-11-09 18:30:00+00:00,2020-11-09 18:30:00+00:00,2020-11-09 18:55:00+00:00,1.1810200000000002,1.1806200000000002,1.1816200000000001,1.18161,TARGET,0.0004,1.474999999999671,1.349999999999671,0.5899999999998684
N3_ANCHOR_REVERSION,NEUTRAL,SHORT,2020-11-09 20:05:00+00:00,2020-11-09 20:10:00+00:00,2020-11-09 20:10:00+00:00,2020-11-09 20:45:00+00:00,1.18323,1.18363,1.18263,1.1826400000000001,TARGET,0.0004,1.474999999999671,1.349999999999671,0.5899999999998684
N3_ANCHOR_REVERSION,NEUTRAL,LONG,2020-11-10 00:30:00+00:00,2020-11-10 00:35:00+00:00,2020-11-10 00:35:00+00:00,2020-11-10 01:05:00+00:00,1.18131,1.1809100000000001,1.18191,1.1819,TARGET,0.0004,1.474999999999671,1.349999999999671,0.5899999999998684
N3_ANCHOR_REVERSION,NEUTRAL,LONG,2020-11-11 12:15:00+00:00,2020-11-11 12:20:00+00:00,2020-11-11 12:20:00+00:00,2020-11-11 12:35:00+00:00,1.17602,1.17562,1.17662,1.17561,STOP,0.0004,-1.0250000000000536,-1.1500000000000536,-0.41000000000002146
N3_ANCHOR_REVERSION,NEUTRAL,LONG,2020-11-11 13:10:00+00:00,2020-11-11 13:15:00+00:00,2020-11-11 13:15:00+00:00,2020-11-11 13:25:00+00:00,1.17669,1.17629,1.17729,1.1772799999999999,TARGET,0.0004,1.474999999999671,1.349999999999671,0.5899999999998684
N3_ANCHOR_REVERSION,NEUTRAL,LONG,2020-11-11 14:05:00+00:00,2020-11-11 14:10:00+00:00,2020-11-11 14:10:00+00:00,2020-11-11 14:15:00+00:00,1.17594,1.17554,1.17654,1.17553,STOP,0.0004,-1.0250000000000536,-1.1500000000000536,-0.41000000000002146
N3_ANCHOR_REVERSION,NEUTRAL,LONG,2020-11-11 14:40:00+00:00,2020-11-11 14:45:00+00:00,2020-11-11 14:45:00+00:00,2020-11-11 15:15:00+00:00,1.1749800000000001,1.1745800000000002,1.17558,1.1745700000000001,STOP,0.0004,-1.0250000000000536,-1.1500000000000536,-0.41000000000002146
N3_ANCHOR_REVERSION,NEUTRAL,LONG,2020-11-17 05:30:00+00:00,2020-11-17 05:35:00+00:00,2020-11-17 05:35:00+00:00,2020-11-17 06:00:00+00:00,1.1857600000000001,1.1853600000000002,1.18636,1.1853500000000001,STOP,0.0004,-1.0250000000000536,-1.1500000000000536,-0.41000000000002146
N3_ANCHOR_REVERSION,NEUTRAL,SHORT,2020-11-24 05:00:00+00:00,2020-11-24 05:05:00+00:00,2020-11-24 05:05:00+00:00,2020-11-24 05:55:00+00:00,1.18505,1.18545,1.18445,1.18546,STOP,0.0004,-1.0250000000000536,-1.1500000000000536,-0.41000000000002146
N3_ANCHOR_REVERSION,NEUTRAL,SHORT,2020-11-24 06:05:00+00:00,2020-11-24 06:10:00+00:00,2020-11-24 06:10:00+00:00,2020-11-24 06:10:00+00:00,1.1851,1.1855,1.1845,1.18551,STOP,0.0004,-1.0250000000000536,-1.1500000000000536,-0.41000000000002146
N3_ANCHOR_REVERSION,NEUTRAL,SHORT,2020-11-24 06:25:00+00:00,2020-11-24 06:30:00+00:00,2020-11-24 06:30:00+00:00,2020-11-24 07:35:00+00:00,1.1855799999999999,1.1859799999999998,1.18498,1.18499,TARGET,0.0004,1.474999999999671,1.349999999999671,0.5899999999998684
N3_ANCHOR_REVERSION,NEUTRAL,SHORT,2020-11-24 20:25:00+00:00,2020-11-24 20:30:00+00:00,2020-11-24 20:30:00+00:00,2020-11-24 20:45:00+00:00,1.18838,1.18878,1.18778,1.18879,STOP,0.0004,-1.0250000000000536,-1.1500000000000536,-0.41000000000002146
N3_ANCHOR_REVERSION,NEUTRAL,SHORT,2020-11-25 00:10:00+00:00,2020-11-25 00:15:00+00:00,2020-11-25 00:15:00+00:00,2020-11-25 01:05:00+00:00,1.1898499999999999,1.1902499999999998,1.18925,1.1902599999999999,STOP,0.0004,-1.0250000000000536,-1.1500000000000536,-0.41000000000002146
N3_ANCHOR_REVERSION,NEUTRAL,SHORT,2020-11-25 01:15:00+00:00,2020-11-25 01:20:00+00:00,2020-11-25 01:20:00+00:00,2020-11-25 02:55:00+00:00,1.1901,1.1905,1.1895,1.19051,STOP,0.0004,-1.0250000000000536,-1.1500000000000536,-0.41000000000002146
N3_ANCHOR_REVERSION,NEUTRAL,LONG,2020-11-26 13:00:00+00:00,2020-11-26 13:05:00+00:00,2020-11-26 13:05:00+00:00,2020-11-26 14:20:00+00:00,1.1897600000000002,1.1893600000000002,1.19036,1.1893500000000001,STOP,0.0004,-1.0250000000000536,-1.1500000000000536,-0.41000000000002146
N3_ANCHOR_REVERSION,NEUTRAL,SHORT,2020-12-01 21:00:00+00:00,2020-12-01 21:05:00+00:00,2020-12-01 21:05:00+00:00,2020-12-01 22:25:00+00:00,1.20705,1.20745,1.20645,1.20746,STOP,0.0004,-1.0250000000000536,-1.1500000000000536,-0.41000000000002146
N3_ANCHOR_REVERSION,NEUTRAL,SHORT,2020-12-01 23:00:00+00:00,2020-12-01 23:05:00+00:00,2020-12-01 23:05:00+00:00,2020-12-02 01:15:00+00:00,1.20699,1.20739,1.20639,1.2064000000000001,TARGET,0.0004,1.474999999999671,1.349999999999671,0.5899999999998684
N3_ANCHOR_REVERSION,NEUTRAL,SHORT,2020-12-02 02:10:00+00:00,2020-12-02 02:15:00+00:00,2020-12-02 02:15:00+00:00,2020-12-02 02:25:00+00:00,1.2072699999999998,1.2076699999999998,1.20667,1.2076799999999999,STOP,0.0004,-1.0250000000000536,-1.1500000000000536,-0.41000000000002146
N3_ANCHOR_REVERSION,NEUTRAL,SHORT,2020-12-02 04:25:00+00:00,2020-12-02 04:30:00+00:00,2020-12-02 04:30:00+00:00,2020-12-02 05:20:00+00:00,1.2078499999999999,1.2082499999999998,1.20725,1.20726,TARGET,0.0004,1.474999999999671,1.349999999999671,0.5899999999998684
N3_ANCHOR_REVERSION,NEUTRAL,LONG,2020-12-02 06:00:00+00:00,2020-12-02 06:05:00+00:00,2020-12-02 06:05:00+00:00,2020-12-02 06:50:00+00:00,1.20719,1.20679,1.20779,1.20678,STOP,0.0004,-1.0250000000000536,-1.1500000000000536,-0.41000000000002146
N3_ANCHOR_REVERSION,NEUTRAL,SHORT,2020-12-02 19:25:00+00:00,2020-12-02 19:30:00+00:00,2020-12-02 19:30:00+00:00,2020-12-02 19:30:00+00:00,1.20986,1.21026,1.20926,1.21027,STOP,0.0004,-1.0250000000000536,-1.1500000000000536,-0.41000000000002146
N3_ANCHOR_REVERSION,NEUTRAL,SHORT,2020-12-02 23:55:00+00:00,2020-12-03 00:00:00+00:00,2020-12-03 00:00:00+00:00,2020-12-03 00:15:00+00:00,1.21136,1.21176,1.21076,1.2107700000000001,TARGET,0.0004,1.474999999999671,1.349999999999671,0.5899999999998684
N3_ANCHOR_REVERSION,NEUTRAL,SHORT,2020-12-04 00:50:00+00:00,2020-12-04 00:55:00+00:00,2020-12-04 00:55:00+00:00,2020-12-04 01:05:00+00:00,1.21494,1.2153399999999999,1.21434,1.21535,STOP,0.0004,-1.0250000000000536,-1.1500000000000536,-0.41000000000002146
N3_ANCHOR_REVERSION,NEUTRAL,LONG,2020-12-04 20:55:00+00:00,2020-12-04 21:00:00+00:00,2020-12-04 21:00:00+00:00,2020-12-04 21:00:00+00:00,1.2128,1.2124000000000001,1.2134,1.21239,STOP,0.0004,-1.0250000000000536,-1.1500000000000536,-0.41000000000002146
N3_ANCHOR_REVERSION,NEUTRAL,LONG,2020-12-04 21:50:00+00:00,2020-12-04 21:55:00+00:00,2020-12-04 21:55:00+00:00,2020-12-04 21:55:00+00:00,1.2121,1.2117,1.2127,1.21201,TIME_12H,0.0004,-0.2249999999998087,-0.3499999999998087,-0.08999999999992347
N3_ANCHOR_REVERSION,NEUTRAL,LONG,2020-12-07 00:00:00+00:00,2020-12-07 00:05:00+00:00,2020-12-07 00:05:00+00:00,2020-12-07 00:45:00+00:00,1.21221,1.21181,1.21281,1.2127999999999999,TARGET,0.0004,1.474999999999671,1.349999999999671,0.5899999999998684
N3_ANCHOR_REVERSION,NEUTRAL,SHORT,2020-12-07 02:15:00+00:00,2020-12-07 02:20:00+00:00,2020-12-07 02:20:00+00:00,2020-12-07 02:20:00+00:00,1.21369,1.21409,1.21309,1.2141,STOP,0.0004,-1.0250000000000536,-1.1500000000000536,-0.41000000000002146
N3_ANCHOR_REVERSION,NEUTRAL,SHORT,2020-12-07 02:30:00+00:00,2020-12-07 02:35:00+00:00,2020-12-07 02:35:00+00:00,2020-12-07 06:10:00+00:00,1.2136099999999999,1.2140099999999998,1.21301,1.21302,TARGET,0.0004,1.474999999999671,1.349999999999671,0.5899999999998684
N3_ANCHOR_REVERSION,NEUTRAL,SHORT,2020-12-07 13:45:00+00:00,2020-12-07 13:50:00+00:00,2020-12-07 13:50:00+00:00,2020-12-07 13:50:00+00:00,1.2133099999999999,1.2137099999999998,1.21271,1.21372,STOP,0.0004,-1.0250000000000536,-1.1500000000000536,-0.41000000000002146
N3_ANCHOR_REVERSION,NEUTRAL,LONG,2020-12-08 00:05:00+00:00,2020-12-08 00:10:00+00:00,2020-12-08 00:10:00+00:00,2020-12-08 00:50:00+00:00,1.21097,1.2105700000000001,1.21157,1.21056,STOP,0.0004,-1.0250000000000536,-1.1500000000000536,-0.41000000000002146
N3_ANCHOR_REVERSION,NEUTRAL,LONG,2020-12-08 00:55:00+00:00,2020-12-08 01:00:00+00:00,2020-12-08 01:00:00+00:00,2020-12-08 03:55:00+00:00,1.21083,1.2104300000000001,1.21143,1.21142,TARGET,0.0004,1.474999999999671,1.349999999999671,0.5899999999998684
N3_ANCHOR_REVERSION,NEUTRAL,LONG,2020-12-09 12:55:00+00:00,2020-12-09 13:00:00+00:00,2020-12-09 13:00:00+00:00,2020-12-09 13:00:00+00:00,1.2110500000000002,1.2106500000000002,1.2116500000000001,1.2106400000000002,STOP,0.0004,-1.0250000000000536,-1.1500000000000536,-0.41000000000002146
N3_ANCHOR_REVERSION,NEUTRAL,LONG,2020-12-09 13:20:00+00:00,2020-12-09 13:25:00+00:00,2020-12-09 13:25:00+00:00,2020-12-09 13:30:00+00:00,1.2109800000000002,1.2105800000000002,1.21158,1.2105700000000001,STOP,0.0004,-1.0250000000000536,-1.1500000000000536,-0.41000000000002146
N3_ANCHOR_REVERSION,NEUTRAL,LONG,2020-12-09 18:15:00+00:00,2020-12-09 18:20:00+00:00,2020-12-09 18:20:00+00:00,2020-12-09 18:45:00+00:00,1.2069,1.2065000000000001,1.2075,1.20649,STOP,0.0004,-1.0250000000000536,-1.1500000000000536,-0.41000000000002146
N3_ANCHOR_REVERSION,NEUTRAL,SHORT,2020-12-09 20:55:00+00:00,2020-12-09 21:00:00+00:00,2020-12-09 21:00:00+00:00,2020-12-09 21:10:00+00:00,1.20796,1.2083599999999999,1.20736,1.20837,STOP,0.0004,-1.0250000000000536,-1.1500000000000536,-0.41000000000002146
N3_ANCHOR_REVERSION,NEUTRAL,SHORT,2020-12-10 02:45:00+00:00,2020-12-10 02:50:00+00:00,2020-12-10 02:50:00+00:00,2020-12-10 02:55:00+00:00,1.20878,1.20918,1.20818,1.20919,STOP,0.0004,-1.0250000000000536,-1.1500000000000536,-0.41000000000002146
N3_ANCHOR_REVERSION,NEUTRAL,SHORT,2020-12-10 02:55:00+00:00,2020-12-10 03:00:00+00:00,2020-12-10 03:00:00+00:00,2020-12-10 03:35:00+00:00,1.2088999999999999,1.2092999999999998,1.2083,1.2093099999999999,STOP,0.0004,-1.0250000000000536,-1.1500000000000536,-0.41000000000002146
N3_ANCHOR_REVERSION,NEUTRAL,SHORT,2020-12-10 20:35:00+00:00,2020-12-10 20:40:00+00:00,2020-12-10 20:40:00+00:00,2020-12-10 20:40:00+00:00,1.21406,1.2144599999999999,1.21346,1.21447,STOP,0.0004,-1.0250000000000536,-1.1500000000000536,-0.41000000000002146
N3_ANCHOR_REVERSION,NEUTRAL,SHORT,2020-12-10 21:00:00+00:00,2020-12-10 21:05:00+00:00,2020-12-10 21:05:00+00:00,2020-12-10 21:25:00+00:00,1.21367,1.21407,1.21307,1.21408,STOP,0.0004,-1.0250000000000536,-1.1500000000000536,-0.41000000000002146
N3_ANCHOR_REVERSION,NEUTRAL,SHORT,2020-12-11 00:05:00+00:00,2020-12-11 00:10:00+00:00,2020-12-11 00:10:00+00:00,2020-12-11 01:00:00+00:00,1.21445,1.21485,1.21385,1.21486,STOP,0.0004,-1.0250000000000536,-1.1500000000000536,-0.41000000000002146
N3_ANCHOR_REVERSION,NEUTRAL,SHORT,2020-12-11 01:25:00+00:00,2020-12-11 01:30:00+00:00,2020-12-11 01:30:00+00:00,2020-12-11 01:45:00+00:00,1.21553,1.21593,1.21493,1.21594,STOP,0.0004,-1.0250000000000536,-1.1500000000000536,-0.41000000000002146
N3_ANCHOR_REVERSION,NEUTRAL,SHORT,2020-12-11 01:55:00+00:00,2020-12-11 02:00:00+00:00,2020-12-11 02:00:00+00:00,2020-12-11 02:55:00+00:00,1.21555,1.2159499999999999,1.21495,1.21596,STOP,0.0004,-1.0250000000000536,-1.1500000000000536,-0.41000000000002146
N3_ANCHOR_REVERSION,NEUTRAL,SHORT,2020-12-11 03:10:00+00:00,2020-12-11 03:15:00+00:00,2020-12-11 03:15:00+00:00,2020-12-11 03:20:00+00:00,1.2154,1.2158,1.2148,1.21581,STOP,0.0004,-1.0250000000000536,-1.1500000000000536,-0.41000000000002146
N3_ANCHOR_REVERSION,NEUTRAL,LONG,2020-12-16 19:10:00+00:00,2020-12-16 19:15:00+00:00,2020-12-16 19:15:00+00:00,2020-12-16 19:15:00+00:00,1.2154800000000001,1.2150800000000002,1.21608,1.21507,STOP,0.0004,-1.0250000000000536,-1.1500000000000536,-0.41000000000002146
N3_ANCHOR_REVERSION,NEUTRAL,LONG,2020-12-16 19:20:00+00:00,2020-12-16 19:25:00+00:00,2020-12-16 19:25:00+00:00,2020-12-16 19:25:00+00:00,1.2145000000000001,1.2141000000000002,1.2151,1.2140900000000001,STOP,0.0004,-1.0250000000000536,-1.1500000000000536,-0.41000000000002146
N3_ANCHOR_REVERSION,NEUTRAL,LONG,2020-12-16 19:30:00+00:00,2020-12-16 19:35:00+00:00,2020-12-16 19:35:00+00:00,2020-12-16 19:35:00+00:00,1.2150100000000001,1.2146100000000002,1.21561,1.2156,TARGET,0.0004,1.474999999999671,1.349999999999671,0.5899999999998684
N3_ANCHOR_REVERSION,NEUTRAL,SHORT,2020-12-16 23:50:00+00:00,2020-12-16 23:55:00+00:00,2020-12-16 23:55:00+00:00,2020-12-17 01:15:00+00:00,1.21959,1.21999,1.21899,1.22,STOP,0.0004,-1.0250000000000536,-1.1500000000000536,-0.41000000000002146
N3_ANCHOR_REVERSION,NEUTRAL,SHORT,2020-12-17 01:30:00+00:00,2020-12-17 01:35:00+00:00,2020-12-17 01:35:00+00:00,2020-12-17 02:50:00+00:00,1.22065,1.22105,1.22005,1.22106,STOP,0.0004,-1.0250000000000536,-1.1500000000000536,-0.41000000000002146
N3_ANCHOR_REVERSION,NEUTRAL,SHORT,2020-12-17 04:25:00+00:00,2020-12-17 04:30:00+00:00,2020-12-17 04:30:00+00:00,2020-12-17 06:20:00+00:00,1.2227999999999999,1.2231999999999998,1.2222,1.22321,STOP,0.0004,-1.0250000000000536,-1.1500000000000536,-0.41000000000002146
N3_ANCHOR_REVERSION,NEUTRAL,SHORT,2020-12-17 06:50:00+00:00,2020-12-17 06:55:00+00:00,2020-12-17 06:55:00+00:00,2020-12-17 07:00:00+00:00,1.22305,1.22345,1.22245,1.22346,STOP,0.0004,-1.0250000000000536,-1.1500000000000536,-0.41000000000002146
N3_ANCHOR_REVERSION,NEUTRAL,SHORT,2020-12-17 07:10:00+00:00,2020-12-17 07:15:00+00:00,2020-12-17 07:15:00+00:00,2020-12-17 07:20:00+00:00,1.2232999999999998,1.2236999999999998,1.2227,1.22271,TARGET,0.0004,1.474999999999671,1.349999999999671,0.5899999999998684
N3_ANCHOR_REVERSION,NEUTRAL,LONG,2020-12-21 05:20:00+00:00,2020-12-21 05:25:00+00:00,2020-12-21 05:25:00+00:00,2020-12-21 05:55:00+00:00,1.21832,1.2179200000000001,1.21892,1.21891,TARGET,0.0004,1.474999999999671,1.349999999999671,0.5899999999998684
N3_ANCHOR_REVERSION,NEUTRAL,LONG,2020-12-21 06:10:00+00:00,2020-12-21 06:15:00+00:00,2020-12-21 06:15:00+00:00,2020-12-21 06:25:00+00:00,1.21873,1.2183300000000001,1.21933,1.21832,STOP,0.0004,-1.0250000000000536,-1.1500000000000536,-0.41000000000002146
N3_ANCHOR_REVERSION,NEUTRAL,LONG,2020-12-21 06:25:00+00:00,2020-12-21 06:30:00+00:00,2020-12-21 06:30:00+00:00,2020-12-21 06:45:00+00:00,1.21879,1.21839,1.21939,1.21938,TARGET,0.0004,1.474999999999671,1.349999999999671,0.5899999999998684
N3_ANCHOR_REVERSION,NEUTRAL,LONG,2020-12-21 07:50:00+00:00,2020-12-21 07:55:00+00:00,2020-12-21 07:55:00+00:00,2020-12-21 08:00:00+00:00,1.2176600000000002,1.2172600000000002,1.2182600000000001,1.21825,TARGET,0.0004,1.474999999999671,1.349999999999671,0.5899999999998684
N3_ANCHOR_REVERSION,NEUTRAL,LONG,2020-12-22 00:55:00+00:00,2020-12-22 01:00:00+00:00,2020-12-22 01:00:00+00:00,2020-12-22 03:15:00+00:00,1.22316,1.22276,1.22376,1.22275,STOP,0.0004,-1.0250000000000536,-1.1500000000000536,-0.41000000000002146
N3_ANCHOR_REVERSION,NEUTRAL,LONG,2020-12-22 03:35:00+00:00,2020-12-22 03:40:00+00:00,2020-12-22 03:40:00+00:00,2020-12-22 04:30:00+00:00,1.2227400000000002,1.2223400000000002,1.22334,1.2223300000000001,STOP,0.0004,-1.0250000000000536,-1.1500000000000536,-0.41000000000002146
N3_ANCHOR_REVERSION,NEUTRAL,LONG,2020-12-22 18:50:00+00:00,2020-12-22 18:55:00+00:00,2020-12-22 18:55:00+00:00,2020-12-22 19:25:00+00:00,1.21639,1.2159900000000001,1.21699,1.21598,STOP,0.0004,-1.0250000000000536,-1.1500000000000536,-0.41000000000002146
N3_ANCHOR_REVERSION,NEUTRAL,LONG,2020-12-22 19:55:00+00:00,2020-12-22 20:00:00+00:00,2020-12-22 20:00:00+00:00,2020-12-22 20:05:00+00:00,1.21614,1.21574,1.21674,1.21573,STOP,0.0004,-1.0250000000000536,-1.1500000000000536,-0.41000000000002146
N3_ANCHOR_REVERSION,NEUTRAL,SHORT,2020-12-23 00:00:00+00:00,2020-12-23 00:05:00+00:00,2020-12-23 00:05:00+00:00,2020-12-23 00:20:00+00:00,1.2183899999999999,1.2187899999999998,1.21779,1.2178,TARGET,0.0004,1.474999999999671,1.349999999999671,0.5899999999998684
N3_ANCHOR_REVERSION,NEUTRAL,SHORT,2020-12-23 01:40:00+00:00,2020-12-23 01:45:00+00:00,2020-12-23 01:45:00+00:00,2020-12-23 02:20:00+00:00,1.2178799999999999,1.2182799999999998,1.21728,1.21729,TARGET,0.0004,1.474999999999671,1.349999999999671,0.5899999999998684
N3_ANCHOR_REVERSION,NEUTRAL,LONG,2020-12-23 20:10:00+00:00,2020-12-23 20:15:00+00:00,2020-12-23 20:15:00+00:00,2020-12-23 20:40:00+00:00,1.21768,1.2172800000000001,1.21828,1.21827,TARGET,0.0004,1.474999999999671,1.349999999999671,0.5899999999998684
N3_ANCHOR_REVERSION,NEUTRAL,SHORT,2020-12-24 00:10:00+00:00,2020-12-24 00:15:00+00:00,2020-12-24 00:15:00+00:00,2020-12-24 00:40:00+00:00,1.2197399999999998,1.2201399999999998,1.21914,1.2201499999999998,STOP,0.0004,-1.0250000000000536,-1.1500000000000536,-0.41000000000002146
N3_ANCHOR_REVERSION,NEUTRAL,SHORT,2020-12-24 01:15:00+00:00,2020-12-24 01:20:00+00:00,2020-12-24 01:20:00+00:00,2020-12-24 01:20:00+00:00,1.22057,1.2209699999999999,1.21997,1.22098,STOP,0.0004,-1.0250000000000536,-1.1500000000000536,-0.41000000000002146
N3_ANCHOR_REVERSION,NEUTRAL,SHORT,2020-12-24 01:25:00+00:00,2020-12-24 01:30:00+00:00,2020-12-24 01:30:00+00:00,2020-12-24 01:45:00+00:00,1.2207299999999999,1.2211299999999998,1.22013,1.22114,STOP,0.0004,-1.0250000000000536,-1.1500000000000536,-0.41000000000002146
N3_ANCHOR_REVERSION,NEUTRAL,SHORT,2020-12-28 06:10:00+00:00,2020-12-28 06:15:00+00:00,2020-12-28 06:15:00+00:00,2020-12-28 06:50:00+00:00,1.2222499999999998,1.2226499999999998,1.22165,1.2226599999999999,STOP,0.0004,-1.0250000000000536,-1.1500000000000536,-0.41000000000002146
N3_ANCHOR_REVERSION,NEUTRAL,SHORT,2020-12-28 06:50:00+00:00,2020-12-28 06:55:00+00:00,2020-12-28 06:55:00+00:00,2020-12-28 07:40:00+00:00,1.2225,1.2228999999999999,1.2219,1.22291,STOP,0.0004,-1.0250000000000536,-1.1500000000000536,-0.41000000000002146
N3_ANCHOR_REVERSION,NEUTRAL,SHORT,2020-12-28 07:45:00+00:00,2020-12-28 07:50:00+00:00,2020-12-28 07:50:00+00:00,2020-12-28 07:55:00+00:00,1.22267,1.2230699999999999,1.22207,1.22308,STOP,0.0004,-1.0250000000000536,-1.1500000000000536,-0.41000000000002146
N3_ANCHOR_REVERSION,NEUTRAL,SHORT,2020-12-28 08:00:00+00:00,2020-12-28 08:05:00+00:00,2020-12-28 08:05:00+00:00,2020-12-28 08:05:00+00:00,1.22278,1.22318,1.22218,1.22319,STOP,0.0004,-1.0250000000000536,-1.1500000000000536,-0.41000000000002146
N3_ANCHOR_REVERSION,NEUTRAL,SHORT,2020-12-29 00:20:00+00:00,2020-12-29 00:25:00+00:00,2020-12-29 00:25:00+00:00,2020-12-29 00:30:00+00:00,1.22265,1.22305,1.22205,1.22306,STOP,0.0004,-1.0250000000000536,-1.1500000000000536,-0.41000000000002146
N3_ANCHOR_REVERSION,NEUTRAL,SHORT,2020-12-29 00:45:00+00:00,2020-12-29 00:50:00+00:00,2020-12-29 00:50:00+00:00,2020-12-29 02:05:00+00:00,1.2227599999999998,1.2231599999999998,1.22216,1.2231699999999999,STOP,0.0004,-1.0250000000000536,-1.1500000000000536,-0.41000000000002146
N3_ANCHOR_REVERSION,NEUTRAL,SHORT,2020-12-30 03:40:00+00:00,2020-12-30 03:45:00+00:00,2020-12-30 03:45:00+00:00,2020-12-30 04:10:00+00:00,1.22845,1.22885,1.22785,1.22886,STOP,0.0004,-1.0250000000000536,-1.1500000000000536,-0.41000000000002146
N3_ANCHOR_REVERSION,NEUTRAL,SHORT,2020-12-30 04:55:00+00:00,2020-12-30 05:00:00+00:00,2020-12-30 05:00:00+00:00,2020-12-30 05:00:00+00:00,1.22848,1.22888,1.22788,1.22889,STOP,0.0004,-1.0250000000000536,-1.1500000000000536,-0.41000000000002146
N3_ANCHOR_REVERSION,NEUTRAL,SHORT,2020-12-30 05:40:00+00:00,2020-12-30 05:45:00+00:00,2020-12-30 05:45:00+00:00,2020-12-30 06:15:00+00:00,1.2287299999999999,1.2291299999999998,1.22813,1.22814,TARGET,0.0004,1.474999999999671,1.349999999999671,0.5899999999998684
N3_ANCHOR_REVERSION,NEUTRAL,LONG,2020-12-30 06:20:00+00:00,2020-12-30 06:25:00+00:00,2020-12-30 06:25:00+00:00,2020-12-30 07:40:00+00:00,1.22804,1.22764,1.22864,1.22763,STOP,0.0004,-1.0250000000000536,-1.1500000000000536,-0.41000000000002146
N3_ANCHOR_REVERSION,NEUTRAL,SHORT,2021-01-04 11:30:00+00:00,2021-01-04 11:35:00+00:00,2021-01-04 11:35:00+00:00,2021-01-04 12:00:00+00:00,1.2295699999999998,1.2299699999999998,1.22897,1.22898,TARGET,0.0004,1.474999999999671,1.349999999999671,0.5899999999998684
N3_ANCHOR_REVERSION,NEUTRAL,SHORT,2021-01-05 20:00:00+00:00,2021-01-05 20:05:00+00:00,2021-01-05 20:05:00+00:00,2021-01-05 20:55:00+00:00,1.23004,1.23044,1.22944,1.2294500000000002,TARGET,0.0004,1.474999999999671,1.349999999999671,0.5899999999998684
N3_ANCHOR_REVERSION,NEUTRAL,SHORT,2021-01-06 01:00:00+00:00,2021-01-06 01:05:00+00:00,2021-01-06 01:05:00+00:00,2021-01-06 01:05:00+00:00,1.2308299999999999,1.2312299999999998,1.23023,1.23024,TARGET,0.0004,1.474999999999671,1.349999999999671,0.5899999999998684
N3_ANCHOR_REVERSION,NEUTRAL,SHORT,2021-01-06 04:25:00+00:00,2021-01-06 04:30:00+00:00,2021-01-06 04:30:00+00:00,2021-01-06 04:30:00+00:00,1.2297,1.2301,1.2291,1.23011,STOP,0.0004,-1.0250000000000536,-1.1500000000000536,-0.41000000000002146
N3_ANCHOR_REVERSION,NEUTRAL,SHORT,2021-01-06 08:00:00+00:00,2021-01-06 08:05:00+00:00,2021-01-06 08:05:00+00:00,2021-01-06 08:15:00+00:00,1.23343,1.23383,1.23283,1.2328400000000002,TARGET,0.0004,1.474999999999671,1.349999999999671,0.5899999999998684
N3_ANCHOR_REVERSION,NEUTRAL,SHORT,2021-01-06 09:15:00+00:00,2021-01-06 09:20:00+00:00,2021-01-06 09:20:00+00:00,2021-01-06 09:25:00+00:00,1.23326,1.23366,1.23266,1.23367,STOP,0.0004,-1.0250000000000536,-1.1500000000000536,-0.41000000000002146
N3_ANCHOR_REVERSION,NEUTRAL,SHORT,2021-01-07 00:00:00+00:00,2021-01-07 00:05:00+00:00,2021-01-07 00:05:00+00:00,2021-01-07 00:05:00+00:00,1.23338,1.2337799999999999,1.23278,1.23379,STOP,0.0004,-1.0250000000000536,-1.1500000000000536,-0.41000000000002146
N3_ANCHOR_REVERSION,NEUTRAL,SHORT,2021-01-07 00:25:00+00:00,2021-01-07 00:30:00+00:00,2021-01-07 00:30:00+00:00,2021-01-07 00:40:00+00:00,1.23379,1.23419,1.23319,1.2332,TARGET,0.0004,1.474999999999671,1.349999999999671,0.5899999999998684
N3_ANCHOR_REVERSION,NEUTRAL,LONG,2021-01-07 02:30:00+00:00,2021-01-07 02:35:00+00:00,2021-01-07 02:35:00+00:00,2021-01-07 04:10:00+00:00,1.2324700000000002,1.2320700000000002,1.23307,1.23306,TARGET,0.0004,1.474999999999671,1.349999999999671,0.5899999999998684
N3_ANCHOR_REVERSION,NEUTRAL,LONG,2021-01-15 04:15:00+00:00,2021-01-15 04:20:00+00:00,2021-01-15 04:20:00+00:00,2021-01-15 05:20:00+00:00,1.21466,1.2142600000000001,1.21526,1.21425,STOP,0.0004,-1.0250000000000536,-1.1500000000000536,-0.41000000000002146
N3_ANCHOR_REVERSION,NEUTRAL,LONG,2021-01-15 05:25:00+00:00,2021-01-15 05:30:00+00:00,2021-01-15 05:30:00+00:00,2021-01-15 05:45:00+00:00,1.21422,1.2138200000000001,1.21482,1.21381,STOP,0.0004,-1.0250000000000536,-1.1500000000000536,-0.41000000000002146
N3_ANCHOR_REVERSION,NEUTRAL,LONG,2021-01-15 05:55:00+00:00,2021-01-15 06:00:00+00:00,2021-01-15 06:00:00+00:00,2021-01-15 06:40:00+00:00,1.21405,1.2136500000000001,1.21465,1.21364,STOP,0.0004,-1.0250000000000536,-1.1500000000000536,-0.41000000000002146
N3_ANCHOR_REVERSION,NEUTRAL,LONG,2021-01-15 15:55:00+00:00,2021-01-15 16:00:00+00:00,2021-01-15 16:00:00+00:00,2021-01-15 16:00:00+00:00,1.2094,1.209,1.21,1.20899,STOP,0.0004,-1.0250000000000536,-1.1500000000000536,-0.41000000000002146
N3_ANCHOR_REVERSION,NEUTRAL,LONG,2021-01-20 12:20:00+00:00,2021-01-20 12:25:00+00:00,2021-01-20 12:25:00+00:00,2021-01-20 12:45:00+00:00,1.21082,1.21042,1.21142,1.21041,STOP,0.0004,-1.0250000000000536,-1.1500000000000536,-0.41000000000002146
N3_ANCHOR_REVERSION,NEUTRAL,LONG,2021-01-20 12:55:00+00:00,2021-01-20 13:00:00+00:00,2021-01-20 13:00:00+00:00,2021-01-20 13:15:00+00:00,1.2098900000000001,1.2094900000000002,1.21049,1.21048,TARGET,0.0004,1.474999999999671,1.349999999999671,0.5899999999998684
N3_ANCHOR_REVERSION,NEUTRAL,LONG,2021-01-20 13:35:00+00:00,2021-01-20 13:40:00+00:00,2021-01-20 13:40:00+00:00,2021-01-20 14:00:00+00:00,1.2104000000000001,1.2100000000000002,1.211,1.21099,TARGET,0.0004,1.474999999999671,1.349999999999671,0.5899999999998684
N3_ANCHOR_REVERSION,NEUTRAL,LONG,2021-01-20 14:25:00+00:00,2021-01-20 14:30:00+00:00,2021-01-20 14:30:00+00:00,2021-01-20 14:50:00+00:00,1.20998,1.20958,1.21058,1.20957,STOP,0.0004,-1.0250000000000536,-1.1500000000000536,-0.41000000000002146
N3_ANCHOR_REVERSION,NEUTRAL,SHORT,2021-01-21 02:55:00+00:00,2021-01-21 03:00:00+00:00,2021-01-21 03:00:00+00:00,2021-01-21 03:00:00+00:00,1.21254,1.21294,1.21194,1.21295,STOP,0.0004,-1.0250000000000536,-1.1500000000000536,-0.41000000000002146
N3_ANCHOR_REVERSION,NEUTRAL,SHORT,2021-01-21 03:30:00+00:00,2021-01-21 03:35:00+00:00,2021-01-21 03:35:00+00:00,2021-01-21 05:30:00+00:00,1.21302,1.21342,1.21242,1.21343,STOP,0.0004,-1.0250000000000536,-1.1500000000000536,-0.41000000000002146
N3_ANCHOR_REVERSION,NEUTRAL,SHORT,2021-01-21 05:40:00+00:00,2021-01-21 05:45:00+00:00,2021-01-21 05:45:00+00:00,2021-01-21 07:10:00+00:00,1.2135099999999999,1.2139099999999998,1.21291,1.21292,TARGET,0.0004,1.474999999999671,1.349999999999671,0.5899999999998684
N3_ANCHOR_REVERSION,NEUTRAL,LONG,2021-01-26 00:30:00+00:00,2021-01-26 00:35:00+00:00,2021-01-26 00:35:00+00:00,2021-01-26 00:55:00+00:00,1.2138300000000002,1.2134300000000002,1.2144300000000001,1.2134200000000002,STOP,0.0004,-1.0250000000000536,-1.1500000000000536,-0.41000000000002146
N3_ANCHOR_REVERSION,NEUTRAL,LONG,2021-01-26 01:00:00+00:00,2021-01-26 01:05:00+00:00,2021-01-26 01:05:00+00:00,2021-01-26 01:50:00+00:00,1.21368,1.2132800000000001,1.21428,1.21427,TARGET,0.0004,1.474999999999671,1.349999999999671,0.5899999999998684
N3_ANCHOR_REVERSION,NEUTRAL,SHORT,2021-01-26 13:55:00+00:00,2021-01-26 14:00:00+00:00,2021-01-26 14:00:00+00:00,2021-01-26 14:00:00+00:00,1.2157,1.2161,1.2151,1.21611,STOP,0.0004,-1.0250000000000536,-1.1500000000000536,-0.41000000000002146
N3_ANCHOR_REVERSION,NEUTRAL,SHORT,2021-01-26 14:15:00+00:00,2021-01-26 14:20:00+00:00,2021-01-26 14:20:00+00:00,2021-01-26 14:30:00+00:00,1.21587,1.21627,1.21527,1.21628,STOP,0.0004,-1.0250000000000536,-1.1500000000000536,-0.41000000000002146
N3_ANCHOR_REVERSION,NEUTRAL,LONG,2021-01-27 13:05:00+00:00,2021-01-27 13:10:00+00:00,2021-01-27 13:10:00+00:00,2021-01-27 13:30:00+00:00,1.21124,1.2108400000000001,1.21184,1.21083,STOP,0.0004,-1.0250000000000536,-1.1500000000000536,-0.41000000000002146
N3_ANCHOR_REVERSION,NEUTRAL,LONG,2021-01-27 13:50:00+00:00,2021-01-27 13:55:00+00:00,2021-01-27 13:55:00+00:00,2021-01-27 14:05:00+00:00,1.21085,1.21045,1.21145,1.21044,STOP,0.0004,-1.0250000000000536,-1.1500000000000536,-0.41000000000002146
N3_ANCHOR_REVERSION,NEUTRAL,LONG,2021-01-27 14:25:00+00:00,2021-01-27 14:30:00+00:00,2021-01-27 14:30:00+00:00,2021-01-27 14:30:00+00:00,1.2105400000000002,1.2101400000000002,1.21114,1.2101300000000001,STOP,0.0004,-1.0250000000000536,-1.1500000000000536,-0.41000000000002146
N3_ANCHOR_REVERSION,NEUTRAL,LONG,2021-01-27 14:50:00+00:00,2021-01-27 14:55:00+00:00,2021-01-27 14:55:00+00:00,2021-01-27 14:55:00+00:00,1.2072500000000002,1.2068500000000002,1.20785,1.2068400000000001,STOP,0.0004,-1.0250000000000536,-1.1500000000000536,-0.41000000000002146
N3_ANCHOR_REVERSION,NEUTRAL,LONG,2021-01-28 00:30:00+00:00,2021-01-28 00:35:00+00:00,2021-01-28 00:35:00+00:00,2021-01-28 00:50:00+00:00,1.20924,1.2088400000000001,1.20984,1.20883,STOP,0.0004,-1.0250000000000536,-1.1500000000000536,-0.41000000000002146
N3_ANCHOR_REVERSION,NEUTRAL,LONG,2021-01-28 00:55:00+00:00,2021-01-28 01:00:00+00:00,2021-01-28 01:00:00+00:00,2021-01-28 01:05:00+00:00,1.2088400000000001,1.2084400000000002,1.20944,1.20943,TARGET,0.0004,1.474999999999671,1.349999999999671,0.5899999999998684
N3_ANCHOR_REVERSION,NEUTRAL,LONG,2021-01-28 02:55:00+00:00,2021-01-28 03:00:00+00:00,2021-01-28 03:00:00+00:00,2021-01-28 03:00:00+00:00,1.20951,1.2091100000000001,1.21011,1.2091,STOP,0.0004,-1.0250000000000536,-1.1500000000000536,-0.41000000000002146
N3_ANCHOR_REVERSION,NEUTRAL,LONG,2021-01-28 03:10:00+00:00,2021-01-28 03:15:00+00:00,2021-01-28 03:15:00+00:00,2021-01-28 05:50:00+00:00,1.20907,1.2086700000000001,1.20967,1.20966,TARGET,0.0004,1.474999999999671,1.349999999999671,0.5899999999998684
N3_ANCHOR_REVERSION,NEUTRAL,LONG,2021-01-29 02:25:00+00:00,2021-01-29 02:30:00+00:00,2021-01-29 02:30:00+00:00,2021-01-29 02:30:00+00:00,1.21068,1.21028,1.21128,1.21027,STOP,0.0004,-1.0250000000000536,-1.1500000000000536,-0.41000000000002146
N3_ANCHOR_REVERSION,NEUTRAL,LONG,2021-01-29 03:40:00+00:00,2021-01-29 03:45:00+00:00,2021-01-29 03:45:00+00:00,2021-01-29 03:55:00+00:00,1.21011,1.20971,1.21071,1.2097,STOP,0.0004,-1.0250000000000536,-1.1500000000000536,-0.41000000000002146
N3_ANCHOR_REVERSION,NEUTRAL,LONG,2021-01-29 04:20:00+00:00,2021-01-29 04:25:00+00:00,2021-01-29 04:25:00+00:00,2021-01-29 05:40:00+00:00,1.20995,1.2095500000000001,1.21055,1.20954,STOP,0.0004,-1.0250000000000536,-1.1500000000000536,-0.41000000000002146
N3_ANCHOR_REVERSION,NEUTRAL,SHORT,2021-02-08 20:00:00+00:00,2021-02-08 20:05:00+00:00,2021-02-08 20:05:00+00:00,2021-02-08 20:20:00+00:00,1.2052699999999998,1.2056699999999998,1.20467,1.2056799999999999,STOP,0.0004,-1.0250000000000536,-1.1500000000000536,-0.41000000000002146
N3_ANCHOR_REVERSION,NEUTRAL,SHORT,2021-02-08 20:25:00+00:00,2021-02-08 20:30:00+00:00,2021-02-08 20:30:00+00:00,2021-02-08 23:25:00+00:00,1.20547,1.20587,1.20487,1.2048800000000002,TARGET,0.0004,1.474999999999671,1.349999999999671,0.5899999999998684
N3_ANCHOR_REVERSION,NEUTRAL,SHORT,2021-02-09 01:10:00+00:00,2021-02-09 01:15:00+00:00,2021-02-09 01:15:00+00:00,2021-02-09 01:15:00+00:00,1.2056,1.206,1.205,1.20601,STOP,0.0004,-1.0250000000000536,-1.1500000000000536,-0.41000000000002146
N3_ANCHOR_REVERSION,NEUTRAL,SHORT,2021-02-09 01:30:00+00:00,2021-02-09 01:35:00+00:00,2021-02-09 01:35:00+00:00,2021-02-09 02:10:00+00:00,1.20606,1.2064599999999999,1.20546,1.20647,STOP,0.0004,-1.0250000000000536,-1.1500000000000536,-0.41000000000002146
N3_ANCHOR_REVERSION,NEUTRAL,SHORT,2021-02-09 02:40:00+00:00,2021-02-09 02:45:00+00:00,2021-02-09 02:45:00+00:00,2021-02-09 02:50:00+00:00,1.20755,1.2079499999999999,1.20695,1.20796,STOP,0.0004,-1.0250000000000536,-1.1500000000000536,-0.41000000000002146
N3_ANCHOR_REVERSION,NEUTRAL,SHORT,2021-02-09 04:55:00+00:00,2021-02-09 05:00:00+00:00,2021-02-09 05:00:00+00:00,2021-02-09 05:10:00+00:00,1.20756,1.20796,1.20696,1.20797,STOP,0.0004,-1.0250000000000536,-1.1500000000000536,-0.41000000000002146
N3_ANCHOR_REVERSION,NEUTRAL,LONG,2021-02-12 00:55:00+00:00,2021-02-12 01:00:00+00:00,2021-02-12 01:00:00+00:00,2021-02-12 01:50:00+00:00,1.21295,1.21255,1.21355,1.21254,STOP,0.0004,-1.0250000000000536,-1.1500000000000536,-0.41000000000002146
N3_ANCHOR_REVERSION,NEUTRAL,LONG,2021-02-12 01:55:00+00:00,2021-02-12 02:00:00+00:00,2021-02-12 02:00:00+00:00,2021-02-12 02:10:00+00:00,1.2127700000000001,1.2123700000000002,1.21337,1.21236,STOP,0.0004,-1.0250000000000536,-1.1500000000000536,-0.41000000000002146
N3_ANCHOR_REVERSION,NEUTRAL,LONG,2021-02-12 03:25:00+00:00,2021-02-12 03:30:00+00:00,2021-02-12 03:30:00+00:00,2021-02-12 05:50:00+00:00,1.21207,1.21167,1.21267,1.2126599999999998,TARGET,0.0004,1.474999999999671,1.349999999999671,0.5899999999998684
N3_ANCHOR_REVERSION,NEUTRAL,LONG,2021-02-12 09:00:00+00:00,2021-02-12 09:05:00+00:00,2021-02-12 09:05:00+00:00,2021-02-12 09:10:00+00:00,1.2107800000000002,1.2103800000000002,1.2113800000000001,1.2103700000000002,STOP,0.0004,-1.0250000000000536,-1.1500000000000536,-0.41000000000002146
N3_ANCHOR_REVERSION,NEUTRAL,SHORT,2021-02-14 22:40:00+00:00,2021-02-14 22:45:00+00:00,2021-02-14 22:45:00+00:00,2021-02-14 22:55:00+00:00,1.21218,1.21258,1.21158,1.21259,STOP,0.0004,-1.0250000000000536,-1.1500000000000536,-0.41000000000002146
N3_ANCHOR_REVERSION,NEUTRAL,SHORT,2021-02-14 23:05:00+00:00,2021-02-14 23:10:00+00:00,2021-02-14 23:10:00+00:00,2021-02-15 01:35:00+00:00,1.21228,1.21268,1.21168,1.21269,STOP,0.0004,-1.0250000000000536,-1.1500000000000536,-0.41000000000002146
N3_ANCHOR_REVERSION,NEUTRAL,SHORT,2021-02-15 01:40:00+00:00,2021-02-15 01:45:00+00:00,2021-02-15 01:45:00+00:00,2021-02-15 02:00:00+00:00,1.21258,1.21298,1.21198,1.21299,STOP,0.0004,-1.0250000000000536,-1.1500000000000536,-0.41000000000002146
N3_ANCHOR_REVERSION,NEUTRAL,SHORT,2021-02-15 02:25:00+00:00,2021-02-15 02:30:00+00:00,2021-02-15 02:30:00+00:00,2021-02-15 03:10:00+00:00,1.2129699999999999,1.2133699999999998,1.21237,1.21338,STOP,0.0004,-1.0250000000000536,-1.1500000000000536,-0.41000000000002146
N3_ANCHOR_REVERSION,NEUTRAL,SHORT,2021-02-15 03:30:00+00:00,2021-02-15 03:35:00+00:00,2021-02-15 03:35:00+00:00,2021-02-15 03:45:00+00:00,1.2133399999999999,1.2137399999999998,1.21274,1.2137499999999999,STOP,0.0004,-1.0250000000000536,-1.1500000000000536,-0.41000000000002146
N3_ANCHOR_REVERSION,NEUTRAL,SHORT,2021-02-15 03:50:00+00:00,2021-02-15 03:55:00+00:00,2021-02-15 03:55:00+00:00,2021-02-15 05:35:00+00:00,1.21355,1.2139499999999999,1.21295,1.21396,STOP,0.0004,-1.0250000000000536,-1.1500000000000536,-0.41000000000002146
N3_ANCHOR_REVERSION,NEUTRAL,LONG,2021-02-16 22:25:00+00:00,2021-02-16 22:30:00+00:00,2021-02-16 22:30:00+00:00,2021-02-16 22:35:00+00:00,1.2106400000000002,1.2102400000000002,1.21124,1.2102300000000001,STOP,0.0004,-1.0250000000000536,-1.1500000000000536,-0.41000000000002146
N3_ANCHOR_REVERSION,NEUTRAL,LONG,2021-02-16 23:15:00+00:00,2021-02-16 23:20:00+00:00,2021-02-16 23:20:00+00:00,2021-02-16 23:20:00+00:00,1.20963,1.20923,1.21023,1.20922,STOP,0.0004,-1.0250000000000536,-1.1500000000000536,-0.41000000000002146
N3_ANCHOR_REVERSION,NEUTRAL,LONG,2021-02-16 23:30:00+00:00,2021-02-16 23:35:00+00:00,2021-02-16 23:35:00+00:00,2021-02-16 23:55:00+00:00,1.20947,1.20907,1.21007,1.20906,STOP,0.0004,-1.0250000000000536,-1.1500000000000536,-0.41000000000002146
N3_ANCHOR_REVERSION,NEUTRAL,LONG,2021-02-17 00:00:00+00:00,2021-02-17 00:05:00+00:00,2021-02-17 00:05:00+00:00,2021-02-17 00:15:00+00:00,1.2092,1.2088,1.2098,1.20879,STOP,0.0004,-1.0250000000000536,-1.1500000000000536,-0.41000000000002146
N3_ANCHOR_REVERSION,NEUTRAL,LONG,2021-02-17 00:20:00+00:00,2021-02-17 00:25:00+00:00,2021-02-17 00:25:00+00:00,2021-02-17 00:40:00+00:00,1.2091100000000001,1.2087100000000002,1.20971,1.2087,STOP,0.0004,-1.0250000000000536,-1.1500000000000536,-0.41000000000002146
N3_ANCHOR_REVERSION,NEUTRAL,LONG,2021-02-17 01:10:00+00:00,2021-02-17 01:15:00+00:00,2021-02-17 01:15:00+00:00,2021-02-17 02:05:00+00:00,1.2089400000000001,1.2085400000000002,1.20954,1.20953,TARGET,0.0004,1.474999999999671,1.349999999999671,0.5899999999998684
N3_ANCHOR_REVERSION,NEUTRAL,SHORT,2021-02-19 10:20:00+00:00,2021-02-19 10:25:00+00:00,2021-02-19 10:25:00+00:00,2021-02-19 10:25:00+00:00,1.21348,1.2138799999999998,1.21288,1.21389,STOP,0.0004,-1.0250000000000536,-1.1500000000000536,-0.41000000000002146
N3_ANCHOR_REVERSION,NEUTRAL,SHORT,2021-02-19 12:35:00+00:00,2021-02-19 12:40:00+00:00,2021-02-19 12:40:00+00:00,2021-02-19 13:05:00+00:00,1.21369,1.21409,1.21309,1.2141,STOP,0.0004,-1.0250000000000536,-1.1500000000000536,-0.41000000000002146
N3_ANCHOR_REVERSION,NEUTRAL,SHORT,2021-02-19 13:10:00+00:00,2021-02-19 13:15:00+00:00,2021-02-19 13:15:00+00:00,2021-02-19 13:25:00+00:00,1.21382,1.2142199999999999,1.21322,1.21323,TARGET,0.0004,1.474999999999671,1.349999999999671,0.5899999999998684
N3_ANCHOR_REVERSION,NEUTRAL,SHORT,2021-02-22 12:05:00+00:00,2021-02-22 12:10:00+00:00,2021-02-22 12:10:00+00:00,2021-02-22 12:15:00+00:00,1.2135,1.2139,1.2129,1.21391,STOP,0.0004,-1.0250000000000536,-1.1500000000000536,-0.41000000000002146
N3_ANCHOR_REVERSION,NEUTRAL,SHORT,2021-02-22 13:05:00+00:00,2021-02-22 13:10:00+00:00,2021-02-22 13:10:00+00:00,2021-02-22 13:30:00+00:00,1.21357,1.21397,1.21297,1.21398,STOP,0.0004,-1.0250000000000536,-1.1500000000000536,-0.41000000000002146
N3_ANCHOR_REVERSION,NEUTRAL,SHORT,2021-02-22 13:50:00+00:00,2021-02-22 13:55:00+00:00,2021-02-22 13:55:00+00:00,2021-02-22 14:00:00+00:00,1.2149299999999998,1.2153299999999998,1.21433,1.21434,TARGET,0.0004,1.474999999999671,1.349999999999671,0.5899999999998684
N3_ANCHOR_REVERSION,NEUTRAL,SHORT,2021-02-22 19:50:00+00:00,2021-02-22 19:55:00+00:00,2021-02-22 19:55:00+00:00,2021-02-22 20:20:00+00:00,1.21657,1.2169699999999999,1.21597,1.21598,TARGET,0.0004,1.474999999999671,1.349999999999671,0.5899999999998684
N3_ANCHOR_REVERSION,NEUTRAL,SHORT,2021-02-22 23:55:00+00:00,2021-02-23 00:00:00+00:00,2021-02-23 00:00:00+00:00,2021-02-23 00:45:00+00:00,1.2163599999999999,1.2167599999999998,1.21576,1.21677,STOP,0.0004,-1.0250000000000536,-1.1500000000000536,-0.41000000000002146
N3_ANCHOR_REVERSION,NEUTRAL,SHORT,2021-02-23 00:55:00+00:00,2021-02-23 01:00:00+00:00,2021-02-23 01:00:00+00:00,2021-02-23 01:05:00+00:00,1.21706,1.21746,1.21646,1.2164700000000002,TARGET,0.0004,1.474999999999671,1.349999999999671,0.5899999999998684
N3_ANCHOR_REVERSION,NEUTRAL,SHORT,2021-02-23 01:25:00+00:00,2021-02-23 01:30:00+00:00,2021-02-23 01:30:00+00:00,2021-02-23 01:30:00+00:00,1.21689,1.21729,1.21629,1.2173,STOP,0.0004,-1.0250000000000536,-1.1500000000000536,-0.41000000000002146
N3_ANCHOR_REVERSION,NEUTRAL,SHORT,2021-02-23 02:00:00+00:00,2021-02-23 02:05:00+00:00,2021-02-23 02:05:00+00:00,2021-02-23 03:10:00+00:00,1.2174699999999998,1.2178699999999998,1.21687,1.21688,TARGET,0.0004,1.474999999999671,1.349999999999671,0.5899999999998684
N3_ANCHOR_REVERSION,NEUTRAL,SHORT,2021-02-24 20:55:00+00:00,2021-02-24 21:00:00+00:00,2021-02-24 21:00:00+00:00,2021-02-24 21:15:00+00:00,1.21664,1.21704,1.21604,1.21705,STOP,0.0004,-1.0250000000000536,-1.1500000000000536,-0.41000000000002146
N3_ANCHOR_REVERSION,NEUTRAL,SHORT,2021-02-24 21:35:00+00:00,2021-02-24 21:40:00+00:00,2021-02-24 21:40:00+00:00,2021-02-24 22:00:00+00:00,1.2168999999999999,1.2172999999999998,1.2163,1.21731,STOP,0.0004,-1.0250000000000536,-1.1500000000000536,-0.41000000000002146
N3_ANCHOR_REVERSION,NEUTRAL,SHORT,2021-02-24 23:10:00+00:00,2021-02-24 23:15:00+00:00,2021-02-24 23:15:00+00:00,2021-02-24 23:30:00+00:00,1.21651,1.21691,1.21591,1.21692,STOP,0.0004,-1.0250000000000536,-1.1500000000000536,-0.41000000000002146
N3_ANCHOR_REVERSION,NEUTRAL,SHORT,2021-02-25 04:25:00+00:00,2021-02-25 04:30:00+00:00,2021-02-25 04:30:00+00:00,2021-02-25 04:55:00+00:00,1.21738,1.2177799999999999,1.21678,1.21779,STOP,0.0004,-1.0250000000000536,-1.1500000000000536,-0.41000000000002146
N3_ANCHOR_REVERSION,NEUTRAL,SHORT,2021-02-25 05:00:00+00:00,2021-02-25 05:05:00+00:00,2021-02-25 05:05:00+00:00,2021-02-25 05:10:00+00:00,1.2176399999999998,1.2180399999999998,1.21704,1.2180499999999999,STOP,0.0004,-1.0250000000000536,-1.1500000000000536,-0.41000000000002146
N3_ANCHOR_REVERSION,NEUTRAL,SHORT,2021-02-25 05:30:00+00:00,2021-02-25 05:35:00+00:00,2021-02-25 05:35:00+00:00,2021-02-25 07:10:00+00:00,1.21799,1.2183899999999999,1.21739,1.2174,TARGET,0.0004,1.474999999999671,1.349999999999671,0.5899999999998684
N3_ANCHOR_REVERSION,NEUTRAL,SHORT,2021-02-25 10:45:00+00:00,2021-02-25 10:50:00+00:00,2021-02-25 10:50:00+00:00,2021-02-25 10:50:00+00:00,1.22204,1.22244,1.22144,1.22245,STOP,0.0004,-1.0250000000000536,-1.1500000000000536,-0.41000000000002146
N3_ANCHOR_REVERSION,NEUTRAL,LONG,2021-02-26 04:15:00+00:00,2021-02-26 04:20:00+00:00,2021-02-26 04:20:00+00:00,2021-02-26 04:20:00+00:00,1.2157600000000002,1.2153600000000002,1.21636,1.2153500000000002,STOP,0.0004,-1.0250000000000536,-1.1500000000000536,-0.41000000000002146
N3_ANCHOR_REVERSION,NEUTRAL,LONG,2021-02-26 04:45:00+00:00,2021-02-26 04:50:00+00:00,2021-02-26 04:50:00+00:00,2021-02-26 04:55:00+00:00,1.21492,1.21452,1.21552,1.2155099999999999,TARGET,0.0004,1.474999999999671,1.349999999999671,0.5899999999998684
N3_ANCHOR_REVERSION,NEUTRAL,LONG,2021-02-26 07:50:00+00:00,2021-02-26 07:55:00+00:00,2021-02-26 07:55:00+00:00,2021-02-26 07:55:00+00:00,1.21375,1.2133500000000002,1.21435,1.21334,STOP,0.0004,-1.0250000000000536,-1.1500000000000536,-0.41000000000002146
N3_ANCHOR_REVERSION,NEUTRAL,SHORT,2021-03-11 11:15:00+00:00,2021-03-11 11:20:00+00:00,2021-03-11 11:20:00+00:00,2021-03-11 12:00:00+00:00,1.1964599999999999,1.1968599999999998,1.19586,1.19587,TARGET,0.0004,1.474999999999671,1.349999999999671,0.5899999999998684
N3_ANCHOR_REVERSION,NEUTRAL,SHORT,2021-03-11 18:05:00+00:00,2021-03-11 18:10:00+00:00,2021-03-11 18:10:00+00:00,2021-03-11 18:55:00+00:00,1.1984599999999999,1.1988599999999998,1.19786,1.1988699999999999,STOP,0.0004,-1.0250000000000536,-1.1500000000000536,-0.41000000000002146
N3_ANCHOR_REVERSION,NEUTRAL,SHORT,2021-03-11 20:40:00+00:00,2021-03-11 20:45:00+00:00,2021-03-11 20:45:00+00:00,2021-03-11 23:45:00+00:00,1.1987999999999999,1.1991999999999998,1.1982,1.19821,TARGET,0.0004,1.474999999999671,1.349999999999671,0.5899999999998684
N3_ANCHOR_REVERSION,NEUTRAL,LONG,2021-03-12 02:50:00+00:00,2021-03-12 02:55:00+00:00,2021-03-12 02:55:00+00:00,2021-03-12 06:00:00+00:00,1.19622,1.19582,1.19682,1.19581,STOP,0.0004,-1.0250000000000536,-1.1500000000000536,-0.41000000000002146
N3_ANCHOR_REVERSION,NEUTRAL,LONG,2021-03-12 06:35:00+00:00,2021-03-12 06:40:00+00:00,2021-03-12 06:40:00+00:00,2021-03-12 06:40:00+00:00,1.19534,1.1949400000000001,1.19594,1.19493,STOP,0.0004,-1.0250000000000536,-1.1500000000000536,-0.41000000000002146
N3_ANCHOR_REVERSION,NEUTRAL,LONG,2021-03-12 06:55:00+00:00,2021-03-12 07:00:00+00:00,2021-03-12 07:00:00+00:00,2021-03-12 07:05:00+00:00,1.19497,1.1945700000000001,1.19557,1.19456,STOP,0.0004,-1.0250000000000536,-1.1500000000000536,-0.41000000000002146
N3_ANCHOR_REVERSION,NEUTRAL,LONG,2021-03-12 07:25:00+00:00,2021-03-12 07:30:00+00:00,2021-03-12 07:30:00+00:00,2021-03-12 07:35:00+00:00,1.19459,1.19419,1.19519,1.19418,STOP,0.0004,-1.0250000000000536,-1.1500000000000536,-0.41000000000002146
N3_ANCHOR_REVERSION,NEUTRAL,LONG,2021-03-15 02:45:00+00:00,2021-03-15 02:50:00+00:00,2021-03-15 02:50:00+00:00,2021-03-15 03:50:00+00:00,1.1947800000000002,1.1943800000000002,1.19538,1.19537,TARGET,0.0004,1.474999999999671,1.349999999999671,0.5899999999998684
N3_ANCHOR_REVERSION,NEUTRAL,LONG,2021-03-15 05:40:00+00:00,2021-03-15 05:45:00+00:00,2021-03-15 05:45:00+00:00,2021-03-15 06:00:00+00:00,1.1934500000000001,1.1930500000000002,1.19405,1.19304,STOP,0.0004,-1.0250000000000536,-1.1500000000000536,-0.41000000000002146
N3_ANCHOR_REVERSION,NEUTRAL,SHORT,2021-03-17 22:15:00+00:00,2021-03-17 22:20:00+00:00,2021-03-17 22:20:00+00:00,2021-03-17 22:25:00+00:00,1.19816,1.1985599999999998,1.19756,1.19857,STOP,0.0004,-1.0250000000000536,-1.1500000000000536,-0.41000000000002146
N3_ANCHOR_REVERSION,NEUTRAL,SHORT,2021-03-17 22:30:00+00:00,2021-03-17 22:35:00+00:00,2021-03-17 22:35:00+00:00,2021-03-18 00:20:00+00:00,1.19844,1.19884,1.19784,1.19885,STOP,0.0004,-1.0250000000000536,-1.1500000000000536,-0.41000000000002146
N3_ANCHOR_REVERSION,NEUTRAL,SHORT,2021-03-18 00:20:00+00:00,2021-03-18 00:25:00+00:00,2021-03-18 00:25:00+00:00,2021-03-18 01:25:00+00:00,1.19851,1.19891,1.19791,1.19792,TARGET,0.0004,1.474999999999671,1.349999999999671,0.5899999999998684
N3_ANCHOR_REVERSION,NEUTRAL,LONG,2021-03-18 02:05:00+00:00,2021-03-18 02:10:00+00:00,2021-03-18 02:10:00+00:00,2021-03-18 03:00:00+00:00,1.19685,1.19645,1.19745,1.1974399999999998,TARGET,0.0004,1.474999999999671,1.349999999999671,0.5899999999998684
N3_ANCHOR_REVERSION,NEUTRAL,SHORT,2021-03-18 07:15:00+00:00,2021-03-18 07:20:00+00:00,2021-03-18 07:20:00+00:00,2021-03-18 07:20:00+00:00,1.1984,1.1987999999999999,1.1978,1.19781,TARGET,0.0004,1.474999999999671,1.349999999999671,0.5899999999998684
N3_ANCHOR_REVERSION,NEUTRAL,LONG,2021-03-18 08:55:00+00:00,2021-03-18 09:00:00+00:00,2021-03-18 09:00:00+00:00,2021-03-18 09:00:00+00:00,1.1948,1.1944000000000001,1.1954,1.19439,STOP,0.0004,-1.0250000000000536,-1.1500000000000536,-0.41000000000002146
N3_ANCHOR_REVERSION,NEUTRAL,LONG,2021-03-23 08:55:00+00:00,2021-03-23 09:00:00+00:00,2021-03-23 09:00:00+00:00,2021-03-23 09:10:00+00:00,1.18995,1.18955,1.19055,1.18954,STOP,0.0004,-1.0250000000000536,-1.1500000000000536,-0.41000000000002146
N3_ANCHOR_REVERSION,NEUTRAL,LONG,2021-03-23 09:25:00+00:00,2021-03-23 09:30:00+00:00,2021-03-23 09:30:00+00:00,2021-03-23 09:40:00+00:00,1.1895900000000001,1.1891900000000002,1.19019,1.1891800000000001,STOP,0.0004,-1.0250000000000536,-1.1500000000000536,-0.41000000000002146
N3_ANCHOR_REVERSION,NEUTRAL,LONG,2021-03-23 10:00:00+00:00,2021-03-23 10:05:00+00:00,2021-03-23 10:05:00+00:00,2021-03-23 10:15:00+00:00,1.1895,1.1891,1.1901,1.18909,STOP,0.0004,-1.0250000000000536,-1.1500000000000536,-0.41000000000002146
N3_ANCHOR_REVERSION,NEUTRAL,LONG,2021-03-23 10:25:00+00:00,2021-03-23 10:30:00+00:00,2021-03-23 10:30:00+00:00,2021-03-23 10:35:00+00:00,1.18937,1.18897,1.18997,1.18896,STOP,0.0004,-1.0250000000000536,-1.1500000000000536,-0.41000000000002146
N3_ANCHOR_REVERSION,NEUTRAL,LONG,2021-03-23 23:55:00+00:00,2021-03-24 00:00:00+00:00,2021-03-24 00:00:00+00:00,2021-03-24 00:20:00+00:00,1.1840700000000002,1.1836700000000002,1.1846700000000001,1.18466,TARGET,0.0004,1.474999999999671,1.349999999999671,0.5899999999998684
N3_ANCHOR_REVERSION,NEUTRAL,LONG,2021-03-24 04:50:00+00:00,2021-03-24 04:55:00+00:00,2021-03-24 04:55:00+00:00,2021-03-24 05:20:00+00:00,1.1844700000000001,1.1840700000000002,1.18507,1.1840600000000001,STOP,0.0004,-1.0250000000000536,-1.1500000000000536,-0.41000000000002146
N3_ANCHOR_REVERSION,NEUTRAL,LONG,2021-03-24 08:25:00+00:00,2021-03-24 08:30:00+00:00,2021-03-24 08:30:00+00:00,2021-03-24 08:30:00+00:00,1.1820700000000002,1.1816700000000002,1.18267,1.18266,TARGET,0.0004,1.474999999999671,1.349999999999671,0.5899999999998684
N3_ANCHOR_REVERSION,NEUTRAL,LONG,2021-03-25 16:00:00+00:00,2021-03-25 16:05:00+00:00,2021-03-25 16:05:00+00:00,2021-03-25 16:05:00+00:00,1.17805,1.17765,1.17865,1.17764,STOP,0.0004,-1.0250000000000536,-1.1500000000000536,-0.41000000000002146
N3_ANCHOR_REVERSION,NEUTRAL,LONG,2021-03-25 17:00:00+00:00,2021-03-25 17:05:00+00:00,2021-03-25 17:05:00+00:00,2021-03-25 17:10:00+00:00,1.17682,1.17642,1.17742,1.1774099999999998,TARGET,0.0004,1.474999999999671,1.349999999999671,0.5899999999998684
N3_ANCHOR_REVERSION,NEUTRAL,LONG,2021-03-25 17:10:00+00:00,2021-03-25 17:15:00+00:00,2021-03-25 17:15:00+00:00,2021-03-25 17:15:00+00:00,1.1774900000000001,1.1770900000000002,1.17809,1.1770800000000001,STOP,0.0004,-1.0250000000000536,-1.1500000000000536,-0.41000000000002146
N3_ANCHOR_REVERSION,NEUTRAL,LONG,2021-03-25 19:40:00+00:00,2021-03-25 19:45:00+00:00,2021-03-25 19:45:00+00:00,2021-03-25 19:55:00+00:00,1.1771500000000001,1.1767500000000002,1.17775,1.1767400000000001,STOP,0.0004,-1.0250000000000536,-1.1500000000000536,-0.41000000000002146
N3_ANCHOR_REVERSION,NEUTRAL,SHORT,2021-03-26 00:25:00+00:00,2021-03-26 00:30:00+00:00,2021-03-26 00:30:00+00:00,2021-03-26 00:50:00+00:00,1.1776099999999998,1.1780099999999998,1.17701,1.1780199999999998,STOP,0.0004,-1.0250000000000536,-1.1500000000000536,-0.41000000000002146
N3_ANCHOR_REVERSION,NEUTRAL,SHORT,2021-03-26 01:00:00+00:00,2021-03-26 01:05:00+00:00,2021-03-26 01:05:00+00:00,2021-03-26 01:15:00+00:00,1.178,1.1784,1.1774,1.17841,STOP,0.0004,-1.0250000000000536,-1.1500000000000536,-0.41000000000002146
N3_ANCHOR_REVERSION,NEUTRAL,SHORT,2021-03-26 01:25:00+00:00,2021-03-26 01:30:00+00:00,2021-03-26 01:30:00+00:00,2021-03-26 01:55:00+00:00,1.1781199999999998,1.1785199999999998,1.17752,1.1785299999999999,STOP,0.0004,-1.0250000000000536,-1.1500000000000536,-0.41000000000002146
N3_ANCHOR_REVERSION,NEUTRAL,SHORT,2021-03-26 02:00:00+00:00,2021-03-26 02:05:00+00:00,2021-03-26 02:05:00+00:00,2021-03-26 04:35:00+00:00,1.17818,1.17858,1.17758,1.1775900000000001,TARGET,0.0004,1.474999999999671,1.349999999999671,0.5899999999998684
N3_ANCHOR_REVERSION,NEUTRAL,SHORT,2021-04-01 17:50:00+00:00,2021-04-01 17:55:00+00:00,2021-04-01 17:55:00+00:00,2021-04-01 19:50:00+00:00,1.17715,1.1775499999999999,1.17655,1.17756,STOP,0.0004,-1.0250000000000536,-1.1500000000000536,-0.41000000000002146
N3_ANCHOR_REVERSION,NEUTRAL,SHORT,2021-04-01 20:55:00+00:00,2021-04-01 21:00:00+00:00,2021-04-01 21:00:00+00:00,2021-04-01 22:00:00+00:00,1.1775799999999998,1.1779799999999998,1.17698,1.1779899999999999,STOP,0.0004,-1.0250000000000536,-1.1500000000000536,-0.41000000000002146
N3_ANCHOR_REVERSION,NEUTRAL,SHORT,2021-04-01 22:05:00+00:00,2021-04-01 22:10:00+00:00,2021-04-01 22:10:00+00:00,2021-04-01 22:50:00+00:00,1.17783,1.1782299999999999,1.17723,1.17824,STOP,0.0004,-1.0250000000000536,-1.1500000000000536,-0.41000000000002146
N3_ANCHOR_REVERSION,NEUTRAL,SHORT,2021-04-01 22:55:00+00:00,2021-04-01 23:00:00+00:00,2021-04-01 23:00:00+00:00,2021-04-02 00:05:00+00:00,1.1779899999999999,1.1783899999999998,1.17739,1.1784,STOP,0.0004,-1.0250000000000536,-1.1500000000000536,-0.41000000000002146
N3_ANCHOR_REVERSION,NEUTRAL,SHORT,2021-04-02 00:15:00+00:00,2021-04-02 00:20:00+00:00,2021-04-02 00:20:00+00:00,2021-04-02 00:35:00+00:00,1.17791,1.17831,1.17731,1.1773200000000001,TARGET,0.0004,1.474999999999671,1.349999999999671,0.5899999999998684
N3_ANCHOR_REVERSION,NEUTRAL,LONG,2021-04-02 00:45:00+00:00,2021-04-02 00:50:00+00:00,2021-04-02 00:50:00+00:00,2021-04-02 01:40:00+00:00,1.17734,1.17694,1.17794,1.17693,STOP,0.0004,-1.0250000000000536,-1.1500000000000536,-0.41000000000002146
N3_ANCHOR_REVERSION,NEUTRAL,LONG,2021-04-02 01:55:00+00:00,2021-04-02 02:00:00+00:00,2021-04-02 02:00:00+00:00,2021-04-02 03:05:00+00:00,1.17724,1.17684,1.17784,1.17783,TARGET,0.0004,1.474999999999671,1.349999999999671,0.5899999999998684
N3_ANCHOR_REVERSION,NEUTRAL,SHORT,2021-04-02 03:40:00+00:00,2021-04-02 03:45:00+00:00,2021-04-02 03:45:00+00:00,2021-04-02 07:05:00+00:00,1.17784,1.17824,1.17724,1.1772500000000001,TARGET,0.0004,1.474999999999671,1.349999999999671,0.5899999999998684
N3_ANCHOR_REVERSION,NEUTRAL,LONG,2021-04-04 21:50:00+00:00,2021-04-04 21:55:00+00:00,2021-04-04 21:55:00+00:00,2021-04-04 22:00:00+00:00,1.17588,1.17548,1.17648,1.17647,TARGET,0.0004,1.474999999999671,1.349999999999671,0.5899999999998684
N3_ANCHOR_REVERSION,NEUTRAL,SHORT,2021-04-05 02:05:00+00:00,2021-04-05 02:10:00+00:00,2021-04-05 02:10:00+00:00,2021-04-05 04:40:00+00:00,1.17681,1.1772099999999999,1.17621,1.17622,TARGET,0.0004,1.474999999999671,1.349999999999671,0.5899999999998684
N3_ANCHOR_REVERSION,NEUTRAL,LONG,2021-04-05 04:45:00+00:00,2021-04-05 04:50:00+00:00,2021-04-05 04:50:00+00:00,2021-04-05 05:30:00+00:00,1.17622,1.17582,1.17682,1.17581,STOP,0.0004,-1.0250000000000536,-1.1500000000000536,-0.41000000000002146
N3_ANCHOR_REVERSION,NEUTRAL,LONG,2021-04-05 06:00:00+00:00,2021-04-05 06:05:00+00:00,2021-04-05 06:05:00+00:00,2021-04-05 06:05:00+00:00,1.1751200000000002,1.1747200000000002,1.17572,1.1747100000000001,STOP,0.0004,-1.0250000000000536,-1.1500000000000536,-0.41000000000002146
N3_ANCHOR_REVERSION,NEUTRAL,LONG,2021-04-05 06:10:00+00:00,2021-04-05 06:15:00+00:00,2021-04-05 06:15:00+00:00,2021-04-05 07:00:00+00:00,1.1750900000000002,1.1746900000000002,1.1756900000000001,1.1746800000000002,STOP,0.0004,-1.0250000000000536,-1.1500000000000536,-0.41000000000002146
N3_ANCHOR_REVERSION,NEUTRAL,SHORT,2021-04-06 00:20:00+00:00,2021-04-06 00:25:00+00:00,2021-04-06 00:25:00+00:00,2021-04-06 01:35:00+00:00,1.18169,1.1820899999999999,1.18109,1.1811,TARGET,0.0004,1.474999999999671,1.349999999999671,0.5899999999998684
N3_ANCHOR_REVERSION,NEUTRAL,SHORT,2021-04-13 17:25:00+00:00,2021-04-13 17:30:00+00:00,2021-04-13 17:30:00+00:00,2021-04-13 18:20:00+00:00,1.1943,1.1946999999999999,1.1937,1.19471,STOP,0.0004,-1.0250000000000536,-1.1500000000000536,-0.41000000000002146
N3_ANCHOR_REVERSION,NEUTRAL,LONG,2021-04-20 12:45:00+00:00,2021-04-20 12:50:00+00:00,2021-04-20 12:50:00+00:00,2021-04-20 12:55:00+00:00,1.20368,1.2032800000000001,1.20428,1.20327,STOP,0.0004,-1.0250000000000536,-1.1500000000000536,-0.41000000000002146
N3_ANCHOR_REVERSION,NEUTRAL,SHORT,2021-04-28 15:55:00+00:00,2021-04-28 16:00:00+00:00,2021-04-28 16:00:00+00:00,2021-04-28 16:15:00+00:00,1.20976,1.21016,1.20916,1.20917,TARGET,0.0004,1.474999999999671,1.349999999999671,0.5899999999998684
N3_ANCHOR_REVERSION,NEUTRAL,LONG,2021-04-28 17:40:00+00:00,2021-04-28 17:45:00+00:00,2021-04-28 17:45:00+00:00,2021-04-28 18:00:00+00:00,1.20814,1.20774,1.20874,1.20773,STOP,0.0004,-1.0250000000000536,-1.1500000000000536,-0.41000000000002146
N3_ANCHOR_REVERSION,NEUTRAL,SHORT,2021-04-28 18:45:00+00:00,2021-04-28 18:50:00+00:00,2021-04-28 18:50:00+00:00,2021-04-28 18:55:00+00:00,1.21221,1.21261,1.21161,1.21262,STOP,0.0004,-1.0250000000000536,-1.1500000000000536,-0.41000000000002146
N3_ANCHOR_REVERSION,NEUTRAL,SHORT,2021-04-28 22:25:00+00:00,2021-04-28 22:30:00+00:00,2021-04-28 22:30:00+00:00,2021-04-28 22:45:00+00:00,1.21282,1.21322,1.21222,1.21323,STOP,0.0004,-1.0250000000000536,-1.1500000000000536,-0.41000000000002146
N3_ANCHOR_REVERSION,NEUTRAL,SHORT,2021-04-29 00:10:00+00:00,2021-04-29 00:15:00+00:00,2021-04-29 00:15:00+00:00,2021-04-29 00:50:00+00:00,1.2135099999999999,1.2139099999999998,1.21291,1.2139199999999999,STOP,0.0004,-1.0250000000000536,-1.1500000000000536,-0.41000000000002146
N3_ANCHOR_REVERSION,NEUTRAL,SHORT,2021-04-29 01:00:00+00:00,2021-04-29 01:05:00+00:00,2021-04-29 01:05:00+00:00,2021-04-29 01:10:00+00:00,1.21391,1.21431,1.21331,1.21432,STOP,0.0004,-1.0250000000000536,-1.1500000000000536,-0.41000000000002146
N3_ANCHOR_REVERSION,NEUTRAL,SHORT,2021-04-29 01:35:00+00:00,2021-04-29 01:40:00+00:00,2021-04-29 01:40:00+00:00,2021-04-29 01:40:00+00:00,1.21464,1.21504,1.21404,1.21505,STOP,0.0004,-1.0250000000000536,-1.1500000000000536,-0.41000000000002146
N3_ANCHOR_REVERSION,NEUTRAL,SHORT,2021-04-29 01:45:00+00:00,2021-04-29 01:50:00+00:00,2021-04-29 01:50:00+00:00,2021-04-29 02:20:00+00:00,1.21482,1.21522,1.21422,1.2142300000000001,TARGET,0.0004,1.474999999999671,1.349999999999671,0.5899999999998684
N3_ANCHOR_REVERSION,NEUTRAL,LONG,2021-04-30 11:00:00+00:00,2021-04-30 11:05:00+00:00,2021-04-30 11:05:00+00:00,2021-04-30 11:50:00+00:00,1.20839,1.2079900000000001,1.20899,1.20798,STOP,0.0004,-1.0250000000000536,-1.1500000000000536,-0.41000000000002146
N3_ANCHOR_REVERSION,NEUTRAL,LONG,2021-04-30 12:00:00+00:00,2021-04-30 12:05:00+00:00,2021-04-30 12:05:00+00:00,2021-04-30 12:05:00+00:00,1.20829,1.2078900000000001,1.20889,1.20788,STOP,0.0004,-1.0250000000000536,-1.1500000000000536,-0.41000000000002146
N3_ANCHOR_REVERSION,NEUTRAL,LONG,2021-04-30 12:15:00+00:00,2021-04-30 12:20:00+00:00,2021-04-30 12:20:00+00:00,2021-04-30 12:30:00+00:00,1.2084000000000001,1.2080000000000002,1.209,1.2079900000000001,STOP,0.0004,-1.0250000000000536,-1.1500000000000536,-0.41000000000002146
N3_ANCHOR_REVERSION,NEUTRAL,LONG,2021-04-30 13:55:00+00:00,2021-04-30 14:00:00+00:00,2021-04-30 14:00:00+00:00,2021-04-30 14:00:00+00:00,1.2075600000000002,1.2071600000000002,1.2081600000000001,1.2071500000000002,STOP,0.0004,-1.0250000000000536,-1.1500000000000536,-0.41000000000002146
N3_ANCHOR_REVERSION,NEUTRAL,LONG,2021-05-03 22:25:00+00:00,2021-05-03 22:30:00+00:00,2021-05-03 22:30:00+00:00,2021-05-03 23:20:00+00:00,1.20609,1.2056900000000002,1.20669,1.20568,STOP,0.0004,-1.0250000000000536,-1.1500000000000536,-0.41000000000002146
N3_ANCHOR_REVERSION,NEUTRAL,LONG,2021-05-03 23:30:00+00:00,2021-05-03 23:35:00+00:00,2021-05-03 23:35:00+00:00,2021-05-04 00:10:00+00:00,1.20585,1.2054500000000001,1.20645,1.20544,STOP,0.0004,-1.0250000000000536,-1.1500000000000536,-0.41000000000002146
N3_ANCHOR_REVERSION,NEUTRAL,LONG,2021-05-04 00:15:00+00:00,2021-05-04 00:20:00+00:00,2021-05-04 00:20:00+00:00,2021-05-04 01:15:00+00:00,1.2056,1.2052,1.2062,1.20519,STOP,0.0004,-1.0250000000000536,-1.1500000000000536,-0.41000000000002146
N3_ANCHOR_REVERSION,NEUTRAL,LONG,2021-05-04 01:30:00+00:00,2021-05-04 01:35:00+00:00,2021-05-04 01:35:00+00:00,2021-05-04 01:55:00+00:00,1.2050400000000001,1.2046400000000002,1.20564,1.20463,STOP,0.0004,-1.0250000000000536,-1.1500000000000536,-0.41000000000002146
N3_ANCHOR_REVERSION,NEUTRAL,LONG,2021-05-04 04:55:00+00:00,2021-05-04 05:00:00+00:00,2021-05-04 05:00:00+00:00,2021-05-04 05:05:00+00:00,1.20414,1.20374,1.20474,1.20373,STOP,0.0004,-1.0250000000000536,-1.1500000000000536,-0.41000000000002146
N3_ANCHOR_REVERSION,NEUTRAL,LONG,2021-05-04 05:15:00+00:00,2021-05-04 05:20:00+00:00,2021-05-04 05:20:00+00:00,2021-05-04 06:45:00+00:00,1.20368,1.2032800000000001,1.20428,1.20327,STOP,0.0004,-1.0250000000000536,-1.1500000000000536,-0.41000000000002146
N3_ANCHOR_REVERSION,NEUTRAL,SHORT,2021-05-05 10:20:00+00:00,2021-05-05 10:25:00+00:00,2021-05-05 10:25:00+00:00,2021-05-05 10:35:00+00:00,1.20109,1.20149,1.20049,1.2015,STOP,0.0004,-1.0250000000000536,-1.1500000000000536,-0.41000000000002146
N3_ANCHOR_REVERSION,NEUTRAL,SHORT,2021-05-05 10:40:00+00:00,2021-05-05 10:45:00+00:00,2021-05-05 10:45:00+00:00,2021-05-05 10:50:00+00:00,1.20149,1.20189,1.20089,1.2019,STOP,0.0004,-1.0250000000000536,-1.1500000000000536,-0.41000000000002146
N3_ANCHOR_REVERSION,NEUTRAL,SHORT,2021-05-06 09:10:00+00:00,2021-05-06 09:15:00+00:00,2021-05-06 09:15:00+00:00,2021-05-06 09:15:00+00:00,1.2037,1.2041,1.2031,1.20411,STOP,0.0004,-1.0250000000000536,-1.1500000000000536,-0.41000000000002146
N3_ANCHOR_REVERSION,NEUTRAL,SHORT,2021-05-06 09:40:00+00:00,2021-05-06 09:45:00+00:00,2021-05-06 09:45:00+00:00,2021-05-06 09:45:00+00:00,1.2047299999999999,1.2051299999999998,1.20413,1.2051399999999999,STOP,0.0004,-1.0250000000000536,-1.1500000000000536,-0.41000000000002146
N3_ANCHOR_REVERSION,NEUTRAL,SHORT,2021-05-06 11:30:00+00:00,2021-05-06 11:35:00+00:00,2021-05-06 11:35:00+00:00,2021-05-06 11:35:00+00:00,1.2043599999999999,1.2047599999999998,1.20376,1.20477,STOP,0.0004,-1.0250000000000536,-1.1500000000000536,-0.41000000000002146
N3_ANCHOR_REVERSION,NEUTRAL,SHORT,2021-05-06 18:10:00+00:00,2021-05-06 18:15:00+00:00,2021-05-06 18:15:00+00:00,2021-05-06 19:20:00+00:00,1.20556,1.20596,1.20496,1.20597,STOP,0.0004,-1.0250000000000536,-1.1500000000000536,-0.41000000000002146
N3_ANCHOR_REVERSION,NEUTRAL,LONG,2021-05-10 21:55:00+00:00,2021-05-10 22:00:00+00:00,2021-05-10 22:00:00+00:00,2021-05-10 22:55:00+00:00,1.21324,1.2128400000000001,1.21384,1.21383,TARGET,0.0004,1.474999999999671,1.349999999999671,0.5899999999998684
N3_ANCHOR_REVERSION,NEUTRAL,LONG,2021-05-11 01:10:00+00:00,2021-05-11 01:15:00+00:00,2021-05-11 01:15:00+00:00,2021-05-11 01:40:00+00:00,1.21307,1.2126700000000001,1.21367,1.21366,TARGET,0.0004,1.474999999999671,1.349999999999671,0.5899999999998684
N3_ANCHOR_REVERSION,NEUTRAL,SHORT,2021-05-11 12:15:00+00:00,2021-05-11 12:20:00+00:00,2021-05-11 12:20:00+00:00,2021-05-11 12:25:00+00:00,1.2166599999999999,1.2170599999999998,1.21606,1.2170699999999999,STOP,0.0004,-1.0250000000000536,-1.1500000000000536,-0.41000000000002146
N3_ANCHOR_REVERSION,NEUTRAL,LONG,2021-05-11 17:55:00+00:00,2021-05-11 18:00:00+00:00,2021-05-11 18:00:00+00:00,2021-05-11 18:05:00+00:00,1.2159,1.2155,1.2165,1.21549,STOP,0.0004,-1.0250000000000536,-1.1500000000000536,-0.41000000000002146
N3_ANCHOR_REVERSION,NEUTRAL,LONG,2021-05-11 18:10:00+00:00,2021-05-11 18:15:00+00:00,2021-05-11 18:15:00+00:00,2021-05-11 18:15:00+00:00,1.21534,1.2149400000000001,1.21594,1.21493,STOP,0.0004,-1.0250000000000536,-1.1500000000000536,-0.41000000000002146
N3_ANCHOR_REVERSION,NEUTRAL,LONG,2021-05-12 01:15:00+00:00,2021-05-12 01:20:00+00:00,2021-05-12 01:20:00+00:00,2021-05-12 02:00:00+00:00,1.2137900000000001,1.2133900000000002,1.21439,1.2133800000000001,STOP,0.0004,-1.0250000000000536,-1.1500000000000536,-0.41000000000002146
N3_ANCHOR_REVERSION,NEUTRAL,LONG,2021-05-12 03:30:00+00:00,2021-05-12 03:35:00+00:00,2021-05-12 03:35:00+00:00,2021-05-12 03:45:00+00:00,1.2127000000000001,1.2123000000000002,1.2133,1.21229,STOP,0.0004,-1.0250000000000536,-1.1500000000000536,-0.41000000000002146
N3_ANCHOR_REVERSION,NEUTRAL,LONG,2021-05-12 04:10:00+00:00,2021-05-12 04:15:00+00:00,2021-05-12 04:15:00+00:00,2021-05-12 04:20:00+00:00,1.21214,1.21174,1.21274,1.21173,STOP,0.0004,-1.0250000000000536,-1.1500000000000536,-0.41000000000002146
N3_ANCHOR_REVERSION,NEUTRAL,SHORT,2021-05-12 07:35:00+00:00,2021-05-12 07:40:00+00:00,2021-05-12 07:40:00+00:00,2021-05-12 07:45:00+00:00,1.2138,1.2142,1.2132,1.21421,STOP,0.0004,-1.0250000000000536,-1.1500000000000536,-0.41000000000002146
N3_ANCHOR_REVERSION,NEUTRAL,SHORT,2021-05-13 01:45:00+00:00,2021-05-13 01:50:00+00:00,2021-05-13 01:50:00+00:00,2021-05-13 02:35:00+00:00,1.20868,1.20908,1.20808,1.20809,TARGET,0.0004,1.474999999999671,1.349999999999671,0.5899999999998684
N3_ANCHOR_REVERSION,NEUTRAL,LONG,2021-05-13 04:15:00+00:00,2021-05-13 04:20:00+00:00,2021-05-13 04:20:00+00:00,2021-05-13 06:05:00+00:00,1.20746,1.20706,1.20806,1.2080499999999998,TARGET,0.0004,1.474999999999671,1.349999999999671,0.5899999999998684
N3_ANCHOR_REVERSION,NEUTRAL,SHORT,2021-05-14 13:00:00+00:00,2021-05-14 13:05:00+00:00,2021-05-14 13:05:00+00:00,2021-05-14 13:05:00+00:00,1.21262,1.21302,1.21202,1.21303,STOP,0.0004,-1.0250000000000536,-1.1500000000000536,-0.41000000000002146
N3_ANCHOR_REVERSION,NEUTRAL,SHORT,2021-05-14 13:30:00+00:00,2021-05-14 13:35:00+00:00,2021-05-14 13:35:00+00:00,2021-05-14 13:35:00+00:00,1.21325,1.21365,1.21265,1.21366,STOP,0.0004,-1.0250000000000536,-1.1500000000000536,-0.41000000000002146
N3_ANCHOR_REVERSION,NEUTRAL,SHORT,2021-05-14 13:55:00+00:00,2021-05-14 14:00:00+00:00,2021-05-14 14:00:00+00:00,2021-05-14 14:00:00+00:00,1.21411,1.21451,1.21351,1.21452,STOP,0.0004,-1.0250000000000536,-1.1500000000000536,-0.41000000000002146
N3_ANCHOR_REVERSION,NEUTRAL,SHORT,2021-05-14 14:05:00+00:00,2021-05-14 14:10:00+00:00,2021-05-14 14:10:00+00:00,2021-05-14 14:10:00+00:00,1.21399,1.2143899999999999,1.21339,1.2144,STOP,0.0004,-1.0250000000000536,-1.1500000000000536,-0.41000000000002146
N3_ANCHOR_REVERSION,NEUTRAL,SHORT,2021-05-16 22:20:00+00:00,2021-05-16 22:25:00+00:00,2021-05-16 22:25:00+00:00,2021-05-17 00:10:00+00:00,1.21484,1.2152399999999999,1.21424,1.21425,TARGET,0.0004,1.474999999999671,1.349999999999671,0.5899999999998684
N3_ANCHOR_REVERSION,NEUTRAL,LONG,2021-05-17 00:40:00+00:00,2021-05-17 00:45:00+00:00,2021-05-17 00:45:00+00:00,2021-05-17 00:50:00+00:00,1.21364,1.21324,1.21424,1.21323,STOP,0.0004,-1.0250000000000536,-1.1500000000000536,-0.41000000000002146
N3_ANCHOR_REVERSION,NEUTRAL,LONG,2021-05-17 01:00:00+00:00,2021-05-17 01:05:00+00:00,2021-05-17 01:05:00+00:00,2021-05-17 02:00:00+00:00,1.21347,1.21307,1.21407,1.21306,STOP,0.0004,-1.0250000000000536,-1.1500000000000536,-0.41000000000002146
N3_ANCHOR_REVERSION,NEUTRAL,LONG,2021-05-17 13:00:00+00:00,2021-05-17 13:05:00+00:00,2021-05-17 13:05:00+00:00,2021-05-17 13:20:00+00:00,1.21432,1.21392,1.21492,1.21491,TARGET,0.0004,1.474999999999671,1.349999999999671,0.5899999999998684
N3_ANCHOR_REVERSION,NEUTRAL,LONG,2021-05-17 14:10:00+00:00,2021-05-17 14:15:00+00:00,2021-05-17 14:15:00+00:00,2021-05-17 14:25:00+00:00,1.21419,1.2137900000000001,1.21479,1.21478,TARGET,0.0004,1.474999999999671,1.349999999999671,0.5899999999998684
N3_ANCHOR_REVERSION,NEUTRAL,SHORT,2021-05-18 02:05:00+00:00,2021-05-18 02:10:00+00:00,2021-05-18 02:10:00+00:00,2021-05-18 06:05:00+00:00,1.2167,1.2170999999999998,1.2161,1.21711,STOP,0.0004,-1.0250000000000536,-1.1500000000000536,-0.41000000000002146
N3_ANCHOR_REVERSION,NEUTRAL,SHORT,2021-05-18 09:00:00+00:00,2021-05-18 09:05:00+00:00,2021-05-18 09:05:00+00:00,2021-05-18 09:20:00+00:00,1.22159,1.22199,1.22099,1.222,STOP,0.0004,-1.0250000000000536,-1.1500000000000536,-0.41000000000002146
N3_ANCHOR_REVERSION,NEUTRAL,SHORT,2021-05-18 09:35:00+00:00,2021-05-18 09:40:00+00:00,2021-05-18 09:40:00+00:00,2021-05-18 10:05:00+00:00,1.22204,1.22244,1.22144,1.2214500000000001,TARGET,0.0004,1.474999999999671,1.349999999999671,0.5899999999998684
N3_ANCHOR_REVERSION,NEUTRAL,SHORT,2021-05-18 11:50:00+00:00,2021-05-18 11:55:00+00:00,2021-05-18 11:55:00+00:00,2021-05-18 12:00:00+00:00,1.22165,1.2220499999999999,1.22105,1.22206,STOP,0.0004,-1.0250000000000536,-1.1500000000000536,-0.41000000000002146
N3_ANCHOR_REVERSION,NEUTRAL,LONG,2021-05-19 11:10:00+00:00,2021-05-19 11:15:00+00:00,2021-05-19 11:15:00+00:00,2021-05-19 11:15:00+00:00,1.22048,1.22008,1.22108,1.22007,STOP,0.0004,-1.0250000000000536,-1.1500000000000536,-0.41000000000002146
N3_ANCHOR_REVERSION,NEUTRAL,LONG,2021-05-19 11:20:00+00:00,2021-05-19 11:25:00+00:00,2021-05-19 11:25:00+00:00,2021-05-19 11:35:00+00:00,1.21963,1.21923,1.22023,1.2202199999999999,TARGET,0.0004,1.474999999999671,1.349999999999671,0.5899999999998684
N3_ANCHOR_REVERSION,NEUTRAL,LONG,2021-05-19 22:00:00+00:00,2021-05-19 22:05:00+00:00,2021-05-19 22:05:00+00:00,2021-05-19 22:10:00+00:00,1.2177,1.2173,1.2183,1.21729,STOP,0.0004,-1.0250000000000536,-1.1500000000000536,-0.41000000000002146
N3_ANCHOR_REVERSION,NEUTRAL,LONG,2021-05-19 22:30:00+00:00,2021-05-19 22:35:00+00:00,2021-05-19 22:35:00+00:00,2021-05-19 23:00:00+00:00,1.2175200000000002,1.2171200000000002,1.21812,1.2171100000000001,STOP,0.0004,-1.0250000000000536,-1.1500000000000536,-0.41000000000002146
N3_ANCHOR_REVERSION,NEUTRAL,LONG,2021-05-19 23:55:00+00:00,2021-05-20 00:00:00+00:00,2021-05-20 00:00:00+00:00,2021-05-20 00:15:00+00:00,1.21712,1.21672,1.21772,1.2177099999999998,TARGET,0.0004,1.474999999999671,1.349999999999671,0.5899999999998684
N3_ANCHOR_REVERSION,NEUTRAL,SHORT,2021-05-20 01:00:00+00:00,2021-05-20 01:05:00+00:00,2021-05-20 01:05:00+00:00,2021-05-20 01:10:00+00:00,1.21818,1.21858,1.21758,1.2175900000000002,TARGET,0.0004,1.474999999999671,1.349999999999671,0.5899999999998684
N3_ANCHOR_REVERSION,NEUTRAL,SHORT,2021-05-20 06:35:00+00:00,2021-05-20 06:40:00+00:00,2021-05-20 06:40:00+00:00,2021-05-20 06:55:00+00:00,1.2192399999999999,1.2196399999999998,1.21864,1.21865,TARGET,0.0004,1.474999999999671,1.349999999999671,0.5899999999998684
N3_ANCHOR_REVERSION,NEUTRAL,SHORT,2021-05-20 07:15:00+00:00,2021-05-20 07:20:00+00:00,2021-05-20 07:20:00+00:00,2021-05-20 07:35:00+00:00,1.21949,1.21989,1.21889,1.2199,STOP,0.0004,-1.0250000000000536,-1.1500000000000536,-0.41000000000002146
N3_ANCHOR_REVERSION,NEUTRAL,SHORT,2021-05-21 00:15:00+00:00,2021-05-21 00:20:00+00:00,2021-05-21 00:20:00+00:00,2021-05-21 00:25:00+00:00,1.2232999999999998,1.2236999999999998,1.2227,1.2237099999999999,STOP,0.0004,-1.0250000000000536,-1.1500000000000536,-0.41000000000002146
N3_ANCHOR_REVERSION,NEUTRAL,SHORT,2021-05-21 00:30:00+00:00,2021-05-21 00:35:00+00:00,2021-05-21 00:35:00+00:00,2021-05-21 01:30:00+00:00,1.22339,1.22379,1.22279,1.2238,STOP,0.0004,-1.0250000000000536,-1.1500000000000536,-0.41000000000002146
N3_ANCHOR_REVERSION,NEUTRAL,LONG,2021-05-26 17:45:00+00:00,2021-05-26 17:50:00+00:00,2021-05-26 17:50:00+00:00,2021-05-26 19:00:00+00:00,1.2188100000000002,1.2184100000000002,1.21941,1.2194,TARGET,0.0004,1.474999999999671,1.349999999999671,0.5899999999998684
N3_ANCHOR_REVERSION,NEUTRAL,LONG,2021-05-26 20:00:00+00:00,2021-05-26 20:05:00+00:00,2021-05-26 20:05:00+00:00,2021-05-26 21:00:00+00:00,1.21943,1.21903,1.22003,1.21902,STOP,0.0004,-1.0250000000000536,-1.1500000000000536,-0.41000000000002146
N3_ANCHOR_REVERSION,NEUTRAL,LONG,2021-05-27 00:30:00+00:00,2021-05-27 00:35:00+00:00,2021-05-27 00:35:00+00:00,2021-05-27 00:50:00+00:00,1.2187000000000001,1.2183000000000002,1.2193,1.21829,STOP,0.0004,-1.0250000000000536,-1.1500000000000536,-0.41000000000002146
N3_ANCHOR_REVERSION,NEUTRAL,LONG,2021-05-27 01:30:00+00:00,2021-05-27 01:35:00+00:00,2021-05-27 01:35:00+00:00,2021-05-27 02:00:00+00:00,1.21802,1.2176200000000001,1.21862,1.21861,TARGET,0.0004,1.474999999999671,1.349999999999671,0.5899999999998684
N3_ANCHOR_REVERSION,NEUTRAL,SHORT,2021-05-27 04:05:00+00:00,2021-05-27 04:10:00+00:00,2021-05-27 04:10:00+00:00,2021-05-27 05:50:00+00:00,1.21928,1.2196799999999999,1.21868,1.21969,STOP,0.0004,-1.0250000000000536,-1.1500000000000536,-0.41000000000002146
N3_ANCHOR_REVERSION,NEUTRAL,SHORT,2021-05-31 18:45:00+00:00,2021-05-31 18:50:00+00:00,2021-05-31 18:50:00+00:00,2021-05-31 22:30:00+00:00,1.2227299999999999,1.2231299999999998,1.22213,1.22314,STOP,0.0004,-1.0250000000000536,-1.1500000000000536,-0.41000000000002146
N3_ANCHOR_REVERSION,NEUTRAL,SHORT,2021-05-31 23:45:00+00:00,2021-05-31 23:50:00+00:00,2021-05-31 23:50:00+00:00,2021-06-01 00:10:00+00:00,1.22331,1.2237099999999999,1.22271,1.22272,TARGET,0.0004,1.474999999999671,1.349999999999671,0.5899999999998684
N3_ANCHOR_REVERSION,NEUTRAL,SHORT,2021-06-01 01:20:00+00:00,2021-06-01 01:25:00+00:00,2021-06-01 01:25:00+00:00,2021-06-01 02:55:00+00:00,1.22336,1.22376,1.22276,1.2227700000000001,TARGET,0.0004,1.474999999999671,1.349999999999671,0.5899999999998684
N3_ANCHOR_REVERSION,NEUTRAL,LONG,2021-06-01 04:35:00+00:00,2021-06-01 04:40:00+00:00,2021-06-01 04:40:00+00:00,2021-06-01 04:40:00+00:00,1.2228,1.2224000000000002,1.2234,1.22239,STOP,0.0004,-1.0250000000000536,-1.1500000000000536,-0.41000000000002146
N3_ANCHOR_REVERSION,NEUTRAL,LONG,2021-06-01 04:45:00+00:00,2021-06-01 04:50:00+00:00,2021-06-01 04:50:00+00:00,2021-06-01 05:00:00+00:00,1.2226000000000001,1.2222000000000002,1.2232,1.22219,STOP,0.0004,-1.0250000000000536,-1.1500000000000536,-0.41000000000002146
N3_ANCHOR_REVERSION,NEUTRAL,LONG,2021-06-01 05:00:00+00:00,2021-06-01 05:05:00+00:00,2021-06-01 05:05:00+00:00,2021-06-01 05:25:00+00:00,1.2224300000000001,1.2220300000000002,1.22303,1.22202,STOP,0.0004,-1.0250000000000536,-1.1500000000000536,-0.41000000000002146
N3_ANCHOR_REVERSION,NEUTRAL,SHORT,2021-06-02 00:35:00+00:00,2021-06-02 00:40:00+00:00,2021-06-02 00:40:00+00:00,2021-06-02 01:20:00+00:00,1.22226,1.2226599999999999,1.22166,1.22267,STOP,0.0004,-1.0250000000000536,-1.1500000000000536,-0.41000000000002146
N3_ANCHOR_REVERSION,NEUTRAL,SHORT,2021-06-02 01:30:00+00:00,2021-06-02 01:35:00+00:00,2021-06-02 01:35:00+00:00,2021-06-02 05:00:00+00:00,1.22233,1.2227299999999999,1.22173,1.22174,TARGET,0.0004,1.474999999999671,1.349999999999671,0.5899999999998684
N3_ANCHOR_REVERSION,NEUTRAL,LONG,2021-06-02 05:05:00+00:00,2021-06-02 05:10:00+00:00,2021-06-02 05:10:00+00:00,2021-06-02 05:55:00+00:00,1.2218900000000001,1.2214900000000002,1.22249,1.2214800000000001,STOP,0.0004,-1.0250000000000536,-1.1500000000000536,-0.41000000000002146
N3_ANCHOR_REVERSION,NEUTRAL,LONG,2021-06-02 09:35:00+00:00,2021-06-02 09:40:00+00:00,2021-06-02 09:40:00+00:00,2021-06-02 10:20:00+00:00,1.2175500000000001,1.2171500000000002,1.21815,1.21714,STOP,0.0004,-1.0250000000000536,-1.1500000000000536,-0.41000000000002146
N3_ANCHOR_REVERSION,NEUTRAL,SHORT,2021-06-04 20:00:00+00:00,2021-06-04 20:05:00+00:00,2021-06-04 20:05:00+00:00,2021-06-04 20:55:00+00:00,1.21679,1.21719,1.21619,1.21693,TIME_12H,0.0004,-0.3500000000000725,-0.4750000000000725,-0.140000000000029
N3_ANCHOR_REVERSION,NEUTRAL,SHORT,2021-06-06 23:55:00+00:00,2021-06-07 00:00:00+00:00,2021-06-07 00:00:00+00:00,2021-06-07 00:05:00+00:00,1.21664,1.21704,1.21604,1.21705,STOP,0.0004,-1.0250000000000536,-1.1500000000000536,-0.41000000000002146
N3_ANCHOR_REVERSION,NEUTRAL,SHORT,2021-06-07 00:10:00+00:00,2021-06-07 00:15:00+00:00,2021-06-07 00:15:00+00:00,2021-06-07 01:05:00+00:00,1.2169999999999999,1.2173999999999998,1.2164,1.21641,TARGET,0.0004,1.474999999999671,1.349999999999671,0.5899999999998684
N3_ANCHOR_REVERSION,NEUTRAL,LONG,2021-06-07 01:40:00+00:00,2021-06-07 01:45:00+00:00,2021-06-07 01:45:00+00:00,2021-06-07 03:35:00+00:00,1.21622,1.2158200000000001,1.21682,1.21681,TARGET,0.0004,1.474999999999671,1.349999999999671,0.5899999999998684
N3_ANCHOR_REVERSION,NEUTRAL,LONG,2021-06-10 01:25:00+00:00,2021-06-10 01:30:00+00:00,2021-06-10 01:30:00+00:00,2021-06-10 02:00:00+00:00,1.21727,1.2168700000000001,1.21787,1.21686,STOP,0.0004,-1.0250000000000536,-1.1500000000000536,-0.41000000000002146
N3_ANCHOR_REVERSION,NEUTRAL,LONG,2021-06-10 02:25:00+00:00,2021-06-10 02:30:00+00:00,2021-06-10 02:30:00+00:00,2021-06-10 02:55:00+00:00,1.21707,1.2166700000000001,1.21767,1.21666,STOP,0.0004,-1.0250000000000536,-1.1500000000000536,-0.41000000000002146
N3_ANCHOR_REVERSION,NEUTRAL,LONG,2021-06-10 04:20:00+00:00,2021-06-10 04:25:00+00:00,2021-06-10 04:25:00+00:00,2021-06-10 04:40:00+00:00,1.2166700000000001,1.2162700000000002,1.21727,1.2162499999999998,STOP,0.0004,-1.0500000000007725,-1.1750000000007725,-0.420000000000309
N3_ANCHOR_REVERSION,NEUTRAL,LONG,2021-06-10 04:40:00+00:00,2021-06-10 04:45:00+00:00,2021-06-10 04:45:00+00:00,2021-06-10 06:00:00+00:00,1.21659,1.21619,1.21719,1.21618,STOP,0.0004,-1.0250000000000536,-1.1500000000000536,-0.41000000000002146
N3_ANCHOR_REVERSION,NEUTRAL,SHORT,2021-06-11 00:30:00+00:00,2021-06-11 00:35:00+00:00,2021-06-11 00:35:00+00:00,2021-06-11 01:10:00+00:00,1.2176,1.218,1.217,1.21801,STOP,0.0004,-1.0250000000000536,-1.1500000000000536,-0.41000000000002146
N3_ANCHOR_REVERSION,NEUTRAL,SHORT,2021-06-11 01:55:00+00:00,2021-06-11 02:00:00+00:00,2021-06-11 02:00:00+00:00,2021-06-11 02:55:00+00:00,1.21867,1.2190699999999999,1.21807,1.21908,STOP,0.0004,-1.0250000000000536,-1.1500000000000536,-0.41000000000002146
N3_ANCHOR_REVERSION,NEUTRAL,LONG,2021-06-11 12:00:00+00:00,2021-06-11 12:05:00+00:00,2021-06-11 12:05:00+00:00,2021-06-11 12:05:00+00:00,1.2134500000000001,1.2130500000000002,1.21405,1.2130400000000001,STOP,0.0004,-1.0250000000000536,-1.1500000000000536,-0.41000000000002146
N3_ANCHOR_REVERSION,NEUTRAL,LONG,2021-06-11 12:10:00+00:00,2021-06-11 12:15:00+00:00,2021-06-11 12:15:00+00:00,2021-06-11 12:35:00+00:00,1.21252,1.21212,1.21312,1.21311,TARGET,0.0004,1.474999999999671,1.349999999999671,0.5899999999998684
N3_ANCHOR_REVERSION,NEUTRAL,SHORT,2021-06-13 22:40:00+00:00,2021-06-13 22:45:00+00:00,2021-06-13 22:45:00+00:00,2021-06-14 00:05:00+00:00,1.21112,1.21152,1.21052,1.21053,TARGET,0.0004,1.474999999999671,1.349999999999671,0.5899999999998684
N3_ANCHOR_REVERSION,NEUTRAL,LONG,2021-06-14 00:15:00+00:00,2021-06-14 00:20:00+00:00,2021-06-14 00:20:00+00:00,2021-06-14 00:50:00+00:00,1.21055,1.21015,1.21115,1.21014,STOP,0.0004,-1.0250000000000536,-1.1500000000000536,-0.41000000000002146
N3_ANCHOR_REVERSION,NEUTRAL,LONG,2021-06-14 00:55:00+00:00,2021-06-14 01:00:00+00:00,2021-06-14 01:00:00+00:00,2021-06-14 01:15:00+00:00,1.21008,1.20968,1.21068,1.20967,STOP,0.0004,-1.0250000000000536,-1.1500000000000536,-0.41000000000002146
N3_ANCHOR_REVERSION,NEUTRAL,LONG,2021-06-14 01:20:00+00:00,2021-06-14 01:25:00+00:00,2021-06-14 01:25:00+00:00,2021-06-14 03:30:00+00:00,1.21004,1.20964,1.21064,1.20963,STOP,0.0004,-1.0250000000000536,-1.1500000000000536,-0.41000000000002146
N3_ANCHOR_REVERSION,NEUTRAL,LONG,2021-06-14 03:35:00+00:00,2021-06-14 03:40:00+00:00,2021-06-14 03:40:00+00:00,2021-06-14 04:55:00+00:00,1.20984,1.20944,1.21044,1.21043,TARGET,0.0004,1.474999999999671,1.349999999999671,0.5899999999998684
N3_ANCHOR_REVERSION,NEUTRAL,SHORT,2021-06-15 08:15:00+00:00,2021-06-15 08:20:00+00:00,2021-06-15 08:20:00+00:00,2021-06-15 08:20:00+00:00,1.2139799999999998,1.2143799999999998,1.21338,1.2143899999999999,STOP,0.0004,-1.0250000000000536,-1.1500000000000536,-0.41000000000002146
N3_ANCHOR_REVERSION,NEUTRAL,LONG,2021-06-15 10:05:00+00:00,2021-06-15 10:10:00+00:00,2021-06-15 10:10:00+00:00,2021-06-15 10:30:00+00:00,1.2125400000000002,1.2121400000000002,1.21314,1.2121300000000002,STOP,0.0004,-1.0250000000000536,-1.1500000000000536,-0.41000000000002146
N3_ANCHOR_REVERSION,NEUTRAL,LONG,2021-06-15 10:35:00+00:00,2021-06-15 10:40:00+00:00,2021-06-15 10:40:00+00:00,2021-06-15 10:50:00+00:00,1.21253,1.2121300000000002,1.21313,1.21212,STOP,0.0004,-1.0250000000000536,-1.1500000000000536,-0.41000000000002146
N3_ANCHOR_REVERSION,NEUTRAL,LONG,2021-06-15 10:55:00+00:00,2021-06-15 11:00:00+00:00,2021-06-15 11:00:00+00:00,2021-06-15 11:20:00+00:00,1.21191,1.21151,1.21251,1.2115,STOP,0.0004,-1.0250000000000536,-1.1500000000000536,-0.41000000000002146
N3_ANCHOR_REVERSION,NEUTRAL,LONG,2021-06-21 02:00:00+00:00,2021-06-21 02:05:00+00:00,2021-06-21 02:05:00+00:00,2021-06-21 02:10:00+00:00,1.1864100000000002,1.1860100000000002,1.1870100000000001,1.187,TARGET,0.0004,1.474999999999671,1.349999999999671,0.5899999999998684
N3_ANCHOR_REVERSION,NEUTRAL,LONG,2021-06-21 03:25:00+00:00,2021-06-21 03:30:00+00:00,2021-06-21 03:30:00+00:00,2021-06-21 03:30:00+00:00,1.1859600000000001,1.1855600000000002,1.18656,1.18555,STOP,0.0004,-1.0250000000000536,-1.1500000000000536,-0.41000000000002146
N3_ANCHOR_REVERSION,NEUTRAL,LONG,2021-06-21 03:35:00+00:00,2021-06-21 03:40:00+00:00,2021-06-21 03:40:00+00:00,2021-06-21 03:45:00+00:00,1.1853,1.1849,1.1859,1.18489,STOP,0.0004,-1.0250000000000536,-1.1500000000000536,-0.41000000000002146
N3_ANCHOR_REVERSION,NEUTRAL,SHORT,2021-06-21 14:55:00+00:00,2021-06-21 15:00:00+00:00,2021-06-21 15:00:00+00:00,2021-06-21 15:05:00+00:00,1.19103,1.19143,1.19043,1.19144,STOP,0.0004,-1.0250000000000536,-1.1500000000000536,-0.41000000000002146
N3_ANCHOR_REVERSION,NEUTRAL,SHORT,2021-06-22 18:45:00+00:00,2021-06-22 18:50:00+00:00,2021-06-22 18:50:00+00:00,2021-06-22 19:00:00+00:00,1.1939,1.1943,1.1933,1.19431,STOP,0.0004,-1.0250000000000536,-1.1500000000000536,-0.41000000000002146
N3_ANCHOR_REVERSION,NEUTRAL,SHORT,2021-06-22 19:10:00+00:00,2021-06-22 19:15:00+00:00,2021-06-22 19:15:00+00:00,2021-06-22 19:55:00+00:00,1.19486,1.19526,1.19426,1.1942700000000002,TARGET,0.0004,1.474999999999671,1.349999999999671,0.5899999999998684
N3_ANCHOR_REVERSION,NEUTRAL,SHORT,2021-06-22 19:55:00+00:00,2021-06-22 20:00:00+00:00,2021-06-22 20:00:00+00:00,2021-06-23 00:20:00+00:00,1.1940899999999999,1.1944899999999998,1.19349,1.1935,TARGET,0.0004,1.474999999999671,1.349999999999671,0.5899999999998684
N3_ANCHOR_REVERSION,NEUTRAL,LONG,2021-06-23 00:25:00+00:00,2021-06-23 00:30:00+00:00,2021-06-23 00:30:00+00:00,2021-06-23 00:45:00+00:00,1.19358,1.1931800000000001,1.19418,1.19317,STOP,0.0004,-1.0250000000000536,-1.1500000000000536,-0.41000000000002146
N3_ANCHOR_REVERSION,NEUTRAL,LONG,2021-06-23 01:40:00+00:00,2021-06-23 01:45:00+00:00,2021-06-23 01:45:00+00:00,2021-06-23 01:50:00+00:00,1.19293,1.19253,1.19353,1.19252,STOP,0.0004,-1.0250000000000536,-1.1500000000000536,-0.41000000000002146
N3_ANCHOR_REVERSION,NEUTRAL,LONG,2021-06-23 02:00:00+00:00,2021-06-23 02:05:00+00:00,2021-06-23 02:05:00+00:00,2021-06-23 02:20:00+00:00,1.19255,1.19215,1.19315,1.19214,STOP,0.0004,-1.0250000000000536,-1.1500000000000536,-0.41000000000002146
N3_ANCHOR_REVERSION,NEUTRAL,LONG,2021-06-23 05:00:00+00:00,2021-06-23 05:05:00+00:00,2021-06-23 05:05:00+00:00,2021-06-23 05:25:00+00:00,1.19208,1.19168,1.19268,1.19167,STOP,0.0004,-1.0250000000000536,-1.1500000000000536,-0.41000000000002146
N3_ANCHOR_REVERSION,NEUTRAL,LONG,2021-06-24 05:35:00+00:00,2021-06-24 05:40:00+00:00,2021-06-24 05:40:00+00:00,2021-06-24 06:00:00+00:00,1.19232,1.19192,1.19292,1.19191,STOP,0.0004,-1.0250000000000536,-1.1500000000000536,-0.41000000000002146
N3_ANCHOR_REVERSION,NEUTRAL,LONG,2021-06-30 13:55:00+00:00,2021-06-30 14:00:00+00:00,2021-06-30 14:00:00+00:00,2021-06-30 14:00:00+00:00,1.1874600000000002,1.1870600000000002,1.1880600000000001,1.1870500000000002,STOP,0.0004,-1.0250000000000536,-1.1500000000000536,-0.41000000000002146
N3_ANCHOR_REVERSION,NEUTRAL,LONG,2021-06-30 14:30:00+00:00,2021-06-30 14:35:00+00:00,2021-06-30 14:35:00+00:00,2021-06-30 14:40:00+00:00,1.1867100000000002,1.1863100000000002,1.18731,1.1863000000000001,STOP,0.0004,-1.0250000000000536,-1.1500000000000536,-0.41000000000002146
N3_ANCHOR_REVERSION,NEUTRAL,LONG,2021-06-30 14:45:00+00:00,2021-06-30 14:50:00+00:00,2021-06-30 14:50:00+00:00,2021-06-30 14:50:00+00:00,1.18683,1.18643,1.18743,1.18642,STOP,0.0004,-1.0250000000000536,-1.1500000000000536,-0.41000000000002146
N3_ANCHOR_REVERSION,NEUTRAL,LONG,2021-06-30 18:55:00+00:00,2021-06-30 19:00:00+00:00,2021-06-30 19:00:00+00:00,2021-06-30 19:30:00+00:00,1.18483,1.18443,1.18543,1.18542,TARGET,0.0004,1.474999999999671,1.349999999999671,0.5899999999998684
N3_ANCHOR_REVERSION,NEUTRAL,LONG,2021-07-01 00:10:00+00:00,2021-07-01 00:15:00+00:00,2021-07-01 00:15:00+00:00,2021-07-01 00:20:00+00:00,1.18543,1.18503,1.18603,1.18502,STOP,0.0004,-1.0250000000000536,-1.1500000000000536,-0.41000000000002146
N3_ANCHOR_REVERSION,NEUTRAL,LONG,2021-07-01 00:25:00+00:00,2021-07-01 00:30:00+00:00,2021-07-01 00:30:00+00:00,2021-07-01 00:50:00+00:00,1.18521,1.1848100000000001,1.18581,1.1848,STOP,0.0004,-1.0250000000000536,-1.1500000000000536,-0.41000000000002146
N3_ANCHOR_REVERSION,NEUTRAL,LONG,2021-07-01 00:55:00+00:00,2021-07-01 01:00:00+00:00,2021-07-01 01:00:00+00:00,2021-07-01 05:15:00+00:00,1.18493,1.18453,1.18553,1.18452,STOP,0.0004,-1.0250000000000536,-1.1500000000000536,-0.41000000000002146
N3_ANCHOR_REVERSION,NEUTRAL,SHORT,2021-07-01 13:05:00+00:00,2021-07-01 13:10:00+00:00,2021-07-01 13:10:00+00:00,2021-07-01 13:30:00+00:00,1.1874,1.1878,1.1868,1.1868100000000001,TARGET,0.0004,1.474999999999671,1.349999999999671,0.5899999999998684
N3_ANCHOR_REVERSION,NEUTRAL,SHORT,2021-07-02 20:00:00+00:00,2021-07-02 20:05:00+00:00,2021-07-02 20:05:00+00:00,2021-07-02 20:55:00+00:00,1.18642,1.18682,1.18582,1.1867400000000001,TIME_12H,0.0004,-0.800000000000245,-0.925000000000245,-0.320000000000098
N3_ANCHOR_REVERSION,NEUTRAL,SHORT,2021-07-04 22:15:00+00:00,2021-07-04 22:20:00+00:00,2021-07-04 22:20:00+00:00,2021-07-04 22:55:00+00:00,1.18648,1.18688,1.18588,1.18589,TARGET,0.0004,1.474999999999671,1.349999999999671,0.5899999999998684
N3_ANCHOR_REVERSION,NEUTRAL,LONG,2021-07-04 23:00:00+00:00,2021-07-04 23:05:00+00:00,2021-07-04 23:05:00+00:00,2021-07-04 23:35:00+00:00,1.1861000000000002,1.1857000000000002,1.1867,1.1856900000000001,STOP,0.0004,-1.0250000000000536,-1.1500000000000536,-0.41000000000002146
N3_ANCHOR_REVERSION,NEUTRAL,LONG,2021-07-05 00:05:00+00:00,2021-07-05 00:10:00+00:00,2021-07-05 00:10:00+00:00,2021-07-05 01:25:00+00:00,1.18558,1.1851800000000001,1.18618,1.18617,TARGET,0.0004,1.474999999999671,1.349999999999671,0.5899999999998684
N3_ANCHOR_REVERSION,NEUTRAL,SHORT,2021-07-06 06:20:00+00:00,2021-07-06 06:25:00+00:00,2021-07-06 06:25:00+00:00,2021-07-06 07:15:00+00:00,1.18912,1.18952,1.18852,1.18853,TARGET,0.0004,1.474999999999671,1.349999999999671,0.5899999999998684
N3_ANCHOR_REVERSION,NEUTRAL,LONG,2021-07-06 08:40:00+00:00,2021-07-06 08:45:00+00:00,2021-07-06 08:45:00+00:00,2021-07-06 08:55:00+00:00,1.18486,1.18446,1.18546,1.18445,STOP,0.0004,-1.0250000000000536,-1.1500000000000536,-0.41000000000002146
N3_ANCHOR_REVERSION,NEUTRAL,LONG,2021-07-06 11:45:00+00:00,2021-07-06 11:50:00+00:00,2021-07-06 11:50:00+00:00,2021-07-06 11:50:00+00:00,1.18429,1.18389,1.18489,1.18388,STOP,0.0004,-1.0250000000000536,-1.1500000000000536,-0.41000000000002146
N3_ANCHOR_REVERSION,NEUTRAL,LONG,2021-07-06 12:15:00+00:00,2021-07-06 12:20:00+00:00,2021-07-06 12:20:00+00:00,2021-07-06 12:50:00+00:00,1.1840700000000002,1.1836700000000002,1.1846700000000001,1.1836600000000002,STOP,0.0004,-1.0250000000000536,-1.1500000000000536,-0.41000000000002146
N3_ANCHOR_REVERSION,NEUTRAL,SHORT,2021-07-07 18:10:00+00:00,2021-07-07 18:15:00+00:00,2021-07-07 18:15:00+00:00,2021-07-07 18:15:00+00:00,1.18096,1.18136,1.18036,1.18137,STOP,0.0004,-1.0250000000000536,-1.1500000000000536,-0.41000000000002146
N3_ANCHOR_REVERSION,NEUTRAL,SHORT,2021-07-07 18:20:00+00:00,2021-07-07 18:25:00+00:00,2021-07-07 18:25:00+00:00,2021-07-07 18:50:00+00:00,1.18113,1.18153,1.18053,1.1805400000000001,TARGET,0.0004,1.474999999999671,1.349999999999671,0.5899999999998684
N3_ANCHOR_REVERSION,NEUTRAL,LONG,2021-07-07 21:35:00+00:00,2021-07-07 21:40:00+00:00,2021-07-07 21:40:00+00:00,2021-07-08 00:35:00+00:00,1.17948,1.1790800000000001,1.18008,1.17907,STOP,0.0004,-1.0250000000000536,-1.1500000000000536,-0.41000000000002146
N3_ANCHOR_REVERSION,NEUTRAL,LONG,2021-07-08 01:05:00+00:00,2021-07-08 01:10:00+00:00,2021-07-08 01:10:00+00:00,2021-07-08 01:50:00+00:00,1.1791800000000001,1.1787800000000002,1.17978,1.17877,STOP,0.0004,-1.0250000000000536,-1.1500000000000536,-0.41000000000002146
N3_ANCHOR_REVERSION,NEUTRAL,LONG,2021-07-08 02:00:00+00:00,2021-07-08 02:05:00+00:00,2021-07-08 02:05:00+00:00,2021-07-08 04:05:00+00:00,1.17876,1.17836,1.17936,1.17935,TARGET,0.0004,1.474999999999671,1.349999999999671,0.5899999999998684
N3_ANCHOR_REVERSION,NEUTRAL,SHORT,2021-07-08 05:20:00+00:00,2021-07-08 05:25:00+00:00,2021-07-08 05:25:00+00:00,2021-07-08 05:35:00+00:00,1.1795,1.1799,1.1789,1.17991,STOP,0.0004,-1.0250000000000536,-1.1500000000000536,-0.41000000000002146
N3_ANCHOR_REVERSION,NEUTRAL,SHORT,2021-07-08 10:05:00+00:00,2021-07-08 10:10:00+00:00,2021-07-08 10:10:00+00:00,2021-07-08 10:10:00+00:00,1.18315,1.1835499999999999,1.18255,1.18356,STOP,0.0004,-1.0250000000000536,-1.1500000000000536,-0.41000000000002146
N3_ANCHOR_REVERSION,NEUTRAL,SHORT,2021-07-09 13:40:00+00:00,2021-07-09 13:45:00+00:00,2021-07-09 13:45:00+00:00,2021-07-09 14:35:00+00:00,1.1866299999999999,1.1870299999999998,1.18603,1.1870399999999999,STOP,0.0004,-1.0250000000000536,-1.1500000000000536,-0.41000000000002146
N3_ANCHOR_REVERSION,NEUTRAL,LONG,2021-07-13 11:55:00+00:00,2021-07-13 12:00:00+00:00,2021-07-13 12:00:00+00:00,2021-07-13 12:00:00+00:00,1.1840000000000002,1.1836000000000002,1.1846,1.1835900000000001,STOP,0.0004,-1.0250000000000536,-1.1500000000000536,-0.41000000000002146
N3_ANCHOR_REVERSION,NEUTRAL,SHORT,2021-07-14 17:00:00+00:00,2021-07-14 17:05:00+00:00,2021-07-14 17:05:00+00:00,2021-07-14 19:15:00+00:00,1.18318,1.1835799999999999,1.18258,1.18359,STOP,0.0004,-1.0250000000000536,-1.1500000000000536,-0.41000000000002146
N3_ANCHOR_REVERSION,NEUTRAL,SHORT,2021-07-14 19:55:00+00:00,2021-07-14 20:00:00+00:00,2021-07-14 20:00:00+00:00,2021-07-14 20:25:00+00:00,1.18347,1.18387,1.18287,1.18388,STOP,0.0004,-1.0250000000000536,-1.1500000000000536,-0.41000000000002146
N3_ANCHOR_REVERSION,NEUTRAL,SHORT,2021-07-14 20:55:00+00:00,2021-07-14 21:00:00+00:00,2021-07-14 21:00:00+00:00,2021-07-14 21:00:00+00:00,1.18349,1.1838899999999999,1.18289,1.1839,STOP,0.0004,-1.0250000000000536,-1.1500000000000536,-0.41000000000002146
N3_ANCHOR_REVERSION,NEUTRAL,SHORT,2021-07-14 21:35:00+00:00,2021-07-14 21:40:00+00:00,2021-07-14 21:40:00+00:00,2021-07-15 00:30:00+00:00,1.1836,1.184,1.183,1.1830100000000001,TARGET,0.0004,1.474999999999671,1.349999999999671,0.5899999999998684
N3_ANCHOR_REVERSION,NEUTRAL,LONG,2021-07-15 00:40:00+00:00,2021-07-15 00:45:00+00:00,2021-07-15 00:45:00+00:00,2021-07-15 01:45:00+00:00,1.1832,1.1828,1.1838,1.18279,STOP,0.0004,-1.0250000000000536,-1.1500000000000536,-0.41000000000002146
N3_ANCHOR_REVERSION,NEUTRAL,LONG,2021-07-15 01:50:00+00:00,2021-07-15 01:55:00+00:00,2021-07-15 01:55:00+00:00,2021-07-15 02:10:00+00:00,1.1828100000000001,1.1824100000000002,1.18341,1.1824000000000001,STOP,0.0004,-1.0250000000000536,-1.1500000000000536,-0.41000000000002146
N3_ANCHOR_REVERSION,NEUTRAL,LONG,2021-07-15 13:00:00+00:00,2021-07-15 13:05:00+00:00,2021-07-15 13:05:00+00:00,2021-07-15 13:05:00+00:00,1.1808800000000002,1.1804800000000002,1.18148,1.18147,TARGET,0.0004,1.474999999999671,1.349999999999671,0.5899999999998684
N3_ANCHOR_REVERSION,NEUTRAL,LONG,2021-07-15 17:15:00+00:00,2021-07-15 17:20:00+00:00,2021-07-15 17:20:00+00:00,2021-07-15 19:00:00+00:00,1.18015,1.17975,1.18075,1.18074,TARGET,0.0004,1.474999999999671,1.349999999999671,0.5899999999998684
N3_ANCHOR_REVERSION,NEUTRAL,LONG,2021-07-16 01:50:00+00:00,2021-07-16 01:55:00+00:00,2021-07-16 01:55:00+00:00,2021-07-16 01:55:00+00:00,1.1807500000000002,1.1803500000000002,1.1813500000000001,1.1803400000000002,STOP,0.0004,-1.0250000000000536,-1.1500000000000536,-0.41000000000002146
N3_ANCHOR_REVERSION,NEUTRAL,LONG,2021-07-19 19:00:00+00:00,2021-07-19 19:05:00+00:00,2021-07-19 19:05:00+00:00,2021-07-19 21:05:00+00:00,1.1794900000000001,1.1790900000000002,1.18009,1.18008,TARGET,0.0004,1.474999999999671,1.349999999999671,0.5899999999998684
N3_ANCHOR_REVERSION,NEUTRAL,SHORT,2021-07-20 02:30:00+00:00,2021-07-20 02:35:00+00:00,2021-07-20 02:35:00+00:00,2021-07-20 03:05:00+00:00,1.1800199999999998,1.1804199999999998,1.17942,1.17943,TARGET,0.0004,1.474999999999671,1.349999999999671,0.5899999999998684
N3_ANCHOR_REVERSION,NEUTRAL,LONG,2021-07-20 03:35:00+00:00,2021-07-20 03:40:00+00:00,2021-07-20 03:40:00+00:00,2021-07-20 04:25:00+00:00,1.1792900000000002,1.1788900000000002,1.17989,1.1788800000000001,STOP,0.0004,-1.0250000000000536,-1.1500000000000536,-0.41000000000002146
N3_ANCHOR_REVERSION,NEUTRAL,SHORT,2021-07-20 18:10:00+00:00,2021-07-20 18:15:00+00:00,2021-07-20 18:15:00+00:00,2021-07-20 18:25:00+00:00,1.17807,1.17847,1.17747,1.17848,STOP,0.0004,-1.0250000000000536,-1.1500000000000536,-0.41000000000002146
N3_ANCHOR_REVERSION,NEUTRAL,LONG,2021-07-20 23:45:00+00:00,2021-07-20 23:50:00+00:00,2021-07-20 23:50:00+00:00,2021-07-21 01:05:00+00:00,1.1780000000000002,1.1776000000000002,1.1786,1.1775900000000001,STOP,0.0004,-1.0250000000000536,-1.1500000000000536,-0.41000000000002146
N3_ANCHOR_REVERSION,NEUTRAL,LONG,2021-07-21 01:20:00+00:00,2021-07-21 01:25:00+00:00,2021-07-21 01:25:00+00:00,2021-07-21 01:55:00+00:00,1.1778000000000002,1.1774000000000002,1.1784000000000001,1.1773900000000002,STOP,0.0004,-1.0250000000000536,-1.1500000000000536,-0.41000000000002146
N3_ANCHOR_REVERSION,NEUTRAL,SHORT,2021-07-21 15:30:00+00:00,2021-07-21 15:35:00+00:00,2021-07-21 15:35:00+00:00,2021-07-21 15:40:00+00:00,1.17956,1.17996,1.17896,1.17997,STOP,0.0004,-1.0250000000000536,-1.1500000000000536,-0.41000000000002146
N3_ANCHOR_REVERSION,NEUTRAL,SHORT,2021-07-21 19:25:00+00:00,2021-07-21 19:30:00+00:00,2021-07-21 19:30:00+00:00,2021-07-21 20:10:00+00:00,1.18031,1.18071,1.17971,1.17972,TARGET,0.0004,1.474999999999671,1.349999999999671,0.5899999999998684
N3_ANCHOR_REVERSION,NEUTRAL,LONG,2021-07-21 23:15:00+00:00,2021-07-21 23:20:00+00:00,2021-07-21 23:20:00+00:00,2021-07-22 00:30:00+00:00,1.1793500000000001,1.1789500000000002,1.17995,1.17894,STOP,0.0004,-1.0250000000000536,-1.1500000000000536,-0.41000000000002146
N3_ANCHOR_REVERSION,NEUTRAL,SHORT,2021-07-22 04:40:00+00:00,2021-07-22 04:45:00+00:00,2021-07-22 04:45:00+00:00,2021-07-22 06:00:00+00:00,1.17986,1.1802599999999999,1.17926,1.17927,TARGET,0.0004,1.474999999999671,1.349999999999671,0.5899999999998684
N3_ANCHOR_REVERSION,NEUTRAL,SHORT,2021-07-22 22:20:00+00:00,2021-07-22 22:25:00+00:00,2021-07-22 22:25:00+00:00,2021-07-23 00:25:00+00:00,1.17743,1.17783,1.17683,1.17784,STOP,0.0004,-1.0250000000000536,-1.1500000000000536,-0.41000000000002146
N3_ANCHOR_REVERSION,NEUTRAL,SHORT,2021-07-23 01:05:00+00:00,2021-07-23 01:10:00+00:00,2021-07-23 01:10:00+00:00,2021-07-23 02:20:00+00:00,1.1778499999999998,1.1782499999999998,1.17725,1.17726,TARGET,0.0004,1.474999999999671,1.349999999999671,0.5899999999998684
N3_ANCHOR_REVERSION,NEUTRAL,LONG,2021-07-23 02:20:00+00:00,2021-07-23 02:25:00+00:00,2021-07-23 02:25:00+00:00,2021-07-23 04:00:00+00:00,1.1773200000000001,1.1769200000000002,1.17792,1.1769100000000001,STOP,0.0004,-1.0250000000000536,-1.1500000000000536,-0.41000000000002146
N3_ANCHOR_REVERSION,NEUTRAL,LONG,2021-07-23 04:15:00+00:00,2021-07-23 04:20:00+00:00,2021-07-23 04:20:00+00:00,2021-07-23 05:55:00+00:00,1.1770500000000002,1.1766500000000002,1.17765,1.1766400000000001,STOP,0.0004,-1.0250000000000536,-1.1500000000000536,-0.41000000000002146
N3_ANCHOR_REVERSION,NEUTRAL,SHORT,2021-07-26 14:55:00+00:00,2021-07-26 15:00:00+00:00,2021-07-26 15:00:00+00:00,2021-07-26 15:00:00+00:00,1.18076,1.18116,1.18016,1.18117,STOP,0.0004,-1.0250000000000536,-1.1500000000000536,-0.41000000000002146
N3_ANCHOR_REVERSION,NEUTRAL,LONG,2021-07-26 19:00:00+00:00,2021-07-26 19:05:00+00:00,2021-07-26 19:05:00+00:00,2021-07-27 00:15:00+00:00,1.18019,1.1797900000000001,1.18079,1.18078,TARGET,0.0004,1.474999999999671,1.349999999999671,0.5899999999998684
N3_ANCHOR_REVERSION,NEUTRAL,SHORT,2021-07-27 00:30:00+00:00,2021-07-27 00:35:00+00:00,2021-07-27 00:35:00+00:00,2021-07-27 02:25:00+00:00,1.18086,1.18126,1.18026,1.1802700000000002,TARGET,0.0004,1.474999999999671,1.349999999999671,0.5899999999998684
N3_ANCHOR_REVERSION,NEUTRAL,SHORT,2021-07-27 11:25:00+00:00,2021-07-27 11:30:00+00:00,2021-07-27 11:30:00+00:00,2021-07-27 11:35:00+00:00,1.1789699999999999,1.1793699999999998,1.17837,1.1793799999999999,STOP,0.0004,-1.0250000000000536,-1.1500000000000536,-0.41000000000002146
N3_ANCHOR_REVERSION,NEUTRAL,SHORT,2021-07-27 11:40:00+00:00,2021-07-27 11:45:00+00:00,2021-07-27 11:45:00+00:00,2021-07-27 11:45:00+00:00,1.17952,1.1799199999999999,1.17892,1.17993,STOP,0.0004,-1.0250000000000536,-1.1500000000000536,-0.41000000000002146
N3_ANCHOR_REVERSION,NEUTRAL,SHORT,2021-07-27 12:25:00+00:00,2021-07-27 12:30:00+00:00,2021-07-27 12:30:00+00:00,2021-07-27 12:30:00+00:00,1.18115,1.1815499999999999,1.18055,1.18156,STOP,0.0004,-1.0250000000000536,-1.1500000000000536,-0.41000000000002146
N3_ANCHOR_REVERSION,NEUTRAL,SHORT,2021-07-29 19:20:00+00:00,2021-07-29 19:25:00+00:00,2021-07-29 19:25:00+00:00,2021-07-29 23:10:00+00:00,1.1890399999999999,1.1894399999999998,1.18844,1.18945,STOP,0.0004,-1.0250000000000536,-1.1500000000000536,-0.41000000000002146
N3_ANCHOR_REVERSION,NEUTRAL,SHORT,2021-07-30 09:00:00+00:00,2021-07-30 09:05:00+00:00,2021-07-30 09:05:00+00:00,2021-07-30 09:10:00+00:00,1.1902,1.1905999999999999,1.1896,1.19061,STOP,0.0004,-1.0250000000000536,-1.1500000000000536,-0.41000000000002146
N3_ANCHOR_REVERSION,NEUTRAL,SHORT,2021-07-30 09:35:00+00:00,2021-07-30 09:40:00+00:00,2021-07-30 09:40:00+00:00,2021-07-30 09:50:00+00:00,1.1905299999999999,1.1909299999999998,1.18993,1.18994,TARGET,0.0004,1.474999999999671,1.349999999999671,0.5899999999998684
N3_ANCHOR_REVERSION,NEUTRAL,LONG,2021-07-30 10:15:00+00:00,2021-07-30 10:20:00+00:00,2021-07-30 10:20:00+00:00,2021-07-30 10:35:00+00:00,1.1888100000000001,1.1884100000000002,1.18941,1.1894,TARGET,0.0004,1.474999999999671,1.349999999999671,0.5899999999998684
N3_ANCHOR_REVERSION,NEUTRAL,SHORT,2021-07-30 10:50:00+00:00,2021-07-30 10:55:00+00:00,2021-07-30 10:55:00+00:00,2021-07-30 11:00:00+00:00,1.1899,1.1903,1.1893,1.19031,STOP,0.0004,-1.0250000000000536,-1.1500000000000536,-0.41000000000002146
N3_ANCHOR_REVERSION,NEUTRAL,LONG,2021-08-05 01:00:00+00:00,2021-08-05 01:05:00+00:00,2021-08-05 01:05:00+00:00,2021-08-05 07:00:00+00:00,1.18338,1.1829800000000001,1.18398,1.18397,TARGET,0.0004,1.474999999999671,1.349999999999671,0.5899999999998684
N3_ANCHOR_REVERSION,NEUTRAL,SHORT,2021-08-13 18:20:00+00:00,2021-08-13 18:25:00+00:00,2021-08-13 18:25:00+00:00,2021-08-13 20:55:00+00:00,1.1797,1.1801,1.1791,1.17967,TIME_12H,0.0004,0.07499999999993623,-0.05000000000006377,0.02999999999997449
N3_ANCHOR_REVERSION,NEUTRAL,LONG,2021-08-17 17:00:00+00:00,2021-08-17 17:05:00+00:00,2021-08-17 17:05:00+00:00,2021-08-17 19:00:00+00:00,1.17138,1.1709800000000001,1.17198,1.17097,STOP,0.0004,-1.0250000000000536,-1.1500000000000536,-0.41000000000002146
N3_ANCHOR_REVERSION,NEUTRAL,LONG,2021-08-17 19:00:00+00:00,2021-08-17 19:05:00+00:00,2021-08-17 19:05:00+00:00,2021-08-17 20:55:00+00:00,1.1711900000000002,1.1707900000000002,1.17179,1.1707800000000002,STOP,0.0004,-1.0250000000000536,-1.1500000000000536,-0.41000000000002146
N3_ANCHOR_REVERSION,NEUTRAL,LONG,2021-08-17 21:45:00+00:00,2021-08-17 21:50:00+00:00,2021-08-17 21:50:00+00:00,2021-08-17 22:10:00+00:00,1.1711500000000001,1.1707500000000002,1.17175,1.1707400000000001,STOP,0.0004,-1.0250000000000536,-1.1500000000000536,-0.41000000000002146
N3_ANCHOR_REVERSION,NEUTRAL,SHORT,2021-08-18 00:20:00+00:00,2021-08-18 00:25:00+00:00,2021-08-18 00:25:00+00:00,2021-08-18 01:30:00+00:00,1.17119,1.17159,1.17059,1.1716,STOP,0.0004,-1.0250000000000536,-1.1500000000000536,-0.41000000000002146
N3_ANCHOR_REVERSION,NEUTRAL,SHORT,2021-08-18 02:45:00+00:00,2021-08-18 02:50:00+00:00,2021-08-18 02:50:00+00:00,2021-08-18 03:10:00+00:00,1.17177,1.17217,1.17117,1.17218,STOP,0.0004,-1.0250000000000536,-1.1500000000000536,-0.41000000000002146
N3_ANCHOR_REVERSION,NEUTRAL,SHORT,2021-08-18 03:10:00+00:00,2021-08-18 03:15:00+00:00,2021-08-18 03:15:00+00:00,2021-08-18 05:30:00+00:00,1.1719899999999999,1.1723899999999998,1.17139,1.1714,TARGET,0.0004,1.474999999999671,1.349999999999671,0.5899999999998684
N3_ANCHOR_REVERSION,NEUTRAL,LONG,2021-08-18 17:45:00+00:00,2021-08-18 17:50:00+00:00,2021-08-18 17:50:00+00:00,2021-08-18 18:00:00+00:00,1.17008,1.16968,1.17068,1.1706699999999999,TARGET,0.0004,1.474999999999671,1.349999999999671,0.5899999999998684
N3_ANCHOR_REVERSION,NEUTRAL,LONG,2021-08-19 00:30:00+00:00,2021-08-19 00:35:00+00:00,2021-08-19 00:35:00+00:00,2021-08-19 01:00:00+00:00,1.1689800000000001,1.1685800000000002,1.16958,1.16857,STOP,0.0004,-1.0250000000000536,-1.1500000000000536,-0.41000000000002146
N3_ANCHOR_REVERSION,NEUTRAL,LONG,2021-08-19 02:00:00+00:00,2021-08-19 02:05:00+00:00,2021-08-19 02:05:00+00:00,2021-08-19 02:15:00+00:00,1.16866,1.16826,1.16926,1.16825,STOP,0.0004,-1.0250000000000536,-1.1500000000000536,-0.41000000000002146
N3_ANCHOR_REVERSION,NEUTRAL,LONG,2021-08-19 02:30:00+00:00,2021-08-19 02:35:00+00:00,2021-08-19 02:35:00+00:00,2021-08-19 03:00:00+00:00,1.16796,1.1675600000000002,1.16856,1.16755,STOP,0.0004,-1.0250000000000536,-1.1500000000000536,-0.41000000000002146
N3_ANCHOR_REVERSION,NEUTRAL,LONG,2021-08-19 05:00:00+00:00,2021-08-19 05:05:00+00:00,2021-08-19 05:05:00+00:00,2021-08-19 05:40:00+00:00,1.1678600000000001,1.1674600000000002,1.16846,1.16745,STOP,0.0004,-1.0250000000000536,-1.1500000000000536,-0.41000000000002146
N3_ANCHOR_REVERSION,NEUTRAL,SHORT,2021-08-20 19:20:00+00:00,2021-08-20 19:25:00+00:00,2021-08-20 19:25:00+00:00,2021-08-20 19:55:00+00:00,1.16973,1.17013,1.16913,1.17014,STOP,0.0004,-1.0250000000000536,-1.1500000000000536,-0.41000000000002146
N3_ANCHOR_REVERSION,NEUTRAL,SHORT,2021-08-20 20:00:00+00:00,2021-08-20 20:05:00+00:00,2021-08-20 20:05:00+00:00,2021-08-20 20:55:00+00:00,1.17013,1.1705299999999998,1.16953,1.17042,TIME_12H,0.0004,-0.7250000000003087,-0.8500000000003087,-0.2900000000001235
N3_ANCHOR_REVERSION,NEUTRAL,LONG,2021-08-22 23:00:00+00:00,2021-08-22 23:05:00+00:00,2021-08-22 23:05:00+00:00,2021-08-23 00:45:00+00:00,1.16947,1.16907,1.17007,1.1700599999999999,TARGET,0.0004,1.474999999999671,1.349999999999671,0.5899999999998684
N3_ANCHOR_REVERSION,NEUTRAL,SHORT,2021-08-23 00:55:00+00:00,2021-08-23 01:00:00+00:00,2021-08-23 01:00:00+00:00,2021-08-23 01:05:00+00:00,1.16991,1.17031,1.16931,1.17032,STOP,0.0004,-1.0250000000000536,-1.1500000000000536,-0.41000000000002146
N3_ANCHOR_REVERSION,NEUTRAL,SHORT,2021-08-23 01:25:00+00:00,2021-08-23 01:30:00+00:00,2021-08-23 01:30:00+00:00,2021-08-23 01:45:00+00:00,1.17072,1.17112,1.17012,1.17113,STOP,0.0004,-1.0250000000000536,-1.1500000000000536,-0.41000000000002146
N3_ANCHOR_REVERSION,NEUTRAL,SHORT,2021-08-23 01:55:00+00:00,2021-08-23 02:00:00+00:00,2021-08-23 02:00:00+00:00,2021-08-23 02:30:00+00:00,1.17132,1.1717199999999999,1.17072,1.17173,STOP,0.0004,-1.0250000000000536,-1.1500000000000536,-0.41000000000002146
N3_ANCHOR_REVERSION,NEUTRAL,SHORT,2021-08-23 03:50:00+00:00,2021-08-23 03:55:00+00:00,2021-08-23 03:55:00+00:00,2021-08-23 06:05:00+00:00,1.17218,1.17258,1.17158,1.1715900000000001,TARGET,0.0004,1.474999999999671,1.349999999999671,0.5899999999998684
N3_ANCHOR_REVERSION,NEUTRAL,LONG,2021-08-24 00:30:00+00:00,2021-08-24 00:35:00+00:00,2021-08-24 00:35:00+00:00,2021-08-24 00:55:00+00:00,1.1743000000000001,1.1739000000000002,1.1749,1.17389,STOP,0.0004,-1.0250000000000536,-1.1500000000000536,-0.41000000000002146
N3_ANCHOR_REVERSION,NEUTRAL,LONG,2021-08-24 01:05:00+00:00,2021-08-24 01:10:00+00:00,2021-08-24 01:10:00+00:00,2021-08-24 01:55:00+00:00,1.17401,1.17361,1.17461,1.1736,STOP,0.0004,-1.0250000000000536,-1.1500000000000536,-0.41000000000002146
N3_ANCHOR_REVERSION,NEUTRAL,SHORT,2021-08-24 19:30:00+00:00,2021-08-24 19:35:00+00:00,2021-08-24 19:35:00+00:00,2021-08-24 19:45:00+00:00,1.17529,1.17569,1.17469,1.1757,STOP,0.0004,-1.0250000000000536,-1.1500000000000536,-0.41000000000002146
N3_ANCHOR_REVERSION,NEUTRAL,SHORT,2021-08-24 20:50:00+00:00,2021-08-24 20:55:00+00:00,2021-08-24 20:55:00+00:00,2021-08-25 00:30:00+00:00,1.17573,1.17613,1.17513,1.17514,TARGET,0.0004,1.474999999999671,1.349999999999671,0.5899999999998684
N3_ANCHOR_REVERSION,NEUTRAL,LONG,2021-08-25 00:50:00+00:00,2021-08-25 00:55:00+00:00,2021-08-25 00:55:00+00:00,2021-08-25 01:35:00+00:00,1.17426,1.1738600000000001,1.17486,1.17385,STOP,0.0004,-1.0250000000000536,-1.1500000000000536,-0.41000000000002146
N3_ANCHOR_REVERSION,NEUTRAL,SHORT,2021-08-25 18:20:00+00:00,2021-08-25 18:25:00+00:00,2021-08-25 18:25:00+00:00,2021-08-25 18:45:00+00:00,1.1770699999999998,1.1774699999999998,1.17647,1.1774799999999999,STOP,0.0004,-1.0250000000000536,-1.1500000000000536,-0.41000000000002146
N3_ANCHOR_REVERSION,NEUTRAL,SHORT,2021-08-25 18:55:00+00:00,2021-08-25 19:00:00+00:00,2021-08-25 19:00:00+00:00,2021-08-25 20:50:00+00:00,1.1771099999999999,1.1775099999999998,1.17651,1.17752,STOP,0.0004,-1.0250000000000536,-1.1500000000000536,-0.41000000000002146
N3_ANCHOR_REVERSION,NEUTRAL,SHORT,2021-08-25 20:50:00+00:00,2021-08-25 20:55:00+00:00,2021-08-25 20:55:00+00:00,2021-08-26 01:00:00+00:00,1.17722,1.17762,1.17662,1.17663,TARGET,0.0004,1.474999999999671,1.349999999999671,0.5899999999998684
N3_ANCHOR_REVERSION,NEUTRAL,LONG,2021-08-26 01:15:00+00:00,2021-08-26 01:20:00+00:00,2021-08-26 01:20:00+00:00,2021-08-26 03:30:00+00:00,1.17656,1.17616,1.17716,1.17615,STOP,0.0004,-1.0250000000000536,-1.1500000000000536,-0.41000000000002146
N3_ANCHOR_REVERSION,NEUTRAL,LONG,2021-08-26 03:35:00+00:00,2021-08-26 03:40:00+00:00,2021-08-26 03:40:00+00:00,2021-08-26 05:40:00+00:00,1.17628,1.17588,1.17688,1.1768699999999999,TARGET,0.0004,1.474999999999671,1.349999999999671,0.5899999999998684
N3_ANCHOR_REVERSION,NEUTRAL,LONG,2021-08-26 17:05:00+00:00,2021-08-26 17:10:00+00:00,2021-08-26 17:10:00+00:00,2021-08-26 17:20:00+00:00,1.1755200000000001,1.1751200000000002,1.17612,1.17511,STOP,0.0004,-1.0250000000000536,-1.1500000000000536,-0.41000000000002146
N3_ANCHOR_REVERSION,NEUTRAL,LONG,2021-08-26 17:25:00+00:00,2021-08-26 17:30:00+00:00,2021-08-26 17:30:00+00:00,2021-08-26 19:45:00+00:00,1.1754200000000001,1.1750200000000002,1.17602,1.17501,STOP,0.0004,-1.0250000000000536,-1.1500000000000536,-0.41000000000002146
N3_ANCHOR_REVERSION,NEUTRAL,LONG,2021-08-27 00:20:00+00:00,2021-08-27 00:25:00+00:00,2021-08-27 00:25:00+00:00,2021-08-27 00:30:00+00:00,1.175,1.1746,1.1756,1.17459,STOP,0.0004,-1.0250000000000536,-1.1500000000000536,-0.41000000000002146
N3_ANCHOR_REVERSION,NEUTRAL,LONG,2021-08-27 00:45:00+00:00,2021-08-27 00:50:00+00:00,2021-08-27 00:50:00+00:00,2021-08-27 01:40:00+00:00,1.1744100000000002,1.1740100000000002,1.17501,1.175,TARGET,0.0004,1.474999999999671,1.349999999999671,0.5899999999998684
N3_ANCHOR_REVERSION,NEUTRAL,SHORT,2021-08-27 02:35:00+00:00,2021-08-27 02:40:00+00:00,2021-08-27 02:40:00+00:00,2021-08-27 03:55:00+00:00,1.1756199999999999,1.1760199999999998,1.17502,1.17603,STOP,0.0004,-1.0250000000000536,-1.1500000000000536,-0.41000000000002146
N3_ANCHOR_REVERSION,NEUTRAL,SHORT,2021-08-27 18:55:00+00:00,2021-08-27 19:00:00+00:00,2021-08-27 19:00:00+00:00,2021-08-27 19:15:00+00:00,1.17939,1.17979,1.17879,1.1798,STOP,0.0004,-1.0250000000000536,-1.1500000000000536,-0.41000000000002146
N3_ANCHOR_REVERSION,NEUTRAL,SHORT,2021-08-29 22:15:00+00:00,2021-08-29 22:20:00+00:00,2021-08-29 22:20:00+00:00,2021-08-30 00:40:00+00:00,1.17987,1.18027,1.17927,1.18028,STOP,0.0004,-1.0250000000000536,-1.1500000000000536,-0.41000000000002146
N3_ANCHOR_REVERSION,NEUTRAL,SHORT,2021-08-30 00:50:00+00:00,2021-08-30 00:55:00+00:00,2021-08-30 00:55:00+00:00,2021-08-30 01:10:00+00:00,1.18031,1.18071,1.17971,1.18072,STOP,0.0004,-1.0250000000000536,-1.1500000000000536,-0.41000000000002146
N3_ANCHOR_REVERSION,NEUTRAL,SHORT,2021-08-30 01:30:00+00:00,2021-08-30 01:35:00+00:00,2021-08-30 01:35:00+00:00,2021-08-30 05:50:00+00:00,1.1806699999999999,1.1810699999999998,1.18007,1.18008,TARGET,0.0004,1.474999999999671,1.349999999999671,0.5899999999998684
N3_ANCHOR_REVERSION,NEUTRAL,SHORT,2021-08-31 04:20:00+00:00,2021-08-31 04:25:00+00:00,2021-08-31 04:25:00+00:00,2021-08-31 05:40:00+00:00,1.18225,1.18265,1.18165,1.18266,STOP,0.0004,-1.0250000000000536,-1.1500000000000536,-0.41000000000002146
N3_ANCHOR_REVERSION,NEUTRAL,SHORT,2021-08-31 05:50:00+00:00,2021-08-31 05:55:00+00:00,2021-08-31 05:55:00+00:00,2021-08-31 06:10:00+00:00,1.1824999999999999,1.1828999999999998,1.1819,1.18291,STOP,0.0004,-1.0250000000000536,-1.1500000000000536,-0.41000000000002146
N3_ANCHOR_REVERSION,NEUTRAL,SHORT,2021-08-31 06:20:00+00:00,2021-08-31 06:25:00+00:00,2021-08-31 06:25:00+00:00,2021-08-31 08:55:00+00:00,1.18285,1.18325,1.18225,1.18226,TARGET,0.0004,1.474999999999671,1.349999999999671,0.5899999999998684
N3_ANCHOR_REVERSION,NEUTRAL,SHORT,2021-08-31 11:00:00+00:00,2021-08-31 11:05:00+00:00,2021-08-31 11:05:00+00:00,2021-08-31 11:05:00+00:00,1.1833,1.1837,1.1827,1.18371,STOP,0.0004,-1.0250000000000536,-1.1500000000000536,-0.41000000000002146
N3_ANCHOR_REVERSION,NEUTRAL,LONG,2021-09-01 00:55:00+00:00,2021-09-01 01:00:00+00:00,2021-09-01 01:00:00+00:00,2021-09-01 04:40:00+00:00,1.1803400000000002,1.1799400000000002,1.18094,1.1799300000000001,STOP,0.0004,-1.0250000000000536,-1.1500000000000536,-0.41000000000002146
N3_ANCHOR_REVERSION,NEUTRAL,LONG,2021-09-01 05:25:00+00:00,2021-09-01 05:30:00+00:00,2021-09-01 05:30:00+00:00,2021-09-01 06:05:00+00:00,1.1797,1.1793,1.1803,1.1802899999999998,TARGET,0.0004,1.474999999999671,1.349999999999671,0.5899999999998684
N3_ANCHOR_REVERSION,NEUTRAL,SHORT,2021-09-01 16:45:00+00:00,2021-09-01 16:50:00+00:00,2021-09-01 16:50:00+00:00,2021-09-01 17:55:00+00:00,1.18492,1.18532,1.18432,1.18433,TARGET,0.0004,1.474999999999671,1.349999999999671,0.5899999999998684
N3_ANCHOR_REVERSION,NEUTRAL,LONG,2021-09-01 20:00:00+00:00,2021-09-01 20:05:00+00:00,2021-09-01 20:05:00+00:00,2021-09-02 00:10:00+00:00,1.18395,1.18355,1.18455,1.18454,TARGET,0.0004,1.474999999999671,1.349999999999671,0.5899999999998684
N3_ANCHOR_REVERSION,NEUTRAL,SHORT,2021-09-02 00:15:00+00:00,2021-09-02 00:20:00+00:00,2021-09-02 00:20:00+00:00,2021-09-02 01:45:00+00:00,1.18447,1.1848699999999999,1.18387,1.18388,TARGET,0.0004,1.474999999999671,1.349999999999671,0.5899999999998684
N3_ANCHOR_REVERSION,NEUTRAL,SHORT,2021-09-02 17:45:00+00:00,2021-09-02 17:50:00+00:00,2021-09-02 17:50:00+00:00,2021-09-02 18:05:00+00:00,1.18689,1.18729,1.18629,1.1873,STOP,0.0004,-1.0250000000000536,-1.1500000000000536,-0.41000000000002146
N3_ANCHOR_REVERSION,NEUTRAL,SHORT,2021-09-02 18:15:00+00:00,2021-09-02 18:20:00+00:00,2021-09-02 18:20:00+00:00,2021-09-02 18:55:00+00:00,1.18713,1.18753,1.18653,1.18754,STOP,0.0004,-1.0250000000000536,-1.1500000000000536,-0.41000000000002146
N3_ANCHOR_REVERSION,NEUTRAL,SHORT,2021-09-02 19:45:00+00:00,2021-09-02 19:50:00+00:00,2021-09-02 19:50:00+00:00,2021-09-03 00:10:00+00:00,1.18737,1.18777,1.18677,1.18778,STOP,0.0004,-1.0250000000000536,-1.1500000000000536,-0.41000000000002146
N3_ANCHOR_REVERSION,NEUTRAL,SHORT,2021-09-03 00:15:00+00:00,2021-09-03 00:20:00+00:00,2021-09-03 00:20:00+00:00,2021-09-03 00:30:00+00:00,1.18762,1.1880199999999999,1.18702,1.18803,STOP,0.0004,-1.0250000000000536,-1.1500000000000536,-0.41000000000002146
N3_ANCHOR_REVERSION,NEUTRAL,SHORT,2021-09-03 00:45:00+00:00,2021-09-03 00:50:00+00:00,2021-09-03 00:50:00+00:00,2021-09-03 06:25:00+00:00,1.18815,1.18855,1.18755,1.1875600000000002,TARGET,0.0004,1.474999999999671,1.349999999999671,0.5899999999998684
N3_ANCHOR_REVERSION,NEUTRAL,SHORT,2021-09-03 17:45:00+00:00,2021-09-03 17:50:00+00:00,2021-09-03 17:50:00+00:00,2021-09-03 18:45:00+00:00,1.1896099999999998,1.1900099999999998,1.18901,1.18902,TARGET,0.0004,1.474999999999671,1.349999999999671,0.5899999999998684
N3_ANCHOR_REVERSION,NEUTRAL,SHORT,2021-09-05 23:45:00+00:00,2021-09-05 23:50:00+00:00,2021-09-05 23:50:00+00:00,2021-09-06 00:30:00+00:00,1.18847,1.1888699999999999,1.18787,1.18788,TARGET,0.0004,1.474999999999671,1.349999999999671,0.5899999999998684
N3_ANCHOR_REVERSION,NEUTRAL,LONG,2021-09-06 00:35:00+00:00,2021-09-06 00:40:00+00:00,2021-09-06 00:40:00+00:00,2021-09-06 01:30:00+00:00,1.18797,1.18757,1.18857,1.18756,STOP,0.0004,-1.0250000000000536,-1.1500000000000536,-0.41000000000002146
N3_ANCHOR_REVERSION,NEUTRAL,LONG,2021-09-06 01:30:00+00:00,2021-09-06 01:35:00+00:00,2021-09-06 01:35:00+00:00,2021-09-06 02:35:00+00:00,1.18777,1.18737,1.18837,1.18736,STOP,0.0004,-1.0250000000000536,-1.1500000000000536,-0.41000000000002146
N3_ANCHOR_REVERSION,NEUTRAL,LONG,2021-09-06 02:55:00+00:00,2021-09-06 03:00:00+00:00,2021-09-06 03:00:00+00:00,2021-09-06 03:20:00+00:00,1.18747,1.18707,1.18807,1.18706,STOP,0.0004,-1.0250000000000536,-1.1500000000000536,-0.41000000000002146
N3_ANCHOR_REVERSION,NEUTRAL,LONG,2021-09-06 03:40:00+00:00,2021-09-06 03:45:00+00:00,2021-09-06 03:45:00+00:00,2021-09-06 07:25:00+00:00,1.1869500000000002,1.1865500000000002,1.18755,1.1865400000000002,STOP,0.0004,-1.0250000000000536,-1.1500000000000536,-0.41000000000002146
N3_ANCHOR_REVERSION,NEUTRAL,SHORT,2021-09-07 01:05:00+00:00,2021-09-07 01:10:00+00:00,2021-09-07 01:10:00+00:00,2021-09-07 01:20:00+00:00,1.18801,1.18841,1.18741,1.18842,STOP,0.0004,-1.0250000000000536,-1.1500000000000536,-0.41000000000002146
N3_ANCHOR_REVERSION,NEUTRAL,SHORT,2021-09-07 01:25:00+00:00,2021-09-07 01:30:00+00:00,2021-09-07 01:30:00+00:00,2021-09-07 04:55:00+00:00,1.1882899999999998,1.1886899999999998,1.18769,1.1877,TARGET,0.0004,1.474999999999671,1.349999999999671,0.5899999999998684
N3_ANCHOR_REVERSION,NEUTRAL,LONG,2021-09-07 05:10:00+00:00,2021-09-07 05:15:00+00:00,2021-09-07 05:15:00+00:00,2021-09-07 05:55:00+00:00,1.18751,1.18711,1.18811,1.1871,STOP,0.0004,-1.0250000000000536,-1.1500000000000536,-0.41000000000002146
N3_ANCHOR_REVERSION,NEUTRAL,LONG,2021-09-07 06:15:00+00:00,2021-09-07 06:20:00+00:00,2021-09-07 06:20:00+00:00,2021-09-07 06:25:00+00:00,1.18724,1.1868400000000001,1.18784,1.18683,STOP,0.0004,-1.0250000000000536,-1.1500000000000536,-0.41000000000002146
N3_ANCHOR_REVERSION,NEUTRAL,SHORT,2021-09-08 00:45:00+00:00,2021-09-08 00:50:00+00:00,2021-09-08 00:50:00+00:00,2021-09-08 01:40:00+00:00,1.18461,1.18501,1.18401,1.18502,STOP,0.0004,-1.0250000000000536,-1.1500000000000536,-0.41000000000002146
N3_ANCHOR_REVERSION,NEUTRAL,SHORT,2021-09-08 01:50:00+00:00,2021-09-08 01:55:00+00:00,2021-09-08 01:55:00+00:00,2021-09-08 03:20:00+00:00,1.1847699999999999,1.1851699999999998,1.18417,1.18418,TARGET,0.0004,1.474999999999671,1.349999999999671,0.5899999999998684
N3_ANCHOR_REVERSION,NEUTRAL,SHORT,2021-09-09 17:25:00+00:00,2021-09-09 17:30:00+00:00,2021-09-09 17:30:00+00:00,2021-09-09 19:00:00+00:00,1.1833799999999999,1.1837799999999998,1.18278,1.18279,TARGET,0.0004,1.474999999999671,1.349999999999671,0.5899999999998684
N3_ANCHOR_REVERSION,NEUTRAL,SHORT,2021-09-10 00:10:00+00:00,2021-09-10 00:15:00+00:00,2021-09-10 00:15:00+00:00,2021-09-10 01:15:00+00:00,1.18264,1.1830399999999999,1.18204,1.18205,TARGET,0.0004,1.474999999999671,1.349999999999671,0.5899999999998684
N3_ANCHOR_REVERSION,NEUTRAL,LONG,2021-09-10 13:35:00+00:00,2021-09-10 13:40:00+00:00,2021-09-10 13:40:00+00:00,2021-09-10 13:50:00+00:00,1.18283,1.18243,1.18343,1.18242,STOP,0.0004,-1.0250000000000536,-1.1500000000000536,-0.41000000000002146
N3_ANCHOR_REVERSION,NEUTRAL,LONG,2021-09-10 18:40:00+00:00,2021-09-10 18:45:00+00:00,2021-09-10 18:45:00+00:00,2021-09-10 19:25:00+00:00,1.18171,1.18131,1.18231,1.1813,STOP,0.0004,-1.0250000000000536,-1.1500000000000536,-0.41000000000002146
N3_ANCHOR_REVERSION,NEUTRAL,LONG,2021-09-10 20:00:00+00:00,2021-09-10 20:05:00+00:00,2021-09-10 20:05:00+00:00,2021-09-10 20:40:00+00:00,1.1813900000000002,1.1809900000000002,1.18199,1.1809800000000001,STOP,0.0004,-1.0250000000000536,-1.1500000000000536,-0.41000000000002146
N3_ANCHOR_REVERSION,NEUTRAL,LONG,2021-09-12 22:30:00+00:00,2021-09-12 22:35:00+00:00,2021-09-12 22:35:00+00:00,2021-09-13 00:25:00+00:00,1.18116,1.18076,1.18176,1.18075,STOP,0.0004,-1.0250000000000536,-1.1500000000000536,-0.41000000000002146
N3_ANCHOR_REVERSION,NEUTRAL,LONG,2021-09-13 00:35:00+00:00,2021-09-13 00:40:00+00:00,2021-09-13 00:40:00+00:00,2021-09-13 00:50:00+00:00,1.1809500000000002,1.1805500000000002,1.18155,1.1805400000000001,STOP,0.0004,-1.0250000000000536,-1.1500000000000536,-0.41000000000002146
N3_ANCHOR_REVERSION,NEUTRAL,LONG,2021-09-13 01:10:00+00:00,2021-09-13 01:15:00+00:00,2021-09-13 01:15:00+00:00,2021-09-13 01:25:00+00:00,1.1806400000000001,1.1802400000000002,1.18124,1.1802300000000001,STOP,0.0004,-1.0250000000000536,-1.1500000000000536,-0.41000000000002146
N3_ANCHOR_REVERSION,NEUTRAL,LONG,2021-09-13 01:30:00+00:00,2021-09-13 01:35:00+00:00,2021-09-13 01:35:00+00:00,2021-09-13 04:40:00+00:00,1.1805800000000002,1.1801800000000002,1.1811800000000001,1.1801700000000002,STOP,0.0004,-1.0250000000000536,-1.1500000000000536,-0.41000000000002146
N3_ANCHOR_REVERSION,NEUTRAL,LONG,2021-09-13 04:55:00+00:00,2021-09-13 05:00:00+00:00,2021-09-13 05:00:00+00:00,2021-09-13 05:00:00+00:00,1.1796300000000002,1.1792300000000002,1.1802300000000001,1.1792200000000002,STOP,0.0004,-1.0250000000000536,-1.1500000000000536,-0.41000000000002146
N3_ANCHOR_REVERSION,NEUTRAL,SHORT,2021-09-14 02:50:00+00:00,2021-09-14 02:55:00+00:00,2021-09-14 02:55:00+00:00,2021-09-14 06:00:00+00:00,1.18174,1.18214,1.18114,1.1811500000000001,TARGET,0.0004,1.474999999999671,1.349999999999671,0.5899999999998684
N3_ANCHOR_REVERSION,NEUTRAL,LONG,2021-09-14 19:45:00+00:00,2021-09-14 19:50:00+00:00,2021-09-14 19:50:00+00:00,2021-09-14 21:00:00+00:00,1.1805400000000001,1.1801400000000002,1.18114,1.1801300000000001,STOP,0.0004,-1.0250000000000536,-1.1500000000000536,-0.41000000000002146
N3_ANCHOR_REVERSION,NEUTRAL,LONG,2021-09-14 21:20:00+00:00,2021-09-14 21:25:00+00:00,2021-09-14 21:25:00+00:00,2021-09-14 21:25:00+00:00,1.1809500000000002,1.1805500000000002,1.18155,1.18044,STOP,0.0004,-1.2750000000005812,-1.4000000000005812,-0.5100000000002325
N3_ANCHOR_REVERSION,NEUTRAL,LONG,2021-09-14 21:50:00+00:00,2021-09-14 21:55:00+00:00,2021-09-14 21:55:00+00:00,2021-09-14 22:25:00+00:00,1.18062,1.18022,1.18122,1.18021,STOP,0.0004,-1.0250000000000536,-1.1500000000000536,-0.41000000000002146
N3_ANCHOR_REVERSION,NEUTRAL,SHORT,2021-09-15 00:55:00+00:00,2021-09-15 01:00:00+00:00,2021-09-15 01:00:00+00:00,2021-09-15 01:15:00+00:00,1.18051,1.18091,1.17991,1.18092,STOP,0.0004,-1.0250000000000536,-1.1500000000000536,-0.41000000000002146
N3_ANCHOR_REVERSION,NEUTRAL,SHORT,2021-09-15 01:20:00+00:00,2021-09-15 01:25:00+00:00,2021-09-15 01:25:00+00:00,2021-09-15 01:30:00+00:00,1.1806699999999999,1.1810699999999998,1.18007,1.18108,STOP,0.0004,-1.0250000000000536,-1.1500000000000536,-0.41000000000002146
N3_ANCHOR_REVERSION,NEUTRAL,SHORT,2021-09-15 01:40:00+00:00,2021-09-15 01:45:00+00:00,2021-09-15 01:45:00+00:00,2021-09-15 02:00:00+00:00,1.18105,1.18145,1.18045,1.18046,TARGET,0.0004,1.474999999999671,1.349999999999671,0.5899999999998684
N3_ANCHOR_REVERSION,NEUTRAL,LONG,2021-09-16 08:00:00+00:00,2021-09-16 08:05:00+00:00,2021-09-16 08:05:00+00:00,2021-09-16 08:05:00+00:00,1.1785100000000002,1.1781100000000002,1.17911,1.1781000000000001,STOP,0.0004,-1.0250000000000536,-1.1500000000000536,-0.41000000000002146
N3_ANCHOR_REVERSION,NEUTRAL,LONG,2021-09-16 09:00:00+00:00,2021-09-16 09:05:00+00:00,2021-09-16 09:05:00+00:00,2021-09-16 09:05:00+00:00,1.17761,1.17721,1.17821,1.1772,STOP,0.0004,-1.0250000000000536,-1.1500000000000536,-0.41000000000002146
N3_ANCHOR_REVERSION,NEUTRAL,LONG,2021-09-16 09:20:00+00:00,2021-09-16 09:25:00+00:00,2021-09-16 09:25:00+00:00,2021-09-16 09:25:00+00:00,1.1774600000000002,1.1770600000000002,1.17806,1.1770500000000002,STOP,0.0004,-1.0250000000000536,-1.1500000000000536,-0.41000000000002146
N3_ANCHOR_REVERSION,NEUTRAL,LONG,2021-09-16 09:55:00+00:00,2021-09-16 10:00:00+00:00,2021-09-16 10:00:00+00:00,2021-09-16 10:00:00+00:00,1.17716,1.17676,1.17776,1.17675,STOP,0.0004,-1.0250000000000536,-1.1500000000000536,-0.41000000000002146
N3_ANCHOR_REVERSION,NEUTRAL,SHORT,2021-09-21 00:10:00+00:00,2021-09-21 00:15:00+00:00,2021-09-21 00:15:00+00:00,2021-09-21 01:45:00+00:00,1.1728699999999999,1.1732699999999998,1.17227,1.1732799999999999,STOP,0.0004,-1.0250000000000536,-1.1500000000000536,-0.41000000000002146
N3_ANCHOR_REVERSION,NEUTRAL,SHORT,2021-09-21 19:45:00+00:00,2021-09-21 19:50:00+00:00,2021-09-21 19:50:00+00:00,2021-09-21 20:15:00+00:00,1.17308,1.1734799999999999,1.17248,1.17249,TARGET,0.0004,1.474999999999671,1.349999999999671,0.5899999999998684
N3_ANCHOR_REVERSION,NEUTRAL,LONG,2021-09-22 22:00:00+00:00,2021-09-22 22:05:00+00:00,2021-09-22 22:05:00+00:00,2021-09-22 23:35:00+00:00,1.16947,1.16907,1.17007,1.16906,STOP,0.0004,-1.0250000000000536,-1.1500000000000536,-0.41000000000002146
N3_ANCHOR_REVERSION,NEUTRAL,LONG,2021-09-23 00:05:00+00:00,2021-09-23 00:10:00+00:00,2021-09-23 00:10:00+00:00,2021-09-23 00:20:00+00:00,1.1688800000000001,1.1684800000000002,1.16948,1.1684700000000001,STOP,0.0004,-1.0250000000000536,-1.1500000000000536,-0.41000000000002146
N3_ANCHOR_REVERSION,NEUTRAL,LONG,2021-09-23 00:35:00+00:00,2021-09-23 00:40:00+00:00,2021-09-23 00:40:00+00:00,2021-09-23 01:40:00+00:00,1.16857,1.1681700000000002,1.16917,1.16916,TARGET,0.0004,1.474999999999671,1.349999999999671,0.5899999999998684
N3_ANCHOR_REVERSION,NEUTRAL,SHORT,2021-09-23 02:55:00+00:00,2021-09-23 03:00:00+00:00,2021-09-23 03:00:00+00:00,2021-09-23 03:05:00+00:00,1.16971,1.17011,1.16911,1.17012,STOP,0.0004,-1.0250000000000536,-1.1500000000000536,-0.41000000000002146
N3_ANCHOR_REVERSION,NEUTRAL,SHORT,2021-09-23 05:00:00+00:00,2021-09-23 05:05:00+00:00,2021-09-23 05:05:00+00:00,2021-09-23 05:35:00+00:00,1.1708699999999999,1.1712699999999998,1.17027,1.1712799999999999,STOP,0.0004,-1.0250000000000536,-1.1500000000000536,-0.41000000000002146
N3_ANCHOR_REVERSION,NEUTRAL,SHORT,2021-10-04 14:10:00+00:00,2021-10-04 14:15:00+00:00,2021-10-04 14:15:00+00:00,2021-10-04 14:25:00+00:00,1.1636,1.164,1.163,1.16301,TARGET,0.0004,1.474999999999671,1.349999999999671,0.5899999999998684
N3_ANCHOR_REVERSION,NEUTRAL,LONG,2021-10-04 19:10:00+00:00,2021-10-04 19:15:00+00:00,2021-10-04 19:15:00+00:00,2021-10-04 21:35:00+00:00,1.16199,1.1615900000000001,1.16259,1.16158,STOP,0.0004,-1.0250000000000536,-1.1500000000000536,-0.41000000000002146
N3_ANCHOR_REVERSION,NEUTRAL,LONG,2021-10-04 23:00:00+00:00,2021-10-04 23:05:00+00:00,2021-10-04 23:05:00+00:00,2021-10-05 00:30:00+00:00,1.1618300000000001,1.1614300000000002,1.16243,1.1614200000000001,STOP,0.0004,-1.0250000000000536,-1.1500000000000536,-0.41000000000002146
N3_ANCHOR_REVERSION,NEUTRAL,LONG,2021-10-05 05:00:00+00:00,2021-10-05 05:05:00+00:00,2021-10-05 05:05:00+00:00,2021-10-05 05:30:00+00:00,1.15969,1.1592900000000002,1.16029,1.15928,STOP,0.0004,-1.0250000000000536,-1.1500000000000536,-0.41000000000002146
N3_ANCHOR_REVERSION,NEUTRAL,LONG,2021-10-05 05:40:00+00:00,2021-10-05 05:45:00+00:00,2021-10-05 05:45:00+00:00,2021-10-05 06:45:00+00:00,1.1593200000000001,1.1589200000000002,1.15992,1.15991,TARGET,0.0004,1.474999999999671,1.349999999999671,0.5899999999998684
N3_ANCHOR_REVERSION,NEUTRAL,LONG,2021-10-13 12:40:00+00:00,2021-10-13 12:45:00+00:00,2021-10-13 12:45:00+00:00,2021-10-13 12:45:00+00:00,1.1544,1.1540000000000001,1.155,1.15399,STOP,0.0004,-1.0250000000000536,-1.1500000000000536,-0.41000000000002146
N3_ANCHOR_REVERSION,NEUTRAL,SHORT,2021-10-13 20:55:00+00:00,2021-10-13 21:00:00+00:00,2021-10-13 21:00:00+00:00,2021-10-13 21:00:00+00:00,1.15906,1.15946,1.15846,1.15962,STOP,0.0004,-1.40000000000029,-1.52500000000029,-0.560000000000116
N3_ANCHOR_REVERSION,NEUTRAL,SHORT,2021-10-13 22:20:00+00:00,2021-10-13 22:25:00+00:00,2021-10-13 22:25:00+00:00,2021-10-14 00:15:00+00:00,1.1597199999999999,1.1601199999999998,1.15912,1.1601299999999999,STOP,0.0004,-1.0250000000000536,-1.1500000000000536,-0.41000000000002146
N3_ANCHOR_REVERSION,NEUTRAL,SHORT,2021-10-14 00:20:00+00:00,2021-10-14 00:25:00+00:00,2021-10-14 00:25:00+00:00,2021-10-14 01:55:00+00:00,1.1597499999999998,1.1601499999999998,1.15915,1.15916,TARGET,0.0004,1.474999999999671,1.349999999999671,0.5899999999998684
N3_ANCHOR_REVERSION,NEUTRAL,LONG,2021-10-19 14:45:00+00:00,2021-10-19 14:50:00+00:00,2021-10-19 14:50:00+00:00,2021-10-19 14:55:00+00:00,1.16378,1.16338,1.16438,1.16437,TARGET,0.0004,1.474999999999671,1.349999999999671,0.5899999999998684
N3_ANCHOR_REVERSION,NEUTRAL,LONG,2021-10-19 20:50:00+00:00,2021-10-19 20:55:00+00:00,2021-10-19 20:55:00+00:00,2021-10-20 00:25:00+00:00,1.1633,1.1629,1.1639,1.16289,STOP,0.0004,-1.0250000000000536,-1.1500000000000536,-0.41000000000002146
N3_ANCHOR_REVERSION,NEUTRAL,LONG,2021-10-20 00:25:00+00:00,2021-10-20 00:30:00+00:00,2021-10-20 00:30:00+00:00,2021-10-20 00:30:00+00:00,1.1632200000000001,1.1628200000000002,1.16382,1.1628100000000001,STOP,0.0004,-1.0250000000000536,-1.1500000000000536,-0.41000000000002146
N3_ANCHOR_REVERSION,NEUTRAL,LONG,2021-10-20 00:35:00+00:00,2021-10-20 00:40:00+00:00,2021-10-20 00:40:00+00:00,2021-10-20 01:05:00+00:00,1.1630800000000001,1.1626800000000002,1.16368,1.16367,TARGET,0.0004,1.474999999999671,1.349999999999671,0.5899999999998684
N3_ANCHOR_REVERSION,NEUTRAL,SHORT,2021-10-20 01:45:00+00:00,2021-10-20 01:50:00+00:00,2021-10-20 01:50:00+00:00,2021-10-20 03:45:00+00:00,1.16414,1.16454,1.16354,1.16455,STOP,0.0004,-1.0250000000000536,-1.1500000000000536,-0.41000000000002146
N3_ANCHOR_REVERSION,NEUTRAL,SHORT,2021-10-20 17:00:00+00:00,2021-10-20 17:05:00+00:00,2021-10-20 17:05:00+00:00,2021-10-20 17:35:00+00:00,1.16537,1.16577,1.16477,1.16578,STOP,0.0004,-1.0250000000000536,-1.1500000000000536,-0.41000000000002146
N3_ANCHOR_REVERSION,NEUTRAL,SHORT,2021-10-21 02:45:00+00:00,2021-10-21 02:50:00+00:00,2021-10-21 02:50:00+00:00,2021-10-21 04:05:00+00:00,1.1664599999999998,1.1668599999999998,1.16586,1.16587,TARGET,0.0004,1.474999999999671,1.349999999999671,0.5899999999998684
N3_ANCHOR_REVERSION,NEUTRAL,LONG,2021-10-21 10:25:00+00:00,2021-10-21 10:30:00+00:00,2021-10-21 10:30:00+00:00,2021-10-21 11:55:00+00:00,1.1639000000000002,1.1635000000000002,1.1645,1.16449,TARGET,0.0004,1.474999999999671,1.349999999999671,0.5899999999998684
N3_ANCHOR_REVERSION,NEUTRAL,LONG,2021-10-21 20:40:00+00:00,2021-10-21 20:45:00+00:00,2021-10-21 20:45:00+00:00,2021-10-22 01:10:00+00:00,1.16236,1.16196,1.16296,1.16295,TARGET,0.0004,1.474999999999671,1.349999999999671,0.5899999999998684
N3_ANCHOR_REVERSION,NEUTRAL,SHORT,2021-10-24 23:00:00+00:00,2021-10-24 23:05:00+00:00,2021-10-24 23:05:00+00:00,2021-10-24 23:40:00+00:00,1.1643299999999999,1.1647299999999998,1.16373,1.16374,TARGET,0.0004,1.474999999999671,1.349999999999671,0.5899999999998684
N3_ANCHOR_REVERSION,NEUTRAL,LONG,2021-10-24 23:50:00+00:00,2021-10-24 23:55:00+00:00,2021-10-24 23:55:00+00:00,2021-10-25 00:05:00+00:00,1.16388,1.16348,1.16448,1.16447,TARGET,0.0004,1.474999999999671,1.349999999999671,0.5899999999998684
N3_ANCHOR_REVERSION,NEUTRAL,SHORT,2021-10-25 00:25:00+00:00,2021-10-25 00:30:00+00:00,2021-10-25 00:30:00+00:00,2021-10-25 00:50:00+00:00,1.16437,1.1647699999999999,1.16377,1.16478,STOP,0.0004,-1.0250000000000536,-1.1500000000000536,-0.41000000000002146
N3_ANCHOR_REVERSION,NEUTRAL,SHORT,2021-10-25 03:55:00+00:00,2021-10-25 04:00:00+00:00,2021-10-25 04:00:00+00:00,2021-10-25 05:25:00+00:00,1.1663599999999998,1.1667599999999998,1.16576,1.16577,TARGET,0.0004,1.474999999999671,1.349999999999671,0.5899999999998684
N3_ANCHOR_REVERSION,NEUTRAL,LONG,2021-10-25 11:50:00+00:00,2021-10-25 11:55:00+00:00,2021-10-25 11:55:00+00:00,2021-10-25 12:10:00+00:00,1.1606800000000002,1.1602800000000002,1.16128,1.1602700000000001,STOP,0.0004,-1.0250000000000536,-1.1500000000000536,-0.41000000000002146
N3_ANCHOR_REVERSION,NEUTRAL,SHORT,2021-10-25 18:30:00+00:00,2021-10-25 18:35:00+00:00,2021-10-25 18:35:00+00:00,2021-10-25 19:20:00+00:00,1.1615799999999998,1.1619799999999998,1.16098,1.16099,TARGET,0.0004,1.474999999999671,1.349999999999671,0.5899999999998684
N3_ANCHOR_REVERSION,NEUTRAL,LONG,2021-10-26 00:35:00+00:00,2021-10-26 00:40:00+00:00,2021-10-26 00:40:00+00:00,2021-10-26 01:15:00+00:00,1.16018,1.15978,1.16078,1.1607699999999999,TARGET,0.0004,1.474999999999671,1.349999999999671,0.5899999999998684
N3_ANCHOR_REVERSION,NEUTRAL,LONG,2021-10-26 13:35:00+00:00,2021-10-26 13:40:00+00:00,2021-10-26 13:40:00+00:00,2021-10-26 14:05:00+00:00,1.16087,1.1604700000000001,1.16147,1.16046,STOP,0.0004,-1.0250000000000536,-1.1500000000000536,-0.41000000000002146
N3_ANCHOR_REVERSION,NEUTRAL,LONG,2021-10-26 17:20:00+00:00,2021-10-26 17:25:00+00:00,2021-10-26 17:25:00+00:00,2021-10-26 18:20:00+00:00,1.15933,1.15893,1.15993,1.1599199999999998,TARGET,0.0004,1.474999999999671,1.349999999999671,0.5899999999998684
N3_ANCHOR_REVERSION,NEUTRAL,SHORT,2021-10-27 00:15:00+00:00,2021-10-27 00:20:00+00:00,2021-10-27 00:20:00+00:00,2021-10-27 00:30:00+00:00,1.1599199999999998,1.1603199999999998,1.15932,1.1603299999999999,STOP,0.0004,-1.0250000000000536,-1.1500000000000536,-0.41000000000002146
N3_ANCHOR_REVERSION,NEUTRAL,SHORT,2021-10-27 00:45:00+00:00,2021-10-27 00:50:00+00:00,2021-10-27 00:50:00+00:00,2021-10-27 01:00:00+00:00,1.16005,1.16045,1.15945,1.16046,STOP,0.0004,-1.0250000000000536,-1.1500000000000536,-0.41000000000002146
N3_ANCHOR_REVERSION,NEUTRAL,SHORT,2021-10-27 01:05:00+00:00,2021-10-27 01:10:00+00:00,2021-10-27 01:10:00+00:00,2021-10-27 05:55:00+00:00,1.16028,1.16068,1.15968,1.15969,TARGET,0.0004,1.474999999999671,1.349999999999671,0.5899999999998684
N3_ANCHOR_REVERSION,NEUTRAL,SHORT,2021-10-27 17:05:00+00:00,2021-10-27 17:10:00+00:00,2021-10-27 17:10:00+00:00,2021-10-27 17:10:00+00:00,1.1612099999999999,1.1616099999999998,1.16061,1.1616199999999999,STOP,0.0004,-1.0250000000000536,-1.1500000000000536,-0.41000000000002146
N3_ANCHOR_REVERSION,NEUTRAL,LONG,2021-10-28 00:40:00+00:00,2021-10-28 00:45:00+00:00,2021-10-28 00:45:00+00:00,2021-10-28 00:55:00+00:00,1.1594,1.159,1.16,1.15899,STOP,0.0004,-1.0250000000000536,-1.1500000000000536,-0.41000000000002146
N3_ANCHOR_REVERSION,NEUTRAL,LONG,2021-10-28 00:55:00+00:00,2021-10-28 01:00:00+00:00,2021-10-28 01:00:00+00:00,2021-10-28 01:10:00+00:00,1.15933,1.15893,1.15993,1.15892,STOP,0.0004,-1.0250000000000536,-1.1500000000000536,-0.41000000000002146
N3_ANCHOR_REVERSION,NEUTRAL,LONG,2021-10-28 01:10:00+00:00,2021-10-28 01:15:00+00:00,2021-10-28 01:15:00+00:00,2021-10-28 01:50:00+00:00,1.15928,1.1588800000000001,1.15988,1.15987,TARGET,0.0004,1.474999999999671,1.349999999999671,0.5899999999998684
N3_ANCHOR_REVERSION,NEUTRAL,LONG,2021-10-29 19:25:00+00:00,2021-10-29 19:30:00+00:00,2021-10-29 19:30:00+00:00,2021-10-29 20:00:00+00:00,1.15561,1.15521,1.15621,1.1562,TARGET,0.0004,1.474999999999671,1.349999999999671,0.5899999999998684
N3_ANCHOR_REVERSION,NEUTRAL,LONG,2021-11-01 00:55:00+00:00,2021-11-01 01:00:00+00:00,2021-11-01 01:00:00+00:00,2021-11-01 03:50:00+00:00,1.1555900000000001,1.1551900000000002,1.15619,1.15518,STOP,0.0004,-1.0250000000000536,-1.1500000000000536,-0.41000000000002146
N3_ANCHOR_REVERSION,NEUTRAL,SHORT,2021-11-01 05:45:00+00:00,2021-11-01 05:50:00+00:00,2021-11-01 05:50:00+00:00,2021-11-01 05:55:00+00:00,1.1559,1.1562999999999999,1.1553,1.15631,STOP,0.0004,-1.0250000000000536,-1.1500000000000536,-0.41000000000002146
N3_ANCHOR_REVERSION,NEUTRAL,SHORT,2021-11-01 18:20:00+00:00,2021-11-01 18:25:00+00:00,2021-11-01 18:25:00+00:00,2021-11-01 18:25:00+00:00,1.16007,1.16047,1.15947,1.16048,STOP,0.0004,-1.0250000000000536,-1.1500000000000536,-0.41000000000002146
N3_ANCHOR_REVERSION,NEUTRAL,SHORT,2021-11-01 19:10:00+00:00,2021-11-01 19:15:00+00:00,2021-11-01 19:15:00+00:00,2021-11-01 19:55:00+00:00,1.16022,1.16062,1.15962,1.16063,STOP,0.0004,-1.0250000000000536,-1.1500000000000536,-0.41000000000002146
N3_ANCHOR_REVERSION,NEUTRAL,LONG,2021-11-02 00:20:00+00:00,2021-11-02 00:25:00+00:00,2021-11-02 00:25:00+00:00,2021-11-02 04:30:00+00:00,1.15985,1.15945,1.16045,1.16044,TARGET,0.0004,1.474999999999671,1.349999999999671,0.5899999999998684
N3_ANCHOR_REVERSION,NEUTRAL,SHORT,2021-11-02 04:45:00+00:00,2021-11-02 04:50:00+00:00,2021-11-02 04:50:00+00:00,2021-11-02 07:15:00+00:00,1.1606299999999998,1.1610299999999998,1.16003,1.1610399999999998,STOP,0.0004,-1.0250000000000536,-1.1500000000000536,-0.41000000000002146
N3_ANCHOR_REVERSION,NEUTRAL,LONG,2021-11-02 20:40:00+00:00,2021-11-02 20:45:00+00:00,2021-11-02 20:45:00+00:00,2021-11-02 21:00:00+00:00,1.15802,1.15762,1.15862,1.15761,STOP,0.0004,-1.0250000000000536,-1.1500000000000536,-0.41000000000002146
N3_ANCHOR_REVERSION,NEUTRAL,LONG,2021-11-04 04:10:00+00:00,2021-11-04 04:15:00+00:00,2021-11-04 04:15:00+00:00,2021-11-04 04:55:00+00:00,1.1596600000000001,1.1592600000000002,1.16026,1.1592500000000001,STOP,0.0004,-1.0250000000000536,-1.1500000000000536,-0.41000000000002146
N3_ANCHOR_REVERSION,NEUTRAL,LONG,2021-11-04 05:20:00+00:00,2021-11-04 05:25:00+00:00,2021-11-04 05:25:00+00:00,2021-11-04 06:05:00+00:00,1.15883,1.15843,1.15943,1.15841,STOP,0.0004,-1.0500000000002174,-1.1750000000002174,-0.42000000000008697
N3_ANCHOR_REVERSION,NEUTRAL,LONG,2021-11-04 06:20:00+00:00,2021-11-04 06:25:00+00:00,2021-11-04 06:25:00+00:00,2021-11-04 06:45:00+00:00,1.1583700000000001,1.1579700000000002,1.15897,1.15796,STOP,0.0004,-1.0250000000000536,-1.1500000000000536,-0.41000000000002146
N3_ANCHOR_REVERSION,NEUTRAL,SHORT,2021-11-04 20:00:00+00:00,2021-11-04 20:05:00+00:00,2021-11-04 20:05:00+00:00,2021-11-04 23:20:00+00:00,1.15554,1.15594,1.15494,1.1549500000000001,TARGET,0.0004,1.474999999999671,1.349999999999671,0.5899999999998684
N3_ANCHOR_REVERSION,NEUTRAL,LONG,2021-11-05 03:20:00+00:00,2021-11-05 03:25:00+00:00,2021-11-05 03:25:00+00:00,2021-11-05 04:00:00+00:00,1.1544400000000001,1.1540400000000002,1.15504,1.15503,TARGET,0.0004,1.474999999999671,1.349999999999671,0.5899999999998684
N3_ANCHOR_REVERSION,NEUTRAL,SHORT,2021-11-05 20:00:00+00:00,2021-11-05 20:05:00+00:00,2021-11-05 20:05:00+00:00,2021-11-05 20:25:00+00:00,1.15665,1.15705,1.15605,1.15706,STOP,0.0004,-1.0250000000000536,-1.1500000000000536,-0.41000000000002146
N3_ANCHOR_REVERSION,NEUTRAL,SHORT,2021-11-05 20:45:00+00:00,2021-11-05 20:50:00+00:00,2021-11-05 20:50:00+00:00,2021-11-05 20:55:00+00:00,1.15668,1.1570799999999999,1.15608,1.15696,TIME_12H,0.0004,-0.700000000000145,-0.825000000000145,-0.280000000000058
N3_ANCHOR_REVERSION,NEUTRAL,LONG,2021-11-08 01:40:00+00:00,2021-11-08 01:45:00+00:00,2021-11-08 01:45:00+00:00,2021-11-08 01:50:00+00:00,1.15585,1.15545,1.15645,1.15544,STOP,0.0004,-1.0250000000000536,-1.1500000000000536,-0.41000000000002146
N3_ANCHOR_REVERSION,NEUTRAL,LONG,2021-11-08 02:15:00+00:00,2021-11-08 02:20:00+00:00,2021-11-08 02:20:00+00:00,2021-11-08 06:00:00+00:00,1.15574,1.15534,1.15634,1.1563299999999999,TARGET,0.0004,1.474999999999671,1.349999999999671,0.5899999999998684
N3_ANCHOR_REVERSION,NEUTRAL,SHORT,2021-11-08 06:20:00+00:00,2021-11-08 06:25:00+00:00,2021-11-08 06:25:00+00:00,2021-11-08 07:30:00+00:00,1.15658,1.15698,1.15598,1.15599,TARGET,0.0004,1.474999999999671,1.349999999999671,0.5899999999998684
N3_ANCHOR_REVERSION,NEUTRAL,LONG,2021-11-09 00:55:00+00:00,2021-11-09 01:00:00+00:00,2021-11-09 01:00:00+00:00,2021-11-09 01:50:00+00:00,1.15818,1.15778,1.15878,1.15777,STOP,0.0004,-1.0250000000000536,-1.1500000000000536,-0.41000000000002146
N3_ANCHOR_REVERSION,NEUTRAL,LONG,2021-11-09 01:55:00+00:00,2021-11-09 02:00:00+00:00,2021-11-09 02:00:00+00:00,2021-11-09 02:00:00+00:00,1.1581000000000001,1.1577000000000002,1.1587,1.15869,TARGET,0.0004,1.474999999999671,1.349999999999671,0.5899999999998684
N3_ANCHOR_REVERSION,NEUTRAL,SHORT,2021-11-09 04:55:00+00:00,2021-11-09 05:00:00+00:00,2021-11-09 05:00:00+00:00,2021-11-09 05:05:00+00:00,1.15967,1.16007,1.15907,1.16008,STOP,0.0004,-1.0250000000000536,-1.1500000000000536,-0.41000000000002146
N3_ANCHOR_REVERSION,NEUTRAL,SHORT,2021-11-09 05:35:00+00:00,2021-11-09 05:40:00+00:00,2021-11-09 05:40:00+00:00,2021-11-09 05:45:00+00:00,1.1602999999999999,1.1606999999999998,1.1597,1.16071,STOP,0.0004,-1.0250000000000536,-1.1500000000000536,-0.41000000000002146
N3_ANCHOR_REVERSION,NEUTRAL,LONG,2021-11-10 13:40:00+00:00,2021-11-10 13:45:00+00:00,2021-11-10 13:45:00+00:00,2021-11-10 13:45:00+00:00,1.15501,1.1546100000000001,1.15561,1.1546,STOP,0.0004,-1.0250000000000536,-1.1500000000000536,-0.41000000000002146
N3_ANCHOR_REVERSION,NEUTRAL,LONG,2021-11-10 18:20:00+00:00,2021-11-10 18:25:00+00:00,2021-11-10 18:25:00+00:00,2021-11-10 18:55:00+00:00,1.1489800000000001,1.1485800000000002,1.14958,1.14957,TARGET,0.0004,1.474999999999671,1.349999999999671,0.5899999999998684
N3_ANCHOR_REVERSION,NEUTRAL,LONG,2021-11-10 21:55:00+00:00,2021-11-10 22:00:00+00:00,2021-11-10 22:00:00+00:00,2021-11-10 22:00:00+00:00,1.14801,1.14761,1.14861,1.1476,STOP,0.0004,-1.0250000000000536,-1.1500000000000536,-0.41000000000002146
N3_ANCHOR_REVERSION,NEUTRAL,LONG,2021-11-10 22:15:00+00:00,2021-11-10 22:20:00+00:00,2021-11-10 22:20:00+00:00,2021-11-10 22:20:00+00:00,1.14825,1.14785,1.14885,1.14777,STOP,0.0004,-1.2000000000000899,-1.3250000000000899,-0.48000000000003595
N3_ANCHOR_REVERSION,NEUTRAL,LONG,2021-11-11 01:10:00+00:00,2021-11-11 01:15:00+00:00,2021-11-11 01:15:00+00:00,2021-11-11 01:30:00+00:00,1.14775,1.14735,1.14835,1.14834,TARGET,0.0004,1.474999999999671,1.349999999999671,0.5899999999998684
N3_ANCHOR_REVERSION,NEUTRAL,LONG,2021-11-11 02:50:00+00:00,2021-11-11 02:55:00+00:00,2021-11-11 02:55:00+00:00,2021-11-11 02:55:00+00:00,1.1472600000000002,1.1468600000000002,1.14786,1.1468500000000001,STOP,0.0004,-1.0250000000000536,-1.1500000000000536,-0.41000000000002146
N3_ANCHOR_REVERSION,NEUTRAL,LONG,2021-11-11 03:05:00+00:00,2021-11-11 03:10:00+00:00,2021-11-11 03:10:00+00:00,2021-11-11 03:20:00+00:00,1.14684,1.1464400000000001,1.14744,1.14743,TARGET,0.0004,1.474999999999671,1.349999999999671,0.5899999999998684
N3_ANCHOR_REVERSION,NEUTRAL,SHORT,2021-11-11 05:00:00+00:00,2021-11-11 05:05:00+00:00,2021-11-11 05:05:00+00:00,2021-11-11 06:25:00+00:00,1.1478899999999999,1.1482899999999998,1.14729,1.1482999999999999,STOP,0.0004,-1.0250000000000536,-1.1500000000000536,-0.41000000000002146
N3_ANCHOR_REVERSION,NEUTRAL,LONG,2021-11-19 12:00:00+00:00,2021-11-19 12:05:00+00:00,2021-11-19 12:05:00+00:00,2021-11-19 12:25:00+00:00,1.12941,1.12901,1.13001,1.129,STOP,0.0004,-1.0250000000000536,-1.1500000000000536,-0.41000000000002146
N3_ANCHOR_REVERSION,NEUTRAL,LONG,2021-11-19 17:45:00+00:00,2021-11-19 17:50:00+00:00,2021-11-19 17:50:00+00:00,2021-11-19 18:00:00+00:00,1.12985,1.12945,1.13045,1.12944,STOP,0.0004,-1.0250000000000536,-1.1500000000000536,-0.41000000000002146
N3_ANCHOR_REVERSION,NEUTRAL,LONG,2021-11-19 20:45:00+00:00,2021-11-19 20:50:00+00:00,2021-11-19 20:50:00+00:00,2021-11-19 20:55:00+00:00,1.1292,1.1288,1.1298,1.12879,STOP,0.0004,-1.0250000000000536,-1.1500000000000536,-0.41000000000002146
N3_ANCHOR_REVERSION,NEUTRAL,LONG,2021-11-21 23:45:00+00:00,2021-11-21 23:50:00+00:00,2021-11-21 23:50:00+00:00,2021-11-22 00:00:00+00:00,1.1275000000000002,1.1271000000000002,1.1281,1.12809,TARGET,0.0004,1.474999999999671,1.349999999999671,0.5899999999998684
N3_ANCHOR_REVERSION,NEUTRAL,LONG,2021-11-22 02:00:00+00:00,2021-11-22 02:05:00+00:00,2021-11-22 02:05:00+00:00,2021-11-22 02:10:00+00:00,1.12769,1.1272900000000001,1.12829,1.12728,STOP,0.0004,-1.0250000000000536,-1.1500000000000536,-0.41000000000002146
N3_ANCHOR_REVERSION,NEUTRAL,LONG,2021-11-22 02:55:00+00:00,2021-11-22 03:00:00+00:00,2021-11-22 03:00:00+00:00,2021-11-22 03:00:00+00:00,1.1272300000000002,1.1268300000000002,1.12783,1.1268200000000002,STOP,0.0004,-1.0250000000000536,-1.1500000000000536,-0.41000000000002146
N3_ANCHOR_REVERSION,NEUTRAL,LONG,2021-11-22 18:00:00+00:00,2021-11-22 18:05:00+00:00,2021-11-22 18:05:00+00:00,2021-11-22 18:05:00+00:00,1.12501,1.12461,1.12561,1.1246,STOP,0.0004,-1.0250000000000536,-1.1500000000000536,-0.41000000000002146
N3_ANCHOR_REVERSION,NEUTRAL,LONG,2021-11-22 20:05:00+00:00,2021-11-22 20:10:00+00:00,2021-11-22 20:10:00+00:00,2021-11-22 20:10:00+00:00,1.12369,1.1232900000000001,1.12429,1.12328,STOP,0.0004,-1.0250000000000536,-1.1500000000000536,-0.41000000000002146
N3_ANCHOR_REVERSION,NEUTRAL,SHORT,2021-11-23 00:00:00+00:00,2021-11-23 00:05:00+00:00,2021-11-23 00:05:00+00:00,2021-11-23 02:10:00+00:00,1.12412,1.12452,1.12352,1.1235300000000001,TARGET,0.0004,1.474999999999671,1.349999999999671,0.5899999999998684
N3_ANCHOR_REVERSION,NEUTRAL,SHORT,2021-11-26 13:00:00+00:00,2021-11-26 13:05:00+00:00,2021-11-26 13:05:00+00:00,2021-11-26 13:05:00+00:00,1.1285699999999999,1.1289699999999998,1.12797,1.1289799999999999,STOP,0.0004,-1.0250000000000536,-1.1500000000000536,-0.41000000000002146
N3_ANCHOR_REVERSION,NEUTRAL,SHORT,2021-11-26 13:20:00+00:00,2021-11-26 13:25:00+00:00,2021-11-26 13:25:00+00:00,2021-11-26 13:25:00+00:00,1.1287,1.1291,1.1281,1.1281100000000002,TARGET,0.0004,1.474999999999671,1.349999999999671,0.5899999999998684
N3_ANCHOR_REVERSION,NEUTRAL,SHORT,2021-11-26 19:25:00+00:00,2021-11-26 19:30:00+00:00,2021-11-26 19:30:00+00:00,2021-11-26 19:30:00+00:00,1.1312099999999998,1.1316099999999998,1.13061,1.1316199999999998,STOP,0.0004,-1.0250000000000536,-1.1500000000000536,-0.41000000000002146
N3_ANCHOR_REVERSION,NEUTRAL,SHORT,2021-11-26 19:55:00+00:00,2021-11-26 20:00:00+00:00,2021-11-26 20:00:00+00:00,2021-11-26 20:05:00+00:00,1.1314199999999999,1.1318199999999998,1.13082,1.13183,STOP,0.0004,-1.0250000000000536,-1.1500000000000536,-0.41000000000002146
N3_ANCHOR_REVERSION,NEUTRAL,LONG,2021-11-28 23:25:00+00:00,2021-11-28 23:30:00+00:00,2021-11-28 23:30:00+00:00,2021-11-29 00:20:00+00:00,1.1289900000000002,1.1285900000000002,1.12959,1.12958,TARGET,0.0004,1.474999999999671,1.349999999999671,0.5899999999998684
N3_ANCHOR_REVERSION,NEUTRAL,LONG,2021-11-29 01:25:00+00:00,2021-11-29 01:30:00+00:00,2021-11-29 01:30:00+00:00,2021-11-29 01:55:00+00:00,1.12883,1.12843,1.12943,1.12842,STOP,0.0004,-1.0250000000000536,-1.1500000000000536,-0.41000000000002146
N3_ANCHOR_REVERSION,NEUTRAL,LONG,2021-11-29 02:15:00+00:00,2021-11-29 02:20:00+00:00,2021-11-29 02:20:00+00:00,2021-11-29 02:25:00+00:00,1.12839,1.12799,1.12899,1.12798,STOP,0.0004,-1.0250000000000536,-1.1500000000000536,-0.41000000000002146
N3_ANCHOR_REVERSION,NEUTRAL,LONG,2021-11-29 04:35:00+00:00,2021-11-29 04:40:00+00:00,2021-11-29 04:40:00+00:00,2021-11-29 04:55:00+00:00,1.12779,1.1273900000000001,1.12839,1.12738,STOP,0.0004,-1.0250000000000536,-1.1500000000000536,-0.41000000000002146
N3_ANCHOR_REVERSION,NEUTRAL,LONG,2021-11-29 08:15:00+00:00,2021-11-29 08:20:00+00:00,2021-11-29 08:20:00+00:00,2021-11-29 08:40:00+00:00,1.12674,1.1263400000000001,1.12734,1.12733,TARGET,0.0004,1.474999999999671,1.349999999999671,0.5899999999998684
N3_ANCHOR_REVERSION,NEUTRAL,SHORT,2021-12-03 19:35:00+00:00,2021-12-03 19:40:00+00:00,2021-12-03 19:40:00+00:00,2021-12-03 20:05:00+00:00,1.1317599999999999,1.1321599999999998,1.13116,1.13117,TARGET,0.0004,1.474999999999671,1.349999999999671,0.5899999999998684
N3_ANCHOR_REVERSION,NEUTRAL,LONG,2021-12-05 23:15:00+00:00,2021-12-05 23:20:00+00:00,2021-12-05 23:20:00+00:00,2021-12-06 00:10:00+00:00,1.13043,1.13003,1.13103,1.13002,STOP,0.0004,-1.0250000000000536,-1.1500000000000536,-0.41000000000002146
N3_ANCHOR_REVERSION,NEUTRAL,LONG,2021-12-06 01:15:00+00:00,2021-12-06 01:20:00+00:00,2021-12-06 01:20:00+00:00,2021-12-06 05:05:00+00:00,1.12911,1.12871,1.12971,1.1287,STOP,0.0004,-1.0250000000000536,-1.1500000000000536,-0.41000000000002146
N3_ANCHOR_REVERSION,NEUTRAL,LONG,2021-12-06 05:15:00+00:00,2021-12-06 05:20:00+00:00,2021-12-06 05:20:00+00:00,2021-12-06 05:55:00+00:00,1.12887,1.12847,1.12947,1.12846,STOP,0.0004,-1.0250000000000536,-1.1500000000000536,-0.41000000000002146
N3_ANCHOR_REVERSION,NEUTRAL,LONG,2021-12-06 06:00:00+00:00,2021-12-06 06:05:00+00:00,2021-12-06 06:05:00+00:00,2021-12-06 07:00:00+00:00,1.1283400000000001,1.1279400000000002,1.12894,1.12793,STOP,0.0004,-1.0250000000000536,-1.1500000000000536,-0.41000000000002146
N3_ANCHOR_REVERSION,NEUTRAL,LONG,2021-12-07 01:20:00+00:00,2021-12-07 01:25:00+00:00,2021-12-07 01:25:00+00:00,2021-12-07 02:30:00+00:00,1.12799,1.12759,1.12859,1.12858,TARGET,0.0004,1.474999999999671,1.349999999999671,0.5899999999998684
N3_ANCHOR_REVERSION,NEUTRAL,LONG,2021-12-07 11:00:00+00:00,2021-12-07 11:05:00+00:00,2021-12-07 11:05:00+00:00,2021-12-07 11:10:00+00:00,1.1265200000000002,1.1261200000000002,1.1271200000000001,1.1261100000000002,STOP,0.0004,-1.0250000000000536,-1.1500000000000536,-0.41000000000002146
N3_ANCHOR_REVERSION,NEUTRAL,LONG,2021-12-07 11:55:00+00:00,2021-12-07 12:00:00+00:00,2021-12-07 12:00:00+00:00,2021-12-07 12:00:00+00:00,1.12583,1.1254300000000002,1.12643,1.12542,STOP,0.0004,-1.0250000000000536,-1.1500000000000536,-0.41000000000002146
N3_ANCHOR_REVERSION,NEUTRAL,LONG,2021-12-07 12:05:00+00:00,2021-12-07 12:10:00+00:00,2021-12-07 12:10:00+00:00,2021-12-07 12:10:00+00:00,1.12596,1.1255600000000001,1.12656,1.12555,STOP,0.0004,-1.0250000000000536,-1.1500000000000536,-0.41000000000002146
N3_ANCHOR_REVERSION,NEUTRAL,SHORT,2021-12-08 18:00:00+00:00,2021-12-08 18:05:00+00:00,2021-12-08 18:05:00+00:00,2021-12-08 19:10:00+00:00,1.13455,1.13495,1.13395,1.13496,STOP,0.0004,-1.0250000000000536,-1.1500000000000536,-0.41000000000002146
N3_ANCHOR_REVERSION,NEUTRAL,SHORT,2021-12-08 19:20:00+00:00,2021-12-08 19:25:00+00:00,2021-12-08 19:25:00+00:00,2021-12-08 19:35:00+00:00,1.1347099999999999,1.1351099999999998,1.13411,1.13512,STOP,0.0004,-1.0250000000000536,-1.1500000000000536,-0.41000000000002146
N3_ANCHOR_REVERSION,NEUTRAL,SHORT,2021-12-08 20:50:00+00:00,2021-12-08 20:55:00+00:00,2021-12-08 20:55:00+00:00,2021-12-08 21:20:00+00:00,1.13505,1.1354499999999998,1.13445,1.13446,TARGET,0.0004,1.474999999999671,1.349999999999671,0.5899999999998684
N3_ANCHOR_REVERSION,NEUTRAL,LONG,2021-12-09 03:30:00+00:00,2021-12-09 03:35:00+00:00,2021-12-09 03:35:00+00:00,2021-12-09 05:55:00+00:00,1.13313,1.13273,1.13373,1.13272,STOP,0.0004,-1.0250000000000536,-1.1500000000000536,-0.41000000000002146
N3_ANCHOR_REVERSION,NEUTRAL,LONG,2021-12-09 06:00:00+00:00,2021-12-09 06:05:00+00:00,2021-12-09 06:05:00+00:00,2021-12-09 06:55:00+00:00,1.13315,1.1327500000000001,1.13375,1.13274,STOP,0.0004,-1.0250000000000536,-1.1500000000000536,-0.41000000000002146
N3_ANCHOR_REVERSION,NEUTRAL,LONG,2021-12-09 16:00:00+00:00,2021-12-09 16:05:00+00:00,2021-12-09 16:05:00+00:00,2021-12-09 16:10:00+00:00,1.12869,1.12829,1.12929,1.1292799999999998,TARGET,0.0004,1.474999999999671,1.349999999999671,0.5899999999998684
N3_ANCHOR_REVERSION,NEUTRAL,SHORT,2021-12-09 20:55:00+00:00,2021-12-09 21:00:00+00:00,2021-12-09 21:00:00+00:00,2021-12-09 23:15:00+00:00,1.1294199999999999,1.1298199999999998,1.12882,1.12983,STOP,0.0004,-1.0250000000000536,-1.1500000000000536,-0.41000000000002146
N3_ANCHOR_REVERSION,NEUTRAL,SHORT,2021-12-10 03:00:00+00:00,2021-12-10 03:05:00+00:00,2021-12-10 03:05:00+00:00,2021-12-10 05:50:00+00:00,1.12992,1.13032,1.12932,1.13033,STOP,0.0004,-1.0250000000000536,-1.1500000000000536,-0.41000000000002146
N3_ANCHOR_REVERSION,NEUTRAL,SHORT,2021-12-10 21:00:00+00:00,2021-12-10 21:05:00+00:00,2021-12-10 21:05:00+00:00,2021-12-10 21:55:00+00:00,1.13167,1.13207,1.13107,1.13208,STOP,0.0004,-1.0250000000000536,-1.1500000000000536,-0.41000000000002146
N3_ANCHOR_REVERSION,NEUTRAL,SHORT,2021-12-12 23:40:00+00:00,2021-12-12 23:45:00+00:00,2021-12-12 23:45:00+00:00,2021-12-12 23:50:00+00:00,1.13167,1.13207,1.13107,1.13108,TARGET,0.0004,1.474999999999671,1.349999999999671,0.5899999999998684
N3_ANCHOR_REVERSION,NEUTRAL,LONG,2021-12-13 02:25:00+00:00,2021-12-13 02:30:00+00:00,2021-12-13 02:30:00+00:00,2021-12-13 02:35:00+00:00,1.1303100000000001,1.1299100000000002,1.13091,1.1299000000000001,STOP,0.0004,-1.0250000000000536,-1.1500000000000536,-0.41000000000002146
N3_ANCHOR_REVERSION,NEUTRAL,LONG,2021-12-13 04:05:00+00:00,2021-12-13 04:10:00+00:00,2021-12-13 04:10:00+00:00,2021-12-13 04:30:00+00:00,1.1299700000000001,1.1295700000000002,1.13057,1.1295600000000001,STOP,0.0004,-1.0250000000000536,-1.1500000000000536,-0.41000000000002146
N3_ANCHOR_REVERSION,NEUTRAL,LONG,2021-12-13 04:50:00+00:00,2021-12-13 04:55:00+00:00,2021-12-13 04:55:00+00:00,2021-12-13 06:20:00+00:00,1.12954,1.12914,1.13014,1.12913,STOP,0.0004,-1.0250000000000536,-1.1500000000000536,-0.41000000000002146
N3_ANCHOR_REVERSION,NEUTRAL,LONG,2021-12-13 09:00:00+00:00,2021-12-13 09:05:00+00:00,2021-12-13 09:05:00+00:00,2021-12-13 09:10:00+00:00,1.1275700000000002,1.1271700000000002,1.1281700000000001,1.1271600000000002,STOP,0.0004,-1.0250000000000536,-1.1500000000000536,-0.41000000000002146
N3_ANCHOR_REVERSION,NEUTRAL,SHORT,2021-12-14 11:00:00+00:00,2021-12-14 11:05:00+00:00,2021-12-14 11:05:00+00:00,2021-12-14 11:15:00+00:00,1.1313799999999998,1.1317799999999998,1.13078,1.1317899999999999,STOP,0.0004,-1.0250000000000536,-1.1500000000000536,-0.41000000000002146
N3_ANCHOR_REVERSION,NEUTRAL,SHORT,2021-12-14 11:30:00+00:00,2021-12-14 11:35:00+00:00,2021-12-14 11:35:00+00:00,2021-12-14 11:40:00+00:00,1.1317599999999999,1.1321599999999998,1.13116,1.13217,STOP,0.0004,-1.0250000000000536,-1.1500000000000536,-0.41000000000002146
N3_ANCHOR_REVERSION,NEUTRAL,SHORT,2021-12-14 11:45:00+00:00,2021-12-14 11:50:00+00:00,2021-12-14 11:50:00+00:00,2021-12-14 12:15:00+00:00,1.1321299999999999,1.1325299999999998,1.13153,1.13154,TARGET,0.0004,1.474999999999671,1.349999999999671,0.5899999999998684
N3_ANCHOR_REVERSION,NEUTRAL,SHORT,2021-12-14 12:45:00+00:00,2021-12-14 12:50:00+00:00,2021-12-14 12:50:00+00:00,2021-12-14 13:20:00+00:00,1.13146,1.1318599999999999,1.13086,1.13087,TARGET,0.0004,1.474999999999671,1.349999999999671,0.5899999999998684
N3_ANCHOR_REVERSION,NEUTRAL,SHORT,2021-12-15 00:55:00+00:00,2021-12-15 01:00:00+00:00,2021-12-15 01:00:00+00:00,2021-12-15 01:40:00+00:00,1.12649,1.12689,1.12589,1.1269,STOP,0.0004,-1.0250000000000536,-1.1500000000000536,-0.41000000000002146
N3_ANCHOR_REVERSION,NEUTRAL,SHORT,2021-12-15 01:55:00+00:00,2021-12-15 02:00:00+00:00,2021-12-15 02:00:00+00:00,2021-12-15 03:00:00+00:00,1.12678,1.1271799999999998,1.12618,1.12619,TARGET,0.0004,1.474999999999671,1.349999999999671,0.5899999999998684
N3_ANCHOR_REVERSION,NEUTRAL,LONG,2021-12-15 03:50:00+00:00,2021-12-15 03:55:00+00:00,2021-12-15 03:55:00+00:00,2021-12-15 05:05:00+00:00,1.12605,1.12565,1.12665,1.1266399999999999,TARGET,0.0004,1.474999999999671,1.349999999999671,0.5899999999998684
N3_ANCHOR_REVERSION,NEUTRAL,SHORT,2021-12-15 05:50:00+00:00,2021-12-15 05:55:00+00:00,2021-12-15 05:55:00+00:00,2021-12-15 06:50:00+00:00,1.12699,1.12739,1.12639,1.1274,STOP,0.0004,-1.0250000000000536,-1.1500000000000536,-0.41000000000002146
N3_ANCHOR_REVERSION,NEUTRAL,LONG,2021-12-16 00:25:00+00:00,2021-12-16 00:30:00+00:00,2021-12-16 00:30:00+00:00,2021-12-16 06:45:00+00:00,1.1285100000000001,1.1281100000000002,1.12911,1.1291,TARGET,0.0004,1.474999999999671,1.349999999999671,0.5899999999998684
N3_ANCHOR_REVERSION,NEUTRAL,SHORT,2021-12-16 07:20:00+00:00,2021-12-16 07:25:00+00:00,2021-12-16 07:25:00+00:00,2021-12-16 07:25:00+00:00,1.1297199999999998,1.1301199999999998,1.12912,1.1301299999999999,STOP,0.0004,-1.0250000000000536,-1.1500000000000536,-0.41000000000002146
N3_ANCHOR_REVERSION,NEUTRAL,SHORT,2021-12-16 07:30:00+00:00,2021-12-16 07:35:00+00:00,2021-12-16 07:35:00+00:00,2021-12-16 07:35:00+00:00,1.12997,1.1303699999999999,1.12937,1.13038,STOP,0.0004,-1.0250000000000536,-1.1500000000000536,-0.41000000000002146
N3_ANCHOR_REVERSION,NEUTRAL,SHORT,2021-12-16 07:55:00+00:00,2021-12-16 08:00:00+00:00,2021-12-16 08:00:00+00:00,2021-12-16 08:00:00+00:00,1.13051,1.1309099999999999,1.12991,1.13092,STOP,0.0004,-1.0250000000000536,-1.1500000000000536,-0.41000000000002146
N3_ANCHOR_REVERSION,NEUTRAL,LONG,2021-12-17 01:35:00+00:00,2021-12-17 01:40:00+00:00,2021-12-17 01:40:00+00:00,2021-12-17 04:00:00+00:00,1.1324100000000001,1.1320100000000002,1.13301,1.133,TARGET,0.0004,1.474999999999671,1.349999999999671,0.5899999999998684
N3_ANCHOR_REVERSION,NEUTRAL,LONG,2021-12-17 21:50:00+00:00,2021-12-17 21:55:00+00:00,2021-12-17 21:55:00+00:00,2021-12-17 21:55:00+00:00,1.12385,1.12345,1.12445,1.1236899999999999,TIME_12H,0.0004,-0.40000000000040004,-0.5250000000004,-0.16000000000016001
N3_ANCHOR_REVERSION,NEUTRAL,LONG,2021-12-19 23:00:00+00:00,2021-12-19 23:05:00+00:00,2021-12-19 23:05:00+00:00,2021-12-19 23:10:00+00:00,1.12405,1.12365,1.12465,1.12364,STOP,0.0004,-1.0250000000000536,-1.1500000000000536,-0.41000000000002146
N3_ANCHOR_REVERSION,NEUTRAL,LONG,2021-12-19 23:25:00+00:00,2021-12-19 23:30:00+00:00,2021-12-19 23:30:00+00:00,2021-12-20 00:10:00+00:00,1.12406,1.12366,1.12466,1.12465,TARGET,0.0004,1.474999999999671,1.349999999999671,0.5899999999998684
N3_ANCHOR_REVERSION,NEUTRAL,SHORT,2021-12-20 04:55:00+00:00,2021-12-20 05:00:00+00:00,2021-12-20 05:00:00+00:00,2021-12-20 05:55:00+00:00,1.1249099999999999,1.1253099999999998,1.12431,1.1253199999999999,STOP,0.0004,-1.0250000000000536,-1.1500000000000536,-0.41000000000002146
N3_ANCHOR_REVERSION,NEUTRAL,SHORT,2021-12-20 14:05:00+00:00,2021-12-20 14:10:00+00:00,2021-12-20 14:10:00+00:00,2021-12-20 14:15:00+00:00,1.1293,1.1297,1.1287,1.12971,STOP,0.0004,-1.0250000000000536,-1.1500000000000536,-0.41000000000002146
N3_ANCHOR_REVERSION,NEUTRAL,SHORT,2021-12-20 14:20:00+00:00,2021-12-20 14:25:00+00:00,2021-12-20 14:25:00+00:00,2021-12-20 14:25:00+00:00,1.12917,1.12957,1.12857,1.12958,STOP,0.0004,-1.0250000000000536,-1.1500000000000536,-0.41000000000002146
N3_ANCHOR_REVERSION,NEUTRAL,SHORT,2021-12-20 14:50:00+00:00,2021-12-20 14:55:00+00:00,2021-12-20 14:55:00+00:00,2021-12-20 15:05:00+00:00,1.12975,1.13015,1.12915,1.13016,STOP,0.0004,-1.0250000000000536,-1.1500000000000536,-0.41000000000002146
N3_ANCHOR_REVERSION,NEUTRAL,SHORT,2021-12-22 14:25:00+00:00,2021-12-22 14:30:00+00:00,2021-12-22 14:30:00+00:00,2021-12-22 14:40:00+00:00,1.1316899999999999,1.1320899999999998,1.13109,1.1311,TARGET,0.0004,1.474999999999671,1.349999999999671,0.5899999999998684
N3_ANCHOR_REVERSION,NEUTRAL,SHORT,2021-12-22 16:10:00+00:00,2021-12-22 16:15:00+00:00,2021-12-22 16:15:00+00:00,2021-12-22 16:15:00+00:00,1.13339,1.1337899999999999,1.13279,1.1338,STOP,0.0004,-1.0250000000000536,-1.1500000000000536,-0.41000000000002146
N3_ANCHOR_REVERSION,NEUTRAL,SHORT,2021-12-22 18:45:00+00:00,2021-12-22 18:50:00+00:00,2021-12-22 18:50:00+00:00,2021-12-22 19:55:00+00:00,1.13282,1.13322,1.13222,1.13323,STOP,0.0004,-1.0250000000000536,-1.1500000000000536,-0.41000000000002146
N3_ANCHOR_REVERSION,NEUTRAL,SHORT,2021-12-22 20:00:00+00:00,2021-12-22 20:05:00+00:00,2021-12-22 20:05:00+00:00,2021-12-22 20:45:00+00:00,1.1331499999999999,1.1335499999999998,1.13255,1.13356,STOP,0.0004,-1.0250000000000536,-1.1500000000000536,-0.41000000000002146
N3_ANCHOR_REVERSION,NEUTRAL,SHORT,2021-12-23 00:50:00+00:00,2021-12-23 00:55:00+00:00,2021-12-23 00:55:00+00:00,2021-12-23 01:10:00+00:00,1.1334899999999999,1.1338899999999998,1.13289,1.1339,STOP,0.0004,-1.0250000000000536,-1.1500000000000536,-0.41000000000002146
N3_ANCHOR_REVERSION,NEUTRAL,SHORT,2021-12-23 02:00:00+00:00,2021-12-23 02:05:00+00:00,2021-12-23 02:05:00+00:00,2021-12-23 07:25:00+00:00,1.13401,1.13441,1.13341,1.13342,TARGET,0.0004,1.474999999999671,1.349999999999671,0.5899999999998684
N3_ANCHOR_REVERSION,NEUTRAL,LONG,2021-12-23 14:10:00+00:00,2021-12-23 14:15:00+00:00,2021-12-23 14:15:00+00:00,2021-12-23 14:35:00+00:00,1.12959,1.1291900000000001,1.13019,1.13018,TARGET,0.0004,1.474999999999671,1.349999999999671,0.5899999999998684
N3_ANCHOR_REVERSION,NEUTRAL,LONG,2021-12-23 14:35:00+00:00,2021-12-23 14:40:00+00:00,2021-12-23 14:40:00+00:00,2021-12-23 14:55:00+00:00,1.13015,1.12975,1.13075,1.1307399999999999,TARGET,0.0004,1.474999999999671,1.349999999999671,0.5899999999998684
N3_ANCHOR_REVERSION,NEUTRAL,SHORT,2021-12-24 05:10:00+00:00,2021-12-24 05:15:00+00:00,2021-12-24 05:15:00+00:00,2021-12-24 08:25:00+00:00,1.13322,1.1336199999999999,1.13262,1.13363,STOP,0.0004,-1.0250000000000536,-1.1500000000000536,-0.41000000000002146
N3_ANCHOR_REVERSION,NEUTRAL,SHORT,2021-12-24 08:50:00+00:00,2021-12-24 08:55:00+00:00,2021-12-24 08:55:00+00:00,2021-12-24 09:15:00+00:00,1.13358,1.13398,1.13298,1.13399,STOP,0.0004,-1.0250000000000536,-1.1500000000000536,-0.41000000000002146
N3_ANCHOR_REVERSION,NEUTRAL,SHORT,2021-12-24 11:00:00+00:00,2021-12-24 11:05:00+00:00,2021-12-24 11:05:00+00:00,2021-12-24 11:50:00+00:00,1.13397,1.1343699999999999,1.13337,1.13338,TARGET,0.0004,1.474999999999671,1.349999999999671,0.5899999999998684
N3_ANCHOR_REVERSION,NEUTRAL,LONG,2021-12-24 12:00:00+00:00,2021-12-24 12:05:00+00:00,2021-12-24 12:05:00+00:00,2021-12-24 12:55:00+00:00,1.13286,1.13246,1.13346,1.13245,STOP,0.0004,-1.0250000000000536,-1.1500000000000536,-0.41000000000002146
N3_ANCHOR_REVERSION,NEUTRAL,LONG,2021-12-27 04:50:00+00:00,2021-12-27 04:55:00+00:00,2021-12-27 04:55:00+00:00,2021-12-27 05:40:00+00:00,1.13195,1.13155,1.13255,1.13154,STOP,0.0004,-1.0250000000000536,-1.1500000000000536,-0.41000000000002146
N3_ANCHOR_REVERSION,NEUTRAL,LONG,2021-12-27 05:45:00+00:00,2021-12-27 05:50:00+00:00,2021-12-27 05:50:00+00:00,2021-12-27 07:30:00+00:00,1.13164,1.13124,1.13224,1.1322299999999998,TARGET,0.0004,1.474999999999671,1.349999999999671,0.5899999999998684
N3_ANCHOR_REVERSION,NEUTRAL,LONG,2021-12-28 18:50:00+00:00,2021-12-28 18:55:00+00:00,2021-12-28 18:55:00+00:00,2021-12-28 19:05:00+00:00,1.13036,1.12996,1.13096,1.12995,STOP,0.0004,-1.0250000000000536,-1.1500000000000536,-0.41000000000002146
N3_ANCHOR_REVERSION,NEUTRAL,LONG,2021-12-29 01:45:00+00:00,2021-12-29 01:50:00+00:00,2021-12-29 01:50:00+00:00,2021-12-29 02:35:00+00:00,1.13002,1.12962,1.13062,1.13061,TARGET,0.0004,1.474999999999671,1.349999999999671,0.5899999999998684
N3_ANCHOR_REVERSION,NEUTRAL,LONG,2021-12-29 04:40:00+00:00,2021-12-29 04:45:00+00:00,2021-12-29 04:45:00+00:00,2021-12-29 06:50:00+00:00,1.13046,1.13006,1.13106,1.13005,STOP,0.0004,-1.0250000000000536,-1.1500000000000536,-0.41000000000002146
N3_ANCHOR_REVERSION,NEUTRAL,SHORT,2021-12-29 21:00:00+00:00,2021-12-29 21:05:00+00:00,2021-12-29 21:05:00+00:00,2021-12-29 22:00:00+00:00,1.1348099999999999,1.1352099999999998,1.13421,1.13522,STOP,0.0004,-1.0250000000000536,-1.1500000000000536,-0.41000000000002146
N3_ANCHOR_REVERSION,NEUTRAL,SHORT,2021-12-29 22:20:00+00:00,2021-12-29 22:25:00+00:00,2021-12-29 22:25:00+00:00,2021-12-29 23:00:00+00:00,1.13468,1.1350799999999999,1.13408,1.13509,STOP,0.0004,-1.0250000000000536,-1.1500000000000536,-0.41000000000002146
N3_ANCHOR_REVERSION,NEUTRAL,SHORT,2021-12-30 00:00:00+00:00,2021-12-30 00:05:00+00:00,2021-12-30 00:05:00+00:00,2021-12-30 01:20:00+00:00,1.13534,1.13574,1.13474,1.1347500000000001,TARGET,0.0004,1.474999999999671,1.349999999999671,0.5899999999998684
N3_ANCHOR_REVERSION,NEUTRAL,LONG,2021-12-30 01:35:00+00:00,2021-12-30 01:40:00+00:00,2021-12-30 01:40:00+00:00,2021-12-30 03:25:00+00:00,1.13464,1.1342400000000001,1.13524,1.13423,STOP,0.0004,-1.0250000000000536,-1.1500000000000536,-0.41000000000002146
N3_ANCHOR_REVERSION,NEUTRAL,LONG,2021-12-30 05:10:00+00:00,2021-12-30 05:15:00+00:00,2021-12-30 05:15:00+00:00,2021-12-30 05:35:00+00:00,1.13314,1.13274,1.13374,1.13273,STOP,0.0004,-1.0250000000000536,-1.1500000000000536,-0.41000000000002146
N3_ANCHOR_REVERSION,NEUTRAL,LONG,2021-12-30 05:40:00+00:00,2021-12-30 05:45:00+00:00,2021-12-30 05:45:00+00:00,2021-12-30 06:15:00+00:00,1.1327200000000002,1.1323200000000002,1.13332,1.1323100000000001,STOP,0.0004,-1.0250000000000536,-1.1500000000000536,-0.41000000000002146
N3_ANCHOR_REVERSION,NEUTRAL,SHORT,2021-12-31 19:45:00+00:00,2021-12-31 19:50:00+00:00,2021-12-31 19:50:00+00:00,2021-12-31 19:50:00+00:00,1.13798,1.13838,1.13738,1.13839,STOP,0.0004,-1.0250000000000536,-1.1500000000000536,-0.41000000000002146
N3_ANCHOR_REVERSION,NEUTRAL,SHORT,2021-12-31 19:55:00+00:00,2021-12-31 20:00:00+00:00,2021-12-31 20:00:00+00:00,2021-12-31 21:55:00+00:00,1.13822,1.13862,1.13762,1.1376300000000001,TARGET,0.0004,1.474999999999671,1.349999999999671,0.5899999999998684
N3_ANCHOR_REVERSION,NEUTRAL,LONG,2022-01-03 00:50:00+00:00,2022-01-03 00:55:00+00:00,2022-01-03 00:55:00+00:00,2022-01-03 01:15:00+00:00,1.1364100000000001,1.1360100000000002,1.13701,1.1360000000000001,STOP,0.0004,-1.0250000000000536,-1.1500000000000536,-0.41000000000002146
N3_ANCHOR_REVERSION,NEUTRAL,LONG,2022-01-03 01:15:00+00:00,2022-01-03 01:20:00+00:00,2022-01-03 01:20:00+00:00,2022-01-03 01:30:00+00:00,1.13652,1.13612,1.13712,1.13611,STOP,0.0004,-1.0250000000000536,-1.1500000000000536,-0.41000000000002146
N3_ANCHOR_REVERSION,NEUTRAL,LONG,2022-01-03 01:50:00+00:00,2022-01-03 01:55:00+00:00,2022-01-03 01:55:00+00:00,2022-01-03 02:05:00+00:00,1.13591,1.13551,1.13651,1.1355,STOP,0.0004,-1.0250000000000536,-1.1500000000000536,-0.41000000000002146
N3_ANCHOR_REVERSION,NEUTRAL,SHORT,2022-01-04 00:20:00+00:00,2022-01-04 00:25:00+00:00,2022-01-04 00:25:00+00:00,2022-01-04 02:35:00+00:00,1.1305699999999999,1.1309699999999998,1.12997,1.1309799999999999,STOP,0.0004,-1.0250000000000536,-1.1500000000000536,-0.41000000000002146
N3_ANCHOR_REVERSION,NEUTRAL,SHORT,2022-01-04 02:50:00+00:00,2022-01-04 02:55:00+00:00,2022-01-04 02:55:00+00:00,2022-01-04 02:55:00+00:00,1.13075,1.1311499999999999,1.13015,1.13016,TARGET,0.0004,1.474999999999671,1.349999999999671,0.5899999999998684
N3_ANCHOR_REVERSION,NEUTRAL,LONG,2022-01-05 19:15:00+00:00,2022-01-05 19:20:00+00:00,2022-01-05 19:20:00+00:00,2022-01-05 19:20:00+00:00,1.13198,1.13158,1.13258,1.13157,STOP,0.0004,-1.0250000000000536,-1.1500000000000536,-0.41000000000002146
N3_ANCHOR_REVERSION,NEUTRAL,LONG,2022-01-05 19:25:00+00:00,2022-01-05 19:30:00+00:00,2022-01-05 19:30:00+00:00,2022-01-05 19:30:00+00:00,1.13205,1.13165,1.13265,1.13164,STOP,0.0004,-1.0250000000000536,-1.1500000000000536,-0.41000000000002146
N3_ANCHOR_REVERSION,NEUTRAL,LONG,2022-01-05 19:35:00+00:00,2022-01-05 19:40:00+00:00,2022-01-05 19:40:00+00:00,2022-01-05 19:55:00+00:00,1.13145,1.13105,1.13205,1.13104,STOP,0.0004,-1.0250000000000536,-1.1500000000000536,-0.41000000000002146
N3_ANCHOR_REVERSION,NEUTRAL,LONG,2022-01-05 23:10:00+00:00,2022-01-05 23:15:00+00:00,2022-01-05 23:15:00+00:00,2022-01-06 01:05:00+00:00,1.13107,1.13067,1.13167,1.13066,STOP,0.0004,-1.0250000000000536,-1.1500000000000536,-0.41000000000002146
N3_ANCHOR_REVERSION,NEUTRAL,SHORT,2022-01-06 03:00:00+00:00,2022-01-06 03:05:00+00:00,2022-01-06 03:05:00+00:00,2022-01-06 03:40:00+00:00,1.13164,1.13204,1.13104,1.13105,TARGET,0.0004,1.474999999999671,1.349999999999671,0.5899999999998684
N3_ANCHOR_REVERSION,NEUTRAL,SHORT,2022-01-07 20:30:00+00:00,2022-01-07 20:35:00+00:00,2022-01-07 20:35:00+00:00,2022-01-07 21:55:00+00:00,1.1359299999999999,1.1363299999999998,1.13533,1.13634,STOP,0.0004,-1.0250000000000536,-1.1500000000000536,-0.41000000000002146
N3_ANCHOR_REVERSION,NEUTRAL,LONG,2022-01-09 23:15:00+00:00,2022-01-09 23:20:00+00:00,2022-01-09 23:20:00+00:00,2022-01-09 23:25:00+00:00,1.13542,1.1350200000000001,1.13602,1.13501,STOP,0.0004,-1.0250000000000536,-1.1500000000000536,-0.41000000000002146
N3_ANCHOR_REVERSION,NEUTRAL,LONG,2022-01-10 05:50:00+00:00,2022-01-10 05:55:00+00:00,2022-01-10 05:55:00+00:00,2022-01-10 06:05:00+00:00,1.13355,1.13315,1.13415,1.13314,STOP,0.0004,-1.0250000000000536,-1.1500000000000536,-0.41000000000002146
N3_ANCHOR_REVERSION,NEUTRAL,SHORT,2022-01-10 18:00:00+00:00,2022-01-10 18:05:00+00:00,2022-01-10 18:05:00+00:00,2022-01-10 18:55:00+00:00,1.13278,1.1331799999999999,1.13218,1.13219,TARGET,0.0004,1.474999999999671,1.349999999999671,0.5899999999998684
N3_ANCHOR_REVERSION,NEUTRAL,SHORT,2022-01-10 20:30:00+00:00,2022-01-10 20:35:00+00:00,2022-01-10 20:35:00+00:00,2022-01-10 22:05:00+00:00,1.13273,1.13313,1.13213,1.13314,STOP,0.0004,-1.0250000000000536,-1.1500000000000536,-0.41000000000002146
N3_ANCHOR_REVERSION,NEUTRAL,SHORT,2022-01-11 00:30:00+00:00,2022-01-11 00:35:00+00:00,2022-01-11 00:35:00+00:00,2022-01-11 01:20:00+00:00,1.13322,1.1336199999999999,1.13262,1.13363,STOP,0.0004,-1.0250000000000536,-1.1500000000000536,-0.41000000000002146
N3_ANCHOR_REVERSION,NEUTRAL,SHORT,2022-01-11 01:45:00+00:00,2022-01-11 01:50:00+00:00,2022-01-11 01:50:00+00:00,2022-01-11 02:15:00+00:00,1.13374,1.13414,1.13314,1.13415,STOP,0.0004,-1.0250000000000536,-1.1500000000000536,-0.41000000000002146
N3_ANCHOR_REVERSION,NEUTRAL,SHORT,2022-01-11 02:35:00+00:00,2022-01-11 02:40:00+00:00,2022-01-11 02:40:00+00:00,2022-01-11 05:50:00+00:00,1.13407,1.1344699999999999,1.13347,1.13448,STOP,0.0004,-1.0250000000000536,-1.1500000000000536,-0.41000000000002146
N3_ANCHOR_REVERSION,NEUTRAL,LONG,2022-01-11 06:50:00+00:00,2022-01-11 06:55:00+00:00,2022-01-11 06:55:00+00:00,2022-01-11 07:10:00+00:00,1.1335700000000002,1.1331700000000002,1.1341700000000001,1.13416,TARGET,0.0004,1.474999999999671,1.349999999999671,0.5899999999998684
N3_ANCHOR_REVERSION,NEUTRAL,SHORT,2022-01-12 00:05:00+00:00,2022-01-12 00:10:00+00:00,2022-01-12 00:10:00+00:00,2022-01-12 02:10:00+00:00,1.1370099999999999,1.1374099999999998,1.13641,1.1374199999999999,STOP,0.0004,-1.0250000000000536,-1.1500000000000536,-0.41000000000002146
N3_ANCHOR_REVERSION,NEUTRAL,SHORT,2022-01-12 03:05:00+00:00,2022-01-12 03:10:00+00:00,2022-01-12 03:10:00+00:00,2022-01-12 05:35:00+00:00,1.1373,1.1377,1.1367,1.13771,STOP,0.0004,-1.0250000000000536,-1.1500000000000536,-0.41000000000002146
N3_ANCHOR_REVERSION,NEUTRAL,SHORT,2022-01-12 05:40:00+00:00,2022-01-12 05:45:00+00:00,2022-01-12 05:45:00+00:00,2022-01-12 06:55:00+00:00,1.1375199999999999,1.1379199999999998,1.13692,1.13693,TARGET,0.0004,1.474999999999671,1.349999999999671,0.5899999999998684
N3_ANCHOR_REVERSION,NEUTRAL,LONG,2022-01-13 15:35:00+00:00,2022-01-13 15:40:00+00:00,2022-01-13 15:40:00+00:00,2022-01-13 15:50:00+00:00,1.14538,1.14498,1.14598,1.14497,STOP,0.0004,-1.0250000000000536,-1.1500000000000536,-0.41000000000002146
N3_ANCHOR_REVERSION,NEUTRAL,LONG,2022-01-16 23:10:00+00:00,2022-01-16 23:15:00+00:00,2022-01-16 23:15:00+00:00,2022-01-17 00:00:00+00:00,1.1408900000000002,1.1404900000000002,1.1414900000000001,1.1404800000000002,STOP,0.0004,-1.0250000000000536,-1.1500000000000536,-0.41000000000002146
N3_ANCHOR_REVERSION,NEUTRAL,SHORT,2022-01-17 02:55:00+00:00,2022-01-17 03:00:00+00:00,2022-01-17 03:00:00+00:00,2022-01-17 03:45:00+00:00,1.14157,1.14197,1.14097,1.14198,STOP,0.0004,-1.0250000000000536,-1.1500000000000536,-0.41000000000002146
N3_ANCHOR_REVERSION,NEUTRAL,SHORT,2022-01-17 04:25:00+00:00,2022-01-17 04:30:00+00:00,2022-01-17 04:30:00+00:00,2022-01-17 04:35:00+00:00,1.1416199999999999,1.1420199999999998,1.14102,1.1420299999999999,STOP,0.0004,-1.0250000000000536,-1.1500000000000536,-0.41000000000002146
N3_ANCHOR_REVERSION,NEUTRAL,SHORT,2022-01-17 04:50:00+00:00,2022-01-17 04:55:00+00:00,2022-01-17 04:55:00+00:00,2022-01-17 05:55:00+00:00,1.1419,1.1422999999999999,1.1413,1.14231,STOP,0.0004,-1.0250000000000536,-1.1500000000000536,-0.41000000000002146
N3_ANCHOR_REVERSION,NEUTRAL,SHORT,2022-01-17 05:55:00+00:00,2022-01-17 06:00:00+00:00,2022-01-17 06:00:00+00:00,2022-01-17 06:50:00+00:00,1.1418899999999998,1.1422899999999998,1.14129,1.1413,TARGET,0.0004,1.474999999999671,1.349999999999671,0.5899999999998684
N3_ANCHOR_REVERSION,NEUTRAL,SHORT,2022-01-18 00:25:00+00:00,2022-01-18 00:30:00+00:00,2022-01-18 00:30:00+00:00,2022-01-18 00:45:00+00:00,1.1412,1.1416,1.1406,1.14161,STOP,0.0004,-1.0250000000000536,-1.1500000000000536,-0.41000000000002146
N3_ANCHOR_REVERSION,NEUTRAL,SHORT,2022-01-18 01:00:00+00:00,2022-01-18 01:05:00+00:00,2022-01-18 01:05:00+00:00,2022-01-18 01:20:00+00:00,1.14164,1.14204,1.14104,1.14205,STOP,0.0004,-1.0250000000000536,-1.1500000000000536,-0.41000000000002146
N3_ANCHOR_REVERSION,NEUTRAL,SHORT,2022-01-18 01:20:00+00:00,2022-01-18 01:25:00+00:00,2022-01-18 01:25:00+00:00,2022-01-18 03:10:00+00:00,1.1417899999999999,1.1421899999999998,1.14119,1.1421999999999999,STOP,0.0004,-1.0250000000000536,-1.1500000000000536,-0.41000000000002146
N3_ANCHOR_REVERSION,NEUTRAL,LONG,2022-01-18 13:20:00+00:00,2022-01-18 13:25:00+00:00,2022-01-18 13:25:00+00:00,2022-01-18 13:25:00+00:00,1.1370600000000002,1.1366600000000002,1.1376600000000001,1.1366500000000002,STOP,0.0004,-1.0250000000000536,-1.1500000000000536,-0.41000000000002146
N3_ANCHOR_REVERSION,NEUTRAL,SHORT,2022-01-21 06:30:00+00:00,2022-01-21 06:35:00+00:00,2022-01-21 06:35:00+00:00,2022-01-21 06:45:00+00:00,1.13262,1.13302,1.13202,1.13303,STOP,0.0004,-1.0250000000000536,-1.1500000000000536,-0.41000000000002146
N3_ANCHOR_REVERSION,NEUTRAL,SHORT,2022-01-21 06:55:00+00:00,2022-01-21 07:00:00+00:00,2022-01-21 07:00:00+00:00,2022-01-21 07:10:00+00:00,1.13289,1.13329,1.13229,1.1333,STOP,0.0004,-1.0250000000000536,-1.1500000000000536,-0.41000000000002146
N3_ANCHOR_REVERSION,NEUTRAL,SHORT,2022-01-21 07:15:00+00:00,2022-01-21 07:20:00+00:00,2022-01-21 07:20:00+00:00,2022-01-21 07:25:00+00:00,1.13319,1.1335899999999999,1.13259,1.1336,STOP,0.0004,-1.0250000000000536,-1.1500000000000536,-0.41000000000002146
N3_ANCHOR_REVERSION,NEUTRAL,SHORT,2022-01-21 07:35:00+00:00,2022-01-21 07:40:00+00:00,2022-01-21 07:40:00+00:00,2022-01-21 07:50:00+00:00,1.13319,1.1335899999999999,1.13259,1.1326,TARGET,0.0004,1.474999999999671,1.349999999999671,0.5899999999998684
N3_ANCHOR_REVERSION,NEUTRAL,LONG,2022-01-24 06:00:00+00:00,2022-01-24 06:05:00+00:00,2022-01-24 06:05:00+00:00,2022-01-24 06:05:00+00:00,1.1322100000000002,1.1318100000000002,1.13281,1.1318000000000001,STOP,0.0004,-1.0250000000000536,-1.1500000000000536,-0.41000000000002146
N3_ANCHOR_REVERSION,NEUTRAL,LONG,2022-01-24 06:15:00+00:00,2022-01-24 06:20:00+00:00,2022-01-24 06:20:00+00:00,2022-01-24 06:25:00+00:00,1.1318700000000002,1.1314700000000002,1.13247,1.1314600000000001,STOP,0.0004,-1.0250000000000536,-1.1500000000000536,-0.41000000000002146
N3_ANCHOR_REVERSION,NEUTRAL,LONG,2022-01-24 06:30:00+00:00,2022-01-24 06:35:00+00:00,2022-01-24 06:35:00+00:00,2022-01-24 07:25:00+00:00,1.13188,1.13148,1.13248,1.1324699999999999,TARGET,0.0004,1.474999999999671,1.349999999999671,0.5899999999998684
N3_ANCHOR_REVERSION,NEUTRAL,LONG,2022-01-24 13:05:00+00:00,2022-01-24 13:10:00+00:00,2022-01-24 13:10:00+00:00,2022-01-24 13:45:00+00:00,1.13015,1.12975,1.13075,1.12974,STOP,0.0004,-1.0250000000000536,-1.1500000000000536,-0.41000000000002146
N3_ANCHOR_REVERSION,NEUTRAL,LONG,2022-01-25 11:40:00+00:00,2022-01-25 11:45:00+00:00,2022-01-25 11:45:00+00:00,2022-01-25 11:45:00+00:00,1.12769,1.1272900000000001,1.12829,1.12728,STOP,0.0004,-1.0250000000000536,-1.1500000000000536,-0.41000000000002146
N3_ANCHOR_REVERSION,NEUTRAL,LONG,2022-01-25 13:00:00+00:00,2022-01-25 13:05:00+00:00,2022-01-25 13:05:00+00:00,2022-01-25 13:10:00+00:00,1.1271900000000001,1.1267900000000002,1.12779,1.1267800000000001,STOP,0.0004,-1.0250000000000536,-1.1500000000000536,-0.41000000000002146
N3_ANCHOR_REVERSION,NEUTRAL,LONG,2022-01-25 13:20:00+00:00,2022-01-25 13:25:00+00:00,2022-01-25 13:25:00+00:00,2022-01-25 13:50:00+00:00,1.12752,1.1271200000000001,1.12812,1.12711,STOP,0.0004,-1.0250000000000536,-1.1500000000000536,-0.41000000000002146
N3_ANCHOR_REVERSION,NEUTRAL,SHORT,2022-01-25 18:00:00+00:00,2022-01-25 18:05:00+00:00,2022-01-25 18:05:00+00:00,2022-01-25 18:05:00+00:00,1.12865,1.1290499999999999,1.12805,1.12906,STOP,0.0004,-1.0250000000000536,-1.1500000000000536,-0.41000000000002146
N3_ANCHOR_REVERSION,NEUTRAL,SHORT,2022-01-25 23:55:00+00:00,2022-01-26 00:00:00+00:00,2022-01-26 00:00:00+00:00,2022-01-26 02:00:00+00:00,1.1302699999999999,1.1306699999999998,1.12967,1.13068,STOP,0.0004,-1.0250000000000536,-1.1500000000000536,-0.41000000000002146
N3_ANCHOR_REVERSION,NEUTRAL,LONG,2022-01-26 07:00:00+00:00,2022-01-26 07:05:00+00:00,2022-01-26 07:05:00+00:00,2022-01-26 07:25:00+00:00,1.12954,1.12914,1.13014,1.12913,STOP,0.0004,-1.0250000000000536,-1.1500000000000536,-0.41000000000002146
N3_ANCHOR_REVERSION,NEUTRAL,LONG,2022-01-26 07:30:00+00:00,2022-01-26 07:35:00+00:00,2022-01-26 07:35:00+00:00,2022-01-26 08:00:00+00:00,1.12924,1.12884,1.12984,1.12883,STOP,0.0004,-1.0250000000000536,-1.1500000000000536,-0.41000000000002146
N3_ANCHOR_REVERSION,NEUTRAL,LONG,2022-01-26 11:10:00+00:00,2022-01-26 11:15:00+00:00,2022-01-26 11:15:00+00:00,2022-01-26 11:35:00+00:00,1.1281700000000001,1.1277700000000002,1.12877,1.12776,STOP,0.0004,-1.0250000000000536,-1.1500000000000536,-0.41000000000002146
N3_ANCHOR_REVERSION,NEUTRAL,LONG,2022-01-28 00:20:00+00:00,2022-01-28 00:25:00+00:00,2022-01-28 00:25:00+00:00,2022-01-28 00:55:00+00:00,1.1141,1.1137000000000001,1.1147,1.11469,TARGET,0.0004,1.474999999999671,1.349999999999671,0.5899999999998684
N3_ANCHOR_REVERSION,NEUTRAL,LONG,2022-01-28 20:00:00+00:00,2022-01-28 20:05:00+00:00,2022-01-28 20:05:00+00:00,2022-01-28 20:20:00+00:00,1.11457,1.11417,1.11517,1.11416,STOP,0.0004,-1.0250000000000536,-1.1500000000000536,-0.41000000000002146
N3_ANCHOR_REVERSION,NEUTRAL,SHORT,2022-01-31 19:50:00+00:00,2022-01-31 19:55:00+00:00,2022-01-31 19:55:00+00:00,2022-01-31 19:55:00+00:00,1.12405,1.12445,1.12345,1.12446,STOP,0.0004,-1.0250000000000536,-1.1500000000000536,-0.41000000000002146
N3_ANCHOR_REVERSION,NEUTRAL,SHORT,2022-01-31 20:35:00+00:00,2022-01-31 20:40:00+00:00,2022-01-31 20:40:00+00:00,2022-01-31 20:55:00+00:00,1.12401,1.12441,1.12341,1.12342,TARGET,0.0004,1.474999999999671,1.349999999999671,0.5899999999998684
N3_ANCHOR_REVERSION,NEUTRAL,LONG,2022-02-01 00:55:00+00:00,2022-02-01 01:00:00+00:00,2022-02-01 01:00:00+00:00,2022-02-01 02:35:00+00:00,1.12246,1.12206,1.12306,1.1230499999999999,TARGET,0.0004,1.474999999999671,1.349999999999671,0.5899999999998684
N3_ANCHOR_REVERSION,NEUTRAL,SHORT,2022-02-01 03:25:00+00:00,2022-02-01 03:30:00+00:00,2022-02-01 03:30:00+00:00,2022-02-01 04:00:00+00:00,1.12313,1.12353,1.12253,1.12354,STOP,0.0004,-1.0250000000000536,-1.1500000000000536,-0.41000000000002146
N3_ANCHOR_REVERSION,NEUTRAL,SHORT,2022-02-01 05:55:00+00:00,2022-02-01 06:00:00+00:00,2022-02-01 06:00:00+00:00,2022-02-01 07:10:00+00:00,1.1239999999999999,1.1243999999999998,1.1234,1.12441,STOP,0.0004,-1.0250000000000536,-1.1500000000000536,-0.41000000000002146
N3_ANCHOR_REVERSION,NEUTRAL,SHORT,2022-02-01 12:20:00+00:00,2022-02-01 12:25:00+00:00,2022-02-01 12:25:00+00:00,2022-02-01 12:45:00+00:00,1.1269799999999999,1.1273799999999998,1.12638,1.12639,TARGET,0.0004,1.474999999999671,1.349999999999671,0.5899999999998684
N3_ANCHOR_REVERSION,NEUTRAL,SHORT,2022-02-03 19:20:00+00:00,2022-02-03 19:25:00+00:00,2022-02-03 19:25:00+00:00,2022-02-03 19:40:00+00:00,1.14401,1.14441,1.14341,1.14342,TARGET,0.0004,1.474999999999671,1.349999999999671,0.5899999999998684
N3_ANCHOR_REVERSION,NEUTRAL,SHORT,2022-02-04 01:10:00+00:00,2022-02-04 01:15:00+00:00,2022-02-04 01:15:00+00:00,2022-02-04 01:30:00+00:00,1.14483,1.14523,1.14423,1.14524,STOP,0.0004,-1.0250000000000536,-1.1500000000000536,-0.41000000000002146
N3_ANCHOR_REVERSION,NEUTRAL,SHORT,2022-02-04 01:35:00+00:00,2022-02-04 01:40:00+00:00,2022-02-04 01:40:00+00:00,2022-02-04 01:50:00+00:00,1.14483,1.14523,1.14423,1.14524,STOP,0.0004,-1.0250000000000536,-1.1500000000000536,-0.41000000000002146
N3_ANCHOR_REVERSION,NEUTRAL,SHORT,2022-02-04 02:15:00+00:00,2022-02-04 02:20:00+00:00,2022-02-04 02:20:00+00:00,2022-02-04 02:40:00+00:00,1.1453,1.1457,1.1447,1.14571,STOP,0.0004,-1.0250000000000536,-1.1500000000000536,-0.41000000000002146
N3_ANCHOR_REVERSION,NEUTRAL,SHORT,2022-02-04 03:05:00+00:00,2022-02-04 03:10:00+00:00,2022-02-04 03:10:00+00:00,2022-02-04 03:20:00+00:00,1.14621,1.14661,1.14561,1.14662,STOP,0.0004,-1.0250000000000536,-1.1500000000000536,-0.41000000000002146
N3_ANCHOR_REVERSION,NEUTRAL,LONG,2022-02-07 01:10:00+00:00,2022-02-07 01:15:00+00:00,2022-02-07 01:15:00+00:00,2022-02-07 01:40:00+00:00,1.1446,1.1442,1.1452,1.14419,STOP,0.0004,-1.0250000000000536,-1.1500000000000536,-0.41000000000002146
N3_ANCHOR_REVERSION,NEUTRAL,LONG,2022-02-07 03:10:00+00:00,2022-02-07 03:15:00+00:00,2022-02-07 03:15:00+00:00,2022-02-07 04:00:00+00:00,1.14287,1.14247,1.14347,1.14346,TARGET,0.0004,1.474999999999671,1.349999999999671,0.5899999999998684
N3_ANCHOR_REVERSION,NEUTRAL,SHORT,2022-02-09 17:40:00+00:00,2022-02-09 17:45:00+00:00,2022-02-09 17:45:00+00:00,2022-02-09 18:10:00+00:00,1.14415,1.14455,1.14355,1.1435600000000001,TARGET,0.0004,1.474999999999671,1.349999999999671,0.5899999999998684
N3_ANCHOR_REVERSION,NEUTRAL,LONG,2022-02-10 23:05:00+00:00,2022-02-10 23:10:00+00:00,2022-02-10 23:10:00+00:00,2022-02-10 23:25:00+00:00,1.1414600000000001,1.1410600000000002,1.14206,1.1410500000000001,STOP,0.0004,-1.0250000000000536,-1.1500000000000536,-0.41000000000002146
N3_ANCHOR_REVERSION,NEUTRAL,LONG,2022-02-10 23:35:00+00:00,2022-02-10 23:40:00+00:00,2022-02-10 23:40:00+00:00,2022-02-11 00:00:00+00:00,1.1414300000000002,1.1410300000000002,1.14203,1.1410200000000001,STOP,0.0004,-1.0250000000000536,-1.1500000000000536,-0.41000000000002146
N3_ANCHOR_REVERSION,NEUTRAL,LONG,2022-02-11 00:10:00+00:00,2022-02-11 00:15:00+00:00,2022-02-11 00:15:00+00:00,2022-02-11 00:15:00+00:00,1.14094,1.14054,1.14154,1.14053,STOP,0.0004,-1.0250000000000536,-1.1500000000000536,-0.41000000000002146
N3_ANCHOR_REVERSION,NEUTRAL,LONG,2022-02-11 00:45:00+00:00,2022-02-11 00:50:00+00:00,2022-02-11 00:50:00+00:00,2022-02-11 01:05:00+00:00,1.13952,1.1391200000000001,1.14012,1.14011,TARGET,0.0004,1.474999999999671,1.349999999999671,0.5899999999998684
N3_ANCHOR_REVERSION,NEUTRAL,LONG,2022-02-11 04:05:00+00:00,2022-02-11 04:10:00+00:00,2022-02-11 04:10:00+00:00,2022-02-11 04:10:00+00:00,1.13914,1.13874,1.13974,1.13873,STOP,0.0004,-1.0250000000000536,-1.1500000000000536,-0.41000000000002146
N3_ANCHOR_REVERSION,NEUTRAL,LONG,2022-02-11 04:35:00+00:00,2022-02-11 04:40:00+00:00,2022-02-11 04:40:00+00:00,2022-02-11 04:40:00+00:00,1.1384500000000002,1.1380500000000002,1.1390500000000001,1.1380400000000002,STOP,0.0004,-1.0250000000000536,-1.1500000000000536,-0.41000000000002146
N3_ANCHOR_REVERSION,NEUTRAL,SHORT,2022-02-17 07:50:00+00:00,2022-02-17 07:55:00+00:00,2022-02-17 07:55:00+00:00,2022-02-17 07:55:00+00:00,1.13697,1.13737,1.13637,1.13738,STOP,0.0004,-1.0250000000000536,-1.1500000000000536,-0.41000000000002146
N3_ANCHOR_REVERSION,NEUTRAL,SHORT,2022-02-17 08:10:00+00:00,2022-02-17 08:15:00+00:00,2022-02-17 08:15:00+00:00,2022-02-17 08:15:00+00:00,1.13798,1.13838,1.13738,1.13839,STOP,0.0004,-1.0250000000000536,-1.1500000000000536,-0.41000000000002146
N3_ANCHOR_REVERSION,NEUTRAL,SHORT,2022-02-17 08:20:00+00:00,2022-02-17 08:25:00+00:00,2022-02-17 08:25:00+00:00,2022-02-17 08:25:00+00:00,1.13804,1.13844,1.13744,1.13845,STOP,0.0004,-1.0250000000000536,-1.1500000000000536,-0.41000000000002146
N3_ANCHOR_REVERSION,NEUTRAL,LONG,2022-02-20 23:05:00+00:00,2022-02-20 23:10:00+00:00,2022-02-20 23:10:00+00:00,2022-02-20 23:25:00+00:00,1.13212,1.13172,1.13272,1.13171,STOP,0.0004,-1.0250000000000536,-1.1500000000000536,-0.41000000000002146
N3_ANCHOR_REVERSION,NEUTRAL,LONG,2022-02-20 23:45:00+00:00,2022-02-20 23:50:00+00:00,2022-02-20 23:50:00+00:00,2022-02-21 00:00:00+00:00,1.13196,1.1315600000000001,1.13256,1.13155,STOP,0.0004,-1.0250000000000536,-1.1500000000000536,-0.41000000000002146
N3_ANCHOR_REVERSION,NEUTRAL,SHORT,2022-02-21 01:00:00+00:00,2022-02-21 01:05:00+00:00,2022-02-21 01:05:00+00:00,2022-02-21 01:05:00+00:00,1.1329099999999999,1.1333099999999998,1.13231,1.1333199999999999,STOP,0.0004,-1.0250000000000536,-1.1500000000000536,-0.41000000000002146
N3_ANCHOR_REVERSION,NEUTRAL,SHORT,2022-02-21 01:55:00+00:00,2022-02-21 02:00:00+00:00,2022-02-21 02:00:00+00:00,2022-02-21 02:10:00+00:00,1.1353199999999999,1.1357199999999998,1.13472,1.13573,STOP,0.0004,-1.0250000000000536,-1.1500000000000536,-0.41000000000002146
N3_ANCHOR_REVERSION,NEUTRAL,SHORT,2022-02-21 03:30:00+00:00,2022-02-21 03:35:00+00:00,2022-02-21 03:35:00+00:00,2022-02-21 06:05:00+00:00,1.13621,1.13661,1.13561,1.13662,STOP,0.0004,-1.0250000000000536,-1.1500000000000536,-0.41000000000002146
N3_ANCHOR_REVERSION,NEUTRAL,SHORT,2022-02-21 06:10:00+00:00,2022-02-21 06:15:00+00:00,2022-02-21 06:15:00+00:00,2022-02-21 06:25:00+00:00,1.13638,1.13678,1.13578,1.13679,STOP,0.0004,-1.0250000000000536,-1.1500000000000536,-0.41000000000002146
N3_ANCHOR_REVERSION,NEUTRAL,LONG,2022-02-22 01:15:00+00:00,2022-02-22 01:20:00+00:00,2022-02-22 01:20:00+00:00,2022-02-22 01:45:00+00:00,1.13064,1.1302400000000001,1.13124,1.13023,STOP,0.0004,-1.0250000000000536,-1.1500000000000536,-0.41000000000002146
N3_ANCHOR_REVERSION,NEUTRAL,LONG,2022-02-22 01:50:00+00:00,2022-02-22 01:55:00+00:00,2022-02-22 01:55:00+00:00,2022-02-22 02:00:00+00:00,1.1303500000000002,1.1299500000000002,1.1309500000000001,1.1299400000000002,STOP,0.0004,-1.0250000000000536,-1.1500000000000536,-0.41000000000002146
N3_ANCHOR_REVERSION,NEUTRAL,LONG,2022-02-22 03:40:00+00:00,2022-02-22 03:45:00+00:00,2022-02-22 03:45:00+00:00,2022-02-22 05:00:00+00:00,1.12947,1.12907,1.13007,1.1300599999999998,TARGET,0.0004,1.474999999999671,1.349999999999671,0.5899999999998684
N3_ANCHOR_REVERSION,NEUTRAL,SHORT,2022-02-22 05:30:00+00:00,2022-02-22 05:35:00+00:00,2022-02-22 05:35:00+00:00,2022-02-22 05:55:00+00:00,1.1305399999999999,1.1309399999999998,1.12994,1.13095,STOP,0.0004,-1.0250000000000536,-1.1500000000000536,-0.41000000000002146
N3_ANCHOR_REVERSION,NEUTRAL,LONG,2022-02-23 18:55:00+00:00,2022-02-23 19:00:00+00:00,2022-02-23 19:00:00+00:00,2022-02-23 19:30:00+00:00,1.1309900000000002,1.1305900000000002,1.13159,1.1305800000000001,STOP,0.0004,-1.0250000000000536,-1.1500000000000536,-0.41000000000002146
N3_ANCHOR_REVERSION,NEUTRAL,LONG,2022-02-23 19:45:00+00:00,2022-02-23 19:50:00+00:00,2022-02-23 19:50:00+00:00,2022-02-23 20:35:00+00:00,1.13076,1.13036,1.13136,1.13035,STOP,0.0004,-1.0250000000000536,-1.1500000000000536,-0.41000000000002146
N3_ANCHOR_REVERSION,NEUTRAL,LONG,2022-02-23 20:40:00+00:00,2022-02-23 20:45:00+00:00,2022-02-23 20:45:00+00:00,2022-02-24 00:05:00+00:00,1.1303500000000002,1.1299500000000002,1.1309500000000001,1.1299400000000002,STOP,0.0004,-1.0250000000000536,-1.1500000000000536,-0.41000000000002146
N3_ANCHOR_REVERSION,NEUTRAL,LONG,2022-02-24 00:10:00+00:00,2022-02-24 00:15:00+00:00,2022-02-24 00:15:00+00:00,2022-02-24 00:25:00+00:00,1.1301100000000002,1.1297100000000002,1.13071,1.1297000000000001,STOP,0.0004,-1.0250000000000536,-1.1500000000000536,-0.41000000000002146
N3_ANCHOR_REVERSION,NEUTRAL,LONG,2022-02-24 00:30:00+00:00,2022-02-24 00:35:00+00:00,2022-02-24 00:35:00+00:00,2022-02-24 00:35:00+00:00,1.12947,1.12907,1.13007,1.12906,STOP,0.0004,-1.0250000000000536,-1.1500000000000536,-0.41000000000002146
N3_ANCHOR_REVERSION,NEUTRAL,LONG,2022-02-24 01:05:00+00:00,2022-02-24 01:10:00+00:00,2022-02-24 01:10:00+00:00,2022-02-24 01:50:00+00:00,1.12823,1.12783,1.12883,1.12882,TARGET,0.0004,1.474999999999671,1.349999999999671,0.5899999999998684
N3_ANCHOR_REVERSION,NEUTRAL,LONG,2022-02-24 02:55:00+00:00,2022-02-24 03:00:00+00:00,2022-02-24 03:00:00+00:00,2022-02-24 03:05:00+00:00,1.1273600000000001,1.1269600000000002,1.12796,1.1269500000000001,STOP,0.0004,-1.0250000000000536,-1.1500000000000536,-0.41000000000002146
N3_ANCHOR_REVERSION,NEUTRAL,SHORT,2022-02-25 00:40:00+00:00,2022-02-25 00:45:00+00:00,2022-02-25 00:45:00+00:00,2022-02-25 00:45:00+00:00,1.12043,1.12083,1.11983,1.12084,STOP,0.0004,-1.0250000000000536,-1.1500000000000536,-0.41000000000002146
N3_ANCHOR_REVERSION,NEUTRAL,SHORT,2022-02-25 04:45:00+00:00,2022-02-25 04:50:00+00:00,2022-02-25 04:50:00+00:00,2022-02-25 04:55:00+00:00,1.12185,1.12225,1.12125,1.12226,STOP,0.0004,-1.0250000000000536,-1.1500000000000536,-0.41000000000002146
N3_ANCHOR_REVERSION,NEUTRAL,SHORT,2022-02-25 05:05:00+00:00,2022-02-25 05:10:00+00:00,2022-02-25 05:10:00+00:00,2022-02-25 05:45:00+00:00,1.12194,1.12234,1.12134,1.12235,STOP,0.0004,-1.0250000000000536,-1.1500000000000536,-0.41000000000002146
N3_ANCHOR_REVERSION,NEUTRAL,SHORT,2022-02-25 06:00:00+00:00,2022-02-25 06:05:00+00:00,2022-02-25 06:05:00+00:00,2022-02-25 06:35:00+00:00,1.12212,1.12252,1.12152,1.1215300000000001,TARGET,0.0004,1.474999999999671,1.349999999999671,0.5899999999998684
N3_ANCHOR_REVERSION,NEUTRAL,LONG,2022-02-27 22:00:00+00:00,2022-02-27 22:05:00+00:00,2022-02-27 22:05:00+00:00,2022-02-27 22:05:00+00:00,1.1145,1.1141,1.1151,1.11391,STOP,0.0004,-1.4750000000002261,-1.6000000000002261,-0.5900000000000905
N3_ANCHOR_REVERSION,NEUTRAL,LONG,2022-02-27 22:15:00+00:00,2022-02-27 22:20:00+00:00,2022-02-27 22:20:00+00:00,2022-02-27 22:20:00+00:00,1.11591,1.11551,1.11651,1.1155,STOP,0.0004,-1.0250000000000536,-1.1500000000000536,-0.41000000000002146
N3_ANCHOR_REVERSION,NEUTRAL,LONG,2022-02-27 22:25:00+00:00,2022-02-27 22:30:00+00:00,2022-02-27 22:30:00+00:00,2022-02-27 22:40:00+00:00,1.1151,1.1147,1.1157,1.11469,STOP,0.0004,-1.0250000000000536,-1.1500000000000536,-0.41000000000002146
N3_ANCHOR_REVERSION,NEUTRAL,LONG,2022-02-27 23:05:00+00:00,2022-02-27 23:10:00+00:00,2022-02-27 23:10:00+00:00,2022-02-27 23:20:00+00:00,1.1159400000000002,1.1155400000000002,1.11654,1.11653,TARGET,0.0004,1.474999999999671,1.349999999999671,0.5899999999998684
N3_ANCHOR_REVERSION,NEUTRAL,LONG,2022-02-28 00:00:00+00:00,2022-02-28 00:05:00+00:00,2022-02-28 00:05:00+00:00,2022-02-28 00:05:00+00:00,1.11891,1.1185100000000001,1.11951,1.1185,STOP,0.0004,-1.0250000000000536,-1.1500000000000536,-0.41000000000002146
N3_ANCHOR_REVERSION,NEUTRAL,LONG,2022-02-28 01:00:00+00:00,2022-02-28 01:05:00+00:00,2022-02-28 01:05:00+00:00,2022-02-28 01:05:00+00:00,1.1183,1.1179000000000001,1.1189,1.11789,STOP,0.0004,-1.0250000000000536,-1.1500000000000536,-0.41000000000002146
N3_ANCHOR_REVERSION,NEUTRAL,LONG,2022-02-28 01:10:00+00:00,2022-02-28 01:15:00+00:00,2022-02-28 01:15:00+00:00,2022-02-28 01:15:00+00:00,1.1181100000000002,1.1177100000000002,1.11871,1.1177000000000001,STOP,0.0004,-1.0250000000000536,-1.1500000000000536,-0.41000000000002146
N3_ANCHOR_REVERSION,NEUTRAL,LONG,2022-02-28 01:45:00+00:00,2022-02-28 01:50:00+00:00,2022-02-28 01:50:00+00:00,2022-02-28 02:05:00+00:00,1.11721,1.11681,1.11781,1.1168,STOP,0.0004,-1.0250000000000536,-1.1500000000000536,-0.41000000000002146
N3_ANCHOR_REVERSION,NEUTRAL,LONG,2022-03-01 15:15:00+00:00,2022-03-01 15:20:00+00:00,2022-03-01 15:20:00+00:00,2022-03-01 15:20:00+00:00,1.1144500000000002,1.1140500000000002,1.11505,1.1140400000000001,STOP,0.0004,-1.0250000000000536,-1.1500000000000536,-0.41000000000002146
N3_ANCHOR_REVERSION,NEUTRAL,LONG,2022-03-01 15:50:00+00:00,2022-03-01 15:55:00+00:00,2022-03-01 15:55:00+00:00,2022-03-01 16:00:00+00:00,1.1140100000000002,1.1136100000000002,1.11461,1.1136000000000001,STOP,0.0004,-1.0250000000000536,-1.1500000000000536,-0.41000000000002146
N3_ANCHOR_REVERSION,NEUTRAL,LONG,2022-03-01 18:00:00+00:00,2022-03-01 18:05:00+00:00,2022-03-01 18:05:00+00:00,2022-03-01 18:05:00+00:00,1.11121,1.11081,1.11181,1.1108,STOP,0.0004,-1.0250000000000536,-1.1500000000000536,-0.41000000000002146
N3_ANCHOR_REVERSION,NEUTRAL,LONG,2022-03-02 02:25:00+00:00,2022-03-02 02:30:00+00:00,2022-03-02 02:30:00+00:00,2022-03-02 02:35:00+00:00,1.11179,1.11139,1.11239,1.11238,TARGET,0.0004,1.474999999999671,1.349999999999671,0.5899999999998684
N3_ANCHOR_REVERSION,NEUTRAL,LONG,2022-03-02 04:50:00+00:00,2022-03-02 04:55:00+00:00,2022-03-02 04:55:00+00:00,2022-03-02 05:15:00+00:00,1.1119700000000001,1.1115700000000002,1.11257,1.11156,STOP,0.0004,-1.0250000000000536,-1.1500000000000536,-0.41000000000002146
N3_ANCHOR_REVERSION,NEUTRAL,LONG,2022-03-02 05:25:00+00:00,2022-03-02 05:30:00+00:00,2022-03-02 05:30:00+00:00,2022-03-02 06:10:00+00:00,1.11156,1.1111600000000001,1.11216,1.11115,STOP,0.0004,-1.0250000000000536,-1.1500000000000536,-0.41000000000002146
N3_ANCHOR_REVERSION,NEUTRAL,LONG,2022-03-03 02:10:00+00:00,2022-03-03 02:15:00+00:00,2022-03-03 02:15:00+00:00,2022-03-03 02:30:00+00:00,1.1095700000000002,1.1091700000000002,1.11017,1.11016,TARGET,0.0004,1.474999999999671,1.349999999999671,0.5899999999998684
N3_ANCHOR_REVERSION,NEUTRAL,LONG,2022-03-03 17:40:00+00:00,2022-03-03 17:45:00+00:00,2022-03-03 17:45:00+00:00,2022-03-03 17:45:00+00:00,1.10495,1.1045500000000001,1.10555,1.10454,STOP,0.0004,-1.0250000000000536,-1.1500000000000536,-0.41000000000002146
N3_ANCHOR_REVERSION,NEUTRAL,SHORT,2022-03-03 22:55:00+00:00,2022-03-03 23:00:00+00:00,2022-03-03 23:00:00+00:00,2022-03-04 00:05:00+00:00,1.10656,1.10696,1.10596,1.1059700000000001,TARGET,0.0004,1.474999999999671,1.349999999999671,0.5899999999998684
N3_ANCHOR_REVERSION,NEUTRAL,LONG,2022-03-04 00:25:00+00:00,2022-03-04 00:30:00+00:00,2022-03-04 00:30:00+00:00,2022-03-04 00:35:00+00:00,1.10311,1.10271,1.10371,1.1027,STOP,0.0004,-1.0250000000000536,-1.1500000000000536,-0.41000000000002146
N3_ANCHOR_REVERSION,NEUTRAL,LONG,2022-03-04 01:00:00+00:00,2022-03-04 01:05:00+00:00,2022-03-04 01:05:00+00:00,2022-03-04 01:05:00+00:00,1.10256,1.10216,1.10316,1.10215,STOP,0.0004,-1.0250000000000536,-1.1500000000000536,-0.41000000000002146
N3_ANCHOR_REVERSION,NEUTRAL,LONG,2022-03-04 12:00:00+00:00,2022-03-04 12:05:00+00:00,2022-03-04 12:05:00+00:00,2022-03-04 12:05:00+00:00,1.0981500000000002,1.0977500000000002,1.0987500000000001,1.0977400000000002,STOP,0.0004,-1.0250000000000536,-1.1500000000000536,-0.41000000000002146
N3_ANCHOR_REVERSION,NEUTRAL,LONG,2022-03-06 23:10:00+00:00,2022-03-06 23:15:00+00:00,2022-03-06 23:15:00+00:00,2022-03-06 23:15:00+00:00,1.088,1.0876000000000001,1.0886,1.08759,STOP,0.0004,-1.0250000000000536,-1.1500000000000536,-0.41000000000002146
N3_ANCHOR_REVERSION,NEUTRAL,LONG,2022-03-06 23:25:00+00:00,2022-03-06 23:30:00+00:00,2022-03-06 23:30:00+00:00,2022-03-06 23:45:00+00:00,1.0878400000000001,1.0874400000000002,1.08844,1.0874300000000001,STOP,0.0004,-1.0250000000000536,-1.1500000000000536,-0.41000000000002146
N3_ANCHOR_REVERSION,NEUTRAL,LONG,2022-03-06 23:55:00+00:00,2022-03-07 00:00:00+00:00,2022-03-07 00:00:00+00:00,2022-03-07 00:00:00+00:00,1.08742,1.08702,1.08802,1.08801,TARGET,0.0004,1.474999999999671,1.349999999999671,0.5899999999998684
N3_ANCHOR_REVERSION,NEUTRAL,LONG,2022-03-07 01:10:00+00:00,2022-03-07 01:15:00+00:00,2022-03-07 01:15:00+00:00,2022-03-07 01:15:00+00:00,1.08573,1.0853300000000001,1.08633,1.08532,STOP,0.0004,-1.0250000000000536,-1.1500000000000536,-0.41000000000002146
N3_ANCHOR_REVERSION,NEUTRAL,LONG,2022-03-07 01:30:00+00:00,2022-03-07 01:35:00+00:00,2022-03-07 01:35:00+00:00,2022-03-07 01:35:00+00:00,1.08429,1.08389,1.08489,1.08388,STOP,0.0004,-1.0250000000000536,-1.1500000000000536,-0.41000000000002146
N3_ANCHOR_REVERSION,NEUTRAL,SHORT,2022-03-07 05:20:00+00:00,2022-03-07 05:25:00+00:00,2022-03-07 05:25:00+00:00,2022-03-07 05:30:00+00:00,1.08789,1.08829,1.08729,1.0873000000000002,TARGET,0.0004,1.474999999999671,1.349999999999671,0.5899999999998684
N3_ANCHOR_REVERSION,NEUTRAL,LONG,2022-03-10 18:35:00+00:00,2022-03-10 18:40:00+00:00,2022-03-10 18:40:00+00:00,2022-03-10 18:50:00+00:00,1.09927,1.09887,1.09987,1.09886,STOP,0.0004,-1.0250000000000536,-1.1500000000000536,-0.41000000000002146
N3_ANCHOR_REVERSION,NEUTRAL,LONG,2022-03-10 19:25:00+00:00,2022-03-10 19:30:00+00:00,2022-03-10 19:30:00+00:00,2022-03-10 19:45:00+00:00,1.0988600000000002,1.0984600000000002,1.09946,1.0984500000000001,STOP,0.0004,-1.0250000000000536,-1.1500000000000536,-0.41000000000002146
N3_ANCHOR_REVERSION,NEUTRAL,LONG,2022-03-10 19:45:00+00:00,2022-03-10 19:50:00+00:00,2022-03-10 19:50:00+00:00,2022-03-10 20:15:00+00:00,1.09881,1.09841,1.09941,1.0984,STOP,0.0004,-1.0250000000000536,-1.1500000000000536,-0.41000000000002146
N3_ANCHOR_REVERSION,NEUTRAL,LONG,2022-03-10 21:00:00+00:00,2022-03-10 21:05:00+00:00,2022-03-10 21:05:00+00:00,2022-03-10 21:40:00+00:00,1.0982100000000001,1.0978100000000002,1.09881,1.0988,TARGET,0.0004,1.474999999999671,1.349999999999671,0.5899999999998684
N3_ANCHOR_REVERSION,NEUTRAL,SHORT,2022-03-11 00:00:00+00:00,2022-03-11 00:05:00+00:00,2022-03-11 00:05:00+00:00,2022-03-11 00:05:00+00:00,1.1008499999999999,1.1012499999999998,1.10025,1.10126,STOP,0.0004,-1.0250000000000536,-1.1500000000000536,-0.41000000000002146
N3_ANCHOR_REVERSION,NEUTRAL,SHORT,2022-03-11 00:25:00+00:00,2022-03-11 00:30:00+00:00,2022-03-11 00:30:00+00:00,2022-03-11 00:30:00+00:00,1.10093,1.10133,1.10033,1.10134,STOP,0.0004,-1.0250000000000536,-1.1500000000000536,-0.41000000000002146
N3_ANCHOR_REVERSION,NEUTRAL,SHORT,2022-03-11 00:40:00+00:00,2022-03-11 00:45:00+00:00,2022-03-11 00:45:00+00:00,2022-03-11 00:55:00+00:00,1.10056,1.10096,1.09996,1.0999700000000001,TARGET,0.0004,1.474999999999671,1.349999999999671,0.5899999999998684
N3_ANCHOR_REVERSION,NEUTRAL,LONG,2022-03-11 01:25:00+00:00,2022-03-11 01:30:00+00:00,2022-03-11 01:30:00+00:00,2022-03-11 01:45:00+00:00,1.09874,1.09834,1.09934,1.09933,TARGET,0.0004,1.474999999999671,1.349999999999671,0.5899999999998684
N3_ANCHOR_REVERSION,NEUTRAL,SHORT,2022-03-16 22:00:00+00:00,2022-03-16 22:05:00+00:00,2022-03-16 22:05:00+00:00,2022-03-16 22:10:00+00:00,1.1030499999999999,1.1034499999999998,1.10245,1.10246,TARGET,0.0004,1.474999999999671,1.349999999999671,0.5899999999998684
N3_ANCHOR_REVERSION,NEUTRAL,SHORT,2022-03-17 01:00:00+00:00,2022-03-17 01:05:00+00:00,2022-03-17 01:05:00+00:00,2022-03-17 01:15:00+00:00,1.10467,1.10507,1.10407,1.1040800000000002,TARGET,0.0004,1.474999999999671,1.349999999999671,0.5899999999998684
N3_ANCHOR_REVERSION,NEUTRAL,SHORT,2022-03-17 01:25:00+00:00,2022-03-17 01:30:00+00:00,2022-03-17 01:30:00+00:00,2022-03-17 01:40:00+00:00,1.10405,1.10445,1.10345,1.10346,TARGET,0.0004,1.474999999999671,1.349999999999671,0.5899999999998684
N3_ANCHOR_REVERSION,NEUTRAL,LONG,2022-03-17 06:05:00+00:00,2022-03-17 06:10:00+00:00,2022-03-17 06:10:00+00:00,2022-03-17 06:10:00+00:00,1.10266,1.10226,1.10326,1.10225,STOP,0.0004,-1.0250000000000536,-1.1500000000000536,-0.41000000000002146
N3_ANCHOR_REVERSION,NEUTRAL,LONG,2022-03-17 06:20:00+00:00,2022-03-17 06:25:00+00:00,2022-03-17 06:25:00+00:00,2022-03-17 06:30:00+00:00,1.10267,1.10227,1.10327,1.10326,TARGET,0.0004,1.474999999999671,1.349999999999671,0.5899999999998684
N3_ANCHOR_REVERSION,NEUTRAL,SHORT,2022-03-18 00:20:00+00:00,2022-03-18 00:25:00+00:00,2022-03-18 00:25:00+00:00,2022-03-18 00:50:00+00:00,1.11086,1.11126,1.11026,1.11027,TARGET,0.0004,1.474999999999671,1.349999999999671,0.5899999999998684
N3_ANCHOR_REVERSION,NEUTRAL,LONG,2022-03-18 02:55:00+00:00,2022-03-18 03:00:00+00:00,2022-03-18 03:00:00+00:00,2022-03-18 03:10:00+00:00,1.10863,1.10823,1.10923,1.10822,STOP,0.0004,-1.0250000000000536,-1.1500000000000536,-0.41000000000002146
N3_ANCHOR_REVERSION,NEUTRAL,LONG,2022-03-18 03:25:00+00:00,2022-03-18 03:30:00+00:00,2022-03-18 03:30:00+00:00,2022-03-18 04:05:00+00:00,1.1080100000000002,1.1076100000000002,1.10861,1.1086,TARGET,0.0004,1.474999999999671,1.349999999999671,0.5899999999998684
N3_ANCHOR_REVERSION,NEUTRAL,LONG,2022-03-18 05:00:00+00:00,2022-03-18 05:05:00+00:00,2022-03-18 05:05:00+00:00,2022-03-18 05:05:00+00:00,1.1079700000000001,1.1075700000000002,1.10857,1.10756,STOP,0.0004,-1.0250000000000536,-1.1500000000000536,-0.41000000000002146
N3_ANCHOR_REVERSION,NEUTRAL,LONG,2022-03-20 23:15:00+00:00,2022-03-20 23:20:00+00:00,2022-03-20 23:20:00+00:00,2022-03-20 23:50:00+00:00,1.1046500000000001,1.1042500000000002,1.10525,1.10424,STOP,0.0004,-1.0250000000000536,-1.1500000000000536,-0.41000000000002146
N3_ANCHOR_REVERSION,NEUTRAL,LONG,2022-03-21 00:05:00+00:00,2022-03-21 00:10:00+00:00,2022-03-21 00:10:00+00:00,2022-03-21 01:00:00+00:00,1.1043100000000001,1.1039100000000002,1.10491,1.1049,TARGET,0.0004,1.474999999999671,1.349999999999671,0.5899999999998684
N3_ANCHOR_REVERSION,NEUTRAL,LONG,2022-03-21 21:35:00+00:00,2022-03-21 21:40:00+00:00,2022-03-21 21:40:00+00:00,2022-03-21 22:15:00+00:00,1.10181,1.10141,1.10241,1.1023999999999998,TARGET,0.0004,1.474999999999671,1.349999999999671,0.5899999999998684
N3_ANCHOR_REVERSION,NEUTRAL,SHORT,2022-03-21 22:20:00+00:00,2022-03-21 22:25:00+00:00,2022-03-21 22:25:00+00:00,2022-03-21 23:05:00+00:00,1.1023699999999999,1.1027699999999998,1.10177,1.10178,TARGET,0.0004,1.474999999999671,1.349999999999671,0.5899999999998684
N3_ANCHOR_REVERSION,NEUTRAL,LONG,2022-03-21 23:20:00+00:00,2022-03-21 23:25:00+00:00,2022-03-21 23:25:00+00:00,2022-03-22 00:05:00+00:00,1.10172,1.10132,1.10232,1.10131,STOP,0.0004,-1.0250000000000536,-1.1500000000000536,-0.41000000000002146
N3_ANCHOR_REVERSION,NEUTRAL,LONG,2022-03-22 04:25:00+00:00,2022-03-22 04:30:00+00:00,2022-03-22 04:30:00+00:00,2022-03-22 04:35:00+00:00,1.09918,1.09878,1.09978,1.09877,STOP,0.0004,-1.0250000000000536,-1.1500000000000536,-0.41000000000002146
N3_ANCHOR_REVERSION,NEUTRAL,SHORT,2022-03-29 22:25:00+00:00,2022-03-29 22:30:00+00:00,2022-03-29 22:30:00+00:00,2022-03-30 00:00:00+00:00,1.10951,1.10991,1.10891,1.1089200000000001,TARGET,0.0004,1.474999999999671,1.349999999999671,0.5899999999998684
N3_ANCHOR_REVERSION,NEUTRAL,LONG,2022-04-04 11:45:00+00:00,2022-04-04 11:50:00+00:00,2022-04-04 11:50:00+00:00,2022-04-04 11:55:00+00:00,1.10056,1.10016,1.10116,1.10015,STOP,0.0004,-1.0250000000000536,-1.1500000000000536,-0.41000000000002146
N3_ANCHOR_REVERSION,NEUTRAL,LONG,2022-04-04 12:00:00+00:00,2022-04-04 12:05:00+00:00,2022-04-04 12:05:00+00:00,2022-04-04 12:45:00+00:00,1.1003100000000001,1.0999100000000002,1.10091,1.0999,STOP,0.0004,-1.0250000000000536,-1.1500000000000536,-0.41000000000002146
N3_ANCHOR_REVERSION,NEUTRAL,LONG,2022-04-04 13:30:00+00:00,2022-04-04 13:35:00+00:00,2022-04-04 13:35:00+00:00,2022-04-04 14:05:00+00:00,1.09883,1.09843,1.09943,1.09842,STOP,0.0004,-1.0250000000000536,-1.1500000000000536,-0.41000000000002146
N3_ANCHOR_REVERSION,NEUTRAL,LONG,2022-04-04 17:20:00+00:00,2022-04-04 17:25:00+00:00,2022-04-04 17:25:00+00:00,2022-04-04 17:30:00+00:00,1.09722,1.0968200000000001,1.09782,1.09681,STOP,0.0004,-1.0250000000000536,-1.1500000000000536,-0.41000000000002146
N3_ANCHOR_REVERSION,NEUTRAL,SHORT,2022-04-05 00:05:00+00:00,2022-04-05 00:10:00+00:00,2022-04-05 00:10:00+00:00,2022-04-05 01:30:00+00:00,1.09768,1.09808,1.09708,1.0970900000000001,TARGET,0.0004,1.474999999999671,1.349999999999671,0.5899999999998684
N3_ANCHOR_REVERSION,NEUTRAL,LONG,2022-04-21 11:25:00+00:00,2022-04-21 11:30:00+00:00,2022-04-21 11:30:00+00:00,2022-04-21 11:30:00+00:00,1.0883900000000002,1.0879900000000002,1.0889900000000001,1.0879800000000002,STOP,0.0004,-1.0250000000000536,-1.1500000000000536,-0.41000000000002146
N3_ANCHOR_REVERSION,NEUTRAL,LONG,2022-04-21 11:45:00+00:00,2022-04-21 11:50:00+00:00,2022-04-21 11:50:00+00:00,2022-04-21 11:50:00+00:00,1.0883900000000002,1.0879900000000002,1.0889900000000001,1.0879800000000002,STOP,0.0004,-1.0250000000000536,-1.1500000000000536,-0.41000000000002146
N3_ANCHOR_REVERSION,NEUTRAL,LONG,2022-04-21 19:55:00+00:00,2022-04-21 20:00:00+00:00,2022-04-21 20:00:00+00:00,2022-04-21 20:50:00+00:00,1.08393,1.08353,1.08453,1.08352,STOP,0.0004,-1.0250000000000536,-1.1500000000000536,-0.41000000000002146
N3_ANCHOR_REVERSION,NEUTRAL,LONG,2022-04-25 15:35:00+00:00,2022-04-25 15:40:00+00:00,2022-04-25 15:40:00+00:00,2022-04-25 15:40:00+00:00,1.0707,1.0703,1.0713,1.07029,STOP,0.0004,-1.0250000000000536,-1.1500000000000536,-0.41000000000002146
N3_ANCHOR_REVERSION,NEUTRAL,LONG,2022-04-26 10:20:00+00:00,2022-04-26 10:25:00+00:00,2022-04-26 10:25:00+00:00,2022-04-26 10:35:00+00:00,1.06867,1.06827,1.06927,1.0692599999999999,TARGET,0.0004,1.474999999999671,1.349999999999671,0.5899999999998684
N3_ANCHOR_REVERSION,NEUTRAL,LONG,2022-04-26 12:00:00+00:00,2022-04-26 12:05:00+00:00,2022-04-26 12:05:00+00:00,2022-04-26 12:05:00+00:00,1.0676700000000001,1.0672700000000002,1.06827,1.06726,STOP,0.0004,-1.0250000000000536,-1.1500000000000536,-0.41000000000002146
N3_ANCHOR_REVERSION,NEUTRAL,LONG,2022-04-26 13:20:00+00:00,2022-04-26 13:25:00+00:00,2022-04-26 13:25:00+00:00,2022-04-26 13:25:00+00:00,1.06742,1.06702,1.06802,1.06801,TARGET,0.0004,1.474999999999671,1.349999999999671,0.5899999999998684
N3_ANCHOR_REVERSION,NEUTRAL,LONG,2022-04-26 18:00:00+00:00,2022-04-26 18:05:00+00:00,2022-04-26 18:05:00+00:00,2022-04-26 18:30:00+00:00,1.0647900000000001,1.0643900000000002,1.06539,1.06438,STOP,0.0004,-1.0250000000000536,-1.1500000000000536,-0.41000000000002146
N3_ANCHOR_REVERSION,NEUTRAL,SHORT,2022-04-27 02:05:00+00:00,2022-04-27 02:10:00+00:00,2022-04-27 02:10:00+00:00,2022-04-27 02:55:00+00:00,1.065,1.0654,1.0644,1.06441,TARGET,0.0004,1.474999999999671,1.349999999999671,0.5899999999998684
N3_ANCHOR_REVERSION,NEUTRAL,LONG,2022-04-27 12:05:00+00:00,2022-04-27 12:10:00+00:00,2022-04-27 12:10:00+00:00,2022-04-27 12:20:00+00:00,1.0580800000000001,1.0576800000000002,1.05868,1.05767,STOP,0.0004,-1.0250000000000536,-1.1500000000000536,-0.41000000000002146
N3_ANCHOR_REVERSION,NEUTRAL,LONG,2022-04-28 00:30:00+00:00,2022-04-28 00:35:00+00:00,2022-04-28 00:35:00+00:00,2022-04-28 00:50:00+00:00,1.0547900000000001,1.0543900000000002,1.05539,1.05438,STOP,0.0004,-1.0250000000000536,-1.1500000000000536,-0.41000000000002146
N3_ANCHOR_REVERSION,NEUTRAL,SHORT,2022-04-29 10:00:00+00:00,2022-04-29 10:05:00+00:00,2022-04-29 10:05:00+00:00,2022-04-29 10:10:00+00:00,1.0571899999999999,1.0575899999999998,1.05659,1.0566,TARGET,0.0004,1.474999999999671,1.349999999999671,0.5899999999998684
N3_ANCHOR_REVERSION,NEUTRAL,SHORT,2022-05-05 01:35:00+00:00,2022-05-05 01:40:00+00:00,2022-05-05 01:40:00+00:00,2022-05-05 01:40:00+00:00,1.06293,1.0633299999999999,1.06233,1.06234,TARGET,0.0004,1.474999999999671,1.349999999999671,0.5899999999998684
N3_ANCHOR_REVERSION,NEUTRAL,LONG,2022-05-05 04:30:00+00:00,2022-05-05 04:35:00+00:00,2022-05-05 04:35:00+00:00,2022-05-05 05:05:00+00:00,1.06145,1.06105,1.06205,1.06104,STOP,0.0004,-1.0250000000000536,-1.1500000000000536,-0.41000000000002146
N3_ANCHOR_REVERSION,NEUTRAL,LONG,2022-05-05 06:35:00+00:00,2022-05-05 06:40:00+00:00,2022-05-05 06:40:00+00:00,2022-05-05 06:40:00+00:00,1.0600200000000002,1.0596200000000002,1.0606200000000001,1.0596100000000002,STOP,0.0004,-1.0250000000000536,-1.1500000000000536,-0.41000000000002146
N3_ANCHOR_REVERSION,NEUTRAL,LONG,2022-05-05 07:00:00+00:00,2022-05-05 07:05:00+00:00,2022-05-05 07:05:00+00:00,2022-05-05 07:05:00+00:00,1.05992,1.05952,1.06052,1.05951,STOP,0.0004,-1.0250000000000536,-1.1500000000000536,-0.41000000000002146
N3_ANCHOR_REVERSION,NEUTRAL,LONG,2022-05-11 11:00:00+00:00,2022-05-11 11:05:00+00:00,2022-05-11 11:05:00+00:00,2022-05-11 11:25:00+00:00,1.05501,1.05461,1.05561,1.0546,STOP,0.0004,-1.0250000000000536,-1.1500000000000536,-0.41000000000002146
N3_ANCHOR_REVERSION,NEUTRAL,LONG,2022-05-11 12:40:00+00:00,2022-05-11 12:45:00+00:00,2022-05-11 12:45:00+00:00,2022-05-11 12:45:00+00:00,1.0530000000000002,1.0526000000000002,1.0536,1.0525900000000001,STOP,0.0004,-1.0250000000000536,-1.1500000000000536,-0.41000000000002146
N3_ANCHOR_REVERSION,NEUTRAL,LONG,2022-05-11 12:50:00+00:00,2022-05-11 12:55:00+00:00,2022-05-11 12:55:00+00:00,2022-05-11 12:55:00+00:00,1.05193,1.05153,1.05253,1.05152,STOP,0.0004,-1.0250000000000536,-1.1500000000000536,-0.41000000000002146
N3_ANCHOR_REVERSION,NEUTRAL,LONG,2022-05-11 18:00:00+00:00,2022-05-11 18:05:00+00:00,2022-05-11 18:05:00+00:00,2022-05-11 18:05:00+00:00,1.0528300000000002,1.0524300000000002,1.05343,1.0524200000000001,STOP,0.0004,-1.0250000000000536,-1.1500000000000536,-0.41000000000002146
N3_ANCHOR_REVERSION,NEUTRAL,LONG,2022-05-11 23:55:00+00:00,2022-05-12 00:00:00+00:00,2022-05-12 00:00:00+00:00,2022-05-12 00:15:00+00:00,1.0512400000000002,1.0508400000000002,1.05184,1.0508300000000002,STOP,0.0004,-1.0250000000000536,-1.1500000000000536,-0.41000000000002146
N3_ANCHOR_REVERSION,NEUTRAL,LONG,2022-05-12 17:05:00+00:00,2022-05-12 17:10:00+00:00,2022-05-12 17:10:00+00:00,2022-05-12 17:10:00+00:00,1.03679,1.0363900000000001,1.03739,1.03738,TARGET,0.0004,1.474999999999671,1.349999999999671,0.5899999999998684
N3_ANCHOR_REVERSION,NEUTRAL,SHORT,2022-05-12 21:35:00+00:00,2022-05-12 21:40:00+00:00,2022-05-12 21:40:00+00:00,2022-05-13 00:00:00+00:00,1.0381799999999999,1.0385799999999998,1.03758,1.03759,TARGET,0.0004,1.474999999999671,1.349999999999671,0.5899999999998684
N3_ANCHOR_REVERSION,NEUTRAL,SHORT,2022-05-13 16:55:00+00:00,2022-05-13 17:00:00+00:00,2022-05-13 17:00:00+00:00,2022-05-13 17:00:00+00:00,1.0408499999999998,1.0412499999999998,1.04025,1.0412599999999999,STOP,0.0004,-1.0250000000000536,-1.1500000000000536,-0.41000000000002146
N3_ANCHOR_REVERSION,NEUTRAL,LONG,2022-05-13 18:05:00+00:00,2022-05-13 18:10:00+00:00,2022-05-13 18:10:00+00:00,2022-05-13 18:45:00+00:00,1.03972,1.03932,1.04032,1.0403099999999998,TARGET,0.0004,1.474999999999671,1.349999999999671,0.5899999999998684
N3_ANCHOR_REVERSION,NEUTRAL,LONG,2022-05-16 03:20:00+00:00,2022-05-16 03:25:00+00:00,2022-05-16 03:25:00+00:00,2022-05-16 04:50:00+00:00,1.03939,1.03899,1.03999,1.03998,TARGET,0.0004,1.474999999999671,1.349999999999671,0.5899999999998684
N3_ANCHOR_REVERSION,NEUTRAL,SHORT,2022-05-17 00:55:00+00:00,2022-05-17 01:00:00+00:00,2022-05-17 01:00:00+00:00,2022-05-17 01:20:00+00:00,1.04467,1.04507,1.04407,1.0440800000000001,TARGET,0.0004,1.474999999999671,1.349999999999671,0.5899999999998684
N3_ANCHOR_REVERSION,NEUTRAL,SHORT,2022-05-17 02:00:00+00:00,2022-05-17 02:05:00+00:00,2022-05-17 02:05:00+00:00,2022-05-17 02:15:00+00:00,1.0446799999999998,1.0450799999999998,1.04408,1.04409,TARGET,0.0004,1.474999999999671,1.349999999999671,0.5899999999998684
N3_ANCHOR_REVERSION,NEUTRAL,SHORT,2022-05-17 10:35:00+00:00,2022-05-17 10:40:00+00:00,2022-05-17 10:40:00+00:00,2022-05-17 10:40:00+00:00,1.0522099999999999,1.0526099999999998,1.05161,1.05162,TARGET,0.0004,1.474999999999671,1.349999999999671,0.5899999999998684
N3_ANCHOR_REVERSION,NEUTRAL,SHORT,2022-05-17 10:50:00+00:00,2022-05-17 10:55:00+00:00,2022-05-17 10:55:00+00:00,2022-05-17 10:55:00+00:00,1.05111,1.05151,1.05051,1.05152,STOP,0.0004,-1.0250000000000536,-1.1500000000000536,-0.41000000000002146
N3_ANCHOR_REVERSION,NEUTRAL,SHORT,2022-05-18 00:15:00+00:00,2022-05-18 00:20:00+00:00,2022-05-18 00:20:00+00:00,2022-05-18 00:25:00+00:00,1.0554999999999999,1.0558999999999998,1.0549,1.05591,STOP,0.0004,-1.0250000000000536,-1.1500000000000536,-0.41000000000002146
N3_ANCHOR_REVERSION,NEUTRAL,SHORT,2022-05-18 00:30:00+00:00,2022-05-18 00:35:00+00:00,2022-05-18 00:35:00+00:00,2022-05-18 00:45:00+00:00,1.0558699999999999,1.0562699999999998,1.05527,1.0562799999999999,STOP,0.0004,-1.0250000000000536,-1.1500000000000536,-0.41000000000002146
N3_ANCHOR_REVERSION,NEUTRAL,SHORT,2022-05-18 00:45:00+00:00,2022-05-18 00:50:00+00:00,2022-05-18 00:50:00+00:00,2022-05-18 01:00:00+00:00,1.0558999999999998,1.0562999999999998,1.0553,1.05531,TARGET,0.0004,1.474999999999671,1.349999999999671,0.5899999999998684
N3_ANCHOR_REVERSION,NEUTRAL,LONG,2022-05-18 11:55:00+00:00,2022-05-18 12:00:00+00:00,2022-05-18 12:00:00+00:00,2022-05-18 12:05:00+00:00,1.05112,1.05072,1.05172,1.05171,TARGET,0.0004,1.474999999999671,1.349999999999671,0.5899999999998684
N3_ANCHOR_REVERSION,NEUTRAL,LONG,2022-05-31 04:25:00+00:00,2022-05-31 04:30:00+00:00,2022-05-31 04:30:00+00:00,2022-05-31 04:55:00+00:00,1.07481,1.07441,1.07541,1.0744,STOP,0.0004,-1.0250000000000536,-1.1500000000000536,-0.41000000000002146
N3_ANCHOR_REVERSION,NEUTRAL,LONG,2022-05-31 06:25:00+00:00,2022-05-31 06:30:00+00:00,2022-05-31 06:30:00+00:00,2022-05-31 06:35:00+00:00,1.07427,1.07387,1.07487,1.07386,STOP,0.0004,-1.0250000000000536,-1.1500000000000536,-0.41000000000002146
N3_ANCHOR_REVERSION,NEUTRAL,LONG,2022-05-31 06:40:00+00:00,2022-05-31 06:45:00+00:00,2022-05-31 06:45:00+00:00,2022-05-31 06:45:00+00:00,1.0740800000000001,1.0736800000000002,1.07468,1.0736700000000001,STOP,0.0004,-1.0250000000000536,-1.1500000000000536,-0.41000000000002146
N3_ANCHOR_REVERSION,NEUTRAL,LONG,2022-05-31 06:55:00+00:00,2022-05-31 07:00:00+00:00,2022-05-31 07:00:00+00:00,2022-05-31 07:00:00+00:00,1.07343,1.0730300000000002,1.07403,1.07402,TARGET,0.0004,1.474999999999671,1.349999999999671,0.5899999999998684
N3_ANCHOR_REVERSION,NEUTRAL,SHORT,2022-06-02 20:15:00+00:00,2022-06-02 20:20:00+00:00,2022-06-02 20:20:00+00:00,2022-06-02 22:40:00+00:00,1.07469,1.0750899999999999,1.07409,1.0751,STOP,0.0004,-1.0250000000000536,-1.1500000000000536,-0.41000000000002146
N3_ANCHOR_REVERSION,NEUTRAL,SHORT,2022-06-02 22:50:00+00:00,2022-06-02 22:55:00+00:00,2022-06-02 22:55:00+00:00,2022-06-03 00:25:00+00:00,1.07483,1.07523,1.07423,1.07524,STOP,0.0004,-1.0250000000000536,-1.1500000000000536,-0.41000000000002146
N3_ANCHOR_REVERSION,NEUTRAL,SHORT,2022-06-03 00:35:00+00:00,2022-06-03 00:40:00+00:00,2022-06-03 00:40:00+00:00,2022-06-03 00:40:00+00:00,1.0756599999999998,1.0760599999999998,1.07506,1.0760699999999999,STOP,0.0004,-1.0250000000000536,-1.1500000000000536,-0.41000000000002146
N3_ANCHOR_REVERSION,NEUTRAL,SHORT,2022-06-03 01:05:00+00:00,2022-06-03 01:10:00+00:00,2022-06-03 01:10:00+00:00,2022-06-03 01:55:00+00:00,1.07574,1.0761399999999999,1.07514,1.07615,STOP,0.0004,-1.0250000000000536,-1.1500000000000536,-0.41000000000002146
N3_ANCHOR_REVERSION,NEUTRAL,LONG,2022-06-03 04:45:00+00:00,2022-06-03 04:50:00+00:00,2022-06-03 04:50:00+00:00,2022-06-03 04:50:00+00:00,1.07522,1.07482,1.07582,1.07481,STOP,0.0004,-1.0250000000000536,-1.1500000000000536,-0.41000000000002146
N3_ANCHOR_REVERSION,NEUTRAL,SHORT,2022-06-05 22:40:00+00:00,2022-06-05 22:45:00+00:00,2022-06-05 22:45:00+00:00,2022-06-05 23:25:00+00:00,1.0723099999999999,1.0727099999999998,1.07171,1.07272,STOP,0.0004,-1.0250000000000536,-1.1500000000000536,-0.41000000000002146
N3_ANCHOR_REVERSION,NEUTRAL,SHORT,2022-06-06 00:25:00+00:00,2022-06-06 00:30:00+00:00,2022-06-06 00:30:00+00:00,2022-06-06 00:45:00+00:00,1.0727499999999999,1.0731499999999998,1.07215,1.07216,TARGET,0.0004,1.474999999999671,1.349999999999671,0.5899999999998684
N3_ANCHOR_REVERSION,NEUTRAL,LONG,2022-06-08 16:55:00+00:00,2022-06-08 17:00:00+00:00,2022-06-08 17:00:00+00:00,2022-06-08 17:00:00+00:00,1.07292,1.0725200000000001,1.07352,1.07251,STOP,0.0004,-1.0250000000000536,-1.1500000000000536,-0.41000000000002146
N3_ANCHOR_REVERSION,NEUTRAL,LONG,2022-06-08 19:40:00+00:00,2022-06-08 19:45:00+00:00,2022-06-08 19:45:00+00:00,2022-06-08 19:45:00+00:00,1.07183,1.07143,1.07243,1.07142,STOP,0.0004,-1.0250000000000536,-1.1500000000000536,-0.41000000000002146
N3_ANCHOR_REVERSION,NEUTRAL,LONG,2022-06-08 20:35:00+00:00,2022-06-08 20:40:00+00:00,2022-06-08 20:40:00+00:00,2022-06-09 00:00:00+00:00,1.07165,1.07125,1.07225,1.07124,STOP,0.0004,-1.0250000000000536,-1.1500000000000536,-0.41000000000002146
N3_ANCHOR_REVERSION,NEUTRAL,LONG,2022-06-09 00:45:00+00:00,2022-06-09 00:50:00+00:00,2022-06-09 00:50:00+00:00,2022-06-09 02:30:00+00:00,1.07119,1.0707900000000001,1.07179,1.07178,TARGET,0.0004,1.474999999999671,1.349999999999671,0.5899999999998684
N3_ANCHOR_REVERSION,NEUTRAL,LONG,2022-06-17 02:40:00+00:00,2022-06-17 02:45:00+00:00,2022-06-17 02:45:00+00:00,2022-06-17 02:45:00+00:00,1.0530300000000001,1.0526300000000002,1.05363,1.0526200000000001,STOP,0.0004,-1.0250000000000536,-1.1500000000000536,-0.41000000000002146
N3_ANCHOR_REVERSION,NEUTRAL,SHORT,2022-06-17 18:45:00+00:00,2022-06-17 18:50:00+00:00,2022-06-17 18:50:00+00:00,2022-06-17 19:20:00+00:00,1.04942,1.04982,1.04882,1.04983,STOP,0.0004,-1.0250000000000536,-1.1500000000000536,-0.41000000000002146
N3_ANCHOR_REVERSION,NEUTRAL,SHORT,2022-06-20 02:45:00+00:00,2022-06-20 02:50:00+00:00,2022-06-20 02:50:00+00:00,2022-06-20 02:50:00+00:00,1.05149,1.05189,1.05089,1.0519,STOP,0.0004,-1.0250000000000536,-1.1500000000000536,-0.41000000000002146
N3_ANCHOR_REVERSION,NEUTRAL,SHORT,2022-06-21 07:55:00+00:00,2022-06-21 08:00:00+00:00,2022-06-21 08:00:00+00:00,2022-06-21 08:05:00+00:00,1.0556299999999998,1.0560299999999998,1.05503,1.0560399999999999,STOP,0.0004,-1.0250000000000536,-1.1500000000000536,-0.41000000000002146
N3_ANCHOR_REVERSION,NEUTRAL,SHORT,2022-06-21 08:45:00+00:00,2022-06-21 08:50:00+00:00,2022-06-21 08:50:00+00:00,2022-06-21 08:50:00+00:00,1.05659,1.0569899999999999,1.05599,1.057,STOP,0.0004,-1.0250000000000536,-1.1500000000000536,-0.41000000000002146
N3_ANCHOR_REVERSION,NEUTRAL,LONG,2022-06-21 16:15:00+00:00,2022-06-21 16:20:00+00:00,2022-06-21 16:20:00+00:00,2022-06-21 16:25:00+00:00,1.05338,1.05298,1.05398,1.05297,STOP,0.0004,-1.0250000000000536,-1.1500000000000536,-0.41000000000002146
N3_ANCHOR_REVERSION,NEUTRAL,LONG,2022-06-21 17:10:00+00:00,2022-06-21 17:15:00+00:00,2022-06-21 17:15:00+00:00,2022-06-21 17:20:00+00:00,1.05363,1.05323,1.05423,1.05322,STOP,0.0004,-1.0250000000000536,-1.1500000000000536,-0.41000000000002146
N3_ANCHOR_REVERSION,NEUTRAL,LONG,2022-06-22 00:15:00+00:00,2022-06-22 00:20:00+00:00,2022-06-22 00:20:00+00:00,2022-06-22 00:30:00+00:00,1.05244,1.05204,1.05304,1.05203,STOP,0.0004,-1.0250000000000536,-1.1500000000000536,-0.41000000000002146
N3_ANCHOR_REVERSION,NEUTRAL,LONG,2022-06-22 01:40:00+00:00,2022-06-22 01:45:00+00:00,2022-06-22 01:45:00+00:00,2022-06-22 02:00:00+00:00,1.05054,1.05014,1.05114,1.05113,TARGET,0.0004,1.474999999999671,1.349999999999671,0.5899999999998684
N3_ANCHOR_REVERSION,NEUTRAL,LONG,2022-06-22 05:45:00+00:00,2022-06-22 05:50:00+00:00,2022-06-22 05:50:00+00:00,2022-06-22 05:50:00+00:00,1.04929,1.04889,1.04989,1.04888,STOP,0.0004,-1.0250000000000536,-1.1500000000000536,-0.41000000000002146
N3_ANCHOR_REVERSION,NEUTRAL,LONG,2022-06-22 06:00:00+00:00,2022-06-22 06:05:00+00:00,2022-06-22 06:05:00+00:00,2022-06-22 06:20:00+00:00,1.04943,1.0490300000000001,1.05003,1.05002,TARGET,0.0004,1.474999999999671,1.349999999999671,0.5899999999998684
N3_ANCHOR_REVERSION,NEUTRAL,LONG,2022-06-23 11:40:00+00:00,2022-06-23 11:45:00+00:00,2022-06-23 11:45:00+00:00,2022-06-23 11:45:00+00:00,1.0504,1.05,1.051,1.0509899999999999,TARGET,0.0004,1.474999999999671,1.349999999999671,0.5899999999998684
N3_ANCHOR_REVERSION,NEUTRAL,LONG,2022-06-23 12:15:00+00:00,2022-06-23 12:20:00+00:00,2022-06-23 12:20:00+00:00,2022-06-23 12:20:00+00:00,1.04959,1.04919,1.05019,1.05018,TARGET,0.0004,1.474999999999671,1.349999999999671,0.5899999999998684
N3_ANCHOR_REVERSION,NEUTRAL,LONG,2022-06-27 19:05:00+00:00,2022-06-27 19:10:00+00:00,2022-06-27 19:10:00+00:00,2022-06-27 19:55:00+00:00,1.0584500000000001,1.0580500000000002,1.05905,1.05804,STOP,0.0004,-1.0250000000000536,-1.1500000000000536,-0.41000000000002146
N3_ANCHOR_REVERSION,NEUTRAL,LONG,2022-06-27 22:45:00+00:00,2022-06-27 22:50:00+00:00,2022-06-27 22:50:00+00:00,2022-06-28 00:25:00+00:00,1.05792,1.05752,1.05852,1.0585099999999998,TARGET,0.0004,1.474999999999671,1.349999999999671,0.5899999999998684
N3_ANCHOR_REVERSION,NEUTRAL,LONG,2022-06-28 00:55:00+00:00,2022-06-28 01:00:00+00:00,2022-06-28 01:00:00+00:00,2022-06-28 01:15:00+00:00,1.0576800000000002,1.0572800000000002,1.05828,1.05827,TARGET,0.0004,1.474999999999671,1.349999999999671,0.5899999999998684
N3_ANCHOR_REVERSION,NEUTRAL,LONG,2022-06-28 14:45:00+00:00,2022-06-28 14:50:00+00:00,2022-06-28 14:50:00+00:00,2022-06-28 14:50:00+00:00,1.05194,1.0515400000000001,1.05254,1.05153,STOP,0.0004,-1.0250000000000536,-1.1500000000000536,-0.41000000000002146
N3_ANCHOR_REVERSION,NEUTRAL,LONG,2022-06-28 14:55:00+00:00,2022-06-28 15:00:00+00:00,2022-06-28 15:00:00+00:00,2022-06-28 15:00:00+00:00,1.05179,1.05139,1.05239,1.05138,STOP,0.0004,-1.0250000000000536,-1.1500000000000536,-0.41000000000002146
N3_ANCHOR_REVERSION,NEUTRAL,LONG,2022-06-28 19:10:00+00:00,2022-06-28 19:15:00+00:00,2022-06-28 19:15:00+00:00,2022-06-28 20:20:00+00:00,1.0523200000000001,1.0519200000000002,1.05292,1.0519100000000001,STOP,0.0004,-1.0250000000000536,-1.1500000000000536,-0.41000000000002146
N3_ANCHOR_REVERSION,NEUTRAL,SHORT,2022-06-29 00:20:00+00:00,2022-06-29 00:25:00+00:00,2022-06-29 00:25:00+00:00,2022-06-29 00:25:00+00:00,1.05274,1.05314,1.05214,1.05315,STOP,0.0004,-1.0250000000000536,-1.1500000000000536,-0.41000000000002146
N3_ANCHOR_REVERSION,NEUTRAL,SHORT,2022-06-29 00:30:00+00:00,2022-06-29 00:35:00+00:00,2022-06-29 00:35:00+00:00,2022-06-29 00:40:00+00:00,1.05283,1.0532299999999999,1.05223,1.05224,TARGET,0.0004,1.474999999999671,1.349999999999671,0.5899999999998684
N3_ANCHOR_REVERSION,NEUTRAL,LONG,2022-06-29 19:50:00+00:00,2022-06-29 19:55:00+00:00,2022-06-29 19:55:00+00:00,2022-06-29 20:55:00+00:00,1.0443200000000001,1.0439200000000002,1.04492,1.0439100000000001,STOP,0.0004,-1.0250000000000536,-1.1500000000000536,-0.41000000000002146
N3_ANCHOR_REVERSION,NEUTRAL,LONG,2022-06-29 21:30:00+00:00,2022-06-29 21:35:00+00:00,2022-06-29 21:35:00+00:00,2022-06-29 22:10:00+00:00,1.04426,1.04386,1.04486,1.04385,STOP,0.0004,-1.0250000000000536,-1.1500000000000536,-0.41000000000002146
N3_ANCHOR_REVERSION,NEUTRAL,LONG,2022-06-30 01:15:00+00:00,2022-06-30 01:20:00+00:00,2022-06-30 01:20:00+00:00,2022-06-30 01:30:00+00:00,1.04384,1.0434400000000001,1.04444,1.04443,TARGET,0.0004,1.474999999999671,1.349999999999671,0.5899999999998684
N3_ANCHOR_REVERSION,NEUTRAL,SHORT,2022-06-30 03:35:00+00:00,2022-06-30 03:40:00+00:00,2022-06-30 03:40:00+00:00,2022-06-30 04:55:00+00:00,1.0453599999999998,1.0457599999999998,1.04476,1.0457699999999999,STOP,0.0004,-1.0250000000000536,-1.1500000000000536,-0.41000000000002146
N3_ANCHOR_REVERSION,NEUTRAL,LONG,2022-06-30 11:55:00+00:00,2022-06-30 12:00:00+00:00,2022-06-30 12:00:00+00:00,2022-06-30 12:05:00+00:00,1.0394100000000002,1.0390100000000002,1.04001,1.0390000000000001,STOP,0.0004,-1.0250000000000536,-1.1500000000000536,-0.41000000000002146
N3_ANCHOR_REVERSION,NEUTRAL,LONG,2022-06-30 12:20:00+00:00,2022-06-30 12:25:00+00:00,2022-06-30 12:25:00+00:00,2022-06-30 12:25:00+00:00,1.0396100000000001,1.0392100000000002,1.04021,1.0402,TARGET,0.0004,1.474999999999671,1.349999999999671,0.5899999999998684
N3_ANCHOR_REVERSION,NEUTRAL,LONG,2022-07-01 00:20:00+00:00,2022-07-01 00:25:00+00:00,2022-07-01 00:25:00+00:00,2022-07-01 00:30:00+00:00,1.0474,1.0470000000000002,1.048,1.04699,STOP,0.0004,-1.0250000000000536,-1.1500000000000536,-0.41000000000002146
N3_ANCHOR_REVERSION,NEUTRAL,LONG,2022-07-01 02:35:00+00:00,2022-07-01 02:40:00+00:00,2022-07-01 02:40:00+00:00,2022-07-01 03:10:00+00:00,1.0465300000000002,1.0461300000000002,1.0471300000000001,1.0461200000000002,STOP,0.0004,-1.0250000000000536,-1.1500000000000536,-0.41000000000002146
N3_ANCHOR_REVERSION,NEUTRAL,LONG,2022-07-01 03:20:00+00:00,2022-07-01 03:25:00+00:00,2022-07-01 03:25:00+00:00,2022-07-01 03:25:00+00:00,1.0466,1.0462,1.0472,1.04619,STOP,0.0004,-1.0250000000000536,-1.1500000000000536,-0.41000000000002146
N3_ANCHOR_REVERSION,NEUTRAL,LONG,2022-07-01 03:50:00+00:00,2022-07-01 03:55:00+00:00,2022-07-01 03:55:00+00:00,2022-07-01 04:10:00+00:00,1.04535,1.04495,1.04595,1.04494,STOP,0.0004,-1.0250000000000536,-1.1500000000000536,-0.41000000000002146
N3_ANCHOR_REVERSION,NEUTRAL,SHORT,2022-07-03 22:45:00+00:00,2022-07-03 22:50:00+00:00,2022-07-03 22:50:00+00:00,2022-07-03 22:55:00+00:00,1.04322,1.04362,1.04262,1.04363,STOP,0.0004,-1.0250000000000536,-1.1500000000000536,-0.41000000000002146
N3_ANCHOR_REVERSION,NEUTRAL,SHORT,2022-07-03 23:30:00+00:00,2022-07-03 23:35:00+00:00,2022-07-03 23:35:00+00:00,2022-07-04 00:00:00+00:00,1.04321,1.04361,1.04261,1.04362,STOP,0.0004,-1.0250000000000536,-1.1500000000000536,-0.41000000000002146
N3_ANCHOR_REVERSION,NEUTRAL,SHORT,2022-07-04 00:35:00+00:00,2022-07-04 00:40:00+00:00,2022-07-04 00:40:00+00:00,2022-07-04 00:55:00+00:00,1.04366,1.04406,1.04306,1.0430700000000002,TARGET,0.0004,1.474999999999671,1.349999999999671,0.5899999999998684
N3_ANCHOR_REVERSION,NEUTRAL,SHORT,2022-07-06 01:10:00+00:00,2022-07-06 01:15:00+00:00,2022-07-06 01:15:00+00:00,2022-07-06 01:20:00+00:00,1.02691,1.02731,1.02631,1.0263200000000001,TARGET,0.0004,1.474999999999671,1.349999999999671,0.5899999999998684
N3_ANCHOR_REVERSION,NEUTRAL,LONG,2022-07-06 10:55:00+00:00,2022-07-06 11:00:00+00:00,2022-07-06 11:00:00+00:00,2022-07-06 11:05:00+00:00,1.0196100000000001,1.0192100000000002,1.02021,1.0192,STOP,0.0004,-1.0250000000000536,-1.1500000000000536,-0.41000000000002146
N3_ANCHOR_REVERSION,NEUTRAL,LONG,2022-07-06 11:35:00+00:00,2022-07-06 11:40:00+00:00,2022-07-06 11:40:00+00:00,2022-07-06 11:40:00+00:00,1.01956,1.01916,1.02016,1.01915,STOP,0.0004,-1.0250000000000536,-1.1500000000000536,-0.41000000000002146
N3_ANCHOR_REVERSION,NEUTRAL,LONG,2022-07-06 11:55:00+00:00,2022-07-06 12:00:00+00:00,2022-07-06 12:00:00+00:00,2022-07-06 12:00:00+00:00,1.01925,1.01885,1.01985,1.01884,STOP,0.0004,-1.0250000000000536,-1.1500000000000536,-0.41000000000002146
N3_ANCHOR_REVERSION,NEUTRAL,LONG,2022-07-07 00:15:00+00:00,2022-07-07 00:20:00+00:00,2022-07-07 00:20:00+00:00,2022-07-07 00:40:00+00:00,1.0180600000000002,1.0176600000000002,1.0186600000000001,1.01865,TARGET,0.0004,1.474999999999671,1.349999999999671,0.5899999999998684
N3_ANCHOR_REVERSION,NEUTRAL,LONG,2022-07-07 19:10:00+00:00,2022-07-07 19:15:00+00:00,2022-07-07 19:15:00+00:00,2022-07-07 19:30:00+00:00,1.0156800000000001,1.0152800000000002,1.01628,1.01627,TARGET,0.0004,1.474999999999671,1.349999999999671,0.5899999999998684
N3_ANCHOR_REVERSION,NEUTRAL,SHORT,2022-07-07 22:10:00+00:00,2022-07-07 22:15:00+00:00,2022-07-07 22:15:00+00:00,2022-07-08 00:00:00+00:00,1.01654,1.01694,1.01594,1.01695,STOP,0.0004,-1.0250000000000536,-1.1500000000000536,-0.41000000000002146
N3_ANCHOR_REVERSION,NEUTRAL,SHORT,2022-07-08 00:05:00+00:00,2022-07-08 00:10:00+00:00,2022-07-08 00:10:00+00:00,2022-07-08 00:15:00+00:00,1.0168899999999998,1.0172899999999998,1.01629,1.0172999999999999,STOP,0.0004,-1.0250000000000536,-1.1500000000000536,-0.41000000000002146
N3_ANCHOR_REVERSION,NEUTRAL,SHORT,2022-07-08 00:30:00+00:00,2022-07-08 00:35:00+00:00,2022-07-08 00:35:00+00:00,2022-07-08 00:40:00+00:00,1.01736,1.01776,1.01676,1.01777,STOP,0.0004,-1.0250000000000536,-1.1500000000000536,-0.41000000000002146
N3_ANCHOR_REVERSION,NEUTRAL,SHORT,2022-07-08 10:45:00+00:00,2022-07-08 10:50:00+00:00,2022-07-08 10:50:00+00:00,2022-07-08 10:55:00+00:00,1.0145,1.0149,1.0139,1.01391,TARGET,0.0004,1.474999999999671,1.349999999999671,0.5899999999998684
N3_ANCHOR_REVERSION,NEUTRAL,SHORT,2022-07-08 10:55:00+00:00,2022-07-08 11:00:00+00:00,2022-07-08 11:00:00+00:00,2022-07-08 11:00:00+00:00,1.0138399999999999,1.0142399999999998,1.01324,1.0142499999999999,STOP,0.0004,-1.0250000000000536,-1.1500000000000536,-0.41000000000002146
N3_ANCHOR_REVERSION,NEUTRAL,LONG,2022-07-12 04:50:00+00:00,2022-07-12 04:55:00+00:00,2022-07-12 04:55:00+00:00,2022-07-12 05:00:00+00:00,1.00147,1.0010700000000001,1.00207,1.00106,STOP,0.0004,-1.0250000000000536,-1.1500000000000536,-0.41000000000002146
N3_ANCHOR_REVERSION,NEUTRAL,LONG,2022-07-12 19:45:00+00:00,2022-07-12 19:50:00+00:00,2022-07-12 19:50:00+00:00,2022-07-12 19:55:00+00:00,1.0041900000000001,1.0037900000000002,1.00479,1.0037800000000001,STOP,0.0004,-1.0250000000000536,-1.1500000000000536,-0.41000000000002146
N3_ANCHOR_REVERSION,NEUTRAL,LONG,2022-07-12 20:30:00+00:00,2022-07-12 20:35:00+00:00,2022-07-12 20:35:00+00:00,2022-07-12 21:25:00+00:00,1.00367,1.00327,1.00427,1.00326,STOP,0.0004,-1.0250000000000536,-1.1500000000000536,-0.41000000000002146
N3_ANCHOR_REVERSION,NEUTRAL,LONG,2022-07-12 22:20:00+00:00,2022-07-12 22:25:00+00:00,2022-07-12 22:25:00+00:00,2022-07-13 00:00:00+00:00,1.0028700000000002,1.0024700000000002,1.00347,1.00346,TARGET,0.0004,1.474999999999671,1.349999999999671,0.5899999999998684
N3_ANCHOR_REVERSION,NEUTRAL,LONG,2022-07-13 22:25:00+00:00,2022-07-13 22:30:00+00:00,2022-07-13 22:30:00+00:00,2022-07-13 22:30:00+00:00,1.00581,1.0054100000000001,1.00641,1.0054,STOP,0.0004,-1.0250000000000536,-1.1500000000000536,-0.41000000000002146
N3_ANCHOR_REVERSION,NEUTRAL,LONG,2022-07-13 22:50:00+00:00,2022-07-13 22:55:00+00:00,2022-07-13 22:55:00+00:00,2022-07-13 23:00:00+00:00,1.0055500000000002,1.0051500000000002,1.00615,1.0051400000000001,STOP,0.0004,-1.0250000000000536,-1.1500000000000536,-0.41000000000002146
N3_ANCHOR_REVERSION,NEUTRAL,LONG,2022-07-13 23:55:00+00:00,2022-07-14 00:00:00+00:00,2022-07-14 00:00:00+00:00,2022-07-14 00:05:00+00:00,1.00349,1.00309,1.00409,1.0040799999999999,TARGET,0.0004,1.474999999999671,1.349999999999671,0.5899999999998684
N3_ANCHOR_REVERSION,NEUTRAL,LONG,2022-07-14 00:45:00+00:00,2022-07-14 00:50:00+00:00,2022-07-14 00:50:00+00:00,2022-07-14 00:50:00+00:00,1.00271,1.00231,1.00331,1.0023,STOP,0.0004,-1.0250000000000536,-1.1500000000000536,-0.41000000000002146
N3_ANCHOR_REVERSION,NEUTRAL,LONG,2022-07-14 02:00:00+00:00,2022-07-14 02:05:00+00:00,2022-07-14 02:05:00+00:00,2022-07-14 02:10:00+00:00,1.00225,1.0018500000000001,1.00285,1.00184,STOP,0.0004,-1.0250000000000536,-1.1500000000000536,-0.41000000000002146
N3_ANCHOR_REVERSION,NEUTRAL,LONG,2022-07-14 05:15:00+00:00,2022-07-14 05:20:00+00:00,2022-07-14 05:20:00+00:00,2022-07-14 05:25:00+00:00,1.0025300000000001,1.0021300000000002,1.00313,1.0021200000000001,STOP,0.0004,-1.0250000000000536,-1.1500000000000536,-0.41000000000002146
N3_ANCHOR_REVERSION,NEUTRAL,LONG,2022-07-15 00:25:00+00:00,2022-07-15 00:30:00+00:00,2022-07-15 00:30:00+00:00,2022-07-15 01:00:00+00:00,1.0016100000000001,1.0012100000000002,1.00221,1.0022,TARGET,0.0004,1.474999999999671,1.349999999999671,0.5899999999998684
N3_ANCHOR_REVERSION,NEUTRAL,SHORT,2022-07-15 01:40:00+00:00,2022-07-15 01:45:00+00:00,2022-07-15 01:45:00+00:00,2022-07-15 01:45:00+00:00,1.00263,1.0030299999999999,1.00203,1.00304,STOP,0.0004,-1.0250000000000536,-1.1500000000000536,-0.41000000000002146
N3_ANCHOR_REVERSION,NEUTRAL,SHORT,2022-07-18 03:25:00+00:00,2022-07-18 03:30:00+00:00,2022-07-18 03:30:00+00:00,2022-07-18 04:10:00+00:00,1.01073,1.0111299999999999,1.01013,1.01014,TARGET,0.0004,1.474999999999671,1.349999999999671,0.5899999999998684
N3_ANCHOR_REVERSION,NEUTRAL,LONG,2022-07-18 12:30:00+00:00,2022-07-18 12:35:00+00:00,2022-07-18 12:35:00+00:00,2022-07-18 12:45:00+00:00,1.01285,1.01245,1.01345,1.01344,TARGET,0.0004,1.474999999999671,1.349999999999671,0.5899999999998684
N3_ANCHOR_REVERSION,NEUTRAL,SHORT,2022-07-18 13:50:00+00:00,2022-07-18 13:55:00+00:00,2022-07-18 13:55:00+00:00,2022-07-18 14:00:00+00:00,1.01566,1.01606,1.01506,1.01607,STOP,0.0004,-1.0250000000000536,-1.1500000000000536,-0.41000000000002146
N3_ANCHOR_REVERSION,NEUTRAL,LONG,2022-07-18 19:35:00+00:00,2022-07-18 19:40:00+00:00,2022-07-18 19:40:00+00:00,2022-07-18 19:40:00+00:00,1.0148700000000002,1.0144700000000002,1.01547,1.0144600000000001,STOP,0.0004,-1.0250000000000536,-1.1500000000000536,-0.41000000000002146
N3_ANCHOR_REVERSION,NEUTRAL,SHORT,2022-07-19 09:05:00+00:00,2022-07-19 09:10:00+00:00,2022-07-19 09:10:00+00:00,2022-07-19 09:15:00+00:00,1.02304,1.02344,1.02244,1.02245,TARGET,0.0004,1.474999999999671,1.349999999999671,0.5899999999998684
N3_ANCHOR_REVERSION,NEUTRAL,SHORT,2022-07-19 10:15:00+00:00,2022-07-19 10:20:00+00:00,2022-07-19 10:20:00+00:00,2022-07-19 10:20:00+00:00,1.0252,1.0255999999999998,1.0246,1.02561,STOP,0.0004,-1.0250000000000536,-1.1500000000000536,-0.41000000000002146
N3_ANCHOR_REVERSION,NEUTRAL,SHORT,2022-07-19 11:00:00+00:00,2022-07-19 11:05:00+00:00,2022-07-19 11:05:00+00:00,2022-07-19 11:05:00+00:00,1.02535,1.02575,1.02475,1.02576,STOP,0.0004,-1.0250000000000536,-1.1500000000000536,-0.41000000000002146
N3_ANCHOR_REVERSION,NEUTRAL,LONG,2022-07-19 12:45:00+00:00,2022-07-19 12:50:00+00:00,2022-07-19 12:50:00+00:00,2022-07-19 12:55:00+00:00,1.0230000000000001,1.0226000000000002,1.0236,1.02259,STOP,0.0004,-1.0250000000000536,-1.1500000000000536,-0.41000000000002146
N3_ANCHOR_REVERSION,NEUTRAL,LONG,2022-07-20 11:55:00+00:00,2022-07-20 12:00:00+00:00,2022-07-20 12:00:00+00:00,2022-07-20 12:00:00+00:00,1.01913,1.0187300000000001,1.01973,1.01972,TARGET,0.0004,1.474999999999671,1.349999999999671,0.5899999999998684
N3_ANCHOR_REVERSION,NEUTRAL,LONG,2022-07-20 12:25:00+00:00,2022-07-20 12:30:00+00:00,2022-07-20 12:30:00+00:00,2022-07-20 12:30:00+00:00,1.0192,1.0188000000000001,1.0198,1.01979,TARGET,0.0004,1.474999999999671,1.349999999999671,0.5899999999998684
N3_ANCHOR_REVERSION,NEUTRAL,SHORT,2022-07-20 13:30:00+00:00,2022-07-20 13:35:00+00:00,2022-07-20 13:35:00+00:00,2022-07-20 13:35:00+00:00,1.02261,1.02301,1.02201,1.02302,STOP,0.0004,-1.0250000000000536,-1.1500000000000536,-0.41000000000002146
N3_ANCHOR_REVERSION,NEUTRAL,LONG,2022-07-20 16:50:00+00:00,2022-07-20 16:55:00+00:00,2022-07-20 16:55:00+00:00,2022-07-20 17:00:00+00:00,1.01915,1.01875,1.01975,1.01874,STOP,0.0004,-1.0250000000000536,-1.1500000000000536,-0.41000000000002146
N3_ANCHOR_REVERSION,NEUTRAL,SHORT,2022-07-21 01:40:00+00:00,2022-07-21 01:45:00+00:00,2022-07-21 01:45:00+00:00,2022-07-21 02:00:00+00:00,1.01919,1.01959,1.01859,1.0196,STOP,0.0004,-1.0250000000000536,-1.1500000000000536,-0.41000000000002146
N3_ANCHOR_REVERSION,NEUTRAL,LONG,2022-07-21 17:35:00+00:00,2022-07-21 17:40:00+00:00,2022-07-21 17:40:00+00:00,2022-07-21 17:45:00+00:00,1.01813,1.01773,1.01873,1.0187199999999998,TARGET,0.0004,1.474999999999671,1.349999999999671,0.5899999999998684
N3_ANCHOR_REVERSION,NEUTRAL,SHORT,2022-07-26 22:15:00+00:00,2022-07-26 22:20:00+00:00,2022-07-26 22:20:00+00:00,2022-07-26 23:05:00+00:00,1.01283,1.0132299999999999,1.01223,1.01324,STOP,0.0004,-1.0250000000000536,-1.1500000000000536,-0.41000000000002146
N3_ANCHOR_REVERSION,NEUTRAL,SHORT,2022-07-26 23:35:00+00:00,2022-07-26 23:40:00+00:00,2022-07-26 23:40:00+00:00,2022-07-27 00:00:00+00:00,1.01297,1.0133699999999999,1.01237,1.01338,STOP,0.0004,-1.0250000000000536,-1.1500000000000536,-0.41000000000002146
N3_ANCHOR_REVERSION,NEUTRAL,SHORT,2022-07-27 00:20:00+00:00,2022-07-27 00:25:00+00:00,2022-07-27 00:25:00+00:00,2022-07-27 00:45:00+00:00,1.01363,1.01403,1.01303,1.01404,STOP,0.0004,-1.0250000000000536,-1.1500000000000536,-0.41000000000002146
N3_ANCHOR_REVERSION,NEUTRAL,SHORT,2022-07-27 00:50:00+00:00,2022-07-27 00:55:00+00:00,2022-07-27 00:55:00+00:00,2022-07-27 00:55:00+00:00,1.0136699999999998,1.0140699999999998,1.01307,1.0140799999999999,STOP,0.0004,-1.0250000000000536,-1.1500000000000536,-0.41000000000002146
N3_ANCHOR_REVERSION,NEUTRAL,LONG,2022-07-27 14:55:00+00:00,2022-07-27 15:00:00+00:00,2022-07-27 15:00:00+00:00,2022-07-27 15:05:00+00:00,1.01208,1.0116800000000001,1.01268,1.01167,STOP,0.0004,-1.0250000000000536,-1.1500000000000536,-0.41000000000002146
N3_ANCHOR_REVERSION,NEUTRAL,LONG,2022-07-27 16:00:00+00:00,2022-07-27 16:05:00+00:00,2022-07-27 16:05:00+00:00,2022-07-27 16:15:00+00:00,1.01137,1.0109700000000001,1.01197,1.01096,STOP,0.0004,-1.0250000000000536,-1.1500000000000536,-0.41000000000002146
N3_ANCHOR_REVERSION,NEUTRAL,SHORT,2022-07-28 00:05:00+00:00,2022-07-28 00:10:00+00:00,2022-07-28 00:10:00+00:00,2022-07-28 00:15:00+00:00,1.02056,1.0209599999999999,1.01996,1.01997,TARGET,0.0004,1.474999999999671,1.349999999999671,0.5899999999998684
N3_ANCHOR_REVERSION,NEUTRAL,SHORT,2022-07-28 01:35:00+00:00,2022-07-28 01:40:00+00:00,2022-07-28 01:40:00+00:00,2022-07-28 01:50:00+00:00,1.02098,1.02138,1.02038,1.02139,STOP,0.0004,-1.0250000000000536,-1.1500000000000536,-0.41000000000002146
N3_ANCHOR_REVERSION,NEUTRAL,SHORT,2022-07-28 01:50:00+00:00,2022-07-28 01:55:00+00:00,2022-07-28 01:55:00+00:00,2022-07-28 02:05:00+00:00,1.02067,1.02107,1.02007,1.02008,TARGET,0.0004,1.474999999999671,1.349999999999671,0.5899999999998684
N3_ANCHOR_REVERSION,NEUTRAL,SHORT,2022-08-03 19:45:00+00:00,2022-08-03 19:50:00+00:00,2022-08-03 19:50:00+00:00,2022-08-03 22:05:00+00:00,1.017,1.0173999999999999,1.0164,1.01641,TARGET,0.0004,1.474999999999671,1.349999999999671,0.5899999999998684
N3_ANCHOR_REVERSION,NEUTRAL,SHORT,2022-08-04 19:55:00+00:00,2022-08-04 20:00:00+00:00,2022-08-04 20:00:00+00:00,2022-08-04 21:00:00+00:00,1.02451,1.02491,1.02391,1.02492,STOP,0.0004,-1.0250000000000536,-1.1500000000000536,-0.41000000000002146
N3_ANCHOR_REVERSION,NEUTRAL,SHORT,2022-08-09 13:35:00+00:00,2022-08-09 13:40:00+00:00,2022-08-09 13:40:00+00:00,2022-08-09 14:15:00+00:00,1.02398,1.0243799999999998,1.02338,1.02339,TARGET,0.0004,1.474999999999671,1.349999999999671,0.5899999999998684
N3_ANCHOR_REVERSION,NEUTRAL,LONG,2022-08-09 15:00:00+00:00,2022-08-09 15:05:00+00:00,2022-08-09 15:05:00+00:00,2022-08-09 15:05:00+00:00,1.02247,1.02207,1.02307,1.02206,STOP,0.0004,-1.0250000000000536,-1.1500000000000536,-0.41000000000002146
N3_ANCHOR_REVERSION,NEUTRAL,LONG,2022-08-09 18:30:00+00:00,2022-08-09 18:35:00+00:00,2022-08-09 18:35:00+00:00,2022-08-09 19:05:00+00:00,1.0206700000000002,1.0202700000000002,1.0212700000000001,1.0202600000000002,STOP,0.0004,-1.0250000000000536,-1.1500000000000536,-0.41000000000002146
N3_ANCHOR_REVERSION,NEUTRAL,LONG,2022-08-09 19:15:00+00:00,2022-08-09 19:20:00+00:00,2022-08-09 19:20:00+00:00,2022-08-09 20:20:00+00:00,1.02072,1.0203200000000001,1.02132,1.02131,TARGET,0.0004,1.474999999999671,1.349999999999671,0.5899999999998684
N3_ANCHOR_REVERSION,NEUTRAL,SHORT,2022-08-10 12:00:00+00:00,2022-08-10 12:05:00+00:00,2022-08-10 12:05:00+00:00,2022-08-10 12:15:00+00:00,1.02556,1.02596,1.02496,1.0249700000000002,TARGET,0.0004,1.474999999999671,1.349999999999671,0.5899999999998684
N3_ANCHOR_REVERSION,NEUTRAL,SHORT,2022-08-10 12:50:00+00:00,2022-08-10 12:55:00+00:00,2022-08-10 12:55:00+00:00,2022-08-10 12:55:00+00:00,1.0332,1.0335999999999999,1.0326,1.03261,TARGET,0.0004,1.474999999999671,1.349999999999671,0.5899999999998684
N3_ANCHOR_REVERSION,NEUTRAL,LONG,2022-08-10 18:35:00+00:00,2022-08-10 18:40:00+00:00,2022-08-10 18:40:00+00:00,2022-08-10 18:45:00+00:00,1.03115,1.03075,1.03175,1.03074,STOP,0.0004,-1.0250000000000536,-1.1500000000000536,-0.41000000000002146
N3_ANCHOR_REVERSION,NEUTRAL,LONG,2022-08-10 19:40:00+00:00,2022-08-10 19:45:00+00:00,2022-08-10 19:45:00+00:00,2022-08-10 20:25:00+00:00,1.03041,1.03001,1.03101,1.03,STOP,0.0004,-1.0250000000000536,-1.1500000000000536,-0.41000000000002146
N3_ANCHOR_REVERSION,NEUTRAL,LONG,2022-08-11 01:40:00+00:00,2022-08-11 01:45:00+00:00,2022-08-11 01:45:00+00:00,2022-08-11 02:35:00+00:00,1.02871,1.02831,1.02931,1.0283,STOP,0.0004,-1.0250000000000536,-1.1500000000000536,-0.41000000000002146
N3_ANCHOR_REVERSION,NEUTRAL,LONG,2022-08-11 05:30:00+00:00,2022-08-11 05:35:00+00:00,2022-08-11 05:35:00+00:00,2022-08-11 06:05:00+00:00,1.0279500000000001,1.0275500000000002,1.02855,1.02854,TARGET,0.0004,1.474999999999671,1.349999999999671,0.5899999999998684
N3_ANCHOR_REVERSION,NEUTRAL,SHORT,2022-08-11 06:25:00+00:00,2022-08-11 06:30:00+00:00,2022-08-11 06:30:00+00:00,2022-08-11 06:40:00+00:00,1.02972,1.03012,1.02912,1.02913,TARGET,0.0004,1.474999999999671,1.349999999999671,0.5899999999998684
N3_ANCHOR_REVERSION,NEUTRAL,SHORT,2022-08-11 13:55:00+00:00,2022-08-11 14:00:00+00:00,2022-08-11 14:00:00+00:00,2022-08-11 14:10:00+00:00,1.03586,1.03626,1.03526,1.0352700000000001,TARGET,0.0004,1.474999999999671,1.349999999999671,0.5899999999998684
N3_ANCHOR_REVERSION,NEUTRAL,SHORT,2022-08-12 03:40:00+00:00,2022-08-12 03:45:00+00:00,2022-08-12 03:45:00+00:00,2022-08-12 04:05:00+00:00,1.0315999999999999,1.0319999999999998,1.031,1.0320099999999999,STOP,0.0004,-1.0250000000000536,-1.1500000000000536,-0.41000000000002146
N3_ANCHOR_REVERSION,NEUTRAL,LONG,2022-08-12 14:55:00+00:00,2022-08-12 15:00:00+00:00,2022-08-12 15:00:00+00:00,2022-08-12 15:05:00+00:00,1.0245300000000002,1.0241300000000002,1.02513,1.02512,TARGET,0.0004,1.474999999999671,1.349999999999671,0.5899999999998684
N3_ANCHOR_REVERSION,NEUTRAL,LONG,2022-08-15 08:55:00+00:00,2022-08-15 09:00:00+00:00,2022-08-15 09:00:00+00:00,2022-08-15 09:05:00+00:00,1.02078,1.02038,1.02138,1.02037,STOP,0.0004,-1.0250000000000536,-1.1500000000000536,-0.41000000000002146
N3_ANCHOR_REVERSION,NEUTRAL,LONG,2022-08-15 10:00:00+00:00,2022-08-15 10:05:00+00:00,2022-08-15 10:05:00+00:00,2022-08-15 10:10:00+00:00,1.02064,1.02024,1.02124,1.02023,STOP,0.0004,-1.0250000000000536,-1.1500000000000536,-0.41000000000002146
N3_ANCHOR_REVERSION,NEUTRAL,LONG,2022-08-15 10:30:00+00:00,2022-08-15 10:35:00+00:00,2022-08-15 10:35:00+00:00,2022-08-15 10:35:00+00:00,1.01962,1.01922,1.02022,1.01921,STOP,0.0004,-1.0250000000000536,-1.1500000000000536,-0.41000000000002146
N3_ANCHOR_REVERSION,NEUTRAL,LONG,2022-08-15 10:50:00+00:00,2022-08-15 10:55:00+00:00,2022-08-15 10:55:00+00:00,2022-08-15 11:00:00+00:00,1.0204,1.02,1.021,1.01999,STOP,0.0004,-1.0250000000000536,-1.1500000000000536,-0.41000000000002146
N3_ANCHOR_REVERSION,NEUTRAL,SHORT,2022-09-09 03:30:00+00:00,2022-09-09 03:35:00+00:00,2022-09-09 03:35:00+00:00,2022-09-09 03:35:00+00:00,1.0065499999999998,1.0069499999999998,1.00595,1.0069599999999999,STOP,0.0004,-1.0250000000000536,-1.1500000000000536,-0.41000000000002146
N3_ANCHOR_REVERSION,NEUTRAL,SHORT,2022-09-09 07:15:00+00:00,2022-09-09 07:20:00+00:00,2022-09-09 07:20:00+00:00,2022-09-09 07:20:00+00:00,1.00919,1.00959,1.00859,1.0096,STOP,0.0004,-1.0250000000000536,-1.1500000000000536,-0.41000000000002146
N3_ANCHOR_REVERSION,NEUTRAL,SHORT,2022-09-09 07:30:00+00:00,2022-09-09 07:35:00+00:00,2022-09-09 07:35:00+00:00,2022-09-09 07:35:00+00:00,1.00968,1.0100799999999999,1.00908,1.00909,TARGET,0.0004,1.474999999999671,1.349999999999671,0.5899999999998684
N3_ANCHOR_REVERSION,NEUTRAL,SHORT,2022-09-09 07:50:00+00:00,2022-09-09 07:55:00+00:00,2022-09-09 07:55:00+00:00,2022-09-09 08:00:00+00:00,1.0098399999999998,1.0102399999999998,1.00924,1.0102499999999999,STOP,0.0004,-1.0250000000000536,-1.1500000000000536,-0.41000000000002146
N3_ANCHOR_REVERSION,NEUTRAL,LONG,2022-09-12 13:25:00+00:00,2022-09-12 13:30:00+00:00,2022-09-12 13:30:00+00:00,2022-09-12 13:30:00+00:00,1.0122600000000002,1.0118600000000002,1.01286,1.0118500000000001,STOP,0.0004,-1.0250000000000536,-1.1500000000000536,-0.41000000000002146
N3_ANCHOR_REVERSION,NEUTRAL,LONG,2022-09-12 18:10:00+00:00,2022-09-12 18:15:00+00:00,2022-09-12 18:15:00+00:00,2022-09-12 18:15:00+00:00,1.01242,1.0120200000000001,1.01302,1.01201,STOP,0.0004,-1.0250000000000536,-1.1500000000000536,-0.41000000000002146
N3_ANCHOR_REVERSION,NEUTRAL,LONG,2022-09-12 18:30:00+00:00,2022-09-12 18:35:00+00:00,2022-09-12 18:35:00+00:00,2022-09-12 19:05:00+00:00,1.0114,1.0110000000000001,1.012,1.01199,TARGET,0.0004,1.474999999999671,1.349999999999671,0.5899999999998684
N3_ANCHOR_REVERSION,NEUTRAL,LONG,2022-09-13 17:00:00+00:00,2022-09-13 17:05:00+00:00,2022-09-13 17:05:00+00:00,2022-09-13 17:10:00+00:00,1.00052,1.0001200000000001,1.00112,1.00011,STOP,0.0004,-1.0250000000000536,-1.1500000000000536,-0.41000000000002146
N3_ANCHOR_REVERSION,NEUTRAL,LONG,2022-09-13 18:10:00+00:00,2022-09-13 18:15:00+00:00,2022-09-13 18:15:00+00:00,2022-09-13 18:20:00+00:00,0.9990399999999999,0.99864,0.99964,0.99863,STOP,0.0004,-1.024999999999776,-1.149999999999776,-0.40999999999991044
N3_ANCHOR_REVERSION,NEUTRAL,LONG,2022-09-13 18:55:00+00:00,2022-09-13 19:00:00+00:00,2022-09-13 19:00:00+00:00,2022-09-13 19:30:00+00:00,0.99781,0.99741,0.99841,0.9974000000000001,STOP,0.0004,-1.024999999999776,-1.149999999999776,-0.40999999999991044
N3_ANCHOR_REVERSION,NEUTRAL,LONG,2022-09-13 19:55:00+00:00,2022-09-13 20:00:00+00:00,2022-09-13 20:00:00+00:00,2022-09-13 20:30:00+00:00,0.99739,0.99699,0.99799,0.9969800000000001,STOP,0.0004,-1.024999999999776,-1.149999999999776,-0.40999999999991044
N3_ANCHOR_REVERSION,NEUTRAL,LONG,2022-09-20 05:00:00+00:00,2022-09-20 05:05:00+00:00,2022-09-20 05:05:00+00:00,2022-09-20 05:30:00+00:00,1.00232,1.0019200000000001,1.00292,1.00291,TARGET,0.0004,1.474999999999671,1.349999999999671,0.5899999999998684
N3_ANCHOR_REVERSION,NEUTRAL,LONG,2022-09-20 12:10:00+00:00,2022-09-20 12:15:00+00:00,2022-09-20 12:15:00+00:00,2022-09-20 12:15:00+00:00,0.99863,0.9982300000000001,0.9992300000000001,0.9982200000000001,STOP,0.0004,-1.024999999999776,-1.149999999999776,-0.40999999999991044
N3_ANCHOR_REVERSION,NEUTRAL,LONG,2022-09-20 12:30:00+00:00,2022-09-20 12:35:00+00:00,2022-09-20 12:35:00+00:00,2022-09-20 12:35:00+00:00,0.9971099999999999,0.99671,0.99771,0.9967,STOP,0.0004,-1.024999999999776,-1.149999999999776,-0.40999999999991044
N3_ANCHOR_REVERSION,NEUTRAL,LONG,2022-09-20 12:50:00+00:00,2022-09-20 12:55:00+00:00,2022-09-20 12:55:00+00:00,2022-09-20 13:00:00+00:00,0.9968699999999999,0.99647,0.99747,0.99746,TARGET,0.0004,1.4750000000002261,1.3500000000002261,0.5900000000000905
N3_ANCHOR_REVERSION,NEUTRAL,SHORT,2022-09-29 19:05:00+00:00,2022-09-29 19:10:00+00:00,2022-09-29 19:10:00+00:00,2022-09-29 19:10:00+00:00,0.9788600000000001,0.97926,0.97826,0.97927,STOP,0.0004,-1.024999999999776,-1.149999999999776,-0.40999999999991044
N3_ANCHOR_REVERSION,NEUTRAL,SHORT,2022-09-29 19:40:00+00:00,2022-09-29 19:45:00+00:00,2022-09-29 19:45:00+00:00,2022-09-29 20:30:00+00:00,0.9802500000000001,0.98065,0.97965,0.98066,STOP,0.0004,-1.024999999999776,-1.149999999999776,-0.40999999999991044
N3_ANCHOR_REVERSION,NEUTRAL,SHORT,2022-09-29 22:20:00+00:00,2022-09-29 22:25:00+00:00,2022-09-29 22:25:00+00:00,2022-09-29 22:30:00+00:00,0.98321,0.98361,0.98261,0.9826199999999999,TARGET,0.0004,1.4750000000002261,1.3500000000002261,0.5900000000000905
N3_ANCHOR_REVERSION,NEUTRAL,SHORT,2022-09-29 22:40:00+00:00,2022-09-29 22:45:00+00:00,2022-09-29 22:45:00+00:00,2022-09-29 23:00:00+00:00,0.98221,0.98261,0.98161,0.9816199999999999,TARGET,0.0004,1.4750000000002261,1.3500000000002261,0.5900000000000905
N3_ANCHOR_REVERSION,NEUTRAL,SHORT,2022-09-29 23:55:00+00:00,2022-09-30 00:00:00+00:00,2022-09-30 00:00:00+00:00,2022-09-30 00:00:00+00:00,0.9829100000000001,0.98331,0.98231,0.98232,TARGET,0.0004,1.4750000000002261,1.3500000000002261,0.5900000000000905
N3_ANCHOR_REVERSION,NEUTRAL,LONG,2022-09-30 02:20:00+00:00,2022-09-30 02:25:00+00:00,2022-09-30 02:25:00+00:00,2022-09-30 02:25:00+00:00,0.9802799999999999,0.97988,0.98088,0.97987,STOP,0.0004,-1.024999999999776,-1.149999999999776,-0.40999999999991044
N3_ANCHOR_REVERSION,NEUTRAL,SHORT,2022-09-30 05:40:00+00:00,2022-09-30 05:45:00+00:00,2022-09-30 05:45:00+00:00,2022-09-30 05:45:00+00:00,0.9819100000000001,0.98231,0.98131,0.98232,STOP,0.0004,-1.024999999999776,-1.149999999999776,-0.40999999999991044
N3_ANCHOR_REVERSION,NEUTRAL,SHORT,2022-10-05 19:40:00+00:00,2022-10-05 19:45:00+00:00,2022-10-05 19:45:00+00:00,2022-10-05 19:50:00+00:00,0.98921,0.98961,0.98861,0.9886199999999999,TARGET,0.0004,1.4750000000002261,1.3500000000002261,0.5900000000000905
N3_ANCHOR_REVERSION,NEUTRAL,SHORT,2022-10-06 00:30:00+00:00,2022-10-06 00:35:00+00:00,2022-10-06 00:35:00+00:00,2022-10-06 00:40:00+00:00,0.99173,0.99213,0.99113,0.9921399999999999,STOP,0.0004,-1.024999999999776,-1.149999999999776,-0.40999999999991044
N3_ANCHOR_REVERSION,NEUTRAL,SHORT,2022-10-06 00:50:00+00:00,2022-10-06 00:55:00+00:00,2022-10-06 00:55:00+00:00,2022-10-06 01:25:00+00:00,0.99189,0.99229,0.99129,0.9913,TARGET,0.0004,1.4750000000002261,1.3500000000002261,0.5900000000000905
N3_ANCHOR_REVERSION,NEUTRAL,SHORT,2022-10-06 05:40:00+00:00,2022-10-06 05:45:00+00:00,2022-10-06 05:45:00+00:00,2022-10-06 05:45:00+00:00,0.99214,0.99254,0.99154,0.9925499999999999,STOP,0.0004,-1.024999999999776,-1.149999999999776,-0.40999999999991044
N3_ANCHOR_REVERSION,NEUTRAL,SHORT,2022-10-06 05:50:00+00:00,2022-10-06 05:55:00+00:00,2022-10-06 05:55:00+00:00,2022-10-06 05:55:00+00:00,0.99211,0.99251,0.99151,0.99252,STOP,0.0004,-1.024999999999776,-1.149999999999776,-0.40999999999991044
N3_ANCHOR_REVERSION,NEUTRAL,LONG,2022-10-06 23:55:00+00:00,2022-10-07 00:00:00+00:00,2022-10-07 00:00:00+00:00,2022-10-07 00:25:00+00:00,0.9789599999999999,0.97856,0.97956,0.97955,TARGET,0.0004,1.4750000000002261,1.3500000000002261,0.5900000000000905
N3_ANCHOR_REVERSION,NEUTRAL,SHORT,2022-10-14 02:00:00+00:00,2022-10-14 02:05:00+00:00,2022-10-14 02:05:00+00:00,2022-10-14 02:05:00+00:00,0.9796900000000001,0.98009,0.97909,0.9801,STOP,0.0004,-1.024999999999776,-1.149999999999776,-0.40999999999991044
N3_ANCHOR_REVERSION,NEUTRAL,SHORT,2022-10-14 02:35:00+00:00,2022-10-14 02:40:00+00:00,2022-10-14 02:40:00+00:00,2022-10-14 03:25:00+00:00,0.97938,0.97978,0.97878,0.9787899999999999,TARGET,0.0004,1.4750000000002261,1.3500000000002261,0.5900000000000905
N3_ANCHOR_REVERSION,NEUTRAL,SHORT,2022-10-17 14:15:00+00:00,2022-10-17 14:20:00+00:00,2022-10-17 14:20:00+00:00,2022-10-17 14:20:00+00:00,0.97885,0.97925,0.97825,0.9792599999999999,STOP,0.0004,-1.024999999999776,-1.149999999999776,-0.40999999999991044
N3_ANCHOR_REVERSION,NEUTRAL,SHORT,2022-10-17 14:40:00+00:00,2022-10-17 14:45:00+00:00,2022-10-17 14:45:00+00:00,2022-10-17 14:45:00+00:00,0.9801300000000001,0.98053,0.97953,0.98054,STOP,0.0004,-1.024999999999776,-1.149999999999776,-0.40999999999991044
N3_ANCHOR_REVERSION,NEUTRAL,SHORT,2022-10-17 16:55:00+00:00,2022-10-17 17:00:00+00:00,2022-10-17 17:00:00+00:00,2022-10-17 17:05:00+00:00,0.9839,0.9843,0.9833,0.9843099999999999,STOP,0.0004,-1.024999999999776,-1.149999999999776,-0.40999999999991044
N3_ANCHOR_REVERSION,NEUTRAL,SHORT,2022-10-17 17:15:00+00:00,2022-10-17 17:20:00+00:00,2022-10-17 17:20:00+00:00,2022-10-17 17:20:00+00:00,0.9841500000000001,0.98455,0.98355,0.98456,STOP,0.0004,-1.024999999999776,-1.149999999999776,-0.40999999999991044
N3_ANCHOR_REVERSION,NEUTRAL,SHORT,2022-10-18 00:15:00+00:00,2022-10-18 00:20:00+00:00,2022-10-18 00:20:00+00:00,2022-10-18 00:30:00+00:00,0.9845700000000001,0.98497,0.98397,0.98498,STOP,0.0004,-1.024999999999776,-1.149999999999776,-0.40999999999991044
N3_ANCHOR_REVERSION,NEUTRAL,SHORT,2022-10-18 03:45:00+00:00,2022-10-18 03:50:00+00:00,2022-10-18 03:50:00+00:00,2022-10-18 04:00:00+00:00,0.98416,0.98456,0.98356,0.98457,STOP,0.0004,-1.024999999999776,-1.149999999999776,-0.40999999999991044
N3_ANCHOR_REVERSION,NEUTRAL,LONG,2022-10-19 11:15:00+00:00,2022-10-19 11:20:00+00:00,2022-10-19 11:20:00+00:00,2022-10-19 11:25:00+00:00,0.9768399999999999,0.97644,0.97744,0.97743,TARGET,0.0004,1.4750000000002261,1.3500000000002261,0.5900000000000905
N3_ANCHOR_REVERSION,NEUTRAL,LONG,2022-10-19 11:45:00+00:00,2022-10-19 11:50:00+00:00,2022-10-19 11:50:00+00:00,2022-10-19 11:50:00+00:00,0.9774499999999999,0.97705,0.97805,0.97704,STOP,0.0004,-1.024999999999776,-1.149999999999776,-0.40999999999991044
N3_ANCHOR_REVERSION,NEUTRAL,LONG,2022-10-19 11:55:00+00:00,2022-10-19 12:00:00+00:00,2022-10-19 12:00:00+00:00,2022-10-19 12:00:00+00:00,0.9783799999999999,0.97798,0.97898,0.97797,STOP,0.0004,-1.024999999999776,-1.149999999999776,-0.40999999999991044
N3_ANCHOR_REVERSION,NEUTRAL,LONG,2022-10-19 12:10:00+00:00,2022-10-19 12:15:00+00:00,2022-10-19 12:15:00+00:00,2022-10-19 12:15:00+00:00,0.97781,0.97741,0.97841,0.9774,STOP,0.0004,-1.024999999999776,-1.149999999999776,-0.40999999999991044
N3_ANCHOR_REVERSION,NEUTRAL,LONG,2022-10-20 00:05:00+00:00,2022-10-20 00:10:00+00:00,2022-10-20 00:10:00+00:00,2022-10-20 00:30:00+00:00,0.9763799999999999,0.97598,0.97698,0.97697,TARGET,0.0004,1.4750000000002261,1.3500000000002261,0.5900000000000905
N3_ANCHOR_REVERSION,NEUTRAL,SHORT,2022-10-24 05:05:00+00:00,2022-10-24 05:10:00+00:00,2022-10-24 05:10:00+00:00,2022-10-24 05:45:00+00:00,0.98451,0.98491,0.98391,0.9849199999999999,STOP,0.0004,-1.024999999999776,-1.149999999999776,-0.40999999999991044
N3_ANCHOR_REVERSION,NEUTRAL,SHORT,2022-10-25 18:30:00+00:00,2022-10-25 18:35:00+00:00,2022-10-25 18:35:00+00:00,2022-10-25 18:45:00+00:00,0.9966,0.997,0.996,0.99601,TARGET,0.0004,1.4750000000002261,1.3500000000002261,0.5900000000000905
N3_ANCHOR_REVERSION,NEUTRAL,LONG,2022-10-25 22:05:00+00:00,2022-10-25 22:10:00+00:00,2022-10-25 22:10:00+00:00,2022-10-26 00:00:00+00:00,0.9961099999999999,0.99571,0.99671,0.9967,TARGET,0.0004,1.4750000000002261,1.3500000000002261,0.5900000000000905
N3_ANCHOR_REVERSION,NEUTRAL,LONG,2022-10-26 00:35:00+00:00,2022-10-26 00:40:00+00:00,2022-10-26 00:40:00+00:00,2022-10-26 00:40:00+00:00,0.99556,0.99516,0.99616,0.9951500000000001,STOP,0.0004,-1.024999999999776,-1.149999999999776,-0.40999999999991044
N3_ANCHOR_REVERSION,NEUTRAL,LONG,2022-10-26 00:55:00+00:00,2022-10-26 01:00:00+00:00,2022-10-26 01:00:00+00:00,2022-10-26 01:15:00+00:00,0.99478,0.99438,0.99538,0.9953700000000001,TARGET,0.0004,1.4750000000002261,1.3500000000002261,0.5900000000000905
N3_ANCHOR_REVERSION,NEUTRAL,LONG,2022-10-26 02:05:00+00:00,2022-10-26 02:10:00+00:00,2022-10-26 02:10:00+00:00,2022-10-26 03:20:00+00:00,0.99502,0.9946200000000001,0.9956200000000001,0.9956100000000001,TARGET,0.0004,1.4750000000002261,1.3500000000002261,0.5900000000000905
N3_ANCHOR_REVERSION,NEUTRAL,LONG,2022-10-31 14:25:00+00:00,2022-10-31 14:30:00+00:00,2022-10-31 14:30:00+00:00,2022-10-31 14:30:00+00:00,0.99052,0.99012,0.99112,0.99011,STOP,0.0004,-1.024999999999776,-1.149999999999776,-0.40999999999991044
N3_ANCHOR_REVERSION,NEUTRAL,LONG,2022-10-31 14:40:00+00:00,2022-10-31 14:45:00+00:00,2022-10-31 14:45:00+00:00,2022-10-31 14:55:00+00:00,0.98913,0.98873,0.98973,0.98872,STOP,0.0004,-1.024999999999776,-1.149999999999776,-0.40999999999991044
N3_ANCHOR_REVERSION,NEUTRAL,LONG,2022-10-31 15:45:00+00:00,2022-10-31 15:50:00+00:00,2022-10-31 15:50:00+00:00,2022-10-31 15:50:00+00:00,0.9884799999999999,0.98808,0.98908,0.98807,STOP,0.0004,-1.024999999999776,-1.149999999999776,-0.40999999999991044
N3_ANCHOR_REVERSION,NEUTRAL,SHORT,2022-11-01 07:00:00+00:00,2022-11-01 07:05:00+00:00,2022-11-01 07:05:00+00:00,2022-11-01 07:05:00+00:00,0.9925400000000001,0.99294,0.99194,0.99295,STOP,0.0004,-1.024999999999776,-1.149999999999776,-0.40999999999991044
N3_ANCHOR_REVERSION,NEUTRAL,SHORT,2022-11-01 08:20:00+00:00,2022-11-01 08:25:00+00:00,2022-11-01 08:25:00+00:00,2022-11-01 08:30:00+00:00,0.9938400000000001,0.99424,0.99324,0.99325,TARGET,0.0004,1.4750000000002261,1.3500000000002261,0.5900000000000905
N3_ANCHOR_REVERSION,NEUTRAL,SHORT,2022-11-01 12:25:00+00:00,2022-11-01 12:30:00+00:00,2022-11-01 12:30:00+00:00,2022-11-01 12:30:00+00:00,0.9942500000000001,0.99465,0.99365,0.99466,STOP,0.0004,-1.024999999999776,-1.149999999999776,-0.40999999999991044
N3_ANCHOR_REVERSION,NEUTRAL,SHORT,2022-11-01 12:35:00+00:00,2022-11-01 12:40:00+00:00,2022-11-01 12:40:00+00:00,2022-11-01 12:40:00+00:00,0.99441,0.99481,0.99381,0.9938199999999999,TARGET,0.0004,1.4750000000002261,1.3500000000002261,0.5900000000000905
N3_ANCHOR_REVERSION,NEUTRAL,SHORT,2022-11-02 00:40:00+00:00,2022-11-02 00:45:00+00:00,2022-11-02 00:45:00+00:00,2022-11-02 00:50:00+00:00,0.98833,0.98873,0.98773,0.98874,STOP,0.0004,-1.024999999999776,-1.149999999999776,-0.40999999999991044
N3_ANCHOR_REVERSION,NEUTRAL,SHORT,2022-11-02 03:30:00+00:00,2022-11-02 03:35:00+00:00,2022-11-02 03:35:00+00:00,2022-11-02 04:00:00+00:00,0.98968,0.99008,0.98908,0.9890899999999999,TARGET,0.0004,1.4750000000002261,1.3500000000002261,0.5900000000000905
N3_ANCHOR_REVERSION,NEUTRAL,SHORT,2022-11-02 17:50:00+00:00,2022-11-02 17:55:00+00:00,2022-11-02 17:55:00+00:00,2022-11-02 17:55:00+00:00,0.9886600000000001,0.98906,0.98806,0.98807,TARGET,0.0004,1.4750000000002261,1.3500000000002261,0.5900000000000905
N3_ANCHOR_REVERSION,NEUTRAL,LONG,2022-11-02 21:35:00+00:00,2022-11-02 21:40:00+00:00,2022-11-02 21:40:00+00:00,2022-11-02 22:05:00+00:00,0.9818,0.9814,0.9824,0.9813900000000001,STOP,0.0004,-1.024999999999776,-1.149999999999776,-0.40999999999991044
N3_ANCHOR_REVERSION,NEUTRAL,LONG,2022-11-03 00:05:00+00:00,2022-11-03 00:10:00+00:00,2022-11-03 00:10:00+00:00,2022-11-03 00:50:00+00:00,0.98132,0.98092,0.98192,0.9819100000000001,TARGET,0.0004,1.4750000000002261,1.3500000000002261,0.5900000000000905
N3_ANCHOR_REVERSION,NEUTRAL,SHORT,2022-11-07 05:35:00+00:00,2022-11-07 05:40:00+00:00,2022-11-07 05:40:00+00:00,2022-11-07 05:55:00+00:00,0.9949100000000001,0.99531,0.99431,0.99432,TARGET,0.0004,1.4750000000002261,1.3500000000002261,0.5900000000000905
N3_ANCHOR_REVERSION,NEUTRAL,SHORT,2022-11-07 19:00:00+00:00,2022-11-07 19:05:00+00:00,2022-11-07 19:05:00+00:00,2022-11-07 19:20:00+00:00,1.00297,1.0033699999999999,1.00237,1.00338,STOP,0.0004,-1.0250000000000536,-1.1500000000000536,-0.41000000000002146
N3_ANCHOR_REVERSION,NEUTRAL,SHORT,2022-11-07 19:55:00+00:00,2022-11-07 20:00:00+00:00,2022-11-07 20:00:00+00:00,2022-11-07 20:05:00+00:00,1.00264,1.00304,1.00204,1.00305,STOP,0.0004,-1.0250000000000536,-1.1500000000000536,-0.41000000000002146
N3_ANCHOR_REVERSION,NEUTRAL,SHORT,2022-11-07 20:30:00+00:00,2022-11-07 20:35:00+00:00,2022-11-07 20:35:00+00:00,2022-11-07 20:55:00+00:00,1.00263,1.0030299999999999,1.00203,1.00204,TARGET,0.0004,1.474999999999671,1.349999999999671,0.5899999999998684
N3_ANCHOR_REVERSION,NEUTRAL,SHORT,2022-11-08 18:15:00+00:00,2022-11-08 18:20:00+00:00,2022-11-08 18:20:00+00:00,2022-11-08 18:20:00+00:00,1.00887,1.00927,1.00827,1.00828,TARGET,0.0004,1.474999999999671,1.349999999999671,0.5899999999998684
N3_ANCHOR_REVERSION,NEUTRAL,SHORT,2022-11-08 23:15:00+00:00,2022-11-08 23:20:00+00:00,2022-11-08 23:20:00+00:00,2022-11-09 00:00:00+00:00,1.00802,1.0084199999999999,1.00742,1.00743,TARGET,0.0004,1.474999999999671,1.349999999999671,0.5899999999998684
N3_ANCHOR_REVERSION,NEUTRAL,LONG,2022-11-09 00:15:00+00:00,2022-11-09 00:20:00+00:00,2022-11-09 00:20:00+00:00,2022-11-09 00:20:00+00:00,1.0069000000000001,1.0065000000000002,1.0075,1.00649,STOP,0.0004,-1.0250000000000536,-1.1500000000000536,-0.41000000000002146
N3_ANCHOR_REVERSION,NEUTRAL,LONG,2022-11-09 00:55:00+00:00,2022-11-09 01:00:00+00:00,2022-11-09 01:00:00+00:00,2022-11-09 01:00:00+00:00,1.0064600000000001,1.0060600000000002,1.00706,1.00605,STOP,0.0004,-1.0250000000000536,-1.1500000000000536,-0.41000000000002146
N3_ANCHOR_REVERSION,NEUTRAL,SHORT,2022-11-09 03:10:00+00:00,2022-11-09 03:15:00+00:00,2022-11-09 03:15:00+00:00,2022-11-09 03:35:00+00:00,1.0079399999999998,1.0083399999999998,1.00734,1.00735,TARGET,0.0004,1.474999999999671,1.349999999999671,0.5899999999998684
N3_ANCHOR_REVERSION,NEUTRAL,LONG,2022-11-09 06:15:00+00:00,2022-11-09 06:20:00+00:00,2022-11-09 06:20:00+00:00,2022-11-09 06:55:00+00:00,1.00608,1.0056800000000001,1.00668,1.00567,STOP,0.0004,-1.0250000000000536,-1.1500000000000536,-0.41000000000002146
N3_ANCHOR_REVERSION,NEUTRAL,SHORT,2022-11-10 01:10:00+00:00,2022-11-10 01:15:00+00:00,2022-11-10 01:15:00+00:00,2022-11-10 01:15:00+00:00,1.0024499999999998,1.0028499999999998,1.00185,1.0028599999999999,STOP,0.0004,-1.0250000000000536,-1.1500000000000536,-0.41000000000002146
N3_ANCHOR_REVERSION,NEUTRAL,SHORT,2022-11-10 01:30:00+00:00,2022-11-10 01:35:00+00:00,2022-11-10 01:35:00+00:00,2022-11-10 02:05:00+00:00,1.00244,1.00284,1.00184,1.0018500000000001,TARGET,0.0004,1.474999999999671,1.349999999999671,0.5899999999998684
N3_ANCHOR_REVERSION,NEUTRAL,SHORT,2022-11-22 19:00:00+00:00,2022-11-22 19:05:00+00:00,2022-11-22 19:05:00+00:00,2022-11-22 19:40:00+00:00,1.02998,1.0303799999999999,1.02938,1.02939,TARGET,0.0004,1.474999999999671,1.349999999999671,0.5899999999998684
N3_ANCHOR_REVERSION,NEUTRAL,LONG,2022-12-07 06:15:00+00:00,2022-12-07 06:20:00+00:00,2022-12-07 06:20:00+00:00,2022-12-07 06:25:00+00:00,1.0454100000000002,1.0450100000000002,1.04601,1.0450000000000002,STOP,0.0004,-1.0250000000000536,-1.1500000000000536,-0.41000000000002146
N3_ANCHOR_REVERSION,NEUTRAL,LONG,2022-12-07 06:30:00+00:00,2022-12-07 06:35:00+00:00,2022-12-07 06:35:00+00:00,2022-12-07 06:50:00+00:00,1.04525,1.04485,1.04585,1.04484,STOP,0.0004,-1.0250000000000536,-1.1500000000000536,-0.41000000000002146
N3_ANCHOR_REVERSION,NEUTRAL,LONG,2022-12-07 07:00:00+00:00,2022-12-07 07:05:00+00:00,2022-12-07 07:05:00+00:00,2022-12-07 07:10:00+00:00,1.04552,1.04512,1.04612,1.04511,STOP,0.0004,-1.0250000000000536,-1.1500000000000536,-0.41000000000002146
N3_ANCHOR_REVERSION,NEUTRAL,LONG,2022-12-07 07:15:00+00:00,2022-12-07 07:20:00+00:00,2022-12-07 07:20:00+00:00,2022-12-07 07:25:00+00:00,1.04498,1.04458,1.04558,1.0455699999999999,TARGET,0.0004,1.474999999999671,1.349999999999671,0.5899999999998684
N3_ANCHOR_REVERSION,NEUTRAL,LONG,2022-12-12 18:05:00+00:00,2022-12-12 18:10:00+00:00,2022-12-12 18:10:00+00:00,2022-12-12 18:10:00+00:00,1.0533100000000002,1.0529100000000002,1.0539100000000001,1.0529000000000002,STOP,0.0004,-1.0250000000000536,-1.1500000000000536,-0.41000000000002146
N3_ANCHOR_REVERSION,NEUTRAL,LONG,2022-12-12 18:25:00+00:00,2022-12-12 18:30:00+00:00,2022-12-12 18:30:00+00:00,2022-12-12 18:30:00+00:00,1.05213,1.05173,1.05273,1.05172,STOP,0.0004,-1.0250000000000536,-1.1500000000000536,-0.41000000000002146
N3_ANCHOR_REVERSION,NEUTRAL,SHORT,2022-12-12 23:50:00+00:00,2022-12-12 23:55:00+00:00,2022-12-12 23:55:00+00:00,2022-12-13 00:30:00+00:00,1.05403,1.05443,1.05343,1.05444,STOP,0.0004,-1.0250000000000536,-1.1500000000000536,-0.41000000000002146
N3_ANCHOR_REVERSION,NEUTRAL,SHORT,2022-12-13 00:45:00+00:00,2022-12-13 00:50:00+00:00,2022-12-13 00:50:00+00:00,2022-12-13 01:00:00+00:00,1.0543799999999999,1.0547799999999998,1.05378,1.05479,STOP,0.0004,-1.0250000000000536,-1.1500000000000536,-0.41000000000002146
N3_ANCHOR_REVERSION,NEUTRAL,SHORT,2022-12-13 01:00:00+00:00,2022-12-13 01:05:00+00:00,2022-12-13 01:05:00+00:00,2022-12-13 01:10:00+00:00,1.05429,1.05469,1.05369,1.0547,STOP,0.0004,-1.0250000000000536,-1.1500000000000536,-0.41000000000002146
N3_ANCHOR_REVERSION,NEUTRAL,SHORT,2022-12-13 01:20:00+00:00,2022-12-13 01:25:00+00:00,2022-12-13 01:25:00+00:00,2022-12-13 01:45:00+00:00,1.0544499999999999,1.0548499999999998,1.05385,1.05486,STOP,0.0004,-1.0250000000000536,-1.1500000000000536,-0.41000000000002146
N3_ANCHOR_REVERSION,NEUTRAL,SHORT,2022-12-13 02:00:00+00:00,2022-12-13 02:05:00+00:00,2022-12-13 02:05:00+00:00,2022-12-13 02:05:00+00:00,1.0546,1.055,1.054,1.05501,STOP,0.0004,-1.0250000000000536,-1.1500000000000536,-0.41000000000002146
N3_ANCHOR_REVERSION,NEUTRAL,SHORT,2022-12-16 00:10:00+00:00,2022-12-16 00:15:00+00:00,2022-12-16 00:15:00+00:00,2022-12-16 00:25:00+00:00,1.06378,1.06418,1.06318,1.06419,STOP,0.0004,-1.0250000000000536,-1.1500000000000536,-0.41000000000002146
N3_ANCHOR_REVERSION,NEUTRAL,SHORT,2022-12-16 00:30:00+00:00,2022-12-16 00:35:00+00:00,2022-12-16 00:35:00+00:00,2022-12-16 00:50:00+00:00,1.06411,1.0645099999999998,1.06351,1.06352,TARGET,0.0004,1.474999999999671,1.349999999999671,0.5899999999998684
N3_ANCHOR_REVERSION,NEUTRAL,SHORT,2022-12-16 01:05:00+00:00,2022-12-16 01:10:00+00:00,2022-12-16 01:10:00+00:00,2022-12-16 01:40:00+00:00,1.06411,1.0645099999999998,1.06351,1.06452,STOP,0.0004,-1.0250000000000536,-1.1500000000000536,-0.41000000000002146
N3_ANCHOR_REVERSION,NEUTRAL,SHORT,2022-12-16 01:55:00+00:00,2022-12-16 02:00:00+00:00,2022-12-16 02:00:00+00:00,2022-12-16 02:00:00+00:00,1.06416,1.06456,1.06356,1.06457,STOP,0.0004,-1.0250000000000536,-1.1500000000000536,-0.41000000000002146
N3_ANCHOR_REVERSION,NEUTRAL,SHORT,2022-12-19 06:55:00+00:00,2022-12-19 07:00:00+00:00,2022-12-19 07:00:00+00:00,2022-12-19 07:05:00+00:00,1.0628799999999998,1.0632799999999998,1.06228,1.0632899999999998,STOP,0.0004,-1.0250000000000536,-1.1500000000000536,-0.41000000000002146
N3_ANCHOR_REVERSION,NEUTRAL,SHORT,2022-12-19 07:10:00+00:00,2022-12-19 07:15:00+00:00,2022-12-19 07:15:00+00:00,2022-12-19 07:45:00+00:00,1.06355,1.06395,1.06295,1.0629600000000001,TARGET,0.0004,1.474999999999671,1.349999999999671,0.5899999999998684
N3_ANCHOR_REVERSION,NEUTRAL,SHORT,2022-12-19 07:50:00+00:00,2022-12-19 07:55:00+00:00,2022-12-19 07:55:00+00:00,2022-12-19 08:00:00+00:00,1.06271,1.06311,1.06211,1.06312,STOP,0.0004,-1.0250000000000536,-1.1500000000000536,-0.41000000000002146
N3_ANCHOR_REVERSION,NEUTRAL,SHORT,2022-12-19 08:25:00+00:00,2022-12-19 08:30:00+00:00,2022-12-19 08:30:00+00:00,2022-12-19 08:30:00+00:00,1.06384,1.0642399999999999,1.06324,1.06425,STOP,0.0004,-1.0250000000000536,-1.1500000000000536,-0.41000000000002146
N3_ANCHOR_REVERSION,NEUTRAL,LONG,2022-12-20 05:55:00+00:00,2022-12-20 06:00:00+00:00,2022-12-20 06:00:00+00:00,2022-12-20 06:05:00+00:00,1.0587,1.0583,1.0593,1.05829,STOP,0.0004,-1.0250000000000536,-1.1500000000000536,-0.41000000000002146
N3_ANCHOR_REVERSION,NEUTRAL,SHORT,2022-12-20 09:00:00+00:00,2022-12-20 09:05:00+00:00,2022-12-20 09:05:00+00:00,2022-12-20 09:05:00+00:00,1.0628,1.0632,1.0622,1.06321,STOP,0.0004,-1.0250000000000536,-1.1500000000000536,-0.41000000000002146
N3_ANCHOR_REVERSION,NEUTRAL,SHORT,2022-12-20 09:30:00+00:00,2022-12-20 09:35:00+00:00,2022-12-20 09:35:00+00:00,2022-12-20 09:35:00+00:00,1.0631899999999999,1.0635899999999998,1.06259,1.0635999999999999,STOP,0.0004,-1.0250000000000536,-1.1500000000000536,-0.41000000000002146
N3_ANCHOR_REVERSION,NEUTRAL,SHORT,2022-12-20 12:00:00+00:00,2022-12-20 12:05:00+00:00,2022-12-20 12:05:00+00:00,2022-12-20 12:20:00+00:00,1.06385,1.06425,1.06325,1.06326,TARGET,0.0004,1.474999999999671,1.349999999999671,0.5899999999998684
N3_ANCHOR_REVERSION,NEUTRAL,LONG,2022-12-22 15:10:00+00:00,2022-12-22 15:15:00+00:00,2022-12-22 15:15:00+00:00,2022-12-22 15:20:00+00:00,1.06004,1.0596400000000001,1.06064,1.05963,STOP,0.0004,-1.0250000000000536,-1.1500000000000536,-0.41000000000002146
N3_ANCHOR_REVERSION,NEUTRAL,LONG,2022-12-22 18:15:00+00:00,2022-12-22 18:20:00+00:00,2022-12-22 18:20:00+00:00,2022-12-22 18:20:00+00:00,1.05881,1.05841,1.05941,1.0584,STOP,0.0004,-1.0250000000000536,-1.1500000000000536,-0.41000000000002146
N3_ANCHOR_REVERSION,NEUTRAL,LONG,2022-12-22 18:50:00+00:00,2022-12-22 18:55:00+00:00,2022-12-22 18:55:00+00:00,2022-12-22 19:25:00+00:00,1.05799,1.05759,1.05859,1.05758,STOP,0.0004,-1.0250000000000536,-1.1500000000000536,-0.41000000000002146
N3_ANCHOR_REVERSION,NEUTRAL,LONG,2022-12-22 19:45:00+00:00,2022-12-22 19:50:00+00:00,2022-12-22 19:50:00+00:00,2022-12-22 19:50:00+00:00,1.05804,1.0576400000000001,1.05864,1.05863,TARGET,0.0004,1.474999999999671,1.349999999999671,0.5899999999998684
N3_ANCHOR_REVERSION,NEUTRAL,SHORT,2022-12-23 00:00:00+00:00,2022-12-23 00:05:00+00:00,2022-12-23 00:05:00+00:00,2022-12-23 00:15:00+00:00,1.0599999999999998,1.0603999999999998,1.0594,1.0604099999999999,STOP,0.0004,-1.0250000000000536,-1.1500000000000536,-0.41000000000002146
N3_ANCHOR_REVERSION,NEUTRAL,SHORT,2022-12-23 00:20:00+00:00,2022-12-23 00:25:00+00:00,2022-12-23 00:25:00+00:00,2022-12-23 00:50:00+00:00,1.06013,1.06053,1.05953,1.0595400000000001,TARGET,0.0004,1.474999999999671,1.349999999999671,0.5899999999998684
N3_ANCHOR_REVERSION,NEUTRAL,LONG,2022-12-23 01:05:00+00:00,2022-12-23 01:10:00+00:00,2022-12-23 01:10:00+00:00,2022-12-23 01:30:00+00:00,1.05928,1.05888,1.05988,1.0598699999999999,TARGET,0.0004,1.474999999999671,1.349999999999671,0.5899999999998684
N3_ANCHOR_REVERSION,NEUTRAL,LONG,2022-12-27 03:35:00+00:00,2022-12-27 03:40:00+00:00,2022-12-27 03:40:00+00:00,2022-12-27 04:15:00+00:00,1.06383,1.06343,1.06443,1.06442,TARGET,0.0004,1.474999999999671,1.349999999999671,0.5899999999998684
N3_ANCHOR_REVERSION,NEUTRAL,SHORT,2022-12-27 06:05:00+00:00,2022-12-27 06:10:00+00:00,2022-12-27 06:10:00+00:00,2022-12-27 06:40:00+00:00,1.06575,1.06615,1.06515,1.06616,STOP,0.0004,-1.0250000000000536,-1.1500000000000536,-0.41000000000002146
N3_ANCHOR_REVERSION,NEUTRAL,SHORT,2022-12-27 06:55:00+00:00,2022-12-27 07:00:00+00:00,2022-12-27 07:00:00+00:00,2022-12-27 07:00:00+00:00,1.06636,1.06676,1.06576,1.06677,STOP,0.0004,-1.0250000000000536,-1.1500000000000536,-0.41000000000002146
N3_ANCHOR_REVERSION,NEUTRAL,SHORT,2022-12-27 07:10:00+00:00,2022-12-27 07:15:00+00:00,2022-12-27 07:15:00+00:00,2022-12-27 07:15:00+00:00,1.06572,1.06612,1.06512,1.06613,STOP,0.0004,-1.0250000000000536,-1.1500000000000536,-0.41000000000002146
N3_ANCHOR_REVERSION,NEUTRAL,LONG,2022-12-28 00:30:00+00:00,2022-12-28 00:35:00+00:00,2022-12-28 00:35:00+00:00,2022-12-28 00:45:00+00:00,1.0629600000000001,1.0625600000000002,1.06356,1.06255,STOP,0.0004,-1.0250000000000536,-1.1500000000000536,-0.41000000000002146
N3_ANCHOR_REVERSION,NEUTRAL,LONG,2022-12-28 00:55:00+00:00,2022-12-28 01:00:00+00:00,2022-12-28 01:00:00+00:00,2022-12-28 01:20:00+00:00,1.0628900000000001,1.0624900000000002,1.06349,1.06348,TARGET,0.0004,1.474999999999671,1.349999999999671,0.5899999999998684
N3_ANCHOR_REVERSION,NEUTRAL,LONG,2022-12-28 19:00:00+00:00,2022-12-28 19:05:00+00:00,2022-12-28 19:05:00+00:00,2022-12-28 19:25:00+00:00,1.06207,1.0616700000000001,1.06267,1.06266,TARGET,0.0004,1.474999999999671,1.349999999999671,0.5899999999998684
N3_ANCHOR_REVERSION,NEUTRAL,LONG,2022-12-28 19:40:00+00:00,2022-12-28 19:45:00+00:00,2022-12-28 19:45:00+00:00,2022-12-28 19:50:00+00:00,1.0623900000000002,1.0619900000000002,1.06299,1.0619800000000001,STOP,0.0004,-1.0250000000000536,-1.1500000000000536,-0.41000000000002146
N3_ANCHOR_REVERSION,NEUTRAL,SHORT,2022-12-29 17:55:00+00:00,2022-12-29 18:00:00+00:00,2022-12-29 18:00:00+00:00,2022-12-29 18:05:00+00:00,1.06819,1.06859,1.06759,1.0676,TARGET,0.0004,1.474999999999671,1.349999999999671,0.5899999999998684
N3_ANCHOR_REVERSION,NEUTRAL,SHORT,2022-12-29 18:10:00+00:00,2022-12-29 18:15:00+00:00,2022-12-29 18:15:00+00:00,2022-12-29 20:10:00+00:00,1.06767,1.0680699999999999,1.06707,1.06708,TARGET,0.0004,1.474999999999671,1.349999999999671,0.5899999999998684
N3_ANCHOR_REVERSION,NEUTRAL,LONG,2022-12-29 23:30:00+00:00,2022-12-29 23:35:00+00:00,2022-12-29 23:35:00+00:00,2022-12-30 00:05:00+00:00,1.06599,1.06559,1.06659,1.0665799999999999,TARGET,0.0004,1.474999999999671,1.349999999999671,0.5899999999998684
N3_ANCHOR_REVERSION,NEUTRAL,SHORT,2022-12-30 12:50:00+00:00,2022-12-30 12:55:00+00:00,2022-12-30 12:55:00+00:00,2022-12-30 12:55:00+00:00,1.0681399999999999,1.0685399999999998,1.06754,1.06755,TARGET,0.0004,1.474999999999671,1.349999999999671,0.5899999999998684
N3_ANCHOR_REVERSION,NEUTRAL,LONG,2022-12-30 13:35:00+00:00,2022-12-30 13:40:00+00:00,2022-12-30 13:40:00+00:00,2022-12-30 13:40:00+00:00,1.0658500000000002,1.0654500000000002,1.0664500000000001,1.06644,TARGET,0.0004,1.474999999999671,1.349999999999671,0.5899999999998684
N3_ANCHOR_REVERSION,NEUTRAL,LONG,2023-01-02 02:20:00+00:00,2023-01-02 02:25:00+00:00,2023-01-02 02:25:00+00:00,2023-01-02 02:25:00+00:00,1.07007,1.0696700000000001,1.07067,1.06908,STOP,0.0004,-2.475000000000116,-2.600000000000116,-0.9900000000000464
N3_ANCHOR_REVERSION,NEUTRAL,SHORT,2023-01-02 04:20:00+00:00,2023-01-02 04:25:00+00:00,2023-01-02 04:25:00+00:00,2023-01-02 04:25:00+00:00,1.06994,1.0703399999999998,1.06934,1.07058,STOP,0.0004,-1.60000000000049,-1.72500000000049,-0.640000000000196
N3_ANCHOR_REVERSION,NEUTRAL,SHORT,2023-01-02 05:00:00+00:00,2023-01-02 05:05:00+00:00,2023-01-02 05:05:00+00:00,2023-01-02 05:05:00+00:00,1.06992,1.07032,1.06932,1.0704500000000001,STOP,0.0004,-1.3250000000003537,-1.4500000000003537,-0.5300000000001415
N3_ANCHOR_REVERSION,NEUTRAL,LONG,2023-01-02 07:35:00+00:00,2023-01-02 07:40:00+00:00,2023-01-02 07:40:00+00:00,2023-01-02 07:40:00+00:00,1.0686200000000001,1.0682200000000002,1.06922,1.06821,STOP,0.0004,-1.0250000000000536,-1.1500000000000536,-0.41000000000002146
N3_ANCHOR_REVERSION,NEUTRAL,LONG,2023-01-03 01:50:00+00:00,2023-01-03 01:55:00+00:00,2023-01-03 01:55:00+00:00,2023-01-03 02:20:00+00:00,1.06573,1.06533,1.06633,1.06632,TARGET,0.0004,1.474999999999671,1.349999999999671,0.5899999999998684
N3_ANCHOR_REVERSION,NEUTRAL,LONG,2023-01-03 10:30:00+00:00,2023-01-03 10:35:00+00:00,2023-01-03 10:35:00+00:00,2023-01-03 10:40:00+00:00,1.05411,1.0537100000000001,1.05471,1.0537,STOP,0.0004,-1.0250000000000536,-1.1500000000000536,-0.41000000000002146
N3_ANCHOR_REVERSION,NEUTRAL,LONG,2023-01-03 12:10:00+00:00,2023-01-03 12:15:00+00:00,2023-01-03 12:15:00+00:00,2023-01-03 12:25:00+00:00,1.05336,1.0529600000000001,1.05396,1.05395,TARGET,0.0004,1.474999999999671,1.349999999999671,0.5899999999998684
N3_ANCHOR_REVERSION,NEUTRAL,LONG,2023-01-03 13:05:00+00:00,2023-01-03 13:10:00+00:00,2023-01-03 13:10:00+00:00,2023-01-03 13:10:00+00:00,1.0537500000000002,1.0533500000000002,1.0543500000000001,1.05434,TARGET,0.0004,1.474999999999671,1.349999999999671,0.5899999999998684
N3_ANCHOR_REVERSION,NEUTRAL,LONG,2023-01-04 13:15:00+00:00,2023-01-04 13:20:00+00:00,2023-01-04 13:20:00+00:00,2023-01-04 13:20:00+00:00,1.05989,1.05949,1.06049,1.0604799999999999,TARGET,0.0004,1.474999999999671,1.349999999999671,0.5899999999998684
N3_ANCHOR_REVERSION,NEUTRAL,SHORT,2023-01-04 14:55:00+00:00,2023-01-04 15:00:00+00:00,2023-01-04 15:00:00+00:00,2023-01-04 15:00:00+00:00,1.0623799999999999,1.0627799999999998,1.06178,1.06179,TARGET,0.0004,1.474999999999671,1.349999999999671,0.5899999999998684
N3_ANCHOR_REVERSION,NEUTRAL,LONG,2023-01-04 15:15:00+00:00,2023-01-04 15:20:00+00:00,2023-01-04 15:20:00+00:00,2023-01-04 15:20:00+00:00,1.05939,1.05899,1.05999,1.05898,STOP,0.0004,-1.0250000000000536,-1.1500000000000536,-0.41000000000002146
N3_ANCHOR_REVERSION,NEUTRAL,LONG,2023-01-04 15:35:00+00:00,2023-01-04 15:40:00+00:00,2023-01-04 15:40:00+00:00,2023-01-04 15:40:00+00:00,1.0594000000000001,1.0590000000000002,1.06,1.05899,STOP,0.0004,-1.0250000000000536,-1.1500000000000536,-0.41000000000002146
N3_ANCHOR_REVERSION,NEUTRAL,LONG,2023-01-05 15:10:00+00:00,2023-01-05 15:15:00+00:00,2023-01-05 15:15:00+00:00,2023-01-05 15:15:00+00:00,1.0543600000000002,1.0539600000000002,1.0549600000000001,1.0539500000000002,STOP,0.0004,-1.0250000000000536,-1.1500000000000536,-0.41000000000002146
N3_ANCHOR_REVERSION,NEUTRAL,LONG,2023-01-05 22:45:00+00:00,2023-01-05 22:50:00+00:00,2023-01-05 22:50:00+00:00,2023-01-06 00:10:00+00:00,1.05234,1.05194,1.05294,1.05193,STOP,0.0004,-1.0250000000000536,-1.1500000000000536,-0.41000000000002146
N3_ANCHOR_REVERSION,NEUTRAL,LONG,2023-01-06 00:10:00+00:00,2023-01-06 00:15:00+00:00,2023-01-06 00:15:00+00:00,2023-01-06 00:30:00+00:00,1.05213,1.05173,1.05273,1.0527199999999999,TARGET,0.0004,1.474999999999671,1.349999999999671,0.5899999999998684
N3_ANCHOR_REVERSION,NEUTRAL,SHORT,2023-01-06 01:05:00+00:00,2023-01-06 01:10:00+00:00,2023-01-06 01:10:00+00:00,2023-01-06 02:10:00+00:00,1.0528499999999998,1.0532499999999998,1.05225,1.0532599999999999,STOP,0.0004,-1.0250000000000536,-1.1500000000000536,-0.41000000000002146
N3_ANCHOR_REVERSION,NEUTRAL,SHORT,2023-01-06 19:10:00+00:00,2023-01-06 19:15:00+00:00,2023-01-06 19:15:00+00:00,2023-01-06 19:30:00+00:00,1.06432,1.0647199999999999,1.06372,1.06473,STOP,0.0004,-1.0250000000000536,-1.1500000000000536,-0.41000000000002146
N3_ANCHOR_REVERSION,NEUTRAL,SHORT,2023-01-06 19:55:00+00:00,2023-01-06 20:00:00+00:00,2023-01-06 20:00:00+00:00,2023-01-06 21:55:00+00:00,1.06452,1.0649199999999999,1.06392,1.06467,TIME_12H,0.0004,-0.37500000000023626,-0.5000000000002363,-0.1500000000000945
N3_ANCHOR_REVERSION,NEUTRAL,SHORT,2023-01-08 23:05:00+00:00,2023-01-08 23:10:00+00:00,2023-01-08 23:10:00+00:00,2023-01-08 23:10:00+00:00,1.0643799999999999,1.0647799999999998,1.06378,1.06479,STOP,0.0004,-1.0250000000000536,-1.1500000000000536,-0.41000000000002146
N3_ANCHOR_REVERSION,NEUTRAL,SHORT,2023-01-08 23:30:00+00:00,2023-01-08 23:35:00+00:00,2023-01-08 23:35:00+00:00,2023-01-08 23:35:00+00:00,1.0651599999999999,1.0655599999999998,1.06456,1.06557,STOP,0.0004,-1.0250000000000536,-1.1500000000000536,-0.41000000000002146
N3_ANCHOR_REVERSION,NEUTRAL,SHORT,2023-01-09 00:15:00+00:00,2023-01-09 00:20:00+00:00,2023-01-09 00:20:00+00:00,2023-01-09 00:25:00+00:00,1.06605,1.06645,1.06545,1.06546,TARGET,0.0004,1.474999999999671,1.349999999999671,0.5899999999998684
N3_ANCHOR_REVERSION,NEUTRAL,SHORT,2023-01-09 01:05:00+00:00,2023-01-09 01:10:00+00:00,2023-01-09 01:10:00+00:00,2023-01-09 01:15:00+00:00,1.0663,1.0667,1.0657,1.0657100000000002,TARGET,0.0004,1.474999999999671,1.349999999999671,0.5899999999998684
N3_ANCHOR_REVERSION,NEUTRAL,SHORT,2023-01-09 01:30:00+00:00,2023-01-09 01:35:00+00:00,2023-01-09 01:35:00+00:00,2023-01-09 01:35:00+00:00,1.06613,1.06653,1.06553,1.06654,STOP,0.0004,-1.0250000000000536,-1.1500000000000536,-0.41000000000002146
N3_ANCHOR_REVERSION,NEUTRAL,SHORT,2023-01-09 01:50:00+00:00,2023-01-09 01:55:00+00:00,2023-01-09 01:55:00+00:00,2023-01-09 02:10:00+00:00,1.0668199999999999,1.0672199999999998,1.06622,1.06723,STOP,0.0004,-1.0250000000000536,-1.1500000000000536,-0.41000000000002146
N3_ANCHOR_REVERSION,NEUTRAL,SHORT,2023-01-17 13:05:00+00:00,2023-01-17 13:10:00+00:00,2023-01-17 13:10:00+00:00,2023-01-17 13:20:00+00:00,1.08452,1.0849199999999999,1.08392,1.08393,TARGET,0.0004,1.474999999999671,1.349999999999671,0.5899999999998684
N3_ANCHOR_REVERSION,NEUTRAL,SHORT,2023-01-17 13:35:00+00:00,2023-01-17 13:40:00+00:00,2023-01-17 13:40:00+00:00,2023-01-17 13:45:00+00:00,1.08506,1.0854599999999999,1.08446,1.08547,STOP,0.0004,-1.0250000000000536,-1.1500000000000536,-0.41000000000002146
N3_ANCHOR_REVERSION,NEUTRAL,SHORT,2023-01-17 14:25:00+00:00,2023-01-17 14:30:00+00:00,2023-01-17 14:30:00+00:00,2023-01-17 14:30:00+00:00,1.08623,1.08663,1.08563,1.08664,STOP,0.0004,-1.0250000000000536,-1.1500000000000536,-0.41000000000002146
N3_ANCHOR_REVERSION,NEUTRAL,SHORT,2023-01-23 08:05:00+00:00,2023-01-23 08:10:00+00:00,2023-01-23 08:10:00+00:00,2023-01-23 08:10:00+00:00,1.0909,1.0913,1.0903,1.0903100000000001,TARGET,0.0004,1.474999999999671,1.349999999999671,0.5899999999998684
N3_ANCHOR_REVERSION,NEUTRAL,LONG,2023-01-23 19:50:00+00:00,2023-01-23 19:55:00+00:00,2023-01-23 19:55:00+00:00,2023-01-23 19:55:00+00:00,1.08525,1.08485,1.08585,1.08584,TARGET,0.0004,1.474999999999671,1.349999999999671,0.5899999999998684
N3_ANCHOR_REVERSION,NEUTRAL,SHORT,2023-01-23 22:35:00+00:00,2023-01-23 22:40:00+00:00,2023-01-23 22:40:00+00:00,2023-01-23 23:00:00+00:00,1.08691,1.08731,1.08631,1.08732,STOP,0.0004,-1.0250000000000536,-1.1500000000000536,-0.41000000000002146
N3_ANCHOR_REVERSION,NEUTRAL,SHORT,2023-01-24 00:20:00+00:00,2023-01-24 00:25:00+00:00,2023-01-24 00:25:00+00:00,2023-01-24 01:15:00+00:00,1.08731,1.08771,1.08671,1.08772,STOP,0.0004,-1.0250000000000536,-1.1500000000000536,-0.41000000000002146
N3_ANCHOR_REVERSION,NEUTRAL,SHORT,2023-01-24 01:25:00+00:00,2023-01-24 01:30:00+00:00,2023-01-24 01:30:00+00:00,2023-01-24 01:35:00+00:00,1.08743,1.0878299999999999,1.08683,1.08784,STOP,0.0004,-1.0250000000000536,-1.1500000000000536,-0.41000000000002146
N3_ANCHOR_REVERSION,NEUTRAL,SHORT,2023-01-24 01:45:00+00:00,2023-01-24 01:50:00+00:00,2023-01-24 01:50:00+00:00,2023-01-24 02:00:00+00:00,1.0879299999999998,1.0883299999999998,1.08733,1.0883399999999999,STOP,0.0004,-1.0250000000000536,-1.1500000000000536,-0.41000000000002146
N3_ANCHOR_REVERSION,NEUTRAL,SHORT,2023-01-25 01:05:00+00:00,2023-01-25 01:10:00+00:00,2023-01-25 01:10:00+00:00,2023-01-25 01:30:00+00:00,1.08883,1.08923,1.08823,1.08924,STOP,0.0004,-1.0250000000000536,-1.1500000000000536,-0.41000000000002146
N3_ANCHOR_REVERSION,NEUTRAL,SHORT,2023-01-25 02:35:00+00:00,2023-01-25 02:40:00+00:00,2023-01-25 02:40:00+00:00,2023-01-25 03:05:00+00:00,1.08996,1.09036,1.08936,1.0893700000000002,TARGET,0.0004,1.474999999999671,1.349999999999671,0.5899999999998684
N3_ANCHOR_REVERSION,NEUTRAL,SHORT,2023-01-25 03:25:00+00:00,2023-01-25 03:30:00+00:00,2023-01-25 03:30:00+00:00,2023-01-25 04:05:00+00:00,1.0897599999999998,1.0901599999999998,1.08916,1.0901699999999999,STOP,0.0004,-1.0250000000000536,-1.1500000000000536,-0.41000000000002146
N3_ANCHOR_REVERSION,NEUTRAL,SHORT,2023-01-25 04:30:00+00:00,2023-01-25 04:35:00+00:00,2023-01-25 04:35:00+00:00,2023-01-25 05:50:00+00:00,1.08992,1.09032,1.08932,1.0893300000000001,TARGET,0.0004,1.474999999999671,1.349999999999671,0.5899999999998684
N3_ANCHOR_REVERSION,NEUTRAL,SHORT,2023-01-26 20:25:00+00:00,2023-01-26 20:30:00+00:00,2023-01-26 20:30:00+00:00,2023-01-26 20:55:00+00:00,1.08887,1.08927,1.08827,1.08928,STOP,0.0004,-1.0250000000000536,-1.1500000000000536,-0.41000000000002146
N3_ANCHOR_REVERSION,NEUTRAL,SHORT,2023-01-26 21:55:00+00:00,2023-01-26 22:00:00+00:00,2023-01-26 22:00:00+00:00,2023-01-26 23:20:00+00:00,1.08917,1.08957,1.08857,1.08958,STOP,0.0004,-1.0250000000000536,-1.1500000000000536,-0.41000000000002146
N3_ANCHOR_REVERSION,NEUTRAL,SHORT,2023-01-26 23:25:00+00:00,2023-01-26 23:30:00+00:00,2023-01-26 23:30:00+00:00,2023-01-26 23:35:00+00:00,1.0892899999999999,1.0896899999999998,1.08869,1.0897,STOP,0.0004,-1.0250000000000536,-1.1500000000000536,-0.41000000000002146
N3_ANCHOR_REVERSION,NEUTRAL,SHORT,2023-01-26 23:35:00+00:00,2023-01-26 23:40:00+00:00,2023-01-26 23:40:00+00:00,2023-01-27 00:00:00+00:00,1.0894199999999998,1.0898199999999998,1.08882,1.0898299999999999,STOP,0.0004,-1.0250000000000536,-1.1500000000000536,-0.41000000000002146
N3_ANCHOR_REVERSION,NEUTRAL,SHORT,2023-01-27 00:10:00+00:00,2023-01-27 00:15:00+00:00,2023-01-27 00:15:00+00:00,2023-01-27 00:30:00+00:00,1.08955,1.08995,1.08895,1.08996,STOP,0.0004,-1.0250000000000536,-1.1500000000000536,-0.41000000000002146
N3_ANCHOR_REVERSION,NEUTRAL,LONG,2023-01-27 01:25:00+00:00,2023-01-27 01:30:00+00:00,2023-01-27 01:30:00+00:00,2023-01-27 01:50:00+00:00,1.0890300000000002,1.0886300000000002,1.08963,1.0886200000000001,STOP,0.0004,-1.0250000000000536,-1.1500000000000536,-0.41000000000002146
N3_ANCHOR_REVERSION,NEUTRAL,LONG,2023-01-27 01:50:00+00:00,2023-01-27 01:55:00+00:00,2023-01-27 01:55:00+00:00,2023-01-27 02:15:00+00:00,1.0889300000000002,1.0885300000000002,1.08953,1.0885200000000002,STOP,0.0004,-1.0250000000000536,-1.1500000000000536,-0.41000000000002146
N3_ANCHOR_REVERSION,NEUTRAL,LONG,2023-01-27 04:05:00+00:00,2023-01-27 04:10:00+00:00,2023-01-27 04:10:00+00:00,2023-01-27 04:40:00+00:00,1.0872600000000001,1.0868600000000002,1.08786,1.08685,STOP,0.0004,-1.0250000000000536,-1.1500000000000536,-0.41000000000002146
N3_ANCHOR_REVERSION,NEUTRAL,SHORT,2023-01-29 23:45:00+00:00,2023-01-29 23:50:00+00:00,2023-01-29 23:50:00+00:00,2023-01-30 00:00:00+00:00,1.0870799999999998,1.0874799999999998,1.08648,1.0874899999999998,STOP,0.0004,-1.0250000000000536,-1.1500000000000536,-0.41000000000002146
N3_ANCHOR_REVERSION,NEUTRAL,SHORT,2023-01-30 00:05:00+00:00,2023-01-30 00:10:00+00:00,2023-01-30 00:10:00+00:00,2023-01-30 00:55:00+00:00,1.0871899999999999,1.0875899999999998,1.08659,1.0876,STOP,0.0004,-1.0250000000000536,-1.1500000000000536,-0.41000000000002146
N3_ANCHOR_REVERSION,NEUTRAL,LONG,2023-01-30 01:35:00+00:00,2023-01-30 01:40:00+00:00,2023-01-30 01:40:00+00:00,2023-01-30 01:45:00+00:00,1.0865200000000002,1.0861200000000002,1.08712,1.08711,TARGET,0.0004,1.474999999999671,1.349999999999671,0.5899999999998684
N3_ANCHOR_REVERSION,NEUTRAL,SHORT,2023-01-30 11:00:00+00:00,2023-01-30 11:05:00+00:00,2023-01-30 11:05:00+00:00,2023-01-30 11:20:00+00:00,1.0906799999999999,1.0910799999999998,1.09008,1.09009,TARGET,0.0004,1.474999999999671,1.349999999999671,0.5899999999998684
N3_ANCHOR_REVERSION,NEUTRAL,LONG,2023-01-30 14:00:00+00:00,2023-01-30 14:05:00+00:00,2023-01-30 14:05:00+00:00,2023-01-30 14:15:00+00:00,1.08888,1.0884800000000001,1.08948,1.08847,STOP,0.0004,-1.0250000000000536,-1.1500000000000536,-0.41000000000002146
N3_ANCHOR_REVERSION,NEUTRAL,SHORT,2023-02-01 13:55:00+00:00,2023-02-01 14:00:00+00:00,2023-02-01 14:00:00+00:00,2023-02-01 14:05:00+00:00,1.09038,1.0907799999999999,1.08978,1.09079,STOP,0.0004,-1.0250000000000536,-1.1500000000000536,-0.41000000000002146
N3_ANCHOR_REVERSION,NEUTRAL,SHORT,2023-02-01 14:20:00+00:00,2023-02-01 14:25:00+00:00,2023-02-01 14:25:00+00:00,2023-02-01 14:45:00+00:00,1.0903699999999998,1.0907699999999998,1.08977,1.0907799999999999,STOP,0.0004,-1.0250000000000536,-1.1500000000000536,-0.41000000000002146
N3_ANCHOR_REVERSION,NEUTRAL,LONG,2023-02-03 15:10:00+00:00,2023-02-03 15:15:00+00:00,2023-02-03 15:15:00+00:00,2023-02-03 15:15:00+00:00,1.0836400000000002,1.0832400000000002,1.08424,1.08423,TARGET,0.0004,1.474999999999671,1.349999999999671,0.5899999999998684
N3_ANCHOR_REVERSION,NEUTRAL,LONG,2023-02-03 18:15:00+00:00,2023-02-03 18:20:00+00:00,2023-02-03 18:20:00+00:00,2023-02-03 18:40:00+00:00,1.0813300000000001,1.0809300000000002,1.08193,1.08092,STOP,0.0004,-1.0250000000000536,-1.1500000000000536,-0.41000000000002146
N3_ANCHOR_REVERSION,NEUTRAL,LONG,2023-02-03 19:55:00+00:00,2023-02-03 20:00:00+00:00,2023-02-03 20:00:00+00:00,2023-02-03 20:00:00+00:00,1.08054,1.08014,1.08114,1.08013,STOP,0.0004,-1.0250000000000536,-1.1500000000000536,-0.41000000000002146
N3_ANCHOR_REVERSION,NEUTRAL,LONG,2023-02-03 20:50:00+00:00,2023-02-03 20:55:00+00:00,2023-02-03 20:55:00+00:00,2023-02-03 21:55:00+00:00,1.07963,1.0792300000000001,1.08023,1.07928,TIME_12H,0.0004,-0.8750000000001812,-1.0000000000001812,-0.3500000000000725
N3_ANCHOR_REVERSION,NEUTRAL,LONG,2023-02-05 23:05:00+00:00,2023-02-05 23:10:00+00:00,2023-02-05 23:10:00+00:00,2023-02-05 23:15:00+00:00,1.07885,1.0784500000000001,1.07945,1.07944,TARGET,0.0004,1.474999999999671,1.349999999999671,0.5899999999998684
N3_ANCHOR_REVERSION,NEUTRAL,LONG,2023-02-05 23:50:00+00:00,2023-02-05 23:55:00+00:00,2023-02-05 23:55:00+00:00,2023-02-06 00:05:00+00:00,1.07888,1.07848,1.07948,1.07947,TARGET,0.0004,1.474999999999671,1.349999999999671,0.5899999999998684
N3_ANCHOR_REVERSION,NEUTRAL,LONG,2023-02-06 00:40:00+00:00,2023-02-06 00:45:00+00:00,2023-02-06 00:45:00+00:00,2023-02-06 01:10:00+00:00,1.0783800000000001,1.0779800000000002,1.07898,1.07897,TARGET,0.0004,1.474999999999671,1.349999999999671,0.5899999999998684
N3_ANCHOR_REVERSION,NEUTRAL,SHORT,2023-02-15 01:20:00+00:00,2023-02-15 01:25:00+00:00,2023-02-15 01:25:00+00:00,2023-02-15 02:00:00+00:00,1.0741699999999998,1.0745699999999998,1.07357,1.07358,TARGET,0.0004,1.474999999999671,1.349999999999671,0.5899999999998684
N3_ANCHOR_REVERSION,NEUTRAL,LONG,2023-02-15 03:10:00+00:00,2023-02-15 03:15:00+00:00,2023-02-15 03:15:00+00:00,2023-02-15 03:30:00+00:00,1.0726900000000001,1.0722900000000002,1.07329,1.0722800000000001,STOP,0.0004,-1.0250000000000536,-1.1500000000000536,-0.41000000000002146
N3_ANCHOR_REVERSION,NEUTRAL,SHORT,2023-02-27 15:50:00+00:00,2023-02-27 15:55:00+00:00,2023-02-27 15:55:00+00:00,2023-02-27 16:10:00+00:00,1.06016,1.06056,1.05956,1.0595700000000001,TARGET,0.0004,1.474999999999671,1.349999999999671,0.5899999999998684
N3_ANCHOR_REVERSION,NEUTRAL,SHORT,2023-02-27 19:15:00+00:00,2023-02-27 19:20:00+00:00,2023-02-27 19:20:00+00:00,2023-02-28 00:10:00+00:00,1.06098,1.06138,1.06038,1.06139,STOP,0.0004,-1.0250000000000536,-1.1500000000000536,-0.41000000000002146
N3_ANCHOR_REVERSION,NEUTRAL,SHORT,2023-02-28 00:30:00+00:00,2023-02-28 00:35:00+00:00,2023-02-28 00:35:00+00:00,2023-02-28 01:00:00+00:00,1.0610499999999998,1.0614499999999998,1.06045,1.06046,TARGET,0.0004,1.474999999999671,1.349999999999671,0.5899999999998684
N3_ANCHOR_REVERSION,NEUTRAL,LONG,2023-02-28 02:00:00+00:00,2023-02-28 02:05:00+00:00,2023-02-28 02:05:00+00:00,2023-02-28 02:45:00+00:00,1.05898,1.05858,1.05958,1.05957,TARGET,0.0004,1.474999999999671,1.349999999999671,0.5899999999998684
N3_ANCHOR_REVERSION,NEUTRAL,LONG,2023-02-28 04:45:00+00:00,2023-02-28 04:50:00+00:00,2023-02-28 04:50:00+00:00,2023-02-28 05:00:00+00:00,1.0590300000000001,1.0586300000000002,1.05963,1.0586200000000001,STOP,0.0004,-1.0250000000000536,-1.1500000000000536,-0.41000000000002146
N3_ANCHOR_REVERSION,NEUTRAL,LONG,2023-02-28 19:00:00+00:00,2023-02-28 19:05:00+00:00,2023-02-28 19:05:00+00:00,2023-02-28 19:05:00+00:00,1.05953,1.0591300000000001,1.06013,1.05912,STOP,0.0004,-1.0250000000000536,-1.1500000000000536,-0.41000000000002146
N3_ANCHOR_REVERSION,NEUTRAL,LONG,2023-03-01 00:50:00+00:00,2023-03-01 00:55:00+00:00,2023-03-01 00:55:00+00:00,2023-03-01 01:15:00+00:00,1.05687,1.05647,1.05747,1.0574599999999998,TARGET,0.0004,1.474999999999671,1.349999999999671,0.5899999999998684
N3_ANCHOR_REVERSION,NEUTRAL,SHORT,2023-03-01 03:50:00+00:00,2023-03-01 03:55:00+00:00,2023-03-01 03:55:00+00:00,2023-03-01 06:10:00+00:00,1.05934,1.05974,1.05874,1.05975,STOP,0.0004,-1.0250000000000536,-1.1500000000000536,-0.41000000000002146
N3_ANCHOR_REVERSION,NEUTRAL,SHORT,2023-03-01 06:35:00+00:00,2023-03-01 06:40:00+00:00,2023-03-01 06:40:00+00:00,2023-03-01 06:45:00+00:00,1.0602099999999999,1.0606099999999998,1.05961,1.06062,STOP,0.0004,-1.0250000000000536,-1.1500000000000536,-0.41000000000002146
N3_ANCHOR_REVERSION,NEUTRAL,SHORT,2023-03-01 06:50:00+00:00,2023-03-01 06:55:00+00:00,2023-03-01 06:55:00+00:00,2023-03-01 07:20:00+00:00,1.06104,1.06144,1.06044,1.06145,STOP,0.0004,-1.0250000000000536,-1.1500000000000536,-0.41000000000002146
N3_ANCHOR_REVERSION,NEUTRAL,LONG,2023-03-02 11:00:00+00:00,2023-03-02 11:05:00+00:00,2023-03-02 11:05:00+00:00,2023-03-02 11:05:00+00:00,1.06187,1.0614700000000001,1.06247,1.06246,TARGET,0.0004,1.474999999999671,1.349999999999671,0.5899999999998684
N3_ANCHOR_REVERSION,NEUTRAL,SHORT,2023-03-06 02:55:00+00:00,2023-03-06 03:00:00+00:00,2023-03-06 03:00:00+00:00,2023-03-06 03:05:00+00:00,1.06453,1.06493,1.06393,1.06494,STOP,0.0004,-1.0250000000000536,-1.1500000000000536,-0.41000000000002146
N3_ANCHOR_REVERSION,NEUTRAL,SHORT,2023-03-06 05:50:00+00:00,2023-03-06 05:55:00+00:00,2023-03-06 05:55:00+00:00,2023-03-06 05:55:00+00:00,1.0644799999999999,1.0648799999999998,1.06388,1.06489,STOP,0.0004,-1.0250000000000536,-1.1500000000000536,-0.41000000000002146
N3_ANCHOR_REVERSION,NEUTRAL,SHORT,2023-03-06 06:10:00+00:00,2023-03-06 06:15:00+00:00,2023-03-06 06:15:00+00:00,2023-03-06 06:20:00+00:00,1.0647,1.0651,1.0641,1.0641100000000001,TARGET,0.0004,1.474999999999671,1.349999999999671,0.5899999999998684
N3_ANCHOR_REVERSION,NEUTRAL,SHORT,2023-03-06 07:35:00+00:00,2023-03-06 07:40:00+00:00,2023-03-06 07:40:00+00:00,2023-03-06 08:20:00+00:00,1.06515,1.06555,1.06455,1.06556,STOP,0.0004,-1.0250000000000536,-1.1500000000000536,-0.41000000000002146
N3_ANCHOR_REVERSION,NEUTRAL,LONG,2023-03-07 23:10:00+00:00,2023-03-07 23:15:00+00:00,2023-03-07 23:15:00+00:00,2023-03-08 00:00:00+00:00,1.05515,1.05475,1.05575,1.05474,STOP,0.0004,-1.0250000000000536,-1.1500000000000536,-0.41000000000002146
N3_ANCHOR_REVERSION,NEUTRAL,LONG,2023-03-08 00:15:00+00:00,2023-03-08 00:20:00+00:00,2023-03-08 00:20:00+00:00,2023-03-08 02:25:00+00:00,1.05448,1.0540800000000001,1.05508,1.05407,STOP,0.0004,-1.0250000000000536,-1.1500000000000536,-0.41000000000002146
N3_ANCHOR_REVERSION,NEUTRAL,LONG,2023-03-08 03:00:00+00:00,2023-03-08 03:05:00+00:00,2023-03-08 03:05:00+00:00,2023-03-08 03:55:00+00:00,1.0535,1.0531000000000001,1.0541,1.05309,STOP,0.0004,-1.0250000000000536,-1.1500000000000536,-0.41000000000002146
N3_ANCHOR_REVERSION,NEUTRAL,LONG,2023-03-08 04:00:00+00:00,2023-03-08 04:05:00+00:00,2023-03-08 04:05:00+00:00,2023-03-08 04:35:00+00:00,1.05336,1.0529600000000001,1.05396,1.05295,STOP,0.0004,-1.0250000000000536,-1.1500000000000536,-0.41000000000002146
N3_ANCHOR_REVERSION,NEUTRAL,LONG,2023-03-08 04:50:00+00:00,2023-03-08 04:55:00+00:00,2023-03-08 04:55:00+00:00,2023-03-08 05:15:00+00:00,1.05339,1.05299,1.05399,1.05298,STOP,0.0004,-1.0250000000000536,-1.1500000000000536,-0.41000000000002146
N3_ANCHOR_REVERSION,NEUTRAL,SHORT,2023-03-09 11:55:00+00:00,2023-03-09 12:00:00+00:00,2023-03-09 12:00:00+00:00,2023-03-09 12:30:00+00:00,1.0570899999999999,1.0574899999999998,1.05649,1.0565,TARGET,0.0004,1.474999999999671,1.349999999999671,0.5899999999998684
N3_ANCHOR_REVERSION,NEUTRAL,LONG,2023-03-10 05:25:00+00:00,2023-03-10 05:30:00+00:00,2023-03-10 05:30:00+00:00,2023-03-10 06:40:00+00:00,1.05885,1.0584500000000001,1.05945,1.05844,STOP,0.0004,-1.0250000000000536,-1.1500000000000536,-0.41000000000002146
N3_ANCHOR_REVERSION,NEUTRAL,LONG,2023-03-10 06:45:00+00:00,2023-03-10 06:50:00+00:00,2023-03-10 06:50:00+00:00,2023-03-10 07:00:00+00:00,1.0585900000000001,1.0581900000000002,1.05919,1.05918,TARGET,0.0004,1.474999999999671,1.349999999999671,0.5899999999998684
N3_ANCHOR_REVERSION,NEUTRAL,SHORT,2023-03-10 07:35:00+00:00,2023-03-10 07:40:00+00:00,2023-03-10 07:40:00+00:00,2023-03-10 07:40:00+00:00,1.05982,1.06022,1.05922,1.06023,STOP,0.0004,-1.0250000000000536,-1.1500000000000536,-0.41000000000002146
N3_ANCHOR_REVERSION,NEUTRAL,SHORT,2023-03-17 01:20:00+00:00,2023-03-17 01:25:00+00:00,2023-03-17 01:25:00+00:00,2023-03-17 01:25:00+00:00,1.06236,1.06276,1.06176,1.06277,STOP,0.0004,-1.0250000000000536,-1.1500000000000536,-0.41000000000002146
N3_ANCHOR_REVERSION,NEUTRAL,SHORT,2023-03-17 01:30:00+00:00,2023-03-17 01:35:00+00:00,2023-03-17 01:35:00+00:00,2023-03-17 02:00:00+00:00,1.0626499999999999,1.0630499999999998,1.06205,1.06306,STOP,0.0004,-1.0250000000000536,-1.1500000000000536,-0.41000000000002146
N3_ANCHOR_REVERSION,NEUTRAL,SHORT,2023-03-21 23:10:00+00:00,2023-03-21 23:15:00+00:00,2023-03-21 23:15:00+00:00,2023-03-21 23:55:00+00:00,1.07697,1.07737,1.07637,1.07738,STOP,0.0004,-1.0250000000000536,-1.1500000000000536,-0.41000000000002146
N3_ANCHOR_REVERSION,NEUTRAL,SHORT,2023-03-22 17:00:00+00:00,2023-03-22 17:05:00+00:00,2023-03-22 17:05:00+00:00,2023-03-22 17:35:00+00:00,1.0796599999999998,1.0800599999999998,1.07906,1.07907,TARGET,0.0004,1.474999999999671,1.349999999999671,0.5899999999998684
N3_ANCHOR_REVERSION,NEUTRAL,SHORT,2023-03-22 18:05:00+00:00,2023-03-22 18:10:00+00:00,2023-03-22 18:10:00+00:00,2023-03-22 18:10:00+00:00,1.0839299999999998,1.0843299999999998,1.08333,1.0843399999999999,STOP,0.0004,-1.0250000000000536,-1.1500000000000536,-0.41000000000002146
N3_ANCHOR_REVERSION,NEUTRAL,SHORT,2023-03-22 18:50:00+00:00,2023-03-22 18:55:00+00:00,2023-03-22 18:55:00+00:00,2023-03-22 18:55:00+00:00,1.0887099999999998,1.0891099999999998,1.08811,1.0891199999999999,STOP,0.0004,-1.0250000000000536,-1.1500000000000536,-0.41000000000002146
N3_ANCHOR_REVERSION,NEUTRAL,SHORT,2023-03-22 22:20:00+00:00,2023-03-22 22:25:00+00:00,2023-03-22 22:25:00+00:00,2023-03-22 23:15:00+00:00,1.08616,1.08656,1.08556,1.08657,STOP,0.0004,-1.0250000000000536,-1.1500000000000536,-0.41000000000002146
N3_ANCHOR_REVERSION,NEUTRAL,SHORT,2023-03-23 00:15:00+00:00,2023-03-23 00:20:00+00:00,2023-03-23 00:20:00+00:00,2023-03-23 00:30:00+00:00,1.0871,1.0875,1.0865,1.08751,STOP,0.0004,-1.0250000000000536,-1.1500000000000536,-0.41000000000002146
N3_ANCHOR_REVERSION,NEUTRAL,SHORT,2023-03-23 00:30:00+00:00,2023-03-23 00:35:00+00:00,2023-03-23 00:35:00+00:00,2023-03-23 00:40:00+00:00,1.08721,1.08761,1.08661,1.08762,STOP,0.0004,-1.0250000000000536,-1.1500000000000536,-0.41000000000002146
N3_ANCHOR_REVERSION,NEUTRAL,SHORT,2023-03-23 00:40:00+00:00,2023-03-23 00:45:00+00:00,2023-03-23 00:45:00+00:00,2023-03-23 00:50:00+00:00,1.0873199999999998,1.0877199999999998,1.08672,1.0877299999999999,STOP,0.0004,-1.0250000000000536,-1.1500000000000536,-0.41000000000002146
N3_ANCHOR_REVERSION,NEUTRAL,SHORT,2023-03-23 01:20:00+00:00,2023-03-23 01:25:00+00:00,2023-03-23 01:25:00+00:00,2023-03-23 01:50:00+00:00,1.08825,1.08865,1.08765,1.08866,STOP,0.0004,-1.0250000000000536,-1.1500000000000536,-0.41000000000002146
N3_ANCHOR_REVERSION,NEUTRAL,SHORT,2023-03-27 19:05:00+00:00,2023-03-27 19:10:00+00:00,2023-03-27 19:10:00+00:00,2023-03-27 20:10:00+00:00,1.07948,1.07988,1.07888,1.07989,STOP,0.0004,-1.0250000000000536,-1.1500000000000536,-0.41000000000002146
N3_ANCHOR_REVERSION,NEUTRAL,SHORT,2023-03-28 01:10:00+00:00,2023-03-28 01:15:00+00:00,2023-03-28 01:15:00+00:00,2023-03-28 01:30:00+00:00,1.08131,1.08171,1.08071,1.08172,STOP,0.0004,-1.0250000000000536,-1.1500000000000536,-0.41000000000002146
N3_ANCHOR_REVERSION,NEUTRAL,SHORT,2023-03-28 01:30:00+00:00,2023-03-28 01:35:00+00:00,2023-03-28 01:35:00+00:00,2023-03-28 02:45:00+00:00,1.08133,1.0817299999999999,1.08073,1.08174,STOP,0.0004,-1.0250000000000536,-1.1500000000000536,-0.41000000000002146
N3_ANCHOR_REVERSION,NEUTRAL,SHORT,2023-03-28 03:10:00+00:00,2023-03-28 03:15:00+00:00,2023-03-28 03:15:00+00:00,2023-03-28 05:10:00+00:00,1.08158,1.08198,1.08098,1.0809900000000001,TARGET,0.0004,1.474999999999671,1.349999999999671,0.5899999999998684
N3_ANCHOR_REVERSION,NEUTRAL,LONG,2023-03-28 05:25:00+00:00,2023-03-28 05:30:00+00:00,2023-03-28 05:30:00+00:00,2023-03-28 05:45:00+00:00,1.08087,1.08047,1.08147,1.0814599999999999,TARGET,0.0004,1.474999999999671,1.349999999999671,0.5899999999998684
N3_ANCHOR_REVERSION,NEUTRAL,SHORT,2023-03-29 11:05:00+00:00,2023-03-29 11:10:00+00:00,2023-03-29 11:10:00+00:00,2023-03-29 11:15:00+00:00,1.0853599999999999,1.0857599999999998,1.08476,1.08577,STOP,0.0004,-1.0250000000000536,-1.1500000000000536,-0.41000000000002146
N3_ANCHOR_REVERSION,NEUTRAL,SHORT,2023-03-29 11:45:00+00:00,2023-03-29 11:50:00+00:00,2023-03-29 11:50:00+00:00,2023-03-29 11:55:00+00:00,1.08649,1.08689,1.08589,1.0859,TARGET,0.0004,1.474999999999671,1.349999999999671,0.5899999999998684
N3_ANCHOR_REVERSION,NEUTRAL,LONG,2023-03-29 13:35:00+00:00,2023-03-29 13:40:00+00:00,2023-03-29 13:40:00+00:00,2023-03-29 13:45:00+00:00,1.0839100000000002,1.0835100000000002,1.08451,1.0845,TARGET,0.0004,1.474999999999671,1.349999999999671,0.5899999999998684
N3_ANCHOR_REVERSION,NEUTRAL,LONG,2023-03-29 14:30:00+00:00,2023-03-29 14:35:00+00:00,2023-03-29 14:35:00+00:00,2023-03-29 14:35:00+00:00,1.0839400000000001,1.0835400000000002,1.08454,1.08353,STOP,0.0004,-1.0250000000000536,-1.1500000000000536,-0.41000000000002146
N3_ANCHOR_REVERSION,NEUTRAL,SHORT,2023-03-30 10:55:00+00:00,2023-03-30 11:00:00+00:00,2023-03-30 11:00:00+00:00,2023-03-30 12:00:00+00:00,1.08784,1.0882399999999999,1.08724,1.08825,STOP,0.0004,-1.0250000000000536,-1.1500000000000536,-0.41000000000002146
N3_ANCHOR_REVERSION,NEUTRAL,SHORT,2023-03-30 12:10:00+00:00,2023-03-30 12:15:00+00:00,2023-03-30 12:15:00+00:00,2023-03-30 12:20:00+00:00,1.08856,1.08896,1.08796,1.08897,STOP,0.0004,-1.0250000000000536,-1.1500000000000536,-0.41000000000002146
N3_ANCHOR_REVERSION,NEUTRAL,SHORT,2023-03-30 12:40:00+00:00,2023-03-30 12:45:00+00:00,2023-03-30 12:45:00+00:00,2023-03-30 12:50:00+00:00,1.09039,1.09079,1.08979,1.0908,STOP,0.0004,-1.0250000000000536,-1.1500000000000536,-0.41000000000002146
N3_ANCHOR_REVERSION,NEUTRAL,SHORT,2023-03-30 13:10:00+00:00,2023-03-30 13:15:00+00:00,2023-03-30 13:15:00+00:00,2023-03-30 13:15:00+00:00,1.09082,1.0912199999999999,1.09022,1.09123,STOP,0.0004,-1.0250000000000536,-1.1500000000000536,-0.41000000000002146
N3_ANCHOR_REVERSION,NEUTRAL,SHORT,2023-03-31 00:35:00+00:00,2023-03-31 00:40:00+00:00,2023-03-31 00:40:00+00:00,2023-03-31 00:55:00+00:00,1.09126,1.0916599999999999,1.09066,1.09167,STOP,0.0004,-1.0250000000000536,-1.1500000000000536,-0.41000000000002146
N3_ANCHOR_REVERSION,NEUTRAL,SHORT,2023-03-31 01:00:00+00:00,2023-03-31 01:05:00+00:00,2023-03-31 01:05:00+00:00,2023-03-31 01:10:00+00:00,1.09131,1.09171,1.09071,1.09172,STOP,0.0004,-1.0250000000000536,-1.1500000000000536,-0.41000000000002146
N3_ANCHOR_REVERSION,NEUTRAL,SHORT,2023-03-31 01:25:00+00:00,2023-03-31 01:30:00+00:00,2023-03-31 01:30:00+00:00,2023-03-31 01:30:00+00:00,1.09204,1.0924399999999999,1.09144,1.09245,STOP,0.0004,-1.0250000000000536,-1.1500000000000536,-0.41000000000002146
N3_ANCHOR_REVERSION,NEUTRAL,SHORT,2023-03-31 01:40:00+00:00,2023-03-31 01:45:00+00:00,2023-03-31 01:45:00+00:00,2023-03-31 01:45:00+00:00,1.0918299999999999,1.0922299999999998,1.09123,1.09124,TARGET,0.0004,1.474999999999671,1.349999999999671,0.5899999999998684
N3_ANCHOR_REVERSION,NEUTRAL,LONG,2023-04-03 05:00:00+00:00,2023-04-03 05:05:00+00:00,2023-04-03 05:05:00+00:00,2023-04-03 05:50:00+00:00,1.07938,1.07898,1.07998,1.07897,STOP,0.0004,-1.0250000000000536,-1.1500000000000536,-0.41000000000002146
N3_ANCHOR_REVERSION,NEUTRAL,SHORT,2023-04-03 06:20:00+00:00,2023-04-03 06:25:00+00:00,2023-04-03 06:25:00+00:00,2023-04-03 06:25:00+00:00,1.0804099999999999,1.0808099999999998,1.07981,1.08082,STOP,0.0004,-1.0250000000000536,-1.1500000000000536,-0.41000000000002146
N3_ANCHOR_REVERSION,NEUTRAL,SHORT,2023-04-03 06:40:00+00:00,2023-04-03 06:45:00+00:00,2023-04-03 06:45:00+00:00,2023-04-03 06:50:00+00:00,1.08091,1.08131,1.08031,1.08132,STOP,0.0004,-1.0250000000000536,-1.1500000000000536,-0.41000000000002146
N3_ANCHOR_REVERSION,NEUTRAL,SHORT,2023-04-03 07:00:00+00:00,2023-04-03 07:05:00+00:00,2023-04-03 07:05:00+00:00,2023-04-03 07:05:00+00:00,1.08138,1.08178,1.08078,1.08179,STOP,0.0004,-1.0250000000000536,-1.1500000000000536,-0.41000000000002146
N3_ANCHOR_REVERSION,NEUTRAL,LONG,2023-04-10 04:05:00+00:00,2023-04-10 04:10:00+00:00,2023-04-10 04:10:00+00:00,2023-04-10 05:00:00+00:00,1.08979,1.08939,1.09039,1.08938,STOP,0.0004,-1.0250000000000536,-1.1500000000000536,-0.41000000000002146
N3_ANCHOR_REVERSION,NEUTRAL,LONG,2023-04-10 14:00:00+00:00,2023-04-10 14:05:00+00:00,2023-04-10 14:05:00+00:00,2023-04-10 14:05:00+00:00,1.08434,1.0839400000000001,1.08494,1.08393,STOP,0.0004,-1.0250000000000536,-1.1500000000000536,-0.41000000000002146
N3_ANCHOR_REVERSION,NEUTRAL,SHORT,2023-04-10 18:15:00+00:00,2023-04-10 18:20:00+00:00,2023-04-10 18:20:00+00:00,2023-04-10 18:55:00+00:00,1.08561,1.08601,1.08501,1.08602,STOP,0.0004,-1.0250000000000536,-1.1500000000000536,-0.41000000000002146
N3_ANCHOR_REVERSION,NEUTRAL,SHORT,2023-04-10 19:10:00+00:00,2023-04-10 19:15:00+00:00,2023-04-10 19:15:00+00:00,2023-04-10 19:40:00+00:00,1.0857599999999998,1.0861599999999998,1.08516,1.0861699999999999,STOP,0.0004,-1.0250000000000536,-1.1500000000000536,-0.41000000000002146
N3_ANCHOR_REVERSION,NEUTRAL,SHORT,2023-04-10 23:55:00+00:00,2023-04-11 00:00:00+00:00,2023-04-11 00:00:00+00:00,2023-04-11 00:00:00+00:00,1.08686,1.08726,1.08626,1.08727,STOP,0.0004,-1.0250000000000536,-1.1500000000000536,-0.41000000000002146
N3_ANCHOR_REVERSION,NEUTRAL,SHORT,2023-04-11 00:20:00+00:00,2023-04-11 00:25:00+00:00,2023-04-11 00:25:00+00:00,2023-04-11 00:45:00+00:00,1.08728,1.08768,1.08668,1.08769,STOP,0.0004,-1.0250000000000536,-1.1500000000000536,-0.41000000000002146
N3_ANCHOR_REVERSION,NEUTRAL,SHORT,2023-04-11 01:05:00+00:00,2023-04-11 01:10:00+00:00,2023-04-11 01:10:00+00:00,2023-04-11 01:30:00+00:00,1.0874599999999999,1.0878599999999998,1.08686,1.08687,TARGET,0.0004,1.474999999999671,1.349999999999671,0.5899999999998684
N3_ANCHOR_REVERSION,NEUTRAL,SHORT,2023-04-11 01:40:00+00:00,2023-04-11 01:45:00+00:00,2023-04-11 01:45:00+00:00,2023-04-11 01:55:00+00:00,1.0874199999999998,1.0878199999999998,1.08682,1.0878299999999999,STOP,0.0004,-1.0250000000000536,-1.1500000000000536,-0.41000000000002146
N3_ANCHOR_REVERSION,NEUTRAL,SHORT,2023-04-12 14:15:00+00:00,2023-04-12 14:20:00+00:00,2023-04-12 14:20:00+00:00,2023-04-12 14:20:00+00:00,1.09934,1.09974,1.09874,1.09975,STOP,0.0004,-1.0250000000000536,-1.1500000000000536,-0.41000000000002146
N3_ANCHOR_REVERSION,NEUTRAL,SHORT,2023-04-12 14:50:00+00:00,2023-04-12 14:55:00+00:00,2023-04-12 14:55:00+00:00,2023-04-12 15:05:00+00:00,1.09798,1.09838,1.09738,1.09739,TARGET,0.0004,1.474999999999671,1.349999999999671,0.5899999999998684
N3_ANCHOR_REVERSION,NEUTRAL,SHORT,2023-04-12 17:00:00+00:00,2023-04-12 17:05:00+00:00,2023-04-12 17:05:00+00:00,2023-04-12 17:10:00+00:00,1.09937,1.09977,1.09877,1.09978,STOP,0.0004,-1.0250000000000536,-1.1500000000000536,-0.41000000000002146
N3_ANCHOR_REVERSION,NEUTRAL,SHORT,2023-04-12 17:55:00+00:00,2023-04-12 18:00:00+00:00,2023-04-12 18:00:00+00:00,2023-04-12 18:00:00+00:00,1.0993199999999999,1.0997199999999998,1.09872,1.0997299999999999,STOP,0.0004,-1.0250000000000536,-1.1500000000000536,-0.41000000000002146
N3_ANCHOR_REVERSION,NEUTRAL,SHORT,2023-04-12 23:55:00+00:00,2023-04-13 00:00:00+00:00,2023-04-13 00:00:00+00:00,2023-04-13 00:05:00+00:00,1.0996599999999999,1.1000599999999998,1.09906,1.09907,TARGET,0.0004,1.474999999999671,1.349999999999671,0.5899999999998684
N3_ANCHOR_REVERSION,NEUTRAL,SHORT,2023-04-13 00:35:00+00:00,2023-04-13 00:40:00+00:00,2023-04-13 00:40:00+00:00,2023-04-13 00:50:00+00:00,1.0998299999999999,1.1002299999999998,1.09923,1.1002399999999999,STOP,0.0004,-1.0250000000000536,-1.1500000000000536,-0.41000000000002146
N3_ANCHOR_REVERSION,NEUTRAL,SHORT,2023-04-13 14:00:00+00:00,2023-04-13 14:05:00+00:00,2023-04-13 14:05:00+00:00,2023-04-13 14:05:00+00:00,1.10587,1.1062699999999999,1.10527,1.10528,TARGET,0.0004,1.474999999999671,1.349999999999671,0.5899999999998684
N3_ANCHOR_REVERSION,NEUTRAL,SHORT,2023-04-13 23:10:00+00:00,2023-04-13 23:15:00+00:00,2023-04-13 23:15:00+00:00,2023-04-14 00:00:00+00:00,1.10489,1.1052899999999999,1.10429,1.1053,STOP,0.0004,-1.0250000000000536,-1.1500000000000536,-0.41000000000002146
N3_ANCHOR_REVERSION,NEUTRAL,SHORT,2023-04-14 00:05:00+00:00,2023-04-14 00:10:00+00:00,2023-04-14 00:10:00+00:00,2023-04-14 00:20:00+00:00,1.1050799999999998,1.1054799999999998,1.10448,1.1054899999999999,STOP,0.0004,-1.0250000000000536,-1.1500000000000536,-0.41000000000002146
N3_ANCHOR_REVERSION,NEUTRAL,SHORT,2023-04-14 00:40:00+00:00,2023-04-14 00:45:00+00:00,2023-04-14 00:45:00+00:00,2023-04-14 01:20:00+00:00,1.10563,1.1060299999999998,1.10503,1.10604,STOP,0.0004,-1.0250000000000536,-1.1500000000000536,-0.41000000000002146
N3_ANCHOR_REVERSION,NEUTRAL,SHORT,2023-04-14 01:25:00+00:00,2023-04-14 01:30:00+00:00,2023-04-14 01:30:00+00:00,2023-04-14 01:55:00+00:00,1.1059999999999999,1.1063999999999998,1.1054,1.10641,STOP,0.0004,-1.0250000000000536,-1.1500000000000536,-0.41000000000002146
N3_ANCHOR_REVERSION,NEUTRAL,SHORT,2023-04-14 02:10:00+00:00,2023-04-14 02:15:00+00:00,2023-04-14 02:15:00+00:00,2023-04-14 02:15:00+00:00,1.1068399999999998,1.1072399999999998,1.10624,1.1072499999999998,STOP,0.0004,-1.0250000000000536,-1.1500000000000536,-0.41000000000002146
N3_ANCHOR_REVERSION,NEUTRAL,LONG,2023-04-16 23:10:00+00:00,2023-04-16 23:15:00+00:00,2023-04-16 23:15:00+00:00,2023-04-16 23:20:00+00:00,1.09884,1.09844,1.09944,1.09843,STOP,0.0004,-1.0250000000000536,-1.1500000000000536,-0.41000000000002146
N3_ANCHOR_REVERSION,NEUTRAL,LONG,2023-04-17 00:10:00+00:00,2023-04-17 00:15:00+00:00,2023-04-17 00:15:00+00:00,2023-04-17 00:45:00+00:00,1.0985900000000002,1.0981900000000002,1.0991900000000001,1.0981800000000002,STOP,0.0004,-1.0250000000000536,-1.1500000000000536,-0.41000000000002146
N3_ANCHOR_REVERSION,NEUTRAL,LONG,2023-04-17 01:15:00+00:00,2023-04-17 01:20:00+00:00,2023-04-17 01:20:00+00:00,2023-04-17 01:45:00+00:00,1.09671,1.0963100000000001,1.09731,1.0973,TARGET,0.0004,1.474999999999671,1.349999999999671,0.5899999999998684
N3_ANCHOR_REVERSION,NEUTRAL,LONG,2023-04-17 02:00:00+00:00,2023-04-17 02:05:00+00:00,2023-04-17 02:05:00+00:00,2023-04-17 02:35:00+00:00,1.09746,1.0970600000000001,1.09806,1.09805,TARGET,0.0004,1.474999999999671,1.349999999999671,0.5899999999998684
N3_ANCHOR_REVERSION,NEUTRAL,SHORT,2023-04-17 05:50:00+00:00,2023-04-17 05:55:00+00:00,2023-04-17 05:55:00+00:00,2023-04-17 06:20:00+00:00,1.09931,1.09971,1.09871,1.0987200000000001,TARGET,0.0004,1.474999999999671,1.349999999999671,0.5899999999998684
N3_ANCHOR_REVERSION,NEUTRAL,LONG,2023-04-20 19:15:00+00:00,2023-04-20 19:20:00+00:00,2023-04-20 19:20:00+00:00,2023-04-20 20:10:00+00:00,1.0959400000000001,1.0955400000000002,1.09654,1.09653,TARGET,0.0004,1.474999999999671,1.349999999999671,0.5899999999998684
N3_ANCHOR_REVERSION,NEUTRAL,SHORT,2023-04-20 22:40:00+00:00,2023-04-20 22:45:00+00:00,2023-04-20 22:45:00+00:00,2023-04-21 00:10:00+00:00,1.09713,1.09753,1.09653,1.09654,TARGET,0.0004,1.474999999999671,1.349999999999671,0.5899999999998684
N3_ANCHOR_REVERSION,NEUTRAL,LONG,2023-04-21 00:25:00+00:00,2023-04-21 00:30:00+00:00,2023-04-21 00:30:00+00:00,2023-04-21 00:50:00+00:00,1.0964,1.096,1.097,1.09699,TARGET,0.0004,1.474999999999671,1.349999999999671,0.5899999999998684
N3_ANCHOR_REVERSION,NEUTRAL,SHORT,2023-04-21 01:15:00+00:00,2023-04-21 01:20:00+00:00,2023-04-21 01:20:00+00:00,2023-04-21 01:55:00+00:00,1.09718,1.09758,1.09658,1.0965900000000002,TARGET,0.0004,1.474999999999671,1.349999999999671,0.5899999999998684
N3_ANCHOR_REVERSION,NEUTRAL,SHORT,2023-04-21 13:20:00+00:00,2023-04-21 13:25:00+00:00,2023-04-21 13:25:00+00:00,2023-04-21 13:25:00+00:00,1.09823,1.09863,1.09763,1.09864,STOP,0.0004,-1.0250000000000536,-1.1500000000000536,-0.41000000000002146
N3_ANCHOR_REVERSION,NEUTRAL,SHORT,2023-04-24 14:00:00+00:00,2023-04-24 14:05:00+00:00,2023-04-24 14:05:00+00:00,2023-04-24 14:05:00+00:00,1.10218,1.10258,1.10158,1.10259,STOP,0.0004,-1.0250000000000536,-1.1500000000000536,-0.41000000000002146
N3_ANCHOR_REVERSION,NEUTRAL,SHORT,2023-04-24 14:45:00+00:00,2023-04-24 14:50:00+00:00,2023-04-24 14:50:00+00:00,2023-04-24 15:00:00+00:00,1.10323,1.1036299999999999,1.10263,1.10264,TARGET,0.0004,1.474999999999671,1.349999999999671,0.5899999999998684
N3_ANCHOR_REVERSION,NEUTRAL,SHORT,2023-04-24 19:45:00+00:00,2023-04-24 19:50:00+00:00,2023-04-24 19:50:00+00:00,2023-04-24 21:25:00+00:00,1.10438,1.1047799999999999,1.10378,1.10481,STOP,0.0004,-1.0750000000003812,-1.2000000000003812,-0.4300000000001525
N3_ANCHOR_REVERSION,NEUTRAL,LONG,2023-04-26 01:25:00+00:00,2023-04-26 01:30:00+00:00,2023-04-26 01:30:00+00:00,2023-04-26 02:15:00+00:00,1.09722,1.0968200000000001,1.09782,1.09781,TARGET,0.0004,1.474999999999671,1.349999999999671,0.5899999999998684
N3_ANCHOR_REVERSION,NEUTRAL,SHORT,2023-04-26 08:00:00+00:00,2023-04-26 08:05:00+00:00,2023-04-26 08:05:00+00:00,2023-04-26 08:15:00+00:00,1.10178,1.10218,1.10118,1.10219,STOP,0.0004,-1.0250000000000536,-1.1500000000000536,-0.41000000000002146
N3_ANCHOR_REVERSION,NEUTRAL,SHORT,2023-04-26 08:35:00+00:00,2023-04-26 08:40:00+00:00,2023-04-26 08:40:00+00:00,2023-04-26 08:50:00+00:00,1.1035,1.1038999999999999,1.1029,1.10391,STOP,0.0004,-1.0250000000000536,-1.1500000000000536,-0.41000000000002146
N3_ANCHOR_REVERSION,NEUTRAL,SHORT,2023-04-26 09:10:00+00:00,2023-04-26 09:15:00+00:00,2023-04-26 09:15:00+00:00,2023-04-26 09:20:00+00:00,1.1047799999999999,1.1051799999999998,1.10418,1.10519,STOP,0.0004,-1.0250000000000536,-1.1500000000000536,-0.41000000000002146
N3_ANCHOR_REVERSION,NEUTRAL,SHORT,2023-04-27 19:10:00+00:00,2023-04-27 19:15:00+00:00,2023-04-27 19:15:00+00:00,2023-04-27 21:00:00+00:00,1.10267,1.10307,1.10207,1.10308,STOP,0.0004,-1.0250000000000536,-1.1500000000000536,-0.41000000000002146
N3_ANCHOR_REVERSION,NEUTRAL,SHORT,2023-04-27 23:05:00+00:00,2023-04-27 23:10:00+00:00,2023-04-27 23:10:00+00:00,2023-04-27 23:30:00+00:00,1.10282,1.1032199999999999,1.10222,1.10323,STOP,0.0004,-1.0250000000000536,-1.1500000000000536,-0.41000000000002146
N3_ANCHOR_REVERSION,NEUTRAL,SHORT,2023-04-27 23:55:00+00:00,2023-04-28 00:00:00+00:00,2023-04-28 00:00:00+00:00,2023-04-28 00:25:00+00:00,1.10314,1.10354,1.10254,1.10355,STOP,0.0004,-1.0250000000000536,-1.1500000000000536,-0.41000000000002146
N3_ANCHOR_REVERSION,NEUTRAL,SHORT,2023-04-28 00:30:00+00:00,2023-04-28 00:35:00+00:00,2023-04-28 00:35:00+00:00,2023-04-28 00:50:00+00:00,1.1032899999999999,1.1036899999999998,1.10269,1.1037,STOP,0.0004,-1.0250000000000536,-1.1500000000000536,-0.41000000000002146
N3_ANCHOR_REVERSION,NEUTRAL,SHORT,2023-04-28 00:55:00+00:00,2023-04-28 01:00:00+00:00,2023-04-28 01:00:00+00:00,2023-04-28 01:50:00+00:00,1.10344,1.10384,1.10284,1.10285,TARGET,0.0004,1.474999999999671,1.349999999999671,0.5899999999998684
N3_ANCHOR_REVERSION,NEUTRAL,LONG,2023-04-28 03:00:00+00:00,2023-04-28 03:05:00+00:00,2023-04-28 03:05:00+00:00,2023-04-28 03:10:00+00:00,1.1019,1.1015000000000001,1.1025,1.10149,STOP,0.0004,-1.0250000000000536,-1.1500000000000536,-0.41000000000002146
N3_ANCHOR_REVERSION,NEUTRAL,LONG,2023-04-30 22:30:00+00:00,2023-04-30 22:35:00+00:00,2023-04-30 22:35:00+00:00,2023-04-30 22:35:00+00:00,1.1015400000000002,1.1011400000000002,1.1021400000000001,1.1011300000000002,STOP,0.0004,-1.0250000000000536,-1.1500000000000536,-0.41000000000002146
N3_ANCHOR_REVERSION,NEUTRAL,LONG,2023-04-30 22:45:00+00:00,2023-04-30 22:50:00+00:00,2023-04-30 22:50:00+00:00,2023-05-01 00:15:00+00:00,1.10127,1.10087,1.10187,1.10086,STOP,0.0004,-1.0250000000000536,-1.1500000000000536,-0.41000000000002146
N3_ANCHOR_REVERSION,NEUTRAL,LONG,2023-05-01 00:20:00+00:00,2023-05-01 00:25:00+00:00,2023-05-01 00:25:00+00:00,2023-05-01 00:50:00+00:00,1.1009900000000001,1.1005900000000002,1.10159,1.1005800000000001,STOP,0.0004,-1.0250000000000536,-1.1500000000000536,-0.41000000000002146
N3_ANCHOR_REVERSION,NEUTRAL,SHORT,2023-05-03 01:00:00+00:00,2023-05-03 01:05:00+00:00,2023-05-03 01:05:00+00:00,2023-05-03 01:20:00+00:00,1.10145,1.10185,1.10085,1.10186,STOP,0.0004,-1.0250000000000536,-1.1500000000000536,-0.41000000000002146
N3_ANCHOR_REVERSION,NEUTRAL,SHORT,2023-05-03 01:40:00+00:00,2023-05-03 01:45:00+00:00,2023-05-03 01:45:00+00:00,2023-05-03 01:50:00+00:00,1.10189,1.10229,1.10129,1.1023,STOP,0.0004,-1.0250000000000536,-1.1500000000000536,-0.41000000000002146
N3_ANCHOR_REVERSION,NEUTRAL,SHORT,2023-05-03 02:10:00+00:00,2023-05-03 02:15:00+00:00,2023-05-03 02:15:00+00:00,2023-05-03 02:50:00+00:00,1.10221,1.1026099999999999,1.10161,1.10262,STOP,0.0004,-1.0250000000000536,-1.1500000000000536,-0.41000000000002146
N3_ANCHOR_REVERSION,NEUTRAL,SHORT,2023-05-03 04:05:00+00:00,2023-05-03 04:10:00+00:00,2023-05-03 04:10:00+00:00,2023-05-03 04:55:00+00:00,1.10283,1.10323,1.10223,1.10224,TARGET,0.0004,1.474999999999671,1.349999999999671,0.5899999999998684
N3_ANCHOR_REVERSION,NEUTRAL,SHORT,2023-05-08 00:35:00+00:00,2023-05-08 00:40:00+00:00,2023-05-08 00:40:00+00:00,2023-05-08 01:30:00+00:00,1.10225,1.10265,1.10165,1.10266,STOP,0.0004,-1.0250000000000536,-1.1500000000000536,-0.41000000000002146
N3_ANCHOR_REVERSION,NEUTRAL,SHORT,2023-05-08 02:45:00+00:00,2023-05-08 02:50:00+00:00,2023-05-08 02:50:00+00:00,2023-05-08 03:20:00+00:00,1.10343,1.1038299999999999,1.10283,1.10384,STOP,0.0004,-1.0250000000000536,-1.1500000000000536,-0.41000000000002146
N3_ANCHOR_REVERSION,NEUTRAL,SHORT,2023-05-08 03:55:00+00:00,2023-05-08 04:00:00+00:00,2023-05-08 04:00:00+00:00,2023-05-08 04:35:00+00:00,1.10389,1.10429,1.10329,1.1043,STOP,0.0004,-1.0250000000000536,-1.1500000000000536,-0.41000000000002146
N3_ANCHOR_REVERSION,NEUTRAL,LONG,2023-05-09 00:55:00+00:00,2023-05-09 01:00:00+00:00,2023-05-09 01:00:00+00:00,2023-05-09 02:05:00+00:00,1.0990600000000001,1.0986600000000002,1.09966,1.0986500000000001,STOP,0.0004,-1.0250000000000536,-1.1500000000000536,-0.41000000000002146
N3_ANCHOR_REVERSION,NEUTRAL,LONG,2023-05-09 13:10:00+00:00,2023-05-09 13:15:00+00:00,2023-05-09 13:15:00+00:00,2023-05-09 13:15:00+00:00,1.09478,1.0943800000000001,1.09538,1.09437,STOP,0.0004,-1.0250000000000536,-1.1500000000000536,-0.41000000000002146
N3_ANCHOR_REVERSION,NEUTRAL,LONG,2023-05-09 13:20:00+00:00,2023-05-09 13:25:00+00:00,2023-05-09 13:25:00+00:00,2023-05-09 13:35:00+00:00,1.09474,1.09434,1.09534,1.09433,STOP,0.0004,-1.0250000000000536,-1.1500000000000536,-0.41000000000002146
N3_ANCHOR_REVERSION,NEUTRAL,LONG,2023-05-09 13:35:00+00:00,2023-05-09 13:40:00+00:00,2023-05-09 13:40:00+00:00,2023-05-09 13:40:00+00:00,1.09488,1.0944800000000001,1.09548,1.09547,TARGET,0.0004,1.474999999999671,1.349999999999671,0.5899999999998684
N3_ANCHOR_REVERSION,NEUTRAL,LONG,2023-05-10 17:45:00+00:00,2023-05-10 17:50:00+00:00,2023-05-10 17:50:00+00:00,2023-05-10 18:10:00+00:00,1.09661,1.0962100000000001,1.09721,1.0972,TARGET,0.0004,1.474999999999671,1.349999999999671,0.5899999999998684
N3_ANCHOR_REVERSION,NEUTRAL,SHORT,2023-05-10 21:45:00+00:00,2023-05-10 21:50:00+00:00,2023-05-10 21:50:00+00:00,2023-05-10 22:00:00+00:00,1.09814,1.0985399999999998,1.09754,1.09855,STOP,0.0004,-1.0250000000000536,-1.1500000000000536,-0.41000000000002146
N3_ANCHOR_REVERSION,NEUTRAL,SHORT,2023-05-10 22:10:00+00:00,2023-05-10 22:15:00+00:00,2023-05-10 22:15:00+00:00,2023-05-10 22:55:00+00:00,1.09829,1.09869,1.09769,1.0987,STOP,0.0004,-1.0250000000000536,-1.1500000000000536,-0.41000000000002146
N3_ANCHOR_REVERSION,NEUTRAL,SHORT,2023-05-10 23:00:00+00:00,2023-05-10 23:05:00+00:00,2023-05-10 23:05:00+00:00,2023-05-11 00:50:00+00:00,1.09859,1.09899,1.09799,1.099,STOP,0.0004,-1.0250000000000536,-1.1500000000000536,-0.41000000000002146
N3_ANCHOR_REVERSION,NEUTRAL,SHORT,2023-05-11 01:00:00+00:00,2023-05-11 01:05:00+00:00,2023-05-11 01:05:00+00:00,2023-05-11 01:05:00+00:00,1.0988499999999999,1.0992499999999998,1.09825,1.09926,STOP,0.0004,-1.0250000000000536,-1.1500000000000536,-0.41000000000002146
N3_ANCHOR_REVERSION,NEUTRAL,SHORT,2023-05-11 01:30:00+00:00,2023-05-11 01:35:00+00:00,2023-05-11 01:35:00+00:00,2023-05-11 02:00:00+00:00,1.09899,1.0993899999999999,1.09839,1.0984,TARGET,0.0004,1.474999999999671,1.349999999999671,0.5899999999998684
N3_ANCHOR_REVERSION,NEUTRAL,LONG,2023-05-11 08:05:00+00:00,2023-05-11 08:10:00+00:00,2023-05-11 08:10:00+00:00,2023-05-11 08:10:00+00:00,1.09311,1.09271,1.09371,1.0927,STOP,0.0004,-1.0250000000000536,-1.1500000000000536,-0.41000000000002146
N3_ANCHOR_REVERSION,NEUTRAL,LONG,2023-05-11 08:20:00+00:00,2023-05-11 08:25:00+00:00,2023-05-11 08:25:00+00:00,2023-05-11 09:35:00+00:00,1.0929,1.0925,1.0935,1.09249,STOP,0.0004,-1.0250000000000536,-1.1500000000000536,-0.41000000000002146
N3_ANCHOR_REVERSION,NEUTRAL,SHORT,2023-05-12 01:00:00+00:00,2023-05-12 01:05:00+00:00,2023-05-12 01:05:00+00:00,2023-05-12 02:00:00+00:00,1.0920999999999998,1.0924999999999998,1.0915,1.0925099999999999,STOP,0.0004,-1.0250000000000536,-1.1500000000000536,-0.41000000000002146
N3_ANCHOR_REVERSION,NEUTRAL,SHORT,2023-05-12 02:00:00+00:00,2023-05-12 02:05:00+00:00,2023-05-12 02:05:00+00:00,2023-05-12 03:05:00+00:00,1.09226,1.09266,1.09166,1.0916700000000001,TARGET,0.0004,1.474999999999671,1.349999999999671,0.5899999999998684
N3_ANCHOR_REVERSION,NEUTRAL,LONG,2023-05-12 13:00:00+00:00,2023-05-12 13:05:00+00:00,2023-05-12 13:05:00+00:00,2023-05-12 13:20:00+00:00,1.08904,1.08864,1.08964,1.08863,STOP,0.0004,-1.0250000000000536,-1.1500000000000536,-0.41000000000002146
N3_ANCHOR_REVERSION,NEUTRAL,LONG,2023-05-12 13:25:00+00:00,2023-05-12 13:30:00+00:00,2023-05-12 13:30:00+00:00,2023-05-12 13:30:00+00:00,1.08901,1.08861,1.08961,1.0886,STOP,0.0004,-1.0250000000000536,-1.1500000000000536,-0.41000000000002146
N3_ANCHOR_REVERSION,NEUTRAL,SHORT,2023-05-15 01:40:00+00:00,2023-05-15 01:45:00+00:00,2023-05-15 01:45:00+00:00,2023-05-15 01:55:00+00:00,1.0859999999999999,1.0863999999999998,1.0854,1.0864099999999999,STOP,0.0004,-1.0250000000000536,-1.1500000000000536,-0.41000000000002146
N3_ANCHOR_REVERSION,NEUTRAL,SHORT,2023-05-15 03:35:00+00:00,2023-05-15 03:40:00+00:00,2023-05-15 03:40:00+00:00,2023-05-15 04:55:00+00:00,1.08602,1.08642,1.08542,1.08643,STOP,0.0004,-1.0250000000000536,-1.1500000000000536,-0.41000000000002146
N3_ANCHOR_REVERSION,NEUTRAL,SHORT,2023-05-15 05:25:00+00:00,2023-05-15 05:30:00+00:00,2023-05-15 05:30:00+00:00,2023-05-15 06:10:00+00:00,1.08663,1.08703,1.08603,1.08704,STOP,0.0004,-1.0250000000000536,-1.1500000000000536,-0.41000000000002146
N3_ANCHOR_REVERSION,NEUTRAL,SHORT,2023-05-30 09:30:00+00:00,2023-05-30 09:35:00+00:00,2023-05-30 09:35:00+00:00,2023-05-30 09:35:00+00:00,1.0715299999999999,1.0719299999999998,1.07093,1.07194,STOP,0.0004,-1.0250000000000536,-1.1500000000000536,-0.41000000000002146
N3_ANCHOR_REVERSION,NEUTRAL,SHORT,2023-05-30 11:40:00+00:00,2023-05-30 11:45:00+00:00,2023-05-30 11:45:00+00:00,2023-05-30 11:55:00+00:00,1.0736599999999998,1.0740599999999998,1.07306,1.0740699999999999,STOP,0.0004,-1.0250000000000536,-1.1500000000000536,-0.41000000000002146
N3_ANCHOR_REVERSION,NEUTRAL,SHORT,2023-05-30 12:10:00+00:00,2023-05-30 12:15:00+00:00,2023-05-30 12:15:00+00:00,2023-05-30 12:20:00+00:00,1.0742699999999998,1.0746699999999998,1.07367,1.07368,TARGET,0.0004,1.474999999999671,1.349999999999671,0.5899999999998684
N3_ANCHOR_REVERSION,NEUTRAL,SHORT,2023-05-30 19:20:00+00:00,2023-05-30 19:25:00+00:00,2023-05-30 19:25:00+00:00,2023-05-30 19:30:00+00:00,1.07257,1.07297,1.07197,1.07298,STOP,0.0004,-1.0250000000000536,-1.1500000000000536,-0.41000000000002146
N3_ANCHOR_REVERSION,NEUTRAL,LONG,2023-05-31 07:20:00+00:00,2023-05-31 07:25:00+00:00,2023-05-31 07:25:00+00:00,2023-05-31 07:40:00+00:00,1.06787,1.0674700000000001,1.06847,1.06746,STOP,0.0004,-1.0250000000000536,-1.1500000000000536,-0.41000000000002146
N3_ANCHOR_REVERSION,NEUTRAL,LONG,2023-05-31 09:00:00+00:00,2023-05-31 09:05:00+00:00,2023-05-31 09:05:00+00:00,2023-05-31 09:10:00+00:00,1.06681,1.06641,1.06741,1.0664,STOP,0.0004,-1.0250000000000536,-1.1500000000000536,-0.41000000000002146
N3_ANCHOR_REVERSION,NEUTRAL,SHORT,2023-05-31 12:15:00+00:00,2023-05-31 12:20:00+00:00,2023-05-31 12:20:00+00:00,2023-05-31 13:30:00+00:00,1.06846,1.06886,1.06786,1.06887,STOP,0.0004,-1.0250000000000536,-1.1500000000000536,-0.41000000000002146
N3_ANCHOR_REVERSION,NEUTRAL,LONG,2023-05-31 17:25:00+00:00,2023-05-31 17:30:00+00:00,2023-05-31 17:30:00+00:00,2023-05-31 17:30:00+00:00,1.0649000000000002,1.0645000000000002,1.0655000000000001,1.06549,TARGET,0.0004,1.474999999999671,1.349999999999671,0.5899999999998684
N3_ANCHOR_REVERSION,NEUTRAL,SHORT,2023-06-01 00:00:00+00:00,2023-06-01 00:05:00+00:00,2023-06-01 00:05:00+00:00,2023-06-01 00:25:00+00:00,1.0691599999999999,1.0695599999999998,1.06856,1.06957,STOP,0.0004,-1.0250000000000536,-1.1500000000000536,-0.41000000000002146
N3_ANCHOR_REVERSION,NEUTRAL,SHORT,2023-06-01 00:25:00+00:00,2023-06-01 00:30:00+00:00,2023-06-01 00:30:00+00:00,2023-06-01 00:55:00+00:00,1.06931,1.06971,1.06871,1.0687200000000001,TARGET,0.0004,1.474999999999671,1.349999999999671,0.5899999999998684
N3_ANCHOR_REVERSION,NEUTRAL,LONG,2023-06-01 05:05:00+00:00,2023-06-01 05:10:00+00:00,2023-06-01 05:10:00+00:00,2023-06-01 05:10:00+00:00,1.0684600000000002,1.0680600000000002,1.0690600000000001,1.0680500000000002,STOP,0.0004,-1.0250000000000536,-1.1500000000000536,-0.41000000000002146
N3_ANCHOR_REVERSION,NEUTRAL,LONG,2023-06-01 05:20:00+00:00,2023-06-01 05:25:00+00:00,2023-06-01 05:25:00+00:00,2023-06-01 05:35:00+00:00,1.06827,1.06787,1.06887,1.06786,STOP,0.0004,-1.0250000000000536,-1.1500000000000536,-0.41000000000002146
N3_ANCHOR_REVERSION,NEUTRAL,LONG,2023-06-05 01:20:00+00:00,2023-06-05 01:25:00+00:00,2023-06-05 01:25:00+00:00,2023-06-05 01:55:00+00:00,1.06948,1.06908,1.07008,1.0700699999999999,TARGET,0.0004,1.474999999999671,1.349999999999671,0.5899999999998684
N3_ANCHOR_REVERSION,NEUTRAL,LONG,2023-06-05 05:20:00+00:00,2023-06-05 05:25:00+00:00,2023-06-05 05:25:00+00:00,2023-06-05 05:50:00+00:00,1.06962,1.06922,1.07022,1.0702099999999999,TARGET,0.0004,1.474999999999671,1.349999999999671,0.5899999999998684
N3_ANCHOR_REVERSION,NEUTRAL,SHORT,2023-06-06 01:00:00+00:00,2023-06-06 01:05:00+00:00,2023-06-06 01:05:00+00:00,2023-06-06 02:05:00+00:00,1.0715,1.0718999999999999,1.0709,1.07191,STOP,0.0004,-1.0250000000000536,-1.1500000000000536,-0.41000000000002146
N3_ANCHOR_REVERSION,NEUTRAL,SHORT,2023-06-06 02:15:00+00:00,2023-06-06 02:20:00+00:00,2023-06-06 02:20:00+00:00,2023-06-06 05:00:00+00:00,1.0720999999999998,1.0724999999999998,1.0715,1.0725099999999999,STOP,0.0004,-1.0250000000000536,-1.1500000000000536,-0.41000000000002146
N3_ANCHOR_REVERSION,NEUTRAL,LONG,2023-06-06 12:15:00+00:00,2023-06-06 12:20:00+00:00,2023-06-06 12:20:00+00:00,2023-06-06 12:20:00+00:00,1.0680500000000002,1.0676500000000002,1.06865,1.0676400000000001,STOP,0.0004,-1.0250000000000536,-1.1500000000000536,-0.41000000000002146
N3_ANCHOR_REVERSION,NEUTRAL,LONG,2023-06-06 12:40:00+00:00,2023-06-06 12:45:00+00:00,2023-06-06 12:45:00+00:00,2023-06-06 12:45:00+00:00,1.06731,1.06691,1.06791,1.0669,STOP,0.0004,-1.0250000000000536,-1.1500000000000536,-0.41000000000002146
N3_ANCHOR_REVERSION,NEUTRAL,SHORT,2023-06-07 10:55:00+00:00,2023-06-07 11:00:00+00:00,2023-06-07 11:00:00+00:00,2023-06-07 11:00:00+00:00,1.07148,1.07188,1.07088,1.07189,STOP,0.0004,-1.0250000000000536,-1.1500000000000536,-0.41000000000002146
N3_ANCHOR_REVERSION,NEUTRAL,SHORT,2023-06-07 11:15:00+00:00,2023-06-07 11:20:00+00:00,2023-06-07 11:20:00+00:00,2023-06-07 11:35:00+00:00,1.0716599999999998,1.0720599999999998,1.07106,1.0720699999999999,STOP,0.0004,-1.0250000000000536,-1.1500000000000536,-0.41000000000002146
N3_ANCHOR_REVERSION,NEUTRAL,SHORT,2023-06-07 11:40:00+00:00,2023-06-07 11:45:00+00:00,2023-06-07 11:45:00+00:00,2023-06-07 12:25:00+00:00,1.0718699999999999,1.0722699999999998,1.07127,1.07128,TARGET,0.0004,1.474999999999671,1.349999999999671,0.5899999999998684
N3_ANCHOR_REVERSION,NEUTRAL,SHORT,2023-06-07 13:00:00+00:00,2023-06-07 13:05:00+00:00,2023-06-07 13:05:00+00:00,2023-06-07 13:10:00+00:00,1.07144,1.07184,1.07084,1.07185,STOP,0.0004,-1.0250000000000536,-1.1500000000000536,-0.41000000000002146
N3_ANCHOR_REVERSION,NEUTRAL,SHORT,2023-06-08 14:55:00+00:00,2023-06-08 15:00:00+00:00,2023-06-08 15:00:00+00:00,2023-06-08 15:10:00+00:00,1.0769,1.0773,1.0763,1.07731,STOP,0.0004,-1.0250000000000536,-1.1500000000000536,-0.41000000000002146
N3_ANCHOR_REVERSION,NEUTRAL,SHORT,2023-06-08 18:30:00+00:00,2023-06-08 18:35:00+00:00,2023-06-08 18:35:00+00:00,2023-06-08 19:25:00+00:00,1.07812,1.07852,1.07752,1.07753,TARGET,0.0004,1.474999999999671,1.349999999999671,0.5899999999998684
N3_ANCHOR_REVERSION,NEUTRAL,SHORT,2023-06-08 21:45:00+00:00,2023-06-08 21:50:00+00:00,2023-06-08 21:50:00+00:00,2023-06-08 23:40:00+00:00,1.0781399999999999,1.0785399999999998,1.07754,1.07855,STOP,0.0004,-1.0250000000000536,-1.1500000000000536,-0.41000000000002146
N3_ANCHOR_REVERSION,NEUTRAL,SHORT,2023-06-08 23:50:00+00:00,2023-06-08 23:55:00+00:00,2023-06-08 23:55:00+00:00,2023-06-09 02:40:00+00:00,1.07832,1.07872,1.07772,1.07773,TARGET,0.0004,1.474999999999671,1.349999999999671,0.5899999999998684
N3_ANCHOR_REVERSION,NEUTRAL,LONG,2023-06-09 04:10:00+00:00,2023-06-09 04:15:00+00:00,2023-06-09 04:15:00+00:00,2023-06-09 06:05:00+00:00,1.0778,1.0774000000000001,1.0784,1.07739,STOP,0.0004,-1.0250000000000536,-1.1500000000000536,-0.41000000000002146
N3_ANCHOR_REVERSION,NEUTRAL,LONG,2023-06-09 18:50:00+00:00,2023-06-09 18:55:00+00:00,2023-06-09 18:55:00+00:00,2023-06-09 19:35:00+00:00,1.0749600000000001,1.0745600000000002,1.07556,1.0745500000000001,STOP,0.0004,-1.0250000000000536,-1.1500000000000536,-0.41000000000002146
N3_ANCHOR_REVERSION,NEUTRAL,LONG,2023-06-09 19:55:00+00:00,2023-06-09 20:00:00+00:00,2023-06-09 20:00:00+00:00,2023-06-09 20:55:00+00:00,1.0744900000000002,1.0740900000000002,1.07509,1.07455,TIME_12H,0.0004,0.14999999999931735,0.024999999999317346,0.05999999999972694
N3_ANCHOR_REVERSION,NEUTRAL,LONG,2023-06-11 22:45:00+00:00,2023-06-11 22:50:00+00:00,2023-06-11 22:50:00+00:00,2023-06-11 23:55:00+00:00,1.07451,1.0741100000000001,1.07511,1.0751,TARGET,0.0004,1.474999999999671,1.349999999999671,0.5899999999998684
N3_ANCHOR_REVERSION,NEUTRAL,LONG,2023-06-12 02:20:00+00:00,2023-06-12 02:25:00+00:00,2023-06-12 02:25:00+00:00,2023-06-12 02:35:00+00:00,1.07393,1.07353,1.07453,1.07352,STOP,0.0004,-1.0250000000000536,-1.1500000000000536,-0.41000000000002146
N3_ANCHOR_REVERSION,NEUTRAL,LONG,2023-06-12 02:50:00+00:00,2023-06-12 02:55:00+00:00,2023-06-12 02:55:00+00:00,2023-06-12 04:05:00+00:00,1.0737800000000002,1.0733800000000002,1.0743800000000001,1.07437,TARGET,0.0004,1.474999999999671,1.349999999999671,0.5899999999998684
N3_ANCHOR_REVERSION,NEUTRAL,SHORT,2023-06-12 09:40:00+00:00,2023-06-12 09:45:00+00:00,2023-06-12 09:45:00+00:00,2023-06-12 09:45:00+00:00,1.07859,1.07899,1.07799,1.078,TARGET,0.0004,1.474999999999671,1.349999999999671,0.5899999999998684
N3_ANCHOR_REVERSION,NEUTRAL,SHORT,2023-06-12 10:05:00+00:00,2023-06-12 10:10:00+00:00,2023-06-12 10:10:00+00:00,2023-06-12 10:15:00+00:00,1.07794,1.0783399999999999,1.07734,1.07835,STOP,0.0004,-1.0250000000000536,-1.1500000000000536,-0.41000000000002146
N3_ANCHOR_REVERSION,NEUTRAL,SHORT,2023-06-12 23:55:00+00:00,2023-06-13 00:00:00+00:00,2023-06-13 00:00:00+00:00,2023-06-13 00:05:00+00:00,1.0762,1.0766,1.0756000000000001,1.07661,STOP,0.0004,-1.0250000000000536,-1.1500000000000536,-0.41000000000002146
N3_ANCHOR_REVERSION,NEUTRAL,SHORT,2023-06-13 00:15:00+00:00,2023-06-13 00:20:00+00:00,2023-06-13 00:20:00+00:00,2023-06-13 02:00:00+00:00,1.0765099999999999,1.0769099999999998,1.07591,1.0769199999999999,STOP,0.0004,-1.0250000000000536,-1.1500000000000536,-0.41000000000002146
N3_ANCHOR_REVERSION,NEUTRAL,SHORT,2023-06-13 02:10:00+00:00,2023-06-13 02:15:00+00:00,2023-06-13 02:15:00+00:00,2023-06-13 02:20:00+00:00,1.07664,1.07704,1.07604,1.07705,STOP,0.0004,-1.0250000000000536,-1.1500000000000536,-0.41000000000002146
N3_ANCHOR_REVERSION,NEUTRAL,SHORT,2023-06-13 06:15:00+00:00,2023-06-13 06:20:00+00:00,2023-06-13 06:20:00+00:00,2023-06-13 06:20:00+00:00,1.07923,1.0796299999999999,1.07863,1.07964,STOP,0.0004,-1.0250000000000536,-1.1500000000000536,-0.41000000000002146
N3_ANCHOR_REVERSION,NEUTRAL,SHORT,2023-06-14 15:00:00+00:00,2023-06-14 15:05:00+00:00,2023-06-14 15:05:00+00:00,2023-06-14 15:15:00+00:00,1.08496,1.0853599999999999,1.08436,1.08537,STOP,0.0004,-1.0250000000000536,-1.1500000000000536,-0.41000000000002146
N3_ANCHOR_REVERSION,NEUTRAL,SHORT,2023-06-14 17:00:00+00:00,2023-06-14 17:05:00+00:00,2023-06-14 17:05:00+00:00,2023-06-14 17:30:00+00:00,1.0860699999999999,1.0864699999999998,1.08547,1.08548,TARGET,0.0004,1.474999999999671,1.349999999999671,0.5899999999998684
N3_ANCHOR_REVERSION,NEUTRAL,LONG,2023-06-14 18:10:00+00:00,2023-06-14 18:15:00+00:00,2023-06-14 18:15:00+00:00,2023-06-14 18:15:00+00:00,1.08173,1.0813300000000001,1.08233,1.08132,STOP,0.0004,-1.0250000000000536,-1.1500000000000536,-0.41000000000002146
N3_ANCHOR_REVERSION,NEUTRAL,LONG,2023-06-14 18:25:00+00:00,2023-06-14 18:30:00+00:00,2023-06-14 18:30:00+00:00,2023-06-14 18:30:00+00:00,1.08114,1.08074,1.08174,1.08073,STOP,0.0004,-1.0250000000000536,-1.1500000000000536,-0.41000000000002146
N3_ANCHOR_REVERSION,NEUTRAL,SHORT,2023-06-15 00:00:00+00:00,2023-06-15 00:05:00+00:00,2023-06-15 00:05:00+00:00,2023-06-15 01:00:00+00:00,1.0841999999999998,1.0845999999999998,1.0836,1.08361,TARGET,0.0004,1.474999999999671,1.349999999999671,0.5899999999998684
N3_ANCHOR_REVERSION,NEUTRAL,LONG,2023-06-15 05:10:00+00:00,2023-06-15 05:15:00+00:00,2023-06-15 05:15:00+00:00,2023-06-15 05:25:00+00:00,1.08085,1.0804500000000001,1.08145,1.08144,TARGET,0.0004,1.474999999999671,1.349999999999671,0.5899999999998684
N3_ANCHOR_REVERSION,NEUTRAL,SHORT,2023-06-15 05:50:00+00:00,2023-06-15 05:55:00+00:00,2023-06-15 05:55:00+00:00,2023-06-15 06:25:00+00:00,1.08202,1.08242,1.08142,1.0814300000000001,TARGET,0.0004,1.474999999999671,1.349999999999671,0.5899999999998684
N3_ANCHOR_REVERSION,NEUTRAL,LONG,2023-06-15 07:05:00+00:00,2023-06-15 07:10:00+00:00,2023-06-15 07:10:00+00:00,2023-06-15 07:30:00+00:00,1.08094,1.08054,1.08154,1.0815299999999999,TARGET,0.0004,1.474999999999671,1.349999999999671,0.5899999999998684
N3_ANCHOR_REVERSION,NEUTRAL,LONG,2023-06-22 22:20:00+00:00,2023-06-22 22:25:00+00:00,2023-06-22 22:25:00+00:00,2023-06-23 01:30:00+00:00,1.09548,1.09508,1.09608,1.09507,STOP,0.0004,-1.0250000000000536,-1.1500000000000536,-0.41000000000002146
N3_ANCHOR_REVERSION,NEUTRAL,LONG,2023-06-23 01:45:00+00:00,2023-06-23 01:50:00+00:00,2023-06-23 01:50:00+00:00,2023-06-23 02:00:00+00:00,1.0948600000000002,1.0944600000000002,1.09546,1.0944500000000001,STOP,0.0004,-1.0250000000000536,-1.1500000000000536,-0.41000000000002146
N3_ANCHOR_REVERSION,NEUTRAL,LONG,2023-06-23 02:25:00+00:00,2023-06-23 02:30:00+00:00,2023-06-23 02:30:00+00:00,2023-06-23 02:35:00+00:00,1.0939800000000002,1.0935800000000002,1.09458,1.0935700000000002,STOP,0.0004,-1.0250000000000536,-1.1500000000000536,-0.41000000000002146
N3_ANCHOR_REVERSION,NEUTRAL,LONG,2023-06-23 04:20:00+00:00,2023-06-23 04:25:00+00:00,2023-06-23 04:25:00+00:00,2023-06-23 04:40:00+00:00,1.09336,1.0929600000000002,1.09396,1.09295,STOP,0.0004,-1.0250000000000536,-1.1500000000000536,-0.41000000000002146
N3_ANCHOR_REVERSION,NEUTRAL,LONG,2023-06-23 04:40:00+00:00,2023-06-23 04:45:00+00:00,2023-06-23 04:45:00+00:00,2023-06-23 04:50:00+00:00,1.0934700000000002,1.0930700000000002,1.09407,1.0930600000000001,STOP,0.0004,-1.0250000000000536,-1.1500000000000536,-0.41000000000002146
N3_ANCHOR_REVERSION,NEUTRAL,SHORT,2023-06-27 12:45:00+00:00,2023-06-27 12:50:00+00:00,2023-06-27 12:50:00+00:00,2023-06-27 12:55:00+00:00,1.09638,1.0967799999999999,1.09578,1.09679,STOP,0.0004,-1.0250000000000536,-1.1500000000000536,-0.41000000000002146
N3_ANCHOR_REVERSION,NEUTRAL,LONG,2023-06-27 23:00:00+00:00,2023-06-27 23:05:00+00:00,2023-06-27 23:05:00+00:00,2023-06-28 00:45:00+00:00,1.0958400000000001,1.0954400000000002,1.09644,1.0954300000000001,STOP,0.0004,-1.0250000000000536,-1.1500000000000536,-0.41000000000002146
N3_ANCHOR_REVERSION,NEUTRAL,LONG,2023-06-28 00:45:00+00:00,2023-06-28 00:50:00+00:00,2023-06-28 00:50:00+00:00,2023-06-28 01:15:00+00:00,1.0956400000000002,1.0952400000000002,1.09624,1.0952300000000001,STOP,0.0004,-1.0250000000000536,-1.1500000000000536,-0.41000000000002146
N3_ANCHOR_REVERSION,NEUTRAL,SHORT,2023-06-28 23:50:00+00:00,2023-06-28 23:55:00+00:00,2023-06-28 23:55:00+00:00,2023-06-29 00:00:00+00:00,1.09174,1.0921399999999999,1.09114,1.09115,TARGET,0.0004,1.474999999999671,1.349999999999671,0.5899999999998684
N3_ANCHOR_REVERSION,NEUTRAL,LONG,2023-06-29 00:50:00+00:00,2023-06-29 00:55:00+00:00,2023-06-29 00:55:00+00:00,2023-06-29 01:15:00+00:00,1.09054,1.09014,1.09114,1.09113,TARGET,0.0004,1.474999999999671,1.349999999999671,0.5899999999998684
N3_ANCHOR_REVERSION,NEUTRAL,LONG,2023-06-29 02:20:00+00:00,2023-06-29 02:25:00+00:00,2023-06-29 02:25:00+00:00,2023-06-29 02:55:00+00:00,1.08982,1.08942,1.09042,1.08941,STOP,0.0004,-1.0250000000000536,-1.1500000000000536,-0.41000000000002146
N3_ANCHOR_REVERSION,NEUTRAL,SHORT,2023-06-29 12:10:00+00:00,2023-06-29 12:15:00+00:00,2023-06-29 12:15:00+00:00,2023-06-29 12:30:00+00:00,1.09365,1.09405,1.09305,1.0930600000000001,TARGET,0.0004,1.474999999999671,1.349999999999671,0.5899999999998684
N3_ANCHOR_REVERSION,NEUTRAL,LONG,2023-06-29 12:35:00+00:00,2023-06-29 12:40:00+00:00,2023-06-29 12:40:00+00:00,2023-06-29 12:40:00+00:00,1.0909900000000001,1.0905900000000002,1.09159,1.09058,STOP,0.0004,-1.0250000000000536,-1.1500000000000536,-0.41000000000002146
N3_ANCHOR_REVERSION,NEUTRAL,SHORT,2023-07-06 12:10:00+00:00,2023-07-06 12:15:00+00:00,2023-07-06 12:15:00+00:00,2023-07-06 12:15:00+00:00,1.08964,1.09004,1.08904,1.08905,TARGET,0.0004,1.474999999999671,1.349999999999671,0.5899999999998684
N3_ANCHOR_REVERSION,NEUTRAL,LONG,2023-07-06 14:10:00+00:00,2023-07-06 14:15:00+00:00,2023-07-06 14:15:00+00:00,2023-07-06 14:15:00+00:00,1.0856700000000001,1.0852700000000002,1.08627,1.0852600000000001,STOP,0.0004,-1.0250000000000536,-1.1500000000000536,-0.41000000000002146
N3_ANCHOR_REVERSION,NEUTRAL,SHORT,2023-07-06 18:00:00+00:00,2023-07-06 18:05:00+00:00,2023-07-06 18:05:00+00:00,2023-07-06 18:40:00+00:00,1.08796,1.08836,1.08736,1.08837,STOP,0.0004,-1.0250000000000536,-1.1500000000000536,-0.41000000000002146
N3_ANCHOR_REVERSION,NEUTRAL,SHORT,2023-07-06 18:55:00+00:00,2023-07-06 19:00:00+00:00,2023-07-06 19:00:00+00:00,2023-07-06 19:05:00+00:00,1.08812,1.08852,1.08752,1.08853,STOP,0.0004,-1.0250000000000536,-1.1500000000000536,-0.41000000000002146
N3_ANCHOR_REVERSION,NEUTRAL,LONG,2023-07-07 00:50:00+00:00,2023-07-07 00:55:00+00:00,2023-07-07 00:55:00+00:00,2023-07-07 01:15:00+00:00,1.0885,1.0881,1.0891,1.08909,TARGET,0.0004,1.474999999999671,1.349999999999671,0.5899999999998684
N3_ANCHOR_REVERSION,NEUTRAL,SHORT,2023-07-07 05:15:00+00:00,2023-07-07 05:20:00+00:00,2023-07-07 05:20:00+00:00,2023-07-07 06:05:00+00:00,1.0892899999999999,1.0896899999999998,1.08869,1.0897,STOP,0.0004,-1.0250000000000536,-1.1500000000000536,-0.41000000000002146
N3_ANCHOR_REVERSION,NEUTRAL,SHORT,2023-07-07 17:55:00+00:00,2023-07-07 18:00:00+00:00,2023-07-07 18:00:00+00:00,2023-07-07 20:55:00+00:00,1.0967399999999998,1.0971399999999998,1.09614,1.0971499999999998,STOP,0.0004,-1.0250000000000536,-1.1500000000000536,-0.41000000000002146
N3_ANCHOR_REVERSION,NEUTRAL,LONG,2023-07-10 00:25:00+00:00,2023-07-10 00:30:00+00:00,2023-07-10 00:30:00+00:00,2023-07-10 00:55:00+00:00,1.09595,1.09555,1.09655,1.0965399999999998,TARGET,0.0004,1.474999999999671,1.349999999999671,0.5899999999998684
N3_ANCHOR_REVERSION,NEUTRAL,SHORT,2023-07-10 16:00:00+00:00,2023-07-10 16:05:00+00:00,2023-07-10 16:05:00+00:00,2023-07-10 16:30:00+00:00,1.09858,1.0989799999999998,1.09798,1.09899,STOP,0.0004,-1.0250000000000536,-1.1500000000000536,-0.41000000000002146
N3_ANCHOR_REVERSION,NEUTRAL,SHORT,2023-07-10 18:40:00+00:00,2023-07-10 18:45:00+00:00,2023-07-10 18:45:00+00:00,2023-07-10 18:55:00+00:00,1.09945,1.09985,1.09885,1.09986,STOP,0.0004,-1.0250000000000536,-1.1500000000000536,-0.41000000000002146
N3_ANCHOR_REVERSION,NEUTRAL,SHORT,2023-07-10 19:15:00+00:00,2023-07-10 19:20:00+00:00,2023-07-10 19:20:00+00:00,2023-07-10 21:00:00+00:00,1.09982,1.10022,1.09922,1.10023,STOP,0.0004,-1.0250000000000536,-1.1500000000000536,-0.41000000000002146
N3_ANCHOR_REVERSION,NEUTRAL,SHORT,2023-07-11 00:30:00+00:00,2023-07-11 00:35:00+00:00,2023-07-11 00:35:00+00:00,2023-07-11 01:00:00+00:00,1.10046,1.10086,1.09986,1.10087,STOP,0.0004,-1.0250000000000536,-1.1500000000000536,-0.41000000000002146
N3_ANCHOR_REVERSION,NEUTRAL,SHORT,2023-07-11 01:05:00+00:00,2023-07-11 01:10:00+00:00,2023-07-11 01:10:00+00:00,2023-07-11 01:25:00+00:00,1.10082,1.1012199999999999,1.10022,1.10123,STOP,0.0004,-1.0250000000000536,-1.1500000000000536,-0.41000000000002146
N3_ANCHOR_REVERSION,NEUTRAL,SHORT,2023-07-11 01:30:00+00:00,2023-07-11 01:35:00+00:00,2023-07-11 01:35:00+00:00,2023-07-11 02:35:00+00:00,1.10094,1.10134,1.10034,1.10135,STOP,0.0004,-1.0250000000000536,-1.1500000000000536,-0.41000000000002146
N3_ANCHOR_REVERSION,NEUTRAL,SHORT,2023-07-11 04:40:00+00:00,2023-07-11 04:45:00+00:00,2023-07-11 04:45:00+00:00,2023-07-11 05:15:00+00:00,1.10184,1.1022399999999999,1.10124,1.10225,STOP,0.0004,-1.0250000000000536,-1.1500000000000536,-0.41000000000002146
N3_ANCHOR_REVERSION,NEUTRAL,SHORT,2023-07-12 05:00:00+00:00,2023-07-12 05:05:00+00:00,2023-07-12 05:05:00+00:00,2023-07-12 05:40:00+00:00,1.1033499999999998,1.1037499999999998,1.10275,1.10276,TARGET,0.0004,1.474999999999671,1.349999999999671,0.5899999999998684
N3_ANCHOR_REVERSION,NEUTRAL,SHORT,2023-07-19 20:00:00+00:00,2023-07-19 20:05:00+00:00,2023-07-19 20:05:00+00:00,2023-07-20 00:00:00+00:00,1.12031,1.1207099999999999,1.11971,1.12072,STOP,0.0004,-1.0250000000000536,-1.1500000000000536,-0.41000000000002146
N3_ANCHOR_REVERSION,NEUTRAL,SHORT,2023-07-20 00:45:00+00:00,2023-07-20 00:50:00+00:00,2023-07-20 00:50:00+00:00,2023-07-20 00:50:00+00:00,1.12124,1.12164,1.12064,1.12165,STOP,0.0004,-1.0250000000000536,-1.1500000000000536,-0.41000000000002146
N3_ANCHOR_REVERSION,NEUTRAL,SHORT,2023-07-20 01:55:00+00:00,2023-07-20 02:00:00+00:00,2023-07-20 02:00:00+00:00,2023-07-20 02:00:00+00:00,1.12256,1.12296,1.12196,1.12297,STOP,0.0004,-1.0250000000000536,-1.1500000000000536,-0.41000000000002146
N3_ANCHOR_REVERSION,NEUTRAL,SHORT,2023-07-20 02:05:00+00:00,2023-07-20 02:10:00+00:00,2023-07-20 02:10:00+00:00,2023-07-20 03:05:00+00:00,1.12262,1.12302,1.12202,1.12203,TARGET,0.0004,1.474999999999671,1.349999999999671,0.5899999999998684
N3_ANCHOR_REVERSION,NEUTRAL,LONG,2023-07-20 17:25:00+00:00,2023-07-20 17:30:00+00:00,2023-07-20 17:30:00+00:00,2023-07-20 17:45:00+00:00,1.11274,1.11234,1.11334,1.11333,TARGET,0.0004,1.474999999999671,1.349999999999671,0.5899999999998684
N3_ANCHOR_REVERSION,NEUTRAL,SHORT,2023-07-21 01:40:00+00:00,2023-07-21 01:45:00+00:00,2023-07-21 01:45:00+00:00,2023-07-21 02:45:00+00:00,1.11384,1.11424,1.11324,1.11425,STOP,0.0004,-1.0250000000000536,-1.1500000000000536,-0.41000000000002146
N3_ANCHOR_REVERSION,NEUTRAL,LONG,2023-07-24 13:25:00+00:00,2023-07-24 13:30:00+00:00,2023-07-24 13:30:00+00:00,2023-07-24 13:35:00+00:00,1.10809,1.10769,1.10869,1.1086799999999999,TARGET,0.0004,1.474999999999671,1.349999999999671,0.5899999999998684
N3_ANCHOR_REVERSION,NEUTRAL,LONG,2023-07-27 05:30:00+00:00,2023-07-27 05:35:00+00:00,2023-07-27 05:35:00+00:00,2023-07-27 05:45:00+00:00,1.10934,1.10894,1.10994,1.1099299999999999,TARGET,0.0004,1.474999999999671,1.349999999999671,0.5899999999998684
N3_ANCHOR_REVERSION,NEUTRAL,LONG,2023-07-27 06:00:00+00:00,2023-07-27 06:05:00+00:00,2023-07-27 06:05:00+00:00,2023-07-27 06:15:00+00:00,1.1091600000000001,1.1087600000000002,1.10976,1.10975,TARGET,0.0004,1.474999999999671,1.349999999999671,0.5899999999998684
N3_ANCHOR_REVERSION,NEUTRAL,SHORT,2023-07-27 09:20:00+00:00,2023-07-27 09:25:00+00:00,2023-07-27 09:25:00+00:00,2023-07-27 09:55:00+00:00,1.11333,1.1137299999999999,1.11273,1.11374,STOP,0.0004,-1.0250000000000536,-1.1500000000000536,-0.41000000000002146
N3_ANCHOR_REVERSION,NEUTRAL,SHORT,2023-07-27 10:55:00+00:00,2023-07-27 11:00:00+00:00,2023-07-27 11:00:00+00:00,2023-07-27 11:40:00+00:00,1.11372,1.11412,1.11312,1.11413,STOP,0.0004,-1.0250000000000536,-1.1500000000000536,-0.41000000000002146
N3_ANCHOR_REVERSION,NEUTRAL,LONG,2023-08-04 20:10:00+00:00,2023-08-04 20:15:00+00:00,2023-08-04 20:15:00+00:00,2023-08-04 20:55:00+00:00,1.10083,1.10043,1.10143,1.10042,STOP,0.0004,-1.0250000000000536,-1.1500000000000536,-0.41000000000002146
N3_ANCHOR_REVERSION,NEUTRAL,LONG,2023-08-06 22:55:00+00:00,2023-08-06 23:00:00+00:00,2023-08-06 23:00:00+00:00,2023-08-06 23:05:00+00:00,1.10059,1.10019,1.10119,1.10018,STOP,0.0004,-1.0250000000000536,-1.1500000000000536,-0.41000000000002146
N3_ANCHOR_REVERSION,NEUTRAL,LONG,2023-08-06 23:50:00+00:00,2023-08-06 23:55:00+00:00,2023-08-06 23:55:00+00:00,2023-08-07 00:10:00+00:00,1.10027,1.0998700000000001,1.10087,1.10086,TARGET,0.0004,1.474999999999671,1.349999999999671,0.5899999999998684
N3_ANCHOR_REVERSION,NEUTRAL,LONG,2023-08-07 01:45:00+00:00,2023-08-07 01:50:00+00:00,2023-08-07 01:50:00+00:00,2023-08-07 04:00:00+00:00,1.0998800000000002,1.0994800000000002,1.1004800000000001,1.0994700000000002,STOP,0.0004,-1.0250000000000536,-1.1500000000000536,-0.41000000000002146
N3_ANCHOR_REVERSION,NEUTRAL,LONG,2023-08-07 06:55:00+00:00,2023-08-07 07:00:00+00:00,2023-08-07 07:00:00+00:00,2023-08-07 07:00:00+00:00,1.0981,1.0977000000000001,1.0987,1.09769,STOP,0.0004,-1.0250000000000536,-1.1500000000000536,-0.41000000000002146
N3_ANCHOR_REVERSION,NEUTRAL,SHORT,2023-08-07 19:20:00+00:00,2023-08-07 19:25:00+00:00,2023-08-07 19:25:00+00:00,2023-08-07 20:30:00+00:00,1.1006,1.101,1.1,1.1000100000000002,TARGET,0.0004,1.474999999999671,1.349999999999671,0.5899999999998684
N3_ANCHOR_REVERSION,NEUTRAL,LONG,2023-08-08 13:00:00+00:00,2023-08-08 13:05:00+00:00,2023-08-08 13:05:00+00:00,2023-08-08 13:10:00+00:00,1.09467,1.09427,1.09527,1.09526,TARGET,0.0004,1.474999999999671,1.349999999999671,0.5899999999998684
N3_ANCHOR_REVERSION,NEUTRAL,SHORT,2023-08-08 18:15:00+00:00,2023-08-08 18:20:00+00:00,2023-08-08 18:20:00+00:00,2023-08-08 19:00:00+00:00,1.09565,1.09605,1.09505,1.09606,STOP,0.0004,-1.0250000000000536,-1.1500000000000536,-0.41000000000002146
N3_ANCHOR_REVERSION,NEUTRAL,SHORT,2023-08-08 19:05:00+00:00,2023-08-08 19:10:00+00:00,2023-08-08 19:10:00+00:00,2023-08-08 19:20:00+00:00,1.0957999999999999,1.0961999999999998,1.0952,1.09621,STOP,0.0004,-1.0250000000000536,-1.1500000000000536,-0.41000000000002146
N3_ANCHOR_REVERSION,NEUTRAL,SHORT,2023-08-08 19:25:00+00:00,2023-08-08 19:30:00+00:00,2023-08-08 19:30:00+00:00,2023-08-08 20:30:00+00:00,1.09599,1.09639,1.09539,1.0954000000000002,TARGET,0.0004,1.474999999999671,1.349999999999671,0.5899999999998684
N3_ANCHOR_REVERSION,NEUTRAL,SHORT,2023-08-09 00:05:00+00:00,2023-08-09 00:10:00+00:00,2023-08-09 00:10:00+00:00,2023-08-09 00:30:00+00:00,1.09599,1.09639,1.09539,1.0964,STOP,0.0004,-1.0250000000000536,-1.1500000000000536,-0.41000000000002146
N3_ANCHOR_REVERSION,NEUTRAL,SHORT,2023-08-09 00:40:00+00:00,2023-08-09 00:45:00+00:00,2023-08-09 00:45:00+00:00,2023-08-09 01:00:00+00:00,1.09626,1.09666,1.09566,1.0956700000000001,TARGET,0.0004,1.474999999999671,1.349999999999671,0.5899999999998684
N3_ANCHOR_REVERSION,NEUTRAL,SHORT,2023-08-10 08:25:00+00:00,2023-08-10 08:30:00+00:00,2023-08-10 08:30:00+00:00,2023-08-10 10:35:00+00:00,1.10225,1.10265,1.10165,1.10266,STOP,0.0004,-1.0250000000000536,-1.1500000000000536,-0.41000000000002146
N3_ANCHOR_REVERSION,NEUTRAL,SHORT,2023-08-10 11:00:00+00:00,2023-08-10 11:05:00+00:00,2023-08-10 11:05:00+00:00,2023-08-10 11:45:00+00:00,1.1027,1.1031,1.1021,1.1021100000000001,TARGET,0.0004,1.474999999999671,1.349999999999671,0.5899999999998684
N3_ANCHOR_REVERSION,NEUTRAL,SHORT,2023-08-10 12:35:00+00:00,2023-08-10 12:40:00+00:00,2023-08-10 12:40:00+00:00,2023-08-10 12:40:00+00:00,1.10331,1.10371,1.10271,1.1027200000000001,TARGET,0.0004,1.474999999999671,1.349999999999671,0.5899999999998684
N3_ANCHOR_REVERSION,NEUTRAL,LONG,2023-08-10 17:40:00+00:00,2023-08-10 17:45:00+00:00,2023-08-10 17:45:00+00:00,2023-08-10 17:45:00+00:00,1.09834,1.0979400000000001,1.09894,1.09893,TARGET,0.0004,1.474999999999671,1.349999999999671,0.5899999999998684
N3_ANCHOR_REVERSION,NEUTRAL,LONG,2023-08-22 12:20:00+00:00,2023-08-22 12:25:00+00:00,2023-08-22 12:25:00+00:00,2023-08-22 12:25:00+00:00,1.0887900000000001,1.0883900000000002,1.08939,1.0883800000000001,STOP,0.0004,-1.0250000000000536,-1.1500000000000536,-0.41000000000002146
N3_ANCHOR_REVERSION,NEUTRAL,SHORT,2023-08-23 19:05:00+00:00,2023-08-23 19:10:00+00:00,2023-08-23 19:10:00+00:00,2023-08-23 19:25:00+00:00,1.08618,1.0865799999999999,1.08558,1.08659,STOP,0.0004,-1.0250000000000536,-1.1500000000000536,-0.41000000000002146
N3_ANCHOR_REVERSION,NEUTRAL,SHORT,2023-08-23 19:50:00+00:00,2023-08-23 19:55:00+00:00,2023-08-23 19:55:00+00:00,2023-08-23 22:15:00+00:00,1.08639,1.08679,1.08579,1.0868,STOP,0.0004,-1.0250000000000536,-1.1500000000000536,-0.41000000000002146
N3_ANCHOR_REVERSION,NEUTRAL,SHORT,2023-08-24 00:25:00+00:00,2023-08-24 00:30:00+00:00,2023-08-24 00:30:00+00:00,2023-08-24 01:10:00+00:00,1.08713,1.0875299999999999,1.08653,1.08654,TARGET,0.0004,1.474999999999671,1.349999999999671,0.5899999999998684
N3_ANCHOR_REVERSION,NEUTRAL,SHORT,2023-08-24 03:30:00+00:00,2023-08-24 03:35:00+00:00,2023-08-24 03:35:00+00:00,2023-08-24 05:00:00+00:00,1.0868,1.0872,1.0862,1.08721,STOP,0.0004,-1.0250000000000536,-1.1500000000000536,-0.41000000000002146
N3_ANCHOR_REVERSION,NEUTRAL,LONG,2023-08-24 12:55:00+00:00,2023-08-24 13:00:00+00:00,2023-08-24 13:00:00+00:00,2023-08-24 13:05:00+00:00,1.0821500000000002,1.0817500000000002,1.08275,1.08274,TARGET,0.0004,1.474999999999671,1.349999999999671,0.5899999999998684
N3_ANCHOR_REVERSION,NEUTRAL,LONG,2023-08-24 13:10:00+00:00,2023-08-24 13:15:00+00:00,2023-08-24 13:15:00+00:00,2023-08-24 13:20:00+00:00,1.08291,1.08251,1.08351,1.0825,STOP,0.0004,-1.0250000000000536,-1.1500000000000536,-0.41000000000002146
N3_ANCHOR_REVERSION,NEUTRAL,LONG,2023-08-25 00:00:00+00:00,2023-08-25 00:05:00+00:00,2023-08-25 00:05:00+00:00,2023-08-25 00:25:00+00:00,1.0801800000000001,1.0797800000000002,1.08078,1.0797700000000001,STOP,0.0004,-1.0250000000000536,-1.1500000000000536,-0.41000000000002146
N3_ANCHOR_REVERSION,NEUTRAL,LONG,2023-08-25 00:50:00+00:00,2023-08-25 00:55:00+00:00,2023-08-25 00:55:00+00:00,2023-08-25 00:55:00+00:00,1.07976,1.07936,1.08036,1.07935,STOP,0.0004,-1.0250000000000536,-1.1500000000000536,-0.41000000000002146
N3_ANCHOR_REVERSION,NEUTRAL,LONG,2023-08-25 01:15:00+00:00,2023-08-25 01:20:00+00:00,2023-08-25 01:20:00+00:00,2023-08-25 01:30:00+00:00,1.07941,1.07901,1.08001,1.079,STOP,0.0004,-1.0250000000000536,-1.1500000000000536,-0.41000000000002146
N3_ANCHOR_REVERSION,NEUTRAL,LONG,2023-08-25 01:35:00+00:00,2023-08-25 01:40:00+00:00,2023-08-25 01:40:00+00:00,2023-08-25 02:00:00+00:00,1.07907,1.07867,1.07967,1.07866,STOP,0.0004,-1.0250000000000536,-1.1500000000000536,-0.41000000000002146
N3_ANCHOR_REVERSION,NEUTRAL,SHORT,2023-08-28 00:50:00+00:00,2023-08-28 00:55:00+00:00,2023-08-28 00:55:00+00:00,2023-08-28 01:00:00+00:00,1.0802699999999998,1.0806699999999998,1.07967,1.0806799999999999,STOP,0.0004,-1.0250000000000536,-1.1500000000000536,-0.41000000000002146
N3_ANCHOR_REVERSION,NEUTRAL,SHORT,2023-08-28 01:10:00+00:00,2023-08-28 01:15:00+00:00,2023-08-28 01:15:00+00:00,2023-08-28 01:15:00+00:00,1.08046,1.08086,1.07986,1.08087,STOP,0.0004,-1.0250000000000536,-1.1500000000000536,-0.41000000000002146
N3_ANCHOR_REVERSION,NEUTRAL,SHORT,2023-08-28 01:30:00+00:00,2023-08-28 01:35:00+00:00,2023-08-28 01:35:00+00:00,2023-08-28 02:30:00+00:00,1.08045,1.0808499999999999,1.07985,1.08086,STOP,0.0004,-1.0250000000000536,-1.1500000000000536,-0.41000000000002146
N3_ANCHOR_REVERSION,NEUTRAL,SHORT,2023-08-28 05:35:00+00:00,2023-08-28 05:40:00+00:00,2023-08-28 05:40:00+00:00,2023-08-28 06:15:00+00:00,1.0812199999999998,1.0816199999999998,1.08062,1.0816299999999999,STOP,0.0004,-1.0250000000000536,-1.1500000000000536,-0.41000000000002146
N3_ANCHOR_REVERSION,NEUTRAL,SHORT,2023-08-29 02:05:00+00:00,2023-08-29 02:10:00+00:00,2023-08-29 02:10:00+00:00,2023-08-29 03:25:00+00:00,1.08341,1.08381,1.08281,1.08382,STOP,0.0004,-1.0250000000000536,-1.1500000000000536,-0.41000000000002146
N3_ANCHOR_REVERSION,NEUTRAL,LONG,2023-08-29 05:30:00+00:00,2023-08-29 05:35:00+00:00,2023-08-29 05:35:00+00:00,2023-08-29 06:20:00+00:00,1.08229,1.08189,1.08289,1.08188,STOP,0.0004,-1.0250000000000536,-1.1500000000000536,-0.41000000000002146
N3_ANCHOR_REVERSION,NEUTRAL,LONG,2023-08-29 06:25:00+00:00,2023-08-29 06:30:00+00:00,2023-08-29 06:30:00+00:00,2023-08-29 06:45:00+00:00,1.08185,1.08145,1.08245,1.08144,STOP,0.0004,-1.0250000000000536,-1.1500000000000536,-0.41000000000002146
N3_ANCHOR_REVERSION,NEUTRAL,LONG,2023-08-29 12:30:00+00:00,2023-08-29 12:35:00+00:00,2023-08-29 12:35:00+00:00,2023-08-29 13:00:00+00:00,1.07939,1.0789900000000001,1.07999,1.07898,STOP,0.0004,-1.0250000000000536,-1.1500000000000536,-0.41000000000002146
N3_ANCHOR_REVERSION,NEUTRAL,LONG,2023-08-30 00:10:00+00:00,2023-08-30 00:15:00+00:00,2023-08-30 00:15:00+00:00,2023-08-30 02:30:00+00:00,1.0869600000000001,1.0865600000000002,1.08756,1.0865500000000001,STOP,0.0004,-1.0250000000000536,-1.1500000000000536,-0.41000000000002146
N3_ANCHOR_REVERSION,NEUTRAL,SHORT,2023-08-30 06:10:00+00:00,2023-08-30 06:15:00+00:00,2023-08-30 06:15:00+00:00,2023-08-30 06:15:00+00:00,1.08711,1.08751,1.08651,1.08752,STOP,0.0004,-1.0250000000000536,-1.1500000000000536,-0.41000000000002146
N3_ANCHOR_REVERSION,NEUTRAL,SHORT,2023-08-30 06:20:00+00:00,2023-08-30 06:25:00+00:00,2023-08-30 06:25:00+00:00,2023-08-30 06:50:00+00:00,1.08747,1.08787,1.08687,1.08688,TARGET,0.0004,1.474999999999671,1.349999999999671,0.5899999999998684
N3_ANCHOR_REVERSION,NEUTRAL,LONG,2023-09-01 18:40:00+00:00,2023-09-01 18:45:00+00:00,2023-09-01 18:45:00+00:00,2023-09-01 19:20:00+00:00,1.0778100000000002,1.0774100000000002,1.07841,1.0774000000000001,STOP,0.0004,-1.0250000000000536,-1.1500000000000536,-0.41000000000002146
N3_ANCHOR_REVERSION,NEUTRAL,LONG,2023-09-01 19:55:00+00:00,2023-09-01 20:00:00+00:00,2023-09-01 20:00:00+00:00,2023-09-01 20:55:00+00:00,1.0775700000000001,1.0771700000000002,1.07817,1.0771600000000001,STOP,0.0004,-1.0250000000000536,-1.1500000000000536,-0.41000000000002146
N3_ANCHOR_REVERSION,NEUTRAL,LONG,2023-09-03 22:30:00+00:00,2023-09-03 22:35:00+00:00,2023-09-03 22:35:00+00:00,2023-09-03 23:25:00+00:00,1.07756,1.0771600000000001,1.07816,1.07715,STOP,0.0004,-1.0250000000000536,-1.1500000000000536,-0.41000000000002146
N3_ANCHOR_REVERSION,NEUTRAL,SHORT,2023-09-04 00:55:00+00:00,2023-09-04 01:00:00+00:00,2023-09-04 01:00:00+00:00,2023-09-04 01:25:00+00:00,1.07785,1.07825,1.07725,1.07826,STOP,0.0004,-1.0250000000000536,-1.1500000000000536,-0.41000000000002146
N3_ANCHOR_REVERSION,NEUTRAL,LONG,2023-09-14 17:50:00+00:00,2023-09-14 17:55:00+00:00,2023-09-14 17:55:00+00:00,2023-09-14 19:40:00+00:00,1.06359,1.06319,1.06419,1.06418,TARGET,0.0004,1.474999999999671,1.349999999999671,0.5899999999998684
N3_ANCHOR_REVERSION,NEUTRAL,LONG,2023-09-14 22:15:00+00:00,2023-09-14 22:20:00+00:00,2023-09-14 22:20:00+00:00,2023-09-14 23:45:00+00:00,1.06406,1.06366,1.06466,1.06365,STOP,0.0004,-1.0250000000000536,-1.1500000000000536,-0.41000000000002146
N3_ANCHOR_REVERSION,NEUTRAL,LONG,2023-09-15 00:00:00+00:00,2023-09-15 00:05:00+00:00,2023-09-15 00:05:00+00:00,2023-09-15 01:25:00+00:00,1.06397,1.0635700000000001,1.06457,1.06356,STOP,0.0004,-1.0250000000000536,-1.1500000000000536,-0.41000000000002146
N3_ANCHOR_REVERSION,NEUTRAL,LONG,2023-09-19 13:15:00+00:00,2023-09-19 13:20:00+00:00,2023-09-19 13:20:00+00:00,2023-09-19 13:30:00+00:00,1.0686900000000001,1.0682900000000002,1.06929,1.06928,TARGET,0.0004,1.474999999999671,1.349999999999671,0.5899999999998684
N3_ANCHOR_REVERSION,NEUTRAL,LONG,2023-09-19 18:35:00+00:00,2023-09-19 18:40:00+00:00,2023-09-19 18:40:00+00:00,2023-09-19 18:50:00+00:00,1.0682200000000002,1.0678200000000002,1.06882,1.0678100000000001,STOP,0.0004,-1.0250000000000536,-1.1500000000000536,-0.41000000000002146
N3_ANCHOR_REVERSION,NEUTRAL,LONG,2023-09-19 18:50:00+00:00,2023-09-19 18:55:00+00:00,2023-09-19 18:55:00+00:00,2023-09-19 19:00:00+00:00,1.06807,1.0676700000000001,1.06867,1.06766,STOP,0.0004,-1.0250000000000536,-1.1500000000000536,-0.41000000000002146
N3_ANCHOR_REVERSION,NEUTRAL,SHORT,2023-09-20 00:35:00+00:00,2023-09-20 00:40:00+00:00,2023-09-20 00:40:00+00:00,2023-09-20 01:40:00+00:00,1.0684,1.0688,1.0678,1.06881,STOP,0.0004,-1.0250000000000536,-1.1500000000000536,-0.41000000000002146
N3_ANCHOR_REVERSION,NEUTRAL,SHORT,2023-09-20 14:10:00+00:00,2023-09-20 14:15:00+00:00,2023-09-20 14:15:00+00:00,2023-09-20 14:15:00+00:00,1.07203,1.07243,1.07143,1.0714400000000002,TARGET,0.0004,1.474999999999671,1.349999999999671,0.5899999999998684
N3_ANCHOR_REVERSION,NEUTRAL,SHORT,2023-09-20 16:50:00+00:00,2023-09-20 16:55:00+00:00,2023-09-20 16:55:00+00:00,2023-09-20 17:35:00+00:00,1.07328,1.07368,1.07268,1.0726900000000001,TARGET,0.0004,1.474999999999671,1.349999999999671,0.5899999999998684
N3_ANCHOR_REVERSION,NEUTRAL,LONG,2023-09-20 18:15:00+00:00,2023-09-20 18:20:00+00:00,2023-09-20 18:20:00+00:00,2023-09-20 18:25:00+00:00,1.06918,1.06878,1.06978,1.0697699999999999,TARGET,0.0004,1.474999999999671,1.349999999999671,0.5899999999998684
N3_ANCHOR_REVERSION,NEUTRAL,LONG,2023-09-21 02:45:00+00:00,2023-09-21 02:50:00+00:00,2023-09-21 02:50:00+00:00,2023-09-21 03:05:00+00:00,1.06236,1.06196,1.06296,1.0629499999999998,TARGET,0.0004,1.474999999999671,1.349999999999671,0.5899999999998684
N3_ANCHOR_REVERSION,NEUTRAL,SHORT,2023-10-05 20:55:00+00:00,2023-10-05 21:00:00+00:00,2023-10-05 21:00:00+00:00,2023-10-05 21:00:00+00:00,1.05474,1.05514,1.05414,1.05515,STOP,0.0004,-1.0250000000000536,-1.1500000000000536,-0.41000000000002146
N3_ANCHOR_REVERSION,NEUTRAL,LONG,2023-10-06 00:35:00+00:00,2023-10-06 00:40:00+00:00,2023-10-06 00:40:00+00:00,2023-10-06 01:00:00+00:00,1.0545,1.0541,1.0551,1.05409,STOP,0.0004,-1.0250000000000536,-1.1500000000000536,-0.41000000000002146
N3_ANCHOR_REVERSION,NEUTRAL,LONG,2023-10-06 01:20:00+00:00,2023-10-06 01:25:00+00:00,2023-10-06 01:25:00+00:00,2023-10-06 05:35:00+00:00,1.0541500000000001,1.0537500000000002,1.05475,1.0537400000000001,STOP,0.0004,-1.0250000000000536,-1.1500000000000536,-0.41000000000002146
N3_ANCHOR_REVERSION,NEUTRAL,SHORT,2023-10-06 18:50:00+00:00,2023-10-06 18:55:00+00:00,2023-10-06 18:55:00+00:00,2023-10-06 19:30:00+00:00,1.05918,1.05958,1.05858,1.05959,STOP,0.0004,-1.0250000000000536,-1.1500000000000536,-0.41000000000002146
N3_ANCHOR_REVERSION,NEUTRAL,SHORT,2023-10-06 19:30:00+00:00,2023-10-06 19:35:00+00:00,2023-10-06 19:35:00+00:00,2023-10-06 20:05:00+00:00,1.05928,1.05968,1.05868,1.0586900000000001,TARGET,0.0004,1.474999999999671,1.349999999999671,0.5899999999998684
N3_ANCHOR_REVERSION,NEUTRAL,LONG,2023-10-08 22:35:00+00:00,2023-10-08 22:40:00+00:00,2023-10-08 22:40:00+00:00,2023-10-08 22:45:00+00:00,1.0558100000000001,1.0554100000000002,1.05641,1.0554000000000001,STOP,0.0004,-1.0250000000000536,-1.1500000000000536,-0.41000000000002146
N3_ANCHOR_REVERSION,NEUTRAL,LONG,2023-10-09 01:40:00+00:00,2023-10-09 01:45:00+00:00,2023-10-09 01:45:00+00:00,2023-10-09 03:10:00+00:00,1.05606,1.05566,1.05666,1.05565,STOP,0.0004,-1.0250000000000536,-1.1500000000000536,-0.41000000000002146
N3_ANCHOR_REVERSION,NEUTRAL,LONG,2023-10-09 05:00:00+00:00,2023-10-09 05:05:00+00:00,2023-10-09 05:05:00+00:00,2023-10-09 06:25:00+00:00,1.0554000000000001,1.0550000000000002,1.056,1.05499,STOP,0.0004,-1.0250000000000536,-1.1500000000000536,-0.41000000000002146
N3_ANCHOR_REVERSION,NEUTRAL,SHORT,2023-10-09 19:30:00+00:00,2023-10-09 19:35:00+00:00,2023-10-09 19:35:00+00:00,2023-10-09 20:00:00+00:00,1.05676,1.0571599999999999,1.05616,1.05717,STOP,0.0004,-1.0250000000000536,-1.1500000000000536,-0.41000000000002146
N3_ANCHOR_REVERSION,NEUTRAL,SHORT,2023-10-09 20:35:00+00:00,2023-10-09 20:40:00+00:00,2023-10-09 20:40:00+00:00,2023-10-09 22:15:00+00:00,1.0566799999999998,1.0570799999999998,1.05608,1.0570899999999999,STOP,0.0004,-1.0250000000000536,-1.1500000000000536,-0.41000000000002146
N3_ANCHOR_REVERSION,NEUTRAL,SHORT,2023-10-09 23:55:00+00:00,2023-10-10 00:00:00+00:00,2023-10-10 00:00:00+00:00,2023-10-10 00:00:00+00:00,1.0578699999999999,1.0582699999999998,1.05727,1.0582799999999999,STOP,0.0004,-1.0250000000000536,-1.1500000000000536,-0.41000000000002146
N3_ANCHOR_REVERSION,NEUTRAL,SHORT,2023-10-10 00:10:00+00:00,2023-10-10 00:15:00+00:00,2023-10-10 00:15:00+00:00,2023-10-10 01:15:00+00:00,1.05757,1.0579699999999999,1.05697,1.05798,STOP,0.0004,-1.0250000000000536,-1.1500000000000536,-0.41000000000002146
N3_ANCHOR_REVERSION,NEUTRAL,LONG,2023-10-10 03:20:00+00:00,2023-10-10 03:25:00+00:00,2023-10-10 03:25:00+00:00,2023-10-10 04:15:00+00:00,1.0569300000000001,1.0565300000000002,1.05753,1.0565200000000001,STOP,0.0004,-1.0250000000000536,-1.1500000000000536,-0.41000000000002146
N3_ANCHOR_REVERSION,NEUTRAL,LONG,2023-10-10 05:20:00+00:00,2023-10-10 05:25:00+00:00,2023-10-10 05:25:00+00:00,2023-10-10 06:10:00+00:00,1.05633,1.05593,1.05693,1.05592,STOP,0.0004,-1.0250000000000536,-1.1500000000000536,-0.41000000000002146
N3_ANCHOR_REVERSION,NEUTRAL,LONG,2023-10-12 19:55:00+00:00,2023-10-12 20:00:00+00:00,2023-10-12 20:00:00+00:00,2023-10-12 20:40:00+00:00,1.05316,1.0527600000000001,1.05376,1.05275,STOP,0.0004,-1.0250000000000536,-1.1500000000000536,-0.41000000000002146
N3_ANCHOR_REVERSION,NEUTRAL,LONG,2023-10-12 21:55:00+00:00,2023-10-12 22:00:00+00:00,2023-10-12 22:00:00+00:00,2023-10-13 00:05:00+00:00,1.05315,1.05275,1.05375,1.05374,TARGET,0.0004,1.474999999999671,1.349999999999671,0.5899999999998684
N3_ANCHOR_REVERSION,NEUTRAL,SHORT,2023-10-13 00:10:00+00:00,2023-10-13 00:15:00+00:00,2023-10-13 00:15:00+00:00,2023-10-13 00:55:00+00:00,1.05362,1.05402,1.05302,1.05403,STOP,0.0004,-1.0250000000000536,-1.1500000000000536,-0.41000000000002146
N3_ANCHOR_REVERSION,NEUTRAL,SHORT,2023-10-13 01:00:00+00:00,2023-10-13 01:05:00+00:00,2023-10-13 01:05:00+00:00,2023-10-13 01:15:00+00:00,1.0537999999999998,1.0541999999999998,1.0532,1.0542099999999999,STOP,0.0004,-1.0250000000000536,-1.1500000000000536,-0.41000000000002146
N3_ANCHOR_REVERSION,NEUTRAL,SHORT,2023-10-13 01:25:00+00:00,2023-10-13 01:30:00+00:00,2023-10-13 01:30:00+00:00,2023-10-13 02:05:00+00:00,1.05409,1.05449,1.05349,1.0545,STOP,0.0004,-1.0250000000000536,-1.1500000000000536,-0.41000000000002146
N3_ANCHOR_REVERSION,NEUTRAL,SHORT,2023-10-13 03:05:00+00:00,2023-10-13 03:10:00+00:00,2023-10-13 03:10:00+00:00,2023-10-13 05:00:00+00:00,1.0546799999999998,1.0550799999999998,1.05408,1.0550899999999999,STOP,0.0004,-1.0250000000000536,-1.1500000000000536,-0.41000000000002146
N3_ANCHOR_REVERSION,NEUTRAL,SHORT,2023-10-16 00:10:00+00:00,2023-10-16 00:15:00+00:00,2023-10-16 00:15:00+00:00,2023-10-16 01:10:00+00:00,1.05208,1.0524799999999999,1.05148,1.05249,STOP,0.0004,-1.0250000000000536,-1.1500000000000536,-0.41000000000002146
N3_ANCHOR_REVERSION,NEUTRAL,SHORT,2023-10-16 01:15:00+00:00,2023-10-16 01:20:00+00:00,2023-10-16 01:20:00+00:00,2023-10-16 02:25:00+00:00,1.05222,1.05262,1.05162,1.05263,STOP,0.0004,-1.0250000000000536,-1.1500000000000536,-0.41000000000002146
N3_ANCHOR_REVERSION,NEUTRAL,LONG,2023-10-18 00:40:00+00:00,2023-10-18 00:45:00+00:00,2023-10-18 00:45:00+00:00,2023-10-18 00:50:00+00:00,1.0565,1.0561,1.0571,1.05609,STOP,0.0004,-1.0250000000000536,-1.1500000000000536,-0.41000000000002146
N3_ANCHOR_REVERSION,NEUTRAL,LONG,2023-10-18 00:55:00+00:00,2023-10-18 01:00:00+00:00,2023-10-18 01:00:00+00:00,2023-10-18 01:15:00+00:00,1.0565200000000001,1.0561200000000002,1.05712,1.05611,STOP,0.0004,-1.0250000000000536,-1.1500000000000536,-0.41000000000002146
N3_ANCHOR_REVERSION,NEUTRAL,LONG,2023-10-18 01:15:00+00:00,2023-10-18 01:20:00+00:00,2023-10-18 01:20:00+00:00,2023-10-18 02:00:00+00:00,1.05655,1.0561500000000001,1.05715,1.05714,TARGET,0.0004,1.474999999999671,1.349999999999671,0.5899999999998684
N3_ANCHOR_REVERSION,NEUTRAL,LONG,2023-10-18 16:00:00+00:00,2023-10-18 16:05:00+00:00,2023-10-18 16:05:00+00:00,2023-10-18 16:05:00+00:00,1.05345,1.05305,1.05405,1.05304,STOP,0.0004,-1.0250000000000536,-1.1500000000000536,-0.41000000000002146
N3_ANCHOR_REVERSION,NEUTRAL,LONG,2023-10-20 06:20:00+00:00,2023-10-20 06:25:00+00:00,2023-10-20 06:25:00+00:00,2023-10-20 06:30:00+00:00,1.05692,1.0565200000000001,1.05752,1.05651,STOP,0.0004,-1.0250000000000536,-1.1500000000000536,-0.41000000000002146
N3_ANCHOR_REVERSION,NEUTRAL,SHORT,2023-10-23 17:00:00+00:00,2023-10-23 17:05:00+00:00,2023-10-23 17:05:00+00:00,2023-10-23 17:05:00+00:00,1.06605,1.06645,1.06545,1.06646,STOP,0.0004,-1.0250000000000536,-1.1500000000000536,-0.41000000000002146
N3_ANCHOR_REVERSION,NEUTRAL,SHORT,2023-10-23 18:40:00+00:00,2023-10-23 18:45:00+00:00,2023-10-23 18:45:00+00:00,2023-10-23 18:45:00+00:00,1.0671899999999999,1.0675899999999998,1.06659,1.0675999999999999,STOP,0.0004,-1.0250000000000536,-1.1500000000000536,-0.41000000000002146
N3_ANCHOR_REVERSION,NEUTRAL,SHORT,2023-10-23 18:55:00+00:00,2023-10-23 19:00:00+00:00,2023-10-23 19:00:00+00:00,2023-10-23 19:10:00+00:00,1.06741,1.06781,1.06681,1.06682,TARGET,0.0004,1.474999999999671,1.349999999999671,0.5899999999998684
N3_ANCHOR_REVERSION,NEUTRAL,SHORT,2023-10-23 19:15:00+00:00,2023-10-23 19:20:00+00:00,2023-10-23 19:20:00+00:00,2023-10-23 20:55:00+00:00,1.06663,1.06703,1.06603,1.06704,STOP,0.0004,-1.0250000000000536,-1.1500000000000536,-0.41000000000002146
N3_ANCHOR_REVERSION,NEUTRAL,SHORT,2023-10-24 00:25:00+00:00,2023-10-24 00:30:00+00:00,2023-10-24 00:30:00+00:00,2023-10-24 01:10:00+00:00,1.06715,1.06755,1.06655,1.06756,STOP,0.0004,-1.0250000000000536,-1.1500000000000536,-0.41000000000002146
N3_ANCHOR_REVERSION,NEUTRAL,SHORT,2023-10-24 01:45:00+00:00,2023-10-24 01:50:00+00:00,2023-10-24 01:50:00+00:00,2023-10-24 02:15:00+00:00,1.06734,1.06774,1.06674,1.06775,STOP,0.0004,-1.0250000000000536,-1.1500000000000536,-0.41000000000002146
N3_ANCHOR_REVERSION,NEUTRAL,SHORT,2023-10-24 02:35:00+00:00,2023-10-24 02:40:00+00:00,2023-10-24 02:40:00+00:00,2023-10-24 03:20:00+00:00,1.0682399999999999,1.0686399999999998,1.06764,1.0686499999999999,STOP,0.0004,-1.0250000000000536,-1.1500000000000536,-0.41000000000002146
N3_ANCHOR_REVERSION,NEUTRAL,SHORT,2023-10-25 14:40:00+00:00,2023-10-25 14:45:00+00:00,2023-10-25 14:45:00+00:00,2023-10-25 14:45:00+00:00,1.05869,1.0590899999999999,1.05809,1.0591,STOP,0.0004,-1.0250000000000536,-1.1500000000000536,-0.41000000000002146
N3_ANCHOR_REVERSION,NEUTRAL,LONG,2023-10-25 17:05:00+00:00,2023-10-25 17:10:00+00:00,2023-10-25 17:10:00+00:00,2023-10-25 17:25:00+00:00,1.05742,1.05702,1.05802,1.05701,STOP,0.0004,-1.0250000000000536,-1.1500000000000536,-0.41000000000002146
N3_ANCHOR_REVERSION,NEUTRAL,LONG,2023-10-27 17:50:00+00:00,2023-10-27 17:55:00+00:00,2023-10-27 17:55:00+00:00,2023-10-27 18:45:00+00:00,1.05643,1.05603,1.05703,1.0570199999999998,TARGET,0.0004,1.474999999999671,1.349999999999671,0.5899999999998684
N3_ANCHOR_REVERSION,NEUTRAL,LONG,2023-10-27 20:45:00+00:00,2023-10-27 20:50:00+00:00,2023-10-27 20:50:00+00:00,2023-10-27 20:55:00+00:00,1.05658,1.0561800000000001,1.05718,1.05617,STOP,0.0004,-1.0250000000000536,-1.1500000000000536,-0.41000000000002146
N3_ANCHOR_REVERSION,NEUTRAL,LONG,2023-10-29 23:05:00+00:00,2023-10-29 23:10:00+00:00,2023-10-29 23:10:00+00:00,2023-10-30 00:00:00+00:00,1.05621,1.0558100000000001,1.05681,1.0558,STOP,0.0004,-1.0250000000000536,-1.1500000000000536,-0.41000000000002146
N3_ANCHOR_REVERSION,NEUTRAL,LONG,2023-10-30 00:15:00+00:00,2023-10-30 00:20:00+00:00,2023-10-30 00:20:00+00:00,2023-10-30 02:00:00+00:00,1.0558,1.0554000000000001,1.0564,1.05639,TARGET,0.0004,1.474999999999671,1.349999999999671,0.5899999999998684
N3_ANCHOR_REVERSION,NEUTRAL,SHORT,2023-10-30 13:05:00+00:00,2023-10-30 13:10:00+00:00,2023-10-30 13:10:00+00:00,2023-10-30 13:20:00+00:00,1.06042,1.0608199999999999,1.05982,1.05983,TARGET,0.0004,1.474999999999671,1.349999999999671,0.5899999999998684
N3_ANCHOR_REVERSION,NEUTRAL,SHORT,2023-10-30 13:45:00+00:00,2023-10-30 13:50:00+00:00,2023-10-30 13:50:00+00:00,2023-10-30 13:55:00+00:00,1.0604,1.0608,1.0598,1.06081,STOP,0.0004,-1.0250000000000536,-1.1500000000000536,-0.41000000000002146
N3_ANCHOR_REVERSION,NEUTRAL,SHORT,2023-10-30 14:05:00+00:00,2023-10-30 14:10:00+00:00,2023-10-30 14:10:00+00:00,2023-10-30 14:10:00+00:00,1.0607499999999999,1.0611499999999998,1.06015,1.06016,TARGET,0.0004,1.474999999999671,1.349999999999671,0.5899999999998684
N3_ANCHOR_REVERSION,NEUTRAL,LONG,2023-10-31 00:15:00+00:00,2023-10-31 00:20:00+00:00,2023-10-31 00:20:00+00:00,2023-10-31 01:00:00+00:00,1.0612400000000002,1.0608400000000002,1.0618400000000001,1.0608300000000002,STOP,0.0004,-1.0250000000000536,-1.1500000000000536,-0.41000000000002146
N3_ANCHOR_REVERSION,NEUTRAL,LONG,2023-10-31 02:25:00+00:00,2023-10-31 02:30:00+00:00,2023-10-31 02:30:00+00:00,2023-10-31 03:00:00+00:00,1.0603500000000001,1.0599500000000002,1.06095,1.05994,STOP,0.0004,-1.0250000000000536,-1.1500000000000536,-0.41000000000002146
N3_ANCHOR_REVERSION,NEUTRAL,LONG,2023-10-31 21:55:00+00:00,2023-10-31 22:00:00+00:00,2023-10-31 22:00:00+00:00,2023-11-01 00:30:00+00:00,1.05759,1.05719,1.05819,1.05718,STOP,0.0004,-1.0250000000000536,-1.1500000000000536,-0.41000000000002146
N3_ANCHOR_REVERSION,NEUTRAL,LONG,2023-11-01 00:45:00+00:00,2023-11-01 00:50:00+00:00,2023-11-01 00:50:00+00:00,2023-11-01 01:50:00+00:00,1.05746,1.05706,1.05806,1.05705,STOP,0.0004,-1.0250000000000536,-1.1500000000000536,-0.41000000000002146
N3_ANCHOR_REVERSION,NEUTRAL,LONG,2023-11-01 02:10:00+00:00,2023-11-01 02:15:00+00:00,2023-11-01 02:15:00+00:00,2023-11-01 04:50:00+00:00,1.05701,1.05661,1.05761,1.0566,STOP,0.0004,-1.0250000000000536,-1.1500000000000536,-0.41000000000002146
N3_ANCHOR_REVERSION,NEUTRAL,LONG,2023-11-01 17:50:00+00:00,2023-11-01 17:55:00+00:00,2023-11-01 17:55:00+00:00,2023-11-01 18:00:00+00:00,1.0535100000000002,1.0531100000000002,1.05411,1.0531000000000001,STOP,0.0004,-1.0250000000000536,-1.1500000000000536,-0.41000000000002146
N3_ANCHOR_REVERSION,NEUTRAL,SHORT,2023-11-01 21:55:00+00:00,2023-11-01 22:00:00+00:00,2023-11-01 22:00:00+00:00,2023-11-01 22:00:00+00:00,1.0568199999999999,1.0572199999999998,1.05622,1.05723,STOP,0.0004,-1.0250000000000536,-1.1500000000000536,-0.41000000000002146
N3_ANCHOR_REVERSION,NEUTRAL,SHORT,2023-11-02 00:00:00+00:00,2023-11-02 00:05:00+00:00,2023-11-02 00:05:00+00:00,2023-11-02 00:10:00+00:00,1.0586099999999998,1.0590099999999998,1.05801,1.0590199999999999,STOP,0.0004,-1.0250000000000536,-1.1500000000000536,-0.41000000000002146
N3_ANCHOR_REVERSION,NEUTRAL,SHORT,2023-11-02 00:35:00+00:00,2023-11-02 00:40:00+00:00,2023-11-02 00:40:00+00:00,2023-11-02 00:55:00+00:00,1.05986,1.06026,1.05926,1.06027,STOP,0.0004,-1.0250000000000536,-1.1500000000000536,-0.41000000000002146
N3_ANCHOR_REVERSION,NEUTRAL,SHORT,2023-11-02 09:30:00+00:00,2023-11-02 09:35:00+00:00,2023-11-02 09:35:00+00:00,2023-11-02 09:40:00+00:00,1.0616599999999998,1.0620599999999998,1.06106,1.0620699999999998,STOP,0.0004,-1.0250000000000536,-1.1500000000000536,-0.41000000000002146
N3_ANCHOR_REVERSION,NEUTRAL,SHORT,2023-11-02 11:25:00+00:00,2023-11-02 11:30:00+00:00,2023-11-02 11:30:00+00:00,2023-11-02 12:00:00+00:00,1.06345,1.06385,1.06285,1.06386,STOP,0.0004,-1.0250000000000536,-1.1500000000000536,-0.41000000000002146
N3_ANCHOR_REVERSION,NEUTRAL,LONG,2023-11-09 22:30:00+00:00,2023-11-09 22:35:00+00:00,2023-11-09 22:35:00+00:00,2023-11-09 23:20:00+00:00,1.0669,1.0665,1.0675,1.06649,STOP,0.0004,-1.0250000000000536,-1.1500000000000536,-0.41000000000002146
N3_ANCHOR_REVERSION,NEUTRAL,SHORT,2023-11-10 01:30:00+00:00,2023-11-10 01:35:00+00:00,2023-11-10 01:35:00+00:00,2023-11-10 05:15:00+00:00,1.06727,1.06767,1.06667,1.06668,TARGET,0.0004,1.474999999999671,1.349999999999671,0.5899999999998684
N3_ANCHOR_REVERSION,NEUTRAL,LONG,2023-11-10 05:15:00+00:00,2023-11-10 05:20:00+00:00,2023-11-10 05:20:00+00:00,2023-11-10 06:55:00+00:00,1.0667600000000002,1.0663600000000002,1.06736,1.0663500000000001,STOP,0.0004,-1.0250000000000536,-1.1500000000000536,-0.41000000000002146
N3_ANCHOR_REVERSION,NEUTRAL,LONG,2023-11-10 07:10:00+00:00,2023-11-10 07:15:00+00:00,2023-11-10 07:15:00+00:00,2023-11-10 07:30:00+00:00,1.0663900000000002,1.0659900000000002,1.06699,1.0659800000000001,STOP,0.0004,-1.0250000000000536,-1.1500000000000536,-0.41000000000002146
N3_ANCHOR_REVERSION,NEUTRAL,LONG,2023-11-14 01:20:00+00:00,2023-11-14 01:25:00+00:00,2023-11-14 01:25:00+00:00,2023-11-14 05:15:00+00:00,1.06977,1.0693700000000002,1.07037,1.06936,STOP,0.0004,-1.0250000000000536,-1.1500000000000536,-0.41000000000002146
N3_ANCHOR_REVERSION,NEUTRAL,LONG,2023-11-14 05:25:00+00:00,2023-11-14 05:30:00+00:00,2023-11-14 05:30:00+00:00,2023-11-14 07:00:00+00:00,1.06948,1.06908,1.07008,1.0700699999999999,TARGET,0.0004,1.474999999999671,1.349999999999671,0.5899999999998684
N3_ANCHOR_REVERSION,NEUTRAL,SHORT,2023-11-24 15:15:00+00:00,2023-11-24 15:20:00+00:00,2023-11-24 15:20:00+00:00,2023-11-24 15:40:00+00:00,1.09371,1.09411,1.09311,1.09412,STOP,0.0004,-1.0250000000000536,-1.1500000000000536,-0.41000000000002146
N3_ANCHOR_REVERSION,NEUTRAL,SHORT,2023-11-24 19:20:00+00:00,2023-11-24 19:25:00+00:00,2023-11-24 19:25:00+00:00,2023-11-24 19:25:00+00:00,1.09422,1.09462,1.09362,1.09463,STOP,0.0004,-1.0250000000000536,-1.1500000000000536,-0.41000000000002146
N3_ANCHOR_REVERSION,NEUTRAL,SHORT,2023-11-24 20:10:00+00:00,2023-11-24 20:15:00+00:00,2023-11-24 20:15:00+00:00,2023-11-24 21:30:00+00:00,1.09459,1.09499,1.09399,1.094,TARGET,0.0004,1.474999999999671,1.349999999999671,0.5899999999998684
N3_ANCHOR_REVERSION,NEUTRAL,LONG,2023-11-24 21:30:00+00:00,2023-11-24 21:35:00+00:00,2023-11-24 21:35:00+00:00,2023-11-24 21:35:00+00:00,1.09444,1.0940400000000001,1.09504,1.09391,STOP,0.0004,-1.3250000000003537,-1.4500000000003537,-0.5300000000001415
N3_ANCHOR_REVERSION,NEUTRAL,LONG,2023-11-27 00:35:00+00:00,2023-11-27 00:40:00+00:00,2023-11-27 00:40:00+00:00,2023-11-27 00:55:00+00:00,1.0932600000000001,1.0928600000000002,1.09386,1.09285,STOP,0.0004,-1.0250000000000536,-1.1500000000000536,-0.41000000000002146
N3_ANCHOR_REVERSION,NEUTRAL,LONG,2023-11-27 01:00:00+00:00,2023-11-27 01:05:00+00:00,2023-11-27 01:05:00+00:00,2023-11-27 01:20:00+00:00,1.09311,1.09271,1.09371,1.0937,TARGET,0.0004,1.474999999999671,1.349999999999671,0.5899999999998684
N3_ANCHOR_REVERSION,NEUTRAL,SHORT,2023-11-27 01:35:00+00:00,2023-11-27 01:40:00+00:00,2023-11-27 01:40:00+00:00,2023-11-27 01:50:00+00:00,1.0945099999999999,1.0949099999999998,1.09391,1.09492,STOP,0.0004,-1.0250000000000536,-1.1500000000000536,-0.41000000000002146
N3_ANCHOR_REVERSION,NEUTRAL,SHORT,2023-11-27 05:05:00+00:00,2023-11-27 05:10:00+00:00,2023-11-27 05:10:00+00:00,2023-11-27 05:55:00+00:00,1.09462,1.0950199999999999,1.09402,1.09503,STOP,0.0004,-1.0250000000000536,-1.1500000000000536,-0.41000000000002146
N3_ANCHOR_REVERSION,NEUTRAL,SHORT,2023-12-01 00:35:00+00:00,2023-12-01 00:40:00+00:00,2023-12-01 00:40:00+00:00,2023-12-01 01:00:00+00:00,1.09008,1.09048,1.08948,1.09049,STOP,0.0004,-1.0250000000000536,-1.1500000000000536,-0.41000000000002146
N3_ANCHOR_REVERSION,NEUTRAL,SHORT,2023-12-01 01:45:00+00:00,2023-12-01 01:50:00+00:00,2023-12-01 01:50:00+00:00,2023-12-01 02:30:00+00:00,1.09074,1.09114,1.09014,1.09115,STOP,0.0004,-1.0250000000000536,-1.1500000000000536,-0.41000000000002146
N3_ANCHOR_REVERSION,NEUTRAL,SHORT,2023-12-03 22:50:00+00:00,2023-12-03 22:55:00+00:00,2023-12-03 22:55:00+00:00,2023-12-03 23:00:00+00:00,1.08846,1.08886,1.08786,1.08887,STOP,0.0004,-1.0250000000000536,-1.1500000000000536,-0.41000000000002146
N3_ANCHOR_REVERSION,NEUTRAL,SHORT,2023-12-03 23:30:00+00:00,2023-12-03 23:35:00+00:00,2023-12-03 23:35:00+00:00,2023-12-04 00:00:00+00:00,1.0890499999999999,1.0894499999999998,1.08845,1.08846,TARGET,0.0004,1.474999999999671,1.349999999999671,0.5899999999998684
N3_ANCHOR_REVERSION,NEUTRAL,LONG,2023-12-04 00:50:00+00:00,2023-12-04 00:55:00+00:00,2023-12-04 00:55:00+00:00,2023-12-04 00:55:00+00:00,1.0874000000000001,1.0870000000000002,1.088,1.0869900000000001,STOP,0.0004,-1.0250000000000536,-1.1500000000000536,-0.41000000000002146
N3_ANCHOR_REVERSION,NEUTRAL,LONG,2023-12-04 01:00:00+00:00,2023-12-04 01:05:00+00:00,2023-12-04 01:05:00+00:00,2023-12-04 01:30:00+00:00,1.0874000000000001,1.0870000000000002,1.088,1.0869900000000001,STOP,0.0004,-1.0250000000000536,-1.1500000000000536,-0.41000000000002146
N3_ANCHOR_REVERSION,NEUTRAL,LONG,2023-12-04 01:35:00+00:00,2023-12-04 01:40:00+00:00,2023-12-04 01:40:00+00:00,2023-12-04 02:15:00+00:00,1.0869900000000001,1.0865900000000002,1.08759,1.08758,TARGET,0.0004,1.474999999999671,1.349999999999671,0.5899999999998684
N3_ANCHOR_REVERSION,NEUTRAL,LONG,2023-12-04 05:30:00+00:00,2023-12-04 05:35:00+00:00,2023-12-04 05:35:00+00:00,2023-12-04 07:00:00+00:00,1.08707,1.08667,1.08767,1.08666,STOP,0.0004,-1.0250000000000536,-1.1500000000000536,-0.41000000000002146
N3_ANCHOR_REVERSION,NEUTRAL,SHORT,2023-12-05 22:50:00+00:00,2023-12-05 22:55:00+00:00,2023-12-05 22:55:00+00:00,2023-12-06 00:40:00+00:00,1.07972,1.08012,1.07912,1.0791300000000001,TARGET,0.0004,1.474999999999671,1.349999999999671,0.5899999999998684
N3_ANCHOR_REVERSION,NEUTRAL,LONG,2023-12-06 00:40:00+00:00,2023-12-06 00:45:00+00:00,2023-12-06 00:45:00+00:00,2023-12-06 01:05:00+00:00,1.07915,1.07875,1.07975,1.07974,TARGET,0.0004,1.474999999999671,1.349999999999671,0.5899999999998684
N3_ANCHOR_REVERSION,NEUTRAL,SHORT,2023-12-06 03:50:00+00:00,2023-12-06 03:55:00+00:00,2023-12-06 03:55:00+00:00,2023-12-06 05:35:00+00:00,1.07972,1.08012,1.07912,1.08013,STOP,0.0004,-1.0250000000000536,-1.1500000000000536,-0.41000000000002146
N3_ANCHOR_REVERSION,NEUTRAL,SHORT,2023-12-06 05:40:00+00:00,2023-12-06 05:45:00+00:00,2023-12-06 05:45:00+00:00,2023-12-06 06:05:00+00:00,1.07991,1.0803099999999999,1.07931,1.07932,TARGET,0.0004,1.474999999999671,1.349999999999671,0.5899999999998684
N3_ANCHOR_REVERSION,NEUTRAL,LONG,2023-12-06 22:35:00+00:00,2023-12-06 22:40:00+00:00,2023-12-06 22:40:00+00:00,2023-12-07 02:45:00+00:00,1.07678,1.0763800000000001,1.07738,1.07637,STOP,0.0004,-1.0250000000000536,-1.1500000000000536,-0.41000000000002146
N3_ANCHOR_REVERSION,NEUTRAL,LONG,2023-12-08 06:00:00+00:00,2023-12-08 06:05:00+00:00,2023-12-08 06:05:00+00:00,2023-12-08 06:55:00+00:00,1.0785200000000001,1.0781200000000002,1.07912,1.0781100000000001,STOP,0.0004,-1.0250000000000536,-1.1500000000000536,-0.41000000000002146
N3_ANCHOR_REVERSION,NEUTRAL,SHORT,2023-12-10 23:25:00+00:00,2023-12-10 23:30:00+00:00,2023-12-10 23:30:00+00:00,2023-12-11 00:00:00+00:00,1.07646,1.07686,1.07586,1.07687,STOP,0.0004,-1.0250000000000536,-1.1500000000000536,-0.41000000000002146
N3_ANCHOR_REVERSION,NEUTRAL,SHORT,2023-12-11 00:05:00+00:00,2023-12-11 00:10:00+00:00,2023-12-11 00:10:00+00:00,2023-12-11 00:20:00+00:00,1.07659,1.07699,1.07599,1.077,STOP,0.0004,-1.0250000000000536,-1.1500000000000536,-0.41000000000002146
N3_ANCHOR_REVERSION,NEUTRAL,SHORT,2023-12-11 00:40:00+00:00,2023-12-11 00:45:00+00:00,2023-12-11 00:45:00+00:00,2023-12-11 00:55:00+00:00,1.0769,1.0773,1.0763,1.07731,STOP,0.0004,-1.0250000000000536,-1.1500000000000536,-0.41000000000002146
N3_ANCHOR_REVERSION,NEUTRAL,SHORT,2023-12-11 01:00:00+00:00,2023-12-11 01:05:00+00:00,2023-12-11 01:05:00+00:00,2023-12-11 01:20:00+00:00,1.0769499999999999,1.0773499999999998,1.07635,1.0773599999999999,STOP,0.0004,-1.0250000000000536,-1.1500000000000536,-0.41000000000002146
N3_ANCHOR_REVERSION,NEUTRAL,SHORT,2023-12-11 01:40:00+00:00,2023-12-11 01:45:00+00:00,2023-12-11 01:45:00+00:00,2023-12-11 02:15:00+00:00,1.07713,1.0775299999999999,1.07653,1.07654,TARGET,0.0004,1.474999999999671,1.349999999999671,0.5899999999998684
N3_ANCHOR_REVERSION,NEUTRAL,SHORT,2023-12-12 07:10:00+00:00,2023-12-12 07:15:00+00:00,2023-12-12 07:15:00+00:00,2023-12-12 08:05:00+00:00,1.07801,1.0784099999999999,1.07741,1.07742,TARGET,0.0004,1.474999999999671,1.349999999999671,0.5899999999998684
N3_ANCHOR_REVERSION,NEUTRAL,SHORT,2023-12-12 08:40:00+00:00,2023-12-12 08:45:00+00:00,2023-12-12 08:45:00+00:00,2023-12-12 09:45:00+00:00,1.0786799999999999,1.0790799999999998,1.07808,1.0790899999999999,STOP,0.0004,-1.0250000000000536,-1.1500000000000536,-0.41000000000002146
N3_ANCHOR_REVERSION,NEUTRAL,SHORT,2023-12-12 10:55:00+00:00,2023-12-12 11:00:00+00:00,2023-12-12 11:00:00+00:00,2023-12-12 11:50:00+00:00,1.0800999999999998,1.0804999999999998,1.0795,1.07951,TARGET,0.0004,1.474999999999671,1.349999999999671,0.5899999999998684
N3_ANCHOR_REVERSION,NEUTRAL,LONG,2023-12-12 13:45:00+00:00,2023-12-12 13:50:00+00:00,2023-12-12 13:50:00+00:00,2023-12-12 13:50:00+00:00,1.07894,1.07854,1.07954,1.07853,STOP,0.0004,-1.0250000000000536,-1.1500000000000536,-0.41000000000002146
N3_ANCHOR_REVERSION,NEUTRAL,SHORT,2023-12-12 23:55:00+00:00,2023-12-13 00:00:00+00:00,2023-12-13 00:00:00+00:00,2023-12-13 00:20:00+00:00,1.07982,1.08022,1.07922,1.0792300000000001,TARGET,0.0004,1.474999999999671,1.349999999999671,0.5899999999998684
N3_ANCHOR_REVERSION,NEUTRAL,LONG,2023-12-13 00:40:00+00:00,2023-12-13 00:45:00+00:00,2023-12-13 00:45:00+00:00,2023-12-13 02:10:00+00:00,1.07935,1.07895,1.07995,1.07894,STOP,0.0004,-1.0250000000000536,-1.1500000000000536,-0.41000000000002146
N3_ANCHOR_REVERSION,NEUTRAL,LONG,2023-12-13 02:55:00+00:00,2023-12-13 03:00:00+00:00,2023-12-13 03:00:00+00:00,2023-12-13 06:20:00+00:00,1.0788200000000001,1.0784200000000002,1.07942,1.07841,STOP,0.0004,-1.0250000000000536,-1.1500000000000536,-0.41000000000002146
N3_ANCHOR_REVERSION,NEUTRAL,LONG,2024-01-02 03:05:00+00:00,2024-01-02 03:10:00+00:00,2024-01-02 03:10:00+00:00,2024-01-02 04:40:00+00:00,1.10219,1.10179,1.10279,1.10178,STOP,0.0004,-1.0250000000000536,-1.1500000000000536,-0.41000000000002146
N3_ANCHOR_REVERSION,NEUTRAL,LONG,2024-01-02 04:55:00+00:00,2024-01-02 05:00:00+00:00,2024-01-02 05:00:00+00:00,2024-01-02 05:25:00+00:00,1.10216,1.10176,1.10276,1.10275,TARGET,0.0004,1.474999999999671,1.349999999999671,0.5899999999998684
N3_ANCHOR_REVERSION,NEUTRAL,LONG,2024-01-02 13:10:00+00:00,2024-01-02 13:15:00+00:00,2024-01-02 13:15:00+00:00,2024-01-02 13:20:00+00:00,1.09586,1.09546,1.09646,1.09545,STOP,0.0004,-1.0250000000000536,-1.1500000000000536,-0.41000000000002146
N3_ANCHOR_REVERSION,NEUTRAL,LONG,2024-01-02 13:30:00+00:00,2024-01-02 13:35:00+00:00,2024-01-02 13:35:00+00:00,2024-01-02 13:35:00+00:00,1.09646,1.09606,1.09706,1.09605,STOP,0.0004,-1.0250000000000536,-1.1500000000000536,-0.41000000000002146
N3_ANCHOR_REVERSION,NEUTRAL,SHORT,2024-01-11 02:20:00+00:00,2024-01-11 02:25:00+00:00,2024-01-11 02:25:00+00:00,2024-01-11 06:00:00+00:00,1.09816,1.09856,1.09756,1.0975700000000002,TARGET,0.0004,1.474999999999671,1.349999999999671,0.5899999999998684
N3_ANCHOR_REVERSION,NEUTRAL,SHORT,2024-01-11 06:35:00+00:00,2024-01-11 06:40:00+00:00,2024-01-11 06:40:00+00:00,2024-01-11 06:40:00+00:00,1.09846,1.09886,1.09786,1.09887,STOP,0.0004,-1.0250000000000536,-1.1500000000000536,-0.41000000000002146
N3_ANCHOR_REVERSION,NEUTRAL,SHORT,2024-01-12 00:10:00+00:00,2024-01-12 00:15:00+00:00,2024-01-12 00:15:00+00:00,2024-01-12 01:00:00+00:00,1.09806,1.09846,1.09746,1.0974700000000002,TARGET,0.0004,1.474999999999671,1.349999999999671,0.5899999999998684
N3_ANCHOR_REVERSION,NEUTRAL,SHORT,2024-01-12 01:55:00+00:00,2024-01-12 02:00:00+00:00,2024-01-12 02:00:00+00:00,2024-01-12 04:00:00+00:00,1.09825,1.09865,1.09765,1.09766,TARGET,0.0004,1.474999999999671,1.349999999999671,0.5899999999998684
N3_ANCHOR_REVERSION,NEUTRAL,LONG,2024-01-12 20:50:00+00:00,2024-01-12 20:55:00+00:00,2024-01-12 20:55:00+00:00,2024-01-12 21:00:00+00:00,1.0953700000000002,1.0949700000000002,1.09597,1.0949600000000002,STOP,0.0004,-1.0250000000000536,-1.1500000000000536,-0.41000000000002146
N3_ANCHOR_REVERSION,NEUTRAL,LONG,2024-01-14 23:50:00+00:00,2024-01-14 23:55:00+00:00,2024-01-14 23:55:00+00:00,2024-01-15 00:00:00+00:00,1.09461,1.0942100000000001,1.09521,1.0942,STOP,0.0004,-1.0250000000000536,-1.1500000000000536,-0.41000000000002146
N3_ANCHOR_REVERSION,NEUTRAL,LONG,2024-01-15 00:05:00+00:00,2024-01-15 00:10:00+00:00,2024-01-15 00:10:00+00:00,2024-01-15 00:35:00+00:00,1.0943100000000001,1.0939100000000002,1.09491,1.0949,TARGET,0.0004,1.474999999999671,1.349999999999671,0.5899999999998684
N3_ANCHOR_REVERSION,NEUTRAL,SHORT,2024-01-15 02:20:00+00:00,2024-01-15 02:25:00+00:00,2024-01-15 02:25:00+00:00,2024-01-15 02:55:00+00:00,1.09619,1.09659,1.09559,1.0966,STOP,0.0004,-1.0250000000000536,-1.1500000000000536,-0.41000000000002146
N3_ANCHOR_REVERSION,NEUTRAL,SHORT,2024-01-15 03:55:00+00:00,2024-01-15 04:00:00+00:00,2024-01-15 04:00:00+00:00,2024-01-15 07:35:00+00:00,1.0964099999999999,1.0968099999999998,1.09581,1.09582,TARGET,0.0004,1.474999999999671,1.349999999999671,0.5899999999998684
N3_ANCHOR_REVERSION,NEUTRAL,LONG,2024-01-24 18:15:00+00:00,2024-01-24 18:20:00+00:00,2024-01-24 18:20:00+00:00,2024-01-24 18:20:00+00:00,1.08955,1.08915,1.09015,1.08914,STOP,0.0004,-1.0250000000000536,-1.1500000000000536,-0.41000000000002146
N3_ANCHOR_REVERSION,NEUTRAL,LONG,2024-01-24 20:00:00+00:00,2024-01-24 20:05:00+00:00,2024-01-24 20:05:00+00:00,2024-01-24 20:15:00+00:00,1.08892,1.0885200000000002,1.08952,1.08851,STOP,0.0004,-1.0250000000000536,-1.1500000000000536,-0.41000000000002146
N3_ANCHOR_REVERSION,NEUTRAL,LONG,2024-01-25 00:25:00+00:00,2024-01-25 00:30:00+00:00,2024-01-25 00:30:00+00:00,2024-01-25 01:00:00+00:00,1.0874400000000002,1.0870400000000002,1.0880400000000001,1.0870300000000002,STOP,0.0004,-1.0250000000000536,-1.1500000000000536,-0.41000000000002146
N3_ANCHOR_REVERSION,NEUTRAL,LONG,2024-01-25 01:05:00+00:00,2024-01-25 01:10:00+00:00,2024-01-25 01:10:00+00:00,2024-01-25 01:55:00+00:00,1.08725,1.08685,1.08785,1.08784,TARGET,0.0004,1.474999999999671,1.349999999999671,0.5899999999998684
N3_ANCHOR_REVERSION,NEUTRAL,SHORT,2024-01-25 21:55:00+00:00,2024-01-25 22:00:00+00:00,2024-01-25 22:00:00+00:00,2024-01-25 22:00:00+00:00,1.0844799999999999,1.0848799999999998,1.08388,1.08489,STOP,0.0004,-1.0250000000000536,-1.1500000000000536,-0.41000000000002146
N3_ANCHOR_REVERSION,NEUTRAL,LONG,2024-01-26 00:35:00+00:00,2024-01-26 00:40:00+00:00,2024-01-26 00:40:00+00:00,2024-01-26 02:15:00+00:00,1.08414,1.0837400000000001,1.08474,1.08473,TARGET,0.0004,1.474999999999671,1.349999999999671,0.5899999999998684
N3_ANCHOR_REVERSION,NEUTRAL,SHORT,2024-01-26 02:40:00+00:00,2024-01-26 02:45:00+00:00,2024-01-26 02:45:00+00:00,2024-01-26 04:40:00+00:00,1.08469,1.0850899999999999,1.08409,1.0841,TARGET,0.0004,1.474999999999671,1.349999999999671,0.5899999999998684
N3_ANCHOR_REVERSION,NEUTRAL,LONG,2024-01-26 04:55:00+00:00,2024-01-26 05:00:00+00:00,2024-01-26 05:00:00+00:00,2024-01-26 06:10:00+00:00,1.08403,1.08363,1.08463,1.08362,STOP,0.0004,-1.0250000000000536,-1.1500000000000536,-0.41000000000002146
N3_ANCHOR_REVERSION,NEUTRAL,LONG,2024-01-29 14:15:00+00:00,2024-01-29 14:20:00+00:00,2024-01-29 14:20:00+00:00,2024-01-29 14:30:00+00:00,1.08125,1.08085,1.08185,1.08084,STOP,0.0004,-1.0250000000000536,-1.1500000000000536,-0.41000000000002146
N3_ANCHOR_REVERSION,NEUTRAL,LONG,2024-01-29 14:35:00+00:00,2024-01-29 14:40:00+00:00,2024-01-29 14:40:00+00:00,2024-01-29 14:45:00+00:00,1.08097,1.08057,1.08157,1.08056,STOP,0.0004,-1.0250000000000536,-1.1500000000000536,-0.41000000000002146
N3_ANCHOR_REVERSION,NEUTRAL,LONG,2024-01-29 15:25:00+00:00,2024-01-29 15:30:00+00:00,2024-01-29 15:30:00+00:00,2024-01-29 15:45:00+00:00,1.0802100000000001,1.0798100000000002,1.08081,1.0798,STOP,0.0004,-1.0250000000000536,-1.1500000000000536,-0.41000000000002146
N3_ANCHOR_REVERSION,NEUTRAL,LONG,2024-01-29 15:50:00+00:00,2024-01-29 15:55:00+00:00,2024-01-29 15:55:00+00:00,2024-01-29 16:00:00+00:00,1.0800100000000001,1.0796100000000002,1.08061,1.0796000000000001,STOP,0.0004,-1.0250000000000536,-1.1500000000000536,-0.41000000000002146
N3_ANCHOR_REVERSION,NEUTRAL,SHORT,2024-01-30 00:05:00+00:00,2024-01-30 00:10:00+00:00,2024-01-30 00:10:00+00:00,2024-01-30 00:25:00+00:00,1.08347,1.08387,1.08287,1.08388,STOP,0.0004,-1.0250000000000536,-1.1500000000000536,-0.41000000000002146
N3_ANCHOR_REVERSION,NEUTRAL,SHORT,2024-01-30 00:55:00+00:00,2024-01-30 01:00:00+00:00,2024-01-30 01:00:00+00:00,2024-01-30 01:05:00+00:00,1.08406,1.08446,1.08346,1.0834700000000002,TARGET,0.0004,1.474999999999671,1.349999999999671,0.5899999999998684
N3_ANCHOR_REVERSION,NEUTRAL,SHORT,2024-01-30 01:10:00+00:00,2024-01-30 01:15:00+00:00,2024-01-30 01:15:00+00:00,2024-01-30 02:15:00+00:00,1.08369,1.08409,1.08309,1.0831000000000002,TARGET,0.0004,1.474999999999671,1.349999999999671,0.5899999999998684
N3_ANCHOR_REVERSION,NEUTRAL,LONG,2024-01-30 04:55:00+00:00,2024-01-30 05:00:00+00:00,2024-01-30 05:00:00+00:00,2024-01-30 05:55:00+00:00,1.0825900000000002,1.0821900000000002,1.08319,1.0821800000000001,STOP,0.0004,-1.0250000000000536,-1.1500000000000536,-0.41000000000002146
N3_ANCHOR_REVERSION,NEUTRAL,LONG,2024-01-31 08:10:00+00:00,2024-01-31 08:15:00+00:00,2024-01-31 08:15:00+00:00,2024-01-31 08:15:00+00:00,1.08132,1.08092,1.08192,1.08091,STOP,0.0004,-1.0250000000000536,-1.1500000000000536,-0.41000000000002146
N3_ANCHOR_REVERSION,NEUTRAL,LONG,2024-01-31 19:05:00+00:00,2024-01-31 19:10:00+00:00,2024-01-31 19:10:00+00:00,2024-01-31 19:10:00+00:00,1.08329,1.0828900000000001,1.08389,1.08288,STOP,0.0004,-1.0250000000000536,-1.1500000000000536,-0.41000000000002146
N3_ANCHOR_REVERSION,NEUTRAL,LONG,2024-01-31 19:30:00+00:00,2024-01-31 19:35:00+00:00,2024-01-31 19:35:00+00:00,2024-01-31 19:35:00+00:00,1.0837800000000002,1.0833800000000002,1.0843800000000001,1.0833700000000002,STOP,0.0004,-1.0250000000000536,-1.1500000000000536,-0.41000000000002146
N3_ANCHOR_REVERSION,NEUTRAL,LONG,2024-02-01 04:35:00+00:00,2024-02-01 04:40:00+00:00,2024-02-01 04:40:00+00:00,2024-02-01 05:05:00+00:00,1.08088,1.08048,1.08148,1.08047,STOP,0.0004,-1.0250000000000536,-1.1500000000000536,-0.41000000000002146
N3_ANCHOR_REVERSION,NEUTRAL,LONG,2024-02-01 06:50:00+00:00,2024-02-01 06:55:00+00:00,2024-02-01 06:55:00+00:00,2024-02-01 06:55:00+00:00,1.08017,1.0797700000000001,1.08077,1.07976,STOP,0.0004,-1.0250000000000536,-1.1500000000000536,-0.41000000000002146
N3_ANCHOR_REVERSION,NEUTRAL,LONG,2024-02-01 07:30:00+00:00,2024-02-01 07:35:00+00:00,2024-02-01 07:35:00+00:00,2024-02-01 07:40:00+00:00,1.07892,1.0785200000000001,1.07952,1.07851,STOP,0.0004,-1.0250000000000536,-1.1500000000000536,-0.41000000000002146
N3_ANCHOR_REVERSION,NEUTRAL,LONG,2024-02-01 07:45:00+00:00,2024-02-01 07:50:00+00:00,2024-02-01 07:50:00+00:00,2024-02-01 07:55:00+00:00,1.0788200000000001,1.0784200000000002,1.07942,1.07941,TARGET,0.0004,1.474999999999671,1.349999999999671,0.5899999999998684
N3_ANCHOR_REVERSION,NEUTRAL,LONG,2024-02-02 18:30:00+00:00,2024-02-02 18:35:00+00:00,2024-02-02 18:35:00+00:00,2024-02-02 19:15:00+00:00,1.0785600000000002,1.0781600000000002,1.0791600000000001,1.07915,TARGET,0.0004,1.474999999999671,1.349999999999671,0.5899999999998684
N3_ANCHOR_REVERSION,NEUTRAL,LONG,2024-02-04 23:30:00+00:00,2024-02-04 23:35:00+00:00,2024-02-04 23:35:00+00:00,2024-02-05 00:00:00+00:00,1.0778,1.0774000000000001,1.0784,1.07739,STOP,0.0004,-1.0250000000000536,-1.1500000000000536,-0.41000000000002146
N3_ANCHOR_REVERSION,NEUTRAL,LONG,2024-02-05 00:20:00+00:00,2024-02-05 00:25:00+00:00,2024-02-05 00:25:00+00:00,2024-02-05 00:25:00+00:00,1.0776700000000001,1.0772700000000002,1.07827,1.07726,STOP,0.0004,-1.0250000000000536,-1.1500000000000536,-0.41000000000002146
N3_ANCHOR_REVERSION,NEUTRAL,LONG,2024-02-05 00:45:00+00:00,2024-02-05 00:50:00+00:00,2024-02-05 00:50:00+00:00,2024-02-05 01:25:00+00:00,1.07729,1.0768900000000001,1.07789,1.07688,STOP,0.0004,-1.0250000000000536,-1.1500000000000536,-0.41000000000002146
N3_ANCHOR_REVERSION,NEUTRAL,LONG,2024-02-12 10:25:00+00:00,2024-02-12 10:30:00+00:00,2024-02-12 10:30:00+00:00,2024-02-12 11:10:00+00:00,1.0775400000000002,1.0771400000000002,1.07814,1.0771300000000001,STOP,0.0004,-1.0250000000000536,-1.1500000000000536,-0.41000000000002146
N3_ANCHOR_REVERSION,NEUTRAL,LONG,2024-02-12 12:05:00+00:00,2024-02-12 12:10:00+00:00,2024-02-12 12:10:00+00:00,2024-02-12 12:40:00+00:00,1.07702,1.0766200000000001,1.07762,1.07661,STOP,0.0004,-1.0250000000000536,-1.1500000000000536,-0.41000000000002146
N3_ANCHOR_REVERSION,NEUTRAL,LONG,2024-02-12 12:45:00+00:00,2024-02-12 12:50:00+00:00,2024-02-12 12:50:00+00:00,2024-02-12 13:45:00+00:00,1.07685,1.0764500000000001,1.07745,1.07644,STOP,0.0004,-1.0250000000000536,-1.1500000000000536,-0.41000000000002146
N3_ANCHOR_REVERSION,NEUTRAL,SHORT,2024-02-16 18:00:00+00:00,2024-02-16 18:05:00+00:00,2024-02-16 18:05:00+00:00,2024-02-16 18:40:00+00:00,1.07762,1.07802,1.07702,1.07803,STOP,0.0004,-1.0250000000000536,-1.1500000000000536,-0.41000000000002146
N3_ANCHOR_REVERSION,NEUTRAL,SHORT,2024-02-16 19:35:00+00:00,2024-02-16 19:40:00+00:00,2024-02-16 19:40:00+00:00,2024-02-16 20:45:00+00:00,1.07803,1.07843,1.07743,1.0774400000000002,TARGET,0.0004,1.474999999999671,1.349999999999671,0.5899999999998684
N3_ANCHOR_REVERSION,NEUTRAL,SHORT,2024-02-18 23:55:00+00:00,2024-02-19 00:00:00+00:00,2024-02-19 00:00:00+00:00,2024-02-19 00:10:00+00:00,1.0783699999999998,1.0787699999999998,1.07777,1.0787799999999999,STOP,0.0004,-1.0250000000000536,-1.1500000000000536,-0.41000000000002146
N3_ANCHOR_REVERSION,NEUTRAL,SHORT,2024-02-19 00:25:00+00:00,2024-02-19 00:30:00+00:00,2024-02-19 00:30:00+00:00,2024-02-19 01:35:00+00:00,1.07876,1.07916,1.07816,1.07817,TARGET,0.0004,1.474999999999671,1.349999999999671,0.5899999999998684
N3_ANCHOR_REVERSION,NEUTRAL,SHORT,2024-02-19 05:55:00+00:00,2024-02-19 06:00:00+00:00,2024-02-19 06:00:00+00:00,2024-02-19 06:50:00+00:00,1.07816,1.07856,1.07756,1.07857,STOP,0.0004,-1.0250000000000536,-1.1500000000000536,-0.41000000000002146
N3_ANCHOR_REVERSION,NEUTRAL,SHORT,2024-02-20 11:00:00+00:00,2024-02-20 11:05:00+00:00,2024-02-20 11:05:00+00:00,2024-02-20 11:25:00+00:00,1.0801999999999998,1.0805999999999998,1.0796,1.07961,TARGET,0.0004,1.474999999999671,1.349999999999671,0.5899999999998684
N3_ANCHOR_REVERSION,NEUTRAL,SHORT,2024-02-20 11:55:00+00:00,2024-02-20 12:00:00+00:00,2024-02-20 12:00:00+00:00,2024-02-20 12:20:00+00:00,1.0798299999999998,1.0802299999999998,1.07923,1.0802399999999999,STOP,0.0004,-1.0250000000000536,-1.1500000000000536,-0.41000000000002146
N3_ANCHOR_REVERSION,NEUTRAL,SHORT,2024-02-20 12:40:00+00:00,2024-02-20 12:45:00+00:00,2024-02-20 12:45:00+00:00,2024-02-20 13:10:00+00:00,1.08016,1.08056,1.07956,1.08057,STOP,0.0004,-1.0250000000000536,-1.1500000000000536,-0.41000000000002146
N3_ANCHOR_REVERSION,NEUTRAL,SHORT,2024-02-20 14:55:00+00:00,2024-02-20 15:00:00+00:00,2024-02-20 15:00:00+00:00,2024-02-20 15:10:00+00:00,1.08289,1.0832899999999999,1.08229,1.0823,TARGET,0.0004,1.474999999999671,1.349999999999671,0.5899999999998684
N3_ANCHOR_REVERSION,NEUTRAL,SHORT,2024-02-21 02:20:00+00:00,2024-02-21 02:25:00+00:00,2024-02-21 02:25:00+00:00,2024-02-21 03:50:00+00:00,1.0815599999999999,1.0819599999999998,1.08096,1.0819699999999999,STOP,0.0004,-1.0250000000000536,-1.1500000000000536,-0.41000000000002146
N3_ANCHOR_REVERSION,NEUTRAL,SHORT,2024-02-21 20:45:00+00:00,2024-02-21 20:50:00+00:00,2024-02-21 20:50:00+00:00,2024-02-21 23:05:00+00:00,1.08188,1.08228,1.08128,1.08229,STOP,0.0004,-1.0250000000000536,-1.1500000000000536,-0.41000000000002146
N3_ANCHOR_REVERSION,NEUTRAL,SHORT,2024-02-22 05:55:00+00:00,2024-02-22 06:00:00+00:00,2024-02-22 06:00:00+00:00,2024-02-22 06:10:00+00:00,1.0833,1.0836999999999999,1.0827,1.08371,STOP,0.0004,-1.0250000000000536,-1.1500000000000536,-0.41000000000002146
N3_ANCHOR_REVERSION,NEUTRAL,SHORT,2024-02-22 06:15:00+00:00,2024-02-22 06:20:00+00:00,2024-02-22 06:20:00+00:00,2024-02-22 06:50:00+00:00,1.08358,1.08398,1.08298,1.08399,STOP,0.0004,-1.0250000000000536,-1.1500000000000536,-0.41000000000002146
N3_ANCHOR_REVERSION,NEUTRAL,SHORT,2024-02-22 08:30:00+00:00,2024-02-22 08:35:00+00:00,2024-02-22 08:35:00+00:00,2024-02-22 08:35:00+00:00,1.0865799999999999,1.0869799999999998,1.08598,1.08699,STOP,0.0004,-1.0250000000000536,-1.1500000000000536,-0.41000000000002146
N3_ANCHOR_REVERSION,NEUTRAL,LONG,2024-02-22 12:45:00+00:00,2024-02-22 12:50:00+00:00,2024-02-22 12:50:00+00:00,2024-02-22 13:10:00+00:00,1.08458,1.0841800000000001,1.08518,1.08417,STOP,0.0004,-1.0250000000000536,-1.1500000000000536,-0.41000000000002146
N3_ANCHOR_REVERSION,NEUTRAL,SHORT,2024-02-23 00:15:00+00:00,2024-02-23 00:20:00+00:00,2024-02-23 00:20:00+00:00,2024-02-23 00:35:00+00:00,1.0826799999999999,1.0830799999999998,1.08208,1.08209,TARGET,0.0004,1.474999999999671,1.349999999999671,0.5899999999998684
N3_ANCHOR_REVERSION,NEUTRAL,SHORT,2024-02-23 01:10:00+00:00,2024-02-23 01:15:00+00:00,2024-02-23 01:15:00+00:00,2024-02-23 01:40:00+00:00,1.08262,1.0830199999999999,1.08202,1.08303,STOP,0.0004,-1.0250000000000536,-1.1500000000000536,-0.41000000000002146
N3_ANCHOR_REVERSION,NEUTRAL,LONG,2024-02-28 07:00:00+00:00,2024-02-28 07:05:00+00:00,2024-02-28 07:05:00+00:00,2024-02-28 07:20:00+00:00,1.08246,1.08206,1.08306,1.08205,STOP,0.0004,-1.0250000000000536,-1.1500000000000536,-0.41000000000002146
N3_ANCHOR_REVERSION,NEUTRAL,LONG,2024-02-28 07:45:00+00:00,2024-02-28 07:50:00+00:00,2024-02-28 07:50:00+00:00,2024-02-28 08:15:00+00:00,1.08212,1.08172,1.08272,1.08171,STOP,0.0004,-1.0250000000000536,-1.1500000000000536,-0.41000000000002146
N3_ANCHOR_REVERSION,NEUTRAL,LONG,2024-02-28 09:20:00+00:00,2024-02-28 09:25:00+00:00,2024-02-28 09:25:00+00:00,2024-02-28 09:35:00+00:00,1.08029,1.07989,1.08089,1.07988,STOP,0.0004,-1.0250000000000536,-1.1500000000000536,-0.41000000000002146
N3_ANCHOR_REVERSION,NEUTRAL,LONG,2024-02-28 10:00:00+00:00,2024-02-28 10:05:00+00:00,2024-02-28 10:05:00+00:00,2024-02-28 10:25:00+00:00,1.08081,1.08041,1.08141,1.0814,TARGET,0.0004,1.474999999999671,1.349999999999671,0.5899999999998684
N3_ANCHOR_REVERSION,NEUTRAL,LONG,2024-02-29 18:45:00+00:00,2024-02-29 18:50:00+00:00,2024-02-29 18:50:00+00:00,2024-02-29 19:40:00+00:00,1.0808,1.0804,1.0814,1.08039,STOP,0.0004,-1.0250000000000536,-1.1500000000000536,-0.41000000000002146
N3_ANCHOR_REVERSION,NEUTRAL,LONG,2024-02-29 19:45:00+00:00,2024-02-29 19:50:00+00:00,2024-02-29 19:50:00+00:00,2024-02-29 22:00:00+00:00,1.08046,1.08006,1.08106,1.08005,STOP,0.0004,-1.0250000000000536,-1.1500000000000536,-0.41000000000002146
N3_ANCHOR_REVERSION,NEUTRAL,LONG,2024-02-29 22:05:00+00:00,2024-02-29 22:10:00+00:00,2024-02-29 22:10:00+00:00,2024-02-29 22:10:00+00:00,1.08067,1.08027,1.08127,1.08026,STOP,0.0004,-1.0250000000000536,-1.1500000000000536,-0.41000000000002146
N3_ANCHOR_REVERSION,NEUTRAL,SHORT,2024-03-01 00:25:00+00:00,2024-03-01 00:30:00+00:00,2024-03-01 00:30:00+00:00,2024-03-01 00:50:00+00:00,1.08074,1.08114,1.08014,1.08115,STOP,0.0004,-1.0250000000000536,-1.1500000000000536,-0.41000000000002146
N3_ANCHOR_REVERSION,NEUTRAL,SHORT,2024-03-01 02:00:00+00:00,2024-03-01 02:05:00+00:00,2024-03-01 02:05:00+00:00,2024-03-01 04:50:00+00:00,1.0819999999999999,1.0823999999999998,1.0814,1.08141,TARGET,0.0004,1.474999999999671,1.349999999999671,0.5899999999998684
N3_ANCHOR_REVERSION,NEUTRAL,LONG,2024-03-01 05:25:00+00:00,2024-03-01 05:30:00+00:00,2024-03-01 05:30:00+00:00,2024-03-01 06:35:00+00:00,1.08129,1.0808900000000001,1.08189,1.08088,STOP,0.0004,-1.0250000000000536,-1.1500000000000536,-0.41000000000002146
N3_ANCHOR_REVERSION,NEUTRAL,SHORT,2024-03-01 18:00:00+00:00,2024-03-01 18:05:00+00:00,2024-03-01 18:05:00+00:00,2024-03-01 18:10:00+00:00,1.08335,1.08375,1.08275,1.08376,STOP,0.0004,-1.0250000000000536,-1.1500000000000536,-0.41000000000002146
N3_ANCHOR_REVERSION,NEUTRAL,SHORT,2024-03-04 00:45:00+00:00,2024-03-04 00:50:00+00:00,2024-03-04 00:50:00+00:00,2024-03-04 01:40:00+00:00,1.0847099999999998,1.0851099999999998,1.08411,1.08412,TARGET,0.0004,1.474999999999671,1.349999999999671,0.5899999999998684
N3_ANCHOR_REVERSION,NEUTRAL,SHORT,2024-03-12 20:55:00+00:00,2024-03-12 21:00:00+00:00,2024-03-12 21:00:00+00:00,2024-03-12 23:25:00+00:00,1.09256,1.09296,1.09196,1.09297,STOP,0.0004,-1.0250000000000536,-1.1500000000000536,-0.41000000000002146
N3_ANCHOR_REVERSION,NEUTRAL,SHORT,2024-03-12 23:25:00+00:00,2024-03-12 23:30:00+00:00,2024-03-12 23:30:00+00:00,2024-03-13 07:10:00+00:00,1.09274,1.09314,1.09214,1.09315,STOP,0.0004,-1.0250000000000536,-1.1500000000000536,-0.41000000000002146
N3_ANCHOR_REVERSION,NEUTRAL,SHORT,2024-03-13 17:15:00+00:00,2024-03-13 17:20:00+00:00,2024-03-13 17:20:00+00:00,2024-03-13 17:40:00+00:00,1.09572,1.09612,1.09512,1.09613,STOP,0.0004,-1.0250000000000536,-1.1500000000000536,-0.41000000000002146
N3_ANCHOR_REVERSION,NEUTRAL,LONG,2024-03-13 19:35:00+00:00,2024-03-13 19:40:00+00:00,2024-03-13 19:40:00+00:00,2024-03-14 00:00:00+00:00,1.0948200000000001,1.0944200000000002,1.09542,1.09541,TARGET,0.0004,1.474999999999671,1.349999999999671,0.5899999999998684
N3_ANCHOR_REVERSION,NEUTRAL,LONG,2024-03-14 01:15:00+00:00,2024-03-14 01:20:00+00:00,2024-03-14 01:20:00+00:00,2024-03-14 02:50:00+00:00,1.0948,1.0944,1.0954,1.09439,STOP,0.0004,-1.0250000000000536,-1.1500000000000536,-0.41000000000002146
N3_ANCHOR_REVERSION,NEUTRAL,LONG,2024-03-14 15:55:00+00:00,2024-03-14 16:00:00+00:00,2024-03-14 16:00:00+00:00,2024-03-14 17:30:00+00:00,1.08884,1.08844,1.08944,1.08843,STOP,0.0004,-1.0250000000000536,-1.1500000000000536,-0.41000000000002146
N3_ANCHOR_REVERSION,NEUTRAL,LONG,2024-03-14 18:30:00+00:00,2024-03-14 18:35:00+00:00,2024-03-14 18:35:00+00:00,2024-03-14 19:10:00+00:00,1.08871,1.08831,1.08931,1.0883,STOP,0.0004,-1.0250000000000536,-1.1500000000000536,-0.41000000000002146
N3_ANCHOR_REVERSION,NEUTRAL,LONG,2024-03-14 19:35:00+00:00,2024-03-14 19:40:00+00:00,2024-03-14 19:40:00+00:00,2024-03-14 19:55:00+00:00,1.0883,1.0879,1.0889,1.08889,TARGET,0.0004,1.474999999999671,1.349999999999671,0.5899999999998684
N3_ANCHOR_REVERSION,NEUTRAL,SHORT,2024-03-21 01:30:00+00:00,2024-03-21 01:35:00+00:00,2024-03-21 01:35:00+00:00,2024-03-21 06:15:00+00:00,1.09344,1.09384,1.09284,1.09385,STOP,0.0004,-1.0250000000000536,-1.1500000000000536,-0.41000000000002146
N3_ANCHOR_REVERSION,NEUTRAL,SHORT,2024-03-21 06:15:00+00:00,2024-03-21 06:20:00+00:00,2024-03-21 06:20:00+00:00,2024-03-21 07:00:00+00:00,1.09362,1.09402,1.09302,1.09403,STOP,0.0004,-1.0250000000000536,-1.1500000000000536,-0.41000000000002146
N3_ANCHOR_REVERSION,NEUTRAL,SHORT,2024-03-21 07:10:00+00:00,2024-03-21 07:15:00+00:00,2024-03-21 07:15:00+00:00,2024-03-21 07:35:00+00:00,1.09394,1.0943399999999999,1.09334,1.09335,TARGET,0.0004,1.474999999999671,1.349999999999671,0.5899999999998684
N3_ANCHOR_REVERSION,NEUTRAL,LONG,2024-03-21 07:55:00+00:00,2024-03-21 08:00:00+00:00,2024-03-21 08:00:00+00:00,2024-03-21 08:10:00+00:00,1.09291,1.09251,1.09351,1.0925,STOP,0.0004,-1.0250000000000536,-1.1500000000000536,-0.41000000000002146
N3_ANCHOR_REVERSION,NEUTRAL,LONG,2024-03-22 04:55:00+00:00,2024-03-22 05:00:00+00:00,2024-03-22 05:00:00+00:00,2024-03-22 05:50:00+00:00,1.0834000000000001,1.0830000000000002,1.084,1.08399,TARGET,0.0004,1.474999999999671,1.349999999999671,0.5899999999998684
N3_ANCHOR_REVERSION,NEUTRAL,LONG,2024-03-22 11:50:00+00:00,2024-03-22 11:55:00+00:00,2024-03-22 11:55:00+00:00,2024-03-22 12:15:00+00:00,1.08155,1.08115,1.08215,1.0821399999999999,TARGET,0.0004,1.474999999999671,1.349999999999671,0.5899999999998684
N3_ANCHOR_REVERSION,NEUTRAL,SHORT,2024-03-22 14:00:00+00:00,2024-03-22 14:05:00+00:00,2024-03-22 14:05:00+00:00,2024-03-22 14:15:00+00:00,1.08283,1.08323,1.08223,1.08224,TARGET,0.0004,1.474999999999671,1.349999999999671,0.5899999999998684
N3_ANCHOR_REVERSION,NEUTRAL,SHORT,2024-03-25 15:55:00+00:00,2024-03-25 16:00:00+00:00,2024-03-25 16:00:00+00:00,2024-03-25 19:30:00+00:00,1.08365,1.08405,1.08305,1.08406,STOP,0.0004,-1.0250000000000536,-1.1500000000000536,-0.41000000000002146
N3_ANCHOR_REVERSION,NEUTRAL,SHORT,2024-03-25 19:50:00+00:00,2024-03-25 19:55:00+00:00,2024-03-25 19:55:00+00:00,2024-03-26 00:55:00+00:00,1.08391,1.0843099999999999,1.08331,1.08432,STOP,0.0004,-1.0250000000000536,-1.1500000000000536,-0.41000000000002146
N3_ANCHOR_REVERSION,NEUTRAL,LONG,2024-03-26 16:00:00+00:00,2024-03-26 16:05:00+00:00,2024-03-26 16:05:00+00:00,2024-03-26 16:10:00+00:00,1.08324,1.08284,1.08384,1.08283,STOP,0.0004,-1.0250000000000536,-1.1500000000000536,-0.41000000000002146
N3_ANCHOR_REVERSION,NEUTRAL,LONG,2024-03-26 17:00:00+00:00,2024-03-26 17:05:00+00:00,2024-03-26 17:05:00+00:00,2024-03-27 00:30:00+00:00,1.0832300000000001,1.0828300000000002,1.08383,1.0828200000000001,STOP,0.0004,-1.0250000000000536,-1.1500000000000536,-0.41000000000002146
N3_ANCHOR_REVERSION,NEUTRAL,LONG,2024-03-27 00:35:00+00:00,2024-03-27 00:40:00+00:00,2024-03-27 00:40:00+00:00,2024-03-27 01:20:00+00:00,1.08295,1.0825500000000001,1.08355,1.08254,STOP,0.0004,-1.0250000000000536,-1.1500000000000536,-0.41000000000002146
N3_ANCHOR_REVERSION,NEUTRAL,LONG,2024-03-27 01:40:00+00:00,2024-03-27 01:45:00+00:00,2024-03-27 01:45:00+00:00,2024-03-27 04:10:00+00:00,1.08231,1.0819100000000001,1.08291,1.0829,TARGET,0.0004,1.474999999999671,1.349999999999671,0.5899999999998684
N3_ANCHOR_REVERSION,NEUTRAL,LONG,2024-03-28 09:25:00+00:00,2024-03-28 09:30:00+00:00,2024-03-28 09:30:00+00:00,2024-03-28 09:50:00+00:00,1.0780500000000002,1.0776500000000002,1.07865,1.0776400000000002,STOP,0.0004,-1.0250000000000536,-1.1500000000000536,-0.41000000000002146
N3_ANCHOR_REVERSION,NEUTRAL,LONG,2024-03-28 10:00:00+00:00,2024-03-28 10:05:00+00:00,2024-03-28 10:05:00+00:00,2024-03-28 10:15:00+00:00,1.0777,1.0773000000000001,1.0783,1.07829,TARGET,0.0004,1.474999999999671,1.349999999999671,0.5899999999998684
N3_ANCHOR_REVERSION,NEUTRAL,LONG,2024-03-28 12:00:00+00:00,2024-03-28 12:05:00+00:00,2024-03-28 12:05:00+00:00,2024-03-28 12:40:00+00:00,1.0786900000000001,1.0782900000000002,1.07929,1.07928,TARGET,0.0004,1.474999999999671,1.349999999999671,0.5899999999998684
N3_ANCHOR_REVERSION,NEUTRAL,SHORT,2024-03-28 13:55:00+00:00,2024-03-28 14:00:00+00:00,2024-03-28 14:00:00+00:00,2024-03-28 14:00:00+00:00,1.08125,1.08165,1.08065,1.08166,STOP,0.0004,-1.0250000000000536,-1.1500000000000536,-0.41000000000002146
N3_ANCHOR_REVERSION,NEUTRAL,LONG,2024-03-29 00:35:00+00:00,2024-03-29 00:40:00+00:00,2024-03-29 00:40:00+00:00,2024-03-29 01:25:00+00:00,1.07864,1.07824,1.07924,1.07823,STOP,0.0004,-1.0250000000000536,-1.1500000000000536,-0.41000000000002146
N3_ANCHOR_REVERSION,NEUTRAL,LONG,2024-03-29 02:10:00+00:00,2024-03-29 02:15:00+00:00,2024-03-29 02:15:00+00:00,2024-03-29 07:50:00+00:00,1.0777700000000001,1.0773700000000002,1.07837,1.07736,STOP,0.0004,-1.0250000000000536,-1.1500000000000536,-0.41000000000002146
N3_ANCHOR_REVERSION,NEUTRAL,LONG,2024-03-29 08:00:00+00:00,2024-03-29 08:05:00+00:00,2024-03-29 08:05:00+00:00,2024-03-29 08:50:00+00:00,1.07712,1.0767200000000001,1.07772,1.07771,TARGET,0.0004,1.474999999999671,1.349999999999671,0.5899999999998684
N3_ANCHOR_REVERSION,NEUTRAL,SHORT,2024-03-29 10:20:00+00:00,2024-03-29 10:25:00+00:00,2024-03-29 10:25:00+00:00,2024-03-29 10:25:00+00:00,1.07823,1.07863,1.07763,1.07864,STOP,0.0004,-1.0250000000000536,-1.1500000000000536,-0.41000000000002146
N3_ANCHOR_REVERSION,NEUTRAL,LONG,2024-03-31 22:55:00+00:00,2024-03-31 23:00:00+00:00,2024-03-31 23:00:00+00:00,2024-03-31 23:40:00+00:00,1.0787300000000002,1.0783300000000002,1.0793300000000001,1.07932,TARGET,0.0004,1.474999999999671,1.349999999999671,0.5899999999998684
N3_ANCHOR_REVERSION,NEUTRAL,SHORT,2024-04-01 00:05:00+00:00,2024-04-01 00:10:00+00:00,2024-04-01 00:10:00+00:00,2024-04-01 00:25:00+00:00,1.07945,1.07985,1.07885,1.07986,STOP,0.0004,-1.0250000000000536,-1.1500000000000536,-0.41000000000002146
N3_ANCHOR_REVERSION,NEUTRAL,SHORT,2024-04-01 00:40:00+00:00,2024-04-01 00:45:00+00:00,2024-04-01 00:45:00+00:00,2024-04-01 01:45:00+00:00,1.07951,1.07991,1.07891,1.07892,TARGET,0.0004,1.474999999999671,1.349999999999671,0.5899999999998684
N3_ANCHOR_REVERSION,NEUTRAL,SHORT,2024-04-03 19:55:00+00:00,2024-04-03 20:00:00+00:00,2024-04-03 20:00:00+00:00,2024-04-03 20:50:00+00:00,1.08333,1.0837299999999999,1.08273,1.08374,STOP,0.0004,-1.0250000000000536,-1.1500000000000536,-0.41000000000002146
N3_ANCHOR_REVERSION,NEUTRAL,SHORT,2024-04-03 20:55:00+00:00,2024-04-03 21:00:00+00:00,2024-04-03 21:00:00+00:00,2024-04-03 23:30:00+00:00,1.08355,1.08395,1.08295,1.08396,STOP,0.0004,-1.0250000000000536,-1.1500000000000536,-0.41000000000002146
N3_ANCHOR_REVERSION,NEUTRAL,SHORT,2024-04-03 23:40:00+00:00,2024-04-03 23:45:00+00:00,2024-04-03 23:45:00+00:00,2024-04-04 00:50:00+00:00,1.08375,1.08415,1.08315,1.08416,STOP,0.0004,-1.0250000000000536,-1.1500000000000536,-0.41000000000002146
N3_ANCHOR_REVERSION,NEUTRAL,SHORT,2024-04-04 01:00:00+00:00,2024-04-04 01:05:00+00:00,2024-04-04 01:05:00+00:00,2024-04-04 04:25:00+00:00,1.08413,1.08453,1.08353,1.08454,STOP,0.0004,-1.0250000000000536,-1.1500000000000536,-0.41000000000002146
N3_ANCHOR_REVERSION,NEUTRAL,LONG,2024-04-04 17:45:00+00:00,2024-04-04 17:50:00+00:00,2024-04-04 17:50:00+00:00,2024-04-04 18:00:00+00:00,1.08612,1.08572,1.08672,1.08571,STOP,0.0004,-1.0250000000000536,-1.1500000000000536,-0.41000000000002146
N3_ANCHOR_REVERSION,NEUTRAL,LONG,2024-04-04 18:20:00+00:00,2024-04-04 18:25:00+00:00,2024-04-04 18:25:00+00:00,2024-04-04 18:30:00+00:00,1.08565,1.08525,1.08625,1.08524,STOP,0.0004,-1.0250000000000536,-1.1500000000000536,-0.41000000000002146
N3_ANCHOR_REVERSION,NEUTRAL,LONG,2024-04-04 18:50:00+00:00,2024-04-04 18:55:00+00:00,2024-04-04 18:55:00+00:00,2024-04-04 19:00:00+00:00,1.08529,1.0848900000000001,1.08589,1.08488,STOP,0.0004,-1.0250000000000536,-1.1500000000000536,-0.41000000000002146
N3_ANCHOR_REVERSION,NEUTRAL,LONG,2024-04-05 00:05:00+00:00,2024-04-05 00:10:00+00:00,2024-04-05 00:10:00+00:00,2024-04-05 01:30:00+00:00,1.0838100000000002,1.0834100000000002,1.08441,1.0834000000000001,STOP,0.0004,-1.0250000000000536,-1.1500000000000536,-0.41000000000002146
N3_ANCHOR_REVERSION,NEUTRAL,LONG,2024-04-05 03:50:00+00:00,2024-04-05 03:55:00+00:00,2024-04-05 03:55:00+00:00,2024-04-05 06:10:00+00:00,1.08275,1.0823500000000001,1.08335,1.08234,STOP,0.0004,-1.0250000000000536,-1.1500000000000536,-0.41000000000002146
N3_ANCHOR_REVERSION,NEUTRAL,LONG,2024-04-05 06:15:00+00:00,2024-04-05 06:20:00+00:00,2024-04-05 06:20:00+00:00,2024-04-05 06:45:00+00:00,1.0825200000000001,1.0821200000000002,1.08312,1.08311,TARGET,0.0004,1.474999999999671,1.349999999999671,0.5899999999998684
N3_ANCHOR_REVERSION,NEUTRAL,SHORT,2024-04-05 18:10:00+00:00,2024-04-05 18:15:00+00:00,2024-04-05 18:15:00+00:00,2024-04-05 20:55:00+00:00,1.0836299999999999,1.0840299999999998,1.08303,1.08378,TIME_12H,0.0004,-0.37500000000023626,-0.5000000000002363,-0.1500000000000945
N3_ANCHOR_REVERSION,NEUTRAL,LONG,2024-04-07 22:30:00+00:00,2024-04-07 22:35:00+00:00,2024-04-07 22:35:00+00:00,2024-04-07 22:50:00+00:00,1.0831700000000002,1.0827700000000002,1.0837700000000001,1.0827600000000002,STOP,0.0004,-1.0250000000000536,-1.1500000000000536,-0.41000000000002146
N3_ANCHOR_REVERSION,NEUTRAL,LONG,2024-04-07 23:00:00+00:00,2024-04-07 23:05:00+00:00,2024-04-07 23:05:00+00:00,2024-04-08 00:00:00+00:00,1.0831000000000002,1.0827000000000002,1.0837,1.0826900000000002,STOP,0.0004,-1.0250000000000536,-1.1500000000000536,-0.41000000000002146
N3_ANCHOR_REVERSION,NEUTRAL,LONG,2024-04-08 00:15:00+00:00,2024-04-08 00:20:00+00:00,2024-04-08 00:20:00+00:00,2024-04-08 01:35:00+00:00,1.08257,1.08217,1.08317,1.08316,TARGET,0.0004,1.474999999999671,1.349999999999671,0.5899999999998684
N3_ANCHOR_REVERSION,NEUTRAL,SHORT,2024-04-08 03:10:00+00:00,2024-04-08 03:15:00+00:00,2024-04-08 03:15:00+00:00,2024-04-08 03:45:00+00:00,1.08389,1.08429,1.08329,1.0833000000000002,TARGET,0.0004,1.474999999999671,1.349999999999671,0.5899999999998684
N3_ANCHOR_REVERSION,NEUTRAL,SHORT,2024-04-08 18:00:00+00:00,2024-04-08 18:05:00+00:00,2024-04-08 18:05:00+00:00,2024-04-08 18:25:00+00:00,1.0857599999999998,1.0861599999999998,1.08516,1.0861699999999999,STOP,0.0004,-1.0250000000000536,-1.1500000000000536,-0.41000000000002146
N3_ANCHOR_REVERSION,NEUTRAL,SHORT,2024-04-08 18:45:00+00:00,2024-04-08 18:50:00+00:00,2024-04-08 18:50:00+00:00,2024-04-08 21:25:00+00:00,1.08592,1.08632,1.08532,1.08633,STOP,0.0004,-1.0250000000000536,-1.1500000000000536,-0.41000000000002146
N3_ANCHOR_REVERSION,NEUTRAL,SHORT,2024-04-08 23:55:00+00:00,2024-04-09 00:00:00+00:00,2024-04-09 00:00:00+00:00,2024-04-09 03:40:00+00:00,1.08619,1.08659,1.08559,1.0856000000000001,TARGET,0.0004,1.474999999999671,1.349999999999671,0.5899999999998684
N3_ANCHOR_REVERSION,NEUTRAL,LONG,2024-04-09 14:50:00+00:00,2024-04-09 14:55:00+00:00,2024-04-09 14:55:00+00:00,2024-04-09 15:00:00+00:00,1.08586,1.08546,1.08646,1.08545,STOP,0.0004,-1.0250000000000536,-1.1500000000000536,-0.41000000000002146
N3_ANCHOR_REVERSION,NEUTRAL,LONG,2024-04-09 17:15:00+00:00,2024-04-09 17:20:00+00:00,2024-04-09 17:20:00+00:00,2024-04-09 18:00:00+00:00,1.0854400000000002,1.0850400000000002,1.0860400000000001,1.0850300000000002,STOP,0.0004,-1.0250000000000536,-1.1500000000000536,-0.41000000000002146
N3_ANCHOR_REVERSION,NEUTRAL,LONG,2024-04-09 19:20:00+00:00,2024-04-09 19:25:00+00:00,2024-04-09 19:25:00+00:00,2024-04-09 20:10:00+00:00,1.08525,1.08485,1.08585,1.08584,TARGET,0.0004,1.474999999999671,1.349999999999671,0.5899999999998684
N3_ANCHOR_REVERSION,NEUTRAL,LONG,2024-04-10 04:20:00+00:00,2024-04-10 04:25:00+00:00,2024-04-10 04:25:00+00:00,2024-04-10 06:05:00+00:00,1.0852700000000002,1.0848700000000002,1.0858700000000001,1.0848600000000002,STOP,0.0004,-1.0250000000000536,-1.1500000000000536,-0.41000000000002146
N3_ANCHOR_REVERSION,NEUTRAL,SHORT,2024-04-19 10:35:00+00:00,2024-04-19 10:40:00+00:00,2024-04-19 10:40:00+00:00,2024-04-19 10:55:00+00:00,1.0655299999999999,1.0659299999999998,1.06493,1.06494,TARGET,0.0004,1.474999999999671,1.349999999999671,0.5899999999998684
N3_ANCHOR_REVERSION,NEUTRAL,SHORT,2024-04-19 14:30:00+00:00,2024-04-19 14:35:00+00:00,2024-04-19 14:35:00+00:00,2024-04-19 14:45:00+00:00,1.06718,1.06758,1.06658,1.06759,STOP,0.0004,-1.0250000000000536,-1.1500000000000536,-0.41000000000002146
N3_ANCHOR_REVERSION,NEUTRAL,SHORT,2024-04-19 14:45:00+00:00,2024-04-19 14:50:00+00:00,2024-04-19 14:50:00+00:00,2024-04-19 15:20:00+00:00,1.0671199999999998,1.0675199999999998,1.06652,1.06653,TARGET,0.0004,1.474999999999671,1.349999999999671,0.5899999999998684
N3_ANCHOR_REVERSION,NEUTRAL,SHORT,2024-04-23 19:00:00+00:00,2024-04-23 19:05:00+00:00,2024-04-23 19:05:00+00:00,2024-04-24 00:25:00+00:00,1.07032,1.07072,1.06972,1.07073,STOP,0.0004,-1.0250000000000536,-1.1500000000000536,-0.41000000000002146
N3_ANCHOR_REVERSION,NEUTRAL,SHORT,2024-04-24 01:00:00+00:00,2024-04-24 01:05:00+00:00,2024-04-24 01:05:00+00:00,2024-04-24 01:30:00+00:00,1.0708499999999999,1.0712499999999998,1.07025,1.0712599999999999,STOP,0.0004,-1.0250000000000536,-1.1500000000000536,-0.41000000000002146
N3_ANCHOR_REVERSION,NEUTRAL,SHORT,2024-04-24 01:40:00+00:00,2024-04-24 01:45:00+00:00,2024-04-24 01:45:00+00:00,2024-04-24 02:15:00+00:00,1.07093,1.07133,1.07033,1.07134,STOP,0.0004,-1.0250000000000536,-1.1500000000000536,-0.41000000000002146
N3_ANCHOR_REVERSION,NEUTRAL,SHORT,2024-04-25 16:55:00+00:00,2024-04-25 17:00:00+00:00,2024-04-25 17:00:00+00:00,2024-04-25 17:00:00+00:00,1.0731199999999999,1.0735199999999998,1.07252,1.0735299999999999,STOP,0.0004,-1.0250000000000536,-1.1500000000000536,-0.41000000000002146
N3_ANCHOR_REVERSION,NEUTRAL,SHORT,2024-04-25 17:40:00+00:00,2024-04-25 17:45:00+00:00,2024-04-25 17:45:00+00:00,2024-04-25 18:00:00+00:00,1.0734599999999999,1.0738599999999998,1.07286,1.07287,TARGET,0.0004,1.474999999999671,1.349999999999671,0.5899999999998684
N3_ANCHOR_REVERSION,NEUTRAL,SHORT,2024-04-25 20:50:00+00:00,2024-04-25 20:55:00+00:00,2024-04-25 20:55:00+00:00,2024-04-26 00:05:00+00:00,1.0730199999999999,1.0734199999999998,1.07242,1.07243,TARGET,0.0004,1.474999999999671,1.349999999999671,0.5899999999998684
N3_ANCHOR_REVERSION,NEUTRAL,LONG,2024-04-26 00:15:00+00:00,2024-04-26 00:20:00+00:00,2024-04-26 00:20:00+00:00,2024-04-26 02:40:00+00:00,1.0725900000000002,1.0721900000000002,1.07319,1.0721800000000001,STOP,0.0004,-1.0250000000000536,-1.1500000000000536,-0.41000000000002146
N3_ANCHOR_REVERSION,NEUTRAL,LONG,2024-04-26 03:45:00+00:00,2024-04-26 03:50:00+00:00,2024-04-26 03:50:00+00:00,2024-04-26 05:45:00+00:00,1.07213,1.07173,1.07273,1.07272,TARGET,0.0004,1.474999999999671,1.349999999999671,0.5899999999998684
N3_ANCHOR_REVERSION,NEUTRAL,SHORT,2024-04-26 19:10:00+00:00,2024-04-26 19:15:00+00:00,2024-04-26 19:15:00+00:00,2024-04-26 19:30:00+00:00,1.07052,1.0709199999999999,1.06992,1.06993,TARGET,0.0004,1.474999999999671,1.349999999999671,0.5899999999998684
N3_ANCHOR_REVERSION,NEUTRAL,SHORT,2024-04-29 00:55:00+00:00,2024-04-29 01:00:00+00:00,2024-04-29 01:00:00+00:00,2024-04-29 01:25:00+00:00,1.07096,1.0713599999999999,1.07036,1.07137,STOP,0.0004,-1.0250000000000536,-1.1500000000000536,-0.41000000000002146
N3_ANCHOR_REVERSION,NEUTRAL,SHORT,2024-04-29 01:45:00+00:00,2024-04-29 01:50:00+00:00,2024-04-29 01:50:00+00:00,2024-04-29 01:55:00+00:00,1.07117,1.07157,1.07057,1.07158,STOP,0.0004,-1.0250000000000536,-1.1500000000000536,-0.41000000000002146
N3_ANCHOR_REVERSION,NEUTRAL,SHORT,2024-04-29 03:35:00+00:00,2024-04-29 03:40:00+00:00,2024-04-29 03:40:00+00:00,2024-04-29 04:10:00+00:00,1.07168,1.07208,1.07108,1.07209,STOP,0.0004,-1.0250000000000536,-1.1500000000000536,-0.41000000000002146
N3_ANCHOR_REVERSION,NEUTRAL,SHORT,2024-04-30 09:55:00+00:00,2024-04-30 10:00:00+00:00,2024-04-30 10:00:00+00:00,2024-04-30 10:20:00+00:00,1.0726499999999999,1.0730499999999998,1.07205,1.07306,STOP,0.0004,-1.0250000000000536,-1.1500000000000536,-0.41000000000002146
N3_ANCHOR_REVERSION,NEUTRAL,LONG,2024-04-30 12:40:00+00:00,2024-04-30 12:45:00+00:00,2024-04-30 12:45:00+00:00,2024-04-30 12:50:00+00:00,1.07078,1.07038,1.07138,1.07037,STOP,0.0004,-1.0250000000000536,-1.1500000000000536,-0.41000000000002146
N3_ANCHOR_REVERSION,NEUTRAL,LONG,2024-04-30 18:30:00+00:00,2024-04-30 18:35:00+00:00,2024-04-30 18:35:00+00:00,2024-04-30 18:45:00+00:00,1.06827,1.06787,1.06887,1.06786,STOP,0.0004,-1.0250000000000536,-1.1500000000000536,-0.41000000000002146
N3_ANCHOR_REVERSION,NEUTRAL,LONG,2024-04-30 18:55:00+00:00,2024-04-30 19:00:00+00:00,2024-04-30 19:00:00+00:00,2024-04-30 19:20:00+00:00,1.06789,1.06749,1.06849,1.06748,STOP,0.0004,-1.0250000000000536,-1.1500000000000536,-0.41000000000002146
N3_ANCHOR_REVERSION,NEUTRAL,LONG,2024-05-01 00:00:00+00:00,2024-05-01 00:05:00+00:00,2024-05-01 00:05:00+00:00,2024-05-01 00:10:00+00:00,1.06677,1.06637,1.06737,1.06636,STOP,0.0004,-1.0250000000000536,-1.1500000000000536,-0.41000000000002146
N3_ANCHOR_REVERSION,NEUTRAL,LONG,2024-05-01 00:25:00+00:00,2024-05-01 00:30:00+00:00,2024-05-01 00:30:00+00:00,2024-05-01 02:50:00+00:00,1.0661200000000002,1.0657200000000002,1.0667200000000001,1.0657100000000002,STOP,0.0004,-1.0250000000000536,-1.1500000000000536,-0.41000000000002146
N3_ANCHOR_REVERSION,NEUTRAL,LONG,2024-05-01 02:50:00+00:00,2024-05-01 02:55:00+00:00,2024-05-01 02:55:00+00:00,2024-05-01 04:10:00+00:00,1.06593,1.06553,1.06653,1.06552,STOP,0.0004,-1.0250000000000536,-1.1500000000000536,-0.41000000000002146
N3_ANCHOR_REVERSION,NEUTRAL,SHORT,2024-05-02 02:10:00+00:00,2024-05-02 02:15:00+00:00,2024-05-02 02:15:00+00:00,2024-05-02 02:40:00+00:00,1.07171,1.07211,1.07111,1.07212,STOP,0.0004,-1.0250000000000536,-1.1500000000000536,-0.41000000000002146
N3_ANCHOR_REVERSION,NEUTRAL,SHORT,2024-05-02 02:45:00+00:00,2024-05-02 02:50:00+00:00,2024-05-02 02:50:00+00:00,2024-05-02 02:55:00+00:00,1.0717299999999998,1.0721299999999998,1.07113,1.0721399999999999,STOP,0.0004,-1.0250000000000536,-1.1500000000000536,-0.41000000000002146
N3_ANCHOR_REVERSION,NEUTRAL,SHORT,2024-05-02 04:50:00+00:00,2024-05-02 04:55:00+00:00,2024-05-02 04:55:00+00:00,2024-05-02 06:10:00+00:00,1.0718699999999999,1.0722699999999998,1.07127,1.07228,STOP,0.0004,-1.0250000000000536,-1.1500000000000536,-0.41000000000002146
N3_ANCHOR_REVERSION,NEUTRAL,SHORT,2024-05-02 06:20:00+00:00,2024-05-02 06:25:00+00:00,2024-05-02 06:25:00+00:00,2024-05-02 06:30:00+00:00,1.07218,1.0725799999999999,1.07158,1.07259,STOP,0.0004,-1.0250000000000536,-1.1500000000000536,-0.41000000000002146
N3_ANCHOR_REVERSION,NEUTRAL,LONG,2024-05-08 03:40:00+00:00,2024-05-08 03:45:00+00:00,2024-05-08 03:45:00+00:00,2024-05-08 06:35:00+00:00,1.07424,1.0738400000000001,1.07484,1.07483,TARGET,0.0004,1.474999999999671,1.349999999999671,0.5899999999998684
N3_ANCHOR_REVERSION,NEUTRAL,SHORT,2024-05-08 06:40:00+00:00,2024-05-08 06:45:00+00:00,2024-05-08 06:45:00+00:00,2024-05-08 07:25:00+00:00,1.0745099999999999,1.0749099999999998,1.07391,1.07392,TARGET,0.0004,1.474999999999671,1.349999999999671,0.5899999999998684
N3_ANCHOR_REVERSION,NEUTRAL,SHORT,2024-05-09 14:45:00+00:00,2024-05-09 14:50:00+00:00,2024-05-09 14:50:00+00:00,2024-05-09 15:00:00+00:00,1.07738,1.07778,1.07678,1.07779,STOP,0.0004,-1.0250000000000536,-1.1500000000000536,-0.41000000000002146
N3_ANCHOR_REVERSION,NEUTRAL,SHORT,2024-05-09 17:50:00+00:00,2024-05-09 17:55:00+00:00,2024-05-09 17:55:00+00:00,2024-05-09 18:55:00+00:00,1.07777,1.0781699999999999,1.07717,1.07818,STOP,0.0004,-1.0250000000000536,-1.1500000000000536,-0.41000000000002146
N3_ANCHOR_REVERSION,NEUTRAL,SHORT,2024-05-09 19:05:00+00:00,2024-05-09 19:10:00+00:00,2024-05-09 19:10:00+00:00,2024-05-09 22:05:00+00:00,1.07813,1.07853,1.07753,1.07854,STOP,0.0004,-1.0250000000000536,-1.1500000000000536,-0.41000000000002146
N3_ANCHOR_REVERSION,NEUTRAL,SHORT,2024-05-09 23:15:00+00:00,2024-05-09 23:20:00+00:00,2024-05-09 23:20:00+00:00,2024-05-10 00:45:00+00:00,1.07839,1.07879,1.07779,1.0778,TARGET,0.0004,1.474999999999671,1.349999999999671,0.5899999999998684
N3_ANCHOR_REVERSION,NEUTRAL,LONG,2024-05-10 00:50:00+00:00,2024-05-10 00:55:00+00:00,2024-05-10 00:55:00+00:00,2024-05-10 01:55:00+00:00,1.07802,1.07762,1.07862,1.07761,STOP,0.0004,-1.0250000000000536,-1.1500000000000536,-0.41000000000002146
N3_ANCHOR_REVERSION,NEUTRAL,LONG,2024-05-10 02:00:00+00:00,2024-05-10 02:05:00+00:00,2024-05-10 02:05:00+00:00,2024-05-10 02:10:00+00:00,1.0778100000000002,1.0774100000000002,1.07841,1.0774000000000001,STOP,0.0004,-1.0250000000000536,-1.1500000000000536,-0.41000000000002146
N3_ANCHOR_REVERSION,NEUTRAL,LONG,2024-05-10 02:20:00+00:00,2024-05-10 02:25:00+00:00,2024-05-10 02:25:00+00:00,2024-05-10 06:10:00+00:00,1.07752,1.07712,1.07812,1.07811,TARGET,0.0004,1.474999999999671,1.349999999999671,0.5899999999998684
N3_ANCHOR_REVERSION,NEUTRAL,SHORT,2024-05-20 17:15:00+00:00,2024-05-20 17:20:00+00:00,2024-05-20 17:20:00+00:00,2024-05-20 18:05:00+00:00,1.0869,1.0873,1.0863,1.08631,TARGET,0.0004,1.474999999999671,1.349999999999671,0.5899999999998684
N3_ANCHOR_REVERSION,NEUTRAL,SHORT,2024-05-21 23:00:00+00:00,2024-05-21 23:05:00+00:00,2024-05-21 23:05:00+00:00,2024-05-22 01:45:00+00:00,1.0856999999999999,1.0860999999999998,1.0851,1.08611,STOP,0.0004,-1.0250000000000536,-1.1500000000000536,-0.41000000000002146
N3_ANCHOR_REVERSION,NEUTRAL,SHORT,2024-05-22 02:05:00+00:00,2024-05-22 02:10:00+00:00,2024-05-22 02:10:00+00:00,2024-05-22 03:25:00+00:00,1.0860699999999999,1.0864699999999998,1.08547,1.08548,TARGET,0.0004,1.474999999999671,1.349999999999671,0.5899999999998684
N3_ANCHOR_REVERSION,NEUTRAL,LONG,2024-05-22 11:55:00+00:00,2024-05-22 12:00:00+00:00,2024-05-22 12:00:00+00:00,2024-05-22 12:45:00+00:00,1.0828200000000001,1.0824200000000002,1.08342,1.08341,TARGET,0.0004,1.474999999999671,1.349999999999671,0.5899999999998684
N3_ANCHOR_REVERSION,NEUTRAL,LONG,2024-05-22 18:05:00+00:00,2024-05-22 18:10:00+00:00,2024-05-22 18:10:00+00:00,2024-05-22 18:10:00+00:00,1.0834400000000002,1.0830400000000002,1.0840400000000001,1.0830300000000002,STOP,0.0004,-1.0250000000000536,-1.1500000000000536,-0.41000000000002146
N3_ANCHOR_REVERSION,NEUTRAL,LONG,2024-05-22 18:45:00+00:00,2024-05-22 18:50:00+00:00,2024-05-22 18:50:00+00:00,2024-05-22 18:50:00+00:00,1.08258,1.0821800000000001,1.08318,1.08217,STOP,0.0004,-1.0250000000000536,-1.1500000000000536,-0.41000000000002146
N3_ANCHOR_REVERSION,NEUTRAL,SHORT,2024-05-23 11:05:00+00:00,2024-05-23 11:10:00+00:00,2024-05-23 11:10:00+00:00,2024-05-23 11:45:00+00:00,1.08449,1.08489,1.08389,1.0849,STOP,0.0004,-1.0250000000000536,-1.1500000000000536,-0.41000000000002146
N3_ANCHOR_REVERSION,NEUTRAL,SHORT,2024-05-23 12:10:00+00:00,2024-05-23 12:15:00+00:00,2024-05-23 12:15:00+00:00,2024-05-23 12:50:00+00:00,1.08507,1.08547,1.08447,1.08548,STOP,0.0004,-1.0250000000000536,-1.1500000000000536,-0.41000000000002146
N3_ANCHOR_REVERSION,NEUTRAL,SHORT,2024-05-27 01:30:00+00:00,2024-05-27 01:35:00+00:00,2024-05-27 01:35:00+00:00,2024-05-27 09:20:00+00:00,1.0850499999999998,1.0854499999999998,1.08445,1.0854599999999999,STOP,0.0004,-1.0250000000000536,-1.1500000000000536,-0.41000000000002146
N3_ANCHOR_REVERSION,NEUTRAL,SHORT,2024-05-28 00:55:00+00:00,2024-05-28 01:00:00+00:00,2024-05-28 01:00:00+00:00,2024-05-28 01:15:00+00:00,1.08648,1.0868799999999998,1.08588,1.08689,STOP,0.0004,-1.0250000000000536,-1.1500000000000536,-0.41000000000002146
N3_ANCHOR_REVERSION,NEUTRAL,SHORT,2024-05-28 01:20:00+00:00,2024-05-28 01:25:00+00:00,2024-05-28 01:25:00+00:00,2024-05-28 01:45:00+00:00,1.08683,1.08723,1.08623,1.08724,STOP,0.0004,-1.0250000000000536,-1.1500000000000536,-0.41000000000002146
N3_ANCHOR_REVERSION,NEUTRAL,SHORT,2024-05-28 01:50:00+00:00,2024-05-28 01:55:00+00:00,2024-05-28 01:55:00+00:00,2024-05-28 02:20:00+00:00,1.0872199999999999,1.0876199999999998,1.08662,1.0876299999999999,STOP,0.0004,-1.0250000000000536,-1.1500000000000536,-0.41000000000002146
N3_ANCHOR_REVERSION,NEUTRAL,SHORT,2024-05-28 03:00:00+00:00,2024-05-28 03:05:00+00:00,2024-05-28 03:05:00+00:00,2024-05-28 03:35:00+00:00,1.0874599999999999,1.0878599999999998,1.08686,1.08787,STOP,0.0004,-1.0250000000000536,-1.1500000000000536,-0.41000000000002146
N3_ANCHOR_REVERSION,NEUTRAL,LONG,2024-05-29 00:10:00+00:00,2024-05-29 00:15:00+00:00,2024-05-29 00:15:00+00:00,2024-05-29 01:20:00+00:00,1.0849600000000001,1.0845600000000002,1.08556,1.08555,TARGET,0.0004,1.474999999999671,1.349999999999671,0.5899999999998684
N3_ANCHOR_REVERSION,NEUTRAL,LONG,2024-05-29 03:50:00+00:00,2024-05-29 03:55:00+00:00,2024-05-29 03:55:00+00:00,2024-05-29 04:10:00+00:00,1.0848900000000001,1.0844900000000002,1.08549,1.08448,STOP,0.0004,-1.0250000000000536,-1.1500000000000536,-0.41000000000002146
N3_ANCHOR_REVERSION,NEUTRAL,LONG,2024-05-29 05:30:00+00:00,2024-05-29 05:35:00+00:00,2024-05-29 05:35:00+00:00,2024-05-29 06:35:00+00:00,1.0847200000000001,1.0843200000000002,1.08532,1.08531,TARGET,0.0004,1.474999999999671,1.349999999999671,0.5899999999998684
N3_ANCHOR_REVERSION,NEUTRAL,SHORT,2024-05-29 06:55:00+00:00,2024-05-29 07:00:00+00:00,2024-05-29 07:00:00+00:00,2024-05-29 07:00:00+00:00,1.0852,1.0856,1.0846,1.08561,STOP,0.0004,-1.0250000000000536,-1.1500000000000536,-0.41000000000002146
N3_ANCHOR_REVERSION,NEUTRAL,SHORT,2024-05-31 14:10:00+00:00,2024-05-31 14:15:00+00:00,2024-05-31 14:15:00+00:00,2024-05-31 14:15:00+00:00,1.08723,1.0876299999999999,1.08663,1.08764,STOP,0.0004,-1.0250000000000536,-1.1500000000000536,-0.41000000000002146
N3_ANCHOR_REVERSION,NEUTRAL,LONG,2024-05-31 18:40:00+00:00,2024-05-31 18:45:00+00:00,2024-05-31 18:45:00+00:00,2024-05-31 18:45:00+00:00,1.0847200000000001,1.0843200000000002,1.08532,1.08431,STOP,0.0004,-1.0250000000000536,-1.1500000000000536,-0.41000000000002146
N3_ANCHOR_REVERSION,NEUTRAL,LONG,2024-05-31 19:00:00+00:00,2024-05-31 19:05:00+00:00,2024-05-31 19:05:00+00:00,2024-05-31 19:15:00+00:00,1.08453,1.08413,1.08513,1.08412,STOP,0.0004,-1.0250000000000536,-1.1500000000000536,-0.41000000000002146
N3_ANCHOR_REVERSION,NEUTRAL,LONG,2024-05-31 19:15:00+00:00,2024-05-31 19:20:00+00:00,2024-05-31 19:20:00+00:00,2024-05-31 19:50:00+00:00,1.0843200000000002,1.0839200000000002,1.08492,1.08491,TARGET,0.0004,1.474999999999671,1.349999999999671,0.5899999999998684
N3_ANCHOR_REVERSION,NEUTRAL,LONG,2024-06-07 16:20:00+00:00,2024-06-07 16:25:00+00:00,2024-06-07 16:25:00+00:00,2024-06-07 16:45:00+00:00,1.08087,1.08047,1.08147,1.08046,STOP,0.0004,-1.0250000000000536,-1.1500000000000536,-0.41000000000002146
N3_ANCHOR_REVERSION,NEUTRAL,LONG,2024-06-07 18:40:00+00:00,2024-06-07 18:45:00+00:00,2024-06-07 18:45:00+00:00,2024-06-07 19:10:00+00:00,1.0807300000000002,1.0803300000000002,1.0813300000000001,1.0803200000000002,STOP,0.0004,-1.0250000000000536,-1.1500000000000536,-0.41000000000002146
N3_ANCHOR_REVERSION,NEUTRAL,LONG,2024-06-07 19:50:00+00:00,2024-06-07 19:55:00+00:00,2024-06-07 19:55:00+00:00,2024-06-07 20:55:00+00:00,1.08026,1.07986,1.08086,1.08016,TIME_12H,0.0004,-0.24999999999997247,-0.37499999999997247,-0.09999999999998899
N3_ANCHOR_REVERSION,NEUTRAL,LONG,2024-06-09 21:30:00+00:00,2024-06-09 21:35:00+00:00,2024-06-09 21:35:00+00:00,2024-06-09 21:35:00+00:00,1.0778800000000002,1.0774800000000002,1.07848,1.0774700000000001,STOP,0.0004,-1.0250000000000536,-1.1500000000000536,-0.41000000000002146
N3_ANCHOR_REVERSION,NEUTRAL,LONG,2024-06-09 21:40:00+00:00,2024-06-09 21:45:00+00:00,2024-06-09 21:45:00+00:00,2024-06-09 21:50:00+00:00,1.07793,1.07753,1.07853,1.07752,STOP,0.0004,-1.0250000000000536,-1.1500000000000536,-0.41000000000002146
N3_ANCHOR_REVERSION,NEUTRAL,LONG,2024-06-09 22:00:00+00:00,2024-06-09 22:05:00+00:00,2024-06-09 22:05:00+00:00,2024-06-09 22:10:00+00:00,1.07768,1.07728,1.07828,1.07727,STOP,0.0004,-1.0250000000000536,-1.1500000000000536,-0.41000000000002146
N3_ANCHOR_REVERSION,NEUTRAL,LONG,2024-06-09 22:30:00+00:00,2024-06-09 22:35:00+00:00,2024-06-09 22:35:00+00:00,2024-06-10 00:05:00+00:00,1.0775100000000002,1.0771100000000002,1.0781100000000001,1.0781,TARGET,0.0004,1.474999999999671,1.349999999999671,0.5899999999998684
N3_ANCHOR_REVERSION,NEUTRAL,LONG,2024-06-10 00:30:00+00:00,2024-06-10 00:35:00+00:00,2024-06-10 00:35:00+00:00,2024-06-10 01:25:00+00:00,1.07775,1.07735,1.07835,1.07734,STOP,0.0004,-1.0250000000000536,-1.1500000000000536,-0.41000000000002146
N3_ANCHOR_REVERSION,NEUTRAL,LONG,2024-06-10 01:30:00+00:00,2024-06-10 01:35:00+00:00,2024-06-10 01:35:00+00:00,2024-06-10 02:05:00+00:00,1.07756,1.0771600000000001,1.07816,1.07715,STOP,0.0004,-1.0250000000000536,-1.1500000000000536,-0.41000000000002146
N3_ANCHOR_REVERSION,NEUTRAL,LONG,2024-06-12 21:15:00+00:00,2024-06-12 21:20:00+00:00,2024-06-12 21:20:00+00:00,2024-06-13 01:35:00+00:00,1.08122,1.0808200000000001,1.08182,1.08081,STOP,0.0004,-1.0250000000000536,-1.1500000000000536,-0.41000000000002146
N3_ANCHOR_REVERSION,NEUTRAL,LONG,2024-06-13 02:30:00+00:00,2024-06-13 02:35:00+00:00,2024-06-13 02:35:00+00:00,2024-06-13 04:35:00+00:00,1.0807600000000002,1.0803600000000002,1.08136,1.0803500000000001,STOP,0.0004,-1.0250000000000536,-1.1500000000000536,-0.41000000000002146
N3_ANCHOR_REVERSION,NEUTRAL,LONG,2024-06-13 05:20:00+00:00,2024-06-13 05:25:00+00:00,2024-06-13 05:25:00+00:00,2024-06-13 07:15:00+00:00,1.0803800000000001,1.0799800000000002,1.08098,1.08097,TARGET,0.0004,1.474999999999671,1.349999999999671,0.5899999999998684
N3_ANCHOR_REVERSION,NEUTRAL,SHORT,2024-06-13 08:00:00+00:00,2024-06-13 08:05:00+00:00,2024-06-13 08:05:00+00:00,2024-06-13 08:35:00+00:00,1.08125,1.08165,1.08065,1.0806600000000002,TARGET,0.0004,1.474999999999671,1.349999999999671,0.5899999999998684
N3_ANCHOR_REVERSION,NEUTRAL,LONG,2024-06-13 19:00:00+00:00,2024-06-13 19:05:00+00:00,2024-06-13 19:05:00+00:00,2024-06-13 20:55:00+00:00,1.07416,1.07376,1.07476,1.07375,STOP,0.0004,-1.0250000000000536,-1.1500000000000536,-0.41000000000002146
N3_ANCHOR_REVERSION,NEUTRAL,LONG,2024-06-14 00:25:00+00:00,2024-06-14 00:30:00+00:00,2024-06-14 00:30:00+00:00,2024-06-14 03:00:00+00:00,1.0737700000000001,1.0733700000000002,1.07437,1.07436,TARGET,0.0004,1.474999999999671,1.349999999999671,0.5899999999998684
N3_ANCHOR_REVERSION,NEUTRAL,SHORT,2024-06-14 03:15:00+00:00,2024-06-14 03:20:00+00:00,2024-06-14 03:20:00+00:00,2024-06-14 04:45:00+00:00,1.07426,1.07466,1.07366,1.0736700000000001,TARGET,0.0004,1.474999999999671,1.349999999999671,0.5899999999998684
N3_ANCHOR_REVERSION,NEUTRAL,LONG,2024-06-14 05:35:00+00:00,2024-06-14 05:40:00+00:00,2024-06-14 05:40:00+00:00,2024-06-14 05:45:00+00:00,1.0737400000000001,1.0733400000000002,1.07434,1.0733300000000001,STOP,0.0004,-1.0250000000000536,-1.1500000000000536,-0.41000000000002146
N3_ANCHOR_REVERSION,NEUTRAL,LONG,2024-06-14 06:05:00+00:00,2024-06-14 06:10:00+00:00,2024-06-14 06:10:00+00:00,2024-06-14 06:30:00+00:00,1.07294,1.07254,1.07354,1.07253,STOP,0.0004,-1.0250000000000536,-1.1500000000000536,-0.41000000000002146
N3_ANCHOR_REVERSION,NEUTRAL,SHORT,2024-06-17 18:30:00+00:00,2024-06-17 18:35:00+00:00,2024-06-17 18:35:00+00:00,2024-06-17 18:35:00+00:00,1.07311,1.07351,1.07251,1.07352,STOP,0.0004,-1.0250000000000536,-1.1500000000000536,-0.41000000000002146
N3_ANCHOR_REVERSION,NEUTRAL,SHORT,2024-06-17 18:55:00+00:00,2024-06-17 19:00:00+00:00,2024-06-17 19:00:00+00:00,2024-06-17 22:45:00+00:00,1.07361,1.07401,1.07301,1.07402,STOP,0.0004,-1.0250000000000536,-1.1500000000000536,-0.41000000000002146
N3_ANCHOR_REVERSION,NEUTRAL,SHORT,2024-06-17 22:50:00+00:00,2024-06-17 22:55:00+00:00,2024-06-17 22:55:00+00:00,2024-06-17 23:55:00+00:00,1.07377,1.0741699999999998,1.07317,1.07418,STOP,0.0004,-1.0250000000000536,-1.1500000000000536,-0.41000000000002146
N3_ANCHOR_REVERSION,NEUTRAL,SHORT,2024-06-17 23:55:00+00:00,2024-06-18 00:00:00+00:00,2024-06-18 00:00:00+00:00,2024-06-18 01:00:00+00:00,1.07399,1.07439,1.07339,1.0734000000000001,TARGET,0.0004,1.474999999999671,1.349999999999671,0.5899999999998684
N3_ANCHOR_REVERSION,NEUTRAL,LONG,2024-06-18 01:10:00+00:00,2024-06-18 01:15:00+00:00,2024-06-18 01:15:00+00:00,2024-06-18 01:40:00+00:00,1.0731600000000001,1.0727600000000002,1.07376,1.07275,STOP,0.0004,-1.0250000000000536,-1.1500000000000536,-0.41000000000002146
N3_ANCHOR_REVERSION,NEUTRAL,LONG,2024-06-18 02:00:00+00:00,2024-06-18 02:05:00+00:00,2024-06-18 02:05:00+00:00,2024-06-18 02:20:00+00:00,1.07288,1.07248,1.07348,1.07247,STOP,0.0004,-1.0250000000000536,-1.1500000000000536,-0.41000000000002146
N3_ANCHOR_REVERSION,NEUTRAL,LONG,2024-06-18 03:20:00+00:00,2024-06-18 03:25:00+00:00,2024-06-18 03:25:00+00:00,2024-06-18 05:30:00+00:00,1.0722900000000002,1.0718900000000002,1.0728900000000001,1.0718800000000002,STOP,0.0004,-1.0250000000000536,-1.1500000000000536,-0.41000000000002146
N3_ANCHOR_REVERSION,NEUTRAL,LONG,2024-06-19 01:15:00+00:00,2024-06-19 01:20:00+00:00,2024-06-19 01:20:00+00:00,2024-06-19 06:00:00+00:00,1.07376,1.07336,1.07436,1.07335,STOP,0.0004,-1.0250000000000536,-1.1500000000000536,-0.41000000000002146
N3_ANCHOR_REVERSION,NEUTRAL,LONG,2024-06-20 08:30:00+00:00,2024-06-20 08:35:00+00:00,2024-06-20 08:35:00+00:00,2024-06-20 08:45:00+00:00,1.07187,1.0714700000000001,1.07247,1.07146,STOP,0.0004,-1.0250000000000536,-1.1500000000000536,-0.41000000000002146
N3_ANCHOR_REVERSION,NEUTRAL,LONG,2024-06-20 08:45:00+00:00,2024-06-20 08:50:00+00:00,2024-06-20 08:50:00+00:00,2024-06-20 08:50:00+00:00,1.07187,1.0714700000000001,1.07247,1.07146,STOP,0.0004,-1.0250000000000536,-1.1500000000000536,-0.41000000000002146
N3_ANCHOR_REVERSION,NEUTRAL,LONG,2024-06-20 09:00:00+00:00,2024-06-20 09:05:00+00:00,2024-06-20 09:05:00+00:00,2024-06-20 09:25:00+00:00,1.07213,1.07173,1.07273,1.07172,STOP,0.0004,-1.0250000000000536,-1.1500000000000536,-0.41000000000002146
N3_ANCHOR_REVERSION,NEUTRAL,LONG,2024-06-20 15:15:00+00:00,2024-06-20 15:20:00+00:00,2024-06-20 15:20:00+00:00,2024-06-20 15:20:00+00:00,1.0719,1.0715000000000001,1.0725,1.07149,STOP,0.0004,-1.0250000000000536,-1.1500000000000536,-0.41000000000002146
N3_ANCHOR_REVERSION,NEUTRAL,LONG,2024-06-21 10:50:00+00:00,2024-06-21 10:55:00+00:00,2024-06-21 10:55:00+00:00,2024-06-21 11:20:00+00:00,1.06806,1.06766,1.06866,1.0686499999999999,TARGET,0.0004,1.474999999999671,1.349999999999671,0.5899999999998684
N3_ANCHOR_REVERSION,NEUTRAL,SHORT,2024-06-24 12:00:00+00:00,2024-06-24 12:05:00+00:00,2024-06-24 12:05:00+00:00,2024-06-24 12:55:00+00:00,1.07313,1.0735299999999999,1.07253,1.07354,STOP,0.0004,-1.0250000000000536,-1.1500000000000536,-0.41000000000002146
N3_ANCHOR_REVERSION,NEUTRAL,SHORT,2024-06-24 13:15:00+00:00,2024-06-24 13:20:00+00:00,2024-06-24 13:20:00+00:00,2024-06-24 13:25:00+00:00,1.07371,1.07411,1.07311,1.07412,STOP,0.0004,-1.0250000000000536,-1.1500000000000536,-0.41000000000002146
N3_ANCHOR_REVERSION,NEUTRAL,SHORT,2024-06-24 13:30:00+00:00,2024-06-24 13:35:00+00:00,2024-06-24 13:35:00+00:00,2024-06-24 13:45:00+00:00,1.07372,1.07412,1.07312,1.07413,STOP,0.0004,-1.0250000000000536,-1.1500000000000536,-0.41000000000002146
N3_ANCHOR_REVERSION,NEUTRAL,SHORT,2024-06-24 18:55:00+00:00,2024-06-24 19:00:00+00:00,2024-06-24 19:00:00+00:00,2024-06-25 03:10:00+00:00,1.07354,1.07394,1.07294,1.07395,STOP,0.0004,-1.0250000000000536,-1.1500000000000536,-0.41000000000002146
N3_ANCHOR_REVERSION,NEUTRAL,LONG,2024-06-25 12:10:00+00:00,2024-06-25 12:15:00+00:00,2024-06-25 12:15:00+00:00,2024-06-25 12:25:00+00:00,1.0715400000000002,1.0711400000000002,1.07214,1.0711300000000001,STOP,0.0004,-1.0250000000000536,-1.1500000000000536,-0.41000000000002146
N3_ANCHOR_REVERSION,NEUTRAL,LONG,2024-06-25 12:35:00+00:00,2024-06-25 12:40:00+00:00,2024-06-25 12:40:00+00:00,2024-06-25 12:45:00+00:00,1.07102,1.0706200000000001,1.07162,1.07061,STOP,0.0004,-1.0250000000000536,-1.1500000000000536,-0.41000000000002146
N3_ANCHOR_REVERSION,NEUTRAL,LONG,2024-06-25 14:10:00+00:00,2024-06-25 14:15:00+00:00,2024-06-25 14:15:00+00:00,2024-06-25 15:00:00+00:00,1.06958,1.06918,1.07018,1.0701699999999998,TARGET,0.0004,1.474999999999671,1.349999999999671,0.5899999999998684
N3_ANCHOR_REVERSION,NEUTRAL,SHORT,2024-06-25 18:35:00+00:00,2024-06-25 18:40:00+00:00,2024-06-25 18:40:00+00:00,2024-06-25 23:55:00+00:00,1.07159,1.07199,1.07099,1.0710000000000002,TARGET,0.0004,1.474999999999671,1.349999999999671,0.5899999999998684
N3_ANCHOR_REVERSION,NEUTRAL,LONG,2024-06-26 00:15:00+00:00,2024-06-26 00:20:00+00:00,2024-06-26 00:20:00+00:00,2024-06-26 01:15:00+00:00,1.0709000000000002,1.0705000000000002,1.0715000000000001,1.07149,TARGET,0.0004,1.474999999999671,1.349999999999671,0.5899999999998684
N3_ANCHOR_REVERSION,NEUTRAL,SHORT,2024-06-26 01:25:00+00:00,2024-06-26 01:30:00+00:00,2024-06-26 01:30:00+00:00,2024-06-26 02:00:00+00:00,1.07134,1.07174,1.07074,1.07175,STOP,0.0004,-1.0250000000000536,-1.1500000000000536,-0.41000000000002146
N3_ANCHOR_REVERSION,NEUTRAL,LONG,2024-06-26 11:30:00+00:00,2024-06-26 11:35:00+00:00,2024-06-26 11:35:00+00:00,2024-06-26 11:55:00+00:00,1.0683,1.0679,1.0689,1.06889,TARGET,0.0004,1.474999999999671,1.349999999999671,0.5899999999998684
N3_ANCHOR_REVERSION,NEUTRAL,SHORT,2024-07-01 07:00:00+00:00,2024-07-01 07:05:00+00:00,2024-07-01 07:05:00+00:00,2024-07-01 07:10:00+00:00,1.0767499999999999,1.0771499999999998,1.07615,1.07716,STOP,0.0004,-1.0250000000000536,-1.1500000000000536,-0.41000000000002146
N3_ANCHOR_REVERSION,NEUTRAL,LONG,2024-07-01 10:15:00+00:00,2024-07-01 10:20:00+00:00,2024-07-01 10:20:00+00:00,2024-07-01 10:45:00+00:00,1.07519,1.0747900000000001,1.07579,1.07478,STOP,0.0004,-1.0250000000000536,-1.1500000000000536,-0.41000000000002146
N3_ANCHOR_REVERSION,NEUTRAL,SHORT,2024-07-01 19:35:00+00:00,2024-07-01 19:40:00+00:00,2024-07-01 19:40:00+00:00,2024-07-01 20:00:00+00:00,1.07361,1.07401,1.07301,1.07402,STOP,0.0004,-1.0250000000000536,-1.1500000000000536,-0.41000000000002146
N3_ANCHOR_REVERSION,NEUTRAL,SHORT,2024-07-02 18:25:00+00:00,2024-07-02 18:30:00+00:00,2024-07-02 18:30:00+00:00,2024-07-02 19:10:00+00:00,1.07409,1.07449,1.07349,1.0745,STOP,0.0004,-1.0250000000000536,-1.1500000000000536,-0.41000000000002146
N3_ANCHOR_REVERSION,NEUTRAL,SHORT,2024-07-02 19:30:00+00:00,2024-07-02 19:35:00+00:00,2024-07-02 19:35:00+00:00,2024-07-02 22:00:00+00:00,1.07452,1.0749199999999999,1.07392,1.07493,STOP,0.0004,-1.0250000000000536,-1.1500000000000536,-0.41000000000002146
N3_ANCHOR_REVERSION,NEUTRAL,SHORT,2024-07-02 23:00:00+00:00,2024-07-02 23:05:00+00:00,2024-07-02 23:05:00+00:00,2024-07-03 00:05:00+00:00,1.0747499999999999,1.0751499999999998,1.07415,1.07516,STOP,0.0004,-1.0250000000000536,-1.1500000000000536,-0.41000000000002146
N3_ANCHOR_REVERSION,NEUTRAL,SHORT,2024-07-03 00:10:00+00:00,2024-07-03 00:15:00+00:00,2024-07-03 00:15:00+00:00,2024-07-03 01:20:00+00:00,1.0751,1.0755,1.0745,1.07451,TARGET,0.0004,1.474999999999671,1.349999999999671,0.5899999999998684
N3_ANCHOR_REVERSION,NEUTRAL,LONG,2024-07-03 02:00:00+00:00,2024-07-03 02:05:00+00:00,2024-07-03 02:05:00+00:00,2024-07-03 05:05:00+00:00,1.0744200000000002,1.0740200000000002,1.07502,1.0740100000000001,STOP,0.0004,-1.0250000000000536,-1.1500000000000536,-0.41000000000002146
N3_ANCHOR_REVERSION,NEUTRAL,LONG,2024-07-03 05:25:00+00:00,2024-07-03 05:30:00+00:00,2024-07-03 05:30:00+00:00,2024-07-03 06:55:00+00:00,1.07385,1.07345,1.07445,1.0744399999999998,TARGET,0.0004,1.474999999999671,1.349999999999671,0.5899999999998684
N3_ANCHOR_REVERSION,NEUTRAL,LONG,2024-07-03 18:30:00+00:00,2024-07-03 18:35:00+00:00,2024-07-03 18:35:00+00:00,2024-07-03 20:45:00+00:00,1.0782100000000001,1.0778100000000002,1.07881,1.0788,TARGET,0.0004,1.474999999999671,1.349999999999671,0.5899999999998684
N3_ANCHOR_REVERSION,NEUTRAL,SHORT,2024-07-04 00:05:00+00:00,2024-07-04 00:10:00+00:00,2024-07-04 00:10:00+00:00,2024-07-04 01:05:00+00:00,1.07914,1.07954,1.07854,1.07955,STOP,0.0004,-1.0250000000000536,-1.1500000000000536,-0.41000000000002146
N3_ANCHOR_REVERSION,NEUTRAL,SHORT,2024-07-04 01:05:00+00:00,2024-07-04 01:10:00+00:00,2024-07-04 01:10:00+00:00,2024-07-04 03:00:00+00:00,1.0792899999999999,1.0796899999999998,1.07869,1.0787,TARGET,0.0004,1.474999999999671,1.349999999999671,0.5899999999998684
N3_ANCHOR_REVERSION,NEUTRAL,LONG,2024-07-04 04:00:00+00:00,2024-07-04 04:05:00+00:00,2024-07-04 04:05:00+00:00,2024-07-04 06:40:00+00:00,1.0786600000000002,1.0782600000000002,1.07926,1.07925,TARGET,0.0004,1.474999999999671,1.349999999999671,0.5899999999998684
N3_ANCHOR_REVERSION,NEUTRAL,SHORT,2024-07-04 17:00:00+00:00,2024-07-04 17:05:00+00:00,2024-07-04 17:05:00+00:00,2024-07-04 21:00:00+00:00,1.0811,1.0815,1.0805,1.08151,STOP,0.0004,-1.0250000000000536,-1.1500000000000536,-0.41000000000002146
N3_ANCHOR_REVERSION,NEUTRAL,SHORT,2024-07-05 00:45:00+00:00,2024-07-05 00:50:00+00:00,2024-07-05 00:50:00+00:00,2024-07-05 03:00:00+00:00,1.0816599999999998,1.0820599999999998,1.08106,1.0820699999999999,STOP,0.0004,-1.0250000000000536,-1.1500000000000536,-0.41000000000002146
N3_ANCHOR_REVERSION,NEUTRAL,SHORT,2024-07-05 08:05:00+00:00,2024-07-05 08:10:00+00:00,2024-07-05 08:10:00+00:00,2024-07-05 08:40:00+00:00,1.0826399999999998,1.0830399999999998,1.08204,1.0830499999999998,STOP,0.0004,-1.0250000000000536,-1.1500000000000536,-0.41000000000002146
N3_ANCHOR_REVERSION,NEUTRAL,SHORT,2024-07-25 17:20:00+00:00,2024-07-25 17:25:00+00:00,2024-07-25 17:25:00+00:00,2024-07-25 17:50:00+00:00,1.08613,1.08653,1.08553,1.0855400000000002,TARGET,0.0004,1.474999999999671,1.349999999999671,0.5899999999998684
N3_ANCHOR_REVERSION,NEUTRAL,LONG,2024-07-25 22:00:00+00:00,2024-07-25 22:05:00+00:00,2024-07-25 22:05:00+00:00,2024-07-26 00:00:00+00:00,1.0847,1.0843,1.0853,1.0852899999999999,TARGET,0.0004,1.474999999999671,1.349999999999671,0.5899999999998684
N3_ANCHOR_REVERSION,NEUTRAL,SHORT,2024-07-26 00:10:00+00:00,2024-07-26 00:15:00+00:00,2024-07-26 00:15:00+00:00,2024-07-26 01:40:00+00:00,1.0853599999999999,1.0857599999999998,1.08476,1.08577,STOP,0.0004,-1.0250000000000536,-1.1500000000000536,-0.41000000000002146
N3_ANCHOR_REVERSION,NEUTRAL,LONG,2024-07-29 13:20:00+00:00,2024-07-29 13:25:00+00:00,2024-07-29 13:25:00+00:00,2024-07-29 14:20:00+00:00,1.08139,1.0809900000000001,1.08199,1.08098,STOP,0.0004,-1.0250000000000536,-1.1500000000000536,-0.41000000000002146
N3_ANCHOR_REVERSION,NEUTRAL,LONG,2024-07-29 14:50:00+00:00,2024-07-29 14:55:00+00:00,2024-07-29 14:55:00+00:00,2024-07-29 15:00:00+00:00,1.08125,1.08085,1.08185,1.08184,TARGET,0.0004,1.474999999999671,1.349999999999671,0.5899999999998684
N3_ANCHOR_REVERSION,NEUTRAL,SHORT,2024-07-29 17:50:00+00:00,2024-07-29 17:55:00+00:00,2024-07-29 17:55:00+00:00,2024-07-30 00:00:00+00:00,1.08246,1.08286,1.08186,1.08187,TARGET,0.0004,1.474999999999671,1.349999999999671,0.5899999999998684
N3_ANCHOR_REVERSION,NEUTRAL,LONG,2024-07-30 00:25:00+00:00,2024-07-30 00:30:00+00:00,2024-07-30 00:30:00+00:00,2024-07-30 04:05:00+00:00,1.0817700000000001,1.0813700000000002,1.08237,1.08236,TARGET,0.0004,1.474999999999671,1.349999999999671,0.5899999999998684
N3_ANCHOR_REVERSION,NEUTRAL,LONG,2024-07-30 14:20:00+00:00,2024-07-30 14:25:00+00:00,2024-07-30 14:25:00+00:00,2024-07-30 14:25:00+00:00,1.0806900000000002,1.0802900000000002,1.08129,1.0802800000000001,STOP,0.0004,-1.0250000000000536,-1.1500000000000536,-0.41000000000002146
N3_ANCHOR_REVERSION,NEUTRAL,LONG,2024-07-30 14:30:00+00:00,2024-07-30 14:35:00+00:00,2024-07-30 14:35:00+00:00,2024-07-30 14:35:00+00:00,1.08074,1.08034,1.08134,1.08033,STOP,0.0004,-1.0250000000000536,-1.1500000000000536,-0.41000000000002146
N3_ANCHOR_REVERSION,NEUTRAL,SHORT,2024-07-30 23:15:00+00:00,2024-07-30 23:20:00+00:00,2024-07-30 23:20:00+00:00,2024-07-31 00:30:00+00:00,1.08154,1.08194,1.08094,1.08195,STOP,0.0004,-1.0250000000000536,-1.1500000000000536,-0.41000000000002146
N3_ANCHOR_REVERSION,NEUTRAL,SHORT,2024-07-31 01:15:00+00:00,2024-07-31 01:20:00+00:00,2024-07-31 01:20:00+00:00,2024-07-31 02:05:00+00:00,1.08211,1.0825099999999999,1.08151,1.08252,STOP,0.0004,-1.0250000000000536,-1.1500000000000536,-0.41000000000002146
N3_ANCHOR_REVERSION,NEUTRAL,SHORT,2024-07-31 02:10:00+00:00,2024-07-31 02:15:00+00:00,2024-07-31 02:15:00+00:00,2024-07-31 02:20:00+00:00,1.08218,1.0825799999999999,1.08158,1.08259,STOP,0.0004,-1.0250000000000536,-1.1500000000000536,-0.41000000000002146
N3_ANCHOR_REVERSION,NEUTRAL,LONG,2024-07-31 06:05:00+00:00,2024-07-31 06:10:00+00:00,2024-07-31 06:10:00+00:00,2024-07-31 06:35:00+00:00,1.0820800000000002,1.0816800000000002,1.08268,1.0816700000000001,STOP,0.0004,-1.0250000000000536,-1.1500000000000536,-0.41000000000002146
N3_ANCHOR_REVERSION,NEUTRAL,SHORT,2024-07-31 11:20:00+00:00,2024-07-31 11:25:00+00:00,2024-07-31 11:25:00+00:00,2024-07-31 11:35:00+00:00,1.0836299999999999,1.0840299999999998,1.08303,1.08404,STOP,0.0004,-1.0250000000000536,-1.1500000000000536,-0.41000000000002146
N3_ANCHOR_REVERSION,NEUTRAL,SHORT,2024-08-01 01:40:00+00:00,2024-08-01 01:45:00+00:00,2024-08-01 01:45:00+00:00,2024-08-01 02:00:00+00:00,1.0832,1.0836,1.0826,1.08261,TARGET,0.0004,1.474999999999671,1.349999999999671,0.5899999999998684
N3_ANCHOR_REVERSION,NEUTRAL,SHORT,2024-08-01 04:20:00+00:00,2024-08-01 04:25:00+00:00,2024-08-01 04:25:00+00:00,2024-08-01 04:55:00+00:00,1.0833,1.0836999999999999,1.0827,1.08271,TARGET,0.0004,1.474999999999671,1.349999999999671,0.5899999999998684
N3_ANCHOR_REVERSION,NEUTRAL,LONG,2024-08-01 06:15:00+00:00,2024-08-01 06:20:00+00:00,2024-08-01 06:20:00+00:00,2024-08-01 06:25:00+00:00,1.0824,1.082,1.083,1.08199,STOP,0.0004,-1.0250000000000536,-1.1500000000000536,-0.41000000000002146
N3_ANCHOR_REVERSION,NEUTRAL,LONG,2024-08-01 06:40:00+00:00,2024-08-01 06:45:00+00:00,2024-08-01 06:45:00+00:00,2024-08-01 07:10:00+00:00,1.08149,1.08109,1.08209,1.08108,STOP,0.0004,-1.0250000000000536,-1.1500000000000536,-0.41000000000002146
N3_ANCHOR_REVERSION,NEUTRAL,SHORT,2024-08-02 10:05:00+00:00,2024-08-02 10:10:00+00:00,2024-08-02 10:10:00+00:00,2024-08-02 10:15:00+00:00,1.0817599999999998,1.0821599999999998,1.08116,1.0821699999999999,STOP,0.0004,-1.0250000000000536,-1.1500000000000536,-0.41000000000002146
N3_ANCHOR_REVERSION,NEUTRAL,SHORT,2024-08-02 11:15:00+00:00,2024-08-02 11:20:00+00:00,2024-08-02 11:20:00+00:00,2024-08-02 11:20:00+00:00,1.08286,1.08326,1.08226,1.08327,STOP,0.0004,-1.0250000000000536,-1.1500000000000536,-0.41000000000002146
N3_ANCHOR_REVERSION,NEUTRAL,SHORT,2024-08-02 11:30:00+00:00,2024-08-02 11:35:00+00:00,2024-08-02 11:35:00+00:00,2024-08-02 12:30:00+00:00,1.08341,1.08381,1.08281,1.08382,STOP,0.0004,-1.0250000000000536,-1.1500000000000536,-0.41000000000002146
N3_ANCHOR_REVERSION,NEUTRAL,SHORT,2024-08-02 12:35:00+00:00,2024-08-02 12:40:00+00:00,2024-08-02 12:40:00+00:00,2024-08-02 12:40:00+00:00,1.08496,1.0853599999999999,1.08436,1.08537,STOP,0.0004,-1.0250000000000536,-1.1500000000000536,-0.41000000000002146
N3_ANCHOR_REVERSION,NEUTRAL,SHORT,2024-08-08 23:00:00+00:00,2024-08-08 23:05:00+00:00,2024-08-08 23:05:00+00:00,2024-08-09 00:45:00+00:00,1.09181,1.09221,1.09121,1.09122,TARGET,0.0004,1.474999999999671,1.349999999999671,0.5899999999998684
N3_ANCHOR_REVERSION,NEUTRAL,SHORT,2024-08-09 02:35:00+00:00,2024-08-09 02:40:00+00:00,2024-08-09 02:40:00+00:00,2024-08-09 02:45:00+00:00,1.0920999999999998,1.0924999999999998,1.0915,1.0925099999999999,STOP,0.0004,-1.0250000000000536,-1.1500000000000536,-0.41000000000002146
N3_ANCHOR_REVERSION,NEUTRAL,SHORT,2024-08-09 02:55:00+00:00,2024-08-09 03:00:00+00:00,2024-08-09 03:00:00+00:00,2024-08-09 06:15:00+00:00,1.0920999999999998,1.0924999999999998,1.0915,1.0925099999999999,STOP,0.0004,-1.0250000000000536,-1.1500000000000536,-0.41000000000002146
N3_ANCHOR_REVERSION,NEUTRAL,SHORT,2024-08-27 20:55:00+00:00,2024-08-27 21:00:00+00:00,2024-08-27 21:00:00+00:00,2024-08-27 23:50:00+00:00,1.1183299999999998,1.1187299999999998,1.11773,1.11774,TARGET,0.0004,1.474999999999671,1.349999999999671,0.5899999999998684
N3_ANCHOR_REVERSION,NEUTRAL,LONG,2024-08-28 00:15:00+00:00,2024-08-28 00:20:00+00:00,2024-08-28 00:20:00+00:00,2024-08-28 01:30:00+00:00,1.1178000000000001,1.1174000000000002,1.1184,1.11739,STOP,0.0004,-1.0250000000000536,-1.1500000000000536,-0.41000000000002146
N3_ANCHOR_REVERSION,NEUTRAL,LONG,2024-08-28 01:55:00+00:00,2024-08-28 02:00:00+00:00,2024-08-28 02:00:00+00:00,2024-08-28 02:30:00+00:00,1.1174600000000001,1.1170600000000002,1.11806,1.11705,STOP,0.0004,-1.0250000000000536,-1.1500000000000536,-0.41000000000002146
N3_ANCHOR_REVERSION,NEUTRAL,LONG,2024-08-28 02:35:00+00:00,2024-08-28 02:40:00+00:00,2024-08-28 02:40:00+00:00,2024-08-28 02:50:00+00:00,1.11741,1.11701,1.11801,1.117,STOP,0.0004,-1.0250000000000536,-1.1500000000000536,-0.41000000000002146
N3_ANCHOR_REVERSION,NEUTRAL,LONG,2024-08-28 03:00:00+00:00,2024-08-28 03:05:00+00:00,2024-08-28 03:05:00+00:00,2024-08-28 03:05:00+00:00,1.11697,1.11657,1.11757,1.11656,STOP,0.0004,-1.0250000000000536,-1.1500000000000536,-0.41000000000002146
N3_ANCHOR_REVERSION,NEUTRAL,LONG,2024-08-29 12:10:00+00:00,2024-08-29 12:15:00+00:00,2024-08-29 12:15:00+00:00,2024-08-29 12:15:00+00:00,1.10935,1.10895,1.10995,1.10894,STOP,0.0004,-1.0250000000000536,-1.1500000000000536,-0.41000000000002146
N3_ANCHOR_REVERSION,NEUTRAL,LONG,2024-08-29 12:50:00+00:00,2024-08-29 12:55:00+00:00,2024-08-29 12:55:00+00:00,2024-08-29 13:00:00+00:00,1.10849,1.10809,1.10909,1.10808,STOP,0.0004,-1.0250000000000536,-1.1500000000000536,-0.41000000000002146
N3_ANCHOR_REVERSION,NEUTRAL,SHORT,2024-08-29 23:25:00+00:00,2024-08-29 23:30:00+00:00,2024-08-29 23:30:00+00:00,2024-08-30 01:55:00+00:00,1.1080699999999999,1.1084699999999998,1.10747,1.10748,TARGET,0.0004,1.474999999999671,1.349999999999671,0.5899999999998684
N3_ANCHOR_REVERSION,NEUTRAL,LONG,2024-08-30 02:05:00+00:00,2024-08-30 02:10:00+00:00,2024-08-30 02:10:00+00:00,2024-08-30 06:45:00+00:00,1.10734,1.10694,1.10794,1.1079299999999999,TARGET,0.0004,1.474999999999671,1.349999999999671,0.5899999999998684
N3_ANCHOR_REVERSION,NEUTRAL,SHORT,2024-09-04 01:50:00+00:00,2024-09-04 01:55:00+00:00,2024-09-04 01:55:00+00:00,2024-09-04 04:55:00+00:00,1.1053499999999998,1.1057499999999998,1.10475,1.1057599999999999,STOP,0.0004,-1.0250000000000536,-1.1500000000000536,-0.41000000000002146
N3_ANCHOR_REVERSION,NEUTRAL,SHORT,2024-09-04 23:00:00+00:00,2024-09-04 23:05:00+00:00,2024-09-04 23:05:00+00:00,2024-09-05 00:30:00+00:00,1.10835,1.10875,1.10775,1.10776,TARGET,0.0004,1.474999999999671,1.349999999999671,0.5899999999998684
N3_ANCHOR_REVERSION,NEUTRAL,LONG,2024-09-05 00:35:00+00:00,2024-09-05 00:40:00+00:00,2024-09-05 00:40:00+00:00,2024-09-05 01:20:00+00:00,1.10792,1.10752,1.10852,1.1085099999999999,TARGET,0.0004,1.474999999999671,1.349999999999671,0.5899999999998684
N3_ANCHOR_REVERSION,NEUTRAL,LONG,2024-09-05 03:40:00+00:00,2024-09-05 03:45:00+00:00,2024-09-05 03:45:00+00:00,2024-09-05 06:10:00+00:00,1.10778,1.10738,1.10838,1.1083699999999999,TARGET,0.0004,1.474999999999671,1.349999999999671,0.5899999999998684
N3_ANCHOR_REVERSION,NEUTRAL,SHORT,2024-09-09 17:30:00+00:00,2024-09-09 17:35:00+00:00,2024-09-09 17:35:00+00:00,2024-09-09 18:05:00+00:00,1.10499,1.1053899999999999,1.10439,1.1044,TARGET,0.0004,1.474999999999671,1.349999999999671,0.5899999999998684
N3_ANCHOR_REVERSION,NEUTRAL,SHORT,2024-09-11 05:40:00+00:00,2024-09-11 05:45:00+00:00,2024-09-11 05:45:00+00:00,2024-09-11 07:00:00+00:00,1.10463,1.10503,1.10403,1.10504,STOP,0.0004,-1.0250000000000536,-1.1500000000000536,-0.41000000000002146
N3_ANCHOR_REVERSION,NEUTRAL,SHORT,2024-09-11 11:25:00+00:00,2024-09-11 11:30:00+00:00,2024-09-11 11:30:00+00:00,2024-09-11 11:55:00+00:00,1.1052199999999999,1.1056199999999998,1.10462,1.10463,TARGET,0.0004,1.474999999999671,1.349999999999671,0.5899999999998684
N3_ANCHOR_REVERSION,NEUTRAL,LONG,2024-09-11 12:45:00+00:00,2024-09-11 12:50:00+00:00,2024-09-11 12:50:00+00:00,2024-09-11 12:50:00+00:00,1.10117,1.10077,1.10177,1.10076,STOP,0.0004,-1.0250000000000536,-1.1500000000000536,-0.41000000000002146
N3_ANCHOR_REVERSION,NEUTRAL,SHORT,2024-09-11 19:25:00+00:00,2024-09-11 19:30:00+00:00,2024-09-11 19:30:00+00:00,2024-09-11 19:40:00+00:00,1.10243,1.10283,1.10183,1.1018400000000002,TARGET,0.0004,1.474999999999671,1.349999999999671,0.5899999999998684
N3_ANCHOR_REVERSION,NEUTRAL,LONG,2024-09-12 00:25:00+00:00,2024-09-12 00:30:00+00:00,2024-09-12 00:30:00+00:00,2024-09-12 04:05:00+00:00,1.1009,1.1005,1.1015,1.1014899999999999,TARGET,0.0004,1.474999999999671,1.349999999999671,0.5899999999998684
N3_ANCHOR_REVERSION,NEUTRAL,SHORT,2024-09-12 17:10:00+00:00,2024-09-12 17:15:00+00:00,2024-09-12 17:15:00+00:00,2024-09-12 17:55:00+00:00,1.10465,1.1050499999999999,1.10405,1.10506,STOP,0.0004,-1.0250000000000536,-1.1500000000000536,-0.41000000000002146
N3_ANCHOR_REVERSION,NEUTRAL,SHORT,2024-09-12 18:00:00+00:00,2024-09-12 18:05:00+00:00,2024-09-12 18:05:00+00:00,2024-09-12 18:10:00+00:00,1.1052,1.1056,1.1046,1.10561,STOP,0.0004,-1.0250000000000536,-1.1500000000000536,-0.41000000000002146
N3_ANCHOR_REVERSION,NEUTRAL,SHORT,2024-09-12 18:50:00+00:00,2024-09-12 18:55:00+00:00,2024-09-12 18:55:00+00:00,2024-09-12 18:55:00+00:00,1.10588,1.10628,1.10528,1.10629,STOP,0.0004,-1.0250000000000536,-1.1500000000000536,-0.41000000000002146
N3_ANCHOR_REVERSION,NEUTRAL,SHORT,2024-09-13 00:00:00+00:00,2024-09-13 00:05:00+00:00,2024-09-13 00:05:00+00:00,2024-09-13 00:10:00+00:00,1.10777,1.1081699999999999,1.10717,1.10818,STOP,0.0004,-1.0250000000000536,-1.1500000000000536,-0.41000000000002146
N3_ANCHOR_REVERSION,NEUTRAL,SHORT,2024-09-13 00:45:00+00:00,2024-09-13 00:50:00+00:00,2024-09-13 00:50:00+00:00,2024-09-13 01:00:00+00:00,1.10848,1.1088799999999999,1.10788,1.10889,STOP,0.0004,-1.0250000000000536,-1.1500000000000536,-0.41000000000002146
N3_ANCHOR_REVERSION,NEUTRAL,LONG,2024-09-18 23:35:00+00:00,2024-09-18 23:40:00+00:00,2024-09-18 23:40:00+00:00,2024-09-19 00:05:00+00:00,1.1114300000000001,1.1110300000000002,1.11203,1.1110200000000001,STOP,0.0004,-1.0250000000000536,-1.1500000000000536,-0.41000000000002146
N3_ANCHOR_REVERSION,NEUTRAL,LONG,2024-09-19 00:10:00+00:00,2024-09-19 00:15:00+00:00,2024-09-19 00:15:00+00:00,2024-09-19 00:15:00+00:00,1.11112,1.1107200000000002,1.11172,1.11071,STOP,0.0004,-1.0250000000000536,-1.1500000000000536,-0.41000000000002146
N3_ANCHOR_REVERSION,NEUTRAL,SHORT,2024-09-19 04:00:00+00:00,2024-09-19 04:05:00+00:00,2024-09-19 04:05:00+00:00,2024-09-19 04:50:00+00:00,1.1116899999999998,1.1120899999999998,1.11109,1.1120999999999999,STOP,0.0004,-1.0250000000000536,-1.1500000000000536,-0.41000000000002146
N3_ANCHOR_REVERSION,NEUTRAL,SHORT,2024-09-19 07:55:00+00:00,2024-09-19 08:00:00+00:00,2024-09-19 08:00:00+00:00,2024-09-19 08:00:00+00:00,1.11456,1.11496,1.11396,1.11497,STOP,0.0004,-1.0250000000000536,-1.1500000000000536,-0.41000000000002146
N3_ANCHOR_REVERSION,NEUTRAL,SHORT,2024-09-19 10:05:00+00:00,2024-09-19 10:10:00+00:00,2024-09-19 10:10:00+00:00,2024-09-19 10:10:00+00:00,1.1169799999999999,1.1173799999999998,1.11638,1.1173899999999999,STOP,0.0004,-1.0250000000000536,-1.1500000000000536,-0.41000000000002146
N3_ANCHOR_REVERSION,NEUTRAL,LONG,2024-09-20 00:10:00+00:00,2024-09-20 00:15:00+00:00,2024-09-20 00:15:00+00:00,2024-09-20 03:00:00+00:00,1.1159400000000002,1.1155400000000002,1.11654,1.11653,TARGET,0.0004,1.474999999999671,1.349999999999671,0.5899999999998684
N3_ANCHOR_REVERSION,NEUTRAL,LONG,2024-09-20 15:30:00+00:00,2024-09-20 15:35:00+00:00,2024-09-20 15:35:00+00:00,2024-09-20 15:35:00+00:00,1.11427,1.1138700000000001,1.11487,1.11486,TARGET,0.0004,1.474999999999671,1.349999999999671,0.5899999999998684
N3_ANCHOR_REVERSION,NEUTRAL,LONG,2024-09-23 00:25:00+00:00,2024-09-23 00:30:00+00:00,2024-09-23 00:30:00+00:00,2024-09-23 05:40:00+00:00,1.1159100000000002,1.1155100000000002,1.1165100000000001,1.1165,TARGET,0.0004,1.474999999999671,1.349999999999671,0.5899999999998684
N3_ANCHOR_REVERSION,NEUTRAL,SHORT,2024-09-23 11:50:00+00:00,2024-09-23 11:55:00+00:00,2024-09-23 11:55:00+00:00,2024-09-23 12:10:00+00:00,1.11229,1.11269,1.11169,1.1117000000000001,TARGET,0.0004,1.474999999999671,1.349999999999671,0.5899999999998684
N3_ANCHOR_REVERSION,NEUTRAL,SHORT,2024-09-23 13:10:00+00:00,2024-09-23 13:15:00+00:00,2024-09-23 13:15:00+00:00,2024-09-23 13:15:00+00:00,1.11269,1.11309,1.11209,1.1131,STOP,0.0004,-1.0250000000000536,-1.1500000000000536,-0.41000000000002146
N3_ANCHOR_REVERSION,NEUTRAL,SHORT,2024-09-23 13:40:00+00:00,2024-09-23 13:45:00+00:00,2024-09-23 13:45:00+00:00,2024-09-23 13:45:00+00:00,1.11313,1.11353,1.11253,1.11354,STOP,0.0004,-1.0250000000000536,-1.1500000000000536,-0.41000000000002146
N3_ANCHOR_REVERSION,NEUTRAL,LONG,2024-09-24 00:35:00+00:00,2024-09-24 00:40:00+00:00,2024-09-24 00:40:00+00:00,2024-09-24 00:55:00+00:00,1.11083,1.11043,1.11143,1.11042,STOP,0.0004,-1.0250000000000536,-1.1500000000000536,-0.41000000000002146
N3_ANCHOR_REVERSION,NEUTRAL,SHORT,2024-09-24 12:20:00+00:00,2024-09-24 12:25:00+00:00,2024-09-24 12:25:00+00:00,2024-09-24 12:35:00+00:00,1.11368,1.11408,1.11308,1.11409,STOP,0.0004,-1.0250000000000536,-1.1500000000000536,-0.41000000000002146
N3_ANCHOR_REVERSION,NEUTRAL,SHORT,2024-09-24 12:40:00+00:00,2024-09-24 12:45:00+00:00,2024-09-24 12:45:00+00:00,2024-09-24 13:10:00+00:00,1.1143699999999999,1.1147699999999998,1.11377,1.11378,TARGET,0.0004,1.474999999999671,1.349999999999671,0.5899999999998684
N3_ANCHOR_REVERSION,NEUTRAL,SHORT,2024-09-24 14:30:00+00:00,2024-09-24 14:35:00+00:00,2024-09-24 14:35:00+00:00,2024-09-24 14:35:00+00:00,1.11538,1.11578,1.11478,1.1147900000000002,TARGET,0.0004,1.474999999999671,1.349999999999671,0.5899999999998684
N3_ANCHOR_REVERSION,NEUTRAL,SHORT,2024-09-25 00:00:00+00:00,2024-09-25 00:05:00+00:00,2024-09-25 00:05:00+00:00,2024-09-25 00:40:00+00:00,1.11903,1.11943,1.11843,1.11944,STOP,0.0004,-1.0250000000000536,-1.1500000000000536,-0.41000000000002146
N3_ANCHOR_REVERSION,NEUTRAL,SHORT,2024-09-25 01:00:00+00:00,2024-09-25 01:05:00+00:00,2024-09-25 01:05:00+00:00,2024-09-25 02:45:00+00:00,1.11914,1.11954,1.11854,1.11955,STOP,0.0004,-1.0250000000000536,-1.1500000000000536,-0.41000000000002146
N3_ANCHOR_REVERSION,NEUTRAL,SHORT,2024-09-25 02:45:00+00:00,2024-09-25 02:50:00+00:00,2024-09-25 02:50:00+00:00,2024-09-25 03:25:00+00:00,1.1193499999999998,1.1197499999999998,1.11875,1.1197599999999999,STOP,0.0004,-1.0250000000000536,-1.1500000000000536,-0.41000000000002146
N3_ANCHOR_REVERSION,NEUTRAL,SHORT,2024-09-25 04:00:00+00:00,2024-09-25 04:05:00+00:00,2024-09-25 04:05:00+00:00,2024-09-25 06:10:00+00:00,1.11964,1.12004,1.11904,1.11905,TARGET,0.0004,1.474999999999671,1.349999999999671,0.5899999999998684
N3_ANCHOR_REVERSION,NEUTRAL,SHORT,2024-09-26 01:00:00+00:00,2024-09-26 01:05:00+00:00,2024-09-26 01:05:00+00:00,2024-09-26 01:55:00+00:00,1.11358,1.11398,1.11298,1.11399,STOP,0.0004,-1.0250000000000536,-1.1500000000000536,-0.41000000000002146
N3_ANCHOR_REVERSION,NEUTRAL,SHORT,2024-09-26 02:00:00+00:00,2024-09-26 02:05:00+00:00,2024-09-26 02:05:00+00:00,2024-09-26 03:05:00+00:00,1.11394,1.1143399999999999,1.11334,1.11435,STOP,0.0004,-1.0250000000000536,-1.1500000000000536,-0.41000000000002146
N3_ANCHOR_REVERSION,NEUTRAL,SHORT,2024-09-26 06:10:00+00:00,2024-09-26 06:15:00+00:00,2024-09-26 06:15:00+00:00,2024-09-26 06:25:00+00:00,1.11485,1.1152499999999999,1.11425,1.11526,STOP,0.0004,-1.0250000000000536,-1.1500000000000536,-0.41000000000002146
N3_ANCHOR_REVERSION,NEUTRAL,SHORT,2024-09-26 06:30:00+00:00,2024-09-26 06:35:00+00:00,2024-09-26 06:35:00+00:00,2024-09-26 06:45:00+00:00,1.1152,1.1156,1.1146,1.11561,STOP,0.0004,-1.0250000000000536,-1.1500000000000536,-0.41000000000002146
N3_ANCHOR_REVERSION,NEUTRAL,LONG,2024-09-27 00:25:00+00:00,2024-09-27 00:30:00+00:00,2024-09-27 00:30:00+00:00,2024-09-27 00:35:00+00:00,1.11721,1.11681,1.11781,1.1168,STOP,0.0004,-1.0250000000000536,-1.1500000000000536,-0.41000000000002146
N3_ANCHOR_REVERSION,NEUTRAL,LONG,2024-09-27 00:40:00+00:00,2024-09-27 00:45:00+00:00,2024-09-27 00:45:00+00:00,2024-09-27 01:35:00+00:00,1.11704,1.11664,1.11764,1.11663,STOP,0.0004,-1.0250000000000536,-1.1500000000000536,-0.41000000000002146
N3_ANCHOR_REVERSION,NEUTRAL,LONG,2024-09-27 01:50:00+00:00,2024-09-27 01:55:00+00:00,2024-09-27 01:55:00+00:00,2024-09-27 03:05:00+00:00,1.11653,1.11613,1.11713,1.11712,TARGET,0.0004,1.474999999999671,1.349999999999671,0.5899999999998684
N3_ANCHOR_REVERSION,NEUTRAL,SHORT,2024-09-29 22:30:00+00:00,2024-09-29 22:35:00+00:00,2024-09-29 22:35:00+00:00,2024-09-30 00:15:00+00:00,1.11697,1.11737,1.11637,1.11738,STOP,0.0004,-1.0250000000000536,-1.1500000000000536,-0.41000000000002146
N3_ANCHOR_REVERSION,NEUTRAL,SHORT,2024-09-30 00:20:00+00:00,2024-09-30 00:25:00+00:00,2024-09-30 00:25:00+00:00,2024-09-30 01:40:00+00:00,1.1171099999999998,1.1175099999999998,1.11651,1.11652,TARGET,0.0004,1.474999999999671,1.349999999999671,0.5899999999998684
N3_ANCHOR_REVERSION,NEUTRAL,LONG,2024-09-30 13:10:00+00:00,2024-09-30 13:15:00+00:00,2024-09-30 13:15:00+00:00,2024-09-30 13:20:00+00:00,1.11799,1.11759,1.11859,1.11758,STOP,0.0004,-1.0250000000000536,-1.1500000000000536,-0.41000000000002146
N3_ANCHOR_REVERSION,NEUTRAL,LONG,2024-09-30 13:30:00+00:00,2024-09-30 13:35:00+00:00,2024-09-30 13:35:00+00:00,2024-09-30 13:40:00+00:00,1.1176700000000002,1.1172700000000002,1.11827,1.1172600000000001,STOP,0.0004,-1.0250000000000536,-1.1500000000000536,-0.41000000000002146
N3_ANCHOR_REVERSION,NEUTRAL,LONG,2024-09-30 13:45:00+00:00,2024-09-30 13:50:00+00:00,2024-09-30 13:50:00+00:00,2024-09-30 13:55:00+00:00,1.11751,1.11711,1.11811,1.1171,STOP,0.0004,-1.0250000000000536,-1.1500000000000536,-0.41000000000002146
N3_ANCHOR_REVERSION,NEUTRAL,LONG,2024-10-01 00:20:00+00:00,2024-10-01 00:25:00+00:00,2024-10-01 00:25:00+00:00,2024-10-01 00:35:00+00:00,1.11358,1.11318,1.11418,1.11317,STOP,0.0004,-1.0250000000000536,-1.1500000000000536,-0.41000000000002146
N3_ANCHOR_REVERSION,NEUTRAL,LONG,2024-10-01 00:45:00+00:00,2024-10-01 00:50:00+00:00,2024-10-01 00:50:00+00:00,2024-10-01 01:30:00+00:00,1.11324,1.11284,1.11384,1.1138299999999999,TARGET,0.0004,1.474999999999671,1.349999999999671,0.5899999999998684
N3_ANCHOR_REVERSION,NEUTRAL,SHORT,2024-10-01 01:35:00+00:00,2024-10-01 01:40:00+00:00,2024-10-01 01:40:00+00:00,2024-10-01 01:50:00+00:00,1.11388,1.11428,1.11328,1.11429,STOP,0.0004,-1.0250000000000536,-1.1500000000000536,-0.41000000000002146
N3_ANCHOR_REVERSION,NEUTRAL,SHORT,2024-10-01 02:00:00+00:00,2024-10-01 02:05:00+00:00,2024-10-01 02:05:00+00:00,2024-10-01 06:00:00+00:00,1.11407,1.1144699999999998,1.11347,1.11348,TARGET,0.0004,1.474999999999671,1.349999999999671,0.5899999999998684
N3_ANCHOR_REVERSION,NEUTRAL,LONG,2024-10-01 23:55:00+00:00,2024-10-02 00:00:00+00:00,2024-10-02 00:00:00+00:00,2024-10-02 00:30:00+00:00,1.10653,1.10613,1.10713,1.1071199999999999,TARGET,0.0004,1.474999999999671,1.349999999999671,0.5899999999998684
N3_ANCHOR_REVERSION,NEUTRAL,SHORT,2024-10-02 00:30:00+00:00,2024-10-02 00:35:00+00:00,2024-10-02 00:35:00+00:00,2024-10-02 00:55:00+00:00,1.10703,1.10743,1.10643,1.10644,TARGET,0.0004,1.474999999999671,1.349999999999671,0.5899999999998684
N3_ANCHOR_REVERSION,NEUTRAL,SHORT,2024-10-16 02:00:00+00:00,2024-10-16 02:05:00+00:00,2024-10-16 02:05:00+00:00,2024-10-16 03:05:00+00:00,1.0890499999999999,1.0894499999999998,1.08845,1.0894599999999999,STOP,0.0004,-1.0250000000000536,-1.1500000000000536,-0.41000000000002146
N3_ANCHOR_REVERSION,NEUTRAL,LONG,2024-10-16 19:10:00+00:00,2024-10-16 19:15:00+00:00,2024-10-16 19:15:00+00:00,2024-10-16 21:05:00+00:00,1.0857,1.0853000000000002,1.0863,1.08629,TARGET,0.0004,1.474999999999671,1.349999999999671,0.5899999999998684
N3_ANCHOR_REVERSION,NEUTRAL,LONG,2024-10-16 23:10:00+00:00,2024-10-16 23:15:00+00:00,2024-10-16 23:15:00+00:00,2024-10-17 02:00:00+00:00,1.0858400000000001,1.0854400000000002,1.08644,1.08643,TARGET,0.0004,1.474999999999671,1.349999999999671,0.5899999999998684
N3_ANCHOR_REVERSION,NEUTRAL,LONG,2024-10-17 05:10:00+00:00,2024-10-17 05:15:00+00:00,2024-10-17 05:15:00+00:00,2024-10-17 06:55:00+00:00,1.08548,1.08508,1.08608,1.08507,STOP,0.0004,-1.0250000000000536,-1.1500000000000536,-0.41000000000002146
N3_ANCHOR_REVERSION,NEUTRAL,LONG,2024-10-30 12:00:00+00:00,2024-10-30 12:05:00+00:00,2024-10-30 12:05:00+00:00,2024-10-30 12:15:00+00:00,1.08281,1.08241,1.08341,1.0824,STOP,0.0004,-1.0250000000000536,-1.1500000000000536,-0.41000000000002146
N3_ANCHOR_REVERSION,NEUTRAL,LONG,2024-10-30 12:35:00+00:00,2024-10-30 12:40:00+00:00,2024-10-30 12:40:00+00:00,2024-10-30 12:40:00+00:00,1.08166,1.08126,1.08226,1.08125,STOP,0.0004,-1.0250000000000536,-1.1500000000000536,-0.41000000000002146
N3_ANCHOR_REVERSION,NEUTRAL,LONG,2024-10-30 12:45:00+00:00,2024-10-30 12:50:00+00:00,2024-10-30 12:50:00+00:00,2024-10-30 13:00:00+00:00,1.08129,1.0808900000000001,1.08189,1.08188,TARGET,0.0004,1.474999999999671,1.349999999999671,0.5899999999998684
N3_ANCHOR_REVERSION,NEUTRAL,LONG,2024-10-31 00:40:00+00:00,2024-10-31 00:45:00+00:00,2024-10-31 00:45:00+00:00,2024-10-31 01:30:00+00:00,1.08563,1.0852300000000001,1.08623,1.08522,STOP,0.0004,-1.0250000000000536,-1.1500000000000536,-0.41000000000002146
N3_ANCHOR_REVERSION,NEUTRAL,LONG,2024-10-31 02:05:00+00:00,2024-10-31 02:10:00+00:00,2024-10-31 02:10:00+00:00,2024-10-31 04:25:00+00:00,1.08492,1.0845200000000002,1.08552,1.08451,STOP,0.0004,-1.0250000000000536,-1.1500000000000536,-0.41000000000002146
N3_ANCHOR_REVERSION,NEUTRAL,LONG,2024-11-01 03:35:00+00:00,2024-11-01 03:40:00+00:00,2024-11-01 03:40:00+00:00,2024-11-01 05:20:00+00:00,1.08785,1.08745,1.08845,1.08744,STOP,0.0004,-1.0250000000000536,-1.1500000000000536,-0.41000000000002146
N3_ANCHOR_REVERSION,NEUTRAL,LONG,2024-11-01 17:50:00+00:00,2024-11-01 17:55:00+00:00,2024-11-01 17:55:00+00:00,2024-11-01 18:35:00+00:00,1.08382,1.08342,1.08442,1.0844099999999999,TARGET,0.0004,1.474999999999671,1.349999999999671,0.5899999999998684
N3_ANCHOR_REVERSION,NEUTRAL,LONG,2024-11-01 18:55:00+00:00,2024-11-01 19:00:00+00:00,2024-11-01 19:00:00+00:00,2024-11-01 19:35:00+00:00,1.08397,1.0835700000000001,1.08457,1.08356,STOP,0.0004,-1.0250000000000536,-1.1500000000000536,-0.41000000000002146
N3_ANCHOR_REVERSION,NEUTRAL,LONG,2024-11-01 20:35:00+00:00,2024-11-01 20:40:00+00:00,2024-11-01 20:40:00+00:00,2024-11-01 20:55:00+00:00,1.08345,1.08305,1.08405,1.08326,TIME_12H,0.0004,-0.47500000000033626,-0.6000000000003363,-0.1900000000001345
N3_ANCHOR_REVERSION,NEUTRAL,SHORT,2024-11-04 03:15:00+00:00,2024-11-04 03:20:00+00:00,2024-11-04 03:20:00+00:00,2024-11-04 03:35:00+00:00,1.08988,1.09028,1.08928,1.09029,STOP,0.0004,-1.0250000000000536,-1.1500000000000536,-0.41000000000002146
N3_ANCHOR_REVERSION,NEUTRAL,SHORT,2024-11-04 04:55:00+00:00,2024-11-04 05:00:00+00:00,2024-11-04 05:00:00+00:00,2024-11-04 06:00:00+00:00,1.08972,1.09012,1.08912,1.09013,STOP,0.0004,-1.0250000000000536,-1.1500000000000536,-0.41000000000002146
N3_ANCHOR_REVERSION,NEUTRAL,SHORT,2024-11-04 06:05:00+00:00,2024-11-04 06:10:00+00:00,2024-11-04 06:10:00+00:00,2024-11-04 06:55:00+00:00,1.08979,1.09019,1.08919,1.0892000000000002,TARGET,0.0004,1.474999999999671,1.349999999999671,0.5899999999998684
N3_ANCHOR_REVERSION,NEUTRAL,LONG,2024-11-04 07:10:00+00:00,2024-11-04 07:15:00+00:00,2024-11-04 07:15:00+00:00,2024-11-04 07:20:00+00:00,1.0892000000000002,1.0888000000000002,1.0898,1.0887900000000001,STOP,0.0004,-1.0250000000000536,-1.1500000000000536,-0.41000000000002146
N3_ANCHOR_REVERSION,NEUTRAL,SHORT,2024-11-05 05:55:00+00:00,2024-11-05 06:00:00+00:00,2024-11-05 06:00:00+00:00,2024-11-05 06:55:00+00:00,1.08784,1.0882399999999999,1.08724,1.08825,STOP,0.0004,-1.0250000000000536,-1.1500000000000536,-0.41000000000002146
N3_ANCHOR_REVERSION,NEUTRAL,SHORT,2024-11-05 18:30:00+00:00,2024-11-05 18:35:00+00:00,2024-11-05 18:35:00+00:00,2024-11-05 19:05:00+00:00,1.09344,1.09384,1.09284,1.09285,TARGET,0.0004,1.474999999999671,1.349999999999671,0.5899999999998684
N3_ANCHOR_REVERSION,NEUTRAL,LONG,2024-11-05 23:25:00+00:00,2024-11-05 23:30:00+00:00,2024-11-05 23:30:00+00:00,2024-11-05 23:40:00+00:00,1.0918100000000002,1.0914100000000002,1.09241,1.0924,TARGET,0.0004,1.474999999999671,1.349999999999671,0.5899999999998684
N3_ANCHOR_REVERSION,NEUTRAL,LONG,2024-11-06 01:05:00+00:00,2024-11-06 01:10:00+00:00,2024-11-06 01:10:00+00:00,2024-11-06 01:10:00+00:00,1.08379,1.08339,1.08439,1.08338,STOP,0.0004,-1.0250000000000536,-1.1500000000000536,-0.41000000000002146
N3_ANCHOR_REVERSION,NEUTRAL,SHORT,2024-11-11 01:30:00+00:00,2024-11-11 01:35:00+00:00,2024-11-11 01:35:00+00:00,2024-11-11 03:05:00+00:00,1.07233,1.07273,1.07173,1.07274,STOP,0.0004,-1.0250000000000536,-1.1500000000000536,-0.41000000000002146
N3_ANCHOR_REVERSION,NEUTRAL,LONG,2024-11-11 04:05:00+00:00,2024-11-11 04:10:00+00:00,2024-11-11 04:10:00+00:00,2024-11-11 04:35:00+00:00,1.0715100000000002,1.0711100000000002,1.0721100000000001,1.0711000000000002,STOP,0.0004,-1.0250000000000536,-1.1500000000000536,-0.41000000000002146
N3_ANCHOR_REVERSION,NEUTRAL,LONG,2024-11-11 04:45:00+00:00,2024-11-11 04:50:00+00:00,2024-11-11 04:50:00+00:00,2024-11-11 05:55:00+00:00,1.0711300000000001,1.0707300000000002,1.07173,1.07172,TARGET,0.0004,1.474999999999671,1.349999999999671,0.5899999999998684
N3_ANCHOR_REVERSION,NEUTRAL,LONG,2024-11-11 07:35:00+00:00,2024-11-11 07:40:00+00:00,2024-11-11 07:40:00+00:00,2024-11-11 07:40:00+00:00,1.07033,1.06993,1.07093,1.06992,STOP,0.0004,-1.0250000000000536,-1.1500000000000536,-0.41000000000002146
N3_ANCHOR_REVERSION,NEUTRAL,LONG,2024-11-12 01:35:00+00:00,2024-11-12 01:40:00+00:00,2024-11-12 01:40:00+00:00,2024-11-12 01:45:00+00:00,1.0653700000000002,1.0649700000000002,1.06597,1.06596,TARGET,0.0004,1.474999999999671,1.349999999999671,0.5899999999998684
N3_ANCHOR_REVERSION,NEUTRAL,LONG,2024-11-12 12:10:00+00:00,2024-11-12 12:15:00+00:00,2024-11-12 12:15:00+00:00,2024-11-12 12:15:00+00:00,1.06166,1.06126,1.06226,1.06125,STOP,0.0004,-1.0250000000000536,-1.1500000000000536,-0.41000000000002146
N3_ANCHOR_REVERSION,NEUTRAL,LONG,2024-11-12 12:30:00+00:00,2024-11-12 12:35:00+00:00,2024-11-12 12:35:00+00:00,2024-11-12 12:45:00+00:00,1.06118,1.06078,1.06178,1.0617699999999999,TARGET,0.0004,1.474999999999671,1.349999999999671,0.5899999999998684
N3_ANCHOR_REVERSION,NEUTRAL,LONG,2024-11-12 15:10:00+00:00,2024-11-12 15:15:00+00:00,2024-11-12 15:15:00+00:00,2024-11-12 15:20:00+00:00,1.0612300000000001,1.0608300000000002,1.06183,1.06082,STOP,0.0004,-1.0250000000000536,-1.1500000000000536,-0.41000000000002146
N3_ANCHOR_REVERSION,NEUTRAL,SHORT,2024-11-19 13:20:00+00:00,2024-11-19 13:25:00+00:00,2024-11-19 13:25:00+00:00,2024-11-19 13:25:00+00:00,1.05784,1.0582399999999998,1.05724,1.05825,STOP,0.0004,-1.0250000000000536,-1.1500000000000536,-0.41000000000002146
N3_ANCHOR_REVERSION,NEUTRAL,SHORT,2024-11-19 13:45:00+00:00,2024-11-19 13:50:00+00:00,2024-11-19 13:50:00+00:00,2024-11-19 13:50:00+00:00,1.05798,1.0583799999999999,1.05738,1.05839,STOP,0.0004,-1.0250000000000536,-1.1500000000000536,-0.41000000000002146
N3_ANCHOR_REVERSION,NEUTRAL,SHORT,2024-11-19 20:55:00+00:00,2024-11-19 21:00:00+00:00,2024-11-19 21:00:00+00:00,2024-11-19 21:30:00+00:00,1.05934,1.05974,1.05874,1.05975,STOP,0.0004,-1.0250000000000536,-1.1500000000000536,-0.41000000000002146
N3_ANCHOR_REVERSION,NEUTRAL,LONG,2024-11-20 11:30:00+00:00,2024-11-20 11:35:00+00:00,2024-11-20 11:35:00+00:00,2024-11-20 11:40:00+00:00,1.05536,1.0549600000000001,1.05596,1.05495,STOP,0.0004,-1.0250000000000536,-1.1500000000000536,-0.41000000000002146
N3_ANCHOR_REVERSION,NEUTRAL,LONG,2024-11-20 14:25:00+00:00,2024-11-20 14:30:00+00:00,2024-11-20 14:30:00+00:00,2024-11-20 14:30:00+00:00,1.05383,1.05343,1.05443,1.05442,TARGET,0.0004,1.474999999999671,1.349999999999671,0.5899999999998684
N3_ANCHOR_REVERSION,NEUTRAL,LONG,2024-11-20 14:40:00+00:00,2024-11-20 14:45:00+00:00,2024-11-20 14:45:00+00:00,2024-11-20 14:45:00+00:00,1.05431,1.0539100000000001,1.05491,1.0539,STOP,0.0004,-1.0250000000000536,-1.1500000000000536,-0.41000000000002146
N3_ANCHOR_REVERSION,NEUTRAL,LONG,2024-11-20 15:25:00+00:00,2024-11-20 15:30:00+00:00,2024-11-20 15:30:00+00:00,2024-11-20 15:30:00+00:00,1.05362,1.05322,1.05422,1.05321,STOP,0.0004,-1.0250000000000536,-1.1500000000000536,-0.41000000000002146
N3_ANCHOR_REVERSION,NEUTRAL,SHORT,2024-11-21 00:05:00+00:00,2024-11-21 00:10:00+00:00,2024-11-21 00:10:00+00:00,2024-11-21 00:55:00+00:00,1.0544,1.0548,1.0538,1.05481,STOP,0.0004,-1.0250000000000536,-1.1500000000000536,-0.41000000000002146
N3_ANCHOR_REVERSION,NEUTRAL,SHORT,2024-11-21 00:55:00+00:00,2024-11-21 01:00:00+00:00,2024-11-21 01:00:00+00:00,2024-11-21 01:15:00+00:00,1.05457,1.05497,1.05397,1.05498,STOP,0.0004,-1.0250000000000536,-1.1500000000000536,-0.41000000000002146
N3_ANCHOR_REVERSION,NEUTRAL,SHORT,2024-11-21 01:30:00+00:00,2024-11-21 01:35:00+00:00,2024-11-21 01:35:00+00:00,2024-11-21 01:45:00+00:00,1.0546,1.055,1.054,1.05501,STOP,0.0004,-1.0250000000000536,-1.1500000000000536,-0.41000000000002146
N3_ANCHOR_REVERSION,NEUTRAL,LONG,2024-11-21 19:20:00+00:00,2024-11-21 19:25:00+00:00,2024-11-21 19:25:00+00:00,2024-11-21 19:55:00+00:00,1.0479200000000002,1.0475200000000002,1.0485200000000001,1.04851,TARGET,0.0004,1.474999999999671,1.349999999999671,0.5899999999998684
N3_ANCHOR_REVERSION,NEUTRAL,LONG,2024-11-22 00:00:00+00:00,2024-11-22 00:05:00+00:00,2024-11-22 00:05:00+00:00,2024-11-22 00:20:00+00:00,1.0471400000000002,1.0467400000000002,1.0477400000000001,1.0467300000000002,STOP,0.0004,-1.0250000000000536,-1.1500000000000536,-0.41000000000002146
N3_ANCHOR_REVERSION,NEUTRAL,LONG,2024-11-22 00:30:00+00:00,2024-11-22 00:35:00+00:00,2024-11-22 00:35:00+00:00,2024-11-22 01:00:00+00:00,1.04709,1.0466900000000001,1.04769,1.04768,TARGET,0.0004,1.474999999999671,1.349999999999671,0.5899999999998684
N3_ANCHOR_REVERSION,NEUTRAL,LONG,2024-11-22 05:45:00+00:00,2024-11-22 05:50:00+00:00,2024-11-22 05:50:00+00:00,2024-11-22 06:10:00+00:00,1.04637,1.04597,1.04697,1.04696,TARGET,0.0004,1.474999999999671,1.349999999999671,0.5899999999998684
N3_ANCHOR_REVERSION,NEUTRAL,LONG,2024-11-22 12:35:00+00:00,2024-11-22 12:40:00+00:00,2024-11-22 12:40:00+00:00,2024-11-22 12:40:00+00:00,1.04079,1.0403900000000001,1.04139,1.04038,STOP,0.0004,-1.0250000000000536,-1.1500000000000536,-0.41000000000002146
N3_ANCHOR_REVERSION,NEUTRAL,SHORT,2024-11-25 06:30:00+00:00,2024-11-25 06:35:00+00:00,2024-11-25 06:35:00+00:00,2024-11-25 06:40:00+00:00,1.0485,1.0489,1.0479,1.04891,STOP,0.0004,-1.0250000000000536,-1.1500000000000536,-0.41000000000002146
N3_ANCHOR_REVERSION,NEUTRAL,LONG,2024-11-25 07:45:00+00:00,2024-11-25 07:50:00+00:00,2024-11-25 07:50:00+00:00,2024-11-25 07:50:00+00:00,1.0465900000000001,1.0461900000000002,1.04719,1.04618,STOP,0.0004,-1.0250000000000536,-1.1500000000000536,-0.41000000000002146
N3_ANCHOR_REVERSION,NEUTRAL,SHORT,2024-11-26 05:10:00+00:00,2024-11-26 05:15:00+00:00,2024-11-26 05:15:00+00:00,2024-11-26 05:35:00+00:00,1.0477299999999998,1.0481299999999998,1.04713,1.0481399999999998,STOP,0.0004,-1.0250000000000536,-1.1500000000000536,-0.41000000000002146
N3_ANCHOR_REVERSION,NEUTRAL,SHORT,2024-11-26 06:40:00+00:00,2024-11-26 06:45:00+00:00,2024-11-26 06:45:00+00:00,2024-11-26 07:00:00+00:00,1.04802,1.04842,1.04742,1.04743,TARGET,0.0004,1.474999999999671,1.349999999999671,0.5899999999998684
N3_ANCHOR_REVERSION,NEUTRAL,SHORT,2024-11-26 12:40:00+00:00,2024-11-26 12:45:00+00:00,2024-11-26 12:45:00+00:00,2024-11-26 12:50:00+00:00,1.05369,1.05409,1.05309,1.0531000000000001,TARGET,0.0004,1.474999999999671,1.349999999999671,0.5899999999998684
N3_ANCHOR_REVERSION,NEUTRAL,LONG,2024-11-26 14:35:00+00:00,2024-11-26 14:40:00+00:00,2024-11-26 14:40:00+00:00,2024-11-26 14:40:00+00:00,1.0499100000000001,1.0495100000000002,1.05051,1.0495,STOP,0.0004,-1.0250000000000536,-1.1500000000000536,-0.41000000000002146
N3_ANCHOR_REVERSION,NEUTRAL,LONG,2024-12-04 19:00:00+00:00,2024-12-04 19:05:00+00:00,2024-12-04 19:05:00+00:00,2024-12-04 19:05:00+00:00,1.0519100000000001,1.0515100000000002,1.05251,1.0525,TARGET,0.0004,1.474999999999671,1.349999999999671,0.5899999999998684
N3_ANCHOR_REVERSION,NEUTRAL,LONG,2024-12-04 19:25:00+00:00,2024-12-04 19:30:00+00:00,2024-12-04 19:30:00+00:00,2024-12-04 19:30:00+00:00,1.05159,1.05119,1.05219,1.05218,TARGET,0.0004,1.474999999999671,1.349999999999671,0.5899999999998684
N3_ANCHOR_REVERSION,NEUTRAL,LONG,2024-12-04 19:40:00+00:00,2024-12-04 19:45:00+00:00,2024-12-04 19:45:00+00:00,2024-12-04 20:15:00+00:00,1.0513700000000001,1.0509700000000002,1.05197,1.0509600000000001,STOP,0.0004,-1.0250000000000536,-1.1500000000000536,-0.41000000000002146
N3_ANCHOR_REVERSION,NEUTRAL,LONG,2024-12-04 21:55:00+00:00,2024-12-04 22:00:00+00:00,2024-12-04 22:00:00+00:00,2024-12-04 22:00:00+00:00,1.05135,1.05095,1.05195,1.05094,STOP,0.0004,-1.0250000000000536,-1.1500000000000536,-0.41000000000002146
N3_ANCHOR_REVERSION,NEUTRAL,SHORT,2024-12-05 02:50:00+00:00,2024-12-05 02:55:00+00:00,2024-12-05 02:55:00+00:00,2024-12-05 04:00:00+00:00,1.05201,1.0524099999999998,1.05141,1.05242,STOP,0.0004,-1.0250000000000536,-1.1500000000000536,-0.41000000000002146
N3_ANCHOR_REVERSION,NEUTRAL,SHORT,2024-12-05 05:25:00+00:00,2024-12-05 05:30:00+00:00,2024-12-05 05:30:00+00:00,2024-12-05 05:40:00+00:00,1.0524,1.0528,1.0518,1.05281,STOP,0.0004,-1.0250000000000536,-1.1500000000000536,-0.41000000000002146
N3_ANCHOR_REVERSION,NEUTRAL,SHORT,2024-12-10 07:00:00+00:00,2024-12-10 07:05:00+00:00,2024-12-10 07:05:00+00:00,2024-12-10 07:20:00+00:00,1.0563099999999999,1.0567099999999998,1.05571,1.05572,TARGET,0.0004,1.474999999999671,1.349999999999671,0.5899999999998684
N3_ANCHOR_REVERSION,NEUTRAL,SHORT,2024-12-30 11:55:00+00:00,2024-12-30 12:00:00+00:00,2024-12-30 12:00:00+00:00,2024-12-30 12:05:00+00:00,1.0447899999999999,1.0451899999999998,1.04419,1.0452,STOP,0.0004,-1.0250000000000536,-1.1500000000000536,-0.41000000000002146
N3_ANCHOR_REVERSION,NEUTRAL,SHORT,2024-12-30 12:15:00+00:00,2024-12-30 12:20:00+00:00,2024-12-30 12:20:00+00:00,2024-12-30 12:20:00+00:00,1.0452,1.0455999999999999,1.0446,1.04461,TARGET,0.0004,1.474999999999671,1.349999999999671,0.5899999999998684
N3_ANCHOR_REVERSION,NEUTRAL,SHORT,2024-12-30 13:00:00+00:00,2024-12-30 13:05:00+00:00,2024-12-30 13:05:00+00:00,2024-12-30 13:10:00+00:00,1.04491,1.04531,1.04431,1.0443200000000001,TARGET,0.0004,1.474999999999671,1.349999999999671,0.5899999999998684
N3_ANCHOR_REVERSION,NEUTRAL,LONG,2024-12-30 15:35:00+00:00,2024-12-30 15:40:00+00:00,2024-12-30 15:40:00+00:00,2024-12-30 15:40:00+00:00,1.03945,1.03905,1.04005,1.03904,STOP,0.0004,-1.0250000000000536,-1.1500000000000536,-0.41000000000002146
N3_ANCHOR_REVERSION,NEUTRAL,LONG,2024-12-31 06:00:00+00:00,2024-12-31 06:05:00+00:00,2024-12-31 06:05:00+00:00,2024-12-31 06:15:00+00:00,1.04058,1.04018,1.04118,1.04017,STOP,0.0004,-1.0250000000000536,-1.1500000000000536,-0.41000000000002146
N3_ANCHOR_REVERSION,NEUTRAL,LONG,2024-12-31 06:35:00+00:00,2024-12-31 06:40:00+00:00,2024-12-31 06:40:00+00:00,2024-12-31 07:25:00+00:00,1.04016,1.03976,1.04076,1.0407499999999998,TARGET,0.0004,1.474999999999671,1.349999999999671,0.5899999999998684
N3_ANCHOR_REVERSION,NEUTRAL,LONG,2024-12-31 15:00:00+00:00,2024-12-31 15:05:00+00:00,2024-12-31 15:05:00+00:00,2024-12-31 15:10:00+00:00,1.0378200000000002,1.0374200000000002,1.0384200000000001,1.03841,TARGET,0.0004,1.474999999999671,1.349999999999671,0.5899999999998684
N3_ANCHOR_REVERSION,NEUTRAL,LONG,2024-12-31 15:35:00+00:00,2024-12-31 15:40:00+00:00,2024-12-31 15:40:00+00:00,2024-12-31 15:40:00+00:00,1.03722,1.03682,1.03782,1.03681,STOP,0.0004,-1.0250000000000536,-1.1500000000000536,-0.41000000000002146
N3_ANCHOR_REVERSION,NEUTRAL,LONG,2025-01-01 23:45:00+00:00,2025-01-01 23:50:00+00:00,2025-01-01 23:50:00+00:00,2025-01-02 00:15:00+00:00,1.0352100000000002,1.0348100000000002,1.0358100000000001,1.0348000000000002,STOP,0.0004,-1.0250000000000536,-1.1500000000000536,-0.41000000000002146
N3_ANCHOR_REVERSION,NEUTRAL,LONG,2025-01-02 00:20:00+00:00,2025-01-02 00:25:00+00:00,2025-01-02 00:25:00+00:00,2025-01-02 01:00:00+00:00,1.0350700000000002,1.0346700000000002,1.03567,1.0346600000000001,STOP,0.0004,-1.0250000000000536,-1.1500000000000536,-0.41000000000002146
N3_ANCHOR_REVERSION,NEUTRAL,SHORT,2025-01-02 01:50:00+00:00,2025-01-02 01:55:00+00:00,2025-01-02 01:55:00+00:00,2025-01-02 02:10:00+00:00,1.03579,1.03619,1.03519,1.0362,STOP,0.0004,-1.0250000000000536,-1.1500000000000536,-0.41000000000002146
N3_ANCHOR_REVERSION,NEUTRAL,LONG,2025-01-02 15:00:00+00:00,2025-01-02 15:05:00+00:00,2025-01-02 15:05:00+00:00,2025-01-02 15:05:00+00:00,1.0306300000000002,1.0302300000000002,1.03123,1.0302200000000001,STOP,0.0004,-1.0250000000000536,-1.1500000000000536,-0.41000000000002146
N3_ANCHOR_REVERSION,NEUTRAL,LONG,2025-01-02 15:35:00+00:00,2025-01-02 15:40:00+00:00,2025-01-02 15:40:00+00:00,2025-01-02 15:45:00+00:00,1.02929,1.02889,1.02989,1.02888,STOP,0.0004,-1.0250000000000536,-1.1500000000000536,-0.41000000000002146
N3_ANCHOR_REVERSION,NEUTRAL,SHORT,2025-01-03 00:00:00+00:00,2025-01-03 00:05:00+00:00,2025-01-03 00:05:00+00:00,2025-01-03 00:45:00+00:00,1.02678,1.02718,1.02618,1.02719,STOP,0.0004,-1.0250000000000536,-1.1500000000000536,-0.41000000000002146
N3_ANCHOR_REVERSION,NEUTRAL,SHORT,2025-01-03 00:50:00+00:00,2025-01-03 00:55:00+00:00,2025-01-03 00:55:00+00:00,2025-01-03 02:50:00+00:00,1.02712,1.02752,1.02652,1.02753,STOP,0.0004,-1.0250000000000536,-1.1500000000000536,-0.41000000000002146
N3_ANCHOR_REVERSION,NEUTRAL,SHORT,2025-01-03 03:10:00+00:00,2025-01-03 03:15:00+00:00,2025-01-03 03:15:00+00:00,2025-01-03 05:15:00+00:00,1.02717,1.0275699999999999,1.02657,1.02658,TARGET,0.0004,1.474999999999671,1.349999999999671,0.5899999999998684
N3_ANCHOR_REVERSION,NEUTRAL,LONG,2025-01-07 00:05:00+00:00,2025-01-07 00:10:00+00:00,2025-01-07 00:10:00+00:00,2025-01-07 00:15:00+00:00,1.0382900000000002,1.0378900000000002,1.03889,1.0378800000000001,STOP,0.0004,-1.0250000000000536,-1.1500000000000536,-0.41000000000002146
N3_ANCHOR_REVERSION,NEUTRAL,LONG,2025-01-07 00:30:00+00:00,2025-01-07 00:35:00+00:00,2025-01-07 00:35:00+00:00,2025-01-07 03:30:00+00:00,1.038,1.0376,1.0386,1.03859,TARGET,0.0004,1.474999999999671,1.349999999999671,0.5899999999998684
N3_ANCHOR_REVERSION,NEUTRAL,LONG,2025-01-07 15:10:00+00:00,2025-01-07 15:15:00+00:00,2025-01-07 15:15:00+00:00,2025-01-07 15:20:00+00:00,1.0368700000000002,1.0364700000000002,1.0374700000000001,1.03746,TARGET,0.0004,1.474999999999671,1.349999999999671,0.5899999999998684
N3_ANCHOR_REVERSION,NEUTRAL,LONG,2025-01-07 15:25:00+00:00,2025-01-07 15:30:00+00:00,2025-01-07 15:30:00+00:00,2025-01-07 15:30:00+00:00,1.038,1.0376,1.0386,1.03759,STOP,0.0004,-1.0250000000000536,-1.1500000000000536,-0.41000000000002146
N3_ANCHOR_REVERSION,NEUTRAL,SHORT,2025-01-08 01:40:00+00:00,2025-01-08 01:45:00+00:00,2025-01-08 01:45:00+00:00,2025-01-08 02:00:00+00:00,1.0349899999999999,1.0353899999999998,1.03439,1.0353999999999999,STOP,0.0004,-1.0250000000000536,-1.1500000000000536,-0.41000000000002146
N3_ANCHOR_REVERSION,NEUTRAL,SHORT,2025-01-08 05:30:00+00:00,2025-01-08 05:35:00+00:00,2025-01-08 05:35:00+00:00,2025-01-08 06:55:00+00:00,1.03544,1.0358399999999999,1.03484,1.03485,TARGET,0.0004,1.474999999999671,1.349999999999671,0.5899999999998684
N3_ANCHOR_REVERSION,NEUTRAL,LONG,2025-01-17 20:05:00+00:00,2025-01-17 20:10:00+00:00,2025-01-17 20:10:00+00:00,2025-01-17 21:00:00+00:00,1.02774,1.0273400000000001,1.02834,1.02733,STOP,0.0004,-1.0250000000000536,-1.1500000000000536,-0.41000000000002146
N3_ANCHOR_REVERSION,NEUTRAL,LONG,2025-01-17 21:40:00+00:00,2025-01-17 21:45:00+00:00,2025-01-17 21:45:00+00:00,2025-01-17 21:50:00+00:00,1.0273,1.0269000000000001,1.0279,1.02689,STOP,0.0004,-1.0250000000000536,-1.1500000000000536,-0.41000000000002146
N3_ANCHOR_REVERSION,NEUTRAL,LONG,2025-01-17 21:55:00+00:00,2025-01-17 22:00:00+00:00,2025-01-19 22:00:00+00:00,2025-01-19 22:00:00+00:00,1.02845,1.0280500000000001,1.02905,1.0279099999999999,STOP,0.0004,-1.3500000000005175,-1.4750000000005175,-0.540000000000207
N3_ANCHOR_REVERSION,NEUTRAL,SHORT,2025-01-20 00:00:00+00:00,2025-01-20 00:05:00+00:00,2025-01-20 00:05:00+00:00,2025-01-20 00:05:00+00:00,1.02795,1.0283499999999999,1.02735,1.02836,STOP,0.0004,-1.0250000000000536,-1.1500000000000536,-0.41000000000002146
N3_ANCHOR_REVERSION,NEUTRAL,SHORT,2025-01-20 00:15:00+00:00,2025-01-20 00:20:00+00:00,2025-01-20 00:20:00+00:00,2025-01-20 01:30:00+00:00,1.02868,1.02908,1.02808,1.0280900000000002,TARGET,0.0004,1.474999999999671,1.349999999999671,0.5899999999998684
N3_ANCHOR_REVERSION,NEUTRAL,SHORT,2025-01-20 02:00:00+00:00,2025-01-20 02:05:00+00:00,2025-01-20 02:05:00+00:00,2025-01-20 03:00:00+00:00,1.02891,1.02931,1.02831,1.02932,STOP,0.0004,-1.0250000000000536,-1.1500000000000536,-0.41000000000002146
N3_ANCHOR_REVERSION,NEUTRAL,SHORT,2025-01-20 03:35:00+00:00,2025-01-20 03:40:00+00:00,2025-01-20 03:40:00+00:00,2025-01-20 03:45:00+00:00,1.02962,1.03002,1.02902,1.03003,STOP,0.0004,-1.0250000000000536,-1.1500000000000536,-0.41000000000002146
N3_ANCHOR_REVERSION,NEUTRAL,SHORT,2025-01-23 18:25:00+00:00,2025-01-23 18:30:00+00:00,2025-01-23 18:30:00+00:00,2025-01-23 19:10:00+00:00,1.0427199999999999,1.0431199999999998,1.04212,1.04213,TARGET,0.0004,1.474999999999671,1.349999999999671,0.5899999999998684
N3_ANCHOR_REVERSION,NEUTRAL,SHORT,2025-01-24 00:45:00+00:00,2025-01-24 00:50:00+00:00,2025-01-24 00:50:00+00:00,2025-01-24 01:35:00+00:00,1.04205,1.0424499999999999,1.04145,1.04146,TARGET,0.0004,1.474999999999671,1.349999999999671,0.5899999999998684
N3_ANCHOR_REVERSION,NEUTRAL,SHORT,2025-01-24 02:20:00+00:00,2025-01-24 02:25:00+00:00,2025-01-24 02:25:00+00:00,2025-01-24 02:30:00+00:00,1.04339,1.04379,1.04279,1.0438,STOP,0.0004,-1.0250000000000536,-1.1500000000000536,-0.41000000000002146
N3_ANCHOR_REVERSION,NEUTRAL,SHORT,2025-01-24 02:50:00+00:00,2025-01-24 02:55:00+00:00,2025-01-24 02:55:00+00:00,2025-01-24 03:00:00+00:00,1.0445799999999998,1.0449799999999998,1.04398,1.0449899999999999,STOP,0.0004,-1.0250000000000536,-1.1500000000000536,-0.41000000000002146
N3_ANCHOR_REVERSION,NEUTRAL,SHORT,2025-01-24 05:50:00+00:00,2025-01-24 05:55:00+00:00,2025-01-24 05:55:00+00:00,2025-01-24 05:55:00+00:00,1.04473,1.04513,1.04413,1.04514,STOP,0.0004,-1.0250000000000536,-1.1500000000000536,-0.41000000000002146
N3_ANCHOR_REVERSION,NEUTRAL,SHORT,2025-01-29 15:20:00+00:00,2025-01-29 15:25:00+00:00,2025-01-29 15:25:00+00:00,2025-01-29 15:30:00+00:00,1.04061,1.04101,1.04001,1.04102,STOP,0.0004,-1.0250000000000536,-1.1500000000000536,-0.41000000000002146
N3_ANCHOR_REVERSION,NEUTRAL,SHORT,2025-01-29 15:50:00+00:00,2025-01-29 15:55:00+00:00,2025-01-29 15:55:00+00:00,2025-01-29 15:55:00+00:00,1.04182,1.04222,1.04122,1.04223,STOP,0.0004,-1.0250000000000536,-1.1500000000000536,-0.41000000000002146
N3_ANCHOR_REVERSION,NEUTRAL,SHORT,2025-01-29 17:25:00+00:00,2025-01-29 17:30:00+00:00,2025-01-29 17:30:00+00:00,2025-01-29 18:00:00+00:00,1.04223,1.04263,1.04163,1.0416400000000001,TARGET,0.0004,1.474999999999671,1.349999999999671,0.5899999999998684
N3_ANCHOR_REVERSION,NEUTRAL,LONG,2025-01-29 19:10:00+00:00,2025-01-29 19:15:00+00:00,2025-01-29 19:15:00+00:00,2025-01-29 19:15:00+00:00,1.04055,1.0401500000000001,1.04115,1.04014,STOP,0.0004,-1.0250000000000536,-1.1500000000000536,-0.41000000000002146
N3_ANCHOR_REVERSION,NEUTRAL,LONG,2025-01-30 23:00:00+00:00,2025-01-30 23:05:00+00:00,2025-01-30 23:05:00+00:00,2025-01-30 23:10:00+00:00,1.03891,1.03851,1.03951,1.0385,STOP,0.0004,-1.0250000000000536,-1.1500000000000536,-0.41000000000002146
N3_ANCHOR_REVERSION,NEUTRAL,LONG,2025-01-30 23:30:00+00:00,2025-01-30 23:35:00+00:00,2025-01-30 23:35:00+00:00,2025-01-31 00:00:00+00:00,1.03925,1.03885,1.03985,1.0398399999999999,TARGET,0.0004,1.474999999999671,1.349999999999671,0.5899999999998684
N3_ANCHOR_REVERSION,NEUTRAL,LONG,2025-01-31 00:55:00+00:00,2025-01-31 01:00:00+00:00,2025-01-31 01:00:00+00:00,2025-01-31 01:25:00+00:00,1.0387300000000002,1.0383300000000002,1.03933,1.0383200000000001,STOP,0.0004,-1.0250000000000536,-1.1500000000000536,-0.41000000000002146
N3_ANCHOR_REVERSION,NEUTRAL,LONG,2025-01-31 01:55:00+00:00,2025-01-31 02:00:00+00:00,2025-01-31 02:00:00+00:00,2025-01-31 03:05:00+00:00,1.0389300000000001,1.0385300000000002,1.03953,1.03852,STOP,0.0004,-1.0250000000000536,-1.1500000000000536,-0.41000000000002146
N3_ANCHOR_REVERSION,NEUTRAL,LONG,2025-02-02 23:15:00+00:00,2025-02-02 23:20:00+00:00,2025-02-02 23:20:00+00:00,2025-02-02 23:20:00+00:00,1.02513,1.0247300000000001,1.02573,1.02472,STOP,0.0004,-1.0250000000000536,-1.1500000000000536,-0.41000000000002146
N3_ANCHOR_REVERSION,NEUTRAL,LONG,2025-02-02 23:40:00+00:00,2025-02-02 23:45:00+00:00,2025-02-02 23:45:00+00:00,2025-02-02 23:45:00+00:00,1.0248300000000001,1.0244300000000002,1.02543,1.02542,TARGET,0.0004,1.474999999999671,1.349999999999671,0.5899999999998684
N3_ANCHOR_REVERSION,NEUTRAL,LONG,2025-02-03 00:00:00+00:00,2025-02-03 00:05:00+00:00,2025-02-03 00:05:00+00:00,2025-02-03 00:05:00+00:00,1.02604,1.02564,1.02664,1.02663,TARGET,0.0004,1.474999999999671,1.349999999999671,0.5899999999998684
N3_ANCHOR_REVERSION,NEUTRAL,LONG,2025-02-03 00:25:00+00:00,2025-02-03 00:30:00+00:00,2025-02-03 00:30:00+00:00,2025-02-03 00:30:00+00:00,1.02376,1.02336,1.02436,1.02335,STOP,0.0004,-1.0250000000000536,-1.1500000000000536,-0.41000000000002146
N3_ANCHOR_REVERSION,NEUTRAL,LONG,2025-02-03 00:55:00+00:00,2025-02-03 01:00:00+00:00,2025-02-03 01:00:00+00:00,2025-02-03 01:00:00+00:00,1.02325,1.02285,1.02385,1.02284,STOP,0.0004,-1.0250000000000536,-1.1500000000000536,-0.41000000000002146
N3_ANCHOR_REVERSION,NEUTRAL,LONG,2025-02-03 04:30:00+00:00,2025-02-03 04:35:00+00:00,2025-02-03 04:35:00+00:00,2025-02-03 04:45:00+00:00,1.02262,1.0222200000000001,1.02322,1.02221,STOP,0.0004,-1.0250000000000536,-1.1500000000000536,-0.41000000000002146
N3_ANCHOR_REVERSION,NEUTRAL,LONG,2025-02-04 03:50:00+00:00,2025-02-04 03:55:00+00:00,2025-02-04 03:55:00+00:00,2025-02-04 04:05:00+00:00,1.0315400000000001,1.0311400000000002,1.03214,1.03113,STOP,0.0004,-1.0250000000000536,-1.1500000000000536,-0.41000000000002146
N3_ANCHOR_REVERSION,NEUTRAL,LONG,2025-02-04 05:15:00+00:00,2025-02-04 05:20:00+00:00,2025-02-04 05:20:00+00:00,2025-02-04 05:20:00+00:00,1.02824,1.02784,1.02884,1.02783,STOP,0.0004,-1.0250000000000536,-1.1500000000000536,-0.41000000000002146
N3_ANCHOR_REVERSION,NEUTRAL,LONG,2025-02-04 05:25:00+00:00,2025-02-04 05:30:00+00:00,2025-02-04 05:30:00+00:00,2025-02-04 05:35:00+00:00,1.02868,1.02828,1.02928,1.02927,TARGET,0.0004,1.474999999999671,1.349999999999671,0.5899999999998684
N3_ANCHOR_REVERSION,NEUTRAL,LONG,2025-02-04 05:45:00+00:00,2025-02-04 05:50:00+00:00,2025-02-04 05:50:00+00:00,2025-02-04 06:50:00+00:00,1.0295500000000002,1.0291500000000002,1.0301500000000001,1.03014,TARGET,0.0004,1.474999999999671,1.349999999999671,0.5899999999998684
N3_ANCHOR_REVERSION,NEUTRAL,LONG,2025-02-05 00:10:00+00:00,2025-02-05 00:15:00+00:00,2025-02-05 00:15:00+00:00,2025-02-05 00:30:00+00:00,1.03733,1.0369300000000001,1.03793,1.03792,TARGET,0.0004,1.474999999999671,1.349999999999671,0.5899999999998684
N3_ANCHOR_REVERSION,NEUTRAL,LONG,2025-02-09 22:25:00+00:00,2025-02-09 22:30:00+00:00,2025-02-09 22:30:00+00:00,2025-02-09 22:45:00+00:00,1.02969,1.02929,1.03029,1.02928,STOP,0.0004,-1.0250000000000536,-1.1500000000000536,-0.41000000000002146
N3_ANCHOR_REVERSION,NEUTRAL,LONG,2025-02-09 23:00:00+00:00,2025-02-09 23:05:00+00:00,2025-02-09 23:05:00+00:00,2025-02-09 23:05:00+00:00,1.03079,1.0303900000000001,1.03139,1.03038,STOP,0.0004,-1.0250000000000536,-1.1500000000000536,-0.41000000000002146
N3_ANCHOR_REVERSION,NEUTRAL,LONG,2025-02-09 23:10:00+00:00,2025-02-09 23:15:00+00:00,2025-02-09 23:15:00+00:00,2025-02-10 00:00:00+00:00,1.0308700000000002,1.0304700000000002,1.03147,1.03146,TARGET,0.0004,1.474999999999671,1.349999999999671,0.5899999999998684
N3_ANCHOR_REVERSION,NEUTRAL,LONG,2025-02-10 01:30:00+00:00,2025-02-10 01:35:00+00:00,2025-02-10 01:35:00+00:00,2025-02-10 01:40:00+00:00,1.03079,1.0303900000000001,1.03139,1.03038,STOP,0.0004,-1.0250000000000536,-1.1500000000000536,-0.41000000000002146
N3_ANCHOR_REVERSION,NEUTRAL,LONG,2025-02-10 01:50:00+00:00,2025-02-10 01:55:00+00:00,2025-02-10 01:55:00+00:00,2025-02-10 02:30:00+00:00,1.0304,1.03,1.031,1.02999,STOP,0.0004,-1.0250000000000536,-1.1500000000000536,-0.41000000000002146
N3_ANCHOR_REVERSION,NEUTRAL,LONG,2025-02-10 03:05:00+00:00,2025-02-10 03:10:00+00:00,2025-02-10 03:10:00+00:00,2025-02-10 03:30:00+00:00,1.03043,1.03003,1.03103,1.0310199999999998,TARGET,0.0004,1.474999999999671,1.349999999999671,0.5899999999998684
N3_ANCHOR_REVERSION,NEUTRAL,SHORT,2025-02-10 05:35:00+00:00,2025-02-10 05:40:00+00:00,2025-02-10 05:40:00+00:00,2025-02-10 06:10:00+00:00,1.0319,1.0323,1.0313,1.0313100000000002,TARGET,0.0004,1.474999999999671,1.349999999999671,0.5899999999998684
N3_ANCHOR_REVERSION,NEUTRAL,LONG,2025-02-12 05:20:00+00:00,2025-02-12 05:25:00+00:00,2025-02-12 05:25:00+00:00,2025-02-12 07:15:00+00:00,1.0358,1.0354,1.0364,1.03639,TARGET,0.0004,1.474999999999671,1.349999999999671,0.5899999999998684
N3_ANCHOR_REVERSION,NEUTRAL,SHORT,2025-02-12 18:00:00+00:00,2025-02-12 18:05:00+00:00,2025-02-12 18:05:00+00:00,2025-02-12 18:10:00+00:00,1.0420699999999998,1.0424699999999998,1.04147,1.04148,TARGET,0.0004,1.474999999999671,1.349999999999671,0.5899999999998684
N3_ANCHOR_REVERSION,NEUTRAL,SHORT,2025-02-12 18:25:00+00:00,2025-02-12 18:30:00+00:00,2025-02-12 18:30:00+00:00,2025-02-12 18:30:00+00:00,1.04091,1.04131,1.04031,1.0403200000000001,TARGET,0.0004,1.474999999999671,1.349999999999671,0.5899999999998684
N3_ANCHOR_REVERSION,NEUTRAL,SHORT,2025-02-13 00:05:00+00:00,2025-02-13 00:10:00+00:00,2025-02-13 00:10:00+00:00,2025-02-13 00:25:00+00:00,1.0392599999999999,1.0396599999999998,1.03866,1.0396699999999999,STOP,0.0004,-1.0250000000000536,-1.1500000000000536,-0.41000000000002146
N3_ANCHOR_REVERSION,NEUTRAL,SHORT,2025-02-13 00:45:00+00:00,2025-02-13 00:50:00+00:00,2025-02-13 00:50:00+00:00,2025-02-13 00:55:00+00:00,1.03952,1.03992,1.03892,1.0389300000000001,TARGET,0.0004,1.474999999999671,1.349999999999671,0.5899999999998684
N3_ANCHOR_REVERSION,NEUTRAL,SHORT,2025-02-13 01:55:00+00:00,2025-02-13 02:00:00+00:00,2025-02-13 02:00:00+00:00,2025-02-13 02:30:00+00:00,1.0399699999999998,1.0403699999999998,1.03937,1.0403799999999999,STOP,0.0004,-1.0250000000000536,-1.1500000000000536,-0.41000000000002146
N3_ANCHOR_REVERSION,NEUTRAL,SHORT,2025-02-13 03:40:00+00:00,2025-02-13 03:45:00+00:00,2025-02-13 03:45:00+00:00,2025-02-13 03:45:00+00:00,1.0416299999999998,1.0420299999999998,1.04103,1.0420399999999999,STOP,0.0004,-1.0250000000000536,-1.1500000000000536,-0.41000000000002146
N3_ANCHOR_REVERSION,NEUTRAL,SHORT,2025-02-14 00:25:00+00:00,2025-02-14 00:30:00+00:00,2025-02-14 00:30:00+00:00,2025-02-14 02:25:00+00:00,1.0464,1.0468,1.0458,1.0458100000000001,TARGET,0.0004,1.474999999999671,1.349999999999671,0.5899999999998684
N3_ANCHOR_REVERSION,NEUTRAL,LONG,2025-02-14 05:15:00+00:00,2025-02-14 05:20:00+00:00,2025-02-14 05:20:00+00:00,2025-02-14 05:30:00+00:00,1.04528,1.04488,1.04588,1.04487,STOP,0.0004,-1.0250000000000536,-1.1500000000000536,-0.41000000000002146
N3_ANCHOR_REVERSION,NEUTRAL,LONG,2025-02-14 05:40:00+00:00,2025-02-14 05:45:00+00:00,2025-02-14 05:45:00+00:00,2025-02-14 06:20:00+00:00,1.04519,1.04479,1.04579,1.04578,TARGET,0.0004,1.474999999999671,1.349999999999671,0.5899999999998684
N3_ANCHOR_REVERSION,NEUTRAL,SHORT,2025-02-14 07:20:00+00:00,2025-02-14 07:25:00+00:00,2025-02-14 07:25:00+00:00,2025-02-14 08:15:00+00:00,1.04688,1.04728,1.04628,1.04729,STOP,0.0004,-1.0250000000000536,-1.1500000000000536,-0.41000000000002146
N3_ANCHOR_REVERSION,NEUTRAL,LONG,2025-02-19 11:05:00+00:00,2025-02-19 11:10:00+00:00,2025-02-19 11:10:00+00:00,2025-02-19 11:10:00+00:00,1.04321,1.04281,1.04381,1.0428,STOP,0.0004,-1.0250000000000536,-1.1500000000000536,-0.41000000000002146
N3_ANCHOR_REVERSION,NEUTRAL,LONG,2025-02-19 12:00:00+00:00,2025-02-19 12:05:00+00:00,2025-02-19 12:05:00+00:00,2025-02-19 12:55:00+00:00,1.04258,1.04218,1.04318,1.04317,TARGET,0.0004,1.474999999999671,1.349999999999671,0.5899999999998684
N3_ANCHOR_REVERSION,NEUTRAL,LONG,2025-02-19 15:55:00+00:00,2025-02-19 16:00:00+00:00,2025-02-19 16:00:00+00:00,2025-02-19 16:00:00+00:00,1.04247,1.04207,1.04307,1.04206,STOP,0.0004,-1.0250000000000536,-1.1500000000000536,-0.41000000000002146
N3_ANCHOR_REVERSION,NEUTRAL,LONG,2025-02-19 16:05:00+00:00,2025-02-19 16:10:00+00:00,2025-02-19 16:10:00+00:00,2025-02-19 16:15:00+00:00,1.04167,1.0412700000000001,1.04227,1.04126,STOP,0.0004,-1.0250000000000536,-1.1500000000000536,-0.41000000000002146
N3_ANCHOR_REVERSION,NEUTRAL,SHORT,2025-02-20 01:15:00+00:00,2025-02-20 01:20:00+00:00,2025-02-20 01:20:00+00:00,2025-02-20 01:35:00+00:00,1.0429599999999999,1.0433599999999998,1.04236,1.04237,TARGET,0.0004,1.474999999999671,1.349999999999671,0.5899999999998684
N3_ANCHOR_REVERSION,NEUTRAL,SHORT,2025-02-20 08:15:00+00:00,2025-02-20 08:20:00+00:00,2025-02-20 08:20:00+00:00,2025-02-20 08:30:00+00:00,1.0437999999999998,1.0441999999999998,1.0432,1.0442099999999999,STOP,0.0004,-1.0250000000000536,-1.1500000000000536,-0.41000000000002146
N3_ANCHOR_REVERSION,NEUTRAL,SHORT,2025-02-20 08:30:00+00:00,2025-02-20 08:35:00+00:00,2025-02-20 08:35:00+00:00,2025-02-20 08:50:00+00:00,1.0436299999999998,1.0440299999999998,1.04303,1.04304,TARGET,0.0004,1.474999999999671,1.349999999999671,0.5899999999998684
N3_ANCHOR_REVERSION,NEUTRAL,SHORT,2025-02-20 16:10:00+00:00,2025-02-20 16:15:00+00:00,2025-02-20 16:15:00+00:00,2025-02-20 16:35:00+00:00,1.04694,1.04734,1.04634,1.04735,STOP,0.0004,-1.0250000000000536,-1.1500000000000536,-0.41000000000002146
N3_ANCHOR_REVERSION,NEUTRAL,LONG,2025-02-27 19:40:00+00:00,2025-02-27 19:45:00+00:00,2025-02-27 19:45:00+00:00,2025-02-27 20:25:00+00:00,1.0406300000000002,1.0402300000000002,1.04123,1.0402200000000001,STOP,0.0004,-1.0250000000000536,-1.1500000000000536,-0.41000000000002146
N3_ANCHOR_REVERSION,NEUTRAL,LONG,2025-02-27 20:55:00+00:00,2025-02-27 21:00:00+00:00,2025-02-27 21:00:00+00:00,2025-02-27 21:00:00+00:00,1.04058,1.04018,1.04118,1.04017,STOP,0.0004,-1.0250000000000536,-1.1500000000000536,-0.41000000000002146
N3_ANCHOR_REVERSION,NEUTRAL,LONG,2025-02-27 21:55:00+00:00,2025-02-27 22:00:00+00:00,2025-02-27 22:00:00+00:00,2025-02-27 22:40:00+00:00,1.0399,1.0395,1.0405,1.03949,STOP,0.0004,-1.0250000000000536,-1.1500000000000536,-0.41000000000002146
N3_ANCHOR_REVERSION,NEUTRAL,LONG,2025-02-27 22:55:00+00:00,2025-02-27 23:00:00+00:00,2025-02-27 23:00:00+00:00,2025-02-28 00:40:00+00:00,1.03957,1.0391700000000001,1.04017,1.04016,TARGET,0.0004,1.474999999999671,1.349999999999671,0.5899999999998684
N3_ANCHOR_REVERSION,NEUTRAL,LONG,2025-02-28 01:40:00+00:00,2025-02-28 01:45:00+00:00,2025-02-28 01:45:00+00:00,2025-02-28 01:50:00+00:00,1.03935,1.03895,1.03995,1.03894,STOP,0.0004,-1.0250000000000536,-1.1500000000000536,-0.41000000000002146
N3_ANCHOR_REVERSION,NEUTRAL,LONG,2025-02-28 02:00:00+00:00,2025-02-28 02:05:00+00:00,2025-02-28 02:05:00+00:00,2025-02-28 02:10:00+00:00,1.03905,1.03865,1.03965,1.03864,STOP,0.0004,-1.0250000000000536,-1.1500000000000536,-0.41000000000002146
N3_ANCHOR_REVERSION,NEUTRAL,LONG,2025-02-28 02:15:00+00:00,2025-02-28 02:20:00+00:00,2025-02-28 02:20:00+00:00,2025-02-28 02:45:00+00:00,1.03862,1.0382200000000001,1.03922,1.03821,STOP,0.0004,-1.0250000000000536,-1.1500000000000536,-0.41000000000002146
N3_ANCHOR_REVERSION,NEUTRAL,LONG,2025-02-28 20:35:00+00:00,2025-02-28 20:40:00+00:00,2025-02-28 20:40:00+00:00,2025-02-28 20:55:00+00:00,1.03665,1.0362500000000001,1.03725,1.03724,TARGET,0.0004,1.474999999999671,1.349999999999671,0.5899999999998684
N3_ANCHOR_REVERSION,NEUTRAL,SHORT,2025-03-02 23:00:00+00:00,2025-03-02 23:05:00+00:00,2025-03-02 23:05:00+00:00,2025-03-02 23:05:00+00:00,1.0400399999999999,1.0404399999999998,1.03944,1.0404499999999999,STOP,0.0004,-1.0250000000000536,-1.1500000000000536,-0.41000000000002146
N3_ANCHOR_REVERSION,NEUTRAL,SHORT,2025-03-02 23:40:00+00:00,2025-03-02 23:45:00+00:00,2025-03-02 23:45:00+00:00,2025-03-03 00:00:00+00:00,1.04172,1.04212,1.04112,1.04113,TARGET,0.0004,1.474999999999671,1.349999999999671,0.5899999999998684
N3_ANCHOR_REVERSION,NEUTRAL,SHORT,2025-03-03 00:00:00+00:00,2025-03-03 00:05:00+00:00,2025-03-03 00:05:00+00:00,2025-03-03 00:05:00+00:00,1.04023,1.04063,1.03963,1.04064,STOP,0.0004,-1.0250000000000536,-1.1500000000000536,-0.41000000000002146
N3_ANCHOR_REVERSION,NEUTRAL,SHORT,2025-03-03 00:10:00+00:00,2025-03-03 00:15:00+00:00,2025-03-03 00:15:00+00:00,2025-03-03 00:15:00+00:00,1.04094,1.04134,1.04034,1.04135,STOP,0.0004,-1.0250000000000536,-1.1500000000000536,-0.41000000000002146
N3_ANCHOR_REVERSION,NEUTRAL,SHORT,2025-03-03 00:35:00+00:00,2025-03-03 00:40:00+00:00,2025-03-03 00:40:00+00:00,2025-03-03 01:00:00+00:00,1.04144,1.0418399999999999,1.04084,1.04085,TARGET,0.0004,1.474999999999671,1.349999999999671,0.5899999999998684
N3_ANCHOR_REVERSION,NEUTRAL,SHORT,2025-03-03 01:10:00+00:00,2025-03-03 01:15:00+00:00,2025-03-03 01:15:00+00:00,2025-03-03 01:55:00+00:00,1.04178,1.0421799999999999,1.04118,1.04219,STOP,0.0004,-1.0250000000000536,-1.1500000000000536,-0.41000000000002146
N3_ANCHOR_REVERSION,NEUTRAL,SHORT,2025-03-05 21:50:00+00:00,2025-03-05 21:55:00+00:00,2025-03-05 21:55:00+00:00,2025-03-05 22:25:00+00:00,1.07897,1.07937,1.07837,1.07938,STOP,0.0004,-1.0250000000000536,-1.1500000000000536,-0.41000000000002146
N3_ANCHOR_REVERSION,NEUTRAL,SHORT,2025-03-05 23:05:00+00:00,2025-03-05 23:10:00+00:00,2025-03-05 23:10:00+00:00,2025-03-05 23:40:00+00:00,1.07908,1.07948,1.07848,1.07949,STOP,0.0004,-1.0250000000000536,-1.1500000000000536,-0.41000000000002146
N3_ANCHOR_REVERSION,NEUTRAL,SHORT,2025-03-06 01:45:00+00:00,2025-03-06 01:50:00+00:00,2025-03-06 01:50:00+00:00,2025-03-06 01:50:00+00:00,1.08144,1.08184,1.08084,1.08185,STOP,0.0004,-1.0250000000000536,-1.1500000000000536,-0.41000000000002146
N3_ANCHOR_REVERSION,NEUTRAL,SHORT,2025-03-06 01:55:00+00:00,2025-03-06 02:00:00+00:00,2025-03-06 02:00:00+00:00,2025-03-06 02:00:00+00:00,1.0814899999999998,1.0818899999999998,1.08089,1.0818999999999999,STOP,0.0004,-1.0250000000000536,-1.1500000000000536,-0.41000000000002146
N3_ANCHOR_REVERSION,NEUTRAL,SHORT,2025-03-06 02:05:00+00:00,2025-03-06 02:10:00+00:00,2025-03-06 02:10:00+00:00,2025-03-06 02:15:00+00:00,1.0814199999999998,1.0818199999999998,1.08082,1.08083,TARGET,0.0004,1.474999999999671,1.349999999999671,0.5899999999998684
N3_ANCHOR_REVERSION,NEUTRAL,SHORT,2025-03-07 13:35:00+00:00,2025-03-07 13:40:00+00:00,2025-03-07 13:40:00+00:00,2025-03-07 13:40:00+00:00,1.0872,1.0876,1.0866,1.08761,STOP,0.0004,-1.0250000000000536,-1.1500000000000536,-0.41000000000002146
N3_ANCHOR_REVERSION,NEUTRAL,LONG,2025-03-14 02:50:00+00:00,2025-03-14 02:55:00+00:00,2025-03-14 02:55:00+00:00,2025-03-14 04:00:00+00:00,1.08397,1.0835700000000001,1.08457,1.08456,TARGET,0.0004,1.474999999999671,1.349999999999671,0.5899999999998684
N3_ANCHOR_REVERSION,NEUTRAL,SHORT,2025-03-17 15:55:00+00:00,2025-03-17 16:00:00+00:00,2025-03-17 16:00:00+00:00,2025-03-17 16:15:00+00:00,1.09213,1.09253,1.0915300000000001,1.0915400000000002,TARGET,0.0004,1.474999999999671,1.349999999999671,0.5899999999998684
N3_ANCHOR_REVERSION,NEUTRAL,SHORT,2025-03-17 19:00:00+00:00,2025-03-17 19:05:00+00:00,2025-03-17 19:05:00+00:00,2025-03-17 20:30:00+00:00,1.09235,1.0927499999999999,1.09175,1.09276,STOP,0.0004,-1.0250000000000536,-1.1500000000000536,-0.41000000000002146
N3_ANCHOR_REVERSION,NEUTRAL,SHORT,2025-03-18 09:00:00+00:00,2025-03-18 09:05:00+00:00,2025-03-18 09:05:00+00:00,2025-03-18 09:30:00+00:00,1.0947399999999998,1.0951399999999998,1.09414,1.09415,TARGET,0.0004,1.474999999999671,1.349999999999671,0.5899999999998684
N3_ANCHOR_REVERSION,NEUTRAL,SHORT,2025-03-18 10:00:00+00:00,2025-03-18 10:05:00+00:00,2025-03-18 10:05:00+00:00,2025-03-18 10:05:00+00:00,1.09463,1.09503,1.09403,1.09504,STOP,0.0004,-1.0250000000000536,-1.1500000000000536,-0.41000000000002146
N3_ANCHOR_REVERSION,NEUTRAL,LONG,2025-03-18 12:00:00+00:00,2025-03-18 12:05:00+00:00,2025-03-18 12:05:00+00:00,2025-03-18 12:10:00+00:00,1.0922,1.0918,1.0928,1.09179,STOP,0.0004,-1.0250000000000536,-1.1500000000000536,-0.41000000000002146
N3_ANCHOR_REVERSION,NEUTRAL,LONG,2025-03-18 12:40:00+00:00,2025-03-18 12:45:00+00:00,2025-03-18 12:45:00+00:00,2025-03-18 12:45:00+00:00,1.0907,1.0903,1.0913,1.09029,STOP,0.0004,-1.0250000000000536,-1.1500000000000536,-0.41000000000002146
N3_ANCHOR_REVERSION,NEUTRAL,LONG,2025-03-19 00:15:00+00:00,2025-03-19 00:20:00+00:00,2025-03-19 00:20:00+00:00,2025-03-19 00:40:00+00:00,1.0937400000000002,1.0933400000000002,1.09434,1.0933300000000001,STOP,0.0004,-1.0250000000000536,-1.1500000000000536,-0.41000000000002146
N3_ANCHOR_REVERSION,NEUTRAL,LONG,2025-03-19 00:45:00+00:00,2025-03-19 00:50:00+00:00,2025-03-19 00:50:00+00:00,2025-03-19 02:15:00+00:00,1.09336,1.0929600000000002,1.09396,1.09395,TARGET,0.0004,1.474999999999671,1.349999999999671,0.5899999999998684
N3_ANCHOR_REVERSION,NEUTRAL,SHORT,2025-03-19 02:40:00+00:00,2025-03-19 02:45:00+00:00,2025-03-19 02:45:00+00:00,2025-03-19 03:25:00+00:00,1.09416,1.09456,1.09356,1.0935700000000002,TARGET,0.0004,1.474999999999671,1.349999999999671,0.5899999999998684
N3_ANCHOR_REVERSION,NEUTRAL,LONG,2025-03-19 03:30:00+00:00,2025-03-19 03:35:00+00:00,2025-03-19 03:35:00+00:00,2025-03-19 04:10:00+00:00,1.09369,1.09329,1.09429,1.09328,STOP,0.0004,-1.0250000000000536,-1.1500000000000536,-0.41000000000002146
N3_ANCHOR_REVERSION,NEUTRAL,SHORT,2025-03-20 16:00:00+00:00,2025-03-20 16:05:00+00:00,2025-03-20 16:05:00+00:00,2025-03-20 16:10:00+00:00,1.0844399999999998,1.0848399999999998,1.08384,1.0848499999999999,STOP,0.0004,-1.0250000000000536,-1.1500000000000536,-0.41000000000002146
N3_ANCHOR_REVERSION,NEUTRAL,SHORT,2025-03-23 22:05:00+00:00,2025-03-23 22:10:00+00:00,2025-03-23 22:10:00+00:00,2025-03-23 23:10:00+00:00,1.08208,1.0824799999999999,1.08148,1.08249,STOP,0.0004,-1.0250000000000536,-1.1500000000000536,-0.41000000000002146
N3_ANCHOR_REVERSION,NEUTRAL,SHORT,2025-03-24 00:20:00+00:00,2025-03-24 00:25:00+00:00,2025-03-24 00:25:00+00:00,2025-03-24 01:10:00+00:00,1.0838999999999999,1.0842999999999998,1.0833,1.08331,TARGET,0.0004,1.474999999999671,1.349999999999671,0.5899999999998684
N3_ANCHOR_REVERSION,NEUTRAL,SHORT,2025-03-28 20:50:00+00:00,2025-03-28 20:55:00+00:00,2025-03-28 20:55:00+00:00,2025-03-28 20:55:00+00:00,1.083,1.0834,1.0824,1.08291,TIME_12H,0.0004,0.2249999999998087,0.09999999999980869,0.08999999999992347
N3_ANCHOR_REVERSION,NEUTRAL,LONG,2025-03-30 22:20:00+00:00,2025-03-30 22:25:00+00:00,2025-03-30 22:25:00+00:00,2025-03-30 22:35:00+00:00,1.08132,1.08092,1.08192,1.08191,TARGET,0.0004,1.474999999999671,1.349999999999671,0.5899999999998684
N3_ANCHOR_REVERSION,NEUTRAL,SHORT,2025-03-31 00:20:00+00:00,2025-03-31 00:25:00+00:00,2025-03-31 00:25:00+00:00,2025-03-31 00:30:00+00:00,1.083,1.0834,1.0824,1.08341,STOP,0.0004,-1.0250000000000536,-1.1500000000000536,-0.41000000000002146
N3_ANCHOR_REVERSION,NEUTRAL,LONG,2025-04-01 12:55:00+00:00,2025-04-01 13:00:00+00:00,2025-04-01 13:00:00+00:00,2025-04-01 13:05:00+00:00,1.07878,1.0783800000000001,1.07938,1.07837,STOP,0.0004,-1.0250000000000536,-1.1500000000000536,-0.41000000000002146
N3_ANCHOR_REVERSION,NEUTRAL,LONG,2025-04-01 13:10:00+00:00,2025-04-01 13:15:00+00:00,2025-04-01 13:15:00+00:00,2025-04-01 13:20:00+00:00,1.07854,1.07814,1.07914,1.07913,TARGET,0.0004,1.474999999999671,1.349999999999671,0.5899999999998684
N3_ANCHOR_REVERSION,NEUTRAL,SHORT,2025-04-01 14:15:00+00:00,2025-04-01 14:20:00+00:00,2025-04-01 14:20:00+00:00,2025-04-01 14:20:00+00:00,1.0808799999999998,1.0812799999999998,1.08028,1.08029,TARGET,0.0004,1.474999999999671,1.349999999999671,0.5899999999998684
N3_ANCHOR_REVERSION,NEUTRAL,LONG,2025-04-01 18:40:00+00:00,2025-04-01 18:45:00+00:00,2025-04-01 18:45:00+00:00,2025-04-01 18:50:00+00:00,1.07911,1.07871,1.07971,1.0787,STOP,0.0004,-1.0250000000000536,-1.1500000000000536,-0.41000000000002146
N3_ANCHOR_REVERSION,NEUTRAL,SHORT,2025-04-08 17:30:00+00:00,2025-04-08 17:35:00+00:00,2025-04-08 17:35:00+00:00,2025-04-08 17:35:00+00:00,1.0940999999999999,1.0944999999999998,1.0935,1.09351,TARGET,0.0004,1.474999999999671,1.349999999999671,0.5899999999998684
N3_ANCHOR_REVERSION,NEUTRAL,SHORT,2025-04-10 00:40:00+00:00,2025-04-10 00:45:00+00:00,2025-04-10 00:45:00+00:00,2025-04-10 00:45:00+00:00,1.09744,1.09784,1.09684,1.09785,STOP,0.0004,-1.0250000000000536,-1.1500000000000536,-0.41000000000002146
N3_ANCHOR_REVERSION,NEUTRAL,SHORT,2025-04-10 03:20:00+00:00,2025-04-10 03:25:00+00:00,2025-04-10 03:25:00+00:00,2025-04-10 03:35:00+00:00,1.09825,1.09865,1.09765,1.09866,STOP,0.0004,-1.0250000000000536,-1.1500000000000536,-0.41000000000002146
N3_ANCHOR_REVERSION,NEUTRAL,SHORT,2025-04-10 05:40:00+00:00,2025-04-10 05:45:00+00:00,2025-04-10 05:45:00+00:00,2025-04-10 05:45:00+00:00,1.0986099999999999,1.0990099999999998,1.09801,1.09802,TARGET,0.0004,1.474999999999671,1.349999999999671,0.5899999999998684
N3_ANCHOR_REVERSION,NEUTRAL,SHORT,2025-04-10 11:10:00+00:00,2025-04-10 11:15:00+00:00,2025-04-10 11:15:00+00:00,2025-04-10 11:20:00+00:00,1.1078599999999998,1.1082599999999998,1.10726,1.10727,TARGET,0.0004,1.474999999999671,1.349999999999671,0.5899999999998684
N3_ANCHOR_REVERSION,NEUTRAL,SHORT,2025-04-11 00:10:00+00:00,2025-04-11 00:15:00+00:00,2025-04-11 00:15:00+00:00,2025-04-11 00:15:00+00:00,1.12582,1.12622,1.12522,1.1252300000000002,TARGET,0.0004,1.474999999999671,1.349999999999671,0.5899999999998684
N3_ANCHOR_REVERSION,NEUTRAL,SHORT,2025-04-11 00:40:00+00:00,2025-04-11 00:45:00+00:00,2025-04-11 00:45:00+00:00,2025-04-11 00:45:00+00:00,1.1313499999999999,1.1317499999999998,1.13075,1.1317599999999999,STOP,0.0004,-1.0250000000000536,-1.1500000000000536,-0.41000000000002146
N3_ANCHOR_REVERSION,NEUTRAL,LONG,2025-04-11 05:50:00+00:00,2025-04-11 05:55:00+00:00,2025-04-11 05:55:00+00:00,2025-04-11 05:55:00+00:00,1.12854,1.1281400000000001,1.12914,1.12813,STOP,0.0004,-1.0250000000000536,-1.1500000000000536,-0.41000000000002146
N3_ANCHOR_REVERSION,NEUTRAL,SHORT,2025-04-11 07:15:00+00:00,2025-04-11 07:20:00+00:00,2025-04-11 07:20:00+00:00,2025-04-11 07:20:00+00:00,1.13177,1.13217,1.13117,1.13218,STOP,0.0004,-1.0250000000000536,-1.1500000000000536,-0.41000000000002146
N3_ANCHOR_REVERSION,NEUTRAL,SHORT,2025-04-15 22:15:00+00:00,2025-04-15 22:20:00+00:00,2025-04-15 22:20:00+00:00,2025-04-15 22:45:00+00:00,1.1293199999999999,1.1297199999999998,1.12872,1.12973,STOP,0.0004,-1.0250000000000536,-1.1500000000000536,-0.41000000000002146
N3_ANCHOR_REVERSION,NEUTRAL,SHORT,2025-04-15 22:50:00+00:00,2025-04-15 22:55:00+00:00,2025-04-15 22:55:00+00:00,2025-04-15 23:00:00+00:00,1.12936,1.1297599999999999,1.12876,1.12877,TARGET,0.0004,1.474999999999671,1.349999999999671,0.5899999999998684
N3_ANCHOR_REVERSION,NEUTRAL,SHORT,2025-04-16 00:20:00+00:00,2025-04-16 00:25:00+00:00,2025-04-16 00:25:00+00:00,2025-04-16 00:30:00+00:00,1.1310799999999999,1.1314799999999998,1.13048,1.1314899999999999,STOP,0.0004,-1.0250000000000536,-1.1500000000000536,-0.41000000000002146
N3_ANCHOR_REVERSION,NEUTRAL,SHORT,2025-04-16 00:40:00+00:00,2025-04-16 00:45:00+00:00,2025-04-16 00:45:00+00:00,2025-04-16 00:45:00+00:00,1.13123,1.13163,1.13063,1.13164,STOP,0.0004,-1.0250000000000536,-1.1500000000000536,-0.41000000000002146
N3_ANCHOR_REVERSION,NEUTRAL,SHORT,2025-04-16 06:00:00+00:00,2025-04-16 06:05:00+00:00,2025-04-16 06:05:00+00:00,2025-04-16 06:15:00+00:00,1.13693,1.13733,1.13633,1.13734,STOP,0.0004,-1.0250000000000536,-1.1500000000000536,-0.41000000000002146
N3_ANCHOR_REVERSION,NEUTRAL,SHORT,2025-04-16 06:30:00+00:00,2025-04-16 06:35:00+00:00,2025-04-16 06:35:00+00:00,2025-04-16 06:35:00+00:00,1.13723,1.13763,1.13663,1.13764,STOP,0.0004,-1.0250000000000536,-1.1500000000000536,-0.41000000000002146
N3_ANCHOR_REVERSION,NEUTRAL,SHORT,2025-04-21 02:40:00+00:00,2025-04-21 02:45:00+00:00,2025-04-21 02:45:00+00:00,2025-04-21 02:50:00+00:00,1.15095,1.1513499999999999,1.15035,1.15036,TARGET,0.0004,1.474999999999671,1.349999999999671,0.5899999999998684
N3_ANCHOR_REVERSION,NEUTRAL,SHORT,2025-04-21 04:00:00+00:00,2025-04-21 04:05:00+00:00,2025-04-21 04:05:00+00:00,2025-04-21 04:05:00+00:00,1.15068,1.1510799999999999,1.15008,1.15009,TARGET,0.0004,1.474999999999671,1.349999999999671,0.5899999999998684
N3_ANCHOR_REVERSION,NEUTRAL,SHORT,2025-04-21 05:35:00+00:00,2025-04-21 05:40:00+00:00,2025-04-21 05:40:00+00:00,2025-04-21 05:40:00+00:00,1.15299,1.15339,1.15239,1.1534,STOP,0.0004,-1.0250000000000536,-1.1500000000000536,-0.41000000000002146
N3_ANCHOR_REVERSION,NEUTRAL,SHORT,2025-04-21 05:50:00+00:00,2025-04-21 05:55:00+00:00,2025-04-21 05:55:00+00:00,2025-04-21 05:55:00+00:00,1.15275,1.15315,1.15215,1.15316,STOP,0.0004,-1.0250000000000536,-1.1500000000000536,-0.41000000000002146
N3_ANCHOR_REVERSION,NEUTRAL,LONG,2025-04-22 13:10:00+00:00,2025-04-22 13:15:00+00:00,2025-04-22 13:15:00+00:00,2025-04-22 13:30:00+00:00,1.14652,1.14612,1.14712,1.14611,STOP,0.0004,-1.0250000000000536,-1.1500000000000536,-0.41000000000002146
N3_ANCHOR_REVERSION,NEUTRAL,LONG,2025-04-22 13:35:00+00:00,2025-04-22 13:40:00+00:00,2025-04-22 13:40:00+00:00,2025-04-22 13:40:00+00:00,1.1462700000000001,1.1458700000000002,1.14687,1.14586,STOP,0.0004,-1.0250000000000536,-1.1500000000000536,-0.41000000000002146
N3_ANCHOR_REVERSION,NEUTRAL,LONG,2025-04-22 16:05:00+00:00,2025-04-22 16:10:00+00:00,2025-04-22 16:10:00+00:00,2025-04-22 16:10:00+00:00,1.1467500000000002,1.1463500000000002,1.14735,1.1463400000000001,STOP,0.0004,-1.0250000000000536,-1.1500000000000536,-0.41000000000002146
N3_ANCHOR_REVERSION,NEUTRAL,LONG,2025-04-22 16:25:00+00:00,2025-04-22 16:30:00+00:00,2025-04-22 16:30:00+00:00,2025-04-22 16:30:00+00:00,1.14518,1.1447800000000001,1.14578,1.14477,STOP,0.0004,-1.0250000000000536,-1.1500000000000536,-0.41000000000002146
N3_ANCHOR_REVERSION,NEUTRAL,SHORT,2025-04-23 09:20:00+00:00,2025-04-23 09:25:00+00:00,2025-04-23 09:25:00+00:00,2025-04-23 09:30:00+00:00,1.14305,1.1434499999999999,1.14245,1.14346,STOP,0.0004,-1.0250000000000536,-1.1500000000000536,-0.41000000000002146
N3_ANCHOR_REVERSION,NEUTRAL,LONG,2025-04-23 18:10:00+00:00,2025-04-23 18:15:00+00:00,2025-04-23 18:15:00+00:00,2025-04-23 18:15:00+00:00,1.1329500000000001,1.1325500000000002,1.13355,1.13254,STOP,0.0004,-1.0250000000000536,-1.1500000000000536,-0.41000000000002146
N3_ANCHOR_REVERSION,NEUTRAL,LONG,2025-04-23 19:40:00+00:00,2025-04-23 19:45:00+00:00,2025-04-23 19:45:00+00:00,2025-04-23 20:05:00+00:00,1.13256,1.13216,1.13316,1.13215,STOP,0.0004,-1.0250000000000536,-1.1500000000000536,-0.41000000000002146
N3_ANCHOR_REVERSION,NEUTRAL,SHORT,2025-04-23 22:10:00+00:00,2025-04-23 22:15:00+00:00,2025-04-23 22:15:00+00:00,2025-04-23 22:15:00+00:00,1.13371,1.13411,1.13311,1.13412,STOP,0.0004,-1.0250000000000536,-1.1500000000000536,-0.41000000000002146
N3_ANCHOR_REVERSION,NEUTRAL,SHORT,2025-04-24 01:30:00+00:00,2025-04-24 01:35:00+00:00,2025-04-24 01:35:00+00:00,2025-04-24 01:35:00+00:00,1.1347399999999999,1.1351399999999998,1.13414,1.1351499999999999,STOP,0.0004,-1.0250000000000536,-1.1500000000000536,-0.41000000000002146
N3_ANCHOR_REVERSION,NEUTRAL,SHORT,2025-04-24 01:50:00+00:00,2025-04-24 01:55:00+00:00,2025-04-24 01:55:00+00:00,2025-04-24 02:10:00+00:00,1.13516,1.13556,1.13456,1.13557,STOP,0.0004,-1.0250000000000536,-1.1500000000000536,-0.41000000000002146
N3_ANCHOR_REVERSION,NEUTRAL,LONG,2025-04-25 04:05:00+00:00,2025-04-25 04:10:00+00:00,2025-04-25 04:10:00+00:00,2025-04-25 04:20:00+00:00,1.1323500000000002,1.1319500000000002,1.1329500000000001,1.13294,TARGET,0.0004,1.474999999999671,1.349999999999671,0.5899999999998684
N3_ANCHOR_REVERSION,NEUTRAL,LONG,2025-04-25 05:55:00+00:00,2025-04-25 06:00:00+00:00,2025-04-25 06:00:00+00:00,2025-04-25 06:00:00+00:00,1.1331900000000001,1.1327900000000002,1.13379,1.1327800000000001,STOP,0.0004,-1.0250000000000536,-1.1500000000000536,-0.41000000000002146
N3_ANCHOR_REVERSION,NEUTRAL,SHORT,2025-04-25 06:40:00+00:00,2025-04-25 06:45:00+00:00,2025-04-25 06:45:00+00:00,2025-04-25 07:00:00+00:00,1.13468,1.1350799999999999,1.13408,1.13509,STOP,0.0004,-1.0250000000000536,-1.1500000000000536,-0.41000000000002146
N3_ANCHOR_REVERSION,NEUTRAL,SHORT,2025-04-25 07:25:00+00:00,2025-04-25 07:30:00+00:00,2025-04-25 07:30:00+00:00,2025-04-25 07:30:00+00:00,1.13591,1.13631,1.13531,1.13632,STOP,0.0004,-1.0250000000000536,-1.1500000000000536,-0.41000000000002146
N3_ANCHOR_REVERSION,NEUTRAL,SHORT,2025-04-28 19:55:00+00:00,2025-04-28 20:00:00+00:00,2025-04-28 20:00:00+00:00,2025-04-28 21:00:00+00:00,1.14218,1.14258,1.14158,1.14259,STOP,0.0004,-1.0250000000000536,-1.1500000000000536,-0.41000000000002146
N3_ANCHOR_REVERSION,NEUTRAL,LONG,2025-04-30 22:00:00+00:00,2025-04-30 22:05:00+00:00,2025-04-30 22:05:00+00:00,2025-04-30 22:15:00+00:00,1.13296,1.13256,1.13356,1.13255,STOP,0.0004,-1.0250000000000536,-1.1500000000000536,-0.41000000000002146
N3_ANCHOR_REVERSION,NEUTRAL,LONG,2025-04-30 23:25:00+00:00,2025-04-30 23:30:00+00:00,2025-04-30 23:30:00+00:00,2025-05-01 00:50:00+00:00,1.1324800000000002,1.1320800000000002,1.13308,1.1320700000000001,STOP,0.0004,-1.0250000000000536,-1.1500000000000536,-0.41000000000002146
N3_ANCHOR_REVERSION,NEUTRAL,LONG,2025-05-01 01:55:00+00:00,2025-05-01 02:00:00+00:00,2025-05-01 02:00:00+00:00,2025-05-01 02:30:00+00:00,1.1308900000000002,1.1304900000000002,1.13149,1.13148,TARGET,0.0004,1.474999999999671,1.349999999999671,0.5899999999998684
N3_ANCHOR_REVERSION,NEUTRAL,LONG,2025-05-01 03:10:00+00:00,2025-05-01 03:15:00+00:00,2025-05-01 03:15:00+00:00,2025-05-01 03:30:00+00:00,1.1307,1.1303,1.1313,1.13029,STOP,0.0004,-1.0250000000000536,-1.1500000000000536,-0.41000000000002146
N3_ANCHOR_REVERSION,NEUTRAL,LONG,2025-05-01 03:45:00+00:00,2025-05-01 03:50:00+00:00,2025-05-01 03:50:00+00:00,2025-05-01 04:00:00+00:00,1.1307900000000002,1.1303900000000002,1.1313900000000001,1.13138,TARGET,0.0004,1.474999999999671,1.349999999999671,0.5899999999998684
N3_ANCHOR_REVERSION,NEUTRAL,LONG,2025-05-01 05:45:00+00:00,2025-05-01 05:50:00+00:00,2025-05-01 05:50:00+00:00,2025-05-01 05:50:00+00:00,1.12981,1.12941,1.13041,1.1294,STOP,0.0004,-1.0250000000000536,-1.1500000000000536,-0.41000000000002146
N3_ANCHOR_REVERSION,NEUTRAL,SHORT,2025-05-01 23:55:00+00:00,2025-05-02 00:00:00+00:00,2025-05-02 00:00:00+00:00,2025-05-02 00:00:00+00:00,1.12954,1.12994,1.12894,1.12995,STOP,0.0004,-1.0250000000000536,-1.1500000000000536,-0.41000000000002146
N3_ANCHOR_REVERSION,NEUTRAL,LONG,2025-05-02 00:50:00+00:00,2025-05-02 00:55:00+00:00,2025-05-02 00:55:00+00:00,2025-05-02 01:10:00+00:00,1.1279400000000002,1.1275400000000002,1.12854,1.12853,TARGET,0.0004,1.474999999999671,1.349999999999671,0.5899999999998684
N3_ANCHOR_REVERSION,NEUTRAL,SHORT,2025-05-02 11:40:00+00:00,2025-05-02 11:45:00+00:00,2025-05-02 11:45:00+00:00,2025-05-02 11:55:00+00:00,1.13425,1.13465,1.13365,1.13466,STOP,0.0004,-1.0250000000000536,-1.1500000000000536,-0.41000000000002146
N3_ANCHOR_REVERSION,NEUTRAL,SHORT,2025-05-06 12:55:00+00:00,2025-05-06 13:00:00+00:00,2025-05-06 13:00:00+00:00,2025-05-06 13:05:00+00:00,1.13401,1.13441,1.13341,1.13342,TARGET,0.0004,1.474999999999671,1.349999999999671,0.5899999999998684
N3_ANCHOR_REVERSION,NEUTRAL,SHORT,2025-05-06 13:35:00+00:00,2025-05-06 13:40:00+00:00,2025-05-06 13:40:00+00:00,2025-05-06 13:40:00+00:00,1.13409,1.13449,1.13349,1.1345,STOP,0.0004,-1.0250000000000536,-1.1500000000000536,-0.41000000000002146
N3_ANCHOR_REVERSION,NEUTRAL,SHORT,2025-05-06 14:15:00+00:00,2025-05-06 14:20:00+00:00,2025-05-06 14:20:00+00:00,2025-05-06 14:20:00+00:00,1.1347,1.1351,1.1341,1.13511,STOP,0.0004,-1.0250000000000536,-1.1500000000000536,-0.41000000000002146
N3_ANCHOR_REVERSION,NEUTRAL,SHORT,2025-05-06 19:30:00+00:00,2025-05-06 19:35:00+00:00,2025-05-06 19:35:00+00:00,2025-05-06 19:35:00+00:00,1.13693,1.13733,1.13633,1.13734,STOP,0.0004,-1.0250000000000536,-1.1500000000000536,-0.41000000000002146
N3_ANCHOR_REVERSION,NEUTRAL,LONG,2025-05-07 00:25:00+00:00,2025-05-07 00:30:00+00:00,2025-05-07 00:30:00+00:00,2025-05-07 00:35:00+00:00,1.13314,1.13274,1.13374,1.13373,TARGET,0.0004,1.474999999999671,1.349999999999671,0.5899999999998684
N3_ANCHOR_REVERSION,NEUTRAL,LONG,2025-05-07 22:10:00+00:00,2025-05-07 22:15:00+00:00,2025-05-07 22:15:00+00:00,2025-05-07 22:30:00+00:00,1.13083,1.13043,1.13143,1.13042,STOP,0.0004,-1.0250000000000536,-1.1500000000000536,-0.41000000000002146
N3_ANCHOR_REVERSION,NEUTRAL,LONG,2025-05-07 22:35:00+00:00,2025-05-07 22:40:00+00:00,2025-05-07 22:40:00+00:00,2025-05-07 22:45:00+00:00,1.13073,1.13033,1.13133,1.13032,STOP,0.0004,-1.0250000000000536,-1.1500000000000536,-0.41000000000002146
N3_ANCHOR_REVERSION,NEUTRAL,LONG,2025-05-07 23:00:00+00:00,2025-05-07 23:05:00+00:00,2025-05-07 23:05:00+00:00,2025-05-08 00:05:00+00:00,1.1304800000000002,1.1300800000000002,1.13108,1.13107,TARGET,0.0004,1.474999999999671,1.349999999999671,0.5899999999998684
N3_ANCHOR_REVERSION,NEUTRAL,SHORT,2025-05-08 01:15:00+00:00,2025-05-08 01:20:00+00:00,2025-05-08 01:20:00+00:00,2025-05-08 01:25:00+00:00,1.13185,1.13225,1.13125,1.1312600000000002,TARGET,0.0004,1.474999999999671,1.349999999999671,0.5899999999998684
N3_ANCHOR_REVERSION,NEUTRAL,LONG,2025-05-08 05:25:00+00:00,2025-05-08 05:30:00+00:00,2025-05-08 05:30:00+00:00,2025-05-08 05:40:00+00:00,1.13076,1.13036,1.13136,1.13035,STOP,0.0004,-1.0250000000000536,-1.1500000000000536,-0.41000000000002146
N3_ANCHOR_REVERSION,NEUTRAL,LONG,2025-05-08 05:55:00+00:00,2025-05-08 06:00:00+00:00,2025-05-08 06:00:00+00:00,2025-05-08 06:10:00+00:00,1.1304400000000001,1.1300400000000002,1.13104,1.13003,STOP,0.0004,-1.0250000000000536,-1.1500000000000536,-0.41000000000002146
N3_ANCHOR_REVERSION,NEUTRAL,LONG,2025-05-08 06:45:00+00:00,2025-05-08 06:50:00+00:00,2025-05-08 06:50:00+00:00,2025-05-08 07:00:00+00:00,1.1285200000000002,1.1281200000000002,1.1291200000000001,1.1281100000000002,STOP,0.0004,-1.0250000000000536,-1.1500000000000536,-0.41000000000002146
N3_ANCHOR_REVERSION,NEUTRAL,SHORT,2025-05-19 01:00:00+00:00,2025-05-19 01:05:00+00:00,2025-05-19 01:05:00+00:00,2025-05-19 01:10:00+00:00,1.1194899999999999,1.1198899999999998,1.11889,1.1189,TARGET,0.0004,1.474999999999671,1.349999999999671,0.5899999999998684
N3_ANCHOR_REVERSION,NEUTRAL,SHORT,2025-05-19 06:40:00+00:00,2025-05-19 06:45:00+00:00,2025-05-19 06:45:00+00:00,2025-05-19 06:55:00+00:00,1.12063,1.12103,1.12003,1.12104,STOP,0.0004,-1.0250000000000536,-1.1500000000000536,-0.41000000000002146
N3_ANCHOR_REVERSION,NEUTRAL,SHORT,2025-05-19 07:40:00+00:00,2025-05-19 07:45:00+00:00,2025-05-19 07:45:00+00:00,2025-05-19 07:45:00+00:00,1.1234899999999999,1.1238899999999998,1.12289,1.1239,STOP,0.0004,-1.0250000000000536,-1.1500000000000536,-0.41000000000002146
N3_ANCHOR_REVERSION,NEUTRAL,SHORT,2025-05-19 09:40:00+00:00,2025-05-19 09:45:00+00:00,2025-05-19 09:45:00+00:00,2025-05-19 09:45:00+00:00,1.12727,1.12767,1.12667,1.12768,STOP,0.0004,-1.0250000000000536,-1.1500000000000536,-0.41000000000002146
N3_ANCHOR_REVERSION,NEUTRAL,LONG,2025-05-20 11:00:00+00:00,2025-05-20 11:05:00+00:00,2025-05-20 11:05:00+00:00,2025-05-20 11:55:00+00:00,1.12476,1.12436,1.12536,1.12435,STOP,0.0004,-1.0250000000000536,-1.1500000000000536,-0.41000000000002146
N3_ANCHOR_REVERSION,NEUTRAL,LONG,2025-05-20 12:25:00+00:00,2025-05-20 12:30:00+00:00,2025-05-20 12:30:00+00:00,2025-05-20 12:30:00+00:00,1.12284,1.12244,1.12344,1.12343,TARGET,0.0004,1.474999999999671,1.349999999999671,0.5899999999998684
N3_ANCHOR_REVERSION,NEUTRAL,LONG,2025-05-20 12:45:00+00:00,2025-05-20 12:50:00+00:00,2025-05-20 12:50:00+00:00,2025-05-20 13:00:00+00:00,1.12328,1.12288,1.12388,1.12287,STOP,0.0004,-1.0250000000000536,-1.1500000000000536,-0.41000000000002146
N3_ANCHOR_REVERSION,NEUTRAL,SHORT,2025-05-20 20:55:00+00:00,2025-05-20 21:00:00+00:00,2025-05-20 21:00:00+00:00,2025-05-20 21:00:00+00:00,1.1281299999999999,1.1285299999999998,1.12753,1.1285399999999999,STOP,0.0004,-1.0250000000000536,-1.1500000000000536,-0.41000000000002146
N3_ANCHOR_REVERSION,NEUTRAL,SHORT,2025-05-21 00:10:00+00:00,2025-05-21 00:15:00+00:00,2025-05-21 00:15:00+00:00,2025-05-21 00:20:00+00:00,1.12879,1.12919,1.12819,1.1292,STOP,0.0004,-1.0250000000000536,-1.1500000000000536,-0.41000000000002146
N3_ANCHOR_REVERSION,NEUTRAL,SHORT,2025-05-21 00:35:00+00:00,2025-05-21 00:40:00+00:00,2025-05-21 00:40:00+00:00,2025-05-21 00:50:00+00:00,1.12968,1.13008,1.12908,1.1290900000000001,TARGET,0.0004,1.474999999999671,1.349999999999671,0.5899999999998684
N3_ANCHOR_REVERSION,NEUTRAL,SHORT,2025-05-21 01:10:00+00:00,2025-05-21 01:15:00+00:00,2025-05-21 01:15:00+00:00,2025-05-21 01:25:00+00:00,1.12943,1.12983,1.12883,1.12884,TARGET,0.0004,1.474999999999671,1.349999999999671,0.5899999999998684
N3_ANCHOR_REVERSION,NEUTRAL,SHORT,2025-05-21 02:30:00+00:00,2025-05-21 02:35:00+00:00,2025-05-21 02:35:00+00:00,2025-05-21 02:40:00+00:00,1.13173,1.1321299999999999,1.13113,1.13214,STOP,0.0004,-1.0250000000000536,-1.1500000000000536,-0.41000000000002146
N3_ANCHOR_REVERSION,NEUTRAL,SHORT,2025-05-23 04:45:00+00:00,2025-05-23 04:50:00+00:00,2025-05-23 04:50:00+00:00,2025-05-23 05:20:00+00:00,1.1318,1.1321999999999999,1.1312,1.13221,STOP,0.0004,-1.0250000000000536,-1.1500000000000536,-0.41000000000002146
N3_ANCHOR_REVERSION,NEUTRAL,SHORT,2025-05-23 06:10:00+00:00,2025-05-23 06:15:00+00:00,2025-05-23 06:15:00+00:00,2025-05-23 06:15:00+00:00,1.13214,1.1325399999999999,1.13154,1.13255,STOP,0.0004,-1.0250000000000536,-1.1500000000000536,-0.41000000000002146
N3_ANCHOR_REVERSION,NEUTRAL,SHORT,2025-05-23 09:55:00+00:00,2025-05-23 10:00:00+00:00,2025-05-23 10:00:00+00:00,2025-05-23 10:00:00+00:00,1.1349099999999999,1.1353099999999998,1.13431,1.1353199999999999,STOP,0.0004,-1.0250000000000536,-1.1500000000000536,-0.41000000000002146
N3_ANCHOR_REVERSION,NEUTRAL,SHORT,2025-05-23 10:05:00+00:00,2025-05-23 10:10:00+00:00,2025-05-23 10:10:00+00:00,2025-05-23 10:10:00+00:00,1.13466,1.13506,1.13406,1.13507,STOP,0.0004,-1.0250000000000536,-1.1500000000000536,-0.41000000000002146
N3_ANCHOR_REVERSION,NEUTRAL,SHORT,2025-05-26 01:05:00+00:00,2025-05-26 01:10:00+00:00,2025-05-26 01:10:00+00:00,2025-05-26 01:15:00+00:00,1.13896,1.13936,1.13836,1.13937,STOP,0.0004,-1.0250000000000536,-1.1500000000000536,-0.41000000000002146
N3_ANCHOR_REVERSION,NEUTRAL,SHORT,2025-05-26 01:30:00+00:00,2025-05-26 01:35:00+00:00,2025-05-26 01:35:00+00:00,2025-05-26 01:35:00+00:00,1.13923,1.13963,1.13863,1.13964,STOP,0.0004,-1.0250000000000536,-1.1500000000000536,-0.41000000000002146
N3_ANCHOR_REVERSION,NEUTRAL,SHORT,2025-05-26 01:55:00+00:00,2025-05-26 02:00:00+00:00,2025-05-26 02:00:00+00:00,2025-05-26 02:00:00+00:00,1.1412099999999998,1.1416099999999998,1.14061,1.1416199999999999,STOP,0.0004,-1.0250000000000536,-1.1500000000000536,-0.41000000000002146
N3_ANCHOR_REVERSION,NEUTRAL,SHORT,2025-05-26 05:00:00+00:00,2025-05-26 05:05:00+00:00,2025-05-26 05:05:00+00:00,2025-05-26 05:35:00+00:00,1.1408399999999999,1.1412399999999998,1.14024,1.14025,TARGET,0.0004,1.474999999999671,1.349999999999671,0.5899999999998684
N3_ANCHOR_REVERSION,NEUTRAL,LONG,2025-05-27 05:55:00+00:00,2025-05-27 06:00:00+00:00,2025-05-27 06:00:00+00:00,2025-05-27 06:05:00+00:00,1.13792,1.13752,1.13852,1.13851,TARGET,0.0004,1.474999999999671,1.349999999999671,0.5899999999998684
N3_ANCHOR_REVERSION,NEUTRAL,LONG,2025-05-27 07:30:00+00:00,2025-05-27 07:35:00+00:00,2025-05-27 07:35:00+00:00,2025-05-27 07:45:00+00:00,1.13493,1.13453,1.13553,1.13452,STOP,0.0004,-1.0250000000000536,-1.1500000000000536,-0.41000000000002146
N3_ANCHOR_REVERSION,NEUTRAL,LONG,2025-05-27 07:50:00+00:00,2025-05-27 07:55:00+00:00,2025-05-27 07:55:00+00:00,2025-05-27 07:55:00+00:00,1.13435,1.13395,1.13495,1.13394,STOP,0.0004,-1.0250000000000536,-1.1500000000000536,-0.41000000000002146
N3_ANCHOR_REVERSION,NEUTRAL,LONG,2025-05-29 05:50:00+00:00,2025-05-29 05:55:00+00:00,2025-05-29 05:55:00+00:00,2025-05-29 06:00:00+00:00,1.12388,1.12348,1.12448,1.1244699999999999,TARGET,0.0004,1.474999999999671,1.349999999999671,0.5899999999998684
N3_ANCHOR_REVERSION,NEUTRAL,SHORT,2025-05-29 06:35:00+00:00,2025-05-29 06:40:00+00:00,2025-05-29 06:40:00+00:00,2025-05-29 06:40:00+00:00,1.1266699999999998,1.1270699999999998,1.12607,1.1270799999999999,STOP,0.0004,-1.0250000000000536,-1.1500000000000536,-0.41000000000002146
N3_ANCHOR_REVERSION,NEUTRAL,SHORT,2025-05-29 06:45:00+00:00,2025-05-29 06:50:00+00:00,2025-05-29 06:50:00+00:00,2025-05-29 06:50:00+00:00,1.1269,1.1273,1.1263,1.12731,STOP,0.0004,-1.0250000000000536,-1.1500000000000536,-0.41000000000002146
N3_ANCHOR_REVERSION,NEUTRAL,SHORT,2025-05-29 07:05:00+00:00,2025-05-29 07:10:00+00:00,2025-05-29 07:10:00+00:00,2025-05-29 07:10:00+00:00,1.1272799999999998,1.1276799999999998,1.12668,1.1276899999999999,STOP,0.0004,-1.0250000000000536,-1.1500000000000536,-0.41000000000002146
N3_ANCHOR_REVERSION,NEUTRAL,SHORT,2025-05-29 23:55:00+00:00,2025-05-30 00:00:00+00:00,2025-05-30 00:00:00+00:00,2025-05-30 00:00:00+00:00,1.13767,1.13807,1.13707,1.13808,STOP,0.0004,-1.0250000000000536,-1.1500000000000536,-0.41000000000002146
N3_ANCHOR_REVERSION,NEUTRAL,SHORT,2025-05-30 00:05:00+00:00,2025-05-30 00:10:00+00:00,2025-05-30 00:10:00+00:00,2025-05-30 00:15:00+00:00,1.13767,1.13807,1.13707,1.13808,STOP,0.0004,-1.0250000000000536,-1.1500000000000536,-0.41000000000002146
N3_ANCHOR_REVERSION,NEUTRAL,SHORT,2025-05-30 00:25:00+00:00,2025-05-30 00:30:00+00:00,2025-05-30 00:30:00+00:00,2025-05-30 00:30:00+00:00,1.1380899999999998,1.1384899999999998,1.13749,1.1375,TARGET,0.0004,1.474999999999671,1.349999999999671,0.5899999999998684
N3_ANCHOR_REVERSION,NEUTRAL,SHORT,2025-05-30 01:10:00+00:00,2025-05-30 01:15:00+00:00,2025-05-30 01:15:00+00:00,2025-05-30 01:15:00+00:00,1.13791,1.13831,1.13731,1.13832,STOP,0.0004,-1.0250000000000536,-1.1500000000000536,-0.41000000000002146
N3_ANCHOR_REVERSION,NEUTRAL,LONG,2025-06-03 18:45:00+00:00,2025-06-03 18:50:00+00:00,2025-06-03 18:50:00+00:00,2025-06-03 19:50:00+00:00,1.13738,1.13698,1.13798,1.13697,STOP,0.0004,-1.0250000000000536,-1.1500000000000536,-0.41000000000002146
N3_ANCHOR_REVERSION,NEUTRAL,LONG,2025-06-03 20:00:00+00:00,2025-06-03 20:05:00+00:00,2025-06-03 20:05:00+00:00,2025-06-03 23:30:00+00:00,1.1372,1.1368,1.1378,1.1377899999999999,TARGET,0.0004,1.474999999999671,1.349999999999671,0.5899999999998684
N3_ANCHOR_REVERSION,NEUTRAL,SHORT,2025-06-08 22:40:00+00:00,2025-06-08 22:45:00+00:00,2025-06-08 22:45:00+00:00,2025-06-08 22:55:00+00:00,1.1402999999999999,1.1406999999999998,1.1397,1.14071,STOP,0.0004,-1.0250000000000536,-1.1500000000000536,-0.41000000000002146
N3_ANCHOR_REVERSION,NEUTRAL,SHORT,2025-06-08 23:05:00+00:00,2025-06-08 23:10:00+00:00,2025-06-08 23:10:00+00:00,2025-06-08 23:10:00+00:00,1.14063,1.14103,1.14003,1.14104,STOP,0.0004,-1.0250000000000536,-1.1500000000000536,-0.41000000000002146
N3_ANCHOR_REVERSION,NEUTRAL,SHORT,2025-06-08 23:55:00+00:00,2025-06-09 00:00:00+00:00,2025-06-09 00:00:00+00:00,2025-06-09 00:15:00+00:00,1.14062,1.14102,1.14002,1.14003,TARGET,0.0004,1.474999999999671,1.349999999999671,0.5899999999998684
N3_ANCHOR_REVERSION,NEUTRAL,LONG,2025-06-09 00:50:00+00:00,2025-06-09 00:55:00+00:00,2025-06-09 00:55:00+00:00,2025-06-09 00:55:00+00:00,1.1398000000000001,1.1394000000000002,1.1404,1.1393900000000001,STOP,0.0004,-1.0250000000000536,-1.1500000000000536,-0.41000000000002146
N3_ANCHOR_REVERSION,NEUTRAL,SHORT,2025-06-09 01:25:00+00:00,2025-06-09 01:30:00+00:00,2025-06-09 01:30:00+00:00,2025-06-09 01:35:00+00:00,1.14069,1.14109,1.14009,1.1411,STOP,0.0004,-1.0250000000000536,-1.1500000000000536,-0.41000000000002146
N3_ANCHOR_REVERSION,NEUTRAL,SHORT,2025-06-09 17:30:00+00:00,2025-06-09 17:35:00+00:00,2025-06-09 17:35:00+00:00,2025-06-09 17:45:00+00:00,1.14217,1.1425699999999999,1.14157,1.14258,STOP,0.0004,-1.0250000000000536,-1.1500000000000536,-0.41000000000002146
N3_ANCHOR_REVERSION,NEUTRAL,SHORT,2025-06-09 23:55:00+00:00,2025-06-10 00:00:00+00:00,2025-06-10 00:00:00+00:00,2025-06-10 00:05:00+00:00,1.14259,1.14299,1.14199,1.143,STOP,0.0004,-1.0250000000000536,-1.1500000000000536,-0.41000000000002146
N3_ANCHOR_REVERSION,NEUTRAL,SHORT,2025-06-10 00:30:00+00:00,2025-06-10 00:35:00+00:00,2025-06-10 00:35:00+00:00,2025-06-10 00:40:00+00:00,1.1430099999999999,1.1434099999999998,1.14241,1.14242,TARGET,0.0004,1.474999999999671,1.349999999999671,0.5899999999998684
N3_ANCHOR_REVERSION,NEUTRAL,LONG,2025-06-10 01:40:00+00:00,2025-06-10 01:45:00+00:00,2025-06-10 01:45:00+00:00,2025-06-10 01:45:00+00:00,1.14091,1.1405100000000001,1.14151,1.1405,STOP,0.0004,-1.0250000000000536,-1.1500000000000536,-0.41000000000002146
N3_ANCHOR_REVERSION,NEUTRAL,SHORT,2025-06-10 11:55:00+00:00,2025-06-10 12:00:00+00:00,2025-06-10 12:00:00+00:00,2025-06-10 12:00:00+00:00,1.1429,1.1433,1.1423,1.14331,STOP,0.0004,-1.0250000000000536,-1.1500000000000536,-0.41000000000002146
N3_ANCHOR_REVERSION,NEUTRAL,SHORT,2025-06-11 18:10:00+00:00,2025-06-11 18:15:00+00:00,2025-06-11 18:15:00+00:00,2025-06-11 18:15:00+00:00,1.14954,1.14994,1.14894,1.1489500000000001,TARGET,0.0004,1.474999999999671,1.349999999999671,0.5899999999998684
N3_ANCHOR_REVERSION,NEUTRAL,SHORT,2025-06-11 22:10:00+00:00,2025-06-11 22:15:00+00:00,2025-06-11 22:15:00+00:00,2025-06-11 22:35:00+00:00,1.14916,1.14956,1.14856,1.14957,STOP,0.0004,-1.0250000000000536,-1.1500000000000536,-0.41000000000002146
N3_ANCHOR_REVERSION,NEUTRAL,SHORT,2025-06-11 23:05:00+00:00,2025-06-11 23:10:00+00:00,2025-06-11 23:10:00+00:00,2025-06-11 23:10:00+00:00,1.15065,1.15105,1.15005,1.15106,STOP,0.0004,-1.0250000000000536,-1.1500000000000536,-0.41000000000002146
N3_ANCHOR_REVERSION,NEUTRAL,SHORT,2025-06-11 23:20:00+00:00,2025-06-11 23:25:00+00:00,2025-06-11 23:25:00+00:00,2025-06-11 23:30:00+00:00,1.1504999999999999,1.1508999999999998,1.1499,1.1509099999999999,STOP,0.0004,-1.0250000000000536,-1.1500000000000536,-0.41000000000002146
N3_ANCHOR_REVERSION,NEUTRAL,SHORT,2025-06-12 00:00:00+00:00,2025-06-12 00:05:00+00:00,2025-06-12 00:05:00+00:00,2025-06-12 00:25:00+00:00,1.1505699999999999,1.1509699999999998,1.14997,1.15098,STOP,0.0004,-1.0250000000000536,-1.1500000000000536,-0.41000000000002146
N3_ANCHOR_REVERSION,NEUTRAL,SHORT,2025-06-12 00:30:00+00:00,2025-06-12 00:35:00+00:00,2025-06-12 00:35:00+00:00,2025-06-12 00:35:00+00:00,1.15056,1.15096,1.14996,1.15097,STOP,0.0004,-1.0250000000000536,-1.1500000000000536,-0.41000000000002146
N3_ANCHOR_REVERSION,NEUTRAL,SHORT,2025-06-16 14:20:00+00:00,2025-06-16 14:25:00+00:00,2025-06-16 14:25:00+00:00,2025-06-16 14:30:00+00:00,1.16072,1.16112,1.16012,1.16113,STOP,0.0004,-1.0250000000000536,-1.1500000000000536,-0.41000000000002146
N3_ANCHOR_REVERSION,NEUTRAL,SHORT,2025-06-16 14:30:00+00:00,2025-06-16 14:35:00+00:00,2025-06-16 14:35:00+00:00,2025-06-16 14:35:00+00:00,1.16071,1.1611099999999999,1.16011,1.16112,STOP,0.0004,-1.0250000000000536,-1.1500000000000536,-0.41000000000002146
N3_ANCHOR_REVERSION,NEUTRAL,LONG,2025-06-16 17:10:00+00:00,2025-06-16 17:15:00+00:00,2025-06-16 17:15:00+00:00,2025-06-16 19:10:00+00:00,1.15761,1.15721,1.15821,1.1572,STOP,0.0004,-1.0250000000000536,-1.1500000000000536,-0.41000000000002146
N3_ANCHOR_REVERSION,NEUTRAL,LONG,2025-06-16 20:00:00+00:00,2025-06-16 20:05:00+00:00,2025-06-16 20:05:00+00:00,2025-06-16 20:10:00+00:00,1.1562100000000002,1.1558100000000002,1.1568100000000001,1.1558000000000002,STOP,0.0004,-1.0250000000000536,-1.1500000000000536,-0.41000000000002146
N3_ANCHOR_REVERSION,NEUTRAL,LONG,2025-06-16 23:55:00+00:00,2025-06-17 00:00:00+00:00,2025-06-17 00:00:00+00:00,2025-06-17 00:00:00+00:00,1.15544,1.15504,1.15604,1.15503,STOP,0.0004,-1.0250000000000536,-1.1500000000000536,-0.41000000000002146
N3_ANCHOR_REVERSION,NEUTRAL,LONG,2025-06-17 00:30:00+00:00,2025-06-17 00:35:00+00:00,2025-06-17 00:35:00+00:00,2025-06-17 01:10:00+00:00,1.15476,1.15436,1.15536,1.1553499999999999,TARGET,0.0004,1.474999999999671,1.349999999999671,0.5899999999998684
N3_ANCHOR_REVERSION,NEUTRAL,SHORT,2025-06-17 04:00:00+00:00,2025-06-17 04:05:00+00:00,2025-06-17 04:05:00+00:00,2025-06-17 04:10:00+00:00,1.15614,1.15654,1.15554,1.15655,STOP,0.0004,-1.0250000000000536,-1.1500000000000536,-0.41000000000002146
N3_ANCHOR_REVERSION,NEUTRAL,LONG,2025-06-17 20:45:00+00:00,2025-06-17 20:50:00+00:00,2025-06-17 20:50:00+00:00,2025-06-17 21:00:00+00:00,1.1482800000000002,1.1478800000000002,1.1488800000000001,1.1478700000000002,STOP,0.0004,-1.0250000000000536,-1.1500000000000536,-0.41000000000002146
N3_ANCHOR_REVERSION,NEUTRAL,SHORT,2025-06-18 00:50:00+00:00,2025-06-18 00:55:00+00:00,2025-06-18 00:55:00+00:00,2025-06-18 01:00:00+00:00,1.14915,1.1495499999999998,1.14855,1.14956,STOP,0.0004,-1.0250000000000536,-1.1500000000000536,-0.41000000000002146
N3_ANCHOR_REVERSION,NEUTRAL,SHORT,2025-06-18 01:15:00+00:00,2025-06-18 01:20:00+00:00,2025-06-18 01:20:00+00:00,2025-06-18 01:20:00+00:00,1.14924,1.14964,1.14864,1.14965,STOP,0.0004,-1.0250000000000536,-1.1500000000000536,-0.41000000000002146
N3_ANCHOR_REVERSION,NEUTRAL,SHORT,2025-06-18 01:30:00+00:00,2025-06-18 01:35:00+00:00,2025-06-18 01:35:00+00:00,2025-06-18 03:20:00+00:00,1.1497899999999999,1.1501899999999998,1.14919,1.1502,STOP,0.0004,-1.0250000000000536,-1.1500000000000536,-0.41000000000002146
N3_ANCHOR_REVERSION,NEUTRAL,SHORT,2025-06-18 03:45:00+00:00,2025-06-18 03:50:00+00:00,2025-06-18 03:50:00+00:00,2025-06-18 04:30:00+00:00,1.15007,1.1504699999999999,1.14947,1.15048,STOP,0.0004,-1.0250000000000536,-1.1500000000000536,-0.41000000000002146
N3_ANCHOR_REVERSION,NEUTRAL,LONG,2025-06-19 01:10:00+00:00,2025-06-19 01:15:00+00:00,2025-06-19 01:15:00+00:00,2025-06-19 01:20:00+00:00,1.1471200000000001,1.1467200000000002,1.14772,1.1467100000000001,STOP,0.0004,-1.0250000000000536,-1.1500000000000536,-0.41000000000002146
N3_ANCHOR_REVERSION,NEUTRAL,LONG,2025-06-19 01:30:00+00:00,2025-06-19 01:35:00+00:00,2025-06-19 01:35:00+00:00,2025-06-19 01:35:00+00:00,1.14707,1.14667,1.14767,1.14666,STOP,0.0004,-1.0250000000000536,-1.1500000000000536,-0.41000000000002146
N3_ANCHOR_REVERSION,NEUTRAL,LONG,2025-06-19 02:00:00+00:00,2025-06-19 02:05:00+00:00,2025-06-19 02:05:00+00:00,2025-06-19 02:10:00+00:00,1.14579,1.1453900000000001,1.14639,1.14538,STOP,0.0004,-1.0250000000000536,-1.1500000000000536,-0.41000000000002146
N3_ANCHOR_REVERSION,NEUTRAL,LONG,2025-06-19 06:20:00+00:00,2025-06-19 06:25:00+00:00,2025-06-19 06:25:00+00:00,2025-06-19 06:25:00+00:00,1.14559,1.1451900000000002,1.14619,1.14518,STOP,0.0004,-1.0250000000000536,-1.1500000000000536,-0.41000000000002146
N3_ANCHOR_REVERSION,NEUTRAL,SHORT,2025-06-20 01:00:00+00:00,2025-06-20 01:05:00+00:00,2025-06-20 01:05:00+00:00,2025-06-20 01:20:00+00:00,1.15187,1.15227,1.15127,1.15228,STOP,0.0004,-1.0250000000000536,-1.1500000000000536,-0.41000000000002146
N3_ANCHOR_REVERSION,NEUTRAL,SHORT,2025-06-20 01:35:00+00:00,2025-06-20 01:40:00+00:00,2025-06-20 01:40:00+00:00,2025-06-20 02:35:00+00:00,1.1516899999999999,1.1520899999999998,1.15109,1.1521,STOP,0.0004,-1.0250000000000536,-1.1500000000000536,-0.41000000000002146
N3_ANCHOR_REVERSION,NEUTRAL,SHORT,2025-06-20 05:00:00+00:00,2025-06-20 05:05:00+00:00,2025-06-20 05:05:00+00:00,2025-06-20 05:30:00+00:00,1.15263,1.15303,1.15203,1.1520400000000002,TARGET,0.0004,1.474999999999671,1.349999999999671,0.5899999999998684
N3_ANCHOR_REVERSION,NEUTRAL,LONG,2025-06-20 07:05:00+00:00,2025-06-20 07:10:00+00:00,2025-06-20 07:10:00+00:00,2025-06-20 07:35:00+00:00,1.15162,1.1512200000000001,1.15222,1.15121,STOP,0.0004,-1.0250000000000536,-1.1500000000000536,-0.41000000000002146
N3_ANCHOR_REVERSION,NEUTRAL,SHORT,2025-06-23 02:35:00+00:00,2025-06-23 02:40:00+00:00,2025-06-23 02:40:00+00:00,2025-06-23 03:10:00+00:00,1.1503299999999999,1.1507299999999998,1.14973,1.14974,TARGET,0.0004,1.474999999999671,1.349999999999671,0.5899999999998684
N3_ANCHOR_REVERSION,NEUTRAL,LONG,2025-06-23 04:45:00+00:00,2025-06-23 04:50:00+00:00,2025-06-23 04:50:00+00:00,2025-06-23 05:00:00+00:00,1.14893,1.14853,1.14953,1.1495199999999999,TARGET,0.0004,1.474999999999671,1.349999999999671,0.5899999999998684
N3_ANCHOR_REVERSION,NEUTRAL,SHORT,2025-06-23 05:20:00+00:00,2025-06-23 05:25:00+00:00,2025-06-23 05:25:00+00:00,2025-06-23 05:30:00+00:00,1.15004,1.15044,1.14944,1.15045,STOP,0.0004,-1.0250000000000536,-1.1500000000000536,-0.41000000000002146
N3_ANCHOR_REVERSION,NEUTRAL,SHORT,2025-06-23 05:50:00+00:00,2025-06-23 05:55:00+00:00,2025-06-23 05:55:00+00:00,2025-06-23 05:55:00+00:00,1.15093,1.15133,1.15033,1.15134,STOP,0.0004,-1.0250000000000536,-1.1500000000000536,-0.41000000000002146
N3_ANCHOR_REVERSION,NEUTRAL,SHORT,2025-06-24 00:00:00+00:00,2025-06-24 00:05:00+00:00,2025-06-24 00:05:00+00:00,2025-06-24 00:30:00+00:00,1.15959,1.1599899999999999,1.15899,1.16,STOP,0.0004,-1.0250000000000536,-1.1500000000000536,-0.41000000000002146
N3_ANCHOR_REVERSION,NEUTRAL,SHORT,2025-07-02 20:00:00+00:00,2025-07-02 20:05:00+00:00,2025-07-02 20:05:00+00:00,2025-07-02 21:45:00+00:00,1.17991,1.18031,1.17931,1.1793200000000001,TARGET,0.0004,1.474999999999671,1.349999999999671,0.5899999999998684
N3_ANCHOR_REVERSION,NEUTRAL,SHORT,2025-07-03 00:20:00+00:00,2025-07-03 00:25:00+00:00,2025-07-03 00:25:00+00:00,2025-07-03 00:40:00+00:00,1.18037,1.1807699999999999,1.17977,1.18078,STOP,0.0004,-1.0250000000000536,-1.1500000000000536,-0.41000000000002146
N3_ANCHOR_REVERSION,NEUTRAL,SHORT,2025-07-03 00:45:00+00:00,2025-07-03 00:50:00+00:00,2025-07-03 00:50:00+00:00,2025-07-03 01:00:00+00:00,1.18062,1.18102,1.18002,1.18103,STOP,0.0004,-1.0250000000000536,-1.1500000000000536,-0.41000000000002146
N3_ANCHOR_REVERSION,NEUTRAL,SHORT,2025-07-03 01:30:00+00:00,2025-07-03 01:35:00+00:00,2025-07-03 01:35:00+00:00,2025-07-03 02:05:00+00:00,1.1807999999999998,1.1811999999999998,1.1802,1.18021,TARGET,0.0004,1.474999999999671,1.349999999999671,0.5899999999998684
N3_ANCHOR_REVERSION,NEUTRAL,LONG,2025-07-03 03:40:00+00:00,2025-07-03 03:45:00+00:00,2025-07-03 03:45:00+00:00,2025-07-03 03:50:00+00:00,1.17944,1.17904,1.18004,1.17903,STOP,0.0004,-1.0250000000000536,-1.1500000000000536,-0.41000000000002146
N3_ANCHOR_REVERSION,NEUTRAL,SHORT,2025-07-04 00:20:00+00:00,2025-07-04 00:25:00+00:00,2025-07-04 00:25:00+00:00,2025-07-04 01:40:00+00:00,1.17671,1.1771099999999999,1.17611,1.17612,TARGET,0.0004,1.474999999999671,1.349999999999671,0.5899999999998684
N3_ANCHOR_REVERSION,NEUTRAL,LONG,2025-07-07 07:10:00+00:00,2025-07-07 07:15:00+00:00,2025-07-07 07:15:00+00:00,2025-07-07 07:25:00+00:00,1.1756900000000001,1.1752900000000002,1.17629,1.17528,STOP,0.0004,-1.0250000000000536,-1.1500000000000536,-0.41000000000002146
N3_ANCHOR_REVERSION,NEUTRAL,LONG,2025-07-07 07:35:00+00:00,2025-07-07 07:40:00+00:00,2025-07-07 07:40:00+00:00,2025-07-07 07:40:00+00:00,1.1752900000000002,1.1748900000000002,1.17589,1.1748800000000001,STOP,0.0004,-1.0250000000000536,-1.1500000000000536,-0.41000000000002146
N3_ANCHOR_REVERSION,NEUTRAL,LONG,2025-07-07 07:45:00+00:00,2025-07-07 07:50:00+00:00,2025-07-07 07:50:00+00:00,2025-07-07 07:50:00+00:00,1.1751900000000002,1.1747900000000002,1.1757900000000001,1.1747800000000002,STOP,0.0004,-1.0250000000000536,-1.1500000000000536,-0.41000000000002146
N3_ANCHOR_REVERSION,NEUTRAL,LONG,2025-07-07 08:10:00+00:00,2025-07-07 08:15:00+00:00,2025-07-07 08:15:00+00:00,2025-07-07 08:25:00+00:00,1.1739700000000002,1.1735700000000002,1.1745700000000001,1.1735600000000002,STOP,0.0004,-1.0250000000000536,-1.1500000000000536,-0.41000000000002146
N3_ANCHOR_REVERSION,NEUTRAL,LONG,2025-07-10 12:55:00+00:00,2025-07-10 13:00:00+00:00,2025-07-10 13:00:00+00:00,2025-07-10 13:05:00+00:00,1.17073,1.17033,1.17133,1.17132,TARGET,0.0004,1.474999999999671,1.349999999999671,0.5899999999998684
N3_ANCHOR_REVERSION,NEUTRAL,LONG,2025-07-10 13:35:00+00:00,2025-07-10 13:40:00+00:00,2025-07-10 13:40:00+00:00,2025-07-10 13:40:00+00:00,1.1703700000000001,1.1699700000000002,1.17097,1.16996,STOP,0.0004,-1.0250000000000536,-1.1500000000000536,-0.41000000000002146
N3_ANCHOR_REVERSION,NEUTRAL,LONG,2025-07-10 14:30:00+00:00,2025-07-10 14:35:00+00:00,2025-07-10 14:35:00+00:00,2025-07-10 14:35:00+00:00,1.16758,1.16718,1.16818,1.16717,STOP,0.0004,-1.0250000000000536,-1.1500000000000536,-0.41000000000002146
N3_ANCHOR_REVERSION,NEUTRAL,LONG,2025-07-10 14:45:00+00:00,2025-07-10 14:50:00+00:00,2025-07-10 14:50:00+00:00,2025-07-10 14:50:00+00:00,1.16839,1.16799,1.16899,1.16798,STOP,0.0004,-1.0250000000000536,-1.1500000000000536,-0.41000000000002146
N3_ANCHOR_REVERSION,NEUTRAL,LONG,2025-07-11 00:45:00+00:00,2025-07-11 00:50:00+00:00,2025-07-11 00:50:00+00:00,2025-07-11 00:50:00+00:00,1.1672,1.1668,1.1678,1.16679,STOP,0.0004,-1.0250000000000536,-1.1500000000000536,-0.41000000000002146
N3_ANCHOR_REVERSION,NEUTRAL,SHORT,2025-07-21 12:25:00+00:00,2025-07-21 12:30:00+00:00,2025-07-21 12:30:00+00:00,2025-07-21 12:35:00+00:00,1.16662,1.16702,1.16602,1.16703,STOP,0.0004,-1.0250000000000536,-1.1500000000000536,-0.41000000000002146
N3_ANCHOR_REVERSION,NEUTRAL,SHORT,2025-07-21 12:35:00+00:00,2025-07-21 12:40:00+00:00,2025-07-21 12:40:00+00:00,2025-07-21 13:05:00+00:00,1.16668,1.16708,1.16608,1.16609,TARGET,0.0004,1.474999999999671,1.349999999999671,0.5899999999998684
N3_ANCHOR_REVERSION,NEUTRAL,SHORT,2025-07-21 14:15:00+00:00,2025-07-21 14:20:00+00:00,2025-07-21 14:20:00+00:00,2025-07-21 14:25:00+00:00,1.16776,1.1681599999999999,1.16716,1.16817,STOP,0.0004,-1.0250000000000536,-1.1500000000000536,-0.41000000000002146
N3_ANCHOR_REVERSION,NEUTRAL,SHORT,2025-07-21 14:40:00+00:00,2025-07-21 14:45:00+00:00,2025-07-21 14:45:00+00:00,2025-07-21 14:50:00+00:00,1.1687999999999998,1.1691999999999998,1.1682,1.1692099999999999,STOP,0.0004,-1.0250000000000536,-1.1500000000000536,-0.41000000000002146
N3_ANCHOR_REVERSION,NEUTRAL,SHORT,2025-07-25 18:10:00+00:00,2025-07-25 18:15:00+00:00,2025-07-25 18:15:00+00:00,2025-07-25 18:45:00+00:00,1.17388,1.17428,1.17328,1.17429,STOP,0.0004,-1.0250000000000536,-1.1500000000000536,-0.41000000000002146
N3_ANCHOR_REVERSION,NEUTRAL,SHORT,2025-07-25 19:00:00+00:00,2025-07-25 19:05:00+00:00,2025-07-25 19:05:00+00:00,2025-07-25 20:55:00+00:00,1.17438,1.17478,1.17378,1.17435,TIME_12H,0.0004,0.07499999999993623,-0.05000000000006377,0.02999999999997449
N3_ANCHOR_REVERSION,NEUTRAL,SHORT,2025-07-28 01:10:00+00:00,2025-07-28 01:15:00+00:00,2025-07-28 01:15:00+00:00,2025-07-28 01:30:00+00:00,1.1765299999999999,1.1769299999999998,1.17593,1.17594,TARGET,0.0004,1.474999999999671,1.349999999999671,0.5899999999998684
N3_ANCHOR_REVERSION,NEUTRAL,LONG,2025-07-28 04:45:00+00:00,2025-07-28 04:50:00+00:00,2025-07-28 04:50:00+00:00,2025-07-28 05:05:00+00:00,1.1749800000000001,1.1745800000000002,1.17558,1.1745700000000001,STOP,0.0004,-1.0250000000000536,-1.1500000000000536,-0.41000000000002146
N3_ANCHOR_REVERSION,NEUTRAL,LONG,2025-07-28 10:25:00+00:00,2025-07-28 10:30:00+00:00,2025-07-28 10:30:00+00:00,2025-07-28 10:40:00+00:00,1.16601,1.16561,1.16661,1.1665999999999999,TARGET,0.0004,1.474999999999671,1.349999999999671,0.5899999999998684
N3_ANCHOR_REVERSION,NEUTRAL,LONG,2025-07-28 10:40:00+00:00,2025-07-28 10:45:00+00:00,2025-07-28 10:45:00+00:00,2025-07-28 10:45:00+00:00,1.1668100000000001,1.1664100000000002,1.16741,1.1664,STOP,0.0004,-1.0250000000000536,-1.1500000000000536,-0.41000000000002146
N3_ANCHOR_REVERSION,NEUTRAL,LONG,2025-07-29 01:05:00+00:00,2025-07-29 01:10:00+00:00,2025-07-29 01:10:00+00:00,2025-07-29 01:20:00+00:00,1.15886,1.15846,1.15946,1.1594499999999999,TARGET,0.0004,1.474999999999671,1.349999999999671,0.5899999999998684
N3_ANCHOR_REVERSION,NEUTRAL,LONG,2025-07-29 04:20:00+00:00,2025-07-29 04:25:00+00:00,2025-07-29 04:25:00+00:00,2025-07-29 04:35:00+00:00,1.15805,1.15765,1.15865,1.15764,STOP,0.0004,-1.0250000000000536,-1.1500000000000536,-0.41000000000002146
N3_ANCHOR_REVERSION,NEUTRAL,LONG,2025-07-29 04:35:00+00:00,2025-07-29 04:40:00+00:00,2025-07-29 04:40:00+00:00,2025-07-29 04:55:00+00:00,1.15801,1.15761,1.15861,1.1585999999999999,TARGET,0.0004,1.474999999999671,1.349999999999671,0.5899999999998684
N3_ANCHOR_REVERSION,NEUTRAL,LONG,2025-07-29 13:00:00+00:00,2025-07-29 13:05:00+00:00,2025-07-29 13:05:00+00:00,2025-07-29 13:10:00+00:00,1.1528800000000001,1.1524800000000002,1.15348,1.15247,STOP,0.0004,-1.0250000000000536,-1.1500000000000536,-0.41000000000002146
N3_ANCHOR_REVERSION,NEUTRAL,LONG,2025-07-30 22:00:00+00:00,2025-07-30 22:05:00+00:00,2025-07-30 22:05:00+00:00,2025-07-30 22:40:00+00:00,1.14159,1.1411900000000001,1.14219,1.14218,TARGET,0.0004,1.474999999999671,1.349999999999671,0.5899999999998684
N3_ANCHOR_REVERSION,NEUTRAL,SHORT,2025-07-30 23:55:00+00:00,2025-07-31 00:00:00+00:00,2025-07-31 00:00:00+00:00,2025-07-31 00:00:00+00:00,1.1427699999999998,1.1431699999999998,1.14217,1.1431799999999999,STOP,0.0004,-1.0250000000000536,-1.1500000000000536,-0.41000000000002146
N3_ANCHOR_REVERSION,NEUTRAL,SHORT,2025-07-31 00:25:00+00:00,2025-07-31 00:30:00+00:00,2025-07-31 00:30:00+00:00,2025-07-31 01:05:00+00:00,1.14337,1.14377,1.14277,1.1427800000000001,TARGET,0.0004,1.474999999999671,1.349999999999671,0.5899999999998684
N3_ANCHOR_REVERSION,NEUTRAL,SHORT,2025-07-31 05:05:00+00:00,2025-07-31 05:10:00+00:00,2025-07-31 05:10:00+00:00,2025-07-31 05:10:00+00:00,1.14337,1.14377,1.14277,1.14378,STOP,0.0004,-1.0250000000000536,-1.1500000000000536,-0.41000000000002146
N3_ANCHOR_REVERSION,NEUTRAL,SHORT,2025-07-31 05:40:00+00:00,2025-07-31 05:45:00+00:00,2025-07-31 05:45:00+00:00,2025-07-31 06:00:00+00:00,1.14364,1.14404,1.14304,1.14405,STOP,0.0004,-1.0250000000000536,-1.1500000000000536,-0.41000000000002146
N3_ANCHOR_REVERSION,NEUTRAL,LONG,2025-08-01 17:15:00+00:00,2025-08-01 17:20:00+00:00,2025-08-01 17:20:00+00:00,2025-08-01 17:20:00+00:00,1.1525,1.1521000000000001,1.1531,1.15309,TARGET,0.0004,1.474999999999671,1.349999999999671,0.5899999999998684
N3_ANCHOR_REVERSION,NEUTRAL,SHORT,2025-08-01 20:55:00+00:00,2025-08-01 21:00:00+00:00,2025-08-03 21:00:00+00:00,2025-08-03 21:00:00+00:00,1.15909,1.15949,1.15849,1.1595,STOP,0.0004,-1.0250000000000536,-1.1500000000000536,-0.41000000000002146
N3_ANCHOR_REVERSION,NEUTRAL,SHORT,2025-08-03 22:05:00+00:00,2025-08-03 22:10:00+00:00,2025-08-03 22:10:00+00:00,2025-08-03 22:15:00+00:00,1.1589399999999999,1.1593399999999998,1.15834,1.15835,TARGET,0.0004,1.474999999999671,1.349999999999671,0.5899999999998684
N3_ANCHOR_REVERSION,NEUTRAL,LONG,2025-08-04 00:35:00+00:00,2025-08-04 00:40:00+00:00,2025-08-04 00:40:00+00:00,2025-08-04 00:40:00+00:00,1.1566800000000002,1.1562800000000002,1.15728,1.1562700000000001,STOP,0.0004,-1.0250000000000536,-1.1500000000000536,-0.41000000000002146
N3_ANCHOR_REVERSION,NEUTRAL,LONG,2025-08-11 11:55:00+00:00,2025-08-11 12:00:00+00:00,2025-08-11 12:00:00+00:00,2025-08-11 12:00:00+00:00,1.16294,1.1625400000000001,1.16354,1.16253,STOP,0.0004,-1.0250000000000536,-1.1500000000000536,-0.41000000000002146
N3_ANCHOR_REVERSION,NEUTRAL,LONG,2025-08-11 12:20:00+00:00,2025-08-11 12:25:00+00:00,2025-08-11 12:25:00+00:00,2025-08-11 12:25:00+00:00,1.1623400000000002,1.1619400000000002,1.16294,1.1619300000000001,STOP,0.0004,-1.0250000000000536,-1.1500000000000536,-0.41000000000002146
N3_ANCHOR_REVERSION,NEUTRAL,LONG,2025-08-11 12:40:00+00:00,2025-08-11 12:45:00+00:00,2025-08-11 12:45:00+00:00,2025-08-11 13:40:00+00:00,1.16194,1.16154,1.16254,1.1625299999999998,TARGET,0.0004,1.474999999999671,1.349999999999671,0.5899999999998684
N3_ANCHOR_REVERSION,NEUTRAL,LONG,2025-08-11 15:20:00+00:00,2025-08-11 15:25:00+00:00,2025-08-11 15:25:00+00:00,2025-08-11 15:25:00+00:00,1.15967,1.15927,1.16027,1.1602599999999998,TARGET,0.0004,1.474999999999671,1.349999999999671,0.5899999999998684
N3_ANCHOR_REVERSION,NEUTRAL,SHORT,2025-08-12 00:40:00+00:00,2025-08-12 00:45:00+00:00,2025-08-12 00:45:00+00:00,2025-08-12 01:35:00+00:00,1.1617499999999998,1.1621499999999998,1.16115,1.1621599999999999,STOP,0.0004,-1.0250000000000536,-1.1500000000000536,-0.41000000000002146
N3_ANCHOR_REVERSION,NEUTRAL,SHORT,2025-08-12 15:30:00+00:00,2025-08-12 15:35:00+00:00,2025-08-12 15:35:00+00:00,2025-08-12 15:35:00+00:00,1.16766,1.1680599999999999,1.16706,1.16807,STOP,0.0004,-1.0250000000000536,-1.1500000000000536,-0.41000000000002146
N3_ANCHOR_REVERSION,NEUTRAL,SHORT,2025-08-12 15:50:00+00:00,2025-08-12 15:55:00+00:00,2025-08-12 15:55:00+00:00,2025-08-12 15:55:00+00:00,1.16817,1.1685699999999999,1.16757,1.16758,TARGET,0.0004,1.474999999999671,1.349999999999671,0.5899999999998684
N3_ANCHOR_REVERSION,NEUTRAL,SHORT,2025-08-12 17:00:00+00:00,2025-08-12 17:05:00+00:00,2025-08-12 17:05:00+00:00,2025-08-12 17:15:00+00:00,1.16732,1.1677199999999999,1.16672,1.16773,STOP,0.0004,-1.0250000000000536,-1.1500000000000536,-0.41000000000002146
N3_ANCHOR_REVERSION,NEUTRAL,SHORT,2025-08-13 01:15:00+00:00,2025-08-13 01:20:00+00:00,2025-08-13 01:20:00+00:00,2025-08-13 02:05:00+00:00,1.1682,1.1685999999999999,1.1676,1.16761,TARGET,0.0004,1.474999999999671,1.349999999999671,0.5899999999998684
N3_ANCHOR_REVERSION,NEUTRAL,LONG,2025-08-13 13:05:00+00:00,2025-08-13 13:10:00+00:00,2025-08-13 13:10:00+00:00,2025-08-13 13:10:00+00:00,1.1698000000000002,1.1694000000000002,1.1704,1.1693900000000002,STOP,0.0004,-1.0250000000000536,-1.1500000000000536,-0.41000000000002146
N3_ANCHOR_REVERSION,NEUTRAL,SHORT,2025-08-15 01:50:00+00:00,2025-08-15 01:55:00+00:00,2025-08-15 01:55:00+00:00,2025-08-15 03:05:00+00:00,1.16556,1.1659599999999999,1.16496,1.16597,STOP,0.0004,-1.0250000000000536,-1.1500000000000536,-0.41000000000002146
N3_ANCHOR_REVERSION,NEUTRAL,SHORT,2025-08-15 14:05:00+00:00,2025-08-15 14:10:00+00:00,2025-08-15 14:10:00+00:00,2025-08-15 14:10:00+00:00,1.1708399999999999,1.1712399999999998,1.17024,1.17125,STOP,0.0004,-1.0250000000000536,-1.1500000000000536,-0.41000000000002146
N3_ANCHOR_REVERSION,NEUTRAL,SHORT,2025-08-17 22:00:00+00:00,2025-08-17 22:05:00+00:00,2025-08-17 22:05:00+00:00,2025-08-17 23:20:00+00:00,1.17113,1.17153,1.17053,1.1705400000000001,TARGET,0.0004,1.474999999999671,1.349999999999671,0.5899999999998684
N3_ANCHOR_REVERSION,NEUTRAL,LONG,2025-08-18 00:45:00+00:00,2025-08-18 00:50:00+00:00,2025-08-18 00:50:00+00:00,2025-08-18 01:05:00+00:00,1.17036,1.16996,1.17096,1.16995,STOP,0.0004,-1.0250000000000536,-1.1500000000000536,-0.41000000000002146
N3_ANCHOR_REVERSION,NEUTRAL,LONG,2025-08-18 17:00:00+00:00,2025-08-18 17:05:00+00:00,2025-08-18 17:05:00+00:00,2025-08-18 17:15:00+00:00,1.16615,1.16575,1.16675,1.16574,STOP,0.0004,-1.0250000000000536,-1.1500000000000536,-0.41000000000002146
N3_ANCHOR_REVERSION,NEUTRAL,SHORT,2025-08-18 19:30:00+00:00,2025-08-18 19:35:00+00:00,2025-08-18 19:35:00+00:00,2025-08-18 20:50:00+00:00,1.16686,1.16726,1.16626,1.1662700000000001,TARGET,0.0004,1.474999999999671,1.349999999999671,0.5899999999998684
N3_ANCHOR_REVERSION,NEUTRAL,SHORT,2025-08-19 11:20:00+00:00,2025-08-19 11:25:00+00:00,2025-08-19 11:25:00+00:00,2025-08-19 12:05:00+00:00,1.16858,1.16898,1.16798,1.16799,TARGET,0.0004,1.474999999999671,1.349999999999671,0.5899999999998684
N3_ANCHOR_REVERSION,NEUTRAL,LONG,2025-08-19 13:20:00+00:00,2025-08-19 13:25:00+00:00,2025-08-19 13:25:00+00:00,2025-08-19 14:10:00+00:00,1.16733,1.16693,1.16793,1.16692,STOP,0.0004,-1.0250000000000536,-1.1500000000000536,-0.41000000000002146
N3_ANCHOR_REVERSION,NEUTRAL,LONG,2025-08-21 06:55:00+00:00,2025-08-21 07:00:00+00:00,2025-08-21 07:00:00+00:00,2025-08-21 07:00:00+00:00,1.16306,1.16266,1.16366,1.16265,STOP,0.0004,-1.0250000000000536,-1.1500000000000536,-0.41000000000002146
N3_ANCHOR_REVERSION,NEUTRAL,LONG,2025-08-21 07:05:00+00:00,2025-08-21 07:10:00+00:00,2025-08-21 07:10:00+00:00,2025-08-21 07:15:00+00:00,1.1633,1.1629,1.1639,1.1638899999999999,TARGET,0.0004,1.474999999999671,1.349999999999671,0.5899999999998684
N3_ANCHOR_REVERSION,NEUTRAL,SHORT,2025-08-21 07:40:00+00:00,2025-08-21 07:45:00+00:00,2025-08-21 07:45:00+00:00,2025-08-21 07:50:00+00:00,1.16549,1.1658899999999999,1.16489,1.1659,STOP,0.0004,-1.0250000000000536,-1.1500000000000536,-0.41000000000002146
N3_ANCHOR_REVERSION,NEUTRAL,SHORT,2025-08-22 17:55:00+00:00,2025-08-22 18:00:00+00:00,2025-08-22 18:00:00+00:00,2025-08-22 18:20:00+00:00,1.17366,1.1740599999999999,1.17306,1.17307,TARGET,0.0004,1.474999999999671,1.349999999999671,0.5899999999998684
N3_ANCHOR_REVERSION,NEUTRAL,SHORT,2025-08-22 20:45:00+00:00,2025-08-22 20:50:00+00:00,2025-08-22 20:50:00+00:00,2025-08-22 20:55:00+00:00,1.1725999999999999,1.1729999999999998,1.172,1.17201,TARGET,0.0004,1.474999999999671,1.349999999999671,0.5899999999998684
N3_ANCHOR_REVERSION,NEUTRAL,SHORT,2025-08-24 21:30:00+00:00,2025-08-24 21:35:00+00:00,2025-08-24 21:35:00+00:00,2025-08-24 22:10:00+00:00,1.1724299999999999,1.1728299999999998,1.17183,1.17184,TARGET,0.0004,1.474999999999671,1.349999999999671,0.5899999999998684
N3_ANCHOR_REVERSION,NEUTRAL,LONG,2025-08-25 00:10:00+00:00,2025-08-25 00:15:00+00:00,2025-08-25 00:15:00+00:00,2025-08-25 00:15:00+00:00,1.17026,1.1698600000000001,1.17086,1.16985,STOP,0.0004,-1.0250000000000536,-1.1500000000000536,-0.41000000000002146
N3_ANCHOR_REVERSION,NEUTRAL,LONG,2025-08-25 00:40:00+00:00,2025-08-25 00:45:00+00:00,2025-08-25 00:45:00+00:00,2025-08-25 01:30:00+00:00,1.16992,1.1695200000000001,1.17052,1.16951,STOP,0.0004,-1.0250000000000536,-1.1500000000000536,-0.41000000000002146
N3_ANCHOR_REVERSION,NEUTRAL,LONG,2025-08-26 04:15:00+00:00,2025-08-26 04:20:00+00:00,2025-08-26 04:20:00+00:00,2025-08-26 05:30:00+00:00,1.16283,1.16243,1.16343,1.16342,TARGET,0.0004,1.474999999999671,1.349999999999671,0.5899999999998684
N3_ANCHOR_REVERSION,NEUTRAL,SHORT,2025-08-26 05:45:00+00:00,2025-08-26 05:50:00+00:00,2025-08-26 05:50:00+00:00,2025-08-26 05:50:00+00:00,1.1637499999999998,1.1641499999999998,1.16315,1.1641599999999999,STOP,0.0004,-1.0250000000000536,-1.1500000000000536,-0.41000000000002146
N3_ANCHOR_REVERSION,NEUTRAL,SHORT,2025-08-26 05:55:00+00:00,2025-08-26 06:00:00+00:00,2025-08-26 06:00:00+00:00,2025-08-26 06:05:00+00:00,1.16408,1.16448,1.16348,1.1634900000000001,TARGET,0.0004,1.474999999999671,1.349999999999671,0.5899999999998684
N3_ANCHOR_REVERSION,NEUTRAL,LONG,2025-08-27 06:10:00+00:00,2025-08-27 06:15:00+00:00,2025-08-27 06:15:00+00:00,2025-08-27 06:55:00+00:00,1.16194,1.16154,1.16254,1.16153,STOP,0.0004,-1.0250000000000536,-1.1500000000000536,-0.41000000000002146
N3_ANCHOR_REVERSION,NEUTRAL,LONG,2025-08-27 07:50:00+00:00,2025-08-27 07:55:00+00:00,2025-08-27 07:55:00+00:00,2025-08-27 08:00:00+00:00,1.16033,1.1599300000000001,1.16093,1.15992,STOP,0.0004,-1.0250000000000536,-1.1500000000000536,-0.41000000000002146
N3_ANCHOR_REVERSION,NEUTRAL,LONG,2025-08-27 08:15:00+00:00,2025-08-27 08:20:00+00:00,2025-08-27 08:20:00+00:00,2025-08-27 08:25:00+00:00,1.15937,1.15897,1.15997,1.15896,STOP,0.0004,-1.0250000000000536,-1.1500000000000536,-0.41000000000002146
N3_ANCHOR_REVERSION,NEUTRAL,LONG,2025-08-27 08:35:00+00:00,2025-08-27 08:40:00+00:00,2025-08-27 08:40:00+00:00,2025-08-27 09:00:00+00:00,1.15833,1.1579300000000001,1.15893,1.15892,TARGET,0.0004,1.474999999999671,1.349999999999671,0.5899999999998684
N3_ANCHOR_REVERSION,NEUTRAL,SHORT,2025-08-28 00:05:00+00:00,2025-08-28 00:10:00+00:00,2025-08-28 00:10:00+00:00,2025-08-28 01:05:00+00:00,1.1644299999999999,1.1648299999999998,1.16383,1.1648399999999999,STOP,0.0004,-1.0250000000000536,-1.1500000000000536,-0.41000000000002146
N3_ANCHOR_REVERSION,NEUTRAL,SHORT,2025-08-28 01:30:00+00:00,2025-08-28 01:35:00+00:00,2025-08-28 01:35:00+00:00,2025-08-28 02:00:00+00:00,1.16452,1.16492,1.16392,1.16493,STOP,0.0004,-1.0250000000000536,-1.1500000000000536,-0.41000000000002146
N3_ANCHOR_REVERSION,NEUTRAL,SHORT,2025-08-28 02:35:00+00:00,2025-08-28 02:40:00+00:00,2025-08-28 02:40:00+00:00,2025-08-28 02:40:00+00:00,1.16486,1.16526,1.16426,1.16527,STOP,0.0004,-1.0250000000000536,-1.1500000000000536,-0.41000000000002146
N3_ANCHOR_REVERSION,NEUTRAL,LONG,2025-08-28 04:10:00+00:00,2025-08-28 04:15:00+00:00,2025-08-28 04:15:00+00:00,2025-08-28 05:30:00+00:00,1.16418,1.16378,1.16478,1.16377,STOP,0.0004,-1.0250000000000536,-1.1500000000000536,-0.41000000000002146
N3_ANCHOR_REVERSION,NEUTRAL,SHORT,2025-08-29 17:45:00+00:00,2025-08-29 17:50:00+00:00,2025-08-29 17:50:00+00:00,2025-08-29 20:35:00+00:00,1.16987,1.17027,1.16927,1.16928,TARGET,0.0004,1.474999999999671,1.349999999999671,0.5899999999998684
N3_ANCHOR_REVERSION,NEUTRAL,LONG,2025-08-29 20:50:00+00:00,2025-08-29 20:55:00+00:00,2025-08-29 20:55:00+00:00,2025-08-29 20:55:00+00:00,1.16876,1.16836,1.16936,1.16835,STOP,0.0004,-1.0250000000000536,-1.1500000000000536,-0.41000000000002146
N3_ANCHOR_REVERSION,NEUTRAL,LONG,2025-08-31 21:50:00+00:00,2025-08-31 21:55:00+00:00,2025-08-31 21:55:00+00:00,2025-08-31 22:00:00+00:00,1.16909,1.16869,1.16969,1.16868,STOP,0.0004,-1.0250000000000536,-1.1500000000000536,-0.41000000000002146
N3_ANCHOR_REVERSION,NEUTRAL,LONG,2025-08-31 22:55:00+00:00,2025-08-31 23:00:00+00:00,2025-08-31 23:00:00+00:00,2025-09-01 00:30:00+00:00,1.16894,1.1685400000000001,1.16954,1.16953,TARGET,0.0004,1.474999999999671,1.349999999999671,0.5899999999998684
N3_ANCHOR_REVERSION,NEUTRAL,SHORT,2025-09-01 00:50:00+00:00,2025-09-01 00:55:00+00:00,2025-09-01 00:55:00+00:00,2025-09-01 01:20:00+00:00,1.16959,1.1699899999999999,1.16899,1.169,TARGET,0.0004,1.474999999999671,1.349999999999671,0.5899999999998684
N3_ANCHOR_REVERSION,NEUTRAL,SHORT,2025-09-01 02:10:00+00:00,2025-09-01 02:15:00+00:00,2025-09-01 02:15:00+00:00,2025-09-01 02:15:00+00:00,1.17005,1.17045,1.16945,1.17046,STOP,0.0004,-1.0250000000000536,-1.1500000000000536,-0.41000000000002146
N3_ANCHOR_REVERSION,NEUTRAL,SHORT,2025-09-01 02:35:00+00:00,2025-09-01 02:40:00+00:00,2025-09-01 02:40:00+00:00,2025-09-01 02:50:00+00:00,1.17044,1.1708399999999999,1.16984,1.17085,STOP,0.0004,-1.0250000000000536,-1.1500000000000536,-0.41000000000002146
N3_ANCHOR_REVERSION,NEUTRAL,SHORT,2025-09-01 09:00:00+00:00,2025-09-01 09:05:00+00:00,2025-09-01 09:05:00+00:00,2025-09-01 09:10:00+00:00,1.1731699999999998,1.1735699999999998,1.17257,1.17258,TARGET,0.0004,1.474999999999671,1.349999999999671,0.5899999999998684
N3_ANCHOR_REVERSION,NEUTRAL,LONG,2025-09-02 12:40:00+00:00,2025-09-02 12:45:00+00:00,2025-09-02 12:45:00+00:00,2025-09-02 12:45:00+00:00,1.1620000000000001,1.1616000000000002,1.1626,1.1615900000000001,STOP,0.0004,-1.0250000000000536,-1.1500000000000536,-0.41000000000002146
N3_ANCHOR_REVERSION,NEUTRAL,SHORT,2025-09-05 09:35:00+00:00,2025-09-05 09:40:00+00:00,2025-09-05 09:40:00+00:00,2025-09-05 10:00:00+00:00,1.1684999999999999,1.1688999999999998,1.1679,1.16891,STOP,0.0004,-1.0250000000000536,-1.1500000000000536,-0.41000000000002146
N3_ANCHOR_REVERSION,NEUTRAL,SHORT,2025-09-05 10:50:00+00:00,2025-09-05 10:55:00+00:00,2025-09-05 10:55:00+00:00,2025-09-05 11:15:00+00:00,1.16943,1.16983,1.16883,1.16884,TARGET,0.0004,1.474999999999671,1.349999999999671,0.5899999999998684
N3_ANCHOR_REVERSION,NEUTRAL,SHORT,2025-09-05 12:20:00+00:00,2025-09-05 12:25:00+00:00,2025-09-05 12:25:00+00:00,2025-09-05 12:25:00+00:00,1.16969,1.1700899999999999,1.16909,1.1701,STOP,0.0004,-1.0250000000000536,-1.1500000000000536,-0.41000000000002146
N3_ANCHOR_REVERSION,NEUTRAL,SHORT,2025-09-05 12:35:00+00:00,2025-09-05 12:40:00+00:00,2025-09-05 12:40:00+00:00,2025-09-05 12:40:00+00:00,1.1729399999999999,1.1733399999999998,1.17234,1.17335,STOP,0.0004,-1.0250000000000536,-1.1500000000000536,-0.41000000000002146
N3_ANCHOR_REVERSION,NEUTRAL,LONG,2025-09-19 00:15:00+00:00,2025-09-19 00:20:00+00:00,2025-09-19 00:20:00+00:00,2025-09-19 00:50:00+00:00,1.17789,1.1774900000000001,1.17849,1.17848,TARGET,0.0004,1.474999999999671,1.349999999999671,0.5899999999998684
N3_ANCHOR_REVERSION,NEUTRAL,SHORT,2025-09-19 03:30:00+00:00,2025-09-19 03:35:00+00:00,2025-09-19 03:35:00+00:00,2025-09-19 03:50:00+00:00,1.17896,1.17936,1.17836,1.1783700000000001,TARGET,0.0004,1.474999999999671,1.349999999999671,0.5899999999998684
N3_ANCHOR_REVERSION,NEUTRAL,LONG,2025-09-23 05:05:00+00:00,2025-09-23 05:10:00+00:00,2025-09-23 05:10:00+00:00,2025-09-23 05:35:00+00:00,1.17985,1.17945,1.18045,1.18045,TARGET,0.0004,1.4999999999998348,1.3749999999998348,0.5999999999999339
N3_ANCHOR_REVERSION,NEUTRAL,LONG,2025-09-24 09:00:00+00:00,2025-09-24 09:05:00+00:00,2025-09-24 09:05:00+00:00,2025-09-24 09:10:00+00:00,1.17743,1.17703,1.17803,1.17702,STOP,0.0004,-1.0250000000000536,-1.1500000000000536,-0.41000000000002146
N3_ANCHOR_REVERSION,NEUTRAL,LONG,2025-09-24 09:50:00+00:00,2025-09-24 09:55:00+00:00,2025-09-24 09:55:00+00:00,2025-09-24 10:00:00+00:00,1.17711,1.1767100000000001,1.17771,1.1767,STOP,0.0004,-1.0250000000000536,-1.1500000000000536,-0.41000000000002146
N3_ANCHOR_REVERSION,NEUTRAL,LONG,2025-09-24 10:25:00+00:00,2025-09-24 10:30:00+00:00,2025-09-24 10:30:00+00:00,2025-09-24 10:35:00+00:00,1.17608,1.17568,1.17668,1.17567,STOP,0.0004,-1.0250000000000536,-1.1500000000000536,-0.41000000000002146
N3_ANCHOR_REVERSION,NEUTRAL,LONG,2025-09-29 17:45:00+00:00,2025-09-29 17:50:00+00:00,2025-09-29 17:50:00+00:00,2025-09-29 18:00:00+00:00,1.1725100000000002,1.1721100000000002,1.17311,1.1721000000000001,STOP,0.0004,-1.0250000000000536,-1.1500000000000536,-0.41000000000002146
N3_ANCHOR_REVERSION,NEUTRAL,LONG,2025-09-29 18:05:00+00:00,2025-09-29 18:10:00+00:00,2025-09-29 18:10:00+00:00,2025-09-29 18:40:00+00:00,1.17236,1.1719600000000001,1.17296,1.17295,TARGET,0.0004,1.474999999999671,1.349999999999671,0.5899999999998684
N3_ANCHOR_REVERSION,NEUTRAL,SHORT,2025-09-29 18:55:00+00:00,2025-09-29 19:00:00+00:00,2025-09-29 19:00:00+00:00,2025-09-29 20:05:00+00:00,1.1731,1.1735,1.1725,1.1725100000000002,TARGET,0.0004,1.474999999999671,1.349999999999671,0.5899999999998684
N3_ANCHOR_REVERSION,NEUTRAL,SHORT,2025-09-29 23:50:00+00:00,2025-09-29 23:55:00+00:00,2025-09-29 23:55:00+00:00,2025-09-30 00:30:00+00:00,1.17309,1.17349,1.17249,1.1725,TARGET,0.0004,1.474999999999671,1.349999999999671,0.5899999999998684
N3_ANCHOR_REVERSION,NEUTRAL,LONG,2025-09-30 00:50:00+00:00,2025-09-30 00:55:00+00:00,2025-09-30 00:55:00+00:00,2025-09-30 01:05:00+00:00,1.17188,1.17148,1.17248,1.17247,TARGET,0.0004,1.474999999999671,1.349999999999671,0.5899999999998684
N3_ANCHOR_REVERSION,NEUTRAL,SHORT,2025-09-30 09:00:00+00:00,2025-09-30 09:05:00+00:00,2025-09-30 09:05:00+00:00,2025-09-30 09:20:00+00:00,1.1753799999999999,1.1757799999999998,1.17478,1.17479,TARGET,0.0004,1.474999999999671,1.349999999999671,0.5899999999998684
N3_ANCHOR_REVERSION,NEUTRAL,LONG,2025-09-30 12:35:00+00:00,2025-09-30 12:40:00+00:00,2025-09-30 12:40:00+00:00,2025-09-30 12:40:00+00:00,1.1738000000000002,1.1734000000000002,1.1744,1.1733900000000002,STOP,0.0004,-1.0250000000000536,-1.1500000000000536,-0.41000000000002146
N3_ANCHOR_REVERSION,NEUTRAL,LONG,2025-09-30 13:10:00+00:00,2025-09-30 13:15:00+00:00,2025-09-30 13:15:00+00:00,2025-09-30 13:15:00+00:00,1.1728100000000001,1.1724100000000002,1.17341,1.1724,STOP,0.0004,-1.0250000000000536,-1.1500000000000536,-0.41000000000002146
N3_ANCHOR_REVERSION,NEUTRAL,SHORT,2025-10-01 12:20:00+00:00,2025-10-01 12:25:00+00:00,2025-10-01 12:25:00+00:00,2025-10-01 12:25:00+00:00,1.17498,1.1753799999999999,1.17438,1.17539,STOP,0.0004,-1.0250000000000536,-1.1500000000000536,-0.41000000000002146
N3_ANCHOR_REVERSION,NEUTRAL,LONG,2025-10-03 18:10:00+00:00,2025-10-03 18:15:00+00:00,2025-10-03 18:15:00+00:00,2025-10-03 18:55:00+00:00,1.17333,1.17293,1.17393,1.1739199999999999,TARGET,0.0004,1.474999999999671,1.349999999999671,0.5899999999998684
N3_ANCHOR_REVERSION,NEUTRAL,LONG,2025-10-08 05:10:00+00:00,2025-10-08 05:15:00+00:00,2025-10-08 05:15:00+00:00,2025-10-08 06:15:00+00:00,1.1615,1.1611,1.1621,1.16109,STOP,0.0004,-1.0250000000000536,-1.1500000000000536,-0.41000000000002146
N3_ANCHOR_REVERSION,NEUTRAL,LONG,2025-10-08 06:40:00+00:00,2025-10-08 06:45:00+00:00,2025-10-08 06:45:00+00:00,2025-10-08 07:05:00+00:00,1.1613200000000001,1.1609200000000002,1.16192,1.16191,TARGET,0.0004,1.474999999999671,1.349999999999671,0.5899999999998684
N3_ANCHOR_REVERSION,NEUTRAL,LONG,2025-10-08 09:55:00+00:00,2025-10-08 10:00:00+00:00,2025-10-08 10:00:00+00:00,2025-10-08 10:10:00+00:00,1.1612,1.1608,1.1618,1.1617899999999999,TARGET,0.0004,1.474999999999671,1.349999999999671,0.5899999999998684
N3_ANCHOR_REVERSION,NEUTRAL,SHORT,2025-10-08 10:30:00+00:00,2025-10-08 10:35:00+00:00,2025-10-08 10:35:00+00:00,2025-10-08 10:40:00+00:00,1.16256,1.16296,1.16196,1.16297,STOP,0.0004,-1.0250000000000536,-1.1500000000000536,-0.41000000000002146
N3_ANCHOR_REVERSION,NEUTRAL,LONG,2025-10-09 19:00:00+00:00,2025-10-09 19:05:00+00:00,2025-10-09 19:05:00+00:00,2025-10-09 19:35:00+00:00,1.15514,1.15474,1.15574,1.15573,TARGET,0.0004,1.474999999999671,1.349999999999671,0.5899999999998684
N3_ANCHOR_REVERSION,NEUTRAL,SHORT,2025-10-10 00:55:00+00:00,2025-10-10 01:00:00+00:00,2025-10-10 01:00:00+00:00,2025-10-10 01:05:00+00:00,1.15673,1.15713,1.15613,1.15714,STOP,0.0004,-1.0250000000000536,-1.1500000000000536,-0.41000000000002146
N3_ANCHOR_REVERSION,NEUTRAL,SHORT,2025-10-10 01:25:00+00:00,2025-10-10 01:30:00+00:00,2025-10-10 01:30:00+00:00,2025-10-10 02:20:00+00:00,1.15681,1.1572099999999998,1.15621,1.15722,STOP,0.0004,-1.0250000000000536,-1.1500000000000536,-0.41000000000002146
N3_ANCHOR_REVERSION,NEUTRAL,SHORT,2025-10-10 03:30:00+00:00,2025-10-10 03:35:00+00:00,2025-10-10 03:35:00+00:00,2025-10-10 05:05:00+00:00,1.1571,1.1575,1.1565,1.15751,STOP,0.0004,-1.0250000000000536,-1.1500000000000536,-0.41000000000002146
N3_ANCHOR_REVERSION,NEUTRAL,SHORT,2025-10-10 05:10:00+00:00,2025-10-10 05:15:00+00:00,2025-10-10 05:15:00+00:00,2025-10-10 05:20:00+00:00,1.15734,1.15774,1.15674,1.15775,STOP,0.0004,-1.0250000000000536,-1.1500000000000536,-0.41000000000002146
N3_ANCHOR_REVERSION,NEUTRAL,SHORT,2025-10-13 01:00:00+00:00,2025-10-13 01:05:00+00:00,2025-10-13 01:05:00+00:00,2025-10-13 01:40:00+00:00,1.16137,1.16177,1.16077,1.16178,STOP,0.0004,-1.0250000000000536,-1.1500000000000536,-0.41000000000002146
N3_ANCHOR_REVERSION,NEUTRAL,SHORT,2025-10-13 04:25:00+00:00,2025-10-13 04:30:00+00:00,2025-10-13 04:30:00+00:00,2025-10-13 05:10:00+00:00,1.16235,1.16275,1.16175,1.1617600000000001,TARGET,0.0004,1.474999999999671,1.349999999999671,0.5899999999998684
N3_ANCHOR_REVERSION,NEUTRAL,LONG,2025-10-13 12:55:00+00:00,2025-10-13 13:00:00+00:00,2025-10-13 13:00:00+00:00,2025-10-13 13:05:00+00:00,1.15693,1.15653,1.15753,1.15652,STOP,0.0004,-1.0250000000000536,-1.1500000000000536,-0.41000000000002146
N3_ANCHOR_REVERSION,NEUTRAL,LONG,2025-10-13 13:05:00+00:00,2025-10-13 13:10:00+00:00,2025-10-13 13:10:00+00:00,2025-10-13 13:15:00+00:00,1.15734,1.15694,1.15794,1.15693,STOP,0.0004,-1.0250000000000536,-1.1500000000000536,-0.41000000000002146
N3_ANCHOR_REVERSION,NEUTRAL,SHORT,2025-10-14 13:40:00+00:00,2025-10-14 13:45:00+00:00,2025-10-14 13:45:00+00:00,2025-10-14 13:50:00+00:00,1.1577,1.1581,1.1571,1.15811,STOP,0.0004,-1.0250000000000536,-1.1500000000000536,-0.41000000000002146
N3_ANCHOR_REVERSION,NEUTRAL,SHORT,2025-10-14 16:20:00+00:00,2025-10-14 16:25:00+00:00,2025-10-14 16:25:00+00:00,2025-10-14 16:25:00+00:00,1.1604999999999999,1.1608999999999998,1.1599,1.1609099999999999,STOP,0.0004,-1.0250000000000536,-1.1500000000000536,-0.41000000000002146
N3_ANCHOR_REVERSION,NEUTRAL,SHORT,2025-10-14 17:00:00+00:00,2025-10-14 17:05:00+00:00,2025-10-14 17:05:00+00:00,2025-10-14 17:15:00+00:00,1.16088,1.1612799999999999,1.16028,1.16029,TARGET,0.0004,1.474999999999671,1.349999999999671,0.5899999999998684
N3_ANCHOR_REVERSION,NEUTRAL,SHORT,2025-10-14 21:55:00+00:00,2025-10-14 22:00:00+00:00,2025-10-14 22:00:00+00:00,2025-10-15 00:45:00+00:00,1.16071,1.1611099999999999,1.16011,1.16112,STOP,0.0004,-1.0250000000000536,-1.1500000000000536,-0.41000000000002146
N3_ANCHOR_REVERSION,NEUTRAL,SHORT,2025-10-15 01:35:00+00:00,2025-10-15 01:40:00+00:00,2025-10-15 01:40:00+00:00,2025-10-15 02:05:00+00:00,1.16166,1.1620599999999999,1.16106,1.16207,STOP,0.0004,-1.0250000000000536,-1.1500000000000536,-0.41000000000002146
N3_ANCHOR_REVERSION,NEUTRAL,SHORT,2025-10-15 05:20:00+00:00,2025-10-15 05:25:00+00:00,2025-10-15 05:25:00+00:00,2025-10-15 05:35:00+00:00,1.16232,1.16272,1.16172,1.16273,STOP,0.0004,-1.0250000000000536,-1.1500000000000536,-0.41000000000002146
N3_ANCHOR_REVERSION,NEUTRAL,SHORT,2025-10-15 05:35:00+00:00,2025-10-15 05:40:00+00:00,2025-10-15 05:40:00+00:00,2025-10-15 06:00:00+00:00,1.16242,1.16282,1.16182,1.1618300000000001,TARGET,0.0004,1.474999999999671,1.349999999999671,0.5899999999998684
N3_ANCHOR_REVERSION,NEUTRAL,LONG,2025-10-21 07:15:00+00:00,2025-10-21 07:20:00+00:00,2025-10-21 07:20:00+00:00,2025-10-21 07:25:00+00:00,1.1626,1.1622000000000001,1.1632,1.16319,TARGET,0.0004,1.474999999999671,1.349999999999671,0.5899999999998684
N3_ANCHOR_REVERSION,NEUTRAL,LONG,2025-10-21 08:15:00+00:00,2025-10-21 08:20:00+00:00,2025-10-21 08:20:00+00:00,2025-10-21 08:40:00+00:00,1.1624100000000002,1.1620100000000002,1.16301,1.1620000000000001,STOP,0.0004,-1.0250000000000536,-1.1500000000000536,-0.41000000000002146
N3_ANCHOR_REVERSION,NEUTRAL,LONG,2025-10-21 10:20:00+00:00,2025-10-21 10:25:00+00:00,2025-10-21 10:25:00+00:00,2025-10-21 10:35:00+00:00,1.16144,1.16104,1.16204,1.16103,STOP,0.0004,-1.0250000000000536,-1.1500000000000536,-0.41000000000002146
N3_ANCHOR_REVERSION,NEUTRAL,LONG,2025-10-21 12:20:00+00:00,2025-10-21 12:25:00+00:00,2025-10-21 12:25:00+00:00,2025-10-21 12:25:00+00:00,1.16106,1.16066,1.16166,1.16065,STOP,0.0004,-1.0250000000000536,-1.1500000000000536,-0.41000000000002146
N3_ANCHOR_REVERSION,NEUTRAL,SHORT,2025-10-22 14:30:00+00:00,2025-10-22 14:35:00+00:00,2025-10-22 14:35:00+00:00,2025-10-22 14:50:00+00:00,1.1600899999999998,1.1604899999999998,1.15949,1.1604999999999999,STOP,0.0004,-1.0250000000000536,-1.1500000000000536,-0.41000000000002146
N3_ANCHOR_REVERSION,NEUTRAL,SHORT,2025-10-22 17:00:00+00:00,2025-10-22 17:05:00+00:00,2025-10-22 17:05:00+00:00,2025-10-22 18:40:00+00:00,1.16153,1.16193,1.16093,1.16094,TARGET,0.0004,1.474999999999671,1.349999999999671,0.5899999999998684
N3_ANCHOR_REVERSION,NEUTRAL,LONG,2025-10-22 19:45:00+00:00,2025-10-22 19:50:00+00:00,2025-10-22 19:50:00+00:00,2025-10-22 22:15:00+00:00,1.16077,1.1603700000000001,1.16137,1.16136,TARGET,0.0004,1.474999999999671,1.349999999999671,0.5899999999998684
N3_ANCHOR_REVERSION,NEUTRAL,LONG,2025-10-22 23:30:00+00:00,2025-10-22 23:35:00+00:00,2025-10-22 23:35:00+00:00,2025-10-23 00:00:00+00:00,1.1609200000000002,1.1605200000000002,1.16152,1.1605100000000002,STOP,0.0004,-1.0250000000000536,-1.1500000000000536,-0.41000000000002146
N3_ANCHOR_REVERSION,NEUTRAL,LONG,2025-10-23 00:25:00+00:00,2025-10-23 00:30:00+00:00,2025-10-23 00:30:00+00:00,2025-10-23 02:00:00+00:00,1.16005,1.15965,1.16065,1.15964,STOP,0.0004,-1.0250000000000536,-1.1500000000000536,-0.41000000000002146
N3_ANCHOR_REVERSION,NEUTRAL,LONG,2025-10-23 04:25:00+00:00,2025-10-23 04:30:00+00:00,2025-10-23 04:30:00+00:00,2025-10-23 05:50:00+00:00,1.1595900000000001,1.1591900000000002,1.16019,1.16018,TARGET,0.0004,1.474999999999671,1.349999999999671,0.5899999999998684
N3_ANCHOR_REVERSION,NEUTRAL,SHORT,2025-10-23 05:55:00+00:00,2025-10-23 06:00:00+00:00,2025-10-23 06:00:00+00:00,2025-10-23 06:35:00+00:00,1.16011,1.16051,1.15951,1.15952,TARGET,0.0004,1.474999999999671,1.349999999999671,0.5899999999998684
N3_ANCHOR_REVERSION,NEUTRAL,SHORT,2025-10-23 18:25:00+00:00,2025-10-23 18:30:00+00:00,2025-10-23 18:30:00+00:00,2025-10-23 18:30:00+00:00,1.1611799999999999,1.1615799999999998,1.16058,1.16159,STOP,0.0004,-1.0250000000000536,-1.1500000000000536,-0.41000000000002146
N3_ANCHOR_REVERSION,NEUTRAL,SHORT,2025-10-24 00:10:00+00:00,2025-10-24 00:15:00+00:00,2025-10-24 00:15:00+00:00,2025-10-24 01:20:00+00:00,1.16188,1.16228,1.16128,1.1612900000000002,TARGET,0.0004,1.474999999999671,1.349999999999671,0.5899999999998684
N3_ANCHOR_REVERSION,NEUTRAL,SHORT,2025-10-28 05:35:00+00:00,2025-10-28 05:40:00+00:00,2025-10-28 05:40:00+00:00,2025-10-28 06:35:00+00:00,1.16645,1.16685,1.16585,1.1658600000000001,TARGET,0.0004,1.474999999999671,1.349999999999671,0.5899999999998684
N3_ANCHOR_REVERSION,NEUTRAL,LONG,2025-10-28 07:05:00+00:00,2025-10-28 07:10:00+00:00,2025-10-28 07:10:00+00:00,2025-10-28 07:50:00+00:00,1.1656900000000001,1.1652900000000002,1.16629,1.16528,STOP,0.0004,-1.0250000000000536,-1.1500000000000536,-0.41000000000002146
N3_ANCHOR_REVERSION,NEUTRAL,LONG,2025-10-28 07:55:00+00:00,2025-10-28 08:00:00+00:00,2025-10-28 08:00:00+00:00,2025-10-28 08:05:00+00:00,1.16557,1.16517,1.16617,1.16516,STOP,0.0004,-1.0250000000000536,-1.1500000000000536,-0.41000000000002146
N3_ANCHOR_REVERSION,NEUTRAL,LONG,2025-10-28 08:10:00+00:00,2025-10-28 08:15:00+00:00,2025-10-28 08:15:00+00:00,2025-10-28 08:30:00+00:00,1.16544,1.16504,1.16604,1.16603,TARGET,0.0004,1.474999999999671,1.349999999999671,0.5899999999998684
N3_ANCHOR_REVERSION,NEUTRAL,SHORT,2025-10-29 11:05:00+00:00,2025-10-29 11:10:00+00:00,2025-10-29 11:10:00+00:00,2025-10-29 11:20:00+00:00,1.16455,1.16495,1.16395,1.16396,TARGET,0.0004,1.474999999999671,1.349999999999671,0.5899999999998684
N3_ANCHOR_REVERSION,NEUTRAL,SHORT,2025-10-29 16:00:00+00:00,2025-10-29 16:05:00+00:00,2025-10-29 16:05:00+00:00,2025-10-29 16:55:00+00:00,1.16628,1.16668,1.16568,1.1656900000000001,TARGET,0.0004,1.474999999999671,1.349999999999671,0.5899999999998684
N3_ANCHOR_REVERSION,NEUTRAL,LONG,2025-10-29 18:15:00+00:00,2025-10-29 18:20:00+00:00,2025-10-29 18:20:00+00:00,2025-10-29 18:20:00+00:00,1.1641400000000002,1.1637400000000002,1.16474,1.1637300000000002,STOP,0.0004,-1.0250000000000536,-1.1500000000000536,-0.41000000000002146
N3_ANCHOR_REVERSION,NEUTRAL,LONG,2025-10-29 18:25:00+00:00,2025-10-29 18:30:00+00:00,2025-10-29 18:30:00+00:00,2025-10-29 18:30:00+00:00,1.16395,1.16355,1.16455,1.16354,STOP,0.0004,-1.0250000000000536,-1.1500000000000536,-0.41000000000002146
N3_ANCHOR_REVERSION,NEUTRAL,SHORT,2025-11-07 13:05:00+00:00,2025-11-07 13:10:00+00:00,2025-11-07 13:10:00+00:00,2025-11-07 13:10:00+00:00,1.15603,1.1564299999999998,1.15543,1.15644,STOP,0.0004,-1.0250000000000536,-1.1500000000000536,-0.41000000000002146
N3_ANCHOR_REVERSION,NEUTRAL,SHORT,2025-11-07 13:30:00+00:00,2025-11-07 13:35:00+00:00,2025-11-07 13:35:00+00:00,2025-11-07 13:35:00+00:00,1.1562999999999999,1.1566999999999998,1.1557,1.15671,STOP,0.0004,-1.0250000000000536,-1.1500000000000536,-0.41000000000002146
N3_ANCHOR_REVERSION,NEUTRAL,SHORT,2025-11-07 13:45:00+00:00,2025-11-07 13:50:00+00:00,2025-11-07 13:50:00+00:00,2025-11-07 13:55:00+00:00,1.1562999999999999,1.1566999999999998,1.1557,1.15671,STOP,0.0004,-1.0250000000000536,-1.1500000000000536,-0.41000000000002146
N3_ANCHOR_REVERSION,NEUTRAL,SHORT,2025-11-07 15:05:00+00:00,2025-11-07 15:10:00+00:00,2025-11-07 15:10:00+00:00,2025-11-07 15:35:00+00:00,1.1585999999999999,1.1589999999999998,1.158,1.1590099999999999,STOP,0.0004,-1.0250000000000536,-1.1500000000000536,-0.41000000000002146
N3_ANCHOR_REVERSION,NEUTRAL,LONG,2025-11-09 22:55:00+00:00,2025-11-09 23:00:00+00:00,2025-11-09 23:00:00+00:00,2025-11-09 23:00:00+00:00,1.15606,1.1556600000000001,1.15666,1.15565,STOP,0.0004,-1.0250000000000536,-1.1500000000000536,-0.41000000000002146
N3_ANCHOR_REVERSION,NEUTRAL,LONG,2025-11-09 23:20:00+00:00,2025-11-09 23:25:00+00:00,2025-11-09 23:25:00+00:00,2025-11-09 23:40:00+00:00,1.15493,1.15453,1.15553,1.15452,STOP,0.0004,-1.0250000000000536,-1.1500000000000536,-0.41000000000002146
N3_ANCHOR_REVERSION,NEUTRAL,SHORT,2025-11-10 05:45:00+00:00,2025-11-10 05:50:00+00:00,2025-11-10 05:50:00+00:00,2025-11-10 06:45:00+00:00,1.15637,1.1567699999999999,1.15577,1.15578,TARGET,0.0004,1.474999999999671,1.349999999999671,0.5899999999998684
N3_ANCHOR_REVERSION,NEUTRAL,SHORT,2025-11-11 15:00:00+00:00,2025-11-11 15:05:00+00:00,2025-11-11 15:05:00+00:00,2025-11-11 15:25:00+00:00,1.1597899999999999,1.1601899999999998,1.15919,1.1602,STOP,0.0004,-1.0250000000000536,-1.1500000000000536,-0.41000000000002146
N3_ANCHOR_REVERSION,NEUTRAL,LONG,2025-11-11 19:15:00+00:00,2025-11-11 19:20:00+00:00,2025-11-11 19:20:00+00:00,2025-11-11 19:45:00+00:00,1.15911,1.1587100000000001,1.15971,1.1587,STOP,0.0004,-1.0250000000000536,-1.1500000000000536,-0.41000000000002146
N3_ANCHOR_REVERSION,NEUTRAL,LONG,2025-11-11 20:00:00+00:00,2025-11-11 20:05:00+00:00,2025-11-11 20:05:00+00:00,2025-11-11 21:00:00+00:00,1.1586800000000002,1.1582800000000002,1.15928,1.1582700000000001,STOP,0.0004,-1.0250000000000536,-1.1500000000000536,-0.41000000000002146
N3_ANCHOR_REVERSION,NEUTRAL,LONG,2025-11-12 19:15:00+00:00,2025-11-12 19:20:00+00:00,2025-11-12 19:20:00+00:00,2025-11-12 21:55:00+00:00,1.15869,1.15829,1.15929,1.1592799999999999,TARGET,0.0004,1.474999999999671,1.349999999999671,0.5899999999998684
N3_ANCHOR_REVERSION,NEUTRAL,SHORT,2025-11-12 22:35:00+00:00,2025-11-12 22:40:00+00:00,2025-11-12 22:40:00+00:00,2025-11-12 23:00:00+00:00,1.1590799999999999,1.1594799999999998,1.15848,1.15949,STOP,0.0004,-1.0250000000000536,-1.1500000000000536,-0.41000000000002146
N3_ANCHOR_REVERSION,NEUTRAL,SHORT,2025-11-12 23:10:00+00:00,2025-11-12 23:15:00+00:00,2025-11-12 23:15:00+00:00,2025-11-13 00:30:00+00:00,1.1592099999999999,1.1596099999999998,1.15861,1.15862,TARGET,0.0004,1.474999999999671,1.349999999999671,0.5899999999998684
N3_ANCHOR_REVERSION,NEUTRAL,LONG,2025-11-13 00:35:00+00:00,2025-11-13 00:40:00+00:00,2025-11-13 00:40:00+00:00,2025-11-13 00:45:00+00:00,1.1584800000000002,1.1580800000000002,1.15908,1.1580700000000002,STOP,0.0004,-1.0250000000000536,-1.1500000000000536,-0.41000000000002146
N3_ANCHOR_REVERSION,NEUTRAL,LONG,2025-11-13 00:45:00+00:00,2025-11-13 00:50:00+00:00,2025-11-13 00:50:00+00:00,2025-11-13 01:15:00+00:00,1.1583100000000002,1.1579100000000002,1.15891,1.1579000000000002,STOP,0.0004,-1.0250000000000536,-1.1500000000000536,-0.41000000000002146
N3_ANCHOR_REVERSION,NEUTRAL,LONG,2025-11-13 01:15:00+00:00,2025-11-13 01:20:00+00:00,2025-11-13 01:20:00+00:00,2025-11-13 01:50:00+00:00,1.15825,1.15785,1.15885,1.1588399999999999,TARGET,0.0004,1.474999999999671,1.349999999999671,0.5899999999998684
N3_ANCHOR_REVERSION,NEUTRAL,LONG,2025-11-16 23:55:00+00:00,2025-11-17 00:00:00+00:00,2025-11-17 00:00:00+00:00,2025-11-17 00:00:00+00:00,1.16155,1.1611500000000001,1.16215,1.16114,STOP,0.0004,-1.0250000000000536,-1.1500000000000536,-0.41000000000002146
N3_ANCHOR_REVERSION,NEUTRAL,LONG,2025-11-17 00:25:00+00:00,2025-11-17 00:30:00+00:00,2025-11-17 00:30:00+00:00,2025-11-17 02:00:00+00:00,1.16091,1.1605100000000002,1.16151,1.1605,STOP,0.0004,-1.0250000000000536,-1.1500000000000536,-0.41000000000002146
N3_ANCHOR_REVERSION,NEUTRAL,LONG,2025-11-17 03:10:00+00:00,2025-11-17 03:15:00+00:00,2025-11-17 03:15:00+00:00,2025-11-17 03:30:00+00:00,1.16015,1.15975,1.16075,1.15974,STOP,0.0004,-1.0250000000000536,-1.1500000000000536,-0.41000000000002146
N3_ANCHOR_REVERSION,NEUTRAL,LONG,2025-11-17 03:55:00+00:00,2025-11-17 04:00:00+00:00,2025-11-17 04:00:00+00:00,2025-11-17 06:05:00+00:00,1.15991,1.15951,1.16051,1.1595,STOP,0.0004,-1.0250000000000536,-1.1500000000000536,-0.41000000000002146
N3_ANCHOR_REVERSION,NEUTRAL,LONG,2025-11-21 14:35:00+00:00,2025-11-21 14:40:00+00:00,2025-11-21 14:40:00+00:00,2025-11-21 14:50:00+00:00,1.15108,1.1506800000000001,1.15168,1.15167,TARGET,0.0004,1.474999999999671,1.349999999999671,0.5899999999998684
N3_ANCHOR_REVERSION,NEUTRAL,SHORT,2025-11-21 19:55:00+00:00,2025-11-21 20:00:00+00:00,2025-11-21 20:00:00+00:00,2025-11-21 20:55:00+00:00,1.1513,1.1517,1.1507,1.15171,STOP,0.0004,-1.0250000000000536,-1.1500000000000536,-0.41000000000002146
N3_ANCHOR_REVERSION,NEUTRAL,SHORT,2025-11-24 11:55:00+00:00,2025-11-24 12:00:00+00:00,2025-11-24 12:00:00+00:00,2025-11-24 12:10:00+00:00,1.15451,1.1549099999999999,1.15391,1.15392,TARGET,0.0004,1.474999999999671,1.349999999999671,0.5899999999998684
N3_ANCHOR_REVERSION,NEUTRAL,SHORT,2025-11-24 12:35:00+00:00,2025-11-24 12:40:00+00:00,2025-11-24 12:40:00+00:00,2025-11-24 12:40:00+00:00,1.15448,1.15488,1.15388,1.15489,STOP,0.0004,-1.0250000000000536,-1.1500000000000536,-0.41000000000002146
N3_ANCHOR_REVERSION,NEUTRAL,SHORT,2025-11-24 12:45:00+00:00,2025-11-24 12:50:00+00:00,2025-11-24 12:50:00+00:00,2025-11-24 13:20:00+00:00,1.1547699999999999,1.1551699999999998,1.15417,1.15418,TARGET,0.0004,1.474999999999671,1.349999999999671,0.5899999999998684
N3_ANCHOR_REVERSION,NEUTRAL,SHORT,2025-11-24 19:00:00+00:00,2025-11-24 19:05:00+00:00,2025-11-24 19:05:00+00:00,2025-11-24 21:25:00+00:00,1.1526699999999999,1.1530699999999998,1.15207,1.15208,TARGET,0.0004,1.474999999999671,1.349999999999671,0.5899999999998684
N3_ANCHOR_REVERSION,NEUTRAL,SHORT,2025-11-25 01:35:00+00:00,2025-11-25 01:40:00+00:00,2025-11-25 01:40:00+00:00,2025-11-25 02:40:00+00:00,1.1528699999999998,1.1532699999999998,1.15227,1.15228,TARGET,0.0004,1.474999999999671,1.349999999999671,0.5899999999998684
N3_ANCHOR_REVERSION,NEUTRAL,SHORT,2025-11-25 20:00:00+00:00,2025-11-25 20:05:00+00:00,2025-11-25 20:05:00+00:00,2025-11-25 20:15:00+00:00,1.158,1.1583999999999999,1.1574,1.15741,TARGET,0.0004,1.474999999999671,1.349999999999671,0.5899999999998684
N3_ANCHOR_REVERSION,NEUTRAL,LONG,2025-11-25 20:30:00+00:00,2025-11-25 20:35:00+00:00,2025-11-25 20:35:00+00:00,2025-11-25 20:35:00+00:00,1.1567100000000001,1.1563100000000002,1.15731,1.1563,STOP,0.0004,-1.0250000000000536,-1.1500000000000536,-0.41000000000002146
N3_ANCHOR_REVERSION,NEUTRAL,LONG,2025-11-25 20:50:00+00:00,2025-11-25 20:55:00+00:00,2025-11-25 20:55:00+00:00,2025-11-25 21:05:00+00:00,1.1562000000000001,1.1558000000000002,1.1568,1.15679,TARGET,0.0004,1.474999999999671,1.349999999999671,0.5899999999998684
N3_ANCHOR_REVERSION,NEUTRAL,SHORT,2025-11-26 01:40:00+00:00,2025-11-26 01:45:00+00:00,2025-11-26 01:45:00+00:00,2025-11-26 02:05:00+00:00,1.15784,1.15824,1.15724,1.15825,STOP,0.0004,-1.0250000000000536,-1.1500000000000536,-0.41000000000002146
N3_ANCHOR_REVERSION,NEUTRAL,SHORT,2025-11-28 19:30:00+00:00,2025-11-28 19:35:00+00:00,2025-11-28 19:35:00+00:00,2025-11-28 21:55:00+00:00,1.1602599999999998,1.1606599999999998,1.15966,1.15998,TIME_12H,0.0004,0.6999999999995898,0.5749999999995898,0.27999999999983594
N3_ANCHOR_REVERSION,NEUTRAL,SHORT,2025-12-01 01:10:00+00:00,2025-12-01 01:15:00+00:00,2025-12-01 01:15:00+00:00,2025-12-01 01:25:00+00:00,1.1611799999999999,1.1615799999999998,1.16058,1.16159,STOP,0.0004,-1.0250000000000536,-1.1500000000000536,-0.41000000000002146
N3_ANCHOR_REVERSION,NEUTRAL,SHORT,2025-12-01 01:30:00+00:00,2025-12-01 01:35:00+00:00,2025-12-01 01:35:00+00:00,2025-12-01 02:05:00+00:00,1.16079,1.16119,1.16019,1.1602000000000001,TARGET,0.0004,1.474999999999671,1.349999999999671,0.5899999999998684
N3_ANCHOR_REVERSION,NEUTRAL,SHORT,2025-12-01 07:55:00+00:00,2025-12-01 08:00:00+00:00,2025-12-01 08:00:00+00:00,2025-12-01 08:05:00+00:00,1.16066,1.16106,1.16006,1.16107,STOP,0.0004,-1.0250000000000536,-1.1500000000000536,-0.41000000000002146
N3_ANCHOR_REVERSION,NEUTRAL,SHORT,2025-12-01 08:20:00+00:00,2025-12-01 08:25:00+00:00,2025-12-01 08:25:00+00:00,2025-12-01 08:25:00+00:00,1.16171,1.16211,1.16111,1.16212,STOP,0.0004,-1.0250000000000536,-1.1500000000000536,-0.41000000000002146
N3_ANCHOR_REVERSION,NEUTRAL,LONG,2025-12-02 00:30:00+00:00,2025-12-02 00:35:00+00:00,2025-12-02 00:35:00+00:00,2025-12-02 04:00:00+00:00,1.1607,1.1603,1.1613,1.16129,TARGET,0.0004,1.474999999999671,1.349999999999671,0.5899999999998684
N3_ANCHOR_REVERSION,NEUTRAL,LONG,2025-12-02 06:15:00+00:00,2025-12-02 06:20:00+00:00,2025-12-02 06:20:00+00:00,2025-12-02 07:15:00+00:00,1.1608500000000002,1.1604500000000002,1.16145,1.16144,TARGET,0.0004,1.474999999999671,1.349999999999671,0.5899999999998684
N3_ANCHOR_REVERSION,NEUTRAL,SHORT,2025-12-02 07:20:00+00:00,2025-12-02 07:25:00+00:00,2025-12-02 07:25:00+00:00,2025-12-02 09:25:00+00:00,1.16129,1.16169,1.16069,1.1607,TARGET,0.0004,1.474999999999671,1.349999999999671,0.5899999999998684
N3_ANCHOR_REVERSION,NEUTRAL,LONG,2025-12-02 17:00:00+00:00,2025-12-02 17:05:00+00:00,2025-12-02 17:05:00+00:00,2025-12-02 17:10:00+00:00,1.1598000000000002,1.1594000000000002,1.1604,1.1593900000000001,STOP,0.0004,-1.0250000000000536,-1.1500000000000536,-0.41000000000002146
N3_ANCHOR_REVERSION,NEUTRAL,SHORT,2025-12-03 00:05:00+00:00,2025-12-03 00:10:00+00:00,2025-12-03 00:10:00+00:00,2025-12-03 00:30:00+00:00,1.1628399999999999,1.1632399999999998,1.16224,1.16325,STOP,0.0004,-1.0250000000000536,-1.1500000000000536,-0.41000000000002146
N3_ANCHOR_REVERSION,NEUTRAL,SHORT,2025-12-03 00:35:00+00:00,2025-12-03 00:40:00+00:00,2025-12-03 00:40:00+00:00,2025-12-03 01:05:00+00:00,1.16303,1.16343,1.16243,1.16344,STOP,0.0004,-1.0250000000000536,-1.1500000000000536,-0.41000000000002146
N3_ANCHOR_REVERSION,NEUTRAL,SHORT,2025-12-03 05:20:00+00:00,2025-12-03 05:25:00+00:00,2025-12-03 05:25:00+00:00,2025-12-03 06:10:00+00:00,1.1642,1.1645999999999999,1.1636,1.16461,STOP,0.0004,-1.0250000000000536,-1.1500000000000536,-0.41000000000002146
N3_ANCHOR_REVERSION,NEUTRAL,SHORT,2025-12-03 06:25:00+00:00,2025-12-03 06:30:00+00:00,2025-12-03 06:30:00+00:00,2025-12-03 07:10:00+00:00,1.1645999999999999,1.1649999999999998,1.164,1.1650099999999999,STOP,0.0004,-1.0250000000000536,-1.1500000000000536,-0.41000000000002146
N3_ANCHOR_REVERSION,NEUTRAL,LONG,2025-12-04 00:30:00+00:00,2025-12-04 00:35:00+00:00,2025-12-04 00:35:00+00:00,2025-12-04 01:20:00+00:00,1.16635,1.16595,1.16695,1.16594,STOP,0.0004,-1.0250000000000536,-1.1500000000000536,-0.41000000000002146
N3_ANCHOR_REVERSION,NEUTRAL,LONG,2025-12-04 01:35:00+00:00,2025-12-04 01:40:00+00:00,2025-12-04 01:40:00+00:00,2025-12-04 03:00:00+00:00,1.16618,1.16578,1.16678,1.16577,STOP,0.0004,-1.0250000000000536,-1.1500000000000536,-0.41000000000002146
N3_ANCHOR_REVERSION,NEUTRAL,LONG,2025-12-04 20:55:00+00:00,2025-12-04 21:00:00+00:00,2025-12-04 21:00:00+00:00,2025-12-05 01:00:00+00:00,1.1644800000000002,1.1640800000000002,1.1650800000000001,1.16507,TARGET,0.0004,1.474999999999671,1.349999999999671,0.5899999999998684
N3_ANCHOR_REVERSION,NEUTRAL,SHORT,2025-12-05 01:15:00+00:00,2025-12-05 01:20:00+00:00,2025-12-05 01:20:00+00:00,2025-12-05 05:00:00+00:00,1.1651099999999999,1.1655099999999998,1.16451,1.16552,STOP,0.0004,-1.0250000000000536,-1.1500000000000536,-0.41000000000002146
N3_ANCHOR_REVERSION,NEUTRAL,SHORT,2025-12-05 05:40:00+00:00,2025-12-05 05:45:00+00:00,2025-12-05 05:45:00+00:00,2025-12-05 06:35:00+00:00,1.16567,1.16607,1.16507,1.16608,STOP,0.0004,-1.0250000000000536,-1.1500000000000536,-0.41000000000002146
N3_ANCHOR_REVERSION,NEUTRAL,SHORT,2025-12-05 06:40:00+00:00,2025-12-05 06:45:00+00:00,2025-12-05 06:45:00+00:00,2025-12-05 07:05:00+00:00,1.16594,1.16634,1.16534,1.16635,STOP,0.0004,-1.0250000000000536,-1.1500000000000536,-0.41000000000002146
N3_ANCHOR_REVERSION,NEUTRAL,SHORT,2025-12-08 07:15:00+00:00,2025-12-08 07:20:00+00:00,2025-12-08 07:20:00+00:00,2025-12-08 07:45:00+00:00,1.1664299999999999,1.1668299999999998,1.16583,1.16584,TARGET,0.0004,1.474999999999671,1.349999999999671,0.5899999999998684
N3_ANCHOR_REVERSION,NEUTRAL,LONG,2025-12-08 17:35:00+00:00,2025-12-08 17:40:00+00:00,2025-12-08 17:40:00+00:00,2025-12-08 17:45:00+00:00,1.1626400000000001,1.1622400000000002,1.16324,1.16323,TARGET,0.0004,1.474999999999671,1.349999999999671,0.5899999999998684
N3_ANCHOR_REVERSION,NEUTRAL,SHORT,2025-12-09 00:15:00+00:00,2025-12-09 00:20:00+00:00,2025-12-09 00:20:00+00:00,2025-12-09 01:45:00+00:00,1.16405,1.16445,1.16345,1.16446,STOP,0.0004,-1.0250000000000536,-1.1500000000000536,-0.41000000000002146
N3_ANCHOR_REVERSION,NEUTRAL,LONG,2025-12-09 17:55:00+00:00,2025-12-09 18:00:00+00:00,2025-12-09 18:00:00+00:00,2025-12-09 18:10:00+00:00,1.1624700000000001,1.1620700000000002,1.16307,1.16206,STOP,0.0004,-1.0250000000000536,-1.1500000000000536,-0.41000000000002146
N3_ANCHOR_REVERSION,NEUTRAL,SHORT,2025-12-10 18:55:00+00:00,2025-12-10 19:00:00+00:00,2025-12-10 19:00:00+00:00,2025-12-10 19:00:00+00:00,1.1654799999999998,1.1658799999999998,1.16488,1.1658899999999999,STOP,0.0004,-1.0250000000000536,-1.1500000000000536,-0.41000000000002146
N3_ANCHOR_REVERSION,NEUTRAL,SHORT,2025-12-10 19:10:00+00:00,2025-12-10 19:15:00+00:00,2025-12-10 19:15:00+00:00,2025-12-10 19:15:00+00:00,1.16688,1.1672799999999999,1.16628,1.16729,STOP,0.0004,-1.0250000000000536,-1.1500000000000536,-0.41000000000002146
N3_ANCHOR_REVERSION,NEUTRAL,SHORT,2025-12-10 19:20:00+00:00,2025-12-10 19:25:00+00:00,2025-12-10 19:25:00+00:00,2025-12-10 19:30:00+00:00,1.16655,1.16695,1.16595,1.16696,STOP,0.0004,-1.0250000000000536,-1.1500000000000536,-0.41000000000002146
N3_ANCHOR_REVERSION,NEUTRAL,SHORT,2025-12-10 23:25:00+00:00,2025-12-10 23:30:00+00:00,2025-12-10 23:30:00+00:00,2025-12-10 23:40:00+00:00,1.16988,1.17028,1.16928,1.17029,STOP,0.0004,-1.0250000000000536,-1.1500000000000536,-0.41000000000002146
N3_ANCHOR_REVERSION,NEUTRAL,SHORT,2025-12-11 00:10:00+00:00,2025-12-11 00:15:00+00:00,2025-12-11 00:15:00+00:00,2025-12-11 01:00:00+00:00,1.1702899999999998,1.1706899999999998,1.16969,1.1706999999999999,STOP,0.0004,-1.0250000000000536,-1.1500000000000536,-0.41000000000002146
N3_ANCHOR_REVERSION,NEUTRAL,SHORT,2025-12-11 01:05:00+00:00,2025-12-11 01:10:00+00:00,2025-12-11 01:10:00+00:00,2025-12-11 02:15:00+00:00,1.17056,1.17096,1.16996,1.1699700000000002,TARGET,0.0004,1.474999999999671,1.349999999999671,0.5899999999998684
N3_ANCHOR_REVERSION,NEUTRAL,LONG,2025-12-11 06:00:00+00:00,2025-12-11 06:05:00+00:00,2025-12-11 06:05:00+00:00,2025-12-11 06:20:00+00:00,1.1686400000000001,1.1682400000000002,1.16924,1.16823,STOP,0.0004,-1.0250000000000536,-1.1500000000000536,-0.41000000000002146
N3_ANCHOR_REVERSION,NEUTRAL,LONG,2025-12-11 06:20:00+00:00,2025-12-11 06:25:00+00:00,2025-12-11 06:25:00+00:00,2025-12-11 07:10:00+00:00,1.16856,1.16816,1.16916,1.16915,TARGET,0.0004,1.474999999999671,1.349999999999671,0.5899999999998684
N3_ANCHOR_REVERSION,NEUTRAL,SHORT,2025-12-12 00:20:00+00:00,2025-12-12 00:25:00+00:00,2025-12-12 00:25:00+00:00,2025-12-12 01:40:00+00:00,1.17435,1.17475,1.17375,1.1737600000000001,TARGET,0.0004,1.474999999999671,1.349999999999671,0.5899999999998684
N3_ANCHOR_REVERSION,NEUTRAL,LONG,2025-12-12 04:15:00+00:00,2025-12-12 04:20:00+00:00,2025-12-12 04:20:00+00:00,2025-12-12 05:55:00+00:00,1.1733200000000001,1.1729200000000002,1.17392,1.17391,TARGET,0.0004,1.474999999999671,1.349999999999671,0.5899999999998684
N3_ANCHOR_REVERSION,NEUTRAL,SHORT,2025-12-12 07:35:00+00:00,2025-12-12 07:40:00+00:00,2025-12-12 07:40:00+00:00,2025-12-12 08:45:00+00:00,1.17403,1.1744299999999999,1.17343,1.17344,TARGET,0.0004,1.474999999999671,1.349999999999671,0.5899999999998684
N3_ANCHOR_REVERSION,NEUTRAL,LONG,2025-12-12 09:00:00+00:00,2025-12-12 09:05:00+00:00,2025-12-12 09:05:00+00:00,2025-12-12 10:25:00+00:00,1.17303,1.17263,1.17363,1.17262,STOP,0.0004,-1.0250000000000536,-1.1500000000000536,-0.41000000000002146
N3_ANCHOR_REVERSION,NEUTRAL,SHORT,2025-12-16 13:10:00+00:00,2025-12-16 13:15:00+00:00,2025-12-16 13:15:00+00:00,2025-12-16 13:20:00+00:00,1.17736,1.17776,1.17676,1.17777,STOP,0.0004,-1.0250000000000536,-1.1500000000000536,-0.41000000000002146
N3_ANCHOR_REVERSION,NEUTRAL,SHORT,2025-12-16 13:25:00+00:00,2025-12-16 13:30:00+00:00,2025-12-16 13:30:00+00:00,2025-12-16 13:30:00+00:00,1.17692,1.17732,1.17632,1.17733,STOP,0.0004,-1.0250000000000536,-1.1500000000000536,-0.41000000000002146
N3_ANCHOR_REVERSION,NEUTRAL,SHORT,2025-12-16 13:35:00+00:00,2025-12-16 13:40:00+00:00,2025-12-16 13:40:00+00:00,2025-12-16 13:40:00+00:00,1.17771,1.17811,1.17711,1.1771200000000002,TARGET,0.0004,1.474999999999671,1.349999999999671,0.5899999999998684
N3_ANCHOR_REVERSION,NEUTRAL,LONG,2025-12-16 18:30:00+00:00,2025-12-16 18:35:00+00:00,2025-12-16 18:35:00+00:00,2025-12-16 18:55:00+00:00,1.1749200000000002,1.1745200000000002,1.1755200000000001,1.17551,TARGET,0.0004,1.474999999999671,1.349999999999671,0.5899999999998684
N3_ANCHOR_REVERSION,NEUTRAL,LONG,2025-12-17 00:30:00+00:00,2025-12-17 00:35:00+00:00,2025-12-17 00:35:00+00:00,2025-12-17 02:05:00+00:00,1.17479,1.17439,1.17539,1.17438,STOP,0.0004,-1.0250000000000536,-1.1500000000000536,-0.41000000000002146
N3_ANCHOR_REVERSION,NEUTRAL,LONG,2025-12-17 02:55:00+00:00,2025-12-17 03:00:00+00:00,2025-12-17 03:00:00+00:00,2025-12-17 04:00:00+00:00,1.17406,1.1736600000000001,1.17466,1.17365,STOP,0.0004,-1.0250000000000536,-1.1500000000000536,-0.41000000000002146
N3_ANCHOR_REVERSION,NEUTRAL,LONG,2025-12-17 04:05:00+00:00,2025-12-17 04:10:00+00:00,2025-12-17 04:10:00+00:00,2025-12-17 04:25:00+00:00,1.17361,1.17321,1.17421,1.1732,STOP,0.0004,-1.0250000000000536,-1.1500000000000536,-0.41000000000002146
N3_ANCHOR_REVERSION,NEUTRAL,LONG,2025-12-17 04:45:00+00:00,2025-12-17 04:50:00+00:00,2025-12-17 04:50:00+00:00,2025-12-17 05:25:00+00:00,1.1731500000000001,1.1727500000000002,1.17375,1.1727400000000001,STOP,0.0004,-1.0250000000000536,-1.1500000000000536,-0.41000000000002146
N3_ANCHOR_REVERSION,NEUTRAL,SHORT,2025-12-18 00:35:00+00:00,2025-12-18 00:40:00+00:00,2025-12-18 00:40:00+00:00,2025-12-18 01:35:00+00:00,1.1743999999999999,1.1747999999999998,1.1738,1.17381,TARGET,0.0004,1.474999999999671,1.349999999999671,0.5899999999998684
N3_ANCHOR_REVERSION,NEUTRAL,LONG,2025-12-18 01:45:00+00:00,2025-12-18 01:50:00+00:00,2025-12-18 01:50:00+00:00,2025-12-18 05:50:00+00:00,1.17385,1.17345,1.17445,1.17444,TARGET,0.0004,1.474999999999671,1.349999999999671,0.5899999999998684
N3_ANCHOR_REVERSION,NEUTRAL,SHORT,2025-12-22 16:00:00+00:00,2025-12-22 16:05:00+00:00,2025-12-22 16:05:00+00:00,2025-12-22 16:25:00+00:00,1.17622,1.17662,1.17562,1.1756300000000002,TARGET,0.0004,1.474999999999671,1.349999999999671,0.5899999999998684
N3_ANCHOR_REVERSION,NEUTRAL,SHORT,2025-12-22 21:55:00+00:00,2025-12-22 22:00:00+00:00,2025-12-22 22:00:00+00:00,2025-12-22 23:00:00+00:00,1.1760899999999999,1.1764899999999998,1.17549,1.1764999999999999,STOP,0.0004,-1.0250000000000536,-1.1500000000000536,-0.41000000000002146
N3_ANCHOR_REVERSION,NEUTRAL,SHORT,2025-12-22 23:05:00+00:00,2025-12-22 23:10:00+00:00,2025-12-22 23:10:00+00:00,2025-12-23 00:05:00+00:00,1.17628,1.17668,1.17568,1.17669,STOP,0.0004,-1.0250000000000536,-1.1500000000000536,-0.41000000000002146
N3_ANCHOR_REVERSION,NEUTRAL,SHORT,2025-12-23 00:30:00+00:00,2025-12-23 00:35:00+00:00,2025-12-23 00:35:00+00:00,2025-12-23 01:15:00+00:00,1.1767299999999998,1.1771299999999998,1.17613,1.1771500000000001,STOP,0.0004,-1.0500000000007725,-1.1750000000007725,-0.420000000000309
N3_ANCHOR_REVERSION,NEUTRAL,SHORT,2025-12-23 01:15:00+00:00,2025-12-23 01:20:00+00:00,2025-12-23 01:20:00+00:00,2025-12-23 01:40:00+00:00,1.17686,1.17726,1.17626,1.17727,STOP,0.0004,-1.0250000000000536,-1.1500000000000536,-0.41000000000002146
N3_ANCHOR_REVERSION,NEUTRAL,SHORT,2025-12-23 01:55:00+00:00,2025-12-23 02:00:00+00:00,2025-12-23 02:00:00+00:00,2025-12-23 02:10:00+00:00,1.17729,1.17769,1.17669,1.1777,STOP,0.0004,-1.0250000000000536,-1.1500000000000536,-0.41000000000002146
N3_ANCHOR_REVERSION,NEUTRAL,SHORT,2025-12-23 02:15:00+00:00,2025-12-23 02:20:00+00:00,2025-12-23 02:20:00+00:00,2025-12-23 02:45:00+00:00,1.17746,1.17786,1.17686,1.17787,STOP,0.0004,-1.0250000000000536,-1.1500000000000536,-0.41000000000002146
N3_ANCHOR_REVERSION,NEUTRAL,SHORT,2025-12-24 00:10:00+00:00,2025-12-24 00:15:00+00:00,2025-12-24 00:15:00+00:00,2025-12-24 01:00:00+00:00,1.17959,1.1799899999999999,1.17899,1.18,STOP,0.0004,-1.0250000000000536,-1.1500000000000536,-0.41000000000002146
N3_ANCHOR_REVERSION,NEUTRAL,SHORT,2025-12-24 01:10:00+00:00,2025-12-24 01:15:00+00:00,2025-12-24 01:15:00+00:00,2025-12-24 01:20:00+00:00,1.17974,1.18014,1.17914,1.18015,STOP,0.0004,-1.0250000000000536,-1.1500000000000536,-0.41000000000002146
N3_ANCHOR_REVERSION,NEUTRAL,LONG,2025-12-30 19:55:00+00:00,2025-12-30 20:00:00+00:00,2025-12-30 20:00:00+00:00,2025-12-30 20:55:00+00:00,1.17477,1.1743700000000001,1.17537,1.17436,STOP,0.0004,-1.0250000000000536,-1.1500000000000536,-0.41000000000002146
N3_ANCHOR_REVERSION,NEUTRAL,LONG,2025-12-30 21:00:00+00:00,2025-12-30 21:05:00+00:00,2025-12-30 21:05:00+00:00,2025-12-31 01:55:00+00:00,1.1747500000000002,1.1743500000000002,1.1753500000000001,1.1743400000000002,STOP,0.0004,-1.0250000000000536,-1.1500000000000536,-0.41000000000002146
N3_ANCHOR_REVERSION,NEUTRAL,LONG,2025-12-31 02:15:00+00:00,2025-12-31 02:20:00+00:00,2025-12-31 02:20:00+00:00,2025-12-31 04:35:00+00:00,1.17423,1.1738300000000002,1.17483,1.17382,STOP,0.0004,-1.0250000000000536,-1.1500000000000536,-0.41000000000002146
N3_ANCHOR_REVERSION,NEUTRAL,LONG,2025-12-31 05:00:00+00:00,2025-12-31 05:05:00+00:00,2025-12-31 05:05:00+00:00,2025-12-31 07:15:00+00:00,1.17367,1.17327,1.17427,1.17326,STOP,0.0004,-1.0250000000000536,-1.1500000000000536,-0.41000000000002146
N3_ANCHOR_REVERSION,NEUTRAL,LONG,2025-12-31 07:30:00+00:00,2025-12-31 07:35:00+00:00,2025-12-31 07:35:00+00:00,2025-12-31 08:25:00+00:00,1.17338,1.1729800000000001,1.17398,1.17297,STOP,0.0004,-1.0250000000000536,-1.1500000000000536,-0.41000000000002146
N3_ANCHOR_REVERSION,NEUTRAL,LONG,2025-12-31 08:40:00+00:00,2025-12-31 08:45:00+00:00,2025-12-31 08:45:00+00:00,2025-12-31 08:45:00+00:00,1.1729800000000001,1.1725800000000002,1.17358,1.1725700000000001,STOP,0.0004,-1.0250000000000536,-1.1500000000000536,-0.41000000000002146
N3_ANCHOR_REVERSION,NEUTRAL,SHORT,2026-01-01 22:15:00+00:00,2026-01-01 22:20:00+00:00,2026-01-01 22:20:00+00:00,2026-01-01 22:25:00+00:00,1.1747999999999998,1.1751999999999998,1.1742,1.1752099999999999,STOP,0.0004,-1.0250000000000536,-1.1500000000000536,-0.41000000000002146
N3_ANCHOR_REVERSION,NEUTRAL,SHORT,2026-01-02 00:35:00+00:00,2026-01-02 00:40:00+00:00,2026-01-02 00:40:00+00:00,2026-01-02 00:50:00+00:00,1.17516,1.17556,1.17456,1.17557,STOP,0.0004,-1.0250000000000536,-1.1500000000000536,-0.41000000000002146
N3_ANCHOR_REVERSION,NEUTRAL,SHORT,2026-01-02 01:05:00+00:00,2026-01-02 01:10:00+00:00,2026-01-02 01:10:00+00:00,2026-01-02 01:30:00+00:00,1.17579,1.1761899999999998,1.17519,1.1762,STOP,0.0004,-1.0250000000000536,-1.1500000000000536,-0.41000000000002146
N3_ANCHOR_REVERSION,NEUTRAL,SHORT,2026-01-02 01:30:00+00:00,2026-01-02 01:35:00+00:00,2026-01-02 01:35:00+00:00,2026-01-02 01:50:00+00:00,1.17586,1.1762599999999999,1.17526,1.17627,STOP,0.0004,-1.0250000000000536,-1.1500000000000536,-0.41000000000002146
N3_ANCHOR_REVERSION,NEUTRAL,SHORT,2026-01-02 01:50:00+00:00,2026-01-02 01:55:00+00:00,2026-01-02 01:55:00+00:00,2026-01-02 03:50:00+00:00,1.1761,1.1764999999999999,1.1755,1.17651,STOP,0.0004,-1.0250000000000536,-1.1500000000000536,-0.41000000000002146
N3_ANCHOR_REVERSION,NEUTRAL,SHORT,2026-01-06 03:55:00+00:00,2026-01-06 04:00:00+00:00,2026-01-06 04:00:00+00:00,2026-01-06 05:55:00+00:00,1.17342,1.1738199999999999,1.17282,1.17283,TARGET,0.0004,1.474999999999671,1.349999999999671,0.5899999999998684
N3_ANCHOR_REVERSION,NEUTRAL,SHORT,2026-01-06 06:40:00+00:00,2026-01-06 06:45:00+00:00,2026-01-06 06:45:00+00:00,2026-01-06 07:00:00+00:00,1.17342,1.1738199999999999,1.17282,1.17383,STOP,0.0004,-1.0250000000000536,-1.1500000000000536,-0.41000000000002146
N3_ANCHOR_REVERSION,NEUTRAL,LONG,2026-01-06 13:05:00+00:00,2026-01-06 13:10:00+00:00,2026-01-06 13:10:00+00:00,2026-01-06 14:00:00+00:00,1.17076,1.17036,1.17136,1.17135,TARGET,0.0004,1.474999999999671,1.349999999999671,0.5899999999998684
N3_ANCHOR_REVERSION,NEUTRAL,LONG,2026-01-06 15:40:00+00:00,2026-01-06 15:45:00+00:00,2026-01-06 15:45:00+00:00,2026-01-06 15:55:00+00:00,1.1691900000000002,1.1687900000000002,1.16979,1.1687800000000002,STOP,0.0004,-1.0250000000000536,-1.1500000000000536,-0.41000000000002146
N3_ANCHOR_REVERSION,NEUTRAL,LONG,2026-01-08 01:00:00+00:00,2026-01-08 01:05:00+00:00,2026-01-08 01:05:00+00:00,2026-01-08 01:35:00+00:00,1.16771,1.16731,1.16831,1.1673,STOP,0.0004,-1.0250000000000536,-1.1500000000000536,-0.41000000000002146
N3_ANCHOR_REVERSION,NEUTRAL,LONG,2026-01-08 01:45:00+00:00,2026-01-08 01:50:00+00:00,2026-01-08 01:50:00+00:00,2026-01-08 03:00:00+00:00,1.16754,1.16714,1.16814,1.16813,TARGET,0.0004,1.474999999999671,1.349999999999671,0.5899999999998684
N3_ANCHOR_REVERSION,NEUTRAL,SHORT,2026-01-08 03:10:00+00:00,2026-01-08 03:15:00+00:00,2026-01-08 03:15:00+00:00,2026-01-08 08:15:00+00:00,1.16803,1.1684299999999999,1.16743,1.16744,TARGET,0.0004,1.474999999999671,1.349999999999671,0.5899999999998684
N3_ANCHOR_REVERSION,NEUTRAL,LONG,2026-01-08 16:25:00+00:00,2026-01-08 16:30:00+00:00,2026-01-08 16:30:00+00:00,2026-01-08 16:30:00+00:00,1.16579,1.1653900000000001,1.16639,1.16538,STOP,0.0004,-1.0250000000000536,-1.1500000000000536,-0.41000000000002146
N3_ANCHOR_REVERSION,NEUTRAL,LONG,2026-01-09 01:05:00+00:00,2026-01-09 01:10:00+00:00,2026-01-09 01:10:00+00:00,2026-01-09 01:40:00+00:00,1.16538,1.1649800000000001,1.16598,1.16497,STOP,0.0004,-1.0250000000000536,-1.1500000000000536,-0.41000000000002146
N3_ANCHOR_REVERSION,NEUTRAL,LONG,2026-01-09 01:45:00+00:00,2026-01-09 01:50:00+00:00,2026-01-09 01:50:00+00:00,2026-01-09 02:10:00+00:00,1.16511,1.1647100000000001,1.16571,1.1647,STOP,0.0004,-1.0250000000000536,-1.1500000000000536,-0.41000000000002146
N3_ANCHOR_REVERSION,NEUTRAL,SHORT,2026-01-12 00:20:00+00:00,2026-01-12 00:25:00+00:00,2026-01-12 00:25:00+00:00,2026-01-12 00:25:00+00:00,1.16381,1.16421,1.16321,1.16422,STOP,0.0004,-1.0250000000000536,-1.1500000000000536,-0.41000000000002146
N3_ANCHOR_REVERSION,NEUTRAL,SHORT,2026-01-12 01:00:00+00:00,2026-01-12 01:05:00+00:00,2026-01-12 01:05:00+00:00,2026-01-12 01:05:00+00:00,1.1660899999999998,1.1664899999999998,1.16549,1.1664999999999999,STOP,0.0004,-1.0250000000000536,-1.1500000000000536,-0.41000000000002146
N3_ANCHOR_REVERSION,NEUTRAL,SHORT,2026-01-12 01:25:00+00:00,2026-01-12 01:30:00+00:00,2026-01-12 01:30:00+00:00,2026-01-12 01:40:00+00:00,1.16655,1.16695,1.16595,1.16596,TARGET,0.0004,1.474999999999671,1.349999999999671,0.5899999999998684
N3_ANCHOR_REVERSION,NEUTRAL,SHORT,2026-01-12 05:35:00+00:00,2026-01-12 05:40:00+00:00,2026-01-12 05:40:00+00:00,2026-01-12 05:40:00+00:00,1.16656,1.16696,1.16596,1.16697,STOP,0.0004,-1.0250000000000536,-1.1500000000000536,-0.41000000000002146
N3_ANCHOR_REVERSION,NEUTRAL,LONG,2026-01-14 00:15:00+00:00,2026-01-14 00:20:00+00:00,2026-01-14 00:20:00+00:00,2026-01-14 01:05:00+00:00,1.16415,1.16375,1.16475,1.16374,STOP,0.0004,-1.0250000000000536,-1.1500000000000536,-0.41000000000002146
N3_ANCHOR_REVERSION,NEUTRAL,LONG,2026-01-14 01:15:00+00:00,2026-01-14 01:20:00+00:00,2026-01-14 01:20:00+00:00,2026-01-14 03:00:00+00:00,1.16389,1.1634900000000001,1.16449,1.16448,TARGET,0.0004,1.474999999999671,1.349999999999671,0.5899999999998684
N3_ANCHOR_REVERSION,NEUTRAL,LONG,2026-01-15 05:00:00+00:00,2026-01-15 05:05:00+00:00,2026-01-15 05:05:00+00:00,2026-01-15 06:40:00+00:00,1.16367,1.16327,1.16427,1.16326,STOP,0.0004,-1.0250000000000536,-1.1500000000000536,-0.41000000000002146
N3_ANCHOR_REVERSION,NEUTRAL,LONG,2026-01-15 06:55:00+00:00,2026-01-15 07:00:00+00:00,2026-01-15 07:00:00+00:00,2026-01-15 07:20:00+00:00,1.16337,1.16297,1.16397,1.16296,STOP,0.0004,-1.0250000000000536,-1.1500000000000536,-0.41000000000002146
N3_ANCHOR_REVERSION,NEUTRAL,LONG,2026-01-15 07:30:00+00:00,2026-01-15 07:35:00+00:00,2026-01-15 07:35:00+00:00,2026-01-15 09:40:00+00:00,1.16306,1.16266,1.16366,1.1636499999999999,TARGET,0.0004,1.474999999999671,1.349999999999671,0.5899999999998684
N3_ANCHOR_REVERSION,NEUTRAL,SHORT,2026-01-15 18:05:00+00:00,2026-01-15 18:10:00+00:00,2026-01-15 18:10:00+00:00,2026-01-15 19:15:00+00:00,1.1613499999999999,1.1617499999999998,1.16075,1.16176,STOP,0.0004,-1.0250000000000536,-1.1500000000000536,-0.41000000000002146
N3_ANCHOR_REVERSION,NEUTRAL,LONG,2026-01-16 01:05:00+00:00,2026-01-16 01:10:00+00:00,2026-01-16 01:10:00+00:00,2026-01-16 02:35:00+00:00,1.16056,1.16016,1.16116,1.16115,TARGET,0.0004,1.474999999999671,1.349999999999671,0.5899999999998684
N3_ANCHOR_REVERSION,NEUTRAL,SHORT,2026-01-16 02:45:00+00:00,2026-01-16 02:50:00+00:00,2026-01-16 02:50:00+00:00,2026-01-16 06:35:00+00:00,1.1612099999999999,1.1616099999999998,1.16061,1.16062,TARGET,0.0004,1.474999999999671,1.349999999999671,0.5899999999998684
N3_ANCHOR_REVERSION,NEUTRAL,SHORT,2026-01-20 05:15:00+00:00,2026-01-20 05:20:00+00:00,2026-01-20 05:20:00+00:00,2026-01-20 06:00:00+00:00,1.16686,1.16726,1.16626,1.1662700000000001,TARGET,0.0004,1.474999999999671,1.349999999999671,0.5899999999998684
N3_ANCHOR_REVERSION,NEUTRAL,SHORT,2026-01-20 06:10:00+00:00,2026-01-20 06:15:00+00:00,2026-01-20 06:15:00+00:00,2026-01-20 06:55:00+00:00,1.16651,1.16691,1.16591,1.16692,STOP,0.0004,-1.0250000000000536,-1.1500000000000536,-0.41000000000002146
N3_ANCHOR_REVERSION,NEUTRAL,SHORT,2026-01-20 10:10:00+00:00,2026-01-20 10:15:00+00:00,2026-01-20 10:15:00+00:00,2026-01-20 10:35:00+00:00,1.1719199999999999,1.1723199999999998,1.17132,1.1723299999999999,STOP,0.0004,-1.0250000000000536,-1.1500000000000536,-0.41000000000002146
N3_ANCHOR_REVERSION,NEUTRAL,SHORT,2026-01-20 11:55:00+00:00,2026-01-20 12:00:00+00:00,2026-01-20 12:00:00+00:00,2026-01-20 12:10:00+00:00,1.17346,1.17386,1.17286,1.17387,STOP,0.0004,-1.0250000000000536,-1.1500000000000536,-0.41000000000002146
N3_ANCHOR_REVERSION,NEUTRAL,LONG,2026-01-21 00:50:00+00:00,2026-01-21 00:55:00+00:00,2026-01-21 00:55:00+00:00,2026-01-21 01:05:00+00:00,1.17194,1.17154,1.17254,1.1725299999999999,TARGET,0.0004,1.474999999999671,1.349999999999671,0.5899999999998684
N3_ANCHOR_REVERSION,NEUTRAL,SHORT,2026-01-21 01:35:00+00:00,2026-01-21 01:40:00+00:00,2026-01-21 01:40:00+00:00,2026-01-21 02:10:00+00:00,1.17329,1.17369,1.17269,1.1727,TARGET,0.0004,1.474999999999671,1.349999999999671,0.5899999999998684
N3_ANCHOR_REVERSION,NEUTRAL,LONG,2026-01-21 16:55:00+00:00,2026-01-21 17:00:00+00:00,2026-01-21 17:00:00+00:00,2026-01-21 17:15:00+00:00,1.17042,1.17002,1.17102,1.1710099999999999,TARGET,0.0004,1.474999999999671,1.349999999999671,0.5899999999998684
N3_ANCHOR_REVERSION,NEUTRAL,LONG,2026-01-21 19:00:00+00:00,2026-01-21 19:05:00+00:00,2026-01-21 19:05:00+00:00,2026-01-21 19:25:00+00:00,1.16984,1.16944,1.17044,1.16943,STOP,0.0004,-1.0250000000000536,-1.1500000000000536,-0.41000000000002146
N3_ANCHOR_REVERSION,NEUTRAL,LONG,2026-01-22 00:05:00+00:00,2026-01-22 00:10:00+00:00,2026-01-22 00:10:00+00:00,2026-01-22 00:35:00+00:00,1.16794,1.16754,1.16854,1.1685299999999998,TARGET,0.0004,1.474999999999671,1.349999999999671,0.5899999999998684
N3_ANCHOR_REVERSION,NEUTRAL,SHORT,2026-01-22 02:10:00+00:00,2026-01-22 02:15:00+00:00,2026-01-22 02:15:00+00:00,2026-01-22 02:20:00+00:00,1.16916,1.16956,1.16856,1.16857,TARGET,0.0004,1.474999999999671,1.349999999999671,0.5899999999998684
N3_ANCHOR_REVERSION,NEUTRAL,SHORT,2026-01-22 04:15:00+00:00,2026-01-22 04:20:00+00:00,2026-01-22 04:20:00+00:00,2026-01-22 05:25:00+00:00,1.16944,1.16984,1.16884,1.1688500000000002,TARGET,0.0004,1.474999999999671,1.349999999999671,0.5899999999998684
N3_ANCHOR_REVERSION,NEUTRAL,SHORT,2026-01-22 20:50:00+00:00,2026-01-22 20:55:00+00:00,2026-01-22 20:55:00+00:00,2026-01-22 21:20:00+00:00,1.17496,1.17536,1.17436,1.17537,STOP,0.0004,-1.0250000000000536,-1.1500000000000536,-0.41000000000002146
N3_ANCHOR_REVERSION,NEUTRAL,LONG,2026-01-23 01:00:00+00:00,2026-01-23 01:05:00+00:00,2026-01-23 01:05:00+00:00,2026-01-23 02:40:00+00:00,1.17493,1.17453,1.17553,1.17452,STOP,0.0004,-1.0250000000000536,-1.1500000000000536,-0.41000000000002146
N3_ANCHOR_REVERSION,NEUTRAL,LONG,2026-01-28 05:10:00+00:00,2026-01-28 05:15:00+00:00,2026-01-28 05:15:00+00:00,2026-01-28 05:25:00+00:00,1.19853,1.1981300000000001,1.19913,1.19912,TARGET,0.0004,1.474999999999671,1.349999999999671,0.5899999999998684
N3_ANCHOR_REVERSION,NEUTRAL,LONG,2026-01-28 05:25:00+00:00,2026-01-28 05:30:00+00:00,2026-01-28 05:30:00+00:00,2026-01-28 05:30:00+00:00,1.1991200000000002,1.1987200000000002,1.1997200000000001,1.1987100000000002,STOP,0.0004,-1.0250000000000536,-1.1500000000000536,-0.41000000000002146
N3_ANCHOR_REVERSION,NEUTRAL,SHORT,2026-01-28 07:15:00+00:00,2026-01-28 07:20:00+00:00,2026-01-28 07:20:00+00:00,2026-01-28 07:25:00+00:00,1.2015099999999999,1.2019099999999998,1.20091,1.20092,TARGET,0.0004,1.474999999999671,1.349999999999671,0.5899999999998684
N3_ANCHOR_REVERSION,NEUTRAL,LONG,2026-01-28 07:50:00+00:00,2026-01-28 07:55:00+00:00,2026-01-28 07:55:00+00:00,2026-01-28 08:05:00+00:00,1.19889,1.19849,1.19949,1.1994799999999999,TARGET,0.0004,1.474999999999671,1.349999999999671,0.5899999999998684
N3_ANCHOR_REVERSION,NEUTRAL,SHORT,2026-01-29 00:00:00+00:00,2026-01-29 00:05:00+00:00,2026-01-29 00:05:00+00:00,2026-01-29 00:05:00+00:00,1.1970999999999998,1.1974999999999998,1.1965,1.1975099999999999,STOP,0.0004,-1.0250000000000536,-1.1500000000000536,-0.41000000000002146
N3_ANCHOR_REVERSION,NEUTRAL,SHORT,2026-01-29 00:35:00+00:00,2026-01-29 00:40:00+00:00,2026-01-29 00:40:00+00:00,2026-01-29 01:00:00+00:00,1.19767,1.19807,1.19707,1.1970800000000001,TARGET,0.0004,1.474999999999671,1.349999999999671,0.5899999999998684
N3_ANCHOR_REVERSION,NEUTRAL,SHORT,2026-01-29 04:10:00+00:00,2026-01-29 04:15:00+00:00,2026-01-29 04:15:00+00:00,2026-01-29 04:20:00+00:00,1.1983,1.1986999999999999,1.1977,1.19871,STOP,0.0004,-1.0250000000000536,-1.1500000000000536,-0.41000000000002146
N3_ANCHOR_REVERSION,NEUTRAL,SHORT,2026-01-29 05:10:00+00:00,2026-01-29 05:15:00+00:00,2026-01-29 05:15:00+00:00,2026-01-29 06:05:00+00:00,1.1986599999999998,1.1990599999999998,1.19806,1.19807,TARGET,0.0004,1.474999999999671,1.349999999999671,0.5899999999998684
N3_ANCHOR_REVERSION,NEUTRAL,LONG,2026-01-30 18:30:00+00:00,2026-01-30 18:35:00+00:00,2026-01-30 18:35:00+00:00,2026-01-30 18:35:00+00:00,1.1862300000000001,1.1858300000000002,1.18683,1.18582,STOP,0.0004,-1.0250000000000536,-1.1500000000000536,-0.41000000000002146
N3_ANCHOR_REVERSION,NEUTRAL,LONG,2026-01-30 18:40:00+00:00,2026-01-30 18:45:00+00:00,2026-01-30 18:45:00+00:00,2026-01-30 18:45:00+00:00,1.1866100000000002,1.1862100000000002,1.18721,1.1872,TARGET,0.0004,1.474999999999671,1.349999999999671,0.5899999999998684
N3_ANCHOR_REVERSION,NEUTRAL,LONG,2026-02-01 22:55:00+00:00,2026-02-01 23:00:00+00:00,2026-02-01 23:00:00+00:00,2026-02-01 23:00:00+00:00,1.1852200000000002,1.1848200000000002,1.18582,1.1848100000000001,STOP,0.0004,-1.0250000000000536,-1.1500000000000536,-0.41000000000002146
N3_ANCHOR_REVERSION,NEUTRAL,LONG,2026-02-01 23:25:00+00:00,2026-02-01 23:30:00+00:00,2026-02-01 23:30:00+00:00,2026-02-01 23:35:00+00:00,1.18455,1.18415,1.18515,1.1851399999999999,TARGET,0.0004,1.474999999999671,1.349999999999671,0.5899999999998684
N3_ANCHOR_REVERSION,NEUTRAL,SHORT,2026-02-02 00:30:00+00:00,2026-02-02 00:35:00+00:00,2026-02-02 00:35:00+00:00,2026-02-02 00:55:00+00:00,1.18684,1.1872399999999999,1.18624,1.18625,TARGET,0.0004,1.474999999999671,1.349999999999671,0.5899999999998684
N3_ANCHOR_REVERSION,NEUTRAL,LONG,2026-02-05 23:30:00+00:00,2026-02-05 23:35:00+00:00,2026-02-05 23:35:00+00:00,2026-02-06 00:10:00+00:00,1.17788,1.17748,1.17848,1.17747,STOP,0.0004,-1.0250000000000536,-1.1500000000000536,-0.41000000000002146
N3_ANCHOR_REVERSION,NEUTRAL,LONG,2026-02-06 00:20:00+00:00,2026-02-06 00:25:00+00:00,2026-02-06 00:25:00+00:00,2026-02-06 00:55:00+00:00,1.17751,1.17711,1.17811,1.1781,TARGET,0.0004,1.474999999999671,1.349999999999671,0.5899999999998684
N3_ANCHOR_REVERSION,NEUTRAL,SHORT,2026-02-06 04:50:00+00:00,2026-02-06 04:55:00+00:00,2026-02-06 04:55:00+00:00,2026-02-06 05:10:00+00:00,1.1794099999999998,1.1798099999999998,1.17881,1.1798199999999999,STOP,0.0004,-1.0250000000000536,-1.1500000000000536,-0.41000000000002146
N3_ANCHOR_REVERSION,NEUTRAL,SHORT,2026-02-06 05:40:00+00:00,2026-02-06 05:45:00+00:00,2026-02-06 05:45:00+00:00,2026-02-06 05:55:00+00:00,1.17953,1.17993,1.17893,1.17994,STOP,0.0004,-1.0250000000000536,-1.1500000000000536,-0.41000000000002146
N3_ANCHOR_REVERSION,NEUTRAL,SHORT,2026-02-06 15:00:00+00:00,2026-02-06 15:05:00+00:00,2026-02-06 15:05:00+00:00,2026-02-06 15:05:00+00:00,1.1817199999999999,1.1821199999999998,1.18112,1.18213,STOP,0.0004,-1.0250000000000536,-1.1500000000000536,-0.41000000000002146
N3_ANCHOR_REVERSION,NEUTRAL,LONG,2026-02-08 22:15:00+00:00,2026-02-08 22:20:00+00:00,2026-02-08 22:20:00+00:00,2026-02-08 23:00:00+00:00,1.18148,1.1810800000000001,1.18208,1.18207,TARGET,0.0004,1.474999999999671,1.349999999999671,0.5899999999998684
N3_ANCHOR_REVERSION,NEUTRAL,LONG,2026-02-08 23:20:00+00:00,2026-02-08 23:25:00+00:00,2026-02-08 23:25:00+00:00,2026-02-08 23:30:00+00:00,1.18126,1.18086,1.18186,1.1818499999999998,TARGET,0.0004,1.474999999999671,1.349999999999671,0.5899999999998684
N3_ANCHOR_REVERSION,NEUTRAL,SHORT,2026-02-09 00:15:00+00:00,2026-02-09 00:20:00+00:00,2026-02-09 00:20:00+00:00,2026-02-09 00:20:00+00:00,1.18266,1.18306,1.18206,1.18307,STOP,0.0004,-1.0250000000000536,-1.1500000000000536,-0.41000000000002146
N3_ANCHOR_REVERSION,NEUTRAL,SHORT,2026-02-09 00:35:00+00:00,2026-02-09 00:40:00+00:00,2026-02-09 00:40:00+00:00,2026-02-09 00:55:00+00:00,1.18276,1.18316,1.18216,1.18317,STOP,0.0004,-1.0250000000000536,-1.1500000000000536,-0.41000000000002146
N3_ANCHOR_REVERSION,NEUTRAL,SHORT,2026-02-09 07:15:00+00:00,2026-02-09 07:20:00+00:00,2026-02-09 07:20:00+00:00,2026-02-09 07:20:00+00:00,1.18509,1.18549,1.18449,1.1855,STOP,0.0004,-1.0250000000000536,-1.1500000000000536,-0.41000000000002146
N3_ANCHOR_REVERSION,NEUTRAL,SHORT,2026-02-09 07:45:00+00:00,2026-02-09 07:50:00+00:00,2026-02-09 07:50:00+00:00,2026-02-09 07:50:00+00:00,1.18557,1.18597,1.18497,1.1849800000000001,TARGET,0.0004,1.474999999999671,1.349999999999671,0.5899999999998684
N3_ANCHOR_REVERSION,NEUTRAL,SHORT,2026-02-17 09:20:00+00:00,2026-02-17 09:25:00+00:00,2026-02-17 09:25:00+00:00,2026-02-17 09:30:00+00:00,1.18448,1.18488,1.18388,1.18489,STOP,0.0004,-1.0250000000000536,-1.1500000000000536,-0.41000000000002146
N3_ANCHOR_REVERSION,NEUTRAL,LONG,2026-02-17 12:00:00+00:00,2026-02-17 12:05:00+00:00,2026-02-17 12:05:00+00:00,2026-02-17 12:15:00+00:00,1.1833900000000002,1.1829900000000002,1.18399,1.1829800000000001,STOP,0.0004,-1.0250000000000536,-1.1500000000000536,-0.41000000000002146
N3_ANCHOR_REVERSION,NEUTRAL,LONG,2026-02-17 12:30:00+00:00,2026-02-17 12:35:00+00:00,2026-02-17 12:35:00+00:00,2026-02-17 12:40:00+00:00,1.18323,1.18283,1.18383,1.18282,STOP,0.0004,-1.0250000000000536,-1.1500000000000536,-0.41000000000002146
N3_ANCHOR_REVERSION,NEUTRAL,LONG,2026-02-17 12:50:00+00:00,2026-02-17 12:55:00+00:00,2026-02-17 12:55:00+00:00,2026-02-17 13:00:00+00:00,1.18304,1.1826400000000001,1.18364,1.18263,STOP,0.0004,-1.0250000000000536,-1.1500000000000536,-0.41000000000002146
N3_ANCHOR_REVERSION,NEUTRAL,LONG,2026-02-18 04:10:00+00:00,2026-02-18 04:15:00+00:00,2026-02-18 04:15:00+00:00,2026-02-18 07:15:00+00:00,1.1842300000000001,1.1838300000000002,1.18483,1.18382,STOP,0.0004,-1.0250000000000536,-1.1500000000000536,-0.41000000000002146
N3_ANCHOR_REVERSION,NEUTRAL,LONG,2026-02-18 07:30:00+00:00,2026-02-18 07:35:00+00:00,2026-02-18 07:35:00+00:00,2026-02-18 07:40:00+00:00,1.18378,1.18338,1.18438,1.18337,STOP,0.0004,-1.0250000000000536,-1.1500000000000536,-0.41000000000002146
N3_ANCHOR_REVERSION,NEUTRAL,LONG,2026-02-18 07:50:00+00:00,2026-02-18 07:55:00+00:00,2026-02-18 07:55:00+00:00,2026-02-18 08:05:00+00:00,1.18372,1.1833200000000001,1.18432,1.18331,STOP,0.0004,-1.0250000000000536,-1.1500000000000536,-0.41000000000002146
N3_ANCHOR_REVERSION,NEUTRAL,LONG,2026-02-18 18:00:00+00:00,2026-02-18 18:05:00+00:00,2026-02-18 18:05:00+00:00,2026-02-18 18:05:00+00:00,1.1807800000000002,1.1803800000000002,1.18138,1.1803700000000001,STOP,0.0004,-1.0250000000000536,-1.1500000000000536,-0.41000000000002146
N3_ANCHOR_REVERSION,NEUTRAL,SHORT,2026-02-19 01:15:00+00:00,2026-02-19 01:20:00+00:00,2026-02-19 01:20:00+00:00,2026-02-19 04:05:00+00:00,1.17939,1.17979,1.17879,1.1788,TARGET,0.0004,1.474999999999671,1.349999999999671,0.5899999999998684
N3_ANCHOR_REVERSION,NEUTRAL,SHORT,2026-02-19 06:30:00+00:00,2026-02-19 06:35:00+00:00,2026-02-19 06:35:00+00:00,2026-02-19 06:50:00+00:00,1.17973,1.18013,1.17913,1.18014,STOP,0.0004,-1.0250000000000536,-1.1500000000000536,-0.41000000000002146
N3_ANCHOR_REVERSION,NEUTRAL,SHORT,2026-02-19 06:55:00+00:00,2026-02-19 07:00:00+00:00,2026-02-19 07:00:00+00:00,2026-02-19 07:40:00+00:00,1.1798,1.1802,1.1792,1.18021,STOP,0.0004,-1.0250000000000536,-1.1500000000000536,-0.41000000000002146
N3_ANCHOR_REVERSION,NEUTRAL,LONG,2026-02-19 12:55:00+00:00,2026-02-19 13:00:00+00:00,2026-02-19 13:00:00+00:00,2026-02-19 13:00:00+00:00,1.1770100000000001,1.1766100000000002,1.17761,1.1766,STOP,0.0004,-1.0250000000000536,-1.1500000000000536,-0.41000000000002146
N3_ANCHOR_REVERSION,NEUTRAL,LONG,2026-02-20 01:50:00+00:00,2026-02-20 01:55:00+00:00,2026-02-20 01:55:00+00:00,2026-02-20 02:10:00+00:00,1.1759600000000001,1.1755600000000002,1.17656,1.17555,STOP,0.0004,-1.0250000000000536,-1.1500000000000536,-0.41000000000002146
N3_ANCHOR_REVERSION,NEUTRAL,LONG,2026-02-20 02:10:00+00:00,2026-02-20 02:15:00+00:00,2026-02-20 02:15:00+00:00,2026-02-20 02:40:00+00:00,1.1759000000000002,1.1755000000000002,1.1765,1.1754900000000001,STOP,0.0004,-1.0250000000000536,-1.1500000000000536,-0.41000000000002146
N3_ANCHOR_REVERSION,NEUTRAL,SHORT,2026-02-20 18:40:00+00:00,2026-02-20 18:45:00+00:00,2026-02-20 18:45:00+00:00,2026-02-20 18:45:00+00:00,1.17926,1.17966,1.17866,1.17967,STOP,0.0004,-1.0250000000000536,-1.1500000000000536,-0.41000000000002146
N3_ANCHOR_REVERSION,NEUTRAL,SHORT,2026-02-20 21:35:00+00:00,2026-02-20 21:40:00+00:00,2026-02-20 21:40:00+00:00,2026-02-20 21:55:00+00:00,1.1787699999999999,1.1791699999999998,1.17817,1.17818,TARGET,0.0004,1.474999999999671,1.349999999999671,0.5899999999998684
N3_ANCHOR_REVERSION,NEUTRAL,SHORT,2026-02-22 22:25:00+00:00,2026-02-22 22:30:00+00:00,2026-02-22 22:30:00+00:00,2026-02-22 22:30:00+00:00,1.17918,1.1795799999999999,1.17858,1.1796,STOP,0.0004,-1.0500000000002174,-1.1750000000002174,-0.42000000000008697
N3_ANCHOR_REVERSION,NEUTRAL,SHORT,2026-02-22 23:25:00+00:00,2026-02-22 23:30:00+00:00,2026-02-22 23:30:00+00:00,2026-02-22 23:30:00+00:00,1.1815099999999998,1.1819099999999998,1.18091,1.1819199999999999,STOP,0.0004,-1.0250000000000536,-1.1500000000000536,-0.41000000000002146
N3_ANCHOR_REVERSION,NEUTRAL,SHORT,2026-02-23 00:10:00+00:00,2026-02-23 00:15:00+00:00,2026-02-23 00:15:00+00:00,2026-02-23 00:30:00+00:00,1.1826999999999999,1.1830999999999998,1.1821,1.1831099999999999,STOP,0.0004,-1.0250000000000536,-1.1500000000000536,-0.41000000000002146
N3_ANCHOR_REVERSION,NEUTRAL,SHORT,2026-02-23 00:40:00+00:00,2026-02-23 00:45:00+00:00,2026-02-23 00:45:00+00:00,2026-02-23 01:20:00+00:00,1.18306,1.18346,1.18246,1.1824700000000001,TARGET,0.0004,1.474999999999671,1.349999999999671,0.5899999999998684
N3_ANCHOR_REVERSION,NEUTRAL,SHORT,2026-02-23 01:30:00+00:00,2026-02-23 01:35:00+00:00,2026-02-23 01:35:00+00:00,2026-02-23 01:35:00+00:00,1.18211,1.18251,1.18151,1.18252,STOP,0.0004,-1.0250000000000536,-1.1500000000000536,-0.41000000000002146
N3_ANCHOR_REVERSION,NEUTRAL,SHORT,2026-02-23 06:30:00+00:00,2026-02-23 06:35:00+00:00,2026-02-23 06:35:00+00:00,2026-02-23 07:30:00+00:00,1.18286,1.18326,1.18226,1.1822700000000002,TARGET,0.0004,1.474999999999671,1.349999999999671,0.5899999999998684
N3_ANCHOR_REVERSION,NEUTRAL,LONG,2026-02-24 05:05:00+00:00,2026-02-24 05:10:00+00:00,2026-02-24 05:10:00+00:00,2026-02-24 05:55:00+00:00,1.1772,1.1768,1.1778,1.17779,TARGET,0.0004,1.474999999999671,1.349999999999671,0.5899999999998684
N3_ANCHOR_REVERSION,NEUTRAL,SHORT,2026-02-24 06:10:00+00:00,2026-02-24 06:15:00+00:00,2026-02-24 06:15:00+00:00,2026-02-24 07:05:00+00:00,1.17796,1.1783599999999999,1.17736,1.17737,TARGET,0.0004,1.474999999999671,1.349999999999671,0.5899999999998684
N3_ANCHOR_REVERSION,NEUTRAL,SHORT,2026-02-25 05:55:00+00:00,2026-02-25 06:00:00+00:00,2026-02-25 06:00:00+00:00,2026-02-25 06:20:00+00:00,1.18008,1.18048,1.17948,1.18049,STOP,0.0004,-1.0250000000000536,-1.1500000000000536,-0.41000000000002146
N3_ANCHOR_REVERSION,NEUTRAL,SHORT,2026-02-25 06:40:00+00:00,2026-02-25 06:45:00+00:00,2026-02-25 06:45:00+00:00,2026-02-25 06:50:00+00:00,1.18018,1.18058,1.17958,1.18059,STOP,0.0004,-1.0250000000000536,-1.1500000000000536,-0.41000000000002146
N3_ANCHOR_REVERSION,NEUTRAL,SHORT,2026-02-25 07:10:00+00:00,2026-02-25 07:15:00+00:00,2026-02-25 07:15:00+00:00,2026-02-25 07:55:00+00:00,1.18044,1.18084,1.17984,1.17985,TARGET,0.0004,1.474999999999671,1.349999999999671,0.5899999999998684
N3_ANCHOR_REVERSION,NEUTRAL,LONG,2026-02-25 09:15:00+00:00,2026-02-25 09:20:00+00:00,2026-02-25 09:20:00+00:00,2026-02-25 09:45:00+00:00,1.1790100000000001,1.1786100000000002,1.17961,1.1786,STOP,0.0004,-1.0250000000000536,-1.1500000000000536,-0.41000000000002146
N3_ANCHOR_REVERSION,NEUTRAL,SHORT,2026-02-26 00:00:00+00:00,2026-02-26 00:05:00+00:00,2026-02-26 00:05:00+00:00,2026-02-26 00:20:00+00:00,1.18136,1.18176,1.18076,1.18177,STOP,0.0004,-1.0250000000000536,-1.1500000000000536,-0.41000000000002146
N3_ANCHOR_REVERSION,NEUTRAL,SHORT,2026-02-26 00:20:00+00:00,2026-02-26 00:25:00+00:00,2026-02-26 00:25:00+00:00,2026-02-26 00:45:00+00:00,1.18153,1.18193,1.18093,1.18194,STOP,0.0004,-1.0250000000000536,-1.1500000000000536,-0.41000000000002146
N3_ANCHOR_REVERSION,NEUTRAL,SHORT,2026-02-26 00:45:00+00:00,2026-02-26 00:50:00+00:00,2026-02-26 00:50:00+00:00,2026-02-26 00:55:00+00:00,1.18145,1.1818499999999998,1.18085,1.18186,STOP,0.0004,-1.0250000000000536,-1.1500000000000536,-0.41000000000002146
N3_ANCHOR_REVERSION,NEUTRAL,SHORT,2026-02-26 01:05:00+00:00,2026-02-26 01:10:00+00:00,2026-02-26 01:10:00+00:00,2026-02-26 01:15:00+00:00,1.18187,1.18227,1.18127,1.18228,STOP,0.0004,-1.0250000000000536,-1.1500000000000536,-0.41000000000002146
N3_ANCHOR_REVERSION,NEUTRAL,SHORT,2026-02-27 00:05:00+00:00,2026-02-27 00:10:00+00:00,2026-02-27 00:10:00+00:00,2026-02-27 00:20:00+00:00,1.18005,1.18045,1.17945,1.18046,STOP,0.0004,-1.0250000000000536,-1.1500000000000536,-0.41000000000002146
N3_ANCHOR_REVERSION,NEUTRAL,SHORT,2026-02-27 00:25:00+00:00,2026-02-27 00:30:00+00:00,2026-02-27 00:30:00+00:00,2026-02-27 00:45:00+00:00,1.18035,1.18075,1.17975,1.1797600000000001,TARGET,0.0004,1.474999999999671,1.349999999999671,0.5899999999998684
N3_ANCHOR_REVERSION,NEUTRAL,SHORT,2026-02-27 04:40:00+00:00,2026-02-27 04:45:00+00:00,2026-02-27 04:45:00+00:00,2026-02-27 06:25:00+00:00,1.1811699999999998,1.1815699999999998,1.18057,1.18058,TARGET,0.0004,1.474999999999671,1.349999999999671,0.5899999999998684
N3_ANCHOR_REVERSION,NEUTRAL,LONG,2026-02-27 07:15:00+00:00,2026-02-27 07:20:00+00:00,2026-02-27 07:20:00+00:00,2026-02-27 07:35:00+00:00,1.18005,1.17965,1.18065,1.18064,TARGET,0.0004,1.474999999999671,1.349999999999671,0.5899999999998684
N3_ANCHOR_REVERSION,NEUTRAL,SHORT,2026-03-02 03:30:00+00:00,2026-03-02 03:35:00+00:00,2026-03-02 03:35:00+00:00,2026-03-02 04:20:00+00:00,1.17913,1.17953,1.17853,1.1785400000000001,TARGET,0.0004,1.474999999999671,1.349999999999671,0.5899999999998684
N3_ANCHOR_REVERSION,NEUTRAL,LONG,2026-03-02 06:45:00+00:00,2026-03-02 06:50:00+00:00,2026-03-02 06:50:00+00:00,2026-03-02 06:50:00+00:00,1.1739600000000001,1.1735600000000002,1.17456,1.17355,STOP,0.0004,-1.0250000000000536,-1.1500000000000536,-0.41000000000002146
N3_ANCHOR_REVERSION,NEUTRAL,LONG,2026-03-02 12:20:00+00:00,2026-03-02 12:25:00+00:00,2026-03-02 12:25:00+00:00,2026-03-02 12:35:00+00:00,1.1721400000000002,1.1717400000000002,1.1727400000000001,1.1717300000000002,STOP,0.0004,-1.0250000000000536,-1.1500000000000536,-0.41000000000002146
N3_ANCHOR_REVERSION,NEUTRAL,LONG,2026-03-02 20:15:00+00:00,2026-03-02 20:20:00+00:00,2026-03-02 20:20:00+00:00,2026-03-02 20:20:00+00:00,1.1687100000000001,1.1683100000000002,1.16931,1.1683000000000001,STOP,0.0004,-1.0250000000000536,-1.1500000000000536,-0.41000000000002146
N3_ANCHOR_REVERSION,NEUTRAL,SHORT,2026-03-11 01:35:00+00:00,2026-03-11 01:40:00+00:00,2026-03-11 01:40:00+00:00,2026-03-11 01:45:00+00:00,1.1621599999999999,1.1625599999999998,1.16156,1.1625699999999999,STOP,0.0004,-1.0250000000000536,-1.1500000000000536,-0.41000000000002146
N3_ANCHOR_REVERSION,NEUTRAL,SHORT,2026-03-11 04:20:00+00:00,2026-03-11 04:25:00+00:00,2026-03-11 04:25:00+00:00,2026-03-11 04:45:00+00:00,1.16312,1.1635199999999999,1.16252,1.16353,STOP,0.0004,-1.0250000000000536,-1.1500000000000536,-0.41000000000002146
N3_ANCHOR_REVERSION,NEUTRAL,SHORT,2026-03-11 04:50:00+00:00,2026-03-11 04:55:00+00:00,2026-03-11 04:55:00+00:00,2026-03-11 05:05:00+00:00,1.16322,1.1636199999999999,1.16262,1.16363,STOP,0.0004,-1.0250000000000536,-1.1500000000000536,-0.41000000000002146
N3_ANCHOR_REVERSION,NEUTRAL,SHORT,2026-03-11 05:10:00+00:00,2026-03-11 05:15:00+00:00,2026-03-11 05:15:00+00:00,2026-03-11 05:40:00+00:00,1.16319,1.16359,1.16259,1.1636,STOP,0.0004,-1.0250000000000536,-1.1500000000000536,-0.41000000000002146
N3_ANCHOR_REVERSION,NEUTRAL,SHORT,2026-03-19 19:15:00+00:00,2026-03-19 19:20:00+00:00,2026-03-19 19:20:00+00:00,2026-03-19 19:20:00+00:00,1.1600899999999998,1.1604899999999998,1.15949,1.1595,TARGET,0.0004,1.474999999999671,1.349999999999671,0.5899999999998684
N3_ANCHOR_REVERSION,NEUTRAL,SHORT,2026-03-19 19:40:00+00:00,2026-03-19 19:45:00+00:00,2026-03-19 19:45:00+00:00,2026-03-19 19:50:00+00:00,1.15848,1.15888,1.15788,1.15789,TARGET,0.0004,1.474999999999671,1.349999999999671,0.5899999999998684
N3_ANCHOR_REVERSION,NEUTRAL,SHORT,2026-03-19 21:55:00+00:00,2026-03-19 22:00:00+00:00,2026-03-19 22:00:00+00:00,2026-03-19 22:00:00+00:00,1.15808,1.15848,1.15748,1.15849,STOP,0.0004,-1.0250000000000536,-1.1500000000000536,-0.41000000000002146
N3_ANCHOR_REVERSION,NEUTRAL,SHORT,2026-03-19 22:05:00+00:00,2026-03-19 22:10:00+00:00,2026-03-19 22:10:00+00:00,2026-03-19 22:15:00+00:00,1.15923,1.15963,1.15863,1.1586400000000001,TARGET,0.0004,1.474999999999671,1.349999999999671,0.5899999999998684
N3_ANCHOR_REVERSION,NEUTRAL,LONG,2026-03-20 00:35:00+00:00,2026-03-20 00:40:00+00:00,2026-03-20 00:40:00+00:00,2026-03-20 01:20:00+00:00,1.1573600000000002,1.1569600000000002,1.15796,1.1569500000000001,STOP,0.0004,-1.0250000000000536,-1.1500000000000536,-0.41000000000002146
N3_ANCHOR_REVERSION,NEUTRAL,LONG,2026-03-20 02:05:00+00:00,2026-03-20 02:10:00+00:00,2026-03-20 02:10:00+00:00,2026-03-20 02:35:00+00:00,1.15673,1.15633,1.15733,1.15632,STOP,0.0004,-1.0250000000000536,-1.1500000000000536,-0.41000000000002146
N3_ANCHOR_REVERSION,NEUTRAL,LONG,2026-03-20 05:10:00+00:00,2026-03-20 05:15:00+00:00,2026-03-20 05:15:00+00:00,2026-03-20 05:35:00+00:00,1.15596,1.1555600000000001,1.15656,1.15555,STOP,0.0004,-1.0250000000000536,-1.1500000000000536,-0.41000000000002146
N3_ANCHOR_REVERSION,NEUTRAL,LONG,2026-03-20 05:40:00+00:00,2026-03-20 05:45:00+00:00,2026-03-20 05:45:00+00:00,2026-03-20 05:50:00+00:00,1.1557300000000001,1.1553300000000002,1.15633,1.1553200000000001,STOP,0.0004,-1.0250000000000536,-1.1500000000000536,-0.41000000000002146
N3_ANCHOR_REVERSION,NEUTRAL,LONG,2026-03-23 23:55:00+00:00,2026-03-24 00:00:00+00:00,2026-03-24 00:00:00+00:00,2026-03-24 00:00:00+00:00,1.16087,1.1604700000000001,1.16147,1.16046,STOP,0.0004,-1.0250000000000536,-1.1500000000000536,-0.41000000000002146
N3_ANCHOR_REVERSION,NEUTRAL,LONG,2026-03-24 00:20:00+00:00,2026-03-24 00:25:00+00:00,2026-03-24 00:25:00+00:00,2026-03-24 00:30:00+00:00,1.15971,1.15931,1.16031,1.1593,STOP,0.0004,-1.0250000000000536,-1.1500000000000536,-0.41000000000002146
N3_ANCHOR_REVERSION,NEUTRAL,LONG,2026-03-24 00:30:00+00:00,2026-03-24 00:35:00+00:00,2026-03-24 00:35:00+00:00,2026-03-24 00:35:00+00:00,1.15962,1.1592200000000001,1.16022,1.15921,STOP,0.0004,-1.0250000000000536,-1.1500000000000536,-0.41000000000002146
N3_ANCHOR_REVERSION,NEUTRAL,LONG,2026-03-24 00:50:00+00:00,2026-03-24 00:55:00+00:00,2026-03-24 00:55:00+00:00,2026-03-24 00:55:00+00:00,1.1592,1.1588,1.1598,1.15879,STOP,0.0004,-1.0250000000000536,-1.1500000000000536,-0.41000000000002146
N3_ANCHOR_REVERSION,NEUTRAL,SHORT,2026-03-25 00:55:00+00:00,2026-03-25 01:00:00+00:00,2026-03-25 01:00:00+00:00,2026-03-25 01:45:00+00:00,1.1622999999999999,1.1626999999999998,1.1617,1.16171,TARGET,0.0004,1.474999999999671,1.349999999999671,0.5899999999998684
N3_ANCHOR_REVERSION,NEUTRAL,LONG,2026-03-25 05:25:00+00:00,2026-03-25 05:30:00+00:00,2026-03-25 05:30:00+00:00,2026-03-25 05:45:00+00:00,1.15954,1.15914,1.16014,1.15913,STOP,0.0004,-1.0250000000000536,-1.1500000000000536,-0.41000000000002146
N3_ANCHOR_REVERSION,NEUTRAL,LONG,2026-03-25 05:55:00+00:00,2026-03-25 06:00:00+00:00,2026-03-25 06:00:00+00:00,2026-03-25 06:05:00+00:00,1.15928,1.1588800000000001,1.15988,1.15887,STOP,0.0004,-1.0250000000000536,-1.1500000000000536,-0.41000000000002146
N3_ANCHOR_REVERSION,NEUTRAL,LONG,2026-03-25 06:15:00+00:00,2026-03-25 06:20:00+00:00,2026-03-25 06:20:00+00:00,2026-03-25 06:50:00+00:00,1.1592,1.1588,1.1598,1.1597899999999999,TARGET,0.0004,1.474999999999671,1.349999999999671,0.5899999999998684
N3_ANCHOR_REVERSION,NEUTRAL,LONG,2026-03-30 23:20:00+00:00,2026-03-30 23:25:00+00:00,2026-03-30 23:25:00+00:00,2026-03-31 00:10:00+00:00,1.14557,1.14517,1.14617,1.14516,STOP,0.0004,-1.0250000000000536,-1.1500000000000536,-0.41000000000002146
N3_ANCHOR_REVERSION,NEUTRAL,LONG,2026-03-31 00:25:00+00:00,2026-03-31 00:30:00+00:00,2026-03-31 00:30:00+00:00,2026-03-31 00:35:00+00:00,1.1453900000000001,1.1449900000000002,1.14599,1.14598,TARGET,0.0004,1.474999999999671,1.349999999999671,0.5899999999998684
N3_ANCHOR_REVERSION,NEUTRAL,SHORT,2026-03-31 01:30:00+00:00,2026-03-31 01:35:00+00:00,2026-03-31 01:35:00+00:00,2026-03-31 01:45:00+00:00,1.14868,1.1490799999999999,1.14808,1.14809,TARGET,0.0004,1.474999999999671,1.349999999999671,0.5899999999998684
N3_ANCHOR_REVERSION,NEUTRAL,SHORT,2026-03-31 14:00:00+00:00,2026-03-31 14:05:00+00:00,2026-03-31 14:05:00+00:00,2026-03-31 14:25:00+00:00,1.15265,1.15305,1.15205,1.15306,STOP,0.0004,-1.0250000000000536,-1.1500000000000536,-0.41000000000002146
N3_ANCHOR_REVERSION,NEUTRAL,SHORT,2026-03-31 14:35:00+00:00,2026-03-31 14:40:00+00:00,2026-03-31 14:40:00+00:00,2026-03-31 14:50:00+00:00,1.15234,1.1527399999999999,1.15174,1.15275,STOP,0.0004,-1.0250000000000536,-1.1500000000000536,-0.41000000000002146
N3_ANCHOR_REVERSION,NEUTRAL,SHORT,2026-04-01 00:05:00+00:00,2026-04-01 00:10:00+00:00,2026-04-01 00:10:00+00:00,2026-04-01 00:15:00+00:00,1.15725,1.1576499999999998,1.15665,1.15766,STOP,0.0004,-1.0250000000000536,-1.1500000000000536,-0.41000000000002146
N3_ANCHOR_REVERSION,NEUTRAL,SHORT,2026-04-01 00:40:00+00:00,2026-04-01 00:45:00+00:00,2026-04-01 00:45:00+00:00,2026-04-01 01:00:00+00:00,1.1576199999999999,1.1580199999999998,1.15702,1.15703,TARGET,0.0004,1.474999999999671,1.349999999999671,0.5899999999998684
N3_ANCHOR_REVERSION,NEUTRAL,SHORT,2026-04-01 05:50:00+00:00,2026-04-01 05:55:00+00:00,2026-04-01 05:55:00+00:00,2026-04-01 06:00:00+00:00,1.1573,1.1577,1.1567,1.1567100000000001,TARGET,0.0004,1.474999999999671,1.349999999999671,0.5899999999998684
N3_ANCHOR_REVERSION,NEUTRAL,SHORT,2026-04-01 06:35:00+00:00,2026-04-01 06:40:00+00:00,2026-04-01 06:40:00+00:00,2026-04-01 06:40:00+00:00,1.1580899999999998,1.1584899999999998,1.15749,1.1584999999999999,STOP,0.0004,-1.0250000000000536,-1.1500000000000536,-0.41000000000002146
N3_ANCHOR_REVERSION,NEUTRAL,LONG,2026-04-02 07:40:00+00:00,2026-04-02 07:45:00+00:00,2026-04-02 07:45:00+00:00,2026-04-02 07:45:00+00:00,1.15245,1.15205,1.15305,1.1530399999999998,TARGET,0.0004,1.474999999999671,1.349999999999671,0.5899999999998684
N3_ANCHOR_REVERSION,NEUTRAL,LONG,2026-04-02 10:25:00+00:00,2026-04-02 10:30:00+00:00,2026-04-02 10:30:00+00:00,2026-04-02 10:35:00+00:00,1.15202,1.15162,1.15262,1.15161,STOP,0.0004,-1.0250000000000536,-1.1500000000000536,-0.41000000000002146
N3_ANCHOR_REVERSION,NEUTRAL,LONG,2026-04-02 10:40:00+00:00,2026-04-02 10:45:00+00:00,2026-04-02 10:45:00+00:00,2026-04-02 10:45:00+00:00,1.15181,1.15141,1.15241,1.1514,STOP,0.0004,-1.0250000000000536,-1.1500000000000536,-0.41000000000002146
N3_ANCHOR_REVERSION,NEUTRAL,SHORT,2026-04-06 02:25:00+00:00,2026-04-06 02:30:00+00:00,2026-04-06 02:30:00+00:00,2026-04-06 03:15:00+00:00,1.15242,1.15282,1.15182,1.1518300000000001,TARGET,0.0004,1.474999999999671,1.349999999999671,0.5899999999998684
N3_ANCHOR_REVERSION,NEUTRAL,SHORT,2026-04-06 14:00:00+00:00,2026-04-06 14:05:00+00:00,2026-04-06 14:05:00+00:00,2026-04-06 14:15:00+00:00,1.15566,1.1560599999999999,1.15506,1.15607,STOP,0.0004,-1.0250000000000536,-1.1500000000000536,-0.41000000000002146
N3_ANCHOR_REVERSION,NEUTRAL,SHORT,2026-04-06 14:40:00+00:00,2026-04-06 14:45:00+00:00,2026-04-06 14:45:00+00:00,2026-04-06 14:45:00+00:00,1.1561899999999998,1.1565899999999998,1.15559,1.1556,TARGET,0.0004,1.474999999999671,1.349999999999671,0.5899999999998684
N3_ANCHOR_REVERSION,NEUTRAL,LONG,2026-04-06 15:05:00+00:00,2026-04-06 15:10:00+00:00,2026-04-06 15:10:00+00:00,2026-04-06 15:10:00+00:00,1.15428,1.15388,1.15488,1.15387,STOP,0.0004,-1.0250000000000536,-1.1500000000000536,-0.41000000000002146
N3_ANCHOR_REVERSION,NEUTRAL,LONG,2026-04-07 01:55:00+00:00,2026-04-07 02:00:00+00:00,2026-04-07 02:00:00+00:00,2026-04-07 02:05:00+00:00,1.1530900000000002,1.1526900000000002,1.15369,1.1526800000000001,STOP,0.0004,-1.0250000000000536,-1.1500000000000536,-0.41000000000002146
N3_ANCHOR_REVERSION,NEUTRAL,SHORT,2026-04-07 05:05:00+00:00,2026-04-07 05:10:00+00:00,2026-04-07 05:10:00+00:00,2026-04-07 05:40:00+00:00,1.15373,1.1541299999999999,1.15313,1.15314,TARGET,0.0004,1.474999999999671,1.349999999999671,0.5899999999998684
N3_ANCHOR_REVERSION,NEUTRAL,SHORT,2026-04-07 16:05:00+00:00,2026-04-07 16:10:00+00:00,2026-04-07 16:10:00+00:00,2026-04-07 16:20:00+00:00,1.1575,1.1579,1.1569,1.15791,STOP,0.0004,-1.0250000000000536,-1.1500000000000536,-0.41000000000002146
N3_ANCHOR_REVERSION,NEUTRAL,SHORT,2026-04-07 17:40:00+00:00,2026-04-07 17:45:00+00:00,2026-04-07 17:45:00+00:00,2026-04-07 17:50:00+00:00,1.15757,1.15797,1.15697,1.15798,STOP,0.0004,-1.0250000000000536,-1.1500000000000536,-0.41000000000002146
N3_ANCHOR_REVERSION,NEUTRAL,SHORT,2026-04-10 18:40:00+00:00,2026-04-10 18:45:00+00:00,2026-04-10 18:45:00+00:00,2026-04-10 20:55:00+00:00,1.17323,1.17363,1.17263,1.1726400000000001,TARGET,0.0004,1.474999999999671,1.349999999999671,0.5899999999998684
N3_ANCHOR_REVERSION,NEUTRAL,LONG,2026-04-12 22:05:00+00:00,2026-04-12 22:10:00+00:00,2026-04-12 22:10:00+00:00,2026-04-12 22:10:00+00:00,1.16784,1.16744,1.16844,1.16743,STOP,0.0004,-1.0250000000000536,-1.1500000000000536,-0.41000000000002146
N3_ANCHOR_REVERSION,NEUTRAL,LONG,2026-04-12 22:30:00+00:00,2026-04-12 22:35:00+00:00,2026-04-12 22:35:00+00:00,2026-04-12 23:20:00+00:00,1.16699,1.16659,1.16759,1.16658,STOP,0.0004,-1.0250000000000536,-1.1500000000000536,-0.41000000000002146
N3_ANCHOR_REVERSION,NEUTRAL,LONG,2026-04-12 23:45:00+00:00,2026-04-12 23:50:00+00:00,2026-04-12 23:50:00+00:00,2026-04-13 00:20:00+00:00,1.16745,1.1670500000000001,1.16805,1.16804,TARGET,0.0004,1.474999999999671,1.349999999999671,0.5899999999998684
N3_ANCHOR_REVERSION,NEUTRAL,LONG,2026-04-13 05:10:00+00:00,2026-04-13 05:15:00+00:00,2026-04-13 05:15:00+00:00,2026-04-13 06:05:00+00:00,1.16852,1.16812,1.16912,1.1691099999999999,TARGET,0.0004,1.474999999999671,1.349999999999671,0.5899999999998684
N3_ANCHOR_REVERSION,NEUTRAL,LONG,2026-04-13 06:50:00+00:00,2026-04-13 06:55:00+00:00,2026-04-13 06:55:00+00:00,2026-04-13 07:00:00+00:00,1.1682700000000001,1.1678700000000002,1.16887,1.16886,TARGET,0.0004,1.474999999999671,1.349999999999671,0.5899999999998684
N3_ANCHOR_REVERSION,NEUTRAL,SHORT,2026-04-13 11:10:00+00:00,2026-04-13 11:15:00+00:00,2026-04-13 11:15:00+00:00,2026-04-13 11:35:00+00:00,1.1697899999999999,1.1701899999999998,1.16919,1.1692,TARGET,0.0004,1.474999999999671,1.349999999999671,0.5899999999998684
N3_ANCHOR_REVERSION,NEUTRAL,SHORT,2026-04-13 19:00:00+00:00,2026-04-13 19:05:00+00:00,2026-04-13 19:05:00+00:00,2026-04-13 19:25:00+00:00,1.17569,1.1760899999999999,1.17509,1.1761,STOP,0.0004,-1.0250000000000536,-1.1500000000000536,-0.41000000000002146
N3_ANCHOR_REVERSION,NEUTRAL,SHORT,2026-04-14 00:00:00+00:00,2026-04-14 00:05:00+00:00,2026-04-14 00:05:00+00:00,2026-04-14 00:15:00+00:00,1.17627,1.1766699999999999,1.17567,1.17668,STOP,0.0004,-1.0250000000000536,-1.1500000000000536,-0.41000000000002146
N3_ANCHOR_REVERSION,NEUTRAL,SHORT,2026-04-14 00:30:00+00:00,2026-04-14 00:35:00+00:00,2026-04-14 00:35:00+00:00,2026-04-14 01:05:00+00:00,1.17644,1.1768399999999999,1.17584,1.17685,STOP,0.0004,-1.0250000000000536,-1.1500000000000536,-0.41000000000002146
N3_ANCHOR_REVERSION,NEUTRAL,LONG,2026-04-17 17:25:00+00:00,2026-04-17 17:30:00+00:00,2026-04-17 17:30:00+00:00,2026-04-17 18:25:00+00:00,1.1790100000000001,1.1786100000000002,1.17961,1.1796,TARGET,0.0004,1.474999999999671,1.349999999999671,0.5899999999998684
N3_ANCHOR_REVERSION,NEUTRAL,LONG,2026-04-21 17:20:00+00:00,2026-04-21 17:25:00+00:00,2026-04-21 17:25:00+00:00,2026-04-21 17:25:00+00:00,1.17263,1.17223,1.17323,1.17322,TARGET,0.0004,1.474999999999671,1.349999999999671,0.5899999999998684
N3_ANCHOR_REVERSION,NEUTRAL,LONG,2026-04-21 17:30:00+00:00,2026-04-21 17:35:00+00:00,2026-04-21 17:35:00+00:00,2026-04-21 17:35:00+00:00,1.17357,1.17317,1.17417,1.1741599999999999,TARGET,0.0004,1.474999999999671,1.349999999999671,0.5899999999998684
N3_ANCHOR_REVERSION,NEUTRAL,LONG,2026-04-21 19:45:00+00:00,2026-04-21 19:50:00+00:00,2026-04-21 19:50:00+00:00,2026-04-21 19:50:00+00:00,1.17299,1.17259,1.17359,1.17258,STOP,0.0004,-1.0250000000000536,-1.1500000000000536,-0.41000000000002146
N3_ANCHOR_REVERSION,NEUTRAL,SHORT,2026-04-22 05:20:00+00:00,2026-04-22 05:25:00+00:00,2026-04-22 05:25:00+00:00,2026-04-22 05:25:00+00:00,1.17544,1.17584,1.17484,1.17585,STOP,0.0004,-1.0250000000000536,-1.1500000000000536,-0.41000000000002146
N3_ANCHOR_REVERSION,NEUTRAL,SHORT,2026-04-22 05:30:00+00:00,2026-04-22 05:35:00+00:00,2026-04-22 05:35:00+00:00,2026-04-22 05:35:00+00:00,1.17518,1.1755799999999998,1.17458,1.17559,STOP,0.0004,-1.0250000000000536,-1.1500000000000536,-0.41000000000002146
N3_ANCHOR_REVERSION,NEUTRAL,SHORT,2026-04-22 05:50:00+00:00,2026-04-22 05:55:00+00:00,2026-04-22 05:55:00+00:00,2026-04-22 06:30:00+00:00,1.1751,1.1755,1.1745,1.17551,STOP,0.0004,-1.0250000000000536,-1.1500000000000536,-0.41000000000002146
N3_ANCHOR_REVERSION,NEUTRAL,LONG,2026-04-22 20:45:00+00:00,2026-04-22 20:50:00+00:00,2026-04-22 20:50:00+00:00,2026-04-23 00:00:00+00:00,1.1707800000000002,1.1703800000000002,1.17138,1.1703700000000001,STOP,0.0004,-1.0250000000000536,-1.1500000000000536,-0.41000000000002146
N3_ANCHOR_REVERSION,NEUTRAL,SHORT,2026-04-27 10:55:00+00:00,2026-04-27 11:00:00+00:00,2026-04-27 11:00:00+00:00,2026-04-27 11:40:00+00:00,1.17459,1.17499,1.17399,1.1740000000000002,TARGET,0.0004,1.474999999999671,1.349999999999671,0.5899999999998684
N3_ANCHOR_REVERSION,NEUTRAL,SHORT,2026-04-27 12:20:00+00:00,2026-04-27 12:25:00+00:00,2026-04-27 12:25:00+00:00,2026-04-27 13:05:00+00:00,1.1747999999999998,1.1751999999999998,1.1742,1.1752099999999999,STOP,0.0004,-1.0250000000000536,-1.1500000000000536,-0.41000000000002146
N3_ANCHOR_REVERSION,NEUTRAL,LONG,2026-04-27 18:35:00+00:00,2026-04-27 18:40:00+00:00,2026-04-27 18:40:00+00:00,2026-04-27 18:55:00+00:00,1.1723100000000002,1.1719100000000002,1.1729100000000001,1.1719000000000002,STOP,0.0004,-1.0250000000000536,-1.1500000000000536,-0.41000000000002146
N3_ANCHOR_REVERSION,NEUTRAL,LONG,2026-04-27 20:00:00+00:00,2026-04-27 20:05:00+00:00,2026-04-27 20:05:00+00:00,2026-04-27 20:55:00+00:00,1.17233,1.1719300000000001,1.17293,1.17192,STOP,0.0004,-1.0250000000000536,-1.1500000000000536,-0.41000000000002146
N3_ANCHOR_REVERSION,NEUTRAL,LONG,2026-04-28 00:35:00+00:00,2026-04-28 00:40:00+00:00,2026-04-28 00:40:00+00:00,2026-04-28 00:50:00+00:00,1.1721300000000001,1.1717300000000002,1.17273,1.17172,STOP,0.0004,-1.0250000000000536,-1.1500000000000536,-0.41000000000002146
N3_ANCHOR_REVERSION,NEUTRAL,LONG,2026-04-28 01:15:00+00:00,2026-04-28 01:20:00+00:00,2026-04-28 01:20:00+00:00,2026-04-28 02:00:00+00:00,1.1715900000000001,1.1711900000000002,1.17219,1.17118,STOP,0.0004,-1.0250000000000536,-1.1500000000000536,-0.41000000000002146
N3_ANCHOR_REVERSION,NEUTRAL,LONG,2026-04-28 03:00:00+00:00,2026-04-28 03:05:00+00:00,2026-04-28 03:05:00+00:00,2026-04-28 03:30:00+00:00,1.17118,1.1707800000000002,1.17178,1.17177,TARGET,0.0004,1.474999999999671,1.349999999999671,0.5899999999998684
N3_ANCHOR_REVERSION,NEUTRAL,LONG,2026-04-28 07:00:00+00:00,2026-04-28 07:05:00+00:00,2026-04-28 07:05:00+00:00,2026-04-28 07:15:00+00:00,1.16897,1.16857,1.16957,1.16956,TARGET,0.0004,1.474999999999671,1.349999999999671,0.5899999999998684
N3_ANCHOR_REVERSION,NEUTRAL,SHORT,2026-04-30 17:30:00+00:00,2026-04-30 17:35:00+00:00,2026-04-30 17:35:00+00:00,2026-04-30 18:20:00+00:00,1.1727299999999998,1.1731299999999998,1.17213,1.1731399999999998,STOP,0.0004,-1.0250000000000536,-1.1500000000000536,-0.41000000000002146
N3_ANCHOR_REVERSION,NEUTRAL,SHORT,2026-04-30 18:55:00+00:00,2026-04-30 19:00:00+00:00,2026-04-30 19:00:00+00:00,2026-04-30 19:00:00+00:00,1.17361,1.17401,1.17301,1.17402,STOP,0.0004,-1.0250000000000536,-1.1500000000000536,-0.41000000000002146
N3_ANCHOR_REVERSION,NEUTRAL,LONG,2026-05-01 00:15:00+00:00,2026-05-01 00:20:00+00:00,2026-05-01 00:20:00+00:00,2026-05-01 01:30:00+00:00,1.1726400000000001,1.1722400000000002,1.17324,1.17323,TARGET,0.0004,1.474999999999671,1.349999999999671,0.5899999999998684
N3_ANCHOR_REVERSION,NEUTRAL,SHORT,2026-05-01 13:15:00+00:00,2026-05-01 13:20:00+00:00,2026-05-01 13:20:00+00:00,2026-05-01 13:45:00+00:00,1.17571,1.17611,1.17511,1.1751200000000002,TARGET,0.0004,1.474999999999671,1.349999999999671,0.5899999999998684
N3_ANCHOR_REVERSION,NEUTRAL,LONG,2026-05-01 18:05:00+00:00,2026-05-01 18:10:00+00:00,2026-05-01 18:10:00+00:00,2026-05-01 18:15:00+00:00,1.1727100000000001,1.1723100000000002,1.17331,1.1723000000000001,STOP,0.0004,-1.0250000000000536,-1.1500000000000536,-0.41000000000002146
N3_ANCHOR_REVERSION,NEUTRAL,LONG,2026-05-01 20:50:00+00:00,2026-05-01 20:55:00+00:00,2026-05-01 20:55:00+00:00,2026-05-01 20:55:00+00:00,1.17209,1.1716900000000001,1.17269,1.17168,STOP,0.0004,-1.0250000000000536,-1.1500000000000536,-0.41000000000002146
N3_ANCHOR_REVERSION,NEUTRAL,LONG,2026-05-04 00:00:00+00:00,2026-05-04 00:05:00+00:00,2026-05-04 00:05:00+00:00,2026-05-04 00:20:00+00:00,1.17273,1.17233,1.17333,1.17232,STOP,0.0004,-1.0250000000000536,-1.1500000000000536,-0.41000000000002146
N3_ANCHOR_REVERSION,NEUTRAL,LONG,2026-05-04 00:25:00+00:00,2026-05-04 00:30:00+00:00,2026-05-04 00:30:00+00:00,2026-05-04 01:05:00+00:00,1.17242,1.17202,1.17302,1.17201,STOP,0.0004,-1.0250000000000536,-1.1500000000000536,-0.41000000000002146
N3_ANCHOR_REVERSION,NEUTRAL,LONG,2026-05-04 01:10:00+00:00,2026-05-04 01:15:00+00:00,2026-05-04 01:15:00+00:00,2026-05-04 01:15:00+00:00,1.17233,1.1719300000000001,1.17293,1.17292,TARGET,0.0004,1.474999999999671,1.349999999999671,0.5899999999998684
N3_ANCHOR_REVERSION,NEUTRAL,LONG,2026-05-04 01:30:00+00:00,2026-05-04 01:35:00+00:00,2026-05-04 01:35:00+00:00,2026-05-04 03:45:00+00:00,1.17233,1.1719300000000001,1.17293,1.17292,TARGET,0.0004,1.474999999999671,1.349999999999671,0.5899999999998684
N3_ANCHOR_REVERSION,NEUTRAL,LONG,2026-05-12 04:30:00+00:00,2026-05-12 04:35:00+00:00,2026-05-12 04:35:00+00:00,2026-05-12 05:10:00+00:00,1.17591,1.17551,1.17651,1.1755,STOP,0.0004,-1.0250000000000536,-1.1500000000000536,-0.41000000000002146
N3_ANCHOR_REVERSION,NEUTRAL,LONG,2026-05-12 05:15:00+00:00,2026-05-12 05:20:00+00:00,2026-05-12 05:20:00+00:00,2026-05-12 05:55:00+00:00,1.1754600000000002,1.1750600000000002,1.17606,1.17605,TARGET,0.0004,1.474999999999671,1.349999999999671,0.5899999999998684
N3_ANCHOR_REVERSION,NEUTRAL,LONG,2026-05-12 11:05:00+00:00,2026-05-12 11:10:00+00:00,2026-05-12 11:10:00+00:00,2026-05-12 11:45:00+00:00,1.1741700000000002,1.1737700000000002,1.17477,1.17476,TARGET,0.0004,1.474999999999671,1.349999999999671,0.5899999999998684
N3_ANCHOR_REVERSION,NEUTRAL,LONG,2026-05-12 12:25:00+00:00,2026-05-12 12:30:00+00:00,2026-05-12 12:30:00+00:00,2026-05-12 12:30:00+00:00,1.17414,1.17374,1.17474,1.17373,STOP,0.0004,-1.0250000000000536,-1.1500000000000536,-0.41000000000002146
N3_ANCHOR_REVERSION,NEUTRAL,SHORT,2026-05-25 04:55:00+00:00,2026-05-25 05:00:00+00:00,2026-05-25 05:00:00+00:00,2026-05-25 05:10:00+00:00,1.16417,1.1645699999999999,1.16357,1.16458,STOP,0.0004,-1.0250000000000536,-1.1500000000000536,-0.41000000000002146
N3_ANCHOR_REVERSION,NEUTRAL,LONG,2026-05-25 07:20:00+00:00,2026-05-25 07:25:00+00:00,2026-05-25 07:25:00+00:00,2026-05-25 08:10:00+00:00,1.1633900000000001,1.1629900000000002,1.16399,1.16398,TARGET,0.0004,1.474999999999671,1.349999999999671,0.5899999999998684
N3_ANCHOR_REVERSION,NEUTRAL,SHORT,2026-05-25 11:45:00+00:00,2026-05-25 11:50:00+00:00,2026-05-25 11:50:00+00:00,2026-05-25 12:40:00+00:00,1.16469,1.16509,1.16409,1.1651,STOP,0.0004,-1.0250000000000536,-1.1500000000000536,-0.41000000000002146
N3_ANCHOR_REVERSION,NEUTRAL,SHORT,2026-05-26 23:45:00+00:00,2026-05-26 23:50:00+00:00,2026-05-26 23:50:00+00:00,2026-05-27 03:00:00+00:00,1.16381,1.16421,1.16321,1.16422,STOP,0.0004,-1.0250000000000536,-1.1500000000000536,-0.41000000000002146
N3_ANCHOR_REVERSION,NEUTRAL,LONG,2026-05-27 18:25:00+00:00,2026-05-27 18:30:00+00:00,2026-05-27 18:30:00+00:00,2026-05-27 19:05:00+00:00,1.1625400000000001,1.1621400000000002,1.16314,1.16313,TARGET,0.0004,1.474999999999671,1.349999999999671,0.5899999999998684
N3_ANCHOR_REVERSION,NEUTRAL,LONG,2026-05-27 23:30:00+00:00,2026-05-27 23:35:00+00:00,2026-05-27 23:35:00+00:00,2026-05-27 23:50:00+00:00,1.1623,1.1619000000000002,1.1629,1.16189,STOP,0.0004,-1.0250000000000536,-1.1500000000000536,-0.41000000000002146
N3_ANCHOR_REVERSION,NEUTRAL,LONG,2026-05-28 00:00:00+00:00,2026-05-28 00:05:00+00:00,2026-05-28 00:05:00+00:00,2026-05-28 01:40:00+00:00,1.16198,1.16158,1.16258,1.16157,STOP,0.0004,-1.0250000000000536,-1.1500000000000536,-0.41000000000002146
N3_ANCHOR_REVERSION,NEUTRAL,SHORT,2026-05-28 06:25:00+00:00,2026-05-28 06:30:00+00:00,2026-05-28 06:30:00+00:00,2026-05-28 06:55:00+00:00,1.16068,1.16108,1.16008,1.16109,STOP,0.0004,-1.0250000000000536,-1.1500000000000536,-0.41000000000002146
N3_ANCHOR_REVERSION,NEUTRAL,SHORT,2026-05-28 07:20:00+00:00,2026-05-28 07:25:00+00:00,2026-05-28 07:25:00+00:00,2026-05-28 08:25:00+00:00,1.16143,1.16183,1.16083,1.16084,TARGET,0.0004,1.474999999999671,1.349999999999671,0.5899999999998684
N3_ANCHOR_REVERSION,NEUTRAL,SHORT,2026-05-28 14:30:00+00:00,2026-05-28 14:35:00+00:00,2026-05-28 14:35:00+00:00,2026-05-28 14:35:00+00:00,1.1647999999999998,1.1651999999999998,1.1642,1.1652099999999999,STOP,0.0004,-1.0250000000000536,-1.1500000000000536,-0.41000000000002146
N3_ANCHOR_REVERSION,NEUTRAL,SHORT,2026-05-29 00:05:00+00:00,2026-05-29 00:10:00+00:00,2026-05-29 00:10:00+00:00,2026-05-29 01:15:00+00:00,1.16525,1.1656499999999999,1.16465,1.16566,STOP,0.0004,-1.0250000000000536,-1.1500000000000536,-0.41000000000002146
N3_ANCHOR_REVERSION,NEUTRAL,SHORT,2026-05-29 01:20:00+00:00,2026-05-29 01:25:00+00:00,2026-05-29 01:25:00+00:00,2026-05-29 01:45:00+00:00,1.1655099999999998,1.1659099999999998,1.16491,1.16492,TARGET,0.0004,1.474999999999671,1.349999999999671,0.5899999999998684
N3_ANCHOR_REVERSION,NEUTRAL,SHORT,2026-06-01 23:45:00+00:00,2026-06-01 23:50:00+00:00,2026-06-01 23:50:00+00:00,2026-06-02 01:45:00+00:00,1.1635199999999999,1.1639199999999998,1.16292,1.16293,TARGET,0.0004,1.474999999999671,1.349999999999671,0.5899999999998684
N3_ANCHOR_REVERSION,NEUTRAL,LONG,2026-06-02 18:20:00+00:00,2026-06-02 18:25:00+00:00,2026-06-02 18:25:00+00:00,2026-06-02 18:45:00+00:00,1.16208,1.16168,1.16268,1.1626699999999999,TARGET,0.0004,1.474999999999671,1.349999999999671,0.5899999999998684
N3_ANCHOR_REVERSION,NEUTRAL,LONG,2026-06-02 21:05:00+00:00,2026-06-02 21:10:00+00:00,2026-06-02 21:10:00+00:00,2026-06-02 21:10:00+00:00,1.16333,1.16293,1.16393,1.1625999999999999,STOP,0.0004,-1.8250000000002986,-1.9500000000002986,-0.7300000000001194
N3_ANCHOR_REVERSION,NEUTRAL,LONG,2026-06-02 23:25:00+00:00,2026-06-02 23:30:00+00:00,2026-06-02 23:30:00+00:00,2026-06-02 23:40:00+00:00,1.1623700000000001,1.1619700000000002,1.16297,1.16196,STOP,0.0004,-1.0250000000000536,-1.1500000000000536,-0.41000000000002146
N3_ANCHOR_REVERSION,NEUTRAL,LONG,2026-06-02 23:40:00+00:00,2026-06-02 23:45:00+00:00,2026-06-02 23:45:00+00:00,2026-06-03 00:35:00+00:00,1.1622400000000002,1.1618400000000002,1.16284,1.16283,TARGET,0.0004,1.474999999999671,1.349999999999671,0.5899999999998684
N3_ANCHOR_REVERSION,NEUTRAL,LONG,2026-06-03 12:55:00+00:00,2026-06-03 13:00:00+00:00,2026-06-03 13:00:00+00:00,2026-06-03 13:20:00+00:00,1.1601400000000002,1.1597400000000002,1.16074,1.1597300000000001,STOP,0.0004,-1.0250000000000536,-1.1500000000000536,-0.41000000000002146
N3_ANCHOR_REVERSION,NEUTRAL,LONG,2026-06-03 13:25:00+00:00,2026-06-03 13:30:00+00:00,2026-06-03 13:30:00+00:00,2026-06-03 13:45:00+00:00,1.16049,1.16009,1.16109,1.16008,STOP,0.0004,-1.0250000000000536,-1.1500000000000536,-0.41000000000002146
N3_ANCHOR_REVERSION,NEUTRAL,LONG,2026-06-03 13:50:00+00:00,2026-06-03 13:55:00+00:00,2026-06-03 13:55:00+00:00,2026-06-03 14:35:00+00:00,1.1602700000000001,1.1598700000000002,1.16087,1.1598600000000001,STOP,0.0004,-1.0250000000000536,-1.1500000000000536,-0.41000000000002146
N3_ANCHOR_REVERSION,NEUTRAL,SHORT,2026-06-04 11:55:00+00:00,2026-06-04 12:00:00+00:00,2026-06-04 12:00:00+00:00,2026-06-04 12:00:00+00:00,1.16415,1.16455,1.16355,1.16456,STOP,0.0004,-1.0250000000000536,-1.1500000000000536,-0.41000000000002146
N3_ANCHOR_REVERSION,NEUTRAL,SHORT,2026-06-04 12:15:00+00:00,2026-06-04 12:20:00+00:00,2026-06-04 12:20:00+00:00,2026-06-04 12:30:00+00:00,1.1637199999999999,1.1641199999999998,1.16312,1.1641299999999999,STOP,0.0004,-1.0250000000000536,-1.1500000000000536,-0.41000000000002146
N3_ANCHOR_REVERSION,NEUTRAL,LONG,2026-06-04 18:35:00+00:00,2026-06-04 18:40:00+00:00,2026-06-04 18:40:00+00:00,2026-06-04 18:50:00+00:00,1.1618000000000002,1.1614000000000002,1.1624,1.1613900000000001,STOP,0.0004,-1.0250000000000536,-1.1500000000000536,-0.41000000000002146
N3_ANCHOR_REVERSION,NEUTRAL,LONG,2026-06-04 18:55:00+00:00,2026-06-04 19:00:00+00:00,2026-06-04 19:00:00+00:00,2026-06-04 19:10:00+00:00,1.1615600000000001,1.1611600000000002,1.16216,1.1611500000000001,STOP,0.0004,-1.0250000000000536,-1.1500000000000536,-0.41000000000002146
N3_ANCHOR_REVERSION,NEUTRAL,SHORT,2026-06-05 07:55:00+00:00,2026-06-05 08:00:00+00:00,2026-06-05 08:00:00+00:00,2026-06-05 08:00:00+00:00,1.1631799999999999,1.1635799999999998,1.16258,1.16359,STOP,0.0004,-1.0250000000000536,-1.1500000000000536,-0.41000000000002146
N3_ANCHOR_REVERSION,NEUTRAL,SHORT,2026-06-05 08:30:00+00:00,2026-06-05 08:35:00+00:00,2026-06-05 08:35:00+00:00,2026-06-05 09:05:00+00:00,1.1636799999999998,1.1640799999999998,1.16308,1.1640899999999998,STOP,0.0004,-1.0250000000000536,-1.1500000000000536,-0.41000000000002146
N3_ANCHOR_REVERSION,NEUTRAL,SHORT,2026-06-05 09:15:00+00:00,2026-06-05 09:20:00+00:00,2026-06-05 09:20:00+00:00,2026-06-05 09:20:00+00:00,1.16405,1.16445,1.16345,1.16446,STOP,0.0004,-1.0250000000000536,-1.1500000000000536,-0.41000000000002146
N3_ANCHOR_REVERSION,NEUTRAL,SHORT,2026-06-05 10:35:00+00:00,2026-06-05 10:40:00+00:00,2026-06-05 10:40:00+00:00,2026-06-05 11:35:00+00:00,1.16417,1.1645699999999999,1.16357,1.16358,TARGET,0.0004,1.474999999999671,1.349999999999671,0.5899999999998684
N3_ANCHOR_REVERSION,NEUTRAL,SHORT,2026-06-11 17:45:00+00:00,2026-06-11 17:50:00+00:00,2026-06-11 17:50:00+00:00,2026-06-11 17:50:00+00:00,1.1552,1.1556,1.1546,1.15561,STOP,0.0004,-1.0250000000000536,-1.1500000000000536,-0.41000000000002146
N3_ANCHOR_REVERSION,NEUTRAL,SHORT,2026-06-11 22:05:00+00:00,2026-06-11 22:10:00+00:00,2026-06-11 22:10:00+00:00,2026-06-11 22:45:00+00:00,1.1578,1.1582,1.1572,1.15821,STOP,0.0004,-1.0250000000000536,-1.1500000000000536,-0.41000000000002146
N3_ANCHOR_REVERSION,NEUTRAL,SHORT,2026-06-11 23:00:00+00:00,2026-06-11 23:05:00+00:00,2026-06-11 23:05:00+00:00,2026-06-11 23:30:00+00:00,1.1583299999999999,1.1587299999999998,1.15773,1.15774,TARGET,0.0004,1.474999999999671,1.349999999999671,0.5899999999998684
N3_ANCHOR_REVERSION,NEUTRAL,LONG,2026-06-12 01:55:00+00:00,2026-06-12 02:00:00+00:00,2026-06-12 02:00:00+00:00,2026-06-12 02:10:00+00:00,1.15639,1.15599,1.15699,1.15698,TARGET,0.0004,1.474999999999671,1.349999999999671,0.5899999999998684
N3_ANCHOR_REVERSION,NEUTRAL,SHORT,2026-06-12 03:35:00+00:00,2026-06-12 03:40:00+00:00,2026-06-12 03:40:00+00:00,2026-06-12 05:10:00+00:00,1.15732,1.1577199999999999,1.15672,1.15673,TARGET,0.0004,1.474999999999671,1.349999999999671,0.5899999999998684
N3_ANCHOR_REVERSION,NEUTRAL,LONG,2026-06-12 06:00:00+00:00,2026-06-12 06:05:00+00:00,2026-06-12 06:05:00+00:00,2026-06-12 06:35:00+00:00,1.15642,1.15602,1.15702,1.1570099999999999,TARGET,0.0004,1.474999999999671,1.349999999999671,0.5899999999998684
N3_ANCHOR_REVERSION,NEUTRAL,LONG,2026-06-17 22:30:00+00:00,2026-06-17 22:35:00+00:00,2026-06-17 22:35:00+00:00,2026-06-18 00:00:00+00:00,1.1503700000000001,1.1499700000000002,1.15097,1.15096,TARGET,0.0004,1.474999999999671,1.349999999999671,0.5899999999998684
N3_ANCHOR_REVERSION,NEUTRAL,SHORT,2026-06-18 00:05:00+00:00,2026-06-18 00:10:00+00:00,2026-06-18 00:10:00+00:00,2026-06-18 01:00:00+00:00,1.1514,1.1518,1.1508,1.15181,STOP,0.0004,-1.0250000000000536,-1.1500000000000536,-0.41000000000002146
N3_ANCHOR_REVERSION,NEUTRAL,SHORT,2026-06-18 04:10:00+00:00,2026-06-18 04:15:00+00:00,2026-06-18 04:15:00+00:00,2026-06-18 04:40:00+00:00,1.15208,1.15248,1.15148,1.15249,STOP,0.0004,-1.0250000000000536,-1.1500000000000536,-0.41000000000002146
N3_ANCHOR_REVERSION,NEUTRAL,LONG,2026-06-18 07:35:00+00:00,2026-06-18 07:40:00+00:00,2026-06-18 07:40:00+00:00,2026-06-18 07:45:00+00:00,1.15106,1.15066,1.15166,1.1516499999999998,TARGET,0.0004,1.474999999999671,1.349999999999671,0.5899999999998684
N3_ANCHOR_REVERSION,NEUTRAL,LONG,2026-06-18 08:05:00+00:00,2026-06-18 08:10:00+00:00,2026-06-18 08:10:00+00:00,2026-06-18 08:10:00+00:00,1.15113,1.15073,1.15173,1.15072,STOP,0.0004,-1.0250000000000536,-1.1500000000000536,-0.41000000000002146
N3_ANCHOR_REVERSION,NEUTRAL,LONG,2026-06-19 05:40:00+00:00,2026-06-19 05:45:00+00:00,2026-06-19 05:45:00+00:00,2026-06-19 05:50:00+00:00,1.14239,1.14199,1.14299,1.1429799999999999,TARGET,0.0004,1.474999999999671,1.349999999999671,0.5899999999998684
N3_ANCHOR_REVERSION,NEUTRAL,LONG,2026-06-19 05:50:00+00:00,2026-06-19 05:55:00+00:00,2026-06-19 05:55:00+00:00,2026-06-19 05:55:00+00:00,1.1434300000000002,1.1430300000000002,1.14403,1.1430200000000001,STOP,0.0004,-1.0250000000000536,-1.1500000000000536,-0.41000000000002146
N3_ANCHOR_REVERSION,NEUTRAL,SHORT,2026-06-19 12:10:00+00:00,2026-06-19 12:15:00+00:00,2026-06-19 12:15:00+00:00,2026-06-19 12:50:00+00:00,1.14665,1.14705,1.14605,1.14706,STOP,0.0004,-1.0250000000000536,-1.1500000000000536,-0.41000000000002146
N3_ANCHOR_REVERSION,NEUTRAL,SHORT,2026-06-19 13:00:00+00:00,2026-06-19 13:05:00+00:00,2026-06-19 13:05:00+00:00,2026-06-19 13:35:00+00:00,1.1466399999999999,1.1470399999999998,1.14604,1.14605,TARGET,0.0004,1.474999999999671,1.349999999999671,0.5899999999998684
N3_ANCHOR_REVERSION,NEUTRAL,LONG,2026-06-22 00:50:00+00:00,2026-06-22 00:55:00+00:00,2026-06-22 00:55:00+00:00,2026-06-22 01:00:00+00:00,1.1461000000000001,1.1457000000000002,1.1467,1.14669,TARGET,0.0004,1.474999999999671,1.349999999999671,0.5899999999998684
N3_ANCHOR_REVERSION,NEUTRAL,LONG,2026-06-24 10:10:00+00:00,2026-06-24 10:15:00+00:00,2026-06-24 10:15:00+00:00,2026-06-24 10:20:00+00:00,1.13437,1.1339700000000001,1.13497,1.13396,STOP,0.0004,-1.0250000000000536,-1.1500000000000536,-0.41000000000002146
N3_ANCHOR_REVERSION,NEUTRAL,LONG,2026-06-24 12:15:00+00:00,2026-06-24 12:20:00+00:00,2026-06-24 12:20:00+00:00,2026-06-24 12:25:00+00:00,1.1341400000000001,1.1337400000000002,1.13474,1.1337300000000001,STOP,0.0004,-1.0250000000000536,-1.1500000000000536,-0.41000000000002146
N3_ANCHOR_REVERSION,NEUTRAL,SHORT,2026-06-24 15:25:00+00:00,2026-06-24 15:30:00+00:00,2026-06-24 15:30:00+00:00,2026-06-24 15:50:00+00:00,1.13551,1.13591,1.13491,1.1349200000000002,TARGET,0.0004,1.474999999999671,1.349999999999671,0.5899999999998684
N3_ANCHOR_REVERSION,NEUTRAL,SHORT,2026-06-24 16:40:00+00:00,2026-06-24 16:45:00+00:00,2026-06-24 16:45:00+00:00,2026-06-24 17:10:00+00:00,1.13607,1.1364699999999999,1.13547,1.13548,TARGET,0.0004,1.474999999999671,1.349999999999671,0.5899999999998684
N3_ANCHOR_REVERSION,NEUTRAL,LONG,2026-06-26 00:05:00+00:00,2026-06-26 00:10:00+00:00,2026-06-26 00:10:00+00:00,2026-06-26 01:35:00+00:00,1.13637,1.1359700000000001,1.13697,1.13596,STOP,0.0004,-1.0250000000000536,-1.1500000000000536,-0.41000000000002146
N3_ANCHOR_REVERSION,NEUTRAL,LONG,2026-06-26 01:55:00+00:00,2026-06-26 02:00:00+00:00,2026-06-26 02:00:00+00:00,2026-06-26 02:15:00+00:00,1.1360400000000002,1.1356400000000002,1.13664,1.1356300000000001,STOP,0.0004,-1.0250000000000536,-1.1500000000000536,-0.41000000000002146
N3_ANCHOR_REVERSION,NEUTRAL,LONG,2026-06-26 02:55:00+00:00,2026-06-26 03:00:00+00:00,2026-06-26 03:00:00+00:00,2026-06-26 03:40:00+00:00,1.13598,1.13558,1.13658,1.1365699999999999,TARGET,0.0004,1.474999999999671,1.349999999999671,0.5899999999998684
N3_ANCHOR_REVERSION,NEUTRAL,SHORT,2026-06-26 03:45:00+00:00,2026-06-26 03:50:00+00:00,2026-06-26 03:50:00+00:00,2026-06-26 03:50:00+00:00,1.13658,1.1369799999999999,1.13598,1.13699,STOP,0.0004,-1.0250000000000536,-1.1500000000000536,-0.41000000000002146
N3_ANCHOR_REVERSION,NEUTRAL,SHORT,2026-06-29 15:00:00+00:00,2026-06-29 15:05:00+00:00,2026-06-29 15:05:00+00:00,2026-06-29 15:25:00+00:00,1.14185,1.14225,1.14125,1.14226,STOP,0.0004,-1.0250000000000536,-1.1500000000000536,-0.41000000000002146
N3_ANCHOR_REVERSION,NEUTRAL,SHORT,2026-06-29 17:55:00+00:00,2026-06-29 18:00:00+00:00,2026-06-29 18:00:00+00:00,2026-06-29 23:55:00+00:00,1.1426699999999999,1.1430699999999998,1.14207,1.14208,TARGET,0.0004,1.474999999999671,1.349999999999671,0.5899999999998684
N3_ANCHOR_REVERSION,NEUTRAL,LONG,2026-06-30 00:00:00+00:00,2026-06-30 00:05:00+00:00,2026-06-30 00:05:00+00:00,2026-06-30 00:15:00+00:00,1.14202,1.14162,1.14262,1.14161,STOP,0.0004,-1.0250000000000536,-1.1500000000000536,-0.41000000000002146
N3_ANCHOR_REVERSION,NEUTRAL,LONG,2026-06-30 00:45:00+00:00,2026-06-30 00:50:00+00:00,2026-06-30 00:50:00+00:00,2026-06-30 01:05:00+00:00,1.14158,1.14118,1.14218,1.14117,STOP,0.0004,-1.0250000000000536,-1.1500000000000536,-0.41000000000002146
N3_ANCHOR_REVERSION,NEUTRAL,LONG,2026-06-30 06:00:00+00:00,2026-06-30 06:05:00+00:00,2026-06-30 06:05:00+00:00,2026-06-30 06:20:00+00:00,1.13873,1.13833,1.13933,1.1393199999999999,TARGET,0.0004,1.474999999999671,1.349999999999671,0.5899999999998684
N3_ANCHOR_REVERSION,NEUTRAL,SHORT,2026-06-30 07:05:00+00:00,2026-06-30 07:10:00+00:00,2026-06-30 07:10:00+00:00,2026-06-30 07:25:00+00:00,1.14042,1.14082,1.13982,1.14083,STOP,0.0004,-1.0250000000000536,-1.1500000000000536,-0.41000000000002146
