signal_id,candidate_id,direction,entry_time,exit_time,session_bucket,h1_regime,entry_price,stop_loss,take_profit,risk_points,gross_r,charged_spread_points,median_spread_points,p95_spread_points,realized_spread_points,entry_slippage_points,stop_exit_slippage_points,charged_cost_r,p95_spread_cost_r,stress_cost_r,net_r,stress_net_r,cost_guard_pass,market_day_direction,loss_class
1033669|XAUUSD|breakout_retest|LONG|2025-01-02 05:35:00|2025-01-02 07:10:00|2025-01-02 07:15:00|2634.15,B0_RAW_ALL_SESSION,LONG,2025-01-02 07:20:00,2025-01-02 07:35:00,Morning 06:00-11:59,RISING,2634.664,2633.89138,2635.82293,77.26,-1.0,50.0,50.0,75.0,0.0,10.0,50.0,1.423724,1.747298,1.747298,-2.423724,-2.747298,False,UP,NEAR_TP_GIVEBACK
1033669|XAUUSD|breakout_retest|LONG|2025-01-02 13:30:00|2025-01-02 13:45:00|2025-01-02 13:50:00|2638.97,B0_RAW_ALL_SESSION,LONG,2025-01-02 13:55:00,2025-01-02 14:50:00,Evening 16:00-19:59,RISING,2642.875,2637.69631,2650.64303,517.87,1.5,50.0,50.0,75.0,0.0,10.0,0.0,0.11586,0.164134,0.164134,1.38414,1.335866,True,UP,WIN
1033669|XAUUSD|breakout_retest|LONG|2025-01-02 14:55:00|2025-01-02 15:00:00|2025-01-02 15:05:00|2646.26,B0_RAW_ALL_SESSION,LONG,2025-01-02 15:10:00,2025-01-02 15:55:00,Evening 16:00-19:59,RISING,2648.535,2644.67504,2654.32494,386.0,1.5,50.0,50.0,75.0,0.0,10.0,0.0,0.155442,0.22021,0.22021,1.344558,1.27979,False,UP,WIN
1033669|XAUUSD|breakout_retest|LONG|2025-01-02 15:55:00|2025-01-02 16:05:00|2025-01-02 16:10:00|2650.97,B0_RAW_ALL_SESSION,LONG,2025-01-02 16:15:00,2025-01-02 16:25:00,Night 20:00-05:59,RISING,2652.565,2649.5638,2657.0668,300.12,1.5,50.0,50.0,75.0,0.0,10.0,0.0,0.19992,0.28322,0.28322,1.30008,1.21678,False,UP,WIN
1033669|XAUUSD|breakout_retest|LONG|2025-01-02 20:20:00|2025-01-02 21:30:00|2025-01-02 21:35:00|2657.05,B0_RAW_ALL_SESSION,LONG,2025-01-02 21:40:00,2025-01-03 01:05:00,Night 20:00-05:59,RISING,2658.208,2656.31182,2661.05227,189.62,1.5,50.0,50.0,50.0,0.0,10.0,0.0,0.316426,0.316426,0.316426,1.183574,1.183574,False,UP,WIN
1033669|XAUUSD|breakout_retest|LONG|2025-01-03 02:15:00|2025-01-03 02:30:00|2025-01-03 02:35:00|2660.38,B0_RAW_ALL_SESSION,LONG,2025-01-03 02:40:00,2025-01-03 05:50:00,Morning 06:00-11:59,RISING,2661.465,2658.52295,2665.87808,294.21,-1.0,50.0,50.0,75.0,0.0,10.0,50.0,0.373889,0.458864,0.458864,-1.373889,-1.458864,False,DOWN,NEAR_TP_GIVEBACK
1033669|XAUUSD|breakout_retest|SHORT|2025-01-03 07:05:00|2025-01-03 07:10:00|2025-01-03 07:15:00|2656.49,B0_RAW_ALL_SESSION,SHORT,2025-01-03 07:20:00,2025-01-03 07:25:00,Morning 06:00-11:59,RISING,2655.588,2657.12089,2653.28867,153.29,1.5,50.0,50.0,75.0,0.0,10.0,0.0,0.391419,0.55451,0.55451,1.108581,0.94549,False,DOWN,WIN
1033669|XAUUSD|breakout_retest|LONG|2025-01-03 10:10:00|2025-01-03 10:15:00|2025-01-03 10:20:00|2655.80,B0_RAW_ALL_SESSION,LONG,2025-01-03 10:25:00,2025-01-03 10:35:00,Afternoon 12:00-15:59,FALLING,2657.225,2655.24909,2660.18886,197.59,-1.0,50.0,50.0,75.0,0.0,10.0,50.0,0.556706,0.68323,0.68323,-1.556706,-1.68323,False,DOWN,BAD_SIGNAL
1033669|XAUUSD|breakout_retest|LONG|2025-01-03 10:10:00|2025-01-03 10:50:00|2025-01-03 10:55:00|2655.80,B0_RAW_ALL_SESSION,LONG,2025-01-03 11:00:00,2025-01-03 11:05:00,Afternoon 12:00-15:59,RISING,2656.215,2654.89492,2658.19512,132.01,1.5,50.0,50.0,75.0,0.0,10.0,0.0,0.454518,0.643901,0.643901,1.045482,0.856099,False,DOWN,WIN
1033669|XAUUSD|breakout_retest|LONG|2025-01-03 11:10:00|2025-01-03 11:35:00|2025-01-03 11:40:00|2657.22,B0_RAW_ALL_SESSION,LONG,2025-01-03 11:45:00,2025-01-03 11:50:00,Afternoon 12:00-15:59,RISING,2657.908,2656.59945,2659.87083,130.86,-1.0,50.0,50.0,75.0,0.0,10.0,50.0,0.840625,1.031676,1.031676,-1.840625,-2.031676,False,DOWN,MIXED
1033669|XAUUSD|breakout_retest|LONG|2025-01-03 11:10:00|2025-01-03 11:55:00|2025-01-03 12:00:00|2657.22,B0_RAW_ALL_SESSION,LONG,2025-01-03 12:05:00,2025-01-03 12:20:00,Evening 16:00-19:59,RISING,2657.858,2656.62735,2659.70398,123.07,-1.0,50.0,50.0,75.0,0.0,10.0,50.0,0.893837,1.096981,1.096981,-1.893837,-2.096981,False,DOWN,BAD_SIGNAL
1033669|XAUUSD|breakout_retest|SHORT|2025-01-03 12:25:00|2025-01-03 12:50:00|2025-01-03 12:55:00|2656.11,B0_RAW_ALL_SESSION,SHORT,2025-01-03 13:00:00,2025-01-03 13:20:00,Evening 16:00-19:59,RISING,2655.275,2657.21227,2652.36909,193.73,1.5,50.0,50.0,75.0,0.0,10.0,0.0,0.309714,0.438761,0.438761,1.190286,1.061239,False,DOWN,WIN
1033669|XAUUSD|breakout_retest|SHORT|2025-01-03 13:00:00|2025-01-03 13:15:00|2025-01-03 13:20:00|2654.64,B0_RAW_ALL_SESSION,SHORT,2025-01-03 13:25:00,2025-01-03 13:40:00,Evening 16:00-19:59,RISING,2651.965,2656.326,2645.4235,436.1,1.5,50.0,50.0,75.0,0.0,10.0,0.0,0.137583,0.194909,0.194909,1.362417,1.305091,False,DOWN,WIN
1033669|XAUUSD|breakout_retest|SHORT|2025-01-03 15:15:00|2025-01-03 15:40:00|2025-01-03 15:45:00|2644.99,B0_RAW_ALL_SESSION,SHORT,2025-01-03 15:50:00,2025-01-03 16:05:00,Evening 16:00-19:59,FALLING,2643.758,2646.29684,2639.94975,253.88,-1.0,50.0,50.0,75.0,0.0,10.0,50.0,0.433269,0.53174,0.53174,-1.433269,-1.53174,False,DOWN,BAD_SIGNAL
1033669|XAUUSD|breakout_retest|SHORT|2025-01-03 15:15:00|2025-01-03 16:10:00|2025-01-03 16:15:00|2644.99,B0_RAW_ALL_SESSION,SHORT,2025-01-03 16:20:00,2025-01-03 20:15:00,Night 20:00-05:59,FALLING,2643.165,2646.1911,2638.62585,302.61,1.5,50.0,50.0,75.0,0.0,10.0,0.0,0.198275,0.28089,0.28089,1.301725,1.21911,False,DOWN,WIN
1033669|XAUUSD|breakout_retest|LONG|2025-01-03 19:50:00|2025-01-03 20:10:00|2025-01-03 20:15:00|2638.97,B0_RAW_ALL_SESSION,LONG,2025-01-03 20:20:00,2025-01-03 20:30:00,Night 20:00-05:59,FALLING,2639.125,2638.29966,2640.363,82.53,-1.0,50.0,50.0,75.0,0.0,10.0,50.0,1.332791,1.635698,1.635698,-2.332791,-2.635698,False,DOWN,MIXED
1033669|XAUUSD|breakout_retest|SHORT|2025-01-07 01:55:00|2025-01-07 02:00:00|2025-01-07 02:05:00|2639.90,B0_RAW_ALL_SESSION,SHORT,2025-01-07 02:10:00,2025-01-07 05:20:00,Morning 06:00-11:59,FALLING,2638.705,2640.23266,2636.41351,152.77,-1.0,50.0,50.0,75.0,0.0,10.0,50.0,0.720057,0.883706,0.883706,-1.720057,-1.883706,False,UP,NEAR_TP_GIVEBACK
1033669|XAUUSD|breakout_retest|LONG|2025-01-07 06:50:00|2025-01-07 06:55:00|2025-01-07 07:00:00|2639.90,B0_RAW_ALL_SESSION,LONG,2025-01-07 07:05:00,2025-01-07 07:25:00,Morning 06:00-11:59,RISING,2641.165,2639.49185,2643.67473,167.32,-1.0,50.0,50.0,75.0,0.0,10.0,50.0,0.657443,0.806861,0.806861,-1.657443,-1.806861,False,UP,BAD_SIGNAL
1033669|XAUUSD|breakout_retest|LONG|2025-01-07 07:25:00|2025-01-07 07:55:00|2025-01-07 08:00:00|2639.90,B0_RAW_ALL_SESSION,LONG,2025-01-07 08:05:00,2025-01-07 08:30:00,Afternoon 12:00-15:59,RISING,2640.485,2637.96556,2644.26416,251.94,1.5,50.0,50.0,75.0,0.0,10.0,0.0,0.238148,0.337376,0.337376,1.261852,1.162624,False,UP,WIN
1033669|XAUUSD|breakout_retest|LONG|2025-01-07 10:35:00|2025-01-07 11:00:00|2025-01-07 11:05:00|2643.76,B0_RAW_ALL_SESSION,LONG,2025-01-07 11:10:00,2025-01-07 11:20:00,Afternoon 12:00-15:59,RISING,2645.405,2643.57976,2648.14286,182.52,-1.0,50.0,50.0,75.0,0.0,10.0,50.0,0.60266,0.739628,0.739628,-1.60266,-1.739628,False,UP,MIXED
1033669|XAUUSD|breakout_retest|LONG|2025-01-07 11:10:00|2025-01-07 11:20:00|2025-01-07 11:25:00|2643.76,B0_RAW_ALL_SESSION,LONG,2025-01-07 11:30:00,2025-01-07 11:50:00,Afternoon 12:00-15:59,RISING,2644.115,2641.74571,2647.66893,236.93,1.5,50.0,50.0,75.0,0.0,10.0,0.0,0.253241,0.358758,0.358758,1.246759,1.141242,False,UP,WIN
1033669|XAUUSD|breakout_retest|LONG|2025-01-07 13:00:00|2025-01-07 13:05:00|2025-01-07 13:10:00|2651.12,B0_RAW_ALL_SESSION,LONG,2025-01-07 13:15:00,2025-01-07 13:25:00,Evening 16:00-19:59,RISING,2653.248,2649.60966,2658.7055,363.83,1.5,50.0,50.0,75.0,0.0,10.0,0.0,0.164911,0.233623,0.233623,1.335089,1.266377,False,UP,WIN
1033669|XAUUSD|breakout_retest|LONG|2025-01-07 13:50:00|2025-01-07 15:15:00|2025-01-07 15:20:00|2651.12,B0_RAW_ALL_SESSION,LONG,2025-01-07 15:25:00,2025-01-07 15:40:00,Evening 16:00-19:59,RISING,2651.265,2647.43816,2657.00526,382.68,-1.0,50.0,50.0,75.0,0.0,10.0,50.0,0.287443,0.352771,0.352771,-1.287443,-1.352771,False,UP,MIXED
1033669|XAUUSD|breakout_retest|SHORT|2025-01-08 01:25:00|2025-01-08 01:30:00|2025-01-08 01:35:00|2648.43,B0_RAW_ALL_SESSION,SHORT,2025-01-08 01:40:00,2025-01-08 01:45:00,Night 20:00-05:59,RISING,2647.475,2648.83774,2645.43089,136.27,-1.0,50.0,50.0,75.0,0.0,10.0,50.0,0.807196,0.990649,0.990649,-1.807196,-1.990649,False,UP,BAD_SIGNAL
1033669|XAUUSD|breakout_retest|SHORT|2025-01-08 01:50:00|2025-01-08 02:00:00|2025-01-08 02:05:00|2648.43,B0_RAW_ALL_SESSION,SHORT,2025-01-08 02:10:00,2025-01-08 02:50:00,Morning 06:00-11:59,RISING,2646.895,2648.73617,2644.13324,184.12,-1.0,50.0,50.0,75.0,0.0,10.0,50.0,0.597446,0.733229,0.733229,-1.597446,-1.733229,False,UP,MIXED
1033669|XAUUSD|breakout_retest|SHORT|2025-01-08 01:50:00|2025-01-08 03:00:00|2025-01-08 03:05:00|2648.43,B0_RAW_ALL_SESSION,SHORT,2025-01-08 03:10:00,2025-01-08 03:15:00,Morning 06:00-11:59,RISING,2647.945,2648.77703,2646.69696,83.2,1.5,50.0,50.0,75.0,0.0,10.0,0.0,0.721129,1.0216,1.0216,0.778871,0.4784,False,UP,WIN
1033669|XAUUSD|breakout_retest|LONG|2025-01-08 07:20:00|2025-01-08 07:25:00|2025-01-08 07:30:00|2652.49,B0_RAW_ALL_SESSION,LONG,2025-01-08 07:35:00,2025-01-08 07:45:00,Morning 06:00-11:59,RISING,2652.995,2652.15928,2654.24858,83.57,-1.0,50.0,50.0,75.0,0.0,10.0,50.0,1.316228,1.615371,1.615371,-2.316228,-2.615371,False,UP,MIXED
1033669|XAUUSD|breakout_retest|SHORT|2025-01-08 11:00:00|2025-01-08 11:05:00|2025-01-08 11:10:00|2652.25,B0_RAW_ALL_SESSION,SHORT,2025-01-08 11:15:00,2025-01-08 11:30:00,Afternoon 12:00-15:59,RISING,2651.295,2652.59618,2649.34323,130.12,1.5,50.0,50.0,75.0,0.0,10.0,0.0,0.46112,0.653254,0.653254,1.03888,0.846746,False,UP,WIN
1033669|XAUUSD|breakout_retest|LONG|2025-01-08 12:45:00|2025-01-08 12:50:00|2025-01-08 12:55:00|2651.05,B0_RAW_ALL_SESSION,LONG,2025-01-08 13:00:00,2025-01-08 13:05:00,Evening 16:00-19:59,RISING,2652.318,2650.82814,2654.55279,148.99,1.5,50.0,50.0,75.0,0.0,10.0,0.0,0.402723,0.570524,0.570524,1.097277,0.929476,False,UP,WIN
1033669|XAUUSD|breakout_retest|LONG|2025-01-08 15:15:00|2025-01-08 15:30:00|2025-01-08 15:35:00|2664.10,B0_RAW_ALL_SESSION,LONG,2025-01-08 15:40:00,2025-01-08 16:15:00,Evening 16:00-19:59,RISING,2666.444,2663.43797,2670.95304,300.6,-1.0,50.0,50.0,75.0,0.0,10.0,50.0,0.365931,0.449098,0.449098,-1.365931,-1.449098,False,UP,BAD_SIGNAL
1033669|XAUUSD|breakout_retest|LONG|2025-01-08 16:00:00|2025-01-08 16:10:00|2025-01-08 16:15:00|2664.10,B0_RAW_ALL_SESSION,LONG,2025-01-08 16:20:00,2025-01-08 16:50:00,Night 20:00-05:59,RISING,2664.808,2662.19211,2668.73183,261.59,1.5,50.0,50.0,75.0,0.0,10.0,0.0,0.229368,0.324938,0.324938,1.270632,1.175062,False,UP,WIN
1033669|XAUUSD|breakout_retest|LONG|2025-01-08 17:00:00|2025-01-08 17:05:00|2025-01-08 17:10:00|2667.65,B0_RAW_ALL_SESSION,LONG,2025-01-08 17:15:00,2025-01-08 17:25:00,Night 20:00-05:59,RISING,2669.208,2667.04545,2672.45183,216.26,-1.0,50.0,50.0,75.0,0.0,10.0,50.0,0.508659,0.624263,0.624263,-1.508659,-1.624263,False,UP,BAD_SIGNAL
1033669|XAUUSD|breakout_retest|LONG|2025-01-08 19:15:00|2025-01-08 19:55:00|2025-01-08 20:00:00|2657.98,B0_RAW_ALL_SESSION,LONG,2025-01-08 20:05:00,2025-01-08 20:50:00,Night 20:00-05:59,RISING,2658.558,2656.74904,2661.27145,180.9,1.5,50.0,50.0,75.0,0.0,10.0,0.0,0.331682,0.469882,0.469882,1.168318,1.030118,False,UP,WIN
1033669|XAUUSD|breakout_retest|LONG|2025-01-10 00:35:00|2025-01-10 00:40:00|2025-01-10 00:45:00|2669.84,B0_RAW_ALL_SESSION,LONG,2025-01-10 00:50:00,2025-01-10 01:05:00,Night 20:00-05:59,RISING,2670.425,2669.61154,2671.64519,81.35,-1.0,50.0,50.0,75.0,0.0,10.0,50.0,1.352253,1.659583,1.659583,-2.352253,-2.659583,False,UP,MIXED
1033669|XAUUSD|breakout_retest|LONG|2025-01-10 00:55:00|2025-01-10 01:00:00|2025-01-10 01:05:00|2669.84,B0_RAW_ALL_SESSION,LONG,2025-01-10 01:10:00,2025-01-10 01:20:00,Night 20:00-05:59,RISING,2671.025,2669.27164,2673.65505,175.34,-1.0,50.0,50.0,75.0,0.0,10.0,50.0,0.627365,0.769948,0.769948,-1.627365,-1.769948,False,UP,BAD_SIGNAL
1033669|XAUUSD|breakout_retest|LONG|2025-01-10 01:05:00|2025-01-10 01:15:00|2025-01-10 01:20:00|2669.84,B0_RAW_ALL_SESSION,LONG,2025-01-10 01:25:00,2025-01-10 02:25:00,Night 20:00-05:59,RISING,2670.585,2668.9579,2673.02565,162.71,1.5,50.0,50.0,75.0,0.0,10.0,0.0,0.368754,0.522402,0.522402,1.131246,0.977598,False,UP,WIN
1033669|XAUUSD|breakout_retest|LONG|2025-01-10 06:30:00|2025-01-10 06:35:00|2025-01-10 06:40:00|2675.78,B0_RAW_ALL_SESSION,LONG,2025-01-10 06:45:00,2025-01-10 06:50:00,Morning 06:00-11:59,RISING,2676.545,2675.54763,2678.04106,99.74,1.5,50.0,50.0,75.0,0.0,10.0,0.0,0.601581,0.85224,0.85224,0.898419,0.64776,False,UP,WIN
1033669|XAUUSD|breakout_retest|LONG|2025-01-10 07:05:00|2025-01-10 07:10:00|2025-01-10 07:15:00|2675.78,B0_RAW_ALL_SESSION,LONG,2025-01-10 07:20:00,2025-01-10 07:25:00,Morning 06:00-11:59,RISING,2677.485,2675.63676,2680.25735,184.82,-1.0,50.0,50.0,75.0,0.0,10.0,50.0,0.595162,0.730426,0.730426,-1.595162,-1.730426,False,UP,BAD_SIGNAL
1033669|XAUUSD|breakout_retest|LONG|2025-01-10 07:15:00|2025-01-10 07:20:00|2025-01-10 07:25:00|2675.78,B0_RAW_ALL_SESSION,LONG,2025-01-10 07:30:00,2025-01-10 07:35:00,Morning 06:00-11:59,RISING,2677.955,2675.46991,2681.68263,248.51,-1.0,50.0,50.0,75.0,0.0,10.0,50.0,0.442641,0.543241,0.543241,-1.442641,-1.543241,False,UP,BAD_SIGNAL
1033669|XAUUSD|breakout_retest|LONG|2025-01-10 07:00:00|2025-01-10 07:50:00|2025-01-10 07:55:00|2675.78,B0_RAW_ALL_SESSION,LONG,2025-01-10 08:00:00,2025-01-10 08:10:00,Afternoon 12:00-15:59,RISING,2675.985,2674.80765,2677.75103,117.74,1.5,50.0,50.0,75.0,0.0,10.0,0.0,0.509619,0.72196,0.72196,0.990381,0.77804,False,UP,WIN
1033669|XAUUSD|breakout_retest|LONG|2025-01-10 08:20:00|2025-01-10 08:35:00|2025-01-10 08:40:00|2678.57,B0_RAW_ALL_SESSION,LONG,2025-01-10 08:45:00,2025-01-10 08:50:00,Afternoon 12:00-15:59,RISING,2680.268,2677.37494,2684.6076,289.31,-1.0,50.0,50.0,75.0,0.0,10.0,50.0,0.38022,0.466633,0.466633,-1.38022,-1.466633,False,UP,BAD_SIGNAL
1033669|XAUUSD|breakout_retest|LONG|2025-01-10 08:20:00|2025-01-10 09:05:00|2025-01-10 09:10:00|2678.57,B0_RAW_ALL_SESSION,LONG,2025-01-10 09:15:00,2025-01-10 11:40:00,Afternoon 12:00-15:59,RISING,2679.478,2677.27187,2682.78719,220.61,1.5,50.0,50.0,75.0,0.0,10.0,0.0,0.27197,0.38529,0.38529,1.22803,1.11471,False,UP,WIN
1033669|XAUUSD|breakout_retest|SHORT|2025-01-10 12:40:00|2025-01-10 12:55:00|2025-01-10 13:00:00|2678.44,B0_RAW_ALL_SESSION,SHORT,2025-01-10 13:05:00,2025-01-10 13:10:00,Evening 16:00-19:59,RISING,2677.515,2679.08727,2675.15659,157.23,1.5,50.0,50.0,75.0,0.0,10.0,0.0,0.381613,0.540619,0.540619,1.118387,0.959381,False,UP,WIN
1033669|XAUUSD|breakout_retest|SHORT|2025-01-10 12:35:00|2025-01-10 13:20:00|2025-01-10 13:25:00|2678.44,B0_RAW_ALL_SESSION,SHORT,2025-01-10 13:30:00,2025-01-10 13:35:00,Evening 16:00-19:59,RISING,2677.788,2680.88125,2673.14812,309.33,1.5,50.0,50.0,75.0,0.0,10.0,0.0,0.193971,0.274792,0.274792,1.306029,1.225208,False,UP,WIN
1033669|XAUUSD|breakout_retest|LONG|2025-01-10 13:25:00|2025-01-10 13:30:00|2025-01-10 13:35:00|2665.18,B0_RAW_ALL_SESSION,LONG,2025-01-10 13:40:00,2025-01-10 15:35:00,Evening 16:00-19:59,RISING,2676.618,2662.88216,2697.22176,1373.58,1.5,50.0,50.0,75.0,0.0,10.0,0.0,0.043681,0.061882,0.061882,1.456319,1.438118,True,UP,WIN
1033669|XAUUSD|breakout_retest|LONG|2025-01-10 20:05:00|2025-01-10 20:10:00|2025-01-10 20:15:00|2687.55,B0_RAW_ALL_SESSION,LONG,2025-01-10 20:20:00,2025-01-10 21:05:00,Night 20:00-05:59,RISING,2688.915,2687.42834,2691.145,148.67,1.5,50.0,50.0,75.0,0.0,10.0,0.0,0.403588,0.57175,0.57175,1.096412,0.92825,False,UP,WIN
1033669|XAUUSD|breakout_retest|SHORT|2025-01-12 23:00:00|2025-01-12 23:15:00|2025-01-12 23:20:00|2689.76,B0_RAW_ALL_SESSION,SHORT,2025-01-12 23:25:00,2025-01-12 23:45:00,Night 20:00-05:59,RISING,2688.655,2690.21805,2686.31042,156.31,-1.0,50.0,50.0,75.0,0.0,10.0,50.0,0.703752,0.863696,0.863696,-1.703752,-1.863696,False,UP,BAD_EXIT_GIVEBACK
1033669|XAUUSD|breakout_retest|LONG|2025-01-14 04:40:00|2025-01-14 04:50:00|2025-01-14 04:55:00|2672.11,B0_RAW_ALL_SESSION,LONG,2025-01-14 05:00:00,2025-01-14 05:10:00,Morning 06:00-11:59,FALLING,2673.315,2671.69405,2675.74643,162.09,-1.0,50.0,50.0,75.0,0.0,10.0,50.0,0.678614,0.832845,0.832845,-1.678614,-1.832845,False,UP,BAD_EXIT_GIVEBACK
1033669|XAUUSD|breakout_retest|LONG|2025-01-14 05:00:00|2025-01-14 05:05:00|2025-01-14 05:10:00|2672.11,B0_RAW_ALL_SESSION,LONG,2025-01-14 05:15:00,2025-01-14 05:25:00,Morning 06:00-11:59,FALLING,2674.995,2671.39046,2680.40181,360.45,-1.0,50.0,50.0,75.0,0.0,10.0,50.0,0.30517,0.374527,0.374527,-1.30517,-1.374527,False,UP,BAD_SIGNAL
1033669|XAUUSD|breakout_retest|SHORT|2025-01-14 05:50:00|2025-01-14 06:00:00|2025-01-14 06:05:00|2668.64,B0_RAW_ALL_SESSION,SHORT,2025-01-14 06:10:00,2025-01-14 06:20:00,Morning 06:00-11:59,FALLING,2667.635,2668.98926,2665.6036,135.43,-1.0,50.0,50.0,75.0,0.0,10.0,50.0,0.812249,0.996851,0.996851,-1.812249,-1.996851,False,UP,BAD_SIGNAL
1033669|XAUUSD|breakout_retest|SHORT|2025-01-14 05:50:00|2025-01-14 07:25:00|2025-01-14 07:30:00|2668.64,B0_RAW_ALL_SESSION,SHORT,2025-01-14 07:35:00,2025-01-14 08:10:00,Morning 06:00-11:59,FALLING,2668.258,2670.17458,2665.38313,191.66,-1.0,50.0,50.0,75.0,0.0,10.0,50.0,0.573939,0.70438,0.70438,-1.573939,-1.70438,False,UP,MIXED
1033669|XAUUSD|breakout_retest|LONG|2025-01-14 07:00:00|2025-01-14 08:05:00|2025-01-14 08:10:00|2669.45,B0_RAW_ALL_SESSION,LONG,2025-01-14 08:15:00,2025-01-14 08:30:00,Afternoon 12:00-15:59,FALLING,2670.258,2668.33334,2673.145,192.47,1.5,50.0,50.0,75.0,0.0,10.0,0.0,0.311743,0.441635,0.441635,1.188257,1.058365,False,UP,WIN
1033669|XAUUSD|breakout_retest|SHORT|2025-01-14 09:40:00|2025-01-14 09:45:00|2025-01-14 09:50:00|2667.16,B0_RAW_ALL_SESSION,SHORT,2025-01-14 09:55:00,2025-01-14 10:05:00,Afternoon 12:00-15:59,FALLING,2665.235,2667.54704,2661.76695,231.2,-1.0,50.0,50.0,75.0,0.0,10.0,50.0,0.475771,0.583901,0.583901,-1.475771,-1.583901,False,UP,BAD_SIGNAL
1033669|XAUUSD|breakout_retest|SHORT|2025-01-14 09:35:00|2025-01-14 10:10:00|2025-01-14 10:15:00|2667.16,B0_RAW_ALL_SESSION,SHORT,2025-01-14 10:20:00,2025-01-14 11:50:00,Afternoon 12:00-15:59,FALLING,2666.108,2667.80945,2663.55582,170.15,-1.0,50.0,50.0,75.0,0.0,10.0,50.0,0.646507,0.793441,0.793441,-1.646507,-1.793441,False,UP,BAD_EXIT_GIVEBACK
1033669|XAUUSD|breakout_retest|LONG|2025-01-14 12:15:00|2025-01-14 12:45:00|2025-01-14 12:50:00|2667.07,B0_RAW_ALL_SESSION,LONG,2025-01-14 12:55:00,2025-01-14 13:25:00,Evening 16:00-19:59,FALLING,2668.995,2666.08984,2673.35274,290.52,-1.0,50.0,50.0,75.0,0.0,10.0,50.0,0.378637,0.464691,0.464691,-1.378637,-1.464691,False,UP,MIXED
1033669|XAUUSD|breakout_retest|SHORT|2025-01-14 18:10:00|2025-01-14 18:15:00|2025-01-14 18:20:00|2667.82,B0_RAW_ALL_SESSION,SHORT,2025-01-14 18:25:00,2025-01-14 18:30:00,Night 20:00-05:59,FALLING,2666.635,2667.98683,2664.60726,135.18,-1.0,50.0,50.0,75.0,0.0,10.0,50.0,0.813713,0.998647,0.998647,-1.813713,-1.998647,False,UP,BAD_SIGNAL
1033669|XAUUSD|breakout_retest|LONG|2025-01-14 19:00:00|2025-01-14 19:05:00|2025-01-14 19:10:00|2671.67,B0_RAW_ALL_SESSION,LONG,2025-01-14 19:15:00,2025-01-14 19:40:00,Night 20:00-05:59,FALLING,2672.869,2671.55652,2674.83772,131.25,1.5,50.0,50.0,75.0,0.0,10.0,0.0,0.45715,0.64763,0.64763,1.04285,0.85237,False,UP,WIN
1033669|XAUUSD|breakout_retest|LONG|2025-01-14 19:30:00|2025-01-14 20:20:00|2025-01-14 20:25:00|2671.67,B0_RAW_ALL_SESSION,LONG,2025-01-14 20:30:00,2025-01-14 20:35:00,Night 20:00-05:59,FALLING,2672.455,2671.54504,2673.81995,91.0,1.5,50.0,50.0,75.0,0.0,10.0,0.0,0.659367,0.934103,0.934103,0.840633,0.565897,False,UP,WIN
1033669|XAUUSD|breakout_retest|SHORT|2025-01-15 00:55:00|2025-01-15 01:00:00|2025-01-15 01:05:00|2673.82,B0_RAW_ALL_SESSION,SHORT,2025-01-15 01:10:00,2025-01-15 02:50:00,Night 20:00-05:59,RISING,2672.205,2674.3251,2669.02485,212.01,-1.0,50.0,50.0,75.0,0.0,10.0,50.0,0.518843,0.636762,0.636762,-1.518843,-1.636762,False,UP,NEAR_TP_GIVEBACK
1033669|XAUUSD|breakout_retest|LONG|2025-01-15 02:45:00|2025-01-15 03:20:00|2025-01-15 03:25:00|2673.70,B0_RAW_ALL_SESSION,LONG,2025-01-15 03:30:00,2025-01-15 05:40:00,Morning 06:00-11:59,FALLING,2674.455,2672.96126,2676.6956,149.37,1.5,50.0,50.0,75.0,0.0,10.0,0.0,0.401677,0.569043,0.569043,1.098323,0.930957,False,UP,WIN
1033669|XAUUSD|breakout_retest|LONG|2025-01-15 09:50:00|2025-01-15 09:55:00|2025-01-15 10:00:00|2685.22,B0_RAW_ALL_SESSION,LONG,2025-01-15 10:05:00,2025-01-15 10:25:00,Afternoon 12:00-15:59,RISING,2686.945,2685.07064,2689.75654,187.44,-1.0,50.0,50.0,75.0,0.0,10.0,50.0,0.586868,0.720247,0.720247,-1.586868,-1.720247,False,UP,BAD_SIGNAL
1033669|XAUUSD|breakout_retest|LONG|2025-01-15 09:40:00|2025-01-15 10:30:00|2025-01-15 10:35:00|2685.22,B0_RAW_ALL_SESSION,LONG,2025-01-15 10:40:00,2025-01-15 12:10:00,Afternoon 12:00-15:59,RISING,2687.735,2684.85846,2692.0498,287.65,-1.0,50.0,50.0,75.0,0.0,10.0,50.0,0.382404,0.469315,0.469315,-1.382404,-1.469315,False,UP,BAD_SIGNAL
1033669|XAUUSD|breakout_retest|SHORT|2025-01-15 13:00:00|2025-01-15 13:20:00|2025-01-15 13:25:00|2684.38,B0_RAW_ALL_SESSION,SHORT,2025-01-15 13:30:00,2025-01-15 13:35:00,Evening 16:00-19:59,RISING,2682.015,2685.49238,2676.79893,347.74,-1.0,50.0,50.0,75.0,0.0,10.0,50.0,0.31633,0.388223,0.388223,-1.31633,-1.388223,False,UP,BAD_SIGNAL
1033669|XAUUSD|breakout_retest|SHORT|2025-01-15 13:00:00|2025-01-15 14:30:00|2025-01-15 14:35:00|2684.38,B0_RAW_ALL_SESSION,SHORT,2025-01-15 14:40:00,2025-01-15 17:10:00,Evening 16:00-19:59,RISING,2681.728,2690.70674,2668.25989,897.87,-1.0,50.0,50.0,75.0,0.0,10.0,50.0,0.122512,0.150355,0.150355,-1.122512,-1.150355,False,UP,MIXED
1033669|XAUUSD|breakout_retest|LONG|2025-01-15 18:30:00|2025-01-15 18:55:00|2025-01-15 19:00:00|2692.80,B0_RAW_ALL_SESSION,LONG,2025-01-15 19:05:00,2025-01-15 21:10:00,Night 20:00-05:59,RISING,2694.049,2692.29651,2696.67774,175.25,1.5,50.0,50.0,75.0,0.0,10.0,0.0,0.342369,0.485023,0.485023,1.157631,1.014977,False,UP,WIN
1033669|XAUUSD|breakout_retest|LONG|2025-01-15 20:10:00|2025-01-15 21:45:00|2025-01-15 21:50:00|2695.05,B0_RAW_ALL_SESSION,LONG,2025-01-15 21:55:00,2025-01-15 23:05:00,Night 20:00-05:59,RISING,2695.758,2694.64446,2697.42831,111.35,1.5,50.0,50.0,50.0,0.0,10.0,0.0,0.538821,0.538821,0.538821,0.961179,0.961179,False,UP,WIN
1033669|XAUUSD|breakout_retest|LONG|2025-01-16 01:10:00|2025-01-16 01:15:00|2025-01-16 01:20:00|2698.01,B0_RAW_ALL_SESSION,LONG,2025-01-16 01:25:00,2025-01-16 01:35:00,Night 20:00-05:59,RISING,2699.115,2697.70688,2701.22718,140.81,1.5,50.0,50.0,75.0,0.0,10.0,0.0,0.4261,0.603641,0.603641,1.0739,0.896359,False,UP,WIN
1033669|XAUUSD|breakout_retest|SHORT|2025-01-16 05:25:00|2025-01-16 05:30:00|2025-01-16 05:35:00|2695.55,B0_RAW_ALL_SESSION,SHORT,2025-01-16 05:40:00,2025-01-16 06:15:00,Morning 06:00-11:59,RISING,2693.655,2695.67399,2690.62652,201.9,1.5,50.0,50.0,75.0,0.0,10.0,0.0,0.297179,0.421003,0.421003,1.202821,1.078997,False,UP,WIN
1033669|XAUUSD|breakout_retest|LONG|2025-01-16 07:45:00|2025-01-16 07:55:00|2025-01-16 08:00:00|2697.45,B0_RAW_ALL_SESSION,LONG,2025-01-16 08:05:00,2025-01-16 08:20:00,Afternoon 12:00-15:59,RISING,2698.608,2696.40577,2701.91134,220.22,1.5,50.0,50.0,75.0,0.0,10.0,0.0,0.272451,0.385973,0.385973,1.227549,1.114027,False,UP,WIN
1033669|XAUUSD|breakout_retest|LONG|2025-01-16 08:45:00|2025-01-16 08:50:00|2025-01-16 08:55:00|2697.45,B0_RAW_ALL_SESSION,LONG,2025-01-16 09:00:00,2025-01-16 09:20:00,Afternoon 12:00-15:59,RISING,2699.269,2697.10054,2702.52169,216.85,1.5,50.0,50.0,75.0,0.0,10.0,0.0,0.276694,0.391984,0.391984,1.223306,1.108016,False,UP,WIN
1033669|XAUUSD|breakout_retest|LONG|2025-01-16 09:30:00|2025-01-16 09:35:00|2025-01-16 09:40:00|2703.20,B0_RAW_ALL_SESSION,LONG,2025-01-16 09:45:00,2025-01-16 10:10:00,Afternoon 12:00-15:59,RISING,2704.588,2702.73189,2707.37216,185.61,1.5,50.0,50.0,75.0,0.0,10.0,0.0,0.323257,0.457948,0.457948,1.176743,1.042052,False,UP,WIN
1033669|XAUUSD|breakout_retest|LONG|2025-01-16 11:20:00|2025-01-16 11:25:00|2025-01-16 11:30:00|2708.30,B0_RAW_ALL_SESSION,LONG,2025-01-16 11:35:00,2025-01-16 11:45:00,Afternoon 12:00-15:59,RISING,2709.365,2708.12044,2711.23185,124.46,-1.0,50.0,50.0,75.0,0.0,10.0,50.0,0.883843,1.084717,1.084717,-1.883843,-2.084717,False,UP,NEAR_TP_GIVEBACK
1033669|XAUUSD|breakout_retest|SHORT|2025-01-16 12:45:00|2025-01-16 12:50:00|2025-01-16 12:55:00|2704.82,B0_RAW_ALL_SESSION,SHORT,2025-01-16 13:00:00,2025-01-16 13:15:00,Evening 16:00-19:59,RISING,2702.935,2705.04908,2699.76388,211.41,-1.0,50.0,50.0,75.0,0.0,10.0,50.0,0.520321,0.638576,0.638576,-1.520321,-1.638576,False,UP,BAD_EXIT_GIVEBACK
1033669|XAUUSD|breakout_retest|LONG|2025-01-16 13:30:00|2025-01-16 13:40:00|2025-01-16 13:45:00|2711.05,B0_RAW_ALL_SESSION,LONG,2025-01-16 13:50:00,2025-01-16 17:40:00,Evening 16:00-19:59,RISING,2714.989,2709.12764,2723.78104,586.14,1.5,50.0,50.0,75.0,0.0,10.0,0.0,0.102365,0.145018,0.145018,1.397635,1.354982,True,UP,WIN
1033669|XAUUSD|breakout_retest|SHORT|2025-01-16 21:05:00|2025-01-16 21:10:00|2025-01-16 21:15:00|2714.30,B0_RAW_ALL_SESSION,SHORT,2025-01-16 21:20:00,2025-01-16 23:10:00,Night 20:00-05:59,RISING,2713.335,2714.54921,2711.51368,121.42,-1.0,50.0,50.0,50.0,0.0,10.0,50.0,0.905936,0.905936,0.905936,-1.905936,-1.905936,False,UP,BAD_EXIT_GIVEBACK
1033669|XAUUSD|breakout_retest|LONG|2025-01-17 00:30:00|2025-01-17 00:40:00|2025-01-17 00:45:00|2715.36,B0_RAW_ALL_SESSION,LONG,2025-01-17 00:50:00,2025-01-17 00:55:00,Night 20:00-05:59,RISING,2715.965,2715.26966,2717.008,69.53,-1.0,50.0,50.0,75.0,0.0,10.0,50.0,1.58197,1.941508,1.941508,-2.58197,-2.941508,False,DOWN,BAD_SIGNAL
1033669|XAUUSD|breakout_retest|SHORT|2025-01-17 06:15:00|2025-01-17 07:05:00|2025-01-17 07:10:00|2714.49,B0_RAW_ALL_SESSION,SHORT,2025-01-17 07:15:00,2025-01-17 07:45:00,Morning 06:00-11:59,RISING,2712.775,2714.69937,2709.88844,192.44,1.5,50.0,50.0,75.0,0.0,10.0,0.0,0.31179,0.441703,0.441703,1.18821,1.058297,False,DOWN,WIN
1033669|XAUUSD|breakout_retest|SHORT|2025-01-17 07:45:00|2025-01-17 09:10:00|2025-01-17 09:15:00|2710.61,B0_RAW_ALL_SESSION,SHORT,2025-01-17 09:20:00,2025-01-17 09:30:00,Afternoon 12:00-15:59,FALLING,2709.878,2711.88509,2706.86736,200.71,1.5,50.0,50.0,75.0,0.0,10.0,0.0,0.29894,0.423498,0.423498,1.20106,1.076502,False,DOWN,WIN
1033669|XAUUSD|breakout_retest|LONG|2025-01-17 12:10:00|2025-01-17 12:20:00|2025-01-17 12:25:00|2706.97,B0_RAW_ALL_SESSION,LONG,2025-01-17 12:30:00,2025-01-17 13:20:00,Evening 16:00-19:59,FALLING,2709.365,2706.58168,2713.53998,278.33,-1.0,50.0,50.0,75.0,0.0,10.0,50.0,0.395211,0.485032,0.485032,-1.395211,-1.485032,False,DOWN,BAD_EXIT_GIVEBACK
1033669|XAUUSD|breakout_retest|LONG|2025-01-17 12:40:00|2025-01-17 13:35:00|2025-01-17 13:40:00|2706.97,B0_RAW_ALL_SESSION,LONG,2025-01-17 13:45:00,2025-01-17 14:00:00,Evening 16:00-19:59,FALLING,2707.555,2704.64019,2711.92721,291.48,-1.0,50.0,50.0,75.0,0.0,10.0,50.0,0.377383,0.463152,0.463152,-1.377383,-1.463152,False,DOWN,BAD_SIGNAL
1033669|XAUUSD|breakout_retest|SHORT|2025-01-17 14:00:00|2025-01-17 14:15:00|2025-01-17 14:20:00|2706.75,B0_RAW_ALL_SESSION,SHORT,2025-01-17 14:25:00,2025-01-17 14:40:00,Evening 16:00-19:59,FALLING,2705.685,2707.91424,2702.34114,222.92,-1.0,50.0,50.0,75.0,0.0,10.0,50.0,0.493441,0.605587,0.605587,-1.493441,-1.605587,False,DOWN,NEAR_TP_GIVEBACK
1033669|XAUUSD|breakout_retest|LONG|2025-01-17 15:05:00|2025-01-17 15:20:00|2025-01-17 15:25:00|2711.99,B0_RAW_ALL_SESSION,LONG,2025-01-17 15:30:00,2025-01-17 17:20:00,Evening 16:00-19:59,FALLING,2713.215,2710.56009,2717.19736,265.49,-1.0,50.0,50.0,75.0,0.0,10.0,50.0,0.414327,0.508492,0.508492,-1.414327,-1.508492,False,DOWN,NEAR_TP_GIVEBACK
1033669|XAUUSD|breakout_retest|LONG|2025-01-21 00:45:00|2025-01-21 00:50:00|2025-01-21 00:55:00|2702.76,B0_RAW_ALL_SESSION,LONG,2025-01-21 01:00:00,2025-01-21 02:00:00,Night 20:00-05:59,FALLING,2708.655,2702.62038,2717.70693,603.46,1.5,50.0,50.0,75.0,0.0,10.0,0.0,0.099426,0.140854,0.140854,1.400574,1.359146,True,UP,WIN
1033669|XAUUSD|breakout_retest|LONG|2025-01-21 03:20:00|2025-01-21 04:10:00|2025-01-21 04:15:00|2724.57,B0_RAW_ALL_SESSION,LONG,2025-01-21 04:20:00,2025-01-21 07:10:00,Morning 06:00-11:59,RISING,2725.565,2722.98197,2729.43954,258.3,-1.0,50.0,50.0,75.0,0.0,10.0,50.0,0.425857,0.522642,0.522642,-1.425857,-1.522642,False,UP,NEAR_TP_GIVEBACK
1033669|XAUUSD|breakout_retest|LONG|2025-01-21 07:10:00|2025-01-21 07:15:00|2025-01-21 07:20:00|2724.57,B0_RAW_ALL_SESSION,LONG,2025-01-21 07:25:00,2025-01-21 07:40:00,Morning 06:00-11:59,RISING,2726.085,2723.80907,2729.49889,227.59,1.5,50.0,50.0,75.0,0.0,10.0,0.0,0.263629,0.373474,0.373474,1.236371,1.126526,False,UP,WIN
1033669|XAUUSD|breakout_retest|SHORT|2025-01-21 07:00:00|2025-01-21 08:25:00|2025-01-21 08:30:00|2725.11,B0_RAW_ALL_SESSION,SHORT,2025-01-21 08:35:00,2025-01-21 09:05:00,Afternoon 12:00-15:59,RISING,2724.125,2726.63721,2720.35668,251.22,1.5,50.0,50.0,75.0,0.0,10.0,0.0,0.238833,0.338347,0.338347,1.261167,1.161653,False,UP,WIN
1033669|XAUUSD|breakout_retest|SHORT|2025-01-21 09:15:00|2025-01-21 09:25:00|2025-01-21 09:30:00|2722.47,B0_RAW_ALL_SESSION,SHORT,2025-01-21 09:35:00,2025-01-21 09:45:00,Afternoon 12:00-15:59,RISING,2720.855,2723.32312,2717.15282,246.81,-1.0,50.0,50.0,75.0,0.0,10.0,50.0,0.445683,0.546975,0.546975,-1.445683,-1.546975,False,UP,BAD_SIGNAL
1033669|XAUUSD|breakout_retest|SHORT|2025-01-21 09:05:00|2025-01-21 10:30:00|2025-01-21 10:35:00|2722.47,B0_RAW_ALL_SESSION,SHORT,2025-01-21 10:40:00,2025-01-21 11:30:00,Afternoon 12:00-15:59,RISING,2720.495,2723.05476,2716.65535,255.98,1.5,50.0,50.0,75.0,0.0,10.0,0.0,0.234397,0.332062,0.332062,1.265603,1.167938,False,UP,WIN
1033669|XAUUSD|breakout_retest|LONG|2025-01-21 13:50:00|2025-01-21 13:55:00|2025-01-21 14:00:00|2724.57,B0_RAW_ALL_SESSION,LONG,2025-01-21 14:05:00,2025-01-21 14:50:00,Evening 16:00-19:59,RISING,2728.235,2724.19522,2734.29467,403.98,1.5,50.0,50.0,75.0,0.0,10.0,0.0,0.148523,0.210408,0.210408,1.351477,1.289592,False,UP,WIN
1033669|XAUUSD|breakout_retest|LONG|2025-01-22 03:35:00|2025-01-22 04:00:00|2025-01-22 04:05:00|2749.45,B0_RAW_ALL_SESSION,LONG,2025-01-22 04:10:00,2025-01-22 04:35:00,Morning 06:00-11:59,RISING,2750.198,2748.98934,2752.011,120.87,1.5,50.0,50.0,75.0,0.0,10.0,0.0,0.496416,0.703256,0.703256,1.003584,0.796744,False,UP,WIN
1033669|XAUUSD|breakout_retest|LONG|2025-01-22 04:30:00|2025-01-22 04:35:00|2025-01-22 04:40:00|2750.86,B0_RAW_ALL_SESSION,LONG,2025-01-22 04:45:00,2025-01-22 05:10:00,Morning 06:00-11:59,RISING,2752.015,2750.70047,2753.98679,131.45,-1.0,50.0,50.0,75.0,0.0,10.0,50.0,0.836802,1.026984,1.026984,-1.836802,-2.026984,False,UP,MIXED
1033669|XAUUSD|breakout_retest|LONG|2025-01-22 04:45:00|2025-01-22 05:10:00|2025-01-22 05:15:00|2750.86,B0_RAW_ALL_SESSION,LONG,2025-01-22 05:20:00,2025-01-22 05:30:00,Morning 06:00-11:59,RISING,2751.598,2750.09402,2753.85397,150.4,1.5,50.0,50.0,75.0,0.0,10.0,0.0,0.398942,0.565168,0.565168,1.101058,0.934832,False,UP,WIN
1033669|XAUUSD|breakout_retest|LONG|2025-01-22 05:25:00|2025-01-22 05:30:00|2025-01-22 05:35:00|2752.78,B0_RAW_ALL_SESSION,LONG,2025-01-22 05:40:00,2025-01-22 05:50:00,Morning 06:00-11:59,RISING,2753.945,2752.63988,2755.90268,130.51,1.5,50.0,50.0,75.0,0.0,10.0,0.0,0.459727,0.65128,0.65128,1.040273,0.84872,False,UP,WIN
1033669|XAUUSD|breakout_retest|LONG|2025-01-22 06:20:00|2025-01-22 06:25:00|2025-01-22 06:30:00|2745.85,B0_RAW_ALL_SESSION,LONG,2025-01-22 06:35:00,2025-01-22 09:05:00,Morning 06:00-11:59,RISING,2748.675,2745.20439,2753.88092,347.06,1.5,50.0,50.0,75.0,0.0,10.0,0.0,0.17288,0.244913,0.244913,1.32712,1.255087,False,UP,WIN
1033669|XAUUSD|breakout_retest|SHORT|2025-01-22 11:20:00|2025-01-22 11:30:00|2025-01-22 11:35:00|2757.64,B0_RAW_ALL_SESSION,SHORT,2025-01-22 11:40:00,2025-01-22 12:05:00,Afternoon 12:00-15:59,RISING,2756.698,2757.94315,2754.83027,124.52,1.5,50.0,50.0,75.0,0.0,10.0,0.0,0.48187,0.682649,0.682649,1.01813,0.817351,False,UP,WIN
1033669|XAUUSD|breakout_retest|SHORT|2025-01-22 12:25:00|2025-01-22 13:20:00|2025-01-22 13:25:00|2756.13,B0_RAW_ALL_SESSION,SHORT,2025-01-22 13:30:00,2025-01-22 15:55:00,Evening 16:00-19:59,RISING,2755.325,2760.03581,2748.25879,471.08,-1.0,50.0,50.0,75.0,0.0,10.0,50.0,0.233506,0.286575,0.286575,-1.233506,-1.286575,False,UP,BAD_EXIT_GIVEBACK
1033669|XAUUSD|breakout_retest|LONG|2025-01-22 15:55:00|2025-01-22 16:00:00|2025-01-22 16:05:00|2757.57,B0_RAW_ALL_SESSION,LONG,2025-01-22 16:10:00,2025-01-22 16:15:00,Night 20:00-05:59,RISING,2759.425,2756.76671,2763.41244,265.83,-1.0,50.0,50.0,75.0,0.0,10.0,50.0,0.413799,0.507845,0.507845,-1.413799,-1.507845,False,UP,BAD_SIGNAL
1033669|XAUUSD|breakout_retest|LONG|2025-01-22 15:50:00|2025-01-22 16:30:00|2025-01-22 16:35:00|2757.57,B0_RAW_ALL_SESSION,LONG,2025-01-22 16:40:00,2025-01-22 18:05:00,Night 20:00-05:59,RISING,2757.855,2755.50843,2761.37486,234.66,-1.0,50.0,50.0,75.0,0.0,10.0,50.0,0.468769,0.575307,0.575307,-1.468769,-1.575307,False,UP,BAD_EXIT_GIVEBACK
1033669|XAUUSD|breakout_retest|SHORT|2025-01-22 18:05:00|2025-01-22 19:25:00|2025-01-22 19:30:00|2755.72,B0_RAW_ALL_SESSION,SHORT,2025-01-22 19:35:00,2025-01-22 19:40:00,Night 20:00-05:59,RISING,2755.205,2756.30214,2753.55929,109.71,-1.0,50.0,50.0,75.0,0.0,10.0,50.0,1.002604,1.230469,1.230469,-2.002604,-2.230469,False,UP,BAD_SIGNAL
1033669|XAUUSD|breakout_retest|SHORT|2025-01-22 18:05:00|2025-01-22 19:40:00|2025-01-22 19:45:00|2755.72,B0_RAW_ALL_SESSION,SHORT,2025-01-22 19:50:00,2025-01-22 20:20:00,Night 20:00-05:59,RISING,2755.085,2756.18307,2753.43789,109.81,-1.0,50.0,50.0,75.0,0.0,10.0,50.0,1.001756,1.229428,1.229428,-2.001756,-2.229428,False,UP,BAD_SIGNAL
1033669|XAUUSD|breakout_retest|LONG|2025-01-22 20:55:00|2025-01-22 21:00:00|2025-01-22 21:05:00|2756.20,B0_RAW_ALL_SESSION,LONG,2025-01-22 21:10:00,2025-01-22 21:20:00,Night 20:00-05:59,RISING,2756.865,2755.69764,2758.61604,116.74,-1.0,50.0,50.0,50.0,0.0,10.0,50.0,0.942299,0.942299,0.942299,-1.942299,-1.942299,False,UP,BAD_SIGNAL
1033669|XAUUSD|breakout_retest|LONG|2025-01-23 06:10:00|2025-01-23 06:15:00|2025-01-23 06:20:00|2753.18,B0_RAW_ALL_SESSION,LONG,2025-01-23 06:25:00,2025-01-23 07:05:00,Morning 06:00-11:59,FALLING,2754.145,2752.82631,2756.12304,131.87,-1.0,50.0,50.0,75.0,0.0,10.0,50.0,0.834159,1.023741,1.023741,-1.834159,-2.023741,False,DOWN,BAD_EXIT_GIVEBACK
1033669|XAUUSD|breakout_retest|LONG|2025-01-23 07:30:00|2025-01-23 08:15:00|2025-01-23 08:20:00|2753.18,B0_RAW_ALL_SESSION,LONG,2025-01-23 08:25:00,2025-01-23 08:35:00,Afternoon 12:00-15:59,FALLING,2754.485,2752.75386,2757.08171,173.11,-1.0,50.0,50.0,75.0,0.0,10.0,50.0,0.635418,0.779832,0.779832,-1.635418,-1.779832,False,DOWN,BAD_SIGNAL
1033669|XAUUSD|breakout_retest|LONG|2025-01-23 07:30:00|2025-01-23 08:40:00|2025-01-23 08:45:00|2753.18,B0_RAW_ALL_SESSION,LONG,2025-01-23 08:50:00,2025-01-23 09:05:00,Afternoon 12:00-15:59,FALLING,2754.295,2752.29643,2757.29286,199.86,-1.0,50.0,50.0,75.0,0.0,10.0,50.0,0.550393,0.675482,0.675482,-1.550393,-1.675482,False,DOWN,BAD_SIGNAL
1033669|XAUUSD|breakout_retest|SHORT|2025-01-23 09:30:00|2025-01-23 10:50:00|2025-01-23 10:55:00|2752.24,B0_RAW_ALL_SESSION,SHORT,2025-01-23 11:00:00,2025-01-23 11:05:00,Afternoon 12:00-15:59,FALLING,2750.445,2752.42348,2747.47728,197.85,-1.0,50.0,50.0,75.0,0.0,10.0,50.0,0.555983,0.682342,0.682342,-1.555983,-1.682342,False,DOWN,BAD_SIGNAL
1033669|XAUUSD|breakout_retest|SHORT|2025-01-23 09:30:00|2025-01-23 11:10:00|2025-01-23 11:15:00|2752.24,B0_RAW_ALL_SESSION,SHORT,2025-01-23 11:20:00,2025-01-23 11:30:00,Afternoon 12:00-15:59,FALLING,2750.835,2752.35512,2748.55482,152.01,-1.0,50.0,50.0,75.0,0.0,10.0,50.0,0.723626,0.888087,0.888087,-1.723626,-1.888087,False,DOWN,BAD_SIGNAL
1033669|XAUUSD|breakout_retest|SHORT|2025-01-23 13:25:00|2025-01-23 13:30:00|2025-01-23 13:35:00|2742.45,B0_RAW_ALL_SESSION,SHORT,2025-01-23 13:40:00,2025-01-23 14:05:00,Evening 16:00-19:59,FALLING,2739.305,2742.82379,2734.02681,351.88,-1.0,50.0,50.0,75.0,0.0,10.0,50.0,0.312607,0.383654,0.383654,-1.312607,-1.383654,False,DOWN,BAD_EXIT_GIVEBACK
1033669|XAUUSD|breakout_retest|SHORT|2025-01-23 13:50:00|2025-01-23 14:05:00|2025-01-23 14:10:00|2742.45,B0_RAW_ALL_SESSION,SHORT,2025-01-23 14:15:00,2025-01-23 14:20:00,Evening 16:00-19:59,FALLING,2741.315,2744.39721,2736.69168,308.22,-1.0,50.0,50.0,75.0,0.0,10.0,50.0,0.356886,0.437997,0.437997,-1.356886,-1.437997,False,DOWN,BAD_SIGNAL
1033669|XAUUSD|breakout_retest|LONG|2025-01-23 15:45:00|2025-01-23 16:00:00|2025-01-23 16:05:00|2746.74,B0_RAW_ALL_SESSION,LONG,2025-01-23 16:10:00,2025-01-23 16:15:00,Night 20:00-05:59,FALLING,2748.205,2744.90243,2753.15886,330.26,-1.0,50.0,50.0,75.0,0.0,10.0,50.0,0.333074,0.408772,0.408772,-1.333074,-1.408772,False,DOWN,BAD_SIGNAL
1033669|XAUUSD|breakout_retest|LONG|2025-01-23 16:15:00|2025-01-23 16:20:00|2025-01-23 16:25:00|2749.36,B0_RAW_ALL_SESSION,LONG,2025-01-23 16:30:00,2025-01-23 16:50:00,Night 20:00-05:59,FALLING,2751.355,2749.00159,2754.88511,235.34,1.5,50.0,50.0,75.0,0.0,10.0,0.0,0.25495,0.361178,0.361178,1.24505,1.138822,False,DOWN,WIN
1033669|XAUUSD|breakout_retest|LONG|2025-01-24 05:30:00|2025-01-24 05:35:00|2025-01-24 05:40:00|2774.82,B0_RAW_ALL_SESSION,LONG,2025-01-24 05:45:00,2025-01-24 05:55:00,Morning 06:00-11:59,RISING,2776.205,2773.28614,2780.58329,291.89,-1.0,50.0,50.0,75.0,0.0,10.0,50.0,0.37686,0.46251,0.46251,-1.37686,-1.46251,False,UP,BAD_SIGNAL
1033669|XAUUSD|breakout_retest|LONG|2025-01-24 05:40:00|2025-01-24 05:55:00|2025-01-24 06:00:00|2774.82,B0_RAW_ALL_SESSION,LONG,2025-01-24 06:05:00,2025-01-24 06:50:00,Morning 06:00-11:59,RISING,2776.105,2773.36309,2780.21786,274.19,-1.0,50.0,50.0,75.0,0.0,10.0,50.0,0.401181,0.492358,0.492358,-1.401181,-1.492358,False,UP,MIXED
1033669|XAUUSD|breakout_retest|SHORT|2025-01-24 08:30:00|2025-01-24 09:45:00|2025-01-24 09:50:00|2771.93,B0_RAW_ALL_SESSION,SHORT,2025-01-24 09:55:00,2025-01-24 10:00:00,Afternoon 12:00-15:59,RISING,2770.795,2772.26886,2768.58421,147.39,-1.0,50.0,50.0,75.0,0.0,10.0,50.0,0.746341,0.915964,0.915964,-1.746341,-1.915964,False,UP,BAD_SIGNAL
1033669|XAUUSD|breakout_retest|LONG|2025-01-24 09:25:00|2025-01-24 10:55:00|2025-01-24 11:00:00|2775.25,B0_RAW_ALL_SESSION,LONG,2025-01-24 11:05:00,2025-01-24 11:10:00,Afternoon 12:00-15:59,RISING,2776.008,2774.44721,2778.34918,156.08,-1.0,50.0,50.0,75.0,0.0,10.0,50.0,0.704773,0.864949,0.864949,-1.704773,-1.864949,False,UP,BAD_SIGNAL
1033669|XAUUSD|breakout_retest|LONG|2025-01-24 11:00:00|2025-01-24 11:10:00|2025-01-24 11:15:00|2774.39,B0_RAW_ALL_SESSION,LONG,2025-01-24 11:20:00,2025-01-24 11:25:00,Afternoon 12:00-15:59,RISING,2774.915,2773.80634,2776.578,110.87,1.5,50.0,50.0,75.0,0.0,10.0,0.0,0.541192,0.766688,0.766688,0.958808,0.733312,False,UP,WIN
1033669|XAUUSD|breakout_retest|LONG|2025-01-24 13:00:00|2025-01-24 13:05:00|2025-01-24 13:10:00|2778.93,B0_RAW_ALL_SESSION,LONG,2025-01-24 13:15:00,2025-01-24 14:15:00,Evening 16:00-19:59,RISING,2781.265,2778.80231,2784.95903,246.27,-1.0,50.0,50.0,75.0,0.0,10.0,50.0,0.446667,0.548182,0.548182,-1.446667,-1.548182,False,UP,NEAR_TP_GIVEBACK
1033669|XAUUSD|breakout_retest|SHORT|2025-01-24 14:10:00|2025-01-24 14:15:00|2025-01-24 14:20:00|2780.09,B0_RAW_ALL_SESSION,SHORT,2025-01-24 14:25:00,2025-01-24 14:50:00,Evening 16:00-19:59,RISING,2776.575,2780.80169,2770.23496,422.67,-1.0,50.0,50.0,75.0,0.0,10.0,50.0,0.260251,0.319399,0.319399,-1.260251,-1.319399,False,UP,MIXED
1033669|XAUUSD|breakout_retest|SHORT|2025-01-24 14:40:00|2025-01-24 14:45:00|2025-01-24 14:50:00|2780.09,B0_RAW_ALL_SESSION,SHORT,2025-01-24 14:55:00,2025-01-24 15:15:00,Evening 16:00-19:59,RISING,2776.815,2782.22443,2768.70086,540.94,-1.0,50.0,50.0,75.0,0.0,10.0,50.0,0.203349,0.249564,0.249564,-1.203349,-1.249564,False,UP,BAD_SIGNAL
1033669|XAUUSD|breakout_retest|LONG|2025-01-24 15:10:00|2025-01-24 15:15:00|2025-01-24 15:20:00|2781.91,B0_RAW_ALL_SESSION,LONG,2025-01-24 15:25:00,2025-01-24 15:50:00,Evening 16:00-19:59,RISING,2784.045,2781.12362,2788.42707,292.14,-1.0,50.0,50.0,75.0,0.0,10.0,50.0,0.376535,0.462111,0.462111,-1.376535,-1.462111,False,UP,MIXED
1033669|XAUUSD|breakout_retest|SHORT|2025-01-24 14:25:00|2025-01-24 15:50:00|2025-01-24 15:55:00|2780.09,B0_RAW_ALL_SESSION,SHORT,2025-01-24 16:00:00,2025-01-24 16:55:00,Night 20:00-05:59,RISING,2777.075,2781.73152,2770.09022,465.65,1.5,50.0,50.0,75.0,0.0,10.0,0.0,0.128852,0.18254,0.18254,1.371148,1.31746,False,UP,WIN
1033669|XAUUSD|breakout_retest|SHORT|2025-01-24 17:00:00|2025-01-24 17:05:00|2025-01-24 17:10:00|2773.57,B0_RAW_ALL_SESSION,SHORT,2025-01-24 17:15:00,2025-01-24 17:25:00,Night 20:00-05:59,RISING,2771.515,2774.25916,2767.39875,274.42,-1.0,50.0,50.0,75.0,0.0,10.0,50.0,0.400851,0.491953,0.491953,-1.400851,-1.491953,False,UP,BAD_SIGNAL
1033669|XAUUSD|breakout_retest|SHORT|2025-01-24 16:10:00|2025-01-24 17:35:00|2025-01-24 17:40:00|2775.88,B0_RAW_ALL_SESSION,SHORT,2025-01-24 17:45:00,2025-01-24 18:05:00,Night 20:00-05:59,RISING,2774.685,2776.17014,2772.45729,148.51,1.5,50.0,50.0,75.0,0.0,10.0,0.0,0.404002,0.572336,0.572336,1.095998,0.927664,False,UP,WIN
1033669|XAUUSD|breakout_retest|SHORT|2025-01-24 16:45:00|2025-01-24 18:10:00|2025-01-24 18:15:00|2773.57,B0_RAW_ALL_SESSION,SHORT,2025-01-24 18:20:00,2025-01-24 19:45:00,Night 20:00-05:59,RISING,2772.745,2774.01059,2770.84661,126.56,-1.0,50.0,50.0,75.0,0.0,10.0,50.0,0.869158,1.066694,1.066694,-1.869158,-2.066694,False,UP,NEAR_TP_GIVEBACK
1033669|XAUUSD|breakout_retest|SHORT|2025-01-27 05:40:00|2025-01-27 05:45:00|2025-01-27 05:50:00|2755.47,B0_RAW_ALL_SESSION,SHORT,2025-01-27 05:55:00,2025-01-27 06:25:00,Morning 06:00-11:59,FALLING,2753.585,2755.5595,2750.62325,197.45,1.5,50.0,50.0,75.0,0.0,10.0,0.0,0.303874,0.430489,0.430489,1.196126,1.069511,False,DOWN,WIN
1033669|XAUUSD|breakout_retest|SHORT|2025-01-27 09:05:00|2025-01-27 09:10:00|2025-01-27 09:15:00|2764.45,B0_RAW_ALL_SESSION,SHORT,2025-01-27 09:20:00,2025-01-27 10:05:00,Afternoon 12:00-15:59,FALLING,2762.605,2765.0895,2758.87825,248.45,-1.0,50.0,50.0,75.0,0.0,10.0,50.0,0.442745,0.543369,0.543369,-1.442745,-1.543369,False,DOWN,BAD_EXIT_GIVEBACK
1033669|XAUUSD|breakout_retest|SHORT|2025-01-27 09:55:00|2025-01-27 10:10:00|2025-01-27 10:15:00|2764.45,B0_RAW_ALL_SESSION,SHORT,2025-01-27 10:20:00,2025-01-27 10:25:00,Afternoon 12:00-15:59,FALLING,2763.495,2765.27507,2760.82489,178.01,-1.0,50.0,50.0,75.0,0.0,10.0,50.0,0.617953,0.758397,0.758397,-1.617953,-1.758397,False,DOWN,BAD_SIGNAL
1033669|XAUUSD|breakout_retest|LONG|2025-01-27 10:55:00|2025-01-27 11:00:00|2025-01-27 11:05:00|2765.53,B0_RAW_ALL_SESSION,LONG,2025-01-27 11:10:00,2025-01-27 12:15:00,Afternoon 12:00-15:59,RISING,2767.975,2765.34486,2771.92021,263.01,-1.0,50.0,50.0,75.0,0.0,10.0,50.0,0.418228,0.51328,0.51328,-1.418228,-1.51328,False,DOWN,NEAR_TP_GIVEBACK
1033669|XAUUSD|breakout_retest|SHORT|2025-01-27 15:00:00|2025-01-27 15:05:00|2025-01-27 15:10:00|2744.91,B0_RAW_ALL_SESSION,SHORT,2025-01-27 15:15:00,2025-01-27 15:25:00,Evening 16:00-19:59,FALLING,2740.885,2745.50434,2733.956,461.93,-1.0,50.0,50.0,75.0,0.0,10.0,50.0,0.238129,0.29225,0.29225,-1.238129,-1.29225,False,DOWN,BAD_SIGNAL
1033669|XAUUSD|breakout_retest|SHORT|2025-01-27 15:15:00|2025-01-27 15:20:00|2025-01-27 15:25:00|2744.91,B0_RAW_ALL_SESSION,SHORT,2025-01-27 15:30:00,2025-01-27 16:50:00,Evening 16:00-19:59,FALLING,2742.615,2745.94074,2737.6264,332.57,1.5,50.0,50.0,75.0,0.0,10.0,0.0,0.180411,0.255583,0.255583,1.319589,1.244417,False,DOWN,WIN
1033669|XAUUSD|breakout_retest|SHORT|2025-01-27 16:20:00|2025-01-27 16:45:00|2025-01-27 16:50:00|2739.28,B0_RAW_ALL_SESSION,SHORT,2025-01-27 16:55:00,2025-01-27 19:20:00,Night 20:00-05:59,FALLING,2735.805,2739.92555,2729.62417,412.06,-1.0,50.0,50.0,75.0,0.0,10.0,50.0,0.266955,0.327626,0.327626,-1.266955,-1.327626,False,DOWN,NEAR_TP_GIVEBACK
1033669|XAUUSD|breakout_retest|LONG|2025-01-27 19:10:00|2025-01-27 19:35:00|2025-01-27 19:40:00|2737.72,B0_RAW_ALL_SESSION,LONG,2025-01-27 19:45:00,2025-01-27 20:40:00,Night 20:00-05:59,FALLING,2738.695,2737.03786,2741.18071,165.71,1.5,50.0,50.0,75.0,0.0,10.0,0.0,0.362069,0.512931,0.512931,1.137931,0.987069,False,DOWN,WIN
1033669|XAUUSD|breakout_retest|SHORT|2025-01-27 22:55:00|2025-01-27 23:10:00|2025-01-27 23:15:00|2740.49,B0_RAW_ALL_SESSION,SHORT,2025-01-27 23:20:00,2025-01-27 23:30:00,Night 20:00-05:59,FALLING,2739.838,2741.18439,2737.81841,134.64,-1.0,50.0,50.0,75.0,0.0,10.0,50.0,0.816998,1.002679,1.002679,-1.816998,-2.002679,False,DOWN,BAD_SIGNAL
1033669|XAUUSD|breakout_retest|SHORT|2025-01-28 06:50:00|2025-01-28 07:45:00|2025-01-28 07:50:00|2740.64,B0_RAW_ALL_SESSION,SHORT,2025-01-28 07:55:00,2025-01-28 08:05:00,Morning 06:00-11:59,FALLING,2739.855,2741.07326,2738.0276,121.83,1.5,50.0,50.0,75.0,0.0,10.0,0.0,0.492504,0.697714,0.697714,1.007496,0.802286,False,UP,WIN
1033669|XAUUSD|breakout_retest|LONG|2025-01-28 09:05:00|2025-01-28 09:20:00|2025-01-28 09:25:00|2742.84,B0_RAW_ALL_SESSION,LONG,2025-01-28 09:30:00,2025-01-28 10:55:00,Afternoon 12:00-15:59,FALLING,2743.095,2741.52879,2745.44431,156.62,-1.0,50.0,50.0,75.0,0.0,10.0,50.0,0.702334,0.861955,0.861955,-1.702334,-1.861955,False,UP,BAD_EXIT_GIVEBACK
1033669|XAUUSD|breakout_retest|LONG|2025-01-28 09:25:00|2025-01-28 11:05:00|2025-01-28 11:10:00|2742.84,B0_RAW_ALL_SESSION,LONG,2025-01-28 11:15:00,2025-01-28 11:40:00,Afternoon 12:00-15:59,FALLING,2743.495,2742.32874,2745.2444,116.63,-1.0,50.0,50.0,75.0,0.0,10.0,50.0,0.943182,1.157542,1.157542,-1.943182,-2.157542,False,UP,BAD_EXIT_GIVEBACK
1033669|XAUUSD|breakout_retest|LONG|2025-01-28 16:05:00|2025-01-28 16:30:00|2025-01-28 16:35:00|2756.20,B0_RAW_ALL_SESSION,LONG,2025-01-28 16:40:00,2025-01-28 18:35:00,Night 20:00-05:59,RISING,2758.155,2755.75151,2761.76024,240.35,1.5,50.0,50.0,75.0,0.0,10.0,0.0,0.249637,0.353652,0.353652,1.250363,1.146348,False,UP,WIN
1033669|XAUUSD|breakout_retest|LONG|2025-02-03 04:05:00|2025-02-03 04:30:00|2025-02-03 04:35:00|2778.32,B0_RAW_ALL_SESSION,LONG,2025-02-03 04:40:00,2025-02-03 05:30:00,Morning 06:00-11:59,FALLING,2779.315,2776.56753,2783.43621,274.75,1.5,50.0,50.0,75.0,0.0,10.0,0.0,0.218383,0.309375,0.309375,1.281617,1.190625,False,UP,WIN
1033669|XAUUSD|breakout_retest|SHORT|2025-02-03 08:20:00|2025-02-03 08:45:00|2025-02-03 08:50:00|2798.09,B0_RAW_ALL_SESSION,SHORT,2025-02-03 08:55:00,2025-02-03 09:20:00,Afternoon 12:00-15:59,FALLING,2797.655,2799.33341,2795.13738,167.84,1.5,50.0,50.0,75.0,0.0,10.0,0.0,0.35748,0.50643,0.50643,1.14252,0.99357,False,UP,WIN
1033669|XAUUSD|breakout_retest|LONG|2025-02-03 08:35:00|2025-02-03 09:30:00|2025-02-03 09:35:00|2798.09,B0_RAW_ALL_SESSION,LONG,2025-02-03 09:40:00,2025-02-03 09:50:00,Afternoon 12:00-15:59,RISING,2799.158,2796.27473,2803.48291,288.33,-1.0,50.0,50.0,75.0,0.0,10.0,50.0,0.381511,0.468218,0.468218,-1.381511,-1.468218,False,UP,BAD_SIGNAL
1033669|XAUUSD|breakout_retest|SHORT|2025-02-03 09:15:00|2025-02-03 09:45:00|2025-02-03 09:50:00|2798.09,B0_RAW_ALL_SESSION,SHORT,2025-02-03 09:55:00,2025-02-03 10:55:00,Afternoon 12:00-15:59,RISING,2795.965,2799.20446,2791.10581,323.95,-1.0,50.0,50.0,75.0,0.0,10.0,50.0,0.339563,0.416736,0.416736,-1.339563,-1.416736,False,UP,BAD_EXIT_GIVEBACK
1033669|XAUUSD|breakout_retest|LONG|2025-02-03 09:40:00|2025-02-03 11:00:00|2025-02-03 11:05:00|2798.09,B0_RAW_ALL_SESSION,LONG,2025-02-03 11:10:00,2025-02-03 12:40:00,Afternoon 12:00-15:59,RISING,2801.545,2797.49431,2807.62104,405.07,1.5,50.0,50.0,75.0,0.0,10.0,0.0,0.148123,0.209841,0.209841,1.351877,1.290159,False,UP,WIN
1033669|XAUUSD|breakout_retest|SHORT|2025-02-03 20:25:00|2025-02-03 20:40:00|2025-02-03 20:45:00|2817.30,B0_RAW_ALL_SESSION,SHORT,2025-02-03 20:50:00,2025-02-03 21:20:00,Night 20:00-05:59,RISING,2816.168,2817.529,2814.1265,136.1,1.5,50.0,50.0,75.0,0.0,10.0,0.0,0.440852,0.624541,0.624541,1.059148,0.875459,False,UP,WIN
1033669|XAUUSD|breakout_retest|LONG|2025-02-04 00:35:00|2025-02-04 00:40:00|2025-02-04 00:45:00|2814.80,B0_RAW_ALL_SESSION,LONG,2025-02-04 00:50:00,2025-02-04 01:05:00,Night 20:00-05:59,RISING,2815.775,2814.64049,2817.47676,113.45,1.5,50.0,50.0,75.0,0.0,10.0,0.0,0.528864,0.749224,0.749224,0.971136,0.750776,False,UP,WIN
1033669|XAUUSD|breakout_retest|SHORT|2025-02-04 06:35:00|2025-02-04 07:20:00|2025-02-04 07:25:00|2813.12,B0_RAW_ALL_SESSION,SHORT,2025-02-04 07:30:00,2025-02-04 07:55:00,Morning 06:00-11:59,RISING,2809.058,2813.57714,2802.27929,451.91,-1.0,50.0,50.0,75.0,0.0,10.0,50.0,0.243409,0.298729,0.298729,-1.243409,-1.298729,False,UP,BAD_SIGNAL
1033669|XAUUSD|breakout_retest|SHORT|2025-02-04 06:35:00|2025-02-04 07:50:00|2025-02-04 07:55:00|2813.12,B0_RAW_ALL_SESSION,SHORT,2025-02-04 08:00:00,2025-02-04 08:15:00,Afternoon 12:00-15:59,RISING,2811.655,2813.94874,2808.2144,229.37,-1.0,50.0,50.0,75.0,0.0,10.0,50.0,0.479567,0.58856,0.58856,-1.479567,-1.58856,False,UP,BAD_EXIT_GIVEBACK
1033669|XAUUSD|breakout_retest|LONG|2025-02-04 08:15:00|2025-02-04 09:00:00|2025-02-04 09:05:00|2814.26,B0_RAW_ALL_SESSION,LONG,2025-02-04 09:10:00,2025-02-04 09:45:00,Afternoon 12:00-15:59,RISING,2815.495,2813.61734,2818.3115,187.77,1.5,50.0,50.0,75.0,0.0,10.0,0.0,0.319546,0.45269,0.45269,1.180454,1.04731,False,UP,WIN
1033669|XAUUSD|breakout_retest|LONG|2025-02-04 11:35:00|2025-02-04 12:05:00|2025-02-04 12:10:00|2815.75,B0_RAW_ALL_SESSION,LONG,2025-02-04 12:15:00,2025-02-04 12:25:00,Evening 16:00-19:59,RISING,2816.125,2814.13214,2819.11429,199.29,1.5,50.0,50.0,75.0,0.0,10.0,0.0,0.301075,0.426523,0.426523,1.198925,1.073477,False,UP,WIN
1033669|XAUUSD|breakout_retest|LONG|2025-02-04 13:55:00|2025-02-04 14:00:00|2025-02-04 14:05:00|2830.30,B0_RAW_ALL_SESSION,LONG,2025-02-04 14:10:00,2025-02-04 14:30:00,Evening 16:00-19:59,RISING,2832.005,2829.64204,2835.54944,236.3,1.5,50.0,50.0,75.0,0.0,10.0,0.0,0.253919,0.359719,0.359719,1.246081,1.140281,False,UP,WIN
1033669|XAUUSD|breakout_retest|LONG|2025-02-04 15:30:00|2025-02-04 15:45:00|2025-02-04 15:50:00|2837.05,B0_RAW_ALL_SESSION,LONG,2025-02-04 15:55:00,2025-02-04 16:05:00,Evening 16:00-19:59,RISING,2838.375,2833.66098,2845.44603,471.4,-1.0,50.0,50.0,75.0,0.0,10.0,50.0,0.233346,0.28638,0.28638,-1.233346,-1.28638,False,UP,BAD_SIGNAL
1033669|XAUUSD|breakout_retest|LONG|2025-02-04 15:25:00|2025-02-04 16:10:00|2025-02-04 16:15:00|2837.05,B0_RAW_ALL_SESSION,LONG,2025-02-04 16:20:00,2025-02-04 17:35:00,Night 20:00-05:59,RISING,2839.235,2836.10153,2843.93521,313.35,1.5,50.0,50.0,75.0,0.0,10.0,0.0,0.191481,0.271265,0.271265,1.308519,1.228735,False,UP,WIN
1033669|XAUUSD|breakout_retest|LONG|2025-02-04 17:30:00|2025-02-04 17:45:00|2025-02-04 17:50:00|2842.30,B0_RAW_ALL_SESSION,LONG,2025-02-04 17:55:00,2025-02-04 19:25:00,Night 20:00-05:59,RISING,2843.825,2841.73479,2846.96032,209.02,-1.0,50.0,50.0,75.0,0.0,10.0,50.0,0.526262,0.645867,0.645867,-1.526262,-1.645867,False,UP,MIXED
1033669|XAUUSD|breakout_retest|LONG|2025-02-04 18:10:00|2025-02-04 19:25:00|2025-02-04 19:30:00|2842.30,B0_RAW_ALL_SESSION,LONG,2025-02-04 19:35:00,2025-02-04 20:20:00,Night 20:00-05:59,RISING,2843.185,2841.93536,2845.05946,124.96,-1.0,50.0,50.0,75.0,0.0,10.0,50.0,0.880252,1.080309,1.080309,-1.880252,-2.080309,False,UP,MIXED
1033669|XAUUSD|breakout_retest|SHORT|2025-02-04 20:20:00|2025-02-04 21:15:00|2025-02-04 21:20:00|2842.11,B0_RAW_ALL_SESSION,SHORT,2025-02-04 21:25:00,2025-02-05 00:30:00,Night 20:00-05:59,RISING,2841.005,2842.6663,2838.51305,166.13,-1.0,50.0,50.0,50.0,0.0,10.0,50.0,0.662132,0.662132,0.662132,-1.662132,-1.662132,False,UP,MIXED
1033669|XAUUSD|breakout_retest|LONG|2025-02-05 00:30:00|2025-02-05 01:45:00|2025-02-05 01:50:00|2842.45,B0_RAW_ALL_SESSION,LONG,2025-02-05 01:55:00,2025-02-05 02:10:00,Night 20:00-05:59,RISING,2843.045,2839.07966,2848.993,396.53,1.5,50.0,50.0,75.0,0.0,10.0,0.0,0.151311,0.214358,0.214358,1.348689,1.285642,False,UP,WIN
1033669|XAUUSD|breakout_retest|LONG|2025-02-05 02:05:00|2025-02-05 02:45:00|2025-02-05 02:50:00|2848.68,B0_RAW_ALL_SESSION,LONG,2025-02-05 02:55:00,2025-02-05 03:05:00,Morning 06:00-11:59,RISING,2849.585,2848.05121,2851.88568,153.38,1.5,50.0,50.0,75.0,0.0,10.0,0.0,0.391189,0.554184,0.554184,1.108811,0.945816,False,UP,WIN
1033669|XAUUSD|breakout_retest|LONG|2025-02-05 04:10:00|2025-02-05 05:20:00|2025-02-05 05:25:00|2854.20,B0_RAW_ALL_SESSION,LONG,2025-02-05 05:30:00,2025-02-05 05:55:00,Morning 06:00-11:59,RISING,2856.195,2853.55974,2860.14789,263.53,1.5,50.0,50.0,75.0,0.0,10.0,0.0,0.227682,0.322549,0.322549,1.272318,1.177451,False,UP,WIN
1033669|XAUUSD|breakout_retest|LONG|2025-02-05 05:45:00|2025-02-05 06:15:00|2025-02-05 06:20:00|2857.97,B0_RAW_ALL_SESSION,LONG,2025-02-05 06:25:00,2025-02-05 07:05:00,Morning 06:00-11:59,RISING,2859.455,2857.60552,2862.22922,184.95,-1.0,50.0,50.0,75.0,0.0,10.0,50.0,0.594762,0.729935,0.729935,-1.594762,-1.729935,False,UP,BAD_EXIT_GIVEBACK
1033669|XAUUSD|breakout_retest|LONG|2025-02-05 05:45:00|2025-02-05 07:25:00|2025-02-05 07:30:00|2857.97,B0_RAW_ALL_SESSION,LONG,2025-02-05 07:35:00,2025-02-05 08:00:00,Morning 06:00-11:59,RISING,2858.265,2856.08302,2861.53797,218.2,1.5,50.0,50.0,75.0,0.0,10.0,0.0,0.27498,0.389555,0.389555,1.22502,1.110445,False,UP,WIN
1033669|XAUUSD|breakout_retest|LONG|2025-02-05 06:20:00|2025-02-05 07:55:00|2025-02-05 08:00:00|2860.41,B0_RAW_ALL_SESSION,LONG,2025-02-05 08:05:00,2025-02-05 09:45:00,Afternoon 12:00-15:59,RISING,2864.085,2859.77943,2870.54336,430.56,1.5,50.0,50.0,75.0,0.0,10.0,0.0,0.139354,0.197419,0.197419,1.360646,1.302581,False,UP,WIN
1033669|XAUUSD|breakout_retest|LONG|2025-02-05 09:40:00|2025-02-05 09:50:00|2025-02-05 09:55:00|2869.49,B0_RAW_ALL_SESSION,LONG,2025-02-05 10:00:00,2025-02-05 10:35:00,Afternoon 12:00-15:59,RISING,2870.605,2868.90598,2873.15353,169.9,1.5,50.0,50.0,75.0,0.0,10.0,0.0,0.353144,0.500288,0.500288,1.146856,0.999712,False,UP,WIN
1033669|XAUUSD|breakout_retest|SHORT|2025-02-05 13:15:00|2025-02-05 13:20:00|2025-02-05 13:25:00|2866.84,B0_RAW_ALL_SESSION,SHORT,2025-02-05 13:30:00,2025-02-05 13:50:00,Evening 16:00-19:59,RISING,2864.495,2867.79583,2859.54376,330.08,1.5,50.0,50.0,75.0,0.0,10.0,0.0,0.181773,0.257511,0.257511,1.318227,1.242489,False,UP,WIN
1033669|XAUUSD|breakout_retest|LONG|2025-02-05 15:45:00|2025-02-05 16:50:00|2025-02-05 16:55:00|2870.72,B0_RAW_ALL_SESSION,LONG,2025-02-05 17:00:00,2025-02-05 17:10:00,Night 20:00-05:59,RISING,2872.425,2869.87311,2876.25284,255.19,1.5,50.0,50.0,75.0,0.0,10.0,0.0,0.23512,0.333086,0.333086,1.26488,1.166914,False,UP,WIN
1033669|XAUUSD|breakout_retest|SHORT|2025-02-05 18:10:00|2025-02-05 18:20:00|2025-02-05 18:25:00|2871.41,B0_RAW_ALL_SESSION,SHORT,2025-02-05 18:30:00,2025-02-05 18:50:00,Night 20:00-05:59,RISING,2869.135,2871.77804,2865.17044,264.3,1.5,50.0,50.0,75.0,0.0,10.0,0.0,0.227011,0.321599,0.321599,1.272989,1.178401,False,UP,WIN
1033669|XAUUSD|breakout_retest|SHORT|2025-02-05 18:45:00|2025-02-05 18:55:00|2025-02-05 19:00:00|2865.85,B0_RAW_ALL_SESSION,SHORT,2025-02-05 19:05:00,2025-02-05 19:10:00,Night 20:00-05:59,RISING,2864.975,2866.40834,2862.825,143.33,1.5,50.0,50.0,75.0,0.0,10.0,0.0,0.418604,0.593022,0.593022,1.081396,0.906978,False,UP,WIN
1033669|XAUUSD|breakout_retest|SHORT|2025-02-05 19:00:00|2025-02-05 19:05:00|2025-02-05 19:10:00|2865.85,B0_RAW_ALL_SESSION,SHORT,2025-02-05 19:15:00,2025-02-05 19:20:00,Night 20:00-05:59,RISING,2862.555,2866.49848,2856.63978,394.35,-1.0,50.0,50.0,75.0,0.0,10.0,50.0,0.278942,0.342337,0.342337,-1.278942,-1.342337,False,UP,BAD_SIGNAL
1033669|XAUUSD|breakout_retest|SHORT|2025-02-05 19:00:00|2025-02-05 19:50:00|2025-02-05 19:55:00|2865.85,B0_RAW_ALL_SESSION,SHORT,2025-02-05 20:00:00,2025-02-05 20:50:00,Night 20:00-05:59,RISING,2864.665,2866.87429,2861.35107,220.93,1.5,50.0,50.0,75.0,0.0,10.0,0.0,0.271581,0.38474,0.38474,1.228419,1.11526,False,UP,WIN
1033669|XAUUSD|breakout_retest|SHORT|2025-02-05 20:45:00|2025-02-05 21:10:00|2025-02-05 21:15:00|2862.09,B0_RAW_ALL_SESSION,SHORT,2025-02-05 21:20:00,2025-02-05 21:25:00,Night 20:00-05:59,RISING,2861.275,2862.29129,2859.75057,101.63,-1.0,50.0,50.0,50.0,0.0,10.0,50.0,1.082373,1.082373,1.082373,-2.082373,-2.082373,False,UP,BAD_SIGNAL
1033669|XAUUSD|breakout_retest|LONG|2025-02-05 23:45:00|2025-02-06 00:20:00|2025-02-06 00:25:00|2867.20,B0_RAW_ALL_SESSION,LONG,2025-02-06 00:30:00,2025-02-06 01:05:00,Night 20:00-05:59,RISING,2868.458,2867.01671,2870.61993,144.13,-1.0,50.0,50.0,75.0,0.0,10.0,50.0,0.763207,0.936664,0.936664,-1.763207,-1.936664,False,DOWN,NEAR_TP_GIVEBACK
1033669|XAUUSD|breakout_retest|SHORT|2025-02-06 01:10:00|2025-02-06 01:20:00|2025-02-06 01:25:00|2867.05,B0_RAW_ALL_SESSION,SHORT,2025-02-06 01:30:00,2025-02-06 01:35:00,Night 20:00-05:59,RISING,2866.505,2867.79645,2864.56782,129.15,-1.0,50.0,50.0,75.0,0.0,10.0,50.0,0.851756,1.045337,1.045337,-1.851756,-2.045337,False,DOWN,BAD_EXIT_GIVEBACK
1033669|XAUUSD|breakout_retest|LONG|2025-02-06 01:55:00|2025-02-06 02:25:00|2025-02-06 02:30:00|2870.53,B0_RAW_ALL_SESSION,LONG,2025-02-06 02:35:00,2025-02-06 03:20:00,Morning 06:00-11:59,RISING,2870.815,2867.95935,2875.09847,285.56,-1.0,50.0,50.0,75.0,0.0,10.0,50.0,0.385201,0.472747,0.472747,-1.385201,-1.472747,False,DOWN,MIXED
1033669|XAUUSD|breakout_retest|SHORT|2025-02-06 08:30:00|2025-02-06 08:35:00|2025-02-06 08:40:00|2858.16,B0_RAW_ALL_SESSION,SHORT,2025-02-06 08:45:00,2025-02-06 09:05:00,Afternoon 12:00-15:59,FALLING,2852.325,2858.581,2842.941,625.6,-1.0,50.0,50.0,75.0,0.0,10.0,50.0,0.175831,0.215793,0.215793,-1.175831,-1.215793,False,DOWN,BAD_SIGNAL
1033669|XAUUSD|breakout_retest|LONG|2025-02-06 11:55:00|2025-02-06 13:15:00|2025-02-06 13:20:00|2861.74,B0_RAW_ALL_SESSION,LONG,2025-02-06 13:25:00,2025-02-06 13:30:00,Evening 16:00-19:59,FALLING,2862.915,2860.33957,2866.77814,257.54,-1.0,50.0,50.0,75.0,0.0,10.0,50.0,0.427113,0.524185,0.524185,-1.427113,-1.524185,False,DOWN,BAD_SIGNAL
1033669|XAUUSD|breakout_retest|LONG|2025-02-06 11:55:00|2025-02-06 13:30:00|2025-02-06 13:35:00|2861.74,B0_RAW_ALL_SESSION,LONG,2025-02-06 13:40:00,2025-02-06 13:45:00,Evening 16:00-19:59,FALLING,2863.055,2859.87402,2867.82647,318.1,-1.0,50.0,50.0,75.0,0.0,10.0,50.0,0.345806,0.424398,0.424398,-1.345806,-1.424398,False,DOWN,BAD_SIGNAL
1033669|XAUUSD|breakout_retest|SHORT|2025-02-06 14:15:00|2025-02-06 14:20:00|2025-02-06 14:25:00|2859.14,B0_RAW_ALL_SESSION,SHORT,2025-02-06 14:30:00,2025-02-06 14:50:00,Evening 16:00-19:59,FALLING,2856.585,2859.69793,2851.91561,311.29,1.5,50.0,50.0,75.0,0.0,10.0,0.0,0.192745,0.273055,0.273055,1.307255,1.226945,False,DOWN,WIN
1033669|XAUUSD|breakout_retest|SHORT|2025-02-06 15:00:00|2025-02-06 16:15:00|2025-02-06 16:20:00|2854.22,B0_RAW_ALL_SESSION,SHORT,2025-02-06 16:25:00,2025-02-06 20:05:00,Night 20:00-05:59,FALLING,2851.675,2854.9581,2846.75035,328.31,-1.0,50.0,50.0,75.0,0.0,10.0,50.0,0.335049,0.411197,0.411197,-1.335049,-1.411197,False,DOWN,BAD_EXIT_GIVEBACK
1033669|XAUUSD|breakout_retest|LONG|2025-02-06 23:30:00|2025-02-06 23:35:00|2025-02-06 23:40:00|2857.05,B0_RAW_ALL_SESSION,LONG,2025-02-06 23:45:00,2025-02-06 23:50:00,Night 20:00-05:59,FALLING,2857.965,2857.01209,2859.39436,95.29,-1.0,50.0,50.0,75.0,0.0,10.0,50.0,1.154362,1.416717,1.416717,-2.154362,-2.416717,False,DOWN,BAD_SIGNAL
1033669|XAUUSD|breakout_retest|LONG|2025-02-06 23:45:00|2025-02-06 23:50:00|2025-02-06 23:55:00|2857.05,B0_RAW_ALL_SESSION,LONG,2025-02-07 00:00:00,2025-02-08 00:05:00,Night 20:00-05:59,FALLING,2858.085,2856.98649,2859.73276,109.85,1.5,50.0,50.0,75.0,0.0,10.0,0.0,0.546196,0.773777,0.773777,0.953804,0.726223,False,UNKNOWN,WIN
1033669|XAUUSD|breakout_retest|SHORT|2025-02-11 02:40:00|2025-02-11 02:55:00|2025-02-11 03:00:00|2919.21,B0_RAW_ALL_SESSION,SHORT,2025-02-11 03:05:00,2025-02-11 03:40:00,Morning 06:00-11:59,RISING,2917.435,2923.34246,2908.57381,590.75,-1.0,50.0,50.0,75.0,0.0,10.0,50.0,0.186205,0.228525,0.228525,-1.186205,-1.228525,False,DOWN,BAD_EXIT_GIVEBACK
1033669|XAUUSD|breakout_retest|SHORT|2025-02-11 02:35:00|2025-02-11 04:00:00|2025-02-11 04:05:00|2919.21,B0_RAW_ALL_SESSION,SHORT,2025-02-11 04:10:00,2025-02-11 04:30:00,Morning 06:00-11:59,RISING,2918.435,2920.47553,2915.37421,204.05,-1.0,50.0,50.0,75.0,0.0,10.0,50.0,0.539076,0.661593,0.661593,-1.539076,-1.661593,False,DOWN,BAD_SIGNAL
1033669|XAUUSD|breakout_retest|SHORT|2025-02-11 07:30:00|2025-02-11 08:05:00|2025-02-11 08:10:00|2912.36,B0_RAW_ALL_SESSION,SHORT,2025-02-11 08:15:00,2025-02-11 08:35:00,Afternoon 12:00-15:59,RISING,2911.665,2914.1766,2907.8976,251.16,-1.0,50.0,50.0,75.0,0.0,10.0,50.0,0.437968,0.537506,0.537506,-1.437968,-1.537506,False,DOWN,BAD_EXIT_GIVEBACK
1033669|XAUUSD|breakout_retest|SHORT|2025-02-11 07:30:00|2025-02-11 08:40:00|2025-02-11 08:45:00|2912.36,B0_RAW_ALL_SESSION,SHORT,2025-02-11 08:50:00,2025-02-11 09:45:00,Afternoon 12:00-15:59,RISING,2909.685,2913.54374,2903.8969,385.87,1.5,50.0,50.0,75.0,0.0,10.0,0.0,0.155491,0.220279,0.220279,1.344509,1.279721,False,DOWN,WIN
1033669|XAUUSD|breakout_retest|SHORT|2025-02-11 09:55:00|2025-02-11 10:35:00|2025-02-11 10:40:00|2904.53,B0_RAW_ALL_SESSION,SHORT,2025-02-11 10:45:00,2025-02-11 12:10:00,Afternoon 12:00-15:59,RISING,2904.055,2907.21741,2899.31139,316.24,1.5,50.0,50.0,75.0,0.0,10.0,0.0,0.189729,0.268783,0.268783,1.310271,1.231217,False,DOWN,WIN
1033669|XAUUSD|breakout_retest|SHORT|2025-02-11 12:10:00|2025-02-11 12:15:00|2025-02-11 12:20:00|2902.78,B0_RAW_ALL_SESSION,SHORT,2025-02-11 12:25:00,2025-02-11 12:55:00,Evening 16:00-19:59,RISING,2900.048,2903.63281,2894.67078,358.48,1.5,50.0,50.0,75.0,0.0,10.0,0.0,0.167373,0.237111,0.237111,1.332627,1.262889,False,DOWN,WIN
1033669|XAUUSD|breakout_retest|LONG|2025-02-11 13:10:00|2025-02-11 13:15:00|2025-02-11 13:20:00|2882.22,B0_RAW_ALL_SESSION,LONG,2025-02-11 13:25:00,2025-02-11 13:40:00,Evening 16:00-19:59,RISING,2886.195,2881.23671,2893.63244,495.83,1.5,50.0,50.0,75.0,0.0,10.0,0.0,0.121009,0.17143,0.17143,1.378991,1.32857,False,DOWN,WIN
1033669|XAUUSD|breakout_retest|SHORT|2025-02-11 13:10:00|2025-02-11 13:45:00|2025-02-11 13:50:00|2897.95,B0_RAW_ALL_SESSION,SHORT,2025-02-11 13:55:00,2025-02-11 14:05:00,Evening 16:00-19:59,RISING,2892.808,2898.58801,2884.13799,578.0,-1.0,50.0,50.0,75.0,0.0,10.0,50.0,0.190311,0.233564,0.233564,-1.190311,-1.233564,False,DOWN,BAD_SIGNAL
1033669|XAUUSD|breakout_retest|SHORT|2025-02-11 19:35:00|2025-02-11 19:40:00|2025-02-11 19:45:00|2903.07,B0_RAW_ALL_SESSION,SHORT,2025-02-11 19:50:00,2025-02-11 20:10:00,Night 20:00-05:59,RISING,2901.375,2903.26781,2898.53579,189.28,1.5,50.0,50.0,75.0,0.0,10.0,0.0,0.31699,0.449068,0.449068,1.18301,1.050932,False,DOWN,WIN
1033669|XAUUSD|breakout_retest|SHORT|2025-02-12 00:55:00|2025-02-12 01:05:00|2025-02-12 01:10:00|2895.85,B0_RAW_ALL_SESSION,SHORT,2025-02-12 01:15:00,2025-02-12 01:20:00,Night 20:00-05:59,FALLING,2894.935,2897.79957,2890.63814,286.46,1.5,50.0,50.0,75.0,0.0,10.0,0.0,0.209455,0.296729,0.296729,1.290545,1.203271,False,UP,WIN
1033669|XAUUSD|breakout_retest|SHORT|2025-02-12 00:45:00|2025-02-12 02:25:00|2025-02-12 02:30:00|2895.85,B0_RAW_ALL_SESSION,SHORT,2025-02-12 02:35:00,2025-02-12 02:40:00,Morning 06:00-11:59,FALLING,2893.265,2896.47181,2888.45479,320.68,-1.0,50.0,50.0,75.0,0.0,10.0,50.0,0.34302,0.420979,0.420979,-1.34302,-1.420979,False,UP,BAD_SIGNAL
1033669|XAUUSD|breakout_retest|SHORT|2025-02-12 05:25:00|2025-02-12 05:30:00|2025-02-12 05:35:00|2886.61,B0_RAW_ALL_SESSION,SHORT,2025-02-12 05:40:00,2025-02-12 05:45:00,Morning 06:00-11:59,FALLING,2884.555,2887.40352,2880.28222,284.85,-1.0,50.0,50.0,75.0,0.0,10.0,50.0,0.386165,0.47393,0.47393,-1.386165,-1.47393,False,UP,BAD_SIGNAL
1033669|XAUUSD|breakout_retest|LONG|2025-02-12 06:15:00|2025-02-12 06:50:00|2025-02-12 06:55:00|2890.36,B0_RAW_ALL_SESSION,LONG,2025-02-12 07:00:00,2025-02-12 08:15:00,Morning 06:00-11:59,FALLING,2893.335,2889.59779,2898.94082,373.72,-1.0,50.0,50.0,75.0,0.0,10.0,50.0,0.294337,0.361232,0.361232,-1.294337,-1.361232,False,UP,MIXED
1033669|XAUUSD|breakout_retest|SHORT|2025-02-12 08:10:00|2025-02-12 08:15:00|2025-02-12 08:20:00|2890.61,B0_RAW_ALL_SESSION,SHORT,2025-02-12 08:25:00,2025-02-12 08:30:00,Afternoon 12:00-15:59,FALLING,2889.255,2891.18845,2886.35482,193.35,-1.0,50.0,50.0,75.0,0.0,10.0,50.0,0.568931,0.698234,0.698234,-1.568931,-1.698234,False,UP,BAD_SIGNAL
1033669|XAUUSD|breakout_retest|SHORT|2025-02-12 08:10:00|2025-02-12 09:30:00|2025-02-12 09:35:00|2890.61,B0_RAW_ALL_SESSION,SHORT,2025-02-12 09:40:00,2025-02-12 09:45:00,Afternoon 12:00-15:59,FALLING,2888.625,2890.87886,2885.24421,225.39,-1.0,50.0,50.0,75.0,0.0,10.0,50.0,0.488052,0.598973,0.598973,-1.488052,-1.598973,False,UP,BAD_SIGNAL
1033669|XAUUSD|breakout_retest|SHORT|2025-02-12 08:10:00|2025-02-12 09:40:00|2025-02-12 09:45:00|2890.61,B0_RAW_ALL_SESSION,SHORT,2025-02-12 09:50:00,2025-02-12 09:55:00,Afternoon 12:00-15:59,FALLING,2889.455,2891.09607,2886.99339,164.11,1.5,50.0,50.0,75.0,0.0,10.0,0.0,0.365615,0.517954,0.517954,1.134385,0.982046,False,UP,WIN
1033669|XAUUSD|breakout_retest|SHORT|2025-02-12 09:55:00|2025-02-12 10:00:00|2025-02-12 10:05:00|2887.86,B0_RAW_ALL_SESSION,SHORT,2025-02-12 10:10:00,2025-02-12 10:25:00,Afternoon 12:00-15:59,FALLING,2886.125,2888.62484,2882.37525,249.98,-1.0,50.0,50.0,75.0,0.0,10.0,50.0,0.440029,0.540035,0.540035,-1.440029,-1.540035,False,UP,BAD_SIGNAL
1033669|XAUUSD|breakout_retest|SHORT|2025-02-12 09:55:00|2025-02-12 10:30:00|2025-02-12 10:35:00|2887.86,B0_RAW_ALL_SESSION,SHORT,2025-02-12 10:40:00,2025-02-12 13:35:00,Afternoon 12:00-15:59,FALLING,2881.828,2890.0444,2869.5034,821.64,1.5,50.0,50.0,75.0,0.0,10.0,0.0,0.073025,0.103452,0.103452,1.426975,1.396548,True,UP,WIN
1033669|XAUUSD|breakout_retest|LONG|2025-02-12 13:55:00|2025-02-12 14:00:00|2025-02-12 14:05:00|2882.22,B0_RAW_ALL_SESSION,LONG,2025-02-12 14:10:00,2025-02-12 14:15:00,Evening 16:00-19:59,FALLING,2885.735,2881.12136,2892.65546,461.36,1.5,50.0,50.0,75.0,0.0,10.0,0.0,0.130049,0.184236,0.184236,1.369951,1.315764,False,UP,WIN
1033669|XAUUSD|breakout_retest|SHORT|2025-02-12 19:20:00|2025-02-12 20:45:00|2025-02-12 20:50:00|2900.59,B0_RAW_ALL_SESSION,SHORT,2025-02-12 20:55:00,2025-02-12 21:15:00,Night 20:00-05:59,RISING,2900.305,2901.39666,2898.66751,109.17,-1.0,50.0,50.0,75.0,0.0,10.0,50.0,1.007642,1.236652,1.236652,-2.007642,-2.236652,False,UP,MIXED
1033669|XAUUSD|breakout_retest|LONG|2025-02-14 01:20:00|2025-02-14 01:25:00|2025-02-14 01:30:00|2931.24,B0_RAW_ALL_SESSION,LONG,2025-02-14 01:35:00,2025-02-14 01:45:00,Night 20:00-05:59,RISING,2933.715,2930.54216,2938.47425,317.28,-1.0,50.0,50.0,75.0,0.0,10.0,50.0,0.346693,0.425487,0.425487,-1.346693,-1.425487,False,DOWN,BAD_SIGNAL
1033669|XAUUSD|breakout_retest|LONG|2025-02-14 03:05:00|2025-02-14 03:10:00|2025-02-14 03:15:00|2928.47,B0_RAW_ALL_SESSION,LONG,2025-02-14 03:20:00,2025-02-14 03:30:00,Morning 06:00-11:59,RISING,2929.555,2928.276,2931.4735,127.9,-1.0,50.0,50.0,75.0,0.0,10.0,50.0,0.860047,1.055512,1.055512,-1.860047,-2.055512,False,DOWN,MIXED
1033669|XAUUSD|breakout_retest|LONG|2025-02-14 08:25:00|2025-02-14 08:30:00|2025-02-14 08:35:00|2935.01,B0_RAW_ALL_SESSION,LONG,2025-02-14 08:40:00,2025-02-14 08:45:00,Afternoon 12:00-15:59,RISING,2936.995,2934.06114,2941.39579,293.39,-1.0,50.0,50.0,75.0,0.0,10.0,50.0,0.374933,0.460145,0.460145,-1.374933,-1.460145,False,DOWN,BAD_SIGNAL
1033669|XAUUSD|breakout_retest|LONG|2025-02-14 08:15:00|2025-02-14 09:00:00|2025-02-14 09:05:00|2935.01,B0_RAW_ALL_SESSION,LONG,2025-02-14 09:10:00,2025-02-14 09:45:00,Afternoon 12:00-15:59,RISING,2936.755,2934.09293,2940.74811,266.21,-1.0,50.0,50.0,75.0,0.0,10.0,50.0,0.413212,0.507124,0.507124,-1.413212,-1.507124,False,DOWN,MIXED
1033669|XAUUSD|breakout_retest|SHORT|2025-02-14 13:10:00|2025-02-14 13:15:00|2025-02-14 13:20:00|2929.03,B0_RAW_ALL_SESSION,SHORT,2025-02-14 13:25:00,2025-02-14 13:35:00,Evening 16:00-19:59,RISING,2926.475,2930.58838,2920.30493,411.34,-1.0,50.0,50.0,75.0,0.0,10.0,50.0,0.26742,0.328197,0.328197,-1.26742,-1.328197,False,DOWN,BAD_SIGNAL
1033669|XAUUSD|breakout_retest|SHORT|2025-02-14 14:00:00|2025-02-14 14:30:00|2025-02-14 14:35:00|2925.74,B0_RAW_ALL_SESSION,SHORT,2025-02-14 14:40:00,2025-02-14 15:15:00,Evening 16:00-19:59,RISING,2923.645,2928.84455,2915.84568,519.95,1.5,50.0,50.0,75.0,0.0,10.0,0.0,0.115395,0.163476,0.163476,1.384605,1.336524,True,DOWN,WIN
1033669|XAUUSD|breakout_retest|LONG|2025-02-14 18:35:00|2025-02-14 18:40:00|2025-02-14 18:45:00|2882.22,B0_RAW_ALL_SESSION,LONG,2025-02-14 18:50:00,2025-02-14 19:30:00,Night 20:00-05:59,FALLING,2883.535,2881.79326,2886.1476,174.17,-1.0,50.0,50.0,75.0,0.0,10.0,50.0,0.631554,0.775089,0.775089,-1.631554,-1.775089,False,DOWN,NEAR_TP_GIVEBACK
1033669|XAUUSD|breakout_retest|LONG|2025-02-14 19:25:00|2025-02-14 19:30:00|2025-02-14 19:35:00|2882.22,B0_RAW_ALL_SESSION,LONG,2025-02-14 19:40:00,2025-02-14 19:45:00,Night 20:00-05:59,FALLING,2883.255,2881.95858,2885.19963,129.64,-1.0,50.0,50.0,75.0,0.0,10.0,50.0,0.84849,1.041328,1.041328,-1.84849,-2.041328,False,DOWN,BAD_SIGNAL
1033669|XAUUSD|breakout_retest|SHORT|2025-02-14 19:50:00|2025-02-14 20:30:00|2025-02-14 20:35:00|2881.93,B0_RAW_ALL_SESSION,SHORT,2025-02-14 20:40:00,2025-02-14 21:00:00,Night 20:00-05:59,FALLING,2879.755,2882.36539,2875.83942,261.04,-1.0,50.0,50.0,75.0,0.0,10.0,50.0,0.421394,0.517165,0.517165,-1.421394,-1.517165,False,DOWN,BAD_EXIT_GIVEBACK
1033669|XAUUSD|breakout_retest|LONG|2025-02-14 21:30:00|2025-02-14 21:35:00|2025-02-14 21:40:00|2882.22,B0_RAW_ALL_SESSION,LONG,2025-02-14 21:45:00,2025-02-14 22:00:00,Night 20:00-05:59,FALLING,2883.445,2881.9516,2885.6851,149.34,-1.0,50.0,50.0,50.0,0.0,10.0,50.0,0.736574,0.736574,0.736574,-1.736574,-1.736574,False,DOWN,BAD_SIGNAL
1033669|XAUUSD|breakout_retest|SHORT|2025-02-16 23:35:00|2025-02-16 23:40:00|2025-02-16 23:45:00|2881.74,B0_RAW_ALL_SESSION,SHORT,2025-02-16 23:50:00,2025-02-17 00:05:00,Night 20:00-05:59,FALLING,2879.105,2882.18214,2874.48929,307.71,-1.0,50.0,50.0,75.0,0.0,10.0,50.0,0.357474,0.438719,0.438719,-1.357474,-1.438719,False,DOWN,BAD_SIGNAL
1033669|XAUUSD|breakout_retest|LONG|2025-02-17 01:15:00|2025-02-17 01:20:00|2025-02-17 01:25:00|2887.99,B0_RAW_ALL_SESSION,LONG,2025-02-17 01:30:00,2025-02-17 01:35:00,Night 20:00-05:59,FALLING,2889.625,2887.61094,2892.6461,201.41,1.5,50.0,50.0,75.0,0.0,10.0,0.0,0.297905,0.422032,0.422032,1.202095,1.077968,False,UP,WIN
1033669|XAUUSD|breakout_retest|LONG|2025-02-17 01:40:00|2025-02-17 01:45:00|2025-02-17 01:50:00|2893.41,B0_RAW_ALL_SESSION,LONG,2025-02-17 01:55:00,2025-02-17 02:45:00,Night 20:00-05:59,FALLING,2894.635,2891.40951,2899.47323,322.55,1.5,50.0,50.0,75.0,0.0,10.0,0.0,0.186018,0.263526,0.263526,1.313982,1.236474,False,UP,WIN
1033669|XAUUSD|breakout_retest|SHORT|2025-02-17 04:45:00|2025-02-17 05:45:00|2025-02-17 05:50:00|2902.30,B0_RAW_ALL_SESSION,SHORT,2025-02-17 05:55:00,2025-02-17 06:05:00,Morning 06:00-11:59,RISING,2899.798,2902.64036,2895.53445,284.24,1.5,50.0,50.0,75.0,0.0,10.0,0.0,0.211092,0.299047,0.299047,1.288908,1.200953,False,UP,WIN
1033669|XAUUSD|breakout_retest|LONG|2025-02-17 05:55:00|2025-02-17 06:35:00|2025-02-17 06:40:00|2893.41,B0_RAW_ALL_SESSION,LONG,2025-02-17 06:45:00,2025-02-17 06:50:00,Morning 06:00-11:59,RISING,2894.045,2891.8589,2897.32415,218.61,1.5,50.0,50.0,75.0,0.0,10.0,0.0,0.274461,0.38882,0.38882,1.225539,1.11118,False,UP,WIN
1033669|XAUUSD|breakout_retest|SHORT|2025-02-17 12:25:00|2025-02-17 13:00:00|2025-02-17 13:05:00|2897.69,B0_RAW_ALL_SESSION,SHORT,2025-02-17 13:10:00,2025-02-17 13:20:00,Evening 16:00-19:59,RISING,2897.068,2898.50556,2894.91165,143.76,-1.0,50.0,50.0,75.0,0.0,10.0,50.0,0.765183,0.939088,0.939088,-1.765183,-1.939088,False,UP,BAD_SIGNAL
1033669|XAUUSD|breakout_retest|SHORT|2025-02-17 13:20:00|2025-02-17 13:30:00|2025-02-17 13:35:00|2897.69,B0_RAW_ALL_SESSION,SHORT,2025-02-17 13:40:00,2025-02-17 14:35:00,Evening 16:00-19:59,RISING,2897.368,2898.92959,2895.02562,156.16,-1.0,50.0,50.0,75.0,0.0,10.0,50.0,0.704412,0.864506,0.864506,-1.704412,-1.864506,False,UP,BAD_EXIT_GIVEBACK
1033669|XAUUSD|breakout_retest|LONG|2025-02-17 14:40:00|2025-02-17 14:45:00|2025-02-17 14:50:00|2898.95,B0_RAW_ALL_SESSION,LONG,2025-02-17 14:55:00,2025-02-17 15:05:00,Evening 16:00-19:59,RISING,2900.815,2898.74995,2903.91257,206.5,1.5,50.0,50.0,75.0,0.0,10.0,0.0,0.29055,0.411612,0.411612,1.20945,1.088388,False,UP,WIN
1033669|XAUUSD|breakout_retest|LONG|2025-02-17 15:00:00|2025-02-17 15:05:00|2025-02-17 15:10:00|2898.95,B0_RAW_ALL_SESSION,LONG,2025-02-17 15:15:00,2025-02-17 15:50:00,Evening 16:00-19:59,RISING,2900.648,2898.61371,2903.69943,203.43,-1.0,50.0,50.0,75.0,0.0,10.0,50.0,0.54073,0.663624,0.663624,-1.54073,-1.663624,False,UP,MIXED
1033669|XAUUSD|breakout_retest|LONG|2025-02-17 14:55:00|2025-02-17 15:55:00|2025-02-17 16:00:00|2898.95,B0_RAW_ALL_SESSION,LONG,2025-02-17 16:05:00,2025-02-17 16:25:00,Night 20:00-05:59,RISING,2899.395,2898.00457,2901.48064,139.04,-1.0,50.0,50.0,75.0,0.0,10.0,50.0,0.791123,0.970924,0.970924,-1.791123,-1.970924,False,UP,BAD_EXIT_GIVEBACK
1033669|XAUUSD|breakout_retest|LONG|2025-02-19 05:30:00|2025-02-19 05:35:00|2025-02-19 05:40:00|2930.16,B0_RAW_ALL_SESSION,LONG,2025-02-19 05:45:00,2025-02-19 08:15:00,Morning 06:00-11:59,RISING,2932.315,2929.85159,2936.01011,246.34,1.5,50.0,50.0,75.0,0.0,10.0,0.0,0.243565,0.345051,0.345051,1.256435,1.154949,False,UP,WIN
1033669|XAUUSD|breakout_retest|LONG|2025-02-19 10:05:00|2025-02-19 10:10:00|2025-02-19 10:15:00|2942.66,B0_RAW_ALL_SESSION,LONG,2025-02-19 10:20:00,2025-02-19 11:40:00,Afternoon 12:00-15:59,RISING,2945.465,2942.24724,2950.29165,321.78,-1.0,50.0,50.0,75.0,0.0,10.0,50.0,0.341852,0.419546,0.419546,-1.341852,-1.419546,False,UP,BAD_SIGNAL
1033669|XAUUSD|breakout_retest|SHORT|2025-02-19 18:10:00|2025-02-19 18:15:00|2025-02-19 18:20:00|2923.14,B0_RAW_ALL_SESSION,SHORT,2025-02-19 18:25:00,2025-02-19 18:45:00,Night 20:00-05:59,FALLING,2919.965,2923.33553,2914.90921,337.05,-1.0,50.0,50.0,75.0,0.0,10.0,50.0,0.326358,0.400531,0.400531,-1.326358,-1.400531,False,UP,BAD_SIGNAL
1033669|XAUUSD|breakout_retest|LONG|2025-02-19 23:45:00|2025-02-20 00:00:00|2025-02-20 00:05:00|2935.61,B0_RAW_ALL_SESSION,LONG,2025-02-20 00:10:00,2025-02-20 01:00:00,Night 20:00-05:59,RISING,2937.465,2935.00591,2941.15364,245.91,1.5,50.0,50.0,75.0,0.0,10.0,0.0,0.243992,0.345656,0.345656,1.256008,1.154344,False,UP,WIN
1033669|XAUUSD|breakout_retest|LONG|2025-02-20 01:00:00|2025-02-20 01:05:00|2025-02-20 01:10:00|2939.99,B0_RAW_ALL_SESSION,LONG,2025-02-20 01:15:00,2025-02-20 01:30:00,Night 20:00-05:59,RISING,2940.855,2939.54066,2942.8265,131.43,-1.0,50.0,50.0,75.0,0.0,10.0,50.0,0.836925,1.027135,1.027135,-1.836925,-2.027135,False,UP,BAD_EXIT_GIVEBACK
1033669|XAUUSD|breakout_retest|LONG|2025-02-20 00:00:00|2025-02-20 01:35:00|2025-02-20 01:40:00|2935.61,B0_RAW_ALL_SESSION,LONG,2025-02-20 01:45:00,2025-02-20 02:10:00,Night 20:00-05:59,RISING,2936.435,2934.11374,2939.9169,232.13,-1.0,50.0,50.0,75.0,0.0,10.0,50.0,0.47388,0.58158,0.58158,-1.47388,-1.58158,False,UP,MIXED
1033669|XAUUSD|breakout_retest|LONG|2025-02-20 03:10:00|2025-02-20 03:20:00|2025-02-20 03:25:00|2942.66,B0_RAW_ALL_SESSION,LONG,2025-02-20 03:30:00,2025-02-20 03:35:00,Morning 06:00-11:59,RISING,2943.585,2942.41147,2945.34529,117.35,-1.0,50.0,50.0,75.0,0.0,10.0,50.0,0.937344,1.150377,1.150377,-1.937344,-2.150377,False,UP,BAD_SIGNAL
1033669|XAUUSD|breakout_retest|LONG|2025-02-20 05:30:00|2025-02-20 05:45:00|2025-02-20 05:50:00|2943.82,B0_RAW_ALL_SESSION,LONG,2025-02-20 05:55:00,2025-02-20 06:55:00,Morning 06:00-11:59,RISING,2945.115,2943.49536,2947.54446,161.96,1.5,50.0,50.0,75.0,0.0,10.0,0.0,0.370452,0.524807,0.524807,1.129548,0.975193,False,UP,WIN
1033669|XAUUSD|breakout_retest|LONG|2025-02-20 06:55:00|2025-02-20 07:00:00|2025-02-20 07:05:00|2946.86,B0_RAW_ALL_SESSION,LONG,2025-02-20 07:10:00,2025-02-20 07:35:00,Morning 06:00-11:59,RISING,2948.015,2946.06512,2950.93982,194.99,1.5,50.0,50.0,75.0,0.0,10.0,0.0,0.307711,0.435925,0.435925,1.192289,1.064075,False,UP,WIN
1033669|XAUUSD|breakout_retest|SHORT|2025-02-20 09:35:00|2025-02-20 10:45:00|2025-02-20 10:50:00|2951.97,B0_RAW_ALL_SESSION,SHORT,2025-02-20 10:55:00,2025-02-20 11:50:00,Afternoon 12:00-15:59,RISING,2951.218,2953.42048,2947.91428,220.25,1.5,50.0,50.0,75.0,0.0,10.0,0.0,0.27242,0.385929,0.385929,1.22758,1.114071,False,UP,WIN
1033669|XAUUSD|breakout_retest|SHORT|2025-02-20 11:55:00|2025-02-20 12:10:00|2025-02-20 12:15:00|2949.20,B0_RAW_ALL_SESSION,SHORT,2025-02-20 12:20:00,2025-02-20 12:25:00,Evening 16:00-19:59,RISING,2946.475,2950.80957,2939.97314,433.46,1.5,50.0,50.0,75.0,0.0,10.0,0.0,0.138422,0.196098,0.196098,1.361578,1.303902,False,UP,WIN
1033669|XAUUSD|breakout_retest|LONG|2025-02-20 12:15:00|2025-02-20 12:30:00|2025-02-20 12:35:00|2942.66,B0_RAW_ALL_SESSION,LONG,2025-02-20 12:40:00,2025-02-20 13:15:00,Evening 16:00-19:59,RISING,2943.855,2940.55381,2948.80679,330.12,-1.0,50.0,50.0,75.0,0.0,10.0,50.0,0.333213,0.408943,0.408943,-1.333213,-1.408943,False,UP,BAD_EXIT_GIVEBACK
1033669|XAUUSD|breakout_retest|LONG|2025-02-20 12:55:00|2025-02-20 13:10:00|2025-02-20 13:15:00|2942.66,B0_RAW_ALL_SESSION,LONG,2025-02-20 13:20:00,2025-02-20 13:45:00,Evening 16:00-19:59,RISING,2944.615,2940.11319,2951.36772,450.18,-1.0,50.0,50.0,75.0,0.0,10.0,50.0,0.244346,0.299879,0.299879,-1.244346,-1.299879,False,UP,MIXED
1033669|XAUUSD|breakout_retest|LONG|2025-02-20 16:40:00|2025-02-20 16:45:00|2025-02-20 16:50:00|2942.66,B0_RAW_ALL_SESSION,LONG,2025-02-20 16:55:00,2025-02-20 17:05:00,Night 20:00-05:59,FALLING,2944.465,2941.74221,2948.54918,272.28,-1.0,50.0,50.0,75.0,0.0,10.0,50.0,0.403998,0.495816,0.495816,-1.403998,-1.495816,False,UP,BAD_SIGNAL
1033669|XAUUSD|breakout_retest|LONG|2025-02-20 16:40:00|2025-02-20 17:30:00|2025-02-20 17:35:00|2942.66,B0_RAW_ALL_SESSION,LONG,2025-02-20 17:40:00,2025-02-20 18:00:00,Night 20:00-05:59,FALLING,2943.295,2940.8285,2946.99475,246.65,-1.0,50.0,50.0,75.0,0.0,10.0,50.0,0.445976,0.547334,0.547334,-1.445976,-1.547334,False,UP,NEAR_TP_GIVEBACK
1033669|XAUUSD|breakout_retest|LONG|2025-02-20 16:20:00|2025-02-20 18:00:00|2025-02-20 18:05:00|2939.47,B0_RAW_ALL_SESSION,LONG,2025-02-20 18:10:00,2025-02-20 18:20:00,Night 20:00-05:59,FALLING,2940.265,2938.21574,2943.3389,204.93,-1.0,50.0,50.0,75.0,0.0,10.0,50.0,0.536778,0.658773,0.658773,-1.536778,-1.658773,False,UP,MIXED
1033669|XAUUSD|breakout_retest|SHORT|2025-02-20 18:10:00|2025-02-20 19:05:00|2025-02-20 19:10:00|2940.26,B0_RAW_ALL_SESSION,SHORT,2025-02-20 19:15:00,2025-02-20 19:40:00,Night 20:00-05:59,RISING,2939.025,2940.56221,2936.71918,153.72,1.5,50.0,50.0,75.0,0.0,10.0,0.0,0.390316,0.552948,0.552948,1.109684,0.947052,False,UP,WIN
1033669|XAUUSD|breakout_retest|LONG|2025-02-20 21:40:00|2025-02-20 21:45:00|2025-02-20 21:50:00|2938.76,B0_RAW_ALL_SESSION,LONG,2025-02-20 21:55:00,2025-02-20 22:00:00,Night 20:00-05:59,FALLING,2940.008,2938.64253,2942.05621,136.55,-1.0,50.0,50.0,50.0,0.0,10.0,50.0,0.805583,0.805583,0.805583,-1.805583,-1.805583,False,UP,BAD_SIGNAL
1033669|XAUUSD|breakout_retest|LONG|2025-02-20 23:40:00|2025-02-21 01:00:00|2025-02-21 01:05:00|2940.09,B0_RAW_ALL_SESSION,LONG,2025-02-21 01:10:00,2025-02-21 01:45:00,Night 20:00-05:59,FALLING,2944.355,2939.36598,2951.83853,498.9,-1.0,50.0,50.0,75.0,0.0,10.0,50.0,0.220484,0.270594,0.270594,-1.220484,-1.270594,False,DOWN,BAD_EXIT_GIVEBACK
1033669|XAUUSD|breakout_retest|SHORT|2025-02-21 01:55:00|2025-02-21 03:05:00|2025-02-21 03:10:00|2936.90,B0_RAW_ALL_SESSION,SHORT,2025-02-21 03:15:00,2025-02-21 05:15:00,Morning 06:00-11:59,FALLING,2932.555,2937.45069,2925.21146,489.57,1.5,50.0,50.0,75.0,0.0,10.0,0.0,0.122557,0.173622,0.173622,1.377443,1.326378,False,DOWN,WIN
1033669|XAUUSD|breakout_retest|LONG|2025-02-21 11:20:00|2025-02-21 12:10:00|2025-02-21 12:15:00|2930.80,B0_RAW_ALL_SESSION,LONG,2025-02-21 12:20:00,2025-02-21 12:35:00,Evening 16:00-19:59,FALLING,2931.275,2929.30095,2934.23607,197.4,1.5,50.0,50.0,75.0,0.0,10.0,0.0,0.303944,0.430587,0.430587,1.196056,1.069413,False,DOWN,WIN
1033669|XAUUSD|breakout_retest|LONG|2025-02-21 11:20:00|2025-02-21 13:00:00|2025-02-21 13:05:00|2930.80,B0_RAW_ALL_SESSION,LONG,2025-02-21 13:10:00,2025-02-21 13:35:00,Evening 16:00-19:59,FALLING,2932.355,2929.31149,2936.92026,304.35,-1.0,50.0,50.0,75.0,0.0,10.0,50.0,0.361425,0.443567,0.443567,-1.361425,-1.443567,False,DOWN,MIXED
1033669|XAUUSD|breakout_retest|SHORT|2025-02-21 11:55:00|2025-02-21 13:30:00|2025-02-21 13:35:00|2929.51,B0_RAW_ALL_SESSION,SHORT,2025-02-21 13:40:00,2025-02-21 14:10:00,Evening 16:00-19:59,FALLING,2926.665,2932.9156,2917.2891,625.06,-1.0,50.0,50.0,75.0,0.0,10.0,50.0,0.175983,0.215979,0.215979,-1.175983,-1.215979,False,DOWN,BAD_SIGNAL
1033669|XAUUSD|breakout_retest|LONG|2025-02-21 17:30:00|2025-02-21 17:35:00|2025-02-21 17:40:00|2938.30,B0_RAW_ALL_SESSION,LONG,2025-02-21 17:45:00,2025-02-21 18:25:00,Night 20:00-05:59,RISING,2939.915,2937.67326,2943.2776,224.17,-1.0,50.0,50.0,75.0,0.0,10.0,50.0,0.490691,0.602212,0.602212,-1.490691,-1.602212,False,DOWN,MIXED
1033669|XAUUSD|breakout_retest|LONG|2025-02-21 17:40:00|2025-02-21 18:25:00|2025-02-21 18:30:00|2938.30,B0_RAW_ALL_SESSION,LONG,2025-02-21 18:35:00,2025-02-21 19:45:00,Night 20:00-05:59,RISING,2939.908,2937.48291,2943.54564,242.51,-1.0,50.0,50.0,75.0,0.0,10.0,50.0,0.453591,0.55668,0.55668,-1.453591,-1.55668,False,DOWN,BAD_EXIT_GIVEBACK
1033669|XAUUSD|breakout_retest|SHORT|2025-02-24 00:15:00|2025-02-24 00:30:00|2025-02-24 00:35:00|2934.95,B0_RAW_ALL_SESSION,SHORT,2025-02-24 00:40:00,2025-02-24 01:00:00,Night 20:00-05:59,RISING,2933.535,2935.70202,2930.28447,216.7,1.5,50.0,50.0,75.0,0.0,10.0,0.0,0.276878,0.392243,0.392243,1.223122,1.107757,False,UP,WIN
1033669|XAUUSD|breakout_retest|LONG|2025-02-24 07:45:00|2025-02-24 08:45:00|2025-02-24 08:50:00|2941.18,B0_RAW_ALL_SESSION,LONG,2025-02-24 08:55:00,2025-02-24 09:00:00,Afternoon 12:00-15:59,RISING,2943.125,2940.02979,2947.76782,309.52,1.5,50.0,50.0,75.0,0.0,10.0,0.0,0.193848,0.274617,0.274617,1.306152,1.225383,False,UP,WIN
1033669|XAUUSD|breakout_retest|LONG|2025-02-24 08:55:00|2025-02-24 09:00:00|2025-02-24 09:05:00|2944.80,B0_RAW_ALL_SESSION,LONG,2025-02-24 09:10:00,2025-02-24 09:20:00,Afternoon 12:00-15:59,RISING,2947.688,2944.32526,2952.7321,336.27,-1.0,50.0,50.0,75.0,0.0,10.0,50.0,0.327115,0.401459,0.401459,-1.327115,-1.401459,False,UP,BAD_SIGNAL
1033669|XAUUSD|breakout_retest|LONG|2025-02-24 08:50:00|2025-02-24 09:15:00|2025-02-24 09:20:00|2944.80,B0_RAW_ALL_SESSION,LONG,2025-02-24 09:25:00,2025-02-24 09:55:00,Afternoon 12:00-15:59,RISING,2945.695,2942.84679,2949.96732,284.82,-1.0,50.0,50.0,75.0,0.0,10.0,50.0,0.386207,0.473981,0.473981,-1.386207,-1.473981,False,UP,BAD_SIGNAL
1033669|XAUUSD|breakout_retest|LONG|2025-02-24 10:45:00|2025-02-24 10:50:00|2025-02-24 10:55:00|2934.95,B0_RAW_ALL_SESSION,LONG,2025-02-24 11:00:00,2025-02-24 11:10:00,Afternoon 12:00-15:59,RISING,2936.655,2934.58107,2939.76589,207.39,1.5,50.0,50.0,75.0,0.0,10.0,0.0,0.289306,0.40985,0.40985,1.210694,1.09015,False,UP,WIN
1033669|XAUUSD|breakout_retest|LONG|2025-02-24 11:55:00|2025-02-24 12:25:00|2025-02-24 12:30:00|2946.64,B0_RAW_ALL_SESSION,LONG,2025-02-24 12:35:00,2025-02-24 12:40:00,Evening 16:00-19:59,RISING,2947.479,2946.45966,2949.008,101.93,-1.0,50.0,50.0,75.0,0.0,10.0,50.0,1.079134,1.324392,1.324392,-2.079134,-2.324392,False,UP,BAD_SIGNAL
1033669|XAUUSD|breakout_retest|LONG|2025-02-24 11:55:00|2025-02-24 13:00:00|2025-02-24 13:05:00|2946.64,B0_RAW_ALL_SESSION,LONG,2025-02-24 13:10:00,2025-02-24 14:05:00,Evening 16:00-19:59,RISING,2949.585,2945.926,2955.0735,365.9,1.5,50.0,50.0,75.0,0.0,10.0,0.0,0.163979,0.232304,0.232304,1.336021,1.267696,False,UP,WIN
1033669|XAUUSD|breakout_retest|LONG|2025-02-24 14:55:00|2025-02-24 15:10:00|2025-02-24 15:15:00|2934.95,B0_RAW_ALL_SESSION,LONG,2025-02-24 15:20:00,2025-02-24 18:30:00,Evening 16:00-19:59,RISING,2936.785,2930.10645,2946.80283,667.86,1.5,50.0,50.0,75.0,0.0,10.0,0.0,0.08984,0.127273,0.127273,1.41016,1.372727,True,UP,WIN
1033669|XAUUSD|breakout_retest|LONG|2025-02-24 19:10:00|2025-02-24 19:15:00|2025-02-24 19:20:00|2947.86,B0_RAW_ALL_SESSION,LONG,2025-02-24 19:25:00,2025-02-24 19:30:00,Night 20:00-05:59,RISING,2949.585,2947.70395,2952.40658,188.11,-1.0,50.0,50.0,75.0,0.0,10.0,50.0,0.58478,0.717684,0.717684,-1.58478,-1.717684,False,UP,BAD_SIGNAL
1033669|XAUUSD|breakout_retest|LONG|2025-02-24 19:05:00|2025-02-24 19:35:00|2025-02-24 19:40:00|2947.86,B0_RAW_ALL_SESSION,LONG,2025-02-24 19:45:00,2025-02-24 20:30:00,Night 20:00-05:59,RISING,2949.058,2947.26409,2951.74886,179.39,-1.0,50.0,50.0,75.0,0.0,10.0,50.0,0.613187,0.752547,0.752547,-1.613187,-1.752547,False,UP,BAD_SIGNAL
1033669|XAUUSD|breakout_retest|LONG|2025-02-24 19:05:00|2025-02-24 20:30:00|2025-02-24 20:35:00|2947.86,B0_RAW_ALL_SESSION,LONG,2025-02-24 20:40:00,2025-02-24 20:55:00,Night 20:00-05:59,RISING,2948.668,2947.01691,2951.14463,165.11,1.5,50.0,50.0,75.0,0.0,10.0,0.0,0.363397,0.514813,0.514813,1.136603,0.985187,False,UP,WIN
1033669|XAUUSD|breakout_retest|SHORT|2025-02-26 02:45:00|2025-02-26 02:50:00|2025-02-26 02:55:00|2921.05,B0_RAW_ALL_SESSION,SHORT,2025-02-26 03:00:00,2025-02-26 06:15:00,Morning 06:00-11:59,FALLING,2917.565,2921.65086,2911.4362,408.59,1.5,50.0,50.0,75.0,0.0,10.0,0.0,0.146848,0.208034,0.208034,1.353152,1.291966,False,UP,WIN
1033669|XAUUSD|breakout_retest|SHORT|2025-02-26 06:20:00|2025-02-26 06:25:00|2025-02-26 06:30:00|2912.49,B0_RAW_ALL_SESSION,SHORT,2025-02-26 06:35:00,2025-02-26 06:55:00,Morning 06:00-11:59,FALLING,2910.705,2913.17121,2907.00568,246.62,1.5,50.0,50.0,75.0,0.0,10.0,0.0,0.243288,0.344658,0.344658,1.256712,1.155342,False,UP,WIN
1033669|XAUUSD|breakout_retest|LONG|2025-02-26 07:55:00|2025-02-26 08:00:00|2025-02-26 08:05:00|2912.91,B0_RAW_ALL_SESSION,LONG,2025-02-26 08:10:00,2025-02-26 08:20:00,Afternoon 12:00-15:59,FALLING,2915.845,2912.65226,2920.63411,319.27,-1.0,50.0,50.0,75.0,0.0,10.0,50.0,0.344531,0.422834,0.422834,-1.344531,-1.422834,False,UP,BAD_SIGNAL
1033669|XAUUSD|breakout_retest|LONG|2025-02-26 07:45:00|2025-02-26 08:45:00|2025-02-26 08:50:00|2912.91,B0_RAW_ALL_SESSION,LONG,2025-02-26 08:55:00,2025-02-26 10:50:00,Afternoon 12:00-15:59,FALLING,2915.205,2911.89364,2920.17204,331.14,-1.0,50.0,50.0,75.0,0.0,10.0,50.0,0.33219,0.407688,0.407688,-1.33219,-1.407688,False,UP,BAD_EXIT_GIVEBACK
1033669|XAUUSD|breakout_retest|LONG|2025-02-26 11:45:00|2025-02-26 12:00:00|2025-02-26 12:05:00|2913.97,B0_RAW_ALL_SESSION,LONG,2025-02-26 12:10:00,2025-02-26 12:25:00,Evening 16:00-19:59,FALLING,2914.205,2913.20847,2915.69979,99.65,-1.0,50.0,50.0,75.0,0.0,10.0,50.0,1.103832,1.354703,1.354703,-2.103832,-2.354703,False,UP,MIXED
1033669|XAUUSD|breakout_retest|LONG|2025-02-26 16:00:00|2025-02-26 17:20:00|2025-02-26 17:25:00|2913.36,B0_RAW_ALL_SESSION,LONG,2025-02-26 17:30:00,2025-02-26 17:35:00,Night 20:00-05:59,FALLING,2913.785,2912.38757,2915.88114,139.74,-1.0,50.0,50.0,75.0,0.0,10.0,50.0,0.78716,0.96606,0.96606,-1.78716,-1.96606,False,UP,NEAR_TP_GIVEBACK
1033669|XAUUSD|breakout_retest|LONG|2025-02-26 21:00:00|2025-02-26 21:05:00|2025-02-26 21:10:00|2915.95,B0_RAW_ALL_SESSION,LONG,2025-02-26 21:15:00,2025-02-26 21:55:00,Night 20:00-05:59,FALLING,2917.235,2915.82657,2919.34764,140.84,-1.0,50.0,50.0,50.0,0.0,10.0,50.0,0.781012,0.781012,0.781012,-1.781012,-1.781012,False,UP,BAD_EXIT_GIVEBACK
1033669|XAUUSD|breakout_retest|SHORT|2025-02-27 00:45:00|2025-02-27 00:50:00|2025-02-27 00:55:00|2917.09,B0_RAW_ALL_SESSION,SHORT,2025-02-27 01:00:00,2025-02-27 01:05:00,Night 20:00-05:59,RISING,2916.245,2917.53974,2914.30289,129.47,-1.0,50.0,50.0,75.0,0.0,10.0,50.0,0.84959,1.042678,1.042678,-1.84959,-2.042678,False,DOWN,BAD_SIGNAL
1033669|XAUUSD|breakout_retest|SHORT|2025-02-27 00:35:00|2025-02-27 01:00:00|2025-02-27 01:05:00|2917.09,B0_RAW_ALL_SESSION,SHORT,2025-02-27 01:10:00,2025-02-27 01:40:00,Night 20:00-05:59,RISING,2915.685,2917.85914,2912.42379,217.41,-1.0,50.0,50.0,75.0,0.0,10.0,50.0,0.505947,0.620934,0.620934,-1.505947,-1.620934,False,DOWN,NEAR_TP_GIVEBACK
1033669|XAUUSD|breakout_retest|SHORT|2025-02-27 00:35:00|2025-02-27 01:35:00|2025-02-27 01:40:00|2917.09,B0_RAW_ALL_SESSION,SHORT,2025-02-27 01:45:00,2025-02-27 02:00:00,Night 20:00-05:59,RISING,2915.535,2918.38893,2911.25411,285.39,1.5,50.0,50.0,75.0,0.0,10.0,0.0,0.210237,0.297835,0.297835,1.289763,1.202165,False,DOWN,WIN
1033669|XAUUSD|breakout_retest|SHORT|2025-02-27 02:00:00|2025-02-27 02:45:00|2025-02-27 02:50:00|2912.70,B0_RAW_ALL_SESSION,SHORT,2025-02-27 02:55:00,2025-02-27 04:35:00,Morning 06:00-11:59,FALLING,2908.375,2912.95821,2901.50018,458.32,1.5,50.0,50.0,75.0,0.0,10.0,0.0,0.130912,0.185459,0.185459,1.369088,1.314541,False,DOWN,WIN
1033669|XAUUSD|breakout_retest|SHORT|2025-02-27 08:00:00|2025-02-27 08:05:00|2025-02-27 08:10:00|2890.59,B0_RAW_ALL_SESSION,SHORT,2025-02-27 08:15:00,2025-02-27 09:10:00,Afternoon 12:00-15:59,FALLING,2886.145,2891.70757,2877.80114,556.26,1.5,50.0,50.0,75.0,0.0,10.0,0.0,0.107864,0.152807,0.152807,1.392136,1.347193,True,DOWN,WIN
1033669|XAUUSD|breakout_retest|SHORT|2025-02-27 08:20:00|2025-02-27 09:15:00|2025-02-27 09:20:00|2887.86,B0_RAW_ALL_SESSION,SHORT,2025-02-27 09:25:00,2025-02-27 09:30:00,Afternoon 12:00-15:59,FALLING,2885.865,2888.653,2881.683,278.8,-1.0,50.0,50.0,75.0,0.0,10.0,50.0,0.394548,0.484218,0.484218,-1.394548,-1.484218,False,DOWN,BAD_SIGNAL
1033669|XAUUSD|breakout_retest|SHORT|2025-02-27 09:20:00|2025-02-27 09:30:00|2025-02-27 09:35:00|2890.59,B0_RAW_ALL_SESSION,SHORT,2025-02-27 09:40:00,2025-02-27 10:35:00,Afternoon 12:00-15:59,FALLING,2888.515,2892.19779,2882.99082,368.28,-1.0,50.0,50.0,75.0,0.0,10.0,50.0,0.298687,0.36657,0.36657,-1.298687,-1.36657,False,DOWN,BAD_EXIT_GIVEBACK
1033669|XAUUSD|breakout_retest|SHORT|2025-02-27 10:20:00|2025-02-27 11:20:00|2025-02-27 11:25:00|2890.59,B0_RAW_ALL_SESSION,SHORT,2025-02-27 11:30:00,2025-02-27 11:55:00,Afternoon 12:00-15:59,FALLING,2889.395,2892.94203,2884.07446,354.7,1.5,50.0,50.0,75.0,0.0,10.0,0.0,0.169156,0.239637,0.239637,1.330844,1.260363,False,DOWN,WIN
1033669|XAUUSD|breakout_retest|SHORT|2025-02-27 12:10:00|2025-02-27 12:20:00|2025-02-27 12:25:00|2886.38,B0_RAW_ALL_SESSION,SHORT,2025-02-27 12:30:00,2025-02-27 12:45:00,Evening 16:00-19:59,FALLING,2883.818,2887.95162,2877.61757,413.36,-1.0,50.0,50.0,75.0,0.0,10.0,50.0,0.26611,0.32659,0.32659,-1.26611,-1.32659,False,DOWN,BAD_SIGNAL
1033669|XAUUSD|breakout_retest|SHORT|2025-02-27 13:15:00|2025-02-27 13:20:00|2025-02-27 13:25:00|2890.59,B0_RAW_ALL_SESSION,SHORT,2025-02-27 13:30:00,2025-02-27 13:35:00,Evening 16:00-19:59,FALLING,2888.415,2892.24181,2882.67478,382.68,1.5,50.0,50.0,75.0,0.0,10.0,0.0,0.156788,0.222117,0.222117,1.343212,1.277883,False,DOWN,WIN
1033669|XAUUSD|breakout_retest|SHORT|2025-02-27 12:00:00|2025-02-27 13:35:00|2025-02-27 13:40:00|2886.38,B0_RAW_ALL_SESSION,SHORT,2025-02-27 13:45:00,2025-02-27 13:50:00,Evening 16:00-19:59,FALLING,2883.538,2887.2756,2877.9316,373.76,-1.0,50.0,50.0,75.0,0.0,10.0,50.0,0.294307,0.361194,0.361194,-1.294307,-1.361194,False,DOWN,MIXED
1033669|XAUUSD|breakout_retest|SHORT|2025-02-27 13:45:00|2025-02-27 13:50:00|2025-02-27 13:55:00|2890.59,B0_RAW_ALL_SESSION,SHORT,2025-02-27 14:00:00,2025-02-27 14:05:00,Evening 16:00-19:59,FALLING,2885.425,2891.1275,2876.87125,570.25,-1.0,50.0,50.0,75.0,0.0,10.0,50.0,0.192898,0.236738,0.236738,-1.192898,-1.236738,False,DOWN,BAD_SIGNAL
1033669|XAUUSD|breakout_retest|SHORT|2025-02-27 13:55:00|2025-02-27 14:00:00|2025-02-27 14:05:00|2890.59,B0_RAW_ALL_SESSION,SHORT,2025-02-27 14:10:00,2025-02-27 14:25:00,Evening 16:00-19:59,FALLING,2886.865,2891.87102,2879.35597,500.6,-1.0,50.0,50.0,75.0,0.0,10.0,50.0,0.219735,0.269675,0.269675,-1.219735,-1.269675,False,DOWN,BAD_SIGNAL
1033669|XAUUSD|breakout_retest|SHORT|2025-02-27 14:05:00|2025-02-27 14:20:00|2025-02-27 14:25:00|2890.59,B0_RAW_ALL_SESSION,SHORT,2025-02-27 14:30:00,2025-02-27 14:40:00,Evening 16:00-19:59,FALLING,2889.735,2892.59992,2885.43762,286.49,1.5,50.0,50.0,75.0,0.0,10.0,0.0,0.20943,0.296692,0.296692,1.29057,1.203308,False,DOWN,WIN
1033669|XAUUSD|breakout_retest|SHORT|2025-02-27 14:55:00|2025-02-27 15:00:00|2025-02-27 15:05:00|2880.88,B0_RAW_ALL_SESSION,SHORT,2025-02-27 15:10:00,2025-02-27 17:55:00,Evening 16:00-19:59,FALLING,2870.068,2882.29681,2851.72479,1222.88,-1.0,50.0,50.0,75.0,0.0,10.0,50.0,0.089952,0.110395,0.110395,-1.089952,-1.110395,True,DOWN,BAD_SIGNAL
1033669|XAUUSD|breakout_retest|SHORT|2025-02-27 19:30:00|2025-02-27 19:50:00|2025-02-27 19:55:00|2879.09,B0_RAW_ALL_SESSION,SHORT,2025-02-27 20:00:00,2025-02-27 20:15:00,Night 20:00-05:59,FALLING,2878.385,2880.20168,2875.65998,181.67,1.5,50.0,50.0,75.0,0.0,10.0,0.0,0.330273,0.467887,0.467887,1.169727,1.032113,False,DOWN,WIN
1033669|XAUUSD|breakout_retest|SHORT|2025-02-28 00:20:00|2025-02-28 00:25:00|2025-02-28 00:30:00|2879.09,B0_RAW_ALL_SESSION,SHORT,2025-02-28 00:35:00,2025-02-28 00:45:00,Night 20:00-05:59,FALLING,2877.485,2879.75953,2874.07321,227.45,-1.0,50.0,50.0,75.0,0.0,10.0,50.0,0.483617,0.59353,0.59353,-1.483617,-1.59353,False,DOWN,BAD_SIGNAL
1033669|XAUUSD|breakout_retest|SHORT|2025-02-28 00:30:00|2025-02-28 00:40:00|2025-02-28 00:45:00|2879.09,B0_RAW_ALL_SESSION,SHORT,2025-02-28 00:50:00,2025-02-28 01:10:00,Night 20:00-05:59,FALLING,2878.235,2880.25067,2875.21149,201.57,-1.0,50.0,50.0,75.0,0.0,10.0,50.0,0.545724,0.669752,0.669752,-1.545724,-1.669752,False,DOWN,MIXED
1033669|XAUUSD|breakout_retest|SHORT|2025-02-28 01:10:00|2025-02-28 01:50:00|2025-02-28 01:55:00|2879.09,B0_RAW_ALL_SESSION,SHORT,2025-02-28 02:00:00,2025-02-28 03:45:00,Morning 06:00-11:59,FALLING,2874.395,2880.6601,2864.99735,626.51,1.5,50.0,50.0,75.0,0.0,10.0,0.0,0.095769,0.135672,0.135672,1.404231,1.364328,True,DOWN,WIN
1033669|XAUUSD|breakout_retest|SHORT|2025-02-28 11:15:00|2025-02-28 12:35:00|2025-02-28 12:40:00|2860.49,B0_RAW_ALL_SESSION,SHORT,2025-02-28 12:45:00,2025-02-28 13:15:00,Evening 16:00-19:59,FALLING,2857.855,2860.83186,2853.38971,297.69,-1.0,50.0,50.0,75.0,0.0,10.0,50.0,0.369517,0.453498,0.453498,-1.369517,-1.453498,False,DOWN,BAD_EXIT_GIVEBACK
1033669|XAUUSD|breakout_retest|SHORT|2025-02-28 17:40:00|2025-02-28 17:45:00|2025-02-28 17:50:00|2846.07,B0_RAW_ALL_SESSION,SHORT,2025-02-28 17:55:00,2025-02-28 18:30:00,Night 20:00-05:59,FALLING,2844.405,2846.76834,2840.86,236.33,1.5,50.0,50.0,75.0,0.0,10.0,0.0,0.253878,0.359661,0.359661,1.246122,1.140339,False,DOWN,WIN
1033669|XAUUSD|breakout_retest|SHORT|2025-02-28 18:20:00|2025-02-28 18:55:00|2025-02-28 19:00:00|2846.07,B0_RAW_ALL_SESSION,SHORT,2025-02-28 19:05:00,2025-02-28 19:15:00,Night 20:00-05:59,FALLING,2844.788,2846.83571,2841.71643,204.77,-1.0,50.0,50.0,75.0,0.0,10.0,50.0,0.537184,0.659272,0.659272,-1.537184,-1.659272,False,DOWN,BAD_SIGNAL
1033669|XAUUSD|breakout_retest|SHORT|2025-02-28 18:20:00|2025-02-28 19:15:00|2025-02-28 19:20:00|2846.07,B0_RAW_ALL_SESSION,SHORT,2025-02-28 19:25:00,2025-02-28 19:40:00,Night 20:00-05:59,FALLING,2844.638,2848.34224,2839.08165,370.42,-1.0,50.0,50.0,75.0,0.0,10.0,50.0,0.296957,0.364448,0.364448,-1.296957,-1.364448,False,DOWN,BAD_SIGNAL
1033669|XAUUSD|breakout_retest|LONG|2025-02-28 19:35:00|2025-02-28 19:40:00|2025-02-28 19:45:00|2847.46,B0_RAW_ALL_SESSION,LONG,2025-02-28 19:50:00,2025-02-28 20:10:00,Night 20:00-05:59,FALLING,2848.735,2847.18346,2851.06231,155.15,1.5,50.0,50.0,75.0,0.0,10.0,0.0,0.386712,0.547842,0.547842,1.113288,0.952158,False,DOWN,WIN
1033669|XAUUSD|breakout_retest|LONG|2025-02-28 20:05:00|2025-02-28 20:35:00|2025-02-28 20:40:00|2847.46,B0_RAW_ALL_SESSION,LONG,2025-02-28 20:45:00,2025-02-28 20:55:00,Night 20:00-05:59,FALLING,2849.258,2847.30305,2852.19043,195.5,1.5,50.0,50.0,75.0,0.0,10.0,0.0,0.306913,0.434794,0.434794,1.193087,1.065206,False,DOWN,WIN
1033669|XAUUSD|breakout_retest|LONG|2025-03-03 04:40:00|2025-03-03 05:10:00|2025-03-03 05:15:00|2866.18,B0_RAW_ALL_SESSION,LONG,2025-03-03 05:20:00,2025-03-03 05:30:00,Morning 06:00-11:59,RISING,2866.935,2865.60451,2868.93073,133.05,-1.0,50.0,50.0,75.0,0.0,10.0,50.0,0.826766,1.014667,1.014667,-1.826766,-2.014667,False,UP,BAD_SIGNAL
1033669|XAUUSD|breakout_retest|SHORT|2025-03-03 05:40:00|2025-03-03 07:15:00|2025-03-03 07:20:00|2862.88,B0_RAW_ALL_SESSION,SHORT,2025-03-03 07:25:00,2025-03-03 08:05:00,Morning 06:00-11:59,RISING,2861.175,2863.70464,2857.38054,252.96,-1.0,50.0,50.0,75.0,0.0,10.0,50.0,0.434844,0.533672,0.533672,-1.434844,-1.533672,False,UP,BAD_SIGNAL
1033669|XAUUSD|breakout_retest|LONG|2025-03-03 09:15:00|2025-03-03 09:45:00|2025-03-03 09:50:00|2864.93,B0_RAW_ALL_SESSION,LONG,2025-03-03 09:55:00,2025-03-03 11:00:00,Afternoon 12:00-15:59,RISING,2867.775,2863.99834,2873.44,377.67,1.5,50.0,50.0,75.0,0.0,10.0,0.0,0.15887,0.225066,0.225066,1.34113,1.274934,False,UP,WIN
1033669|XAUUSD|breakout_retest|LONG|2025-03-03 12:00:00|2025-03-03 12:25:00|2025-03-03 12:30:00|2875.28,B0_RAW_ALL_SESSION,LONG,2025-03-03 12:35:00,2025-03-03 12:45:00,Evening 16:00-19:59,RISING,2875.965,2874.33831,2878.40504,162.67,-1.0,50.0,50.0,75.0,0.0,10.0,50.0,0.676219,0.829905,0.829905,-1.676219,-1.829905,False,UP,BAD_EXIT_GIVEBACK
1033669|XAUUSD|breakout_retest|LONG|2025-03-03 14:45:00|2025-03-03 14:55:00|2025-03-03 15:00:00|2876.91,B0_RAW_ALL_SESSION,LONG,2025-03-03 15:05:00,2025-03-03 15:20:00,Evening 16:00-19:59,RISING,2878.565,2875.79657,2882.71764,276.84,1.5,50.0,50.0,75.0,0.0,10.0,0.0,0.216729,0.307033,0.307033,1.283271,1.192967,False,UP,WIN
1033669|XAUUSD|breakout_retest|LONG|2025-03-03 16:40:00|2025-03-03 17:30:00|2025-03-03 17:35:00|2890.22,B0_RAW_ALL_SESSION,LONG,2025-03-03 17:40:00,2025-03-03 18:40:00,Night 20:00-05:59,RISING,2891.415,2887.69604,2896.99344,371.9,-1.0,50.0,50.0,75.0,0.0,10.0,50.0,0.295782,0.363005,0.363005,-1.295782,-1.363005,False,UP,BAD_SIGNAL
1033669|XAUUSD|breakout_retest|SHORT|2025-03-03 18:35:00|2025-03-03 19:10:00|2025-03-03 19:15:00|2888.89,B0_RAW_ALL_SESSION,SHORT,2025-03-03 19:20:00,2025-03-03 19:35:00,Night 20:00-05:59,RISING,2888.175,2889.77345,2885.77733,159.84,-1.0,50.0,50.0,75.0,0.0,10.0,50.0,0.688167,0.844568,0.844568,-1.688167,-1.844568,False,UP,BAD_SIGNAL
1033669|XAUUSD|breakout_retest|SHORT|2025-03-03 18:35:00|2025-03-03 19:35:00|2025-03-03 19:40:00|2888.89,B0_RAW_ALL_SESSION,SHORT,2025-03-03 19:45:00,2025-03-03 19:55:00,Night 20:00-05:59,RISING,2887.795,2889.34619,2885.46822,155.12,1.5,50.0,50.0,75.0,0.0,10.0,0.0,0.386801,0.547968,0.547968,1.113199,0.952032,False,UP,WIN
1033669|XAUUSD|breakout_retest|LONG|2025-03-05 08:10:00|2025-03-05 08:55:00|2025-03-05 09:00:00|2919.70,B0_RAW_ALL_SESSION,LONG,2025-03-05 09:05:00,2025-03-05 09:15:00,Afternoon 12:00-15:59,RISING,2920.358,2918.59401,2923.00399,176.4,-1.0,50.0,50.0,75.0,0.0,10.0,50.0,0.623585,0.765309,0.765309,-1.623585,-1.765309,False,UP,BAD_EXIT_GIVEBACK
1033669|XAUUSD|breakout_retest|SHORT|2025-03-05 09:30:00|2025-03-05 10:15:00|2025-03-05 10:20:00|2917.05,B0_RAW_ALL_SESSION,SHORT,2025-03-05 10:25:00,2025-03-05 10:30:00,Afternoon 12:00-15:59,RISING,2916.425,2917.72732,2914.47152,130.23,1.5,50.0,50.0,75.0,0.0,10.0,0.0,0.460716,0.652681,0.652681,1.039284,0.847319,False,UP,WIN
1033669|XAUUSD|breakout_retest|SHORT|2025-03-05 09:30:00|2025-03-05 10:30:00|2025-03-05 10:35:00|2917.05,B0_RAW_ALL_SESSION,SHORT,2025-03-05 10:40:00,2025-03-05 11:00:00,Afternoon 12:00-15:59,RISING,2916.325,2918.35689,2913.27716,203.19,1.5,50.0,50.0,75.0,0.0,10.0,0.0,0.295291,0.418329,0.418329,1.204709,1.081671,False,UP,WIN
1033669|XAUUSD|breakout_retest|LONG|2025-03-05 13:40:00|2025-03-05 13:50:00|2025-03-05 13:55:00|2894.99,B0_RAW_ALL_SESSION,LONG,2025-03-05 14:00:00,2025-03-05 14:10:00,Evening 16:00-19:59,RISING,2898.658,2893.71283,2906.07576,494.52,1.5,50.0,50.0,75.0,0.0,10.0,0.0,0.12133,0.171885,0.171885,1.37867,1.328115,False,UP,WIN
1033669|XAUUSD|breakout_retest|LONG|2025-03-05 14:35:00|2025-03-05 15:00:00|2025-03-05 15:05:00|2906.47,B0_RAW_ALL_SESSION,LONG,2025-03-05 15:10:00,2025-03-06 08:15:00,Evening 16:00-19:59,RISING,2915.458,2904.91997,2931.26504,1053.8,-1.0,50.0,50.0,75.0,0.0,10.0,50.0,0.104384,0.128107,0.128107,-1.104384,-1.128107,True,UP,NEAR_TP_GIVEBACK
1033669|XAUUSD|breakout_retest|SHORT|2025-03-06 09:05:00|2025-03-06 09:10:00|2025-03-06 09:15:00|2904.49,B0_RAW_ALL_SESSION,SHORT,2025-03-06 09:20:00,2025-03-06 09:35:00,Afternoon 12:00-15:59,FALLING,2902.615,2905.4202,2898.4072,280.52,1.5,50.0,50.0,75.0,0.0,10.0,0.0,0.213888,0.303009,0.303009,1.286112,1.196991,False,DOWN,WIN
1033669|XAUUSD|breakout_retest|LONG|2025-03-06 11:30:00|2025-03-06 11:35:00|2025-03-06 11:40:00|2905.05,B0_RAW_ALL_SESSION,LONG,2025-03-06 11:45:00,2025-03-06 11:55:00,Afternoon 12:00-15:59,FALLING,2907.205,2904.50365,2911.25703,270.14,-1.0,50.0,50.0,75.0,0.0,10.0,50.0,0.407204,0.49975,0.49975,-1.407204,-1.49975,False,DOWN,BAD_SIGNAL
1033669|XAUUSD|breakout_retest|LONG|2025-03-06 14:55:00|2025-03-06 15:35:00|2025-03-06 15:40:00|2909.22,B0_RAW_ALL_SESSION,LONG,2025-03-06 15:45:00,2025-03-06 15:50:00,Evening 16:00-19:59,FALLING,2911.315,2908.47694,2915.5721,283.81,1.5,50.0,50.0,75.0,0.0,10.0,0.0,0.211412,0.2995,0.2995,1.288588,1.2005,False,DOWN,WIN
1033669|XAUUSD|breakout_retest|LONG|2025-03-06 17:10:00|2025-03-06 17:20:00|2025-03-06 17:25:00|2918.26,B0_RAW_ALL_SESSION,LONG,2025-03-06 17:30:00,2025-03-06 17:55:00,Night 20:00-05:59,RISING,2918.805,2916.32209,2922.52936,248.29,-1.0,50.0,50.0,75.0,0.0,10.0,50.0,0.443029,0.543717,0.543717,-1.443029,-1.543717,False,DOWN,BAD_EXIT_GIVEBACK
1033669|XAUUSD|breakout_retest|LONG|2025-03-06 17:25:00|2025-03-06 18:05:00|2025-03-06 18:10:00|2918.26,B0_RAW_ALL_SESSION,LONG,2025-03-06 18:15:00,2025-03-06 18:35:00,Night 20:00-05:59,RISING,2919.458,2917.46874,2922.4419,198.93,-1.0,50.0,50.0,75.0,0.0,10.0,50.0,0.552968,0.678643,0.678643,-1.552968,-1.678643,False,DOWN,MIXED
1033669|XAUUSD|breakout_retest|LONG|2025-03-06 23:00:00|2025-03-06 23:15:00|2025-03-06 23:20:00|2911.66,B0_RAW_ALL_SESSION,LONG,2025-03-06 23:25:00,2025-03-06 23:55:00,Night 20:00-05:59,FALLING,2912.315,2910.45205,2915.10942,186.29,-1.0,50.0,50.0,75.0,0.0,10.0,50.0,0.590461,0.724657,0.724657,-1.590461,-1.724657,False,DOWN,MIXED
1033669|XAUUSD|breakout_retest|LONG|2025-03-07 01:40:00|2025-03-07 02:35:00|2025-03-07 02:40:00|2906.18,B0_RAW_ALL_SESSION,LONG,2025-03-07 02:45:00,2025-03-07 03:25:00,Morning 06:00-11:59,FALLING,2907.555,2903.97329,2912.92757,358.17,-1.0,50.0,50.0,75.0,0.0,10.0,50.0,0.307116,0.376914,0.376914,-1.307116,-1.376914,False,DOWN,BAD_SIGNAL
1033669|XAUUSD|breakout_retest|LONG|2025-03-07 05:25:00|2025-03-07 06:10:00|2025-03-07 06:15:00|2907.61,B0_RAW_ALL_SESSION,LONG,2025-03-07 06:20:00,2025-03-07 06:35:00,Morning 06:00-11:59,FALLING,2910.105,2907.42089,2914.13116,268.41,1.5,50.0,50.0,75.0,0.0,10.0,0.0,0.223538,0.316679,0.316679,1.276462,1.183321,False,DOWN,WIN
1033669|XAUUSD|breakout_retest|LONG|2025-03-07 06:30:00|2025-03-07 06:35:00|2025-03-07 06:40:00|2912.38,B0_RAW_ALL_SESSION,LONG,2025-03-07 06:45:00,2025-03-07 06:50:00,Morning 06:00-11:59,FALLING,2913.229,2911.99696,2915.07706,123.2,-1.0,50.0,50.0,75.0,0.0,10.0,50.0,0.892826,1.095741,1.095741,-1.892826,-2.095741,False,DOWN,BAD_SIGNAL
1033669|XAUUSD|breakout_retest|SHORT|2025-03-07 10:00:00|2025-03-07 10:05:00|2025-03-07 10:10:00|2920.89,B0_RAW_ALL_SESSION,SHORT,2025-03-07 10:15:00,2025-03-07 10:45:00,Afternoon 12:00-15:59,RISING,2918.838,2921.03259,2915.54611,219.46,-1.0,50.0,50.0,75.0,0.0,10.0,50.0,0.501232,0.615148,0.615148,-1.501232,-1.615148,False,DOWN,BAD_EXIT_GIVEBACK
1033669|XAUUSD|breakout_retest|SHORT|2025-03-07 10:15:00|2025-03-07 10:40:00|2025-03-07 10:45:00|2920.89,B0_RAW_ALL_SESSION,SHORT,2025-03-07 10:50:00,2025-03-07 11:15:00,Afternoon 12:00-15:59,RISING,2919.355,2921.37137,2916.33044,201.64,-1.0,50.0,50.0,75.0,0.0,10.0,50.0,0.545534,0.66952,0.66952,-1.545534,-1.66952,False,DOWN,NEAR_TP_GIVEBACK
1033669|XAUUSD|breakout_retest|SHORT|2025-03-07 10:15:00|2025-03-07 11:30:00|2025-03-07 11:35:00|2920.89,B0_RAW_ALL_SESSION,SHORT,2025-03-07 11:40:00,2025-03-07 11:55:00,Afternoon 12:00-15:59,RISING,2919.445,2921.27521,2916.69968,183.02,1.5,50.0,50.0,75.0,0.0,10.0,0.0,0.32783,0.464426,0.464426,1.17217,1.035574,False,DOWN,WIN
1033669|XAUUSD|breakout_retest|SHORT|2025-03-07 13:20:00|2025-03-07 13:50:00|2025-03-07 13:55:00|2916.45,B0_RAW_ALL_SESSION,SHORT,2025-03-07 14:00:00,2025-03-07 14:05:00,Evening 16:00-19:59,RISING,2915.905,2922.22109,2906.43086,631.61,1.5,50.0,50.0,75.0,0.0,10.0,0.0,0.094995,0.134577,0.134577,1.405005,1.365423,True,DOWN,WIN
1033669|XAUUSD|breakout_retest|LONG|2025-03-07 15:05:00|2025-03-07 15:10:00|2025-03-07 15:15:00|2926.43,B0_RAW_ALL_SESSION,LONG,2025-03-07 15:20:00,2025-03-07 15:25:00,Evening 16:00-19:59,RISING,2929.915,2925.43809,2936.63036,447.69,-1.0,50.0,50.0,75.0,0.0,10.0,50.0,0.245705,0.301547,0.301547,-1.245705,-1.301547,False,DOWN,BAD_SIGNAL
1033669|XAUUSD|breakout_retest|LONG|2025-03-07 19:20:00|2025-03-07 20:30:00|2025-03-07 20:35:00|2907.97,B0_RAW_ALL_SESSION,LONG,2025-03-07 20:40:00,2025-03-10 00:05:00,Night 20:00-05:59,FALLING,2909.155,2906.84721,2912.61668,230.78,1.5,50.0,50.0,75.0,0.0,10.0,0.0,0.259989,0.368318,0.368318,1.240011,1.131682,False,DOWN,WIN
1033669|XAUUSD|breakout_retest|LONG|2025-03-10 02:20:00|2025-03-10 02:25:00|2025-03-10 02:30:00|2909.36,B0_RAW_ALL_SESSION,LONG,2025-03-10 02:35:00,2025-03-10 02:45:00,Morning 06:00-11:59,RISING,2911.065,2908.96582,2914.21377,209.92,1.5,50.0,50.0,75.0,0.0,10.0,0.0,0.285826,0.40492,0.40492,1.214174,1.09508,False,DOWN,WIN
1033669|XAUUSD|breakout_retest|SHORT|2025-03-10 02:30:00|2025-03-10 02:40:00|2025-03-10 02:45:00|2912.82,B0_RAW_ALL_SESSION,SHORT,2025-03-10 02:50:00,2025-03-10 05:30:00,Morning 06:00-11:59,RISING,2911.649,2914.57434,2907.26099,292.53,1.5,50.0,50.0,75.0,0.0,10.0,0.0,0.205104,0.290564,0.290564,1.294896,1.209436,False,DOWN,WIN
1033669|XAUUSD|breakout_retest|SHORT|2025-03-10 05:30:00|2025-03-10 05:40:00|2025-03-10 05:45:00|2909.36,B0_RAW_ALL_SESSION,SHORT,2025-03-10 05:50:00,2025-03-10 06:00:00,Morning 06:00-11:59,RISING,2908.348,2909.80311,2906.16533,145.51,-1.0,50.0,50.0,75.0,0.0,10.0,50.0,0.755954,0.927762,0.927762,-1.755954,-1.927762,False,DOWN,BAD_SIGNAL
1033669|XAUUSD|breakout_retest|LONG|2025-03-10 05:10:00|2025-03-10 05:55:00|2025-03-10 06:00:00|2909.36,B0_RAW_ALL_SESSION,LONG,2025-03-10 06:05:00,2025-03-10 06:10:00,Morning 06:00-11:59,RISING,2909.935,2908.72315,2911.75278,121.19,1.5,50.0,50.0,75.0,0.0,10.0,0.0,0.495111,0.701407,0.701407,1.004889,0.798593,False,DOWN,WIN
1033669|XAUUSD|breakout_retest|LONG|2025-03-10 06:10:00|2025-03-10 06:15:00|2025-03-10 06:20:00|2909.36,B0_RAW_ALL_SESSION,LONG,2025-03-10 06:25:00,2025-03-10 07:35:00,Morning 06:00-11:59,RISING,2911.615,2909.20439,2915.23092,241.06,1.5,50.0,50.0,75.0,0.0,10.0,0.0,0.248899,0.352607,0.352607,1.251101,1.147393,False,DOWN,WIN
1033669|XAUUSD|breakout_retest|SHORT|2025-03-10 07:55:00|2025-03-10 08:10:00|2025-03-10 08:15:00|2909.36,B0_RAW_ALL_SESSION,SHORT,2025-03-10 08:20:00,2025-03-10 08:50:00,Afternoon 12:00-15:59,RISING,2905.738,2910.47216,2898.63675,473.42,1.5,50.0,50.0,75.0,0.0,10.0,0.0,0.126738,0.179546,0.179546,1.373262,1.320454,False,DOWN,WIN
1033669|XAUUSD|breakout_retest|LONG|2025-03-10 08:05:00|2025-03-10 09:15:00|2025-03-10 09:20:00|2909.36,B0_RAW_ALL_SESSION,LONG,2025-03-10 09:25:00,2025-03-10 10:05:00,Afternoon 12:00-15:59,FALLING,2913.039,2906.92344,2922.21234,611.56,-1.0,50.0,50.0,75.0,0.0,10.0,50.0,0.179869,0.220748,0.220748,-1.179869,-1.220748,False,DOWN,BAD_SIGNAL
1033669|XAUUSD|breakout_retest|SHORT|2025-03-10 09:05:00|2025-03-10 10:00:00|2025-03-10 10:05:00|2909.36,B0_RAW_ALL_SESSION,SHORT,2025-03-10 10:10:00,2025-03-10 10:35:00,Afternoon 12:00-15:59,FALLING,2906.365,2911.44404,2898.74644,507.9,1.5,50.0,50.0,75.0,0.0,10.0,0.0,0.118132,0.167354,0.167354,1.381868,1.332646,True,DOWN,WIN
1033669|XAUUSD|breakout_retest|SHORT|2025-03-10 14:55:00|2025-03-10 15:00:00|2025-03-10 15:05:00|2909.36,B0_RAW_ALL_SESSION,SHORT,2025-03-10 15:10:00,2025-03-10 16:50:00,Evening 16:00-19:59,FALLING,2905.545,2910.66974,2897.85789,512.47,1.5,50.0,50.0,75.0,0.0,10.0,0.0,0.117079,0.165862,0.165862,1.382921,1.334138,True,DOWN,WIN
1033669|XAUUSD|breakout_retest|SHORT|2025-03-10 22:35:00|2025-03-10 22:45:00|2025-03-10 22:50:00|2885.17,B0_RAW_ALL_SESSION,SHORT,2025-03-10 22:55:00,2025-03-10 23:45:00,Night 20:00-05:59,FALLING,2884.558,2885.89795,2882.54807,134.0,1.5,50.0,50.0,75.0,0.0,10.0,0.0,0.447778,0.634352,0.634352,1.052222,0.865648,False,DOWN,WIN
1033669|XAUUSD|breakout_retest|LONG|2025-03-12 01:45:00|2025-03-12 01:50:00|2025-03-12 01:55:00|2914.53,B0_RAW_ALL_SESSION,LONG,2025-03-12 02:00:00,2025-03-12 02:05:00,Morning 06:00-11:59,RISING,2916.525,2914.09219,2920.17422,243.28,-1.0,50.0,50.0,75.0,0.0,10.0,50.0,0.452151,0.554913,0.554913,-1.452151,-1.554913,False,UP,BAD_SIGNAL
1033669|XAUUSD|breakout_retest|LONG|2025-03-12 01:30:00|2025-03-12 02:05:00|2025-03-12 02:10:00|2914.53,B0_RAW_ALL_SESSION,LONG,2025-03-12 02:15:00,2025-03-12 03:05:00,Morning 06:00-11:59,RISING,2915.625,2913.9279,2918.17065,169.71,1.5,50.0,50.0,75.0,0.0,10.0,0.0,0.353544,0.500854,0.500854,1.146456,0.999146,False,UP,WIN
1033669|XAUUSD|breakout_retest|SHORT|2025-03-12 04:15:00|2025-03-12 04:55:00|2025-03-12 05:00:00|2915.05,B0_RAW_ALL_SESSION,SHORT,2025-03-12 05:05:00,2025-03-12 05:15:00,Morning 06:00-11:59,RISING,2914.605,2915.71458,2912.94063,110.96,1.5,50.0,50.0,75.0,0.0,10.0,0.0,0.540746,0.766057,0.766057,0.959254,0.733943,False,UP,WIN
1033669|XAUUSD|breakout_retest|SHORT|2025-03-12 07:00:00|2025-03-12 07:05:00|2025-03-12 07:10:00|2911.90,B0_RAW_ALL_SESSION,SHORT,2025-03-12 07:15:00,2025-03-12 07:35:00,Morning 06:00-11:59,RISING,2910.185,2912.40391,2906.85663,221.89,-1.0,50.0,50.0,75.0,0.0,10.0,50.0,0.495738,0.608406,0.608406,-1.495738,-1.608406,False,UP,MIXED
1033669|XAUUSD|breakout_retest|LONG|2025-03-12 08:55:00|2025-03-12 09:00:00|2025-03-12 09:05:00|2921.03,B0_RAW_ALL_SESSION,LONG,2025-03-12 09:10:00,2025-03-12 09:15:00,Afternoon 12:00-15:59,RISING,2925.145,2920.70386,2931.80671,444.11,-1.0,50.0,50.0,75.0,0.0,10.0,50.0,0.247684,0.303976,0.303976,-1.247684,-1.303976,False,UP,BAD_SIGNAL
1033669|XAUUSD|breakout_retest|LONG|2025-03-12 09:05:00|2025-03-12 09:10:00|2025-03-12 09:15:00|2918.12,B0_RAW_ALL_SESSION,LONG,2025-03-12 09:20:00,2025-03-12 09:40:00,Afternoon 12:00-15:59,RISING,2921.595,2917.79459,2927.29561,380.04,-1.0,50.0,50.0,75.0,0.0,10.0,50.0,0.289443,0.355225,0.355225,-1.289443,-1.355225,False,UP,BAD_SIGNAL
1033669|XAUUSD|breakout_retest|SHORT|2025-03-12 13:25:00|2025-03-12 13:30:00|2025-03-12 13:35:00|2911.93,B0_RAW_ALL_SESSION,SHORT,2025-03-12 13:40:00,2025-03-12 13:50:00,Evening 16:00-19:59,RISING,2909.865,2912.95318,2905.23273,308.82,-1.0,50.0,50.0,75.0,0.0,10.0,50.0,0.356197,0.437151,0.437151,-1.356197,-1.437151,False,UP,BAD_SIGNAL
1033669|XAUUSD|breakout_retest|LONG|2025-03-12 14:40:00|2025-03-12 14:45:00|2025-03-12 14:50:00|2918.12,B0_RAW_ALL_SESSION,LONG,2025-03-12 14:55:00,2025-03-12 15:05:00,Evening 16:00-19:59,RISING,2919.858,2917.38083,2923.57376,247.72,1.5,50.0,50.0,75.0,0.0,10.0,0.0,0.242212,0.343133,0.343133,1.257788,1.156867,False,UP,WIN
1033669|XAUUSD|breakout_retest|SHORT|2025-03-12 19:20:00|2025-03-12 19:30:00|2025-03-12 19:35:00|2934.01,B0_RAW_ALL_SESSION,SHORT,2025-03-12 19:40:00,2025-03-12 22:05:00,Night 20:00-05:59,RISING,2933.075,2934.71011,2930.62234,163.51,-1.0,50.0,50.0,75.0,0.0,10.0,50.0,0.672739,0.825634,0.825634,-1.672739,-1.825634,False,UP,NEAR_TP_GIVEBACK
1033669|XAUUSD|breakout_retest|LONG|2025-03-12 22:05:00|2025-03-12 22:40:00|2025-03-12 22:45:00|2934.03,B0_RAW_ALL_SESSION,LONG,2025-03-12 22:50:00,2025-03-12 22:55:00,Night 20:00-05:59,RISING,2934.735,2933.74481,2936.22029,99.02,1.5,50.0,50.0,75.0,0.0,10.0,0.0,0.605943,0.858419,0.858419,0.894057,0.641581,False,UP,WIN
1033669|XAUUSD|breakout_retest|LONG|2025-03-12 22:55:00|2025-03-12 23:30:00|2025-03-12 23:35:00|2935.51,B0_RAW_ALL_SESSION,LONG,2025-03-12 23:40:00,2025-03-12 23:45:00,Night 20:00-05:59,RISING,2936.225,2934.70964,2938.49804,151.54,1.5,50.0,50.0,75.0,0.0,10.0,0.0,0.395946,0.560924,0.560924,1.104054,0.939076,False,UP,WIN
1033669|XAUUSD|breakout_retest|LONG|2025-03-13 02:10:00|2025-03-13 02:35:00|2025-03-13 02:40:00|2940.35,B0_RAW_ALL_SESSION,LONG,2025-03-13 02:45:00,2025-03-13 03:00:00,Morning 06:00-11:59,RISING,2941.385,2939.03006,2944.9174,235.49,1.5,50.0,50.0,75.0,0.0,10.0,0.0,0.254784,0.360944,0.360944,1.245216,1.139056,False,UP,WIN
1033669|XAUUSD|breakout_retest|LONG|2025-03-13 09:40:00|2025-03-13 11:00:00|2025-03-13 11:05:00|2944.78,B0_RAW_ALL_SESSION,LONG,2025-03-13 11:10:00,2025-03-13 12:30:00,Afternoon 12:00-15:59,RISING,2945.905,2943.75678,2949.12733,214.82,-1.0,50.0,50.0,75.0,0.0,10.0,50.0,0.512051,0.628427,0.628427,-1.512051,-1.628427,False,UP,NEAR_TP_GIVEBACK
1033669|XAUUSD|breakout_retest|LONG|2025-03-13 12:55:00|2025-03-13 13:00:00|2025-03-13 13:05:00|2940.35,B0_RAW_ALL_SESSION,LONG,2025-03-13 13:10:00,2025-03-13 13:40:00,Evening 16:00-19:59,RISING,2942.705,2938.43144,2949.11535,427.36,1.5,50.0,50.0,75.0,0.0,10.0,0.0,0.140398,0.198897,0.198897,1.359602,1.301103,False,UP,WIN
1033669|XAUUSD|breakout_retest|LONG|2025-03-13 12:00:00|2025-03-13 13:35:00|2025-03-13 13:40:00|2947.14,B0_RAW_ALL_SESSION,LONG,2025-03-13 13:45:00,2025-03-13 14:40:00,Evening 16:00-19:59,RISING,2950.565,2946.5146,2956.6406,405.04,1.5,50.0,50.0,75.0,0.0,10.0,0.0,0.148134,0.209856,0.209856,1.351866,1.290144,False,UP,WIN
1033669|XAUUSD|breakout_retest|LONG|2025-03-13 18:05:00|2025-03-13 18:55:00|2025-03-13 19:00:00|2982.14,B0_RAW_ALL_SESSION,LONG,2025-03-13 19:05:00,2025-03-13 19:45:00,Night 20:00-05:59,RISING,2983.358,2981.33463,2986.39306,202.34,-1.0,50.0,50.0,75.0,0.0,10.0,50.0,0.543647,0.667203,0.667203,-1.543647,-1.667203,False,UP,BAD_EXIT_GIVEBACK
1033669|XAUUSD|breakout_retest|LONG|2025-03-13 18:05:00|2025-03-13 19:45:00|2025-03-13 19:50:00|2982.14,B0_RAW_ALL_SESSION,LONG,2025-03-13 19:55:00,2025-03-13 20:20:00,Night 20:00-05:59,RISING,2983.655,2981.05819,2987.55022,259.68,-1.0,50.0,50.0,75.0,0.0,10.0,50.0,0.423596,0.519868,0.519868,-1.423596,-1.519868,False,UP,BAD_SIGNAL
1033669|XAUUSD|breakout_retest|LONG|2025-03-13 20:50:00|2025-03-13 22:20:00|2025-03-13 22:25:00|2985.32,B0_RAW_ALL_SESSION,LONG,2025-03-13 22:30:00,2025-03-14 01:15:00,Night 20:00-05:59,RISING,2986.015,2983.46209,2989.84436,255.29,1.5,50.0,50.0,75.0,0.0,10.0,0.0,0.235026,0.332954,0.332954,1.264974,1.167046,False,UP,WIN
1033669|XAUUSD|breakout_retest|LONG|2025-03-14 08:25:00|2025-03-14 08:30:00|2025-03-14 08:35:00|2989.78,B0_RAW_ALL_SESSION,LONG,2025-03-14 08:40:00,2025-03-14 09:40:00,Afternoon 12:00-15:59,RISING,2992.615,2989.07011,2997.93234,354.49,1.5,50.0,50.0,75.0,0.0,10.0,0.0,0.169258,0.239782,0.239782,1.330742,1.260218,False,DOWN,WIN
1033669|XAUUSD|breakout_retest|LONG|2025-03-14 10:30:00|2025-03-14 10:50:00|2025-03-14 10:55:00|2989.78,B0_RAW_ALL_SESSION,LONG,2025-03-14 11:00:00,2025-03-14 13:40:00,Afternoon 12:00-15:59,RISING,2994.425,2987.17509,3005.29986,724.99,-1.0,50.0,50.0,75.0,0.0,10.0,50.0,0.151726,0.186209,0.186209,-1.151726,-1.186209,False,DOWN,MIXED
1033669|XAUUSD|breakout_retest|SHORT|2025-03-14 13:40:00|2025-03-14 13:50:00|2025-03-14 13:55:00|2991.64,B0_RAW_ALL_SESSION,SHORT,2025-03-14 14:00:00,2025-03-14 14:15:00,Evening 16:00-19:59,RISING,2987.645,2992.22997,2980.76754,458.5,-1.0,50.0,50.0,75.0,0.0,10.0,50.0,0.239914,0.29444,0.29444,-1.239914,-1.29444,False,DOWN,BAD_EXIT_GIVEBACK
1033669|XAUUSD|breakout_retest|SHORT|2025-03-14 13:30:00|2025-03-14 14:10:00|2025-03-14 14:15:00|2991.64,B0_RAW_ALL_SESSION,SHORT,2025-03-14 14:20:00,2025-03-14 14:30:00,Evening 16:00-19:59,RISING,2990.455,2993.48126,2985.91561,302.63,1.5,50.0,50.0,75.0,0.0,10.0,0.0,0.198265,0.280875,0.280875,1.301735,1.219125,False,DOWN,WIN
1033669|XAUUSD|breakout_retest|LONG|2025-03-17 01:25:00|2025-03-17 01:35:00|2025-03-17 01:40:00|2990.86,B0_RAW_ALL_SESSION,LONG,2025-03-17 01:45:00,2025-03-17 02:05:00,Night 20:00-05:59,RISING,2992.005,2989.94743,2995.09136,205.76,-1.0,50.0,50.0,75.0,0.0,10.0,50.0,0.534611,0.656113,0.656113,-1.534611,-1.656113,False,UP,BAD_SIGNAL
1033669|XAUUSD|breakout_retest|SHORT|2025-03-17 02:35:00|2025-03-17 02:40:00|2025-03-17 02:45:00|2988.24,B0_RAW_ALL_SESSION,SHORT,2025-03-17 02:50:00,2025-03-17 03:40:00,Morning 06:00-11:59,RISING,2986.738,2988.44738,2984.17393,170.94,-1.0,50.0,50.0,75.0,0.0,10.0,50.0,0.643509,0.789761,0.789761,-1.643509,-1.789761,False,UP,MIXED
1033669|XAUUSD|breakout_retest|SHORT|2025-03-17 03:30:00|2025-03-17 03:35:00|2025-03-17 03:40:00|2988.24,B0_RAW_ALL_SESSION,SHORT,2025-03-17 03:45:00,2025-03-17 04:35:00,Morning 06:00-11:59,RISING,2986.535,2988.6171,2983.41185,208.21,1.5,50.0,50.0,75.0,0.0,10.0,0.0,0.288171,0.408242,0.408242,1.211829,1.091758,False,UP,WIN
1033669|XAUUSD|breakout_retest|SHORT|2025-03-17 05:15:00|2025-03-17 05:20:00|2025-03-17 05:25:00|2985.07,B0_RAW_ALL_SESSION,SHORT,2025-03-17 05:30:00,2025-03-17 05:45:00,Morning 06:00-11:59,FALLING,2982.738,2985.16005,2979.10492,242.21,-1.0,50.0,50.0,75.0,0.0,10.0,50.0,0.454161,0.557379,0.557379,-1.454161,-1.557379,False,UP,BAD_SIGNAL
1033669|XAUUSD|breakout_retest|LONG|2025-03-17 06:00:00|2025-03-17 06:05:00|2025-03-17 06:10:00|2985.49,B0_RAW_ALL_SESSION,LONG,2025-03-17 06:15:00,2025-03-17 06:25:00,Morning 06:00-11:59,FALLING,2986.235,2985.06336,2987.99246,117.16,1.5,50.0,50.0,75.0,0.0,10.0,0.0,0.512101,0.725477,0.725477,0.987899,0.774523,False,UP,WIN
1033669|XAUUSD|breakout_retest|LONG|2025-03-17 06:35:00|2025-03-17 08:00:00|2025-03-17 08:05:00|2985.49,B0_RAW_ALL_SESSION,LONG,2025-03-17 08:10:00,2025-03-17 08:15:00,Afternoon 12:00-15:59,RISING,2986.065,2984.89356,2987.82215,117.14,-1.0,50.0,50.0,75.0,0.0,10.0,50.0,0.939019,1.152432,1.152432,-1.939019,-2.152432,False,UP,BAD_SIGNAL
1033669|XAUUSD|breakout_retest|LONG|2025-03-17 08:40:00|2025-03-17 08:50:00|2025-03-17 08:55:00|2986.55,B0_RAW_ALL_SESSION,LONG,2025-03-17 09:00:00,2025-03-17 09:05:00,Afternoon 12:00-15:59,RISING,2986.865,2985.97107,2988.20589,89.39,1.5,50.0,50.0,75.0,0.0,10.0,0.0,0.671195,0.950859,0.950859,0.828805,0.549141,False,UP,WIN
1033669|XAUUSD|breakout_retest|LONG|2025-03-17 11:15:00|2025-03-17 12:20:00|2025-03-17 12:25:00|2986.55,B0_RAW_ALL_SESSION,LONG,2025-03-17 12:30:00,2025-03-17 13:00:00,Evening 16:00-19:59,RISING,2988.315,2984.61271,2993.86844,370.23,-1.0,50.0,50.0,75.0,0.0,10.0,50.0,0.297113,0.364639,0.364639,-1.297113,-1.364639,False,UP,NEAR_TP_GIVEBACK
1033669|XAUUSD|breakout_retest|LONG|2025-03-17 11:15:00|2025-03-17 12:55:00|2025-03-17 13:00:00|2986.55,B0_RAW_ALL_SESSION,LONG,2025-03-17 13:05:00,2025-03-17 14:20:00,Evening 16:00-19:59,RISING,2987.918,2984.13364,2993.59454,378.44,1.5,50.0,50.0,75.0,0.0,10.0,0.0,0.158547,0.224609,0.224609,1.341453,1.275391,False,UP,WIN
1033669|XAUUSD|breakout_retest|LONG|2025-03-17 15:10:00|2025-03-17 15:20:00|2025-03-17 15:25:00|2993.91,B0_RAW_ALL_SESSION,LONG,2025-03-17 15:30:00,2025-03-17 17:50:00,Evening 16:00-19:59,RISING,2994.958,2992.42201,2998.76198,253.6,1.5,50.0,50.0,75.0,0.0,10.0,0.0,0.236594,0.335175,0.335175,1.263406,1.164825,False,UP,WIN
1033669|XAUUSD|breakout_retest|LONG|2025-03-17 18:30:00|2025-03-17 19:50:00|2025-03-17 19:55:00|2999.30,B0_RAW_ALL_SESSION,LONG,2025-03-17 20:00:00,2025-03-17 23:20:00,Night 20:00-05:59,RISING,3000.135,2998.97085,3001.88123,116.42,1.5,50.0,50.0,75.0,0.0,10.0,0.0,0.515398,0.730146,0.730146,0.984602,0.769854,False,UP,WIN
1033669|XAUUSD|breakout_retest|LONG|2025-03-17 23:35:00|2025-03-18 00:50:00|2025-03-18 00:55:00|3000.84,B0_RAW_ALL_SESSION,LONG,2025-03-18 01:00:00,2025-03-18 01:05:00,Night 20:00-05:59,RISING,3001.405,2999.56684,3004.16225,183.82,-1.0,50.0,50.0,75.0,0.0,10.0,50.0,0.598423,0.734428,0.734428,-1.598423,-1.734428,False,UP,BAD_SIGNAL
1033669|XAUUSD|breakout_retest|LONG|2025-03-17 23:35:00|2025-03-18 01:10:00|2025-03-18 01:15:00|3000.84,B0_RAW_ALL_SESSION,LONG,2025-03-18 01:20:00,2025-03-18 01:30:00,Night 20:00-05:59,RISING,3001.555,2999.46349,3004.69226,209.15,1.5,50.0,50.0,75.0,0.0,10.0,0.0,0.286874,0.406405,0.406405,1.213126,1.093595,False,UP,WIN
1033669|XAUUSD|breakout_retest|LONG|2025-03-18 01:30:00|2025-03-18 01:35:00|2025-03-18 01:40:00|3002.66,B0_RAW_ALL_SESSION,LONG,2025-03-18 01:45:00,2025-03-18 02:50:00,Night 20:00-05:59,RISING,3004.475,3001.50176,3008.93486,297.32,1.5,50.0,50.0,75.0,0.0,10.0,0.0,0.2018,0.285883,0.285883,1.2982,1.214117,False,UP,WIN
1033669|XAUUSD|breakout_retest|LONG|2025-03-18 07:10:00|2025-03-18 07:35:00|2025-03-18 07:40:00|3017.05,B0_RAW_ALL_SESSION,LONG,2025-03-18 07:45:00,2025-03-18 07:50:00,Morning 06:00-11:59,RISING,3017.945,3016.37823,3020.29516,156.68,-1.0,50.0,50.0,75.0,0.0,10.0,50.0,0.702081,0.861645,0.861645,-1.702081,-1.861645,False,UP,BAD_SIGNAL
1033669|XAUUSD|breakout_retest|LONG|2025-03-18 07:10:00|2025-03-18 08:00:00|2025-03-18 08:05:00|3017.05,B0_RAW_ALL_SESSION,LONG,2025-03-18 08:10:00,2025-03-18 08:25:00,Afternoon 12:00-15:59,RISING,3018.438,3016.07551,3021.98174,236.25,1.5,50.0,50.0,75.0,0.0,10.0,0.0,0.253969,0.359789,0.359789,1.246031,1.140211,False,UP,WIN
1033669|XAUUSD|breakout_retest|LONG|2025-03-18 08:55:00|2025-03-18 09:55:00|2025-03-18 10:00:00|3018.70,B0_RAW_ALL_SESSION,LONG,2025-03-18 10:05:00,2025-03-18 10:10:00,Afternoon 12:00-15:59,RISING,3020.158,3018.16669,3023.14496,199.13,1.5,50.0,50.0,75.0,0.0,10.0,0.0,0.30131,0.426855,0.426855,1.19869,1.073145,False,UP,WIN
1033669|XAUUSD|breakout_retest|LONG|2025-03-18 11:45:00|2025-03-18 11:55:00|2025-03-18 12:00:00|3025.34,B0_RAW_ALL_SESSION,LONG,2025-03-18 12:05:00,2025-03-18 12:20:00,Evening 16:00-19:59,RISING,3026.669,3023.75899,3031.03402,291.0,1.5,50.0,50.0,75.0,0.0,10.0,0.0,0.206185,0.292095,0.292095,1.293815,1.207905,False,UP,WIN
1033669|XAUUSD|breakout_retest|SHORT|2025-03-18 13:40:00|2025-03-18 13:55:00|2025-03-18 14:00:00|3033.09,B0_RAW_ALL_SESSION,SHORT,2025-03-18 14:05:00,2025-03-18 14:15:00,Evening 16:00-19:59,RISING,3033.045,3037.53326,3026.3126,448.83,1.5,50.0,50.0,75.0,0.0,10.0,0.0,0.133682,0.189383,0.189383,1.366318,1.310617,False,UP,WIN
1033669|XAUUSD|breakout_retest|LONG|2025-03-18 13:25:00|2025-03-18 14:10:00|2025-03-18 14:15:00|3025.34,B0_RAW_ALL_SESSION,LONG,2025-03-18 14:20:00,2025-03-18 14:25:00,Evening 16:00-19:59,RISING,3029.758,3024.55486,3037.56271,520.31,-1.0,50.0,50.0,75.0,0.0,10.0,50.0,0.211411,0.259459,0.259459,-1.211411,-1.259459,False,UP,BAD_SIGNAL
1033669|XAUUSD|breakout_retest|LONG|2025-03-18 13:25:00|2025-03-18 14:20:00|2025-03-18 14:25:00|3025.34,B0_RAW_ALL_SESSION,LONG,2025-03-18 14:30:00,2025-03-18 16:35:00,Evening 16:00-19:59,RISING,3028.658,3024.00634,3035.6355,465.17,1.5,50.0,50.0,75.0,0.0,10.0,0.0,0.128986,0.18273,0.18273,1.371014,1.31727,False,UP,WIN
1033669|XAUUSD|breakout_retest|LONG|2025-03-18 16:25:00|2025-03-18 17:40:00|2025-03-18 17:45:00|3032.11,B0_RAW_ALL_SESSION,LONG,2025-03-18 17:50:00,2025-03-18 18:35:00,Night 20:00-05:59,RISING,3032.685,3031.04802,3035.14047,163.7,1.5,50.0,50.0,75.0,0.0,10.0,0.0,0.366529,0.519249,0.519249,1.133471,0.980751,False,UP,WIN
1033669|XAUUSD|breakout_retest|LONG|2025-03-18 19:20:00|2025-03-18 19:25:00|2025-03-18 19:30:00|3036.78,B0_RAW_ALL_SESSION,LONG,2025-03-18 19:35:00,2025-03-18 19:50:00,Night 20:00-05:59,RISING,3037.585,3036.44995,3039.28757,113.5,-1.0,50.0,50.0,75.0,0.0,10.0,50.0,0.96912,1.189375,1.189375,-1.96912,-2.189375,False,UP,BAD_SIGNAL
1033669|XAUUSD|breakout_retest|SHORT|2025-03-18 22:05:00|2025-03-18 23:45:00|2025-03-18 23:50:00|3033.12,B0_RAW_ALL_SESSION,SHORT,2025-03-18 23:55:00,2025-03-19 00:00:00,Night 20:00-05:59,RISING,3032.955,3033.66131,3031.89553,70.63,1.5,50.0,50.0,75.0,0.0,10.0,0.0,0.84948,1.20343,1.20343,0.65052,0.29657,False,UP,WIN
1033669|XAUUSD|breakout_retest|LONG|2025-03-19 03:25:00|2025-03-19 03:30:00|2025-03-19 03:35:00|3033.78,B0_RAW_ALL_SESSION,LONG,2025-03-19 03:40:00,2025-03-19 03:55:00,Morning 06:00-11:59,RISING,3035.195,3033.64214,3037.5243,155.29,1.5,50.0,50.0,75.0,0.0,10.0,0.0,0.386383,0.547376,0.547376,1.113617,0.952624,False,UP,WIN
1033669|XAUUSD|breakout_retest|LONG|2025-03-19 05:20:00|2025-03-19 05:30:00|2025-03-19 05:35:00|3037.49,B0_RAW_ALL_SESSION,LONG,2025-03-19 05:40:00,2025-03-19 06:00:00,Morning 06:00-11:59,RISING,3039.645,3036.77749,3043.94627,286.75,1.5,50.0,50.0,75.0,0.0,10.0,0.0,0.20924,0.296424,0.296424,1.29076,1.203576,False,UP,WIN
1033669|XAUUSD|breakout_retest|LONG|2025-03-19 05:50:00|2025-03-19 06:35:00|2025-03-19 06:40:00|3037.49,B0_RAW_ALL_SESSION,LONG,2025-03-19 06:45:00,2025-03-19 06:55:00,Morning 06:00-11:59,RISING,3038.425,3035.82072,3042.33142,260.43,1.5,50.0,50.0,75.0,0.0,10.0,0.0,0.23039,0.326386,0.326386,1.26961,1.173614,False,UP,WIN
1033669|XAUUSD|breakout_retest|LONG|2025-03-19 07:15:00|2025-03-19 07:20:00|2025-03-19 07:25:00|3038.06,B0_RAW_ALL_SESSION,LONG,2025-03-19 07:30:00,2025-03-19 07:50:00,Morning 06:00-11:59,RISING,3040.068,3037.45284,3043.99074,261.52,-1.0,50.0,50.0,75.0,0.0,10.0,50.0,0.420625,0.516221,0.516221,-1.420625,-1.516221,False,UP,MIXED
1033669|XAUUSD|breakout_retest|SHORT|2025-03-19 07:45:00|2025-03-19 07:50:00|2025-03-19 07:55:00|3037.72,B0_RAW_ALL_SESSION,SHORT,2025-03-19 08:00:00,2025-03-19 08:15:00,Afternoon 12:00-15:59,RISING,3036.015,3038.22277,3032.70334,220.78,1.5,50.0,50.0,75.0,0.0,10.0,0.0,0.271767,0.385004,0.385004,1.228233,1.114996,False,UP,WIN
1033669|XAUUSD|breakout_retest|LONG|2025-03-19 11:30:00|2025-03-19 11:35:00|2025-03-19 11:40:00|3038.06,B0_RAW_ALL_SESSION,LONG,2025-03-19 11:45:00,2025-03-19 12:25:00,Afternoon 12:00-15:59,FALLING,3039.455,3037.49785,3042.39073,195.72,-1.0,50.0,50.0,75.0,0.0,10.0,50.0,0.562042,0.689779,0.689779,-1.562042,-1.689779,False,UP,BAD_SIGNAL
1033669|XAUUSD|breakout_retest|LONG|2025-03-19 12:15:00|2025-03-19 12:30:00|2025-03-19 12:35:00|3038.06,B0_RAW_ALL_SESSION,LONG,2025-03-19 12:40:00,2025-03-19 13:05:00,Evening 16:00-19:59,RISING,3038.945,3035.95719,3043.42672,298.78,-1.0,50.0,50.0,75.0,0.0,10.0,50.0,0.368162,0.451835,0.451835,-1.368162,-1.451835,False,UP,MIXED
1033669|XAUUSD|breakout_retest|SHORT|2025-03-19 13:10:00|2025-03-19 13:20:00|2025-03-19 13:25:00|3036.14,B0_RAW_ALL_SESSION,SHORT,2025-03-19 13:30:00,2025-03-19 13:40:00,Evening 16:00-19:59,RISING,3033.108,3036.46016,3028.07975,335.22,1.5,50.0,50.0,75.0,0.0,10.0,0.0,0.178989,0.253568,0.253568,1.321011,1.246432,False,UP,WIN
1033669|XAUUSD|breakout_retest|LONG|2025-03-19 16:20:00|2025-03-19 16:55:00|2025-03-19 17:00:00|3032.76,B0_RAW_ALL_SESSION,LONG,2025-03-19 17:05:00,2025-03-19 17:20:00,Night 20:00-05:59,FALLING,3033.315,3031.60907,3035.87389,170.59,-1.0,50.0,50.0,75.0,0.0,10.0,50.0,0.64481,0.791358,0.791358,-1.64481,-1.791358,False,UP,BAD_SIGNAL
1033669|XAUUSD|breakout_retest|LONG|2025-03-19 16:20:00|2025-03-19 18:00:00|2025-03-19 18:05:00|3032.76,B0_RAW_ALL_SESSION,LONG,2025-03-19 18:10:00,2025-03-19 19:15:00,Night 20:00-05:59,FALLING,3037.405,3028.32579,3051.02382,907.92,1.5,50.0,50.0,75.0,0.0,10.0,0.0,0.066085,0.09362,0.09362,1.433915,1.40638,True,UP,WIN
1033669|XAUUSD|breakout_retest|LONG|2025-03-19 22:15:00|2025-03-19 22:20:00|2025-03-19 22:25:00|3047.68,B0_RAW_ALL_SESSION,LONG,2025-03-19 22:30:00,2025-03-19 23:55:00,Night 20:00-05:59,RISING,3048.298,3046.85419,3050.46371,144.38,1.5,50.0,50.0,75.0,0.0,10.0,0.0,0.415568,0.588721,0.588721,1.084432,0.911279,False,UP,WIN
1033669|XAUUSD|breakout_retest|LONG|2025-03-20 00:05:00|2025-03-20 00:10:00|2025-03-20 00:15:00|3051.76,B0_RAW_ALL_SESSION,LONG,2025-03-20 00:20:00,2025-03-20 01:10:00,Night 20:00-05:59,RISING,3054.228,3050.74755,3059.44868,348.05,-1.0,50.0,50.0,75.0,0.0,10.0,50.0,0.316051,0.387881,0.387881,-1.316051,-1.387881,False,DOWN,BAD_SIGNAL
1033669|XAUUSD|breakout_retest|LONG|2025-03-20 01:00:00|2025-03-20 01:05:00|2025-03-20 01:10:00|3051.76,B0_RAW_ALL_SESSION,LONG,2025-03-20 01:15:00,2025-03-20 02:00:00,Night 20:00-05:59,RISING,3054.025,3049.88126,3060.2406,414.37,-1.0,50.0,50.0,75.0,0.0,10.0,50.0,0.265461,0.325793,0.325793,-1.265461,-1.325793,False,DOWN,MIXED
1033669|XAUUSD|breakout_retest|SHORT|2025-03-20 01:55:00|2025-03-20 02:30:00|2025-03-20 02:35:00|3050.12,B0_RAW_ALL_SESSION,SHORT,2025-03-20 02:40:00,2025-03-20 02:55:00,Morning 06:00-11:59,RISING,3049.238,3051.53143,3045.79786,229.34,1.5,50.0,50.0,75.0,0.0,10.0,0.0,0.261617,0.370624,0.370624,1.238383,1.129376,False,DOWN,WIN
1033669|XAUUSD|breakout_retest|SHORT|2025-03-20 01:55:00|2025-03-20 03:35:00|2025-03-20 03:40:00|3050.12,B0_RAW_ALL_SESSION,SHORT,2025-03-20 03:45:00,2025-03-20 04:25:00,Morning 06:00-11:59,RISING,3048.425,3050.40317,3045.45774,197.82,-1.0,50.0,50.0,75.0,0.0,10.0,50.0,0.556069,0.682448,0.682448,-1.556069,-1.682448,False,DOWN,BAD_SIGNAL
1033669|XAUUSD|breakout_retest|SHORT|2025-03-20 05:35:00|2025-03-20 07:00:00|2025-03-20 07:05:00|3047.84,B0_RAW_ALL_SESSION,SHORT,2025-03-20 07:10:00,2025-03-20 08:30:00,Morning 06:00-11:59,RISING,3044.975,3049.0476,3038.8661,407.26,1.5,50.0,50.0,75.0,0.0,10.0,0.0,0.147326,0.208712,0.208712,1.352674,1.291288,False,DOWN,WIN
1033669|XAUUSD|breakout_retest|SHORT|2025-03-20 08:20:00|2025-03-20 09:45:00|2025-03-20 09:50:00|3044.09,B0_RAW_ALL_SESSION,SHORT,2025-03-20 09:55:00,2025-03-20 10:10:00,Afternoon 12:00-15:59,RISING,3042.235,3044.67701,3038.57198,244.2,1.5,50.0,50.0,75.0,0.0,10.0,0.0,0.245699,0.348073,0.348073,1.254301,1.151927,False,DOWN,WIN
1033669|XAUUSD|breakout_retest|LONG|2025-03-20 14:45:00|2025-03-20 14:50:00|2025-03-20 14:55:00|3037.47,B0_RAW_ALL_SESSION,LONG,2025-03-20 15:00:00,2025-03-20 16:35:00,Evening 16:00-19:59,FALLING,3039.735,3035.98935,3045.35348,374.57,-1.0,50.0,50.0,75.0,0.0,10.0,50.0,0.293674,0.360418,0.360418,-1.293674,-1.360418,False,DOWN,BAD_EXIT_GIVEBACK
1033669|XAUUSD|breakout_retest|SHORT|2025-03-20 16:30:00|2025-03-20 17:20:00|2025-03-20 17:25:00|3037.43,B0_RAW_ALL_SESSION,SHORT,2025-03-20 17:30:00,2025-03-20 17:55:00,Night 20:00-05:59,FALLING,3037.035,3039.53622,3033.28317,250.12,-1.0,50.0,50.0,75.0,0.0,10.0,50.0,0.439785,0.539736,0.539736,-1.439785,-1.539736,False,DOWN,MIXED
1033669|XAUUSD|breakout_retest|LONG|2025-03-20 19:40:00|2025-03-20 20:30:00|2025-03-20 20:35:00|3044.78,B0_RAW_ALL_SESSION,LONG,2025-03-20 20:40:00,2025-03-20 20:50:00,Night 20:00-05:59,RISING,3045.375,3044.36868,3046.88448,100.63,-1.0,50.0,50.0,75.0,0.0,10.0,50.0,1.09309,1.34152,1.34152,-2.09309,-2.34152,False,DOWN,BAD_SIGNAL
1033669|XAUUSD|breakout_retest|SHORT|2025-03-20 22:20:00|2025-03-20 22:30:00|2025-03-20 22:35:00|3044.09,B0_RAW_ALL_SESSION,SHORT,2025-03-20 22:40:00,2025-03-20 22:50:00,Night 20:00-05:59,RISING,3043.765,3044.37048,3042.85678,60.55,-1.0,50.0,50.0,75.0,0.0,10.0,50.0,1.816745,2.229641,2.229641,-2.816745,-3.229641,False,DOWN,MIXED
1033669|XAUUSD|breakout_retest|LONG|2025-03-20 23:00:00|2025-03-20 23:05:00|2025-03-20 23:10:00|3044.80,B0_RAW_ALL_SESSION,LONG,2025-03-20 23:15:00,2025-03-20 23:30:00,Night 20:00-05:59,RISING,3045.668,3044.70504,3047.11244,96.3,-1.0,50.0,50.0,75.0,0.0,10.0,50.0,1.142315,1.401932,1.401932,-2.142315,-2.401932,False,DOWN,BAD_SIGNAL
1033669|XAUUSD|breakout_retest|LONG|2025-03-23 22:00:00|2025-03-23 22:05:00|2025-03-23 22:10:00|3022.70,B0_RAW_ALL_SESSION,LONG,2025-03-23 22:15:00,2025-03-25 00:05:00,Night 20:00-05:59,FALLING,3023.585,3021.80143,3026.26036,178.36,-1.0,50.0,50.0,75.0,0.0,10.0,50.0,0.61674,0.756908,0.756908,-1.61674,-1.756908,False,UP,NEAR_TP_GIVEBACK
1033669|XAUUSD|breakout_retest|SHORT|2025-03-25 02:00:00|2025-03-25 02:40:00|2025-03-25 02:45:00|3010.43,B0_RAW_ALL_SESSION,SHORT,2025-03-25 02:50:00,2025-03-25 03:10:00,Morning 06:00-11:59,FALLING,3009.305,3011.01951,3006.73324,171.45,-1.0,50.0,50.0,75.0,0.0,10.0,50.0,0.641584,0.787398,0.787398,-1.641584,-1.787398,False,UP,BAD_EXIT_GIVEBACK
1033669|XAUUSD|breakout_retest|LONG|2025-03-25 03:35:00|2025-03-25 05:00:00|2025-03-25 05:05:00|3014.32,B0_RAW_ALL_SESSION,LONG,2025-03-25 05:10:00,2025-03-25 07:25:00,Morning 06:00-11:59,FALLING,3017.115,3013.96909,3021.83387,314.59,-1.0,50.0,50.0,75.0,0.0,10.0,50.0,0.34966,0.429128,0.429128,-1.34966,-1.429128,False,UP,BAD_EXIT_GIVEBACK
1033669|XAUUSD|breakout_retest|SHORT|2025-03-25 07:20:00|2025-03-25 07:35:00|2025-03-25 07:40:00|3014.59,B0_RAW_ALL_SESSION,SHORT,2025-03-25 07:45:00,2025-03-25 08:00:00,Morning 06:00-11:59,FALLING,3013.718,3015.67051,3010.78923,195.25,1.5,50.0,50.0,75.0,0.0,10.0,0.0,0.307296,0.435336,0.435336,1.192704,1.064664,False,UP,WIN
1033669|XAUUSD|breakout_retest|SHORT|2025-03-25 08:30:00|2025-03-25 08:35:00|2025-03-25 08:40:00|3020.16,B0_RAW_ALL_SESSION,SHORT,2025-03-25 08:45:00,2025-03-25 08:50:00,Afternoon 12:00-15:59,FALLING,3018.615,3020.43315,3015.88777,181.82,-1.0,50.0,50.0,75.0,0.0,10.0,50.0,0.605011,0.742513,0.742513,-1.605011,-1.742513,False,UP,BAD_SIGNAL
1033669|XAUUSD|breakout_retest|LONG|2025-03-25 14:25:00|2025-03-25 14:30:00|2025-03-25 14:35:00|3026.05,B0_RAW_ALL_SESSION,LONG,2025-03-25 14:40:00,2025-03-25 15:00:00,Evening 16:00-19:59,RISING,3029.665,3025.04498,3036.59503,462.0,-1.0,50.0,50.0,75.0,0.0,10.0,50.0,0.238094,0.292206,0.292206,-1.238094,-1.292206,False,UP,BAD_SIGNAL
1033669|XAUUSD|breakout_retest|SHORT|2025-03-25 18:55:00|2025-03-25 19:55:00|2025-03-25 20:00:00|3019.57,B0_RAW_ALL_SESSION,SHORT,2025-03-25 20:05:00,2025-03-25 20:10:00,Night 20:00-05:59,FALLING,3018.555,3019.68098,3016.86603,112.6,-1.0,50.0,50.0,75.0,0.0,10.0,50.0,0.976928,1.198957,1.198957,-1.976928,-2.198957,False,UP,BAD_SIGNAL
1033669|XAUUSD|breakout_retest|LONG|2025-03-25 22:00:00|2025-03-25 22:05:00|2025-03-25 22:10:00|3020.59,B0_RAW_ALL_SESSION,LONG,2025-03-25 22:15:00,2025-03-25 22:25:00,Night 20:00-05:59,FALLING,3022.045,3020.34766,3024.591,169.73,-1.0,50.0,50.0,75.0,0.0,10.0,50.0,0.648075,0.795364,0.795364,-1.648075,-1.795364,False,UP,BAD_SIGNAL
1033669|XAUUSD|breakout_retest|LONG|2025-03-25 22:35:00|2025-03-25 22:50:00|2025-03-25 22:55:00|3020.59,B0_RAW_ALL_SESSION,LONG,2025-03-25 23:00:00,2025-03-25 23:50:00,Night 20:00-05:59,FALLING,3021.145,3020.5014,3022.1104,64.36,-1.0,50.0,50.0,75.0,0.0,10.0,50.0,1.709136,2.097576,2.097576,-2.709136,-3.097576,False,UP,BAD_EXIT_GIVEBACK
1033669|XAUUSD|breakout_retest|LONG|2025-03-25 23:40:00|2025-03-25 23:45:00|2025-03-25 23:50:00|3020.59,B0_RAW_ALL_SESSION,LONG,2025-03-25 23:55:00,2025-03-29 00:05:00,Night 20:00-05:59,FALLING,3021.165,3020.23771,3022.55593,92.73,1.5,50.0,50.0,75.0,0.0,10.0,0.0,0.64705,0.916654,0.916654,0.85295,0.583346,False,UP,WIN
1033669|XAUUSD|breakout_retest|SHORT|2025-03-31 00:10:00|2025-03-31 00:15:00|2025-03-31 00:20:00|3087.64,B0_RAW_ALL_SESSION,SHORT,2025-03-31 00:25:00,2025-03-31 00:30:00,Night 20:00-05:59,RISING,3086.288,3088.44036,3083.05946,215.24,1.5,50.0,50.0,75.0,0.0,10.0,0.0,0.278764,0.394916,0.394916,1.221236,1.105084,False,UP,WIN
1033669|XAUUSD|breakout_retest|SHORT|2025-03-31 00:30:00|2025-03-31 00:35:00|2025-03-31 00:40:00|3083.90,B0_RAW_ALL_SESSION,SHORT,2025-03-31 00:45:00,2025-03-31 00:50:00,Night 20:00-05:59,RISING,3082.815,3084.04186,3080.97471,122.69,-1.0,50.0,50.0,75.0,0.0,10.0,50.0,0.8966,1.100373,1.100373,-1.8966,-2.100373,False,UP,BAD_SIGNAL
1033669|XAUUSD|breakout_retest|SHORT|2025-03-31 00:30:00|2025-03-31 00:45:00|2025-03-31 00:50:00|3083.90,B0_RAW_ALL_SESSION,SHORT,2025-03-31 00:55:00,2025-03-31 01:00:00,Night 20:00-05:59,RISING,3082.885,3084.51029,3080.44707,162.53,1.5,50.0,50.0,75.0,0.0,10.0,0.0,0.369166,0.522985,0.522985,1.130834,0.977015,False,UP,WIN
1033669|XAUUSD|breakout_retest|SHORT|2025-03-31 01:00:00|2025-03-31 01:05:00|2025-03-31 01:10:00|3082.41,B0_RAW_ALL_SESSION,SHORT,2025-03-31 01:15:00,2025-03-31 01:25:00,Night 20:00-05:59,RISING,3079.485,3083.38431,3073.63604,389.93,-1.0,50.0,50.0,75.0,0.0,10.0,50.0,0.282101,0.346215,0.346215,-1.282101,-1.346215,False,UP,BAD_SIGNAL
1033669|XAUUSD|breakout_retest|LONG|2025-03-31 02:15:00|2025-03-31 02:25:00|2025-03-31 02:30:00|3097.72,B0_RAW_ALL_SESSION,LONG,2025-03-31 02:35:00,2025-03-31 04:55:00,Morning 06:00-11:59,RISING,3102.708,3095.61928,3113.34108,708.87,1.5,50.0,50.0,75.0,0.0,10.0,0.0,0.084641,0.119909,0.119909,1.415359,1.380091,True,UP,WIN
1033669|XAUUSD|breakout_retest|LONG|2025-03-31 05:50:00|2025-03-31 05:55:00|2025-03-31 06:00:00|3115.68,B0_RAW_ALL_SESSION,LONG,2025-03-31 06:05:00,2025-03-31 06:15:00,Morning 06:00-11:59,RISING,3119.715,3114.77736,3127.12146,493.76,1.5,50.0,50.0,75.0,0.0,10.0,0.0,0.121515,0.172147,0.172147,1.378485,1.327853,False,UP,WIN
1033669|XAUUSD|breakout_retest|LONG|2025-03-31 06:05:00|2025-03-31 06:30:00|2025-03-31 06:35:00|3115.68,B0_RAW_ALL_SESSION,LONG,2025-03-31 06:40:00,2025-03-31 06:45:00,Morning 06:00-11:59,RISING,3120.875,3114.95257,3129.75864,592.24,-1.0,50.0,50.0,75.0,0.0,10.0,50.0,0.185735,0.227947,0.227947,-1.185735,-1.227947,False,UP,BAD_SIGNAL
1033669|XAUUSD|breakout_retest|LONG|2025-03-31 06:05:00|2025-03-31 06:55:00|2025-03-31 07:00:00|3115.68,B0_RAW_ALL_SESSION,LONG,2025-03-31 07:05:00,2025-03-31 08:10:00,Morning 06:00-11:59,RISING,3119.255,3114.80142,3125.93537,445.36,1.5,50.0,50.0,75.0,0.0,10.0,0.0,0.134723,0.190858,0.190858,1.365277,1.309142,False,UP,WIN
1033669|XAUUSD|breakout_retest|SHORT|2025-03-31 09:20:00|2025-03-31 09:25:00|2025-03-31 09:30:00|3120.76,B0_RAW_ALL_SESSION,SHORT,2025-03-31 09:35:00,2025-03-31 09:45:00,Afternoon 12:00-15:59,RISING,3118.675,3121.32994,3114.6926,265.49,1.5,50.0,50.0,75.0,0.0,10.0,0.0,0.225994,0.320158,0.320158,1.274006,1.179842,False,UP,WIN
1033669|XAUUSD|breakout_retest|SHORT|2025-03-31 10:05:00|2025-03-31 10:40:00|2025-03-31 10:45:00|3120.76,B0_RAW_ALL_SESSION,SHORT,2025-03-31 10:50:00,2025-03-31 10:55:00,Afternoon 12:00-15:59,RISING,3119.478,3122.80358,3114.48963,332.56,-1.0,50.0,50.0,75.0,0.0,10.0,50.0,0.33077,0.405944,0.405944,-1.33077,-1.405944,False,UP,BAD_SIGNAL
1033669|XAUUSD|breakout_retest|SHORT|2025-03-31 10:05:00|2025-03-31 10:50:00|2025-03-31 10:55:00|3120.76,B0_RAW_ALL_SESSION,SHORT,2025-03-31 11:00:00,2025-03-31 12:30:00,Afternoon 12:00-15:59,RISING,3117.835,3123.84301,3108.82299,600.8,-1.0,50.0,50.0,75.0,0.0,10.0,50.0,0.183089,0.2247,0.2247,-1.183089,-1.2247,False,UP,BAD_EXIT_GIVEBACK
1033669|XAUUSD|breakout_retest|SHORT|2025-03-31 13:50:00|2025-03-31 13:55:00|2025-03-31 14:00:00|3113.60,B0_RAW_ALL_SESSION,SHORT,2025-03-31 14:05:00,2025-03-31 14:10:00,Evening 16:00-19:59,RISING,3109.925,3114.44356,3103.14715,451.86,-1.0,50.0,50.0,75.0,0.0,10.0,50.0,0.24344,0.298767,0.298767,-1.24344,-1.298767,False,UP,BAD_SIGNAL
1033669|XAUUSD|breakout_retest|SHORT|2025-03-31 22:15:00|2025-03-31 22:30:00|2025-03-31 22:35:00|3122.82,B0_RAW_ALL_SESSION,SHORT,2025-03-31 22:40:00,2025-03-31 22:50:00,Night 20:00-05:59,RISING,3122.788,3123.39062,3121.88407,60.26,-1.0,50.0,50.0,75.0,0.0,10.0,50.0,1.825358,2.240212,2.240212,-2.825358,-3.240212,False,UP,NEAR_TP_GIVEBACK
1033669|XAUUSD|breakout_retest|LONG|2025-04-01 01:00:00|2025-04-01 01:05:00|2025-04-01 01:10:00|3127.82,B0_RAW_ALL_SESSION,LONG,2025-04-01 01:15:00,2025-04-01 02:50:00,Night 20:00-05:59,RISING,3133.058,3126.0229,3143.61065,703.51,1.5,50.0,50.0,75.0,0.0,10.0,0.0,0.085287,0.120823,0.120823,1.414713,1.379177,True,DOWN,WIN
1033669|XAUUSD|breakout_retest|LONG|2025-04-01 06:00:00|2025-04-01 06:10:00|2025-04-01 06:15:00|3127.82,B0_RAW_ALL_SESSION,LONG,2025-04-01 06:20:00,2025-04-01 06:30:00,Morning 06:00-11:59,RISING,3131.389,3127.28464,3137.54555,410.44,1.5,50.0,50.0,75.0,0.0,10.0,0.0,0.146186,0.207097,0.207097,1.353814,1.292903,False,DOWN,WIN
1033669|XAUUSD|breakout_retest|LONG|2025-04-01 07:30:00|2025-04-01 08:00:00|2025-04-01 08:05:00|3127.82,B0_RAW_ALL_SESSION,LONG,2025-04-01 08:10:00,2025-04-01 10:25:00,Afternoon 12:00-15:59,RISING,3130.508,3125.85886,3137.4817,464.91,1.5,50.0,50.0,75.0,0.0,10.0,0.0,0.129056,0.18283,0.18283,1.370944,1.31717,False,DOWN,WIN
1033669|XAUUSD|breakout_retest|SHORT|2025-04-01 11:20:00|2025-04-01 11:50:00|2025-04-01 11:55:00|3131.65,B0_RAW_ALL_SESSION,SHORT,2025-04-01 12:00:00,2025-04-01 12:15:00,Evening 16:00-19:59,RISING,3129.855,3132.47383,3125.92676,261.88,-1.0,50.0,50.0,75.0,0.0,10.0,50.0,0.420035,0.515498,0.515498,-1.420035,-1.515498,False,DOWN,BAD_EXIT_GIVEBACK
1033669|XAUUSD|breakout_retest|SHORT|2025-04-01 14:10:00|2025-04-01 14:25:00|2025-04-01 14:30:00|3128.00,B0_RAW_ALL_SESSION,SHORT,2025-04-01 14:35:00,2025-04-01 14:55:00,Evening 16:00-19:59,RISING,3126.595,3130.66211,3120.49433,406.71,-1.0,50.0,50.0,75.0,0.0,10.0,50.0,0.270462,0.331931,0.331931,-1.270462,-1.331931,False,DOWN,BAD_SIGNAL
1033669|XAUUSD|breakout_retest|LONG|2025-04-01 14:45:00|2025-04-01 14:55:00|2025-04-01 15:00:00|3127.82,B0_RAW_ALL_SESSION,LONG,2025-04-01 15:05:00,2025-04-01 15:20:00,Evening 16:00-19:59,RISING,3129.815,3127.4446,3133.3706,237.04,-1.0,50.0,50.0,75.0,0.0,10.0,50.0,0.464057,0.569524,0.569524,-1.464057,-1.569524,False,DOWN,NEAR_TP_GIVEBACK
1033669|XAUUSD|breakout_retest|SHORT|2025-04-01 14:10:00|2025-04-01 15:25:00|2025-04-01 15:30:00|3128.00,B0_RAW_ALL_SESSION,SHORT,2025-04-01 15:35:00,2025-04-01 15:45:00,Evening 16:00-19:59,RISING,3125.595,3128.85488,3120.70518,325.99,1.5,50.0,50.0,75.0,0.0,10.0,0.0,0.184056,0.260746,0.260746,1.315944,1.239254,False,DOWN,WIN
1033669|XAUUSD|breakout_retest|SHORT|2025-04-01 15:40:00|2025-04-01 15:45:00|2025-04-01 15:50:00|3123.51,B0_RAW_ALL_SESSION,SHORT,2025-04-01 15:55:00,2025-04-01 16:00:00,Evening 16:00-19:59,RISING,3120.625,3124.31216,3115.09425,368.72,1.5,50.0,50.0,75.0,0.0,10.0,0.0,0.162727,0.230529,0.230529,1.337273,1.269471,False,DOWN,WIN
1033669|XAUUSD|breakout_retest|LONG|2025-04-01 18:10:00|2025-04-01 18:20:00|2025-04-01 18:25:00|3114.47,B0_RAW_ALL_SESSION,LONG,2025-04-01 18:30:00,2025-04-01 18:45:00,Night 20:00-05:59,FALLING,3116.245,3114.33093,3119.11611,191.41,-1.0,50.0,50.0,75.0,0.0,10.0,50.0,0.574691,0.705303,0.705303,-1.574691,-1.705303,False,DOWN,BAD_EXIT_GIVEBACK
1033669|XAUUSD|breakout_retest|LONG|2025-04-01 18:25:00|2025-04-01 19:10:00|2025-04-01 19:15:00|3114.47,B0_RAW_ALL_SESSION,LONG,2025-04-01 19:20:00,2025-04-01 19:30:00,Night 20:00-05:59,FALLING,3114.975,3113.54676,3117.11736,142.82,1.5,50.0,50.0,75.0,0.0,10.0,0.0,0.420097,0.595137,0.595137,1.079903,0.904863,False,DOWN,WIN
1033669|XAUUSD|breakout_retest|SHORT|2025-04-01 22:10:00|2025-04-01 22:50:00|2025-04-01 22:55:00|3112.89,B0_RAW_ALL_SESSION,SHORT,2025-04-01 23:00:00,2025-04-01 23:05:00,Night 20:00-05:59,FALLING,3112.245,3113.20952,3110.79822,96.45,-1.0,50.0,50.0,75.0,0.0,10.0,50.0,1.140462,1.399658,1.399658,-2.140462,-2.399658,False,DOWN,BAD_EXIT_GIVEBACK
1033669|XAUUSD|breakout_retest|SHORT|2025-04-01 22:10:00|2025-04-01 23:05:00|2025-04-01 23:10:00|3112.89,B0_RAW_ALL_SESSION,SHORT,2025-04-01 23:15:00,2025-04-01 23:50:00,Night 20:00-05:59,FALLING,3111.838,3113.68536,3109.06696,184.74,-1.0,50.0,50.0,75.0,0.0,10.0,50.0,0.595445,0.730774,0.730774,-1.595445,-1.730774,False,DOWN,BAD_SIGNAL
1033669|XAUUSD|breakout_retest|LONG|2025-04-01 23:55:00|2025-04-02 00:00:00|2025-04-02 00:05:00|3113.75,B0_RAW_ALL_SESSION,LONG,2025-04-02 00:10:00,2025-04-02 00:15:00,Night 20:00-05:59,FALLING,3115.258,3113.17481,3118.38279,208.32,-1.0,50.0,50.0,75.0,0.0,10.0,50.0,0.528036,0.648044,0.648044,-1.528036,-1.648044,False,UP,BAD_SIGNAL
1033669|XAUUSD|breakout_retest|SHORT|2025-04-02 02:55:00|2025-04-02 03:30:00|2025-04-02 03:35:00|3129.05,B0_RAW_ALL_SESSION,SHORT,2025-04-02 03:40:00,2025-04-02 04:35:00,Morning 06:00-11:59,RISING,3126.755,3129.41911,3122.75883,266.41,1.5,50.0,50.0,75.0,0.0,10.0,0.0,0.225216,0.319055,0.319055,1.274784,1.180945,False,UP,WIN
1033669|XAUUSD|breakout_retest|SHORT|2025-04-02 10:50:00|2025-04-02 12:30:00|2025-04-02 12:35:00|3126.78,B0_RAW_ALL_SESSION,SHORT,2025-04-02 12:40:00,2025-04-02 13:35:00,Evening 16:00-19:59,FALLING,3124.255,3127.41663,3119.51256,316.16,-1.0,50.0,50.0,75.0,0.0,10.0,50.0,0.347922,0.426995,0.426995,-1.347922,-1.426995,False,UP,BAD_EXIT_GIVEBACK
1033669|XAUUSD|breakout_retest|LONG|2025-04-02 16:20:00|2025-04-02 16:50:00|2025-04-02 16:55:00|3129.20,B0_RAW_ALL_SESSION,LONG,2025-04-02 17:00:00,2025-04-02 17:25:00,Night 20:00-05:59,RISING,3130.908,3126.67657,3137.25514,423.14,-1.0,50.0,50.0,75.0,0.0,10.0,50.0,0.259959,0.319041,0.319041,-1.259959,-1.319041,False,UP,BAD_SIGNAL
1033669|XAUUSD|breakout_retest|LONG|2025-04-02 19:30:00|2025-04-02 19:35:00|2025-04-02 19:40:00|3126.01,B0_RAW_ALL_SESSION,LONG,2025-04-02 19:45:00,2025-04-02 19:50:00,Night 20:00-05:59,RISING,3127.065,3125.60564,3129.25404,145.94,-1.0,50.0,50.0,75.0,0.0,10.0,50.0,0.753757,0.925065,0.925065,-1.753757,-1.925065,False,UP,BAD_SIGNAL
1033669|XAUUSD|breakout_retest|LONG|2025-04-02 20:35:00|2025-04-02 20:40:00|2025-04-02 20:45:00|3127.07,B0_RAW_ALL_SESSION,LONG,2025-04-02 20:50:00,2025-04-02 20:55:00,Night 20:00-05:59,FALLING,3134.158,3125.03786,3147.8382,912.01,-1.0,50.0,50.0,75.0,0.0,10.0,50.0,0.120612,0.148024,0.148024,-1.120612,-1.148024,False,UP,BAD_SIGNAL
1033669|XAUUSD|breakout_retest|LONG|2025-04-02 22:10:00|2025-04-02 22:35:00|2025-04-02 22:40:00|3141.28,B0_RAW_ALL_SESSION,LONG,2025-04-02 22:45:00,2025-04-02 23:15:00,Night 20:00-05:59,RISING,3144.135,3136.88731,3155.00653,724.77,1.5,50.0,50.0,75.0,0.0,10.0,0.0,0.082785,0.117279,0.117279,1.417215,1.382721,True,UP,WIN
1033669|XAUUSD|breakout_retest|SHORT|2025-04-04 02:25:00|2025-04-04 02:30:00|2025-04-04 02:35:00|3105.82,B0_RAW_ALL_SESSION,SHORT,2025-04-04 02:40:00,2025-04-04 02:45:00,Morning 06:00-11:59,FALLING,3102.185,3106.14664,3096.24255,396.16,1.5,50.0,50.0,75.0,0.0,10.0,0.0,0.151453,0.214558,0.214558,1.348547,1.285442,False,DOWN,WIN
1033669|XAUUSD|breakout_retest|LONG|2025-04-04 02:30:00|2025-04-04 04:05:00|2025-04-04 04:10:00|3097.72,B0_RAW_ALL_SESSION,LONG,2025-04-04 04:15:00,2025-04-04 04:35:00,Morning 06:00-11:59,FALLING,3099.715,3097.2942,3103.3462,242.08,-1.0,50.0,50.0,75.0,0.0,10.0,50.0,0.454395,0.557667,0.557667,-1.454395,-1.557667,False,DOWN,BAD_EXIT_GIVEBACK
1033669|XAUUSD|breakout_retest|LONG|2025-04-04 04:25:00|2025-04-04 04:30:00|2025-04-04 04:35:00|3097.72,B0_RAW_ALL_SESSION,LONG,2025-04-04 04:40:00,2025-04-04 06:00:00,Morning 06:00-11:59,FALLING,3101.108,3096.9364,3107.3654,417.16,1.5,50.0,50.0,75.0,0.0,10.0,0.0,0.14383,0.203759,0.203759,1.35617,1.296241,False,DOWN,WIN
1033669|XAUUSD|breakout_retest|SHORT|2025-04-04 05:40:00|2025-04-04 06:25:00|2025-04-04 06:30:00|3104.18,B0_RAW_ALL_SESSION,SHORT,2025-04-04 06:35:00,2025-04-04 07:05:00,Morning 06:00-11:59,FALLING,3102.285,3104.75371,3098.58193,246.87,1.5,50.0,50.0,75.0,0.0,10.0,0.0,0.243041,0.344309,0.344309,1.256959,1.155691,False,DOWN,WIN
1033669|XAUUSD|breakout_retest|SHORT|2025-04-04 07:20:00|2025-04-04 07:30:00|2025-04-04 07:35:00|3097.89,B0_RAW_ALL_SESSION,SHORT,2025-04-04 07:40:00,2025-04-04 08:05:00,Morning 06:00-11:59,FALLING,3095.718,3100.78967,3088.11049,507.17,1.5,50.0,50.0,75.0,0.0,10.0,0.0,0.118304,0.167598,0.167598,1.381696,1.332402,True,DOWN,WIN
1033669|XAUUSD|breakout_retest|SHORT|2025-04-04 08:00:00|2025-04-04 08:05:00|2025-04-04 08:10:00|3092.61,B0_RAW_ALL_SESSION,SHORT,2025-04-04 08:15:00,2025-04-04 08:25:00,Afternoon 12:00-15:59,FALLING,3090.385,3094.31431,3084.49104,392.93,1.5,50.0,50.0,75.0,0.0,10.0,0.0,0.152699,0.216323,0.216323,1.347301,1.283677,False,DOWN,WIN
1033669|XAUUSD|breakout_retest|SHORT|2025-04-04 08:35:00|2025-04-04 09:35:00|2025-04-04 09:40:00|3092.61,B0_RAW_ALL_SESSION,SHORT,2025-04-04 09:45:00,2025-04-04 09:55:00,Afternoon 12:00-15:59,FALLING,3088.655,3093.25234,3081.75899,459.73,-1.0,50.0,50.0,75.0,0.0,10.0,50.0,0.239269,0.293648,0.293648,-1.239269,-1.293648,False,DOWN,MIXED
1033669|XAUUSD|breakout_retest|SHORT|2025-04-04 08:35:00|2025-04-04 09:50:00|2025-04-04 09:55:00|3092.61,B0_RAW_ALL_SESSION,SHORT,2025-04-04 10:00:00,2025-04-04 10:05:00,Afternoon 12:00-15:59,FALLING,3090.465,3094.91882,3083.78427,445.38,-1.0,50.0,50.0,75.0,0.0,10.0,50.0,0.246979,0.30311,0.30311,-1.246979,-1.30311,False,DOWN,BAD_SIGNAL
1033669|XAUUSD|breakout_retest|LONG|2025-04-04 10:15:00|2025-04-04 10:25:00|2025-04-04 10:30:00|3095.90,B0_RAW_ALL_SESSION,LONG,2025-04-04 10:35:00,2025-04-04 11:10:00,Afternoon 12:00-15:59,FALLING,3106.815,3094.14325,3125.82263,1267.18,1.5,50.0,50.0,75.0,0.0,10.0,0.0,0.047349,0.067078,0.067078,1.452651,1.432922,True,DOWN,WIN
1033669|XAUUSD|breakout_retest|SHORT|2025-04-04 10:20:00|2025-04-04 12:00:00|2025-04-04 12:05:00|3104.18,B0_RAW_ALL_SESSION,SHORT,2025-04-04 12:10:00,2025-04-04 12:40:00,Evening 16:00-19:59,FALLING,3099.755,3112.39052,3080.80172,1263.55,1.5,50.0,50.0,75.0,0.0,10.0,0.0,0.047485,0.067271,0.067271,1.452515,1.432729,True,DOWN,WIN
1033669|XAUUSD|breakout_retest|SHORT|2025-04-04 14:45:00|2025-04-04 15:15:00|2025-04-04 15:20:00|3041.39,B0_RAW_ALL_SESSION,SHORT,2025-04-04 15:25:00,2025-04-04 15:30:00,Evening 16:00-19:59,FALLING,3037.135,3045.31254,3024.86869,817.75,1.5,50.0,50.0,75.0,0.0,10.0,0.0,0.073372,0.103943,0.103943,1.426628,1.396057,True,DOWN,WIN
1033669|XAUUSD|breakout_retest|SHORT|2025-04-04 15:40:00|2025-04-04 16:15:00|2025-04-04 16:20:00|3026.64,B0_RAW_ALL_SESSION,SHORT,2025-04-04 16:25:00,2025-04-04 16:30:00,Night 20:00-05:59,FALLING,3020.585,3028.88139,3008.14042,829.64,-1.0,50.0,50.0,75.0,0.0,10.0,50.0,0.132588,0.162721,0.162721,-1.132588,-1.162721,False,DOWN,BAD_SIGNAL
1033669|XAUUSD|breakout_retest|SHORT|2025-04-04 15:40:00|2025-04-04 17:15:00|2025-04-04 17:20:00|3026.64,B0_RAW_ALL_SESSION,SHORT,2025-04-04 17:25:00,2025-04-04 17:45:00,Night 20:00-05:59,FALLING,3022.645,3028.28939,3014.17842,564.44,-1.0,50.0,50.0,75.0,0.0,10.0,50.0,0.194884,0.239176,0.239176,-1.194884,-1.239176,False,DOWN,NEAR_TP_GIVEBACK
1033669|XAUUSD|breakout_retest|LONG|2025-04-04 19:00:00|2025-04-04 19:15:00|2025-04-04 19:20:00|3025.91,B0_RAW_ALL_SESSION,LONG,2025-04-04 19:25:00,2025-04-06 22:05:00,Night 20:00-05:59,FALLING,3032.235,3021.45735,3048.40148,1077.76,-1.0,50.0,50.0,75.0,0.0,10.0,50.0,0.102063,0.125259,0.125259,-1.102063,-1.125259,True,DOWN,BAD_EXIT_GIVEBACK
1033669|XAUUSD|breakout_retest|LONG|2025-04-11 02:20:00|2025-04-11 02:30:00|2025-04-11 02:35:00|3215.91,B0_RAW_ALL_SESSION,LONG,2025-04-11 02:40:00,2025-04-11 02:45:00,Morning 06:00-11:59,RISING,3219.555,3214.80023,3226.68716,475.48,-1.0,50.0,50.0,75.0,0.0,10.0,50.0,0.231347,0.283925,0.283925,-1.231347,-1.283925,False,UP,BAD_SIGNAL
1033669|XAUUSD|breakout_retest|LONG|2025-04-11 02:20:00|2025-04-11 02:40:00|2025-04-11 02:45:00|3215.91,B0_RAW_ALL_SESSION,LONG,2025-04-11 02:50:00,2025-04-11 03:05:00,Morning 06:00-11:59,RISING,3217.025,3213.99737,3221.56644,302.76,-1.0,50.0,50.0,75.0,0.0,10.0,50.0,0.363321,0.445894,0.445894,-1.363321,-1.445894,False,UP,BAD_EXIT_GIVEBACK
1033669|XAUUSD|breakout_retest|LONG|2025-04-11 02:20:00|2025-04-11 03:10:00|2025-04-11 03:15:00|3215.91,B0_RAW_ALL_SESSION,LONG,2025-04-11 03:20:00,2025-04-11 03:25:00,Morning 06:00-11:59,RISING,3218.425,3214.57373,3224.20191,385.13,-1.0,50.0,50.0,75.0,0.0,10.0,50.0,0.28562,0.350534,0.350534,-1.28562,-1.350534,False,UP,BAD_SIGNAL
1033669|XAUUSD|breakout_retest|LONG|2025-04-11 02:20:00|2025-04-11 03:20:00|2025-04-11 03:25:00|3215.91,B0_RAW_ALL_SESSION,LONG,2025-04-11 03:30:00,2025-04-11 04:20:00,Morning 06:00-11:59,RISING,3218.165,3214.12637,3224.22294,403.86,-1.0,50.0,50.0,75.0,0.0,10.0,50.0,0.27237,0.334272,0.334272,-1.27237,-1.334272,False,UP,BAD_SIGNAL
1033669|XAUUSD|breakout_retest|SHORT|2025-04-11 05:05:00|2025-04-11 05:35:00|2025-04-11 05:40:00|3210.36,B0_RAW_ALL_SESSION,SHORT,2025-04-11 05:45:00,2025-04-11 05:50:00,Morning 06:00-11:59,RISING,3206.635,3213.91986,3195.70771,728.49,1.5,50.0,50.0,75.0,0.0,10.0,0.0,0.082363,0.11668,0.11668,1.417637,1.38332,True,UP,WIN
1033669|XAUUSD|breakout_retest|SHORT|2025-04-11 05:40:00|2025-04-11 06:45:00|2025-04-11 06:50:00|3203.59,B0_RAW_ALL_SESSION,SHORT,2025-04-11 06:55:00,2025-04-11 07:10:00,Morning 06:00-11:59,RISING,3200.815,3207.97779,3190.07082,716.28,-1.0,50.0,50.0,75.0,0.0,10.0,50.0,0.153572,0.188474,0.188474,-1.153572,-1.188474,False,UP,BAD_EXIT_GIVEBACK
1033669|XAUUSD|breakout_retest|LONG|2025-04-11 08:15:00|2025-04-11 09:30:00|2025-04-11 09:35:00|3212.86,B0_RAW_ALL_SESSION,LONG,2025-04-11 09:40:00,2025-04-11 09:50:00,Afternoon 12:00-15:59,RISING,3216.255,3210.88557,3224.30914,536.94,1.5,50.0,50.0,75.0,0.0,10.0,0.0,0.111744,0.158304,0.158304,1.388256,1.341696,True,UP,WIN
1033669|XAUUSD|breakout_retest|LONG|2025-04-11 12:40:00|2025-04-11 12:45:00|2025-04-11 12:50:00|3224.57,B0_RAW_ALL_SESSION,LONG,2025-04-11 12:55:00,2025-04-11 13:05:00,Evening 16:00-19:59,RISING,3226.975,3222.24914,3234.06379,472.59,1.5,50.0,50.0,75.0,0.0,10.0,0.0,0.126961,0.179862,0.179862,1.373039,1.320138,False,UP,WIN
1033669|XAUUSD|breakout_retest|LONG|2025-04-11 12:55:00|2025-04-11 13:00:00|2025-04-11 13:05:00|3229.97,B0_RAW_ALL_SESSION,LONG,2025-04-11 13:10:00,2025-04-11 13:25:00,Evening 16:00-19:59,RISING,3235.135,3228.46336,3245.14246,667.16,-1.0,50.0,50.0,75.0,0.0,10.0,50.0,0.164877,0.202349,0.202349,-1.164877,-1.202349,False,UP,BAD_SIGNAL
1033669|XAUUSD|breakout_retest|LONG|2025-04-11 13:10:00|2025-04-11 13:25:00|2025-04-11 13:30:00|3229.97,B0_RAW_ALL_SESSION,LONG,2025-04-11 13:35:00,2025-04-11 13:40:00,Evening 16:00-19:59,RISING,3232.345,3227.33764,3239.85604,500.74,1.5,50.0,50.0,75.0,0.0,10.0,0.0,0.119824,0.16975,0.16975,1.380176,1.33025,True,UP,WIN
1033669|XAUUSD|breakout_retest|LONG|2025-04-11 13:10:00|2025-04-11 14:05:00|2025-04-11 14:10:00|3229.97,B0_RAW_ALL_SESSION,LONG,2025-04-11 14:15:00,2025-04-11 14:40:00,Evening 16:00-19:59,RISING,3233.485,3224.06668,3247.61248,941.83,-1.0,50.0,50.0,75.0,0.0,10.0,50.0,0.116794,0.143338,0.143338,-1.116794,-1.143338,True,UP,BAD_SIGNAL
1033669|XAUUSD|breakout_retest|LONG|2025-04-11 15:30:00|2025-04-11 15:45:00|2025-04-11 15:50:00|3237.45,B0_RAW_ALL_SESSION,LONG,2025-04-11 15:55:00,2025-04-11 16:30:00,Evening 16:00-19:59,RISING,3240.155,3235.88391,3246.56164,427.11,-1.0,50.0,50.0,75.0,0.0,10.0,50.0,0.257545,0.316078,0.316078,-1.257545,-1.316078,False,UP,BAD_EXIT_GIVEBACK
1033669|XAUUSD|breakout_retest|LONG|2025-04-11 18:00:00|2025-04-11 18:25:00|2025-04-11 18:30:00|3235.14,B0_RAW_ALL_SESSION,LONG,2025-04-11 18:35:00,2025-04-11 19:05:00,Night 20:00-05:59,RISING,3236.465,3233.19963,3241.36306,326.54,-1.0,50.0,50.0,75.0,0.0,10.0,50.0,0.336868,0.413429,0.413429,-1.336868,-1.413429,False,UP,BAD_SIGNAL
1033669|XAUUSD|breakout_retest|SHORT|2025-04-11 19:20:00|2025-04-11 19:30:00|2025-04-11 19:35:00|3230.80,B0_RAW_ALL_SESSION,SHORT,2025-04-11 19:40:00,2025-04-11 19:55:00,Night 20:00-05:59,RISING,3229.135,3231.43126,3225.69061,229.63,-1.0,50.0,50.0,75.0,0.0,10.0,50.0,0.47904,0.587913,0.587913,-1.47904,-1.587913,False,UP,MIXED
1033669|XAUUSD|breakout_retest|LONG|2025-04-14 01:25:00|2025-04-14 01:30:00|2025-04-14 01:35:00|3227.14,B0_RAW_ALL_SESSION,LONG,2025-04-14 01:40:00,2025-04-14 05:05:00,Night 20:00-05:59,FALLING,3234.885,3225.83533,3248.45951,904.97,-1.0,50.0,50.0,75.0,0.0,10.0,50.0,0.121551,0.149177,0.149177,-1.121551,-1.149177,False,DOWN,BAD_EXIT_GIVEBACK
1033669|XAUUSD|breakout_retest|SHORT|2025-04-14 05:30:00|2025-04-14 05:35:00|2025-04-14 05:40:00|3230.76,B0_RAW_ALL_SESSION,SHORT,2025-04-14 05:45:00,2025-04-14 05:55:00,Morning 06:00-11:59,FALLING,3225.335,3231.54421,3216.02118,620.92,-1.0,50.0,50.0,75.0,0.0,10.0,50.0,0.177156,0.217419,0.217419,-1.177156,-1.217419,False,DOWN,BAD_SIGNAL
1033669|XAUUSD|breakout_retest|SHORT|2025-04-14 05:20:00|2025-04-14 06:55:00|2025-04-14 07:00:00|3230.76,B0_RAW_ALL_SESSION,SHORT,2025-04-14 07:05:00,2025-04-14 07:25:00,Morning 06:00-11:59,FALLING,3228.545,3231.50571,3224.10393,296.07,-1.0,50.0,50.0,75.0,0.0,10.0,50.0,0.371532,0.455971,0.455971,-1.371532,-1.455971,False,DOWN,BAD_SIGNAL
1033669|XAUUSD|breakout_retest|SHORT|2025-04-14 07:50:00|2025-04-14 07:55:00|2025-04-14 08:00:00|3228.03,B0_RAW_ALL_SESSION,SHORT,2025-04-14 08:05:00,2025-04-14 08:15:00,Afternoon 12:00-15:59,FALLING,3224.505,3229.02521,3217.72468,452.02,1.5,50.0,50.0,75.0,0.0,10.0,0.0,0.132737,0.188044,0.188044,1.367263,1.311956,False,DOWN,WIN
1033669|XAUUSD|breakout_retest|SHORT|2025-04-14 08:10:00|2025-04-14 09:15:00|2025-04-14 09:20:00|3228.03,B0_RAW_ALL_SESSION,SHORT,2025-04-14 09:25:00,2025-04-14 10:20:00,Afternoon 12:00-15:59,FALLING,3226.695,3231.9635,3218.79225,526.85,1.5,50.0,50.0,75.0,0.0,10.0,0.0,0.113884,0.161336,0.161336,1.386116,1.338664,True,DOWN,WIN
1033669|XAUUSD|breakout_retest|SHORT|2025-04-14 12:55:00|2025-04-14 13:00:00|2025-04-14 13:05:00|3209.20,B0_RAW_ALL_SESSION,SHORT,2025-04-14 13:10:00,2025-04-14 13:20:00,Evening 16:00-19:59,FALLING,3204.545,3211.21179,3194.54482,666.68,1.5,50.0,50.0,75.0,0.0,10.0,0.0,0.089998,0.127498,0.127498,1.410002,1.372502,True,DOWN,WIN
1033669|XAUUSD|breakout_retest|SHORT|2025-04-14 13:35:00|2025-04-14 13:45:00|2025-04-14 13:50:00|3209.20,B0_RAW_ALL_SESSION,SHORT,2025-04-14 13:55:00,2025-04-14 14:05:00,Evening 16:00-19:59,FALLING,3205.925,3210.09821,3199.66518,417.32,1.5,50.0,50.0,75.0,0.0,10.0,0.0,0.143774,0.20368,0.20368,1.356226,1.29632,False,DOWN,WIN
1033669|XAUUSD|breakout_retest|SHORT|2025-04-14 14:25:00|2025-04-14 14:35:00|2025-04-14 14:40:00|3209.20,B0_RAW_ALL_SESSION,SHORT,2025-04-14 14:45:00,2025-04-14 14:50:00,Evening 16:00-19:59,FALLING,3207.275,3210.07754,3203.07119,280.25,-1.0,50.0,50.0,75.0,0.0,10.0,50.0,0.392501,0.481705,0.481705,-1.392501,-1.481705,False,DOWN,BAD_SIGNAL
1033669|XAUUSD|breakout_retest|SHORT|2025-04-14 14:25:00|2025-04-14 15:05:00|2025-04-14 15:10:00|3209.20,B0_RAW_ALL_SESSION,SHORT,2025-04-14 15:15:00,2025-04-14 15:40:00,Evening 16:00-19:59,FALLING,3206.575,3209.87271,3201.62843,329.77,1.5,50.0,50.0,75.0,0.0,10.0,0.0,0.181944,0.257754,0.257754,1.318056,1.242246,False,DOWN,WIN
1033669|XAUUSD|breakout_retest|SHORT|2025-04-14 17:00:00|2025-04-14 18:30:00|2025-04-14 18:35:00|3209.20,B0_RAW_ALL_SESSION,SHORT,2025-04-14 18:40:00,2025-04-14 19:25:00,Night 20:00-05:59,FALLING,3205.545,3211.30279,3196.90832,575.78,-1.0,50.0,50.0,75.0,0.0,10.0,50.0,0.191046,0.234465,0.234465,-1.191046,-1.234465,False,DOWN,MIXED
1033669|XAUUSD|breakout_retest|SHORT|2025-04-15 05:15:00|2025-04-15 05:20:00|2025-04-15 05:25:00|3226.72,B0_RAW_ALL_SESSION,SHORT,2025-04-15 05:30:00,2025-04-15 05:40:00,Morning 06:00-11:59,RISING,3224.755,3227.101,3221.236,234.6,-1.0,50.0,50.0,75.0,0.0,10.0,50.0,0.468883,0.575448,0.575448,-1.468883,-1.575448,False,UP,MIXED
1033669|XAUUSD|breakout_retest|SHORT|2025-04-15 05:30:00|2025-04-15 05:35:00|2025-04-15 05:40:00|3226.72,B0_RAW_ALL_SESSION,SHORT,2025-04-15 05:45:00,2025-04-15 06:15:00,Morning 06:00-11:59,RISING,3223.995,3227.45214,3218.80929,345.71,-1.0,50.0,50.0,75.0,0.0,10.0,50.0,0.318182,0.390496,0.390496,-1.318182,-1.390496,False,UP,BAD_EXIT_GIVEBACK
1033669|XAUUSD|breakout_retest|SHORT|2025-04-15 05:40:00|2025-04-15 06:45:00|2025-04-15 06:50:00|3226.72,B0_RAW_ALL_SESSION,SHORT,2025-04-15 06:55:00,2025-04-15 07:35:00,Morning 06:00-11:59,RISING,3224.195,3228.40836,3217.87496,421.34,1.5,50.0,50.0,75.0,0.0,10.0,0.0,0.142404,0.201739,0.201739,1.357596,1.298261,False,UP,WIN
1033669|XAUUSD|breakout_retest|SHORT|2025-04-15 07:35:00|2025-04-15 07:40:00|2025-04-15 07:45:00|3220.59,B0_RAW_ALL_SESSION,SHORT,2025-04-15 07:50:00,2025-04-15 07:55:00,Morning 06:00-11:59,RISING,3218.435,3221.01871,3214.55943,258.37,-1.0,50.0,50.0,75.0,0.0,10.0,50.0,0.425744,0.522504,0.522504,-1.425744,-1.522504,False,UP,BAD_SIGNAL
1033669|XAUUSD|breakout_retest|LONG|2025-04-15 08:15:00|2025-04-15 08:25:00|2025-04-15 08:30:00|3228.51,B0_RAW_ALL_SESSION,LONG,2025-04-15 08:35:00,2025-04-15 08:40:00,Afternoon 12:00-15:59,RISING,3232.015,3228.16436,3237.79096,385.06,-1.0,50.0,50.0,75.0,0.0,10.0,50.0,0.285667,0.350591,0.350591,-1.285667,-1.350591,False,UP,BAD_SIGNAL
1033669|XAUUSD|breakout_retest|SHORT|2025-04-15 09:50:00|2025-04-15 10:15:00|2025-04-15 10:20:00|3225.30,B0_RAW_ALL_SESSION,SHORT,2025-04-15 10:25:00,2025-04-15 10:40:00,Afternoon 12:00-15:59,RISING,3224.695,3226.35243,3222.20886,165.74,1.5,50.0,50.0,75.0,0.0,10.0,0.0,0.362007,0.512843,0.512843,1.137993,0.987157,False,UP,WIN
1033669|XAUUSD|breakout_retest|SHORT|2025-04-15 11:40:00|2025-04-15 12:25:00|2025-04-15 12:30:00|3219.38,B0_RAW_ALL_SESSION,SHORT,2025-04-15 12:35:00,2025-04-15 12:45:00,Evening 16:00-19:59,FALLING,3214.065,3219.72493,3205.57511,565.99,-1.0,50.0,50.0,75.0,0.0,10.0,50.0,0.194349,0.238519,0.238519,-1.194349,-1.238519,False,UP,BAD_SIGNAL
1033669|XAUUSD|breakout_retest|LONG|2025-04-15 22:15:00|2025-04-15 22:20:00|2025-04-15 22:25:00|3231.38,B0_RAW_ALL_SESSION,LONG,2025-04-15 22:30:00,2025-04-15 22:35:00,Night 20:00-05:59,RISING,3232.375,3231.19121,3234.15068,118.38,1.5,50.0,50.0,75.0,0.0,10.0,0.0,0.506848,0.718035,0.718035,0.993152,0.781965,False,UP,WIN
1033669|XAUUSD|breakout_retest|LONG|2025-04-16 01:00:00|2025-04-16 01:35:00|2025-04-16 01:40:00|3261.80,B0_RAW_ALL_SESSION,LONG,2025-04-16 01:45:00,2025-04-16 02:05:00,Night 20:00-05:59,RISING,3263.555,3257.64264,3272.42354,591.24,1.5,50.0,50.0,75.0,0.0,10.0,0.0,0.101482,0.143767,0.143767,1.398518,1.356233,True,UP,WIN
1033669|XAUUSD|breakout_retest|LONG|2025-04-16 03:55:00|2025-04-16 04:40:00|2025-04-16 04:45:00|3273.95,B0_RAW_ALL_SESSION,LONG,2025-04-16 04:50:00,2025-04-16 06:25:00,Morning 06:00-11:59,RISING,3280.005,3272.06171,3291.91993,794.33,1.5,50.0,50.0,75.0,0.0,10.0,0.0,0.075535,0.107009,0.107009,1.424465,1.392991,True,UP,WIN
1033669|XAUUSD|breakout_retest|LONG|2025-04-16 06:30:00|2025-04-16 07:05:00|2025-04-16 07:10:00|3291.59,B0_RAW_ALL_SESSION,LONG,2025-04-16 07:15:00,2025-04-16 08:05:00,Morning 06:00-11:59,RISING,3297.315,3291.13086,3306.59121,618.41,1.5,50.0,50.0,75.0,0.0,10.0,0.0,0.097022,0.137448,0.137448,1.402978,1.362552,True,UP,WIN
1033669|XAUUSD|breakout_retest|LONG|2025-04-16 08:10:00|2025-04-16 08:45:00|2025-04-16 08:50:00|3297.86,B0_RAW_ALL_SESSION,LONG,2025-04-16 08:55:00,2025-04-16 15:45:00,Afternoon 12:00-15:59,RISING,3303.519,3290.09351,3323.65723,1342.55,1.5,50.0,50.0,75.0,0.0,10.0,0.0,0.044691,0.063312,0.063312,1.455309,1.436688,True,UP,WIN
1033669|XAUUSD|breakout_retest|SHORT|2025-04-17 00:00:00|2025-04-17 00:25:00|2025-04-17 00:30:00|3348.74,B0_RAW_ALL_SESSION,SHORT,2025-04-17 00:35:00,2025-04-17 01:15:00,Night 20:00-05:59,RISING,3345.015,3349.61607,3338.11339,460.11,-1.0,50.0,50.0,75.0,0.0,10.0,50.0,0.239075,0.29341,0.29341,-1.239075,-1.29341,False,DOWN,MIXED
1033669|XAUUSD|breakout_retest|SHORT|2025-04-17 00:00:00|2025-04-17 01:25:00|2025-04-17 01:30:00|3348.74,B0_RAW_ALL_SESSION,SHORT,2025-04-17 01:35:00,2025-04-17 01:40:00,Night 20:00-05:59,RISING,3347.375,3354.24931,3337.06353,687.43,1.5,50.0,50.0,75.0,0.0,10.0,0.0,0.087281,0.123649,0.123649,1.412719,1.376351,True,DOWN,WIN
1033669|XAUUSD|breakout_retest|SHORT|2025-04-17 01:35:00|2025-04-17 01:45:00|2025-04-17 01:50:00|3341.80,B0_RAW_ALL_SESSION,SHORT,2025-04-17 01:55:00,2025-04-17 03:55:00,Night 20:00-05:59,RISING,3327.825,3343.20381,3304.75678,1537.88,-1.0,50.0,50.0,75.0,0.0,10.0,50.0,0.071527,0.087783,0.087783,-1.071527,-1.087783,True,DOWN,BAD_SIGNAL
1033669|XAUUSD|breakout_retest|LONG|2025-04-17 03:55:00|2025-04-17 04:00:00|2025-04-17 04:05:00|3339.78,B0_RAW_ALL_SESSION,LONG,2025-04-17 04:10:00,2025-04-17 04:35:00,Morning 06:00-11:59,RISING,3344.045,3338.19757,3352.81614,584.74,-1.0,50.0,50.0,75.0,0.0,10.0,50.0,0.188117,0.230871,0.230871,-1.188117,-1.230871,False,DOWN,BAD_SIGNAL
1033669|XAUUSD|breakout_retest|LONG|2025-04-17 03:50:00|2025-04-17 04:55:00|2025-04-17 05:00:00|3339.78,B0_RAW_ALL_SESSION,LONG,2025-04-17 05:05:00,2025-04-17 05:10:00,Morning 06:00-11:59,RISING,3341.535,3338.95064,3345.41154,258.44,-1.0,50.0,50.0,75.0,0.0,10.0,50.0,0.425638,0.522374,0.522374,-1.425638,-1.522374,False,DOWN,MIXED
1033669|XAUUSD|breakout_retest|SHORT|2025-04-17 05:10:00|2025-04-17 05:20:00|2025-04-17 05:25:00|3338.51,B0_RAW_ALL_SESSION,SHORT,2025-04-17 05:30:00,2025-04-17 05:35:00,Morning 06:00-11:59,RISING,3337.865,3339.88507,3334.83489,202.01,1.5,50.0,50.0,75.0,0.0,10.0,0.0,0.297019,0.420777,0.420777,1.202981,1.079223,False,DOWN,WIN
1033669|XAUUSD|breakout_retest|SHORT|2025-04-17 07:15:00|2025-04-17 07:40:00|2025-04-17 07:45:00|3325.07,B0_RAW_ALL_SESSION,SHORT,2025-04-17 07:50:00,2025-04-17 08:35:00,Morning 06:00-11:59,RISING,3321.725,3325.55406,3315.98141,382.91,1.5,50.0,50.0,75.0,0.0,10.0,0.0,0.156697,0.221987,0.221987,1.343303,1.278013,False,DOWN,WIN
1033669|XAUUSD|breakout_retest|SHORT|2025-04-17 11:45:00|2025-04-17 12:45:00|2025-04-17 12:50:00|3325.93,B0_RAW_ALL_SESSION,SHORT,2025-04-17 12:55:00,2025-04-17 13:00:00,Evening 16:00-19:59,FALLING,3323.475,3327.95147,3316.76029,447.65,-1.0,50.0,50.0,75.0,0.0,10.0,50.0,0.245729,0.301577,0.301577,-1.245729,-1.301577,False,DOWN,BAD_SIGNAL
1033669|XAUUSD|breakout_retest|SHORT|2025-04-17 11:45:00|2025-04-17 13:20:00|2025-04-17 13:25:00|3325.93,B0_RAW_ALL_SESSION,SHORT,2025-04-17 13:30:00,2025-04-17 13:40:00,Evening 16:00-19:59,RISING,3321.275,3326.54843,3313.36486,527.34,-1.0,50.0,50.0,75.0,0.0,10.0,50.0,0.208593,0.256,0.256,-1.208593,-1.256,False,DOWN,BAD_SIGNAL
1033669|XAUUSD|breakout_retest|LONG|2025-04-17 19:55:00|2025-04-17 20:00:00|2025-04-17 20:05:00|3317.78,B0_RAW_ALL_SESSION,LONG,2025-04-17 20:10:00,2025-04-17 20:40:00,Night 20:00-05:59,FALLING,3320.805,3317.56457,3325.66564,324.04,1.5,50.0,50.0,75.0,0.0,10.0,0.0,0.185161,0.262311,0.262311,1.314839,1.237689,False,DOWN,WIN
1033669|XAUUSD|breakout_retest|LONG|2025-04-21 00:30:00|2025-04-21 00:35:00|2025-04-21 00:40:00|3357.45,B0_RAW_ALL_SESSION,LONG,2025-04-21 00:45:00,2025-04-21 01:10:00,Night 20:00-05:59,RISING,3364.255,3356.92331,3375.25253,733.17,1.5,50.0,50.0,75.0,0.0,10.0,0.0,0.081837,0.115935,0.115935,1.418163,1.384065,True,UP,WIN
1033669|XAUUSD|breakout_retest|LONG|2025-04-21 02:05:00|2025-04-21 02:10:00|2025-04-21 02:15:00|3376.34,B0_RAW_ALL_SESSION,LONG,2025-04-21 02:20:00,2025-04-21 04:15:00,Morning 06:00-11:59,RISING,3378.235,3373.50929,3385.32357,472.57,-1.0,50.0,50.0,75.0,0.0,10.0,50.0,0.232769,0.285671,0.285671,-1.232769,-1.285671,False,UP,NEAR_TP_GIVEBACK
1033669|XAUUSD|breakout_retest|LONG|2025-04-21 06:00:00|2025-04-21 06:05:00|2025-04-21 06:10:00|3384.18,B0_RAW_ALL_SESSION,LONG,2025-04-21 06:15:00,2025-04-21 07:55:00,Morning 06:00-11:59,RISING,3388.575,3381.72921,3398.84368,684.58,-1.0,50.0,50.0,75.0,0.0,10.0,50.0,0.160683,0.197202,0.197202,-1.160683,-1.197202,False,UP,BAD_EXIT_GIVEBACK
1033669|XAUUSD|breakout_retest|LONG|2025-04-21 07:15:00|2025-04-21 07:55:00|2025-04-21 08:00:00|3384.18,B0_RAW_ALL_SESSION,LONG,2025-04-21 08:05:00,2025-04-21 08:35:00,Afternoon 12:00-15:59,RISING,3386.005,3383.31664,3390.03754,268.84,1.5,50.0,50.0,75.0,0.0,10.0,0.0,0.223185,0.316178,0.316178,1.276815,1.183822,False,UP,WIN
1033669|XAUUSD|breakout_retest|LONG|2025-04-21 13:00:00|2025-04-21 13:35:00|2025-04-21 13:40:00|3407.70,B0_RAW_ALL_SESSION,LONG,2025-04-21 13:45:00,2025-04-21 14:10:00,Evening 16:00-19:59,RISING,3414.385,3404.54953,3429.13821,983.55,1.5,50.0,50.0,75.0,0.0,10.0,0.0,0.061004,0.086422,0.086422,1.438996,1.413578,True,UP,WIN
1033669|XAUUSD|breakout_retest|LONG|2025-04-22 02:00:00|2025-04-22 02:05:00|2025-04-22 02:10:00|3444.05,B0_RAW_ALL_SESSION,LONG,2025-04-22 02:15:00,2025-04-22 02:35:00,Morning 06:00-11:59,RISING,3448.455,3442.24936,3457.76346,620.56,1.5,50.0,50.0,75.0,0.0,10.0,0.0,0.096686,0.136972,0.136972,1.403314,1.363028,True,DOWN,WIN
1033669|XAUUSD|breakout_retest|LONG|2025-04-22 08:50:00|2025-04-22 09:00:00|2025-04-22 09:05:00|3444.05,B0_RAW_ALL_SESSION,LONG,2025-04-22 09:10:00,2025-04-22 10:10:00,Afternoon 12:00-15:59,RISING,3452.665,3442.98871,3467.17943,967.63,1.5,50.0,50.0,75.0,0.0,10.0,0.0,0.062007,0.087844,0.087844,1.437993,1.412156,True,DOWN,WIN
1033669|XAUUSD|breakout_retest|SHORT|2025-04-22 13:00:00|2025-04-22 13:25:00|2025-04-22 13:30:00|3447.84,B0_RAW_ALL_SESSION,SHORT,2025-04-22 13:35:00,2025-04-22 13:40:00,Evening 16:00-19:59,RISING,3443.375,3450.41107,3432.82089,703.61,1.5,50.0,50.0,75.0,0.0,10.0,0.0,0.085275,0.120806,0.120806,1.414725,1.379194,True,DOWN,WIN
1033669|XAUUSD|breakout_retest|SHORT|2025-04-22 16:35:00|2025-04-22 17:25:00|2025-04-22 17:30:00|3410.05,B0_RAW_ALL_SESSION,SHORT,2025-04-22 17:35:00,2025-04-22 18:25:00,Night 20:00-05:59,FALLING,3402.685,3411.08121,3390.09068,839.62,1.5,50.0,50.0,75.0,0.0,10.0,0.0,0.071461,0.101236,0.101236,1.428539,1.398764,True,DOWN,WIN
1033669|XAUUSD|breakout_retest|SHORT|2025-04-22 23:10:00|2025-04-22 23:15:00|2025-04-22 23:20:00|3347.28,B0_RAW_ALL_SESSION,SHORT,2025-04-22 23:25:00,2025-04-23 00:30:00,Night 20:00-05:59,FALLING,3340.735,3350.69091,3325.80113,995.59,-1.0,50.0,50.0,75.0,0.0,10.0,50.0,0.110487,0.135598,0.135598,-1.110487,-1.135598,True,DOWN,BAD_EXIT_GIVEBACK
1033669|XAUUSD|breakout_retest|LONG|2025-04-23 01:40:00|2025-04-23 01:45:00|2025-04-23 01:50:00|3380.26,B0_RAW_ALL_SESSION,LONG,2025-04-23 01:55:00,2025-04-23 02:05:00,Night 20:00-05:59,FALLING,3386.385,3377.10307,3400.30789,928.19,-1.0,50.0,50.0,75.0,0.0,10.0,50.0,0.11851,0.145444,0.145444,-1.11851,-1.145444,True,DOWN,BAD_SIGNAL
1033669|XAUUSD|breakout_retest|SHORT|2025-04-23 06:55:00|2025-04-23 07:10:00|2025-04-23 07:15:00|3308.00,B0_RAW_ALL_SESSION,SHORT,2025-04-23 07:20:00,2025-04-23 07:35:00,Morning 06:00-11:59,FALLING,3305.765,3311.47921,3297.19368,571.42,-1.0,50.0,50.0,75.0,0.0,10.0,50.0,0.192502,0.236253,0.236253,-1.192502,-1.236253,False,DOWN,BAD_SIGNAL
1033669|XAUUSD|breakout_retest|LONG|2025-04-23 09:15:00|2025-04-23 10:00:00|2025-04-23 10:05:00|3320.22,B0_RAW_ALL_SESSION,LONG,2025-04-23 10:10:00,2025-04-23 12:15:00,Afternoon 12:00-15:59,FALLING,3326.935,3315.85614,3343.55329,1107.89,-1.0,50.0,50.0,75.0,0.0,10.0,50.0,0.099288,0.121854,0.121854,-1.099288,-1.121854,True,DOWN,BAD_EXIT_GIVEBACK
1033669|XAUUSD|breakout_retest|SHORT|2025-04-23 12:05:00|2025-04-23 12:40:00|2025-04-23 12:45:00|3321.34,B0_RAW_ALL_SESSION,SHORT,2025-04-23 12:50:00,2025-04-23 13:05:00,Evening 16:00-19:59,FALLING,3317.365,3325.22686,3305.57221,786.19,1.5,50.0,50.0,75.0,0.0,10.0,0.0,0.076318,0.108117,0.108117,1.423682,1.391883,True,DOWN,WIN
1033669|XAUUSD|breakout_retest|SHORT|2025-04-23 12:55:00|2025-04-23 13:00:00|2025-04-23 13:05:00|3312.62,B0_RAW_ALL_SESSION,SHORT,2025-04-23 13:10:00,2025-04-23 13:40:00,Evening 16:00-19:59,FALLING,3305.315,3314.21621,3291.96318,890.12,1.5,50.0,50.0,75.0,0.0,10.0,0.0,0.067407,0.095493,0.095493,1.432593,1.404507,True,DOWN,WIN
1033669|XAUUSD|breakout_retest|LONG|2025-04-23 16:35:00|2025-04-23 16:40:00|2025-04-23 16:45:00|3296.09,B0_RAW_ALL_SESSION,LONG,2025-04-23 16:50:00,2025-04-23 17:00:00,Night 20:00-05:59,FALLING,3299.635,3295.00414,3306.58129,463.09,-1.0,50.0,50.0,75.0,0.0,10.0,50.0,0.237537,0.291523,0.291523,-1.237537,-1.291523,False,DOWN,BAD_EXIT_GIVEBACK
1033669|XAUUSD|breakout_retest|LONG|2025-04-23 19:40:00|2025-04-23 20:40:00|2025-04-23 20:45:00|3286.78,B0_RAW_ALL_SESSION,LONG,2025-04-23 20:50:00,2025-04-23 22:05:00,Night 20:00-05:59,FALLING,3288.945,3285.55843,3294.02486,338.66,1.5,50.0,50.0,75.0,0.0,10.0,0.0,0.17717,0.250991,0.250991,1.32283,1.249009,False,DOWN,WIN
1033669|XAUUSD|breakout_retest|SHORT|2025-04-23 22:30:00|2025-04-23 22:45:00|2025-04-23 22:50:00|3312.62,B0_RAW_ALL_SESSION,SHORT,2025-04-23 22:55:00,2025-04-23 23:55:00,Night 20:00-05:59,FALLING,3310.645,3314.987,3304.132,434.2,-1.0,50.0,50.0,75.0,0.0,10.0,50.0,0.253339,0.310917,0.310917,-1.253339,-1.310917,False,DOWN,MIXED
1033669|XAUUSD|breakout_retest|LONG|2025-04-24 01:20:00|2025-04-24 01:30:00|2025-04-24 01:35:00|3357.45,B0_RAW_ALL_SESSION,LONG,2025-04-24 01:40:00,2025-04-24 01:55:00,Night 20:00-05:59,RISING,3361.065,3355.84679,3368.89232,521.82,-1.0,50.0,50.0,75.0,0.0,10.0,50.0,0.2108,0.258709,0.258709,-1.2108,-1.258709,False,UP,BAD_EXIT_GIVEBACK
1033669|XAUUSD|breakout_retest|LONG|2025-04-24 01:30:00|2025-04-24 02:40:00|2025-04-24 02:45:00|3338.82,B0_RAW_ALL_SESSION,LONG,2025-04-24 02:50:00,2025-04-24 03:15:00,Morning 06:00-11:59,RISING,3342.875,3334.83809,3354.93036,803.69,-1.0,50.0,50.0,75.0,0.0,10.0,50.0,0.136869,0.167975,0.167975,-1.136869,-1.167975,False,UP,BAD_SIGNAL
1033669|XAUUSD|breakout_retest|SHORT|2025-04-24 05:25:00|2025-04-24 06:10:00|2025-04-24 06:15:00|3325.49,B0_RAW_ALL_SESSION,SHORT,2025-04-24 06:20:00,2025-04-24 07:05:00,Morning 06:00-11:59,RISING,3321.965,3328.06114,3312.82079,609.61,-1.0,50.0,50.0,75.0,0.0,10.0,50.0,0.180442,0.221452,0.221452,-1.180442,-1.221452,False,UP,BAD_EXIT_GIVEBACK
1033669|XAUUSD|breakout_retest|LONG|2025-04-24 05:35:00|2025-04-24 07:00:00|2025-04-24 07:05:00|3330.74,B0_RAW_ALL_SESSION,LONG,2025-04-24 07:10:00,2025-04-24 07:40:00,Morning 06:00-11:59,RISING,3335.755,3323.43314,3354.23779,1232.19,-1.0,50.0,50.0,75.0,0.0,10.0,50.0,0.089272,0.109561,0.109561,-1.089272,-1.109561,True,UP,BAD_SIGNAL
1033669|XAUUSD|breakout_retest|LONG|2025-04-24 07:05:00|2025-04-24 08:40:00|2025-04-24 08:45:00|3335.22,B0_RAW_ALL_SESSION,LONG,2025-04-24 08:50:00,2025-04-24 09:35:00,Afternoon 12:00-15:59,RISING,3338.615,3332.28336,3348.11246,633.16,-1.0,50.0,50.0,75.0,0.0,10.0,50.0,0.173731,0.213215,0.213215,-1.173731,-1.213215,False,UP,MIXED
1033669|XAUUSD|breakout_retest|LONG|2025-04-24 11:35:00|2025-04-24 11:40:00|2025-04-24 11:45:00|3336.45,B0_RAW_ALL_SESSION,LONG,2025-04-24 11:50:00,2025-04-24 12:00:00,Afternoon 12:00-15:59,RISING,3339.325,3335.65279,3344.83332,367.22,-1.0,50.0,50.0,75.0,0.0,10.0,50.0,0.299547,0.367626,0.367626,-1.299547,-1.367626,False,UP,BAD_SIGNAL
1033669|XAUUSD|breakout_retest|LONG|2025-04-24 11:25:00|2025-04-24 11:55:00|2025-04-24 12:00:00|3336.45,B0_RAW_ALL_SESSION,LONG,2025-04-24 12:05:00,2025-04-24 13:05:00,Evening 16:00-19:59,RISING,3339.345,3334.31536,3346.88946,502.96,-1.0,50.0,50.0,75.0,0.0,10.0,50.0,0.218703,0.268409,0.268409,-1.218703,-1.268409,False,UP,BAD_EXIT_GIVEBACK
1033669|XAUUSD|breakout_retest|SHORT|2025-04-24 13:00:00|2025-04-24 13:05:00|2025-04-24 13:10:00|3335.55,B0_RAW_ALL_SESSION,SHORT,2025-04-24 13:15:00,2025-04-24 13:35:00,Evening 16:00-19:59,RISING,3330.725,3336.47236,3322.10396,574.74,1.5,50.0,50.0,75.0,0.0,10.0,0.0,0.104396,0.147894,0.147894,1.395604,1.352106,True,UP,WIN
1033669|XAUUSD|breakout_retest|LONG|2025-04-24 16:05:00|2025-04-24 16:50:00|2025-04-24 16:55:00|3329.53,B0_RAW_ALL_SESSION,LONG,2025-04-24 17:00:00,2025-04-24 17:25:00,Night 20:00-05:59,RISING,3331.339,3327.37336,3337.28746,396.56,1.5,50.0,50.0,75.0,0.0,10.0,0.0,0.1513,0.214341,0.214341,1.3487,1.285659,False,UP,WIN
1033669|XAUUSD|breakout_retest|LONG|2025-04-24 17:25:00|2025-04-24 17:50:00|2025-04-24 17:55:00|3335.09,B0_RAW_ALL_SESSION,LONG,2025-04-24 18:00:00,2025-04-24 18:45:00,Night 20:00-05:59,RISING,3337.085,3333.91004,3341.84744,317.5,-1.0,50.0,50.0,75.0,0.0,10.0,50.0,0.346461,0.425203,0.425203,-1.346461,-1.425203,False,UP,BAD_EXIT_GIVEBACK
1033669|XAUUSD|breakout_retest|LONG|2025-04-24 19:50:00|2025-04-24 20:25:00|2025-04-24 20:30:00|3340.09,B0_RAW_ALL_SESSION,LONG,2025-04-24 20:35:00,2025-04-24 20:50:00,Night 20:00-05:59,RISING,3341.645,3338.55226,3346.28411,309.27,1.5,50.0,50.0,75.0,0.0,10.0,0.0,0.194003,0.274837,0.274837,1.305997,1.225163,False,UP,WIN
1033669|XAUUSD|breakout_retest|LONG|2025-04-24 22:30:00|2025-04-24 23:40:00|2025-04-24 23:45:00|3349.80,B0_RAW_ALL_SESSION,LONG,2025-04-24 23:50:00,2025-04-24 23:55:00,Night 20:00-05:59,RISING,3353.105,3349.38486,3358.68521,372.01,-1.0,50.0,50.0,75.0,0.0,10.0,50.0,0.295688,0.362889,0.362889,-1.295688,-1.362889,False,UP,BAD_SIGNAL
1033669|XAUUSD|breakout_retest|LONG|2025-04-28 04:45:00|2025-04-28 04:50:00|2025-04-28 04:55:00|3294.89,B0_RAW_ALL_SESSION,LONG,2025-04-28 05:00:00,2025-04-28 05:40:00,Morning 06:00-11:59,FALLING,3298.475,3294.41921,3304.55868,405.58,-1.0,50.0,50.0,75.0,0.0,10.0,50.0,0.271217,0.332858,0.332858,-1.271217,-1.332858,False,UP,MIXED
1033669|XAUUSD|breakout_retest|SHORT|2025-04-28 06:35:00|2025-04-28 06:45:00|2025-04-28 06:50:00|3287.57,B0_RAW_ALL_SESSION,SHORT,2025-04-28 06:55:00,2025-04-28 07:05:00,Morning 06:00-11:59,FALLING,3285.455,3288.90829,3280.27507,345.33,1.5,50.0,50.0,75.0,0.0,10.0,0.0,0.173748,0.246142,0.246142,1.326252,1.253858,False,UP,WIN
1033669|XAUUSD|breakout_retest|SHORT|2025-04-28 07:00:00|2025-04-28 07:55:00|2025-04-28 08:00:00|3287.57,B0_RAW_ALL_SESSION,SHORT,2025-04-28 08:05:00,2025-04-28 09:30:00,Afternoon 12:00-15:59,FALLING,3286.555,3292.01921,3278.35868,546.42,1.5,50.0,50.0,75.0,0.0,10.0,0.0,0.109805,0.155558,0.155558,1.390195,1.344442,True,UP,WIN
1033669|XAUUSD|breakout_retest|SHORT|2025-04-28 09:25:00|2025-04-28 09:50:00|2025-04-28 09:55:00|3278.93,B0_RAW_ALL_SESSION,SHORT,2025-04-28 10:00:00,2025-04-28 10:15:00,Afternoon 12:00-15:59,FALLING,3276.445,3279.82921,3271.36868,338.42,-1.0,50.0,50.0,75.0,0.0,10.0,50.0,0.325039,0.398911,0.398911,-1.325039,-1.398911,False,UP,BAD_EXIT_GIVEBACK
1033669|XAUUSD|breakout_retest|LONG|2025-04-28 11:00:00|2025-04-28 11:25:00|2025-04-28 11:30:00|3287.22,B0_RAW_ALL_SESSION,LONG,2025-04-28 11:35:00,2025-04-28 12:25:00,Afternoon 12:00-15:59,FALLING,3290.885,3286.2325,3297.86375,465.25,1.5,50.0,50.0,75.0,0.0,10.0,0.0,0.128963,0.182697,0.182697,1.371037,1.317303,False,UP,WIN
1033669|XAUUSD|breakout_retest|LONG|2025-04-28 12:15:00|2025-04-28 12:20:00|2025-04-28 12:25:00|3294.26,B0_RAW_ALL_SESSION,LONG,2025-04-28 12:30:00,2025-04-28 13:05:00,Evening 16:00-19:59,FALLING,3298.935,3293.38221,3307.26418,555.28,-1.0,50.0,50.0,75.0,0.0,10.0,50.0,0.198099,0.243121,0.243121,-1.198099,-1.243121,False,UP,MIXED
1033669|XAUUSD|breakout_retest|LONG|2025-04-28 12:25:00|2025-04-28 13:00:00|2025-04-28 13:05:00|3294.26,B0_RAW_ALL_SESSION,LONG,2025-04-28 13:10:00,2025-04-28 13:45:00,Evening 16:00-19:59,FALLING,3295.915,3290.19493,3304.49511,572.01,-1.0,50.0,50.0,75.0,0.0,10.0,50.0,0.192305,0.236011,0.236011,-1.192305,-1.236011,False,UP,BAD_EXIT_GIVEBACK
1033669|XAUUSD|breakout_retest|LONG|2025-04-28 12:25:00|2025-04-28 14:00:00|2025-04-28 14:05:00|3294.26,B0_RAW_ALL_SESSION,LONG,2025-04-28 14:10:00,2025-04-28 14:20:00,Evening 16:00-19:59,FALLING,3298.495,3292.63546,3307.28431,585.95,1.5,50.0,50.0,75.0,0.0,10.0,0.0,0.102397,0.145063,0.145063,1.397603,1.354937,True,UP,WIN
1033669|XAUUSD|breakout_retest|LONG|2025-04-28 16:40:00|2025-04-28 16:55:00|2025-04-28 17:00:00|3335.72,B0_RAW_ALL_SESSION,LONG,2025-04-28 17:05:00,2025-04-28 17:20:00,Night 20:00-05:59,RISING,3337.095,3334.88614,3340.40829,220.89,-1.0,50.0,50.0,75.0,0.0,10.0,50.0,0.497995,0.611176,0.611176,-1.497995,-1.611176,False,UP,MIXED
1033669|XAUUSD|breakout_retest|LONG|2025-04-28 19:00:00|2025-04-28 19:25:00|2025-04-28 19:30:00|3349.51,B0_RAW_ALL_SESSION,LONG,2025-04-28 19:35:00,2025-04-28 19:45:00,Night 20:00-05:59,RISING,3349.915,3347.87229,3352.97907,204.27,-1.0,50.0,50.0,75.0,0.0,10.0,50.0,0.538499,0.660885,0.660885,-1.538499,-1.660885,False,UP,MIXED
1033669|XAUUSD|breakout_retest|LONG|2025-04-28 19:00:00|2025-04-28 19:40:00|2025-04-28 19:45:00|3349.51,B0_RAW_ALL_SESSION,LONG,2025-04-28 19:50:00,2025-04-28 20:40:00,Night 20:00-05:59,RISING,3349.675,3346.00771,3355.17593,366.73,-1.0,50.0,50.0,75.0,0.0,10.0,50.0,0.299949,0.36812,0.36812,-1.299949,-1.36812,False,UP,BAD_EXIT_GIVEBACK
1033669|XAUUSD|breakout_retest|SHORT|2025-04-28 20:40:00|2025-04-28 20:45:00|2025-04-28 20:50:00|3346.28,B0_RAW_ALL_SESSION,SHORT,2025-04-28 20:55:00,2025-04-28 22:05:00,Night 20:00-05:59,RISING,3342.045,3346.81969,3334.88297,477.47,-1.0,50.0,50.0,75.0,0.0,10.0,50.0,0.230382,0.282741,0.282741,-1.230382,-1.282741,False,UP,BAD_SIGNAL
1033669|XAUUSD|breakout_retest|SHORT|2025-04-28 20:40:00|2025-04-28 22:00:00|2025-04-28 22:05:00|3346.28,B0_RAW_ALL_SESSION,SHORT,2025-04-28 22:10:00,2025-04-28 22:20:00,Night 20:00-05:59,RISING,3343.595,3348.19043,3336.70186,459.54,1.5,50.0,50.0,75.0,0.0,10.0,0.0,0.130565,0.184966,0.184966,1.369435,1.315034,False,UP,WIN
1033669|XAUUSD|breakout_retest|SHORT|2025-04-28 22:20:00|2025-04-28 23:00:00|2025-04-28 23:05:00|3342.05,B0_RAW_ALL_SESSION,SHORT,2025-04-28 23:10:00,2025-04-29 00:55:00,Night 20:00-05:59,RISING,3337.155,3342.86057,3328.59664,570.56,1.5,50.0,50.0,75.0,0.0,10.0,0.0,0.10516,0.148977,0.148977,1.39484,1.351023,True,UP,WIN
1033669|XAUUSD|breakout_retest|SHORT|2025-04-29 00:50:00|2025-04-29 00:55:00|2025-04-29 01:00:00|3330.32,B0_RAW_ALL_SESSION,SHORT,2025-04-29 01:05:00,2025-04-29 01:20:00,Night 20:00-05:59,RISING,3327.555,3331.34779,3321.86582,379.28,-1.0,50.0,50.0,75.0,0.0,10.0,50.0,0.290024,0.355939,0.355939,-1.290024,-1.355939,False,DOWN,BAD_EXIT_GIVEBACK
1033669|XAUUSD|breakout_retest|SHORT|2025-04-29 01:00:00|2025-04-29 01:40:00|2025-04-29 01:45:00|3330.32,B0_RAW_ALL_SESSION,SHORT,2025-04-29 01:50:00,2025-04-29 03:15:00,Night 20:00-05:59,RISING,3326.925,3335.35457,3314.28064,842.96,1.5,50.0,50.0,75.0,0.0,10.0,0.0,0.071178,0.100835,0.100835,1.428822,1.399165,True,DOWN,WIN
1033669|XAUUSD|breakout_retest|LONG|2025-04-29 06:45:00|2025-04-29 06:50:00|2025-04-29 06:55:00|3316.20,B0_RAW_ALL_SESSION,LONG,2025-04-29 07:00:00,2025-04-29 07:15:00,Morning 06:00-11:59,FALLING,3320.405,3314.52874,3329.21939,587.63,-1.0,50.0,50.0,75.0,0.0,10.0,50.0,0.187194,0.229738,0.229738,-1.187194,-1.229738,False,DOWN,BAD_SIGNAL
1033669|XAUUSD|breakout_retest|LONG|2025-04-29 06:30:00|2025-04-29 07:15:00|2025-04-29 07:20:00|3316.20,B0_RAW_ALL_SESSION,LONG,2025-04-29 07:25:00,2025-04-29 08:05:00,Morning 06:00-11:59,FALLING,3318.095,3314.2576,3323.8511,383.74,1.5,50.0,50.0,75.0,0.0,10.0,0.0,0.156356,0.221504,0.221504,1.343644,1.278496,False,DOWN,WIN
1033669|XAUUSD|breakout_retest|LONG|2025-04-29 16:50:00|2025-04-29 18:25:00|2025-04-29 18:30:00|3317.53,B0_RAW_ALL_SESSION,LONG,2025-04-29 18:35:00,2025-04-29 19:05:00,Night 20:00-05:59,RISING,3318.325,3315.36329,3322.76757,296.17,1.5,50.0,50.0,75.0,0.0,10.0,0.0,0.202585,0.286996,0.286996,1.297415,1.213004,False,DOWN,WIN
1033669|XAUUSD|breakout_retest|LONG|2025-04-29 19:10:00|2025-04-29 19:15:00|2025-04-29 19:20:00|3319.32,B0_RAW_ALL_SESSION,LONG,2025-04-29 19:25:00,2025-04-29 19:55:00,Night 20:00-05:59,RISING,3323.325,3318.98279,3329.83832,434.22,-1.0,50.0,50.0,75.0,0.0,10.0,50.0,0.253327,0.310901,0.310901,-1.253327,-1.310901,False,DOWN,BAD_SIGNAL
1033669|XAUUSD|breakout_retest|LONG|2025-04-29 19:00:00|2025-04-29 19:55:00|2025-04-29 20:00:00|3319.32,B0_RAW_ALL_SESSION,LONG,2025-04-29 20:05:00,2025-04-29 20:50:00,Night 20:00-05:59,RISING,3321.225,3318.21736,3325.73646,300.76,-1.0,50.0,50.0,75.0,0.0,10.0,50.0,0.365735,0.448856,0.448856,-1.365735,-1.448856,False,DOWN,MIXED
1033669|XAUUSD|breakout_retest|SHORT|2025-04-29 23:10:00|2025-04-29 23:35:00|2025-04-29 23:40:00|3316.16,B0_RAW_ALL_SESSION,SHORT,2025-04-29 23:45:00,2025-04-30 00:05:00,Night 20:00-05:59,RISING,3312.415,3317.5025,3304.78375,508.75,-1.0,50.0,50.0,75.0,0.0,10.0,50.0,0.216216,0.265356,0.265356,-1.216216,-1.265356,False,DOWN,BAD_SIGNAL
1033669|XAUUSD|breakout_retest|SHORT|2025-04-29 23:10:00|2025-04-30 00:35:00|2025-04-30 00:40:00|3316.16,B0_RAW_ALL_SESSION,SHORT,2025-04-30 00:45:00,2025-04-30 00:50:00,Night 20:00-05:59,RISING,3315.755,3318.16721,3312.13668,241.22,1.5,50.0,50.0,75.0,0.0,10.0,0.0,0.248734,0.352373,0.352373,1.251266,1.147627,False,DOWN,WIN
1033669|XAUUSD|breakout_retest|LONG|2025-04-30 00:05:00|2025-04-30 01:15:00|2025-04-30 01:20:00|3317.45,B0_RAW_ALL_SESSION,LONG,2025-04-30 01:25:00,2025-04-30 01:55:00,Night 20:00-05:59,FALLING,3318.435,3313.463,3325.893,497.2,-1.0,50.0,50.0,75.0,0.0,10.0,50.0,0.221239,0.271521,0.271521,-1.221239,-1.271521,False,DOWN,BAD_EXIT_GIVEBACK
1033669|XAUUSD|breakout_retest|LONG|2025-04-30 05:10:00|2025-04-30 05:20:00|2025-04-30 05:25:00|3310.99,B0_RAW_ALL_SESSION,LONG,2025-04-30 05:30:00,2025-04-30 05:40:00,Morning 06:00-11:59,FALLING,3312.525,3309.35314,3317.28279,317.19,-1.0,50.0,50.0,75.0,0.0,10.0,50.0,0.3468,0.425618,0.425618,-1.3468,-1.425618,False,DOWN,MIXED
1033669|XAUUSD|breakout_retest|LONG|2025-04-30 07:25:00|2025-04-30 07:30:00|2025-04-30 07:35:00|3309.24,B0_RAW_ALL_SESSION,LONG,2025-04-30 07:40:00,2025-04-30 08:00:00,Morning 06:00-11:59,FALLING,3311.285,3308.40821,3315.60018,287.68,-1.0,50.0,50.0,75.0,0.0,10.0,50.0,0.382371,0.469274,0.469274,-1.382371,-1.469274,False,DOWN,BAD_EXIT_GIVEBACK
1033669|XAUUSD|breakout_retest|SHORT|2025-04-30 10:20:00|2025-04-30 10:35:00|2025-04-30 10:40:00|3278.01,B0_RAW_ALL_SESSION,SHORT,2025-04-30 10:45:00,2025-04-30 11:05:00,Afternoon 12:00-15:59,FALLING,3276.305,3279.03407,3272.21139,272.91,1.5,50.0,50.0,75.0,0.0,10.0,0.0,0.219855,0.311461,0.311461,1.280145,1.188539,False,DOWN,WIN
1033669|XAUUSD|breakout_retest|SHORT|2025-04-30 10:15:00|2025-04-30 11:10:00|2025-04-30 11:15:00|3278.01,B0_RAW_ALL_SESSION,SHORT,2025-04-30 11:20:00,2025-04-30 11:30:00,Afternoon 12:00-15:59,FALLING,3274.965,3278.39729,3269.81657,343.23,-1.0,50.0,50.0,75.0,0.0,10.0,50.0,0.320486,0.393324,0.393324,-1.320486,-1.393324,False,DOWN,BAD_SIGNAL
1033669|XAUUSD|breakout_retest|SHORT|2025-04-30 10:15:00|2025-04-30 11:45:00|2025-04-30 11:50:00|3278.01,B0_RAW_ALL_SESSION,SHORT,2025-04-30 11:55:00,2025-04-30 12:00:00,Afternoon 12:00-15:59,FALLING,3276.595,3280.23921,3271.12868,364.42,1.5,50.0,50.0,75.0,0.0,10.0,0.0,0.164645,0.233246,0.233246,1.335355,1.266754,False,DOWN,WIN
1033669|XAUUSD|breakout_retest|SHORT|2025-04-30 12:40:00|2025-04-30 12:50:00|2025-04-30 12:55:00|3299.32,B0_RAW_ALL_SESSION,SHORT,2025-04-30 13:00:00,2025-04-30 13:15:00,Evening 16:00-19:59,FALLING,3298.035,3305.26621,3287.18818,723.12,-1.0,50.0,50.0,75.0,0.0,10.0,50.0,0.152118,0.186691,0.186691,-1.152118,-1.186691,False,DOWN,BAD_SIGNAL
1033669|XAUUSD|breakout_retest|SHORT|2025-04-30 14:30:00|2025-04-30 14:35:00|2025-04-30 14:40:00|3299.32,B0_RAW_ALL_SESSION,SHORT,2025-04-30 14:45:00,2025-04-30 14:55:00,Evening 16:00-19:59,FALLING,3292.505,3300.85314,3279.98279,834.81,-1.0,50.0,50.0,75.0,0.0,10.0,50.0,0.131766,0.161713,0.161713,-1.131766,-1.161713,False,DOWN,BAD_SIGNAL
1033669|XAUUSD|breakout_retest|SHORT|2025-04-30 18:35:00|2025-04-30 19:00:00|2025-04-30 19:05:00|3304.55,B0_RAW_ALL_SESSION,SHORT,2025-04-30 19:10:00,2025-04-30 19:40:00,Night 20:00-05:59,RISING,3301.375,3305.67021,3294.93218,429.52,1.5,50.0,50.0,75.0,0.0,10.0,0.0,0.13969,0.197895,0.197895,1.36031,1.302105,False,DOWN,WIN
1033669|XAUUSD|breakout_retest|SHORT|2025-04-30 22:30:00|2025-04-30 23:10:00|2025-04-30 23:15:00|3282.80,B0_RAW_ALL_SESSION,SHORT,2025-04-30 23:20:00,2025-05-01 00:25:00,Night 20:00-05:59,FALLING,3277.585,3285.39329,3265.87257,780.83,1.5,50.0,50.0,75.0,0.0,10.0,0.0,0.076841,0.108859,0.108859,1.423159,1.391141,True,DOWN,WIN
1033669|XAUUSD|breakout_retest|SHORT|2025-05-01 03:45:00|2025-05-01 03:50:00|2025-05-01 03:55:00|3234.36,B0_RAW_ALL_SESSION,SHORT,2025-05-01 04:00:00,2025-05-01 05:40:00,Morning 06:00-11:59,FALLING,3228.855,3234.92943,3219.74336,607.44,-1.0,50.0,50.0,75.0,0.0,10.0,50.0,0.181087,0.222243,0.222243,-1.181087,-1.222243,False,DOWN,NEAR_TP_GIVEBACK
1033669|XAUUSD|breakout_retest|SHORT|2025-05-01 04:30:00|2025-05-01 05:35:00|2025-05-01 05:40:00|3234.36,B0_RAW_ALL_SESSION,SHORT,2025-05-01 05:45:00,2025-05-01 05:50:00,Morning 06:00-11:59,FALLING,3231.125,3236.39329,3223.22257,526.83,-1.0,50.0,50.0,75.0,0.0,10.0,50.0,0.208797,0.25625,0.25625,-1.208797,-1.25625,False,DOWN,BAD_SIGNAL
1033669|XAUUSD|breakout_retest|LONG|2025-05-01 06:00:00|2025-05-01 07:35:00|2025-05-01 07:40:00|3231.47,B0_RAW_ALL_SESSION,LONG,2025-05-01 07:45:00,2025-05-01 07:55:00,Morning 06:00-11:59,FALLING,3234.685,3229.05089,3243.13617,563.41,-1.0,50.0,50.0,75.0,0.0,10.0,50.0,0.195239,0.239612,0.239612,-1.195239,-1.239612,False,DOWN,BAD_SIGNAL
1033669|XAUUSD|breakout_retest|SHORT|2025-05-01 07:15:00|2025-05-01 08:30:00|2025-05-01 08:35:00|3233.57,B0_RAW_ALL_SESSION,SHORT,2025-05-01 08:40:00,2025-05-01 08:55:00,Afternoon 12:00-15:59,FALLING,3232.785,3234.96247,3229.51879,217.75,-1.0,50.0,50.0,75.0,0.0,10.0,50.0,0.505173,0.619985,0.619985,-1.505173,-1.619985,False,DOWN,MIXED
1033669|XAUUSD|breakout_retest|SHORT|2025-05-01 09:05:00|2025-05-01 09:10:00|2025-05-01 09:15:00|3231.59,B0_RAW_ALL_SESSION,SHORT,2025-05-01 09:20:00,2025-05-01 09:45:00,Afternoon 12:00-15:59,FALLING,3227.935,3233.30979,3219.87282,537.48,1.5,50.0,50.0,75.0,0.0,10.0,0.0,0.111632,0.158146,0.158146,1.388368,1.341854,True,DOWN,WIN
1033669|XAUUSD|breakout_retest|SHORT|2025-05-01 15:45:00|2025-05-01 16:00:00|2025-05-01 16:05:00|3213.93,B0_RAW_ALL_SESSION,SHORT,2025-05-01 16:10:00,2025-05-01 17:00:00,Night 20:00-05:59,FALLING,3211.245,3217.61871,3201.68443,637.37,-1.0,50.0,50.0,75.0,0.0,10.0,50.0,0.172584,0.211807,0.211807,-1.172584,-1.211807,False,DOWN,BAD_SIGNAL
1033669|XAUUSD|breakout_retest|LONG|2025-05-01 16:55:00|2025-05-01 17:10:00|2025-05-01 17:15:00|3217.89,B0_RAW_ALL_SESSION,LONG,2025-05-01 17:20:00,2025-05-01 17:25:00,Night 20:00-05:59,FALLING,3220.025,3216.40457,3225.45564,362.04,-1.0,50.0,50.0,75.0,0.0,10.0,50.0,0.303831,0.372884,0.372884,-1.303831,-1.372884,False,DOWN,BAD_SIGNAL
1033669|XAUUSD|breakout_retest|LONG|2025-05-01 19:40:00|2025-05-01 19:55:00|2025-05-01 20:00:00|3226.61,B0_RAW_ALL_SESSION,LONG,2025-05-01 20:05:00,2025-05-01 20:15:00,Night 20:00-05:59,FALLING,3229.325,3226.09124,3234.17564,323.38,1.5,50.0,50.0,75.0,0.0,10.0,0.0,0.185543,0.262852,0.262852,1.314457,1.237148,False,DOWN,WIN
1033669|XAUUSD|breakout_retest|LONG|2025-05-01 20:40:00|2025-05-01 22:15:00|2025-05-01 22:20:00|3236.45,B0_RAW_ALL_SESSION,LONG,2025-05-01 22:25:00,2025-05-01 22:35:00,Night 20:00-05:59,RISING,3238.475,3235.15907,3243.44889,331.59,-1.0,50.0,50.0,75.0,0.0,10.0,50.0,0.331732,0.407126,0.407126,-1.331732,-1.407126,False,DOWN,BAD_SIGNAL
1033669|XAUUSD|breakout_retest|SHORT|2025-05-02 00:50:00|2025-05-02 01:20:00|2025-05-02 01:25:00|3234.45,B0_RAW_ALL_SESSION,SHORT,2025-05-02 01:30:00,2025-05-02 01:50:00,Night 20:00-05:59,RISING,3233.135,3235.39329,3229.74757,225.83,-1.0,50.0,50.0,75.0,0.0,10.0,50.0,0.487095,0.597799,0.597799,-1.487095,-1.597799,False,UP,BAD_EXIT_GIVEBACK
1033669|XAUUSD|breakout_retest|SHORT|2025-05-02 06:10:00|2025-05-02 06:25:00|2025-05-02 06:30:00|3259.49,B0_RAW_ALL_SESSION,SHORT,2025-05-02 06:35:00,2025-05-02 06:55:00,Morning 06:00-11:59,RISING,3255.909,3261.77976,3247.10286,587.08,1.5,50.0,50.0,75.0,0.0,10.0,0.0,0.102201,0.144785,0.144785,1.397799,1.355215,True,UP,WIN
1033669|XAUUSD|breakout_retest|SHORT|2025-05-02 07:50:00|2025-05-02 08:05:00|2025-05-02 08:10:00|3259.49,B0_RAW_ALL_SESSION,SHORT,2025-05-02 08:15:00,2025-05-02 08:25:00,Afternoon 12:00-15:59,RISING,3256.395,3260.53564,3250.18404,414.06,-1.0,50.0,50.0,75.0,0.0,10.0,50.0,0.265659,0.326036,0.326036,-1.265659,-1.326036,False,UP,BAD_SIGNAL
1033669|XAUUSD|breakout_retest|SHORT|2025-05-02 08:15:00|2025-05-02 08:20:00|2025-05-02 08:25:00|3259.49,B0_RAW_ALL_SESSION,SHORT,2025-05-02 08:30:00,2025-05-02 09:10:00,Afternoon 12:00-15:59,RISING,3256.485,3261.09229,3249.57407,460.73,-1.0,50.0,50.0,75.0,0.0,10.0,50.0,0.238752,0.293014,0.293014,-1.238752,-1.293014,False,UP,BAD_SIGNAL
1033669|XAUUSD|breakout_retest|SHORT|2025-05-02 09:00:00|2025-05-02 10:10:00|2025-05-02 10:15:00|3259.49,B0_RAW_ALL_SESSION,SHORT,2025-05-02 10:20:00,2025-05-02 10:30:00,Afternoon 12:00-15:59,RISING,3259.285,3262.27807,3254.79539,299.31,-1.0,50.0,50.0,75.0,0.0,10.0,50.0,0.367515,0.451042,0.451042,-1.367515,-1.451042,False,UP,BAD_SIGNAL
1033669|XAUUSD|breakout_retest|LONG|2025-05-02 09:40:00|2025-05-02 11:20:00|2025-05-02 11:25:00|3263.14,B0_RAW_ALL_SESSION,LONG,2025-05-02 11:30:00,2025-05-02 12:15:00,Afternoon 12:00-15:59,RISING,3264.479,3260.57669,3270.33247,390.23,-1.0,50.0,50.0,75.0,0.0,10.0,50.0,0.281884,0.345949,0.345949,-1.281884,-1.345949,False,UP,BAD_EXIT_GIVEBACK
1033669|XAUUSD|breakout_retest|SHORT|2025-05-02 11:10:00|2025-05-02 12:25:00|2025-05-02 12:30:00|3259.49,B0_RAW_ALL_SESSION,SHORT,2025-05-02 12:35:00,2025-05-02 12:40:00,Evening 16:00-19:59,RISING,3257.405,3261.3906,3251.4266,398.56,1.5,50.0,50.0,75.0,0.0,10.0,0.0,0.150542,0.213268,0.213268,1.349458,1.286732,False,UP,WIN
1033669|XAUUSD|breakout_retest|SHORT|2025-05-02 12:30:00|2025-05-02 12:35:00|2025-05-02 12:40:00|3259.49,B0_RAW_ALL_SESSION,SHORT,2025-05-02 12:45:00,2025-05-02 14:55:00,Evening 16:00-19:59,RISING,3249.915,3260.72043,3233.70686,1080.54,-1.0,50.0,50.0,75.0,0.0,10.0,50.0,0.101801,0.124937,0.124937,-1.101801,-1.124937,True,UP,BAD_EXIT_GIVEBACK
1033669|XAUUSD|breakout_retest|LONG|2025-05-02 15:00:00|2025-05-02 15:05:00|2025-05-02 15:10:00|3259.41,B0_RAW_ALL_SESSION,LONG,2025-05-02 15:15:00,2025-05-02 15:20:00,Evening 16:00-19:59,RISING,3263.425,3258.64993,3270.58761,477.51,-1.0,50.0,50.0,75.0,0.0,10.0,50.0,0.230363,0.282718,0.282718,-1.230363,-1.282718,False,UP,BAD_SIGNAL
1033669|XAUUSD|breakout_retest|SHORT|2025-05-02 14:45:00|2025-05-02 15:15:00|2025-05-02 15:20:00|3259.49,B0_RAW_ALL_SESSION,SHORT,2025-05-02 15:25:00,2025-05-02 15:35:00,Evening 16:00-19:59,RISING,3255.835,3264.3635,3243.04225,852.85,1.5,50.0,50.0,75.0,0.0,10.0,0.0,0.070352,0.099666,0.099666,1.429648,1.400334,True,UP,WIN
1033669|XAUUSD|breakout_retest|LONG|2025-05-02 20:05:00|2025-05-02 20:10:00|2025-05-02 20:15:00|3232.65,B0_RAW_ALL_SESSION,LONG,2025-05-02 20:20:00,2025-05-02 20:25:00,Night 20:00-05:59,FALLING,3235.715,3232.31526,3240.81461,339.97,1.5,50.0,50.0,75.0,0.0,10.0,0.0,0.176484,0.250019,0.250019,1.323516,1.249981,False,UP,WIN
1033669|XAUUSD|breakout_retest|LONG|2025-05-04 22:25:00|2025-05-04 22:30:00|2025-05-04 22:35:00|3239.41,B0_RAW_ALL_SESSION,LONG,2025-05-04 22:40:00,2025-05-04 23:00:00,Night 20:00-05:59,FALLING,3241.855,3239.16129,3245.89557,269.37,-1.0,50.0,50.0,75.0,0.0,10.0,50.0,0.408358,0.501167,0.501167,-1.408358,-1.501167,False,UP,MIXED
1033669|XAUUSD|breakout_retest|LONG|2025-05-04 22:45:00|2025-05-04 23:00:00|2025-05-04 23:05:00|3239.41,B0_RAW_ALL_SESSION,LONG,2025-05-04 23:10:00,2025-05-04 23:35:00,Night 20:00-05:59,FALLING,3241.395,3239.06186,3244.89471,233.31,1.5,50.0,50.0,75.0,0.0,10.0,0.0,0.257164,0.364315,0.364315,1.242836,1.135685,False,UP,WIN
1033669|XAUUSD|breakout_retest|LONG|2025-05-04 23:45:00|2025-05-05 00:45:00|2025-05-05 00:50:00|3243.88,B0_RAW_ALL_SESSION,LONG,2025-05-05 00:55:00,2025-05-05 01:15:00,Night 20:00-05:59,RISING,3247.805,3240.57007,3258.65739,723.49,1.5,50.0,50.0,75.0,0.0,10.0,0.0,0.082931,0.117486,0.117486,1.417069,1.382514,True,UP,WIN
1033669|XAUUSD|breakout_retest|SHORT|2025-05-05 03:35:00|2025-05-05 05:05:00|2025-05-05 05:10:00|3259.36,B0_RAW_ALL_SESSION,SHORT,2025-05-05 05:15:00,2025-05-05 05:40:00,Morning 06:00-11:59,RISING,3255.845,3259.87971,3249.79293,403.47,-1.0,50.0,50.0,75.0,0.0,10.0,50.0,0.272634,0.334596,0.334596,-1.272634,-1.334596,False,UP,BAD_SIGNAL
1033669|XAUUSD|breakout_retest|LONG|2025-05-05 06:50:00|2025-05-05 07:35:00|2025-05-05 07:40:00|3261.80,B0_RAW_ALL_SESSION,LONG,2025-05-05 07:45:00,2025-05-05 08:25:00,Morning 06:00-11:59,RISING,3263.875,3260.79257,3268.49864,308.24,1.5,50.0,50.0,75.0,0.0,10.0,0.0,0.194652,0.275757,0.275757,1.305348,1.224243,False,UP,WIN
1033669|XAUUSD|breakout_retest|LONG|2025-05-05 17:40:00|2025-05-05 17:45:00|2025-05-05 17:50:00|3313.26,B0_RAW_ALL_SESSION,LONG,2025-05-05 17:55:00,2025-05-05 18:00:00,Night 20:00-05:59,RISING,3314.385,3312.11136,3317.79546,227.36,1.5,50.0,50.0,75.0,0.0,10.0,0.0,0.263894,0.373849,0.373849,1.236106,1.126151,False,UP,WIN
1033669|XAUUSD|breakout_retest|LONG|2025-05-05 18:25:00|2025-05-05 18:30:00|2025-05-05 18:35:00|3317.89,B0_RAW_ALL_SESSION,LONG,2025-05-05 18:40:00,2025-05-05 19:05:00,Night 20:00-05:59,RISING,3319.785,3317.16221,3323.71918,262.28,1.5,50.0,50.0,75.0,0.0,10.0,0.0,0.228764,0.324083,0.324083,1.271236,1.175917,False,UP,WIN
1033669|XAUUSD|breakout_retest|SHORT|2025-05-06 00:25:00|2025-05-06 00:30:00|2025-05-06 00:35:00|3328.24,B0_RAW_ALL_SESSION,SHORT,2025-05-06 00:40:00,2025-05-06 00:50:00,Night 20:00-05:59,RISING,3324.445,3328.55029,3318.28707,410.53,-1.0,50.0,50.0,75.0,0.0,10.0,50.0,0.267947,0.328844,0.328844,-1.267947,-1.328844,False,UP,BAD_EXIT_GIVEBACK
1033669|XAUUSD|breakout_retest|SHORT|2025-05-06 05:20:00|2025-05-06 05:30:00|2025-05-06 05:35:00|3355.64,B0_RAW_ALL_SESSION,SHORT,2025-05-06 05:40:00,2025-05-06 05:55:00,Morning 06:00-11:59,RISING,3352.99,3359.93954,3342.5657,694.95,-1.0,50.0,50.0,75.0,0.0,10.0,50.0,0.158284,0.194258,0.194258,-1.158284,-1.194258,False,UP,BAD_SIGNAL
1033669|XAUUSD|breakout_retest|LONG|2025-05-06 08:15:00|2025-05-06 09:50:00|2025-05-06 09:55:00|3379.32,B0_RAW_ALL_SESSION,LONG,2025-05-06 10:00:00,2025-05-06 11:40:00,Afternoon 12:00-15:59,RISING,3380.515,3376.28129,3386.86557,423.37,-1.0,50.0,50.0,75.0,0.0,10.0,50.0,0.259819,0.318869,0.318869,-1.259819,-1.318869,False,UP,BAD_EXIT_GIVEBACK
1033669|XAUUSD|breakout_retest|LONG|2025-05-06 13:40:00|2025-05-06 14:30:00|2025-05-06 14:35:00|3384.80,B0_RAW_ALL_SESSION,LONG,2025-05-06 14:40:00,2025-05-06 14:45:00,Evening 16:00-19:59,RISING,3386.595,3380.86157,3395.19514,573.34,-1.0,50.0,50.0,75.0,0.0,10.0,50.0,0.191857,0.235461,0.235461,-1.191857,-1.235461,False,UP,BAD_SIGNAL
1033669|XAUUSD|breakout_retest|LONG|2025-05-06 13:40:00|2025-05-06 14:55:00|2025-05-06 15:00:00|3384.80,B0_RAW_ALL_SESSION,LONG,2025-05-06 15:05:00,2025-05-06 15:15:00,Evening 16:00-19:59,RISING,3386.325,3381.41864,3393.68454,490.64,1.5,50.0,50.0,75.0,0.0,10.0,0.0,0.12229,0.173245,0.173245,1.37771,1.326755,False,UP,WIN
1033669|XAUUSD|breakout_retest|LONG|2025-05-07 02:20:00|2025-05-07 02:25:00|2025-05-07 02:30:00|3384.76,B0_RAW_ALL_SESSION,LONG,2025-05-07 02:35:00,2025-05-07 03:30:00,Morning 06:00-11:59,FALLING,3392.695,3382.93757,3407.33114,975.74,-1.0,50.0,50.0,75.0,0.0,10.0,50.0,0.112735,0.138356,0.138356,-1.112735,-1.138356,True,DOWN,BAD_SIGNAL
1033669|XAUUSD|breakout_retest|LONG|2025-05-07 06:05:00|2025-05-07 06:40:00|2025-05-07 06:45:00|3387.14,B0_RAW_ALL_SESSION,LONG,2025-05-07 06:50:00,2025-05-07 07:35:00,Morning 06:00-11:59,FALLING,3391.735,3386.65914,3399.34879,507.59,-1.0,50.0,50.0,75.0,0.0,10.0,50.0,0.216712,0.265965,0.265965,-1.216712,-1.265965,False,DOWN,BAD_EXIT_GIVEBACK
1033669|XAUUSD|breakout_retest|SHORT|2025-05-07 07:50:00|2025-05-07 08:00:00|2025-05-07 08:05:00|3387.49,B0_RAW_ALL_SESSION,SHORT,2025-05-07 08:10:00,2025-05-07 08:20:00,Afternoon 12:00-15:59,RISING,3382.445,3388.25079,3373.73632,580.58,-1.0,50.0,50.0,75.0,0.0,10.0,50.0,0.189466,0.232527,0.232527,-1.189466,-1.232527,False,DOWN,BAD_SIGNAL
1033669|XAUUSD|breakout_retest|SHORT|2025-05-07 08:05:00|2025-05-07 08:15:00|2025-05-07 08:20:00|3387.49,B0_RAW_ALL_SESSION,SHORT,2025-05-07 08:25:00,2025-05-07 08:55:00,Afternoon 12:00-15:59,RISING,3384.645,3388.86529,3378.31457,422.03,1.5,50.0,50.0,75.0,0.0,10.0,0.0,0.14217,0.201408,0.201408,1.35783,1.298592,False,DOWN,WIN
1033669|XAUUSD|breakout_retest|SHORT|2025-05-07 09:20:00|2025-05-07 09:45:00|2025-05-07 09:50:00|3377.99,B0_RAW_ALL_SESSION,SHORT,2025-05-07 09:55:00,2025-05-07 10:00:00,Afternoon 12:00-15:59,RISING,3375.605,3378.85743,3370.72636,325.24,1.5,50.0,50.0,75.0,0.0,10.0,0.0,0.184478,0.261343,0.261343,1.315522,1.238657,False,DOWN,WIN
1033669|XAUUSD|breakout_retest|LONG|2025-05-07 10:25:00|2025-05-07 10:30:00|2025-05-07 10:35:00|3388.49,B0_RAW_ALL_SESSION,LONG,2025-05-07 10:40:00,2025-05-07 11:10:00,Afternoon 12:00-15:59,FALLING,3391.405,3387.91471,3396.64043,349.03,-1.0,50.0,50.0,75.0,0.0,10.0,50.0,0.31516,0.386788,0.386788,-1.31516,-1.386788,False,DOWN,MIXED
1033669|XAUUSD|breakout_retest|LONG|2025-05-07 10:40:00|2025-05-07 12:05:00|2025-05-07 12:10:00|3388.49,B0_RAW_ALL_SESSION,LONG,2025-05-07 12:15:00,2025-05-07 12:30:00,Evening 16:00-19:59,FALLING,3389.905,3384.76071,3397.62143,514.43,-1.0,50.0,50.0,75.0,0.0,10.0,50.0,0.213829,0.262427,0.262427,-1.213829,-1.262427,False,DOWN,MIXED
1033669|XAUUSD|breakout_retest|LONG|2025-05-07 16:45:00|2025-05-07 18:00:00|2025-05-07 18:05:00|3387.45,B0_RAW_ALL_SESSION,LONG,2025-05-07 18:10:00,2025-05-07 18:35:00,Night 20:00-05:59,FALLING,3393.115,3382.5005,3409.03675,1061.45,-1.0,50.0,50.0,75.0,0.0,10.0,50.0,0.103632,0.127185,0.127185,-1.103632,-1.127185,True,DOWN,BAD_SIGNAL
1033669|XAUUSD|breakout_retest|SHORT|2025-05-07 19:10:00|2025-05-07 19:35:00|2025-05-07 19:40:00|3375.64,B0_RAW_ALL_SESSION,SHORT,2025-05-07 19:45:00,2025-05-08 00:15:00,Night 20:00-05:59,FALLING,3371.135,3376.66329,3362.84257,552.83,-1.0,50.0,50.0,75.0,0.0,10.0,50.0,0.198977,0.244199,0.244199,-1.198977,-1.244199,False,DOWN,NEAR_TP_GIVEBACK
1033669|XAUUSD|breakout_retest|LONG|2025-05-08 02:50:00|2025-05-08 03:05:00|2025-05-08 03:10:00|3401.07,B0_RAW_ALL_SESSION,LONG,2025-05-08 03:15:00,2025-05-08 03:30:00,Morning 06:00-11:59,RISING,3404.055,3398.48049,3412.41677,557.45,-1.0,50.0,50.0,75.0,0.0,10.0,50.0,0.197327,0.242174,0.242174,-1.197327,-1.242174,False,DOWN,MIXED
1033669|XAUUSD|breakout_retest|SHORT|2025-05-08 05:55:00|2025-05-08 06:00:00|2025-05-08 06:05:00|3359.74,B0_RAW_ALL_SESSION,SHORT,2025-05-08 06:10:00,2025-05-08 06:35:00,Morning 06:00-11:59,FALLING,3350.555,3362.15564,3333.15404,1160.06,1.5,50.0,50.0,75.0,0.0,10.0,0.0,0.051721,0.073272,0.073272,1.448279,1.426728,True,DOWN,WIN
1033669|XAUUSD|breakout_retest|LONG|2025-05-08 10:20:00|2025-05-08 11:20:00|2025-05-08 11:25:00|3341.88,B0_RAW_ALL_SESSION,LONG,2025-05-08 11:30:00,2025-05-08 11:45:00,Afternoon 12:00-15:59,FALLING,3343.345,3341.16907,3346.60889,217.59,-1.0,50.0,50.0,75.0,0.0,10.0,50.0,0.505531,0.620425,0.620425,-1.505531,-1.620425,False,DOWN,BAD_EXIT_GIVEBACK
1033669|XAUUSD|breakout_retest|LONG|2025-05-08 10:20:00|2025-05-08 11:45:00|2025-05-08 11:50:00|3341.88,B0_RAW_ALL_SESSION,LONG,2025-05-08 11:55:00,2025-05-08 12:20:00,Afternoon 12:00-15:59,FALLING,3343.655,3340.8885,3347.80475,276.65,1.5,50.0,50.0,75.0,0.0,10.0,0.0,0.216881,0.307247,0.307247,1.283119,1.192753,False,DOWN,WIN
1033669|XAUUSD|breakout_retest|LONG|2025-05-08 12:35:00|2025-05-08 12:55:00|2025-05-08 13:00:00|3352.84,B0_RAW_ALL_SESSION,LONG,2025-05-08 13:05:00,2025-05-08 13:35:00,Evening 16:00-19:59,FALLING,3356.455,3350.1755,3365.87425,627.95,1.5,50.0,50.0,75.0,0.0,10.0,0.0,0.095549,0.135361,0.135361,1.404451,1.364639,True,DOWN,WIN
1033669|XAUUSD|breakout_retest|SHORT|2025-05-08 13:20:00|2025-05-08 13:50:00|2025-05-08 13:55:00|3359.74,B0_RAW_ALL_SESSION,SHORT,2025-05-08 14:00:00,2025-05-08 15:30:00,Evening 16:00-19:59,FALLING,3357.515,3365.02194,3346.25459,750.69,1.5,50.0,50.0,75.0,0.0,10.0,0.0,0.079926,0.113229,0.113229,1.420074,1.386771,True,DOWN,WIN
1033669|XAUUSD|breakout_retest|SHORT|2025-05-08 17:05:00|2025-05-08 17:20:00|2025-05-08 17:25:00|3303.95,B0_RAW_ALL_SESSION,SHORT,2025-05-08 17:30:00,2025-05-08 18:00:00,Night 20:00-05:59,FALLING,3302.475,3306.46671,3296.48743,399.17,-1.0,50.0,50.0,75.0,0.0,10.0,50.0,0.275571,0.338201,0.338201,-1.275571,-1.338201,False,DOWN,NEAR_TP_GIVEBACK
1033669|XAUUSD|breakout_retest|SHORT|2025-05-09 00:10:00|2025-05-09 00:15:00|2025-05-09 00:20:00|3313.36,B0_RAW_ALL_SESSION,SHORT,2025-05-09 00:25:00,2025-05-09 00:40:00,Night 20:00-05:59,FALLING,3310.805,3314.35,3305.4875,354.5,-1.0,50.0,50.0,75.0,0.0,10.0,50.0,0.310296,0.380818,0.380818,-1.310296,-1.380818,False,UP,MIXED
1033669|XAUUSD|breakout_retest|SHORT|2025-05-09 00:20:00|2025-05-09 01:15:00|2025-05-09 01:20:00|3313.36,B0_RAW_ALL_SESSION,SHORT,2025-05-09 01:25:00,2025-05-09 01:35:00,Night 20:00-05:59,FALLING,3308.825,3317.20179,3296.25982,837.68,1.5,50.0,50.0,75.0,0.0,10.0,0.0,0.071627,0.101471,0.101471,1.428373,1.398529,True,UP,WIN
1033669|XAUUSD|breakout_retest|SHORT|2025-05-09 02:05:00|2025-05-09 03:05:00|2025-05-09 03:10:00|3308.53,B0_RAW_ALL_SESSION,SHORT,2025-05-09 03:15:00,2025-05-09 03:55:00,Morning 06:00-11:59,FALLING,3306.765,3311.796,3299.2185,503.1,-1.0,50.0,50.0,75.0,0.0,10.0,50.0,0.218644,0.268336,0.268336,-1.218644,-1.268336,False,UP,NEAR_TP_GIVEBACK
1033669|XAUUSD|breakout_retest|LONG|2025-05-09 04:10:00|2025-05-09 04:15:00|2025-05-09 04:20:00|3313.07,B0_RAW_ALL_SESSION,LONG,2025-05-09 04:25:00,2025-05-09 05:00:00,Morning 06:00-11:59,FALLING,3316.835,3312.20429,3323.78107,463.07,1.5,50.0,50.0,75.0,0.0,10.0,0.0,0.12957,0.183557,0.183557,1.37043,1.316443,False,UP,WIN
1033669|XAUUSD|breakout_retest|LONG|2025-05-09 04:10:00|2025-05-09 05:30:00|2025-05-09 05:35:00|3313.07,B0_RAW_ALL_SESSION,LONG,2025-05-09 05:40:00,2025-05-09 11:30:00,Morning 06:00-11:59,FALLING,3321.465,3312.22729,3335.32157,923.77,1.5,50.0,50.0,75.0,0.0,10.0,0.0,0.064951,0.092014,0.092014,1.435049,1.407986,True,UP,WIN
1033669|XAUUSD|breakout_retest|LONG|2025-05-09 11:25:00|2025-05-09 11:35:00|2025-05-09 11:40:00|3329.59,B0_RAW_ALL_SESSION,LONG,2025-05-09 11:45:00,2025-05-09 14:05:00,Afternoon 12:00-15:59,RISING,3331.365,3324.426,3341.7735,693.9,-1.0,50.0,50.0,75.0,0.0,10.0,50.0,0.158524,0.194553,0.194553,-1.158524,-1.194553,False,UP,NEAR_TP_GIVEBACK
1033669|XAUUSD|breakout_retest|LONG|2025-05-09 15:40:00|2025-05-09 15:45:00|2025-05-09 15:50:00|3341.05,B0_RAW_ALL_SESSION,LONG,2025-05-09 15:55:00,2025-05-09 16:25:00,Evening 16:00-19:59,RISING,3343.195,3339.77143,3348.33036,342.36,-1.0,50.0,50.0,75.0,0.0,10.0,50.0,0.321302,0.394325,0.394325,-1.321302,-1.394325,False,UP,BAD_EXIT_GIVEBACK
1033669|XAUUSD|breakout_retest|SHORT|2025-05-09 19:15:00|2025-05-09 19:20:00|2025-05-09 19:25:00|3335.99,B0_RAW_ALL_SESSION,SHORT,2025-05-09 19:30:00,2025-05-09 19:40:00,Night 20:00-05:59,RISING,3332.455,3336.29464,3326.69554,383.96,1.5,50.0,50.0,75.0,0.0,10.0,0.0,0.156265,0.221375,0.221375,1.343735,1.278625,False,UP,WIN
1033669|XAUUSD|breakout_retest|SHORT|2025-05-11 22:40:00|2025-05-11 22:55:00|2025-05-11 23:00:00|3274.30,B0_RAW_ALL_SESSION,SHORT,2025-05-11 23:05:00,2025-05-11 23:20:00,Night 20:00-05:59,FALLING,3271.825,3276.84004,3264.30245,501.5,-1.0,50.0,50.0,75.0,0.0,10.0,50.0,0.21934,0.269191,0.269191,-1.21934,-1.269191,False,DOWN,NEAR_TP_GIVEBACK
1033669|XAUUSD|breakout_retest|SHORT|2025-05-14 01:00:00|2025-05-14 01:50:00|2025-05-14 01:55:00|3240.89,B0_RAW_ALL_SESSION,SHORT,2025-05-14 02:00:00,2025-05-14 02:30:00,Morning 06:00-11:59,FALLING,3240.065,3243.70893,3234.59911,364.39,1.5,50.0,50.0,75.0,0.0,10.0,0.0,0.164657,0.233265,0.233265,1.335343,1.266735,False,DOWN,WIN
1033669|XAUUSD|breakout_retest|SHORT|2025-05-14 02:25:00|2025-05-14 02:35:00|2025-05-14 02:40:00|3238.38,B0_RAW_ALL_SESSION,SHORT,2025-05-14 02:45:00,2025-05-14 08:05:00,Morning 06:00-11:59,FALLING,3228.755,3238.97433,3213.42601,1021.93,-1.0,50.0,50.0,75.0,0.0,10.0,50.0,0.107639,0.132103,0.132103,-1.107639,-1.132103,True,DOWN,MIXED
1033669|XAUUSD|breakout_retest|SHORT|2025-05-14 08:00:00|2025-05-14 08:05:00|2025-05-14 08:10:00|3240.89,B0_RAW_ALL_SESSION,SHORT,2025-05-14 08:15:00,2025-05-14 11:50:00,Afternoon 12:00-15:59,FALLING,3237.225,3243.90907,3227.19889,668.41,1.5,50.0,50.0,75.0,0.0,10.0,0.0,0.089766,0.127168,0.127168,1.410234,1.372832,True,DOWN,WIN
1033669|XAUUSD|breakout_retest|LONG|2025-05-14 19:50:00|2025-05-14 20:15:00|2025-05-14 20:20:00|3178.53,B0_RAW_ALL_SESSION,LONG,2025-05-14 20:25:00,2025-05-14 21:00:00,Night 20:00-05:59,FALLING,3180.815,3178.17154,3184.78019,264.35,-1.0,50.0,50.0,75.0,0.0,10.0,50.0,0.416122,0.510695,0.510695,-1.416122,-1.510695,False,DOWN,BAD_EXIT_GIVEBACK
1033669|XAUUSD|breakout_retest|LONG|2025-05-14 23:10:00|2025-05-14 23:25:00|2025-05-14 23:30:00|3183.51,B0_RAW_ALL_SESSION,LONG,2025-05-14 23:35:00,2025-05-14 23:45:00,Night 20:00-05:59,FALLING,3183.995,3182.77786,3185.82071,121.71,1.5,50.0,50.0,75.0,0.0,10.0,0.0,0.492958,0.698357,0.698357,1.007042,0.801643,False,DOWN,WIN
1033669|XAUUSD|breakout_retest|LONG|2025-05-14 23:40:00|2025-05-14 23:45:00|2025-05-14 23:50:00|3185.53,B0_RAW_ALL_SESSION,LONG,2025-05-14 23:55:00,2025-05-16 00:05:00,Night 20:00-05:59,FALLING,3186.745,3184.93293,3189.46311,181.21,1.5,50.0,50.0,75.0,0.0,10.0,0.0,0.331113,0.469076,0.469076,1.168887,1.030924,False,DOWN,WIN
1033669|XAUUSD|breakout_retest|SHORT|2025-05-14 23:55:00|2025-05-16 00:05:00|2025-05-16 00:10:00|3240.89,B0_RAW_ALL_SESSION,SHORT,2025-05-16 00:15:00,2025-05-16 00:35:00,Night 20:00-05:59,FALLING,3238.155,3242.314,3231.9165,415.9,1.5,50.0,50.0,75.0,0.0,10.0,0.0,0.144265,0.204376,0.204376,1.355735,1.295624,False,DOWN,WIN
1033669|XAUUSD|breakout_retest|SHORT|2025-05-16 00:45:00|2025-05-16 01:00:00|2025-05-16 01:05:00|3240.89,B0_RAW_ALL_SESSION,SHORT,2025-05-16 01:10:00,2025-05-16 01:50:00,Night 20:00-05:59,FALLING,3234.565,3244.67729,3219.39657,1011.23,1.5,50.0,50.0,75.0,0.0,10.0,0.0,0.059334,0.084056,0.084056,1.440666,1.415944,True,DOWN,WIN
1033669|XAUUSD|breakout_retest|SHORT|2025-05-16 03:05:00|2025-05-16 03:35:00|2025-05-16 03:40:00|3214.47,B0_RAW_ALL_SESSION,SHORT,2025-05-16 03:45:00,2025-05-16 04:20:00,Morning 06:00-11:59,RISING,3210.595,3215.42764,3203.34604,483.26,-1.0,50.0,50.0,75.0,0.0,10.0,50.0,0.227619,0.27935,0.27935,-1.227619,-1.27935,False,DOWN,MIXED
1033669|XAUUSD|breakout_retest|LONG|2025-05-16 04:20:00|2025-05-16 04:30:00|2025-05-16 04:35:00|3215.01,B0_RAW_ALL_SESSION,LONG,2025-05-16 04:40:00,2025-05-16 04:55:00,Morning 06:00-11:59,RISING,3216.535,3213.7885,3220.65475,274.65,1.5,50.0,50.0,75.0,0.0,10.0,0.0,0.21846,0.309485,0.309485,1.28154,1.190515,False,DOWN,WIN
1033669|XAUUSD|breakout_retest|LONG|2025-05-16 04:50:00|2025-05-16 04:55:00|2025-05-16 05:00:00|3219.11,B0_RAW_ALL_SESSION,LONG,2025-05-16 05:05:00,2025-05-16 05:10:00,Morning 06:00-11:59,RISING,3222.145,3218.42207,3227.72939,372.29,-1.0,50.0,50.0,75.0,0.0,10.0,50.0,0.295466,0.362618,0.362618,-1.295466,-1.362618,False,DOWN,BAD_SIGNAL
1033669|XAUUSD|breakout_retest|LONG|2025-05-16 04:50:00|2025-05-16 06:00:00|2025-05-16 06:05:00|3219.11,B0_RAW_ALL_SESSION,LONG,2025-05-16 06:10:00,2025-05-16 06:15:00,Morning 06:00-11:59,RISING,3222.285,3217.32364,3229.72704,496.14,1.5,50.0,50.0,75.0,0.0,10.0,0.0,0.120935,0.171324,0.171324,1.379065,1.328676,False,DOWN,WIN
1033669|XAUUSD|breakout_retest|LONG|2025-05-16 04:50:00|2025-05-16 06:25:00|2025-05-16 06:30:00|3219.11,B0_RAW_ALL_SESSION,LONG,2025-05-16 06:35:00,2025-05-16 06:40:00,Morning 06:00-11:59,RISING,3220.935,3216.91757,3226.96114,401.74,-1.0,50.0,50.0,75.0,0.0,10.0,50.0,0.273807,0.336036,0.336036,-1.273807,-1.336036,False,DOWN,BAD_SIGNAL
1033669|XAUUSD|breakout_retest|SHORT|2025-05-16 07:15:00|2025-05-16 07:50:00|2025-05-16 07:55:00|3211.61,B0_RAW_ALL_SESSION,SHORT,2025-05-16 08:00:00,2025-05-16 08:15:00,Afternoon 12:00-15:59,RISING,3208.195,3214.04432,3199.42102,584.93,1.5,50.0,50.0,75.0,0.0,10.0,0.0,0.102576,0.145316,0.145316,1.397424,1.354684,True,DOWN,WIN
1033669|XAUUSD|breakout_retest|LONG|2025-05-16 09:35:00|2025-05-16 09:45:00|2025-05-16 09:50:00|3209.01,B0_RAW_ALL_SESSION,LONG,2025-05-16 09:55:00,2025-05-16 10:05:00,Afternoon 12:00-15:59,FALLING,3210.585,3207.67629,3214.94807,290.87,-1.0,50.0,50.0,75.0,0.0,10.0,50.0,0.378174,0.464123,0.464123,-1.378174,-1.464123,False,DOWN,BAD_SIGNAL
1033669|XAUUSD|breakout_retest|SHORT|2025-05-16 10:15:00|2025-05-16 10:20:00|2025-05-16 10:25:00|3203.45,B0_RAW_ALL_SESSION,SHORT,2025-05-16 10:30:00,2025-05-16 10:40:00,Afternoon 12:00-15:59,FALLING,3201.415,3204.43307,3196.88789,301.81,1.5,50.0,50.0,75.0,0.0,10.0,0.0,0.198802,0.281637,0.281637,1.301198,1.218363,False,DOWN,WIN
1033669|XAUUSD|breakout_retest|LONG|2025-05-16 17:00:00|2025-05-16 17:40:00|2025-05-16 17:45:00|3187.09,B0_RAW_ALL_SESSION,LONG,2025-05-16 17:50:00,2025-05-16 18:40:00,Night 20:00-05:59,FALLING,3187.905,3185.28264,3191.83854,262.24,-1.0,50.0,50.0,75.0,0.0,10.0,50.0,0.41947,0.514804,0.514804,-1.41947,-1.514804,False,DOWN,BAD_EXIT_GIVEBACK
1033669|XAUUSD|breakout_retest|LONG|2025-05-16 19:05:00|2025-05-16 19:10:00|2025-05-16 19:15:00|3190.26,B0_RAW_ALL_SESSION,LONG,2025-05-16 19:20:00,2025-05-16 19:25:00,Night 20:00-05:59,FALLING,3191.725,3189.60664,3194.90254,211.84,1.5,50.0,50.0,75.0,0.0,10.0,0.0,0.283238,0.401254,0.401254,1.216762,1.098746,False,DOWN,WIN
1033669|XAUUSD|breakout_retest|LONG|2025-05-20 01:00:00|2025-05-20 01:05:00|2025-05-20 01:10:00|3223.88,B0_RAW_ALL_SESSION,LONG,2025-05-20 01:15:00,2025-05-20 01:25:00,Night 20:00-05:59,RISING,3229.235,3223.15626,3238.35311,607.87,-1.0,50.0,50.0,75.0,0.0,10.0,50.0,0.180958,0.222085,0.222085,-1.180958,-1.222085,False,UP,BAD_SIGNAL
1033669|XAUUSD|breakout_retest|LONG|2025-05-20 01:15:00|2025-05-20 01:25:00|2025-05-20 01:30:00|3223.88,B0_RAW_ALL_SESSION,LONG,2025-05-20 01:35:00,2025-05-20 02:00:00,Night 20:00-05:59,RISING,3226.505,3222.27794,3232.84559,422.71,-1.0,50.0,50.0,75.0,0.0,10.0,50.0,0.260228,0.319371,0.319371,-1.260228,-1.319371,False,UP,NEAR_TP_GIVEBACK
1033669|XAUUSD|breakout_retest|SHORT|2025-05-20 01:55:00|2025-05-20 02:00:00|2025-05-20 02:05:00|3222.59,B0_RAW_ALL_SESSION,SHORT,2025-05-20 02:10:00,2025-05-20 02:20:00,Morning 06:00-11:59,RISING,3219.015,3223.28881,3212.60428,427.38,1.5,50.0,50.0,75.0,0.0,10.0,0.0,0.14039,0.198886,0.198886,1.35961,1.301114,False,UP,WIN
1033669|XAUUSD|breakout_retest|LONG|2025-05-20 04:55:00|2025-05-20 05:00:00|2025-05-20 05:05:00|3214.72,B0_RAW_ALL_SESSION,LONG,2025-05-20 05:10:00,2025-05-20 05:25:00,Morning 06:00-11:59,RISING,3218.745,3213.81329,3226.14257,493.17,-1.0,50.0,50.0,75.0,0.0,10.0,50.0,0.223046,0.273738,0.273738,-1.223046,-1.273738,False,UP,BAD_SIGNAL
1033669|XAUUSD|breakout_retest|LONG|2025-05-20 05:00:00|2025-05-20 06:05:00|2025-05-20 06:10:00|3214.72,B0_RAW_ALL_SESSION,LONG,2025-05-20 06:15:00,2025-05-20 06:40:00,Morning 06:00-11:59,RISING,3216.685,3210.07386,3226.60171,661.11,-1.0,50.0,50.0,75.0,0.0,10.0,50.0,0.166386,0.204201,0.204201,-1.166386,-1.204201,False,UP,BAD_SIGNAL
1033669|XAUUSD|breakout_retest|LONG|2025-05-20 08:05:00|2025-05-20 08:10:00|2025-05-20 08:15:00|3219.01,B0_RAW_ALL_SESSION,LONG,2025-05-20 08:20:00,2025-05-20 08:30:00,Afternoon 12:00-15:59,RISING,3222.415,3218.54814,3228.21529,386.69,-1.0,50.0,50.0,75.0,0.0,10.0,50.0,0.284469,0.349121,0.349121,-1.284469,-1.349121,False,UP,BAD_SIGNAL
1033669|XAUUSD|breakout_retest|LONG|2025-05-20 07:50:00|2025-05-20 08:25:00|2025-05-20 08:30:00|3219.01,B0_RAW_ALL_SESSION,LONG,2025-05-20 08:35:00,2025-05-20 08:50:00,Afternoon 12:00-15:59,RISING,3222.045,3217.73196,3228.51456,431.3,1.5,50.0,50.0,75.0,0.0,10.0,0.0,0.139113,0.197077,0.197077,1.360887,1.302923,False,UP,WIN
1033669|XAUUSD|breakout_retest|LONG|2025-05-20 11:35:00|2025-05-20 11:45:00|2025-05-20 11:50:00|3239.24,B0_RAW_ALL_SESSION,LONG,2025-05-20 11:55:00,2025-05-20 12:15:00,Afternoon 12:00-15:59,RISING,3239.495,3237.72564,3242.14904,176.94,-1.0,50.0,50.0,75.0,0.0,10.0,50.0,0.621695,0.762989,0.762989,-1.621695,-1.762989,False,UP,NEAR_TP_GIVEBACK
1033669|XAUUSD|breakout_retest|LONG|2025-05-20 11:55:00|2025-05-20 12:25:00|2025-05-20 12:30:00|3239.24,B0_RAW_ALL_SESSION,LONG,2025-05-20 12:35:00,2025-05-20 12:40:00,Evening 16:00-19:59,RISING,3241.365,3236.73707,3248.30689,462.79,1.5,50.0,50.0,75.0,0.0,10.0,0.0,0.129648,0.183667,0.183667,1.370352,1.316333,False,UP,WIN
1033669|XAUUSD|breakout_retest|LONG|2025-05-20 12:40:00|2025-05-20 12:45:00|2025-05-20 12:50:00|3244.24,B0_RAW_ALL_SESSION,LONG,2025-05-20 12:55:00,2025-05-20 13:00:00,Evening 16:00-19:59,RISING,3247.395,3242.87,3254.1825,452.5,-1.0,50.0,50.0,75.0,0.0,10.0,50.0,0.243094,0.298343,0.298343,-1.243094,-1.298343,False,UP,BAD_SIGNAL
1033669|XAUUSD|breakout_retest|LONG|2025-05-20 11:55:00|2025-05-20 13:30:00|2025-05-20 13:35:00|3239.24,B0_RAW_ALL_SESSION,LONG,2025-05-20 13:40:00,2025-05-20 13:55:00,Evening 16:00-19:59,RISING,3241.095,3235.81529,3249.01457,527.97,1.5,50.0,50.0,75.0,0.0,10.0,0.0,0.113643,0.160994,0.160994,1.386357,1.339006,True,UP,WIN
1033669|XAUUSD|breakout_retest|LONG|2025-05-20 13:45:00|2025-05-20 13:50:00|2025-05-20 13:55:00|3244.24,B0_RAW_ALL_SESSION,LONG,2025-05-20 14:00:00,2025-05-20 14:05:00,Evening 16:00-19:59,RISING,3249.245,3243.67,3257.6075,557.5,1.5,50.0,50.0,75.0,0.0,10.0,0.0,0.107623,0.152466,0.152466,1.392377,1.347534,True,UP,WIN
1033669|XAUUSD|breakout_retest|LONG|2025-05-20 17:20:00|2025-05-20 17:30:00|2025-05-20 17:35:00|3282.30,B0_RAW_ALL_SESSION,LONG,2025-05-20 17:40:00,2025-05-20 18:30:00,Night 20:00-05:59,RISING,3284.535,3281.60529,3288.92957,292.97,1.5,50.0,50.0,75.0,0.0,10.0,0.0,0.204798,0.290131,0.290131,1.295202,1.209869,False,UP,WIN
1033669|XAUUSD|breakout_retest|LONG|2025-05-20 19:20:00|2025-05-20 19:30:00|2025-05-20 19:35:00|3289.41,B0_RAW_ALL_SESSION,LONG,2025-05-20 19:40:00,2025-05-20 19:50:00,Night 20:00-05:59,RISING,3290.385,3288.98464,3292.48554,140.04,1.5,50.0,50.0,75.0,0.0,10.0,0.0,0.428462,0.606988,0.606988,1.071538,0.893012,False,UP,WIN
1033669|XAUUSD|breakout_retest|LONG|2025-05-20 20:05:00|2025-05-20 20:30:00|2025-05-20 20:35:00|3289.41,B0_RAW_ALL_SESSION,LONG,2025-05-20 20:40:00,2025-05-20 22:10:00,Night 20:00-05:59,RISING,3291.655,3289.1035,3295.48225,255.15,1.5,50.0,50.0,75.0,0.0,10.0,0.0,0.235156,0.333137,0.333137,1.264844,1.166863,False,UP,WIN
1033669|XAUUSD|breakout_retest|LONG|2025-05-20 22:05:00|2025-05-20 22:45:00|2025-05-20 22:50:00|3295.47,B0_RAW_ALL_SESSION,LONG,2025-05-20 22:55:00,2025-05-20 23:05:00,Night 20:00-05:59,RISING,3295.635,3292.54807,3300.26539,308.69,-1.0,50.0,50.0,75.0,0.0,10.0,50.0,0.356341,0.437328,0.437328,-1.356341,-1.437328,False,UP,MIXED
1033669|XAUUSD|breakout_retest|LONG|2025-05-21 00:10:00|2025-05-21 00:20:00|2025-05-21 00:25:00|3293.26,B0_RAW_ALL_SESSION,LONG,2025-05-21 00:30:00,2025-05-21 00:40:00,Night 20:00-05:59,RISING,3295.505,3291.91329,3300.89257,359.17,1.5,50.0,50.0,75.0,0.0,10.0,0.0,0.167051,0.236656,0.236656,1.332949,1.263344,False,UP,WIN
1033669|XAUUSD|breakout_retest|LONG|2025-05-21 00:55:00|2025-05-21 01:40:00|2025-05-21 01:45:00|3293.26,B0_RAW_ALL_SESSION,LONG,2025-05-21 01:50:00,2025-05-21 02:05:00,Night 20:00-05:59,RISING,3295.515,3290.12229,3303.60407,539.27,-1.0,50.0,50.0,75.0,0.0,10.0,50.0,0.203979,0.250338,0.250338,-1.203979,-1.250338,False,UP,MIXED
1033669|XAUUSD|breakout_retest|LONG|2025-05-21 00:55:00|2025-05-21 02:05:00|2025-05-21 02:10:00|3293.26,B0_RAW_ALL_SESSION,LONG,2025-05-21 02:15:00,2025-05-21 02:25:00,Morning 06:00-11:59,RISING,3295.615,3292.34714,3300.51679,326.79,-1.0,50.0,50.0,75.0,0.0,10.0,50.0,0.336612,0.413115,0.413115,-1.336612,-1.413115,False,UP,MIXED
1033669|XAUUSD|breakout_retest|LONG|2025-05-21 00:55:00|2025-05-21 02:20:00|2025-05-21 02:25:00|3293.26,B0_RAW_ALL_SESSION,LONG,2025-05-21 02:30:00,2025-05-21 02:45:00,Morning 06:00-11:59,RISING,3294.855,3291.09336,3300.49746,376.16,1.5,50.0,50.0,75.0,0.0,10.0,0.0,0.159505,0.225965,0.225965,1.340495,1.274035,False,UP,WIN
1033669|XAUUSD|breakout_retest|LONG|2025-05-21 03:55:00|2025-05-21 04:00:00|2025-05-21 04:05:00|3304.82,B0_RAW_ALL_SESSION,LONG,2025-05-21 04:10:00,2025-05-21 04:25:00,Morning 06:00-11:59,RISING,3308.225,3304.39714,3313.96679,382.79,-1.0,50.0,50.0,75.0,0.0,10.0,50.0,0.287367,0.352678,0.352678,-1.287367,-1.352678,False,UP,BAD_SIGNAL
1033669|XAUUSD|breakout_retest|LONG|2025-05-21 04:35:00|2025-05-21 04:40:00|2025-05-21 04:45:00|3303.76,B0_RAW_ALL_SESSION,LONG,2025-05-21 04:50:00,2025-05-21 05:00:00,Morning 06:00-11:59,RISING,3306.275,3302.63371,3311.73693,364.13,-1.0,50.0,50.0,75.0,0.0,10.0,50.0,0.302091,0.370748,0.370748,-1.302091,-1.370748,False,UP,BAD_SIGNAL
1033669|XAUUSD|breakout_retest|LONG|2025-05-21 04:45:00|2025-05-21 05:35:00|2025-05-21 05:40:00|3303.76,B0_RAW_ALL_SESSION,LONG,2025-05-21 05:45:00,2025-05-21 05:50:00,Morning 06:00-11:59,RISING,3304.615,3300.265,3311.14,435.0,1.5,50.0,50.0,75.0,0.0,10.0,0.0,0.137931,0.195402,0.195402,1.362069,1.304598,False,UP,WIN
1033669|XAUUSD|breakout_retest|LONG|2025-05-21 08:05:00|2025-05-21 08:10:00|2025-05-21 08:15:00|3303.76,B0_RAW_ALL_SESSION,LONG,2025-05-21 08:20:00,2025-05-21 10:00:00,Afternoon 12:00-15:59,RISING,3306.995,3303.3795,3312.41825,361.55,1.5,50.0,50.0,75.0,0.0,10.0,0.0,0.165952,0.235099,0.235099,1.334048,1.264901,False,UP,WIN
1033669|XAUUSD|breakout_retest|LONG|2025-05-21 09:55:00|2025-05-21 10:15:00|2025-05-21 10:20:00|3312.10,B0_RAW_ALL_SESSION,LONG,2025-05-21 10:25:00,2025-05-21 10:50:00,Afternoon 12:00-15:59,RISING,3313.955,3310.61353,3318.96721,334.15,-1.0,50.0,50.0,75.0,0.0,10.0,50.0,0.329196,0.404014,0.404014,-1.329196,-1.404014,False,UP,BAD_EXIT_GIVEBACK
1033669|XAUUSD|breakout_retest|LONG|2025-05-21 12:15:00|2025-05-21 13:10:00|2025-05-21 13:15:00|3303.76,B0_RAW_ALL_SESSION,LONG,2025-05-21 13:20:00,2025-05-21 13:50:00,Evening 16:00-19:59,RISING,3305.625,3299.15531,3315.32954,646.97,-1.0,50.0,50.0,75.0,0.0,10.0,50.0,0.170024,0.208665,0.208665,-1.170024,-1.208665,False,UP,MIXED
1033669|XAUUSD|breakout_retest|SHORT|2025-05-21 12:20:00|2025-05-21 13:45:00|2025-05-21 13:50:00|3306.26,B0_RAW_ALL_SESSION,SHORT,2025-05-21 13:55:00,2025-05-21 14:30:00,Evening 16:00-19:59,RISING,3298.518,3306.70798,3286.23303,819.0,-1.0,50.0,50.0,75.0,0.0,10.0,50.0,0.13431,0.164836,0.164836,-1.13431,-1.164836,False,UP,BAD_SIGNAL
1033669|XAUUSD|breakout_retest|LONG|2025-05-21 14:50:00|2025-05-21 15:00:00|2025-05-21 15:05:00|3303.76,B0_RAW_ALL_SESSION,LONG,2025-05-21 15:10:00,2025-05-21 15:20:00,Evening 16:00-19:59,RISING,3307.555,3302.88652,3314.55772,466.85,1.5,50.0,50.0,75.0,0.0,10.0,0.0,0.128522,0.182072,0.182072,1.371478,1.317928,False,UP,WIN
1033669|XAUUSD|breakout_retest|LONG|2025-05-21 15:25:00|2025-05-21 15:30:00|2025-05-21 15:35:00|3309.35,B0_RAW_ALL_SESSION,LONG,2025-05-21 15:40:00,2025-05-21 16:35:00,Evening 16:00-19:59,RISING,3312.635,3308.39397,3318.99654,424.1,-1.0,50.0,50.0,75.0,0.0,10.0,50.0,0.259371,0.318319,0.318319,-1.259371,-1.318319,False,UP,BAD_SIGNAL
1033669|XAUUSD|breakout_retest|LONG|2025-05-21 16:45:00|2025-05-21 17:00:00|2025-05-21 17:05:00|3303.76,B0_RAW_ALL_SESSION,LONG,2025-05-21 17:10:00,2025-05-21 17:20:00,Night 20:00-05:59,RISING,3306.165,3302.24861,3312.03958,391.64,1.5,50.0,50.0,75.0,0.0,10.0,0.0,0.153202,0.217037,0.217037,1.346798,1.282963,False,UP,WIN
1033669|XAUUSD|breakout_retest|SHORT|2025-05-25 23:55:00|2025-05-26 00:05:00|2025-05-26 00:10:00|3343.66,B0_RAW_ALL_SESSION,SHORT,2025-05-26 00:15:00,2025-05-26 01:55:00,Night 20:00-05:59,FALLING,3340.225,3346.31401,3331.09148,608.9,-1.0,50.0,50.0,75.0,0.0,10.0,50.0,0.180653,0.221711,0.221711,-1.180653,-1.221711,False,UP,NEAR_TP_GIVEBACK
1033669|XAUUSD|breakout_retest|LONG|2025-05-26 01:50:00|2025-05-26 01:55:00|2025-05-26 02:00:00|3344.35,B0_RAW_ALL_SESSION,LONG,2025-05-26 02:05:00,2025-05-26 02:40:00,Morning 06:00-11:59,FALLING,3346.858,3343.44897,3351.97154,340.9,1.5,50.0,50.0,75.0,0.0,10.0,0.0,0.176003,0.249338,0.249338,1.323997,1.250662,False,UP,WIN
1033669|XAUUSD|breakout_retest|LONG|2025-05-26 02:00:00|2025-05-26 03:25:00|2025-05-26 03:30:00|3344.35,B0_RAW_ALL_SESSION,LONG,2025-05-26 03:35:00,2025-05-26 04:15:00,Morning 06:00-11:59,FALLING,3345.875,3343.75343,3349.05736,212.16,1.5,50.0,50.0,75.0,0.0,10.0,0.0,0.282809,0.400646,0.400646,1.217191,1.099354,False,UP,WIN
1033669|XAUUSD|breakout_retest|SHORT|2025-05-26 06:25:00|2025-05-26 06:50:00|2025-05-26 06:55:00|3340.91,B0_RAW_ALL_SESSION,SHORT,2025-05-26 07:00:00,2025-05-26 08:45:00,Morning 06:00-11:59,FALLING,3337.618,3341.74381,3331.42928,412.58,1.5,50.0,50.0,75.0,0.0,10.0,0.0,0.145426,0.20602,0.20602,1.354574,1.29398,False,UP,WIN
1033669|XAUUSD|breakout_retest|LONG|2025-05-26 12:40:00|2025-05-26 12:50:00|2025-05-26 12:55:00|3332.72,B0_RAW_ALL_SESSION,LONG,2025-05-26 13:00:00,2025-05-26 13:15:00,Evening 16:00-19:59,FALLING,3333.945,3331.57748,3337.49628,236.75,-1.0,50.0,50.0,75.0,0.0,10.0,50.0,0.464621,0.570217,0.570217,-1.464621,-1.570217,False,UP,BAD_EXIT_GIVEBACK
1033669|XAUUSD|breakout_retest|LONG|2025-05-26 13:00:00|2025-05-26 13:10:00|2025-05-26 13:15:00|3332.72,B0_RAW_ALL_SESSION,LONG,2025-05-26 13:20:00,2025-05-26 14:00:00,Evening 16:00-19:59,FALLING,3333.995,3330.85386,3338.7067,314.11,1.5,50.0,50.0,75.0,0.0,10.0,0.0,0.191014,0.270603,0.270603,1.308986,1.229397,False,UP,WIN
1033669|XAUUSD|breakout_retest|LONG|2025-05-26 14:00:00|2025-05-26 14:10:00|2025-05-26 14:15:00|3338.34,B0_RAW_ALL_SESSION,LONG,2025-05-26 14:20:00,2025-05-26 14:30:00,Evening 16:00-19:59,FALLING,3340.385,3336.58276,3346.08835,380.22,-1.0,50.0,50.0,75.0,0.0,10.0,50.0,0.289303,0.355054,0.355054,-1.289303,-1.355054,False,UP,BAD_SIGNAL
1033669|XAUUSD|breakout_retest|LONG|2025-05-26 14:00:00|2025-05-26 15:15:00|2025-05-26 15:20:00|3338.34,B0_RAW_ALL_SESSION,LONG,2025-05-26 15:25:00,2025-05-26 15:45:00,Evening 16:00-19:59,FALLING,3339.108,3337.02836,3342.22745,207.96,-1.0,50.0,50.0,75.0,0.0,10.0,50.0,0.528939,0.649152,0.649152,-1.528939,-1.649152,False,UP,BAD_SIGNAL
1033669|XAUUSD|breakout_retest|LONG|2025-05-26 16:30:00|2025-05-26 16:35:00|2025-05-26 16:40:00|3339.51,B0_RAW_ALL_SESSION,LONG,2025-05-26 16:45:00,2025-05-26 22:05:00,Night 20:00-05:59,FALLING,3341.408,3339.24152,3344.65772,216.65,1.5,50.0,50.0,75.0,0.0,10.0,0.0,0.276947,0.392342,0.392342,1.223053,1.107658,False,UP,WIN
1033669|XAUUSD|breakout_retest|LONG|2025-05-26 22:00:00|2025-05-26 22:05:00|2025-05-26 22:10:00|3342.82,B0_RAW_ALL_SESSION,LONG,2025-05-26 22:15:00,2025-05-29 00:05:00,Night 20:00-05:59,RISING,3347.258,3342.797,3353.9495,446.1,-1.0,50.0,50.0,75.0,0.0,10.0,50.0,0.246581,0.302623,0.302623,-1.246581,-1.302623,False,UP,BAD_SIGNAL
1033669|XAUUSD|breakout_retest|LONG|2025-05-29 03:20:00|2025-05-29 03:35:00|2025-05-29 03:40:00|3275.20,B0_RAW_ALL_SESSION,LONG,2025-05-29 03:45:00,2025-05-29 04:00:00,Morning 06:00-11:59,FALLING,3276.088,3273.47084,3280.01375,261.72,-1.0,50.0,50.0,75.0,0.0,10.0,50.0,0.420302,0.515825,0.515825,-1.420302,-1.515825,False,UP,NEAR_TP_GIVEBACK
1033669|XAUUSD|breakout_retest|SHORT|2025-05-29 05:20:00|2025-05-29 05:25:00|2025-05-29 05:30:00|3272.07,B0_RAW_ALL_SESSION,SHORT,2025-05-29 05:35:00,2025-05-29 06:00:00,Morning 06:00-11:59,FALLING,3269.288,3272.29536,3264.77696,300.74,-1.0,50.0,50.0,75.0,0.0,10.0,50.0,0.36577,0.448899,0.448899,-1.36577,-1.448899,False,UP,BAD_EXIT_GIVEBACK
1033669|XAUUSD|breakout_retest|SHORT|2025-05-29 05:05:00|2025-05-29 06:05:00|2025-05-29 06:10:00|3272.07,B0_RAW_ALL_SESSION,SHORT,2025-05-29 06:15:00,2025-05-29 06:25:00,Morning 06:00-11:59,FALLING,3270.165,3274.43691,3263.75714,427.19,-1.0,50.0,50.0,75.0,0.0,10.0,50.0,0.257496,0.316018,0.316018,-1.257496,-1.316018,False,UP,BAD_SIGNAL
1033669|XAUUSD|breakout_retest|SHORT|2025-05-29 05:05:00|2025-05-29 06:35:00|2025-05-29 06:40:00|3272.07,B0_RAW_ALL_SESSION,SHORT,2025-05-29 06:45:00,2025-05-29 07:05:00,Morning 06:00-11:59,FALLING,3270.965,3273.45989,3267.22267,249.49,-1.0,50.0,50.0,75.0,0.0,10.0,50.0,0.440902,0.541107,0.541107,-1.440902,-1.541107,False,UP,BAD_SIGNAL
1033669|XAUUSD|breakout_retest|LONG|2025-05-29 11:30:00|2025-05-29 11:40:00|2025-05-29 11:45:00|3300.51,B0_RAW_ALL_SESSION,LONG,2025-05-29 11:50:00,2025-05-29 12:00:00,Afternoon 12:00-15:59,FALLING,3301.875,3299.2714,3305.7804,260.36,-1.0,50.0,50.0,75.0,0.0,10.0,50.0,0.422492,0.518513,0.518513,-1.422492,-1.518513,False,UP,NEAR_TP_GIVEBACK
1033669|XAUUSD|breakout_retest|LONG|2025-05-29 11:45:00|2025-05-29 12:00:00|2025-05-29 12:05:00|3300.51,B0_RAW_ALL_SESSION,LONG,2025-05-29 12:10:00,2025-05-29 12:20:00,Evening 16:00-19:59,FALLING,3302.445,3298.11851,3308.93473,432.65,1.5,50.0,50.0,75.0,0.0,10.0,0.0,0.138681,0.196464,0.196464,1.361319,1.303536,False,UP,WIN
1033669|XAUUSD|breakout_retest|LONG|2025-05-29 13:25:00|2025-05-29 14:40:00|2025-05-29 14:45:00|3305.26,B0_RAW_ALL_SESSION,LONG,2025-05-29 14:50:00,2025-05-29 15:10:00,Evening 16:00-19:59,RISING,3308.608,3303.99644,3315.52535,461.16,1.5,50.0,50.0,75.0,0.0,10.0,0.0,0.130108,0.184319,0.184319,1.369892,1.315681,False,UP,WIN
1033669|XAUUSD|breakout_retest|LONG|2025-05-29 15:45:00|2025-05-29 15:50:00|2025-05-29 15:55:00|3317.38,B0_RAW_ALL_SESSION,LONG,2025-05-29 16:00:00,2025-05-29 16:05:00,Night 20:00-05:59,RISING,3319.405,3316.23992,3324.15262,316.51,1.5,50.0,50.0,75.0,0.0,10.0,0.0,0.189569,0.268556,0.268556,1.310431,1.231444,False,UP,WIN
1033669|XAUUSD|breakout_retest|SHORT|2025-05-29 15:55:00|2025-05-29 16:50:00|2025-05-29 16:55:00|3323.30,B0_RAW_ALL_SESSION,SHORT,2025-05-29 17:00:00,2025-05-29 17:35:00,Night 20:00-05:59,RISING,3322.188,3324.96394,3318.02409,277.59,1.5,50.0,50.0,75.0,0.0,10.0,0.0,0.216143,0.306202,0.306202,1.283857,1.193798,False,UP,WIN
1033669|XAUUSD|breakout_retest|SHORT|2025-05-29 17:50:00|2025-05-29 18:00:00|2025-05-29 18:05:00|3323.30,B0_RAW_ALL_SESSION,SHORT,2025-05-29 18:10:00,2025-05-29 19:45:00,Night 20:00-05:59,RISING,3321.745,3325.89331,3315.52253,414.83,1.5,50.0,50.0,75.0,0.0,10.0,0.0,0.144637,0.204903,0.204903,1.355363,1.295097,False,UP,WIN
1033669|XAUUSD|breakout_retest|SHORT|2025-05-29 19:40:00|2025-05-29 19:45:00|2025-05-29 19:50:00|3317.30,B0_RAW_ALL_SESSION,SHORT,2025-05-29 19:55:00,2025-05-29 20:30:00,Night 20:00-05:59,RISING,3315.455,3317.51955,3312.35817,206.46,-1.0,50.0,50.0,75.0,0.0,10.0,50.0,0.532804,0.653896,0.653896,-1.532804,-1.653896,False,UP,BAD_SIGNAL
1033669|XAUUSD|breakout_retest|SHORT|2025-05-29 19:35:00|2025-05-29 20:30:00|2025-05-29 20:35:00|3317.30,B0_RAW_ALL_SESSION,SHORT,2025-05-29 20:40:00,2025-05-29 21:00:00,Night 20:00-05:59,RISING,3316.995,3318.09462,3315.34557,109.96,-1.0,50.0,50.0,75.0,0.0,10.0,50.0,1.000344,1.227695,1.227695,-2.000344,-2.227695,False,UP,BAD_EXIT_GIVEBACK
1033669|XAUUSD|breakout_retest|SHORT|2025-05-29 22:35:00|2025-05-29 22:50:00|2025-05-29 22:55:00|3315.68,B0_RAW_ALL_SESSION,SHORT,2025-05-29 23:00:00,2025-05-29 23:30:00,Night 20:00-05:59,RISING,3314.805,3316.63553,3312.05921,183.05,-1.0,50.0,50.0,75.0,0.0,10.0,50.0,0.600919,0.737492,0.737492,-1.600919,-1.737492,False,UP,BAD_EXIT_GIVEBACK
1033669|XAUUSD|breakout_retest|SHORT|2025-05-29 22:50:00|2025-05-29 23:25:00|2025-05-29 23:30:00|3315.68,B0_RAW_ALL_SESSION,SHORT,2025-05-29 23:35:00,2025-05-31 00:05:00,Night 20:00-05:59,RISING,3314.105,3317.10624,3309.60315,300.12,1.5,50.0,50.0,75.0,0.0,10.0,0.0,0.199918,0.283217,0.283217,1.300082,1.216783,False,UP,WIN
1033669|XAUUSD|breakout_retest|LONG|2025-06-01 22:55:00|2025-06-01 23:55:00|2025-06-02 00:00:00|3309.34,B0_RAW_ALL_SESSION,LONG,2025-06-02 00:05:00,2025-06-02 00:40:00,Night 20:00-05:59,RISING,3311.265,3308.93676,3314.75735,232.82,-1.0,50.0,50.0,75.0,0.0,10.0,50.0,0.472461,0.579838,0.579838,-1.472461,-1.579838,False,UP,NEAR_TP_GIVEBACK
1033669|XAUUSD|breakout_retest|SHORT|2025-06-02 00:35:00|2025-06-02 02:15:00|2025-06-02 02:20:00|3308.80,B0_RAW_ALL_SESSION,SHORT,2025-06-02 02:25:00,2025-06-02 04:15:00,Morning 06:00-11:59,RISING,3307.335,3311.68597,3300.80854,435.1,-1.0,50.0,50.0,75.0,0.0,10.0,50.0,0.252817,0.310276,0.310276,-1.252817,-1.310276,False,UP,BAD_EXIT_GIVEBACK
1033669|XAUUSD|breakout_retest|LONG|2025-06-02 05:10:00|2025-06-02 05:20:00|2025-06-02 05:25:00|3316.45,B0_RAW_ALL_SESSION,LONG,2025-06-02 05:30:00,2025-06-02 05:40:00,Morning 06:00-11:59,RISING,3317.098,3315.76601,3319.09599,133.2,1.5,50.0,50.0,75.0,0.0,10.0,0.0,0.450453,0.638142,0.638142,1.049547,0.861858,False,UP,WIN
1033669|XAUUSD|breakout_retest|SHORT|2025-06-02 09:10:00|2025-06-02 09:20:00|2025-06-02 09:25:00|3349.80,B0_RAW_ALL_SESSION,SHORT,2025-06-02 09:30:00,2025-06-02 09:35:00,Afternoon 12:00-15:59,RISING,3349.038,3351.13239,3345.89642,209.44,1.5,50.0,50.0,75.0,0.0,10.0,0.0,0.28648,0.405847,0.405847,1.21352,1.094153,False,UP,WIN
1033669|XAUUSD|breakout_retest|SHORT|2025-06-02 09:30:00|2025-06-02 10:25:00|2025-06-02 10:30:00|3349.80,B0_RAW_ALL_SESSION,SHORT,2025-06-02 10:35:00,2025-06-02 10:45:00,Afternoon 12:00-15:59,RISING,3348.535,3350.77759,3345.17111,224.26,1.5,50.0,50.0,75.0,0.0,10.0,0.0,0.267547,0.379026,0.379026,1.232453,1.120974,False,UP,WIN
1033669|XAUUSD|breakout_retest|SHORT|2025-06-02 09:30:00|2025-06-02 10:55:00|2025-06-02 11:00:00|3349.80,B0_RAW_ALL_SESSION,SHORT,2025-06-02 11:05:00,2025-06-02 11:25:00,Afternoon 12:00-15:59,RISING,3345.825,3351.43475,3337.41037,560.98,-1.0,50.0,50.0,75.0,0.0,10.0,50.0,0.196087,0.240652,0.240652,-1.196087,-1.240652,False,UP,BAD_SIGNAL
1033669|XAUUSD|breakout_retest|LONG|2025-06-02 12:20:00|2025-06-02 12:25:00|2025-06-02 12:30:00|3360.10,B0_RAW_ALL_SESSION,LONG,2025-06-02 12:35:00,2025-06-02 12:50:00,Evening 16:00-19:59,RISING,3363.255,3359.46904,3368.93395,378.6,-1.0,50.0,50.0,75.0,0.0,10.0,50.0,0.290547,0.35658,0.35658,-1.290547,-1.35658,False,UP,BAD_SIGNAL
1033669|XAUUSD|breakout_retest|LONG|2025-06-02 12:45:00|2025-06-02 13:35:00|2025-06-02 13:40:00|3356.60,B0_RAW_ALL_SESSION,LONG,2025-06-02 13:45:00,2025-06-02 13:50:00,Evening 16:00-19:59,RISING,3359.958,3353.72569,3369.30646,623.23,1.5,50.0,50.0,75.0,0.0,10.0,0.0,0.096273,0.136386,0.136386,1.403727,1.363614,True,UP,WIN
1033669|XAUUSD|breakout_retest|LONG|2025-06-02 19:50:00|2025-06-02 20:15:00|2025-06-02 20:20:00|3380.24,B0_RAW_ALL_SESSION,LONG,2025-06-02 20:25:00,2025-06-02 20:30:00,Night 20:00-05:59,RISING,3381.425,3379.80896,3383.84905,161.6,-1.0,50.0,50.0,75.0,0.0,10.0,50.0,0.680678,0.835378,0.835378,-1.680678,-1.835378,False,UP,BAD_SIGNAL
1033669|XAUUSD|breakout_retest|LONG|2025-06-02 19:50:00|2025-06-02 20:35:00|2025-06-02 20:40:00|3380.24,B0_RAW_ALL_SESSION,LONG,2025-06-02 20:45:00,2025-06-02 20:50:00,Night 20:00-05:59,RISING,3380.475,3379.17114,3382.4308,130.39,1.5,50.0,50.0,75.0,0.0,10.0,0.0,0.460171,0.651908,0.651908,1.039829,0.848092,False,UP,WIN
1033669|XAUUSD|breakout_retest|LONG|2025-06-02 19:50:00|2025-06-02 20:45:00|2025-06-02 20:50:00|3380.24,B0_RAW_ALL_SESSION,LONG,2025-06-02 20:55:00,2025-06-02 22:20:00,Night 20:00-05:59,RISING,3382.705,3380.05719,3386.67672,264.78,1.5,50.0,50.0,75.0,0.0,10.0,0.0,0.226602,0.321019,0.321019,1.273398,1.178981,False,UP,WIN
1033669|XAUUSD|breakout_retest|SHORT|2025-06-02 23:30:00|2025-06-03 00:00:00|2025-06-03 00:05:00|3387.88,B0_RAW_ALL_SESSION,SHORT,2025-06-03 00:10:00,2025-06-03 00:20:00,Night 20:00-05:59,RISING,3384.338,3388.65545,3377.86182,431.75,1.5,50.0,50.0,75.0,0.0,10.0,0.0,0.138971,0.196875,0.196875,1.361029,1.303125,False,DOWN,WIN
1033669|XAUUSD|breakout_retest|SHORT|2025-06-03 01:20:00|2025-06-03 01:50:00|2025-06-03 01:55:00|3375.39,B0_RAW_ALL_SESSION,SHORT,2025-06-03 02:00:00,2025-06-03 02:20:00,Morning 06:00-11:59,RISING,3372.188,3375.87934,3366.65099,369.13,-1.0,50.0,50.0,75.0,0.0,10.0,50.0,0.297995,0.365721,0.365721,-1.297995,-1.365721,False,DOWN,BAD_SIGNAL
1033669|XAUUSD|breakout_retest|SHORT|2025-06-03 01:20:00|2025-06-03 02:20:00|2025-06-03 02:25:00|3375.39,B0_RAW_ALL_SESSION,SHORT,2025-06-03 02:30:00,2025-06-03 02:45:00,Morning 06:00-11:59,RISING,3372.085,3377.07416,3364.60126,498.92,1.5,50.0,50.0,75.0,0.0,10.0,0.0,0.120261,0.170369,0.170369,1.379739,1.329631,False,DOWN,WIN
1033669|XAUUSD|breakout_retest|LONG|2025-06-03 05:30:00|2025-06-03 05:35:00|2025-06-03 05:40:00|3356.60,B0_RAW_ALL_SESSION,LONG,2025-06-03 05:45:00,2025-06-03 05:50:00,Morning 06:00-11:59,FALLING,3359.458,3355.78501,3364.96748,367.3,1.5,50.0,50.0,75.0,0.0,10.0,0.0,0.163355,0.231419,0.231419,1.336645,1.268581,False,DOWN,WIN
1033669|XAUUSD|breakout_retest|LONG|2025-06-03 06:35:00|2025-06-03 06:50:00|2025-06-03 06:55:00|3356.60,B0_RAW_ALL_SESSION,LONG,2025-06-03 07:00:00,2025-06-03 07:15:00,Morning 06:00-11:59,FALLING,3357.095,3352.3364,3364.2329,475.86,-1.0,50.0,50.0,75.0,0.0,10.0,50.0,0.23116,0.283697,0.283697,-1.23116,-1.283697,False,DOWN,BAD_EXIT_GIVEBACK
1033669|XAUUSD|breakout_retest|LONG|2025-06-03 06:55:00|2025-06-03 07:15:00|2025-06-03 07:20:00|3356.60,B0_RAW_ALL_SESSION,LONG,2025-06-03 07:25:00,2025-06-03 12:10:00,Morning 06:00-11:59,FALLING,3358.075,3352.79541,3365.99439,527.96,-1.0,50.0,50.0,75.0,0.0,10.0,50.0,0.208349,0.255702,0.255702,-1.208349,-1.255702,False,DOWN,BAD_EXIT_GIVEBACK
1033669|XAUUSD|breakout_retest|LONG|2025-06-03 11:55:00|2025-06-03 12:35:00|2025-06-03 12:40:00|3356.60,B0_RAW_ALL_SESSION,LONG,2025-06-03 12:45:00,2025-06-03 13:35:00,Evening 16:00-19:59,FALLING,3358.795,3352.75841,3367.84989,603.66,-1.0,50.0,50.0,75.0,0.0,10.0,50.0,0.182222,0.223636,0.223636,-1.182222,-1.223636,False,DOWN,MIXED
1033669|XAUUSD|breakout_retest|SHORT|2025-06-03 12:15:00|2025-06-03 13:40:00|2025-06-03 13:45:00|3353.09,B0_RAW_ALL_SESSION,SHORT,2025-06-03 13:50:00,2025-06-03 13:55:00,Evening 16:00-19:59,FALLING,3348.788,3353.74544,3341.35185,495.74,1.5,50.0,50.0,75.0,0.0,10.0,0.0,0.12103,0.17146,0.17146,1.37897,1.32854,False,DOWN,WIN
1033669|XAUUSD|breakout_retest|LONG|2025-06-03 19:00:00|2025-06-03 19:30:00|2025-06-03 19:35:00|3353.60,B0_RAW_ALL_SESSION,LONG,2025-06-03 19:40:00,2025-06-03 19:55:00,Night 20:00-05:59,FALLING,3353.808,3352.30331,3356.06503,150.47,-1.0,50.0,50.0,75.0,0.0,10.0,50.0,0.73105,0.897197,0.897197,-1.73105,-1.897197,False,DOWN,BAD_EXIT_GIVEBACK
1033669|XAUUSD|breakout_retest|LONG|2025-06-03 19:00:00|2025-06-03 20:25:00|2025-06-03 20:30:00|3353.60,B0_RAW_ALL_SESSION,LONG,2025-06-03 20:35:00,2025-06-03 20:45:00,Night 20:00-05:59,FALLING,3354.035,3353.04234,3355.524,99.27,-1.0,50.0,50.0,75.0,0.0,10.0,50.0,1.108129,1.359976,1.359976,-2.108129,-2.359976,False,DOWN,BAD_SIGNAL
1033669|XAUUSD|breakout_retest|LONG|2025-06-03 22:50:00|2025-06-03 23:00:00|2025-06-03 23:05:00|3356.60,B0_RAW_ALL_SESSION,LONG,2025-06-03 23:10:00,2025-06-03 23:15:00,Night 20:00-05:59,FALLING,3357.808,3356.52172,3359.73742,128.63,1.5,50.0,50.0,75.0,0.0,10.0,0.0,0.466462,0.660821,0.660821,1.033538,0.839179,False,DOWN,WIN
1033669|XAUUSD|breakout_retest|LONG|2025-06-03 23:15:00|2025-06-03 23:25:00|2025-06-03 23:30:00|3358.25,B0_RAW_ALL_SESSION,LONG,2025-06-03 23:35:00,2025-06-03 23:40:00,Night 20:00-05:59,FALLING,3358.458,3357.12994,3360.4501,132.81,-1.0,50.0,50.0,75.0,0.0,10.0,50.0,0.828273,1.016517,1.016517,-1.828273,-2.016517,False,DOWN,BAD_SIGNAL
1033669|XAUUSD|breakout_retest|LONG|2025-06-03 23:30:00|2025-06-03 23:40:00|2025-06-03 23:45:00|3356.60,B0_RAW_ALL_SESSION,LONG,2025-06-03 23:50:00,2025-06-04 00:10:00,Night 20:00-05:59,FALLING,3359.195,3354.8071,3365.77685,438.79,-1.0,50.0,50.0,75.0,0.0,10.0,50.0,0.250689,0.307664,0.307664,-1.250689,-1.307664,False,DOWN,BAD_SIGNAL
1033669|XAUUSD|breakout_retest|SHORT|2025-06-04 00:05:00|2025-06-04 00:50:00|2025-06-04 00:55:00|3354.95,B0_RAW_ALL_SESSION,SHORT,2025-06-04 01:00:00,2025-06-04 01:15:00,Night 20:00-05:59,FALLING,3350.565,3355.31711,3343.43684,475.21,-1.0,50.0,50.0,75.0,0.0,10.0,50.0,0.231476,0.284085,0.284085,-1.231476,-1.284085,False,UP,BAD_EXIT_GIVEBACK
1033669|XAUUSD|breakout_retest|LONG|2025-06-04 00:15:00|2025-06-04 01:10:00|2025-06-04 01:15:00|3356.60,B0_RAW_ALL_SESSION,LONG,2025-06-04 01:20:00,2025-06-04 01:35:00,Night 20:00-05:59,FALLING,3357.895,3353.75475,3364.10538,414.03,1.5,50.0,50.0,75.0,0.0,10.0,0.0,0.144919,0.205302,0.205302,1.355081,1.294698,False,UP,WIN
1033669|XAUUSD|breakout_retest|SHORT|2025-06-04 05:30:00|2025-06-04 06:50:00|2025-06-04 06:55:00|3356.74,B0_RAW_ALL_SESSION,SHORT,2025-06-04 07:00:00,2025-06-04 07:05:00,Morning 06:00-11:59,FALLING,3355.925,3357.93333,3352.91251,200.83,-1.0,50.0,50.0,75.0,0.0,10.0,50.0,0.547719,0.672201,0.672201,-1.547719,-1.672201,False,UP,BAD_SIGNAL
1033669|XAUUSD|breakout_retest|LONG|2025-06-04 07:45:00|2025-06-04 08:35:00|2025-06-04 08:40:00|3356.60,B0_RAW_ALL_SESSION,LONG,2025-06-04 08:45:00,2025-06-04 08:50:00,Afternoon 12:00-15:59,FALLING,3357.225,3354.73684,3360.95725,248.82,1.5,50.0,50.0,75.0,0.0,10.0,0.0,0.241142,0.341617,0.341617,1.258858,1.158383,False,UP,WIN
1033669|XAUUSD|breakout_retest|LONG|2025-06-04 07:30:00|2025-06-04 08:50:00|2025-06-04 08:55:00|3361.24,B0_RAW_ALL_SESSION,LONG,2025-06-04 09:00:00,2025-06-04 09:45:00,Afternoon 12:00-15:59,RISING,3362.995,3360.49591,3366.74364,249.91,-1.0,50.0,50.0,75.0,0.0,10.0,50.0,0.44016,0.540196,0.540196,-1.44016,-1.540196,False,UP,BAD_EXIT_GIVEBACK
1033669|XAUUSD|breakout_retest|LONG|2025-06-04 12:45:00|2025-06-04 12:50:00|2025-06-04 12:55:00|3356.60,B0_RAW_ALL_SESSION,LONG,2025-06-04 13:00:00,2025-06-04 13:25:00,Evening 16:00-19:59,FALLING,3360.608,3355.72687,3367.92969,488.11,-1.0,50.0,50.0,75.0,0.0,10.0,50.0,0.225358,0.276575,0.276575,-1.225358,-1.276575,False,UP,BAD_SIGNAL
1033669|XAUUSD|breakout_retest|LONG|2025-06-04 13:15:00|2025-06-04 13:20:00|2025-06-04 13:25:00|3356.60,B0_RAW_ALL_SESSION,LONG,2025-06-04 13:30:00,2025-06-04 13:35:00,Evening 16:00-19:59,FALLING,3359.935,3354.30162,3368.38507,563.34,-1.0,50.0,50.0,75.0,0.0,10.0,50.0,0.195265,0.239643,0.239643,-1.195265,-1.239643,False,UP,BAD_SIGNAL
1033669|XAUUSD|breakout_retest|LONG|2025-06-04 13:25:00|2025-06-04 14:00:00|2025-06-04 14:05:00|3356.60,B0_RAW_ALL_SESSION,LONG,2025-06-04 14:10:00,2025-06-04 14:35:00,Evening 16:00-19:59,FALLING,3358.745,3350.19895,3371.56408,854.61,1.5,50.0,50.0,75.0,0.0,10.0,0.0,0.070208,0.099461,0.099461,1.429792,1.400539,True,UP,WIN
1033669|XAUUSD|breakout_retest|LONG|2025-06-04 16:45:00|2025-06-04 17:25:00|2025-06-04 17:30:00|3374.75,B0_RAW_ALL_SESSION,LONG,2025-06-04 17:35:00,2025-06-04 17:40:00,Night 20:00-05:59,RISING,3375.008,3373.21459,3377.69811,179.34,1.5,50.0,50.0,75.0,0.0,10.0,0.0,0.334559,0.473958,0.473958,1.165441,1.026042,False,UP,WIN
1033669|XAUUSD|breakout_retest|LONG|2025-06-04 23:20:00|2025-06-04 23:50:00|2025-06-04 23:55:00|3375.75,B0_RAW_ALL_SESSION,LONG,2025-06-05 00:00:00,2025-06-05 00:05:00,Night 20:00-05:59,RISING,3377.208,3374.86677,3380.71984,234.12,-1.0,50.0,50.0,75.0,0.0,10.0,50.0,0.469839,0.57662,0.57662,-1.469839,-1.57662,False,DOWN,MIXED
1033669|XAUUSD|breakout_retest|LONG|2025-06-04 23:20:00|2025-06-05 00:05:00|2025-06-05 00:10:00|3375.75,B0_RAW_ALL_SESSION,LONG,2025-06-05 00:15:00,2025-06-05 00:45:00,Night 20:00-05:59,RISING,3377.858,3373.99544,3383.65185,386.26,-1.0,50.0,50.0,75.0,0.0,10.0,50.0,0.284785,0.349509,0.349509,-1.284785,-1.349509,False,DOWN,BAD_EXIT_GIVEBACK
1033669|XAUUSD|breakout_retest|LONG|2025-06-04 23:20:00|2025-06-05 00:45:00|2025-06-05 00:50:00|3375.75,B0_RAW_ALL_SESSION,LONG,2025-06-05 00:55:00,2025-06-05 01:40:00,Night 20:00-05:59,RISING,3377.058,3372.2238,3384.3093,483.42,-1.0,50.0,50.0,75.0,0.0,10.0,50.0,0.227545,0.27926,0.27926,-1.227545,-1.27926,False,DOWN,NEAR_TP_GIVEBACK
1033669|XAUUSD|breakout_retest|LONG|2025-06-05 07:15:00|2025-06-05 07:45:00|2025-06-05 07:50:00|3369.80,B0_RAW_ALL_SESSION,LONG,2025-06-05 07:55:00,2025-06-05 08:45:00,Morning 06:00-11:59,FALLING,3371.058,3368.88764,3374.31354,217.04,1.5,50.0,50.0,75.0,0.0,10.0,0.0,0.276452,0.391641,0.391641,1.223548,1.108359,False,DOWN,WIN
1033669|XAUUSD|breakout_retest|LONG|2025-06-05 08:40:00|2025-06-05 08:45:00|2025-06-05 08:50:00|3374.30,B0_RAW_ALL_SESSION,LONG,2025-06-05 08:55:00,2025-06-05 09:05:00,Afternoon 12:00-15:59,FALLING,3375.515,3374.1554,3377.5544,135.96,1.5,50.0,50.0,75.0,0.0,10.0,0.0,0.441306,0.625184,0.625184,1.058694,0.874816,False,DOWN,WIN
1033669|XAUUSD|breakout_retest|LONG|2025-06-05 09:00:00|2025-06-05 09:05:00|2025-06-05 09:10:00|3374.30,B0_RAW_ALL_SESSION,LONG,2025-06-05 09:15:00,2025-06-05 09:25:00,Afternoon 12:00-15:59,RISING,3376.045,3373.61296,3379.69306,243.2,1.5,50.0,50.0,75.0,0.0,10.0,0.0,0.246706,0.3495,0.3495,1.253294,1.1505,False,DOWN,WIN
1033669|XAUUSD|breakout_retest|LONG|2025-06-05 09:25:00|2025-06-05 09:40:00|2025-06-05 09:45:00|3384.49,B0_RAW_ALL_SESSION,LONG,2025-06-05 09:50:00,2025-06-05 10:00:00,Afternoon 12:00-15:59,RISING,3386.308,3383.48644,3390.54035,282.16,1.5,50.0,50.0,75.0,0.0,10.0,0.0,0.212648,0.301251,0.301251,1.287352,1.198749,False,DOWN,WIN
1033669|XAUUSD|breakout_retest|LONG|2025-06-05 11:10:00|2025-06-05 12:20:00|2025-06-05 12:25:00|3389.82,B0_RAW_ALL_SESSION,LONG,2025-06-05 12:30:00,2025-06-05 12:50:00,Evening 16:00-19:59,RISING,3395.155,3388.81951,3404.65824,633.55,-1.0,50.0,50.0,75.0,0.0,10.0,50.0,0.173625,0.213085,0.213085,-1.173625,-1.213085,False,DOWN,MIXED
1033669|XAUUSD|breakout_retest|SHORT|2025-06-05 15:20:00|2025-06-05 15:25:00|2025-06-05 15:30:00|3366.95,B0_RAW_ALL_SESSION,SHORT,2025-06-05 15:35:00,2025-06-05 15:40:00,Evening 16:00-19:59,FALLING,3361.525,3368.03178,3351.76483,650.68,1.5,50.0,50.0,75.0,0.0,10.0,0.0,0.092212,0.130633,0.130633,1.407788,1.369367,True,DOWN,WIN
1033669|XAUUSD|breakout_retest|LONG|2025-06-05 18:50:00|2025-06-05 19:00:00|2025-06-05 19:05:00|3354.01,B0_RAW_ALL_SESSION,LONG,2025-06-05 19:10:00,2025-06-05 19:30:00,Night 20:00-05:59,FALLING,3355.715,3352.62575,3360.34888,308.93,1.5,50.0,50.0,75.0,0.0,10.0,0.0,0.194222,0.275148,0.275148,1.305778,1.224852,False,DOWN,WIN
1033669|XAUUSD|breakout_retest|LONG|2025-06-05 19:20:00|2025-06-05 19:45:00|2025-06-05 19:50:00|3354.01,B0_RAW_ALL_SESSION,LONG,2025-06-05 19:55:00,2025-06-05 20:50:00,Night 20:00-05:59,FALLING,3357.255,3352.33451,3364.63574,492.05,-1.0,50.0,50.0,75.0,0.0,10.0,50.0,0.223555,0.274363,0.274363,-1.223555,-1.274363,False,DOWN,BAD_SIGNAL
1033669|XAUUSD|breakout_retest|LONG|2025-06-05 23:50:00|2025-06-05 23:55:00|2025-06-06 00:00:00|3361.38,B0_RAW_ALL_SESSION,LONG,2025-06-06 00:05:00,2025-06-06 00:45:00,Night 20:00-05:59,FALLING,3362.445,3361.11236,3364.44396,133.26,-1.0,50.0,50.0,75.0,0.0,10.0,50.0,0.825427,1.013025,1.013025,-1.825427,-2.013025,False,DOWN,BAD_EXIT_GIVEBACK
1033669|XAUUSD|breakout_retest|LONG|2025-06-06 00:55:00|2025-06-06 01:00:00|2025-06-06 01:05:00|3356.60,B0_RAW_ALL_SESSION,LONG,2025-06-06 01:10:00,2025-06-06 01:30:00,Night 20:00-05:59,FALLING,3360.025,3355.62734,3366.6215,439.77,1.5,50.0,50.0,75.0,0.0,10.0,0.0,0.136436,0.193284,0.193284,1.363564,1.306716,False,DOWN,WIN
1033669|XAUUSD|breakout_retest|LONG|2025-06-06 00:05:00|2025-06-06 01:40:00|2025-06-06 01:45:00|3361.38,B0_RAW_ALL_SESSION,LONG,2025-06-06 01:50:00,2025-06-06 03:15:00,Night 20:00-05:59,FALLING,3363.258,3359.90296,3368.29056,335.5,-1.0,50.0,50.0,75.0,0.0,10.0,50.0,0.327865,0.402379,0.402379,-1.327865,-1.402379,False,DOWN,BAD_EXIT_GIVEBACK
1033669|XAUUSD|breakout_retest|LONG|2025-06-06 06:40:00|2025-06-06 06:45:00|2025-06-06 06:50:00|3356.60,B0_RAW_ALL_SESSION,LONG,2025-06-06 06:55:00,2025-06-06 07:50:00,Morning 06:00-11:59,RISING,3360.715,3355.50102,3368.53597,521.4,-1.0,50.0,50.0,75.0,0.0,10.0,50.0,0.210971,0.258919,0.258919,-1.210971,-1.258919,False,DOWN,BAD_SIGNAL
1033669|XAUUSD|breakout_retest|LONG|2025-06-06 07:40:00|2025-06-06 07:55:00|2025-06-06 08:00:00|3356.60,B0_RAW_ALL_SESSION,LONG,2025-06-06 08:05:00,2025-06-06 08:45:00,Afternoon 12:00-15:59,FALLING,3359.558,3354.64593,3366.92611,491.21,1.5,50.0,50.0,75.0,0.0,10.0,0.0,0.122148,0.173043,0.173043,1.377852,1.326957,False,DOWN,WIN
1033669|XAUUSD|breakout_retest|LONG|2025-06-06 10:10:00|2025-06-06 10:15:00|2025-06-06 10:20:00|3356.60,B0_RAW_ALL_SESSION,LONG,2025-06-06 10:25:00,2025-06-06 11:05:00,Afternoon 12:00-15:59,FALLING,3358.025,3356.04681,3360.99228,197.82,1.5,50.0,50.0,75.0,0.0,10.0,0.0,0.303308,0.429687,0.429687,1.196692,1.070313,False,DOWN,WIN
1033669|XAUUSD|breakout_retest|LONG|2025-06-06 11:15:00|2025-06-06 11:20:00|2025-06-06 11:25:00|3360.14,B0_RAW_ALL_SESSION,LONG,2025-06-06 11:30:00,2025-06-06 11:35:00,Afternoon 12:00-15:59,FALLING,3361.525,3359.90565,3363.95403,161.93,1.5,50.0,50.0,75.0,0.0,10.0,0.0,0.370519,0.524902,0.524902,1.129481,0.975098,False,DOWN,WIN
1033669|XAUUSD|breakout_retest|SHORT|2025-06-06 12:40:00|2025-06-06 12:55:00|2025-06-06 13:00:00|3355.59,B0_RAW_ALL_SESSION,SHORT,2025-06-06 13:05:00,2025-06-06 13:15:00,Evening 16:00-19:59,FALLING,3352.335,3356.48814,3346.1053,415.31,-1.0,50.0,50.0,75.0,0.0,10.0,50.0,0.26486,0.325056,0.325056,-1.26486,-1.325056,False,DOWN,BAD_EXIT_GIVEBACK
1033669|XAUUSD|breakout_retest|SHORT|2025-06-06 12:35:00|2025-06-06 13:15:00|2025-06-06 13:20:00|3355.59,B0_RAW_ALL_SESSION,SHORT,2025-06-06 13:25:00,2025-06-06 14:05:00,Evening 16:00-19:59,FALLING,3353.538,3361.38389,3341.76916,784.59,1.5,50.0,50.0,75.0,0.0,10.0,0.0,0.076473,0.108337,0.108337,1.423527,1.391663,True,DOWN,WIN
1033669|XAUUSD|breakout_retest|SHORT|2025-06-06 16:50:00|2025-06-06 18:00:00|2025-06-06 18:05:00|3322.11,B0_RAW_ALL_SESSION,SHORT,2025-06-06 18:10:00,2025-06-06 18:15:00,Night 20:00-05:59,FALLING,3320.655,3324.12045,3315.45682,346.55,1.5,50.0,50.0,75.0,0.0,10.0,0.0,0.173138,0.245278,0.245278,1.326862,1.254722,False,DOWN,WIN
1033669|XAUUSD|breakout_retest|LONG|2025-06-08 22:45:00|2025-06-08 22:50:00|2025-06-08 22:55:00|3309.62,B0_RAW_ALL_SESSION,LONG,2025-06-08 23:00:00,2025-06-09 00:20:00,Night 20:00-05:59,RISING,3313.325,3308.75414,3320.18129,457.09,-1.0,50.0,50.0,75.0,0.0,10.0,50.0,0.240655,0.295349,0.295349,-1.240655,-1.295349,False,UP,BAD_EXIT_GIVEBACK
1033669|XAUUSD|breakout_retest|SHORT|2025-06-09 00:20:00|2025-06-09 00:35:00|2025-06-09 00:40:00|3309.02,B0_RAW_ALL_SESSION,SHORT,2025-06-09 00:45:00,2025-06-09 00:50:00,Night 20:00-05:59,RISING,3306.245,3311.69526,3298.0696,545.03,1.5,50.0,50.0,75.0,0.0,10.0,0.0,0.110086,0.155956,0.155956,1.389914,1.344044,True,UP,WIN
1033669|XAUUSD|breakout_retest|SHORT|2025-06-09 00:55:00|2025-06-09 01:00:00|2025-06-09 01:05:00|3309.02,B0_RAW_ALL_SESSION,SHORT,2025-06-09 01:10:00,2025-06-09 03:50:00,Night 20:00-05:59,RISING,3300.995,3309.53451,3288.18574,853.95,-1.0,50.0,50.0,75.0,0.0,10.0,50.0,0.128813,0.158089,0.158089,-1.128813,-1.158089,False,UP,BAD_EXIT_GIVEBACK
1033669|XAUUSD|breakout_retest|LONG|2025-06-09 05:55:00|2025-06-09 06:05:00|2025-06-09 06:10:00|3313.25,B0_RAW_ALL_SESSION,LONG,2025-06-09 06:15:00,2025-06-09 06:55:00,Morning 06:00-11:59,RISING,3316.385,3312.08114,3322.84079,430.39,1.5,50.0,50.0,75.0,0.0,10.0,0.0,0.13941,0.197497,0.197497,1.36059,1.302503,False,UP,WIN
1033669|XAUUSD|breakout_retest|LONG|2025-06-09 06:45:00|2025-06-09 06:50:00|2025-06-09 06:55:00|3320.99,B0_RAW_ALL_SESSION,LONG,2025-06-09 07:00:00,2025-06-09 07:25:00,Morning 06:00-11:59,RISING,3323.045,3320.56963,3326.75806,247.54,1.5,50.0,50.0,75.0,0.0,10.0,0.0,0.242388,0.343383,0.343383,1.257612,1.156617,False,UP,WIN
1033669|XAUUSD|breakout_retest|SHORT|2025-06-09 08:55:00|2025-06-09 09:15:00|2025-06-09 09:20:00|3321.50,B0_RAW_ALL_SESSION,SHORT,2025-06-09 09:25:00,2025-06-09 09:30:00,Afternoon 12:00-15:59,RISING,3320.688,3323.37341,3316.65989,268.54,1.5,50.0,50.0,75.0,0.0,10.0,0.0,0.22343,0.316526,0.316526,1.27657,1.183474,False,UP,WIN
1033669|XAUUSD|breakout_retest|SHORT|2025-06-09 08:55:00|2025-06-09 09:45:00|2025-06-09 09:50:00|3321.50,B0_RAW_ALL_SESSION,SHORT,2025-06-09 09:55:00,2025-06-09 10:05:00,Afternoon 12:00-15:59,RISING,3320.545,3322.43461,3317.71058,188.96,1.5,50.0,50.0,75.0,0.0,10.0,0.0,0.317525,0.449827,0.449827,1.182475,1.050173,False,UP,WIN
1033669|XAUUSD|breakout_retest|LONG|2025-06-09 14:20:00|2025-06-09 15:00:00|2025-06-09 15:05:00|3320.99,B0_RAW_ALL_SESSION,LONG,2025-06-09 15:10:00,2025-06-09 15:25:00,Evening 16:00-19:59,RISING,3323.955,3319.86236,3330.09395,409.26,1.5,50.0,50.0,75.0,0.0,10.0,0.0,0.146605,0.20769,0.20769,1.353395,1.29231,False,UP,WIN
1033669|XAUUSD|breakout_retest|SHORT|2025-06-09 18:50:00|2025-06-09 19:25:00|2025-06-09 19:30:00|3333.05,B0_RAW_ALL_SESSION,SHORT,2025-06-09 19:35:00,2025-06-09 19:55:00,Night 20:00-05:59,RISING,3331.005,3333.45484,3327.33025,244.98,1.5,50.0,50.0,75.0,0.0,10.0,0.0,0.244914,0.346962,0.346962,1.255086,1.153038,False,UP,WIN
1033669|XAUUSD|breakout_retest|SHORT|2025-06-10 00:05:00|2025-06-10 00:25:00|2025-06-10 00:30:00|3321.34,B0_RAW_ALL_SESSION,SHORT,2025-06-10 00:35:00,2025-06-10 01:05:00,Night 20:00-05:59,RISING,3318.938,3322.70658,3313.28513,376.86,1.5,50.0,50.0,75.0,0.0,10.0,0.0,0.159211,0.225549,0.225549,1.340789,1.274451,False,UP,WIN
1033669|XAUUSD|breakout_retest|SHORT|2025-06-10 04:30:00|2025-06-10 04:35:00|2025-06-10 04:40:00|3304.82,B0_RAW_ALL_SESSION,SHORT,2025-06-10 04:45:00,2025-06-10 04:50:00,Morning 06:00-11:59,FALLING,3302.995,3305.20781,3299.67579,221.28,-1.0,50.0,50.0,75.0,0.0,10.0,50.0,0.497106,0.610085,0.610085,-1.497106,-1.610085,False,UP,BAD_SIGNAL
1033669|XAUUSD|breakout_retest|LONG|2025-06-10 05:10:00|2025-06-10 05:15:00|2025-06-10 05:20:00|3309.43,B0_RAW_ALL_SESSION,LONG,2025-06-10 05:25:00,2025-06-10 05:35:00,Morning 06:00-11:59,FALLING,3311.075,3308.95855,3314.24968,211.65,1.5,50.0,50.0,75.0,0.0,10.0,0.0,0.283494,0.401616,0.401616,1.216506,1.098384,False,UP,WIN
1033669|XAUUSD|breakout_retest|LONG|2025-06-10 05:25:00|2025-06-10 05:30:00|2025-06-10 05:35:00|3309.43,B0_RAW_ALL_SESSION,LONG,2025-06-10 05:40:00,2025-06-10 06:35:00,Morning 06:00-11:59,FALLING,3316.608,3308.94566,3328.1015,766.23,1.5,50.0,50.0,75.0,0.0,10.0,0.0,0.078305,0.110932,0.110932,1.421695,1.389068,True,UP,WIN
1033669|XAUUSD|breakout_retest|LONG|2025-06-10 11:25:00|2025-06-10 12:20:00|2025-06-10 12:25:00|3335.24,B0_RAW_ALL_SESSION,LONG,2025-06-10 12:30:00,2025-06-10 13:30:00,Evening 16:00-19:59,RISING,3337.158,3331.65084,3345.41875,550.72,1.5,50.0,50.0,75.0,0.0,10.0,0.0,0.108949,0.154344,0.154344,1.391051,1.345656,True,UP,WIN
1033669|XAUUSD|breakout_retest|SHORT|2025-06-10 15:00:00|2025-06-10 15:05:00|2025-06-10 15:10:00|3328.01,B0_RAW_ALL_SESSION,SHORT,2025-06-10 15:15:00,2025-06-10 19:20:00,Evening 16:00-19:59,RISING,3324.345,3329.4495,3316.68825,510.45,-1.0,50.0,50.0,75.0,0.0,10.0,50.0,0.215496,0.264473,0.264473,-1.215496,-1.264473,False,UP,BAD_EXIT_GIVEBACK
1033669|XAUUSD|breakout_retest|LONG|2025-06-10 22:40:00|2025-06-10 23:45:00|2025-06-10 23:50:00|3324.32,B0_RAW_ALL_SESSION,LONG,2025-06-10 23:55:00,2025-06-11 00:15:00,Night 20:00-05:59,FALLING,3326.255,3323.84028,3329.87708,241.47,1.5,50.0,50.0,75.0,0.0,10.0,0.0,0.248476,0.352007,0.352007,1.251524,1.147993,False,UP,WIN
1033669|XAUUSD|breakout_retest|LONG|2025-06-11 00:35:00|2025-06-11 02:00:00|2025-06-11 02:05:00|3327.18,B0_RAW_ALL_SESSION,LONG,2025-06-11 02:10:00,2025-06-11 02:20:00,Morning 06:00-11:59,RISING,3329.115,3326.59119,3332.90071,252.38,1.5,50.0,50.0,75.0,0.0,10.0,0.0,0.237736,0.336793,0.336793,1.262264,1.163207,False,UP,WIN
1033669|XAUUSD|breakout_retest|LONG|2025-06-11 03:00:00|2025-06-11 03:20:00|2025-06-11 03:25:00|3337.28,B0_RAW_ALL_SESSION,LONG,2025-06-11 03:30:00,2025-06-11 03:35:00,Morning 06:00-11:59,RISING,3338.208,3336.86093,3340.22861,134.71,1.5,50.0,50.0,75.0,0.0,10.0,0.0,0.445411,0.630998,0.630998,1.054589,0.869002,False,UP,WIN
1033669|XAUUSD|breakout_retest|LONG|2025-06-11 03:30:00|2025-06-11 04:00:00|2025-06-11 04:05:00|3337.28,B0_RAW_ALL_SESSION,LONG,2025-06-11 04:10:00,2025-06-11 05:50:00,Morning 06:00-11:59,RISING,3339.108,3336.56629,3342.92056,254.17,-1.0,50.0,50.0,75.0,0.0,10.0,50.0,0.43278,0.531139,0.531139,-1.43278,-1.531139,False,UP,NEAR_TP_GIVEBACK
1033669|XAUUSD|breakout_retest|SHORT|2025-06-11 05:45:00|2025-06-11 06:10:00|2025-06-11 06:15:00|3338.62,B0_RAW_ALL_SESSION,SHORT,2025-06-11 06:20:00,2025-06-11 06:30:00,Morning 06:00-11:59,RISING,3337.865,3340.10644,3334.50285,224.14,1.5,50.0,50.0,75.0,0.0,10.0,0.0,0.267686,0.379221,0.379221,1.232314,1.120779,False,UP,WIN
1033669|XAUUSD|breakout_retest|SHORT|2025-06-11 05:45:00|2025-06-11 06:50:00|2025-06-11 06:55:00|3338.62,B0_RAW_ALL_SESSION,SHORT,2025-06-11 07:00:00,2025-06-11 07:25:00,Morning 06:00-11:59,RISING,3336.655,3339.21497,3332.81504,256.0,-1.0,50.0,50.0,75.0,0.0,10.0,50.0,0.429692,0.52735,0.52735,-1.429692,-1.52735,False,UP,MIXED
1033669|XAUUSD|breakout_retest|LONG|2025-06-11 12:30:00|2025-06-11 13:05:00|2025-06-11 13:10:00|3336.59,B0_RAW_ALL_SESSION,LONG,2025-06-11 13:15:00,2025-06-11 13:50:00,Evening 16:00-19:59,FALLING,3341.058,3332.43958,3353.98563,861.84,-1.0,50.0,50.0,75.0,0.0,10.0,50.0,0.127634,0.156641,0.156641,-1.127634,-1.156641,False,UP,BAD_SIGNAL
1033669|XAUUSD|breakout_retest|SHORT|2025-06-11 16:35:00|2025-06-11 17:05:00|2025-06-11 17:10:00|3329.36,B0_RAW_ALL_SESSION,SHORT,2025-06-11 17:15:00,2025-06-11 18:05:00,Night 20:00-05:59,FALLING,3326.025,3331.41066,3317.9465,538.57,-1.0,50.0,50.0,75.0,0.0,10.0,50.0,0.204246,0.250665,0.250665,-1.204246,-1.250665,False,UP,BAD_EXIT_GIVEBACK
1033669|XAUUSD|breakout_retest|LONG|2025-06-11 19:30:00|2025-06-11 20:15:00|2025-06-11 20:20:00|3347.00,B0_RAW_ALL_SESSION,LONG,2025-06-11 20:25:00,2025-06-11 20:30:00,Night 20:00-05:59,RISING,3347.975,3346.62149,3350.00527,135.35,1.5,50.0,50.0,75.0,0.0,10.0,0.0,0.44329,0.627995,0.627995,1.05671,0.872005,False,UP,WIN
1033669|XAUUSD|breakout_retest|LONG|2025-06-12 00:35:00|2025-06-12 01:10:00|2025-06-12 01:15:00|3366.93,B0_RAW_ALL_SESSION,LONG,2025-06-12 01:20:00,2025-06-12 02:35:00,Night 20:00-05:59,RISING,3370.655,3366.44707,3376.96689,420.79,1.5,50.0,50.0,75.0,0.0,10.0,0.0,0.142588,0.202,0.202,1.357412,1.298,False,UP,WIN
1033669|XAUUSD|breakout_retest|LONG|2025-06-12 02:55:00|2025-06-12 03:00:00|2025-06-12 03:05:00|3373.17,B0_RAW_ALL_SESSION,LONG,2025-06-12 03:10:00,2025-06-12 03:25:00,Morning 06:00-11:59,RISING,3376.055,3372.90769,3380.77596,314.73,-1.0,50.0,50.0,75.0,0.0,10.0,50.0,0.349505,0.428938,0.428938,-1.349505,-1.428938,False,UP,BAD_SIGNAL
1033669|XAUUSD|breakout_retest|LONG|2025-06-12 03:15:00|2025-06-12 03:20:00|2025-06-12 03:25:00|3373.17,B0_RAW_ALL_SESSION,LONG,2025-06-12 03:30:00,2025-06-12 03:55:00,Morning 06:00-11:59,RISING,3375.225,3372.60829,3379.15007,261.67,-1.0,50.0,50.0,75.0,0.0,10.0,50.0,0.420375,0.515914,0.515914,-1.420375,-1.515914,False,UP,BAD_SIGNAL
1033669|XAUUSD|breakout_retest|SHORT|2025-06-12 03:50:00|2025-06-12 04:00:00|2025-06-12 04:05:00|3372.85,B0_RAW_ALL_SESSION,SHORT,2025-06-12 04:10:00,2025-06-12 05:25:00,Morning 06:00-11:59,RISING,3370.778,3373.64929,3366.47106,287.13,-1.0,50.0,50.0,75.0,0.0,10.0,50.0,0.383103,0.470171,0.470171,-1.383103,-1.470171,False,UP,BAD_EXIT_GIVEBACK
1033669|XAUUSD|breakout_retest|LONG|2025-06-12 03:45:00|2025-06-12 05:20:00|2025-06-12 05:25:00|3373.17,B0_RAW_ALL_SESSION,LONG,2025-06-12 05:30:00,2025-06-12 06:10:00,Morning 06:00-11:59,RISING,3374.735,3372.35338,3378.30743,238.16,-1.0,50.0,50.0,75.0,0.0,10.0,50.0,0.46187,0.566841,0.566841,-1.46187,-1.566841,False,UP,BAD_SIGNAL
1033669|XAUUSD|breakout_retest|LONG|2025-06-12 06:00:00|2025-06-12 06:50:00|2025-06-12 06:55:00|3373.17,B0_RAW_ALL_SESSION,LONG,2025-06-12 07:00:00,2025-06-12 07:10:00,Morning 06:00-11:59,RISING,3375.055,3372.09409,3379.49636,296.09,-1.0,50.0,50.0,75.0,0.0,10.0,50.0,0.371508,0.455941,0.455941,-1.371508,-1.455941,False,UP,BAD_SIGNAL
1033669|XAUUSD|breakout_retest|SHORT|2025-06-12 06:15:00|2025-06-12 07:30:00|2025-06-12 07:35:00|3367.45,B0_RAW_ALL_SESSION,SHORT,2025-06-12 07:40:00,2025-06-12 07:45:00,Morning 06:00-11:59,RISING,3361.715,3370.53724,3348.48164,882.22,1.5,50.0,50.0,75.0,0.0,10.0,0.0,0.06801,0.096347,0.096347,1.43199,1.403653,True,UP,WIN
1033669|XAUUSD|breakout_retest|LONG|2025-06-12 09:45:00|2025-06-12 10:10:00|2025-06-12 10:15:00|3363.66,B0_RAW_ALL_SESSION,LONG,2025-06-12 10:20:00,2025-06-12 10:25:00,Afternoon 12:00-15:59,FALLING,3367.375,3362.59876,3374.53936,477.62,1.5,50.0,50.0,75.0,0.0,10.0,0.0,0.125622,0.177964,0.177964,1.374378,1.322036,False,UP,WIN
1033669|XAUUSD|breakout_retest|LONG|2025-06-12 10:20:00|2025-06-12 10:25:00|2025-06-12 10:30:00|3373.17,B0_RAW_ALL_SESSION,LONG,2025-06-12 10:35:00,2025-06-12 13:05:00,Afternoon 12:00-15:59,FALLING,3379.835,3372.69802,3390.54047,713.7,1.5,50.0,50.0,75.0,0.0,10.0,0.0,0.084069,0.119098,0.119098,1.415931,1.380902,True,UP,WIN
1033669|XAUUSD|breakout_retest|LONG|2025-06-12 13:00:00|2025-06-12 13:50:00|2025-06-12 13:55:00|3390.28,B0_RAW_ALL_SESSION,LONG,2025-06-12 14:00:00,2025-06-12 14:15:00,Evening 16:00-19:59,RISING,3392.675,3386.17718,3402.42173,649.78,-1.0,50.0,50.0,75.0,0.0,10.0,50.0,0.169288,0.207762,0.207762,-1.169288,-1.207762,False,UP,BAD_SIGNAL
1033669|XAUUSD|breakout_retest|SHORT|2025-06-12 16:50:00|2025-06-12 17:00:00|2025-06-12 17:05:00|3383.99,B0_RAW_ALL_SESSION,SHORT,2025-06-12 17:10:00,2025-06-12 17:25:00,Night 20:00-05:59,RISING,3382.818,3384.75524,3379.91214,193.72,1.5,50.0,50.0,75.0,0.0,10.0,0.0,0.309719,0.438768,0.438768,1.190281,1.061232,False,UP,WIN
1033669|XAUUSD|breakout_retest|SHORT|2025-06-12 17:20:00|2025-06-12 17:50:00|2025-06-12 17:55:00|3383.99,B0_RAW_ALL_SESSION,SHORT,2025-06-12 18:00:00,2025-06-12 18:20:00,Night 20:00-05:59,RISING,3382.655,3384.59359,3379.74712,193.86,-1.0,50.0,50.0,75.0,0.0,10.0,50.0,0.567424,0.696384,0.696384,-1.567424,-1.696384,False,UP,MIXED
1033669|XAUUSD|breakout_retest|SHORT|2025-06-12 17:20:00|2025-06-12 18:35:00|2025-06-12 18:40:00|3383.99,B0_RAW_ALL_SESSION,SHORT,2025-06-12 18:45:00,2025-06-12 18:55:00,Night 20:00-05:59,RISING,3383.638,3385.23243,3381.24636,159.44,-1.0,50.0,50.0,75.0,0.0,10.0,50.0,0.689902,0.846698,0.846698,-1.689902,-1.846698,False,UP,BAD_SIGNAL
1033669|XAUUSD|breakout_retest|SHORT|2025-06-12 22:00:00|2025-06-12 22:05:00|2025-06-12 22:10:00|3384.54,B0_RAW_ALL_SESSION,SHORT,2025-06-12 22:15:00,2025-06-12 23:20:00,Night 20:00-05:59,RISING,3382.355,3384.81559,3378.66411,246.06,-1.0,50.0,50.0,75.0,0.0,10.0,50.0,0.447047,0.548648,0.548648,-1.447047,-1.548648,False,UP,BAD_EXIT_GIVEBACK
1033669|XAUUSD|breakout_retest|SHORT|2025-06-12 22:35:00|2025-06-12 23:20:00|2025-06-12 23:25:00|3384.54,B0_RAW_ALL_SESSION,SHORT,2025-06-12 23:30:00,2025-06-12 23:45:00,Night 20:00-05:59,RISING,3383.575,3385.288,3381.0055,171.3,-1.0,50.0,50.0,75.0,0.0,10.0,50.0,0.642148,0.788091,0.788091,-1.642148,-1.788091,False,UP,BAD_SIGNAL
1033669|XAUUSD|breakout_retest|LONG|2025-06-13 00:35:00|2025-06-13 00:40:00|2025-06-13 00:45:00|3403.18,B0_RAW_ALL_SESSION,LONG,2025-06-13 00:50:00,2025-06-13 01:15:00,Night 20:00-05:59,RISING,3410.865,3402.48535,3423.43448,837.97,1.5,50.0,50.0,75.0,0.0,10.0,0.0,0.071602,0.101436,0.101436,1.428398,1.398564,True,UP,WIN
1033669|XAUUSD|breakout_retest|SHORT|2025-06-13 05:25:00|2025-06-13 06:10:00|2025-06-13 06:15:00|3422.55,B0_RAW_ALL_SESSION,SHORT,2025-06-13 06:20:00,2025-06-13 06:40:00,Morning 06:00-11:59,RISING,3422.095,3426.40898,3415.62403,431.4,-1.0,50.0,50.0,75.0,0.0,10.0,50.0,0.254985,0.312936,0.312936,-1.254985,-1.312936,False,UP,BAD_SIGNAL
1033669|XAUUSD|breakout_retest|SHORT|2025-06-13 05:25:00|2025-06-13 06:40:00|2025-06-13 06:45:00|3422.55,B0_RAW_ALL_SESSION,SHORT,2025-06-13 06:50:00,2025-06-13 12:35:00,Morning 06:00-11:59,RISING,3418.045,3428.99231,3401.62404,1094.73,-1.0,50.0,50.0,75.0,0.0,10.0,50.0,0.100481,0.123318,0.123318,-1.100481,-1.123318,True,UP,BAD_EXIT_GIVEBACK
1033669|XAUUSD|breakout_retest|LONG|2025-06-13 13:30:00|2025-06-13 14:20:00|2025-06-13 14:25:00|3427.55,B0_RAW_ALL_SESSION,LONG,2025-06-13 14:30:00,2025-06-13 15:00:00,Evening 16:00-19:59,RISING,3432.508,3425.43795,3443.11308,707.01,-1.0,50.0,50.0,75.0,0.0,10.0,50.0,0.155586,0.190946,0.190946,-1.155586,-1.190946,False,UP,BAD_EXIT_GIVEBACK
1033669|XAUUSD|breakout_retest|LONG|2025-06-13 13:30:00|2025-06-13 14:55:00|2025-06-13 15:00:00|3427.55,B0_RAW_ALL_SESSION,LONG,2025-06-13 15:05:00,2025-06-13 15:10:00,Evening 16:00-19:59,RISING,3429.208,3422.91337,3438.64994,629.46,-1.0,50.0,50.0,75.0,0.0,10.0,50.0,0.174752,0.214469,0.214469,-1.174752,-1.214469,False,UP,BAD_SIGNAL
1033669|XAUUSD|breakout_retest|SHORT|2025-06-13 15:30:00|2025-06-13 15:40:00|2025-06-13 15:45:00|3424.28,B0_RAW_ALL_SESSION,SHORT,2025-06-13 15:50:00,2025-06-13 16:05:00,Evening 16:00-19:59,RISING,3423.755,3426.73768,3419.28098,298.27,-1.0,50.0,50.0,75.0,0.0,10.0,50.0,0.368796,0.452613,0.452613,-1.368796,-1.452613,False,UP,BAD_SIGNAL
1033669|XAUUSD|breakout_retest|SHORT|2025-06-13 15:30:00|2025-06-13 16:05:00|2025-06-13 16:10:00|3424.28,B0_RAW_ALL_SESSION,SHORT,2025-06-13 16:15:00,2025-06-13 16:35:00,Night 20:00-05:59,RISING,3420.948,3428.19262,3410.08107,724.46,-1.0,50.0,50.0,75.0,0.0,10.0,50.0,0.151837,0.186345,0.186345,-1.151837,-1.186345,False,UP,BAD_SIGNAL
1033669|XAUUSD|breakout_retest|LONG|2025-06-13 16:40:00|2025-06-13 16:50:00|2025-06-13 16:55:00|3428.01,B0_RAW_ALL_SESSION,LONG,2025-06-13 17:00:00,2025-06-13 17:50:00,Night 20:00-05:59,RISING,3430.375,3427.56154,3434.59519,281.35,-1.0,50.0,50.0,75.0,0.0,10.0,50.0,0.390978,0.479837,0.479837,-1.390978,-1.479837,False,UP,BAD_EXIT_GIVEBACK
1033669|XAUUSD|breakout_retest|LONG|2025-06-13 18:30:00|2025-06-13 18:40:00|2025-06-13 18:45:00|3433.30,B0_RAW_ALL_SESSION,LONG,2025-06-13 18:50:00,2025-06-13 19:40:00,Night 20:00-05:59,RISING,3435.835,3432.14634,3441.36799,368.87,-1.0,50.0,50.0,75.0,0.0,10.0,50.0,0.298212,0.365987,0.365987,-1.298212,-1.365987,False,UP,BAD_EXIT_GIVEBACK
1033669|XAUUSD|breakout_retest|LONG|2025-06-13 18:45:00|2025-06-13 19:35:00|2025-06-13 19:40:00|3433.30,B0_RAW_ALL_SESSION,LONG,2025-06-13 19:45:00,2025-06-13 20:05:00,Night 20:00-05:59,RISING,3435.515,3431.42492,3441.65012,409.01,-1.0,50.0,50.0,75.0,0.0,10.0,50.0,0.268943,0.330067,0.330067,-1.268943,-1.330067,False,UP,BAD_SIGNAL
1033669|XAUUSD|breakout_retest|LONG|2025-06-16 02:05:00|2025-06-16 02:15:00|2025-06-16 02:20:00|3442.91,B0_RAW_ALL_SESSION,LONG,2025-06-16 02:25:00,2025-06-16 02:30:00,Morning 06:00-11:59,RISING,3444.775,3442.32198,3448.45453,245.3,-1.0,50.0,50.0,75.0,0.0,10.0,50.0,0.448427,0.550342,0.550342,-1.448427,-1.550342,False,DOWN,BAD_SIGNAL
1033669|XAUUSD|breakout_retest|SHORT|2025-06-16 05:00:00|2025-06-16 05:05:00|2025-06-16 05:10:00|3428.82,B0_RAW_ALL_SESSION,SHORT,2025-06-16 05:15:00,2025-06-16 05:35:00,Morning 06:00-11:59,FALLING,3424.655,3429.46203,3417.44446,480.7,-1.0,50.0,50.0,75.0,0.0,10.0,50.0,0.228832,0.280839,0.280839,-1.228832,-1.280839,False,DOWN,BAD_SIGNAL
1033669|XAUUSD|breakout_retest|SHORT|2025-06-16 05:40:00|2025-06-16 05:55:00|2025-06-16 06:00:00|3421.72,B0_RAW_ALL_SESSION,SHORT,2025-06-16 06:05:00,2025-06-16 06:10:00,Morning 06:00-11:59,FALLING,3420.638,3423.9464,3415.6754,330.84,1.5,50.0,50.0,75.0,0.0,10.0,0.0,0.181357,0.256922,0.256922,1.318643,1.243078,False,DOWN,WIN
1033669|XAUUSD|breakout_retest|SHORT|2025-06-16 06:05:00|2025-06-16 07:05:00|2025-06-16 07:10:00|3417.55,B0_RAW_ALL_SESSION,SHORT,2025-06-16 07:15:00,2025-06-16 11:00:00,Morning 06:00-11:59,FALLING,3414.038,3420.02206,3405.06191,598.41,-1.0,50.0,50.0,75.0,0.0,10.0,50.0,0.183822,0.225599,0.225599,-1.183822,-1.225599,False,DOWN,BAD_EXIT_GIVEBACK
1033669|XAUUSD|breakout_retest|LONG|2025-06-16 11:00:00|2025-06-16 11:10:00|2025-06-16 11:15:00|3419.35,B0_RAW_ALL_SESSION,LONG,2025-06-16 11:20:00,2025-06-16 11:35:00,Afternoon 12:00-15:59,FALLING,3419.685,3417.68724,3422.68165,199.78,-1.0,50.0,50.0,75.0,0.0,10.0,50.0,0.550616,0.675755,0.675755,-1.550616,-1.675755,False,DOWN,NEAR_TP_GIVEBACK
1033669|XAUUSD|breakout_retest|SHORT|2025-06-16 19:15:00|2025-06-16 19:50:00|2025-06-16 19:55:00|3387.72,B0_RAW_ALL_SESSION,SHORT,2025-06-16 20:00:00,2025-06-16 22:05:00,Night 20:00-05:59,FALLING,3386.238,3388.57703,3382.72946,233.9,-1.0,50.0,50.0,75.0,0.0,10.0,50.0,0.470281,0.577163,0.577163,-1.470281,-1.577163,False,DOWN,NEAR_TP_GIVEBACK
1033669|XAUUSD|breakout_retest|LONG|2025-06-16 23:55:00|2025-06-17 00:05:00|2025-06-17 00:10:00|3400.03,B0_RAW_ALL_SESSION,LONG,2025-06-17 00:15:00,2025-06-17 00:20:00,Night 20:00-05:59,FALLING,3402.285,3398.50309,3407.95786,378.19,-1.0,50.0,50.0,75.0,0.0,10.0,50.0,0.290859,0.356963,0.356963,-1.290859,-1.356963,False,DOWN,BAD_SIGNAL
1033669|XAUUSD|breakout_retest|LONG|2025-06-16 23:55:00|2025-06-17 01:10:00|2025-06-17 01:15:00|3400.03,B0_RAW_ALL_SESSION,LONG,2025-06-17 01:20:00,2025-06-17 01:35:00,Night 20:00-05:59,FALLING,3402.295,3398.06041,3408.64689,423.46,-1.0,50.0,50.0,75.0,0.0,10.0,50.0,0.259765,0.318803,0.318803,-1.259765,-1.318803,False,DOWN,BAD_SIGNAL
1033669|XAUUSD|breakout_retest|SHORT|2025-06-17 03:15:00|2025-06-17 04:15:00|2025-06-17 04:20:00|3389.74,B0_RAW_ALL_SESSION,SHORT,2025-06-17 04:25:00,2025-06-17 04:35:00,Morning 06:00-11:59,FALLING,3387.838,3390.83064,3383.34904,299.26,-1.0,50.0,50.0,75.0,0.0,10.0,50.0,0.367568,0.451106,0.451106,-1.367568,-1.451106,False,DOWN,BAD_SIGNAL
1033669|XAUUSD|breakout_retest|SHORT|2025-06-17 06:05:00|2025-06-17 06:10:00|2025-06-17 06:15:00|3390.39,B0_RAW_ALL_SESSION,SHORT,2025-06-17 06:20:00,2025-06-17 06:45:00,Morning 06:00-11:59,FALLING,3387.105,3390.67804,3381.74544,357.3,1.5,50.0,50.0,75.0,0.0,10.0,0.0,0.167924,0.237892,0.237892,1.332076,1.262108,False,DOWN,WIN
1033669|XAUUSD|breakout_retest|SHORT|2025-06-17 06:35:00|2025-06-17 07:25:00|2025-06-17 07:30:00|3390.39,B0_RAW_ALL_SESSION,SHORT,2025-06-17 07:35:00,2025-06-17 07:55:00,Morning 06:00-11:59,FALLING,3386.985,3391.21216,3380.64426,422.72,-1.0,50.0,50.0,75.0,0.0,10.0,50.0,0.260222,0.319364,0.319364,-1.260222,-1.319364,False,DOWN,MIXED
1033669|XAUUSD|breakout_retest|SHORT|2025-06-17 09:15:00|2025-06-17 09:20:00|2025-06-17 09:25:00|3382.53,B0_RAW_ALL_SESSION,SHORT,2025-06-17 09:30:00,2025-06-17 09:45:00,Afternoon 12:00-15:59,FALLING,3379.988,3384.84574,3372.7014,485.77,-1.0,50.0,50.0,75.0,0.0,10.0,50.0,0.226443,0.277907,0.277907,-1.226443,-1.277907,False,DOWN,BAD_SIGNAL
1033669|XAUUSD|breakout_retest|LONG|2025-06-17 13:30:00|2025-06-17 13:35:00|2025-06-17 13:40:00|3391.34,B0_RAW_ALL_SESSION,LONG,2025-06-17 13:45:00,2025-06-17 13:50:00,Evening 16:00-19:59,FALLING,3396.735,3390.77843,3405.66986,595.66,-1.0,50.0,50.0,75.0,0.0,10.0,50.0,0.18467,0.22664,0.22664,-1.18467,-1.22664,False,DOWN,BAD_SIGNAL
1033669|XAUUSD|breakout_retest|SHORT|2025-06-18 00:00:00|2025-06-18 00:05:00|2025-06-18 00:10:00|3388.38,B0_RAW_ALL_SESSION,SHORT,2025-06-18 00:15:00,2025-06-18 02:05:00,Night 20:00-05:59,FALLING,3384.625,3388.82116,3378.33075,419.62,1.5,50.0,50.0,75.0,0.0,10.0,0.0,0.142988,0.202566,0.202566,1.357012,1.297434,False,DOWN,WIN
1033669|XAUUSD|breakout_retest|SHORT|2025-06-18 06:15:00|2025-06-18 06:20:00|2025-06-18 06:25:00|3383.97,B0_RAW_ALL_SESSION,SHORT,2025-06-18 06:30:00,2025-06-18 07:30:00,Morning 06:00-11:59,RISING,3382.388,3385.55251,3377.64124,316.45,1.5,50.0,50.0,75.0,0.0,10.0,0.0,0.189603,0.268604,0.268604,1.310397,1.231396,False,DOWN,WIN
1033669|XAUUSD|breakout_retest|SHORT|2025-06-18 06:40:00|2025-06-18 07:40:00|2025-06-18 07:45:00|3383.97,B0_RAW_ALL_SESSION,SHORT,2025-06-18 07:50:00,2025-06-18 07:55:00,Morning 06:00-11:59,RISING,3382.985,3384.57031,3380.60703,158.53,-1.0,50.0,50.0,75.0,0.0,10.0,50.0,0.693869,0.851566,0.851566,-1.693869,-1.851566,False,DOWN,BAD_SIGNAL
1033669|XAUUSD|breakout_retest|LONG|2025-06-18 08:05:00|2025-06-18 08:15:00|2025-06-18 08:20:00|3385.35,B0_RAW_ALL_SESSION,LONG,2025-06-18 08:25:00,2025-06-18 08:35:00,Afternoon 12:00-15:59,FALLING,3386.325,3384.23229,3389.46407,209.27,-1.0,50.0,50.0,75.0,0.0,10.0,50.0,0.525633,0.645095,0.645095,-1.525633,-1.645095,False,DOWN,BAD_EXIT_GIVEBACK
1033669|XAUUSD|breakout_retest|LONG|2025-06-18 11:35:00|2025-06-18 11:45:00|2025-06-18 11:50:00|3382.15,B0_RAW_ALL_SESSION,LONG,2025-06-18 11:55:00,2025-06-18 12:00:00,Afternoon 12:00-15:59,FALLING,3385.055,3379.78724,3392.95665,526.78,-1.0,50.0,50.0,75.0,0.0,10.0,50.0,0.208817,0.256276,0.256276,-1.208817,-1.256276,False,DOWN,BAD_SIGNAL
1033669|XAUUSD|breakout_retest|LONG|2025-06-18 11:25:00|2025-06-18 12:00:00|2025-06-18 12:05:00|3382.15,B0_RAW_ALL_SESSION,LONG,2025-06-18 12:10:00,2025-06-18 12:35:00,Evening 16:00-19:59,FALLING,3384.525,3381.2289,3389.46915,329.61,1.5,50.0,50.0,75.0,0.0,10.0,0.0,0.182033,0.257881,0.257881,1.317967,1.242119,False,DOWN,WIN
1033669|XAUUSD|breakout_retest|LONG|2025-06-18 13:25:00|2025-06-18 13:50:00|2025-06-18 13:55:00|3389.64,B0_RAW_ALL_SESSION,LONG,2025-06-18 14:00:00,2025-06-18 14:05:00,Evening 16:00-19:59,RISING,3392.658,3389.24748,3397.77378,341.05,-1.0,50.0,50.0,75.0,0.0,10.0,50.0,0.322531,0.395834,0.395834,-1.322531,-1.395834,False,DOWN,BAD_SIGNAL
1033669|XAUUSD|breakout_retest|SHORT|2025-06-18 17:05:00|2025-06-18 17:25:00|2025-06-18 17:30:00|3389.74,B0_RAW_ALL_SESSION,SHORT,2025-06-18 17:35:00,2025-06-18 17:40:00,Night 20:00-05:59,RISING,3389.065,3390.33707,3387.15689,127.21,1.5,50.0,50.0,75.0,0.0,10.0,0.0,0.471672,0.668201,0.668201,1.028328,0.831799,False,DOWN,WIN
1033669|XAUUSD|breakout_retest|SHORT|2025-06-18 17:50:00|2025-06-18 18:40:00|2025-06-18 18:45:00|3389.74,B0_RAW_ALL_SESSION,SHORT,2025-06-18 18:50:00,2025-06-18 19:05:00,Night 20:00-05:59,RISING,3385.175,3391.32685,3375.94722,615.19,1.5,50.0,50.0,75.0,0.0,10.0,0.0,0.097532,0.13817,0.13817,1.402468,1.36183,True,DOWN,WIN
1033669|XAUUSD|breakout_retest|SHORT|2025-06-19 01:55:00|2025-06-19 03:00:00|2025-06-19 03:05:00|3376.85,B0_RAW_ALL_SESSION,SHORT,2025-06-19 03:10:00,2025-06-19 03:25:00,Morning 06:00-11:59,FALLING,3375.288,3377.25703,3372.33446,196.9,1.5,50.0,50.0,75.0,0.0,10.0,0.0,0.304719,0.431685,0.431685,1.195281,1.068315,False,DOWN,WIN
1033669|XAUUSD|breakout_retest|SHORT|2025-06-19 03:30:00|2025-06-19 03:40:00|2025-06-19 03:45:00|3374.20,B0_RAW_ALL_SESSION,SHORT,2025-06-19 03:50:00,2025-06-19 05:00:00,Morning 06:00-11:59,FALLING,3373.625,3374.87074,3371.7564,124.57,-1.0,50.0,50.0,75.0,0.0,10.0,50.0,0.883012,1.083697,1.083697,-1.883012,-2.083697,False,DOWN,NEAR_TP_GIVEBACK
1033669|XAUUSD|breakout_retest|SHORT|2025-06-19 03:20:00|2025-06-19 05:00:00|2025-06-19 05:05:00|3374.20,B0_RAW_ALL_SESSION,SHORT,2025-06-19 05:10:00,2025-06-19 05:15:00,Morning 06:00-11:59,FALLING,3373.688,3375.18917,3371.43624,150.12,1.5,50.0,50.0,75.0,0.0,10.0,0.0,0.399688,0.566224,0.566224,1.100312,0.933776,False,DOWN,WIN
1033669|XAUUSD|breakout_retest|LONG|2025-06-19 09:20:00|2025-06-19 10:00:00|2025-06-19 10:05:00|3371.41,B0_RAW_ALL_SESSION,LONG,2025-06-19 10:10:00,2025-06-19 10:25:00,Afternoon 12:00-15:59,FALLING,3371.425,3368.58195,3375.68958,284.3,1.5,50.0,50.0,75.0,0.0,10.0,0.0,0.211041,0.298975,0.298975,1.288959,1.201025,False,DOWN,WIN
1033669|XAUUSD|breakout_retest|LONG|2025-06-19 10:45:00|2025-06-19 10:50:00|2025-06-19 10:55:00|3373.49,B0_RAW_ALL_SESSION,LONG,2025-06-19 11:00:00,2025-06-19 11:05:00,Afternoon 12:00-15:59,FALLING,3376.165,3373.25945,3380.52333,290.56,-1.0,50.0,50.0,75.0,0.0,10.0,50.0,0.378586,0.464628,0.464628,-1.378586,-1.464628,False,DOWN,BAD_SIGNAL
1033669|XAUUSD|breakout_retest|LONG|2025-06-19 10:35:00|2025-06-19 11:25:00|2025-06-19 11:30:00|3373.49,B0_RAW_ALL_SESSION,LONG,2025-06-19 11:35:00,2025-06-19 11:40:00,Afternoon 12:00-15:59,FALLING,3374.108,3372.22034,3376.93949,188.77,-1.0,50.0,50.0,75.0,0.0,10.0,50.0,0.582733,0.715172,0.715172,-1.582733,-1.715172,False,DOWN,BAD_SIGNAL
1033669|XAUUSD|breakout_retest|SHORT|2025-06-19 11:50:00|2025-06-19 12:00:00|2025-06-19 12:05:00|3371.64,B0_RAW_ALL_SESSION,SHORT,2025-06-19 12:10:00,2025-06-19 12:15:00,Evening 16:00-19:59,FALLING,3370.588,3372.50707,3367.70939,191.91,1.5,50.0,50.0,75.0,0.0,10.0,0.0,0.312651,0.442923,0.442923,1.187349,1.057077,False,DOWN,WIN
1033669|XAUUSD|breakout_retest|SHORT|2025-06-19 12:15:00|2025-06-19 13:55:00|2025-06-19 14:00:00|3371.64,B0_RAW_ALL_SESSION,SHORT,2025-06-19 14:05:00,2025-06-19 14:30:00,Evening 16:00-19:59,FALLING,3368.915,3372.48933,3363.55351,357.43,1.5,50.0,50.0,75.0,0.0,10.0,0.0,0.167864,0.237807,0.237807,1.332136,1.262193,False,DOWN,WIN
1033669|XAUUSD|breakout_retest|SHORT|2025-06-20 01:55:00|2025-06-20 02:25:00|2025-06-20 02:30:00|3357.24,B0_RAW_ALL_SESSION,SHORT,2025-06-20 02:35:00,2025-06-20 02:40:00,Morning 06:00-11:59,FALLING,3356.325,3358.21543,3353.48936,189.04,1.5,50.0,50.0,75.0,0.0,10.0,0.0,0.317388,0.449633,0.449633,1.182612,1.050367,False,DOWN,WIN
1033669|XAUUSD|breakout_retest|SHORT|2025-06-20 02:35:00|2025-06-20 02:45:00|2025-06-20 02:50:00|3355.58,B0_RAW_ALL_SESSION,SHORT,2025-06-20 02:55:00,2025-06-20 03:15:00,Morning 06:00-11:59,FALLING,3352.575,3356.98957,3345.95314,441.46,1.5,50.0,50.0,75.0,0.0,10.0,0.0,0.135914,0.192544,0.192544,1.364086,1.307456,False,DOWN,WIN
1033669|XAUUSD|breakout_retest|SHORT|2025-06-20 03:05:00|2025-06-20 03:55:00|2025-06-20 04:00:00|3355.58,B0_RAW_ALL_SESSION,SHORT,2025-06-20 04:05:00,2025-06-20 04:30:00,Morning 06:00-11:59,FALLING,3354.205,3356.34788,3350.99068,214.29,-1.0,50.0,50.0,75.0,0.0,10.0,50.0,0.513328,0.629994,0.629994,-1.513328,-1.629994,False,DOWN,BAD_SIGNAL
1033669|XAUUSD|breakout_retest|LONG|2025-06-20 04:30:00|2025-06-20 04:35:00|2025-06-20 04:40:00|3356.05,B0_RAW_ALL_SESSION,LONG,2025-06-20 04:45:00,2025-06-20 04:50:00,Morning 06:00-11:59,FALLING,3356.675,3355.86395,3357.89158,81.11,-1.0,50.0,50.0,75.0,0.0,10.0,50.0,1.356267,1.664509,1.664509,-2.356267,-2.664509,False,DOWN,BAD_EXIT_GIVEBACK
1033669|XAUUSD|breakout_retest|SHORT|2025-06-20 03:05:00|2025-06-20 04:45:00|2025-06-20 04:50:00|3355.58,B0_RAW_ALL_SESSION,SHORT,2025-06-20 04:55:00,2025-06-20 05:20:00,Morning 06:00-11:59,FALLING,3355.275,3357.537,3351.882,226.2,1.5,50.0,50.0,75.0,0.0,10.0,0.0,0.265252,0.375774,0.375774,1.234748,1.124226,False,DOWN,WIN
1033669|XAUUSD|breakout_retest|SHORT|2025-06-20 06:05:00|2025-06-20 06:20:00|2025-06-20 06:25:00|3347.26,B0_RAW_ALL_SESSION,SHORT,2025-06-20 06:30:00,2025-06-20 07:10:00,Morning 06:00-11:59,FALLING,3343.935,3348.30891,3337.37414,437.39,-1.0,50.0,50.0,75.0,0.0,10.0,50.0,0.251491,0.308649,0.308649,-1.251491,-1.308649,False,DOWN,BAD_EXIT_GIVEBACK
1033669|XAUUSD|breakout_retest|LONG|2025-06-20 07:10:00|2025-06-20 08:25:00|2025-06-20 08:30:00|3348.62,B0_RAW_ALL_SESSION,LONG,2025-06-20 08:35:00,2025-06-20 09:10:00,Afternoon 12:00-15:59,FALLING,3349.555,3347.16408,3353.14138,239.09,1.5,50.0,50.0,75.0,0.0,10.0,0.0,0.250949,0.355511,0.355511,1.249051,1.144489,False,DOWN,WIN
1033669|XAUUSD|breakout_retest|LONG|2025-06-20 09:45:00|2025-06-20 10:00:00|2025-06-20 10:05:00|3355.11,B0_RAW_ALL_SESSION,LONG,2025-06-20 10:10:00,2025-06-20 11:05:00,Afternoon 12:00-15:59,FALLING,3356.465,3354.69939,3359.11341,176.56,-1.0,50.0,50.0,75.0,0.0,10.0,50.0,0.623015,0.76461,0.76461,-1.623015,-1.76461,False,DOWN,MIXED
1033669|XAUUSD|breakout_retest|SHORT|2025-06-20 11:30:00|2025-06-20 11:40:00|2025-06-20 11:45:00|3354.20,B0_RAW_ALL_SESSION,SHORT,2025-06-20 11:50:00,2025-06-20 12:10:00,Afternoon 12:00-15:59,FALLING,3351.225,3354.81753,3345.83621,359.25,1.5,50.0,50.0,75.0,0.0,10.0,0.0,0.167013,0.236602,0.236602,1.332987,1.263398,False,DOWN,WIN
1033669|XAUUSD|breakout_retest|SHORT|2025-06-20 12:30:00|2025-06-20 12:35:00|2025-06-20 12:40:00|3347.26,B0_RAW_ALL_SESSION,SHORT,2025-06-20 12:45:00,2025-06-20 13:10:00,Evening 16:00-19:59,FALLING,3343.765,3348.40262,3336.80857,463.76,-1.0,50.0,50.0,75.0,0.0,10.0,50.0,0.237191,0.291097,0.291097,-1.237191,-1.291097,False,DOWN,BAD_SIGNAL
1033669|XAUUSD|breakout_retest|LONG|2025-06-20 13:10:00|2025-06-20 13:15:00|2025-06-20 13:20:00|3350.61,B0_RAW_ALL_SESSION,LONG,2025-06-20 13:25:00,2025-06-20 13:35:00,Evening 16:00-19:59,FALLING,3353.215,3350.03539,3357.98442,317.96,1.5,50.0,50.0,75.0,0.0,10.0,0.0,0.188702,0.267328,0.267328,1.311298,1.232672,False,DOWN,WIN
1033669|XAUUSD|breakout_retest|SHORT|2025-06-23 01:35:00|2025-06-23 01:40:00|2025-06-23 01:45:00|3358.11,B0_RAW_ALL_SESSION,SHORT,2025-06-23 01:50:00,2025-06-23 02:10:00,Night 20:00-05:59,RISING,3356.555,3359.33045,3352.39182,277.55,-1.0,50.0,50.0,75.0,0.0,10.0,50.0,0.396332,0.486408,0.486408,-1.396332,-1.486408,False,DOWN,BAD_EXIT_GIVEBACK
1033669|XAUUSD|breakout_retest|SHORT|2025-06-23 04:25:00|2025-06-23 04:30:00|2025-06-23 04:35:00|3360.90,B0_RAW_ALL_SESSION,SHORT,2025-06-23 04:40:00,2025-06-23 04:45:00,Morning 06:00-11:59,FALLING,3359.525,3361.12031,3357.13203,159.53,1.5,50.0,50.0,75.0,0.0,10.0,0.0,0.376101,0.53281,0.53281,1.123899,0.96719,False,DOWN,WIN
1033669|XAUUSD|breakout_retest|SHORT|2025-06-23 05:30:00|2025-06-23 06:30:00|2025-06-23 06:35:00|3356.62,B0_RAW_ALL_SESSION,SHORT,2025-06-23 06:40:00,2025-06-23 07:00:00,Morning 06:00-11:59,FALLING,3354.145,3357.19776,3349.56586,305.28,-1.0,50.0,50.0,75.0,0.0,10.0,50.0,0.36033,0.442223,0.442223,-1.36033,-1.442223,False,DOWN,MIXED
1033669|XAUUSD|breakout_retest|SHORT|2025-06-23 09:20:00|2025-06-23 09:25:00|2025-06-23 09:30:00|3368.01,B0_RAW_ALL_SESSION,SHORT,2025-06-23 09:35:00,2025-06-23 11:05:00,Afternoon 12:00-15:59,FALLING,3364.665,3369.12466,3357.97551,445.97,-1.0,50.0,50.0,75.0,0.0,10.0,50.0,0.246656,0.302714,0.302714,-1.246656,-1.302714,False,DOWN,MIXED
1033669|XAUUSD|breakout_retest|SHORT|2025-06-23 10:50:00|2025-06-23 12:15:00|2025-06-23 12:20:00|3368.01,B0_RAW_ALL_SESSION,SHORT,2025-06-23 12:25:00,2025-06-23 13:35:00,Evening 16:00-19:59,RISING,3362.075,3369.27476,3351.27535,719.98,-1.0,50.0,50.0,75.0,0.0,10.0,50.0,0.152783,0.187506,0.187506,-1.152783,-1.187506,False,DOWN,BAD_EXIT_GIVEBACK
1033669|XAUUSD|breakout_retest|LONG|2025-06-23 15:50:00|2025-06-23 16:00:00|2025-06-23 16:05:00|3387.55,B0_RAW_ALL_SESSION,LONG,2025-06-23 16:10:00,2025-06-23 16:25:00,Night 20:00-05:59,RISING,3388.365,3386.61766,3390.986,174.73,1.5,50.0,50.0,75.0,0.0,10.0,0.0,0.34338,0.486455,0.486455,1.15662,1.013545,False,DOWN,WIN
1033669|XAUUSD|breakout_retest|SHORT|2025-06-23 18:30:00|2025-06-23 19:45:00|2025-06-23 19:50:00|3378.80,B0_RAW_ALL_SESSION,SHORT,2025-06-23 19:55:00,2025-06-23 20:00:00,Night 20:00-05:59,RISING,3378.205,3379.64821,3376.04019,144.32,1.5,50.0,50.0,75.0,0.0,10.0,0.0,0.415741,0.588966,0.588966,1.084259,0.911034,False,DOWN,WIN
1033669|XAUUSD|breakout_retest|SHORT|2025-06-23 23:35:00|2025-06-23 23:45:00|2025-06-23 23:50:00|3350.07,B0_RAW_ALL_SESSION,SHORT,2025-06-23 23:55:00,2025-06-24 00:00:00,Night 20:00-05:59,FALLING,3347.345,3351.36502,3341.31497,402.0,1.5,50.0,50.0,75.0,0.0,10.0,0.0,0.149253,0.211442,0.211442,1.350747,1.288558,False,DOWN,WIN
1033669|XAUUSD|breakout_retest|SHORT|2025-06-23 23:55:00|2025-06-24 01:00:00|2025-06-24 01:05:00|3350.07,B0_RAW_ALL_SESSION,SHORT,2025-06-24 01:10:00,2025-06-24 03:35:00,Night 20:00-05:59,FALLING,3346.525,3354.58428,3334.43608,805.93,-1.0,50.0,50.0,75.0,0.0,10.0,50.0,0.136489,0.167509,0.167509,-1.136489,-1.167509,False,DOWN,MIXED
1033669|XAUUSD|breakout_retest|LONG|2025-06-24 03:35:00|2025-06-24 03:40:00|2025-06-24 03:45:00|3352.64,B0_RAW_ALL_SESSION,LONG,2025-06-24 03:50:00,2025-06-24 03:55:00,Morning 06:00-11:59,FALLING,3354.058,3351.97435,3357.18347,208.37,-1.0,50.0,50.0,75.0,0.0,10.0,50.0,0.52792,0.647902,0.647902,-1.52792,-1.647902,False,DOWN,BAD_SIGNAL
1033669|XAUUSD|breakout_retest|LONG|2025-06-24 08:20:00|2025-06-24 08:25:00|2025-06-24 08:30:00|3325.95,B0_RAW_ALL_SESSION,LONG,2025-06-24 08:35:00,2025-06-24 08:55:00,Afternoon 12:00-15:59,FALLING,3328.145,3324.997,3332.867,314.8,-1.0,50.0,50.0,75.0,0.0,10.0,50.0,0.349428,0.428844,0.428844,-1.349428,-1.428844,False,DOWN,BAD_SIGNAL
1033669|XAUUSD|breakout_retest|SHORT|2025-06-24 12:15:00|2025-06-24 12:20:00|2025-06-24 12:25:00|3317.72,B0_RAW_ALL_SESSION,SHORT,2025-06-24 12:30:00,2025-06-24 12:35:00,Evening 16:00-19:59,FALLING,3314.538,3319.04564,3307.77654,450.76,1.5,50.0,50.0,75.0,0.0,10.0,0.0,0.133107,0.188569,0.188569,1.366893,1.311431,False,DOWN,WIN
1033669|XAUUSD|breakout_retest|SHORT|2025-06-24 12:30:00|2025-06-24 13:15:00|2025-06-24 13:20:00|3317.72,B0_RAW_ALL_SESSION,SHORT,2025-06-24 13:25:00,2025-06-24 13:35:00,Evening 16:00-19:59,FALLING,3314.245,3318.24079,3308.25131,399.58,1.5,50.0,50.0,75.0,0.0,10.0,0.0,0.150158,0.212724,0.212724,1.349842,1.287276,False,DOWN,WIN
1033669|XAUUSD|breakout_retest|SHORT|2025-06-24 13:40:00|2025-06-24 14:55:00|2025-06-24 15:00:00|3304.41,B0_RAW_ALL_SESSION,SHORT,2025-06-24 15:05:00,2025-06-24 15:25:00,Evening 16:00-19:59,FALLING,3303.595,3307.45364,3297.80704,385.86,-1.0,50.0,50.0,75.0,0.0,10.0,50.0,0.285074,0.349864,0.349864,-1.285074,-1.349864,False,DOWN,BAD_EXIT_GIVEBACK
1033669|XAUUSD|breakout_retest|LONG|2025-06-24 17:35:00|2025-06-24 18:35:00|2025-06-24 18:40:00|3316.95,B0_RAW_ALL_SESSION,LONG,2025-06-24 18:45:00,2025-06-24 19:35:00,Night 20:00-05:59,FALLING,3317.258,3315.61964,3319.71554,163.84,1.5,50.0,50.0,75.0,0.0,10.0,0.0,0.366221,0.518812,0.518812,1.133779,0.981188,False,DOWN,WIN
1033669|XAUUSD|breakout_retest|LONG|2025-06-24 23:45:00|2025-06-24 23:55:00|2025-06-25 00:00:00|3323.80,B0_RAW_ALL_SESSION,LONG,2025-06-25 00:05:00,2025-06-25 00:10:00,Night 20:00-05:59,FALLING,3324.385,3323.22744,3326.12135,115.76,1.5,50.0,50.0,75.0,0.0,10.0,0.0,0.51833,0.7343,0.7343,0.98167,0.7657,False,UP,WIN
1033669|XAUUSD|breakout_retest|LONG|2025-06-25 01:15:00|2025-06-25 01:30:00|2025-06-25 01:35:00|3329.86,B0_RAW_ALL_SESSION,LONG,2025-06-25 01:40:00,2025-06-25 04:00:00,Night 20:00-05:59,FALLING,3331.135,3327.50476,3336.58036,363.02,-1.0,50.0,50.0,75.0,0.0,10.0,50.0,0.30301,0.371876,0.371876,-1.30301,-1.371876,False,UP,BAD_EXIT_GIVEBACK
1033669|XAUUSD|breakout_retest|LONG|2025-06-25 06:10:00|2025-06-25 06:15:00|2025-06-25 06:20:00|3329.11,B0_RAW_ALL_SESSION,LONG,2025-06-25 06:25:00,2025-06-25 06:40:00,Morning 06:00-11:59,RISING,3330.438,3328.75833,3332.95751,167.97,-1.0,50.0,50.0,75.0,0.0,10.0,50.0,0.65489,0.803729,0.803729,-1.65489,-1.803729,False,UP,BAD_EXIT_GIVEBACK
1033669|XAUUSD|breakout_retest|LONG|2025-06-25 06:30:00|2025-06-25 06:35:00|2025-06-25 06:40:00|3329.11,B0_RAW_ALL_SESSION,LONG,2025-06-25 06:45:00,2025-06-25 07:10:00,Morning 06:00-11:59,RISING,3330.808,3328.50607,3334.26089,230.19,-1.0,50.0,50.0,75.0,0.0,10.0,50.0,0.47786,0.586465,0.586465,-1.47786,-1.586465,False,UP,NEAR_TP_GIVEBACK
1033669|XAUUSD|breakout_retest|LONG|2025-06-25 06:55:00|2025-06-25 07:20:00|2025-06-25 07:25:00|3329.11,B0_RAW_ALL_SESSION,LONG,2025-06-25 07:30:00,2025-06-25 07:45:00,Morning 06:00-11:59,RISING,3329.895,3326.38689,3335.15717,350.81,1.5,50.0,50.0,75.0,0.0,10.0,0.0,0.171032,0.242295,0.242295,1.328968,1.257705,False,UP,WIN
1033669|XAUUSD|breakout_retest|SHORT|2025-06-25 07:10:00|2025-06-25 08:10:00|2025-06-25 08:15:00|3328.68,B0_RAW_ALL_SESSION,SHORT,2025-06-25 08:20:00,2025-06-25 09:10:00,Afternoon 12:00-15:59,RISING,3327.575,3330.62534,3322.9995,305.03,1.5,50.0,50.0,75.0,0.0,10.0,0.0,0.1967,0.278658,0.278658,1.3033,1.221342,False,UP,WIN
1033669|XAUUSD|breakout_retest|SHORT|2025-06-25 09:05:00|2025-06-25 10:30:00|2025-06-25 10:35:00|3326.30,B0_RAW_ALL_SESSION,SHORT,2025-06-25 10:40:00,2025-06-25 10:50:00,Afternoon 12:00-15:59,FALLING,3324.735,3326.60662,3321.92757,187.16,-1.0,50.0,50.0,75.0,0.0,10.0,50.0,0.587726,0.7213,0.7213,-1.587726,-1.7213,False,UP,BAD_SIGNAL
1033669|XAUUSD|breakout_retest|SHORT|2025-06-25 11:45:00|2025-06-25 11:55:00|2025-06-25 12:00:00|3323.84,B0_RAW_ALL_SESSION,SHORT,2025-06-25 12:05:00,2025-06-25 12:10:00,Evening 16:00-19:59,FALLING,3321.868,3325.15234,3316.94149,328.43,-1.0,50.0,50.0,75.0,0.0,10.0,50.0,0.334922,0.411041,0.411041,-1.334922,-1.411041,False,UP,BAD_SIGNAL
1033669|XAUUSD|breakout_retest|SHORT|2025-06-25 12:00:00|2025-06-25 12:35:00|2025-06-25 12:40:00|3323.84,B0_RAW_ALL_SESSION,SHORT,2025-06-25 12:45:00,2025-06-25 13:05:00,Evening 16:00-19:59,FALLING,3322.788,3326.42654,3317.3302,363.85,1.5,50.0,50.0,75.0,0.0,10.0,0.0,0.164902,0.23361,0.23361,1.335098,1.26639,False,UP,WIN
1033669|XAUUSD|breakout_retest|SHORT|2025-06-25 12:55:00|2025-06-25 13:00:00|2025-06-25 13:05:00|3321.40,B0_RAW_ALL_SESSION,SHORT,2025-06-25 13:10:00,2025-06-25 14:15:00,Evening 16:00-19:59,FALLING,3316.905,3321.74255,3309.64867,483.76,-1.0,50.0,50.0,75.0,0.0,10.0,50.0,0.227388,0.279067,0.279067,-1.227388,-1.279067,False,UP,BAD_EXIT_GIVEBACK
1033669|XAUUSD|breakout_retest|SHORT|2025-06-25 13:30:00|2025-06-25 14:10:00|2025-06-25 14:15:00|3321.40,B0_RAW_ALL_SESSION,SHORT,2025-06-25 14:20:00,2025-06-25 14:35:00,Evening 16:00-19:59,FALLING,3319.219,3322.25126,3314.67061,303.23,-1.0,50.0,50.0,75.0,0.0,10.0,50.0,0.362766,0.445213,0.445213,-1.362766,-1.445213,False,UP,BAD_SIGNAL
1033669|XAUUSD|breakout_retest|LONG|2025-06-25 17:05:00|2025-06-25 17:35:00|2025-06-25 17:40:00|3326.07,B0_RAW_ALL_SESSION,LONG,2025-06-25 17:45:00,2025-06-25 19:30:00,Night 20:00-05:59,RISING,3327.755,3324.18453,3333.11071,357.05,1.5,50.0,50.0,75.0,0.0,10.0,0.0,0.168045,0.238064,0.238064,1.331955,1.261936,False,UP,WIN
1033669|XAUUSD|breakout_retest|LONG|2025-06-25 19:45:00|2025-06-25 19:55:00|2025-06-25 20:00:00|3332.72,B0_RAW_ALL_SESSION,LONG,2025-06-25 20:05:00,2025-06-25 20:15:00,Night 20:00-05:59,RISING,3334.155,3331.95386,3337.45671,220.11,-1.0,50.0,50.0,75.0,0.0,10.0,50.0,0.49974,0.613318,0.613318,-1.49974,-1.613318,False,UP,MIXED
1033669|XAUUSD|breakout_retest|SHORT|2025-06-26 01:40:00|2025-06-26 01:45:00|2025-06-26 01:50:00|3332.41,B0_RAW_ALL_SESSION,SHORT,2025-06-26 01:55:00,2025-06-26 02:20:00,Night 20:00-05:59,RISING,3329.725,3333.44066,3324.1515,371.57,-1.0,50.0,50.0,75.0,0.0,10.0,50.0,0.296044,0.363327,0.363327,-1.296044,-1.363327,False,DOWN,BAD_SIGNAL
1033669|XAUUSD|breakout_retest|SHORT|2025-06-26 02:35:00|2025-06-26 02:55:00|2025-06-26 03:00:00|3340.18,B0_RAW_ALL_SESSION,SHORT,2025-06-26 03:05:00,2025-06-26 03:10:00,Morning 06:00-11:59,RISING,3338.615,3340.97274,3335.0784,235.77,-1.0,50.0,50.0,75.0,0.0,10.0,50.0,0.466549,0.572583,0.572583,-1.466549,-1.572583,False,DOWN,BAD_SIGNAL
1033669|XAUUSD|breakout_retest|SHORT|2025-06-26 03:00:00|2025-06-26 03:25:00|2025-06-26 03:30:00|3340.18,B0_RAW_ALL_SESSION,SHORT,2025-06-26 03:35:00,2025-06-26 04:35:00,Morning 06:00-11:59,RISING,3338.488,3340.58685,3335.33972,209.89,1.5,50.0,50.0,75.0,0.0,10.0,0.0,0.285871,0.404984,0.404984,1.214129,1.095016,False,DOWN,WIN
1033669|XAUUSD|breakout_retest|SHORT|2025-06-26 05:00:00|2025-06-26 05:45:00|2025-06-26 05:50:00|3336.16,B0_RAW_ALL_SESSION,SHORT,2025-06-26 05:55:00,2025-06-26 06:10:00,Morning 06:00-11:59,RISING,3334.838,3336.32346,3332.60981,148.55,1.5,50.0,50.0,75.0,0.0,10.0,0.0,0.403916,0.572214,0.572214,1.096084,0.927786,False,DOWN,WIN
1033669|XAUUSD|breakout_retest|LONG|2025-06-26 05:30:00|2025-06-26 06:20:00|2025-06-26 06:25:00|3335.45,B0_RAW_ALL_SESSION,LONG,2025-06-26 06:30:00,2025-06-26 06:40:00,Morning 06:00-11:59,RISING,3335.708,3332.74412,3340.15382,296.39,-1.0,50.0,50.0,75.0,0.0,10.0,50.0,0.371135,0.455484,0.455484,-1.371135,-1.455484,False,DOWN,MIXED
1033669|XAUUSD|breakout_retest|LONG|2025-06-26 05:30:00|2025-06-26 06:35:00|2025-06-26 06:40:00|3335.45,B0_RAW_ALL_SESSION,LONG,2025-06-26 06:45:00,2025-06-26 07:25:00,Morning 06:00-11:59,RISING,3337.195,3332.118,3344.8105,507.7,1.5,50.0,50.0,75.0,0.0,10.0,0.0,0.11818,0.167422,0.167422,1.38182,1.332578,True,DOWN,WIN
1033669|XAUUSD|breakout_retest|LONG|2025-06-26 09:35:00|2025-06-26 09:45:00|2025-06-26 09:50:00|3340.01,B0_RAW_ALL_SESSION,LONG,2025-06-26 09:55:00,2025-06-26 10:10:00,Afternoon 12:00-15:59,RISING,3340.658,3338.62355,3343.70968,203.45,-1.0,50.0,50.0,75.0,0.0,10.0,50.0,0.540687,0.66357,0.66357,-1.540687,-1.66357,False,DOWN,MIXED
1033669|XAUUSD|breakout_retest|SHORT|2025-06-26 10:05:00|2025-06-26 10:10:00|2025-06-26 10:15:00|3340.18,B0_RAW_ALL_SESSION,SHORT,2025-06-26 10:20:00,2025-06-26 10:35:00,Afternoon 12:00-15:59,RISING,3338.185,3340.7141,3334.39135,252.91,-1.0,50.0,50.0,75.0,0.0,10.0,50.0,0.434937,0.533787,0.533787,-1.434937,-1.533787,False,DOWN,BAD_SIGNAL
1033669|XAUUSD|breakout_retest|SHORT|2025-06-26 10:20:00|2025-06-26 10:35:00|2025-06-26 10:40:00|3340.18,B0_RAW_ALL_SESSION,SHORT,2025-06-26 10:45:00,2025-06-26 10:55:00,Afternoon 12:00-15:59,RISING,3338.138,3340.95719,3333.90922,281.92,-1.0,50.0,50.0,75.0,0.0,10.0,50.0,0.390184,0.478862,0.478862,-1.390184,-1.478862,False,DOWN,BAD_SIGNAL
1033669|XAUUSD|breakout_retest|LONG|2025-06-26 09:35:00|2025-06-26 10:50:00|2025-06-26 10:55:00|3340.01,B0_RAW_ALL_SESSION,LONG,2025-06-26 11:00:00,2025-06-26 11:25:00,Afternoon 12:00-15:59,RISING,3341.758,3339.65435,3344.91348,210.37,-1.0,50.0,50.0,75.0,0.0,10.0,50.0,0.522901,0.641742,0.641742,-1.522901,-1.641742,False,DOWN,BAD_EXIT_GIVEBACK
1033669|XAUUSD|breakout_retest|SHORT|2025-06-26 10:40:00|2025-06-26 11:25:00|2025-06-26 11:30:00|3340.18,B0_RAW_ALL_SESSION,SHORT,2025-06-26 11:35:00,2025-06-26 11:40:00,Afternoon 12:00-15:59,RISING,3338.819,3340.74857,3335.92464,192.96,1.5,50.0,50.0,75.0,0.0,10.0,0.0,0.31095,0.440512,0.440512,1.18905,1.059488,False,DOWN,WIN
1033669|XAUUSD|breakout_retest|SHORT|2025-06-26 12:20:00|2025-06-26 12:30:00|2025-06-26 12:35:00|3340.18,B0_RAW_ALL_SESSION,SHORT,2025-06-26 12:40:00,2025-06-26 13:05:00,Evening 16:00-19:59,RISING,3333.388,3343.40592,3318.36112,1001.79,1.5,50.0,50.0,75.0,0.0,10.0,0.0,0.059893,0.084848,0.084848,1.440107,1.415152,True,DOWN,WIN
1033669|XAUUSD|breakout_retest|LONG|2025-06-26 16:00:00|2025-06-26 16:05:00|2025-06-26 16:10:00|3323.53,B0_RAW_ALL_SESSION,LONG,2025-06-26 16:15:00,2025-06-26 16:25:00,Night 20:00-05:59,FALLING,3324.965,3323.2946,3327.4706,167.04,1.5,50.0,50.0,75.0,0.0,10.0,0.0,0.359195,0.50886,0.50886,1.140805,0.99114,False,DOWN,WIN
1033669|XAUUSD|breakout_retest|SHORT|2025-06-26 19:10:00|2025-06-26 20:00:00|2025-06-26 20:05:00|3332.05,B0_RAW_ALL_SESSION,SHORT,2025-06-26 20:10:00,2025-06-26 20:25:00,Night 20:00-05:59,RISING,3331.005,3332.28907,3329.07889,128.41,1.5,50.0,50.0,75.0,0.0,10.0,0.0,0.467264,0.661957,0.661957,1.032736,0.838043,False,DOWN,WIN
1033669|XAUUSD|breakout_retest|SHORT|2025-06-27 00:30:00|2025-06-27 01:05:00|2025-06-27 01:10:00|3318.65,B0_RAW_ALL_SESSION,SHORT,2025-06-27 01:15:00,2025-06-27 01:30:00,Night 20:00-05:59,FALLING,3316.085,3319.48745,3310.98132,340.25,-1.0,50.0,50.0,75.0,0.0,10.0,50.0,0.323296,0.396773,0.396773,-1.323296,-1.396773,False,DOWN,BAD_SIGNAL
1033669|XAUUSD|breakout_retest|SHORT|2025-06-27 00:30:00|2025-06-27 01:35:00|2025-06-27 01:40:00|3318.65,B0_RAW_ALL_SESSION,SHORT,2025-06-27 01:45:00,2025-06-27 01:50:00,Night 20:00-05:59,FALLING,3318.205,3320.58698,3314.63203,238.2,1.5,50.0,50.0,75.0,0.0,10.0,0.0,0.251891,0.356846,0.356846,1.248109,1.143154,False,DOWN,WIN
1033669|XAUUSD|breakout_retest|SHORT|2025-06-27 02:55:00|2025-06-27 03:00:00|2025-06-27 03:05:00|3309.70,B0_RAW_ALL_SESSION,SHORT,2025-06-27 03:10:00,2025-06-27 03:15:00,Morning 06:00-11:59,FALLING,3308.315,3310.96112,3304.34582,264.61,1.5,50.0,50.0,75.0,0.0,10.0,0.0,0.226747,0.321225,0.321225,1.273253,1.178775,False,DOWN,WIN
1033669|XAUUSD|breakout_retest|SHORT|2025-06-27 06:35:00|2025-06-27 07:05:00|2025-06-27 07:10:00|3289.00,B0_RAW_ALL_SESSION,SHORT,2025-06-27 07:15:00,2025-06-27 10:55:00,Morning 06:00-11:59,FALLING,3287.565,3291.81242,3281.19387,424.74,1.5,50.0,50.0,75.0,0.0,10.0,0.0,0.141262,0.200121,0.200121,1.358738,1.299879,False,DOWN,WIN
1033669|XAUUSD|breakout_retest|SHORT|2025-06-27 12:15:00|2025-06-27 12:25:00|2025-06-27 12:30:00|3279.55,B0_RAW_ALL_SESSION,SHORT,2025-06-27 12:35:00,2025-06-27 12:40:00,Evening 16:00-19:59,FALLING,3277.825,3281.54139,3272.25042,371.64,1.5,50.0,50.0,75.0,0.0,10.0,0.0,0.161447,0.228717,0.228717,1.338553,1.271283,False,DOWN,WIN
1033669|XAUUSD|breakout_retest|SHORT|2025-06-27 13:25:00|2025-06-27 14:10:00|2025-06-27 14:15:00|3272.12,B0_RAW_ALL_SESSION,SHORT,2025-06-27 14:20:00,2025-06-27 14:35:00,Evening 16:00-19:59,FALLING,3270.185,3275.42361,3262.32708,523.86,-1.0,50.0,50.0,75.0,0.0,10.0,50.0,0.209979,0.257702,0.257702,-1.209979,-1.257702,False,DOWN,BAD_EXIT_GIVEBACK
1033669|XAUUSD|breakout_retest|LONG|2025-06-27 15:40:00|2025-06-27 16:45:00|2025-06-27 16:50:00|3275.28,B0_RAW_ALL_SESSION,LONG,2025-06-27 16:55:00,2025-06-27 17:35:00,Night 20:00-05:59,FALLING,3275.415,3273.34479,3278.52032,207.02,-1.0,50.0,50.0,75.0,0.0,10.0,50.0,0.531346,0.652106,0.652106,-1.531346,-1.652106,False,DOWN,NEAR_TP_GIVEBACK
1033669|XAUUSD|breakout_retest|SHORT|2025-06-29 22:00:00|2025-06-29 22:05:00|2025-06-29 22:10:00|3273.34,B0_RAW_ALL_SESSION,SHORT,2025-06-29 22:15:00,2025-06-29 22:20:00,Night 20:00-05:59,FALLING,3270.638,3274.01686,3265.56971,337.89,1.5,50.0,50.0,75.0,0.0,10.0,0.0,0.177575,0.251564,0.251564,1.322425,1.248436,False,DOWN,WIN
1033669|XAUUSD|breakout_retest|SHORT|2025-06-30 08:45:00|2025-06-30 08:50:00|2025-06-30 08:55:00|3290.49,B0_RAW_ALL_SESSION,SHORT,2025-06-30 09:00:00,2025-06-30 09:10:00,Afternoon 12:00-15:59,RISING,3287.865,3290.69681,3283.61729,283.18,1.5,50.0,50.0,75.0,0.0,10.0,0.0,0.211879,0.300162,0.300162,1.288121,1.199838,False,UP,WIN
1033669|XAUUSD|breakout_retest|LONG|2025-06-30 09:00:00|2025-06-30 09:05:00|2025-06-30 09:10:00|3281.30,B0_RAW_ALL_SESSION,LONG,2025-06-30 09:15:00,2025-06-30 09:35:00,Afternoon 12:00-15:59,RISING,3286.958,3280.88208,3296.07188,607.59,-1.0,50.0,50.0,75.0,0.0,10.0,50.0,0.181042,0.222189,0.222189,-1.181042,-1.222189,False,UP,BAD_SIGNAL
1033669|XAUUSD|breakout_retest|LONG|2025-06-30 09:25:00|2025-06-30 09:35:00|2025-06-30 09:40:00|3281.30,B0_RAW_ALL_SESSION,LONG,2025-06-30 09:45:00,2025-06-30 11:25:00,Afternoon 12:00-15:59,RISING,3283.758,3278.22722,3292.05417,553.08,-1.0,50.0,50.0,75.0,0.0,10.0,50.0,0.198887,0.244089,0.244089,-1.198887,-1.244089,False,UP,BAD_EXIT_GIVEBACK
1033669|XAUUSD|breakout_retest|LONG|2025-06-30 11:00:00|2025-06-30 12:15:00|2025-06-30 12:20:00|3281.30,B0_RAW_ALL_SESSION,LONG,2025-06-30 12:25:00,2025-06-30 12:35:00,Evening 16:00-19:59,RISING,3282.745,3280.54924,3286.03865,219.58,1.5,50.0,50.0,75.0,0.0,10.0,0.0,0.273253,0.387109,0.387109,1.226747,1.112891,False,UP,WIN
1033669|XAUUSD|breakout_retest|LONG|2025-06-30 12:50:00|2025-06-30 13:00:00|2025-06-30 13:05:00|3281.30,B0_RAW_ALL_SESSION,LONG,2025-06-30 13:10:00,2025-06-30 13:15:00,Evening 16:00-19:59,RISING,3283.945,3280.33686,3289.3572,360.81,-1.0,50.0,50.0,75.0,0.0,10.0,50.0,0.304867,0.374154,0.374154,-1.304867,-1.374154,False,UP,BAD_SIGNAL
1033669|XAUUSD|breakout_retest|LONG|2025-06-30 13:25:00|2025-06-30 13:40:00|2025-06-30 13:45:00|3281.30,B0_RAW_ALL_SESSION,LONG,2025-06-30 13:50:00,2025-06-30 15:05:00,Evening 16:00-19:59,RISING,3283.158,3278.93004,3289.49995,422.8,1.5,50.0,50.0,75.0,0.0,10.0,0.0,0.141912,0.201042,0.201042,1.358088,1.298958,False,UP,WIN
1033669|XAUUSD|breakout_retest|LONG|2025-01-02 13:30:00|2025-01-02 13:45:00|2025-01-02 13:50:00|2638.97,A3_SQ_SOFT_RETEST_W15_B45_C60_RCM05_V2,LONG,2025-01-02 13:55:00,2025-01-02 14:50:00,Evening 16:00-19:59,RISING,2642.875,2637.69631,2650.64303,517.87,1.5,50.0,50.0,75.0,0.0,10.0,0.0,0.11586,0.164134,0.164134,1.38414,1.335866,True,UP,WIN
1033669|XAUUSD|breakout_retest|SHORT|2025-01-03 07:05:00|2025-01-03 07:10:00|2025-01-03 07:15:00|2656.49,A3_SQ_SOFT_RETEST_W15_B45_C60_RCM05_V2,SHORT,2025-01-03 07:20:00,2025-01-03 07:25:00,Morning 06:00-11:59,RISING,2655.588,2657.12089,2653.28867,153.29,1.5,50.0,50.0,75.0,0.0,10.0,0.0,0.391419,0.55451,0.55451,1.108581,0.94549,False,DOWN,WIN
1033669|XAUUSD|breakout_retest|LONG|2025-01-03 10:10:00|2025-01-03 10:15:00|2025-01-03 10:20:00|2655.80,A3_SQ_SOFT_RETEST_W15_B45_C60_RCM05_V2,LONG,2025-01-03 10:25:00,2025-01-03 10:35:00,Afternoon 12:00-15:59,FALLING,2657.225,2655.24909,2660.18886,197.59,-1.0,50.0,50.0,75.0,0.0,10.0,50.0,0.556706,0.68323,0.68323,-1.556706,-1.68323,False,DOWN,BAD_SIGNAL
1033669|XAUUSD|breakout_retest|LONG|2025-01-03 10:10:00|2025-01-03 10:50:00|2025-01-03 10:55:00|2655.80,A3_SQ_SOFT_RETEST_W15_B45_C60_RCM05_V2,LONG,2025-01-03 11:00:00,2025-01-03 11:05:00,Afternoon 12:00-15:59,RISING,2656.215,2654.89492,2658.19512,132.01,1.5,50.0,50.0,75.0,0.0,10.0,0.0,0.454518,0.643901,0.643901,1.045482,0.856099,False,DOWN,WIN
1033669|XAUUSD|breakout_retest|LONG|2025-01-03 11:10:00|2025-01-03 11:35:00|2025-01-03 11:40:00|2657.22,A3_SQ_SOFT_RETEST_W15_B45_C60_RCM05_V2,LONG,2025-01-03 11:45:00,2025-01-03 11:50:00,Afternoon 12:00-15:59,RISING,2657.908,2656.59945,2659.87083,130.86,-1.0,50.0,50.0,75.0,0.0,10.0,50.0,0.840625,1.031676,1.031676,-1.840625,-2.031676,False,DOWN,MIXED
1033669|XAUUSD|breakout_retest|LONG|2025-01-03 11:10:00|2025-01-03 11:55:00|2025-01-03 12:00:00|2657.22,A3_SQ_SOFT_RETEST_W15_B45_C60_RCM05_V2,LONG,2025-01-03 12:05:00,2025-01-03 12:20:00,Evening 16:00-19:59,RISING,2657.858,2656.62735,2659.70398,123.07,-1.0,50.0,50.0,75.0,0.0,10.0,50.0,0.893837,1.096981,1.096981,-1.893837,-2.096981,False,DOWN,BAD_SIGNAL
1033669|XAUUSD|breakout_retest|SHORT|2025-01-03 12:25:00|2025-01-03 12:50:00|2025-01-03 12:55:00|2656.11,A3_SQ_SOFT_RETEST_W15_B45_C60_RCM05_V2,SHORT,2025-01-03 13:00:00,2025-01-03 13:20:00,Evening 16:00-19:59,RISING,2655.275,2657.21227,2652.36909,193.73,1.5,50.0,50.0,75.0,0.0,10.0,0.0,0.309714,0.438761,0.438761,1.190286,1.061239,False,DOWN,WIN
1033669|XAUUSD|breakout_retest|SHORT|2025-01-03 15:15:00|2025-01-03 16:10:00|2025-01-03 16:15:00|2644.99,A3_SQ_SOFT_RETEST_W15_B45_C60_RCM05_V2,SHORT,2025-01-03 16:20:00,2025-01-03 20:15:00,Night 20:00-05:59,FALLING,2643.165,2646.1911,2638.62585,302.61,1.5,50.0,50.0,75.0,0.0,10.0,0.0,0.198275,0.28089,0.28089,1.301725,1.21911,False,DOWN,WIN
1033669|XAUUSD|breakout_retest|SHORT|2025-01-07 03:35:00|2025-01-07 03:40:00|2025-01-07 03:45:00|2639.90,A3_SQ_SOFT_RETEST_W15_B45_C60_RCM05_V2,SHORT,2025-01-07 03:50:00,2025-01-07 05:05:00,Morning 06:00-11:59,FALLING,2638.918,2640.23053,2636.94921,131.25,1.5,50.0,50.0,75.0,0.0,10.0,0.0,0.457133,0.647605,0.647605,1.042867,0.852395,False,UP,WIN
1033669|XAUUSD|breakout_retest|LONG|2025-01-07 06:50:00|2025-01-07 06:55:00|2025-01-07 07:00:00|2639.90,A3_SQ_SOFT_RETEST_W15_B45_C60_RCM05_V2,LONG,2025-01-07 07:05:00,2025-01-07 07:25:00,Morning 06:00-11:59,RISING,2641.165,2639.49185,2643.67473,167.32,-1.0,50.0,50.0,75.0,0.0,10.0,50.0,0.657443,0.806861,0.806861,-1.657443,-1.806861,False,UP,BAD_SIGNAL
1033669|XAUUSD|breakout_retest|LONG|2025-01-07 07:25:00|2025-01-07 07:55:00|2025-01-07 08:00:00|2639.90,A3_SQ_SOFT_RETEST_W15_B45_C60_RCM05_V2,LONG,2025-01-07 08:05:00,2025-01-07 08:30:00,Afternoon 12:00-15:59,RISING,2640.485,2637.96556,2644.26416,251.94,1.5,50.0,50.0,75.0,0.0,10.0,0.0,0.238148,0.337376,0.337376,1.261852,1.162624,False,UP,WIN
1033669|XAUUSD|breakout_retest|LONG|2025-01-07 10:35:00|2025-01-07 11:00:00|2025-01-07 11:05:00|2643.76,A3_SQ_SOFT_RETEST_W15_B45_C60_RCM05_V2,LONG,2025-01-07 11:10:00,2025-01-07 11:20:00,Afternoon 12:00-15:59,RISING,2645.405,2643.57976,2648.14286,182.52,-1.0,50.0,50.0,75.0,0.0,10.0,50.0,0.60266,0.739628,0.739628,-1.60266,-1.739628,False,UP,MIXED
1033669|XAUUSD|breakout_retest|LONG|2025-01-07 11:10:00|2025-01-07 11:20:00|2025-01-07 11:25:00|2643.76,A3_SQ_SOFT_RETEST_W15_B45_C60_RCM05_V2,LONG,2025-01-07 11:30:00,2025-01-07 11:50:00,Afternoon 12:00-15:59,RISING,2644.115,2641.74571,2647.66893,236.93,1.5,50.0,50.0,75.0,0.0,10.0,0.0,0.253241,0.358758,0.358758,1.246759,1.141242,False,UP,WIN
1033669|XAUUSD|breakout_retest|LONG|2025-01-07 13:00:00|2025-01-07 13:05:00|2025-01-07 13:10:00|2651.12,A3_SQ_SOFT_RETEST_W15_B45_C60_RCM05_V2,LONG,2025-01-07 13:15:00,2025-01-07 13:25:00,Evening 16:00-19:59,RISING,2653.248,2649.60966,2658.7055,363.83,1.5,50.0,50.0,75.0,0.0,10.0,0.0,0.164911,0.233623,0.233623,1.335089,1.266377,False,UP,WIN
1033669|XAUUSD|breakout_retest|SHORT|2025-01-08 02:05:00|2025-01-08 02:10:00|2025-01-08 02:15:00|2648.43,A3_SQ_SOFT_RETEST_W15_B45_C60_RCM05_V2,SHORT,2025-01-08 02:20:00,2025-01-08 02:50:00,Morning 06:00-11:59,RISING,2647.175,2648.5261,2645.14835,135.11,-1.0,50.0,50.0,75.0,0.0,10.0,50.0,0.814151,0.999186,0.999186,-1.814151,-1.999186,False,UP,BAD_EXIT_GIVEBACK
1033669|XAUUSD|breakout_retest|SHORT|2025-01-08 01:50:00|2025-01-08 03:05:00|2025-01-08 03:10:00|2648.43,A3_SQ_SOFT_RETEST_W15_B45_C60_RCM05_V2,SHORT,2025-01-08 03:15:00,2025-01-08 03:20:00,Morning 06:00-11:59,RISING,2647.895,2648.72712,2646.64682,83.21,1.5,50.0,50.0,75.0,0.0,10.0,0.0,0.721049,1.021486,1.021486,0.778951,0.478514,False,UP,WIN
1033669|XAUUSD|breakout_retest|LONG|2025-01-08 12:45:00|2025-01-08 12:50:00|2025-01-08 12:55:00|2651.05,A3_SQ_SOFT_RETEST_W15_B45_C60_RCM05_V2,LONG,2025-01-08 13:00:00,2025-01-08 13:05:00,Evening 16:00-19:59,RISING,2652.318,2650.82814,2654.55279,148.99,1.5,50.0,50.0,75.0,0.0,10.0,0.0,0.402723,0.570524,0.570524,1.097277,0.929476,False,UP,WIN
1033669|XAUUSD|breakout_retest|LONG|2025-01-08 15:45:00|2025-01-08 15:50:00|2025-01-08 15:55:00|2664.10,A3_SQ_SOFT_RETEST_W15_B45_C60_RCM05_V2,LONG,2025-01-08 16:00:00,2025-01-08 16:15:00,Night 20:00-05:59,RISING,2666.218,2663.32086,2670.56371,289.71,-1.0,50.0,50.0,75.0,0.0,10.0,50.0,0.379684,0.465976,0.465976,-1.379684,-1.465976,False,UP,BAD_SIGNAL
1033669|XAUUSD|breakout_retest|LONG|2025-01-08 16:00:00|2025-01-08 16:15:00|2025-01-08 16:20:00|2664.10,A3_SQ_SOFT_RETEST_W15_B45_C60_RCM05_V2,LONG,2025-01-08 16:25:00,2025-01-08 16:55:00,Night 20:00-05:59,RISING,2665.975,2663.63266,2669.48851,234.23,1.5,50.0,50.0,75.0,0.0,10.0,0.0,0.256154,0.362885,0.362885,1.243846,1.137115,False,UP,WIN
1033669|XAUUSD|breakout_retest|LONG|2025-01-08 17:00:00|2025-01-08 17:05:00|2025-01-08 17:10:00|2667.65,A3_SQ_SOFT_RETEST_W15_B45_C60_RCM05_V2,LONG,2025-01-08 17:15:00,2025-01-08 17:25:00,Night 20:00-05:59,RISING,2669.208,2667.04545,2672.45183,216.26,-1.0,50.0,50.0,75.0,0.0,10.0,50.0,0.508659,0.624263,0.624263,-1.508659,-1.624263,False,UP,BAD_SIGNAL
1033669|XAUUSD|breakout_retest|LONG|2025-01-08 19:15:00|2025-01-08 19:55:00|2025-01-08 20:00:00|2657.98,A3_SQ_SOFT_RETEST_W15_B45_C60_RCM05_V2,LONG,2025-01-08 20:05:00,2025-01-08 20:50:00,Night 20:00-05:59,RISING,2658.558,2656.74904,2661.27145,180.9,1.5,50.0,50.0,75.0,0.0,10.0,0.0,0.331682,0.469882,0.469882,1.168318,1.030118,False,UP,WIN
1033669|XAUUSD|breakout_retest|LONG|2025-01-10 01:40:00|2025-01-10 01:50:00|2025-01-10 01:55:00|2669.84,A3_SQ_SOFT_RETEST_W15_B45_C60_RCM05_V2,LONG,2025-01-10 02:00:00,2025-01-10 02:20:00,Morning 06:00-11:59,RISING,2670.415,2669.22221,2672.20418,119.28,1.5,50.0,50.0,75.0,0.0,10.0,0.0,0.503024,0.712618,0.712618,0.996976,0.787382,False,UP,WIN
1033669|XAUUSD|breakout_retest|SHORT|2025-01-10 12:40:00|2025-01-10 12:55:00|2025-01-10 13:00:00|2678.44,A3_SQ_SOFT_RETEST_W15_B45_C60_RCM05_V2,SHORT,2025-01-10 13:05:00,2025-01-10 13:10:00,Evening 16:00-19:59,RISING,2677.515,2679.08727,2675.15659,157.23,1.5,50.0,50.0,75.0,0.0,10.0,0.0,0.381613,0.540619,0.540619,1.118387,0.959381,False,UP,WIN
1033669|XAUUSD|breakout_retest|SHORT|2025-01-10 12:35:00|2025-01-10 13:25:00|2025-01-10 13:30:00|2678.44,A3_SQ_SOFT_RETEST_W15_B45_C60_RCM05_V2,SHORT,2025-01-10 13:35:00,2025-01-10 13:40:00,Evening 16:00-19:59,RISING,2675.935,2679.38527,2670.75959,345.03,1.5,50.0,50.0,75.0,0.0,10.0,0.0,0.173899,0.246357,0.246357,1.326101,1.253643,False,UP,WIN
1033669|XAUUSD|breakout_retest|LONG|2025-01-10 13:25:00|2025-01-10 13:35:00|2025-01-10 13:40:00|2669.84,A3_SQ_SOFT_RETEST_W15_B45_C60_RCM05_V2,LONG,2025-01-10 13:45:00,2025-01-10 14:05:00,Evening 16:00-19:59,RISING,2672.984,2664.98464,2684.98305,799.94,1.5,50.0,50.0,75.0,0.0,10.0,0.0,0.075006,0.106258,0.106258,1.424994,1.393742,True,UP,WIN
1033669|XAUUSD|breakout_retest|LONG|2025-01-10 20:05:00|2025-01-10 20:10:00|2025-01-10 20:15:00|2687.55,A3_SQ_SOFT_RETEST_W15_B45_C60_RCM05_V2,LONG,2025-01-10 20:20:00,2025-01-10 21:05:00,Night 20:00-05:59,RISING,2688.915,2687.42834,2691.145,148.67,1.5,50.0,50.0,75.0,0.0,10.0,0.0,0.403588,0.57175,0.57175,1.096412,0.92825,False,UP,WIN
1033669|XAUUSD|breakout_retest|SHORT|2025-01-12 23:00:00|2025-01-12 23:15:00|2025-01-12 23:20:00|2689.76,A3_SQ_SOFT_RETEST_W15_B45_C60_RCM05_V2,SHORT,2025-01-12 23:25:00,2025-01-12 23:45:00,Night 20:00-05:59,RISING,2688.655,2690.21805,2686.31042,156.31,-1.0,50.0,50.0,75.0,0.0,10.0,50.0,0.703752,0.863696,0.863696,-1.703752,-1.863696,False,UP,BAD_EXIT_GIVEBACK
1033669|XAUUSD|breakout_retest|SHORT|2025-01-14 05:50:00|2025-01-14 06:00:00|2025-01-14 06:05:00|2668.64,A3_SQ_SOFT_RETEST_W15_B45_C60_RCM05_V2,SHORT,2025-01-14 06:10:00,2025-01-14 06:20:00,Morning 06:00-11:59,FALLING,2667.635,2668.98926,2665.6036,135.43,-1.0,50.0,50.0,75.0,0.0,10.0,50.0,0.812249,0.996851,0.996851,-1.812249,-1.996851,False,UP,BAD_SIGNAL
1033669|XAUUSD|breakout_retest|SHORT|2025-01-14 09:35:00|2025-01-14 10:10:00|2025-01-14 10:15:00|2667.16,A3_SQ_SOFT_RETEST_W15_B45_C60_RCM05_V2,SHORT,2025-01-14 10:20:00,2025-01-14 11:50:00,Afternoon 12:00-15:59,FALLING,2666.108,2667.80945,2663.55582,170.15,-1.0,50.0,50.0,75.0,0.0,10.0,50.0,0.646507,0.793441,0.793441,-1.646507,-1.793441,False,UP,BAD_EXIT_GIVEBACK
1033669|XAUUSD|breakout_retest|LONG|2025-01-14 19:00:00|2025-01-14 19:05:00|2025-01-14 19:10:00|2671.67,A3_SQ_SOFT_RETEST_W15_B45_C60_RCM05_V2,LONG,2025-01-14 19:15:00,2025-01-14 19:40:00,Night 20:00-05:59,FALLING,2672.869,2671.55652,2674.83772,131.25,1.5,50.0,50.0,75.0,0.0,10.0,0.0,0.45715,0.64763,0.64763,1.04285,0.85237,False,UP,WIN
1033669|XAUUSD|breakout_retest|LONG|2025-01-14 19:30:00|2025-01-14 20:20:00|2025-01-14 20:25:00|2671.67,A3_SQ_SOFT_RETEST_W15_B45_C60_RCM05_V2,LONG,2025-01-14 20:30:00,2025-01-14 20:35:00,Night 20:00-05:59,FALLING,2672.455,2671.54504,2673.81995,91.0,1.5,50.0,50.0,75.0,0.0,10.0,0.0,0.659367,0.934103,0.934103,0.840633,0.565897,False,UP,WIN
1033669|XAUUSD|breakout_retest|SHORT|2025-01-15 00:55:00|2025-01-15 01:00:00|2025-01-15 01:05:00|2673.82,A3_SQ_SOFT_RETEST_W15_B45_C60_RCM05_V2,SHORT,2025-01-15 01:10:00,2025-01-15 02:50:00,Night 20:00-05:59,RISING,2672.205,2674.3251,2669.02485,212.01,-1.0,50.0,50.0,75.0,0.0,10.0,50.0,0.518843,0.636762,0.636762,-1.518843,-1.636762,False,UP,NEAR_TP_GIVEBACK
1033669|XAUUSD|breakout_retest|LONG|2025-01-15 04:15:00|2025-01-15 04:50:00|2025-01-15 04:55:00|2674.88,A3_SQ_SOFT_RETEST_W15_B45_C60_RCM05_V2,LONG,2025-01-15 05:00:00,2025-01-15 05:10:00,Morning 06:00-11:59,RISING,2675.075,2674.49561,2675.94409,57.94,1.5,50.0,50.0,75.0,0.0,10.0,0.0,1.035567,1.467053,1.467053,0.464433,0.032947,False,UP,WIN
1033669|XAUUSD|breakout_retest|LONG|2025-01-15 04:15:00|2025-01-15 05:25:00|2025-01-15 05:30:00|2674.88,A3_SQ_SOFT_RETEST_W15_B45_C60_RCM05_V2,LONG,2025-01-15 05:35:00,2025-01-15 05:40:00,Morning 06:00-11:59,RISING,2675.375,2674.38117,2676.86574,99.38,1.5,50.0,50.0,75.0,0.0,10.0,0.0,0.603726,0.855278,0.855278,0.896274,0.644722,False,UP,WIN
1033669|XAUUSD|breakout_retest|LONG|2025-01-15 14:40:00|2025-01-15 14:45:00|2025-01-15 14:50:00|2679.20,A3_SQ_SOFT_RETEST_W15_B45_C60_RCM05_V2,LONG,2025-01-15 14:55:00,2025-01-15 15:05:00,Evening 16:00-19:59,RISING,2682.729,2678.25364,2689.44205,447.54,-1.0,50.0,50.0,75.0,0.0,10.0,50.0,0.24579,0.301651,0.301651,-1.24579,-1.301651,False,UP,BAD_SIGNAL
1033669|XAUUSD|breakout_retest|LONG|2025-01-15 15:30:00|2025-01-15 16:10:00|2025-01-15 16:15:00|2679.20,A3_SQ_SOFT_RETEST_W15_B45_C60_RCM05_V2,LONG,2025-01-15 16:20:00,2025-01-15 16:55:00,Night 20:00-05:59,RISING,2682.055,2677.44296,2688.97305,461.2,1.5,50.0,50.0,75.0,0.0,10.0,0.0,0.130094,0.1843,0.1843,1.369906,1.3157,False,UP,WIN
1033669|XAUUSD|breakout_retest|LONG|2025-01-15 20:10:00|2025-01-15 20:50:00|2025-01-15 20:55:00|2695.05,A3_SQ_SOFT_RETEST_W15_B45_C60_RCM05_V2,LONG,2025-01-15 21:00:00,2025-01-15 21:35:00,Night 20:00-05:59,RISING,2695.949,2694.47191,2698.16463,147.71,-1.0,50.0,50.0,50.0,0.0,10.0,50.0,0.74471,0.74471,0.74471,-1.74471,-1.74471,False,UP,BAD_EXIT_GIVEBACK
1033669|XAUUSD|breakout_retest|LONG|2025-01-16 01:10:00|2025-01-16 01:20:00|2025-01-16 01:25:00|2698.01,A3_SQ_SOFT_RETEST_W15_B45_C60_RCM05_V2,LONG,2025-01-16 01:30:00,2025-01-16 01:55:00,Night 20:00-05:59,RISING,2699.575,2697.69374,2702.3969,188.13,-1.0,50.0,50.0,75.0,0.0,10.0,50.0,0.584713,0.717603,0.717603,-1.584713,-1.717603,False,UP,NEAR_TP_GIVEBACK
1033669|XAUUSD|breakout_retest|SHORT|2025-01-16 05:25:00|2025-01-16 05:30:00|2025-01-16 05:35:00|2695.55,A3_SQ_SOFT_RETEST_W15_B45_C60_RCM05_V2,SHORT,2025-01-16 05:40:00,2025-01-16 06:15:00,Morning 06:00-11:59,RISING,2693.655,2695.67399,2690.62652,201.9,1.5,50.0,50.0,75.0,0.0,10.0,0.0,0.297179,0.421003,0.421003,1.202821,1.078997,False,UP,WIN
1033669|XAUUSD|breakout_retest|LONG|2025-01-16 07:55:00|2025-01-16 08:00:00|2025-01-16 08:05:00|2697.45,A3_SQ_SOFT_RETEST_W15_B45_C60_RCM05_V2,LONG,2025-01-16 08:10:00,2025-01-16 08:20:00,Afternoon 12:00-15:59,RISING,2698.665,2696.71539,2701.58941,194.96,1.5,50.0,50.0,75.0,0.0,10.0,0.0,0.307754,0.435985,0.435985,1.192246,1.064015,False,UP,WIN
1033669|XAUUSD|breakout_retest|LONG|2025-01-16 08:45:00|2025-01-16 08:50:00|2025-01-16 08:55:00|2697.45,A3_SQ_SOFT_RETEST_W15_B45_C60_RCM05_V2,LONG,2025-01-16 09:00:00,2025-01-16 09:20:00,Afternoon 12:00-15:59,RISING,2699.269,2697.10054,2702.52169,216.85,1.5,50.0,50.0,75.0,0.0,10.0,0.0,0.276694,0.391984,0.391984,1.223306,1.108016,False,UP,WIN
1033669|XAUUSD|breakout_retest|LONG|2025-01-16 11:20:00|2025-01-16 11:25:00|2025-01-16 11:30:00|2708.30,A3_SQ_SOFT_RETEST_W15_B45_C60_RCM05_V2,LONG,2025-01-16 11:35:00,2025-01-16 11:45:00,Afternoon 12:00-15:59,RISING,2709.365,2708.12044,2711.23185,124.46,-1.0,50.0,50.0,75.0,0.0,10.0,50.0,0.883843,1.084717,1.084717,-1.883843,-2.084717,False,UP,NEAR_TP_GIVEBACK
1033669|XAUUSD|breakout_retest|SHORT|2025-01-16 12:50:00|2025-01-16 12:55:00|2025-01-16 13:00:00|2704.82,A3_SQ_SOFT_RETEST_W15_B45_C60_RCM05_V2,SHORT,2025-01-16 13:05:00,2025-01-16 13:15:00,Evening 16:00-19:59,RISING,2703.435,2705.61517,2700.16474,218.02,-1.0,50.0,50.0,75.0,0.0,10.0,50.0,0.504547,0.619217,0.619217,-1.504547,-1.619217,False,UP,BAD_EXIT_GIVEBACK
1033669|XAUUSD|breakout_retest|LONG|2025-01-16 13:30:00|2025-01-16 13:40:00|2025-01-16 13:45:00|2711.05,A3_SQ_SOFT_RETEST_W15_B45_C60_RCM05_V2,LONG,2025-01-16 13:50:00,2025-01-16 17:40:00,Evening 16:00-19:59,RISING,2714.989,2709.12764,2723.78104,586.14,1.5,50.0,50.0,75.0,0.0,10.0,0.0,0.102365,0.145018,0.145018,1.397635,1.354982,True,UP,WIN
1033669|XAUUSD|breakout_retest|SHORT|2025-01-16 21:05:00|2025-01-16 21:10:00|2025-01-16 21:15:00|2714.30,A3_SQ_SOFT_RETEST_W15_B45_C60_RCM05_V2,SHORT,2025-01-16 21:20:00,2025-01-16 23:10:00,Night 20:00-05:59,RISING,2713.335,2714.54921,2711.51368,121.42,-1.0,50.0,50.0,50.0,0.0,10.0,50.0,0.905936,0.905936,0.905936,-1.905936,-1.905936,False,UP,BAD_EXIT_GIVEBACK
1033669|XAUUSD|breakout_retest|SHORT|2025-01-17 06:15:00|2025-01-17 07:05:00|2025-01-17 07:10:00|2714.49,A3_SQ_SOFT_RETEST_W15_B45_C60_RCM05_V2,SHORT,2025-01-17 07:15:00,2025-01-17 07:45:00,Morning 06:00-11:59,RISING,2712.775,2714.69937,2709.88844,192.44,1.5,50.0,50.0,75.0,0.0,10.0,0.0,0.31179,0.441703,0.441703,1.18821,1.058297,False,DOWN,WIN
1033669|XAUUSD|breakout_retest|LONG|2025-01-17 12:40:00|2025-01-17 13:35:00|2025-01-17 13:40:00|2706.97,A3_SQ_SOFT_RETEST_W15_B45_C60_RCM05_V2,LONG,2025-01-17 13:45:00,2025-01-17 14:00:00,Evening 16:00-19:59,FALLING,2707.555,2704.64019,2711.92721,291.48,-1.0,50.0,50.0,75.0,0.0,10.0,50.0,0.377383,0.463152,0.463152,-1.377383,-1.463152,False,DOWN,BAD_SIGNAL
1033669|XAUUSD|breakout_retest|SHORT|2025-01-17 14:00:00|2025-01-17 14:15:00|2025-01-17 14:20:00|2706.75,A3_SQ_SOFT_RETEST_W15_B45_C60_RCM05_V2,SHORT,2025-01-17 14:25:00,2025-01-17 14:40:00,Evening 16:00-19:59,FALLING,2705.685,2707.91424,2702.34114,222.92,-1.0,50.0,50.0,75.0,0.0,10.0,50.0,0.493441,0.605587,0.605587,-1.493441,-1.605587,False,DOWN,NEAR_TP_GIVEBACK
1033669|XAUUSD|breakout_retest|LONG|2025-01-17 15:00:00|2025-01-17 15:40:00|2025-01-17 15:45:00|2711.99,A3_SQ_SOFT_RETEST_W15_B45_C60_RCM05_V2,LONG,2025-01-17 15:50:00,2025-01-17 16:15:00,Evening 16:00-19:59,FALLING,2713.435,2711.64788,2716.11568,178.71,1.5,50.0,50.0,75.0,0.0,10.0,0.0,0.335735,0.475625,0.475625,1.164265,1.024375,False,DOWN,WIN
1033669|XAUUSD|breakout_retest|LONG|2025-01-21 01:25:00|2025-01-21 01:35:00|2025-01-21 01:40:00|2711.26,A3_SQ_SOFT_RETEST_W15_B45_C60_RCM05_V2,LONG,2025-01-21 01:45:00,2025-01-21 01:50:00,Night 20:00-05:59,FALLING,2712.935,2710.73664,2716.23254,219.84,1.5,50.0,50.0,75.0,0.0,10.0,0.0,0.272931,0.386652,0.386652,1.227069,1.113348,False,UP,WIN
1033669|XAUUSD|breakout_retest|LONG|2025-01-21 03:20:00|2025-01-21 04:15:00|2025-01-21 04:20:00|2724.57,A3_SQ_SOFT_RETEST_W15_B45_C60_RCM05_V2,LONG,2025-01-21 04:25:00,2025-01-21 04:45:00,Morning 06:00-11:59,RISING,2726.755,2723.7949,2731.19515,296.01,-1.0,50.0,50.0,75.0,0.0,10.0,50.0,0.371609,0.456066,0.456066,-1.371609,-1.456066,False,UP,BAD_SIGNAL
1033669|XAUUSD|breakout_retest|LONG|2025-01-21 04:35:00|2025-01-21 04:40:00|2025-01-21 04:45:00|2724.57,A3_SQ_SOFT_RETEST_W15_B45_C60_RCM05_V2,LONG,2025-01-21 04:50:00,2025-01-21 07:10:00,Morning 06:00-11:59,RISING,2726.205,2722.81009,2731.29736,339.49,-1.0,50.0,50.0,75.0,0.0,10.0,50.0,0.324015,0.397654,0.397654,-1.324015,-1.397654,False,UP,BAD_EXIT_GIVEBACK
1033669|XAUUSD|breakout_retest|LONG|2025-01-21 07:10:00|2025-01-21 07:15:00|2025-01-21 07:20:00|2724.57,A3_SQ_SOFT_RETEST_W15_B45_C60_RCM05_V2,LONG,2025-01-21 07:25:00,2025-01-21 07:40:00,Morning 06:00-11:59,RISING,2726.085,2723.80907,2729.49889,227.59,1.5,50.0,50.0,75.0,0.0,10.0,0.0,0.263629,0.373474,0.373474,1.236371,1.126526,False,UP,WIN
1033669|XAUUSD|breakout_retest|SHORT|2025-01-21 09:05:00|2025-01-21 09:30:00|2025-01-21 09:35:00|2722.47,A3_SQ_SOFT_RETEST_W15_B45_C60_RCM05_V2,SHORT,2025-01-21 09:40:00,2025-01-21 09:45:00,Afternoon 12:00-15:59,RISING,2721.685,2723.50855,2718.94967,182.36,-1.0,50.0,50.0,75.0,0.0,10.0,50.0,0.603219,0.740314,0.740314,-1.603219,-1.740314,False,UP,BAD_SIGNAL
1033669|XAUUSD|breakout_retest|LONG|2025-01-21 14:20:00|2025-01-21 14:35:00|2025-01-21 14:40:00|2729.86,A3_SQ_SOFT_RETEST_W15_B45_C60_RCM05_V2,LONG,2025-01-21 14:45:00,2025-01-21 15:00:00,Evening 16:00-19:59,RISING,2732.688,2729.14663,2738.00006,354.14,1.5,50.0,50.0,75.0,0.0,10.0,0.0,0.169426,0.24002,0.24002,1.330574,1.25998,False,UP,WIN
1033669|XAUUSD|breakout_retest|LONG|2025-01-22 04:30:00|2025-01-22 04:40:00|2025-01-22 04:45:00|2750.86,A3_SQ_SOFT_RETEST_W15_B45_C60_RCM05_V2,LONG,2025-01-22 04:50:00,2025-01-22 05:10:00,Morning 06:00-11:59,RISING,2752.305,2750.6559,2754.77865,164.91,-1.0,50.0,50.0,75.0,0.0,10.0,50.0,0.667031,0.818628,0.818628,-1.667031,-1.818628,False,UP,BAD_SIGNAL
1033669|XAUUSD|breakout_retest|LONG|2025-01-22 04:45:00|2025-01-22 05:10:00|2025-01-22 05:15:00|2750.86,A3_SQ_SOFT_RETEST_W15_B45_C60_RCM05_V2,LONG,2025-01-22 05:20:00,2025-01-22 05:30:00,Morning 06:00-11:59,RISING,2751.598,2750.09402,2753.85397,150.4,1.5,50.0,50.0,75.0,0.0,10.0,0.0,0.398942,0.565168,0.565168,1.101058,0.934832,False,UP,WIN
1033669|XAUUSD|breakout_retest|LONG|2025-01-22 05:25:00|2025-01-22 05:30:00|2025-01-22 05:35:00|2752.78,A3_SQ_SOFT_RETEST_W15_B45_C60_RCM05_V2,LONG,2025-01-22 05:40:00,2025-01-22 05:50:00,Morning 06:00-11:59,RISING,2753.945,2752.63988,2755.90268,130.51,1.5,50.0,50.0,75.0,0.0,10.0,0.0,0.459727,0.65128,0.65128,1.040273,0.84872,False,UP,WIN
1033669|XAUUSD|breakout_retest|LONG|2025-01-22 06:40:00|2025-01-22 06:45:00|2025-01-22 06:50:00|2745.85,A3_SQ_SOFT_RETEST_W15_B45_C60_RCM05_V2,LONG,2025-01-22 06:55:00,2025-01-22 07:35:00,Morning 06:00-11:59,RISING,2747.965,2745.57579,2751.54882,238.92,1.5,50.0,50.0,75.0,0.0,10.0,0.0,0.251129,0.355765,0.355765,1.248871,1.144235,False,UP,WIN
1033669|XAUUSD|breakout_retest|SHORT|2025-01-22 12:25:00|2025-01-22 13:20:00|2025-01-22 13:25:00|2756.13,A3_SQ_SOFT_RETEST_W15_B45_C60_RCM05_V2,SHORT,2025-01-22 13:30:00,2025-01-22 15:55:00,Evening 16:00-19:59,RISING,2755.325,2760.03581,2748.25879,471.08,-1.0,50.0,50.0,75.0,0.0,10.0,50.0,0.233506,0.286575,0.286575,-1.233506,-1.286575,False,UP,BAD_EXIT_GIVEBACK
1033669|XAUUSD|breakout_retest|LONG|2025-01-22 20:55:00|2025-01-22 21:00:00|2025-01-22 21:05:00|2756.20,A3_SQ_SOFT_RETEST_W15_B45_C60_RCM05_V2,LONG,2025-01-22 21:10:00,2025-01-22 21:20:00,Night 20:00-05:59,RISING,2756.865,2755.69764,2758.61604,116.74,-1.0,50.0,50.0,50.0,0.0,10.0,50.0,0.942299,0.942299,0.942299,-1.942299,-1.942299,False,UP,BAD_SIGNAL
1033669|XAUUSD|breakout_retest|LONG|2025-01-23 06:10:00|2025-01-23 06:15:00|2025-01-23 06:20:00|2753.18,A3_SQ_SOFT_RETEST_W15_B45_C60_RCM05_V2,LONG,2025-01-23 06:25:00,2025-01-23 07:05:00,Morning 06:00-11:59,FALLING,2754.145,2752.82631,2756.12304,131.87,-1.0,50.0,50.0,75.0,0.0,10.0,50.0,0.834159,1.023741,1.023741,-1.834159,-2.023741,False,DOWN,BAD_EXIT_GIVEBACK
1033669|XAUUSD|breakout_retest|SHORT|2025-01-23 13:25:00|2025-01-23 13:30:00|2025-01-23 13:35:00|2742.45,A3_SQ_SOFT_RETEST_W15_B45_C60_RCM05_V2,SHORT,2025-01-23 13:40:00,2025-01-23 14:05:00,Evening 16:00-19:59,FALLING,2739.305,2742.82379,2734.02681,351.88,-1.0,50.0,50.0,75.0,0.0,10.0,50.0,0.312607,0.383654,0.383654,-1.312607,-1.383654,False,DOWN,BAD_EXIT_GIVEBACK
1033669|XAUUSD|breakout_retest|LONG|2025-01-23 16:20:00|2025-01-23 16:25:00|2025-01-23 16:30:00|2749.36,A3_SQ_SOFT_RETEST_W15_B45_C60_RCM05_V2,LONG,2025-01-23 16:35:00,2025-01-23 16:50:00,Night 20:00-05:59,FALLING,2751.515,2748.73231,2755.68904,278.27,1.5,50.0,50.0,75.0,0.0,10.0,0.0,0.215618,0.30546,0.30546,1.284382,1.19454,False,DOWN,WIN
1033669|XAUUSD|breakout_retest|LONG|2025-01-24 05:35:00|2025-01-24 06:00:00|2025-01-24 06:05:00|2774.82,A3_SQ_SOFT_RETEST_W15_B45_C60_RCM05_V2,LONG,2025-01-24 06:10:00,2025-01-24 06:50:00,Morning 06:00-11:59,RISING,2775.975,2773.77938,2779.26843,219.56,-1.0,50.0,50.0,75.0,0.0,10.0,50.0,0.500997,0.61486,0.61486,-1.500997,-1.61486,False,UP,BAD_EXIT_GIVEBACK
1033669|XAUUSD|breakout_retest|LONG|2025-01-24 11:00:00|2025-01-24 11:10:00|2025-01-24 11:15:00|2774.39,A3_SQ_SOFT_RETEST_W15_B45_C60_RCM05_V2,LONG,2025-01-24 11:20:00,2025-01-24 11:25:00,Afternoon 12:00-15:59,RISING,2774.915,2773.80634,2776.578,110.87,1.5,50.0,50.0,75.0,0.0,10.0,0.0,0.541192,0.766688,0.766688,0.958808,0.733312,False,UP,WIN
1033669|XAUUSD|breakout_retest|LONG|2025-01-24 13:00:00|2025-01-24 13:05:00|2025-01-24 13:10:00|2778.93,A3_SQ_SOFT_RETEST_W15_B45_C60_RCM05_V2,LONG,2025-01-24 13:15:00,2025-01-24 14:15:00,Evening 16:00-19:59,RISING,2781.265,2778.80231,2784.95903,246.27,-1.0,50.0,50.0,75.0,0.0,10.0,50.0,0.446667,0.548182,0.548182,-1.446667,-1.548182,False,UP,NEAR_TP_GIVEBACK
1033669|XAUUSD|breakout_retest|SHORT|2025-01-24 14:10:00|2025-01-24 14:15:00|2025-01-24 14:20:00|2780.09,A3_SQ_SOFT_RETEST_W15_B45_C60_RCM05_V2,SHORT,2025-01-24 14:25:00,2025-01-24 14:50:00,Evening 16:00-19:59,RISING,2776.575,2780.80169,2770.23496,422.67,-1.0,50.0,50.0,75.0,0.0,10.0,50.0,0.260251,0.319399,0.319399,-1.260251,-1.319399,False,UP,MIXED
1033669|XAUUSD|breakout_retest|SHORT|2025-01-24 14:40:00|2025-01-24 14:45:00|2025-01-24 14:50:00|2780.09,A3_SQ_SOFT_RETEST_W15_B45_C60_RCM05_V2,SHORT,2025-01-24 14:55:00,2025-01-24 15:15:00,Evening 16:00-19:59,RISING,2776.815,2782.22443,2768.70086,540.94,-1.0,50.0,50.0,75.0,0.0,10.0,50.0,0.203349,0.249564,0.249564,-1.203349,-1.249564,False,UP,BAD_SIGNAL
1033669|XAUUSD|breakout_retest|LONG|2025-01-24 15:10:00|2025-01-24 15:15:00|2025-01-24 15:20:00|2781.91,A3_SQ_SOFT_RETEST_W15_B45_C60_RCM05_V2,LONG,2025-01-24 15:25:00,2025-01-24 15:50:00,Evening 16:00-19:59,RISING,2784.045,2781.12362,2788.42707,292.14,-1.0,50.0,50.0,75.0,0.0,10.0,50.0,0.376535,0.462111,0.462111,-1.376535,-1.462111,False,UP,MIXED
1033669|XAUUSD|breakout_retest|SHORT|2025-01-24 16:10:00|2025-01-24 16:40:00|2025-01-24 16:45:00|2775.88,A3_SQ_SOFT_RETEST_W15_B45_C60_RCM05_V2,SHORT,2025-01-24 16:50:00,2025-01-24 16:55:00,Night 20:00-05:59,RISING,2775.145,2777.64124,2771.40065,249.62,1.5,50.0,50.0,75.0,0.0,10.0,0.0,0.240362,0.340513,0.340513,1.259638,1.159487,False,UP,WIN
1033669|XAUUSD|breakout_retest|SHORT|2025-01-24 17:00:00|2025-01-24 17:05:00|2025-01-24 17:10:00|2773.57,A3_SQ_SOFT_RETEST_W15_B45_C60_RCM05_V2,SHORT,2025-01-24 17:15:00,2025-01-24 17:25:00,Night 20:00-05:59,RISING,2771.515,2774.25916,2767.39875,274.42,-1.0,50.0,50.0,75.0,0.0,10.0,50.0,0.400851,0.491953,0.491953,-1.400851,-1.491953,False,UP,BAD_SIGNAL
1033669|XAUUSD|breakout_retest|SHORT|2025-01-27 09:55:00|2025-01-27 10:10:00|2025-01-27 10:15:00|2764.45,A3_SQ_SOFT_RETEST_W15_B45_C60_RCM05_V2,SHORT,2025-01-27 10:20:00,2025-01-27 10:25:00,Afternoon 12:00-15:59,FALLING,2763.495,2765.27507,2760.82489,178.01,-1.0,50.0,50.0,75.0,0.0,10.0,50.0,0.617953,0.758397,0.758397,-1.617953,-1.758397,False,DOWN,BAD_SIGNAL
1033669|XAUUSD|breakout_retest|SHORT|2025-01-27 15:00:00|2025-01-27 15:05:00|2025-01-27 15:10:00|2744.91,A3_SQ_SOFT_RETEST_W15_B45_C60_RCM05_V2,SHORT,2025-01-27 15:15:00,2025-01-27 15:25:00,Evening 16:00-19:59,FALLING,2740.885,2745.50434,2733.956,461.93,-1.0,50.0,50.0,75.0,0.0,10.0,50.0,0.238129,0.29225,0.29225,-1.238129,-1.29225,False,DOWN,BAD_SIGNAL
1033669|XAUUSD|breakout_retest|SHORT|2025-01-27 15:00:00|2025-01-27 15:25:00|2025-01-27 15:30:00|2744.91,A3_SQ_SOFT_RETEST_W15_B45_C60_RCM05_V2,SHORT,2025-01-27 15:35:00,2025-01-27 16:50:00,Evening 16:00-19:59,FALLING,2742.765,2746.10838,2737.74993,334.34,1.5,50.0,50.0,75.0,0.0,10.0,0.0,0.179459,0.254234,0.254234,1.320541,1.245766,False,DOWN,WIN
1033669|XAUUSD|breakout_retest|SHORT|2025-01-27 16:20:00|2025-01-27 16:45:00|2025-01-27 16:50:00|2739.28,A3_SQ_SOFT_RETEST_W15_B45_C60_RCM05_V2,SHORT,2025-01-27 16:55:00,2025-01-27 19:20:00,Night 20:00-05:59,FALLING,2735.805,2739.92555,2729.62417,412.06,-1.0,50.0,50.0,75.0,0.0,10.0,50.0,0.266955,0.327626,0.327626,-1.266955,-1.327626,False,DOWN,NEAR_TP_GIVEBACK
1033669|XAUUSD|breakout_retest|LONG|2025-01-27 19:10:00|2025-01-27 19:50:00|2025-01-27 19:55:00|2737.72,A3_SQ_SOFT_RETEST_W15_B45_C60_RCM05_V2,LONG,2025-01-27 20:00:00,2025-01-27 20:40:00,Night 20:00-05:59,FALLING,2738.855,2737.54105,2740.82592,131.39,1.5,50.0,50.0,75.0,0.0,10.0,0.0,0.456638,0.646904,0.646904,1.043362,0.853096,False,DOWN,WIN
1033669|XAUUSD|breakout_retest|SHORT|2025-01-27 22:55:00|2025-01-27 23:10:00|2025-01-27 23:15:00|2740.49,A3_SQ_SOFT_RETEST_W15_B45_C60_RCM05_V2,SHORT,2025-01-27 23:20:00,2025-01-27 23:30:00,Night 20:00-05:59,FALLING,2739.838,2741.18439,2737.81841,134.64,-1.0,50.0,50.0,75.0,0.0,10.0,50.0,0.816998,1.002679,1.002679,-1.816998,-2.002679,False,DOWN,BAD_SIGNAL
1033669|XAUUSD|breakout_retest|LONG|2025-01-28 09:05:00|2025-01-28 09:20:00|2025-01-28 09:25:00|2742.84,A3_SQ_SOFT_RETEST_W15_B45_C60_RCM05_V2,LONG,2025-01-28 09:30:00,2025-01-28 10:55:00,Afternoon 12:00-15:59,FALLING,2743.095,2741.52879,2745.44431,156.62,-1.0,50.0,50.0,75.0,0.0,10.0,50.0,0.702334,0.861955,0.861955,-1.702334,-1.861955,False,UP,BAD_EXIT_GIVEBACK
1033669|XAUUSD|breakout_retest|LONG|2025-01-28 18:20:00|2025-01-28 18:25:00|2025-01-28 18:30:00|2759.31,A3_SQ_SOFT_RETEST_W15_B45_C60_RCM05_V2,LONG,2025-01-28 18:35:00,2025-01-28 18:50:00,Night 20:00-05:59,RISING,2760.635,2759.09524,2762.94464,153.98,1.5,50.0,50.0,75.0,0.0,10.0,0.0,0.389672,0.552035,0.552035,1.110328,0.947965,False,UP,WIN
1033669|XAUUSD|breakout_retest|LONG|2025-02-03 04:05:00|2025-02-03 04:30:00|2025-02-03 04:35:00|2778.32,A3_SQ_SOFT_RETEST_W15_B45_C60_RCM05_V2,LONG,2025-02-03 04:40:00,2025-02-03 05:30:00,Morning 06:00-11:59,FALLING,2779.315,2776.56753,2783.43621,274.75,1.5,50.0,50.0,75.0,0.0,10.0,0.0,0.218383,0.309375,0.309375,1.281617,1.190625,False,UP,WIN
1033669|XAUUSD|breakout_retest|SHORT|2025-02-03 08:20:00|2025-02-03 08:45:00|2025-02-03 08:50:00|2798.09,A3_SQ_SOFT_RETEST_W15_B45_C60_RCM05_V2,SHORT,2025-02-03 08:55:00,2025-02-03 09:20:00,Afternoon 12:00-15:59,FALLING,2797.655,2799.33341,2795.13738,167.84,1.5,50.0,50.0,75.0,0.0,10.0,0.0,0.35748,0.50643,0.50643,1.14252,0.99357,False,UP,WIN
1033669|XAUUSD|breakout_retest|LONG|2025-02-03 11:05:00|2025-02-03 12:00:00|2025-02-03 12:05:00|2800.68,A3_SQ_SOFT_RETEST_W15_B45_C60_RCM05_V2,LONG,2025-02-03 12:10:00,2025-02-03 12:30:00,Evening 16:00-19:59,RISING,2801.358,2800.03216,2803.34675,132.58,1.5,50.0,50.0,75.0,0.0,10.0,0.0,0.452545,0.641105,0.641105,1.047455,0.858895,False,UP,WIN
1033669|XAUUSD|breakout_retest|SHORT|2025-02-03 20:25:00|2025-02-03 20:40:00|2025-02-03 20:45:00|2817.30,A3_SQ_SOFT_RETEST_W15_B45_C60_RCM05_V2,SHORT,2025-02-03 20:50:00,2025-02-03 21:20:00,Night 20:00-05:59,RISING,2816.168,2817.529,2814.1265,136.1,1.5,50.0,50.0,75.0,0.0,10.0,0.0,0.440852,0.624541,0.624541,1.059148,0.875459,False,UP,WIN
1033669|XAUUSD|breakout_retest|SHORT|2025-02-04 06:35:00|2025-02-04 07:20:00|2025-02-04 07:25:00|2813.12,A3_SQ_SOFT_RETEST_W15_B45_C60_RCM05_V2,SHORT,2025-02-04 07:30:00,2025-02-04 07:55:00,Morning 06:00-11:59,RISING,2809.058,2813.57714,2802.27929,451.91,-1.0,50.0,50.0,75.0,0.0,10.0,50.0,0.243409,0.298729,0.298729,-1.243409,-1.298729,False,UP,BAD_SIGNAL
1033669|XAUUSD|breakout_retest|LONG|2025-02-04 08:15:00|2025-02-04 09:05:00|2025-02-04 09:10:00|2814.26,A3_SQ_SOFT_RETEST_W15_B45_C60_RCM05_V2,LONG,2025-02-04 09:15:00,2025-02-04 09:35:00,Afternoon 12:00-15:59,RISING,2815.615,2813.87505,2818.22493,174.0,1.5,50.0,50.0,75.0,0.0,10.0,0.0,0.344837,0.48852,0.48852,1.155163,1.01148,False,UP,WIN
1033669|XAUUSD|breakout_retest|LONG|2025-02-04 11:35:00|2025-02-04 12:10:00|2025-02-04 12:15:00|2815.75,A3_SQ_SOFT_RETEST_W15_B45_C60_RCM05_V2,LONG,2025-02-04 12:20:00,2025-02-04 12:35:00,Evening 16:00-19:59,RISING,2817.505,2815.62679,2820.32232,187.82,1.5,50.0,50.0,75.0,0.0,10.0,0.0,0.319452,0.452558,0.452558,1.180548,1.047442,False,UP,WIN
1033669|XAUUSD|breakout_retest|LONG|2025-02-04 13:55:00|2025-02-04 14:00:00|2025-02-04 14:05:00|2830.30,A3_SQ_SOFT_RETEST_W15_B45_C60_RCM05_V2,LONG,2025-02-04 14:10:00,2025-02-04 14:30:00,Evening 16:00-19:59,RISING,2832.005,2829.64204,2835.54944,236.3,1.5,50.0,50.0,75.0,0.0,10.0,0.0,0.253919,0.359719,0.359719,1.246081,1.140281,False,UP,WIN
1033669|XAUUSD|breakout_retest|LONG|2025-02-04 15:25:00|2025-02-04 16:10:00|2025-02-04 16:15:00|2837.05,A3_SQ_SOFT_RETEST_W15_B45_C60_RCM05_V2,LONG,2025-02-04 16:20:00,2025-02-04 17:35:00,Night 20:00-05:59,RISING,2839.235,2836.10153,2843.93521,313.35,1.5,50.0,50.0,75.0,0.0,10.0,0.0,0.191481,0.271265,0.271265,1.308519,1.228735,False,UP,WIN
1033669|XAUUSD|breakout_retest|LONG|2025-02-04 18:10:00|2025-02-04 18:55:00|2025-02-04 19:00:00|2842.30,A3_SQ_SOFT_RETEST_W15_B45_C60_RCM05_V2,LONG,2025-02-04 19:05:00,2025-02-04 19:25:00,Night 20:00-05:59,RISING,2843.768,2842.11483,2846.24776,165.32,-1.0,50.0,50.0,75.0,0.0,10.0,50.0,0.665388,0.816612,0.816612,-1.665388,-1.816612,False,UP,BAD_SIGNAL
1033669|XAUUSD|breakout_retest|LONG|2025-02-05 00:45:00|2025-02-05 02:00:00|2025-02-05 02:05:00|2845.34,A3_SQ_SOFT_RETEST_W15_B45_C60_RCM05_V2,LONG,2025-02-05 02:10:00,2025-02-05 03:35:00,Morning 06:00-11:59,RISING,2847.655,2843.48526,2853.90961,416.97,1.5,50.0,50.0,75.0,0.0,10.0,0.0,0.143894,0.20385,0.20385,1.356106,1.29615,False,UP,WIN
1033669|XAUUSD|breakout_retest|LONG|2025-02-05 04:10:00|2025-02-05 05:20:00|2025-02-05 05:25:00|2854.20,A3_SQ_SOFT_RETEST_W15_B45_C60_RCM05_V2,LONG,2025-02-05 05:30:00,2025-02-05 05:55:00,Morning 06:00-11:59,RISING,2856.195,2853.55974,2860.14789,263.53,1.5,50.0,50.0,75.0,0.0,10.0,0.0,0.227682,0.322549,0.322549,1.272318,1.177451,False,UP,WIN
1033669|XAUUSD|breakout_retest|LONG|2025-02-05 05:45:00|2025-02-05 06:15:00|2025-02-05 06:20:00|2857.97,A3_SQ_SOFT_RETEST_W15_B45_C60_RCM05_V2,LONG,2025-02-05 06:25:00,2025-02-05 07:05:00,Morning 06:00-11:59,RISING,2859.455,2857.60552,2862.22922,184.95,-1.0,50.0,50.0,75.0,0.0,10.0,50.0,0.594762,0.729935,0.729935,-1.594762,-1.729935,False,UP,BAD_EXIT_GIVEBACK
1033669|XAUUSD|breakout_retest|LONG|2025-02-05 09:40:00|2025-02-05 09:50:00|2025-02-05 09:55:00|2869.49,A3_SQ_SOFT_RETEST_W15_B45_C60_RCM05_V2,LONG,2025-02-05 10:00:00,2025-02-05 10:35:00,Afternoon 12:00-15:59,RISING,2870.605,2868.90598,2873.15353,169.9,1.5,50.0,50.0,75.0,0.0,10.0,0.0,0.353144,0.500288,0.500288,1.146856,0.999712,False,UP,WIN
1033669|XAUUSD|breakout_retest|SHORT|2025-02-05 13:20:00|2025-02-05 13:25:00|2025-02-05 13:30:00|2866.84,A3_SQ_SOFT_RETEST_W15_B45_C60_RCM05_V2,SHORT,2025-02-05 13:35:00,2025-02-05 13:45:00,Evening 16:00-19:59,RISING,2865.265,2868.17247,2860.90379,290.75,1.5,50.0,50.0,75.0,0.0,10.0,0.0,0.206365,0.29235,0.29235,1.293635,1.20765,False,UP,WIN
1033669|XAUUSD|breakout_retest|LONG|2025-02-05 15:45:00|2025-02-05 16:50:00|2025-02-05 16:55:00|2870.72,A3_SQ_SOFT_RETEST_W15_B45_C60_RCM05_V2,LONG,2025-02-05 17:00:00,2025-02-05 17:10:00,Night 20:00-05:59,RISING,2872.425,2869.87311,2876.25284,255.19,1.5,50.0,50.0,75.0,0.0,10.0,0.0,0.23512,0.333086,0.333086,1.26488,1.166914,False,UP,WIN
1033669|XAUUSD|breakout_retest|SHORT|2025-02-05 18:45:00|2025-02-05 18:55:00|2025-02-05 19:00:00|2865.85,A3_SQ_SOFT_RETEST_W15_B45_C60_RCM05_V2,SHORT,2025-02-05 19:05:00,2025-02-05 19:10:00,Night 20:00-05:59,RISING,2864.975,2866.40834,2862.825,143.33,1.5,50.0,50.0,75.0,0.0,10.0,0.0,0.418604,0.593022,0.593022,1.081396,0.906978,False,UP,WIN
1033669|XAUUSD|breakout_retest|SHORT|2025-02-05 19:00:00|2025-02-05 19:50:00|2025-02-05 19:55:00|2865.85,A3_SQ_SOFT_RETEST_W15_B45_C60_RCM05_V2,SHORT,2025-02-05 20:00:00,2025-02-05 20:50:00,Night 20:00-05:59,RISING,2864.665,2866.87429,2861.35107,220.93,1.5,50.0,50.0,75.0,0.0,10.0,0.0,0.271581,0.38474,0.38474,1.228419,1.11526,False,UP,WIN
1033669|XAUUSD|breakout_retest|SHORT|2025-02-06 01:10:00|2025-02-06 01:20:00|2025-02-06 01:25:00|2867.05,A3_SQ_SOFT_RETEST_W15_B45_C60_RCM05_V2,SHORT,2025-02-06 01:30:00,2025-02-06 01:35:00,Night 20:00-05:59,RISING,2866.505,2867.79645,2864.56782,129.15,-1.0,50.0,50.0,75.0,0.0,10.0,50.0,0.851756,1.045337,1.045337,-1.851756,-2.045337,False,DOWN,BAD_EXIT_GIVEBACK
1033669|XAUUSD|breakout_retest|SHORT|2025-02-06 08:30:00|2025-02-06 08:35:00|2025-02-06 08:40:00|2858.16,A3_SQ_SOFT_RETEST_W15_B45_C60_RCM05_V2,SHORT,2025-02-06 08:45:00,2025-02-06 09:05:00,Afternoon 12:00-15:59,FALLING,2852.325,2858.581,2842.941,625.6,-1.0,50.0,50.0,75.0,0.0,10.0,50.0,0.175831,0.215793,0.215793,-1.175831,-1.215793,False,DOWN,BAD_SIGNAL
1033669|XAUUSD|breakout_retest|SHORT|2025-02-06 14:15:00|2025-02-06 14:25:00|2025-02-06 14:30:00|2859.14,A3_SQ_SOFT_RETEST_W15_B45_C60_RCM05_V2,SHORT,2025-02-06 14:35:00,2025-02-06 14:50:00,Evening 16:00-19:59,FALLING,2857.198,2859.94869,2853.07196,275.07,1.5,50.0,50.0,75.0,0.0,10.0,0.0,0.218127,0.309013,0.309013,1.281873,1.190987,False,DOWN,WIN
1033669|XAUUSD|breakout_retest|LONG|2025-02-06 23:45:00|2025-02-06 23:50:00|2025-02-06 23:55:00|2857.05,A3_SQ_SOFT_RETEST_W15_B45_C60_RCM05_V2,LONG,2025-02-07 00:00:00,2025-02-08 00:05:00,Night 20:00-05:59,FALLING,2858.085,2856.98649,2859.73276,109.85,1.5,50.0,50.0,75.0,0.0,10.0,0.0,0.546196,0.773777,0.773777,0.953804,0.726223,False,UNKNOWN,WIN
1033669|XAUUSD|breakout_retest|SHORT|2025-02-11 02:40:00|2025-02-11 02:55:00|2025-02-11 03:00:00|2919.21,A3_SQ_SOFT_RETEST_W15_B45_C60_RCM05_V2,SHORT,2025-02-11 03:05:00,2025-02-11 03:40:00,Morning 06:00-11:59,RISING,2917.435,2923.34246,2908.57381,590.75,-1.0,50.0,50.0,75.0,0.0,10.0,50.0,0.186205,0.228525,0.228525,-1.186205,-1.228525,False,DOWN,BAD_EXIT_GIVEBACK
1033669|XAUUSD|breakout_retest|SHORT|2025-02-11 07:30:00|2025-02-11 08:45:00|2025-02-11 08:50:00|2912.36,A3_SQ_SOFT_RETEST_W15_B45_C60_RCM05_V2,SHORT,2025-02-11 08:55:00,2025-02-11 09:05:00,Afternoon 12:00-15:59,RISING,2910.325,2912.80688,2906.60218,248.19,1.5,50.0,50.0,75.0,0.0,10.0,0.0,0.241752,0.342483,0.342483,1.258248,1.157517,False,DOWN,WIN
1033669|XAUUSD|breakout_retest|SHORT|2025-02-11 08:55:00|2025-02-11 09:30:00|2025-02-11 09:35:00|2908.95,A3_SQ_SOFT_RETEST_W15_B45_C60_RCM05_V2,SHORT,2025-02-11 09:40:00,2025-02-11 10:05:00,Afternoon 12:00-15:59,RISING,2907.205,2910.16886,2902.75921,296.39,1.5,50.0,50.0,75.0,0.0,10.0,0.0,0.202439,0.286788,0.286788,1.297561,1.213212,False,DOWN,WIN
1033669|XAUUSD|breakout_retest|LONG|2025-02-11 13:10:00|2025-02-11 13:15:00|2025-02-11 13:20:00|2882.22,A3_SQ_SOFT_RETEST_W15_B45_C60_RCM05_V2,LONG,2025-02-11 13:25:00,2025-02-11 13:40:00,Evening 16:00-19:59,RISING,2886.195,2881.23671,2893.63244,495.83,1.5,50.0,50.0,75.0,0.0,10.0,0.0,0.121009,0.17143,0.17143,1.378991,1.32857,False,DOWN,WIN
1033669|XAUUSD|breakout_retest|SHORT|2025-02-11 19:35:00|2025-02-11 19:40:00|2025-02-11 19:45:00|2903.07,A3_SQ_SOFT_RETEST_W15_B45_C60_RCM05_V2,SHORT,2025-02-11 19:50:00,2025-02-11 20:10:00,Night 20:00-05:59,RISING,2901.375,2903.26781,2898.53579,189.28,1.5,50.0,50.0,75.0,0.0,10.0,0.0,0.31699,0.449068,0.449068,1.18301,1.050932,False,DOWN,WIN
1033669|XAUUSD|breakout_retest|SHORT|2025-02-12 00:55:00|2025-02-12 01:05:00|2025-02-12 01:10:00|2895.85,A3_SQ_SOFT_RETEST_W15_B45_C60_RCM05_V2,SHORT,2025-02-12 01:15:00,2025-02-12 01:20:00,Night 20:00-05:59,FALLING,2894.935,2897.79957,2890.63814,286.46,1.5,50.0,50.0,75.0,0.0,10.0,0.0,0.209455,0.296729,0.296729,1.290545,1.203271,False,UP,WIN
1033669|XAUUSD|breakout_retest|SHORT|2025-02-12 09:55:00|2025-02-12 10:00:00|2025-02-12 10:05:00|2887.86,A3_SQ_SOFT_RETEST_W15_B45_C60_RCM05_V2,SHORT,2025-02-12 10:10:00,2025-02-12 10:25:00,Afternoon 12:00-15:59,FALLING,2886.125,2888.62484,2882.37525,249.98,-1.0,50.0,50.0,75.0,0.0,10.0,50.0,0.440029,0.540035,0.540035,-1.440029,-1.540035,False,UP,BAD_SIGNAL
1033669|XAUUSD|breakout_retest|LONG|2025-02-12 10:35:00|2025-02-12 10:45:00|2025-02-12 10:50:00|2882.22,A3_SQ_SOFT_RETEST_W15_B45_C60_RCM05_V2,LONG,2025-02-12 10:55:00,2025-02-12 11:10:00,Afternoon 12:00-15:59,FALLING,2884.145,2880.60541,2889.45439,353.96,-1.0,50.0,50.0,75.0,0.0,10.0,50.0,0.31077,0.3814,0.3814,-1.31077,-1.3814,False,UP,BAD_SIGNAL
1033669|XAUUSD|breakout_retest|SHORT|2025-02-12 11:25:00|2025-02-12 11:50:00|2025-02-12 11:55:00|2881.64,A3_SQ_SOFT_RETEST_W15_B45_C60_RCM05_V2,SHORT,2025-02-12 12:00:00,2025-02-12 12:25:00,Evening 16:00-19:59,FALLING,2881.119,2883.01366,2878.277,189.47,-1.0,50.0,50.0,75.0,0.0,10.0,50.0,0.580578,0.712527,0.712527,-1.580578,-1.712527,False,UP,NEAR_TP_GIVEBACK
1033669|XAUUSD|breakout_retest|LONG|2025-02-12 12:35:00|2025-02-12 12:45:00|2025-02-12 12:50:00|2882.22,A3_SQ_SOFT_RETEST_W15_B45_C60_RCM05_V2,LONG,2025-02-12 12:55:00,2025-02-12 13:15:00,Evening 16:00-19:59,FALLING,2883.805,2881.28732,2887.58152,251.77,-1.0,50.0,50.0,75.0,0.0,10.0,50.0,0.43691,0.536208,0.536208,-1.43691,-1.536208,False,UP,BAD_EXIT_GIVEBACK
1033669|XAUUSD|breakout_retest|SHORT|2025-02-12 11:55:00|2025-02-12 13:10:00|2025-02-12 13:15:00|2881.64,A3_SQ_SOFT_RETEST_W15_B45_C60_RCM05_V2,SHORT,2025-02-12 13:20:00,2025-02-12 13:35:00,Evening 16:00-19:59,FALLING,2876.395,2882.86671,2866.68743,647.17,1.5,50.0,50.0,75.0,0.0,10.0,0.0,0.092711,0.131341,0.131341,1.407289,1.368659,True,UP,WIN
1033669|XAUUSD|breakout_retest|LONG|2025-02-12 14:00:00|2025-02-12 14:05:00|2025-02-12 14:10:00|2882.22,A3_SQ_SOFT_RETEST_W15_B45_C60_RCM05_V2,LONG,2025-02-12 14:15:00,2025-02-12 14:30:00,Evening 16:00-19:59,FALLING,2887.198,2881.41784,2895.86825,578.02,1.5,50.0,50.0,75.0,0.0,10.0,0.0,0.103803,0.147055,0.147055,1.396197,1.352945,True,UP,WIN
1033669|XAUUSD|breakout_retest|LONG|2025-02-14 03:05:00|2025-02-14 03:10:00|2025-02-14 03:15:00|2928.47,A3_SQ_SOFT_RETEST_W15_B45_C60_RCM05_V2,LONG,2025-02-14 03:20:00,2025-02-14 03:30:00,Morning 06:00-11:59,RISING,2929.555,2928.276,2931.4735,127.9,-1.0,50.0,50.0,75.0,0.0,10.0,50.0,0.860047,1.055512,1.055512,-1.860047,-2.055512,False,DOWN,MIXED
1033669|XAUUSD|breakout_retest|SHORT|2025-02-14 13:10:00|2025-02-14 13:20:00|2025-02-14 13:25:00|2929.03,A3_SQ_SOFT_RETEST_W15_B45_C60_RCM05_V2,SHORT,2025-02-14 13:30:00,2025-02-14 13:35:00,Evening 16:00-19:59,RISING,2926.855,2930.87943,2920.81836,402.44,-1.0,50.0,50.0,75.0,0.0,10.0,50.0,0.273331,0.335451,0.335451,-1.273331,-1.335451,False,DOWN,BAD_SIGNAL
1033669|XAUUSD|breakout_retest|SHORT|2025-02-14 14:00:00|2025-02-14 14:30:00|2025-02-14 14:35:00|2925.74,A3_SQ_SOFT_RETEST_W15_B45_C60_RCM05_V2,SHORT,2025-02-14 14:40:00,2025-02-14 15:15:00,Evening 16:00-19:59,RISING,2923.645,2928.84455,2915.84568,519.95,1.5,50.0,50.0,75.0,0.0,10.0,0.0,0.115395,0.163476,0.163476,1.384605,1.336524,True,DOWN,WIN
1033669|XAUUSD|breakout_retest|SHORT|2025-02-14 19:50:00|2025-02-14 20:30:00|2025-02-14 20:35:00|2881.93,A3_SQ_SOFT_RETEST_W15_B45_C60_RCM05_V2,SHORT,2025-02-14 20:40:00,2025-02-14 21:00:00,Night 20:00-05:59,FALLING,2879.755,2882.36539,2875.83942,261.04,-1.0,50.0,50.0,75.0,0.0,10.0,50.0,0.421394,0.517165,0.517165,-1.421394,-1.517165,False,DOWN,BAD_EXIT_GIVEBACK
1033669|XAUUSD|breakout_retest|LONG|2025-02-14 21:30:00|2025-02-14 21:35:00|2025-02-14 21:40:00|2882.22,A3_SQ_SOFT_RETEST_W15_B45_C60_RCM05_V2,LONG,2025-02-14 21:45:00,2025-02-14 22:00:00,Night 20:00-05:59,FALLING,2883.445,2881.9516,2885.6851,149.34,-1.0,50.0,50.0,50.0,0.0,10.0,50.0,0.736574,0.736574,0.736574,-1.736574,-1.736574,False,DOWN,BAD_SIGNAL
1033669|XAUUSD|breakout_retest|SHORT|2025-02-16 23:35:00|2025-02-16 23:40:00|2025-02-16 23:45:00|2881.74,A3_SQ_SOFT_RETEST_W15_B45_C60_RCM05_V2,SHORT,2025-02-16 23:50:00,2025-02-17 00:05:00,Night 20:00-05:59,FALLING,2879.105,2882.18214,2874.48929,307.71,-1.0,50.0,50.0,75.0,0.0,10.0,50.0,0.357474,0.438719,0.438719,-1.357474,-1.438719,False,DOWN,BAD_SIGNAL
1033669|XAUUSD|breakout_retest|LONG|2025-02-17 01:40:00|2025-02-17 01:45:00|2025-02-17 01:50:00|2893.41,A3_SQ_SOFT_RETEST_W15_B45_C60_RCM05_V2,LONG,2025-02-17 01:55:00,2025-02-17 02:45:00,Night 20:00-05:59,FALLING,2894.635,2891.40951,2899.47323,322.55,1.5,50.0,50.0,75.0,0.0,10.0,0.0,0.186018,0.263526,0.263526,1.313982,1.236474,False,UP,WIN
1033669|XAUUSD|breakout_retest|SHORT|2025-02-17 04:45:00|2025-02-17 05:45:00|2025-02-17 05:50:00|2902.30,A3_SQ_SOFT_RETEST_W15_B45_C60_RCM05_V2,SHORT,2025-02-17 05:55:00,2025-02-17 06:05:00,Morning 06:00-11:59,RISING,2899.798,2902.64036,2895.53445,284.24,1.5,50.0,50.0,75.0,0.0,10.0,0.0,0.211092,0.299047,0.299047,1.288908,1.200953,False,UP,WIN
1033669|XAUUSD|breakout_retest|LONG|2025-02-17 05:55:00|2025-02-17 06:35:00|2025-02-17 06:40:00|2893.41,A3_SQ_SOFT_RETEST_W15_B45_C60_RCM05_V2,LONG,2025-02-17 06:45:00,2025-02-17 06:50:00,Morning 06:00-11:59,RISING,2894.045,2891.8589,2897.32415,218.61,1.5,50.0,50.0,75.0,0.0,10.0,0.0,0.274461,0.38882,0.38882,1.225539,1.11118,False,UP,WIN
1033669|XAUUSD|breakout_retest|SHORT|2025-02-17 13:20:00|2025-02-17 13:35:00|2025-02-17 13:40:00|2897.69,A3_SQ_SOFT_RETEST_W15_B45_C60_RCM05_V2,SHORT,2025-02-17 13:45:00,2025-02-17 14:10:00,Evening 16:00-19:59,RISING,2896.418,2898.34692,2893.52462,192.89,-1.0,50.0,50.0,75.0,0.0,10.0,50.0,0.570267,0.699873,0.699873,-1.570267,-1.699873,False,UP,BAD_SIGNAL
1033669|XAUUSD|breakout_retest|LONG|2025-02-17 15:10:00|2025-02-17 15:15:00|2025-02-17 15:20:00|2898.95,A3_SQ_SOFT_RETEST_W15_B45_C60_RCM05_V2,LONG,2025-02-17 15:25:00,2025-02-17 15:50:00,Evening 16:00-19:59,RISING,2900.295,2898.68914,2902.70379,160.59,-1.0,50.0,50.0,75.0,0.0,10.0,50.0,0.684992,0.840673,0.840673,-1.684992,-1.840673,False,UP,MIXED
1033669|XAUUSD|breakout_retest|LONG|2025-02-17 14:55:00|2025-02-17 15:55:00|2025-02-17 16:00:00|2898.95,A3_SQ_SOFT_RETEST_W15_B45_C60_RCM05_V2,LONG,2025-02-17 16:05:00,2025-02-17 16:25:00,Night 20:00-05:59,RISING,2899.395,2898.00457,2901.48064,139.04,-1.0,50.0,50.0,75.0,0.0,10.0,50.0,0.791123,0.970924,0.970924,-1.791123,-1.970924,False,UP,BAD_EXIT_GIVEBACK
1033669|XAUUSD|breakout_retest|LONG|2025-02-19 10:05:00|2025-02-19 10:10:00|2025-02-19 10:15:00|2942.66,A3_SQ_SOFT_RETEST_W15_B45_C60_RCM05_V2,LONG,2025-02-19 10:20:00,2025-02-19 11:40:00,Afternoon 12:00-15:59,RISING,2945.465,2942.24724,2950.29165,321.78,-1.0,50.0,50.0,75.0,0.0,10.0,50.0,0.341852,0.419546,0.419546,-1.341852,-1.419546,False,UP,BAD_SIGNAL
1033669|XAUUSD|breakout_retest|SHORT|2025-02-19 18:10:00|2025-02-19 18:15:00|2025-02-19 18:20:00|2923.14,A3_SQ_SOFT_RETEST_W15_B45_C60_RCM05_V2,SHORT,2025-02-19 18:25:00,2025-02-19 18:45:00,Night 20:00-05:59,FALLING,2919.965,2923.33553,2914.90921,337.05,-1.0,50.0,50.0,75.0,0.0,10.0,50.0,0.326358,0.400531,0.400531,-1.326358,-1.400531,False,UP,BAD_SIGNAL
1033669|XAUUSD|breakout_retest|LONG|2025-02-19 23:45:00|2025-02-20 00:00:00|2025-02-20 00:05:00|2935.61,A3_SQ_SOFT_RETEST_W15_B45_C60_RCM05_V2,LONG,2025-02-20 00:10:00,2025-02-20 01:00:00,Night 20:00-05:59,RISING,2937.465,2935.00591,2941.15364,245.91,1.5,50.0,50.0,75.0,0.0,10.0,0.0,0.243992,0.345656,0.345656,1.256008,1.154344,False,UP,WIN
1033669|XAUUSD|breakout_retest|LONG|2025-02-20 01:00:00|2025-02-20 01:10:00|2025-02-20 01:15:00|2939.99,A3_SQ_SOFT_RETEST_W15_B45_C60_RCM05_V2,LONG,2025-02-20 01:20:00,2025-02-20 01:30:00,Night 20:00-05:59,RISING,2941.015,2938.68902,2944.50397,232.6,-1.0,50.0,50.0,75.0,0.0,10.0,50.0,0.472919,0.580401,0.580401,-1.472919,-1.580401,False,UP,BAD_SIGNAL
1033669|XAUUSD|breakout_retest|LONG|2025-02-20 05:30:00|2025-02-20 05:45:00|2025-02-20 05:50:00|2943.82,A3_SQ_SOFT_RETEST_W15_B45_C60_RCM05_V2,LONG,2025-02-20 05:55:00,2025-02-20 06:55:00,Morning 06:00-11:59,RISING,2945.115,2943.49536,2947.54446,161.96,1.5,50.0,50.0,75.0,0.0,10.0,0.0,0.370452,0.524807,0.524807,1.129548,0.975193,False,UP,WIN
1033669|XAUUSD|breakout_retest|LONG|2025-02-20 12:40:00|2025-02-20 12:50:00|2025-02-20 12:55:00|2942.66,A3_SQ_SOFT_RETEST_W15_B45_C60_RCM05_V2,LONG,2025-02-20 13:00:00,2025-02-20 13:05:00,Evening 16:00-19:59,RISING,2943.535,2941.90376,2945.98186,163.12,1.5,50.0,50.0,75.0,0.0,10.0,0.0,0.367818,0.521075,0.521075,1.132182,0.978925,False,UP,WIN
1033669|XAUUSD|breakout_retest|LONG|2025-02-20 12:55:00|2025-02-20 13:10:00|2025-02-20 13:15:00|2942.66,A3_SQ_SOFT_RETEST_W15_B45_C60_RCM05_V2,LONG,2025-02-20 13:20:00,2025-02-20 13:45:00,Evening 16:00-19:59,RISING,2944.615,2940.11319,2951.36772,450.18,-1.0,50.0,50.0,75.0,0.0,10.0,50.0,0.244346,0.299879,0.299879,-1.244346,-1.299879,False,UP,MIXED
1033669|XAUUSD|breakout_retest|LONG|2025-02-20 16:40:00|2025-02-20 17:30:00|2025-02-20 17:35:00|2942.66,A3_SQ_SOFT_RETEST_W15_B45_C60_RCM05_V2,LONG,2025-02-20 17:40:00,2025-02-20 18:00:00,Night 20:00-05:59,FALLING,2943.295,2940.8285,2946.99475,246.65,-1.0,50.0,50.0,75.0,0.0,10.0,50.0,0.445976,0.547334,0.547334,-1.445976,-1.547334,False,UP,NEAR_TP_GIVEBACK
1033669|XAUUSD|breakout_retest|LONG|2025-02-20 21:40:00|2025-02-20 21:45:00|2025-02-20 21:50:00|2938.76,A3_SQ_SOFT_RETEST_W15_B45_C60_RCM05_V2,LONG,2025-02-20 21:55:00,2025-02-20 22:00:00,Night 20:00-05:59,FALLING,2940.008,2938.64253,2942.05621,136.55,-1.0,50.0,50.0,50.0,0.0,10.0,50.0,0.805583,0.805583,0.805583,-1.805583,-1.805583,False,UP,BAD_SIGNAL
1033669|XAUUSD|breakout_retest|LONG|2025-02-21 11:20:00|2025-02-21 12:10:00|2025-02-21 12:15:00|2930.80,A3_SQ_SOFT_RETEST_W15_B45_C60_RCM05_V2,LONG,2025-02-21 12:20:00,2025-02-21 12:35:00,Evening 16:00-19:59,FALLING,2931.275,2929.30095,2934.23607,197.4,1.5,50.0,50.0,75.0,0.0,10.0,0.0,0.303944,0.430587,0.430587,1.196056,1.069413,False,DOWN,WIN
1033669|XAUUSD|breakout_retest|LONG|2025-02-21 17:30:00|2025-02-21 17:35:00|2025-02-21 17:40:00|2938.30,A3_SQ_SOFT_RETEST_W15_B45_C60_RCM05_V2,LONG,2025-02-21 17:45:00,2025-02-21 18:25:00,Night 20:00-05:59,RISING,2939.915,2937.67326,2943.2776,224.17,-1.0,50.0,50.0,75.0,0.0,10.0,50.0,0.490691,0.602212,0.602212,-1.490691,-1.602212,False,DOWN,MIXED
1033669|XAUUSD|breakout_retest|LONG|2025-02-24 07:45:00|2025-02-24 08:45:00|2025-02-24 08:50:00|2941.18,A3_SQ_SOFT_RETEST_W15_B45_C60_RCM05_V2,LONG,2025-02-24 08:55:00,2025-02-24 09:00:00,Afternoon 12:00-15:59,RISING,2943.125,2940.02979,2947.76782,309.52,1.5,50.0,50.0,75.0,0.0,10.0,0.0,0.193848,0.274617,0.274617,1.306152,1.225383,False,UP,WIN
1033669|XAUUSD|breakout_retest|LONG|2025-02-24 10:45:00|2025-02-24 10:50:00|2025-02-24 10:55:00|2934.95,A3_SQ_SOFT_RETEST_W15_B45_C60_RCM05_V2,LONG,2025-02-24 11:00:00,2025-02-24 11:10:00,Afternoon 12:00-15:59,RISING,2936.655,2934.58107,2939.76589,207.39,1.5,50.0,50.0,75.0,0.0,10.0,0.0,0.289306,0.40985,0.40985,1.210694,1.09015,False,UP,WIN
1033669|XAUUSD|breakout_retest|LONG|2025-02-24 16:10:00|2025-02-24 16:50:00|2025-02-24 16:55:00|2940.39,A3_SQ_SOFT_RETEST_W15_B45_C60_RCM05_V2,LONG,2025-02-24 17:00:00,2025-02-24 18:30:00,Night 20:00-05:59,FALLING,2942.755,2939.77896,2947.21906,297.6,1.5,50.0,50.0,75.0,0.0,10.0,0.0,0.20161,0.285614,0.285614,1.29839,1.214386,False,UP,WIN
1033669|XAUUSD|breakout_retest|SHORT|2025-02-26 04:00:00|2025-02-26 04:10:00|2025-02-26 04:15:00|2916.93,A3_SQ_SOFT_RETEST_W15_B45_C60_RCM05_V2,SHORT,2025-02-26 04:20:00,2025-02-26 05:30:00,Morning 06:00-11:59,FALLING,2915.468,2918.90804,2910.30794,344.0,-1.0,50.0,50.0,75.0,0.0,10.0,50.0,0.319763,0.392437,0.392437,-1.319763,-1.392437,False,UP,MIXED
1033669|XAUUSD|breakout_retest|SHORT|2025-02-26 06:20:00|2025-02-26 06:25:00|2025-02-26 06:30:00|2912.49,A3_SQ_SOFT_RETEST_W15_B45_C60_RCM05_V2,SHORT,2025-02-26 06:35:00,2025-02-26 06:55:00,Morning 06:00-11:59,FALLING,2910.705,2913.17121,2907.00568,246.62,1.5,50.0,50.0,75.0,0.0,10.0,0.0,0.243288,0.344658,0.344658,1.256712,1.155342,False,UP,WIN
1033669|XAUUSD|breakout_retest|LONG|2025-02-26 07:45:00|2025-02-26 08:45:00|2025-02-26 08:50:00|2912.91,A3_SQ_SOFT_RETEST_W15_B45_C60_RCM05_V2,LONG,2025-02-26 08:55:00,2025-02-26 10:50:00,Afternoon 12:00-15:59,FALLING,2915.205,2911.89364,2920.17204,331.14,-1.0,50.0,50.0,75.0,0.0,10.0,50.0,0.33219,0.407688,0.407688,-1.33219,-1.407688,False,UP,BAD_EXIT_GIVEBACK
1033669|XAUUSD|breakout_retest|LONG|2025-02-26 21:20:00|2025-02-26 21:25:00|2025-02-26 21:30:00|2915.95,A3_SQ_SOFT_RETEST_W15_B45_C60_RCM05_V2,LONG,2025-02-26 21:35:00,2025-02-26 21:55:00,Night 20:00-05:59,FALLING,2917.215,2915.83431,2919.28604,138.07,-1.0,50.0,50.0,50.0,0.0,10.0,50.0,0.796701,0.796701,0.796701,-1.796701,-1.796701,False,UP,MIXED
1033669|XAUUSD|breakout_retest|SHORT|2025-02-27 00:45:00|2025-02-27 00:55:00|2025-02-27 01:00:00|2917.09,A3_SQ_SOFT_RETEST_W15_B45_C60_RCM05_V2,SHORT,2025-02-27 01:05:00,2025-02-27 01:10:00,Night 20:00-05:59,RISING,2916.385,2917.13962,2915.25307,75.46,1.5,50.0,50.0,75.0,0.0,10.0,0.0,0.795101,1.126393,1.126393,0.704899,0.373607,False,DOWN,WIN
1033669|XAUUSD|breakout_retest|SHORT|2025-02-27 08:00:00|2025-02-27 08:05:00|2025-02-27 08:10:00|2890.59,A3_SQ_SOFT_RETEST_W15_B45_C60_RCM05_V2,SHORT,2025-02-27 08:15:00,2025-02-27 09:10:00,Afternoon 12:00-15:59,FALLING,2886.145,2891.70757,2877.80114,556.26,1.5,50.0,50.0,75.0,0.0,10.0,0.0,0.107864,0.152807,0.152807,1.392136,1.347193,True,DOWN,WIN
1033669|XAUUSD|breakout_retest|SHORT|2025-02-27 13:15:00|2025-02-27 13:20:00|2025-02-27 13:25:00|2890.59,A3_SQ_SOFT_RETEST_W15_B45_C60_RCM05_V2,SHORT,2025-02-27 13:30:00,2025-02-27 13:35:00,Evening 16:00-19:59,FALLING,2888.415,2892.24181,2882.67478,382.68,1.5,50.0,50.0,75.0,0.0,10.0,0.0,0.156788,0.222117,0.222117,1.343212,1.277883,False,DOWN,WIN
1033669|XAUUSD|breakout_retest|SHORT|2025-02-27 14:05:00|2025-02-27 14:25:00|2025-02-27 14:30:00|2890.59,A3_SQ_SOFT_RETEST_W15_B45_C60_RCM05_V2,SHORT,2025-02-27 14:35:00,2025-02-27 14:40:00,Evening 16:00-19:59,FALLING,2888.668,2891.77185,2884.01222,310.39,1.5,50.0,50.0,75.0,0.0,10.0,0.0,0.193308,0.273853,0.273853,1.306692,1.226147,False,DOWN,WIN
1033669|XAUUSD|breakout_retest|SHORT|2025-02-27 14:55:00|2025-02-27 15:00:00|2025-02-27 15:05:00|2880.88,A3_SQ_SOFT_RETEST_W15_B45_C60_RCM05_V2,SHORT,2025-02-27 15:10:00,2025-02-27 17:55:00,Evening 16:00-19:59,FALLING,2870.068,2882.29681,2851.72479,1222.88,-1.0,50.0,50.0,75.0,0.0,10.0,50.0,0.089952,0.110395,0.110395,-1.089952,-1.110395,True,DOWN,BAD_SIGNAL
1033669|XAUUSD|breakout_retest|SHORT|2025-02-27 19:30:00|2025-02-27 20:00:00|2025-02-27 20:05:00|2879.09,A3_SQ_SOFT_RETEST_W15_B45_C60_RCM05_V2,SHORT,2025-02-27 20:10:00,2025-02-27 20:25:00,Night 20:00-05:59,FALLING,2877.035,2879.39125,2873.50062,235.63,1.5,50.0,50.0,75.0,0.0,10.0,0.0,0.254642,0.360743,0.360743,1.245358,1.139257,False,DOWN,WIN
1033669|XAUUSD|breakout_retest|SHORT|2025-02-28 00:30:00|2025-02-28 00:40:00|2025-02-28 00:45:00|2879.09,A3_SQ_SOFT_RETEST_W15_B45_C60_RCM05_V2,SHORT,2025-02-28 00:50:00,2025-02-28 01:10:00,Night 20:00-05:59,FALLING,2878.235,2880.25067,2875.21149,201.57,-1.0,50.0,50.0,75.0,0.0,10.0,50.0,0.545724,0.669752,0.669752,-1.545724,-1.669752,False,DOWN,MIXED
1033669|XAUUSD|breakout_retest|SHORT|2025-02-28 18:10:00|2025-02-28 18:15:00|2025-02-28 18:20:00|2846.07,A3_SQ_SOFT_RETEST_W15_B45_C60_RCM05_V2,SHORT,2025-02-28 18:25:00,2025-02-28 18:50:00,Night 20:00-05:59,FALLING,2840.905,2846.96759,2831.81112,606.26,-1.0,50.0,50.0,75.0,0.0,10.0,50.0,0.181441,0.222677,0.222677,-1.181441,-1.222677,False,DOWN,BAD_SIGNAL
1033669|XAUUSD|breakout_retest|LONG|2025-02-28 19:35:00|2025-02-28 19:45:00|2025-02-28 19:50:00|2847.46,A3_SQ_SOFT_RETEST_W15_B45_C60_RCM05_V2,LONG,2025-02-28 19:55:00,2025-02-28 20:05:00,Night 20:00-05:59,FALLING,2848.575,2847.17389,2850.67667,140.11,1.5,50.0,50.0,75.0,0.0,10.0,0.0,0.428231,0.60666,0.60666,1.071769,0.89334,False,DOWN,WIN
1033669|XAUUSD|breakout_retest|LONG|2025-02-28 20:05:00|2025-02-28 20:35:00|2025-02-28 20:40:00|2847.46,A3_SQ_SOFT_RETEST_W15_B45_C60_RCM05_V2,LONG,2025-02-28 20:45:00,2025-02-28 20:55:00,Night 20:00-05:59,FALLING,2849.258,2847.30305,2852.19043,195.5,1.5,50.0,50.0,75.0,0.0,10.0,0.0,0.306913,0.434794,0.434794,1.193087,1.065206,False,DOWN,WIN
1033669|XAUUSD|breakout_retest|LONG|2025-03-03 09:15:00|2025-03-03 09:45:00|2025-03-03 09:50:00|2864.93,A3_SQ_SOFT_RETEST_W15_B45_C60_RCM05_V2,LONG,2025-03-03 09:55:00,2025-03-03 11:00:00,Afternoon 12:00-15:59,RISING,2867.775,2863.99834,2873.44,377.67,1.5,50.0,50.0,75.0,0.0,10.0,0.0,0.15887,0.225066,0.225066,1.34113,1.274934,False,UP,WIN
1033669|XAUUSD|breakout_retest|LONG|2025-03-03 12:00:00|2025-03-03 12:25:00|2025-03-03 12:30:00|2875.28,A3_SQ_SOFT_RETEST_W15_B45_C60_RCM05_V2,LONG,2025-03-03 12:35:00,2025-03-03 12:45:00,Evening 16:00-19:59,RISING,2875.965,2874.33831,2878.40504,162.67,-1.0,50.0,50.0,75.0,0.0,10.0,50.0,0.676219,0.829905,0.829905,-1.676219,-1.829905,False,UP,BAD_EXIT_GIVEBACK
1033669|XAUUSD|breakout_retest|LONG|2025-03-03 16:40:00|2025-03-03 17:35:00|2025-03-03 17:40:00|2890.22,A3_SQ_SOFT_RETEST_W15_B45_C60_RCM05_V2,LONG,2025-03-03 17:45:00,2025-03-03 17:55:00,Night 20:00-05:59,RISING,2891.275,2889.84947,2893.41329,142.55,-1.0,50.0,50.0,75.0,0.0,10.0,50.0,0.771644,0.947017,0.947017,-1.771644,-1.947017,False,UP,BAD_EXIT_GIVEBACK
1033669|XAUUSD|breakout_retest|LONG|2025-03-05 13:40:00|2025-03-05 13:50:00|2025-03-05 13:55:00|2894.99,A3_SQ_SOFT_RETEST_W15_B45_C60_RCM05_V2,LONG,2025-03-05 14:00:00,2025-03-05 14:10:00,Evening 16:00-19:59,RISING,2898.658,2893.71283,2906.07576,494.52,1.5,50.0,50.0,75.0,0.0,10.0,0.0,0.12133,0.171885,0.171885,1.37867,1.328115,False,UP,WIN
1033669|XAUUSD|breakout_retest|LONG|2025-03-06 05:30:00|2025-03-06 05:35:00|2025-03-06 05:40:00|2917.95,A3_SQ_SOFT_RETEST_W15_B45_C60_RCM05_V2,LONG,2025-03-06 05:45:00,2025-03-06 05:50:00,Morning 06:00-11:59,RISING,2919.405,2917.81705,2921.78693,158.8,-1.0,50.0,50.0,75.0,0.0,10.0,50.0,0.692717,0.850153,0.850153,-1.692717,-1.850153,False,DOWN,BAD_SIGNAL
1033669|XAUUSD|breakout_retest|SHORT|2025-03-06 09:05:00|2025-03-06 09:10:00|2025-03-06 09:15:00|2904.49,A3_SQ_SOFT_RETEST_W15_B45_C60_RCM05_V2,SHORT,2025-03-06 09:20:00,2025-03-06 09:35:00,Afternoon 12:00-15:59,FALLING,2902.615,2905.4202,2898.4072,280.52,1.5,50.0,50.0,75.0,0.0,10.0,0.0,0.213888,0.303009,0.303009,1.286112,1.196991,False,DOWN,WIN
1033669|XAUUSD|breakout_retest|LONG|2025-03-06 14:55:00|2025-03-06 15:35:00|2025-03-06 15:40:00|2909.22,A3_SQ_SOFT_RETEST_W15_B45_C60_RCM05_V2,LONG,2025-03-06 15:45:00,2025-03-06 15:50:00,Evening 16:00-19:59,FALLING,2911.315,2908.47694,2915.5721,283.81,1.5,50.0,50.0,75.0,0.0,10.0,0.0,0.211412,0.2995,0.2995,1.288588,1.2005,False,DOWN,WIN
1033669|XAUUSD|breakout_retest|LONG|2025-03-06 17:10:00|2025-03-06 17:20:00|2025-03-06 17:25:00|2918.26,A3_SQ_SOFT_RETEST_W15_B45_C60_RCM05_V2,LONG,2025-03-06 17:30:00,2025-03-06 17:55:00,Night 20:00-05:59,RISING,2918.805,2916.32209,2922.52936,248.29,-1.0,50.0,50.0,75.0,0.0,10.0,50.0,0.443029,0.543717,0.543717,-1.443029,-1.543717,False,DOWN,BAD_EXIT_GIVEBACK
1033669|XAUUSD|breakout_retest|LONG|2025-03-06 23:00:00|2025-03-06 23:15:00|2025-03-06 23:20:00|2911.66,A3_SQ_SOFT_RETEST_W15_B45_C60_RCM05_V2,LONG,2025-03-06 23:25:00,2025-03-06 23:55:00,Night 20:00-05:59,FALLING,2912.315,2910.45205,2915.10942,186.29,-1.0,50.0,50.0,75.0,0.0,10.0,50.0,0.590461,0.724657,0.724657,-1.590461,-1.724657,False,DOWN,MIXED
1033669|XAUUSD|breakout_retest|LONG|2025-03-07 05:25:00|2025-03-07 06:10:00|2025-03-07 06:15:00|2907.61,A3_SQ_SOFT_RETEST_W15_B45_C60_RCM05_V2,LONG,2025-03-07 06:20:00,2025-03-07 06:35:00,Morning 06:00-11:59,FALLING,2910.105,2907.42089,2914.13116,268.41,1.5,50.0,50.0,75.0,0.0,10.0,0.0,0.223538,0.316679,0.316679,1.276462,1.183321,False,DOWN,WIN
1033669|XAUUSD|breakout_retest|LONG|2025-03-07 06:30:00|2025-03-07 06:35:00|2025-03-07 06:40:00|2912.38,A3_SQ_SOFT_RETEST_W15_B45_C60_RCM05_V2,LONG,2025-03-07 06:45:00,2025-03-07 06:50:00,Morning 06:00-11:59,FALLING,2913.229,2911.99696,2915.07706,123.2,-1.0,50.0,50.0,75.0,0.0,10.0,50.0,0.892826,1.095741,1.095741,-1.892826,-2.095741,False,DOWN,BAD_SIGNAL
1033669|XAUUSD|breakout_retest|SHORT|2025-03-07 10:00:00|2025-03-07 10:10:00|2025-03-07 10:15:00|2920.89,A3_SQ_SOFT_RETEST_W15_B45_C60_RCM05_V2,SHORT,2025-03-07 10:20:00,2025-03-07 10:25:00,Afternoon 12:00-15:59,RISING,2919.985,2921.26335,2918.06747,127.84,1.5,50.0,50.0,75.0,0.0,10.0,0.0,0.469355,0.66492,0.66492,1.030645,0.83508,False,DOWN,WIN
1033669|XAUUSD|breakout_retest|SHORT|2025-03-07 10:15:00|2025-03-07 11:30:00|2025-03-07 11:35:00|2920.89,A3_SQ_SOFT_RETEST_W15_B45_C60_RCM05_V2,SHORT,2025-03-07 11:40:00,2025-03-07 11:55:00,Afternoon 12:00-15:59,RISING,2919.445,2921.27521,2916.69968,183.02,1.5,50.0,50.0,75.0,0.0,10.0,0.0,0.32783,0.464426,0.464426,1.17217,1.035574,False,DOWN,WIN
1033669|XAUUSD|breakout_retest|LONG|2025-03-07 19:20:00|2025-03-07 20:30:00|2025-03-07 20:35:00|2907.97,A3_SQ_SOFT_RETEST_W15_B45_C60_RCM05_V2,LONG,2025-03-07 20:40:00,2025-03-10 00:05:00,Night 20:00-05:59,FALLING,2909.155,2906.84721,2912.61668,230.78,1.5,50.0,50.0,75.0,0.0,10.0,0.0,0.259989,0.368318,0.368318,1.240011,1.131682,False,DOWN,WIN
1033669|XAUUSD|breakout_retest|LONG|2025-03-10 02:20:00|2025-03-10 02:25:00|2025-03-10 02:30:00|2909.36,A3_SQ_SOFT_RETEST_W15_B45_C60_RCM05_V2,LONG,2025-03-10 02:35:00,2025-03-10 02:45:00,Morning 06:00-11:59,RISING,2911.065,2908.96582,2914.21377,209.92,1.5,50.0,50.0,75.0,0.0,10.0,0.0,0.285826,0.40492,0.40492,1.214174,1.09508,False,DOWN,WIN
1033669|XAUUSD|breakout_retest|SHORT|2025-03-10 02:30:00|2025-03-10 02:40:00|2025-03-10 02:45:00|2912.82,A3_SQ_SOFT_RETEST_W15_B45_C60_RCM05_V2,SHORT,2025-03-10 02:50:00,2025-03-10 05:30:00,Morning 06:00-11:59,RISING,2911.649,2914.57434,2907.26099,292.53,1.5,50.0,50.0,75.0,0.0,10.0,0.0,0.205104,0.290564,0.290564,1.294896,1.209436,False,DOWN,WIN
1033669|XAUUSD|breakout_retest|LONG|2025-03-10 05:10:00|2025-03-10 05:55:00|2025-03-10 06:00:00|2909.36,A3_SQ_SOFT_RETEST_W15_B45_C60_RCM05_V2,LONG,2025-03-10 06:05:00,2025-03-10 06:10:00,Morning 06:00-11:59,RISING,2909.935,2908.72315,2911.75278,121.19,1.5,50.0,50.0,75.0,0.0,10.0,0.0,0.495111,0.701407,0.701407,1.004889,0.798593,False,DOWN,WIN
1033669|XAUUSD|breakout_retest|LONG|2025-03-10 06:10:00|2025-03-10 06:20:00|2025-03-10 06:25:00|2909.36,A3_SQ_SOFT_RETEST_W15_B45_C60_RCM05_V2,LONG,2025-03-10 06:30:00,2025-03-10 07:00:00,Morning 06:00-11:59,RISING,2911.065,2909.0015,2914.16025,206.35,1.5,50.0,50.0,75.0,0.0,10.0,0.0,0.290768,0.411921,0.411921,1.209232,1.088079,False,DOWN,WIN
1033669|XAUUSD|breakout_retest|LONG|2025-03-10 06:55:00|2025-03-10 07:20:00|2025-03-10 07:25:00|2913.07,A3_SQ_SOFT_RETEST_W15_B45_C60_RCM05_V2,LONG,2025-03-10 07:30:00,2025-03-10 07:50:00,Morning 06:00-11:59,RISING,2913.899,2911.67559,2917.23411,222.34,-1.0,50.0,50.0,75.0,0.0,10.0,50.0,0.494736,0.607176,0.607176,-1.494736,-1.607176,False,DOWN,MIXED
1033669|XAUUSD|breakout_retest|SHORT|2025-03-10 07:55:00|2025-03-10 08:10:00|2025-03-10 08:15:00|2909.36,A3_SQ_SOFT_RETEST_W15_B45_C60_RCM05_V2,SHORT,2025-03-10 08:20:00,2025-03-10 08:50:00,Afternoon 12:00-15:59,RISING,2905.738,2910.47216,2898.63675,473.42,1.5,50.0,50.0,75.0,0.0,10.0,0.0,0.126738,0.179546,0.179546,1.373262,1.320454,False,DOWN,WIN
1033669|XAUUSD|breakout_retest|LONG|2025-03-10 08:05:00|2025-03-10 09:15:00|2025-03-10 09:20:00|2909.36,A3_SQ_SOFT_RETEST_W15_B45_C60_RCM05_V2,LONG,2025-03-10 09:25:00,2025-03-10 10:05:00,Afternoon 12:00-15:59,FALLING,2913.039,2906.92344,2922.21234,611.56,-1.0,50.0,50.0,75.0,0.0,10.0,50.0,0.179869,0.220748,0.220748,-1.179869,-1.220748,False,DOWN,BAD_SIGNAL
1033669|XAUUSD|breakout_retest|SHORT|2025-03-10 09:05:00|2025-03-10 10:10:00|2025-03-10 10:15:00|2909.36,A3_SQ_SOFT_RETEST_W15_B45_C60_RCM05_V2,SHORT,2025-03-10 10:20:00,2025-03-10 10:30:00,Afternoon 12:00-15:59,FALLING,2907.285,2910.02611,2903.17334,274.11,1.5,50.0,50.0,75.0,0.0,10.0,0.0,0.21889,0.310094,0.310094,1.28111,1.189906,False,DOWN,WIN
1033669|XAUUSD|breakout_retest|SHORT|2025-03-10 14:55:00|2025-03-10 15:00:00|2025-03-10 15:05:00|2909.36,A3_SQ_SOFT_RETEST_W15_B45_C60_RCM05_V2,SHORT,2025-03-10 15:10:00,2025-03-10 16:50:00,Evening 16:00-19:59,FALLING,2905.545,2910.66974,2897.85789,512.47,1.5,50.0,50.0,75.0,0.0,10.0,0.0,0.117079,0.165862,0.165862,1.382921,1.334138,True,DOWN,WIN
1033669|XAUUSD|breakout_retest|SHORT|2025-03-10 22:30:00|2025-03-10 23:10:00|2025-03-10 23:15:00|2885.17,A3_SQ_SOFT_RETEST_W15_B45_C60_RCM05_V2,SHORT,2025-03-10 23:20:00,2025-03-12 00:05:00,Night 20:00-05:59,FALLING,2884.065,2885.70989,2881.59767,164.49,-1.0,50.0,50.0,75.0,0.0,10.0,50.0,0.668739,0.820726,0.820726,-1.668739,-1.820726,False,DOWN,BAD_EXIT_GIVEBACK
1033669|XAUUSD|breakout_retest|LONG|2025-03-12 01:30:00|2025-03-12 02:05:00|2025-03-12 02:10:00|2914.53,A3_SQ_SOFT_RETEST_W15_B45_C60_RCM05_V2,LONG,2025-03-12 02:15:00,2025-03-12 03:05:00,Morning 06:00-11:59,RISING,2915.625,2913.9279,2918.17065,169.71,1.5,50.0,50.0,75.0,0.0,10.0,0.0,0.353544,0.500854,0.500854,1.146456,0.999146,False,UP,WIN
1033669|XAUUSD|breakout_retest|SHORT|2025-03-12 04:15:00|2025-03-12 04:55:00|2025-03-12 05:00:00|2915.05,A3_SQ_SOFT_RETEST_W15_B45_C60_RCM05_V2,SHORT,2025-03-12 05:05:00,2025-03-12 05:15:00,Morning 06:00-11:59,RISING,2914.605,2915.71458,2912.94063,110.96,1.5,50.0,50.0,75.0,0.0,10.0,0.0,0.540746,0.766057,0.766057,0.959254,0.733943,False,UP,WIN
1033669|XAUUSD|breakout_retest|SHORT|2025-03-12 07:00:00|2025-03-12 07:10:00|2025-03-12 07:15:00|2911.90,A3_SQ_SOFT_RETEST_W15_B45_C60_RCM05_V2,SHORT,2025-03-12 07:20:00,2025-03-12 07:25:00,Morning 06:00-11:59,RISING,2911.218,2912.72979,2908.95031,151.18,1.5,50.0,50.0,75.0,0.0,10.0,0.0,0.39688,0.562246,0.562246,1.10312,0.937754,False,UP,WIN
1033669|XAUUSD|breakout_retest|SHORT|2025-03-12 19:20:00|2025-03-12 19:30:00|2025-03-12 19:35:00|2934.01,A3_SQ_SOFT_RETEST_W15_B45_C60_RCM05_V2,SHORT,2025-03-12 19:40:00,2025-03-12 22:05:00,Night 20:00-05:59,RISING,2933.075,2934.71011,2930.62234,163.51,-1.0,50.0,50.0,75.0,0.0,10.0,50.0,0.672739,0.825634,0.825634,-1.672739,-1.825634,False,UP,NEAR_TP_GIVEBACK
1033669|XAUUSD|breakout_retest|LONG|2025-03-12 22:05:00|2025-03-12 22:40:00|2025-03-12 22:45:00|2934.03,A3_SQ_SOFT_RETEST_W15_B45_C60_RCM05_V2,LONG,2025-03-12 22:50:00,2025-03-12 22:55:00,Night 20:00-05:59,RISING,2934.735,2933.74481,2936.22029,99.02,1.5,50.0,50.0,75.0,0.0,10.0,0.0,0.605943,0.858419,0.858419,0.894057,0.641581,False,UP,WIN
1033669|XAUUSD|breakout_retest|LONG|2025-03-12 22:55:00|2025-03-12 23:30:00|2025-03-12 23:35:00|2935.51,A3_SQ_SOFT_RETEST_W15_B45_C60_RCM05_V2,LONG,2025-03-12 23:40:00,2025-03-12 23:45:00,Night 20:00-05:59,RISING,2936.225,2934.70964,2938.49804,151.54,1.5,50.0,50.0,75.0,0.0,10.0,0.0,0.395946,0.560924,0.560924,1.104054,0.939076,False,UP,WIN
1033669|XAUUSD|breakout_retest|LONG|2025-03-13 12:55:00|2025-03-13 13:00:00|2025-03-13 13:05:00|2940.35,A3_SQ_SOFT_RETEST_W15_B45_C60_RCM05_V2,LONG,2025-03-13 13:10:00,2025-03-13 13:40:00,Evening 16:00-19:59,RISING,2942.705,2938.43144,2949.11535,427.36,1.5,50.0,50.0,75.0,0.0,10.0,0.0,0.140398,0.198897,0.198897,1.359602,1.301103,False,UP,WIN
1033669|XAUUSD|breakout_retest|LONG|2025-03-13 18:05:00|2025-03-13 18:55:00|2025-03-13 19:00:00|2982.14,A3_SQ_SOFT_RETEST_W15_B45_C60_RCM05_V2,LONG,2025-03-13 19:05:00,2025-03-13 19:45:00,Night 20:00-05:59,RISING,2983.358,2981.33463,2986.39306,202.34,-1.0,50.0,50.0,75.0,0.0,10.0,50.0,0.543647,0.667203,0.667203,-1.543647,-1.667203,False,UP,BAD_EXIT_GIVEBACK
1033669|XAUUSD|breakout_retest|LONG|2025-03-14 10:10:00|2025-03-14 10:55:00|2025-03-14 11:00:00|2992.80,A3_SQ_SOFT_RETEST_W15_B45_C60_RCM05_V2,LONG,2025-03-14 11:05:00,2025-03-14 11:40:00,Afternoon 12:00-15:59,RISING,2994.425,2991.57124,2998.70565,285.38,1.5,50.0,50.0,75.0,0.0,10.0,0.0,0.210249,0.297852,0.297852,1.289751,1.202148,False,DOWN,WIN
1033669|XAUUSD|breakout_retest|SHORT|2025-03-14 13:40:00|2025-03-14 13:50:00|2025-03-14 13:55:00|2991.64,A3_SQ_SOFT_RETEST_W15_B45_C60_RCM05_V2,SHORT,2025-03-14 14:00:00,2025-03-14 14:15:00,Evening 16:00-19:59,RISING,2987.645,2992.22997,2980.76754,458.5,-1.0,50.0,50.0,75.0,0.0,10.0,50.0,0.239914,0.29444,0.29444,-1.239914,-1.29444,False,DOWN,BAD_EXIT_GIVEBACK
1033669|XAUUSD|breakout_retest|SHORT|2025-03-17 02:45:00|2025-03-17 02:55:00|2025-03-17 03:00:00|2988.24,A3_SQ_SOFT_RETEST_W15_B45_C60_RCM05_V2,SHORT,2025-03-17 03:05:00,2025-03-17 03:15:00,Morning 06:00-11:59,RISING,2987.465,2988.34586,2986.14371,88.09,1.5,50.0,50.0,75.0,0.0,10.0,0.0,0.681155,0.964969,0.964969,0.818845,0.535031,False,UP,WIN
1033669|XAUUSD|breakout_retest|SHORT|2025-03-17 05:15:00|2025-03-17 05:20:00|2025-03-17 05:25:00|2985.07,A3_SQ_SOFT_RETEST_W15_B45_C60_RCM05_V2,SHORT,2025-03-17 05:30:00,2025-03-17 05:45:00,Morning 06:00-11:59,FALLING,2982.738,2985.16005,2979.10492,242.21,-1.0,50.0,50.0,75.0,0.0,10.0,50.0,0.454161,0.557379,0.557379,-1.454161,-1.557379,False,UP,BAD_SIGNAL
1033669|XAUUSD|breakout_retest|LONG|2025-03-17 06:00:00|2025-03-17 06:05:00|2025-03-17 06:10:00|2985.49,A3_SQ_SOFT_RETEST_W15_B45_C60_RCM05_V2,LONG,2025-03-17 06:15:00,2025-03-17 06:25:00,Morning 06:00-11:59,FALLING,2986.235,2985.06336,2987.99246,117.16,1.5,50.0,50.0,75.0,0.0,10.0,0.0,0.512101,0.725477,0.725477,0.987899,0.774523,False,UP,WIN
1033669|XAUUSD|breakout_retest|LONG|2025-03-17 08:40:00|2025-03-17 08:55:00|2025-03-17 09:00:00|2986.55,A3_SQ_SOFT_RETEST_W15_B45_C60_RCM05_V2,LONG,2025-03-17 09:05:00,2025-03-17 09:20:00,Afternoon 12:00-15:59,RISING,2988.295,2986.41429,2991.11607,188.07,1.5,50.0,50.0,75.0,0.0,10.0,0.0,0.319028,0.451956,0.451956,1.180972,1.048044,False,UP,WIN
1033669|XAUUSD|breakout_retest|LONG|2025-03-17 11:15:00|2025-03-17 12:20:00|2025-03-17 12:25:00|2986.55,A3_SQ_SOFT_RETEST_W15_B45_C60_RCM05_V2,LONG,2025-03-17 12:30:00,2025-03-17 13:00:00,Evening 16:00-19:59,RISING,2988.315,2984.61271,2993.86844,370.23,-1.0,50.0,50.0,75.0,0.0,10.0,50.0,0.297113,0.364639,0.364639,-1.297113,-1.364639,False,UP,NEAR_TP_GIVEBACK
1033669|XAUUSD|breakout_retest|LONG|2025-03-17 15:10:00|2025-03-17 15:20:00|2025-03-17 15:25:00|2993.91,A3_SQ_SOFT_RETEST_W15_B45_C60_RCM05_V2,LONG,2025-03-17 15:30:00,2025-03-17 17:50:00,Evening 16:00-19:59,RISING,2994.958,2992.42201,2998.76198,253.6,1.5,50.0,50.0,75.0,0.0,10.0,0.0,0.236594,0.335175,0.335175,1.263406,1.164825,False,UP,WIN
1033669|XAUUSD|breakout_retest|LONG|2025-03-18 01:55:00|2025-03-18 02:00:00|2025-03-18 02:05:00|3002.66,A3_SQ_SOFT_RETEST_W15_B45_C60_RCM05_V2,LONG,2025-03-18 02:10:00,2025-03-18 03:15:00,Morning 06:00-11:59,RISING,3006.275,3002.39181,3012.09979,388.32,1.5,50.0,50.0,75.0,0.0,10.0,0.0,0.154512,0.218892,0.218892,1.345488,1.281108,False,UP,WIN
1033669|XAUUSD|breakout_retest|LONG|2025-03-18 08:55:00|2025-03-18 09:55:00|2025-03-18 10:00:00|3018.70,A3_SQ_SOFT_RETEST_W15_B45_C60_RCM05_V2,LONG,2025-03-18 10:05:00,2025-03-18 10:10:00,Afternoon 12:00-15:59,RISING,3020.158,3018.16669,3023.14496,199.13,1.5,50.0,50.0,75.0,0.0,10.0,0.0,0.30131,0.426855,0.426855,1.19869,1.073145,False,UP,WIN
1033669|XAUUSD|breakout_retest|LONG|2025-03-18 11:45:00|2025-03-18 11:55:00|2025-03-18 12:00:00|3025.34,A3_SQ_SOFT_RETEST_W15_B45_C60_RCM05_V2,LONG,2025-03-18 12:05:00,2025-03-18 12:20:00,Evening 16:00-19:59,RISING,3026.669,3023.75899,3031.03402,291.0,1.5,50.0,50.0,75.0,0.0,10.0,0.0,0.206185,0.292095,0.292095,1.293815,1.207905,False,UP,WIN
1033669|XAUUSD|breakout_retest|LONG|2025-03-18 13:25:00|2025-03-18 14:20:00|2025-03-18 14:25:00|3025.34,A3_SQ_SOFT_RETEST_W15_B45_C60_RCM05_V2,LONG,2025-03-18 14:30:00,2025-03-18 16:35:00,Evening 16:00-19:59,RISING,3028.658,3024.00634,3035.6355,465.17,1.5,50.0,50.0,75.0,0.0,10.0,0.0,0.128986,0.18273,0.18273,1.371014,1.31727,False,UP,WIN
1033669|XAUUSD|breakout_retest|LONG|2025-03-19 06:05:00|2025-03-19 06:40:00|2025-03-19 06:45:00|3038.06,A3_SQ_SOFT_RETEST_W15_B45_C60_RCM05_V2,LONG,2025-03-19 06:50:00,2025-03-19 07:50:00,Morning 06:00-11:59,RISING,3040.105,3036.38263,3045.68856,372.24,-1.0,50.0,50.0,75.0,0.0,10.0,50.0,0.295511,0.362672,0.362672,-1.295511,-1.362672,False,UP,BAD_EXIT_GIVEBACK
1033669|XAUUSD|breakout_retest|SHORT|2025-03-19 07:45:00|2025-03-19 07:50:00|2025-03-19 07:55:00|3037.72,A3_SQ_SOFT_RETEST_W15_B45_C60_RCM05_V2,SHORT,2025-03-19 08:00:00,2025-03-19 08:15:00,Afternoon 12:00-15:59,RISING,3036.015,3038.22277,3032.70334,220.78,1.5,50.0,50.0,75.0,0.0,10.0,0.0,0.271767,0.385004,0.385004,1.228233,1.114996,False,UP,WIN
1033669|XAUUSD|breakout_retest|LONG|2025-03-19 11:30:00|2025-03-19 11:35:00|2025-03-19 11:40:00|3038.06,A3_SQ_SOFT_RETEST_W15_B45_C60_RCM05_V2,LONG,2025-03-19 11:45:00,2025-03-19 12:25:00,Afternoon 12:00-15:59,FALLING,3039.455,3037.49785,3042.39073,195.72,-1.0,50.0,50.0,75.0,0.0,10.0,50.0,0.562042,0.689779,0.689779,-1.562042,-1.689779,False,UP,BAD_SIGNAL
1033669|XAUUSD|breakout_retest|LONG|2025-03-19 12:15:00|2025-03-19 12:30:00|2025-03-19 12:35:00|3038.06,A3_SQ_SOFT_RETEST_W15_B45_C60_RCM05_V2,LONG,2025-03-19 12:40:00,2025-03-19 13:05:00,Evening 16:00-19:59,RISING,3038.945,3035.95719,3043.42672,298.78,-1.0,50.0,50.0,75.0,0.0,10.0,50.0,0.368162,0.451835,0.451835,-1.368162,-1.451835,False,UP,MIXED
1033669|XAUUSD|breakout_retest|SHORT|2025-03-19 13:10:00|2025-03-19 13:20:00|2025-03-19 13:25:00|3036.14,A3_SQ_SOFT_RETEST_W15_B45_C60_RCM05_V2,SHORT,2025-03-19 13:30:00,2025-03-19 13:40:00,Evening 16:00-19:59,RISING,3033.108,3036.46016,3028.07975,335.22,1.5,50.0,50.0,75.0,0.0,10.0,0.0,0.178989,0.253568,0.253568,1.321011,1.246432,False,UP,WIN
1033669|XAUUSD|breakout_retest|LONG|2025-03-19 18:20:00|2025-03-19 18:30:00|2025-03-19 18:35:00|3038.06,A3_SQ_SOFT_RETEST_W15_B45_C60_RCM05_V2,LONG,2025-03-19 18:40:00,2025-03-19 18:45:00,Night 20:00-05:59,FALLING,3040.295,3037.10189,3045.08467,319.31,1.5,50.0,50.0,75.0,0.0,10.0,0.0,0.187904,0.266198,0.266198,1.312096,1.233802,False,UP,WIN
1033669|XAUUSD|breakout_retest|LONG|2025-03-19 22:15:00|2025-03-19 22:20:00|2025-03-19 22:25:00|3047.68,A3_SQ_SOFT_RETEST_W15_B45_C60_RCM05_V2,LONG,2025-03-19 22:30:00,2025-03-19 23:55:00,Night 20:00-05:59,RISING,3048.298,3046.85419,3050.46371,144.38,1.5,50.0,50.0,75.0,0.0,10.0,0.0,0.415568,0.588721,0.588721,1.084432,0.911279,False,UP,WIN
1033669|XAUUSD|breakout_retest|LONG|2025-03-20 00:05:00|2025-03-20 00:15:00|2025-03-20 00:20:00|3051.76,A3_SQ_SOFT_RETEST_W15_B45_C60_RCM05_V2,LONG,2025-03-20 00:25:00,2025-03-20 01:10:00,Night 20:00-05:59,RISING,3053.005,3050.49776,3056.76585,250.72,-1.0,50.0,50.0,75.0,0.0,10.0,50.0,0.43873,0.538442,0.538442,-1.43873,-1.538442,False,DOWN,BAD_EXIT_GIVEBACK
1033669|XAUUSD|breakout_retest|SHORT|2025-03-20 01:55:00|2025-03-20 02:30:00|2025-03-20 02:35:00|3050.12,A3_SQ_SOFT_RETEST_W15_B45_C60_RCM05_V2,SHORT,2025-03-20 02:40:00,2025-03-20 02:55:00,Morning 06:00-11:59,RISING,3049.238,3051.53143,3045.79786,229.34,1.5,50.0,50.0,75.0,0.0,10.0,0.0,0.261617,0.370624,0.370624,1.238383,1.129376,False,DOWN,WIN
1033669|XAUUSD|breakout_retest|SHORT|2025-03-20 07:45:00|2025-03-20 07:50:00|2025-03-20 07:55:00|3044.09,A3_SQ_SOFT_RETEST_W15_B45_C60_RCM05_V2,SHORT,2025-03-20 08:00:00,2025-03-20 08:15:00,Afternoon 12:00-15:59,RISING,3042.698,3044.2476,3040.3736,154.96,1.5,50.0,50.0,75.0,0.0,10.0,0.0,0.387197,0.548529,0.548529,1.112803,0.951471,False,DOWN,WIN
1033669|XAUUSD|breakout_retest|LONG|2025-03-20 14:45:00|2025-03-20 14:50:00|2025-03-20 14:55:00|3037.47,A3_SQ_SOFT_RETEST_W15_B45_C60_RCM05_V2,LONG,2025-03-20 15:00:00,2025-03-20 16:35:00,Evening 16:00-19:59,FALLING,3039.735,3035.98935,3045.35348,374.57,-1.0,50.0,50.0,75.0,0.0,10.0,50.0,0.293674,0.360418,0.360418,-1.293674,-1.360418,False,DOWN,BAD_EXIT_GIVEBACK
1033669|XAUUSD|breakout_retest|LONG|2025-03-23 22:00:00|2025-03-23 22:05:00|2025-03-23 22:10:00|3022.70,A3_SQ_SOFT_RETEST_W15_B45_C60_RCM05_V2,LONG,2025-03-23 22:15:00,2025-03-25 00:05:00,Night 20:00-05:59,FALLING,3023.585,3021.80143,3026.26036,178.36,-1.0,50.0,50.0,75.0,0.0,10.0,50.0,0.61674,0.756908,0.756908,-1.61674,-1.756908,False,UP,NEAR_TP_GIVEBACK
1033669|XAUUSD|breakout_retest|SHORT|2025-03-25 05:20:00|2025-03-25 05:25:00|2025-03-25 05:30:00|3020.16,A3_SQ_SOFT_RETEST_W15_B45_C60_RCM05_V2,SHORT,2025-03-25 05:35:00,2025-03-25 05:55:00,Morning 06:00-11:59,FALLING,3019.425,3021.01524,3017.03964,159.02,1.5,50.0,50.0,75.0,0.0,10.0,0.0,0.377301,0.53451,0.53451,1.122699,0.96549,False,UP,WIN
1033669|XAUUSD|breakout_retest|SHORT|2025-03-25 07:20:00|2025-03-25 07:35:00|2025-03-25 07:40:00|3014.59,A3_SQ_SOFT_RETEST_W15_B45_C60_RCM05_V2,SHORT,2025-03-25 07:45:00,2025-03-25 08:00:00,Morning 06:00-11:59,FALLING,3013.718,3015.67051,3010.78923,195.25,1.5,50.0,50.0,75.0,0.0,10.0,0.0,0.307296,0.435336,0.435336,1.192704,1.064664,False,UP,WIN
1033669|XAUUSD|breakout_retest|LONG|2025-03-25 14:25:00|2025-03-25 14:30:00|2025-03-25 14:35:00|3026.05,A3_SQ_SOFT_RETEST_W15_B45_C60_RCM05_V2,LONG,2025-03-25 14:40:00,2025-03-25 15:00:00,Evening 16:00-19:59,RISING,3029.665,3025.04498,3036.59503,462.0,-1.0,50.0,50.0,75.0,0.0,10.0,50.0,0.238094,0.292206,0.292206,-1.238094,-1.292206,False,UP,BAD_SIGNAL
1033669|XAUUSD|breakout_retest|LONG|2025-03-25 23:10:00|2025-03-25 23:15:00|2025-03-25 23:20:00|3020.59,A3_SQ_SOFT_RETEST_W15_B45_C60_RCM05_V2,LONG,2025-03-25 23:25:00,2025-03-25 23:50:00,Night 20:00-05:59,FALLING,3021.145,3020.4815,3022.14025,66.35,-1.0,50.0,50.0,75.0,0.0,10.0,50.0,1.657875,2.034665,2.034665,-2.657875,-3.034665,False,UP,BAD_EXIT_GIVEBACK
1033669|XAUUSD|breakout_retest|LONG|2025-03-25 23:40:00|2025-03-25 23:45:00|2025-03-25 23:50:00|3020.59,A3_SQ_SOFT_RETEST_W15_B45_C60_RCM05_V2,LONG,2025-03-25 23:55:00,2025-03-29 00:05:00,Night 20:00-05:59,FALLING,3021.165,3020.23771,3022.55593,92.73,1.5,50.0,50.0,75.0,0.0,10.0,0.0,0.64705,0.916654,0.916654,0.85295,0.583346,False,UP,WIN
1033669|XAUUSD|breakout_retest|SHORT|2025-03-31 00:10:00|2025-03-31 00:15:00|2025-03-31 00:20:00|3087.64,A3_SQ_SOFT_RETEST_W15_B45_C60_RCM05_V2,SHORT,2025-03-31 00:25:00,2025-03-31 00:30:00,Night 20:00-05:59,RISING,3086.288,3088.44036,3083.05946,215.24,1.5,50.0,50.0,75.0,0.0,10.0,0.0,0.278764,0.394916,0.394916,1.221236,1.105084,False,UP,WIN
1033669|XAUUSD|breakout_retest|SHORT|2025-03-31 00:30:00|2025-03-31 00:45:00|2025-03-31 00:50:00|3083.90,A3_SQ_SOFT_RETEST_W15_B45_C60_RCM05_V2,SHORT,2025-03-31 00:55:00,2025-03-31 01:00:00,Night 20:00-05:59,RISING,3082.885,3084.51029,3080.44707,162.53,1.5,50.0,50.0,75.0,0.0,10.0,0.0,0.369166,0.522985,0.522985,1.130834,0.977015,False,UP,WIN
1033669|XAUUSD|breakout_retest|LONG|2025-03-31 02:15:00|2025-03-31 02:25:00|2025-03-31 02:30:00|3097.72,A3_SQ_SOFT_RETEST_W15_B45_C60_RCM05_V2,LONG,2025-03-31 02:35:00,2025-03-31 04:55:00,Morning 06:00-11:59,RISING,3102.708,3095.61928,3113.34108,708.87,1.5,50.0,50.0,75.0,0.0,10.0,0.0,0.084641,0.119909,0.119909,1.415359,1.380091,True,UP,WIN
1033669|XAUUSD|breakout_retest|LONG|2025-03-31 05:50:00|2025-03-31 06:00:00|2025-03-31 06:05:00|3115.68,A3_SQ_SOFT_RETEST_W15_B45_C60_RCM05_V2,LONG,2025-03-31 06:10:00,2025-03-31 06:15:00,Morning 06:00-11:59,RISING,3118.645,3113.52316,3126.32775,512.18,1.5,50.0,50.0,75.0,0.0,10.0,0.0,0.117145,0.165956,0.165956,1.382855,1.334044,True,UP,WIN
1033669|XAUUSD|breakout_retest|LONG|2025-03-31 06:05:00|2025-03-31 06:55:00|2025-03-31 07:00:00|3115.68,A3_SQ_SOFT_RETEST_W15_B45_C60_RCM05_V2,LONG,2025-03-31 07:05:00,2025-03-31 08:10:00,Morning 06:00-11:59,RISING,3119.255,3114.80142,3125.93537,445.36,1.5,50.0,50.0,75.0,0.0,10.0,0.0,0.134723,0.190858,0.190858,1.365277,1.309142,False,UP,WIN
1033669|XAUUSD|breakout_retest|SHORT|2025-03-31 09:20:00|2025-03-31 09:25:00|2025-03-31 09:30:00|3120.76,A3_SQ_SOFT_RETEST_W15_B45_C60_RCM05_V2,SHORT,2025-03-31 09:35:00,2025-03-31 09:45:00,Afternoon 12:00-15:59,RISING,3118.675,3121.32994,3114.6926,265.49,1.5,50.0,50.0,75.0,0.0,10.0,0.0,0.225994,0.320158,0.320158,1.274006,1.179842,False,UP,WIN
1033669|XAUUSD|breakout_retest|LONG|2025-04-01 01:00:00|2025-04-01 01:05:00|2025-04-01 01:10:00|3127.82,A3_SQ_SOFT_RETEST_W15_B45_C60_RCM05_V2,LONG,2025-04-01 01:15:00,2025-04-01 02:50:00,Night 20:00-05:59,RISING,3133.058,3126.0229,3143.61065,703.51,1.5,50.0,50.0,75.0,0.0,10.0,0.0,0.085287,0.120823,0.120823,1.414713,1.379177,True,DOWN,WIN
1033669|XAUUSD|breakout_retest|LONG|2025-04-01 07:30:00|2025-04-01 08:00:00|2025-04-01 08:05:00|3127.82,A3_SQ_SOFT_RETEST_W15_B45_C60_RCM05_V2,LONG,2025-04-01 08:10:00,2025-04-01 10:25:00,Afternoon 12:00-15:59,RISING,3130.508,3125.85886,3137.4817,464.91,1.5,50.0,50.0,75.0,0.0,10.0,0.0,0.129056,0.18283,0.18283,1.370944,1.31717,False,DOWN,WIN
1033669|XAUUSD|breakout_retest|LONG|2025-04-01 11:55:00|2025-04-01 12:00:00|2025-04-01 12:05:00|3127.82,A3_SQ_SOFT_RETEST_W15_B45_C60_RCM05_V2,LONG,2025-04-01 12:10:00,2025-04-01 13:10:00,Evening 16:00-19:59,RISING,3130.565,3127.30308,3135.45788,326.19,1.5,50.0,50.0,75.0,0.0,10.0,0.0,0.183941,0.260583,0.260583,1.316059,1.239417,False,DOWN,WIN
1033669|XAUUSD|breakout_retest|LONG|2025-04-01 14:45:00|2025-04-01 14:55:00|2025-04-01 15:00:00|3127.82,A3_SQ_SOFT_RETEST_W15_B45_C60_RCM05_V2,LONG,2025-04-01 15:05:00,2025-04-01 15:20:00,Evening 16:00-19:59,RISING,3129.815,3127.4446,3133.3706,237.04,-1.0,50.0,50.0,75.0,0.0,10.0,50.0,0.464057,0.569524,0.569524,-1.464057,-1.569524,False,DOWN,NEAR_TP_GIVEBACK
1033669|XAUUSD|breakout_retest|SHORT|2025-04-01 15:40:00|2025-04-01 15:45:00|2025-04-01 15:50:00|3123.51,A3_SQ_SOFT_RETEST_W15_B45_C60_RCM05_V2,SHORT,2025-04-01 15:55:00,2025-04-01 16:00:00,Evening 16:00-19:59,RISING,3120.625,3124.31216,3115.09425,368.72,1.5,50.0,50.0,75.0,0.0,10.0,0.0,0.162727,0.230529,0.230529,1.337273,1.269471,False,DOWN,WIN
1033669|XAUUSD|breakout_retest|LONG|2025-04-01 18:10:00|2025-04-01 18:20:00|2025-04-01 18:25:00|3114.47,A3_SQ_SOFT_RETEST_W15_B45_C60_RCM05_V2,LONG,2025-04-01 18:30:00,2025-04-01 18:45:00,Night 20:00-05:59,FALLING,3116.245,3114.33093,3119.11611,191.41,-1.0,50.0,50.0,75.0,0.0,10.0,50.0,0.574691,0.705303,0.705303,-1.574691,-1.705303,False,DOWN,BAD_EXIT_GIVEBACK
1033669|XAUUSD|breakout_retest|SHORT|2025-04-01 22:10:00|2025-04-01 22:50:00|2025-04-01 22:55:00|3112.89,A3_SQ_SOFT_RETEST_W15_B45_C60_RCM05_V2,SHORT,2025-04-01 23:00:00,2025-04-01 23:05:00,Night 20:00-05:59,FALLING,3112.245,3113.20952,3110.79822,96.45,-1.0,50.0,50.0,75.0,0.0,10.0,50.0,1.140462,1.399658,1.399658,-2.140462,-2.399658,False,DOWN,BAD_EXIT_GIVEBACK
1033669|XAUUSD|breakout_retest|SHORT|2025-04-01 22:10:00|2025-04-01 23:25:00|2025-04-01 23:30:00|3112.89,A3_SQ_SOFT_RETEST_W15_B45_C60_RCM05_V2,SHORT,2025-04-01 23:35:00,2025-04-01 23:40:00,Night 20:00-05:59,FALLING,3112.405,3113.28071,3111.09143,87.57,1.5,50.0,50.0,75.0,0.0,10.0,0.0,0.685155,0.970636,0.970636,0.814845,0.529364,False,DOWN,WIN
1033669|XAUUSD|breakout_retest|LONG|2025-04-02 12:25:00|2025-04-02 13:25:00|2025-04-02 13:30:00|3123.72,A3_SQ_SOFT_RETEST_W15_B45_C60_RCM05_V2,LONG,2025-04-02 13:35:00,2025-04-02 13:40:00,Evening 16:00-19:59,FALLING,3126.425,3123.45442,3130.88087,297.06,1.5,50.0,50.0,75.0,0.0,10.0,0.0,0.201981,0.28614,0.28614,1.298019,1.21386,False,UP,WIN
1033669|XAUUSD|breakout_retest|LONG|2025-04-02 22:10:00|2025-04-02 22:40:00|2025-04-02 22:45:00|3141.28,A3_SQ_SOFT_RETEST_W15_B45_C60_RCM05_V2,LONG,2025-04-02 22:50:00,2025-04-02 23:10:00,Night 20:00-05:59,RISING,3144.235,3139.76255,3150.94367,447.24,1.5,50.0,50.0,75.0,0.0,10.0,0.0,0.134155,0.190052,0.190052,1.365845,1.309948,False,UP,WIN
1033669|XAUUSD|breakout_retest|SHORT|2025-04-04 02:25:00|2025-04-04 02:30:00|2025-04-04 02:35:00|3105.82,A3_SQ_SOFT_RETEST_W15_B45_C60_RCM05_V2,SHORT,2025-04-04 02:40:00,2025-04-04 02:45:00,Morning 06:00-11:59,FALLING,3102.185,3106.14664,3096.24255,396.16,1.5,50.0,50.0,75.0,0.0,10.0,0.0,0.151453,0.214558,0.214558,1.348547,1.285442,False,DOWN,WIN
1033669|XAUUSD|breakout_retest|SHORT|2025-04-04 04:35:00|2025-04-04 04:45:00|2025-04-04 04:50:00|3104.18,A3_SQ_SOFT_RETEST_W15_B45_C60_RCM05_V2,SHORT,2025-04-04 04:55:00,2025-04-04 05:00:00,Morning 06:00-11:59,FALLING,3102.305,3105.06801,3098.16049,276.3,1.5,50.0,50.0,75.0,0.0,10.0,0.0,0.217155,0.307636,0.307636,1.282845,1.192364,False,DOWN,WIN
1033669|XAUUSD|breakout_retest|SHORT|2025-04-04 05:00:00|2025-04-04 05:05:00|2025-04-04 05:10:00|3104.18,A3_SQ_SOFT_RETEST_W15_B45_C60_RCM05_V2,SHORT,2025-04-04 05:15:00,2025-04-04 05:30:00,Morning 06:00-11:59,FALLING,3102.535,3105.1177,3098.66095,258.27,-1.0,50.0,50.0,75.0,0.0,10.0,50.0,0.425911,0.522709,0.522709,-1.425911,-1.522709,False,DOWN,BAD_SIGNAL
1033669|XAUUSD|breakout_retest|SHORT|2025-04-04 05:30:00|2025-04-04 05:35:00|2025-04-04 05:40:00|3104.18,A3_SQ_SOFT_RETEST_W15_B45_C60_RCM05_V2,SHORT,2025-04-04 05:45:00,2025-04-04 05:50:00,Morning 06:00-11:59,FALLING,3101.385,3104.51441,3096.69089,312.94,-1.0,50.0,50.0,75.0,0.0,10.0,50.0,0.351504,0.431392,0.431392,-1.351504,-1.431392,False,DOWN,BAD_SIGNAL
1033669|XAUUSD|breakout_retest|SHORT|2025-04-04 07:20:00|2025-04-04 07:30:00|2025-04-04 07:35:00|3097.89,A3_SQ_SOFT_RETEST_W15_B45_C60_RCM05_V2,SHORT,2025-04-04 07:40:00,2025-04-04 08:05:00,Morning 06:00-11:59,FALLING,3095.718,3100.78967,3088.11049,507.17,1.5,50.0,50.0,75.0,0.0,10.0,0.0,0.118304,0.167598,0.167598,1.381696,1.332402,True,DOWN,WIN
1033669|XAUUSD|breakout_retest|SHORT|2025-04-04 08:00:00|2025-04-04 08:05:00|2025-04-04 08:10:00|3092.61,A3_SQ_SOFT_RETEST_W15_B45_C60_RCM05_V2,SHORT,2025-04-04 08:15:00,2025-04-04 08:25:00,Afternoon 12:00-15:59,FALLING,3090.385,3094.31431,3084.49104,392.93,1.5,50.0,50.0,75.0,0.0,10.0,0.0,0.152699,0.216323,0.216323,1.347301,1.283677,False,DOWN,WIN
1033669|XAUUSD|breakout_retest|SHORT|2025-04-04 08:35:00|2025-04-04 09:35:00|2025-04-04 09:40:00|3092.61,A3_SQ_SOFT_RETEST_W15_B45_C60_RCM05_V2,SHORT,2025-04-04 09:45:00,2025-04-04 09:55:00,Afternoon 12:00-15:59,FALLING,3088.655,3093.25234,3081.75899,459.73,-1.0,50.0,50.0,75.0,0.0,10.0,50.0,0.239269,0.293648,0.293648,-1.239269,-1.293648,False,DOWN,MIXED
1033669|XAUUSD|breakout_retest|SHORT|2025-04-04 08:35:00|2025-04-04 09:50:00|2025-04-04 09:55:00|3092.61,A3_SQ_SOFT_RETEST_W15_B45_C60_RCM05_V2,SHORT,2025-04-04 10:00:00,2025-04-04 10:05:00,Afternoon 12:00-15:59,FALLING,3090.465,3094.91882,3083.78427,445.38,-1.0,50.0,50.0,75.0,0.0,10.0,50.0,0.246979,0.30311,0.30311,-1.246979,-1.30311,False,DOWN,BAD_SIGNAL
1033669|XAUUSD|breakout_retest|LONG|2025-04-04 10:15:00|2025-04-04 10:25:00|2025-04-04 10:30:00|3095.90,A3_SQ_SOFT_RETEST_W15_B45_C60_RCM05_V2,LONG,2025-04-04 10:35:00,2025-04-04 11:10:00,Afternoon 12:00-15:59,FALLING,3106.815,3094.14325,3125.82263,1267.18,1.5,50.0,50.0,75.0,0.0,10.0,0.0,0.047349,0.067078,0.067078,1.452651,1.432922,True,DOWN,WIN
1033669|XAUUSD|breakout_retest|SHORT|2025-04-11 05:05:00|2025-04-11 05:35:00|2025-04-11 05:40:00|3210.36,A3_SQ_SOFT_RETEST_W15_B45_C60_RCM05_V2,SHORT,2025-04-11 05:45:00,2025-04-11 05:50:00,Morning 06:00-11:59,RISING,3206.635,3213.91986,3195.70771,728.49,1.5,50.0,50.0,75.0,0.0,10.0,0.0,0.082363,0.11668,0.11668,1.417637,1.38332,True,UP,WIN
1033669|XAUUSD|breakout_retest|LONG|2025-04-11 08:15:00|2025-04-11 09:30:00|2025-04-11 09:35:00|3212.86,A3_SQ_SOFT_RETEST_W15_B45_C60_RCM05_V2,LONG,2025-04-11 09:40:00,2025-04-11 09:50:00,Afternoon 12:00-15:59,RISING,3216.255,3210.88557,3224.30914,536.94,1.5,50.0,50.0,75.0,0.0,10.0,0.0,0.111744,0.158304,0.158304,1.388256,1.341696,True,UP,WIN
1033669|XAUUSD|breakout_retest|LONG|2025-04-11 12:40:00|2025-04-11 12:45:00|2025-04-11 12:50:00|3224.57,A3_SQ_SOFT_RETEST_W15_B45_C60_RCM05_V2,LONG,2025-04-11 12:55:00,2025-04-11 13:05:00,Evening 16:00-19:59,RISING,3226.975,3222.24914,3234.06379,472.59,1.5,50.0,50.0,75.0,0.0,10.0,0.0,0.126961,0.179862,0.179862,1.373039,1.320138,False,UP,WIN
1033669|XAUUSD|breakout_retest|LONG|2025-04-11 12:55:00|2025-04-11 13:00:00|2025-04-11 13:05:00|3229.97,A3_SQ_SOFT_RETEST_W15_B45_C60_RCM05_V2,LONG,2025-04-11 13:10:00,2025-04-11 13:25:00,Evening 16:00-19:59,RISING,3235.135,3228.46336,3245.14246,667.16,-1.0,50.0,50.0,75.0,0.0,10.0,50.0,0.164877,0.202349,0.202349,-1.164877,-1.202349,False,UP,BAD_SIGNAL
1033669|XAUUSD|breakout_retest|SHORT|2025-04-11 19:20:00|2025-04-11 19:30:00|2025-04-11 19:35:00|3230.80,A3_SQ_SOFT_RETEST_W15_B45_C60_RCM05_V2,SHORT,2025-04-11 19:40:00,2025-04-11 19:55:00,Night 20:00-05:59,RISING,3229.135,3231.43126,3225.69061,229.63,-1.0,50.0,50.0,75.0,0.0,10.0,50.0,0.47904,0.587913,0.587913,-1.47904,-1.587913,False,UP,MIXED
1033669|XAUUSD|breakout_retest|LONG|2025-04-14 01:25:00|2025-04-14 01:30:00|2025-04-14 01:35:00|3227.14,A3_SQ_SOFT_RETEST_W15_B45_C60_RCM05_V2,LONG,2025-04-14 01:40:00,2025-04-14 05:05:00,Night 20:00-05:59,FALLING,3234.885,3225.83533,3248.45951,904.97,-1.0,50.0,50.0,75.0,0.0,10.0,50.0,0.121551,0.149177,0.149177,-1.121551,-1.149177,False,DOWN,BAD_EXIT_GIVEBACK
1033669|XAUUSD|breakout_retest|SHORT|2025-04-14 07:50:00|2025-04-14 07:55:00|2025-04-14 08:00:00|3228.03,A3_SQ_SOFT_RETEST_W15_B45_C60_RCM05_V2,SHORT,2025-04-14 08:05:00,2025-04-14 08:15:00,Afternoon 12:00-15:59,FALLING,3224.505,3229.02521,3217.72468,452.02,1.5,50.0,50.0,75.0,0.0,10.0,0.0,0.132737,0.188044,0.188044,1.367263,1.311956,False,DOWN,WIN
1033669|XAUUSD|breakout_retest|SHORT|2025-04-14 08:10:00|2025-04-14 09:15:00|2025-04-14 09:20:00|3228.03,A3_SQ_SOFT_RETEST_W15_B45_C60_RCM05_V2,SHORT,2025-04-14 09:25:00,2025-04-14 10:20:00,Afternoon 12:00-15:59,FALLING,3226.695,3231.9635,3218.79225,526.85,1.5,50.0,50.0,75.0,0.0,10.0,0.0,0.113884,0.161336,0.161336,1.386116,1.338664,True,DOWN,WIN
1033669|XAUUSD|breakout_retest|SHORT|2025-04-14 12:55:00|2025-04-14 13:00:00|2025-04-14 13:05:00|3209.20,A3_SQ_SOFT_RETEST_W15_B45_C60_RCM05_V2,SHORT,2025-04-14 13:10:00,2025-04-14 13:20:00,Evening 16:00-19:59,FALLING,3204.545,3211.21179,3194.54482,666.68,1.5,50.0,50.0,75.0,0.0,10.0,0.0,0.089998,0.127498,0.127498,1.410002,1.372502,True,DOWN,WIN
1033669|XAUUSD|breakout_retest|SHORT|2025-04-14 13:35:00|2025-04-14 13:45:00|2025-04-14 13:50:00|3209.20,A3_SQ_SOFT_RETEST_W15_B45_C60_RCM05_V2,SHORT,2025-04-14 13:55:00,2025-04-14 14:05:00,Evening 16:00-19:59,FALLING,3205.925,3210.09821,3199.66518,417.32,1.5,50.0,50.0,75.0,0.0,10.0,0.0,0.143774,0.20368,0.20368,1.356226,1.29632,False,DOWN,WIN
1033669|XAUUSD|breakout_retest|SHORT|2025-04-14 14:25:00|2025-04-14 15:20:00|2025-04-14 15:25:00|3209.20,A3_SQ_SOFT_RETEST_W15_B45_C60_RCM05_V2,SHORT,2025-04-14 15:30:00,2025-04-14 15:40:00,Evening 16:00-19:59,FALLING,3206.555,3210.09907,3201.23889,354.41,1.5,50.0,50.0,75.0,0.0,10.0,0.0,0.169297,0.239837,0.239837,1.330703,1.260163,False,DOWN,WIN
1033669|XAUUSD|breakout_retest|SHORT|2025-04-15 05:15:00|2025-04-15 05:20:00|2025-04-15 05:25:00|3226.72,A3_SQ_SOFT_RETEST_W15_B45_C60_RCM05_V2,SHORT,2025-04-15 05:30:00,2025-04-15 05:40:00,Morning 06:00-11:59,RISING,3224.755,3227.101,3221.236,234.6,-1.0,50.0,50.0,75.0,0.0,10.0,50.0,0.468883,0.575448,0.575448,-1.468883,-1.575448,False,UP,MIXED
1033669|XAUUSD|breakout_retest|SHORT|2025-04-15 05:30:00|2025-04-15 05:35:00|2025-04-15 05:40:00|3226.72,A3_SQ_SOFT_RETEST_W15_B45_C60_RCM05_V2,SHORT,2025-04-15 05:45:00,2025-04-15 06:15:00,Morning 06:00-11:59,RISING,3223.995,3227.45214,3218.80929,345.71,-1.0,50.0,50.0,75.0,0.0,10.0,50.0,0.318182,0.390496,0.390496,-1.318182,-1.390496,False,UP,BAD_EXIT_GIVEBACK
1033669|XAUUSD|breakout_retest|SHORT|2025-04-15 09:50:00|2025-04-15 10:15:00|2025-04-15 10:20:00|3225.30,A3_SQ_SOFT_RETEST_W15_B45_C60_RCM05_V2,SHORT,2025-04-15 10:25:00,2025-04-15 10:40:00,Afternoon 12:00-15:59,RISING,3224.695,3226.35243,3222.20886,165.74,1.5,50.0,50.0,75.0,0.0,10.0,0.0,0.362007,0.512843,0.512843,1.137993,0.987157,False,UP,WIN
1033669|XAUUSD|breakout_retest|SHORT|2025-04-15 11:40:00|2025-04-15 12:30:00|2025-04-15 12:35:00|3219.38,A3_SQ_SOFT_RETEST_W15_B45_C60_RCM05_V2,SHORT,2025-04-15 12:40:00,2025-04-15 12:45:00,Evening 16:00-19:59,FALLING,3217.465,3222.04357,3210.59714,457.86,-1.0,50.0,50.0,75.0,0.0,10.0,50.0,0.24025,0.294852,0.294852,-1.24025,-1.294852,False,UP,BAD_SIGNAL
1033669|XAUUSD|breakout_retest|LONG|2025-04-15 22:15:00|2025-04-15 22:20:00|2025-04-15 22:25:00|3231.38,A3_SQ_SOFT_RETEST_W15_B45_C60_RCM05_V2,LONG,2025-04-15 22:30:00,2025-04-15 22:35:00,Night 20:00-05:59,RISING,3232.375,3231.19121,3234.15068,118.38,1.5,50.0,50.0,75.0,0.0,10.0,0.0,0.506848,0.718035,0.718035,0.993152,0.781965,False,UP,WIN
1033669|XAUUSD|breakout_retest|LONG|2025-04-16 06:30:00|2025-04-16 07:05:00|2025-04-16 07:10:00|3291.59,A3_SQ_SOFT_RETEST_W15_B45_C60_RCM05_V2,LONG,2025-04-16 07:15:00,2025-04-16 08:05:00,Morning 06:00-11:59,RISING,3297.315,3291.13086,3306.59121,618.41,1.5,50.0,50.0,75.0,0.0,10.0,0.0,0.097022,0.137448,0.137448,1.402978,1.362552,True,UP,WIN
1033669|XAUUSD|breakout_retest|LONG|2025-04-16 08:10:00|2025-04-16 08:45:00|2025-04-16 08:50:00|3297.86,A3_SQ_SOFT_RETEST_W15_B45_C60_RCM05_V2,LONG,2025-04-16 08:55:00,2025-04-16 15:45:00,Afternoon 12:00-15:59,RISING,3303.519,3290.09351,3323.65723,1342.55,1.5,50.0,50.0,75.0,0.0,10.0,0.0,0.044691,0.063312,0.063312,1.455309,1.436688,True,UP,WIN
1033669|XAUUSD|breakout_retest|SHORT|2025-04-17 00:00:00|2025-04-17 00:35:00|2025-04-17 00:40:00|3348.74,A3_SQ_SOFT_RETEST_W15_B45_C60_RCM05_V2,SHORT,2025-04-17 00:45:00,2025-04-17 01:15:00,Night 20:00-05:59,RISING,3346.185,3349.20614,3341.65329,302.11,-1.0,50.0,50.0,75.0,0.0,10.0,50.0,0.364101,0.446851,0.446851,-1.364101,-1.446851,False,DOWN,NEAR_TP_GIVEBACK
1033669|XAUUSD|breakout_retest|SHORT|2025-04-17 01:35:00|2025-04-17 01:45:00|2025-04-17 01:50:00|3341.80,A3_SQ_SOFT_RETEST_W15_B45_C60_RCM05_V2,SHORT,2025-04-17 01:55:00,2025-04-17 03:55:00,Night 20:00-05:59,RISING,3327.825,3343.20381,3304.75678,1537.88,-1.0,50.0,50.0,75.0,0.0,10.0,50.0,0.071527,0.087783,0.087783,-1.071527,-1.087783,True,DOWN,BAD_SIGNAL
1033669|XAUUSD|breakout_retest|SHORT|2025-04-17 05:10:00|2025-04-17 05:20:00|2025-04-17 05:25:00|3338.51,A3_SQ_SOFT_RETEST_W15_B45_C60_RCM05_V2,SHORT,2025-04-17 05:30:00,2025-04-17 05:35:00,Morning 06:00-11:59,RISING,3337.865,3339.88507,3334.83489,202.01,1.5,50.0,50.0,75.0,0.0,10.0,0.0,0.297019,0.420777,0.420777,1.202981,1.079223,False,DOWN,WIN
1033669|XAUUSD|breakout_retest|SHORT|2025-04-17 07:15:00|2025-04-17 07:40:00|2025-04-17 07:45:00|3325.07,A3_SQ_SOFT_RETEST_W15_B45_C60_RCM05_V2,SHORT,2025-04-17 07:50:00,2025-04-17 08:35:00,Morning 06:00-11:59,RISING,3321.725,3325.55406,3315.98141,382.91,1.5,50.0,50.0,75.0,0.0,10.0,0.0,0.156697,0.221987,0.221987,1.343303,1.278013,False,DOWN,WIN
1033669|XAUUSD|breakout_retest|SHORT|2025-04-17 11:45:00|2025-04-17 12:45:00|2025-04-17 12:50:00|3325.93,A3_SQ_SOFT_RETEST_W15_B45_C60_RCM05_V2,SHORT,2025-04-17 12:55:00,2025-04-17 13:00:00,Evening 16:00-19:59,FALLING,3323.475,3327.95147,3316.76029,447.65,-1.0,50.0,50.0,75.0,0.0,10.0,50.0,0.245729,0.301577,0.301577,-1.245729,-1.301577,False,DOWN,BAD_SIGNAL
1033669|XAUUSD|breakout_retest|LONG|2025-04-17 19:55:00|2025-04-17 20:00:00|2025-04-17 20:05:00|3317.78,A3_SQ_SOFT_RETEST_W15_B45_C60_RCM05_V2,LONG,2025-04-17 20:10:00,2025-04-17 20:40:00,Night 20:00-05:59,FALLING,3320.805,3317.56457,3325.66564,324.04,1.5,50.0,50.0,75.0,0.0,10.0,0.0,0.185161,0.262311,0.262311,1.314839,1.237689,False,DOWN,WIN
1033669|XAUUSD|breakout_retest|LONG|2025-04-21 00:30:00|2025-04-21 00:35:00|2025-04-21 00:40:00|3357.45,A3_SQ_SOFT_RETEST_W15_B45_C60_RCM05_V2,LONG,2025-04-21 00:45:00,2025-04-21 01:10:00,Night 20:00-05:59,RISING,3364.255,3356.92331,3375.25253,733.17,1.5,50.0,50.0,75.0,0.0,10.0,0.0,0.081837,0.115935,0.115935,1.418163,1.384065,True,UP,WIN
1033669|XAUUSD|breakout_retest|LONG|2025-04-21 02:05:00|2025-04-21 02:10:00|2025-04-21 02:15:00|3376.34,A3_SQ_SOFT_RETEST_W15_B45_C60_RCM05_V2,LONG,2025-04-21 02:20:00,2025-04-21 04:15:00,Morning 06:00-11:59,RISING,3378.235,3373.50929,3385.32357,472.57,-1.0,50.0,50.0,75.0,0.0,10.0,50.0,0.232769,0.285671,0.285671,-1.232769,-1.285671,False,UP,NEAR_TP_GIVEBACK
1033669|XAUUSD|breakout_retest|LONG|2025-04-21 07:15:00|2025-04-21 07:55:00|2025-04-21 08:00:00|3384.18,A3_SQ_SOFT_RETEST_W15_B45_C60_RCM05_V2,LONG,2025-04-21 08:05:00,2025-04-21 08:35:00,Afternoon 12:00-15:59,RISING,3386.005,3383.31664,3390.03754,268.84,1.5,50.0,50.0,75.0,0.0,10.0,0.0,0.223185,0.316178,0.316178,1.276815,1.183822,False,UP,WIN
1033669|XAUUSD|breakout_retest|LONG|2025-04-22 02:00:00|2025-04-22 02:10:00|2025-04-22 02:15:00|3444.05,A3_SQ_SOFT_RETEST_W15_B45_C60_RCM05_V2,LONG,2025-04-22 02:20:00,2025-04-22 02:45:00,Morning 06:00-11:59,RISING,3450.085,3441.234,3463.3615,885.1,1.5,50.0,50.0,75.0,0.0,10.0,0.0,0.067789,0.096034,0.096034,1.432211,1.403966,True,DOWN,WIN
1033669|XAUUSD|breakout_retest|LONG|2025-04-22 08:50:00|2025-04-22 09:00:00|2025-04-22 09:05:00|3444.05,A3_SQ_SOFT_RETEST_W15_B45_C60_RCM05_V2,LONG,2025-04-22 09:10:00,2025-04-22 10:10:00,Afternoon 12:00-15:59,RISING,3452.665,3442.98871,3467.17943,967.63,1.5,50.0,50.0,75.0,0.0,10.0,0.0,0.062007,0.087844,0.087844,1.437993,1.412156,True,DOWN,WIN
1033669|XAUUSD|breakout_retest|SHORT|2025-04-22 13:00:00|2025-04-22 13:25:00|2025-04-22 13:30:00|3447.84,A3_SQ_SOFT_RETEST_W15_B45_C60_RCM05_V2,SHORT,2025-04-22 13:35:00,2025-04-22 13:40:00,Evening 16:00-19:59,RISING,3443.375,3450.41107,3432.82089,703.61,1.5,50.0,50.0,75.0,0.0,10.0,0.0,0.085275,0.120806,0.120806,1.414725,1.379194,True,DOWN,WIN
1033669|XAUUSD|breakout_retest|SHORT|2025-04-22 16:35:00|2025-04-22 17:25:00|2025-04-22 17:30:00|3410.05,A3_SQ_SOFT_RETEST_W15_B45_C60_RCM05_V2,SHORT,2025-04-22 17:35:00,2025-04-22 18:25:00,Night 20:00-05:59,FALLING,3402.685,3411.08121,3390.09068,839.62,1.5,50.0,50.0,75.0,0.0,10.0,0.0,0.071461,0.101236,0.101236,1.428539,1.398764,True,DOWN,WIN
1033669|XAUUSD|breakout_retest|SHORT|2025-04-22 23:10:00|2025-04-22 23:15:00|2025-04-22 23:20:00|3347.28,A3_SQ_SOFT_RETEST_W15_B45_C60_RCM05_V2,SHORT,2025-04-22 23:25:00,2025-04-23 00:30:00,Night 20:00-05:59,FALLING,3340.735,3350.69091,3325.80113,995.59,-1.0,50.0,50.0,75.0,0.0,10.0,50.0,0.110487,0.135598,0.135598,-1.110487,-1.135598,True,DOWN,BAD_EXIT_GIVEBACK
1033669|XAUUSD|breakout_retest|LONG|2025-04-23 01:40:00|2025-04-23 01:45:00|2025-04-23 01:50:00|3380.26,A3_SQ_SOFT_RETEST_W15_B45_C60_RCM05_V2,LONG,2025-04-23 01:55:00,2025-04-23 02:05:00,Night 20:00-05:59,FALLING,3386.385,3377.10307,3400.30789,928.19,-1.0,50.0,50.0,75.0,0.0,10.0,50.0,0.11851,0.145444,0.145444,-1.11851,-1.145444,True,DOWN,BAD_SIGNAL
1033669|XAUUSD|breakout_retest|SHORT|2025-04-23 12:05:00|2025-04-23 12:40:00|2025-04-23 12:45:00|3321.34,A3_SQ_SOFT_RETEST_W15_B45_C60_RCM05_V2,SHORT,2025-04-23 12:50:00,2025-04-23 13:05:00,Evening 16:00-19:59,FALLING,3317.365,3325.22686,3305.57221,786.19,1.5,50.0,50.0,75.0,0.0,10.0,0.0,0.076318,0.108117,0.108117,1.423682,1.391883,True,DOWN,WIN
1033669|XAUUSD|breakout_retest|LONG|2025-04-23 16:35:00|2025-04-23 16:40:00|2025-04-23 16:45:00|3296.09,A3_SQ_SOFT_RETEST_W15_B45_C60_RCM05_V2,LONG,2025-04-23 16:50:00,2025-04-23 17:00:00,Night 20:00-05:59,FALLING,3299.635,3295.00414,3306.58129,463.09,-1.0,50.0,50.0,75.0,0.0,10.0,50.0,0.237537,0.291523,0.291523,-1.237537,-1.291523,False,DOWN,BAD_EXIT_GIVEBACK
1033669|XAUUSD|breakout_retest|SHORT|2025-04-23 22:30:00|2025-04-23 22:45:00|2025-04-23 22:50:00|3312.62,A3_SQ_SOFT_RETEST_W15_B45_C60_RCM05_V2,SHORT,2025-04-23 22:55:00,2025-04-23 23:55:00,Night 20:00-05:59,FALLING,3310.645,3314.987,3304.132,434.2,-1.0,50.0,50.0,75.0,0.0,10.0,50.0,0.253339,0.310917,0.310917,-1.253339,-1.310917,False,DOWN,MIXED
1033669|XAUUSD|breakout_retest|LONG|2025-04-24 11:35:00|2025-04-24 11:40:00|2025-04-24 11:45:00|3336.45,A3_SQ_SOFT_RETEST_W15_B45_C60_RCM05_V2,LONG,2025-04-24 11:50:00,2025-04-24 12:00:00,Afternoon 12:00-15:59,RISING,3339.325,3335.65279,3344.83332,367.22,-1.0,50.0,50.0,75.0,0.0,10.0,50.0,0.299547,0.367626,0.367626,-1.299547,-1.367626,False,UP,BAD_SIGNAL
1033669|XAUUSD|breakout_retest|LONG|2025-04-24 11:25:00|2025-04-24 12:10:00|2025-04-24 12:15:00|3336.45,A3_SQ_SOFT_RETEST_W15_B45_C60_RCM05_V2,LONG,2025-04-24 12:20:00,2025-04-24 12:40:00,Evening 16:00-19:59,RISING,3338.225,3335.34529,3342.54457,287.97,1.5,50.0,50.0,75.0,0.0,10.0,0.0,0.208354,0.295168,0.295168,1.291646,1.204832,False,UP,WIN
1033669|XAUUSD|breakout_retest|SHORT|2025-04-24 13:00:00|2025-04-24 13:05:00|2025-04-24 13:10:00|3335.55,A3_SQ_SOFT_RETEST_W15_B45_C60_RCM05_V2,SHORT,2025-04-24 13:15:00,2025-04-24 13:35:00,Evening 16:00-19:59,RISING,3330.725,3336.47236,3322.10396,574.74,1.5,50.0,50.0,75.0,0.0,10.0,0.0,0.104396,0.147894,0.147894,1.395604,1.352106,True,UP,WIN
1033669|XAUUSD|breakout_retest|LONG|2025-04-24 16:05:00|2025-04-24 16:50:00|2025-04-24 16:55:00|3329.53,A3_SQ_SOFT_RETEST_W15_B45_C60_RCM05_V2,LONG,2025-04-24 17:00:00,2025-04-24 17:25:00,Night 20:00-05:59,RISING,3331.339,3327.37336,3337.28746,396.56,1.5,50.0,50.0,75.0,0.0,10.0,0.0,0.1513,0.214341,0.214341,1.3487,1.285659,False,UP,WIN
1033669|XAUUSD|breakout_retest|LONG|2025-04-24 17:25:00|2025-04-24 18:00:00|2025-04-24 18:05:00|3335.09,A3_SQ_SOFT_RETEST_W15_B45_C60_RCM05_V2,LONG,2025-04-24 18:10:00,2025-04-24 18:30:00,Night 20:00-05:59,RISING,3336.525,3334.44086,3339.65121,208.41,1.5,50.0,50.0,75.0,0.0,10.0,0.0,0.287888,0.407842,0.407842,1.212112,1.092158,False,UP,WIN
1033669|XAUUSD|breakout_retest|LONG|2025-04-24 19:50:00|2025-04-24 20:25:00|2025-04-24 20:30:00|3340.09,A3_SQ_SOFT_RETEST_W15_B45_C60_RCM05_V2,LONG,2025-04-24 20:35:00,2025-04-24 20:50:00,Night 20:00-05:59,RISING,3341.645,3338.55226,3346.28411,309.27,1.5,50.0,50.0,75.0,0.0,10.0,0.0,0.194003,0.274837,0.274837,1.305997,1.225163,False,UP,WIN
1033669|XAUUSD|breakout_retest|LONG|2025-04-24 22:30:00|2025-04-24 23:40:00|2025-04-24 23:45:00|3349.80,A3_SQ_SOFT_RETEST_W15_B45_C60_RCM05_V2,LONG,2025-04-24 23:50:00,2025-04-24 23:55:00,Night 20:00-05:59,RISING,3353.105,3349.38486,3358.68521,372.01,-1.0,50.0,50.0,75.0,0.0,10.0,50.0,0.295688,0.362889,0.362889,-1.295688,-1.362889,False,UP,BAD_SIGNAL
1033669|XAUUSD|breakout_retest|LONG|2025-04-28 04:45:00|2025-04-28 04:50:00|2025-04-28 04:55:00|3294.89,A3_SQ_SOFT_RETEST_W15_B45_C60_RCM05_V2,LONG,2025-04-28 05:00:00,2025-04-28 05:40:00,Morning 06:00-11:59,FALLING,3298.475,3294.41921,3304.55868,405.58,-1.0,50.0,50.0,75.0,0.0,10.0,50.0,0.271217,0.332858,0.332858,-1.271217,-1.332858,False,UP,MIXED
1033669|XAUUSD|breakout_retest|SHORT|2025-04-28 07:00:00|2025-04-28 07:55:00|2025-04-28 08:00:00|3287.57,A3_SQ_SOFT_RETEST_W15_B45_C60_RCM05_V2,SHORT,2025-04-28 08:05:00,2025-04-28 09:30:00,Afternoon 12:00-15:59,FALLING,3286.555,3292.01921,3278.35868,546.42,1.5,50.0,50.0,75.0,0.0,10.0,0.0,0.109805,0.155558,0.155558,1.390195,1.344442,True,UP,WIN
1033669|XAUUSD|breakout_retest|SHORT|2025-04-28 09:25:00|2025-04-28 09:50:00|2025-04-28 09:55:00|3278.93,A3_SQ_SOFT_RETEST_W15_B45_C60_RCM05_V2,SHORT,2025-04-28 10:00:00,2025-04-28 10:15:00,Afternoon 12:00-15:59,FALLING,3276.445,3279.82921,3271.36868,338.42,-1.0,50.0,50.0,75.0,0.0,10.0,50.0,0.325039,0.398911,0.398911,-1.325039,-1.398911,False,UP,BAD_EXIT_GIVEBACK
1033669|XAUUSD|breakout_retest|LONG|2025-04-28 12:10:00|2025-04-28 12:15:00|2025-04-28 12:20:00|3294.26,A3_SQ_SOFT_RETEST_W15_B45_C60_RCM05_V2,LONG,2025-04-28 12:25:00,2025-04-28 13:05:00,Evening 16:00-19:59,FALLING,3296.275,3292.14579,3302.46882,412.92,-1.0,50.0,50.0,75.0,0.0,10.0,50.0,0.266395,0.326939,0.326939,-1.266395,-1.326939,False,UP,NEAR_TP_GIVEBACK
1033669|XAUUSD|breakout_retest|LONG|2025-04-28 12:25:00|2025-04-28 13:10:00|2025-04-28 13:15:00|3294.26,A3_SQ_SOFT_RETEST_W15_B45_C60_RCM05_V2,LONG,2025-04-28 13:20:00,2025-04-28 13:45:00,Evening 16:00-19:59,FALLING,3296.685,3292.70121,3302.66068,398.38,-1.0,50.0,50.0,75.0,0.0,10.0,50.0,0.276119,0.338874,0.338874,-1.276119,-1.338874,False,UP,BAD_EXIT_GIVEBACK
1033669|XAUUSD|breakout_retest|LONG|2025-04-28 19:00:00|2025-04-28 19:50:00|2025-04-28 19:55:00|3349.51,A3_SQ_SOFT_RETEST_W15_B45_C60_RCM05_V2,LONG,2025-04-28 20:00:00,2025-04-28 20:05:00,Night 20:00-05:59,RISING,3351.045,3349.26271,3353.71843,178.23,-1.0,50.0,50.0,75.0,0.0,10.0,50.0,0.617185,0.757454,0.757454,-1.617185,-1.757454,False,UP,MIXED
1033669|XAUUSD|breakout_retest|SHORT|2025-04-28 22:20:00|2025-04-28 23:00:00|2025-04-28 23:05:00|3342.05,A3_SQ_SOFT_RETEST_W15_B45_C60_RCM05_V2,SHORT,2025-04-28 23:10:00,2025-04-29 00:55:00,Night 20:00-05:59,RISING,3337.155,3342.86057,3328.59664,570.56,1.5,50.0,50.0,75.0,0.0,10.0,0.0,0.10516,0.148977,0.148977,1.39484,1.351023,True,UP,WIN
1033669|XAUUSD|breakout_retest|SHORT|2025-04-29 01:00:00|2025-04-29 01:40:00|2025-04-29 01:45:00|3330.32,A3_SQ_SOFT_RETEST_W15_B45_C60_RCM05_V2,SHORT,2025-04-29 01:50:00,2025-04-29 03:15:00,Night 20:00-05:59,RISING,3326.925,3335.35457,3314.28064,842.96,1.5,50.0,50.0,75.0,0.0,10.0,0.0,0.071178,0.100835,0.100835,1.428822,1.399165,True,DOWN,WIN
1033669|XAUUSD|breakout_retest|LONG|2025-04-29 06:30:00|2025-04-29 07:40:00|2025-04-29 07:45:00|3316.20,A3_SQ_SOFT_RETEST_W15_B45_C60_RCM05_V2,LONG,2025-04-29 07:50:00,2025-04-29 08:45:00,Morning 06:00-11:59,FALLING,3319.745,3315.80967,3325.64799,393.53,-1.0,50.0,50.0,75.0,0.0,10.0,50.0,0.279519,0.343046,0.343046,-1.279519,-1.343046,False,DOWN,NEAR_TP_GIVEBACK
1033669|XAUUSD|breakout_retest|LONG|2025-04-29 19:00:00|2025-04-29 19:55:00|2025-04-29 20:00:00|3319.32,A3_SQ_SOFT_RETEST_W15_B45_C60_RCM05_V2,LONG,2025-04-29 20:05:00,2025-04-29 20:50:00,Night 20:00-05:59,RISING,3321.225,3318.21736,3325.73646,300.76,-1.0,50.0,50.0,75.0,0.0,10.0,50.0,0.365735,0.448856,0.448856,-1.365735,-1.448856,False,DOWN,MIXED
1033669|XAUUSD|breakout_retest|SHORT|2025-04-29 23:10:00|2025-04-29 23:35:00|2025-04-29 23:40:00|3316.16,A3_SQ_SOFT_RETEST_W15_B45_C60_RCM05_V2,SHORT,2025-04-29 23:45:00,2025-04-30 00:05:00,Night 20:00-05:59,RISING,3312.415,3317.5025,3304.78375,508.75,-1.0,50.0,50.0,75.0,0.0,10.0,50.0,0.216216,0.265356,0.265356,-1.216216,-1.265356,False,DOWN,BAD_SIGNAL
1033669|XAUUSD|breakout_retest|LONG|2025-04-30 05:10:00|2025-04-30 05:20:00|2025-04-30 05:25:00|3310.99,A3_SQ_SOFT_RETEST_W15_B45_C60_RCM05_V2,LONG,2025-04-30 05:30:00,2025-04-30 05:40:00,Morning 06:00-11:59,FALLING,3312.525,3309.35314,3317.28279,317.19,-1.0,50.0,50.0,75.0,0.0,10.0,50.0,0.3468,0.425618,0.425618,-1.3468,-1.425618,False,DOWN,MIXED
1033669|XAUUSD|breakout_retest|LONG|2025-04-30 07:25:00|2025-04-30 07:30:00|2025-04-30 07:35:00|3309.24,A3_SQ_SOFT_RETEST_W15_B45_C60_RCM05_V2,LONG,2025-04-30 07:40:00,2025-04-30 08:00:00,Morning 06:00-11:59,FALLING,3311.285,3308.40821,3315.60018,287.68,-1.0,50.0,50.0,75.0,0.0,10.0,50.0,0.382371,0.469274,0.469274,-1.382371,-1.469274,False,DOWN,BAD_EXIT_GIVEBACK
1033669|XAUUSD|breakout_retest|SHORT|2025-04-30 14:30:00|2025-04-30 14:35:00|2025-04-30 14:40:00|3299.32,A3_SQ_SOFT_RETEST_W15_B45_C60_RCM05_V2,SHORT,2025-04-30 14:45:00,2025-04-30 14:55:00,Evening 16:00-19:59,FALLING,3292.505,3300.85314,3279.98279,834.81,-1.0,50.0,50.0,75.0,0.0,10.0,50.0,0.131766,0.161713,0.161713,-1.131766,-1.161713,False,DOWN,BAD_SIGNAL
1033669|XAUUSD|breakout_retest|SHORT|2025-04-30 18:35:00|2025-04-30 19:15:00|2025-04-30 19:20:00|3304.55,A3_SQ_SOFT_RETEST_W15_B45_C60_RCM05_V2,SHORT,2025-04-30 19:25:00,2025-04-30 19:40:00,Night 20:00-05:59,RISING,3301.555,3305.142,3296.1745,358.7,1.5,50.0,50.0,75.0,0.0,10.0,0.0,0.167271,0.236967,0.236967,1.332729,1.263033,False,DOWN,WIN
1033669|XAUUSD|breakout_retest|SHORT|2025-04-30 22:30:00|2025-04-30 23:10:00|2025-04-30 23:15:00|3282.80,A3_SQ_SOFT_RETEST_W15_B45_C60_RCM05_V2,SHORT,2025-04-30 23:20:00,2025-05-01 00:25:00,Night 20:00-05:59,FALLING,3277.585,3285.39329,3265.87257,780.83,1.5,50.0,50.0,75.0,0.0,10.0,0.0,0.076841,0.108859,0.108859,1.423159,1.391141,True,DOWN,WIN
1033669|XAUUSD|breakout_retest|SHORT|2025-05-01 03:45:00|2025-05-01 03:50:00|2025-05-01 03:55:00|3234.36,A3_SQ_SOFT_RETEST_W15_B45_C60_RCM05_V2,SHORT,2025-05-01 04:00:00,2025-05-01 05:40:00,Morning 06:00-11:59,FALLING,3228.855,3234.92943,3219.74336,607.44,-1.0,50.0,50.0,75.0,0.0,10.0,50.0,0.181087,0.222243,0.222243,-1.181087,-1.222243,False,DOWN,NEAR_TP_GIVEBACK
1033669|XAUUSD|breakout_retest|SHORT|2025-05-01 07:15:00|2025-05-01 08:30:00|2025-05-01 08:35:00|3233.57,A3_SQ_SOFT_RETEST_W15_B45_C60_RCM05_V2,SHORT,2025-05-01 08:40:00,2025-05-01 08:55:00,Afternoon 12:00-15:59,FALLING,3232.785,3234.96247,3229.51879,217.75,-1.0,50.0,50.0,75.0,0.0,10.0,50.0,0.505173,0.619985,0.619985,-1.505173,-1.619985,False,DOWN,MIXED
1033669|XAUUSD|breakout_retest|SHORT|2025-05-01 09:05:00|2025-05-01 09:10:00|2025-05-01 09:15:00|3231.59,A3_SQ_SOFT_RETEST_W15_B45_C60_RCM05_V2,SHORT,2025-05-01 09:20:00,2025-05-01 09:45:00,Afternoon 12:00-15:59,FALLING,3227.935,3233.30979,3219.87282,537.48,1.5,50.0,50.0,75.0,0.0,10.0,0.0,0.111632,0.158146,0.158146,1.388368,1.341854,True,DOWN,WIN
1033669|XAUUSD|breakout_retest|SHORT|2025-05-01 15:45:00|2025-05-01 16:00:00|2025-05-01 16:05:00|3213.93,A3_SQ_SOFT_RETEST_W15_B45_C60_RCM05_V2,SHORT,2025-05-01 16:10:00,2025-05-01 17:00:00,Night 20:00-05:59,FALLING,3211.245,3217.61871,3201.68443,637.37,-1.0,50.0,50.0,75.0,0.0,10.0,50.0,0.172584,0.211807,0.211807,-1.172584,-1.211807,False,DOWN,BAD_SIGNAL
1033669|XAUUSD|breakout_retest|LONG|2025-05-01 19:40:00|2025-05-01 19:55:00|2025-05-01 20:00:00|3226.61,A3_SQ_SOFT_RETEST_W15_B45_C60_RCM05_V2,LONG,2025-05-01 20:05:00,2025-05-01 20:15:00,Night 20:00-05:59,FALLING,3229.325,3226.09124,3234.17564,323.38,1.5,50.0,50.0,75.0,0.0,10.0,0.0,0.185543,0.262852,0.262852,1.314457,1.237148,False,DOWN,WIN
1033669|XAUUSD|breakout_retest|SHORT|2025-05-02 06:25:00|2025-05-02 06:30:00|2025-05-02 06:35:00|3259.49,A3_SQ_SOFT_RETEST_W15_B45_C60_RCM05_V2,SHORT,2025-05-02 06:40:00,2025-05-02 06:45:00,Morning 06:00-11:59,RISING,3257.075,3260.36119,3252.14572,328.62,1.5,50.0,50.0,75.0,0.0,10.0,0.0,0.182582,0.258659,0.258659,1.317418,1.241341,False,UP,WIN
1033669|XAUUSD|breakout_retest|SHORT|2025-05-02 07:50:00|2025-05-02 08:05:00|2025-05-02 08:10:00|3259.49,A3_SQ_SOFT_RETEST_W15_B45_C60_RCM05_V2,SHORT,2025-05-02 08:15:00,2025-05-02 08:25:00,Afternoon 12:00-15:59,RISING,3256.395,3260.53564,3250.18404,414.06,-1.0,50.0,50.0,75.0,0.0,10.0,50.0,0.265659,0.326036,0.326036,-1.265659,-1.326036,False,UP,BAD_SIGNAL
1033669|XAUUSD|breakout_retest|SHORT|2025-05-02 08:15:00|2025-05-02 08:20:00|2025-05-02 08:25:00|3259.49,A3_SQ_SOFT_RETEST_W15_B45_C60_RCM05_V2,SHORT,2025-05-02 08:30:00,2025-05-02 09:10:00,Afternoon 12:00-15:59,RISING,3256.485,3261.09229,3249.57407,460.73,-1.0,50.0,50.0,75.0,0.0,10.0,50.0,0.238752,0.293014,0.293014,-1.238752,-1.293014,False,UP,BAD_SIGNAL
1033669|XAUUSD|breakout_retest|SHORT|2025-05-02 12:45:00|2025-05-02 12:50:00|2025-05-02 12:55:00|3259.49,A3_SQ_SOFT_RETEST_W15_B45_C60_RCM05_V2,SHORT,2025-05-02 13:00:00,2025-05-02 13:05:00,Evening 16:00-19:59,RISING,3254.685,3260.75807,3245.57539,607.31,1.5,50.0,50.0,75.0,0.0,10.0,0.0,0.098797,0.139962,0.139962,1.401203,1.360038,True,UP,WIN
1033669|XAUUSD|breakout_retest|SHORT|2025-05-02 14:25:00|2025-05-02 14:35:00|2025-05-02 14:40:00|3259.49,A3_SQ_SOFT_RETEST_W15_B45_C60_RCM05_V2,SHORT,2025-05-02 14:45:00,2025-05-02 14:55:00,Evening 16:00-19:59,RISING,3255.775,3261.28521,3247.50968,551.02,-1.0,50.0,50.0,75.0,0.0,10.0,50.0,0.199629,0.245,0.245,-1.199629,-1.245,False,UP,BAD_EXIT_GIVEBACK
1033669|XAUUSD|breakout_retest|LONG|2025-05-02 15:00:00|2025-05-02 15:05:00|2025-05-02 15:10:00|3259.41,A3_SQ_SOFT_RETEST_W15_B45_C60_RCM05_V2,LONG,2025-05-02 15:15:00,2025-05-02 15:20:00,Evening 16:00-19:59,RISING,3263.425,3258.64993,3270.58761,477.51,-1.0,50.0,50.0,75.0,0.0,10.0,50.0,0.230363,0.282718,0.282718,-1.230363,-1.282718,False,UP,BAD_SIGNAL
1033669|XAUUSD|breakout_retest|SHORT|2025-05-02 14:45:00|2025-05-02 15:15:00|2025-05-02 15:20:00|3259.49,A3_SQ_SOFT_RETEST_W15_B45_C60_RCM05_V2,SHORT,2025-05-02 15:25:00,2025-05-02 15:35:00,Evening 16:00-19:59,RISING,3255.835,3264.3635,3243.04225,852.85,1.5,50.0,50.0,75.0,0.0,10.0,0.0,0.070352,0.099666,0.099666,1.429648,1.400334,True,UP,WIN
1033669|XAUUSD|breakout_retest|LONG|2025-05-02 20:05:00|2025-05-02 20:10:00|2025-05-02 20:15:00|3232.65,A3_SQ_SOFT_RETEST_W15_B45_C60_RCM05_V2,LONG,2025-05-02 20:20:00,2025-05-02 20:25:00,Night 20:00-05:59,FALLING,3235.715,3232.31526,3240.81461,339.97,1.5,50.0,50.0,75.0,0.0,10.0,0.0,0.176484,0.250019,0.250019,1.323516,1.249981,False,UP,WIN
1033669|XAUUSD|breakout_retest|LONG|2025-05-05 07:45:00|2025-05-05 08:15:00|2025-05-05 08:20:00|3265.47,A3_SQ_SOFT_RETEST_W15_B45_C60_RCM05_V2,LONG,2025-05-05 08:25:00,2025-05-05 08:45:00,Afternoon 12:00-15:59,RISING,3267.385,3262.62071,3274.53143,476.43,1.5,50.0,50.0,75.0,0.0,10.0,0.0,0.125937,0.178411,0.178411,1.374063,1.321589,False,UP,WIN
1033669|XAUUSD|breakout_retest|LONG|2025-05-05 17:40:00|2025-05-05 17:45:00|2025-05-05 17:50:00|3313.26,A3_SQ_SOFT_RETEST_W15_B45_C60_RCM05_V2,LONG,2025-05-05 17:55:00,2025-05-05 18:00:00,Night 20:00-05:59,RISING,3314.385,3312.11136,3317.79546,227.36,1.5,50.0,50.0,75.0,0.0,10.0,0.0,0.263894,0.373849,0.373849,1.236106,1.126151,False,UP,WIN
1033669|XAUUSD|breakout_retest|LONG|2025-05-05 18:25:00|2025-05-05 18:35:00|2025-05-05 18:40:00|3317.89,A3_SQ_SOFT_RETEST_W15_B45_C60_RCM05_V2,LONG,2025-05-05 18:45:00,2025-05-05 19:10:00,Night 20:00-05:59,RISING,3320.115,3317.1755,3324.52425,293.95,1.5,50.0,50.0,75.0,0.0,10.0,0.0,0.204116,0.289165,0.289165,1.295884,1.210835,False,UP,WIN
1033669|XAUUSD|breakout_retest|SHORT|2025-05-06 00:25:00|2025-05-06 00:30:00|2025-05-06 00:35:00|3328.24,A3_SQ_SOFT_RETEST_W15_B45_C60_RCM05_V2,SHORT,2025-05-06 00:40:00,2025-05-06 00:50:00,Night 20:00-05:59,RISING,3324.445,3328.55029,3318.28707,410.53,-1.0,50.0,50.0,75.0,0.0,10.0,50.0,0.267947,0.328844,0.328844,-1.267947,-1.328844,False,UP,BAD_EXIT_GIVEBACK
1033669|XAUUSD|breakout_retest|SHORT|2025-05-06 05:20:00|2025-05-06 05:35:00|2025-05-06 05:40:00|3355.64,A3_SQ_SOFT_RETEST_W15_B45_C60_RCM05_V2,SHORT,2025-05-06 05:45:00,2025-05-06 05:50:00,Morning 06:00-11:59,RISING,3352.99,3356.53093,3347.67861,354.09,-1.0,50.0,50.0,75.0,0.0,10.0,50.0,0.310653,0.381256,0.381256,-1.310653,-1.381256,False,UP,BAD_EXIT_GIVEBACK
1033669|XAUUSD|breakout_retest|LONG|2025-05-06 10:00:00|2025-05-06 10:05:00|2025-05-06 10:10:00|3380.38,A3_SQ_SOFT_RETEST_W15_B45_C60_RCM05_V2,LONG,2025-05-06 10:15:00,2025-05-06 10:25:00,Afternoon 12:00-15:59,RISING,3382.655,3379.82681,3386.89728,282.82,-1.0,50.0,50.0,75.0,0.0,10.0,50.0,0.388942,0.477338,0.477338,-1.388942,-1.477338,False,UP,BAD_SIGNAL
1033669|XAUUSD|breakout_retest|LONG|2025-05-06 09:55:00|2025-05-06 10:50:00|2025-05-06 10:55:00|3380.38,A3_SQ_SOFT_RETEST_W15_B45_C60_RCM05_V2,LONG,2025-05-06 11:00:00,2025-05-06 11:25:00,Afternoon 12:00-15:59,RISING,3381.015,3378.57389,3384.67667,244.11,1.5,50.0,50.0,75.0,0.0,10.0,0.0,0.245789,0.348202,0.348202,1.254211,1.151798,False,UP,WIN
1033669|XAUUSD|breakout_retest|SHORT|2025-05-06 14:25:00|2025-05-06 14:35:00|2025-05-06 14:40:00|3387.49,A3_SQ_SOFT_RETEST_W15_B45_C60_RCM05_V2,SHORT,2025-05-06 14:45:00,2025-05-06 15:05:00,Evening 16:00-19:59,RISING,3384.785,3389.19193,3378.17461,440.69,-1.0,50.0,50.0,75.0,0.0,10.0,50.0,0.249607,0.306336,0.306336,-1.249607,-1.306336,False,UP,NEAR_TP_GIVEBACK
1033669|XAUUSD|breakout_retest|LONG|2025-05-07 02:20:00|2025-05-07 02:25:00|2025-05-07 02:30:00|3384.76,A3_SQ_SOFT_RETEST_W15_B45_C60_RCM05_V2,LONG,2025-05-07 02:35:00,2025-05-07 03:30:00,Morning 06:00-11:59,FALLING,3392.695,3382.93757,3407.33114,975.74,-1.0,50.0,50.0,75.0,0.0,10.0,50.0,0.112735,0.138356,0.138356,-1.112735,-1.138356,True,DOWN,BAD_SIGNAL
1033669|XAUUSD|breakout_retest|SHORT|2025-05-07 09:20:00|2025-05-07 09:45:00|2025-05-07 09:50:00|3377.99,A3_SQ_SOFT_RETEST_W15_B45_C60_RCM05_V2,SHORT,2025-05-07 09:55:00,2025-05-07 10:00:00,Afternoon 12:00-15:59,RISING,3375.605,3378.85743,3370.72636,325.24,1.5,50.0,50.0,75.0,0.0,10.0,0.0,0.184478,0.261343,0.261343,1.315522,1.238657,False,DOWN,WIN
1033669|XAUUSD|breakout_retest|LONG|2025-05-07 10:25:00|2025-05-07 10:30:00|2025-05-07 10:35:00|3388.49,A3_SQ_SOFT_RETEST_W15_B45_C60_RCM05_V2,LONG,2025-05-07 10:40:00,2025-05-07 11:10:00,Afternoon 12:00-15:59,FALLING,3391.405,3387.91471,3396.64043,349.03,-1.0,50.0,50.0,75.0,0.0,10.0,50.0,0.31516,0.386788,0.386788,-1.31516,-1.386788,False,DOWN,MIXED
1033669|XAUUSD|breakout_retest|SHORT|2025-05-08 05:55:00|2025-05-08 06:05:00|2025-05-08 06:10:00|3359.74,A3_SQ_SOFT_RETEST_W15_B45_C60_RCM05_V2,SHORT,2025-05-08 06:15:00,2025-05-08 06:20:00,Morning 06:00-11:59,FALLING,3354.245,3362.34821,3342.09018,810.32,1.5,50.0,50.0,75.0,0.0,10.0,0.0,0.074045,0.104897,0.104897,1.425955,1.395103,True,DOWN,WIN
1033669|XAUUSD|breakout_retest|LONG|2025-05-08 10:20:00|2025-05-08 11:20:00|2025-05-08 11:25:00|3341.88,A3_SQ_SOFT_RETEST_W15_B45_C60_RCM05_V2,LONG,2025-05-08 11:30:00,2025-05-08 11:45:00,Afternoon 12:00-15:59,FALLING,3343.345,3341.16907,3346.60889,217.59,-1.0,50.0,50.0,75.0,0.0,10.0,50.0,0.505531,0.620425,0.620425,-1.505531,-1.620425,False,DOWN,BAD_EXIT_GIVEBACK
1033669|XAUUSD|breakout_retest|LONG|2025-05-08 12:35:00|2025-05-08 12:55:00|2025-05-08 13:00:00|3352.84,A3_SQ_SOFT_RETEST_W15_B45_C60_RCM05_V2,LONG,2025-05-08 13:05:00,2025-05-08 13:35:00,Evening 16:00-19:59,FALLING,3356.455,3350.1755,3365.87425,627.95,1.5,50.0,50.0,75.0,0.0,10.0,0.0,0.095549,0.135361,0.135361,1.404451,1.364639,True,DOWN,WIN
1033669|XAUUSD|breakout_retest|SHORT|2025-05-08 13:20:00|2025-05-08 13:50:00|2025-05-08 13:55:00|3359.74,A3_SQ_SOFT_RETEST_W15_B45_C60_RCM05_V2,SHORT,2025-05-08 14:00:00,2025-05-08 15:30:00,Evening 16:00-19:59,FALLING,3357.515,3365.02194,3346.25459,750.69,1.5,50.0,50.0,75.0,0.0,10.0,0.0,0.079926,0.113229,0.113229,1.420074,1.386771,True,DOWN,WIN
1033669|XAUUSD|breakout_retest|SHORT|2025-05-09 00:10:00|2025-05-09 00:15:00|2025-05-09 00:20:00|3313.36,A3_SQ_SOFT_RETEST_W15_B45_C60_RCM05_V2,SHORT,2025-05-09 00:25:00,2025-05-09 00:40:00,Night 20:00-05:59,FALLING,3310.805,3314.35,3305.4875,354.5,-1.0,50.0,50.0,75.0,0.0,10.0,50.0,0.310296,0.380818,0.380818,-1.310296,-1.380818,False,UP,MIXED
1033669|XAUUSD|breakout_retest|SHORT|2025-05-09 00:20:00|2025-05-09 01:15:00|2025-05-09 01:20:00|3313.36,A3_SQ_SOFT_RETEST_W15_B45_C60_RCM05_V2,SHORT,2025-05-09 01:25:00,2025-05-09 01:35:00,Night 20:00-05:59,FALLING,3308.825,3317.20179,3296.25982,837.68,1.5,50.0,50.0,75.0,0.0,10.0,0.0,0.071627,0.101471,0.101471,1.428373,1.398529,True,UP,WIN
1033669|XAUUSD|breakout_retest|SHORT|2025-05-09 02:05:00|2025-05-09 03:10:00|2025-05-09 03:15:00|3308.53,A3_SQ_SOFT_RETEST_W15_B45_C60_RCM05_V2,SHORT,2025-05-09 03:20:00,2025-05-09 03:50:00,Morning 06:00-11:59,FALLING,3300.995,3309.35057,3288.46164,835.56,-1.0,50.0,50.0,75.0,0.0,10.0,50.0,0.131649,0.161569,0.161569,-1.131649,-1.161569,False,UP,BAD_SIGNAL
1033669|XAUUSD|breakout_retest|LONG|2025-05-09 05:05:00|2025-05-09 05:50:00|2025-05-09 05:55:00|3316.82,A3_SQ_SOFT_RETEST_W15_B45_C60_RCM05_V2,LONG,2025-05-09 06:00:00,2025-05-09 07:00:00,Morning 06:00-11:59,FALLING,3318.655,3314.39114,3325.05079,426.39,1.5,50.0,50.0,75.0,0.0,10.0,0.0,0.140718,0.19935,0.19935,1.359282,1.30065,False,UP,WIN
1033669|XAUUSD|breakout_retest|LONG|2025-05-09 11:10:00|2025-05-09 11:45:00|2025-05-09 11:50:00|3329.59,A3_SQ_SOFT_RETEST_W15_B45_C60_RCM05_V2,LONG,2025-05-09 11:55:00,2025-05-09 13:15:00,Afternoon 12:00-15:59,RISING,3332.405,3328.62221,3338.07918,378.28,-1.0,50.0,50.0,75.0,0.0,10.0,50.0,0.290791,0.35688,0.35688,-1.290791,-1.35688,False,UP,BAD_EXIT_GIVEBACK
1033669|XAUUSD|breakout_retest|SHORT|2025-05-09 19:15:00|2025-05-09 19:20:00|2025-05-09 19:25:00|3335.99,A3_SQ_SOFT_RETEST_W15_B45_C60_RCM05_V2,SHORT,2025-05-09 19:30:00,2025-05-09 19:40:00,Night 20:00-05:59,RISING,3332.455,3336.29464,3326.69554,383.96,1.5,50.0,50.0,75.0,0.0,10.0,0.0,0.156265,0.221375,0.221375,1.343735,1.278625,False,UP,WIN
1033669|XAUUSD|breakout_retest|SHORT|2025-05-11 22:40:00|2025-05-11 22:55:00|2025-05-11 23:00:00|3274.30,A3_SQ_SOFT_RETEST_W15_B45_C60_RCM05_V2,SHORT,2025-05-11 23:05:00,2025-05-11 23:20:00,Night 20:00-05:59,FALLING,3271.825,3276.84004,3264.30245,501.5,-1.0,50.0,50.0,75.0,0.0,10.0,50.0,0.21934,0.269191,0.269191,-1.21934,-1.269191,False,DOWN,NEAR_TP_GIVEBACK
1033669|XAUUSD|breakout_retest|SHORT|2025-05-14 01:00:00|2025-05-14 01:55:00|2025-05-14 02:00:00|3240.89,A3_SQ_SOFT_RETEST_W15_B45_C60_RCM05_V2,SHORT,2025-05-14 02:05:00,2025-05-14 03:20:00,Morning 06:00-11:59,FALLING,3236.825,3243.10036,3227.41196,627.54,1.5,50.0,50.0,75.0,0.0,10.0,0.0,0.095612,0.13545,0.13545,1.404388,1.36455,True,DOWN,WIN
1033669|XAUUSD|breakout_retest|LONG|2025-05-14 06:00:00|2025-05-14 06:35:00|2025-05-14 06:40:00|3230.14,A3_SQ_SOFT_RETEST_W15_B45_C60_RCM05_V2,LONG,2025-05-14 06:45:00,2025-05-14 07:00:00,Morning 06:00-11:59,FALLING,3231.175,3227.99269,3235.94847,318.23,-1.0,50.0,50.0,75.0,0.0,10.0,50.0,0.34566,0.42422,0.42422,-1.34566,-1.42422,False,DOWN,BAD_EXIT_GIVEBACK
1033669|XAUUSD|breakout_retest|SHORT|2025-05-14 08:00:00|2025-05-14 08:05:00|2025-05-14 08:10:00|3240.89,A3_SQ_SOFT_RETEST_W15_B45_C60_RCM05_V2,SHORT,2025-05-14 08:15:00,2025-05-14 11:50:00,Afternoon 12:00-15:59,FALLING,3237.225,3243.90907,3227.19889,668.41,1.5,50.0,50.0,75.0,0.0,10.0,0.0,0.089766,0.127168,0.127168,1.410234,1.372832,True,DOWN,WIN
1033669|XAUUSD|breakout_retest|LONG|2025-05-14 19:50:00|2025-05-14 20:15:00|2025-05-14 20:20:00|3178.53,A3_SQ_SOFT_RETEST_W15_B45_C60_RCM05_V2,LONG,2025-05-14 20:25:00,2025-05-14 21:00:00,Night 20:00-05:59,FALLING,3180.815,3178.17154,3184.78019,264.35,-1.0,50.0,50.0,75.0,0.0,10.0,50.0,0.416122,0.510695,0.510695,-1.416122,-1.510695,False,DOWN,BAD_EXIT_GIVEBACK
1033669|XAUUSD|breakout_retest|LONG|2025-05-14 23:50:00|2025-05-14 23:55:00|2025-05-16 00:00:00|3185.53,A3_SQ_SOFT_RETEST_W15_B45_C60_RCM05_V2,LONG,2025-05-16 00:05:00,2025-05-16 00:10:00,Night 20:00-05:59,FALLING,3186.605,3185.21807,3188.68539,138.69,1.5,50.0,50.0,75.0,0.0,10.0,0.0,0.432611,0.612865,0.612865,1.067389,0.887135,False,DOWN,WIN
1033669|XAUUSD|breakout_retest|SHORT|2025-05-16 00:45:00|2025-05-16 01:00:00|2025-05-16 01:05:00|3240.89,A3_SQ_SOFT_RETEST_W15_B45_C60_RCM05_V2,SHORT,2025-05-16 01:10:00,2025-05-16 01:50:00,Night 20:00-05:59,FALLING,3234.565,3244.67729,3219.39657,1011.23,1.5,50.0,50.0,75.0,0.0,10.0,0.0,0.059334,0.084056,0.084056,1.440666,1.415944,True,DOWN,WIN
1033669|XAUUSD|breakout_retest|SHORT|2025-05-16 03:05:00|2025-05-16 03:35:00|2025-05-16 03:40:00|3214.47,A3_SQ_SOFT_RETEST_W15_B45_C60_RCM05_V2,SHORT,2025-05-16 03:45:00,2025-05-16 04:20:00,Morning 06:00-11:59,RISING,3210.595,3215.42764,3203.34604,483.26,-1.0,50.0,50.0,75.0,0.0,10.0,50.0,0.227619,0.27935,0.27935,-1.227619,-1.27935,False,DOWN,MIXED
1033669|XAUUSD|breakout_retest|LONG|2025-05-16 04:20:00|2025-05-16 04:30:00|2025-05-16 04:35:00|3215.01,A3_SQ_SOFT_RETEST_W15_B45_C60_RCM05_V2,LONG,2025-05-16 04:40:00,2025-05-16 04:55:00,Morning 06:00-11:59,RISING,3216.535,3213.7885,3220.65475,274.65,1.5,50.0,50.0,75.0,0.0,10.0,0.0,0.21846,0.309485,0.309485,1.28154,1.190515,False,DOWN,WIN
1033669|XAUUSD|breakout_retest|LONG|2025-05-16 17:00:00|2025-05-16 18:15:00|2025-05-16 18:20:00|3187.09,A3_SQ_SOFT_RETEST_W15_B45_C60_RCM05_V2,LONG,2025-05-16 18:25:00,2025-05-16 18:40:00,Night 20:00-05:59,FALLING,3188.275,3185.34914,3192.66379,292.59,-1.0,50.0,50.0,75.0,0.0,10.0,50.0,0.375958,0.461403,0.461403,-1.375958,-1.461403,False,DOWN,MIXED
1033669|XAUUSD|breakout_retest|LONG|2025-05-16 19:05:00|2025-05-16 19:10:00|2025-05-16 19:15:00|3190.26,A3_SQ_SOFT_RETEST_W15_B45_C60_RCM05_V2,LONG,2025-05-16 19:20:00,2025-05-16 19:25:00,Night 20:00-05:59,FALLING,3191.725,3189.60664,3194.90254,211.84,1.5,50.0,50.0,75.0,0.0,10.0,0.0,0.283238,0.401254,0.401254,1.216762,1.098746,False,DOWN,WIN
1033669|XAUUSD|breakout_retest|LONG|2025-05-20 01:15:00|2025-05-20 01:25:00|2025-05-20 01:30:00|3223.88,A3_SQ_SOFT_RETEST_W15_B45_C60_RCM05_V2,LONG,2025-05-20 01:35:00,2025-05-20 02:00:00,Night 20:00-05:59,RISING,3226.505,3222.27794,3232.84559,422.71,-1.0,50.0,50.0,75.0,0.0,10.0,50.0,0.260228,0.319371,0.319371,-1.260228,-1.319371,False,UP,NEAR_TP_GIVEBACK
1033669|XAUUSD|breakout_retest|SHORT|2025-05-20 01:55:00|2025-05-20 02:00:00|2025-05-20 02:05:00|3222.59,A3_SQ_SOFT_RETEST_W15_B45_C60_RCM05_V2,SHORT,2025-05-20 02:10:00,2025-05-20 02:20:00,Morning 06:00-11:59,RISING,3219.015,3223.28881,3212.60428,427.38,1.5,50.0,50.0,75.0,0.0,10.0,0.0,0.14039,0.198886,0.198886,1.35961,1.301114,False,UP,WIN
1033669|XAUUSD|breakout_retest|LONG|2025-05-20 05:05:00|2025-05-20 05:10:00|2025-05-20 05:15:00|3214.72,A3_SQ_SOFT_RETEST_W15_B45_C60_RCM05_V2,LONG,2025-05-20 05:20:00,2025-05-20 05:25:00,Morning 06:00-11:59,RISING,3217.805,3214.12343,3223.32736,368.16,-1.0,50.0,50.0,75.0,0.0,10.0,50.0,0.298785,0.366691,0.366691,-1.298785,-1.366691,False,UP,BAD_SIGNAL
1033669|XAUUSD|breakout_retest|LONG|2025-05-20 07:50:00|2025-05-20 08:25:00|2025-05-20 08:30:00|3219.01,A3_SQ_SOFT_RETEST_W15_B45_C60_RCM05_V2,LONG,2025-05-20 08:35:00,2025-05-20 08:50:00,Afternoon 12:00-15:59,RISING,3222.045,3217.73196,3228.51456,431.3,1.5,50.0,50.0,75.0,0.0,10.0,0.0,0.139113,0.197077,0.197077,1.360887,1.302923,False,UP,WIN
1033669|XAUUSD|breakout_retest|LONG|2025-05-20 11:35:00|2025-05-20 11:50:00|2025-05-20 11:55:00|3239.24,A3_SQ_SOFT_RETEST_W15_B45_C60_RCM05_V2,LONG,2025-05-20 12:00:00,2025-05-20 12:10:00,Evening 16:00-19:59,RISING,3241.275,3239.0035,3244.68225,227.15,-1.0,50.0,50.0,75.0,0.0,10.0,50.0,0.484262,0.594321,0.594321,-1.484262,-1.594321,False,UP,BAD_SIGNAL
1033669|XAUUSD|breakout_retest|LONG|2025-05-20 11:55:00|2025-05-20 12:25:00|2025-05-20 12:30:00|3239.24,A3_SQ_SOFT_RETEST_W15_B45_C60_RCM05_V2,LONG,2025-05-20 12:35:00,2025-05-20 12:40:00,Evening 16:00-19:59,RISING,3241.365,3236.73707,3248.30689,462.79,1.5,50.0,50.0,75.0,0.0,10.0,0.0,0.129648,0.183667,0.183667,1.370352,1.316333,False,UP,WIN
1033669|XAUUSD|breakout_retest|LONG|2025-05-20 13:45:00|2025-05-20 13:50:00|2025-05-20 13:55:00|3244.24,A3_SQ_SOFT_RETEST_W15_B45_C60_RCM05_V2,LONG,2025-05-20 14:00:00,2025-05-20 14:05:00,Evening 16:00-19:59,RISING,3249.245,3243.67,3257.6075,557.5,1.5,50.0,50.0,75.0,0.0,10.0,0.0,0.107623,0.152466,0.152466,1.392377,1.347534,True,UP,WIN
1033669|XAUUSD|breakout_retest|LONG|2025-05-20 17:20:00|2025-05-20 17:30:00|2025-05-20 17:35:00|3282.30,A3_SQ_SOFT_RETEST_W15_B45_C60_RCM05_V2,LONG,2025-05-20 17:40:00,2025-05-20 18:30:00,Night 20:00-05:59,RISING,3284.535,3281.60529,3288.92957,292.97,1.5,50.0,50.0,75.0,0.0,10.0,0.0,0.204798,0.290131,0.290131,1.295202,1.209869,False,UP,WIN
1033669|XAUUSD|breakout_retest|LONG|2025-05-21 00:55:00|2025-05-21 01:40:00|2025-05-21 01:45:00|3293.26,A3_SQ_SOFT_RETEST_W15_B45_C60_RCM05_V2,LONG,2025-05-21 01:50:00,2025-05-21 02:05:00,Night 20:00-05:59,RISING,3295.515,3290.12229,3303.60407,539.27,-1.0,50.0,50.0,75.0,0.0,10.0,50.0,0.203979,0.250338,0.250338,-1.203979,-1.250338,False,UP,MIXED
1033669|XAUUSD|breakout_retest|LONG|2025-05-21 00:55:00|2025-05-21 02:05:00|2025-05-21 02:10:00|3293.26,A3_SQ_SOFT_RETEST_W15_B45_C60_RCM05_V2,LONG,2025-05-21 02:15:00,2025-05-21 02:25:00,Morning 06:00-11:59,RISING,3295.615,3292.34714,3300.51679,326.79,-1.0,50.0,50.0,75.0,0.0,10.0,50.0,0.336612,0.413115,0.413115,-1.336612,-1.413115,False,UP,MIXED
1033669|XAUUSD|breakout_retest|LONG|2025-05-21 04:35:00|2025-05-21 04:40:00|2025-05-21 04:45:00|3303.76,A3_SQ_SOFT_RETEST_W15_B45_C60_RCM05_V2,LONG,2025-05-21 04:50:00,2025-05-21 05:00:00,Morning 06:00-11:59,RISING,3306.275,3302.63371,3311.73693,364.13,-1.0,50.0,50.0,75.0,0.0,10.0,50.0,0.302091,0.370748,0.370748,-1.302091,-1.370748,False,UP,BAD_SIGNAL
1033669|XAUUSD|breakout_retest|LONG|2025-05-21 04:45:00|2025-05-21 05:35:00|2025-05-21 05:40:00|3303.76,A3_SQ_SOFT_RETEST_W15_B45_C60_RCM05_V2,LONG,2025-05-21 05:45:00,2025-05-21 05:50:00,Morning 06:00-11:59,RISING,3304.615,3300.265,3311.14,435.0,1.5,50.0,50.0,75.0,0.0,10.0,0.0,0.137931,0.195402,0.195402,1.362069,1.304598,False,UP,WIN
1033669|XAUUSD|breakout_retest|LONG|2025-05-21 08:05:00|2025-05-21 08:10:00|2025-05-21 08:15:00|3303.76,A3_SQ_SOFT_RETEST_W15_B45_C60_RCM05_V2,LONG,2025-05-21 08:20:00,2025-05-21 10:00:00,Afternoon 12:00-15:59,RISING,3306.995,3303.3795,3312.41825,361.55,1.5,50.0,50.0,75.0,0.0,10.0,0.0,0.165952,0.235099,0.235099,1.334048,1.264901,False,UP,WIN
1033669|XAUUSD|breakout_retest|LONG|2025-05-21 09:55:00|2025-05-21 10:15:00|2025-05-21 10:20:00|3312.10,A3_SQ_SOFT_RETEST_W15_B45_C60_RCM05_V2,LONG,2025-05-21 10:25:00,2025-05-21 10:50:00,Afternoon 12:00-15:59,RISING,3313.955,3310.61353,3318.96721,334.15,-1.0,50.0,50.0,75.0,0.0,10.0,50.0,0.329196,0.404014,0.404014,-1.329196,-1.404014,False,UP,BAD_EXIT_GIVEBACK
1033669|XAUUSD|breakout_retest|SHORT|2025-05-21 12:20:00|2025-05-21 13:15:00|2025-05-21 13:20:00|3306.26,A3_SQ_SOFT_RETEST_W15_B45_C60_RCM05_V2,SHORT,2025-05-21 13:25:00,2025-05-21 13:35:00,Evening 16:00-19:59,RISING,3303.858,3307.57826,3298.2776,372.03,-1.0,50.0,50.0,75.0,0.0,10.0,50.0,0.295678,0.362877,0.362877,-1.295678,-1.362877,False,UP,BAD_EXIT_GIVEBACK
1033669|XAUUSD|breakout_retest|LONG|2025-05-21 15:25:00|2025-05-21 15:30:00|2025-05-21 15:35:00|3309.35,A3_SQ_SOFT_RETEST_W15_B45_C60_RCM05_V2,LONG,2025-05-21 15:40:00,2025-05-21 16:35:00,Evening 16:00-19:59,RISING,3312.635,3308.39397,3318.99654,424.1,-1.0,50.0,50.0,75.0,0.0,10.0,50.0,0.259371,0.318319,0.318319,-1.259371,-1.318319,False,UP,BAD_SIGNAL
1033669|XAUUSD|breakout_retest|LONG|2025-05-21 16:45:00|2025-05-21 17:00:00|2025-05-21 17:05:00|3303.76,A3_SQ_SOFT_RETEST_W15_B45_C60_RCM05_V2,LONG,2025-05-21 17:10:00,2025-05-21 17:20:00,Night 20:00-05:59,RISING,3306.165,3302.24861,3312.03958,391.64,1.5,50.0,50.0,75.0,0.0,10.0,0.0,0.153202,0.217037,0.217037,1.346798,1.282963,False,UP,WIN
1033669|XAUUSD|breakout_retest|SHORT|2025-05-25 23:55:00|2025-05-26 00:05:00|2025-05-26 00:10:00|3343.66,A3_SQ_SOFT_RETEST_W15_B45_C60_RCM05_V2,SHORT,2025-05-26 00:15:00,2025-05-26 01:55:00,Night 20:00-05:59,FALLING,3340.225,3346.31401,3331.09148,608.9,-1.0,50.0,50.0,75.0,0.0,10.0,50.0,0.180653,0.221711,0.221711,-1.180653,-1.221711,False,UP,NEAR_TP_GIVEBACK
1033669|XAUUSD|breakout_retest|LONG|2025-05-26 01:50:00|2025-05-26 01:55:00|2025-05-26 02:00:00|3344.35,A3_SQ_SOFT_RETEST_W15_B45_C60_RCM05_V2,LONG,2025-05-26 02:05:00,2025-05-26 02:40:00,Morning 06:00-11:59,FALLING,3346.858,3343.44897,3351.97154,340.9,1.5,50.0,50.0,75.0,0.0,10.0,0.0,0.176003,0.249338,0.249338,1.323997,1.250662,False,UP,WIN
1033669|XAUUSD|breakout_retest|SHORT|2025-05-26 06:25:00|2025-05-26 06:50:00|2025-05-26 06:55:00|3340.91,A3_SQ_SOFT_RETEST_W15_B45_C60_RCM05_V2,SHORT,2025-05-26 07:00:00,2025-05-26 08:45:00,Morning 06:00-11:59,FALLING,3337.618,3341.74381,3331.42928,412.58,1.5,50.0,50.0,75.0,0.0,10.0,0.0,0.145426,0.20602,0.20602,1.354574,1.29398,False,UP,WIN
1033669|XAUUSD|breakout_retest|LONG|2025-05-26 14:00:00|2025-05-26 14:10:00|2025-05-26 14:15:00|3338.34,A3_SQ_SOFT_RETEST_W15_B45_C60_RCM05_V2,LONG,2025-05-26 14:20:00,2025-05-26 14:30:00,Evening 16:00-19:59,FALLING,3340.385,3336.58276,3346.08835,380.22,-1.0,50.0,50.0,75.0,0.0,10.0,50.0,0.289303,0.355054,0.355054,-1.289303,-1.355054,False,UP,BAD_SIGNAL
1033669|XAUUSD|breakout_retest|LONG|2025-05-26 16:30:00|2025-05-26 16:35:00|2025-05-26 16:40:00|3339.51,A3_SQ_SOFT_RETEST_W15_B45_C60_RCM05_V2,LONG,2025-05-26 16:45:00,2025-05-26 22:05:00,Night 20:00-05:59,FALLING,3341.408,3339.24152,3344.65772,216.65,1.5,50.0,50.0,75.0,0.0,10.0,0.0,0.276947,0.392342,0.392342,1.223053,1.107658,False,UP,WIN
1033669|XAUUSD|breakout_retest|LONG|2025-05-26 22:10:00|2025-05-26 22:15:00|2025-05-26 22:20:00|3342.82,A3_SQ_SOFT_RETEST_W15_B45_C60_RCM05_V2,LONG,2025-05-26 22:25:00,2025-05-26 22:35:00,Night 20:00-05:59,RISING,3344.408,3342.75321,3346.89018,165.48,1.5,50.0,50.0,75.0,0.0,10.0,0.0,0.362585,0.513662,0.513662,1.137415,0.986338,False,UP,WIN
1033669|XAUUSD|breakout_retest|LONG|2025-05-29 03:20:00|2025-05-29 03:35:00|2025-05-29 03:40:00|3275.20,A3_SQ_SOFT_RETEST_W15_B45_C60_RCM05_V2,LONG,2025-05-29 03:45:00,2025-05-29 04:00:00,Morning 06:00-11:59,FALLING,3276.088,3273.47084,3280.01375,261.72,-1.0,50.0,50.0,75.0,0.0,10.0,50.0,0.420302,0.515825,0.515825,-1.420302,-1.515825,False,UP,NEAR_TP_GIVEBACK
1033669|XAUUSD|breakout_retest|SHORT|2025-05-29 05:20:00|2025-05-29 05:25:00|2025-05-29 05:30:00|3272.07,A3_SQ_SOFT_RETEST_W15_B45_C60_RCM05_V2,SHORT,2025-05-29 05:35:00,2025-05-29 06:00:00,Morning 06:00-11:59,FALLING,3269.288,3272.29536,3264.77696,300.74,-1.0,50.0,50.0,75.0,0.0,10.0,50.0,0.36577,0.448899,0.448899,-1.36577,-1.448899,False,UP,BAD_EXIT_GIVEBACK
1033669|XAUUSD|breakout_retest|SHORT|2025-05-29 05:05:00|2025-05-29 06:05:00|2025-05-29 06:10:00|3272.07,A3_SQ_SOFT_RETEST_W15_B45_C60_RCM05_V2,SHORT,2025-05-29 06:15:00,2025-05-29 06:25:00,Morning 06:00-11:59,FALLING,3270.165,3274.43691,3263.75714,427.19,-1.0,50.0,50.0,75.0,0.0,10.0,50.0,0.257496,0.316018,0.316018,-1.257496,-1.316018,False,UP,BAD_SIGNAL
1033669|XAUUSD|breakout_retest|LONG|2025-05-29 11:30:00|2025-05-29 11:40:00|2025-05-29 11:45:00|3300.51,A3_SQ_SOFT_RETEST_W15_B45_C60_RCM05_V2,LONG,2025-05-29 11:50:00,2025-05-29 12:00:00,Afternoon 12:00-15:59,FALLING,3301.875,3299.2714,3305.7804,260.36,-1.0,50.0,50.0,75.0,0.0,10.0,50.0,0.422492,0.518513,0.518513,-1.422492,-1.518513,False,UP,NEAR_TP_GIVEBACK
1033669|XAUUSD|breakout_retest|LONG|2025-05-29 12:00:00|2025-05-29 12:05:00|2025-05-29 12:10:00|3300.51,A3_SQ_SOFT_RETEST_W15_B45_C60_RCM05_V2,LONG,2025-05-29 12:15:00,2025-05-29 12:20:00,Evening 16:00-19:59,FALLING,3303.145,3299.45116,3308.68576,369.38,1.5,50.0,50.0,75.0,0.0,10.0,0.0,0.162432,0.230113,0.230113,1.337568,1.269887,False,UP,WIN
1033669|XAUUSD|breakout_retest|LONG|2025-05-29 13:25:00|2025-05-29 14:40:00|2025-05-29 14:45:00|3305.26,A3_SQ_SOFT_RETEST_W15_B45_C60_RCM05_V2,LONG,2025-05-29 14:50:00,2025-05-29 15:10:00,Evening 16:00-19:59,RISING,3308.608,3303.99644,3315.52535,461.16,1.5,50.0,50.0,75.0,0.0,10.0,0.0,0.130108,0.184319,0.184319,1.369892,1.315681,False,UP,WIN
1033669|XAUUSD|breakout_retest|LONG|2025-05-29 15:45:00|2025-05-29 15:50:00|2025-05-29 15:55:00|3317.38,A3_SQ_SOFT_RETEST_W15_B45_C60_RCM05_V2,LONG,2025-05-29 16:00:00,2025-05-29 16:05:00,Night 20:00-05:59,RISING,3319.405,3316.23992,3324.15262,316.51,1.5,50.0,50.0,75.0,0.0,10.0,0.0,0.189569,0.268556,0.268556,1.310431,1.231444,False,UP,WIN
1033669|XAUUSD|breakout_retest|SHORT|2025-05-29 19:40:00|2025-05-29 19:45:00|2025-05-29 19:50:00|3317.30,A3_SQ_SOFT_RETEST_W15_B45_C60_RCM05_V2,SHORT,2025-05-29 19:55:00,2025-05-29 20:30:00,Night 20:00-05:59,RISING,3315.455,3317.51955,3312.35817,206.46,-1.0,50.0,50.0,75.0,0.0,10.0,50.0,0.532804,0.653896,0.653896,-1.532804,-1.653896,False,UP,BAD_SIGNAL
1033669|XAUUSD|breakout_retest|SHORT|2025-05-29 19:35:00|2025-05-29 20:30:00|2025-05-29 20:35:00|3317.30,A3_SQ_SOFT_RETEST_W15_B45_C60_RCM05_V2,SHORT,2025-05-29 20:40:00,2025-05-29 21:00:00,Night 20:00-05:59,RISING,3316.995,3318.09462,3315.34557,109.96,-1.0,50.0,50.0,75.0,0.0,10.0,50.0,1.000344,1.227695,1.227695,-2.000344,-2.227695,False,UP,BAD_EXIT_GIVEBACK
1033669|XAUUSD|breakout_retest|LONG|2025-06-01 22:55:00|2025-06-01 23:55:00|2025-06-02 00:00:00|3309.34,A3_SQ_SOFT_RETEST_W15_B45_C60_RCM05_V2,LONG,2025-06-02 00:05:00,2025-06-02 00:40:00,Night 20:00-05:59,RISING,3311.265,3308.93676,3314.75735,232.82,-1.0,50.0,50.0,75.0,0.0,10.0,50.0,0.472461,0.579838,0.579838,-1.472461,-1.579838,False,UP,NEAR_TP_GIVEBACK
1033669|XAUUSD|breakout_retest|LONG|2025-06-02 05:10:00|2025-06-02 05:20:00|2025-06-02 05:25:00|3316.45,A3_SQ_SOFT_RETEST_W15_B45_C60_RCM05_V2,LONG,2025-06-02 05:30:00,2025-06-02 05:40:00,Morning 06:00-11:59,RISING,3317.098,3315.76601,3319.09599,133.2,1.5,50.0,50.0,75.0,0.0,10.0,0.0,0.450453,0.638142,0.638142,1.049547,0.861858,False,UP,WIN
1033669|XAUUSD|breakout_retest|SHORT|2025-06-02 09:10:00|2025-06-02 09:20:00|2025-06-02 09:25:00|3349.80,A3_SQ_SOFT_RETEST_W15_B45_C60_RCM05_V2,SHORT,2025-06-02 09:30:00,2025-06-02 09:35:00,Afternoon 12:00-15:59,RISING,3349.038,3351.13239,3345.89642,209.44,1.5,50.0,50.0,75.0,0.0,10.0,0.0,0.28648,0.405847,0.405847,1.21352,1.094153,False,UP,WIN
1033669|XAUUSD|breakout_retest|LONG|2025-06-02 12:45:00|2025-06-02 13:35:00|2025-06-02 13:40:00|3356.60,A3_SQ_SOFT_RETEST_W15_B45_C60_RCM05_V2,LONG,2025-06-02 13:45:00,2025-06-02 13:50:00,Evening 16:00-19:59,RISING,3359.958,3353.72569,3369.30646,623.23,1.5,50.0,50.0,75.0,0.0,10.0,0.0,0.096273,0.136386,0.136386,1.403727,1.363614,True,UP,WIN
1033669|XAUUSD|breakout_retest|LONG|2025-06-02 19:50:00|2025-06-02 20:40:00|2025-06-02 20:45:00|3380.24,A3_SQ_SOFT_RETEST_W15_B45_C60_RCM05_V2,LONG,2025-06-02 20:50:00,2025-06-02 22:05:00,Night 20:00-05:59,RISING,3380.965,3379.75471,3382.78044,121.03,1.5,50.0,50.0,75.0,0.0,10.0,0.0,0.495748,0.702309,0.702309,1.004252,0.797691,False,UP,WIN
1033669|XAUUSD|breakout_retest|LONG|2025-06-03 06:35:00|2025-06-03 06:50:00|2025-06-03 06:55:00|3356.60,A3_SQ_SOFT_RETEST_W15_B45_C60_RCM05_V2,LONG,2025-06-03 07:00:00,2025-06-03 07:15:00,Morning 06:00-11:59,FALLING,3357.095,3352.3364,3364.2329,475.86,-1.0,50.0,50.0,75.0,0.0,10.0,50.0,0.23116,0.283697,0.283697,-1.23116,-1.283697,False,DOWN,BAD_EXIT_GIVEBACK
1033669|XAUUSD|breakout_retest|LONG|2025-06-03 08:00:00|2025-06-03 08:45:00|2025-06-03 08:50:00|3360.12,A3_SQ_SOFT_RETEST_W15_B45_C60_RCM05_V2,LONG,2025-06-03 08:55:00,2025-06-03 09:00:00,Afternoon 12:00-15:59,FALLING,3361.958,3359.71442,3365.32337,224.36,-1.0,50.0,50.0,75.0,0.0,10.0,50.0,0.490288,0.601717,0.601717,-1.490288,-1.601717,False,DOWN,BAD_SIGNAL
1033669|XAUUSD|breakout_retest|LONG|2025-06-03 10:25:00|2025-06-03 11:25:00|2025-06-03 11:30:00|3356.60,A3_SQ_SOFT_RETEST_W15_B45_C60_RCM05_V2,LONG,2025-06-03 11:35:00,2025-06-03 12:05:00,Afternoon 12:00-15:59,FALLING,3358.395,3355.88877,3362.15434,250.62,-1.0,50.0,50.0,75.0,0.0,10.0,50.0,0.438906,0.538658,0.538658,-1.438906,-1.538658,False,DOWN,BAD_EXIT_GIVEBACK
1033669|XAUUSD|breakout_retest|LONG|2025-06-03 11:55:00|2025-06-03 12:35:00|2025-06-03 12:40:00|3356.60,A3_SQ_SOFT_RETEST_W15_B45_C60_RCM05_V2,LONG,2025-06-03 12:45:00,2025-06-03 13:35:00,Evening 16:00-19:59,FALLING,3358.795,3352.75841,3367.84989,603.66,-1.0,50.0,50.0,75.0,0.0,10.0,50.0,0.182222,0.223636,0.223636,-1.182222,-1.223636,False,DOWN,MIXED
1033669|XAUUSD|breakout_retest|LONG|2025-06-03 19:00:00|2025-06-03 19:35:00|2025-06-03 19:40:00|3353.60,A3_SQ_SOFT_RETEST_W15_B45_C60_RCM05_V2,LONG,2025-06-03 19:45:00,2025-06-03 19:50:00,Night 20:00-05:59,FALLING,3354.158,3353.27672,3355.47992,88.13,-1.0,50.0,50.0,75.0,0.0,10.0,50.0,1.248186,1.531865,1.531865,-2.248186,-2.531865,False,DOWN,BAD_EXIT_GIVEBACK
1033669|XAUUSD|breakout_retest|LONG|2025-06-03 22:50:00|2025-06-03 23:00:00|2025-06-03 23:05:00|3356.60,A3_SQ_SOFT_RETEST_W15_B45_C60_RCM05_V2,LONG,2025-06-03 23:10:00,2025-06-03 23:15:00,Night 20:00-05:59,FALLING,3357.808,3356.52172,3359.73742,128.63,1.5,50.0,50.0,75.0,0.0,10.0,0.0,0.466462,0.660821,0.660821,1.033538,0.839179,False,DOWN,WIN
1033669|XAUUSD|breakout_retest|LONG|2025-06-03 23:10:00|2025-06-03 23:50:00|2025-06-03 23:55:00|3358.25,A3_SQ_SOFT_RETEST_W15_B45_C60_RCM05_V2,LONG,2025-06-04 00:00:00,2025-06-04 00:05:00,Night 20:00-05:59,RISING,3359.758,3357.85903,3362.60646,189.9,-1.0,50.0,50.0,75.0,0.0,10.0,50.0,0.579261,0.710911,0.710911,-1.579261,-1.710911,False,UP,BAD_SIGNAL
1033669|XAUUSD|breakout_retest|SHORT|2025-06-04 00:05:00|2025-06-04 00:50:00|2025-06-04 00:55:00|3354.95,A3_SQ_SOFT_RETEST_W15_B45_C60_RCM05_V2,SHORT,2025-06-04 01:00:00,2025-06-04 01:15:00,Night 20:00-05:59,FALLING,3350.565,3355.31711,3343.43684,475.21,-1.0,50.0,50.0,75.0,0.0,10.0,50.0,0.231476,0.284085,0.284085,-1.231476,-1.284085,False,UP,BAD_EXIT_GIVEBACK
1033669|XAUUSD|breakout_retest|LONG|2025-06-04 00:15:00|2025-06-04 01:10:00|2025-06-04 01:15:00|3356.60,A3_SQ_SOFT_RETEST_W15_B45_C60_RCM05_V2,LONG,2025-06-04 01:20:00,2025-06-04 01:35:00,Night 20:00-05:59,FALLING,3357.895,3353.75475,3364.10538,414.03,1.5,50.0,50.0,75.0,0.0,10.0,0.0,0.144919,0.205302,0.205302,1.355081,1.294698,False,UP,WIN
1033669|XAUUSD|breakout_retest|LONG|2025-06-04 07:45:00|2025-06-04 08:35:00|2025-06-04 08:40:00|3356.60,A3_SQ_SOFT_RETEST_W15_B45_C60_RCM05_V2,LONG,2025-06-04 08:45:00,2025-06-04 08:50:00,Afternoon 12:00-15:59,FALLING,3357.225,3354.73684,3360.95725,248.82,1.5,50.0,50.0,75.0,0.0,10.0,0.0,0.241142,0.341617,0.341617,1.258858,1.158383,False,UP,WIN
1033669|XAUUSD|breakout_retest|LONG|2025-06-04 12:45:00|2025-06-04 12:50:00|2025-06-04 12:55:00|3356.60,A3_SQ_SOFT_RETEST_W15_B45_C60_RCM05_V2,LONG,2025-06-04 13:00:00,2025-06-04 13:25:00,Evening 16:00-19:59,FALLING,3360.608,3355.72687,3367.92969,488.11,-1.0,50.0,50.0,75.0,0.0,10.0,50.0,0.225358,0.276575,0.276575,-1.225358,-1.276575,False,UP,BAD_SIGNAL
1033669|XAUUSD|breakout_retest|LONG|2025-06-04 13:25:00|2025-06-04 14:00:00|2025-06-04 14:05:00|3356.60,A3_SQ_SOFT_RETEST_W15_B45_C60_RCM05_V2,LONG,2025-06-04 14:10:00,2025-06-04 14:35:00,Evening 16:00-19:59,FALLING,3358.745,3350.19895,3371.56408,854.61,1.5,50.0,50.0,75.0,0.0,10.0,0.0,0.070208,0.099461,0.099461,1.429792,1.400539,True,UP,WIN
1033669|XAUUSD|breakout_retest|LONG|2025-06-04 16:45:00|2025-06-04 17:25:00|2025-06-04 17:30:00|3374.75,A3_SQ_SOFT_RETEST_W15_B45_C60_RCM05_V2,LONG,2025-06-04 17:35:00,2025-06-04 17:40:00,Night 20:00-05:59,RISING,3375.008,3373.21459,3377.69811,179.34,1.5,50.0,50.0,75.0,0.0,10.0,0.0,0.334559,0.473958,0.473958,1.165441,1.026042,False,UP,WIN
1033669|XAUUSD|breakout_retest|LONG|2025-06-04 23:20:00|2025-06-04 23:50:00|2025-06-04 23:55:00|3375.75,A3_SQ_SOFT_RETEST_W15_B45_C60_RCM05_V2,LONG,2025-06-05 00:00:00,2025-06-05 00:05:00,Night 20:00-05:59,RISING,3377.208,3374.86677,3380.71984,234.12,-1.0,50.0,50.0,75.0,0.0,10.0,50.0,0.469839,0.57662,0.57662,-1.469839,-1.57662,False,DOWN,MIXED
1033669|XAUUSD|breakout_retest|LONG|2025-06-05 00:20:00|2025-06-05 00:55:00|2025-06-05 01:00:00|3378.80,A3_SQ_SOFT_RETEST_W15_B45_C60_RCM05_V2,LONG,2025-06-05 01:05:00,2025-06-05 01:10:00,Night 20:00-05:59,RISING,3380.108,3377.81676,3383.54486,229.12,1.5,50.0,50.0,75.0,0.0,10.0,0.0,0.261867,0.370978,0.370978,1.238133,1.129022,False,DOWN,WIN
1033669|XAUUSD|breakout_retest|LONG|2025-06-05 07:15:00|2025-06-05 08:10:00|2025-06-05 08:15:00|3369.80,A3_SQ_SOFT_RETEST_W15_B45_C60_RCM05_V2,LONG,2025-06-05 08:20:00,2025-06-05 09:05:00,Afternoon 12:00-15:59,FALLING,3372.575,3369.39405,3377.34643,318.1,1.5,50.0,50.0,75.0,0.0,10.0,0.0,0.188623,0.267216,0.267216,1.311377,1.232784,False,DOWN,WIN
1033669|XAUUSD|breakout_retest|LONG|2025-06-05 09:00:00|2025-06-05 09:05:00|2025-06-05 09:10:00|3374.30,A3_SQ_SOFT_RETEST_W15_B45_C60_RCM05_V2,LONG,2025-06-05 09:15:00,2025-06-05 09:25:00,Afternoon 12:00-15:59,RISING,3376.045,3373.61296,3379.69306,243.2,1.5,50.0,50.0,75.0,0.0,10.0,0.0,0.246706,0.3495,0.3495,1.253294,1.1505,False,DOWN,WIN
1033669|XAUUSD|breakout_retest|LONG|2025-06-05 09:25:00|2025-06-05 09:40:00|2025-06-05 09:45:00|3384.49,A3_SQ_SOFT_RETEST_W15_B45_C60_RCM05_V2,LONG,2025-06-05 09:50:00,2025-06-05 10:00:00,Afternoon 12:00-15:59,RISING,3386.308,3383.48644,3390.54035,282.16,1.5,50.0,50.0,75.0,0.0,10.0,0.0,0.212648,0.301251,0.301251,1.287352,1.198749,False,DOWN,WIN
1033669|XAUUSD|breakout_retest|SHORT|2025-06-05 15:20:00|2025-06-05 15:25:00|2025-06-05 15:30:00|3366.95,A3_SQ_SOFT_RETEST_W15_B45_C60_RCM05_V2,SHORT,2025-06-05 15:35:00,2025-06-05 15:40:00,Evening 16:00-19:59,FALLING,3361.525,3368.03178,3351.76483,650.68,1.5,50.0,50.0,75.0,0.0,10.0,0.0,0.092212,0.130633,0.130633,1.407788,1.369367,True,DOWN,WIN
1033669|XAUUSD|breakout_retest|LONG|2025-06-05 19:20:00|2025-06-05 19:45:00|2025-06-05 19:50:00|3354.01,A3_SQ_SOFT_RETEST_W15_B45_C60_RCM05_V2,LONG,2025-06-05 19:55:00,2025-06-05 20:50:00,Night 20:00-05:59,FALLING,3357.255,3352.33451,3364.63574,492.05,-1.0,50.0,50.0,75.0,0.0,10.0,50.0,0.223555,0.274363,0.274363,-1.223555,-1.274363,False,DOWN,BAD_SIGNAL
1033669|XAUUSD|breakout_retest|LONG|2025-06-05 23:50:00|2025-06-05 23:55:00|2025-06-06 00:00:00|3361.38,A3_SQ_SOFT_RETEST_W15_B45_C60_RCM05_V2,LONG,2025-06-06 00:05:00,2025-06-06 00:45:00,Night 20:00-05:59,FALLING,3362.445,3361.11236,3364.44396,133.26,-1.0,50.0,50.0,75.0,0.0,10.0,50.0,0.825427,1.013025,1.013025,-1.825427,-2.013025,False,DOWN,BAD_EXIT_GIVEBACK
1033669|XAUUSD|breakout_retest|LONG|2025-06-06 00:55:00|2025-06-06 01:00:00|2025-06-06 01:05:00|3356.60,A3_SQ_SOFT_RETEST_W15_B45_C60_RCM05_V2,LONG,2025-06-06 01:10:00,2025-06-06 01:30:00,Night 20:00-05:59,FALLING,3360.025,3355.62734,3366.6215,439.77,1.5,50.0,50.0,75.0,0.0,10.0,0.0,0.136436,0.193284,0.193284,1.363564,1.306716,False,DOWN,WIN
1033669|XAUUSD|breakout_retest|LONG|2025-06-06 06:55:00|2025-06-06 07:05:00|2025-06-06 07:10:00|3356.60,A3_SQ_SOFT_RETEST_W15_B45_C60_RCM05_V2,LONG,2025-06-06 07:15:00,2025-06-06 07:50:00,Morning 06:00-11:59,RISING,3359.745,3356.28409,3364.93636,346.09,-1.0,50.0,50.0,75.0,0.0,10.0,50.0,0.317836,0.390071,0.390071,-1.317836,-1.390071,False,DOWN,MIXED
1033669|XAUUSD|breakout_retest|LONG|2025-06-06 10:20:00|2025-06-06 10:30:00|2025-06-06 10:35:00|3356.60,A3_SQ_SOFT_RETEST_W15_B45_C60_RCM05_V2,LONG,2025-06-06 10:40:00,2025-06-06 11:00:00,Afternoon 12:00-15:59,FALLING,3357.705,3356.07248,3360.15378,163.25,1.5,50.0,50.0,75.0,0.0,10.0,0.0,0.36753,0.520667,0.520667,1.13247,0.979333,False,DOWN,WIN
1033669|XAUUSD|breakout_retest|LONG|2025-06-06 11:00:00|2025-06-06 11:25:00|2025-06-06 11:30:00|3360.14,A3_SQ_SOFT_RETEST_W15_B45_C60_RCM05_V2,LONG,2025-06-06 11:35:00,2025-06-06 11:45:00,Afternoon 12:00-15:59,FALLING,3361.645,3359.94729,3364.19156,169.77,-1.0,50.0,50.0,75.0,0.0,10.0,50.0,0.647933,0.79519,0.79519,-1.647933,-1.79519,False,DOWN,NEAR_TP_GIVEBACK
1033669|XAUUSD|breakout_retest|SHORT|2025-06-06 12:40:00|2025-06-06 12:55:00|2025-06-06 13:00:00|3355.59,A3_SQ_SOFT_RETEST_W15_B45_C60_RCM05_V2,SHORT,2025-06-06 13:05:00,2025-06-06 13:15:00,Evening 16:00-19:59,FALLING,3352.335,3356.48814,3346.1053,415.31,-1.0,50.0,50.0,75.0,0.0,10.0,50.0,0.26486,0.325056,0.325056,-1.26486,-1.325056,False,DOWN,BAD_EXIT_GIVEBACK
1033669|XAUUSD|breakout_retest|SHORT|2025-06-06 12:35:00|2025-06-06 13:15:00|2025-06-06 13:20:00|3355.59,A3_SQ_SOFT_RETEST_W15_B45_C60_RCM05_V2,SHORT,2025-06-06 13:25:00,2025-06-06 14:05:00,Evening 16:00-19:59,FALLING,3353.538,3361.38389,3341.76916,784.59,1.5,50.0,50.0,75.0,0.0,10.0,0.0,0.076473,0.108337,0.108337,1.423527,1.391663,True,DOWN,WIN
1033669|XAUUSD|breakout_retest|SHORT|2025-06-06 16:50:00|2025-06-06 18:00:00|2025-06-06 18:05:00|3322.11,A3_SQ_SOFT_RETEST_W15_B45_C60_RCM05_V2,SHORT,2025-06-06 18:10:00,2025-06-06 18:15:00,Night 20:00-05:59,FALLING,3320.655,3324.12045,3315.45682,346.55,1.5,50.0,50.0,75.0,0.0,10.0,0.0,0.173138,0.245278,0.245278,1.326862,1.254722,False,DOWN,WIN
1033669|XAUUSD|breakout_retest|LONG|2025-06-08 22:45:00|2025-06-08 22:50:00|2025-06-08 22:55:00|3309.62,A3_SQ_SOFT_RETEST_W15_B45_C60_RCM05_V2,LONG,2025-06-08 23:00:00,2025-06-09 00:20:00,Night 20:00-05:59,RISING,3313.325,3308.75414,3320.18129,457.09,-1.0,50.0,50.0,75.0,0.0,10.0,50.0,0.240655,0.295349,0.295349,-1.240655,-1.295349,False,UP,BAD_EXIT_GIVEBACK
1033669|XAUUSD|breakout_retest|SHORT|2025-06-09 00:20:00|2025-06-09 00:35:00|2025-06-09 00:40:00|3309.02,A3_SQ_SOFT_RETEST_W15_B45_C60_RCM05_V2,SHORT,2025-06-09 00:45:00,2025-06-09 00:50:00,Night 20:00-05:59,RISING,3306.245,3311.69526,3298.0696,545.03,1.5,50.0,50.0,75.0,0.0,10.0,0.0,0.110086,0.155956,0.155956,1.389914,1.344044,True,UP,WIN
1033669|XAUUSD|breakout_retest|LONG|2025-06-09 05:55:00|2025-06-09 06:05:00|2025-06-09 06:10:00|3313.25,A3_SQ_SOFT_RETEST_W15_B45_C60_RCM05_V2,LONG,2025-06-09 06:15:00,2025-06-09 06:55:00,Morning 06:00-11:59,RISING,3316.385,3312.08114,3322.84079,430.39,1.5,50.0,50.0,75.0,0.0,10.0,0.0,0.13941,0.197497,0.197497,1.36059,1.302503,False,UP,WIN
1033669|XAUUSD|breakout_retest|LONG|2025-06-09 06:45:00|2025-06-09 06:50:00|2025-06-09 06:55:00|3320.99,A3_SQ_SOFT_RETEST_W15_B45_C60_RCM05_V2,LONG,2025-06-09 07:00:00,2025-06-09 07:25:00,Morning 06:00-11:59,RISING,3323.045,3320.56963,3326.75806,247.54,1.5,50.0,50.0,75.0,0.0,10.0,0.0,0.242388,0.343383,0.343383,1.257612,1.156617,False,UP,WIN
1033669|XAUUSD|breakout_retest|SHORT|2025-06-09 08:55:00|2025-06-09 09:15:00|2025-06-09 09:20:00|3321.50,A3_SQ_SOFT_RETEST_W15_B45_C60_RCM05_V2,SHORT,2025-06-09 09:25:00,2025-06-09 09:30:00,Afternoon 12:00-15:59,RISING,3320.688,3323.37341,3316.65989,268.54,1.5,50.0,50.0,75.0,0.0,10.0,0.0,0.22343,0.316526,0.316526,1.27657,1.183474,False,UP,WIN
1033669|XAUUSD|breakout_retest|LONG|2025-06-09 14:20:00|2025-06-09 15:00:00|2025-06-09 15:05:00|3320.99,A3_SQ_SOFT_RETEST_W15_B45_C60_RCM05_V2,LONG,2025-06-09 15:10:00,2025-06-09 15:25:00,Evening 16:00-19:59,RISING,3323.955,3319.86236,3330.09395,409.26,1.5,50.0,50.0,75.0,0.0,10.0,0.0,0.146605,0.20769,0.20769,1.353395,1.29231,False,UP,WIN
1033669|XAUUSD|breakout_retest|SHORT|2025-06-09 18:50:00|2025-06-09 19:25:00|2025-06-09 19:30:00|3333.05,A3_SQ_SOFT_RETEST_W15_B45_C60_RCM05_V2,SHORT,2025-06-09 19:35:00,2025-06-09 19:55:00,Night 20:00-05:59,RISING,3331.005,3333.45484,3327.33025,244.98,1.5,50.0,50.0,75.0,0.0,10.0,0.0,0.244914,0.346962,0.346962,1.255086,1.153038,False,UP,WIN
1033669|XAUUSD|breakout_retest|LONG|2025-06-10 05:10:00|2025-06-10 05:15:00|2025-06-10 05:20:00|3309.43,A3_SQ_SOFT_RETEST_W15_B45_C60_RCM05_V2,LONG,2025-06-10 05:25:00,2025-06-10 05:35:00,Morning 06:00-11:59,FALLING,3311.075,3308.95855,3314.24968,211.65,1.5,50.0,50.0,75.0,0.0,10.0,0.0,0.283494,0.401616,0.401616,1.216506,1.098384,False,UP,WIN
1033669|XAUUSD|breakout_retest|LONG|2025-06-10 11:35:00|2025-06-10 12:40:00|2025-06-10 12:45:00|3338.07,A3_SQ_SOFT_RETEST_W15_B45_C60_RCM05_V2,LONG,2025-06-10 12:50:00,2025-06-10 13:25:00,Evening 16:00-19:59,RISING,3338.545,3334.95683,3343.92726,358.82,1.5,50.0,50.0,75.0,0.0,10.0,0.0,0.167216,0.236889,0.236889,1.332784,1.263111,False,UP,WIN
1033669|XAUUSD|breakout_retest|LONG|2025-06-10 17:50:00|2025-06-10 19:05:00|2025-06-10 19:10:00|3324.35,A3_SQ_SOFT_RETEST_W15_B45_C60_RCM05_V2,LONG,2025-06-10 19:15:00,2025-06-10 19:20:00,Night 20:00-05:59,FALLING,3324.815,3321.75331,3329.40754,306.17,1.5,50.0,50.0,75.0,0.0,10.0,0.0,0.19597,0.277624,0.277624,1.30403,1.222376,False,UP,WIN
1033669|XAUUSD|breakout_retest|LONG|2025-06-11 03:00:00|2025-06-11 03:20:00|2025-06-11 03:25:00|3337.28,A3_SQ_SOFT_RETEST_W15_B45_C60_RCM05_V2,LONG,2025-06-11 03:30:00,2025-06-11 03:35:00,Morning 06:00-11:59,RISING,3338.208,3336.86093,3340.22861,134.71,1.5,50.0,50.0,75.0,0.0,10.0,0.0,0.445411,0.630998,0.630998,1.054589,0.869002,False,UP,WIN
1033669|XAUUSD|breakout_retest|LONG|2025-06-11 03:30:00|2025-06-11 04:00:00|2025-06-11 04:05:00|3337.28,A3_SQ_SOFT_RETEST_W15_B45_C60_RCM05_V2,LONG,2025-06-11 04:10:00,2025-06-11 05:50:00,Morning 06:00-11:59,RISING,3339.108,3336.56629,3342.92056,254.17,-1.0,50.0,50.0,75.0,0.0,10.0,50.0,0.43278,0.531139,0.531139,-1.43278,-1.531139,False,UP,NEAR_TP_GIVEBACK
1033669|XAUUSD|breakout_retest|SHORT|2025-06-11 05:45:00|2025-06-11 06:10:00|2025-06-11 06:15:00|3338.62,A3_SQ_SOFT_RETEST_W15_B45_C60_RCM05_V2,SHORT,2025-06-11 06:20:00,2025-06-11 06:30:00,Morning 06:00-11:59,RISING,3337.865,3340.10644,3334.50285,224.14,1.5,50.0,50.0,75.0,0.0,10.0,0.0,0.267686,0.379221,0.379221,1.232314,1.120779,False,UP,WIN
1033669|XAUUSD|breakout_retest|LONG|2025-06-11 12:30:00|2025-06-11 13:10:00|2025-06-11 13:15:00|3336.59,A3_SQ_SOFT_RETEST_W15_B45_C60_RCM05_V2,LONG,2025-06-11 13:20:00,2025-06-11 13:35:00,Evening 16:00-19:59,FALLING,3341.375,3335.81455,3349.71568,556.05,-1.0,50.0,50.0,75.0,0.0,10.0,50.0,0.197826,0.242786,0.242786,-1.197826,-1.242786,False,UP,BAD_SIGNAL
1033669|XAUUSD|breakout_retest|LONG|2025-06-11 19:30:00|2025-06-11 20:15:00|2025-06-11 20:20:00|3347.00,A3_SQ_SOFT_RETEST_W15_B45_C60_RCM05_V2,LONG,2025-06-11 20:25:00,2025-06-11 20:30:00,Night 20:00-05:59,RISING,3347.975,3346.62149,3350.00527,135.35,1.5,50.0,50.0,75.0,0.0,10.0,0.0,0.44329,0.627995,0.627995,1.05671,0.872005,False,UP,WIN
1033669|XAUUSD|breakout_retest|LONG|2025-06-12 00:35:00|2025-06-12 01:15:00|2025-06-12 01:20:00|3366.93,A3_SQ_SOFT_RETEST_W15_B45_C60_RCM05_V2,LONG,2025-06-12 01:25:00,2025-06-12 06:20:00,Night 20:00-05:59,RISING,3372.015,3366.38379,3380.46182,563.12,-1.0,50.0,50.0,75.0,0.0,10.0,50.0,0.19534,0.239735,0.239735,-1.19534,-1.239735,False,UP,BAD_EXIT_GIVEBACK
1033669|XAUUSD|breakout_retest|SHORT|2025-06-12 06:15:00|2025-06-12 07:30:00|2025-06-12 07:35:00|3367.45,A3_SQ_SOFT_RETEST_W15_B45_C60_RCM05_V2,SHORT,2025-06-12 07:40:00,2025-06-12 07:45:00,Morning 06:00-11:59,RISING,3361.715,3370.53724,3348.48164,882.22,1.5,50.0,50.0,75.0,0.0,10.0,0.0,0.06801,0.096347,0.096347,1.43199,1.403653,True,UP,WIN
1033669|XAUUSD|breakout_retest|LONG|2025-06-12 09:45:00|2025-06-12 10:10:00|2025-06-12 10:15:00|3363.66,A3_SQ_SOFT_RETEST_W15_B45_C60_RCM05_V2,LONG,2025-06-12 10:20:00,2025-06-12 10:25:00,Afternoon 12:00-15:59,FALLING,3367.375,3362.59876,3374.53936,477.62,1.5,50.0,50.0,75.0,0.0,10.0,0.0,0.125622,0.177964,0.177964,1.374378,1.322036,False,UP,WIN
1033669|XAUUSD|breakout_retest|LONG|2025-06-12 10:20:00|2025-06-12 10:25:00|2025-06-12 10:30:00|3373.17,A3_SQ_SOFT_RETEST_W15_B45_C60_RCM05_V2,LONG,2025-06-12 10:35:00,2025-06-12 13:05:00,Afternoon 12:00-15:59,FALLING,3379.835,3372.69802,3390.54047,713.7,1.5,50.0,50.0,75.0,0.0,10.0,0.0,0.084069,0.119098,0.119098,1.415931,1.380902,True,UP,WIN
1033669|XAUUSD|breakout_retest|SHORT|2025-06-12 16:50:00|2025-06-12 17:05:00|2025-06-12 17:10:00|3383.99,A3_SQ_SOFT_RETEST_W15_B45_C60_RCM05_V2,SHORT,2025-06-12 17:15:00,2025-06-12 18:40:00,Night 20:00-05:59,RISING,3381.888,3385.04648,3377.15028,315.85,-1.0,50.0,50.0,75.0,0.0,10.0,50.0,0.348269,0.427421,0.427421,-1.348269,-1.427421,False,UP,NEAR_TP_GIVEBACK
1033669|XAUUSD|breakout_retest|SHORT|2025-06-12 22:00:00|2025-06-12 22:05:00|2025-06-12 22:10:00|3384.54,A3_SQ_SOFT_RETEST_W15_B45_C60_RCM05_V2,SHORT,2025-06-12 22:15:00,2025-06-12 23:20:00,Night 20:00-05:59,RISING,3382.355,3384.81559,3378.66411,246.06,-1.0,50.0,50.0,75.0,0.0,10.0,50.0,0.447047,0.548648,0.548648,-1.447047,-1.548648,False,UP,BAD_EXIT_GIVEBACK
1033669|XAUUSD|breakout_retest|SHORT|2025-06-12 22:35:00|2025-06-12 23:20:00|2025-06-12 23:25:00|3384.54,A3_SQ_SOFT_RETEST_W15_B45_C60_RCM05_V2,SHORT,2025-06-12 23:30:00,2025-06-12 23:45:00,Night 20:00-05:59,RISING,3383.575,3385.288,3381.0055,171.3,-1.0,50.0,50.0,75.0,0.0,10.0,50.0,0.642148,0.788091,0.788091,-1.642148,-1.788091,False,UP,BAD_SIGNAL
1033669|XAUUSD|breakout_retest|LONG|2025-06-13 00:35:00|2025-06-13 00:40:00|2025-06-13 00:45:00|3403.18,A3_SQ_SOFT_RETEST_W15_B45_C60_RCM05_V2,LONG,2025-06-13 00:50:00,2025-06-13 01:15:00,Night 20:00-05:59,RISING,3410.865,3402.48535,3423.43448,837.97,1.5,50.0,50.0,75.0,0.0,10.0,0.0,0.071602,0.101436,0.101436,1.428398,1.398564,True,UP,WIN
1033669|XAUUSD|breakout_retest|SHORT|2025-06-13 05:25:00|2025-06-13 06:40:00|2025-06-13 06:45:00|3422.55,A3_SQ_SOFT_RETEST_W15_B45_C60_RCM05_V2,SHORT,2025-06-13 06:50:00,2025-06-13 12:35:00,Morning 06:00-11:59,RISING,3418.045,3428.99231,3401.62404,1094.73,-1.0,50.0,50.0,75.0,0.0,10.0,50.0,0.100481,0.123318,0.123318,-1.100481,-1.123318,True,UP,BAD_EXIT_GIVEBACK
1033669|XAUUSD|breakout_retest|LONG|2025-06-13 13:30:00|2025-06-13 14:20:00|2025-06-13 14:25:00|3427.55,A3_SQ_SOFT_RETEST_W15_B45_C60_RCM05_V2,LONG,2025-06-13 14:30:00,2025-06-13 15:00:00,Evening 16:00-19:59,RISING,3432.508,3425.43795,3443.11308,707.01,-1.0,50.0,50.0,75.0,0.0,10.0,50.0,0.155586,0.190946,0.190946,-1.155586,-1.190946,False,UP,BAD_EXIT_GIVEBACK
1033669|XAUUSD|breakout_retest|LONG|2025-06-13 18:30:00|2025-06-13 18:40:00|2025-06-13 18:45:00|3433.30,A3_SQ_SOFT_RETEST_W15_B45_C60_RCM05_V2,LONG,2025-06-13 18:50:00,2025-06-13 19:40:00,Night 20:00-05:59,RISING,3435.835,3432.14634,3441.36799,368.87,-1.0,50.0,50.0,75.0,0.0,10.0,50.0,0.298212,0.365987,0.365987,-1.298212,-1.365987,False,UP,BAD_EXIT_GIVEBACK
1033669|XAUUSD|breakout_retest|SHORT|2025-06-16 05:00:00|2025-06-16 05:05:00|2025-06-16 05:10:00|3428.82,A3_SQ_SOFT_RETEST_W15_B45_C60_RCM05_V2,SHORT,2025-06-16 05:15:00,2025-06-16 05:35:00,Morning 06:00-11:59,FALLING,3424.655,3429.46203,3417.44446,480.7,-1.0,50.0,50.0,75.0,0.0,10.0,50.0,0.228832,0.280839,0.280839,-1.228832,-1.280839,False,DOWN,BAD_SIGNAL
1033669|XAUUSD|breakout_retest|SHORT|2025-06-16 05:40:00|2025-06-16 05:55:00|2025-06-16 06:00:00|3421.72,A3_SQ_SOFT_RETEST_W15_B45_C60_RCM05_V2,SHORT,2025-06-16 06:05:00,2025-06-16 06:10:00,Morning 06:00-11:59,FALLING,3420.638,3423.9464,3415.6754,330.84,1.5,50.0,50.0,75.0,0.0,10.0,0.0,0.181357,0.256922,0.256922,1.318643,1.243078,False,DOWN,WIN
1033669|XAUUSD|breakout_retest|SHORT|2025-06-16 06:05:00|2025-06-16 07:05:00|2025-06-16 07:10:00|3417.55,A3_SQ_SOFT_RETEST_W15_B45_C60_RCM05_V2,SHORT,2025-06-16 07:15:00,2025-06-16 11:00:00,Morning 06:00-11:59,FALLING,3414.038,3420.02206,3405.06191,598.41,-1.0,50.0,50.0,75.0,0.0,10.0,50.0,0.183822,0.225599,0.225599,-1.183822,-1.225599,False,DOWN,BAD_EXIT_GIVEBACK
1033669|XAUUSD|breakout_retest|LONG|2025-06-16 11:00:00|2025-06-16 11:15:00|2025-06-16 11:20:00|3419.35,A3_SQ_SOFT_RETEST_W15_B45_C60_RCM05_V2,LONG,2025-06-16 11:25:00,2025-06-16 11:35:00,Afternoon 12:00-15:59,FALLING,3420.058,3418.5605,3422.30425,149.75,-1.0,50.0,50.0,75.0,0.0,10.0,50.0,0.734558,0.901503,0.901503,-1.734558,-1.901503,False,DOWN,NEAR_TP_GIVEBACK
1033669|XAUUSD|breakout_retest|SHORT|2025-06-16 19:15:00|2025-06-16 19:50:00|2025-06-16 19:55:00|3387.72,A3_SQ_SOFT_RETEST_W15_B45_C60_RCM05_V2,SHORT,2025-06-16 20:00:00,2025-06-16 22:05:00,Night 20:00-05:59,FALLING,3386.238,3388.57703,3382.72946,233.9,-1.0,50.0,50.0,75.0,0.0,10.0,50.0,0.470281,0.577163,0.577163,-1.470281,-1.577163,False,DOWN,NEAR_TP_GIVEBACK
1033669|XAUUSD|breakout_retest|SHORT|2025-06-17 06:05:00|2025-06-17 06:10:00|2025-06-17 06:15:00|3390.39,A3_SQ_SOFT_RETEST_W15_B45_C60_RCM05_V2,SHORT,2025-06-17 06:20:00,2025-06-17 06:45:00,Morning 06:00-11:59,FALLING,3387.105,3390.67804,3381.74544,357.3,1.5,50.0,50.0,75.0,0.0,10.0,0.0,0.167924,0.237892,0.237892,1.332076,1.262108,False,DOWN,WIN
1033669|XAUUSD|breakout_retest|SHORT|2025-06-17 06:35:00|2025-06-17 07:25:00|2025-06-17 07:30:00|3390.39,A3_SQ_SOFT_RETEST_W15_B45_C60_RCM05_V2,SHORT,2025-06-17 07:35:00,2025-06-17 07:55:00,Morning 06:00-11:59,FALLING,3386.985,3391.21216,3380.64426,422.72,-1.0,50.0,50.0,75.0,0.0,10.0,50.0,0.260222,0.319364,0.319364,-1.260222,-1.319364,False,DOWN,MIXED
1033669|XAUUSD|breakout_retest|SHORT|2025-06-17 09:15:00|2025-06-17 09:20:00|2025-06-17 09:25:00|3382.53,A3_SQ_SOFT_RETEST_W15_B45_C60_RCM05_V2,SHORT,2025-06-17 09:30:00,2025-06-17 09:45:00,Afternoon 12:00-15:59,FALLING,3379.988,3384.84574,3372.7014,485.77,-1.0,50.0,50.0,75.0,0.0,10.0,50.0,0.226443,0.277907,0.277907,-1.226443,-1.277907,False,DOWN,BAD_SIGNAL
1033669|XAUUSD|breakout_retest|SHORT|2025-06-18 00:00:00|2025-06-18 00:05:00|2025-06-18 00:10:00|3388.38,A3_SQ_SOFT_RETEST_W15_B45_C60_RCM05_V2,SHORT,2025-06-18 00:15:00,2025-06-18 02:05:00,Night 20:00-05:59,FALLING,3384.625,3388.82116,3378.33075,419.62,1.5,50.0,50.0,75.0,0.0,10.0,0.0,0.142988,0.202566,0.202566,1.357012,1.297434,False,DOWN,WIN
1033669|XAUUSD|breakout_retest|LONG|2025-06-18 08:05:00|2025-06-18 08:15:00|2025-06-18 08:20:00|3385.35,A3_SQ_SOFT_RETEST_W15_B45_C60_RCM05_V2,LONG,2025-06-18 08:25:00,2025-06-18 08:35:00,Afternoon 12:00-15:59,FALLING,3386.325,3384.23229,3389.46407,209.27,-1.0,50.0,50.0,75.0,0.0,10.0,50.0,0.525633,0.645095,0.645095,-1.525633,-1.645095,False,DOWN,BAD_EXIT_GIVEBACK
1033669|XAUUSD|breakout_retest|SHORT|2025-06-18 17:05:00|2025-06-18 17:25:00|2025-06-18 17:30:00|3389.74,A3_SQ_SOFT_RETEST_W15_B45_C60_RCM05_V2,SHORT,2025-06-18 17:35:00,2025-06-18 17:40:00,Night 20:00-05:59,RISING,3389.065,3390.33707,3387.15689,127.21,1.5,50.0,50.0,75.0,0.0,10.0,0.0,0.471672,0.668201,0.668201,1.028328,0.831799,False,DOWN,WIN
1033669|XAUUSD|breakout_retest|SHORT|2025-06-18 17:50:00|2025-06-18 18:40:00|2025-06-18 18:45:00|3389.74,A3_SQ_SOFT_RETEST_W15_B45_C60_RCM05_V2,SHORT,2025-06-18 18:50:00,2025-06-18 19:05:00,Night 20:00-05:59,RISING,3385.175,3391.32685,3375.94722,615.19,1.5,50.0,50.0,75.0,0.0,10.0,0.0,0.097532,0.13817,0.13817,1.402468,1.36183,True,DOWN,WIN
1033669|XAUUSD|breakout_retest|SHORT|2025-06-19 01:55:00|2025-06-19 03:10:00|2025-06-19 03:15:00|3376.85,A3_SQ_SOFT_RETEST_W15_B45_C60_RCM05_V2,SHORT,2025-06-19 03:20:00,2025-06-19 03:25:00,Morning 06:00-11:59,FALLING,3375.238,3377.02867,3372.55199,179.07,1.5,50.0,50.0,75.0,0.0,10.0,0.0,0.33507,0.474682,0.474682,1.16493,1.025318,False,DOWN,WIN
1033669|XAUUSD|breakout_retest|SHORT|2025-06-19 03:20:00|2025-06-19 04:10:00|2025-06-19 04:15:00|3374.20,A3_SQ_SOFT_RETEST_W15_B45_C60_RCM05_V2,SHORT,2025-06-19 04:20:00,2025-06-19 04:30:00,Morning 06:00-11:59,FALLING,3373.275,3374.36791,3371.63564,109.29,-1.0,50.0,50.0,75.0,0.0,10.0,50.0,1.00649,1.235238,1.235238,-2.00649,-2.235238,False,DOWN,NEAR_TP_GIVEBACK
1033669|XAUUSD|breakout_retest|SHORT|2025-06-19 03:20:00|2025-06-19 04:25:00|2025-06-19 04:30:00|3374.20,A3_SQ_SOFT_RETEST_W15_B45_C60_RCM05_V2,SHORT,2025-06-19 04:35:00,2025-06-19 04:55:00,Morning 06:00-11:59,FALLING,3371.755,3374.6081,3367.47535,285.31,-1.0,50.0,50.0,75.0,0.0,10.0,50.0,0.385546,0.47317,0.47317,-1.385546,-1.47317,False,DOWN,BAD_SIGNAL
1033669|XAUUSD|breakout_retest|LONG|2025-06-19 09:20:00|2025-06-19 10:05:00|2025-06-19 10:10:00|3371.41,A3_SQ_SOFT_RETEST_W15_B45_C60_RCM05_V2,LONG,2025-06-19 10:15:00,2025-06-19 10:25:00,Afternoon 12:00-15:59,FALLING,3373.035,3371.06411,3375.99133,197.09,1.5,50.0,50.0,75.0,0.0,10.0,0.0,0.304432,0.431278,0.431278,1.195568,1.068722,False,DOWN,WIN
1033669|XAUUSD|breakout_retest|SHORT|2025-06-19 11:50:00|2025-06-19 12:00:00|2025-06-19 12:05:00|3371.64,A3_SQ_SOFT_RETEST_W15_B45_C60_RCM05_V2,SHORT,2025-06-19 12:10:00,2025-06-19 12:15:00,Evening 16:00-19:59,FALLING,3370.588,3372.50707,3367.70939,191.91,1.5,50.0,50.0,75.0,0.0,10.0,0.0,0.312651,0.442923,0.442923,1.187349,1.057077,False,DOWN,WIN
1033669|XAUUSD|breakout_retest|SHORT|2025-06-20 03:05:00|2025-06-20 03:55:00|2025-06-20 04:00:00|3355.58,A3_SQ_SOFT_RETEST_W15_B45_C60_RCM05_V2,SHORT,2025-06-20 04:05:00,2025-06-20 04:30:00,Morning 06:00-11:59,FALLING,3354.205,3356.34788,3350.99068,214.29,-1.0,50.0,50.0,75.0,0.0,10.0,50.0,0.513328,0.629994,0.629994,-1.513328,-1.629994,False,DOWN,BAD_SIGNAL
1033669|XAUUSD|breakout_retest|LONG|2025-06-20 09:40:00|2025-06-20 10:35:00|2025-06-20 10:40:00|3355.11,A3_SQ_SOFT_RETEST_W15_B45_C60_RCM05_V2,LONG,2025-06-20 10:45:00,2025-06-20 11:05:00,Afternoon 12:00-15:59,FALLING,3356.345,3354.9219,3358.47965,142.31,-1.0,50.0,50.0,75.0,0.0,10.0,50.0,0.77296,0.948633,0.948633,-1.77296,-1.948633,False,DOWN,MIXED
1033669|XAUUSD|breakout_retest|SHORT|2025-06-20 12:30:00|2025-06-20 12:40:00|2025-06-20 12:45:00|3347.26,A3_SQ_SOFT_RETEST_W15_B45_C60_RCM05_V2,SHORT,2025-06-20 12:50:00,2025-06-20 13:10:00,Evening 16:00-19:59,FALLING,3345.388,3349.46714,3339.26929,407.91,-1.0,50.0,50.0,75.0,0.0,10.0,50.0,0.269664,0.330952,0.330952,-1.269664,-1.330952,False,DOWN,MIXED
1033669|XAUUSD|breakout_retest|LONG|2025-06-20 13:10:00|2025-06-20 13:15:00|2025-06-20 13:20:00|3350.61,A3_SQ_SOFT_RETEST_W15_B45_C60_RCM05_V2,LONG,2025-06-20 13:25:00,2025-06-20 13:35:00,Evening 16:00-19:59,FALLING,3353.215,3350.03539,3357.98442,317.96,1.5,50.0,50.0,75.0,0.0,10.0,0.0,0.188702,0.267328,0.267328,1.311298,1.232672,False,DOWN,WIN
1033669|XAUUSD|breakout_retest|SHORT|2025-06-23 04:25:00|2025-06-23 04:30:00|2025-06-23 04:35:00|3360.90,A3_SQ_SOFT_RETEST_W15_B45_C60_RCM05_V2,SHORT,2025-06-23 04:40:00,2025-06-23 04:45:00,Morning 06:00-11:59,FALLING,3359.525,3361.12031,3357.13203,159.53,1.5,50.0,50.0,75.0,0.0,10.0,0.0,0.376101,0.53281,0.53281,1.123899,0.96719,False,DOWN,WIN
1033669|XAUUSD|breakout_retest|SHORT|2025-06-23 09:20:00|2025-06-23 09:25:00|2025-06-23 09:30:00|3368.01,A3_SQ_SOFT_RETEST_W15_B45_C60_RCM05_V2,SHORT,2025-06-23 09:35:00,2025-06-23 11:05:00,Afternoon 12:00-15:59,FALLING,3364.665,3369.12466,3357.97551,445.97,-1.0,50.0,50.0,75.0,0.0,10.0,50.0,0.246656,0.302714,0.302714,-1.246656,-1.302714,False,DOWN,MIXED
1033669|XAUUSD|breakout_retest|LONG|2025-06-23 16:05:00|2025-06-23 16:15:00|2025-06-23 16:20:00|3387.55,A3_SQ_SOFT_RETEST_W15_B45_C60_RCM05_V2,LONG,2025-06-23 16:25:00,2025-06-23 16:40:00,Night 20:00-05:59,RISING,3390.745,3386.84916,3396.58875,389.58,-1.0,50.0,50.0,75.0,0.0,10.0,50.0,0.282353,0.346524,0.346524,-1.282353,-1.346524,False,DOWN,MIXED
1033669|XAUUSD|breakout_retest|SHORT|2025-06-23 23:35:00|2025-06-23 23:45:00|2025-06-23 23:50:00|3350.07,A3_SQ_SOFT_RETEST_W15_B45_C60_RCM05_V2,SHORT,2025-06-23 23:55:00,2025-06-24 00:00:00,Night 20:00-05:59,FALLING,3347.345,3351.36502,3341.31497,402.0,1.5,50.0,50.0,75.0,0.0,10.0,0.0,0.149253,0.211442,0.211442,1.350747,1.288558,False,DOWN,WIN
1033669|XAUUSD|breakout_retest|SHORT|2025-06-24 12:15:00|2025-06-24 12:20:00|2025-06-24 12:25:00|3317.72,A3_SQ_SOFT_RETEST_W15_B45_C60_RCM05_V2,SHORT,2025-06-24 12:30:00,2025-06-24 12:35:00,Evening 16:00-19:59,FALLING,3314.538,3319.04564,3307.77654,450.76,1.5,50.0,50.0,75.0,0.0,10.0,0.0,0.133107,0.188569,0.188569,1.366893,1.311431,False,DOWN,WIN
1033669|XAUUSD|breakout_retest|SHORT|2025-06-24 12:30:00|2025-06-24 13:15:00|2025-06-24 13:20:00|3317.72,A3_SQ_SOFT_RETEST_W15_B45_C60_RCM05_V2,SHORT,2025-06-24 13:25:00,2025-06-24 13:35:00,Evening 16:00-19:59,FALLING,3314.245,3318.24079,3308.25131,399.58,1.5,50.0,50.0,75.0,0.0,10.0,0.0,0.150158,0.212724,0.212724,1.349842,1.287276,False,DOWN,WIN
1033669|XAUUSD|breakout_retest|LONG|2025-06-24 17:35:00|2025-06-24 18:35:00|2025-06-24 18:40:00|3316.95,A3_SQ_SOFT_RETEST_W15_B45_C60_RCM05_V2,LONG,2025-06-24 18:45:00,2025-06-24 19:35:00,Night 20:00-05:59,FALLING,3317.258,3315.61964,3319.71554,163.84,1.5,50.0,50.0,75.0,0.0,10.0,0.0,0.366221,0.518812,0.518812,1.133779,0.981188,False,DOWN,WIN
1033669|XAUUSD|breakout_retest|LONG|2025-06-24 23:45:00|2025-06-24 23:55:00|2025-06-25 00:00:00|3323.80,A3_SQ_SOFT_RETEST_W15_B45_C60_RCM05_V2,LONG,2025-06-25 00:05:00,2025-06-25 00:10:00,Night 20:00-05:59,FALLING,3324.385,3323.22744,3326.12135,115.76,1.5,50.0,50.0,75.0,0.0,10.0,0.0,0.51833,0.7343,0.7343,0.98167,0.7657,False,UP,WIN
1033669|XAUUSD|breakout_retest|LONG|2025-06-25 01:15:00|2025-06-25 01:30:00|2025-06-25 01:35:00|3329.86,A3_SQ_SOFT_RETEST_W15_B45_C60_RCM05_V2,LONG,2025-06-25 01:40:00,2025-06-25 04:00:00,Night 20:00-05:59,FALLING,3331.135,3327.50476,3336.58036,363.02,-1.0,50.0,50.0,75.0,0.0,10.0,50.0,0.30301,0.371876,0.371876,-1.30301,-1.371876,False,UP,BAD_EXIT_GIVEBACK
1033669|XAUUSD|breakout_retest|LONG|2025-06-25 06:30:00|2025-06-25 06:35:00|2025-06-25 06:40:00|3329.11,A3_SQ_SOFT_RETEST_W15_B45_C60_RCM05_V2,LONG,2025-06-25 06:45:00,2025-06-25 07:10:00,Morning 06:00-11:59,RISING,3330.808,3328.50607,3334.26089,230.19,-1.0,50.0,50.0,75.0,0.0,10.0,50.0,0.47786,0.586465,0.586465,-1.47786,-1.586465,False,UP,NEAR_TP_GIVEBACK
1033669|XAUUSD|breakout_retest|LONG|2025-06-25 06:55:00|2025-06-25 07:20:00|2025-06-25 07:25:00|3329.11,A3_SQ_SOFT_RETEST_W15_B45_C60_RCM05_V2,LONG,2025-06-25 07:30:00,2025-06-25 07:45:00,Morning 06:00-11:59,RISING,3329.895,3326.38689,3335.15717,350.81,1.5,50.0,50.0,75.0,0.0,10.0,0.0,0.171032,0.242295,0.242295,1.328968,1.257705,False,UP,WIN
1033669|XAUUSD|breakout_retest|SHORT|2025-06-25 12:00:00|2025-06-25 12:35:00|2025-06-25 12:40:00|3323.84,A3_SQ_SOFT_RETEST_W15_B45_C60_RCM05_V2,SHORT,2025-06-25 12:45:00,2025-06-25 13:05:00,Evening 16:00-19:59,FALLING,3322.788,3326.42654,3317.3302,363.85,1.5,50.0,50.0,75.0,0.0,10.0,0.0,0.164902,0.23361,0.23361,1.335098,1.26639,False,UP,WIN
1033669|XAUUSD|breakout_retest|SHORT|2025-06-25 12:55:00|2025-06-25 13:00:00|2025-06-25 13:05:00|3321.40,A3_SQ_SOFT_RETEST_W15_B45_C60_RCM05_V2,SHORT,2025-06-25 13:10:00,2025-06-25 14:15:00,Evening 16:00-19:59,FALLING,3316.905,3321.74255,3309.64867,483.76,-1.0,50.0,50.0,75.0,0.0,10.0,50.0,0.227388,0.279067,0.279067,-1.227388,-1.279067,False,UP,BAD_EXIT_GIVEBACK
1033669|XAUUSD|breakout_retest|LONG|2025-06-25 17:05:00|2025-06-25 18:05:00|2025-06-25 18:10:00|3326.07,A3_SQ_SOFT_RETEST_W15_B45_C60_RCM05_V2,LONG,2025-06-25 18:15:00,2025-06-25 18:25:00,Night 20:00-05:59,RISING,3327.165,3325.81641,3329.18789,134.86,1.5,50.0,50.0,75.0,0.0,10.0,0.0,0.444908,0.630287,0.630287,1.055092,0.869713,False,UP,WIN
1033669|XAUUSD|breakout_retest|LONG|2025-06-25 19:45:00|2025-06-25 19:55:00|2025-06-25 20:00:00|3332.72,A3_SQ_SOFT_RETEST_W15_B45_C60_RCM05_V2,LONG,2025-06-25 20:05:00,2025-06-25 20:15:00,Night 20:00-05:59,RISING,3334.155,3331.95386,3337.45671,220.11,-1.0,50.0,50.0,75.0,0.0,10.0,50.0,0.49974,0.613318,0.613318,-1.49974,-1.613318,False,UP,MIXED
1033669|XAUUSD|breakout_retest|SHORT|2025-06-26 01:40:00|2025-06-26 01:45:00|2025-06-26 01:50:00|3332.41,A3_SQ_SOFT_RETEST_W15_B45_C60_RCM05_V2,SHORT,2025-06-26 01:55:00,2025-06-26 02:20:00,Night 20:00-05:59,RISING,3329.725,3333.44066,3324.1515,371.57,-1.0,50.0,50.0,75.0,0.0,10.0,50.0,0.296044,0.363327,0.363327,-1.296044,-1.363327,False,DOWN,BAD_SIGNAL
1033669|XAUUSD|breakout_retest|SHORT|2025-06-26 03:00:00|2025-06-26 03:25:00|2025-06-26 03:30:00|3340.18,A3_SQ_SOFT_RETEST_W15_B45_C60_RCM05_V2,SHORT,2025-06-26 03:35:00,2025-06-26 04:35:00,Morning 06:00-11:59,RISING,3338.488,3340.58685,3335.33972,209.89,1.5,50.0,50.0,75.0,0.0,10.0,0.0,0.285871,0.404984,0.404984,1.214129,1.095016,False,DOWN,WIN
1033669|XAUUSD|breakout_retest|SHORT|2025-06-26 05:00:00|2025-06-26 05:50:00|2025-06-26 05:55:00|3336.16,A3_SQ_SOFT_RETEST_W15_B45_C60_RCM05_V2,SHORT,2025-06-26 06:00:00,2025-06-26 06:10:00,Morning 06:00-11:59,RISING,3335.125,3336.87203,3332.50446,174.7,1.5,50.0,50.0,75.0,0.0,10.0,0.0,0.34344,0.48654,0.48654,1.15656,1.01346,False,DOWN,WIN
1033669|XAUUSD|breakout_retest|LONG|2025-06-26 05:30:00|2025-06-26 06:20:00|2025-06-26 06:25:00|3335.45,A3_SQ_SOFT_RETEST_W15_B45_C60_RCM05_V2,LONG,2025-06-26 06:30:00,2025-06-26 06:40:00,Morning 06:00-11:59,RISING,3335.708,3332.74412,3340.15382,296.39,-1.0,50.0,50.0,75.0,0.0,10.0,50.0,0.371135,0.455484,0.455484,-1.371135,-1.455484,False,DOWN,MIXED
1033669|XAUUSD|breakout_retest|LONG|2025-06-26 05:30:00|2025-06-26 06:35:00|2025-06-26 06:40:00|3335.45,A3_SQ_SOFT_RETEST_W15_B45_C60_RCM05_V2,LONG,2025-06-26 06:45:00,2025-06-26 07:25:00,Morning 06:00-11:59,RISING,3337.195,3332.118,3344.8105,507.7,1.5,50.0,50.0,75.0,0.0,10.0,0.0,0.11818,0.167422,0.167422,1.38182,1.332578,True,DOWN,WIN
1033669|XAUUSD|breakout_retest|LONG|2025-06-26 09:35:00|2025-06-26 10:50:00|2025-06-26 10:55:00|3340.01,A3_SQ_SOFT_RETEST_W15_B45_C60_RCM05_V2,LONG,2025-06-26 11:00:00,2025-06-26 11:25:00,Afternoon 12:00-15:59,RISING,3341.758,3339.65435,3344.91348,210.37,-1.0,50.0,50.0,75.0,0.0,10.0,50.0,0.522901,0.641742,0.641742,-1.522901,-1.641742,False,DOWN,BAD_EXIT_GIVEBACK
1033669|XAUUSD|breakout_retest|SHORT|2025-06-26 10:40:00|2025-06-26 11:25:00|2025-06-26 11:30:00|3340.18,A3_SQ_SOFT_RETEST_W15_B45_C60_RCM05_V2,SHORT,2025-06-26 11:35:00,2025-06-26 11:40:00,Afternoon 12:00-15:59,RISING,3338.819,3340.74857,3335.92464,192.96,1.5,50.0,50.0,75.0,0.0,10.0,0.0,0.31095,0.440512,0.440512,1.18905,1.059488,False,DOWN,WIN
1033669|XAUUSD|breakout_retest|SHORT|2025-06-26 19:10:00|2025-06-26 20:00:00|2025-06-26 20:05:00|3332.05,A3_SQ_SOFT_RETEST_W15_B45_C60_RCM05_V2,SHORT,2025-06-26 20:10:00,2025-06-26 20:25:00,Night 20:00-05:59,RISING,3331.005,3332.28907,3329.07889,128.41,1.5,50.0,50.0,75.0,0.0,10.0,0.0,0.467264,0.661957,0.661957,1.032736,0.838043,False,DOWN,WIN
1033669|XAUUSD|breakout_retest|SHORT|2025-06-27 00:30:00|2025-06-27 01:35:00|2025-06-27 01:40:00|3318.65,A3_SQ_SOFT_RETEST_W15_B45_C60_RCM05_V2,SHORT,2025-06-27 01:45:00,2025-06-27 01:50:00,Night 20:00-05:59,FALLING,3318.205,3320.58698,3314.63203,238.2,1.5,50.0,50.0,75.0,0.0,10.0,0.0,0.251891,0.356846,0.356846,1.248109,1.143154,False,DOWN,WIN
1033669|XAUUSD|breakout_retest|SHORT|2025-06-27 06:35:00|2025-06-27 07:05:00|2025-06-27 07:10:00|3289.00,A3_SQ_SOFT_RETEST_W15_B45_C60_RCM05_V2,SHORT,2025-06-27 07:15:00,2025-06-27 10:55:00,Morning 06:00-11:59,FALLING,3287.565,3291.81242,3281.19387,424.74,1.5,50.0,50.0,75.0,0.0,10.0,0.0,0.141262,0.200121,0.200121,1.358738,1.299879,False,DOWN,WIN
1033669|XAUUSD|breakout_retest|SHORT|2025-06-27 12:15:00|2025-06-27 12:25:00|2025-06-27 12:30:00|3279.55,A3_SQ_SOFT_RETEST_W15_B45_C60_RCM05_V2,SHORT,2025-06-27 12:35:00,2025-06-27 12:40:00,Evening 16:00-19:59,FALLING,3277.825,3281.54139,3272.25042,371.64,1.5,50.0,50.0,75.0,0.0,10.0,0.0,0.161447,0.228717,0.228717,1.338553,1.271283,False,DOWN,WIN
1033669|XAUUSD|breakout_retest|SHORT|2025-06-27 13:25:00|2025-06-27 14:10:00|2025-06-27 14:15:00|3272.12,A3_SQ_SOFT_RETEST_W15_B45_C60_RCM05_V2,SHORT,2025-06-27 14:20:00,2025-06-27 14:35:00,Evening 16:00-19:59,FALLING,3270.185,3275.42361,3262.32708,523.86,-1.0,50.0,50.0,75.0,0.0,10.0,50.0,0.209979,0.257702,0.257702,-1.209979,-1.257702,False,DOWN,BAD_EXIT_GIVEBACK
1033669|XAUUSD|breakout_retest|LONG|2025-06-27 15:40:00|2025-06-27 16:45:00|2025-06-27 16:50:00|3275.28,A3_SQ_SOFT_RETEST_W15_B45_C60_RCM05_V2,LONG,2025-06-27 16:55:00,2025-06-27 17:35:00,Night 20:00-05:59,FALLING,3275.415,3273.34479,3278.52032,207.02,-1.0,50.0,50.0,75.0,0.0,10.0,50.0,0.531346,0.652106,0.652106,-1.531346,-1.652106,False,DOWN,NEAR_TP_GIVEBACK
1033669|XAUUSD|breakout_retest|SHORT|2025-06-29 22:00:00|2025-06-29 22:05:00|2025-06-29 22:10:00|3273.34,A3_SQ_SOFT_RETEST_W15_B45_C60_RCM05_V2,SHORT,2025-06-29 22:15:00,2025-06-29 22:20:00,Night 20:00-05:59,FALLING,3270.638,3274.01686,3265.56971,337.89,1.5,50.0,50.0,75.0,0.0,10.0,0.0,0.177575,0.251564,0.251564,1.322425,1.248436,False,DOWN,WIN
1033669|XAUUSD|breakout_retest|SHORT|2025-06-30 08:45:00|2025-06-30 08:50:00|2025-06-30 08:55:00|3290.49,A3_SQ_SOFT_RETEST_W15_B45_C60_RCM05_V2,SHORT,2025-06-30 09:00:00,2025-06-30 09:10:00,Afternoon 12:00-15:59,RISING,3287.865,3290.69681,3283.61729,283.18,1.5,50.0,50.0,75.0,0.0,10.0,0.0,0.211879,0.300162,0.300162,1.288121,1.199838,False,UP,WIN
1033669|XAUUSD|breakout_retest|LONG|2025-06-30 09:00:00|2025-06-30 09:05:00|2025-06-30 09:10:00|3281.30,A3_SQ_SOFT_RETEST_W15_B45_C60_RCM05_V2,LONG,2025-06-30 09:15:00,2025-06-30 09:35:00,Afternoon 12:00-15:59,RISING,3286.958,3280.88208,3296.07188,607.59,-1.0,50.0,50.0,75.0,0.0,10.0,50.0,0.181042,0.222189,0.222189,-1.181042,-1.222189,False,UP,BAD_SIGNAL
1033669|XAUUSD|breakout_retest|LONG|2025-06-30 11:00:00|2025-06-30 12:15:00|2025-06-30 12:20:00|3281.30,A3_SQ_SOFT_RETEST_W15_B45_C60_RCM05_V2,LONG,2025-06-30 12:25:00,2025-06-30 12:35:00,Evening 16:00-19:59,RISING,3282.745,3280.54924,3286.03865,219.58,1.5,50.0,50.0,75.0,0.0,10.0,0.0,0.273253,0.387109,0.387109,1.226747,1.112891,False,UP,WIN
1033669|XAUUSD|breakout_retest|LONG|2025-06-30 12:50:00|2025-06-30 13:00:00|2025-06-30 13:05:00|3281.30,A3_SQ_SOFT_RETEST_W15_B45_C60_RCM05_V2,LONG,2025-06-30 13:10:00,2025-06-30 13:15:00,Evening 16:00-19:59,RISING,3283.945,3280.33686,3289.3572,360.81,-1.0,50.0,50.0,75.0,0.0,10.0,50.0,0.304867,0.374154,0.374154,-1.304867,-1.374154,False,UP,BAD_SIGNAL
1033669|XAUUSD|breakout_retest|LONG|2025-06-30 13:25:00|2025-06-30 13:40:00|2025-06-30 13:45:00|3281.30,A3_SQ_SOFT_RETEST_W15_B45_C60_RCM05_V2,LONG,2025-06-30 13:50:00,2025-06-30 15:05:00,Evening 16:00-19:59,RISING,3283.158,3278.93004,3289.49995,422.8,1.5,50.0,50.0,75.0,0.0,10.0,0.0,0.141912,0.201042,0.201042,1.358088,1.298958,False,UP,WIN
1033669|XAUUSD|breakout_retest|LONG|2025-01-02 13:30:00|2025-01-02 13:45:00|2025-01-02 13:50:00|2638.97,A3_WIDE_STOP_800PT_SOFT_RETEST_V0,LONG,2025-01-02 13:55:00,2025-01-02 15:55:00,Evening 16:00-19:59,RISING,2642.875,2634.875,2654.875,800.0,1.5,50.0,50.0,75.0,0.0,10.0,0.0,0.075,0.10625,0.10625,1.425,1.39375,True,UP,WIN
1033669|XAUUSD|breakout_retest|SHORT|2025-01-03 07:05:00|2025-01-03 07:10:00|2025-01-03 07:15:00|2656.49,A3_WIDE_STOP_800PT_SOFT_RETEST_V0,SHORT,2025-01-03 07:20:00,2025-01-03 13:45:00,Morning 06:00-11:59,RISING,2655.588,2663.588,2643.588,800.0,1.5,50.0,50.0,75.0,0.0,10.0,0.0,0.075,0.10625,0.10625,1.425,1.39375,True,DOWN,WIN
1033669|XAUUSD|breakout_retest|SHORT|2025-01-03 15:15:00|2025-01-03 16:10:00|2025-01-03 16:15:00|2644.99,A3_WIDE_STOP_800PT_SOFT_RETEST_V0,SHORT,2025-01-03 16:20:00,2025-01-07 12:45:00,Night 20:00-05:59,FALLING,2643.165,2651.165,2631.165,800.0,-1.0,50.0,50.0,75.0,0.0,10.0,50.0,0.1375,0.16875,0.16875,-1.1375,-1.16875,False,DOWN,NEAR_TP_GIVEBACK
1033669|XAUUSD|breakout_retest|LONG|2025-01-07 13:00:00|2025-01-07 13:05:00|2025-01-07 13:10:00|2651.12,A3_WIDE_STOP_800PT_SOFT_RETEST_V0,LONG,2025-01-07 13:15:00,2025-01-07 15:10:00,Evening 16:00-19:59,RISING,2653.248,2645.248,2665.248,800.0,-1.0,50.0,50.0,75.0,0.0,10.0,50.0,0.1375,0.16875,0.16875,-1.1375,-1.16875,False,UP,NEAR_TP_GIVEBACK
1033669|XAUUSD|breakout_retest|SHORT|2025-01-08 02:05:00|2025-01-08 02:10:00|2025-01-08 02:15:00|2648.43,A3_WIDE_STOP_800PT_SOFT_RETEST_V0,SHORT,2025-01-08 02:20:00,2025-01-08 13:05:00,Morning 06:00-11:59,RISING,2647.175,2655.175,2635.175,800.0,-1.0,50.0,50.0,75.0,0.0,10.0,50.0,0.1375,0.16875,0.16875,-1.1375,-1.16875,False,UP,BAD_SIGNAL
1033669|XAUUSD|breakout_retest|LONG|2025-01-08 15:45:00|2025-01-08 15:50:00|2025-01-08 15:55:00|2664.10,A3_WIDE_STOP_800PT_SOFT_RETEST_V0,LONG,2025-01-08 16:00:00,2025-01-08 17:40:00,Night 20:00-05:59,RISING,2666.218,2658.218,2678.218,800.0,-1.0,50.0,50.0,75.0,0.0,10.0,50.0,0.1375,0.16875,0.16875,-1.1375,-1.16875,False,UP,BAD_SIGNAL
1033669|XAUUSD|breakout_retest|LONG|2025-01-08 19:15:00|2025-01-08 19:55:00|2025-01-08 20:00:00|2657.98,A3_WIDE_STOP_800PT_SOFT_RETEST_V0,LONG,2025-01-08 20:05:00,2025-01-10 00:10:00,Night 20:00-05:59,RISING,2658.558,2650.558,2670.558,800.0,1.5,50.0,50.0,75.0,0.0,10.0,0.0,0.075,0.10625,0.10625,1.425,1.39375,True,UP,WIN
1033669|XAUUSD|breakout_retest|LONG|2025-01-10 01:40:00|2025-01-10 01:50:00|2025-01-10 01:55:00|2669.84,A3_WIDE_STOP_800PT_SOFT_RETEST_V0,LONG,2025-01-10 02:00:00,2025-01-10 10:20:00,Morning 06:00-11:59,RISING,2670.415,2662.415,2682.415,800.0,1.5,50.0,50.0,75.0,0.0,10.0,0.0,0.075,0.10625,0.10625,1.425,1.39375,True,UP,WIN
1033669|XAUUSD|breakout_retest|SHORT|2025-01-10 12:40:00|2025-01-10 12:55:00|2025-01-10 13:00:00|2678.44,A3_WIDE_STOP_800PT_SOFT_RETEST_V0,SHORT,2025-01-10 13:05:00,2025-01-10 13:35:00,Evening 16:00-19:59,RISING,2677.515,2685.515,2665.515,800.0,1.5,50.0,50.0,75.0,0.0,10.0,0.0,0.075,0.10625,0.10625,1.425,1.39375,True,UP,WIN
1033669|XAUUSD|breakout_retest|LONG|2025-01-10 13:25:00|2025-01-10 13:30:00|2025-01-10 13:35:00|2665.18,A3_WIDE_STOP_800PT_SOFT_RETEST_V0,LONG,2025-01-10 13:40:00,2025-01-10 15:35:00,Evening 16:00-19:59,RISING,2676.618,2662.88216,2697.22176,1373.58,1.5,50.0,50.0,75.0,0.0,10.0,0.0,0.043681,0.061882,0.061882,1.456319,1.438118,True,UP,WIN
1033669|XAUUSD|breakout_retest|LONG|2025-01-10 20:05:00|2025-01-10 20:10:00|2025-01-10 20:15:00|2687.55,A3_WIDE_STOP_800PT_SOFT_RETEST_V0,LONG,2025-01-10 20:20:00,2025-01-14 00:05:00,Night 20:00-05:59,RISING,2688.915,2680.915,2700.915,800.0,-1.0,50.0,50.0,75.0,0.0,10.0,50.0,0.1375,0.16875,0.16875,-1.1375,-1.16875,False,UP,MIXED
1033669|XAUUSD|breakout_retest|SHORT|2025-01-14 05:50:00|2025-01-14 06:00:00|2025-01-14 06:05:00|2668.64,A3_WIDE_STOP_800PT_SOFT_RETEST_V0,SHORT,2025-01-14 06:10:00,2025-01-14 19:40:00,Morning 06:00-11:59,FALLING,2667.635,2675.635,2655.635,800.0,-1.0,50.0,50.0,75.0,0.0,10.0,50.0,0.1375,0.16875,0.16875,-1.1375,-1.16875,False,UP,BAD_EXIT_GIVEBACK
1033669|XAUUSD|breakout_retest|LONG|2025-01-14 19:30:00|2025-01-14 20:20:00|2025-01-14 20:25:00|2671.67,A3_WIDE_STOP_800PT_SOFT_RETEST_V0,LONG,2025-01-14 20:30:00,2025-01-15 08:10:00,Night 20:00-05:59,FALLING,2672.455,2664.455,2684.455,800.0,1.5,50.0,50.0,75.0,0.0,10.0,0.0,0.075,0.10625,0.10625,1.425,1.39375,True,UP,WIN
1033669|XAUUSD|breakout_retest|LONG|2025-01-15 14:40:00|2025-01-15 14:45:00|2025-01-15 14:50:00|2679.20,A3_WIDE_STOP_800PT_SOFT_RETEST_V0,LONG,2025-01-15 14:55:00,2025-01-15 18:30:00,Evening 16:00-19:59,RISING,2682.729,2674.729,2694.729,800.0,1.5,50.0,50.0,75.0,0.0,10.0,0.0,0.075,0.10625,0.10625,1.425,1.39375,True,UP,WIN
1033669|XAUUSD|breakout_retest|LONG|2025-01-15 20:10:00|2025-01-15 20:50:00|2025-01-15 20:55:00|2695.05,A3_WIDE_STOP_800PT_SOFT_RETEST_V0,LONG,2025-01-15 21:00:00,2025-01-16 10:10:00,Night 20:00-05:59,RISING,2695.949,2687.949,2707.949,800.0,1.5,50.0,50.0,50.0,0.0,10.0,0.0,0.075,0.075,0.075,1.425,1.425,True,UP,WIN
1033669|XAUUSD|breakout_retest|LONG|2025-01-16 11:20:00|2025-01-16 11:25:00|2025-01-16 11:30:00|2708.30,A3_WIDE_STOP_800PT_SOFT_RETEST_V0,LONG,2025-01-16 11:35:00,2025-01-16 12:35:00,Afternoon 12:00-15:59,RISING,2709.365,2701.365,2721.365,800.0,-1.0,50.0,50.0,75.0,0.0,10.0,50.0,0.1375,0.16875,0.16875,-1.1375,-1.16875,False,UP,BAD_SIGNAL
1033669|XAUUSD|breakout_retest|SHORT|2025-01-16 12:50:00|2025-01-16 12:55:00|2025-01-16 13:00:00|2704.82,A3_WIDE_STOP_800PT_SOFT_RETEST_V0,SHORT,2025-01-16 13:05:00,2025-01-16 13:30:00,Evening 16:00-19:59,RISING,2703.435,2711.435,2691.435,800.0,-1.0,50.0,50.0,75.0,0.0,10.0,50.0,0.1375,0.16875,0.16875,-1.1375,-1.16875,False,UP,BAD_SIGNAL
1033669|XAUUSD|breakout_retest|LONG|2025-01-16 13:30:00|2025-01-16 13:40:00|2025-01-16 13:45:00|2711.05,A3_WIDE_STOP_800PT_SOFT_RETEST_V0,LONG,2025-01-16 13:50:00,2025-01-17 09:30:00,Evening 16:00-19:59,RISING,2714.989,2706.989,2726.989,800.0,-1.0,50.0,50.0,75.0,0.0,10.0,50.0,0.1375,0.16875,0.16875,-1.1375,-1.16875,False,UP,BAD_EXIT_GIVEBACK
1033669|XAUUSD|breakout_retest|LONG|2025-01-17 12:40:00|2025-01-17 13:35:00|2025-01-17 13:40:00|2706.97,A3_WIDE_STOP_800PT_SOFT_RETEST_V0,LONG,2025-01-17 13:45:00,2025-01-17 21:15:00,Evening 16:00-19:59,FALLING,2707.555,2699.555,2719.555,800.0,-1.0,50.0,50.0,75.0,0.0,10.0,50.0,0.1375,0.16875,0.16875,-1.1375,-1.16875,False,DOWN,BAD_EXIT_GIVEBACK
1033669|XAUUSD|breakout_retest|LONG|2025-01-21 01:25:00|2025-01-21 01:35:00|2025-01-21 01:40:00|2711.26,A3_WIDE_STOP_800PT_SOFT_RETEST_V0,LONG,2025-01-21 01:45:00,2025-01-21 02:40:00,Night 20:00-05:59,FALLING,2712.935,2704.935,2724.935,800.0,1.5,50.0,50.0,75.0,0.0,10.0,0.0,0.075,0.10625,0.10625,1.425,1.39375,True,UP,WIN
1033669|XAUUSD|breakout_retest|LONG|2025-01-21 03:20:00|2025-01-21 04:15:00|2025-01-21 04:20:00|2724.57,A3_WIDE_STOP_800PT_SOFT_RETEST_V0,LONG,2025-01-21 04:25:00,2025-01-21 09:05:00,Morning 06:00-11:59,RISING,2726.755,2718.755,2738.755,800.0,-1.0,50.0,50.0,75.0,0.0,10.0,50.0,0.1375,0.16875,0.16875,-1.1375,-1.16875,False,UP,MIXED
1033669|XAUUSD|breakout_retest|SHORT|2025-01-21 09:05:00|2025-01-21 09:30:00|2025-01-21 09:35:00|2722.47,A3_WIDE_STOP_800PT_SOFT_RETEST_V0,SHORT,2025-01-21 09:40:00,2025-01-21 13:25:00,Afternoon 12:00-15:59,RISING,2721.685,2729.685,2709.685,800.0,-1.0,50.0,50.0,75.0,0.0,10.0,50.0,0.1375,0.16875,0.16875,-1.1375,-1.16875,False,UP,MIXED
1033669|XAUUSD|breakout_retest|LONG|2025-01-21 14:20:00|2025-01-21 14:35:00|2025-01-21 14:40:00|2729.86,A3_WIDE_STOP_800PT_SOFT_RETEST_V0,LONG,2025-01-21 14:45:00,2025-01-21 16:25:00,Evening 16:00-19:59,RISING,2732.688,2724.688,2744.688,800.0,1.5,50.0,50.0,75.0,0.0,10.0,0.0,0.075,0.10625,0.10625,1.425,1.39375,True,UP,WIN
1033669|XAUUSD|breakout_retest|LONG|2025-01-22 04:30:00|2025-01-22 04:40:00|2025-01-22 04:45:00|2750.86,A3_WIDE_STOP_800PT_SOFT_RETEST_V0,LONG,2025-01-22 04:50:00,2025-01-23 09:30:00,Morning 06:00-11:59,RISING,2752.305,2744.305,2764.305,800.0,-1.0,50.0,50.0,75.0,0.0,10.0,50.0,0.1375,0.16875,0.16875,-1.1375,-1.16875,False,UP,NEAR_TP_GIVEBACK
1033669|XAUUSD|breakout_retest|SHORT|2025-01-23 13:25:00|2025-01-23 13:30:00|2025-01-23 13:35:00|2742.45,A3_WIDE_STOP_800PT_SOFT_RETEST_V0,SHORT,2025-01-23 13:40:00,2025-01-23 14:35:00,Evening 16:00-19:59,FALLING,2739.305,2747.305,2727.305,800.0,-1.0,50.0,50.0,75.0,0.0,10.0,50.0,0.1375,0.16875,0.16875,-1.1375,-1.16875,False,DOWN,BAD_SIGNAL
1033669|XAUUSD|breakout_retest|LONG|2025-01-23 16:20:00|2025-01-23 16:25:00|2025-01-23 16:30:00|2749.36,A3_WIDE_STOP_800PT_SOFT_RETEST_V0,LONG,2025-01-23 16:35:00,2025-01-24 02:05:00,Night 20:00-05:59,FALLING,2751.515,2743.515,2763.515,800.0,1.5,50.0,50.0,75.0,0.0,10.0,0.0,0.075,0.10625,0.10625,1.425,1.39375,True,DOWN,WIN
1033669|XAUUSD|breakout_retest|LONG|2025-01-24 05:35:00|2025-01-24 06:00:00|2025-01-24 06:05:00|2774.82,A3_WIDE_STOP_800PT_SOFT_RETEST_V0,LONG,2025-01-24 06:10:00,2025-01-26 23:05:00,Morning 06:00-11:59,RISING,2775.975,2767.975,2787.975,800.0,-1.0,50.0,50.0,75.0,0.0,10.0,50.0,0.1375,0.16875,0.16875,-1.1375,-1.16875,False,UP,BAD_EXIT_GIVEBACK
1033669|XAUUSD|breakout_retest|SHORT|2025-01-27 09:55:00|2025-01-27 10:10:00|2025-01-27 10:15:00|2764.45,A3_WIDE_STOP_800PT_SOFT_RETEST_V0,SHORT,2025-01-27 10:20:00,2025-01-27 12:00:00,Afternoon 12:00-15:59,FALLING,2763.495,2771.495,2751.495,800.0,-1.0,50.0,50.0,75.0,0.0,10.0,50.0,0.1375,0.16875,0.16875,-1.1375,-1.16875,False,DOWN,BAD_SIGNAL
1033669|XAUUSD|breakout_retest|SHORT|2025-01-27 15:00:00|2025-01-27 15:05:00|2025-01-27 15:10:00|2744.91,A3_WIDE_STOP_800PT_SOFT_RETEST_V0,SHORT,2025-01-27 15:15:00,2025-01-28 13:35:00,Evening 16:00-19:59,FALLING,2740.885,2748.885,2728.885,800.0,-1.0,50.0,50.0,75.0,0.0,10.0,50.0,0.1375,0.16875,0.16875,-1.1375,-1.16875,False,DOWN,NEAR_TP_GIVEBACK
1033669|XAUUSD|breakout_retest|LONG|2025-01-28 18:20:00|2025-01-28 18:25:00|2025-01-28 18:30:00|2759.31,A3_WIDE_STOP_800PT_SOFT_RETEST_V0,LONG,2025-01-28 18:35:00,2025-02-01 00:05:00,Night 20:00-05:59,RISING,2760.635,2752.635,2772.635,800.0,1.5,50.0,50.0,75.0,0.0,10.0,0.0,0.075,0.10625,0.10625,1.425,1.39375,True,UP,WIN
1033669|XAUUSD|breakout_retest|LONG|2025-02-03 04:05:00|2025-02-03 04:30:00|2025-02-03 04:35:00|2778.32,A3_WIDE_STOP_800PT_SOFT_RETEST_V0,LONG,2025-02-03 04:40:00,2025-02-03 08:15:00,Morning 06:00-11:59,FALLING,2779.315,2771.315,2791.315,800.0,1.5,50.0,50.0,75.0,0.0,10.0,0.0,0.075,0.10625,0.10625,1.425,1.39375,True,UP,WIN
1033669|XAUUSD|breakout_retest|SHORT|2025-02-03 08:20:00|2025-02-03 08:45:00|2025-02-03 08:50:00|2798.09,A3_WIDE_STOP_800PT_SOFT_RETEST_V0,SHORT,2025-02-03 08:55:00,2025-02-03 12:40:00,Afternoon 12:00-15:59,FALLING,2797.655,2805.655,2785.655,800.0,-1.0,50.0,50.0,75.0,0.0,10.0,50.0,0.1375,0.16875,0.16875,-1.1375,-1.16875,False,UP,MIXED
1033669|XAUUSD|breakout_retest|SHORT|2025-02-03 20:25:00|2025-02-03 20:40:00|2025-02-03 20:45:00|2817.30,A3_WIDE_STOP_800PT_SOFT_RETEST_V0,SHORT,2025-02-03 20:50:00,2025-02-04 01:55:00,Night 20:00-05:59,RISING,2816.168,2824.168,2804.168,800.0,-1.0,50.0,50.0,75.0,0.0,10.0,50.0,0.1375,0.16875,0.16875,-1.1375,-1.16875,False,UP,MIXED
1033669|XAUUSD|breakout_retest|SHORT|2025-02-04 06:35:00|2025-02-04 07:20:00|2025-02-04 07:25:00|2813.12,A3_WIDE_STOP_800PT_SOFT_RETEST_V0,SHORT,2025-02-04 07:30:00,2025-02-04 08:20:00,Morning 06:00-11:59,RISING,2809.058,2817.058,2797.058,800.0,-1.0,50.0,50.0,75.0,0.0,10.0,50.0,0.1375,0.16875,0.16875,-1.1375,-1.16875,False,UP,BAD_SIGNAL
1033669|XAUUSD|breakout_retest|LONG|2025-02-04 08:15:00|2025-02-04 09:05:00|2025-02-04 09:10:00|2814.26,A3_WIDE_STOP_800PT_SOFT_RETEST_V0,LONG,2025-02-04 09:15:00,2025-02-04 13:25:00,Afternoon 12:00-15:59,RISING,2815.615,2807.615,2827.615,800.0,1.5,50.0,50.0,75.0,0.0,10.0,0.0,0.075,0.10625,0.10625,1.425,1.39375,True,UP,WIN
1033669|XAUUSD|breakout_retest|LONG|2025-02-04 13:55:00|2025-02-04 14:00:00|2025-02-04 14:05:00|2830.30,A3_WIDE_STOP_800PT_SOFT_RETEST_V0,LONG,2025-02-04 14:10:00,2025-02-04 15:15:00,Evening 16:00-19:59,RISING,2832.005,2824.005,2844.005,800.0,1.5,50.0,50.0,75.0,0.0,10.0,0.0,0.075,0.10625,0.10625,1.425,1.39375,True,UP,WIN
1033669|XAUUSD|breakout_retest|LONG|2025-02-04 15:25:00|2025-02-04 16:10:00|2025-02-04 16:15:00|2837.05,A3_WIDE_STOP_800PT_SOFT_RETEST_V0,LONG,2025-02-04 16:20:00,2025-02-05 02:15:00,Night 20:00-05:59,RISING,2839.235,2831.235,2851.235,800.0,1.5,50.0,50.0,75.0,0.0,10.0,0.0,0.075,0.10625,0.10625,1.425,1.39375,True,UP,WIN
1033669|XAUUSD|breakout_retest|LONG|2025-02-05 02:05:00|2025-02-05 02:50:00|2025-02-05 02:55:00|2848.68,A3_WIDE_STOP_800PT_SOFT_RETEST_V0,LONG,2025-02-05 03:00:00,2025-02-05 08:00:00,Morning 06:00-11:59,RISING,2849.855,2841.855,2861.855,800.0,1.5,50.0,50.0,75.0,0.0,10.0,0.0,0.075,0.10625,0.10625,1.425,1.39375,True,UP,WIN
1033669|XAUUSD|breakout_retest|LONG|2025-02-05 09:40:00|2025-02-05 09:50:00|2025-02-05 09:55:00|2869.49,A3_WIDE_STOP_800PT_SOFT_RETEST_V0,LONG,2025-02-05 10:00:00,2025-02-05 13:35:00,Afternoon 12:00-15:59,RISING,2870.605,2862.605,2882.605,800.0,-1.0,50.0,50.0,75.0,0.0,10.0,50.0,0.1375,0.16875,0.16875,-1.1375,-1.16875,False,UP,BAD_EXIT_GIVEBACK
1033669|XAUUSD|breakout_retest|LONG|2025-02-05 15:45:00|2025-02-05 16:50:00|2025-02-05 16:55:00|2870.72,A3_WIDE_STOP_800PT_SOFT_RETEST_V0,LONG,2025-02-05 17:00:00,2025-02-05 18:50:00,Night 20:00-05:59,RISING,2872.425,2864.425,2884.425,800.0,-1.0,50.0,50.0,75.0,0.0,10.0,50.0,0.1375,0.16875,0.16875,-1.1375,-1.16875,False,UP,MIXED
1033669|XAUUSD|breakout_retest|SHORT|2025-02-05 18:45:00|2025-02-05 18:55:00|2025-02-05 19:00:00|2865.85,A3_WIDE_STOP_800PT_SOFT_RETEST_V0,SHORT,2025-02-05 19:05:00,2025-02-06 02:05:00,Night 20:00-05:59,RISING,2864.975,2872.975,2852.975,800.0,-1.0,50.0,50.0,75.0,0.0,10.0,50.0,0.1375,0.16875,0.16875,-1.1375,-1.16875,False,UP,MIXED
1033669|XAUUSD|breakout_retest|SHORT|2025-02-06 08:30:00|2025-02-06 08:35:00|2025-02-06 08:40:00|2858.16,A3_WIDE_STOP_800PT_SOFT_RETEST_V0,SHORT,2025-02-06 08:45:00,2025-02-06 10:25:00,Afternoon 12:00-15:59,FALLING,2852.325,2860.325,2840.325,800.0,-1.0,50.0,50.0,75.0,0.0,10.0,50.0,0.1375,0.16875,0.16875,-1.1375,-1.16875,False,DOWN,BAD_SIGNAL
1033669|XAUUSD|breakout_retest|SHORT|2025-02-06 14:15:00|2025-02-06 14:25:00|2025-02-06 14:30:00|2859.14,A3_WIDE_STOP_800PT_SOFT_RETEST_V0,SHORT,2025-02-06 14:35:00,2025-02-06 15:00:00,Evening 16:00-19:59,FALLING,2857.198,2865.198,2845.198,800.0,1.5,50.0,50.0,75.0,0.0,10.0,0.0,0.075,0.10625,0.10625,1.425,1.39375,True,DOWN,WIN
1033669|XAUUSD|breakout_retest|LONG|2025-02-06 23:45:00|2025-02-06 23:50:00|2025-02-06 23:55:00|2857.05,A3_WIDE_STOP_800PT_SOFT_RETEST_V0,LONG,2025-02-07 00:00:00,2025-02-11 00:05:00,Night 20:00-05:59,FALLING,2858.085,2850.085,2870.085,800.0,1.5,50.0,50.0,75.0,0.0,10.0,0.0,0.075,0.10625,0.10625,1.425,1.39375,True,UNKNOWN,WIN
1033669|XAUUSD|breakout_retest|SHORT|2025-02-11 02:40:00|2025-02-11 02:55:00|2025-02-11 03:00:00|2919.21,A3_WIDE_STOP_800PT_SOFT_RETEST_V0,SHORT,2025-02-11 03:05:00,2025-02-11 03:40:00,Morning 06:00-11:59,RISING,2917.435,2925.435,2905.435,800.0,-1.0,50.0,50.0,75.0,0.0,10.0,50.0,0.1375,0.16875,0.16875,-1.1375,-1.16875,False,DOWN,BAD_EXIT_GIVEBACK
1033669|XAUUSD|breakout_retest|SHORT|2025-02-11 07:30:00|2025-02-11 08:45:00|2025-02-11 08:50:00|2912.36,A3_WIDE_STOP_800PT_SOFT_RETEST_V0,SHORT,2025-02-11 08:55:00,2025-02-11 12:10:00,Afternoon 12:00-15:59,RISING,2910.325,2918.325,2898.325,800.0,1.5,50.0,50.0,75.0,0.0,10.0,0.0,0.075,0.10625,0.10625,1.425,1.39375,True,DOWN,WIN
1033669|XAUUSD|breakout_retest|LONG|2025-02-11 13:10:00|2025-02-11 13:15:00|2025-02-11 13:20:00|2882.22,A3_WIDE_STOP_800PT_SOFT_RETEST_V0,LONG,2025-02-11 13:25:00,2025-02-11 14:05:00,Evening 16:00-19:59,RISING,2886.195,2878.195,2898.195,800.0,1.5,50.0,50.0,75.0,0.0,10.0,0.0,0.075,0.10625,0.10625,1.425,1.39375,True,DOWN,WIN
1033669|XAUUSD|breakout_retest|SHORT|2025-02-11 19:35:00|2025-02-11 19:40:00|2025-02-11 19:45:00|2903.07,A3_WIDE_STOP_800PT_SOFT_RETEST_V0,SHORT,2025-02-11 19:50:00,2025-02-12 00:55:00,Night 20:00-05:59,RISING,2901.375,2909.375,2889.375,800.0,1.5,50.0,50.0,75.0,0.0,10.0,0.0,0.075,0.10625,0.10625,1.425,1.39375,True,DOWN,WIN
1033669|XAUUSD|breakout_retest|SHORT|2025-02-12 00:55:00|2025-02-12 01:05:00|2025-02-12 01:10:00|2895.85,A3_WIDE_STOP_800PT_SOFT_RETEST_V0,SHORT,2025-02-12 01:15:00,2025-02-12 10:35:00,Night 20:00-05:59,FALLING,2894.935,2902.935,2882.935,800.0,1.5,50.0,50.0,75.0,0.0,10.0,0.0,0.075,0.10625,0.10625,1.425,1.39375,True,UP,WIN
1033669|XAUUSD|breakout_retest|LONG|2025-02-12 10:35:00|2025-02-12 10:45:00|2025-02-12 10:50:00|2882.22,A3_WIDE_STOP_800PT_SOFT_RETEST_V0,LONG,2025-02-12 10:55:00,2025-02-12 13:20:00,Afternoon 12:00-15:59,FALLING,2884.145,2876.145,2896.145,800.0,-1.0,50.0,50.0,75.0,0.0,10.0,50.0,0.1375,0.16875,0.16875,-1.1375,-1.16875,False,UP,BAD_SIGNAL
1033669|XAUUSD|breakout_retest|LONG|2025-02-12 14:00:00|2025-02-12 14:05:00|2025-02-12 14:10:00|2882.22,A3_WIDE_STOP_800PT_SOFT_RETEST_V0,LONG,2025-02-12 14:15:00,2025-02-12 16:55:00,Evening 16:00-19:59,FALLING,2887.198,2879.198,2899.198,800.0,1.5,50.0,50.0,75.0,0.0,10.0,0.0,0.075,0.10625,0.10625,1.425,1.39375,True,UP,WIN
1033669|XAUUSD|breakout_retest|LONG|2025-02-14 03:05:00|2025-02-14 03:10:00|2025-02-14 03:15:00|2928.47,A3_WIDE_STOP_800PT_SOFT_RETEST_V0,LONG,2025-02-14 03:20:00,2025-02-14 13:45:00,Morning 06:00-11:59,RISING,2929.555,2921.555,2941.555,800.0,-1.0,50.0,50.0,75.0,0.0,10.0,50.0,0.1375,0.16875,0.16875,-1.1375,-1.16875,False,DOWN,NEAR_TP_GIVEBACK
1033669|XAUUSD|breakout_retest|SHORT|2025-02-14 14:00:00|2025-02-14 14:30:00|2025-02-14 14:35:00|2925.74,A3_WIDE_STOP_800PT_SOFT_RETEST_V0,SHORT,2025-02-14 14:40:00,2025-02-14 15:20:00,Evening 16:00-19:59,RISING,2923.645,2931.645,2911.645,800.0,1.5,50.0,50.0,75.0,0.0,10.0,0.0,0.075,0.10625,0.10625,1.425,1.39375,True,DOWN,WIN
1033669|XAUUSD|breakout_retest|SHORT|2025-02-14 19:50:00|2025-02-14 20:30:00|2025-02-14 20:35:00|2881.93,A3_WIDE_STOP_800PT_SOFT_RETEST_V0,SHORT,2025-02-14 20:40:00,2025-02-16 23:05:00,Night 20:00-05:59,FALLING,2879.755,2887.755,2867.755,800.0,-1.0,50.0,50.0,75.0,0.0,10.0,50.0,0.1375,0.16875,0.16875,-1.1375,-1.16875,False,DOWN,BAD_SIGNAL
1033669|XAUUSD|breakout_retest|SHORT|2025-02-16 23:35:00|2025-02-16 23:40:00|2025-02-16 23:45:00|2881.74,A3_WIDE_STOP_800PT_SOFT_RETEST_V0,SHORT,2025-02-16 23:50:00,2025-02-17 00:15:00,Night 20:00-05:59,FALLING,2879.105,2887.105,2867.105,800.0,-1.0,50.0,50.0,75.0,0.0,10.0,50.0,0.1375,0.16875,0.16875,-1.1375,-1.16875,False,DOWN,BAD_SIGNAL
1033669|XAUUSD|breakout_retest|LONG|2025-02-17 01:40:00|2025-02-17 01:45:00|2025-02-17 01:50:00|2893.41,A3_WIDE_STOP_800PT_SOFT_RETEST_V0,LONG,2025-02-17 01:55:00,2025-02-19 00:05:00,Night 20:00-05:59,FALLING,2894.635,2886.635,2906.635,800.0,1.5,50.0,50.0,75.0,0.0,10.0,0.0,0.075,0.10625,0.10625,1.425,1.39375,True,UP,WIN
1033669|XAUUSD|breakout_retest|LONG|2025-02-19 10:05:00|2025-02-19 10:10:00|2025-02-19 10:15:00|2942.66,A3_WIDE_STOP_800PT_SOFT_RETEST_V0,LONG,2025-02-19 10:20:00,2025-02-19 11:55:00,Afternoon 12:00-15:59,RISING,2945.465,2937.465,2957.465,800.0,-1.0,50.0,50.0,75.0,0.0,10.0,50.0,0.1375,0.16875,0.16875,-1.1375,-1.16875,False,UP,BAD_SIGNAL
1033669|XAUUSD|breakout_retest|SHORT|2025-02-19 18:10:00|2025-02-19 18:15:00|2025-02-19 18:20:00|2923.14,A3_WIDE_STOP_800PT_SOFT_RETEST_V0,SHORT,2025-02-19 18:25:00,2025-02-19 19:20:00,Night 20:00-05:59,FALLING,2919.965,2927.965,2907.965,800.0,-1.0,50.0,50.0,75.0,0.0,10.0,50.0,0.1375,0.16875,0.16875,-1.1375,-1.16875,False,UP,BAD_SIGNAL
1033669|XAUUSD|breakout_retest|LONG|2025-02-19 23:45:00|2025-02-20 00:00:00|2025-02-20 00:05:00|2935.61,A3_WIDE_STOP_800PT_SOFT_RETEST_V0,LONG,2025-02-20 00:10:00,2025-02-20 07:35:00,Night 20:00-05:59,RISING,2937.465,2929.465,2949.465,800.0,1.5,50.0,50.0,75.0,0.0,10.0,0.0,0.075,0.10625,0.10625,1.425,1.39375,True,UP,WIN
1033669|XAUUSD|breakout_retest|LONG|2025-02-20 12:40:00|2025-02-20 12:50:00|2025-02-20 12:55:00|2942.66,A3_WIDE_STOP_800PT_SOFT_RETEST_V0,LONG,2025-02-20 13:00:00,2025-02-20 13:50:00,Evening 16:00-19:59,RISING,2943.535,2935.535,2955.535,800.0,-1.0,50.0,50.0,75.0,0.0,10.0,50.0,0.1375,0.16875,0.16875,-1.1375,-1.16875,False,UP,MIXED
1033669|XAUUSD|breakout_retest|LONG|2025-02-20 16:40:00|2025-02-20 17:30:00|2025-02-20 17:35:00|2942.66,A3_WIDE_STOP_800PT_SOFT_RETEST_V0,LONG,2025-02-20 17:40:00,2025-02-20 19:40:00,Night 20:00-05:59,FALLING,2943.295,2935.295,2955.295,800.0,-1.0,50.0,50.0,75.0,0.0,10.0,50.0,0.1375,0.16875,0.16875,-1.1375,-1.16875,False,UP,BAD_SIGNAL
1033669|XAUUSD|breakout_retest|LONG|2025-02-20 21:40:00|2025-02-20 21:45:00|2025-02-20 21:50:00|2938.76,A3_WIDE_STOP_800PT_SOFT_RETEST_V0,LONG,2025-02-20 21:55:00,2025-02-21 01:50:00,Night 20:00-05:59,FALLING,2940.008,2932.008,2952.008,800.0,-1.0,50.0,50.0,50.0,0.0,10.0,50.0,0.1375,0.1375,0.1375,-1.1375,-1.1375,False,UP,BAD_EXIT_GIVEBACK
1033669|XAUUSD|breakout_retest|LONG|2025-02-21 11:20:00|2025-02-21 12:10:00|2025-02-21 12:15:00|2930.80,A3_WIDE_STOP_800PT_SOFT_RETEST_V0,LONG,2025-02-21 12:20:00,2025-02-21 15:30:00,Evening 16:00-19:59,FALLING,2931.275,2923.275,2943.275,800.0,-1.0,50.0,50.0,75.0,0.0,10.0,50.0,0.1375,0.16875,0.16875,-1.1375,-1.16875,False,DOWN,BAD_EXIT_GIVEBACK
1033669|XAUUSD|breakout_retest|LONG|2025-02-21 17:30:00|2025-02-21 17:35:00|2025-02-21 17:40:00|2938.30,A3_WIDE_STOP_800PT_SOFT_RETEST_V0,LONG,2025-02-21 17:45:00,2025-02-24 00:55:00,Night 20:00-05:59,RISING,2939.915,2931.915,2951.915,800.0,-1.0,50.0,50.0,75.0,0.0,10.0,50.0,0.1375,0.16875,0.16875,-1.1375,-1.16875,False,DOWN,BAD_SIGNAL
1033669|XAUUSD|breakout_retest|LONG|2025-02-24 07:45:00|2025-02-24 08:45:00|2025-02-24 08:50:00|2941.18,A3_WIDE_STOP_800PT_SOFT_RETEST_V0,LONG,2025-02-24 08:55:00,2025-02-24 10:55:00,Afternoon 12:00-15:59,RISING,2943.125,2935.125,2955.125,800.0,-1.0,50.0,50.0,75.0,0.0,10.0,50.0,0.1375,0.16875,0.16875,-1.1375,-1.16875,False,UP,MIXED
1033669|XAUUSD|breakout_retest|LONG|2025-02-24 10:45:00|2025-02-24 10:50:00|2025-02-24 10:55:00|2934.95,A3_WIDE_STOP_800PT_SOFT_RETEST_V0,LONG,2025-02-24 11:00:00,2025-02-24 12:05:00,Afternoon 12:00-15:59,RISING,2936.655,2928.655,2948.655,800.0,1.5,50.0,50.0,75.0,0.0,10.0,0.0,0.075,0.10625,0.10625,1.425,1.39375,True,UP,WIN
1033669|XAUUSD|breakout_retest|LONG|2025-02-24 16:10:00|2025-02-24 16:50:00|2025-02-24 16:55:00|2940.39,A3_WIDE_STOP_800PT_SOFT_RETEST_V0,LONG,2025-02-24 17:00:00,2025-02-26 00:05:00,Night 20:00-05:59,FALLING,2942.755,2934.755,2954.755,800.0,-1.0,50.0,50.0,75.0,0.0,10.0,50.0,0.1375,0.16875,0.16875,-1.1375,-1.16875,False,UP,NEAR_TP_GIVEBACK
1033669|XAUUSD|breakout_retest|SHORT|2025-02-26 04:00:00|2025-02-26 04:10:00|2025-02-26 04:15:00|2916.93,A3_WIDE_STOP_800PT_SOFT_RETEST_V0,SHORT,2025-02-26 04:20:00,2025-02-26 14:05:00,Morning 06:00-11:59,FALLING,2915.468,2923.468,2903.468,800.0,1.5,50.0,50.0,75.0,0.0,10.0,0.0,0.075,0.10625,0.10625,1.425,1.39375,True,UP,WIN
1033669|XAUUSD|breakout_retest|LONG|2025-02-26 21:20:00|2025-02-26 21:25:00|2025-02-26 21:30:00|2915.95,A3_WIDE_STOP_800PT_SOFT_RETEST_V0,LONG,2025-02-26 21:35:00,2025-02-27 02:50:00,Night 20:00-05:59,FALLING,2917.215,2909.215,2929.215,800.0,-1.0,50.0,50.0,50.0,0.0,10.0,50.0,0.1375,0.1375,0.1375,-1.1375,-1.1375,False,UP,BAD_SIGNAL
1033669|XAUUSD|breakout_retest|SHORT|2025-02-27 08:00:00|2025-02-27 08:05:00|2025-02-27 08:10:00|2890.59,A3_WIDE_STOP_800PT_SOFT_RETEST_V0,SHORT,2025-02-27 08:15:00,2025-02-27 11:00:00,Afternoon 12:00-15:59,FALLING,2886.145,2894.145,2874.145,800.0,-1.0,50.0,50.0,75.0,0.0,10.0,50.0,0.1375,0.16875,0.16875,-1.1375,-1.16875,False,DOWN,BAD_EXIT_GIVEBACK
1033669|XAUUSD|breakout_retest|SHORT|2025-02-27 13:15:00|2025-02-27 13:20:00|2025-02-27 13:25:00|2890.59,A3_WIDE_STOP_800PT_SOFT_RETEST_V0,SHORT,2025-02-27 13:30:00,2025-02-27 14:50:00,Evening 16:00-19:59,FALLING,2888.415,2896.415,2876.415,800.0,1.5,50.0,50.0,75.0,0.0,10.0,0.0,0.075,0.10625,0.10625,1.425,1.39375,True,DOWN,WIN
1033669|XAUUSD|breakout_retest|SHORT|2025-02-27 14:55:00|2025-02-27 15:00:00|2025-02-27 15:05:00|2880.88,A3_WIDE_STOP_800PT_SOFT_RETEST_V0,SHORT,2025-02-27 15:10:00,2025-02-27 17:55:00,Evening 16:00-19:59,FALLING,2870.068,2882.29681,2851.72479,1222.88,-1.0,50.0,50.0,75.0,0.0,10.0,50.0,0.089952,0.110395,0.110395,-1.089952,-1.110395,True,DOWN,BAD_SIGNAL
1033669|XAUUSD|breakout_retest|SHORT|2025-02-27 19:30:00|2025-02-27 20:00:00|2025-02-27 20:05:00|2879.09,A3_WIDE_STOP_800PT_SOFT_RETEST_V0,SHORT,2025-02-27 20:10:00,2025-02-28 03:45:00,Night 20:00-05:59,FALLING,2877.035,2885.035,2865.035,800.0,1.5,50.0,50.0,75.0,0.0,10.0,0.0,0.075,0.10625,0.10625,1.425,1.39375,True,DOWN,WIN
1033669|XAUUSD|breakout_retest|SHORT|2025-02-28 18:10:00|2025-02-28 18:15:00|2025-02-28 18:20:00|2846.07,A3_WIDE_STOP_800PT_SOFT_RETEST_V0,SHORT,2025-02-28 18:25:00,2025-02-28 19:40:00,Night 20:00-05:59,FALLING,2840.905,2848.905,2828.905,800.0,-1.0,50.0,50.0,75.0,0.0,10.0,50.0,0.1375,0.16875,0.16875,-1.1375,-1.16875,False,DOWN,BAD_SIGNAL
1033669|XAUUSD|breakout_retest|LONG|2025-02-28 19:35:00|2025-02-28 19:45:00|2025-02-28 19:50:00|2847.46,A3_WIDE_STOP_800PT_SOFT_RETEST_V0,LONG,2025-02-28 19:55:00,2025-03-02 23:05:00,Night 20:00-05:59,FALLING,2848.575,2840.575,2860.575,800.0,1.5,50.0,50.0,75.0,0.0,10.0,0.0,0.075,0.10625,0.10625,1.425,1.39375,True,DOWN,WIN
1033669|XAUUSD|breakout_retest|LONG|2025-03-03 09:15:00|2025-03-03 09:45:00|2025-03-03 09:50:00|2864.93,A3_WIDE_STOP_800PT_SOFT_RETEST_V0,LONG,2025-03-03 09:55:00,2025-03-03 14:40:00,Afternoon 12:00-15:59,RISING,2867.775,2859.775,2879.775,800.0,1.5,50.0,50.0,75.0,0.0,10.0,0.0,0.075,0.10625,0.10625,1.425,1.39375,True,UP,WIN
1033669|XAUUSD|breakout_retest|LONG|2025-03-03 16:40:00|2025-03-03 17:35:00|2025-03-03 17:40:00|2890.22,A3_WIDE_STOP_800PT_SOFT_RETEST_V0,LONG,2025-03-03 17:45:00,2025-03-03 19:55:00,Night 20:00-05:59,RISING,2891.275,2883.275,2903.275,800.0,-1.0,50.0,50.0,75.0,0.0,10.0,50.0,0.1375,0.16875,0.16875,-1.1375,-1.16875,False,UP,BAD_SIGNAL
1033669|XAUUSD|breakout_retest|LONG|2025-03-05 13:40:00|2025-03-05 13:50:00|2025-03-05 13:55:00|2894.99,A3_WIDE_STOP_800PT_SOFT_RETEST_V0,LONG,2025-03-05 14:00:00,2025-03-05 14:40:00,Evening 16:00-19:59,RISING,2898.658,2890.658,2910.658,800.0,1.5,50.0,50.0,75.0,0.0,10.0,0.0,0.075,0.10625,0.10625,1.425,1.39375,True,UP,WIN
1033669|XAUUSD|breakout_retest|LONG|2025-03-06 05:30:00|2025-03-06 05:35:00|2025-03-06 05:40:00|2917.95,A3_WIDE_STOP_800PT_SOFT_RETEST_V0,LONG,2025-03-06 05:45:00,2025-03-06 07:40:00,Morning 06:00-11:59,RISING,2919.405,2911.405,2931.405,800.0,-1.0,50.0,50.0,75.0,0.0,10.0,50.0,0.1375,0.16875,0.16875,-1.1375,-1.16875,False,DOWN,BAD_SIGNAL
1033669|XAUUSD|breakout_retest|SHORT|2025-03-06 09:05:00|2025-03-06 09:10:00|2025-03-06 09:15:00|2904.49,A3_WIDE_STOP_800PT_SOFT_RETEST_V0,SHORT,2025-03-06 09:20:00,2025-03-06 14:10:00,Afternoon 12:00-15:59,FALLING,2902.615,2910.615,2890.615,800.0,-1.0,50.0,50.0,75.0,0.0,10.0,50.0,0.1375,0.16875,0.16875,-1.1375,-1.16875,False,DOWN,NEAR_TP_GIVEBACK
1033669|XAUUSD|breakout_retest|LONG|2025-03-06 14:55:00|2025-03-06 15:35:00|2025-03-06 15:40:00|2909.22,A3_WIDE_STOP_800PT_SOFT_RETEST_V0,LONG,2025-03-06 15:45:00,2025-03-07 00:10:00,Evening 16:00-19:59,FALLING,2911.315,2903.315,2923.315,800.0,-1.0,50.0,50.0,75.0,0.0,10.0,50.0,0.1375,0.16875,0.16875,-1.1375,-1.16875,False,DOWN,BAD_EXIT_GIVEBACK
1033669|XAUUSD|breakout_retest|LONG|2025-03-07 05:25:00|2025-03-07 06:10:00|2025-03-07 06:15:00|2907.61,A3_WIDE_STOP_800PT_SOFT_RETEST_V0,LONG,2025-03-07 06:20:00,2025-03-07 08:50:00,Morning 06:00-11:59,FALLING,2910.105,2902.105,2922.105,800.0,1.5,50.0,50.0,75.0,0.0,10.0,0.0,0.075,0.10625,0.10625,1.425,1.39375,True,DOWN,WIN
1033669|XAUUSD|breakout_retest|SHORT|2025-03-07 10:00:00|2025-03-07 10:10:00|2025-03-07 10:15:00|2920.89,A3_WIDE_STOP_800PT_SOFT_RETEST_V0,SHORT,2025-03-07 10:20:00,2025-03-07 14:05:00,Afternoon 12:00-15:59,RISING,2919.985,2927.985,2907.985,800.0,1.5,50.0,50.0,75.0,0.0,10.0,0.0,0.075,0.10625,0.10625,1.425,1.39375,True,DOWN,WIN
1033669|XAUUSD|breakout_retest|LONG|2025-03-07 19:20:00|2025-03-07 20:30:00|2025-03-07 20:35:00|2907.97,A3_WIDE_STOP_800PT_SOFT_RETEST_V0,LONG,2025-03-07 20:40:00,2025-03-10 08:45:00,Night 20:00-05:59,FALLING,2909.155,2901.155,2921.155,800.0,-1.0,50.0,50.0,75.0,0.0,10.0,50.0,0.1375,0.16875,0.16875,-1.1375,-1.16875,False,DOWN,BAD_EXIT_GIVEBACK
1033669|XAUUSD|breakout_retest|LONG|2025-03-10 08:05:00|2025-03-10 09:15:00|2025-03-10 09:20:00|2909.36,A3_WIDE_STOP_800PT_SOFT_RETEST_V0,LONG,2025-03-10 09:25:00,2025-03-10 10:20:00,Afternoon 12:00-15:59,FALLING,2913.039,2905.039,2925.039,800.0,-1.0,50.0,50.0,75.0,0.0,10.0,50.0,0.1375,0.16875,0.16875,-1.1375,-1.16875,False,DOWN,BAD_SIGNAL
1033669|XAUUSD|breakout_retest|SHORT|2025-03-10 14:55:00|2025-03-10 15:00:00|2025-03-10 15:05:00|2909.36,A3_WIDE_STOP_800PT_SOFT_RETEST_V0,SHORT,2025-03-10 15:10:00,2025-03-10 17:05:00,Evening 16:00-19:59,FALLING,2905.545,2913.545,2893.545,800.0,1.5,50.0,50.0,75.0,0.0,10.0,0.0,0.075,0.10625,0.10625,1.425,1.39375,True,DOWN,WIN
1033669|XAUUSD|breakout_retest|SHORT|2025-03-10 22:30:00|2025-03-10 23:10:00|2025-03-10 23:15:00|2885.17,A3_WIDE_STOP_800PT_SOFT_RETEST_V0,SHORT,2025-03-10 23:20:00,2025-03-12 00:05:00,Night 20:00-05:59,FALLING,2884.065,2892.065,2872.065,800.0,-1.0,50.0,50.0,75.0,0.0,10.0,50.0,0.1375,0.16875,0.16875,-1.1375,-1.16875,False,DOWN,BAD_SIGNAL
1033669|XAUUSD|breakout_retest|LONG|2025-03-12 01:30:00|2025-03-12 02:05:00|2025-03-12 02:10:00|2914.53,A3_WIDE_STOP_800PT_SOFT_RETEST_V0,LONG,2025-03-12 02:15:00,2025-03-12 13:25:00,Morning 06:00-11:59,RISING,2915.625,2907.625,2927.625,800.0,-1.0,50.0,50.0,75.0,0.0,10.0,50.0,0.1375,0.16875,0.16875,-1.1375,-1.16875,False,UP,BAD_EXIT_GIVEBACK
1033669|XAUUSD|breakout_retest|SHORT|2025-03-12 19:20:00|2025-03-12 19:30:00|2025-03-12 19:35:00|2934.01,A3_WIDE_STOP_800PT_SOFT_RETEST_V0,SHORT,2025-03-12 19:40:00,2025-03-13 01:05:00,Night 20:00-05:59,RISING,2933.075,2941.075,2921.075,800.0,-1.0,50.0,50.0,75.0,0.0,10.0,50.0,0.1375,0.16875,0.16875,-1.1375,-1.16875,False,UP,BAD_SIGNAL
1033669|XAUUSD|breakout_retest|LONG|2025-03-13 12:55:00|2025-03-13 13:00:00|2025-03-13 13:05:00|2940.35,A3_WIDE_STOP_800PT_SOFT_RETEST_V0,LONG,2025-03-13 13:10:00,2025-03-13 14:35:00,Evening 16:00-19:59,RISING,2942.705,2934.705,2954.705,800.0,1.5,50.0,50.0,75.0,0.0,10.0,0.0,0.075,0.10625,0.10625,1.425,1.39375,True,UP,WIN
1033669|XAUUSD|breakout_retest|LONG|2025-03-13 18:05:00|2025-03-13 18:55:00|2025-03-13 19:00:00|2982.14,A3_WIDE_STOP_800PT_SOFT_RETEST_V0,LONG,2025-03-13 19:05:00,2025-03-14 09:15:00,Night 20:00-05:59,RISING,2983.358,2975.358,2995.358,800.0,1.5,50.0,50.0,75.0,0.0,10.0,0.0,0.075,0.10625,0.10625,1.425,1.39375,True,UP,WIN
1033669|XAUUSD|breakout_retest|LONG|2025-03-14 10:10:00|2025-03-14 10:55:00|2025-03-14 11:00:00|2992.80,A3_WIDE_STOP_800PT_SOFT_RETEST_V0,LONG,2025-03-14 11:05:00,2025-03-14 13:40:00,Afternoon 12:00-15:59,RISING,2994.425,2986.425,3006.425,800.0,-1.0,50.0,50.0,75.0,0.0,10.0,50.0,0.1375,0.16875,0.16875,-1.1375,-1.16875,False,DOWN,MIXED
1033669|XAUUSD|breakout_retest|SHORT|2025-03-14 13:40:00|2025-03-14 13:50:00|2025-03-14 13:55:00|2991.64,A3_WIDE_STOP_800PT_SOFT_RETEST_V0,SHORT,2025-03-14 14:00:00,2025-03-17 09:50:00,Evening 16:00-19:59,RISING,2987.645,2995.645,2975.645,800.0,-1.0,50.0,50.0,75.0,0.0,10.0,50.0,0.1375,0.16875,0.16875,-1.1375,-1.16875,False,DOWN,BAD_EXIT_GIVEBACK
1033669|XAUUSD|breakout_retest|LONG|2025-03-17 11:15:00|2025-03-17 12:20:00|2025-03-17 12:25:00|2986.55,A3_WIDE_STOP_800PT_SOFT_RETEST_V0,LONG,2025-03-17 12:30:00,2025-03-17 14:50:00,Evening 16:00-19:59,RISING,2988.315,2980.315,3000.315,800.0,1.5,50.0,50.0,75.0,0.0,10.0,0.0,0.075,0.10625,0.10625,1.425,1.39375,True,UP,WIN
1033669|XAUUSD|breakout_retest|LONG|2025-03-17 15:10:00|2025-03-17 15:20:00|2025-03-17 15:25:00|2993.91,A3_WIDE_STOP_800PT_SOFT_RETEST_V0,LONG,2025-03-17 15:30:00,2025-03-18 02:00:00,Evening 16:00-19:59,RISING,2994.958,2986.958,3006.958,800.0,1.5,50.0,50.0,75.0,0.0,10.0,0.0,0.075,0.10625,0.10625,1.425,1.39375,True,UP,WIN
1033669|XAUUSD|breakout_retest|LONG|2025-03-18 01:55:00|2025-03-18 02:00:00|2025-03-18 02:05:00|3002.66,A3_WIDE_STOP_800PT_SOFT_RETEST_V0,LONG,2025-03-18 02:10:00,2025-03-18 07:15:00,Morning 06:00-11:59,RISING,3006.275,2998.275,3018.275,800.0,1.5,50.0,50.0,75.0,0.0,10.0,0.0,0.075,0.10625,0.10625,1.425,1.39375,True,UP,WIN
1033669|XAUUSD|breakout_retest|LONG|2025-03-18 08:55:00|2025-03-18 09:55:00|2025-03-18 10:00:00|3018.70,A3_WIDE_STOP_800PT_SOFT_RETEST_V0,LONG,2025-03-18 10:05:00,2025-03-18 12:40:00,Afternoon 12:00-15:59,RISING,3020.158,3012.158,3032.158,800.0,1.5,50.0,50.0,75.0,0.0,10.0,0.0,0.075,0.10625,0.10625,1.425,1.39375,True,UP,WIN
1033669|XAUUSD|breakout_retest|LONG|2025-03-18 13:25:00|2025-03-18 14:20:00|2025-03-18 14:25:00|3025.34,A3_WIDE_STOP_800PT_SOFT_RETEST_V0,LONG,2025-03-18 14:30:00,2025-03-19 05:40:00,Evening 16:00-19:59,RISING,3028.658,3020.658,3040.658,800.0,1.5,50.0,50.0,75.0,0.0,10.0,0.0,0.075,0.10625,0.10625,1.425,1.39375,True,UP,WIN
1033669|XAUUSD|breakout_retest|LONG|2025-03-19 06:05:00|2025-03-19 06:40:00|2025-03-19 06:45:00|3038.06,A3_WIDE_STOP_800PT_SOFT_RETEST_V0,LONG,2025-03-19 06:50:00,2025-03-19 08:15:00,Morning 06:00-11:59,RISING,3040.105,3032.105,3052.105,800.0,-1.0,50.0,50.0,75.0,0.0,10.0,50.0,0.1375,0.16875,0.16875,-1.1375,-1.16875,False,UP,BAD_SIGNAL
1033669|XAUUSD|breakout_retest|LONG|2025-03-19 11:30:00|2025-03-19 11:35:00|2025-03-19 11:40:00|3038.06,A3_WIDE_STOP_800PT_SOFT_RETEST_V0,LONG,2025-03-19 11:45:00,2025-03-19 13:35:00,Afternoon 12:00-15:59,FALLING,3039.455,3031.455,3051.455,800.0,-1.0,50.0,50.0,75.0,0.0,10.0,50.0,0.1375,0.16875,0.16875,-1.1375,-1.16875,False,UP,BAD_SIGNAL
1033669|XAUUSD|breakout_retest|LONG|2025-03-19 18:20:00|2025-03-19 18:30:00|2025-03-19 18:35:00|3038.06,A3_WIDE_STOP_800PT_SOFT_RETEST_V0,LONG,2025-03-19 18:40:00,2025-03-20 00:05:00,Night 20:00-05:59,FALLING,3040.295,3032.295,3052.295,800.0,1.5,50.0,50.0,75.0,0.0,10.0,0.0,0.075,0.10625,0.10625,1.425,1.39375,True,UP,WIN
1033669|XAUUSD|breakout_retest|LONG|2025-03-20 00:05:00|2025-03-20 00:15:00|2025-03-20 00:20:00|3051.76,A3_WIDE_STOP_800PT_SOFT_RETEST_V0,LONG,2025-03-20 00:25:00,2025-03-20 02:55:00,Night 20:00-05:59,RISING,3053.005,3045.005,3065.005,800.0,-1.0,50.0,50.0,75.0,0.0,10.0,50.0,0.1375,0.16875,0.16875,-1.1375,-1.16875,False,DOWN,BAD_SIGNAL
1033669|XAUUSD|breakout_retest|SHORT|2025-03-20 07:45:00|2025-03-20 07:50:00|2025-03-20 07:55:00|3044.09,A3_WIDE_STOP_800PT_SOFT_RETEST_V0,SHORT,2025-03-20 08:00:00,2025-03-20 10:20:00,Afternoon 12:00-15:59,RISING,3042.698,3050.698,3030.698,800.0,1.5,50.0,50.0,75.0,0.0,10.0,0.0,0.075,0.10625,0.10625,1.425,1.39375,True,DOWN,WIN
1033669|XAUUSD|breakout_retest|LONG|2025-03-20 14:45:00|2025-03-20 14:50:00|2025-03-20 14:55:00|3037.47,A3_WIDE_STOP_800PT_SOFT_RETEST_V0,LONG,2025-03-20 15:00:00,2025-03-22 00:05:00,Evening 16:00-19:59,FALLING,3039.735,3031.735,3051.735,800.0,-1.0,50.0,50.0,75.0,0.0,10.0,50.0,0.1375,0.16875,0.16875,-1.1375,-1.16875,False,DOWN,BAD_EXIT_GIVEBACK
1033669|XAUUSD|breakout_retest|LONG|2025-03-23 22:00:00|2025-03-23 22:05:00|2025-03-23 22:10:00|3022.70,A3_WIDE_STOP_800PT_SOFT_RETEST_V0,LONG,2025-03-23 22:15:00,2025-03-25 00:05:00,Night 20:00-05:59,FALLING,3023.585,3015.585,3035.585,800.0,-1.0,50.0,50.0,75.0,0.0,10.0,50.0,0.1375,0.16875,0.16875,-1.1375,-1.16875,False,UP,BAD_SIGNAL
1033669|XAUUSD|breakout_retest|SHORT|2025-03-25 05:20:00|2025-03-25 05:25:00|2025-03-25 05:30:00|3020.16,A3_WIDE_STOP_800PT_SOFT_RETEST_V0,SHORT,2025-03-25 05:35:00,2025-03-25 13:40:00,Morning 06:00-11:59,FALLING,3019.425,3027.425,3007.425,800.0,-1.0,50.0,50.0,75.0,0.0,10.0,50.0,0.1375,0.16875,0.16875,-1.1375,-1.16875,False,UP,BAD_EXIT_GIVEBACK
1033669|XAUUSD|breakout_retest|LONG|2025-03-25 14:25:00|2025-03-25 14:30:00|2025-03-25 14:35:00|3026.05,A3_WIDE_STOP_800PT_SOFT_RETEST_V0,LONG,2025-03-25 14:40:00,2025-03-25 15:15:00,Evening 16:00-19:59,RISING,3029.665,3021.665,3041.665,800.0,-1.0,50.0,50.0,75.0,0.0,10.0,50.0,0.1375,0.16875,0.16875,-1.1375,-1.16875,False,UP,BAD_SIGNAL
1033669|XAUUSD|breakout_retest|LONG|2025-03-25 23:10:00|2025-03-25 23:15:00|2025-03-25 23:20:00|3020.59,A3_WIDE_STOP_800PT_SOFT_RETEST_V0,LONG,2025-03-25 23:25:00,2025-03-29 00:05:00,Night 20:00-05:59,FALLING,3021.145,3013.145,3033.145,800.0,1.5,50.0,50.0,75.0,0.0,10.0,0.0,0.075,0.10625,0.10625,1.425,1.39375,True,UP,WIN
1033669|XAUUSD|breakout_retest|SHORT|2025-03-31 00:10:00|2025-03-31 00:15:00|2025-03-31 00:20:00|3087.64,A3_WIDE_STOP_800PT_SOFT_RETEST_V0,SHORT,2025-03-31 00:25:00,2025-03-31 01:35:00,Night 20:00-05:59,RISING,3086.288,3094.288,3074.288,800.0,-1.0,50.0,50.0,75.0,0.0,10.0,50.0,0.1375,0.16875,0.16875,-1.1375,-1.16875,False,UP,BAD_EXIT_GIVEBACK
1033669|XAUUSD|breakout_retest|LONG|2025-03-31 02:15:00|2025-03-31 02:25:00|2025-03-31 02:30:00|3097.72,A3_WIDE_STOP_800PT_SOFT_RETEST_V0,LONG,2025-03-31 02:35:00,2025-03-31 04:55:00,Morning 06:00-11:59,RISING,3102.708,3094.708,3114.708,800.0,1.5,50.0,50.0,75.0,0.0,10.0,0.0,0.075,0.10625,0.10625,1.425,1.39375,True,UP,WIN
1033669|XAUUSD|breakout_retest|LONG|2025-03-31 05:50:00|2025-03-31 06:00:00|2025-03-31 06:05:00|3115.68,A3_WIDE_STOP_800PT_SOFT_RETEST_V0,LONG,2025-03-31 06:10:00,2025-03-31 13:35:00,Morning 06:00-11:59,RISING,3118.645,3110.645,3130.645,800.0,-1.0,50.0,50.0,75.0,0.0,10.0,50.0,0.1375,0.16875,0.16875,-1.1375,-1.16875,False,UP,BAD_EXIT_GIVEBACK
1033669|XAUUSD|breakout_retest|LONG|2025-04-01 01:00:00|2025-04-01 01:05:00|2025-04-01 01:10:00|3127.82,A3_WIDE_STOP_800PT_SOFT_RETEST_V0,LONG,2025-04-01 01:15:00,2025-04-01 03:00:00,Night 20:00-05:59,RISING,3133.058,3125.058,3145.058,800.0,1.5,50.0,50.0,75.0,0.0,10.0,0.0,0.075,0.10625,0.10625,1.425,1.39375,True,DOWN,WIN
1033669|XAUUSD|breakout_retest|LONG|2025-04-01 07:30:00|2025-04-01 08:00:00|2025-04-01 08:05:00|3127.82,A3_WIDE_STOP_800PT_SOFT_RETEST_V0,LONG,2025-04-01 08:10:00,2025-04-01 15:45:00,Afternoon 12:00-15:59,RISING,3130.508,3122.508,3142.508,800.0,-1.0,50.0,50.0,75.0,0.0,10.0,50.0,0.1375,0.16875,0.16875,-1.1375,-1.16875,False,DOWN,BAD_EXIT_GIVEBACK
1033669|XAUUSD|breakout_retest|SHORT|2025-04-01 15:40:00|2025-04-01 15:45:00|2025-04-01 15:50:00|3123.51,A3_WIDE_STOP_800PT_SOFT_RETEST_V0,SHORT,2025-04-01 15:55:00,2025-04-01 16:10:00,Evening 16:00-19:59,RISING,3120.625,3128.625,3108.625,800.0,1.5,50.0,50.0,75.0,0.0,10.0,0.0,0.075,0.10625,0.10625,1.425,1.39375,True,DOWN,WIN
1033669|XAUUSD|breakout_retest|LONG|2025-04-01 18:10:00|2025-04-01 18:20:00|2025-04-01 18:25:00|3114.47,A3_WIDE_STOP_800PT_SOFT_RETEST_V0,LONG,2025-04-01 18:30:00,2025-04-01 22:20:00,Night 20:00-05:59,FALLING,3116.245,3108.245,3128.245,800.0,-1.0,50.0,50.0,75.0,0.0,10.0,50.0,0.1375,0.16875,0.16875,-1.1375,-1.16875,False,DOWN,MIXED
1033669|XAUUSD|breakout_retest|SHORT|2025-04-01 22:10:00|2025-04-01 22:50:00|2025-04-01 22:55:00|3112.89,A3_WIDE_STOP_800PT_SOFT_RETEST_V0,SHORT,2025-04-01 23:00:00,2025-04-02 00:25:00,Night 20:00-05:59,FALLING,3112.245,3120.245,3100.245,800.0,-1.0,50.0,50.0,75.0,0.0,10.0,50.0,0.1375,0.16875,0.16875,-1.1375,-1.16875,False,DOWN,BAD_SIGNAL
1033669|XAUUSD|breakout_retest|LONG|2025-04-02 12:25:00|2025-04-02 13:25:00|2025-04-02 13:30:00|3123.72,A3_WIDE_STOP_800PT_SOFT_RETEST_V0,LONG,2025-04-02 13:35:00,2025-04-02 13:50:00,Evening 16:00-19:59,FALLING,3126.425,3118.425,3138.425,800.0,-1.0,50.0,50.0,75.0,0.0,10.0,50.0,0.1375,0.16875,0.16875,-1.1375,-1.16875,False,UP,MIXED
1033669|XAUUSD|breakout_retest|LONG|2025-04-02 22:10:00|2025-04-02 22:40:00|2025-04-02 22:45:00|3141.28,A3_WIDE_STOP_800PT_SOFT_RETEST_V0,LONG,2025-04-02 22:50:00,2025-04-02 23:15:00,Night 20:00-05:59,RISING,3144.235,3136.235,3156.235,800.0,1.5,50.0,50.0,75.0,0.0,10.0,0.0,0.075,0.10625,0.10625,1.425,1.39375,True,UP,WIN
1033669|XAUUSD|breakout_retest|SHORT|2025-04-04 02:25:00|2025-04-04 02:30:00|2025-04-04 02:35:00|3105.82,A3_WIDE_STOP_800PT_SOFT_RETEST_V0,SHORT,2025-04-04 02:40:00,2025-04-04 03:10:00,Morning 06:00-11:59,FALLING,3102.185,3110.185,3090.185,800.0,1.5,50.0,50.0,75.0,0.0,10.0,0.0,0.075,0.10625,0.10625,1.425,1.39375,True,DOWN,WIN
1033669|XAUUSD|breakout_retest|SHORT|2025-04-04 04:35:00|2025-04-04 04:45:00|2025-04-04 04:50:00|3104.18,A3_WIDE_STOP_800PT_SOFT_RETEST_V0,SHORT,2025-04-04 04:55:00,2025-04-04 08:05:00,Morning 06:00-11:59,FALLING,3102.305,3110.305,3090.305,800.0,1.5,50.0,50.0,75.0,0.0,10.0,0.0,0.075,0.10625,0.10625,1.425,1.39375,True,DOWN,WIN
1033669|XAUUSD|breakout_retest|SHORT|2025-04-04 08:00:00|2025-04-04 08:05:00|2025-04-04 08:10:00|3092.61,A3_WIDE_STOP_800PT_SOFT_RETEST_V0,SHORT,2025-04-04 08:15:00,2025-04-04 08:45:00,Afternoon 12:00-15:59,FALLING,3090.385,3098.385,3078.385,800.0,1.5,50.0,50.0,75.0,0.0,10.0,0.0,0.075,0.10625,0.10625,1.425,1.39375,True,DOWN,WIN
1033669|XAUUSD|breakout_retest|SHORT|2025-04-04 08:35:00|2025-04-04 09:35:00|2025-04-04 09:40:00|3092.61,A3_WIDE_STOP_800PT_SOFT_RETEST_V0,SHORT,2025-04-04 09:45:00,2025-04-04 10:10:00,Afternoon 12:00-15:59,FALLING,3088.655,3096.655,3076.655,800.0,-1.0,50.0,50.0,75.0,0.0,10.0,50.0,0.1375,0.16875,0.16875,-1.1375,-1.16875,False,DOWN,BAD_SIGNAL
1033669|XAUUSD|breakout_retest|LONG|2025-04-04 10:15:00|2025-04-04 10:25:00|2025-04-04 10:30:00|3095.90,A3_WIDE_STOP_800PT_SOFT_RETEST_V0,LONG,2025-04-04 10:35:00,2025-04-04 11:10:00,Afternoon 12:00-15:59,FALLING,3106.815,3094.14325,3125.82263,1267.18,1.5,50.0,50.0,75.0,0.0,10.0,0.0,0.047349,0.067078,0.067078,1.452651,1.432922,True,DOWN,WIN
1033669|XAUUSD|breakout_retest|SHORT|2025-04-11 05:05:00|2025-04-11 05:35:00|2025-04-11 05:40:00|3210.36,A3_WIDE_STOP_800PT_SOFT_RETEST_V0,SHORT,2025-04-11 05:45:00,2025-04-11 05:50:00,Morning 06:00-11:59,RISING,3206.635,3214.635,3194.635,800.0,1.5,50.0,50.0,75.0,0.0,10.0,0.0,0.075,0.10625,0.10625,1.425,1.39375,True,UP,WIN
1033669|XAUUSD|breakout_retest|LONG|2025-04-11 08:15:00|2025-04-11 09:30:00|2025-04-11 09:35:00|3212.86,A3_WIDE_STOP_800PT_SOFT_RETEST_V0,LONG,2025-04-11 09:40:00,2025-04-11 09:55:00,Afternoon 12:00-15:59,RISING,3216.255,3208.255,3228.255,800.0,1.5,50.0,50.0,75.0,0.0,10.0,0.0,0.075,0.10625,0.10625,1.425,1.39375,True,UP,WIN
1033669|XAUUSD|breakout_retest|LONG|2025-04-11 12:40:00|2025-04-11 12:45:00|2025-04-11 12:50:00|3224.57,A3_WIDE_STOP_800PT_SOFT_RETEST_V0,LONG,2025-04-11 12:55:00,2025-04-11 13:35:00,Evening 16:00-19:59,RISING,3226.975,3218.975,3238.975,800.0,1.5,50.0,50.0,75.0,0.0,10.0,0.0,0.075,0.10625,0.10625,1.425,1.39375,True,UP,WIN
1033669|XAUUSD|breakout_retest|SHORT|2025-04-11 19:20:00|2025-04-11 19:30:00|2025-04-11 19:35:00|3230.80,A3_WIDE_STOP_800PT_SOFT_RETEST_V0,SHORT,2025-04-11 19:40:00,2025-04-11 20:55:00,Night 20:00-05:59,RISING,3229.135,3237.135,3217.135,800.0,-1.0,50.0,50.0,75.0,0.0,10.0,50.0,0.1375,0.16875,0.16875,-1.1375,-1.16875,False,UP,BAD_SIGNAL
1033669|XAUUSD|breakout_retest|LONG|2025-04-14 01:25:00|2025-04-14 01:30:00|2025-04-14 01:35:00|3227.14,A3_WIDE_STOP_800PT_SOFT_RETEST_V0,LONG,2025-04-14 01:40:00,2025-04-14 05:05:00,Night 20:00-05:59,FALLING,3234.885,3225.83533,3248.45951,904.97,-1.0,50.0,50.0,75.0,0.0,10.0,50.0,0.121551,0.149177,0.149177,-1.121551,-1.149177,False,DOWN,BAD_EXIT_GIVEBACK
1033669|XAUUSD|breakout_retest|SHORT|2025-04-14 07:50:00|2025-04-14 07:55:00|2025-04-14 08:00:00|3228.03,A3_WIDE_STOP_800PT_SOFT_RETEST_V0,SHORT,2025-04-14 08:05:00,2025-04-14 10:25:00,Afternoon 12:00-15:59,FALLING,3224.505,3232.505,3212.505,800.0,1.5,50.0,50.0,75.0,0.0,10.0,0.0,0.075,0.10625,0.10625,1.425,1.39375,True,DOWN,WIN
1033669|XAUUSD|breakout_retest|SHORT|2025-04-14 12:55:00|2025-04-14 13:00:00|2025-04-14 13:05:00|3209.20,A3_WIDE_STOP_800PT_SOFT_RETEST_V0,SHORT,2025-04-14 13:10:00,2025-04-14 14:50:00,Evening 16:00-19:59,FALLING,3204.545,3212.545,3192.545,800.0,-1.0,50.0,50.0,75.0,0.0,10.0,50.0,0.1375,0.16875,0.16875,-1.1375,-1.16875,False,DOWN,NEAR_TP_GIVEBACK
1033669|XAUUSD|breakout_retest|SHORT|2025-04-14 14:25:00|2025-04-14 15:20:00|2025-04-14 15:25:00|3209.20,A3_WIDE_STOP_800PT_SOFT_RETEST_V0,SHORT,2025-04-14 15:30:00,2025-04-14 17:35:00,Evening 16:00-19:59,FALLING,3206.555,3214.555,3194.555,800.0,-1.0,50.0,50.0,75.0,0.0,10.0,50.0,0.1375,0.16875,0.16875,-1.1375,-1.16875,False,DOWN,NEAR_TP_GIVEBACK
1033669|XAUUSD|breakout_retest|SHORT|2025-04-15 05:15:00|2025-04-15 05:20:00|2025-04-15 05:25:00|3226.72,A3_WIDE_STOP_800PT_SOFT_RETEST_V0,SHORT,2025-04-15 05:30:00,2025-04-15 13:55:00,Morning 06:00-11:59,RISING,3224.755,3232.755,3212.755,800.0,1.5,50.0,50.0,75.0,0.0,10.0,0.0,0.075,0.10625,0.10625,1.425,1.39375,True,UP,WIN
1033669|XAUUSD|breakout_retest|LONG|2025-04-15 22:15:00|2025-04-15 22:20:00|2025-04-15 22:25:00|3231.38,A3_WIDE_STOP_800PT_SOFT_RETEST_V0,LONG,2025-04-15 22:30:00,2025-04-15 23:40:00,Night 20:00-05:59,RISING,3232.375,3224.375,3244.375,800.0,1.5,50.0,50.0,75.0,0.0,10.0,0.0,0.075,0.10625,0.10625,1.425,1.39375,True,UP,WIN
1033669|XAUUSD|breakout_retest|LONG|2025-04-16 06:30:00|2025-04-16 07:05:00|2025-04-16 07:10:00|3291.59,A3_WIDE_STOP_800PT_SOFT_RETEST_V0,LONG,2025-04-16 07:15:00,2025-04-16 08:15:00,Morning 06:00-11:59,RISING,3297.315,3289.315,3309.315,800.0,1.5,50.0,50.0,75.0,0.0,10.0,0.0,0.075,0.10625,0.10625,1.425,1.39375,True,UP,WIN
1033669|XAUUSD|breakout_retest|LONG|2025-04-16 08:10:00|2025-04-16 08:45:00|2025-04-16 08:50:00|3297.86,A3_WIDE_STOP_800PT_SOFT_RETEST_V0,LONG,2025-04-16 08:55:00,2025-04-16 15:45:00,Afternoon 12:00-15:59,RISING,3303.519,3290.09351,3323.65723,1342.55,1.5,50.0,50.0,75.0,0.0,10.0,0.0,0.044691,0.063312,0.063312,1.455309,1.436688,True,UP,WIN
1033669|XAUUSD|breakout_retest|SHORT|2025-04-17 00:00:00|2025-04-17 00:35:00|2025-04-17 00:40:00|3348.74,A3_WIDE_STOP_800PT_SOFT_RETEST_V0,SHORT,2025-04-17 00:45:00,2025-04-17 01:20:00,Night 20:00-05:59,RISING,3346.185,3354.185,3334.185,800.0,-1.0,50.0,50.0,75.0,0.0,10.0,50.0,0.1375,0.16875,0.16875,-1.1375,-1.16875,False,DOWN,MIXED
1033669|XAUUSD|breakout_retest|SHORT|2025-04-17 01:35:00|2025-04-17 01:45:00|2025-04-17 01:50:00|3341.80,A3_WIDE_STOP_800PT_SOFT_RETEST_V0,SHORT,2025-04-17 01:55:00,2025-04-17 03:55:00,Night 20:00-05:59,RISING,3327.825,3343.20381,3304.75678,1537.88,-1.0,50.0,50.0,75.0,0.0,10.0,50.0,0.071527,0.087783,0.087783,-1.071527,-1.087783,True,DOWN,BAD_SIGNAL
1033669|XAUUSD|breakout_retest|SHORT|2025-04-17 05:10:00|2025-04-17 05:20:00|2025-04-17 05:25:00|3338.51,A3_WIDE_STOP_800PT_SOFT_RETEST_V0,SHORT,2025-04-17 05:30:00,2025-04-17 06:05:00,Morning 06:00-11:59,RISING,3337.865,3345.865,3325.865,800.0,1.5,50.0,50.0,75.0,0.0,10.0,0.0,0.075,0.10625,0.10625,1.425,1.39375,True,DOWN,WIN
1033669|XAUUSD|breakout_retest|SHORT|2025-04-17 07:15:00|2025-04-17 07:40:00|2025-04-17 07:45:00|3325.07,A3_WIDE_STOP_800PT_SOFT_RETEST_V0,SHORT,2025-04-17 07:50:00,2025-04-17 10:30:00,Morning 06:00-11:59,RISING,3321.725,3329.725,3309.725,800.0,-1.0,50.0,50.0,75.0,0.0,10.0,50.0,0.1375,0.16875,0.16875,-1.1375,-1.16875,False,DOWN,BAD_EXIT_GIVEBACK
1033669|XAUUSD|breakout_retest|SHORT|2025-04-17 11:45:00|2025-04-17 12:45:00|2025-04-17 12:50:00|3325.93,A3_WIDE_STOP_800PT_SOFT_RETEST_V0,SHORT,2025-04-17 12:55:00,2025-04-17 13:45:00,Evening 16:00-19:59,FALLING,3323.475,3331.475,3311.475,800.0,-1.0,50.0,50.0,75.0,0.0,10.0,50.0,0.1375,0.16875,0.16875,-1.1375,-1.16875,False,DOWN,BAD_SIGNAL
1033669|XAUUSD|breakout_retest|LONG|2025-04-17 19:55:00|2025-04-17 20:00:00|2025-04-17 20:05:00|3317.78,A3_WIDE_STOP_800PT_SOFT_RETEST_V0,LONG,2025-04-17 20:10:00,2025-04-21 00:05:00,Night 20:00-05:59,FALLING,3320.805,3312.805,3332.805,800.0,1.5,50.0,50.0,75.0,0.0,10.0,0.0,0.075,0.10625,0.10625,1.425,1.39375,True,DOWN,WIN
1033669|XAUUSD|breakout_retest|LONG|2025-04-21 00:30:00|2025-04-21 00:35:00|2025-04-21 00:40:00|3357.45,A3_WIDE_STOP_800PT_SOFT_RETEST_V0,LONG,2025-04-21 00:45:00,2025-04-21 01:10:00,Night 20:00-05:59,RISING,3364.255,3356.255,3376.255,800.0,1.5,50.0,50.0,75.0,0.0,10.0,0.0,0.075,0.10625,0.10625,1.425,1.39375,True,UP,WIN
1033669|XAUUSD|breakout_retest|LONG|2025-04-21 02:05:00|2025-04-21 02:10:00|2025-04-21 02:15:00|3376.34,A3_WIDE_STOP_800PT_SOFT_RETEST_V0,LONG,2025-04-21 02:20:00,2025-04-21 04:20:00,Morning 06:00-11:59,RISING,3378.235,3370.235,3390.235,800.0,-1.0,50.0,50.0,75.0,0.0,10.0,50.0,0.1375,0.16875,0.16875,-1.1375,-1.16875,False,UP,BAD_EXIT_GIVEBACK
1033669|XAUUSD|breakout_retest|LONG|2025-04-21 07:15:00|2025-04-21 07:55:00|2025-04-21 08:00:00|3384.18,A3_WIDE_STOP_800PT_SOFT_RETEST_V0,LONG,2025-04-21 08:05:00,2025-04-21 11:40:00,Afternoon 12:00-15:59,RISING,3386.005,3378.005,3398.005,800.0,1.5,50.0,50.0,75.0,0.0,10.0,0.0,0.075,0.10625,0.10625,1.425,1.39375,True,UP,WIN
1033669|XAUUSD|breakout_retest|LONG|2025-04-22 02:00:00|2025-04-22 02:10:00|2025-04-22 02:15:00|3444.05,A3_WIDE_STOP_800PT_SOFT_RETEST_V0,LONG,2025-04-22 02:20:00,2025-04-22 02:45:00,Morning 06:00-11:59,RISING,3450.085,3441.234,3463.3615,885.1,1.5,50.0,50.0,75.0,0.0,10.0,0.0,0.067789,0.096034,0.096034,1.432211,1.403966,True,DOWN,WIN
1033669|XAUUSD|breakout_retest|LONG|2025-04-22 08:50:00|2025-04-22 09:00:00|2025-04-22 09:05:00|3444.05,A3_WIDE_STOP_800PT_SOFT_RETEST_V0,LONG,2025-04-22 09:10:00,2025-04-22 10:10:00,Afternoon 12:00-15:59,RISING,3452.665,3442.98871,3467.17943,967.63,1.5,50.0,50.0,75.0,0.0,10.0,0.0,0.062007,0.087844,0.087844,1.437993,1.412156,True,DOWN,WIN
1033669|XAUUSD|breakout_retest|SHORT|2025-04-22 13:00:00|2025-04-22 13:25:00|2025-04-22 13:30:00|3447.84,A3_WIDE_STOP_800PT_SOFT_RETEST_V0,SHORT,2025-04-22 13:35:00,2025-04-22 13:40:00,Evening 16:00-19:59,RISING,3443.375,3451.375,3431.375,800.0,1.5,50.0,50.0,75.0,0.0,10.0,0.0,0.075,0.10625,0.10625,1.425,1.39375,True,DOWN,WIN
1033669|XAUUSD|breakout_retest|SHORT|2025-04-22 16:35:00|2025-04-22 17:25:00|2025-04-22 17:30:00|3410.05,A3_WIDE_STOP_800PT_SOFT_RETEST_V0,SHORT,2025-04-22 17:35:00,2025-04-22 18:25:00,Night 20:00-05:59,FALLING,3402.685,3411.08121,3390.09068,839.62,1.5,50.0,50.0,75.0,0.0,10.0,0.0,0.071461,0.101236,0.101236,1.428539,1.398764,True,DOWN,WIN
1033669|XAUUSD|breakout_retest|SHORT|2025-04-22 23:10:00|2025-04-22 23:15:00|2025-04-22 23:20:00|3347.28,A3_WIDE_STOP_800PT_SOFT_RETEST_V0,SHORT,2025-04-22 23:25:00,2025-04-23 00:30:00,Night 20:00-05:59,FALLING,3340.735,3350.69091,3325.80113,995.59,-1.0,50.0,50.0,75.0,0.0,10.0,50.0,0.110487,0.135598,0.135598,-1.110487,-1.135598,True,DOWN,BAD_EXIT_GIVEBACK
1033669|XAUUSD|breakout_retest|LONG|2025-04-23 01:40:00|2025-04-23 01:45:00|2025-04-23 01:50:00|3380.26,A3_WIDE_STOP_800PT_SOFT_RETEST_V0,LONG,2025-04-23 01:55:00,2025-04-23 02:05:00,Night 20:00-05:59,FALLING,3386.385,3377.10307,3400.30789,928.19,-1.0,50.0,50.0,75.0,0.0,10.0,50.0,0.11851,0.145444,0.145444,-1.11851,-1.145444,True,DOWN,BAD_SIGNAL
1033669|XAUUSD|breakout_retest|SHORT|2025-04-23 12:05:00|2025-04-23 12:40:00|2025-04-23 12:45:00|3321.34,A3_WIDE_STOP_800PT_SOFT_RETEST_V0,SHORT,2025-04-23 12:50:00,2025-04-23 13:05:00,Evening 16:00-19:59,FALLING,3317.365,3325.365,3305.365,800.0,1.5,50.0,50.0,75.0,0.0,10.0,0.0,0.075,0.10625,0.10625,1.425,1.39375,True,DOWN,WIN
1033669|XAUUSD|breakout_retest|LONG|2025-04-23 16:35:00|2025-04-23 16:40:00|2025-04-23 16:45:00|3296.09,A3_WIDE_STOP_800PT_SOFT_RETEST_V0,LONG,2025-04-23 16:50:00,2025-04-23 17:15:00,Night 20:00-05:59,FALLING,3299.635,3291.635,3311.635,800.0,-1.0,50.0,50.0,75.0,0.0,10.0,50.0,0.1375,0.16875,0.16875,-1.1375,-1.16875,False,DOWN,BAD_SIGNAL
1033669|XAUUSD|breakout_retest|SHORT|2025-04-23 22:30:00|2025-04-23 22:45:00|2025-04-23 22:50:00|3312.62,A3_WIDE_STOP_800PT_SOFT_RETEST_V0,SHORT,2025-04-23 22:55:00,2025-04-24 00:15:00,Night 20:00-05:59,FALLING,3310.645,3318.645,3298.645,800.0,-1.0,50.0,50.0,75.0,0.0,10.0,50.0,0.1375,0.16875,0.16875,-1.1375,-1.16875,False,DOWN,BAD_SIGNAL
1033669|XAUUSD|breakout_retest|LONG|2025-04-24 11:35:00|2025-04-24 11:40:00|2025-04-24 11:45:00|3336.45,A3_WIDE_STOP_800PT_SOFT_RETEST_V0,LONG,2025-04-24 11:50:00,2025-04-24 13:05:00,Afternoon 12:00-15:59,RISING,3339.325,3331.325,3351.325,800.0,-1.0,50.0,50.0,75.0,0.0,10.0,50.0,0.1375,0.16875,0.16875,-1.1375,-1.16875,False,UP,MIXED
1033669|XAUUSD|breakout_retest|SHORT|2025-04-24 13:00:00|2025-04-24 13:05:00|2025-04-24 13:10:00|3335.55,A3_WIDE_STOP_800PT_SOFT_RETEST_V0,SHORT,2025-04-24 13:15:00,2025-04-24 13:45:00,Evening 16:00-19:59,RISING,3330.725,3338.725,3318.725,800.0,1.5,50.0,50.0,75.0,0.0,10.0,0.0,0.075,0.10625,0.10625,1.425,1.39375,True,UP,WIN
1033669|XAUUSD|breakout_retest|LONG|2025-04-24 16:05:00|2025-04-24 16:50:00|2025-04-24 16:55:00|3329.53,A3_WIDE_STOP_800PT_SOFT_RETEST_V0,LONG,2025-04-24 17:00:00,2025-04-24 19:50:00,Night 20:00-05:59,RISING,3331.339,3323.339,3343.339,800.0,1.5,50.0,50.0,75.0,0.0,10.0,0.0,0.075,0.10625,0.10625,1.425,1.39375,True,UP,WIN
1033669|XAUUSD|breakout_retest|LONG|2025-04-24 19:50:00|2025-04-24 20:25:00|2025-04-24 20:30:00|3340.09,A3_WIDE_STOP_800PT_SOFT_RETEST_V0,LONG,2025-04-24 20:35:00,2025-04-24 22:20:00,Night 20:00-05:59,RISING,3341.645,3333.645,3353.645,800.0,1.5,50.0,50.0,75.0,0.0,10.0,0.0,0.075,0.10625,0.10625,1.425,1.39375,True,UP,WIN
1033669|XAUUSD|breakout_retest|LONG|2025-04-24 22:30:00|2025-04-24 23:40:00|2025-04-24 23:45:00|3349.80,A3_WIDE_STOP_800PT_SOFT_RETEST_V0,LONG,2025-04-24 23:50:00,2025-04-26 00:05:00,Night 20:00-05:59,RISING,3353.105,3345.105,3365.105,800.0,-1.0,50.0,50.0,75.0,0.0,10.0,50.0,0.1375,0.16875,0.16875,-1.1375,-1.16875,False,UP,BAD_SIGNAL
1033669|XAUUSD|breakout_retest|LONG|2025-04-28 04:45:00|2025-04-28 04:50:00|2025-04-28 04:55:00|3294.89,A3_WIDE_STOP_800PT_SOFT_RETEST_V0,LONG,2025-04-28 05:00:00,2025-04-28 05:40:00,Morning 06:00-11:59,FALLING,3298.475,3290.475,3310.475,800.0,-1.0,50.0,50.0,75.0,0.0,10.0,50.0,0.1375,0.16875,0.16875,-1.1375,-1.16875,False,UP,BAD_SIGNAL
1033669|XAUUSD|breakout_retest|SHORT|2025-04-28 07:00:00|2025-04-28 07:55:00|2025-04-28 08:00:00|3287.57,A3_WIDE_STOP_800PT_SOFT_RETEST_V0,SHORT,2025-04-28 08:05:00,2025-04-28 10:00:00,Afternoon 12:00-15:59,FALLING,3286.555,3294.555,3274.555,800.0,1.5,50.0,50.0,75.0,0.0,10.0,0.0,0.075,0.10625,0.10625,1.425,1.39375,True,UP,WIN
1033669|XAUUSD|breakout_retest|LONG|2025-04-28 12:10:00|2025-04-28 12:15:00|2025-04-28 12:20:00|3294.26,A3_WIDE_STOP_800PT_SOFT_RETEST_V0,LONG,2025-04-28 12:25:00,2025-04-28 13:50:00,Evening 16:00-19:59,FALLING,3296.275,3288.275,3308.275,800.0,-1.0,50.0,50.0,75.0,0.0,10.0,50.0,0.1375,0.16875,0.16875,-1.1375,-1.16875,False,UP,MIXED
1033669|XAUUSD|breakout_retest|LONG|2025-04-28 19:00:00|2025-04-28 19:50:00|2025-04-28 19:55:00|3349.51,A3_WIDE_STOP_800PT_SOFT_RETEST_V0,LONG,2025-04-28 20:00:00,2025-04-28 20:50:00,Night 20:00-05:59,RISING,3351.045,3343.045,3363.045,800.0,-1.0,50.0,50.0,75.0,0.0,10.0,50.0,0.1375,0.16875,0.16875,-1.1375,-1.16875,False,UP,BAD_SIGNAL
1033669|XAUUSD|breakout_retest|SHORT|2025-04-28 22:20:00|2025-04-28 23:00:00|2025-04-28 23:05:00|3342.05,A3_WIDE_STOP_800PT_SOFT_RETEST_V0,SHORT,2025-04-28 23:10:00,2025-04-29 01:10:00,Night 20:00-05:59,RISING,3337.155,3345.155,3325.155,800.0,1.5,50.0,50.0,75.0,0.0,10.0,0.0,0.075,0.10625,0.10625,1.425,1.39375,True,UP,WIN
1033669|XAUUSD|breakout_retest|SHORT|2025-04-29 01:00:00|2025-04-29 01:40:00|2025-04-29 01:45:00|3330.32,A3_WIDE_STOP_800PT_SOFT_RETEST_V0,SHORT,2025-04-29 01:50:00,2025-04-29 03:15:00,Night 20:00-05:59,RISING,3326.925,3335.35457,3314.28064,842.96,1.5,50.0,50.0,75.0,0.0,10.0,0.0,0.071178,0.100835,0.100835,1.428822,1.399165,True,DOWN,WIN
1033669|XAUUSD|breakout_retest|LONG|2025-04-29 06:30:00|2025-04-29 07:40:00|2025-04-29 07:45:00|3316.20,A3_WIDE_STOP_800PT_SOFT_RETEST_V0,LONG,2025-04-29 07:50:00,2025-04-29 09:00:00,Morning 06:00-11:59,FALLING,3319.745,3311.745,3331.745,800.0,-1.0,50.0,50.0,75.0,0.0,10.0,50.0,0.1375,0.16875,0.16875,-1.1375,-1.16875,False,DOWN,MIXED
1033669|XAUUSD|breakout_retest|LONG|2025-04-29 19:00:00|2025-04-29 19:55:00|2025-04-29 20:00:00|3319.32,A3_WIDE_STOP_800PT_SOFT_RETEST_V0,LONG,2025-04-29 20:05:00,2025-04-29 23:10:00,Night 20:00-05:59,RISING,3321.225,3313.225,3333.225,800.0,-1.0,50.0,50.0,75.0,0.0,10.0,50.0,0.1375,0.16875,0.16875,-1.1375,-1.16875,False,DOWN,BAD_SIGNAL
1033669|XAUUSD|breakout_retest|SHORT|2025-04-29 23:10:00|2025-04-29 23:35:00|2025-04-29 23:40:00|3316.16,A3_WIDE_STOP_800PT_SOFT_RETEST_V0,SHORT,2025-04-29 23:45:00,2025-04-30 00:05:00,Night 20:00-05:59,RISING,3312.415,3320.415,3300.415,800.0,-1.0,50.0,50.0,75.0,0.0,10.0,50.0,0.1375,0.16875,0.16875,-1.1375,-1.16875,False,DOWN,BAD_SIGNAL
1033669|XAUUSD|breakout_retest|LONG|2025-04-30 05:10:00|2025-04-30 05:20:00|2025-04-30 05:25:00|3310.99,A3_WIDE_STOP_800PT_SOFT_RETEST_V0,LONG,2025-04-30 05:30:00,2025-04-30 07:05:00,Morning 06:00-11:59,FALLING,3312.525,3304.525,3324.525,800.0,-1.0,50.0,50.0,75.0,0.0,10.0,50.0,0.1375,0.16875,0.16875,-1.1375,-1.16875,False,DOWN,BAD_SIGNAL
1033669|XAUUSD|breakout_retest|LONG|2025-04-30 07:25:00|2025-04-30 07:30:00|2025-04-30 07:35:00|3309.24,A3_WIDE_STOP_800PT_SOFT_RETEST_V0,LONG,2025-04-30 07:40:00,2025-04-30 08:10:00,Morning 06:00-11:59,FALLING,3311.285,3303.285,3323.285,800.0,-1.0,50.0,50.0,75.0,0.0,10.0,50.0,0.1375,0.16875,0.16875,-1.1375,-1.16875,False,DOWN,BAD_SIGNAL
1033669|XAUUSD|breakout_retest|SHORT|2025-04-30 14:30:00|2025-04-30 14:35:00|2025-04-30 14:40:00|3299.32,A3_WIDE_STOP_800PT_SOFT_RETEST_V0,SHORT,2025-04-30 14:45:00,2025-04-30 14:55:00,Evening 16:00-19:59,FALLING,3292.505,3300.85314,3279.98279,834.81,-1.0,50.0,50.0,75.0,0.0,10.0,50.0,0.131766,0.161713,0.161713,-1.131766,-1.161713,False,DOWN,BAD_SIGNAL
1033669|XAUUSD|breakout_retest|SHORT|2025-04-30 18:35:00|2025-04-30 19:15:00|2025-04-30 19:20:00|3304.55,A3_WIDE_STOP_800PT_SOFT_RETEST_V0,SHORT,2025-04-30 19:25:00,2025-04-30 20:30:00,Night 20:00-05:59,RISING,3301.555,3309.555,3289.555,800.0,1.5,50.0,50.0,75.0,0.0,10.0,0.0,0.075,0.10625,0.10625,1.425,1.39375,True,DOWN,WIN
1033669|XAUUSD|breakout_retest|SHORT|2025-04-30 22:30:00|2025-04-30 23:10:00|2025-04-30 23:15:00|3282.80,A3_WIDE_STOP_800PT_SOFT_RETEST_V0,SHORT,2025-04-30 23:20:00,2025-05-01 00:25:00,Night 20:00-05:59,FALLING,3277.585,3285.585,3265.585,800.0,1.5,50.0,50.0,75.0,0.0,10.0,0.0,0.075,0.10625,0.10625,1.425,1.39375,True,DOWN,WIN
1033669|XAUUSD|breakout_retest|SHORT|2025-05-01 03:45:00|2025-05-01 03:50:00|2025-05-01 03:55:00|3234.36,A3_WIDE_STOP_800PT_SOFT_RETEST_V0,SHORT,2025-05-01 04:00:00,2025-05-01 05:50:00,Morning 06:00-11:59,FALLING,3228.855,3236.855,3216.855,800.0,-1.0,50.0,50.0,75.0,0.0,10.0,50.0,0.1375,0.16875,0.16875,-1.1375,-1.16875,False,DOWN,BAD_EXIT_GIVEBACK
1033669|XAUUSD|breakout_retest|SHORT|2025-05-01 07:15:00|2025-05-01 08:30:00|2025-05-01 08:35:00|3233.57,A3_WIDE_STOP_800PT_SOFT_RETEST_V0,SHORT,2025-05-01 08:40:00,2025-05-01 09:45:00,Afternoon 12:00-15:59,FALLING,3232.785,3240.785,3220.785,800.0,1.5,50.0,50.0,75.0,0.0,10.0,0.0,0.075,0.10625,0.10625,1.425,1.39375,True,DOWN,WIN
1033669|XAUUSD|breakout_retest|SHORT|2025-05-01 15:45:00|2025-05-01 16:00:00|2025-05-01 16:05:00|3213.93,A3_WIDE_STOP_800PT_SOFT_RETEST_V0,SHORT,2025-05-01 16:10:00,2025-05-01 17:00:00,Night 20:00-05:59,FALLING,3211.245,3219.245,3199.245,800.0,-1.0,50.0,50.0,75.0,0.0,10.0,50.0,0.1375,0.16875,0.16875,-1.1375,-1.16875,False,DOWN,BAD_SIGNAL
1033669|XAUUSD|breakout_retest|LONG|2025-05-01 19:40:00|2025-05-01 19:55:00|2025-05-01 20:00:00|3226.61,A3_WIDE_STOP_800PT_SOFT_RETEST_V0,LONG,2025-05-01 20:05:00,2025-05-01 22:10:00,Night 20:00-05:59,FALLING,3229.325,3221.325,3241.325,800.0,1.5,50.0,50.0,75.0,0.0,10.0,0.0,0.075,0.10625,0.10625,1.425,1.39375,True,DOWN,WIN
1033669|XAUUSD|breakout_retest|SHORT|2025-05-02 06:25:00|2025-05-02 06:30:00|2025-05-02 06:35:00|3259.49,A3_WIDE_STOP_800PT_SOFT_RETEST_V0,SHORT,2025-05-02 06:40:00,2025-05-02 09:45:00,Morning 06:00-11:59,RISING,3257.075,3265.075,3245.075,800.0,-1.0,50.0,50.0,75.0,0.0,10.0,50.0,0.1375,0.16875,0.16875,-1.1375,-1.16875,False,UP,NEAR_TP_GIVEBACK
1033669|XAUUSD|breakout_retest|SHORT|2025-05-02 12:45:00|2025-05-02 12:50:00|2025-05-02 12:55:00|3259.49,A3_WIDE_STOP_800PT_SOFT_RETEST_V0,SHORT,2025-05-02 13:00:00,2025-05-02 13:10:00,Evening 16:00-19:59,RISING,3254.685,3262.685,3242.685,800.0,1.5,50.0,50.0,75.0,0.0,10.0,0.0,0.075,0.10625,0.10625,1.425,1.39375,True,UP,WIN
1033669|XAUUSD|breakout_retest|SHORT|2025-05-02 14:25:00|2025-05-02 14:35:00|2025-05-02 14:40:00|3259.49,A3_WIDE_STOP_800PT_SOFT_RETEST_V0,SHORT,2025-05-02 14:45:00,2025-05-02 15:00:00,Evening 16:00-19:59,RISING,3255.775,3263.775,3243.775,800.0,-1.0,50.0,50.0,75.0,0.0,10.0,50.0,0.1375,0.16875,0.16875,-1.1375,-1.16875,False,UP,MIXED
1033669|XAUUSD|breakout_retest|LONG|2025-05-02 15:00:00|2025-05-02 15:05:00|2025-05-02 15:10:00|3259.41,A3_WIDE_STOP_800PT_SOFT_RETEST_V0,LONG,2025-05-02 15:15:00,2025-05-02 15:25:00,Evening 16:00-19:59,RISING,3263.425,3255.425,3275.425,800.0,-1.0,50.0,50.0,75.0,0.0,10.0,50.0,0.1375,0.16875,0.16875,-1.1375,-1.16875,False,UP,BAD_SIGNAL
1033669|XAUUSD|breakout_retest|LONG|2025-05-02 20:05:00|2025-05-02 20:10:00|2025-05-02 20:15:00|3232.65,A3_WIDE_STOP_800PT_SOFT_RETEST_V0,LONG,2025-05-02 20:20:00,2025-05-04 23:40:00,Night 20:00-05:59,FALLING,3235.715,3227.715,3247.715,800.0,1.5,50.0,50.0,75.0,0.0,10.0,0.0,0.075,0.10625,0.10625,1.425,1.39375,True,UP,WIN
1033669|XAUUSD|breakout_retest|LONG|2025-05-05 07:45:00|2025-05-05 08:15:00|2025-05-05 08:20:00|3265.47,A3_WIDE_STOP_800PT_SOFT_RETEST_V0,LONG,2025-05-05 08:25:00,2025-05-05 08:50:00,Afternoon 12:00-15:59,RISING,3267.385,3259.385,3279.385,800.0,1.5,50.0,50.0,75.0,0.0,10.0,0.0,0.075,0.10625,0.10625,1.425,1.39375,True,UP,WIN
1033669|XAUUSD|breakout_retest|LONG|2025-05-05 17:40:00|2025-05-05 17:45:00|2025-05-05 17:50:00|3313.26,A3_WIDE_STOP_800PT_SOFT_RETEST_V0,LONG,2025-05-05 17:55:00,2025-05-05 19:15:00,Night 20:00-05:59,RISING,3314.385,3306.385,3326.385,800.0,1.5,50.0,50.0,75.0,0.0,10.0,0.0,0.075,0.10625,0.10625,1.425,1.39375,True,UP,WIN
1033669|XAUUSD|breakout_retest|SHORT|2025-05-06 00:25:00|2025-05-06 00:30:00|2025-05-06 00:35:00|3328.24,A3_WIDE_STOP_800PT_SOFT_RETEST_V0,SHORT,2025-05-06 00:40:00,2025-05-06 01:05:00,Night 20:00-05:59,RISING,3324.445,3332.445,3312.445,800.0,-1.0,50.0,50.0,75.0,0.0,10.0,50.0,0.1375,0.16875,0.16875,-1.1375,-1.16875,False,UP,BAD_SIGNAL
1033669|XAUUSD|breakout_retest|SHORT|2025-05-06 05:20:00|2025-05-06 05:35:00|2025-05-06 05:40:00|3355.64,A3_WIDE_STOP_800PT_SOFT_RETEST_V0,SHORT,2025-05-06 05:45:00,2025-05-06 06:00:00,Morning 06:00-11:59,RISING,3352.99,3360.99,3340.99,800.0,-1.0,50.0,50.0,75.0,0.0,10.0,50.0,0.1375,0.16875,0.16875,-1.1375,-1.16875,False,UP,BAD_SIGNAL
1033669|XAUUSD|breakout_retest|LONG|2025-05-06 10:00:00|2025-05-06 10:05:00|2025-05-06 10:10:00|3380.38,A3_WIDE_STOP_800PT_SOFT_RETEST_V0,LONG,2025-05-06 10:15:00,2025-05-06 11:40:00,Afternoon 12:00-15:59,RISING,3382.655,3374.655,3394.655,800.0,-1.0,50.0,50.0,75.0,0.0,10.0,50.0,0.1375,0.16875,0.16875,-1.1375,-1.16875,False,UP,BAD_SIGNAL
1033669|XAUUSD|breakout_retest|SHORT|2025-05-06 14:25:00|2025-05-06 14:35:00|2025-05-06 14:40:00|3387.49,A3_WIDE_STOP_800PT_SOFT_RETEST_V0,SHORT,2025-05-06 14:45:00,2025-05-06 15:15:00,Evening 16:00-19:59,RISING,3384.785,3392.785,3372.785,800.0,-1.0,50.0,50.0,75.0,0.0,10.0,50.0,0.1375,0.16875,0.16875,-1.1375,-1.16875,False,UP,MIXED
1033669|XAUUSD|breakout_retest|LONG|2025-05-07 02:20:00|2025-05-07 02:25:00|2025-05-07 02:30:00|3384.76,A3_WIDE_STOP_800PT_SOFT_RETEST_V0,LONG,2025-05-07 02:35:00,2025-05-07 03:30:00,Morning 06:00-11:59,FALLING,3392.695,3382.93757,3407.33114,975.74,-1.0,50.0,50.0,75.0,0.0,10.0,50.0,0.112735,0.138356,0.138356,-1.112735,-1.138356,True,DOWN,BAD_SIGNAL
1033669|XAUUSD|breakout_retest|SHORT|2025-05-07 09:20:00|2025-05-07 09:45:00|2025-05-07 09:50:00|3377.99,A3_WIDE_STOP_800PT_SOFT_RETEST_V0,SHORT,2025-05-07 09:55:00,2025-05-07 10:15:00,Afternoon 12:00-15:59,RISING,3375.605,3383.605,3363.605,800.0,-1.0,50.0,50.0,75.0,0.0,10.0,50.0,0.1375,0.16875,0.16875,-1.1375,-1.16875,False,DOWN,BAD_EXIT_GIVEBACK
1033669|XAUUSD|breakout_retest|LONG|2025-05-07 10:25:00|2025-05-07 10:30:00|2025-05-07 10:35:00|3388.49,A3_WIDE_STOP_800PT_SOFT_RETEST_V0,LONG,2025-05-07 10:40:00,2025-05-07 11:35:00,Afternoon 12:00-15:59,FALLING,3391.405,3383.405,3403.405,800.0,-1.0,50.0,50.0,75.0,0.0,10.0,50.0,0.1375,0.16875,0.16875,-1.1375,-1.16875,False,DOWN,BAD_SIGNAL
1033669|XAUUSD|breakout_retest|SHORT|2025-05-08 05:55:00|2025-05-08 06:05:00|2025-05-08 06:10:00|3359.74,A3_WIDE_STOP_800PT_SOFT_RETEST_V0,SHORT,2025-05-08 06:15:00,2025-05-08 06:20:00,Morning 06:00-11:59,FALLING,3354.245,3362.34821,3342.09018,810.32,1.5,50.0,50.0,75.0,0.0,10.0,0.0,0.074045,0.104897,0.104897,1.425955,1.395103,True,DOWN,WIN
1033669|XAUUSD|breakout_retest|LONG|2025-05-08 10:20:00|2025-05-08 11:20:00|2025-05-08 11:25:00|3341.88,A3_WIDE_STOP_800PT_SOFT_RETEST_V0,LONG,2025-05-08 11:30:00,2025-05-08 12:40:00,Afternoon 12:00-15:59,FALLING,3343.345,3335.345,3355.345,800.0,1.5,50.0,50.0,75.0,0.0,10.0,0.0,0.075,0.10625,0.10625,1.425,1.39375,True,DOWN,WIN
1033669|XAUUSD|breakout_retest|LONG|2025-05-08 12:35:00|2025-05-08 12:55:00|2025-05-08 13:00:00|3352.84,A3_WIDE_STOP_800PT_SOFT_RETEST_V0,LONG,2025-05-08 13:05:00,2025-05-08 13:40:00,Evening 16:00-19:59,FALLING,3356.455,3348.455,3368.455,800.0,1.5,50.0,50.0,75.0,0.0,10.0,0.0,0.075,0.10625,0.10625,1.425,1.39375,True,DOWN,WIN
1033669|XAUUSD|breakout_retest|SHORT|2025-05-08 13:20:00|2025-05-08 13:50:00|2025-05-08 13:55:00|3359.74,A3_WIDE_STOP_800PT_SOFT_RETEST_V0,SHORT,2025-05-08 14:00:00,2025-05-08 15:30:00,Evening 16:00-19:59,FALLING,3357.515,3365.515,3345.515,800.0,1.5,50.0,50.0,75.0,0.0,10.0,0.0,0.075,0.10625,0.10625,1.425,1.39375,True,DOWN,WIN
1033669|XAUUSD|breakout_retest|SHORT|2025-05-09 00:10:00|2025-05-09 00:15:00|2025-05-09 00:20:00|3313.36,A3_WIDE_STOP_800PT_SOFT_RETEST_V0,SHORT,2025-05-09 00:25:00,2025-05-09 00:50:00,Night 20:00-05:59,FALLING,3310.805,3318.805,3298.805,800.0,-1.0,50.0,50.0,75.0,0.0,10.0,50.0,0.1375,0.16875,0.16875,-1.1375,-1.16875,False,UP,BAD_SIGNAL
1033669|XAUUSD|breakout_retest|SHORT|2025-05-09 00:20:00|2025-05-09 01:15:00|2025-05-09 01:20:00|3313.36,A3_WIDE_STOP_800PT_SOFT_RETEST_V0,SHORT,2025-05-09 01:25:00,2025-05-09 01:35:00,Night 20:00-05:59,FALLING,3308.825,3317.20179,3296.25982,837.68,1.5,50.0,50.0,75.0,0.0,10.0,0.0,0.071627,0.101471,0.101471,1.428373,1.398529,True,UP,WIN
1033669|XAUUSD|breakout_retest|SHORT|2025-05-09 02:05:00|2025-05-09 03:10:00|2025-05-09 03:15:00|3308.53,A3_WIDE_STOP_800PT_SOFT_RETEST_V0,SHORT,2025-05-09 03:20:00,2025-05-09 03:50:00,Morning 06:00-11:59,FALLING,3300.995,3309.35057,3288.46164,835.56,-1.0,50.0,50.0,75.0,0.0,10.0,50.0,0.131649,0.161569,0.161569,-1.131649,-1.161569,False,UP,BAD_SIGNAL
1033669|XAUUSD|breakout_retest|LONG|2025-05-09 05:05:00|2025-05-09 05:50:00|2025-05-09 05:55:00|3316.82,A3_WIDE_STOP_800PT_SOFT_RETEST_V0,LONG,2025-05-09 06:00:00,2025-05-09 07:15:00,Morning 06:00-11:59,FALLING,3318.655,3310.655,3330.655,800.0,1.5,50.0,50.0,75.0,0.0,10.0,0.0,0.075,0.10625,0.10625,1.425,1.39375,True,UP,WIN
1033669|XAUUSD|breakout_retest|LONG|2025-05-09 11:10:00|2025-05-09 11:45:00|2025-05-09 11:50:00|3329.59,A3_WIDE_STOP_800PT_SOFT_RETEST_V0,LONG,2025-05-09 11:55:00,2025-05-09 14:05:00,Afternoon 12:00-15:59,RISING,3332.405,3324.405,3344.405,800.0,-1.0,50.0,50.0,75.0,0.0,10.0,50.0,0.1375,0.16875,0.16875,-1.1375,-1.16875,False,UP,BAD_EXIT_GIVEBACK
1033669|XAUUSD|breakout_retest|SHORT|2025-05-09 19:15:00|2025-05-09 19:20:00|2025-05-09 19:25:00|3335.99,A3_WIDE_STOP_800PT_SOFT_RETEST_V0,SHORT,2025-05-09 19:30:00,2025-05-11 22:05:00,Night 20:00-05:59,RISING,3332.455,3340.455,3320.455,800.0,1.5,50.0,50.0,75.0,0.0,10.0,0.0,0.075,0.10625,0.10625,1.425,1.39375,True,UP,WIN
1033669|XAUUSD|breakout_retest|SHORT|2025-05-11 22:40:00|2025-05-11 22:55:00|2025-05-11 23:00:00|3274.30,A3_WIDE_STOP_800PT_SOFT_RETEST_V0,SHORT,2025-05-11 23:05:00,2025-05-11 23:20:00,Night 20:00-05:59,FALLING,3271.825,3279.825,3259.825,800.0,-1.0,50.0,50.0,75.0,0.0,10.0,50.0,0.1375,0.16875,0.16875,-1.1375,-1.16875,False,DOWN,BAD_EXIT_GIVEBACK
1033669|XAUUSD|breakout_retest|SHORT|2025-05-14 01:00:00|2025-05-14 01:55:00|2025-05-14 02:00:00|3240.89,A3_WIDE_STOP_800PT_SOFT_RETEST_V0,SHORT,2025-05-14 02:05:00,2025-05-14 04:10:00,Morning 06:00-11:59,FALLING,3236.825,3244.825,3224.825,800.0,1.5,50.0,50.0,75.0,0.0,10.0,0.0,0.075,0.10625,0.10625,1.425,1.39375,True,DOWN,WIN
1033669|XAUUSD|breakout_retest|LONG|2025-05-14 06:00:00|2025-05-14 06:35:00|2025-05-14 06:40:00|3230.14,A3_WIDE_STOP_800PT_SOFT_RETEST_V0,LONG,2025-05-14 06:45:00,2025-05-14 08:10:00,Morning 06:00-11:59,FALLING,3231.175,3223.175,3243.175,800.0,1.5,50.0,50.0,75.0,0.0,10.0,0.0,0.075,0.10625,0.10625,1.425,1.39375,True,DOWN,WIN
1033669|XAUUSD|breakout_retest|SHORT|2025-05-14 08:00:00|2025-05-14 08:05:00|2025-05-14 08:10:00|3240.89,A3_WIDE_STOP_800PT_SOFT_RETEST_V0,SHORT,2025-05-14 08:15:00,2025-05-14 12:00:00,Afternoon 12:00-15:59,FALLING,3237.225,3245.225,3225.225,800.0,1.5,50.0,50.0,75.0,0.0,10.0,0.0,0.075,0.10625,0.10625,1.425,1.39375,True,DOWN,WIN
1033669|XAUUSD|breakout_retest|LONG|2025-05-14 19:50:00|2025-05-14 20:15:00|2025-05-14 20:20:00|3178.53,A3_WIDE_STOP_800PT_SOFT_RETEST_V0,LONG,2025-05-14 20:25:00,2025-05-16 00:05:00,Night 20:00-05:59,FALLING,3180.815,3172.815,3192.815,800.0,1.5,50.0,50.0,75.0,0.0,10.0,0.0,0.075,0.10625,0.10625,1.425,1.39375,True,DOWN,WIN
1033669|XAUUSD|breakout_retest|SHORT|2025-05-16 00:45:00|2025-05-16 01:00:00|2025-05-16 01:05:00|3240.89,A3_WIDE_STOP_800PT_SOFT_RETEST_V0,SHORT,2025-05-16 01:10:00,2025-05-16 01:50:00,Night 20:00-05:59,FALLING,3234.565,3244.67729,3219.39657,1011.23,1.5,50.0,50.0,75.0,0.0,10.0,0.0,0.059334,0.084056,0.084056,1.440666,1.415944,True,DOWN,WIN
1033669|XAUUSD|breakout_retest|SHORT|2025-05-16 03:05:00|2025-05-16 03:35:00|2025-05-16 03:40:00|3214.47,A3_WIDE_STOP_800PT_SOFT_RETEST_V0,SHORT,2025-05-16 03:45:00,2025-05-16 04:25:00,Morning 06:00-11:59,RISING,3210.595,3218.595,3198.595,800.0,-1.0,50.0,50.0,75.0,0.0,10.0,50.0,0.1375,0.16875,0.16875,-1.1375,-1.16875,False,DOWN,BAD_SIGNAL
1033669|XAUUSD|breakout_retest|LONG|2025-05-16 04:20:00|2025-05-16 04:30:00|2025-05-16 04:35:00|3215.01,A3_WIDE_STOP_800PT_SOFT_RETEST_V0,LONG,2025-05-16 04:40:00,2025-05-16 06:15:00,Morning 06:00-11:59,RISING,3216.535,3208.535,3228.535,800.0,1.5,50.0,50.0,75.0,0.0,10.0,0.0,0.075,0.10625,0.10625,1.425,1.39375,True,DOWN,WIN
1033669|XAUUSD|breakout_retest|LONG|2025-05-16 17:00:00|2025-05-16 18:15:00|2025-05-16 18:20:00|3187.09,A3_WIDE_STOP_800PT_SOFT_RETEST_V0,LONG,2025-05-16 18:25:00,2025-05-16 20:10:00,Night 20:00-05:59,FALLING,3188.275,3180.275,3200.275,800.0,1.5,50.0,50.0,75.0,0.0,10.0,0.0,0.075,0.10625,0.10625,1.425,1.39375,True,DOWN,WIN
1033669|XAUUSD|breakout_retest|LONG|2025-05-20 01:15:00|2025-05-20 01:25:00|2025-05-20 01:30:00|3223.88,A3_WIDE_STOP_800PT_SOFT_RETEST_V0,LONG,2025-05-20 01:35:00,2025-05-20 02:10:00,Night 20:00-05:59,RISING,3226.505,3218.505,3238.505,800.0,-1.0,50.0,50.0,75.0,0.0,10.0,50.0,0.1375,0.16875,0.16875,-1.1375,-1.16875,False,UP,MIXED
1033669|XAUUSD|breakout_retest|LONG|2025-05-20 05:05:00|2025-05-20 05:10:00|2025-05-20 05:15:00|3214.72,A3_WIDE_STOP_800PT_SOFT_RETEST_V0,LONG,2025-05-20 05:20:00,2025-05-20 05:50:00,Morning 06:00-11:59,RISING,3217.805,3209.805,3229.805,800.0,-1.0,50.0,50.0,75.0,0.0,10.0,50.0,0.1375,0.16875,0.16875,-1.1375,-1.16875,False,UP,BAD_SIGNAL
1033669|XAUUSD|breakout_retest|LONG|2025-05-20 07:50:00|2025-05-20 08:25:00|2025-05-20 08:30:00|3219.01,A3_WIDE_STOP_800PT_SOFT_RETEST_V0,LONG,2025-05-20 08:35:00,2025-05-20 09:00:00,Afternoon 12:00-15:59,RISING,3222.045,3214.045,3234.045,800.0,1.5,50.0,50.0,75.0,0.0,10.0,0.0,0.075,0.10625,0.10625,1.425,1.39375,True,UP,WIN
1033669|XAUUSD|breakout_retest|LONG|2025-05-20 11:35:00|2025-05-20 11:50:00|2025-05-20 11:55:00|3239.24,A3_WIDE_STOP_800PT_SOFT_RETEST_V0,LONG,2025-05-20 12:00:00,2025-05-20 13:10:00,Evening 16:00-19:59,RISING,3241.275,3233.275,3253.275,800.0,-1.0,50.0,50.0,75.0,0.0,10.0,50.0,0.1375,0.16875,0.16875,-1.1375,-1.16875,False,UP,BAD_EXIT_GIVEBACK
1033669|XAUUSD|breakout_retest|LONG|2025-05-20 13:45:00|2025-05-20 13:50:00|2025-05-20 13:55:00|3244.24,A3_WIDE_STOP_800PT_SOFT_RETEST_V0,LONG,2025-05-20 14:00:00,2025-05-20 14:05:00,Evening 16:00-19:59,RISING,3249.245,3241.245,3261.245,800.0,1.5,50.0,50.0,75.0,0.0,10.0,0.0,0.075,0.10625,0.10625,1.425,1.39375,True,UP,WIN
1033669|XAUUSD|breakout_retest|LONG|2025-05-20 17:20:00|2025-05-20 17:30:00|2025-05-20 17:35:00|3282.30,A3_WIDE_STOP_800PT_SOFT_RETEST_V0,LONG,2025-05-20 17:40:00,2025-05-20 22:10:00,Night 20:00-05:59,RISING,3284.535,3276.535,3296.535,800.0,1.5,50.0,50.0,75.0,0.0,10.0,0.0,0.075,0.10625,0.10625,1.425,1.39375,True,UP,WIN
1033669|XAUUSD|breakout_retest|LONG|2025-05-21 00:55:00|2025-05-21 01:40:00|2025-05-21 01:45:00|3293.26,A3_WIDE_STOP_800PT_SOFT_RETEST_V0,LONG,2025-05-21 01:50:00,2025-05-21 03:30:00,Night 20:00-05:59,RISING,3295.515,3287.515,3307.515,800.0,1.5,50.0,50.0,75.0,0.0,10.0,0.0,0.075,0.10625,0.10625,1.425,1.39375,True,UP,WIN
1033669|XAUUSD|breakout_retest|LONG|2025-05-21 04:35:00|2025-05-21 04:40:00|2025-05-21 04:45:00|3303.76,A3_WIDE_STOP_800PT_SOFT_RETEST_V0,LONG,2025-05-21 04:50:00,2025-05-21 05:10:00,Morning 06:00-11:59,RISING,3306.275,3298.275,3318.275,800.0,-1.0,50.0,50.0,75.0,0.0,10.0,50.0,0.1375,0.16875,0.16875,-1.1375,-1.16875,False,UP,BAD_SIGNAL
1033669|XAUUSD|breakout_retest|LONG|2025-05-21 04:45:00|2025-05-21 05:35:00|2025-05-21 05:40:00|3303.76,A3_WIDE_STOP_800PT_SOFT_RETEST_V0,LONG,2025-05-21 05:45:00,2025-05-21 05:55:00,Morning 06:00-11:59,RISING,3304.615,3296.615,3316.615,800.0,1.5,50.0,50.0,75.0,0.0,10.0,0.0,0.075,0.10625,0.10625,1.425,1.39375,True,UP,WIN
1033669|XAUUSD|breakout_retest|LONG|2025-05-21 08:05:00|2025-05-21 08:10:00|2025-05-21 08:15:00|3303.76,A3_WIDE_STOP_800PT_SOFT_RETEST_V0,LONG,2025-05-21 08:20:00,2025-05-21 12:30:00,Afternoon 12:00-15:59,RISING,3306.995,3298.995,3318.995,800.0,-1.0,50.0,50.0,75.0,0.0,10.0,50.0,0.1375,0.16875,0.16875,-1.1375,-1.16875,False,UP,NEAR_TP_GIVEBACK
1033669|XAUUSD|breakout_retest|SHORT|2025-05-21 12:20:00|2025-05-21 13:15:00|2025-05-21 13:20:00|3306.26,A3_WIDE_STOP_800PT_SOFT_RETEST_V0,SHORT,2025-05-21 13:25:00,2025-05-21 15:15:00,Evening 16:00-19:59,RISING,3303.858,3311.858,3291.858,800.0,-1.0,50.0,50.0,75.0,0.0,10.0,50.0,0.1375,0.16875,0.16875,-1.1375,-1.16875,False,UP,BAD_EXIT_GIVEBACK
1033669|XAUUSD|breakout_retest|LONG|2025-05-21 15:25:00|2025-05-21 15:30:00|2025-05-21 15:35:00|3309.35,A3_WIDE_STOP_800PT_SOFT_RETEST_V0,LONG,2025-05-21 15:40:00,2025-05-21 16:40:00,Evening 16:00-19:59,RISING,3312.635,3304.635,3324.635,800.0,-1.0,50.0,50.0,75.0,0.0,10.0,50.0,0.1375,0.16875,0.16875,-1.1375,-1.16875,False,UP,BAD_SIGNAL
1033669|XAUUSD|breakout_retest|LONG|2025-05-21 16:45:00|2025-05-21 17:00:00|2025-05-21 17:05:00|3303.76,A3_WIDE_STOP_800PT_SOFT_RETEST_V0,LONG,2025-05-21 17:10:00,2025-05-21 19:05:00,Night 20:00-05:59,RISING,3306.165,3298.165,3318.165,800.0,1.5,50.0,50.0,75.0,0.0,10.0,0.0,0.075,0.10625,0.10625,1.425,1.39375,True,UP,WIN
1033669|XAUUSD|breakout_retest|SHORT|2025-05-25 23:55:00|2025-05-26 00:05:00|2025-05-26 00:10:00|3343.66,A3_WIDE_STOP_800PT_SOFT_RETEST_V0,SHORT,2025-05-26 00:15:00,2025-05-26 02:10:00,Night 20:00-05:59,FALLING,3340.225,3348.225,3328.225,800.0,-1.0,50.0,50.0,75.0,0.0,10.0,50.0,0.1375,0.16875,0.16875,-1.1375,-1.16875,False,UP,BAD_EXIT_GIVEBACK
1033669|XAUUSD|breakout_retest|SHORT|2025-05-26 06:25:00|2025-05-26 06:50:00|2025-05-26 06:55:00|3340.91,A3_WIDE_STOP_800PT_SOFT_RETEST_V0,SHORT,2025-05-26 07:00:00,2025-05-26 09:30:00,Morning 06:00-11:59,FALLING,3337.618,3345.618,3325.618,800.0,1.5,50.0,50.0,75.0,0.0,10.0,0.0,0.075,0.10625,0.10625,1.425,1.39375,True,UP,WIN
1033669|XAUUSD|breakout_retest|LONG|2025-05-26 14:00:00|2025-05-26 14:10:00|2025-05-26 14:15:00|3338.34,A3_WIDE_STOP_800PT_SOFT_RETEST_V0,LONG,2025-05-26 14:20:00,2025-05-29 00:05:00,Evening 16:00-19:59,FALLING,3340.385,3332.385,3352.385,800.0,-1.0,50.0,50.0,75.0,0.0,10.0,50.0,0.1375,0.16875,0.16875,-1.1375,-1.16875,False,UP,BAD_EXIT_GIVEBACK
1033669|XAUUSD|breakout_retest|LONG|2025-05-29 03:20:00|2025-05-29 03:35:00|2025-05-29 03:40:00|3275.20,A3_WIDE_STOP_800PT_SOFT_RETEST_V0,LONG,2025-05-29 03:45:00,2025-05-29 05:40:00,Morning 06:00-11:59,FALLING,3276.088,3268.088,3288.088,800.0,-1.0,50.0,50.0,75.0,0.0,10.0,50.0,0.1375,0.16875,0.16875,-1.1375,-1.16875,False,UP,BAD_SIGNAL
1033669|XAUUSD|breakout_retest|SHORT|2025-05-29 05:35:00|2025-05-29 05:40:00|2025-05-29 05:45:00|3268.20,A3_WIDE_STOP_800PT_SOFT_RETEST_V0,SHORT,2025-05-29 05:50:00,2025-05-29 06:05:00,Morning 06:00-11:59,FALLING,3265.935,3273.935,3253.935,800.0,-1.0,50.0,50.0,75.0,0.0,10.0,50.0,0.1375,0.16875,0.16875,-1.1375,-1.16875,False,UP,BAD_SIGNAL
1033669|XAUUSD|breakout_retest|SHORT|2025-05-29 05:05:00|2025-05-29 06:05:00|2025-05-29 06:10:00|3272.07,A3_WIDE_STOP_800PT_SOFT_RETEST_V0,SHORT,2025-05-29 06:15:00,2025-05-29 07:20:00,Morning 06:00-11:59,FALLING,3270.165,3278.165,3258.165,800.0,-1.0,50.0,50.0,75.0,0.0,10.0,50.0,0.1375,0.16875,0.16875,-1.1375,-1.16875,False,UP,BAD_SIGNAL
1033669|XAUUSD|breakout_retest|LONG|2025-05-29 11:30:00|2025-05-29 11:40:00|2025-05-29 11:45:00|3300.51,A3_WIDE_STOP_800PT_SOFT_RETEST_V0,LONG,2025-05-29 11:50:00,2025-05-29 12:40:00,Afternoon 12:00-15:59,FALLING,3301.875,3293.875,3313.875,800.0,1.5,50.0,50.0,75.0,0.0,10.0,0.0,0.075,0.10625,0.10625,1.425,1.39375,True,UP,WIN
1033669|XAUUSD|breakout_retest|LONG|2025-05-29 13:25:00|2025-05-29 14:40:00|2025-05-29 14:45:00|3305.26,A3_WIDE_STOP_800PT_SOFT_RETEST_V0,LONG,2025-05-29 14:50:00,2025-05-29 16:00:00,Evening 16:00-19:59,RISING,3308.608,3300.608,3320.608,800.0,1.5,50.0,50.0,75.0,0.0,10.0,0.0,0.075,0.10625,0.10625,1.425,1.39375,True,UP,WIN
1033669|XAUUSD|breakout_retest|SHORT|2025-05-29 19:40:00|2025-05-29 19:45:00|2025-05-29 19:50:00|3317.30,A3_WIDE_STOP_800PT_SOFT_RETEST_V0,SHORT,2025-05-29 19:55:00,2025-05-31 00:05:00,Night 20:00-05:59,RISING,3315.455,3323.455,3303.455,800.0,1.5,50.0,50.0,75.0,0.0,10.0,0.0,0.075,0.10625,0.10625,1.425,1.39375,True,UP,WIN
1033669|XAUUSD|breakout_retest|LONG|2025-06-01 22:55:00|2025-06-01 23:55:00|2025-06-02 00:00:00|3309.34,A3_WIDE_STOP_800PT_SOFT_RETEST_V0,LONG,2025-06-02 00:05:00,2025-06-02 00:45:00,Night 20:00-05:59,RISING,3311.265,3303.265,3323.265,800.0,-1.0,50.0,50.0,75.0,0.0,10.0,50.0,0.1375,0.16875,0.16875,-1.1375,-1.16875,False,UP,BAD_SIGNAL
1033669|XAUUSD|breakout_retest|LONG|2025-06-02 05:10:00|2025-06-02 05:20:00|2025-06-02 05:25:00|3316.45,A3_WIDE_STOP_800PT_SOFT_RETEST_V0,LONG,2025-06-02 05:30:00,2025-06-02 06:15:00,Morning 06:00-11:59,RISING,3317.098,3309.098,3329.098,800.0,1.5,50.0,50.0,75.0,0.0,10.0,0.0,0.075,0.10625,0.10625,1.425,1.39375,True,UP,WIN
1033669|XAUUSD|breakout_retest|SHORT|2025-06-02 09:10:00|2025-06-02 09:20:00|2025-06-02 09:25:00|3349.80,A3_WIDE_STOP_800PT_SOFT_RETEST_V0,SHORT,2025-06-02 09:30:00,2025-06-02 11:35:00,Afternoon 12:00-15:59,RISING,3349.038,3357.038,3337.038,800.0,-1.0,50.0,50.0,75.0,0.0,10.0,50.0,0.1375,0.16875,0.16875,-1.1375,-1.16875,False,UP,MIXED
1033669|XAUUSD|breakout_retest|LONG|2025-06-02 12:45:00|2025-06-02 13:35:00|2025-06-02 13:40:00|3356.60,A3_WIDE_STOP_800PT_SOFT_RETEST_V0,LONG,2025-06-02 13:45:00,2025-06-02 13:55:00,Evening 16:00-19:59,RISING,3359.958,3351.958,3371.958,800.0,1.5,50.0,50.0,75.0,0.0,10.0,0.0,0.075,0.10625,0.10625,1.425,1.39375,True,UP,WIN
1033669|XAUUSD|breakout_retest|LONG|2025-06-02 19:50:00|2025-06-02 20:40:00|2025-06-02 20:45:00|3380.24,A3_WIDE_STOP_800PT_SOFT_RETEST_V0,LONG,2025-06-02 20:50:00,2025-06-03 01:05:00,Night 20:00-05:59,RISING,3380.965,3372.965,3392.965,800.0,-1.0,50.0,50.0,75.0,0.0,10.0,50.0,0.1375,0.16875,0.16875,-1.1375,-1.16875,False,UP,NEAR_TP_GIVEBACK
1033669|XAUUSD|breakout_retest|LONG|2025-06-03 06:35:00|2025-06-03 06:50:00|2025-06-03 06:55:00|3356.60,A3_WIDE_STOP_800PT_SOFT_RETEST_V0,LONG,2025-06-03 07:00:00,2025-06-03 12:25:00,Morning 06:00-11:59,FALLING,3357.095,3349.095,3369.095,800.0,-1.0,50.0,50.0,75.0,0.0,10.0,50.0,0.1375,0.16875,0.16875,-1.1375,-1.16875,False,DOWN,BAD_EXIT_GIVEBACK
1033669|XAUUSD|breakout_retest|LONG|2025-06-03 11:55:00|2025-06-03 12:35:00|2025-06-03 12:40:00|3356.60,A3_WIDE_STOP_800PT_SOFT_RETEST_V0,LONG,2025-06-03 12:45:00,2025-06-03 13:45:00,Evening 16:00-19:59,FALLING,3358.795,3350.795,3370.795,800.0,-1.0,50.0,50.0,75.0,0.0,10.0,50.0,0.1375,0.16875,0.16875,-1.1375,-1.16875,False,DOWN,MIXED
1033669|XAUUSD|breakout_retest|LONG|2025-06-03 19:00:00|2025-06-03 19:35:00|2025-06-03 19:40:00|3353.60,A3_WIDE_STOP_800PT_SOFT_RETEST_V0,LONG,2025-06-03 19:45:00,2025-06-04 01:35:00,Night 20:00-05:59,FALLING,3354.158,3346.158,3366.158,800.0,1.5,50.0,50.0,75.0,0.0,10.0,0.0,0.075,0.10625,0.10625,1.425,1.39375,True,DOWN,WIN
1033669|XAUUSD|breakout_retest|LONG|2025-06-04 07:45:00|2025-06-04 08:35:00|2025-06-04 08:40:00|3356.60,A3_WIDE_STOP_800PT_SOFT_RETEST_V0,LONG,2025-06-04 08:45:00,2025-06-04 10:55:00,Afternoon 12:00-15:59,FALLING,3357.225,3349.225,3369.225,800.0,-1.0,50.0,50.0,75.0,0.0,10.0,50.0,0.1375,0.16875,0.16875,-1.1375,-1.16875,False,UP,BAD_EXIT_GIVEBACK
1033669|XAUUSD|breakout_retest|LONG|2025-06-04 12:45:00|2025-06-04 12:50:00|2025-06-04 12:55:00|3356.60,A3_WIDE_STOP_800PT_SOFT_RETEST_V0,LONG,2025-06-04 13:00:00,2025-06-04 13:35:00,Evening 16:00-19:59,FALLING,3360.608,3352.608,3372.608,800.0,-1.0,50.0,50.0,75.0,0.0,10.0,50.0,0.1375,0.16875,0.16875,-1.1375,-1.16875,False,UP,BAD_SIGNAL
1033669|XAUUSD|breakout_retest|LONG|2025-06-04 13:25:00|2025-06-04 14:00:00|2025-06-04 14:05:00|3356.60,A3_WIDE_STOP_800PT_SOFT_RETEST_V0,LONG,2025-06-04 14:10:00,2025-06-04 14:35:00,Evening 16:00-19:59,FALLING,3358.745,3350.19895,3371.56408,854.61,1.5,50.0,50.0,75.0,0.0,10.0,0.0,0.070208,0.099461,0.099461,1.429792,1.400539,True,UP,WIN
1033669|XAUUSD|breakout_retest|LONG|2025-06-04 16:45:00|2025-06-04 17:25:00|2025-06-04 17:30:00|3374.75,A3_WIDE_STOP_800PT_SOFT_RETEST_V0,LONG,2025-06-04 17:35:00,2025-06-05 04:20:00,Night 20:00-05:59,RISING,3375.008,3367.008,3387.008,800.0,-1.0,50.0,50.0,75.0,0.0,10.0,50.0,0.1375,0.16875,0.16875,-1.1375,-1.16875,False,UP,BAD_EXIT_GIVEBACK
1033669|XAUUSD|breakout_retest|LONG|2025-06-05 07:15:00|2025-06-05 08:10:00|2025-06-05 08:15:00|3369.80,A3_WIDE_STOP_800PT_SOFT_RETEST_V0,LONG,2025-06-05 08:20:00,2025-06-05 09:30:00,Afternoon 12:00-15:59,FALLING,3372.575,3364.575,3384.575,800.0,1.5,50.0,50.0,75.0,0.0,10.0,0.0,0.075,0.10625,0.10625,1.425,1.39375,True,DOWN,WIN
1033669|XAUUSD|breakout_retest|LONG|2025-06-05 09:25:00|2025-06-05 09:40:00|2025-06-05 09:45:00|3384.49,A3_WIDE_STOP_800PT_SOFT_RETEST_V0,LONG,2025-06-05 09:50:00,2025-06-05 10:35:00,Afternoon 12:00-15:59,RISING,3386.308,3378.308,3398.308,800.0,1.5,50.0,50.0,75.0,0.0,10.0,0.0,0.075,0.10625,0.10625,1.425,1.39375,True,DOWN,WIN
1033669|XAUUSD|breakout_retest|SHORT|2025-06-05 15:20:00|2025-06-05 15:25:00|2025-06-05 15:30:00|3366.95,A3_WIDE_STOP_800PT_SOFT_RETEST_V0,SHORT,2025-06-05 15:35:00,2025-06-05 15:45:00,Evening 16:00-19:59,FALLING,3361.525,3369.525,3349.525,800.0,1.5,50.0,50.0,75.0,0.0,10.0,0.0,0.075,0.10625,0.10625,1.425,1.39375,True,DOWN,WIN
1033669|XAUUSD|breakout_retest|LONG|2025-06-05 19:20:00|2025-06-05 19:45:00|2025-06-05 19:50:00|3354.01,A3_WIDE_STOP_800PT_SOFT_RETEST_V0,LONG,2025-06-05 19:55:00,2025-06-06 03:45:00,Night 20:00-05:59,FALLING,3357.255,3349.255,3369.255,800.0,1.5,50.0,50.0,75.0,0.0,10.0,0.0,0.075,0.10625,0.10625,1.425,1.39375,True,DOWN,WIN
1033669|XAUUSD|breakout_retest|LONG|2025-06-06 06:55:00|2025-06-06 07:05:00|2025-06-06 07:10:00|3356.60,A3_WIDE_STOP_800PT_SOFT_RETEST_V0,LONG,2025-06-06 07:15:00,2025-06-06 12:35:00,Morning 06:00-11:59,RISING,3359.745,3351.745,3371.745,800.0,-1.0,50.0,50.0,75.0,0.0,10.0,50.0,0.1375,0.16875,0.16875,-1.1375,-1.16875,False,DOWN,BAD_EXIT_GIVEBACK
1033669|XAUUSD|breakout_retest|SHORT|2025-06-06 12:40:00|2025-06-06 12:55:00|2025-06-06 13:00:00|3355.59,A3_WIDE_STOP_800PT_SOFT_RETEST_V0,SHORT,2025-06-06 13:05:00,2025-06-06 13:20:00,Evening 16:00-19:59,FALLING,3352.335,3360.335,3340.335,800.0,-1.0,50.0,50.0,75.0,0.0,10.0,50.0,0.1375,0.16875,0.16875,-1.1375,-1.16875,False,DOWN,MIXED
1033669|XAUUSD|breakout_retest|SHORT|2025-06-06 12:35:00|2025-06-06 13:15:00|2025-06-06 13:20:00|3355.59,A3_WIDE_STOP_800PT_SOFT_RETEST_V0,SHORT,2025-06-06 13:25:00,2025-06-06 14:05:00,Evening 16:00-19:59,FALLING,3353.538,3361.538,3341.538,800.0,1.5,50.0,50.0,75.0,0.0,10.0,0.0,0.075,0.10625,0.10625,1.425,1.39375,True,DOWN,WIN
1033669|XAUUSD|breakout_retest|SHORT|2025-06-06 16:50:00|2025-06-06 18:00:00|2025-06-06 18:05:00|3322.11,A3_WIDE_STOP_800PT_SOFT_RETEST_V0,SHORT,2025-06-06 18:10:00,2025-06-06 20:10:00,Night 20:00-05:59,FALLING,3320.655,3328.655,3308.655,800.0,1.5,50.0,50.0,75.0,0.0,10.0,0.0,0.075,0.10625,0.10625,1.425,1.39375,True,DOWN,WIN
1033669|XAUUSD|breakout_retest|LONG|2025-06-08 22:45:00|2025-06-08 22:50:00|2025-06-08 22:55:00|3309.62,A3_WIDE_STOP_800PT_SOFT_RETEST_V0,LONG,2025-06-08 23:00:00,2025-06-09 00:25:00,Night 20:00-05:59,RISING,3313.325,3305.325,3325.325,800.0,-1.0,50.0,50.0,75.0,0.0,10.0,50.0,0.1375,0.16875,0.16875,-1.1375,-1.16875,False,UP,MIXED
1033669|XAUUSD|breakout_retest|SHORT|2025-06-09 00:20:00|2025-06-09 00:35:00|2025-06-09 00:40:00|3309.02,A3_WIDE_STOP_800PT_SOFT_RETEST_V0,SHORT,2025-06-09 00:45:00,2025-06-09 02:05:00,Night 20:00-05:59,RISING,3306.245,3314.245,3294.245,800.0,1.5,50.0,50.0,75.0,0.0,10.0,0.0,0.075,0.10625,0.10625,1.425,1.39375,True,UP,WIN
1033669|XAUUSD|breakout_retest|LONG|2025-06-09 05:55:00|2025-06-09 06:05:00|2025-06-09 06:10:00|3313.25,A3_WIDE_STOP_800PT_SOFT_RETEST_V0,LONG,2025-06-09 06:15:00,2025-06-09 07:25:00,Morning 06:00-11:59,RISING,3316.385,3308.385,3328.385,800.0,1.5,50.0,50.0,75.0,0.0,10.0,0.0,0.075,0.10625,0.10625,1.425,1.39375,True,UP,WIN
1033669|XAUUSD|breakout_retest|SHORT|2025-06-09 08:55:00|2025-06-09 09:15:00|2025-06-09 09:20:00|3321.50,A3_WIDE_STOP_800PT_SOFT_RETEST_V0,SHORT,2025-06-09 09:25:00,2025-06-09 15:25:00,Afternoon 12:00-15:59,RISING,3320.688,3328.688,3308.688,800.0,-1.0,50.0,50.0,75.0,0.0,10.0,50.0,0.1375,0.16875,0.16875,-1.1375,-1.16875,False,UP,NEAR_TP_GIVEBACK
1033669|XAUUSD|breakout_retest|SHORT|2025-06-09 18:50:00|2025-06-09 19:25:00|2025-06-09 19:30:00|3333.05,A3_WIDE_STOP_800PT_SOFT_RETEST_V0,SHORT,2025-06-09 19:35:00,2025-06-10 00:30:00,Night 20:00-05:59,RISING,3331.005,3339.005,3319.005,800.0,1.5,50.0,50.0,75.0,0.0,10.0,0.0,0.075,0.10625,0.10625,1.425,1.39375,True,UP,WIN
1033669|XAUUSD|breakout_retest|LONG|2025-06-10 05:10:00|2025-06-10 05:15:00|2025-06-10 05:20:00|3309.43,A3_WIDE_STOP_800PT_SOFT_RETEST_V0,LONG,2025-06-10 05:25:00,2025-06-10 06:20:00,Morning 06:00-11:59,FALLING,3311.075,3303.075,3323.075,800.0,1.5,50.0,50.0,75.0,0.0,10.0,0.0,0.075,0.10625,0.10625,1.425,1.39375,True,UP,WIN
1033669|XAUUSD|breakout_retest|LONG|2025-06-10 11:35:00|2025-06-10 12:40:00|2025-06-10 12:45:00|3338.07,A3_WIDE_STOP_800PT_SOFT_RETEST_V0,LONG,2025-06-10 12:50:00,2025-06-10 14:40:00,Evening 16:00-19:59,RISING,3338.545,3330.545,3350.545,800.0,-1.0,50.0,50.0,75.0,0.0,10.0,50.0,0.1375,0.16875,0.16875,-1.1375,-1.16875,False,UP,NEAR_TP_GIVEBACK
1033669|XAUUSD|breakout_retest|LONG|2025-06-10 17:50:00|2025-06-10 19:05:00|2025-06-10 19:10:00|3324.35,A3_WIDE_STOP_800PT_SOFT_RETEST_V0,LONG,2025-06-10 19:15:00,2025-06-10 23:25:00,Night 20:00-05:59,FALLING,3324.815,3316.815,3336.815,800.0,-1.0,50.0,50.0,75.0,0.0,10.0,50.0,0.1375,0.16875,0.16875,-1.1375,-1.16875,False,UP,BAD_EXIT_GIVEBACK
1033669|XAUUSD|breakout_retest|LONG|2025-06-11 03:00:00|2025-06-11 03:20:00|2025-06-11 03:25:00|3337.28,A3_WIDE_STOP_800PT_SOFT_RETEST_V0,LONG,2025-06-11 03:30:00,2025-06-11 10:55:00,Morning 06:00-11:59,RISING,3338.208,3330.208,3350.208,800.0,-1.0,50.0,50.0,75.0,0.0,10.0,50.0,0.1375,0.16875,0.16875,-1.1375,-1.16875,False,UP,NEAR_TP_GIVEBACK
1033669|XAUUSD|breakout_retest|LONG|2025-06-11 12:30:00|2025-06-11 13:10:00|2025-06-11 13:15:00|3336.59,A3_WIDE_STOP_800PT_SOFT_RETEST_V0,LONG,2025-06-11 13:20:00,2025-06-11 13:45:00,Evening 16:00-19:59,FALLING,3341.375,3333.375,3353.375,800.0,-1.0,50.0,50.0,75.0,0.0,10.0,50.0,0.1375,0.16875,0.16875,-1.1375,-1.16875,False,UP,BAD_SIGNAL
1033669|XAUUSD|breakout_retest|LONG|2025-06-11 19:30:00|2025-06-11 20:15:00|2025-06-11 20:20:00|3347.00,A3_WIDE_STOP_800PT_SOFT_RETEST_V0,LONG,2025-06-11 20:25:00,2025-06-11 22:10:00,Night 20:00-05:59,RISING,3347.975,3339.975,3359.975,800.0,1.5,50.0,50.0,75.0,0.0,10.0,0.0,0.075,0.10625,0.10625,1.425,1.39375,True,UP,WIN
1033669|XAUUSD|breakout_retest|LONG|2025-06-12 00:35:00|2025-06-12 01:15:00|2025-06-12 01:20:00|3366.93,A3_WIDE_STOP_800PT_SOFT_RETEST_V0,LONG,2025-06-12 01:25:00,2025-06-12 07:35:00,Night 20:00-05:59,RISING,3372.015,3364.015,3384.015,800.0,-1.0,50.0,50.0,75.0,0.0,10.0,50.0,0.1375,0.16875,0.16875,-1.1375,-1.16875,False,UP,MIXED
1033669|XAUUSD|breakout_retest|SHORT|2025-06-12 06:15:00|2025-06-12 07:30:00|2025-06-12 07:35:00|3367.45,A3_WIDE_STOP_800PT_SOFT_RETEST_V0,SHORT,2025-06-12 07:40:00,2025-06-12 07:45:00,Morning 06:00-11:59,RISING,3361.715,3370.53724,3348.48164,882.22,1.5,50.0,50.0,75.0,0.0,10.0,0.0,0.06801,0.096347,0.096347,1.43199,1.403653,True,UP,WIN
1033669|XAUUSD|breakout_retest|LONG|2025-06-12 09:45:00|2025-06-12 10:10:00|2025-06-12 10:15:00|3363.66,A3_WIDE_STOP_800PT_SOFT_RETEST_V0,LONG,2025-06-12 10:20:00,2025-06-12 10:30:00,Afternoon 12:00-15:59,FALLING,3367.375,3359.375,3379.375,800.0,1.5,50.0,50.0,75.0,0.0,10.0,0.0,0.075,0.10625,0.10625,1.425,1.39375,True,UP,WIN
1033669|XAUUSD|breakout_retest|LONG|2025-06-12 10:20:00|2025-06-12 10:25:00|2025-06-12 10:30:00|3373.17,A3_WIDE_STOP_800PT_SOFT_RETEST_V0,LONG,2025-06-12 10:35:00,2025-06-12 13:05:00,Afternoon 12:00-15:59,FALLING,3379.835,3371.835,3391.835,800.0,1.5,50.0,50.0,75.0,0.0,10.0,0.0,0.075,0.10625,0.10625,1.425,1.39375,True,UP,WIN
1033669|XAUUSD|breakout_retest|SHORT|2025-06-12 16:50:00|2025-06-12 17:05:00|2025-06-12 17:10:00|3383.99,A3_WIDE_STOP_800PT_SOFT_RETEST_V0,SHORT,2025-06-12 17:15:00,2025-06-12 23:50:00,Night 20:00-05:59,RISING,3381.888,3389.888,3369.888,800.0,-1.0,50.0,50.0,75.0,0.0,10.0,50.0,0.1375,0.16875,0.16875,-1.1375,-1.16875,False,UP,MIXED
1033669|XAUUSD|breakout_retest|LONG|2025-06-13 00:35:00|2025-06-13 00:40:00|2025-06-13 00:45:00|3403.18,A3_WIDE_STOP_800PT_SOFT_RETEST_V0,LONG,2025-06-13 00:50:00,2025-06-13 01:15:00,Night 20:00-05:59,RISING,3410.865,3402.48535,3423.43448,837.97,1.5,50.0,50.0,75.0,0.0,10.0,0.0,0.071602,0.101436,0.101436,1.428398,1.398564,True,UP,WIN
1033669|XAUUSD|breakout_retest|SHORT|2025-06-13 05:25:00|2025-06-13 06:40:00|2025-06-13 06:45:00|3422.55,A3_WIDE_STOP_800PT_SOFT_RETEST_V0,SHORT,2025-06-13 06:50:00,2025-06-13 12:35:00,Morning 06:00-11:59,RISING,3418.045,3428.99231,3401.62404,1094.73,-1.0,50.0,50.0,75.0,0.0,10.0,50.0,0.100481,0.123318,0.123318,-1.100481,-1.123318,True,UP,BAD_EXIT_GIVEBACK
1033669|XAUUSD|breakout_retest|LONG|2025-06-13 13:30:00|2025-06-13 14:20:00|2025-06-13 14:25:00|3427.55,A3_WIDE_STOP_800PT_SOFT_RETEST_V0,LONG,2025-06-13 14:30:00,2025-06-13 15:00:00,Evening 16:00-19:59,RISING,3432.508,3424.508,3444.508,800.0,-1.0,50.0,50.0,75.0,0.0,10.0,50.0,0.1375,0.16875,0.16875,-1.1375,-1.16875,False,UP,BAD_EXIT_GIVEBACK
1033669|XAUUSD|breakout_retest|LONG|2025-06-13 18:30:00|2025-06-13 18:40:00|2025-06-13 18:45:00|3433.30,A3_WIDE_STOP_800PT_SOFT_RETEST_V0,LONG,2025-06-13 18:50:00,2025-06-15 22:05:00,Night 20:00-05:59,RISING,3435.835,3427.835,3447.835,800.0,1.5,50.0,50.0,75.0,0.0,10.0,0.0,0.075,0.10625,0.10625,1.425,1.39375,True,UP,WIN
1033669|XAUUSD|breakout_retest|SHORT|2025-06-16 05:00:00|2025-06-16 05:05:00|2025-06-16 05:10:00|3428.82,A3_WIDE_STOP_800PT_SOFT_RETEST_V0,SHORT,2025-06-16 05:15:00,2025-06-16 07:15:00,Morning 06:00-11:59,FALLING,3424.655,3432.655,3412.655,800.0,1.5,50.0,50.0,75.0,0.0,10.0,0.0,0.075,0.10625,0.10625,1.425,1.39375,True,DOWN,WIN
1033669|XAUUSD|breakout_retest|LONG|2025-06-16 11:00:00|2025-06-16 11:15:00|2025-06-16 11:20:00|3419.35,A3_WIDE_STOP_800PT_SOFT_RETEST_V0,LONG,2025-06-16 11:25:00,2025-06-16 11:50:00,Afternoon 12:00-15:59,FALLING,3420.058,3412.058,3432.058,800.0,-1.0,50.0,50.0,75.0,0.0,10.0,50.0,0.1375,0.16875,0.16875,-1.1375,-1.16875,False,DOWN,BAD_SIGNAL
1033669|XAUUSD|breakout_retest|SHORT|2025-06-16 19:15:00|2025-06-16 19:50:00|2025-06-16 19:55:00|3387.72,A3_WIDE_STOP_800PT_SOFT_RETEST_V0,SHORT,2025-06-16 20:00:00,2025-06-16 22:50:00,Night 20:00-05:59,FALLING,3386.238,3394.238,3374.238,800.0,-1.0,50.0,50.0,75.0,0.0,10.0,50.0,0.1375,0.16875,0.16875,-1.1375,-1.16875,False,DOWN,BAD_SIGNAL
1033669|XAUUSD|breakout_retest|SHORT|2025-06-17 06:05:00|2025-06-17 06:10:00|2025-06-17 06:15:00|3390.39,A3_WIDE_STOP_800PT_SOFT_RETEST_V0,SHORT,2025-06-17 06:20:00,2025-06-17 10:25:00,Morning 06:00-11:59,FALLING,3387.105,3395.105,3375.105,800.0,-1.0,50.0,50.0,75.0,0.0,10.0,50.0,0.1375,0.16875,0.16875,-1.1375,-1.16875,False,DOWN,NEAR_TP_GIVEBACK
1033669|XAUUSD|breakout_retest|SHORT|2025-06-18 00:00:00|2025-06-18 00:05:00|2025-06-18 00:10:00|3388.38,A3_WIDE_STOP_800PT_SOFT_RETEST_V0,SHORT,2025-06-18 00:15:00,2025-06-18 02:35:00,Night 20:00-05:59,FALLING,3384.625,3392.625,3372.625,800.0,1.5,50.0,50.0,75.0,0.0,10.0,0.0,0.075,0.10625,0.10625,1.425,1.39375,True,DOWN,WIN
1033669|XAUUSD|breakout_retest|LONG|2025-06-18 08:05:00|2025-06-18 08:15:00|2025-06-18 08:20:00|3385.35,A3_WIDE_STOP_800PT_SOFT_RETEST_V0,LONG,2025-06-18 08:25:00,2025-06-18 09:55:00,Afternoon 12:00-15:59,FALLING,3386.325,3378.325,3398.325,800.0,-1.0,50.0,50.0,75.0,0.0,10.0,50.0,0.1375,0.16875,0.16875,-1.1375,-1.16875,False,DOWN,BAD_SIGNAL
1033669|XAUUSD|breakout_retest|SHORT|2025-06-18 17:05:00|2025-06-18 17:25:00|2025-06-18 17:30:00|3389.74,A3_WIDE_STOP_800PT_SOFT_RETEST_V0,SHORT,2025-06-18 17:35:00,2025-06-18 19:05:00,Night 20:00-05:59,RISING,3389.065,3397.065,3377.065,800.0,1.5,50.0,50.0,75.0,0.0,10.0,0.0,0.075,0.10625,0.10625,1.425,1.39375,True,DOWN,WIN
1033669|XAUUSD|breakout_retest|SHORT|2025-06-19 01:55:00|2025-06-19 03:10:00|2025-06-19 03:15:00|3376.85,A3_WIDE_STOP_800PT_SOFT_RETEST_V0,SHORT,2025-06-19 03:20:00,2025-06-19 05:55:00,Morning 06:00-11:59,FALLING,3375.238,3383.238,3363.238,800.0,1.5,50.0,50.0,75.0,0.0,10.0,0.0,0.075,0.10625,0.10625,1.425,1.39375,True,DOWN,WIN
1033669|XAUUSD|breakout_retest|LONG|2025-06-19 09:20:00|2025-06-19 10:05:00|2025-06-19 10:10:00|3371.41,A3_WIDE_STOP_800PT_SOFT_RETEST_V0,LONG,2025-06-19 10:15:00,2025-06-19 12:25:00,Afternoon 12:00-15:59,FALLING,3373.035,3365.035,3385.035,800.0,-1.0,50.0,50.0,75.0,0.0,10.0,50.0,0.1375,0.16875,0.16875,-1.1375,-1.16875,False,DOWN,MIXED
1033669|XAUUSD|breakout_retest|SHORT|2025-06-20 03:05:00|2025-06-20 03:55:00|2025-06-20 04:00:00|3355.58,A3_WIDE_STOP_800PT_SOFT_RETEST_V0,SHORT,2025-06-20 04:05:00,2025-06-20 06:05:00,Morning 06:00-11:59,FALLING,3354.205,3362.205,3342.205,800.0,1.5,50.0,50.0,75.0,0.0,10.0,0.0,0.075,0.10625,0.10625,1.425,1.39375,True,DOWN,WIN
1033669|XAUUSD|breakout_retest|LONG|2025-06-20 09:40:00|2025-06-20 10:35:00|2025-06-20 10:40:00|3355.11,A3_WIDE_STOP_800PT_SOFT_RETEST_V0,LONG,2025-06-20 10:45:00,2025-06-20 11:50:00,Afternoon 12:00-15:59,FALLING,3356.345,3348.345,3368.345,800.0,-1.0,50.0,50.0,75.0,0.0,10.0,50.0,0.1375,0.16875,0.16875,-1.1375,-1.16875,False,DOWN,BAD_SIGNAL
1033669|XAUUSD|breakout_retest|SHORT|2025-06-20 12:30:00|2025-06-20 12:40:00|2025-06-20 12:45:00|3347.26,A3_WIDE_STOP_800PT_SOFT_RETEST_V0,SHORT,2025-06-20 12:50:00,2025-06-20 13:25:00,Evening 16:00-19:59,FALLING,3345.388,3353.388,3333.388,800.0,-1.0,50.0,50.0,75.0,0.0,10.0,50.0,0.1375,0.16875,0.16875,-1.1375,-1.16875,False,DOWN,BAD_SIGNAL
1033669|XAUUSD|breakout_retest|SHORT|2025-06-23 04:25:00|2025-06-23 04:30:00|2025-06-23 04:35:00|3360.90,A3_WIDE_STOP_800PT_SOFT_RETEST_V0,SHORT,2025-06-23 04:40:00,2025-06-23 05:40:00,Morning 06:00-11:59,FALLING,3359.525,3367.525,3347.525,800.0,1.5,50.0,50.0,75.0,0.0,10.0,0.0,0.075,0.10625,0.10625,1.425,1.39375,True,DOWN,WIN
1033669|XAUUSD|breakout_retest|SHORT|2025-06-23 09:20:00|2025-06-23 09:25:00|2025-06-23 09:30:00|3368.01,A3_WIDE_STOP_800PT_SOFT_RETEST_V0,SHORT,2025-06-23 09:35:00,2025-06-23 11:15:00,Afternoon 12:00-15:59,FALLING,3364.665,3372.665,3352.665,800.0,-1.0,50.0,50.0,75.0,0.0,10.0,50.0,0.1375,0.16875,0.16875,-1.1375,-1.16875,False,DOWN,BAD_SIGNAL
1033669|XAUUSD|breakout_retest|LONG|2025-06-23 16:05:00|2025-06-23 16:15:00|2025-06-23 16:20:00|3387.55,A3_WIDE_STOP_800PT_SOFT_RETEST_V0,LONG,2025-06-23 16:25:00,2025-06-23 16:45:00,Night 20:00-05:59,RISING,3390.745,3382.745,3402.745,800.0,-1.0,50.0,50.0,75.0,0.0,10.0,50.0,0.1375,0.16875,0.16875,-1.1375,-1.16875,False,DOWN,BAD_SIGNAL
1033669|XAUUSD|breakout_retest|SHORT|2025-06-23 23:35:00|2025-06-23 23:45:00|2025-06-23 23:50:00|3350.07,A3_WIDE_STOP_800PT_SOFT_RETEST_V0,SHORT,2025-06-23 23:55:00,2025-06-24 00:05:00,Night 20:00-05:59,FALLING,3347.345,3355.345,3335.345,800.0,1.5,50.0,50.0,75.0,0.0,10.0,0.0,0.075,0.10625,0.10625,1.425,1.39375,True,DOWN,WIN
1033669|XAUUSD|breakout_retest|SHORT|2025-06-24 12:15:00|2025-06-24 12:20:00|2025-06-24 12:25:00|3317.72,A3_WIDE_STOP_800PT_SOFT_RETEST_V0,SHORT,2025-06-24 12:30:00,2025-06-24 13:40:00,Evening 16:00-19:59,FALLING,3314.538,3322.538,3302.538,800.0,1.5,50.0,50.0,75.0,0.0,10.0,0.0,0.075,0.10625,0.10625,1.425,1.39375,True,DOWN,WIN
1033669|XAUUSD|breakout_retest|LONG|2025-06-24 17:35:00|2025-06-24 18:35:00|2025-06-24 18:40:00|3316.95,A3_WIDE_STOP_800PT_SOFT_RETEST_V0,LONG,2025-06-24 18:45:00,2025-06-25 00:35:00,Night 20:00-05:59,FALLING,3317.258,3309.258,3329.258,800.0,1.5,50.0,50.0,75.0,0.0,10.0,0.0,0.075,0.10625,0.10625,1.425,1.39375,True,DOWN,WIN
1033669|XAUUSD|breakout_retest|LONG|2025-06-25 01:15:00|2025-06-25 01:30:00|2025-06-25 01:35:00|3329.86,A3_WIDE_STOP_800PT_SOFT_RETEST_V0,LONG,2025-06-25 01:40:00,2025-06-25 09:10:00,Night 20:00-05:59,FALLING,3331.135,3323.135,3343.135,800.0,-1.0,50.0,50.0,75.0,0.0,10.0,50.0,0.1375,0.16875,0.16875,-1.1375,-1.16875,False,UP,MIXED
1033669|XAUUSD|breakout_retest|SHORT|2025-06-25 12:00:00|2025-06-25 12:35:00|2025-06-25 12:40:00|3323.84,A3_WIDE_STOP_800PT_SOFT_RETEST_V0,SHORT,2025-06-25 12:45:00,2025-06-25 16:40:00,Evening 16:00-19:59,FALLING,3322.788,3330.788,3310.788,800.0,-1.0,50.0,50.0,75.0,0.0,10.0,50.0,0.1375,0.16875,0.16875,-1.1375,-1.16875,False,UP,NEAR_TP_GIVEBACK
1033669|XAUUSD|breakout_retest|LONG|2025-06-25 17:05:00|2025-06-25 18:05:00|2025-06-25 18:10:00|3326.07,A3_WIDE_STOP_800PT_SOFT_RETEST_V0,LONG,2025-06-25 18:15:00,2025-06-25 23:55:00,Night 20:00-05:59,RISING,3327.165,3319.165,3339.165,800.0,1.5,50.0,50.0,75.0,0.0,10.0,0.0,0.075,0.10625,0.10625,1.425,1.39375,True,UP,WIN
1033669|XAUUSD|breakout_retest|SHORT|2025-06-26 01:40:00|2025-06-26 01:45:00|2025-06-26 01:50:00|3332.41,A3_WIDE_STOP_800PT_SOFT_RETEST_V0,SHORT,2025-06-26 01:55:00,2025-06-26 02:40:00,Night 20:00-05:59,RISING,3329.725,3337.725,3317.725,800.0,-1.0,50.0,50.0,75.0,0.0,10.0,50.0,0.1375,0.16875,0.16875,-1.1375,-1.16875,False,DOWN,BAD_SIGNAL
1033669|XAUUSD|breakout_retest|SHORT|2025-06-26 03:00:00|2025-06-26 03:25:00|2025-06-26 03:30:00|3340.18,A3_WIDE_STOP_800PT_SOFT_RETEST_V0,SHORT,2025-06-26 03:35:00,2025-06-26 07:40:00,Morning 06:00-11:59,RISING,3338.488,3346.488,3326.488,800.0,-1.0,50.0,50.0,75.0,0.0,10.0,50.0,0.1375,0.16875,0.16875,-1.1375,-1.16875,False,DOWN,BAD_EXIT_GIVEBACK
1033669|XAUUSD|breakout_retest|LONG|2025-06-26 09:35:00|2025-06-26 10:50:00|2025-06-26 10:55:00|3340.01,A3_WIDE_STOP_800PT_SOFT_RETEST_V0,LONG,2025-06-26 11:00:00,2025-06-26 11:45:00,Afternoon 12:00-15:59,RISING,3341.758,3333.758,3353.758,800.0,-1.0,50.0,50.0,75.0,0.0,10.0,50.0,0.1375,0.16875,0.16875,-1.1375,-1.16875,False,DOWN,BAD_SIGNAL
1033669|XAUUSD|breakout_retest|SHORT|2025-06-26 19:10:00|2025-06-26 20:00:00|2025-06-26 20:05:00|3332.05,A3_WIDE_STOP_800PT_SOFT_RETEST_V0,SHORT,2025-06-26 20:10:00,2025-06-26 22:50:00,Night 20:00-05:59,RISING,3331.005,3339.005,3319.005,800.0,1.5,50.0,50.0,75.0,0.0,10.0,0.0,0.075,0.10625,0.10625,1.425,1.39375,True,DOWN,WIN
1033669|XAUUSD|breakout_retest|SHORT|2025-06-27 00:30:00|2025-06-27 01:35:00|2025-06-27 01:40:00|3318.65,A3_WIDE_STOP_800PT_SOFT_RETEST_V0,SHORT,2025-06-27 01:45:00,2025-06-27 03:10:00,Night 20:00-05:59,FALLING,3318.205,3326.205,3306.205,800.0,1.5,50.0,50.0,75.0,0.0,10.0,0.0,0.075,0.10625,0.10625,1.425,1.39375,True,DOWN,WIN
1033669|XAUUSD|breakout_retest|SHORT|2025-06-27 06:35:00|2025-06-27 07:05:00|2025-06-27 07:10:00|3289.00,A3_WIDE_STOP_800PT_SOFT_RETEST_V0,SHORT,2025-06-27 07:15:00,2025-06-27 12:10:00,Morning 06:00-11:59,FALLING,3287.565,3295.565,3275.565,800.0,1.5,50.0,50.0,75.0,0.0,10.0,0.0,0.075,0.10625,0.10625,1.425,1.39375,True,DOWN,WIN
1033669|XAUUSD|breakout_retest|SHORT|2025-06-27 12:15:00|2025-06-27 12:25:00|2025-06-27 12:30:00|3279.55,A3_WIDE_STOP_800PT_SOFT_RETEST_V0,SHORT,2025-06-27 12:35:00,2025-06-27 13:05:00,Evening 16:00-19:59,FALLING,3277.825,3285.825,3265.825,800.0,1.5,50.0,50.0,75.0,0.0,10.0,0.0,0.075,0.10625,0.10625,1.425,1.39375,True,DOWN,WIN
1033669|XAUUSD|breakout_retest|SHORT|2025-06-27 13:25:00|2025-06-27 14:10:00|2025-06-27 14:15:00|3272.12,A3_WIDE_STOP_800PT_SOFT_RETEST_V0,SHORT,2025-06-27 14:20:00,2025-06-27 16:35:00,Evening 16:00-19:59,FALLING,3270.185,3278.185,3258.185,800.0,-1.0,50.0,50.0,75.0,0.0,10.0,50.0,0.1375,0.16875,0.16875,-1.1375,-1.16875,False,DOWN,BAD_EXIT_GIVEBACK
1033669|XAUUSD|breakout_retest|LONG|2025-06-27 15:40:00|2025-06-27 16:45:00|2025-06-27 16:50:00|3275.28,A3_WIDE_STOP_800PT_SOFT_RETEST_V0,LONG,2025-06-27 16:55:00,2025-06-29 22:15:00,Night 20:00-05:59,FALLING,3275.415,3267.415,3287.415,800.0,-1.0,50.0,50.0,75.0,0.0,10.0,50.0,0.1375,0.16875,0.16875,-1.1375,-1.16875,False,DOWN,BAD_EXIT_GIVEBACK
1033669|XAUUSD|breakout_retest|SHORT|2025-06-30 08:45:00|2025-06-30 08:50:00|2025-06-30 08:55:00|3290.49,A3_WIDE_STOP_800PT_SOFT_RETEST_V0,SHORT,2025-06-30 09:00:00,2025-06-30 11:25:00,Afternoon 12:00-15:59,RISING,3287.865,3295.865,3275.865,800.0,1.5,50.0,50.0,75.0,0.0,10.0,0.0,0.075,0.10625,0.10625,1.425,1.39375,True,UP,WIN
1033669|XAUUSD|breakout_retest|LONG|2025-06-30 11:00:00|2025-06-30 12:15:00|2025-06-30 12:20:00|3281.30,A3_WIDE_STOP_800PT_SOFT_RETEST_V0,LONG,2025-06-30 12:25:00,2025-06-30 16:45:00,Evening 16:00-19:59,RISING,3282.745,3274.745,3294.745,800.0,1.5,50.0,50.0,75.0,0.0,10.0,0.0,0.075,0.10625,0.10625,1.425,1.39375,True,UP,WIN
