attempt_no,variant_id,regime_owner,mechanic,parameters_json
18120,9837d4f4e9f2e1b0,CHOP,CHOP_SESSION_VWAP_TARGET,"{""body_min"":0.0,""deviation_atr"":1.0,""hold_hours"":4,""hour_window"":""POST_ASIA"",""minimum_day_bars"":40,""require_confirmation"":false,""stop_atr"":2.0,""target_r_max"":4.0,""target_r_min"":1.0}"
18121,fa45b34e30d20e77,CHOP,CHOP_SESSION_VWAP_TARGET,"{""body_min"":0.0,""deviation_atr"":1.5,""hold_hours"":3,""hour_window"":""POST_ASIA"",""minimum_day_bars"":32,""require_confirmation"":true,""stop_atr"":1.25,""target_r_max"":4.0,""target_r_min"":0.75}"
18122,8c52a9978ac89c32,CHOP,CHOP_SESSION_VWAP_TARGET,"{""body_min"":0.0,""deviation_atr"":0.6,""hold_hours"":4,""hour_window"":""LONDON"",""minimum_day_bars"":16,""require_confirmation"":true,""stop_atr"":0.75,""target_r_max"":4.0,""target_r_min"":0.75}"
18123,f0e3eb7fadbef92e,CHOP,CHOP_SESSION_VWAP_TARGET,"{""body_min"":0.0,""deviation_atr"":0.8,""hold_hours"":4,""hour_window"":""LONDON_NY"",""minimum_day_bars"":24,""require_confirmation"":true,""stop_atr"":1.25,""target_r_max"":4.0,""target_r_min"":0.75}"
18124,9e6be202acc72e42,CHOP,CHOP_SESSION_VWAP_TARGET,"{""body_min"":0.2,""deviation_atr"":0.6,""hold_hours"":8,""hour_window"":""ALL"",""minimum_day_bars"":40,""require_confirmation"":true,""stop_atr"":1.25,""target_r_max"":2.5,""target_r_min"":0.75}"
18125,60c606efaaf76551,CHOP,CHOP_SESSION_VWAP_TARGET,"{""body_min"":0.2,""deviation_atr"":0.4,""hold_hours"":3,""hour_window"":""ALL"",""minimum_day_bars"":16,""require_confirmation"":true,""stop_atr"":0.75,""target_r_max"":4.0,""target_r_min"":0.75}"
18126,57a03f381c036ee4,CHOP,CHOP_SESSION_VWAP_TARGET,"{""body_min"":0.1,""deviation_atr"":2.0,""hold_hours"":8,""hour_window"":""ALL"",""minimum_day_bars"":40,""require_confirmation"":true,""stop_atr"":1.25,""target_r_max"":2.5,""target_r_min"":0.75}"
18127,3e9a0b12498eddee,CHOP,CHOP_SESSION_VWAP_TARGET,"{""body_min"":0.2,""deviation_atr"":0.8,""hold_hours"":1,""hour_window"":""ALL"",""minimum_day_bars"":32,""require_confirmation"":false,""stop_atr"":0.75,""target_r_max"":2.5,""target_r_min"":0.75}"
18128,958a9b7c2080e4cc,CHOP,CHOP_SESSION_VWAP_TARGET,"{""body_min"":0.3,""deviation_atr"":0.8,""hold_hours"":2,""hour_window"":""ALL"",""minimum_day_bars"":24,""require_confirmation"":true,""stop_atr"":1.25,""target_r_max"":4.0,""target_r_min"":0.75}"
18129,39d48bb5fe7b5435,CHOP,CHOP_SESSION_VWAP_TARGET,"{""body_min"":0.3,""deviation_atr"":1.0,""hold_hours"":3,""hour_window"":""NEW_YORK"",""minimum_day_bars"":40,""require_confirmation"":false,""stop_atr"":1.5,""target_r_max"":2.5,""target_r_min"":1.0}"
18130,42bd167b98ba74b6,CHOP,CHOP_SESSION_VWAP_TARGET,"{""body_min"":0.1,""deviation_atr"":0.6,""hold_hours"":2,""hour_window"":""ALL"",""minimum_day_bars"":32,""require_confirmation"":false,""stop_atr"":1.25,""target_r_max"":2.5,""target_r_min"":0.75}"
18131,2c6271e4e442bbcf,CHOP,CHOP_SESSION_VWAP_TARGET,"{""body_min"":0.2,""deviation_atr"":1.25,""hold_hours"":3,""hour_window"":""LONDON"",""minimum_day_bars"":24,""require_confirmation"":false,""stop_atr"":1.0,""target_r_max"":2.5,""target_r_min"":0.75}"
18132,d6ac91fd0007db5e,CHOP,CHOP_SESSION_VWAP_TARGET,"{""body_min"":0.0,""deviation_atr"":1.5,""hold_hours"":8,""hour_window"":""NEW_YORK"",""minimum_day_bars"":40,""require_confirmation"":false,""stop_atr"":1.0,""target_r_max"":4.0,""target_r_min"":0.75}"
18133,74a259e42fc54b95,CHOP,CHOP_SESSION_VWAP_TARGET,"{""body_min"":0.2,""deviation_atr"":1.5,""hold_hours"":6,""hour_window"":""LONDON_NY"",""minimum_day_bars"":32,""require_confirmation"":true,""stop_atr"":2.0,""target_r_max"":4.0,""target_r_min"":1.0}"
18134,69942a9fc3f071fb,CHOP,CHOP_SESSION_VWAP_TARGET,"{""body_min"":0.0,""deviation_atr"":1.5,""hold_hours"":1,""hour_window"":""POST_ASIA"",""minimum_day_bars"":24,""require_confirmation"":true,""stop_atr"":0.75,""target_r_max"":4.0,""target_r_min"":0.75}"
18135,530299044232e581,CHOP,CHOP_SESSION_VWAP_TARGET,"{""body_min"":0.2,""deviation_atr"":0.6,""hold_hours"":12,""hour_window"":""LONDON_NY"",""minimum_day_bars"":32,""require_confirmation"":false,""stop_atr"":1.25,""target_r_max"":4.0,""target_r_min"":0.75}"
18136,7e40496386961aa4,CHOP,CHOP_SESSION_VWAP_TARGET,"{""body_min"":0.2,""deviation_atr"":1.25,""hold_hours"":2,""hour_window"":""ALL"",""minimum_day_bars"":40,""require_confirmation"":false,""stop_atr"":1.5,""target_r_max"":2.5,""target_r_min"":1.0}"
18137,822625f1e5e9f43b,CHOP,CHOP_SESSION_VWAP_TARGET,"{""body_min"":0.1,""deviation_atr"":0.6,""hold_hours"":12,""hour_window"":""NEW_YORK"",""minimum_day_bars"":16,""require_confirmation"":false,""stop_atr"":0.75,""target_r_max"":2.5,""target_r_min"":0.75}"
18138,87ad0fd3fb5a0f67,CHOP,CHOP_SESSION_VWAP_TARGET,"{""body_min"":0.1,""deviation_atr"":1.25,""hold_hours"":3,""hour_window"":""ALL"",""minimum_day_bars"":16,""require_confirmation"":true,""stop_atr"":1.5,""target_r_max"":4.0,""target_r_min"":0.75}"
18139,3a23f7d6f843659f,CHOP,CHOP_SESSION_VWAP_TARGET,"{""body_min"":0.1,""deviation_atr"":1.0,""hold_hours"":1,""hour_window"":""POST_ASIA"",""minimum_day_bars"":16,""require_confirmation"":true,""stop_atr"":2.0,""target_r_max"":4.0,""target_r_min"":1.0}"
18140,831cdf2f392aff22,CHOP,CHOP_SESSION_VWAP_TARGET,"{""body_min"":0.1,""deviation_atr"":0.8,""hold_hours"":1,""hour_window"":""POST_ASIA"",""minimum_day_bars"":32,""require_confirmation"":true,""stop_atr"":1.5,""target_r_max"":2.5,""target_r_min"":0.75}"
18141,b9af624c43b785ca,CHOP,CHOP_SESSION_VWAP_TARGET,"{""body_min"":0.0,""deviation_atr"":2.0,""hold_hours"":8,""hour_window"":""ALL"",""minimum_day_bars"":16,""require_confirmation"":true,""stop_atr"":0.75,""target_r_max"":4.0,""target_r_min"":0.75}"
18142,18cc45545683ec13,CHOP,CHOP_SESSION_VWAP_TARGET,"{""body_min"":0.0,""deviation_atr"":0.8,""hold_hours"":8,""hour_window"":""LONDON_NY"",""minimum_day_bars"":24,""require_confirmation"":true,""stop_atr"":2.0,""target_r_max"":2.5,""target_r_min"":0.75}"
18143,520c849b627922c9,CHOP,CHOP_SESSION_VWAP_TARGET,"{""body_min"":0.2,""deviation_atr"":0.4,""hold_hours"":4,""hour_window"":""POST_ASIA"",""minimum_day_bars"":24,""require_confirmation"":false,""stop_atr"":1.5,""target_r_max"":2.5,""target_r_min"":0.75}"
18144,c22b37374b69a73d,CHOP,CHOP_SESSION_VWAP_TARGET,"{""body_min"":0.3,""deviation_atr"":0.6,""hold_hours"":8,""hour_window"":""NEW_YORK"",""minimum_day_bars"":24,""require_confirmation"":true,""stop_atr"":1.25,""target_r_max"":2.5,""target_r_min"":1.0}"
18145,e572f83a9ee1b43e,CHOP,CHOP_SESSION_VWAP_TARGET,"{""body_min"":0.3,""deviation_atr"":2.0,""hold_hours"":12,""hour_window"":""LONDON"",""minimum_day_bars"":16,""require_confirmation"":true,""stop_atr"":1.25,""target_r_max"":4.0,""target_r_min"":1.0}"
18146,dae791ad5c7f4e8b,CHOP,CHOP_SESSION_VWAP_TARGET,"{""body_min"":0.0,""deviation_atr"":1.25,""hold_hours"":8,""hour_window"":""LONDON"",""minimum_day_bars"":40,""require_confirmation"":false,""stop_atr"":1.0,""target_r_max"":2.5,""target_r_min"":0.75}"
18147,688b53bfd6d55e10,CHOP,CHOP_SESSION_VWAP_TARGET,"{""body_min"":0.1,""deviation_atr"":1.0,""hold_hours"":12,""hour_window"":""ALL"",""minimum_day_bars"":40,""require_confirmation"":false,""stop_atr"":1.25,""target_r_max"":2.5,""target_r_min"":1.0}"
18148,060bd8f4226e0795,CHOP,CHOP_SESSION_VWAP_TARGET,"{""body_min"":0.1,""deviation_atr"":2.0,""hold_hours"":4,""hour_window"":""ALL"",""minimum_day_bars"":16,""require_confirmation"":false,""stop_atr"":1.0,""target_r_max"":4.0,""target_r_min"":0.75}"
18149,5c8a9f8836d80aa2,CHOP,CHOP_SESSION_VWAP_TARGET,"{""body_min"":0.0,""deviation_atr"":0.6,""hold_hours"":1,""hour_window"":""NEW_YORK"",""minimum_day_bars"":40,""require_confirmation"":true,""stop_atr"":1.25,""target_r_max"":2.5,""target_r_min"":1.0}"
18150,778d9629f23fc95b,CHOP,CHOP_SESSION_VWAP_TARGET,"{""body_min"":0.2,""deviation_atr"":0.6,""hold_hours"":6,""hour_window"":""LONDON"",""minimum_day_bars"":40,""require_confirmation"":true,""stop_atr"":1.5,""target_r_max"":2.5,""target_r_min"":1.0}"
18151,845b0191565b708b,CHOP,CHOP_SESSION_VWAP_TARGET,"{""body_min"":0.3,""deviation_atr"":0.4,""hold_hours"":12,""hour_window"":""LONDON_NY"",""minimum_day_bars"":24,""require_confirmation"":true,""stop_atr"":0.75,""target_r_max"":4.0,""target_r_min"":0.75}"
18152,fd323810f225208f,CHOP,CHOP_SESSION_VWAP_TARGET,"{""body_min"":0.0,""deviation_atr"":2.0,""hold_hours"":6,""hour_window"":""LONDON"",""minimum_day_bars"":32,""require_confirmation"":true,""stop_atr"":2.0,""target_r_max"":2.5,""target_r_min"":0.75}"
18153,b99dcb77fc3bb56f,CHOP,CHOP_SESSION_VWAP_TARGET,"{""body_min"":0.1,""deviation_atr"":0.4,""hold_hours"":4,""hour_window"":""LONDON"",""minimum_day_bars"":40,""require_confirmation"":false,""stop_atr"":1.5,""target_r_max"":4.0,""target_r_min"":1.0}"
18154,9aa657a778a87480,CHOP,CHOP_SESSION_VWAP_TARGET,"{""body_min"":0.2,""deviation_atr"":0.8,""hold_hours"":8,""hour_window"":""LONDON_NY"",""minimum_day_bars"":40,""require_confirmation"":false,""stop_atr"":2.0,""target_r_max"":2.5,""target_r_min"":1.0}"
18155,2103e7519e115664,CHOP,CHOP_SESSION_VWAP_TARGET,"{""body_min"":0.0,""deviation_atr"":0.4,""hold_hours"":3,""hour_window"":""LONDON"",""minimum_day_bars"":32,""require_confirmation"":false,""stop_atr"":0.75,""target_r_max"":2.5,""target_r_min"":0.75}"
18156,2c5e2ad02c9eade9,CHOP,CHOP_SESSION_VWAP_TARGET,"{""body_min"":0.3,""deviation_atr"":1.25,""hold_hours"":2,""hour_window"":""NEW_YORK"",""minimum_day_bars"":16,""require_confirmation"":true,""stop_atr"":2.0,""target_r_max"":4.0,""target_r_min"":1.0}"
18157,682375c95b89e6e8,CHOP,CHOP_SESSION_VWAP_TARGET,"{""body_min"":0.3,""deviation_atr"":2.0,""hold_hours"":1,""hour_window"":""NEW_YORK"",""minimum_day_bars"":16,""require_confirmation"":true,""stop_atr"":0.75,""target_r_max"":2.5,""target_r_min"":1.0}"
18158,5f1d5c4d5eab53d2,CHOP,CHOP_SESSION_VWAP_TARGET,"{""body_min"":0.0,""deviation_atr"":0.8,""hold_hours"":1,""hour_window"":""NEW_YORK"",""minimum_day_bars"":16,""require_confirmation"":false,""stop_atr"":2.0,""target_r_max"":4.0,""target_r_min"":0.75}"
18159,6aca79c75632765c,CHOP,CHOP_SESSION_VWAP_TARGET,"{""body_min"":0.0,""deviation_atr"":1.25,""hold_hours"":4,""hour_window"":""NEW_YORK"",""minimum_day_bars"":16,""require_confirmation"":false,""stop_atr"":1.5,""target_r_max"":2.5,""target_r_min"":0.75}"
18160,7e3da5a8a00629ba,CHOP,CHOP_SESSION_VWAP_TARGET,"{""body_min"":0.1,""deviation_atr"":0.6,""hold_hours"":8,""hour_window"":""POST_ASIA"",""minimum_day_bars"":40,""require_confirmation"":true,""stop_atr"":2.0,""target_r_max"":2.5,""target_r_min"":0.75}"
18161,37d7a12c0f84558b,CHOP,CHOP_SESSION_VWAP_TARGET,"{""body_min"":0.0,""deviation_atr"":0.8,""hold_hours"":8,""hour_window"":""ALL"",""minimum_day_bars"":16,""require_confirmation"":false,""stop_atr"":1.0,""target_r_max"":4.0,""target_r_min"":0.75}"
18162,6ca2a6eef57eeb76,CHOP,CHOP_SESSION_VWAP_TARGET,"{""body_min"":0.0,""deviation_atr"":0.8,""hold_hours"":2,""hour_window"":""NEW_YORK"",""minimum_day_bars"":16,""require_confirmation"":true,""stop_atr"":2.0,""target_r_max"":4.0,""target_r_min"":0.75}"
18163,57b52dee575d31aa,CHOP,CHOP_SESSION_VWAP_TARGET,"{""body_min"":0.0,""deviation_atr"":1.25,""hold_hours"":1,""hour_window"":""LONDON"",""minimum_day_bars"":32,""require_confirmation"":true,""stop_atr"":1.25,""target_r_max"":2.5,""target_r_min"":0.75}"
18164,ba313c79853311d0,CHOP,CHOP_SESSION_VWAP_TARGET,"{""body_min"":0.3,""deviation_atr"":2.0,""hold_hours"":12,""hour_window"":""NEW_YORK"",""minimum_day_bars"":32,""require_confirmation"":false,""stop_atr"":1.5,""target_r_max"":4.0,""target_r_min"":0.75}"
18165,31bf51c563fdf616,CHOP,CHOP_SESSION_VWAP_TARGET,"{""body_min"":0.2,""deviation_atr"":0.8,""hold_hours"":8,""hour_window"":""NEW_YORK"",""minimum_day_bars"":32,""require_confirmation"":true,""stop_atr"":1.25,""target_r_max"":4.0,""target_r_min"":1.0}"
18166,ad767398a1c6c26d,CHOP,CHOP_SESSION_VWAP_TARGET,"{""body_min"":0.0,""deviation_atr"":0.8,""hold_hours"":4,""hour_window"":""NEW_YORK"",""minimum_day_bars"":24,""require_confirmation"":false,""stop_atr"":1.5,""target_r_max"":4.0,""target_r_min"":1.0}"
18167,5e443f96a3d978a4,CHOP,CHOP_SESSION_VWAP_TARGET,"{""body_min"":0.2,""deviation_atr"":1.5,""hold_hours"":8,""hour_window"":""NEW_YORK"",""minimum_day_bars"":40,""require_confirmation"":false,""stop_atr"":2.0,""target_r_max"":4.0,""target_r_min"":1.0}"
18168,209c91b671fb2284,CHOP,CHOP_SESSION_VWAP_TARGET,"{""body_min"":0.0,""deviation_atr"":1.0,""hold_hours"":4,""hour_window"":""LONDON"",""minimum_day_bars"":32,""require_confirmation"":false,""stop_atr"":0.75,""target_r_max"":4.0,""target_r_min"":0.75}"
18169,b4e003a76ebf873a,CHOP,CHOP_SESSION_VWAP_TARGET,"{""body_min"":0.2,""deviation_atr"":1.5,""hold_hours"":3,""hour_window"":""LONDON_NY"",""minimum_day_bars"":24,""require_confirmation"":true,""stop_atr"":1.0,""target_r_max"":2.5,""target_r_min"":0.75}"
18170,c5acaa422df47b52,CHOP,CHOP_SESSION_VWAP_TARGET,"{""body_min"":0.2,""deviation_atr"":1.5,""hold_hours"":6,""hour_window"":""NEW_YORK"",""minimum_day_bars"":16,""require_confirmation"":true,""stop_atr"":1.0,""target_r_max"":4.0,""target_r_min"":0.75}"
18171,ad80bad9088e11d1,CHOP,CHOP_SESSION_VWAP_TARGET,"{""body_min"":0.0,""deviation_atr"":1.0,""hold_hours"":4,""hour_window"":""ALL"",""minimum_day_bars"":24,""require_confirmation"":true,""stop_atr"":2.0,""target_r_max"":2.5,""target_r_min"":1.0}"
18172,a8b1e616a7881e21,CHOP,CHOP_SESSION_VWAP_TARGET,"{""body_min"":0.0,""deviation_atr"":0.6,""hold_hours"":6,""hour_window"":""POST_ASIA"",""minimum_day_bars"":24,""require_confirmation"":false,""stop_atr"":1.0,""target_r_max"":2.5,""target_r_min"":1.0}"
18173,17409e2f638b5048,CHOP,CHOP_SESSION_VWAP_TARGET,"{""body_min"":0.3,""deviation_atr"":0.6,""hold_hours"":12,""hour_window"":""NEW_YORK"",""minimum_day_bars"":32,""require_confirmation"":false,""stop_atr"":1.5,""target_r_max"":4.0,""target_r_min"":0.75}"
18174,f2d09e3a76560d52,CHOP,CHOP_SESSION_VWAP_TARGET,"{""body_min"":0.2,""deviation_atr"":1.25,""hold_hours"":1,""hour_window"":""ALL"",""minimum_day_bars"":24,""require_confirmation"":true,""stop_atr"":2.0,""target_r_max"":2.5,""target_r_min"":0.75}"
18175,96467df08437c3f5,CHOP,CHOP_SESSION_VWAP_TARGET,"{""body_min"":0.2,""deviation_atr"":0.4,""hold_hours"":2,""hour_window"":""NEW_YORK"",""minimum_day_bars"":16,""require_confirmation"":true,""stop_atr"":2.0,""target_r_max"":2.5,""target_r_min"":0.75}"
18176,12cf4ff38be5f02d,CHOP,CHOP_SESSION_VWAP_TARGET,"{""body_min"":0.0,""deviation_atr"":0.4,""hold_hours"":1,""hour_window"":""NEW_YORK"",""minimum_day_bars"":24,""require_confirmation"":true,""stop_atr"":2.0,""target_r_max"":4.0,""target_r_min"":1.0}"
18177,49cd1995ab0097b8,CHOP,CHOP_SESSION_VWAP_TARGET,"{""body_min"":0.2,""deviation_atr"":1.25,""hold_hours"":1,""hour_window"":""ALL"",""minimum_day_bars"":32,""require_confirmation"":true,""stop_atr"":1.0,""target_r_max"":4.0,""target_r_min"":1.0}"
18178,b045e80ddf2a205f,CHOP,CHOP_SESSION_VWAP_TARGET,"{""body_min"":0.1,""deviation_atr"":2.0,""hold_hours"":1,""hour_window"":""ALL"",""minimum_day_bars"":24,""require_confirmation"":true,""stop_atr"":1.5,""target_r_max"":4.0,""target_r_min"":0.75}"
18179,4b69f8b1632d61ab,CHOP,CHOP_SESSION_VWAP_TARGET,"{""body_min"":0.1,""deviation_atr"":1.25,""hold_hours"":6,""hour_window"":""POST_ASIA"",""minimum_day_bars"":40,""require_confirmation"":false,""stop_atr"":1.25,""target_r_max"":2.5,""target_r_min"":0.75}"
18180,69292121a6b16799,CHOP,CHOP_SESSION_VWAP_TARGET,"{""body_min"":0.1,""deviation_atr"":0.8,""hold_hours"":2,""hour_window"":""ALL"",""minimum_day_bars"":16,""require_confirmation"":true,""stop_atr"":1.5,""target_r_max"":4.0,""target_r_min"":1.0}"
18181,8ef31f5e86b2a350,CHOP,CHOP_SESSION_VWAP_TARGET,"{""body_min"":0.2,""deviation_atr"":2.0,""hold_hours"":3,""hour_window"":""ALL"",""minimum_day_bars"":24,""require_confirmation"":false,""stop_atr"":1.25,""target_r_max"":4.0,""target_r_min"":1.0}"
18182,cf4f61c75f328104,CHOP,CHOP_SESSION_VWAP_TARGET,"{""body_min"":0.1,""deviation_atr"":1.5,""hold_hours"":4,""hour_window"":""NEW_YORK"",""minimum_day_bars"":40,""require_confirmation"":true,""stop_atr"":1.0,""target_r_max"":4.0,""target_r_min"":0.75}"
18183,3d45ea409e6df7c8,CHOP,CHOP_SESSION_VWAP_TARGET,"{""body_min"":0.3,""deviation_atr"":0.8,""hold_hours"":2,""hour_window"":""LONDON"",""minimum_day_bars"":40,""require_confirmation"":false,""stop_atr"":1.0,""target_r_max"":4.0,""target_r_min"":0.75}"
18184,94610e0cdb26283b,CHOP,CHOP_SESSION_VWAP_TARGET,"{""body_min"":0.1,""deviation_atr"":0.6,""hold_hours"":6,""hour_window"":""POST_ASIA"",""minimum_day_bars"":16,""require_confirmation"":true,""stop_atr"":1.0,""target_r_max"":4.0,""target_r_min"":0.75}"
18185,c69dc3d6bba04328,CHOP,CHOP_SESSION_VWAP_TARGET,"{""body_min"":0.0,""deviation_atr"":0.8,""hold_hours"":12,""hour_window"":""LONDON"",""minimum_day_bars"":24,""require_confirmation"":true,""stop_atr"":1.25,""target_r_max"":2.5,""target_r_min"":1.0}"
18186,cbb60af0787fdcc5,CHOP,CHOP_SESSION_VWAP_TARGET,"{""body_min"":0.1,""deviation_atr"":1.0,""hold_hours"":6,""hour_window"":""POST_ASIA"",""minimum_day_bars"":24,""require_confirmation"":true,""stop_atr"":2.0,""target_r_max"":2.5,""target_r_min"":1.0}"
18187,5266137bf9c4ef78,CHOP,CHOP_SESSION_VWAP_TARGET,"{""body_min"":0.3,""deviation_atr"":1.0,""hold_hours"":12,""hour_window"":""LONDON_NY"",""minimum_day_bars"":16,""require_confirmation"":false,""stop_atr"":2.0,""target_r_max"":2.5,""target_r_min"":0.75}"
18188,9c1f7f637534001d,CHOP,CHOP_SESSION_VWAP_TARGET,"{""body_min"":0.0,""deviation_atr"":0.4,""hold_hours"":6,""hour_window"":""NEW_YORK"",""minimum_day_bars"":24,""require_confirmation"":true,""stop_atr"":1.25,""target_r_max"":4.0,""target_r_min"":1.0}"
18189,9bdcca1d116ff414,CHOP,CHOP_SESSION_VWAP_TARGET,"{""body_min"":0.1,""deviation_atr"":2.0,""hold_hours"":1,""hour_window"":""ALL"",""minimum_day_bars"":40,""require_confirmation"":false,""stop_atr"":1.25,""target_r_max"":4.0,""target_r_min"":1.0}"
18190,ad378a7d8df360f0,CHOP,CHOP_SESSION_VWAP_TARGET,"{""body_min"":0.0,""deviation_atr"":0.8,""hold_hours"":4,""hour_window"":""NEW_YORK"",""minimum_day_bars"":32,""require_confirmation"":true,""stop_atr"":1.25,""target_r_max"":2.5,""target_r_min"":1.0}"
18191,90aff0be06a3ab42,CHOP,CHOP_SESSION_VWAP_TARGET,"{""body_min"":0.0,""deviation_atr"":0.6,""hold_hours"":8,""hour_window"":""POST_ASIA"",""minimum_day_bars"":40,""require_confirmation"":true,""stop_atr"":0.75,""target_r_max"":2.5,""target_r_min"":0.75}"
18192,3013e4a308c259cd,CHOP,CHOP_SESSION_VWAP_TARGET,"{""body_min"":0.0,""deviation_atr"":0.6,""hold_hours"":2,""hour_window"":""NEW_YORK"",""minimum_day_bars"":40,""require_confirmation"":true,""stop_atr"":1.5,""target_r_max"":2.5,""target_r_min"":0.75}"
18193,31a5f4eba109a042,CHOP,CHOP_SESSION_VWAP_TARGET,"{""body_min"":0.2,""deviation_atr"":1.0,""hold_hours"":6,""hour_window"":""LONDON_NY"",""minimum_day_bars"":32,""require_confirmation"":false,""stop_atr"":1.5,""target_r_max"":4.0,""target_r_min"":1.0}"
18194,12b233488d5374df,CHOP,CHOP_SESSION_VWAP_TARGET,"{""body_min"":0.2,""deviation_atr"":0.4,""hold_hours"":3,""hour_window"":""LONDON_NY"",""minimum_day_bars"":24,""require_confirmation"":false,""stop_atr"":1.25,""target_r_max"":2.5,""target_r_min"":0.75}"
18195,50b04aeb94b3281a,CHOP,CHOP_SESSION_VWAP_TARGET,"{""body_min"":0.0,""deviation_atr"":1.5,""hold_hours"":6,""hour_window"":""LONDON_NY"",""minimum_day_bars"":16,""require_confirmation"":true,""stop_atr"":0.75,""target_r_max"":4.0,""target_r_min"":0.75}"
18196,c5423d94c39f8ade,CHOP,CHOP_SESSION_VWAP_TARGET,"{""body_min"":0.3,""deviation_atr"":2.0,""hold_hours"":1,""hour_window"":""LONDON_NY"",""minimum_day_bars"":24,""require_confirmation"":true,""stop_atr"":1.5,""target_r_max"":2.5,""target_r_min"":1.0}"
18197,0a60ac36cfd7e8c9,CHOP,CHOP_SESSION_VWAP_TARGET,"{""body_min"":0.3,""deviation_atr"":2.0,""hold_hours"":8,""hour_window"":""ALL"",""minimum_day_bars"":32,""require_confirmation"":true,""stop_atr"":1.5,""target_r_max"":2.5,""target_r_min"":0.75}"
18198,a2fbebf5753a3e32,CHOP,CHOP_SESSION_VWAP_TARGET,"{""body_min"":0.1,""deviation_atr"":0.8,""hold_hours"":8,""hour_window"":""ALL"",""minimum_day_bars"":40,""require_confirmation"":false,""stop_atr"":1.5,""target_r_max"":2.5,""target_r_min"":1.0}"
18199,7055c89f5d6f7225,CHOP,CHOP_SESSION_VWAP_TARGET,"{""body_min"":0.3,""deviation_atr"":1.0,""hold_hours"":3,""hour_window"":""POST_ASIA"",""minimum_day_bars"":24,""require_confirmation"":true,""stop_atr"":0.75,""target_r_max"":4.0,""target_r_min"":1.0}"
18200,d5c45c91b0aa6803,CHOP,CHOP_SESSION_VWAP_TARGET,"{""body_min"":0.2,""deviation_atr"":0.6,""hold_hours"":1,""hour_window"":""LONDON"",""minimum_day_bars"":32,""require_confirmation"":true,""stop_atr"":0.75,""target_r_max"":2.5,""target_r_min"":0.75}"
18201,964358ec88b75d91,CHOP,CHOP_SESSION_VWAP_TARGET,"{""body_min"":0.3,""deviation_atr"":0.4,""hold_hours"":4,""hour_window"":""LONDON_NY"",""minimum_day_bars"":40,""require_confirmation"":false,""stop_atr"":2.0,""target_r_max"":2.5,""target_r_min"":1.0}"
18202,4d5b7db6b6182e2e,CHOP,CHOP_SESSION_VWAP_TARGET,"{""body_min"":0.3,""deviation_atr"":1.5,""hold_hours"":3,""hour_window"":""POST_ASIA"",""minimum_day_bars"":16,""require_confirmation"":false,""stop_atr"":0.75,""target_r_max"":2.5,""target_r_min"":0.75}"
18203,a2505b3efe4a6589,CHOP,CHOP_SESSION_VWAP_TARGET,"{""body_min"":0.3,""deviation_atr"":1.5,""hold_hours"":3,""hour_window"":""NEW_YORK"",""minimum_day_bars"":24,""require_confirmation"":true,""stop_atr"":2.0,""target_r_max"":2.5,""target_r_min"":0.75}"
18204,60fb984910284a2d,CHOP,CHOP_SESSION_VWAP_TARGET,"{""body_min"":0.0,""deviation_atr"":2.0,""hold_hours"":4,""hour_window"":""LONDON_NY"",""minimum_day_bars"":32,""require_confirmation"":true,""stop_atr"":1.0,""target_r_max"":4.0,""target_r_min"":1.0}"
18205,39088caa152ab0c5,CHOP,CHOP_SESSION_VWAP_TARGET,"{""body_min"":0.0,""deviation_atr"":1.0,""hold_hours"":4,""hour_window"":""LONDON_NY"",""minimum_day_bars"":40,""require_confirmation"":true,""stop_atr"":1.5,""target_r_max"":4.0,""target_r_min"":0.75}"
18206,84fe9ecdf9fef447,CHOP,CHOP_SESSION_VWAP_TARGET,"{""body_min"":0.3,""deviation_atr"":1.0,""hold_hours"":12,""hour_window"":""LONDON"",""minimum_day_bars"":32,""require_confirmation"":false,""stop_atr"":2.0,""target_r_max"":4.0,""target_r_min"":0.75}"
18207,017fdbdf76872fbd,CHOP,CHOP_SESSION_VWAP_TARGET,"{""body_min"":0.1,""deviation_atr"":0.4,""hold_hours"":6,""hour_window"":""NEW_YORK"",""minimum_day_bars"":24,""require_confirmation"":true,""stop_atr"":1.25,""target_r_max"":2.5,""target_r_min"":0.75}"
18208,6002f63cf355200b,CHOP,CHOP_SESSION_VWAP_TARGET,"{""body_min"":0.1,""deviation_atr"":0.4,""hold_hours"":12,""hour_window"":""ALL"",""minimum_day_bars"":32,""require_confirmation"":true,""stop_atr"":1.25,""target_r_max"":2.5,""target_r_min"":0.75}"
18209,aa0bfd8cdf9318fb,CHOP,CHOP_SESSION_VWAP_TARGET,"{""body_min"":0.3,""deviation_atr"":1.5,""hold_hours"":2,""hour_window"":""LONDON_NY"",""minimum_day_bars"":24,""require_confirmation"":true,""stop_atr"":2.0,""target_r_max"":4.0,""target_r_min"":1.0}"
18210,4fd0ad2365fa26c1,CHOP,CHOP_SESSION_VWAP_TARGET,"{""body_min"":0.0,""deviation_atr"":1.5,""hold_hours"":3,""hour_window"":""POST_ASIA"",""minimum_day_bars"":24,""require_confirmation"":true,""stop_atr"":1.25,""target_r_max"":2.5,""target_r_min"":1.0}"
18211,bdb1c10b0c3bd1f0,CHOP,CHOP_SESSION_VWAP_TARGET,"{""body_min"":0.2,""deviation_atr"":1.25,""hold_hours"":6,""hour_window"":""NEW_YORK"",""minimum_day_bars"":16,""require_confirmation"":false,""stop_atr"":0.75,""target_r_max"":4.0,""target_r_min"":1.0}"
18212,ed95a24f01d9309c,CHOP,CHOP_SESSION_VWAP_TARGET,"{""body_min"":0.0,""deviation_atr"":2.0,""hold_hours"":1,""hour_window"":""LONDON_NY"",""minimum_day_bars"":24,""require_confirmation"":true,""stop_atr"":0.75,""target_r_max"":2.5,""target_r_min"":0.75}"
18213,a25384f1e31fca30,CHOP,CHOP_SESSION_VWAP_TARGET,"{""body_min"":0.1,""deviation_atr"":0.6,""hold_hours"":4,""hour_window"":""NEW_YORK"",""minimum_day_bars"":32,""require_confirmation"":false,""stop_atr"":1.5,""target_r_max"":2.5,""target_r_min"":1.0}"
18214,0cbd0f4c809cefd6,CHOP,CHOP_SESSION_VWAP_TARGET,"{""body_min"":0.0,""deviation_atr"":0.6,""hold_hours"":4,""hour_window"":""LONDON"",""minimum_day_bars"":16,""require_confirmation"":true,""stop_atr"":1.5,""target_r_max"":2.5,""target_r_min"":0.75}"
18215,6da8ee36c03e5913,CHOP,CHOP_SESSION_VWAP_TARGET,"{""body_min"":0.1,""deviation_atr"":1.25,""hold_hours"":8,""hour_window"":""NEW_YORK"",""minimum_day_bars"":16,""require_confirmation"":true,""stop_atr"":1.25,""target_r_max"":4.0,""target_r_min"":1.0}"
18216,4378c4fc8ee06393,CHOP,CHOP_SESSION_VWAP_TARGET,"{""body_min"":0.2,""deviation_atr"":0.6,""hold_hours"":1,""hour_window"":""NEW_YORK"",""minimum_day_bars"":40,""require_confirmation"":true,""stop_atr"":1.25,""target_r_max"":2.5,""target_r_min"":0.75}"
18217,bcd4ca09bf462d16,CHOP,CHOP_SESSION_VWAP_TARGET,"{""body_min"":0.0,""deviation_atr"":1.5,""hold_hours"":4,""hour_window"":""LONDON"",""minimum_day_bars"":40,""require_confirmation"":true,""stop_atr"":1.0,""target_r_max"":4.0,""target_r_min"":1.0}"
18218,1bf960ac44ecdbce,CHOP,CHOP_SESSION_VWAP_TARGET,"{""body_min"":0.0,""deviation_atr"":1.25,""hold_hours"":4,""hour_window"":""ALL"",""minimum_day_bars"":16,""require_confirmation"":true,""stop_atr"":2.0,""target_r_max"":2.5,""target_r_min"":0.75}"
18219,de260b8dfd087ceb,CHOP,CHOP_SESSION_VWAP_TARGET,"{""body_min"":0.0,""deviation_atr"":0.4,""hold_hours"":1,""hour_window"":""ALL"",""minimum_day_bars"":16,""require_confirmation"":false,""stop_atr"":0.75,""target_r_max"":2.5,""target_r_min"":1.0}"
18220,e74f07b0d164d6f1,CHOP,CHOP_ASIAN_ROTATION_TARGET,"{""asia_range_atr_max"":8.0,""asia_range_atr_min"":1.5,""edge_fraction"":0.2,""hold_hours"":12,""hour_window"":""LONDON"",""require_confirmation"":true,""stop_atr"":2.0,""target_r_max"":2.5,""target_r_min"":1.0}"
18221,a0a303a2be21cee0,CHOP,CHOP_ASIAN_ROTATION_TARGET,"{""asia_range_atr_max"":4.0,""asia_range_atr_min"":1.0,""edge_fraction"":0.0,""hold_hours"":8,""hour_window"":""LONDON_NY"",""require_confirmation"":true,""stop_atr"":1.5,""target_r_max"":2.5,""target_r_min"":0.75}"
18222,6bab4bd441a2ecd9,CHOP,CHOP_ASIAN_ROTATION_TARGET,"{""asia_range_atr_max"":4.0,""asia_range_atr_min"":1.0,""edge_fraction"":0.05,""hold_hours"":1,""hour_window"":""LONDON_NY"",""require_confirmation"":true,""stop_atr"":1.0,""target_r_max"":4.0,""target_r_min"":0.75}"
18223,1ceba800c5bff661,CHOP,CHOP_ASIAN_ROTATION_TARGET,"{""asia_range_atr_max"":4.0,""asia_range_atr_min"":1.5,""edge_fraction"":0.05,""hold_hours"":8,""hour_window"":""NEW_YORK"",""require_confirmation"":true,""stop_atr"":1.5,""target_r_max"":4.0,""target_r_min"":0.75}"
18224,42f2489c4f317cd9,CHOP,CHOP_ASIAN_ROTATION_TARGET,"{""asia_range_atr_max"":8.0,""asia_range_atr_min"":1.0,""edge_fraction"":0.05,""hold_hours"":2,""hour_window"":""LONDON_NY"",""require_confirmation"":false,""stop_atr"":2.0,""target_r_max"":2.5,""target_r_min"":1.0}"
18225,4177eed49ebc3935,CHOP,CHOP_ASIAN_ROTATION_TARGET,"{""asia_range_atr_max"":8.0,""asia_range_atr_min"":1.5,""edge_fraction"":0.1,""hold_hours"":12,""hour_window"":""POST_ASIA"",""require_confirmation"":false,""stop_atr"":1.25,""target_r_max"":2.5,""target_r_min"":0.75}"
18226,37a10208d51561ce,CHOP,CHOP_ASIAN_ROTATION_TARGET,"{""asia_range_atr_max"":12.0,""asia_range_atr_min"":2.0,""edge_fraction"":0.0,""hold_hours"":6,""hour_window"":""LONDON"",""require_confirmation"":true,""stop_atr"":1.5,""target_r_max"":2.5,""target_r_min"":1.0}"
18227,ef7f99d531a9424f,CHOP,CHOP_ASIAN_ROTATION_TARGET,"{""asia_range_atr_max"":6.0,""asia_range_atr_min"":1.5,""edge_fraction"":0.1,""hold_hours"":3,""hour_window"":""LONDON_NY"",""require_confirmation"":false,""stop_atr"":1.25,""target_r_max"":2.5,""target_r_min"":0.75}"
18228,e03f65d5a7d1a1aa,CHOP,CHOP_ASIAN_ROTATION_TARGET,"{""asia_range_atr_max"":8.0,""asia_range_atr_min"":1.5,""edge_fraction"":0.1,""hold_hours"":8,""hour_window"":""NEW_YORK"",""require_confirmation"":true,""stop_atr"":2.0,""target_r_max"":2.5,""target_r_min"":0.75}"
18229,768412017d4a425a,CHOP,CHOP_ASIAN_ROTATION_TARGET,"{""asia_range_atr_max"":8.0,""asia_range_atr_min"":1.0,""edge_fraction"":0.1,""hold_hours"":12,""hour_window"":""POST_ASIA"",""require_confirmation"":false,""stop_atr"":1.0,""target_r_max"":4.0,""target_r_min"":1.0}"
18230,684153a242836f61,CHOP,CHOP_ASIAN_ROTATION_TARGET,"{""asia_range_atr_max"":8.0,""asia_range_atr_min"":1.5,""edge_fraction"":0.2,""hold_hours"":8,""hour_window"":""LONDON_NY"",""require_confirmation"":true,""stop_atr"":2.0,""target_r_max"":4.0,""target_r_min"":0.75}"
18231,197f5296e00f9df2,CHOP,CHOP_ASIAN_ROTATION_TARGET,"{""asia_range_atr_max"":12.0,""asia_range_atr_min"":2.5,""edge_fraction"":0.15,""hold_hours"":6,""hour_window"":""POST_ASIA"",""require_confirmation"":false,""stop_atr"":1.25,""target_r_max"":2.5,""target_r_min"":0.75}"
18232,4afec76186a385e8,CHOP,CHOP_ASIAN_ROTATION_TARGET,"{""asia_range_atr_max"":8.0,""asia_range_atr_min"":1.0,""edge_fraction"":0.1,""hold_hours"":12,""hour_window"":""NEW_YORK"",""require_confirmation"":false,""stop_atr"":1.25,""target_r_max"":2.5,""target_r_min"":0.75}"
18233,43942d644144ecc8,CHOP,CHOP_ASIAN_ROTATION_TARGET,"{""asia_range_atr_max"":4.0,""asia_range_atr_min"":2.5,""edge_fraction"":0.0,""hold_hours"":1,""hour_window"":""LONDON"",""require_confirmation"":false,""stop_atr"":1.5,""target_r_max"":4.0,""target_r_min"":0.75}"
18234,e195f5a276ce914f,CHOP,CHOP_ASIAN_ROTATION_TARGET,"{""asia_range_atr_max"":8.0,""asia_range_atr_min"":1.0,""edge_fraction"":0.1,""hold_hours"":12,""hour_window"":""LONDON"",""require_confirmation"":false,""stop_atr"":0.75,""target_r_max"":4.0,""target_r_min"":1.0}"
18235,3fab66c82be799d6,CHOP,CHOP_ASIAN_ROTATION_TARGET,"{""asia_range_atr_max"":4.0,""asia_range_atr_min"":2.5,""edge_fraction"":0.0,""hold_hours"":2,""hour_window"":""LONDON"",""require_confirmation"":true,""stop_atr"":1.25,""target_r_max"":4.0,""target_r_min"":0.75}"
18236,c695f20c5916ee64,CHOP,CHOP_ASIAN_ROTATION_TARGET,"{""asia_range_atr_max"":8.0,""asia_range_atr_min"":2.0,""edge_fraction"":0.2,""hold_hours"":1,""hour_window"":""NEW_YORK"",""require_confirmation"":false,""stop_atr"":1.0,""target_r_max"":4.0,""target_r_min"":1.0}"
18237,e203f5dc32b1085d,CHOP,CHOP_ASIAN_ROTATION_TARGET,"{""asia_range_atr_max"":4.0,""asia_range_atr_min"":2.0,""edge_fraction"":0.05,""hold_hours"":1,""hour_window"":""LONDON"",""require_confirmation"":false,""stop_atr"":1.5,""target_r_max"":4.0,""target_r_min"":0.75}"
18238,51bb89bfa8f2160f,CHOP,CHOP_ASIAN_ROTATION_TARGET,"{""asia_range_atr_max"":12.0,""asia_range_atr_min"":1.0,""edge_fraction"":0.05,""hold_hours"":1,""hour_window"":""LONDON"",""require_confirmation"":false,""stop_atr"":1.25,""target_r_max"":4.0,""target_r_min"":0.75}"
18239,088f26c9d6b1c796,CHOP,CHOP_ASIAN_ROTATION_TARGET,"{""asia_range_atr_max"":12.0,""asia_range_atr_min"":1.5,""edge_fraction"":0.0,""hold_hours"":1,""hour_window"":""POST_ASIA"",""require_confirmation"":false,""stop_atr"":1.5,""target_r_max"":4.0,""target_r_min"":0.75}"
18240,c1a9197fdf7e1fa1,CHOP,CHOP_ASIAN_ROTATION_TARGET,"{""asia_range_atr_max"":12.0,""asia_range_atr_min"":2.0,""edge_fraction"":0.15,""hold_hours"":3,""hour_window"":""NEW_YORK"",""require_confirmation"":true,""stop_atr"":0.75,""target_r_max"":4.0,""target_r_min"":0.75}"
18241,c3d13c38e03e6298,CHOP,CHOP_ASIAN_ROTATION_TARGET,"{""asia_range_atr_max"":6.0,""asia_range_atr_min"":1.5,""edge_fraction"":0.0,""hold_hours"":4,""hour_window"":""LONDON_NY"",""require_confirmation"":true,""stop_atr"":1.5,""target_r_max"":2.5,""target_r_min"":1.0}"
18242,8d4b632eb635d40e,CHOP,CHOP_ASIAN_ROTATION_TARGET,"{""asia_range_atr_max"":8.0,""asia_range_atr_min"":1.0,""edge_fraction"":0.2,""hold_hours"":8,""hour_window"":""POST_ASIA"",""require_confirmation"":false,""stop_atr"":1.0,""target_r_max"":4.0,""target_r_min"":0.75}"
18243,6d5ac762b9e681de,CHOP,CHOP_ASIAN_ROTATION_TARGET,"{""asia_range_atr_max"":6.0,""asia_range_atr_min"":2.5,""edge_fraction"":0.05,""hold_hours"":4,""hour_window"":""POST_ASIA"",""require_confirmation"":true,""stop_atr"":2.0,""target_r_max"":4.0,""target_r_min"":1.0}"
18244,8333aa3175348fa4,CHOP,CHOP_ASIAN_ROTATION_TARGET,"{""asia_range_atr_max"":4.0,""asia_range_atr_min"":1.0,""edge_fraction"":0.05,""hold_hours"":4,""hour_window"":""NEW_YORK"",""require_confirmation"":false,""stop_atr"":2.0,""target_r_max"":4.0,""target_r_min"":0.75}"
18245,9c11eac463434dc8,CHOP,CHOP_ASIAN_ROTATION_TARGET,"{""asia_range_atr_max"":4.0,""asia_range_atr_min"":2.5,""edge_fraction"":0.2,""hold_hours"":4,""hour_window"":""POST_ASIA"",""require_confirmation"":false,""stop_atr"":1.5,""target_r_max"":4.0,""target_r_min"":1.0}"
18246,22ac67e2f70ebba9,CHOP,CHOP_ASIAN_ROTATION_TARGET,"{""asia_range_atr_max"":12.0,""asia_range_atr_min"":2.0,""edge_fraction"":0.15,""hold_hours"":6,""hour_window"":""NEW_YORK"",""require_confirmation"":false,""stop_atr"":0.75,""target_r_max"":2.5,""target_r_min"":1.0}"
18247,f98628e4c6b09233,CHOP,CHOP_ASIAN_ROTATION_TARGET,"{""asia_range_atr_max"":4.0,""asia_range_atr_min"":2.0,""edge_fraction"":0.05,""hold_hours"":8,""hour_window"":""LONDON"",""require_confirmation"":false,""stop_atr"":1.5,""target_r_max"":2.5,""target_r_min"":1.0}"
18248,39c4f5a4f4392fe1,CHOP,CHOP_ASIAN_ROTATION_TARGET,"{""asia_range_atr_max"":6.0,""asia_range_atr_min"":2.0,""edge_fraction"":0.2,""hold_hours"":8,""hour_window"":""LONDON"",""require_confirmation"":true,""stop_atr"":1.5,""target_r_max"":2.5,""target_r_min"":0.75}"
18249,a3e7952f32df84af,CHOP,CHOP_ASIAN_ROTATION_TARGET,"{""asia_range_atr_max"":12.0,""asia_range_atr_min"":1.5,""edge_fraction"":0.15,""hold_hours"":3,""hour_window"":""LONDON"",""require_confirmation"":true,""stop_atr"":1.0,""target_r_max"":2.5,""target_r_min"":0.75}"
18250,9f3473dff843e0a2,CHOP,CHOP_ASIAN_ROTATION_TARGET,"{""asia_range_atr_max"":12.0,""asia_range_atr_min"":2.5,""edge_fraction"":0.0,""hold_hours"":2,""hour_window"":""LONDON_NY"",""require_confirmation"":true,""stop_atr"":1.0,""target_r_max"":2.5,""target_r_min"":1.0}"
18251,608c86bb0ff73b83,CHOP,CHOP_ASIAN_ROTATION_TARGET,"{""asia_range_atr_max"":6.0,""asia_range_atr_min"":2.0,""edge_fraction"":0.0,""hold_hours"":12,""hour_window"":""LONDON_NY"",""require_confirmation"":true,""stop_atr"":0.75,""target_r_max"":4.0,""target_r_min"":1.0}"
18252,783261e9af25dd2d,CHOP,CHOP_ASIAN_ROTATION_TARGET,"{""asia_range_atr_max"":8.0,""asia_range_atr_min"":1.0,""edge_fraction"":0.05,""hold_hours"":3,""hour_window"":""NEW_YORK"",""require_confirmation"":false,""stop_atr"":2.0,""target_r_max"":4.0,""target_r_min"":0.75}"
18253,5726648f1d88c610,CHOP,CHOP_ASIAN_ROTATION_TARGET,"{""asia_range_atr_max"":6.0,""asia_range_atr_min"":2.0,""edge_fraction"":0.0,""hold_hours"":2,""hour_window"":""LONDON"",""require_confirmation"":true,""stop_atr"":1.0,""target_r_max"":2.5,""target_r_min"":1.0}"
18254,e2d2433cdcfb6a54,CHOP,CHOP_ASIAN_ROTATION_TARGET,"{""asia_range_atr_max"":6.0,""asia_range_atr_min"":1.5,""edge_fraction"":0.15,""hold_hours"":12,""hour_window"":""LONDON_NY"",""require_confirmation"":true,""stop_atr"":1.25,""target_r_max"":4.0,""target_r_min"":1.0}"
18255,cefffbff8cee1164,CHOP,CHOP_ASIAN_ROTATION_TARGET,"{""asia_range_atr_max"":4.0,""asia_range_atr_min"":2.5,""edge_fraction"":0.15,""hold_hours"":1,""hour_window"":""LONDON"",""require_confirmation"":true,""stop_atr"":1.5,""target_r_max"":2.5,""target_r_min"":0.75}"
18256,35aba41a949e48b6,CHOP,CHOP_ASIAN_ROTATION_TARGET,"{""asia_range_atr_max"":4.0,""asia_range_atr_min"":1.5,""edge_fraction"":0.15,""hold_hours"":4,""hour_window"":""POST_ASIA"",""require_confirmation"":false,""stop_atr"":1.25,""target_r_max"":2.5,""target_r_min"":1.0}"
18257,ed729cc45a2eb885,CHOP,CHOP_ASIAN_ROTATION_TARGET,"{""asia_range_atr_max"":6.0,""asia_range_atr_min"":1.5,""edge_fraction"":0.1,""hold_hours"":2,""hour_window"":""POST_ASIA"",""require_confirmation"":true,""stop_atr"":0.75,""target_r_max"":4.0,""target_r_min"":1.0}"
18258,7f4eee75322a46ab,CHOP,CHOP_ASIAN_ROTATION_TARGET,"{""asia_range_atr_max"":8.0,""asia_range_atr_min"":2.5,""edge_fraction"":0.0,""hold_hours"":2,""hour_window"":""NEW_YORK"",""require_confirmation"":false,""stop_atr"":1.0,""target_r_max"":2.5,""target_r_min"":1.0}"
18259,e6da800796bc0759,CHOP,CHOP_ASIAN_ROTATION_TARGET,"{""asia_range_atr_max"":6.0,""asia_range_atr_min"":1.0,""edge_fraction"":0.2,""hold_hours"":3,""hour_window"":""LONDON"",""require_confirmation"":true,""stop_atr"":1.25,""target_r_max"":2.5,""target_r_min"":0.75}"
18260,d881fc0a0079b72c,CHOP,CHOP_ASIAN_ROTATION_TARGET,"{""asia_range_atr_max"":12.0,""asia_range_atr_min"":1.5,""edge_fraction"":0.05,""hold_hours"":6,""hour_window"":""LONDON"",""require_confirmation"":true,""stop_atr"":0.75,""target_r_max"":2.5,""target_r_min"":0.75}"
18261,c01edf848fec4b31,CHOP,CHOP_ASIAN_ROTATION_TARGET,"{""asia_range_atr_max"":4.0,""asia_range_atr_min"":1.0,""edge_fraction"":0.0,""hold_hours"":2,""hour_window"":""LONDON_NY"",""require_confirmation"":false,""stop_atr"":1.25,""target_r_max"":4.0,""target_r_min"":1.0}"
18262,db0531ca3d330994,CHOP,CHOP_ASIAN_ROTATION_TARGET,"{""asia_range_atr_max"":8.0,""asia_range_atr_min"":2.5,""edge_fraction"":0.1,""hold_hours"":3,""hour_window"":""LONDON"",""require_confirmation"":true,""stop_atr"":2.0,""target_r_max"":2.5,""target_r_min"":0.75}"
18263,e9809d6334873e57,CHOP,CHOP_ASIAN_ROTATION_TARGET,"{""asia_range_atr_max"":4.0,""asia_range_atr_min"":1.0,""edge_fraction"":0.15,""hold_hours"":2,""hour_window"":""NEW_YORK"",""require_confirmation"":true,""stop_atr"":1.25,""target_r_max"":2.5,""target_r_min"":1.0}"
18264,1dd6304a83ec4cd3,CHOP,CHOP_ASIAN_ROTATION_TARGET,"{""asia_range_atr_max"":8.0,""asia_range_atr_min"":1.0,""edge_fraction"":0.2,""hold_hours"":12,""hour_window"":""POST_ASIA"",""require_confirmation"":false,""stop_atr"":0.75,""target_r_max"":2.5,""target_r_min"":1.0}"
18265,82f26e9aa4ffa31a,CHOP,CHOP_ASIAN_ROTATION_TARGET,"{""asia_range_atr_max"":12.0,""asia_range_atr_min"":1.5,""edge_fraction"":0.2,""hold_hours"":2,""hour_window"":""LONDON_NY"",""require_confirmation"":false,""stop_atr"":1.0,""target_r_max"":4.0,""target_r_min"":0.75}"
18266,5c59b39049d39656,CHOP,CHOP_ASIAN_ROTATION_TARGET,"{""asia_range_atr_max"":8.0,""asia_range_atr_min"":1.0,""edge_fraction"":0.05,""hold_hours"":2,""hour_window"":""LONDON"",""require_confirmation"":true,""stop_atr"":0.75,""target_r_max"":2.5,""target_r_min"":1.0}"
18267,98f2fcc0db3c2ce8,CHOP,CHOP_ASIAN_ROTATION_TARGET,"{""asia_range_atr_max"":4.0,""asia_range_atr_min"":1.0,""edge_fraction"":0.15,""hold_hours"":3,""hour_window"":""POST_ASIA"",""require_confirmation"":false,""stop_atr"":1.5,""target_r_max"":4.0,""target_r_min"":0.75}"
18268,08180f4d96ffd329,CHOP,CHOP_ASIAN_ROTATION_TARGET,"{""asia_range_atr_max"":4.0,""asia_range_atr_min"":1.0,""edge_fraction"":0.05,""hold_hours"":1,""hour_window"":""POST_ASIA"",""require_confirmation"":false,""stop_atr"":1.0,""target_r_max"":2.5,""target_r_min"":0.75}"
18269,8af41bb2468c6246,CHOP,CHOP_ASIAN_ROTATION_TARGET,"{""asia_range_atr_max"":4.0,""asia_range_atr_min"":1.0,""edge_fraction"":0.2,""hold_hours"":4,""hour_window"":""NEW_YORK"",""require_confirmation"":true,""stop_atr"":1.5,""target_r_max"":4.0,""target_r_min"":1.0}"
18270,193c18dd9b7ef5da,CHOP,CHOP_ASIAN_ROTATION_TARGET,"{""asia_range_atr_max"":8.0,""asia_range_atr_min"":1.5,""edge_fraction"":0.2,""hold_hours"":3,""hour_window"":""NEW_YORK"",""require_confirmation"":true,""stop_atr"":0.75,""target_r_max"":4.0,""target_r_min"":0.75}"
18271,2f5e1c946e503686,CHOP,CHOP_ASIAN_ROTATION_TARGET,"{""asia_range_atr_max"":4.0,""asia_range_atr_min"":1.5,""edge_fraction"":0.0,""hold_hours"":8,""hour_window"":""LONDON"",""require_confirmation"":true,""stop_atr"":0.75,""target_r_max"":2.5,""target_r_min"":0.75}"
18272,eb58536ca9e04b80,CHOP,CHOP_ASIAN_ROTATION_TARGET,"{""asia_range_atr_max"":8.0,""asia_range_atr_min"":2.5,""edge_fraction"":0.2,""hold_hours"":4,""hour_window"":""POST_ASIA"",""require_confirmation"":true,""stop_atr"":1.25,""target_r_max"":2.5,""target_r_min"":0.75}"
18273,868419d385f0e1a4,CHOP,CHOP_ASIAN_ROTATION_TARGET,"{""asia_range_atr_max"":6.0,""asia_range_atr_min"":1.5,""edge_fraction"":0.0,""hold_hours"":12,""hour_window"":""NEW_YORK"",""require_confirmation"":false,""stop_atr"":2.0,""target_r_max"":2.5,""target_r_min"":0.75}"
18274,d383d284a2c31022,CHOP,CHOP_ASIAN_ROTATION_TARGET,"{""asia_range_atr_max"":4.0,""asia_range_atr_min"":1.5,""edge_fraction"":0.15,""hold_hours"":6,""hour_window"":""NEW_YORK"",""require_confirmation"":true,""stop_atr"":1.5,""target_r_max"":2.5,""target_r_min"":1.0}"
18275,0f2192285306f4cc,CHOP,CHOP_ASIAN_ROTATION_TARGET,"{""asia_range_atr_max"":4.0,""asia_range_atr_min"":2.0,""edge_fraction"":0.2,""hold_hours"":3,""hour_window"":""LONDON"",""require_confirmation"":true,""stop_atr"":1.25,""target_r_max"":4.0,""target_r_min"":1.0}"
18276,50ec08b4549d7703,CHOP,CHOP_ASIAN_ROTATION_TARGET,"{""asia_range_atr_max"":8.0,""asia_range_atr_min"":1.0,""edge_fraction"":0.2,""hold_hours"":6,""hour_window"":""POST_ASIA"",""require_confirmation"":false,""stop_atr"":2.0,""target_r_max"":4.0,""target_r_min"":0.75}"
18277,6e9965f7de98db54,CHOP,CHOP_ASIAN_ROTATION_TARGET,"{""asia_range_atr_max"":8.0,""asia_range_atr_min"":2.0,""edge_fraction"":0.1,""hold_hours"":6,""hour_window"":""LONDON"",""require_confirmation"":false,""stop_atr"":0.75,""target_r_max"":2.5,""target_r_min"":1.0}"
18278,7b6451e6bcd68c3b,CHOP,CHOP_ASIAN_ROTATION_TARGET,"{""asia_range_atr_max"":4.0,""asia_range_atr_min"":1.0,""edge_fraction"":0.2,""hold_hours"":1,""hour_window"":""LONDON"",""require_confirmation"":false,""stop_atr"":2.0,""target_r_max"":4.0,""target_r_min"":0.75}"
18279,0ac87c68e5ba4869,CHOP,CHOP_ASIAN_ROTATION_TARGET,"{""asia_range_atr_max"":6.0,""asia_range_atr_min"":2.0,""edge_fraction"":0.05,""hold_hours"":1,""hour_window"":""NEW_YORK"",""require_confirmation"":false,""stop_atr"":1.5,""target_r_max"":2.5,""target_r_min"":1.0}"
18280,f82bad0e7cfc3493,CHOP,CHOP_ASIAN_ROTATION_TARGET,"{""asia_range_atr_max"":12.0,""asia_range_atr_min"":2.0,""edge_fraction"":0.15,""hold_hours"":4,""hour_window"":""LONDON"",""require_confirmation"":true,""stop_atr"":2.0,""target_r_max"":4.0,""target_r_min"":0.75}"
18281,111007f82eea70b8,CHOP,CHOP_ASIAN_ROTATION_TARGET,"{""asia_range_atr_max"":12.0,""asia_range_atr_min"":1.5,""edge_fraction"":0.0,""hold_hours"":3,""hour_window"":""LONDON_NY"",""require_confirmation"":true,""stop_atr"":2.0,""target_r_max"":2.5,""target_r_min"":0.75}"
18282,6b57c8270199633b,CHOP,CHOP_ASIAN_ROTATION_TARGET,"{""asia_range_atr_max"":6.0,""asia_range_atr_min"":2.0,""edge_fraction"":0.1,""hold_hours"":8,""hour_window"":""NEW_YORK"",""require_confirmation"":false,""stop_atr"":1.5,""target_r_max"":2.5,""target_r_min"":1.0}"
18283,c045fe68114fe66d,CHOP,CHOP_ASIAN_ROTATION_TARGET,"{""asia_range_atr_max"":6.0,""asia_range_atr_min"":1.5,""edge_fraction"":0.2,""hold_hours"":2,""hour_window"":""LONDON"",""require_confirmation"":true,""stop_atr"":0.75,""target_r_max"":2.5,""target_r_min"":0.75}"
18284,9e4f4991408d4c1b,CHOP,CHOP_ASIAN_ROTATION_TARGET,"{""asia_range_atr_max"":4.0,""asia_range_atr_min"":2.0,""edge_fraction"":0.05,""hold_hours"":12,""hour_window"":""LONDON"",""require_confirmation"":true,""stop_atr"":1.5,""target_r_max"":4.0,""target_r_min"":0.75}"
18285,c39a2b3f59d761c3,CHOP,CHOP_ASIAN_ROTATION_TARGET,"{""asia_range_atr_max"":4.0,""asia_range_atr_min"":1.0,""edge_fraction"":0.0,""hold_hours"":4,""hour_window"":""LONDON"",""require_confirmation"":true,""stop_atr"":1.0,""target_r_max"":4.0,""target_r_min"":0.75}"
18286,14305c0a6aeff9cc,CHOP,CHOP_ASIAN_ROTATION_TARGET,"{""asia_range_atr_max"":8.0,""asia_range_atr_min"":1.5,""edge_fraction"":0.15,""hold_hours"":6,""hour_window"":""NEW_YORK"",""require_confirmation"":true,""stop_atr"":1.0,""target_r_max"":2.5,""target_r_min"":0.75}"
18287,cbdbd0893255ffb8,CHOP,CHOP_ASIAN_ROTATION_TARGET,"{""asia_range_atr_max"":6.0,""asia_range_atr_min"":2.0,""edge_fraction"":0.15,""hold_hours"":3,""hour_window"":""NEW_YORK"",""require_confirmation"":false,""stop_atr"":0.75,""target_r_max"":2.5,""target_r_min"":0.75}"
18288,47ae1366497fb802,CHOP,CHOP_ASIAN_ROTATION_TARGET,"{""asia_range_atr_max"":8.0,""asia_range_atr_min"":1.0,""edge_fraction"":0.0,""hold_hours"":12,""hour_window"":""LONDON_NY"",""require_confirmation"":false,""stop_atr"":1.25,""target_r_max"":2.5,""target_r_min"":0.75}"
18289,f35d296bae775af5,CHOP,CHOP_ASIAN_ROTATION_TARGET,"{""asia_range_atr_max"":12.0,""asia_range_atr_min"":2.0,""edge_fraction"":0.0,""hold_hours"":6,""hour_window"":""NEW_YORK"",""require_confirmation"":false,""stop_atr"":0.75,""target_r_max"":2.5,""target_r_min"":0.75}"
18290,34c32b5add675bb1,CHOP,CHOP_ASIAN_ROTATION_TARGET,"{""asia_range_atr_max"":6.0,""asia_range_atr_min"":1.5,""edge_fraction"":0.0,""hold_hours"":3,""hour_window"":""LONDON"",""require_confirmation"":false,""stop_atr"":1.5,""target_r_max"":4.0,""target_r_min"":1.0}"
18291,55cfd854c512ca4d,CHOP,CHOP_ASIAN_ROTATION_TARGET,"{""asia_range_atr_max"":12.0,""asia_range_atr_min"":1.0,""edge_fraction"":0.1,""hold_hours"":4,""hour_window"":""LONDON_NY"",""require_confirmation"":false,""stop_atr"":1.0,""target_r_max"":2.5,""target_r_min"":1.0}"
18292,dc7ed8f0547c7b51,CHOP,CHOP_ASIAN_ROTATION_TARGET,"{""asia_range_atr_max"":12.0,""asia_range_atr_min"":1.5,""edge_fraction"":0.15,""hold_hours"":6,""hour_window"":""LONDON"",""require_confirmation"":false,""stop_atr"":2.0,""target_r_max"":2.5,""target_r_min"":1.0}"
18293,cfc690c8a2f9a2cd,CHOP,CHOP_ASIAN_ROTATION_TARGET,"{""asia_range_atr_max"":6.0,""asia_range_atr_min"":2.0,""edge_fraction"":0.05,""hold_hours"":3,""hour_window"":""LONDON"",""require_confirmation"":true,""stop_atr"":1.0,""target_r_max"":2.5,""target_r_min"":1.0}"
18294,ed7a0f3393d8ff0d,CHOP,CHOP_ASIAN_ROTATION_TARGET,"{""asia_range_atr_max"":12.0,""asia_range_atr_min"":1.5,""edge_fraction"":0.1,""hold_hours"":3,""hour_window"":""NEW_YORK"",""require_confirmation"":false,""stop_atr"":1.5,""target_r_max"":4.0,""target_r_min"":1.0}"
18295,2653ea8ec19b8b7f,CHOP,CHOP_ASIAN_ROTATION_TARGET,"{""asia_range_atr_max"":8.0,""asia_range_atr_min"":1.5,""edge_fraction"":0.2,""hold_hours"":2,""hour_window"":""POST_ASIA"",""require_confirmation"":true,""stop_atr"":1.0,""target_r_max"":4.0,""target_r_min"":0.75}"
18296,7c6f2a72f1450952,CHOP,CHOP_ASIAN_ROTATION_TARGET,"{""asia_range_atr_max"":12.0,""asia_range_atr_min"":1.0,""edge_fraction"":0.1,""hold_hours"":2,""hour_window"":""NEW_YORK"",""require_confirmation"":true,""stop_atr"":2.0,""target_r_max"":2.5,""target_r_min"":0.75}"
18297,c49868efa0a21905,CHOP,CHOP_ASIAN_ROTATION_TARGET,"{""asia_range_atr_max"":12.0,""asia_range_atr_min"":1.0,""edge_fraction"":0.15,""hold_hours"":3,""hour_window"":""POST_ASIA"",""require_confirmation"":false,""stop_atr"":1.5,""target_r_max"":2.5,""target_r_min"":1.0}"
18298,e3b4c1e3db77cbc4,CHOP,CHOP_ASIAN_ROTATION_TARGET,"{""asia_range_atr_max"":6.0,""asia_range_atr_min"":1.0,""edge_fraction"":0.1,""hold_hours"":1,""hour_window"":""LONDON_NY"",""require_confirmation"":false,""stop_atr"":1.25,""target_r_max"":4.0,""target_r_min"":1.0}"
18299,dc5d3bbc20c48d38,CHOP,CHOP_ASIAN_ROTATION_TARGET,"{""asia_range_atr_max"":12.0,""asia_range_atr_min"":1.5,""edge_fraction"":0.1,""hold_hours"":3,""hour_window"":""LONDON"",""require_confirmation"":true,""stop_atr"":1.0,""target_r_max"":2.5,""target_r_min"":1.0}"
18300,4971f1d343cb2a17,CHOP,CHOP_ASIAN_ROTATION_TARGET,"{""asia_range_atr_max"":4.0,""asia_range_atr_min"":1.5,""edge_fraction"":0.15,""hold_hours"":12,""hour_window"":""NEW_YORK"",""require_confirmation"":false,""stop_atr"":1.5,""target_r_max"":4.0,""target_r_min"":1.0}"
18301,66429332c639872e,CHOP,CHOP_ASIAN_ROTATION_TARGET,"{""asia_range_atr_max"":4.0,""asia_range_atr_min"":1.5,""edge_fraction"":0.2,""hold_hours"":12,""hour_window"":""LONDON"",""require_confirmation"":false,""stop_atr"":1.25,""target_r_max"":4.0,""target_r_min"":0.75}"
18302,1091c2d9ec08094c,CHOP,CHOP_ASIAN_ROTATION_TARGET,"{""asia_range_atr_max"":6.0,""asia_range_atr_min"":2.0,""edge_fraction"":0.2,""hold_hours"":3,""hour_window"":""LONDON"",""require_confirmation"":false,""stop_atr"":0.75,""target_r_max"":2.5,""target_r_min"":0.75}"
18303,1d742e4e0c0163c8,CHOP,CHOP_ASIAN_ROTATION_TARGET,"{""asia_range_atr_max"":6.0,""asia_range_atr_min"":2.5,""edge_fraction"":0.1,""hold_hours"":8,""hour_window"":""POST_ASIA"",""require_confirmation"":false,""stop_atr"":1.25,""target_r_max"":2.5,""target_r_min"":0.75}"
18304,6970969f837a0336,CHOP,CHOP_ASIAN_ROTATION_TARGET,"{""asia_range_atr_max"":12.0,""asia_range_atr_min"":2.0,""edge_fraction"":0.0,""hold_hours"":8,""hour_window"":""LONDON_NY"",""require_confirmation"":true,""stop_atr"":2.0,""target_r_max"":2.5,""target_r_min"":0.75}"
18305,c1e7e35db1ca5043,CHOP,CHOP_ASIAN_ROTATION_TARGET,"{""asia_range_atr_max"":6.0,""asia_range_atr_min"":1.5,""edge_fraction"":0.05,""hold_hours"":3,""hour_window"":""LONDON"",""require_confirmation"":false,""stop_atr"":1.0,""target_r_max"":2.5,""target_r_min"":0.75}"
18306,66b2224f82a7bcae,CHOP,CHOP_ASIAN_ROTATION_TARGET,"{""asia_range_atr_max"":4.0,""asia_range_atr_min"":2.0,""edge_fraction"":0.2,""hold_hours"":12,""hour_window"":""LONDON_NY"",""require_confirmation"":false,""stop_atr"":1.0,""target_r_max"":4.0,""target_r_min"":1.0}"
18307,ee1563903f6c9413,CHOP,CHOP_ASIAN_ROTATION_TARGET,"{""asia_range_atr_max"":8.0,""asia_range_atr_min"":1.5,""edge_fraction"":0.05,""hold_hours"":1,""hour_window"":""POST_ASIA"",""require_confirmation"":true,""stop_atr"":1.5,""target_r_max"":4.0,""target_r_min"":1.0}"
18308,01a9ce1254a0d901,CHOP,CHOP_ASIAN_ROTATION_TARGET,"{""asia_range_atr_max"":6.0,""asia_range_atr_min"":2.5,""edge_fraction"":0.1,""hold_hours"":2,""hour_window"":""POST_ASIA"",""require_confirmation"":true,""stop_atr"":1.5,""target_r_max"":2.5,""target_r_min"":0.75}"
18309,a3aab85cc0c43efb,CHOP,CHOP_ASIAN_ROTATION_TARGET,"{""asia_range_atr_max"":8.0,""asia_range_atr_min"":2.0,""edge_fraction"":0.1,""hold_hours"":3,""hour_window"":""LONDON"",""require_confirmation"":true,""stop_atr"":1.25,""target_r_max"":4.0,""target_r_min"":1.0}"
18310,113bbf32b12d53c2,CHOP,CHOP_ASIAN_ROTATION_TARGET,"{""asia_range_atr_max"":4.0,""asia_range_atr_min"":1.0,""edge_fraction"":0.2,""hold_hours"":8,""hour_window"":""NEW_YORK"",""require_confirmation"":false,""stop_atr"":2.0,""target_r_max"":4.0,""target_r_min"":1.0}"
18311,070a00899cf3d30b,CHOP,CHOP_ASIAN_ROTATION_TARGET,"{""asia_range_atr_max"":4.0,""asia_range_atr_min"":1.5,""edge_fraction"":0.2,""hold_hours"":2,""hour_window"":""NEW_YORK"",""require_confirmation"":true,""stop_atr"":2.0,""target_r_max"":4.0,""target_r_min"":1.0}"
18312,e48e45fe7f6b6e54,CHOP,CHOP_ASIAN_ROTATION_TARGET,"{""asia_range_atr_max"":6.0,""asia_range_atr_min"":2.5,""edge_fraction"":0.0,""hold_hours"":1,""hour_window"":""POST_ASIA"",""require_confirmation"":true,""stop_atr"":2.0,""target_r_max"":2.5,""target_r_min"":0.75}"
18313,e4e95d9b9720ed33,CHOP,CHOP_ASIAN_ROTATION_TARGET,"{""asia_range_atr_max"":4.0,""asia_range_atr_min"":2.5,""edge_fraction"":0.05,""hold_hours"":1,""hour_window"":""POST_ASIA"",""require_confirmation"":false,""stop_atr"":1.25,""target_r_max"":2.5,""target_r_min"":1.0}"
18314,b624dee710713390,CHOP,CHOP_ASIAN_ROTATION_TARGET,"{""asia_range_atr_max"":12.0,""asia_range_atr_min"":1.5,""edge_fraction"":0.15,""hold_hours"":3,""hour_window"":""LONDON"",""require_confirmation"":true,""stop_atr"":1.25,""target_r_max"":4.0,""target_r_min"":1.0}"
18315,c8c5c6ce9ee56fbe,CHOP,CHOP_ASIAN_ROTATION_TARGET,"{""asia_range_atr_max"":4.0,""asia_range_atr_min"":2.5,""edge_fraction"":0.0,""hold_hours"":4,""hour_window"":""LONDON"",""require_confirmation"":true,""stop_atr"":2.0,""target_r_max"":4.0,""target_r_min"":0.75}"
18316,f81517391d797cbf,CHOP,CHOP_ASIAN_ROTATION_TARGET,"{""asia_range_atr_max"":12.0,""asia_range_atr_min"":1.0,""edge_fraction"":0.1,""hold_hours"":8,""hour_window"":""POST_ASIA"",""require_confirmation"":true,""stop_atr"":2.0,""target_r_max"":2.5,""target_r_min"":0.75}"
18317,55133c31fbbdad76,CHOP,CHOP_ASIAN_ROTATION_TARGET,"{""asia_range_atr_max"":4.0,""asia_range_atr_min"":1.5,""edge_fraction"":0.2,""hold_hours"":6,""hour_window"":""LONDON"",""require_confirmation"":true,""stop_atr"":1.0,""target_r_max"":2.5,""target_r_min"":0.75}"
18318,9f57ed7be077f33c,CHOP,CHOP_ASIAN_ROTATION_TARGET,"{""asia_range_atr_max"":8.0,""asia_range_atr_min"":2.0,""edge_fraction"":0.1,""hold_hours"":3,""hour_window"":""LONDON_NY"",""require_confirmation"":true,""stop_atr"":2.0,""target_r_max"":4.0,""target_r_min"":0.75}"
18319,785d899f486eacff,CHOP,CHOP_ASIAN_ROTATION_TARGET,"{""asia_range_atr_max"":4.0,""asia_range_atr_min"":1.0,""edge_fraction"":0.0,""hold_hours"":3,""hour_window"":""LONDON_NY"",""require_confirmation"":true,""stop_atr"":2.0,""target_r_max"":2.5,""target_r_min"":1.0}"
18320,d30b1d1294bb6173,CHOP,CHOP_ASIAN_FALSE_BREAK_TARGET,"{""close_back_atr"":0.1,""hold_hours"":8,""hour_window"":""LONDON_NY"",""stop_atr"":1.0,""sweep_atr"":0.2,""target_r_max"":2.5,""target_r_min"":1.0,""wick_min"":0.1}"
18321,a12a7ea98aaaf9b3,CHOP,CHOP_ASIAN_FALSE_BREAK_TARGET,"{""close_back_atr"":0.0,""hold_hours"":6,""hour_window"":""POST_ASIA"",""stop_atr"":0.75,""sweep_atr"":0.3,""target_r_max"":2.5,""target_r_min"":1.0,""wick_min"":0.4}"
18322,8d9691c912c0c6be,CHOP,CHOP_ASIAN_FALSE_BREAK_TARGET,"{""close_back_atr"":0.05,""hold_hours"":2,""hour_window"":""LONDON"",""stop_atr"":0.75,""sweep_atr"":0.05,""target_r_max"":4.0,""target_r_min"":1.0,""wick_min"":0.2}"
18323,c107a4f0dfe1524a,CHOP,CHOP_ASIAN_FALSE_BREAK_TARGET,"{""close_back_atr"":0.05,""hold_hours"":2,""hour_window"":""NEW_YORK"",""stop_atr"":1.25,""sweep_atr"":0.1,""target_r_max"":2.5,""target_r_min"":0.75,""wick_min"":0.4}"
18324,ed6eba7fca6ea89f,CHOP,CHOP_ASIAN_FALSE_BREAK_TARGET,"{""close_back_atr"":0.05,""hold_hours"":2,""hour_window"":""LONDON"",""stop_atr"":0.75,""sweep_atr"":0.05,""target_r_max"":4.0,""target_r_min"":0.75,""wick_min"":0.4}"
18325,9ec03f2599ea4341,CHOP,CHOP_ASIAN_FALSE_BREAK_TARGET,"{""close_back_atr"":0.0,""hold_hours"":8,""hour_window"":""NEW_YORK"",""stop_atr"":1.5,""sweep_atr"":0.1,""target_r_max"":4.0,""target_r_min"":0.75,""wick_min"":0.5}"
18326,2fefeb02c6486155,CHOP,CHOP_ASIAN_FALSE_BREAK_TARGET,"{""close_back_atr"":0.05,""hold_hours"":3,""hour_window"":""LONDON_NY"",""stop_atr"":1.0,""sweep_atr"":0.05,""target_r_max"":2.5,""target_r_min"":1.0,""wick_min"":0.4}"
18327,294751de7e811a44,CHOP,CHOP_ASIAN_FALSE_BREAK_TARGET,"{""close_back_atr"":0.0,""hold_hours"":3,""hour_window"":""NEW_YORK"",""stop_atr"":1.25,""sweep_atr"":0.2,""target_r_max"":4.0,""target_r_min"":0.75,""wick_min"":0.1}"
18328,0065c6dfde4bf1a0,CHOP,CHOP_ASIAN_FALSE_BREAK_TARGET,"{""close_back_atr"":0.2,""hold_hours"":3,""hour_window"":""NEW_YORK"",""stop_atr"":2.0,""sweep_atr"":0.2,""target_r_max"":4.0,""target_r_min"":0.75,""wick_min"":0.2}"
18329,3c549b4bc36c2c01,CHOP,CHOP_ASIAN_FALSE_BREAK_TARGET,"{""close_back_atr"":0.05,""hold_hours"":12,""hour_window"":""POST_ASIA"",""stop_atr"":1.25,""sweep_atr"":0.1,""target_r_max"":4.0,""target_r_min"":1.0,""wick_min"":0.2}"
18330,2706cb6790e23b2d,CHOP,CHOP_ASIAN_FALSE_BREAK_TARGET,"{""close_back_atr"":0.2,""hold_hours"":6,""hour_window"":""NEW_YORK"",""stop_atr"":1.0,""sweep_atr"":0.05,""target_r_max"":4.0,""target_r_min"":0.75,""wick_min"":0.2}"
18331,8b84d68a4c96557c,CHOP,CHOP_ASIAN_FALSE_BREAK_TARGET,"{""close_back_atr"":0.0,""hold_hours"":12,""hour_window"":""NEW_YORK"",""stop_atr"":1.5,""sweep_atr"":0.05,""target_r_max"":2.5,""target_r_min"":0.75,""wick_min"":0.3}"
18332,c5e801c7bde847d6,CHOP,CHOP_ASIAN_FALSE_BREAK_TARGET,"{""close_back_atr"":0.05,""hold_hours"":6,""hour_window"":""POST_ASIA"",""stop_atr"":1.5,""sweep_atr"":0.0,""target_r_max"":2.5,""target_r_min"":0.75,""wick_min"":0.5}"
18333,08470ff80d7fa23b,CHOP,CHOP_ASIAN_FALSE_BREAK_TARGET,"{""close_back_atr"":0.05,""hold_hours"":6,""hour_window"":""LONDON"",""stop_atr"":1.25,""sweep_atr"":0.0,""target_r_max"":4.0,""target_r_min"":0.75,""wick_min"":0.2}"
18334,0b83afefd07b3bed,CHOP,CHOP_ASIAN_FALSE_BREAK_TARGET,"{""close_back_atr"":0.05,""hold_hours"":1,""hour_window"":""LONDON"",""stop_atr"":1.25,""sweep_atr"":0.3,""target_r_max"":2.5,""target_r_min"":0.75,""wick_min"":0.4}"
18335,76f5cc6efe8bb001,CHOP,CHOP_ASIAN_FALSE_BREAK_TARGET,"{""close_back_atr"":0.0,""hold_hours"":4,""hour_window"":""POST_ASIA"",""stop_atr"":2.0,""sweep_atr"":0.05,""target_r_max"":4.0,""target_r_min"":1.0,""wick_min"":0.3}"
18336,a2fa21b275f7661d,CHOP,CHOP_ASIAN_FALSE_BREAK_TARGET,"{""close_back_atr"":0.05,""hold_hours"":8,""hour_window"":""POST_ASIA"",""stop_atr"":1.0,""sweep_atr"":0.0,""target_r_max"":2.5,""target_r_min"":0.75,""wick_min"":0.5}"
18337,4d653a64dce61cf0,CHOP,CHOP_ASIAN_FALSE_BREAK_TARGET,"{""close_back_atr"":0.05,""hold_hours"":6,""hour_window"":""NEW_YORK"",""stop_atr"":1.5,""sweep_atr"":0.2,""target_r_max"":2.5,""target_r_min"":1.0,""wick_min"":0.4}"
18338,f12d63a9ca9c4938,CHOP,CHOP_ASIAN_FALSE_BREAK_TARGET,"{""close_back_atr"":0.0,""hold_hours"":1,""hour_window"":""POST_ASIA"",""stop_atr"":0.75,""sweep_atr"":0.2,""target_r_max"":4.0,""target_r_min"":0.75,""wick_min"":0.3}"
18339,3ac30cdc1f1a615a,CHOP,CHOP_ASIAN_FALSE_BREAK_TARGET,"{""close_back_atr"":0.05,""hold_hours"":3,""hour_window"":""NEW_YORK"",""stop_atr"":1.25,""sweep_atr"":0.0,""target_r_max"":4.0,""target_r_min"":1.0,""wick_min"":0.3}"
18340,97e94064dfb17e05,CHOP,CHOP_ASIAN_FALSE_BREAK_TARGET,"{""close_back_atr"":0.1,""hold_hours"":12,""hour_window"":""LONDON"",""stop_atr"":1.0,""sweep_atr"":0.0,""target_r_max"":4.0,""target_r_min"":1.0,""wick_min"":0.2}"
18341,5aa66ce4c48e936b,CHOP,CHOP_ASIAN_FALSE_BREAK_TARGET,"{""close_back_atr"":0.2,""hold_hours"":4,""hour_window"":""POST_ASIA"",""stop_atr"":2.0,""sweep_atr"":0.3,""target_r_max"":4.0,""target_r_min"":1.0,""wick_min"":0.3}"
18342,d06b96c12564d48a,CHOP,CHOP_ASIAN_FALSE_BREAK_TARGET,"{""close_back_atr"":0.2,""hold_hours"":12,""hour_window"":""POST_ASIA"",""stop_atr"":1.25,""sweep_atr"":0.05,""target_r_max"":2.5,""target_r_min"":1.0,""wick_min"":0.1}"
18343,a71ab309421107cc,CHOP,CHOP_ASIAN_FALSE_BREAK_TARGET,"{""close_back_atr"":0.0,""hold_hours"":3,""hour_window"":""LONDON_NY"",""stop_atr"":1.25,""sweep_atr"":0.1,""target_r_max"":2.5,""target_r_min"":1.0,""wick_min"":0.5}"
18344,1059cec3c8dc2dd9,CHOP,CHOP_ASIAN_FALSE_BREAK_TARGET,"{""close_back_atr"":0.0,""hold_hours"":12,""hour_window"":""LONDON_NY"",""stop_atr"":0.75,""sweep_atr"":0.3,""target_r_max"":4.0,""target_r_min"":0.75,""wick_min"":0.4}"
18345,85de46b568b06e8b,CHOP,CHOP_ASIAN_FALSE_BREAK_TARGET,"{""close_back_atr"":0.05,""hold_hours"":1,""hour_window"":""LONDON_NY"",""stop_atr"":1.0,""sweep_atr"":0.05,""target_r_max"":4.0,""target_r_min"":1.0,""wick_min"":0.2}"
18346,891e1044e0e44464,CHOP,CHOP_ASIAN_FALSE_BREAK_TARGET,"{""close_back_atr"":0.1,""hold_hours"":2,""hour_window"":""LONDON_NY"",""stop_atr"":1.5,""sweep_atr"":0.1,""target_r_max"":4.0,""target_r_min"":0.75,""wick_min"":0.5}"
18347,6d23bc891ffa1998,CHOP,CHOP_ASIAN_FALSE_BREAK_TARGET,"{""close_back_atr"":0.05,""hold_hours"":12,""hour_window"":""NEW_YORK"",""stop_atr"":1.25,""sweep_atr"":0.05,""target_r_max"":4.0,""target_r_min"":1.0,""wick_min"":0.3}"
18348,9aa848cbf512b687,CHOP,CHOP_ASIAN_FALSE_BREAK_TARGET,"{""close_back_atr"":0.2,""hold_hours"":4,""hour_window"":""LONDON"",""stop_atr"":1.0,""sweep_atr"":0.2,""target_r_max"":4.0,""target_r_min"":1.0,""wick_min"":0.2}"
18349,e3b45fcfbe44aa79,CHOP,CHOP_ASIAN_FALSE_BREAK_TARGET,"{""close_back_atr"":0.2,""hold_hours"":2,""hour_window"":""LONDON"",""stop_atr"":1.0,""sweep_atr"":0.3,""target_r_max"":2.5,""target_r_min"":0.75,""wick_min"":0.5}"
18350,f03295446e962cc3,CHOP,CHOP_ASIAN_FALSE_BREAK_TARGET,"{""close_back_atr"":0.05,""hold_hours"":3,""hour_window"":""LONDON_NY"",""stop_atr"":1.5,""sweep_atr"":0.1,""target_r_max"":2.5,""target_r_min"":1.0,""wick_min"":0.2}"
18351,03cd2e0d4cf3c31a,CHOP,CHOP_ASIAN_FALSE_BREAK_TARGET,"{""close_back_atr"":0.05,""hold_hours"":2,""hour_window"":""POST_ASIA"",""stop_atr"":0.75,""sweep_atr"":0.1,""target_r_max"":4.0,""target_r_min"":0.75,""wick_min"":0.5}"
18352,05e6c5e52ed40a64,CHOP,CHOP_ASIAN_FALSE_BREAK_TARGET,"{""close_back_atr"":0.1,""hold_hours"":8,""hour_window"":""LONDON_NY"",""stop_atr"":0.75,""sweep_atr"":0.05,""target_r_max"":2.5,""target_r_min"":0.75,""wick_min"":0.2}"
18353,70e9036945003316,CHOP,CHOP_ASIAN_FALSE_BREAK_TARGET,"{""close_back_atr"":0.1,""hold_hours"":2,""hour_window"":""NEW_YORK"",""stop_atr"":1.5,""sweep_atr"":0.1,""target_r_max"":2.5,""target_r_min"":1.0,""wick_min"":0.2}"
18354,ab8b2ae4eab7b823,CHOP,CHOP_ASIAN_FALSE_BREAK_TARGET,"{""close_back_atr"":0.2,""hold_hours"":3,""hour_window"":""NEW_YORK"",""stop_atr"":1.25,""sweep_atr"":0.2,""target_r_max"":4.0,""target_r_min"":1.0,""wick_min"":0.1}"
18355,75917ef81470e2b9,CHOP,CHOP_ASIAN_FALSE_BREAK_TARGET,"{""close_back_atr"":0.2,""hold_hours"":1,""hour_window"":""NEW_YORK"",""stop_atr"":0.75,""sweep_atr"":0.05,""target_r_max"":2.5,""target_r_min"":0.75,""wick_min"":0.5}"
18356,1f03ca6ead8ffc45,CHOP,CHOP_ASIAN_FALSE_BREAK_TARGET,"{""close_back_atr"":0.0,""hold_hours"":1,""hour_window"":""NEW_YORK"",""stop_atr"":2.0,""sweep_atr"":0.3,""target_r_max"":2.5,""target_r_min"":1.0,""wick_min"":0.5}"
18357,ec7b684b9244374f,CHOP,CHOP_ASIAN_FALSE_BREAK_TARGET,"{""close_back_atr"":0.2,""hold_hours"":6,""hour_window"":""NEW_YORK"",""stop_atr"":1.25,""sweep_atr"":0.3,""target_r_max"":4.0,""target_r_min"":1.0,""wick_min"":0.5}"
18358,45372af7b8cff1d2,CHOP,CHOP_ASIAN_FALSE_BREAK_TARGET,"{""close_back_atr"":0.1,""hold_hours"":1,""hour_window"":""POST_ASIA"",""stop_atr"":2.0,""sweep_atr"":0.3,""target_r_max"":4.0,""target_r_min"":1.0,""wick_min"":0.5}"
18359,86d0ee1b1dfc7dd5,CHOP,CHOP_ASIAN_FALSE_BREAK_TARGET,"{""close_back_atr"":0.0,""hold_hours"":4,""hour_window"":""LONDON"",""stop_atr"":0.75,""sweep_atr"":0.05,""target_r_max"":2.5,""target_r_min"":1.0,""wick_min"":0.1}"
18360,4b5500a466ab2ecf,CHOP,CHOP_ASIAN_FALSE_BREAK_TARGET,"{""close_back_atr"":0.2,""hold_hours"":6,""hour_window"":""LONDON"",""stop_atr"":0.75,""sweep_atr"":0.1,""target_r_max"":2.5,""target_r_min"":0.75,""wick_min"":0.4}"
18361,f0fbf1290425845a,CHOP,CHOP_ASIAN_FALSE_BREAK_TARGET,"{""close_back_atr"":0.05,""hold_hours"":4,""hour_window"":""LONDON_NY"",""stop_atr"":2.0,""sweep_atr"":0.05,""target_r_max"":2.5,""target_r_min"":1.0,""wick_min"":0.2}"
18362,533c0cde8d501dfc,CHOP,CHOP_ASIAN_FALSE_BREAK_TARGET,"{""close_back_atr"":0.0,""hold_hours"":1,""hour_window"":""POST_ASIA"",""stop_atr"":2.0,""sweep_atr"":0.2,""target_r_max"":2.5,""target_r_min"":1.0,""wick_min"":0.2}"
18363,9590ade27fada7ec,CHOP,CHOP_ASIAN_FALSE_BREAK_TARGET,"{""close_back_atr"":0.1,""hold_hours"":4,""hour_window"":""LONDON"",""stop_atr"":1.0,""sweep_atr"":0.3,""target_r_max"":2.5,""target_r_min"":0.75,""wick_min"":0.2}"
18364,3d556ccde819d95c,CHOP,CHOP_ASIAN_FALSE_BREAK_TARGET,"{""close_back_atr"":0.05,""hold_hours"":4,""hour_window"":""POST_ASIA"",""stop_atr"":0.75,""sweep_atr"":0.05,""target_r_max"":2.5,""target_r_min"":1.0,""wick_min"":0.4}"
18365,67dc81c3e416be0f,CHOP,CHOP_ASIAN_FALSE_BREAK_TARGET,"{""close_back_atr"":0.0,""hold_hours"":2,""hour_window"":""LONDON_NY"",""stop_atr"":1.0,""sweep_atr"":0.3,""target_r_max"":2.5,""target_r_min"":1.0,""wick_min"":0.1}"
18366,7a638eaf7ef78500,CHOP,CHOP_ASIAN_FALSE_BREAK_TARGET,"{""close_back_atr"":0.05,""hold_hours"":3,""hour_window"":""LONDON_NY"",""stop_atr"":1.0,""sweep_atr"":0.05,""target_r_max"":4.0,""target_r_min"":1.0,""wick_min"":0.2}"
18367,c2c7df104efa4637,CHOP,CHOP_ASIAN_FALSE_BREAK_TARGET,"{""close_back_atr"":0.05,""hold_hours"":6,""hour_window"":""POST_ASIA"",""stop_atr"":1.0,""sweep_atr"":0.1,""target_r_max"":4.0,""target_r_min"":1.0,""wick_min"":0.3}"
18368,aa974570a01993d9,CHOP,CHOP_ASIAN_FALSE_BREAK_TARGET,"{""close_back_atr"":0.05,""hold_hours"":4,""hour_window"":""LONDON"",""stop_atr"":1.0,""sweep_atr"":0.0,""target_r_max"":4.0,""target_r_min"":1.0,""wick_min"":0.2}"
18369,a0dc688187275e30,CHOP,CHOP_ASIAN_FALSE_BREAK_TARGET,"{""close_back_atr"":0.0,""hold_hours"":12,""hour_window"":""LONDON_NY"",""stop_atr"":1.5,""sweep_atr"":0.3,""target_r_max"":4.0,""target_r_min"":1.0,""wick_min"":0.4}"
18370,57ae361a834210fb,CHOP,CHOP_ASIAN_FALSE_BREAK_TARGET,"{""close_back_atr"":0.2,""hold_hours"":8,""hour_window"":""POST_ASIA"",""stop_atr"":1.5,""sweep_atr"":0.2,""target_r_max"":4.0,""target_r_min"":0.75,""wick_min"":0.5}"
18371,29d2df657edc36b6,CHOP,CHOP_ASIAN_FALSE_BREAK_TARGET,"{""close_back_atr"":0.05,""hold_hours"":2,""hour_window"":""LONDON"",""stop_atr"":1.25,""sweep_atr"":0.2,""target_r_max"":2.5,""target_r_min"":1.0,""wick_min"":0.3}"
18372,20ec8c919e44d8f5,CHOP,CHOP_ASIAN_FALSE_BREAK_TARGET,"{""close_back_atr"":0.05,""hold_hours"":1,""hour_window"":""LONDON"",""stop_atr"":2.0,""sweep_atr"":0.1,""target_r_max"":4.0,""target_r_min"":1.0,""wick_min"":0.4}"
18373,3de9ba38e41ba317,CHOP,CHOP_ASIAN_FALSE_BREAK_TARGET,"{""close_back_atr"":0.05,""hold_hours"":3,""hour_window"":""LONDON_NY"",""stop_atr"":1.0,""sweep_atr"":0.3,""target_r_max"":4.0,""target_r_min"":1.0,""wick_min"":0.1}"
18374,e993408932536681,CHOP,CHOP_ASIAN_FALSE_BREAK_TARGET,"{""close_back_atr"":0.1,""hold_hours"":6,""hour_window"":""LONDON_NY"",""stop_atr"":1.5,""sweep_atr"":0.05,""target_r_max"":4.0,""target_r_min"":0.75,""wick_min"":0.5}"
18375,0e53d829ee714b08,CHOP,CHOP_ASIAN_FALSE_BREAK_TARGET,"{""close_back_atr"":0.1,""hold_hours"":2,""hour_window"":""LONDON_NY"",""stop_atr"":1.0,""sweep_atr"":0.1,""target_r_max"":4.0,""target_r_min"":1.0,""wick_min"":0.2}"
18376,f993b3c6c3fcd083,CHOP,CHOP_ASIAN_FALSE_BREAK_TARGET,"{""close_back_atr"":0.2,""hold_hours"":6,""hour_window"":""LONDON"",""stop_atr"":1.5,""sweep_atr"":0.3,""target_r_max"":2.5,""target_r_min"":1.0,""wick_min"":0.5}"
18377,e704318ebc354763,CHOP,CHOP_ASIAN_FALSE_BREAK_TARGET,"{""close_back_atr"":0.2,""hold_hours"":4,""hour_window"":""LONDON_NY"",""stop_atr"":1.0,""sweep_atr"":0.2,""target_r_max"":2.5,""target_r_min"":0.75,""wick_min"":0.2}"
18378,ce6e84b33a624ae6,CHOP,CHOP_ASIAN_FALSE_BREAK_TARGET,"{""close_back_atr"":0.2,""hold_hours"":1,""hour_window"":""NEW_YORK"",""stop_atr"":1.0,""sweep_atr"":0.3,""target_r_max"":4.0,""target_r_min"":0.75,""wick_min"":0.2}"
18379,691cba5855df9484,CHOP,CHOP_ASIAN_FALSE_BREAK_TARGET,"{""close_back_atr"":0.05,""hold_hours"":8,""hour_window"":""LONDON"",""stop_atr"":2.0,""sweep_atr"":0.0,""target_r_max"":2.5,""target_r_min"":0.75,""wick_min"":0.3}"
18380,e5e5ca2fca18330c,CHOP,CHOP_ASIAN_FALSE_BREAK_TARGET,"{""close_back_atr"":0.05,""hold_hours"":4,""hour_window"":""LONDON_NY"",""stop_atr"":1.5,""sweep_atr"":0.3,""target_r_max"":2.5,""target_r_min"":0.75,""wick_min"":0.2}"
18381,238622d478a46e82,CHOP,CHOP_ASIAN_FALSE_BREAK_TARGET,"{""close_back_atr"":0.05,""hold_hours"":1,""hour_window"":""POST_ASIA"",""stop_atr"":1.0,""sweep_atr"":0.2,""target_r_max"":2.5,""target_r_min"":1.0,""wick_min"":0.5}"
18382,af33125c59f26c6f,CHOP,CHOP_ASIAN_FALSE_BREAK_TARGET,"{""close_back_atr"":0.0,""hold_hours"":4,""hour_window"":""NEW_YORK"",""stop_atr"":2.0,""sweep_atr"":0.05,""target_r_max"":2.5,""target_r_min"":0.75,""wick_min"":0.3}"
18383,1a1d18921d5f45e4,CHOP,CHOP_ASIAN_FALSE_BREAK_TARGET,"{""close_back_atr"":0.0,""hold_hours"":1,""hour_window"":""LONDON"",""stop_atr"":0.75,""sweep_atr"":0.1,""target_r_max"":4.0,""target_r_min"":0.75,""wick_min"":0.4}"
18384,559133b19db01125,CHOP,CHOP_ASIAN_FALSE_BREAK_TARGET,"{""close_back_atr"":0.2,""hold_hours"":6,""hour_window"":""POST_ASIA"",""stop_atr"":1.0,""sweep_atr"":0.2,""target_r_max"":4.0,""target_r_min"":0.75,""wick_min"":0.3}"
18385,10751b2efc513d05,CHOP,CHOP_ASIAN_FALSE_BREAK_TARGET,"{""close_back_atr"":0.1,""hold_hours"":3,""hour_window"":""POST_ASIA"",""stop_atr"":1.25,""sweep_atr"":0.3,""target_r_max"":4.0,""target_r_min"":1.0,""wick_min"":0.4}"
18386,05ff17ccd27fcffd,CHOP,CHOP_ASIAN_FALSE_BREAK_TARGET,"{""close_back_atr"":0.0,""hold_hours"":2,""hour_window"":""LONDON_NY"",""stop_atr"":0.75,""sweep_atr"":0.0,""target_r_max"":4.0,""target_r_min"":0.75,""wick_min"":0.5}"
18387,335980602cdd67cf,CHOP,CHOP_ASIAN_FALSE_BREAK_TARGET,"{""close_back_atr"":0.05,""hold_hours"":6,""hour_window"":""LONDON"",""stop_atr"":2.0,""sweep_atr"":0.0,""target_r_max"":2.5,""target_r_min"":0.75,""wick_min"":0.1}"
18388,18c7cad480e2e109,CHOP,CHOP_ASIAN_FALSE_BREAK_TARGET,"{""close_back_atr"":0.2,""hold_hours"":2,""hour_window"":""LONDON_NY"",""stop_atr"":1.0,""sweep_atr"":0.0,""target_r_max"":4.0,""target_r_min"":1.0,""wick_min"":0.4}"
18389,c28ee9f4de146640,CHOP,CHOP_ASIAN_FALSE_BREAK_TARGET,"{""close_back_atr"":0.2,""hold_hours"":2,""hour_window"":""LONDON_NY"",""stop_atr"":1.0,""sweep_atr"":0.05,""target_r_max"":4.0,""target_r_min"":1.0,""wick_min"":0.1}"
18390,2cf3db635a5daae1,CHOP,CHOP_ASIAN_FALSE_BREAK_TARGET,"{""close_back_atr"":0.2,""hold_hours"":12,""hour_window"":""LONDON"",""stop_atr"":1.25,""sweep_atr"":0.05,""target_r_max"":2.5,""target_r_min"":1.0,""wick_min"":0.4}"
18391,0436c0ce22913531,CHOP,CHOP_ASIAN_FALSE_BREAK_TARGET,"{""close_back_atr"":0.2,""hold_hours"":4,""hour_window"":""POST_ASIA"",""stop_atr"":2.0,""sweep_atr"":0.2,""target_r_max"":4.0,""target_r_min"":1.0,""wick_min"":0.3}"
18392,50d06cad43226654,CHOP,CHOP_ASIAN_FALSE_BREAK_TARGET,"{""close_back_atr"":0.1,""hold_hours"":3,""hour_window"":""NEW_YORK"",""stop_atr"":2.0,""sweep_atr"":0.2,""target_r_max"":2.5,""target_r_min"":1.0,""wick_min"":0.5}"
18393,3345e883de0c8db8,CHOP,CHOP_ASIAN_FALSE_BREAK_TARGET,"{""close_back_atr"":0.05,""hold_hours"":3,""hour_window"":""NEW_YORK"",""stop_atr"":1.5,""sweep_atr"":0.3,""target_r_max"":4.0,""target_r_min"":1.0,""wick_min"":0.2}"
18394,fc2c504d8f89423a,CHOP,CHOP_ASIAN_FALSE_BREAK_TARGET,"{""close_back_atr"":0.05,""hold_hours"":8,""hour_window"":""LONDON"",""stop_atr"":1.5,""sweep_atr"":0.3,""target_r_max"":2.5,""target_r_min"":1.0,""wick_min"":0.1}"
18395,1bc53ba979866a6a,CHOP,CHOP_ASIAN_FALSE_BREAK_TARGET,"{""close_back_atr"":0.2,""hold_hours"":3,""hour_window"":""NEW_YORK"",""stop_atr"":1.5,""sweep_atr"":0.0,""target_r_max"":2.5,""target_r_min"":1.0,""wick_min"":0.5}"
18396,927d09b0ae8e9257,CHOP,CHOP_ASIAN_FALSE_BREAK_TARGET,"{""close_back_atr"":0.1,""hold_hours"":12,""hour_window"":""LONDON_NY"",""stop_atr"":0.75,""sweep_atr"":0.05,""target_r_max"":4.0,""target_r_min"":0.75,""wick_min"":0.2}"
18397,85333380dd9f97fd,CHOP,CHOP_ASIAN_FALSE_BREAK_TARGET,"{""close_back_atr"":0.0,""hold_hours"":4,""hour_window"":""POST_ASIA"",""stop_atr"":2.0,""sweep_atr"":0.2,""target_r_max"":2.5,""target_r_min"":0.75,""wick_min"":0.5}"
18398,351a520a0abfad3e,CHOP,CHOP_ASIAN_FALSE_BREAK_TARGET,"{""close_back_atr"":0.2,""hold_hours"":8,""hour_window"":""LONDON_NY"",""stop_atr"":1.5,""sweep_atr"":0.2,""target_r_max"":2.5,""target_r_min"":0.75,""wick_min"":0.3}"
18399,fce45baf7ac81f39,CHOP,CHOP_ASIAN_FALSE_BREAK_TARGET,"{""close_back_atr"":0.2,""hold_hours"":4,""hour_window"":""LONDON_NY"",""stop_atr"":1.5,""sweep_atr"":0.3,""target_r_max"":4.0,""target_r_min"":1.0,""wick_min"":0.1}"
18400,64ea93d09726ec3b,CHOP,CHOP_ASIAN_FALSE_BREAK_TARGET,"{""close_back_atr"":0.0,""hold_hours"":12,""hour_window"":""POST_ASIA"",""stop_atr"":1.5,""sweep_atr"":0.1,""target_r_max"":4.0,""target_r_min"":0.75,""wick_min"":0.2}"
18401,5f7a002034c45371,CHOP,CHOP_ASIAN_FALSE_BREAK_TARGET,"{""close_back_atr"":0.0,""hold_hours"":12,""hour_window"":""LONDON"",""stop_atr"":1.5,""sweep_atr"":0.1,""target_r_max"":4.0,""target_r_min"":0.75,""wick_min"":0.2}"
18402,5e266508e00547b0,CHOP,CHOP_ASIAN_FALSE_BREAK_TARGET,"{""close_back_atr"":0.05,""hold_hours"":2,""hour_window"":""POST_ASIA"",""stop_atr"":1.25,""sweep_atr"":0.1,""target_r_max"":4.0,""target_r_min"":1.0,""wick_min"":0.3}"
18403,81267a753b838b24,CHOP,CHOP_ASIAN_FALSE_BREAK_TARGET,"{""close_back_atr"":0.1,""hold_hours"":1,""hour_window"":""LONDON_NY"",""stop_atr"":0.75,""sweep_atr"":0.0,""target_r_max"":4.0,""target_r_min"":1.0,""wick_min"":0.3}"
18404,d07a619e3da1ecae,CHOP,CHOP_ASIAN_FALSE_BREAK_TARGET,"{""close_back_atr"":0.05,""hold_hours"":3,""hour_window"":""POST_ASIA"",""stop_atr"":0.75,""sweep_atr"":0.1,""target_r_max"":2.5,""target_r_min"":0.75,""wick_min"":0.1}"
18405,9fd834007e7a38c4,CHOP,CHOP_ASIAN_FALSE_BREAK_TARGET,"{""close_back_atr"":0.0,""hold_hours"":8,""hour_window"":""LONDON_NY"",""stop_atr"":1.25,""sweep_atr"":0.0,""target_r_max"":4.0,""target_r_min"":1.0,""wick_min"":0.2}"
18406,b11ce18a051c6672,CHOP,CHOP_ASIAN_FALSE_BREAK_TARGET,"{""close_back_atr"":0.05,""hold_hours"":2,""hour_window"":""NEW_YORK"",""stop_atr"":1.5,""sweep_atr"":0.05,""target_r_max"":2.5,""target_r_min"":0.75,""wick_min"":0.2}"
18407,01f033362a85f47d,CHOP,CHOP_ASIAN_FALSE_BREAK_TARGET,"{""close_back_atr"":0.1,""hold_hours"":3,""hour_window"":""LONDON"",""stop_atr"":1.25,""sweep_atr"":0.2,""target_r_max"":4.0,""target_r_min"":0.75,""wick_min"":0.2}"
18408,8b674db609a1b2e7,CHOP,CHOP_ASIAN_FALSE_BREAK_TARGET,"{""close_back_atr"":0.2,""hold_hours"":12,""hour_window"":""POST_ASIA"",""stop_atr"":1.0,""sweep_atr"":0.3,""target_r_max"":2.5,""target_r_min"":1.0,""wick_min"":0.4}"
18409,f3f382a39cb231cc,CHOP,CHOP_ASIAN_FALSE_BREAK_TARGET,"{""close_back_atr"":0.0,""hold_hours"":2,""hour_window"":""POST_ASIA"",""stop_atr"":1.0,""sweep_atr"":0.2,""target_r_max"":4.0,""target_r_min"":0.75,""wick_min"":0.3}"
18410,e9256af690f6bf2b,CHOP,CHOP_ASIAN_FALSE_BREAK_TARGET,"{""close_back_atr"":0.0,""hold_hours"":8,""hour_window"":""LONDON"",""stop_atr"":0.75,""sweep_atr"":0.05,""target_r_max"":4.0,""target_r_min"":1.0,""wick_min"":0.4}"
18411,ddc669fcecfa6c03,CHOP,CHOP_ASIAN_FALSE_BREAK_TARGET,"{""close_back_atr"":0.0,""hold_hours"":1,""hour_window"":""LONDON_NY"",""stop_atr"":1.5,""sweep_atr"":0.2,""target_r_max"":4.0,""target_r_min"":0.75,""wick_min"":0.3}"
18412,4157ecfa1c3c58d5,CHOP,CHOP_ASIAN_FALSE_BREAK_TARGET,"{""close_back_atr"":0.2,""hold_hours"":4,""hour_window"":""LONDON_NY"",""stop_atr"":2.0,""sweep_atr"":0.3,""target_r_max"":2.5,""target_r_min"":0.75,""wick_min"":0.1}"
18413,cf7a6e1efa6a7e10,CHOP,CHOP_ASIAN_FALSE_BREAK_TARGET,"{""close_back_atr"":0.05,""hold_hours"":2,""hour_window"":""NEW_YORK"",""stop_atr"":1.5,""sweep_atr"":0.05,""target_r_max"":4.0,""target_r_min"":0.75,""wick_min"":0.2}"
18414,8f825efc490d1731,CHOP,CHOP_ASIAN_FALSE_BREAK_TARGET,"{""close_back_atr"":0.2,""hold_hours"":6,""hour_window"":""POST_ASIA"",""stop_atr"":1.25,""sweep_atr"":0.0,""target_r_max"":2.5,""target_r_min"":1.0,""wick_min"":0.3}"
18415,c96bc82b8e58ca94,CHOP,CHOP_ASIAN_FALSE_BREAK_TARGET,"{""close_back_atr"":0.05,""hold_hours"":3,""hour_window"":""POST_ASIA"",""stop_atr"":2.0,""sweep_atr"":0.0,""target_r_max"":4.0,""target_r_min"":1.0,""wick_min"":0.2}"
18416,7818fde3d77df85e,CHOP,CHOP_ASIAN_FALSE_BREAK_TARGET,"{""close_back_atr"":0.2,""hold_hours"":12,""hour_window"":""LONDON_NY"",""stop_atr"":2.0,""sweep_atr"":0.1,""target_r_max"":4.0,""target_r_min"":1.0,""wick_min"":0.4}"
18417,d8707cf24e286406,CHOP,CHOP_ASIAN_FALSE_BREAK_TARGET,"{""close_back_atr"":0.1,""hold_hours"":6,""hour_window"":""LONDON_NY"",""stop_atr"":1.5,""sweep_atr"":0.05,""target_r_max"":4.0,""target_r_min"":1.0,""wick_min"":0.5}"
18418,ebedf965dd4df821,CHOP,CHOP_ASIAN_FALSE_BREAK_TARGET,"{""close_back_atr"":0.05,""hold_hours"":12,""hour_window"":""LONDON_NY"",""stop_atr"":1.5,""sweep_atr"":0.3,""target_r_max"":4.0,""target_r_min"":1.0,""wick_min"":0.2}"
18419,e7f670565e83e7c3,CHOP,CHOP_ASIAN_FALSE_BREAK_TARGET,"{""close_back_atr"":0.1,""hold_hours"":12,""hour_window"":""LONDON_NY"",""stop_atr"":1.5,""sweep_atr"":0.1,""target_r_max"":2.5,""target_r_min"":1.0,""wick_min"":0.2}"
18420,95725e5d018710e9,CHOP,CHOP_PRIOR_DAY_SWEEP_TARGET,"{""close_back_atr"":0.2,""hold_hours"":3,""hour_window"":""ALL"",""stop_atr"":1.0,""sweep_atr"":0.2,""target_anchor"":""DAY_OPEN"",""target_r_max"":4.0,""target_r_min"":1.0,""wick_min"":0.2}"
18421,b2ad54a28b38d75f,CHOP,CHOP_PRIOR_DAY_SWEEP_TARGET,"{""close_back_atr"":0.1,""hold_hours"":2,""hour_window"":""LONDON"",""stop_atr"":1.0,""sweep_atr"":0.3,""target_anchor"":""DAY_OPEN"",""target_r_max"":4.0,""target_r_min"":0.75,""wick_min"":0.3}"
18422,ce1275e1eecce5ec,CHOP,CHOP_PRIOR_DAY_SWEEP_TARGET,"{""close_back_atr"":0.2,""hold_hours"":8,""hour_window"":""NEW_YORK"",""stop_atr"":2.0,""sweep_atr"":0.3,""target_anchor"":""PRIOR_DAY_MID"",""target_r_max"":4.0,""target_r_min"":0.75,""wick_min"":0.1}"
18423,b33f5775b10061bf,CHOP,CHOP_PRIOR_DAY_SWEEP_TARGET,"{""close_back_atr"":0.05,""hold_hours"":3,""hour_window"":""LONDON"",""stop_atr"":1.0,""sweep_atr"":0.2,""target_anchor"":""PRIOR_DAY_MID"",""target_r_max"":2.5,""target_r_min"":0.75,""wick_min"":0.1}"
18424,3ecfaa4cf2f02075,CHOP,CHOP_PRIOR_DAY_SWEEP_TARGET,"{""close_back_atr"":0.05,""hold_hours"":3,""hour_window"":""ALL"",""stop_atr"":1.0,""sweep_atr"":0.1,""target_anchor"":""VWAP"",""target_r_max"":2.5,""target_r_min"":0.75,""wick_min"":0.2}"
18425,afcf0b711c6b8bae,CHOP,CHOP_PRIOR_DAY_SWEEP_TARGET,"{""close_back_atr"":0.05,""hold_hours"":12,""hour_window"":""POST_ASIA"",""stop_atr"":1.0,""sweep_atr"":0.05,""target_anchor"":""DAY_OPEN"",""target_r_max"":2.5,""target_r_min"":0.75,""wick_min"":0.2}"
18426,057e5360cbcab3a6,CHOP,CHOP_PRIOR_DAY_SWEEP_TARGET,"{""close_back_atr"":0.0,""hold_hours"":3,""hour_window"":""LONDON"",""stop_atr"":1.0,""sweep_atr"":0.2,""target_anchor"":""DAY_OPEN"",""target_r_max"":4.0,""target_r_min"":1.0,""wick_min"":0.4}"
18427,c5768e7ce1dd3348,CHOP,CHOP_PRIOR_DAY_SWEEP_TARGET,"{""close_back_atr"":0.1,""hold_hours"":4,""hour_window"":""NEW_YORK"",""stop_atr"":1.25,""sweep_atr"":0.1,""target_anchor"":""PRIOR_DAY_MID"",""target_r_max"":4.0,""target_r_min"":0.75,""wick_min"":0.4}"
18428,158fafe4a096cad3,CHOP,CHOP_PRIOR_DAY_SWEEP_TARGET,"{""close_back_atr"":0.0,""hold_hours"":6,""hour_window"":""NEW_YORK"",""stop_atr"":1.5,""sweep_atr"":0.1,""target_anchor"":""PRIOR_DAY_MID"",""target_r_max"":4.0,""target_r_min"":1.0,""wick_min"":0.2}"
18429,9cf8ad1987f1e9d2,CHOP,CHOP_PRIOR_DAY_SWEEP_TARGET,"{""close_back_atr"":0.2,""hold_hours"":1,""hour_window"":""POST_ASIA"",""stop_atr"":2.0,""sweep_atr"":0.3,""target_anchor"":""VWAP"",""target_r_max"":4.0,""target_r_min"":1.0,""wick_min"":0.4}"
18430,e4cc587721f4f4c6,CHOP,CHOP_PRIOR_DAY_SWEEP_TARGET,"{""close_back_atr"":0.05,""hold_hours"":1,""hour_window"":""ALL"",""stop_atr"":1.5,""sweep_atr"":0.2,""target_anchor"":""VWAP"",""target_r_max"":2.5,""target_r_min"":0.75,""wick_min"":0.4}"
18431,25f40b9a09655cfa,CHOP,CHOP_PRIOR_DAY_SWEEP_TARGET,"{""close_back_atr"":0.05,""hold_hours"":4,""hour_window"":""NEW_YORK"",""stop_atr"":1.25,""sweep_atr"":0.1,""target_anchor"":""VWAP"",""target_r_max"":2.5,""target_r_min"":0.75,""wick_min"":0.1}"
18432,c364fa41c443f68c,CHOP,CHOP_PRIOR_DAY_SWEEP_TARGET,"{""close_back_atr"":0.0,""hold_hours"":1,""hour_window"":""NEW_YORK"",""stop_atr"":1.25,""sweep_atr"":0.2,""target_anchor"":""VWAP"",""target_r_max"":4.0,""target_r_min"":1.0,""wick_min"":0.4}"
18433,25c78bcd4f93eb89,CHOP,CHOP_PRIOR_DAY_SWEEP_TARGET,"{""close_back_atr"":0.0,""hold_hours"":1,""hour_window"":""LONDON_NY"",""stop_atr"":1.25,""sweep_atr"":0.05,""target_anchor"":""VWAP"",""target_r_max"":4.0,""target_r_min"":1.0,""wick_min"":0.4}"
18434,d292da395f903bc1,CHOP,CHOP_PRIOR_DAY_SWEEP_TARGET,"{""close_back_atr"":0.05,""hold_hours"":4,""hour_window"":""ALL"",""stop_atr"":1.5,""sweep_atr"":0.1,""target_anchor"":""DAY_OPEN"",""target_r_max"":4.0,""target_r_min"":1.0,""wick_min"":0.3}"
18435,3781eff4b164fa80,CHOP,CHOP_PRIOR_DAY_SWEEP_TARGET,"{""close_back_atr"":0.2,""hold_hours"":1,""hour_window"":""LONDON_NY"",""stop_atr"":2.0,""sweep_atr"":0.1,""target_anchor"":""PRIOR_DAY_MID"",""target_r_max"":4.0,""target_r_min"":1.0,""wick_min"":0.4}"
18436,cf007d466bbaac39,CHOP,CHOP_PRIOR_DAY_SWEEP_TARGET,"{""close_back_atr"":0.0,""hold_hours"":3,""hour_window"":""ALL"",""stop_atr"":1.5,""sweep_atr"":0.2,""target_anchor"":""DAY_OPEN"",""target_r_max"":4.0,""target_r_min"":1.0,""wick_min"":0.4}"
18437,e4f6c45d7d9b754f,CHOP,CHOP_PRIOR_DAY_SWEEP_TARGET,"{""close_back_atr"":0.0,""hold_hours"":6,""hour_window"":""POST_ASIA"",""stop_atr"":1.0,""sweep_atr"":0.2,""target_anchor"":""PRIOR_DAY_MID"",""target_r_max"":4.0,""target_r_min"":0.75,""wick_min"":0.3}"
18438,cb68457a83541aa4,CHOP,CHOP_PRIOR_DAY_SWEEP_TARGET,"{""close_back_atr"":0.1,""hold_hours"":6,""hour_window"":""LONDON_NY"",""stop_atr"":1.5,""sweep_atr"":0.0,""target_anchor"":""DAY_OPEN"",""target_r_max"":2.5,""target_r_min"":0.75,""wick_min"":0.1}"
18439,0d202c6d9e8badc2,CHOP,CHOP_PRIOR_DAY_SWEEP_TARGET,"{""close_back_atr"":0.05,""hold_hours"":4,""hour_window"":""LONDON"",""stop_atr"":1.5,""sweep_atr"":0.05,""target_anchor"":""VWAP"",""target_r_max"":4.0,""target_r_min"":1.0,""wick_min"":0.1}"
18440,10ccb28c7b5ce790,CHOP,CHOP_PRIOR_DAY_SWEEP_TARGET,"{""close_back_atr"":0.05,""hold_hours"":6,""hour_window"":""LONDON_NY"",""stop_atr"":0.75,""sweep_atr"":0.0,""target_anchor"":""PRIOR_DAY_MID"",""target_r_max"":4.0,""target_r_min"":1.0,""wick_min"":0.1}"
18441,034ae75fb03b411b,CHOP,CHOP_PRIOR_DAY_SWEEP_TARGET,"{""close_back_atr"":0.1,""hold_hours"":8,""hour_window"":""POST_ASIA"",""stop_atr"":1.25,""sweep_atr"":0.1,""target_anchor"":""PRIOR_DAY_MID"",""target_r_max"":2.5,""target_r_min"":0.75,""wick_min"":0.2}"
18442,cf12b5ba965bf69c,CHOP,CHOP_PRIOR_DAY_SWEEP_TARGET,"{""close_back_atr"":0.05,""hold_hours"":2,""hour_window"":""ALL"",""stop_atr"":0.75,""sweep_atr"":0.3,""target_anchor"":""DAY_OPEN"",""target_r_max"":4.0,""target_r_min"":1.0,""wick_min"":0.4}"
18443,6274e7675dd81a29,CHOP,CHOP_PRIOR_DAY_SWEEP_TARGET,"{""close_back_atr"":0.0,""hold_hours"":12,""hour_window"":""POST_ASIA"",""stop_atr"":2.0,""sweep_atr"":0.2,""target_anchor"":""VWAP"",""target_r_max"":2.5,""target_r_min"":0.75,""wick_min"":0.3}"
18444,79eef3db80d72ecd,CHOP,CHOP_PRIOR_DAY_SWEEP_TARGET,"{""close_back_atr"":0.1,""hold_hours"":4,""hour_window"":""LONDON"",""stop_atr"":0.75,""sweep_atr"":0.3,""target_anchor"":""VWAP"",""target_r_max"":2.5,""target_r_min"":1.0,""wick_min"":0.3}"
18445,23b70c537ea4792e,CHOP,CHOP_PRIOR_DAY_SWEEP_TARGET,"{""close_back_atr"":0.0,""hold_hours"":4,""hour_window"":""LONDON"",""stop_atr"":0.75,""sweep_atr"":0.05,""target_anchor"":""DAY_OPEN"",""target_r_max"":2.5,""target_r_min"":1.0,""wick_min"":0.3}"
18446,3b12c46dec073b31,CHOP,CHOP_PRIOR_DAY_SWEEP_TARGET,"{""close_back_atr"":0.1,""hold_hours"":4,""hour_window"":""POST_ASIA"",""stop_atr"":1.25,""sweep_atr"":0.0,""target_anchor"":""VWAP"",""target_r_max"":2.5,""target_r_min"":1.0,""wick_min"":0.4}"
18447,bc8a6a3f92c296e4,CHOP,CHOP_PRIOR_DAY_SWEEP_TARGET,"{""close_back_atr"":0.2,""hold_hours"":1,""hour_window"":""NEW_YORK"",""stop_atr"":1.0,""sweep_atr"":0.2,""target_anchor"":""VWAP"",""target_r_max"":2.5,""target_r_min"":0.75,""wick_min"":0.1}"
18448,a8c716a4c68f8968,CHOP,CHOP_PRIOR_DAY_SWEEP_TARGET,"{""close_back_atr"":0.05,""hold_hours"":4,""hour_window"":""NEW_YORK"",""stop_atr"":0.75,""sweep_atr"":0.3,""target_anchor"":""PRIOR_DAY_MID"",""target_r_max"":2.5,""target_r_min"":1.0,""wick_min"":0.3}"
18449,8eb41f77730b5fa4,CHOP,CHOP_PRIOR_DAY_SWEEP_TARGET,"{""close_back_atr"":0.1,""hold_hours"":3,""hour_window"":""POST_ASIA"",""stop_atr"":2.0,""sweep_atr"":0.3,""target_anchor"":""DAY_OPEN"",""target_r_max"":4.0,""target_r_min"":0.75,""wick_min"":0.2}"
18450,90a5b2a3f3301026,CHOP,CHOP_PRIOR_DAY_SWEEP_TARGET,"{""close_back_atr"":0.0,""hold_hours"":4,""hour_window"":""LONDON_NY"",""stop_atr"":2.0,""sweep_atr"":0.3,""target_anchor"":""VWAP"",""target_r_max"":2.5,""target_r_min"":1.0,""wick_min"":0.1}"
18451,1795be3b19aed13f,CHOP,CHOP_PRIOR_DAY_SWEEP_TARGET,"{""close_back_atr"":0.0,""hold_hours"":1,""hour_window"":""LONDON"",""stop_atr"":1.0,""sweep_atr"":0.2,""target_anchor"":""DAY_OPEN"",""target_r_max"":4.0,""target_r_min"":0.75,""wick_min"":0.1}"
18452,e1c20673a85e94c5,CHOP,CHOP_PRIOR_DAY_SWEEP_TARGET,"{""close_back_atr"":0.1,""hold_hours"":1,""hour_window"":""ALL"",""stop_atr"":1.5,""sweep_atr"":0.2,""target_anchor"":""DAY_OPEN"",""target_r_max"":4.0,""target_r_min"":1.0,""wick_min"":0.2}"
18453,06d3d30d699fc481,CHOP,CHOP_PRIOR_DAY_SWEEP_TARGET,"{""close_back_atr"":0.0,""hold_hours"":2,""hour_window"":""NEW_YORK"",""stop_atr"":1.25,""sweep_atr"":0.3,""target_anchor"":""VWAP"",""target_r_max"":2.5,""target_r_min"":0.75,""wick_min"":0.3}"
18454,1a1a2b063f11f0ab,CHOP,CHOP_PRIOR_DAY_SWEEP_TARGET,"{""close_back_atr"":0.2,""hold_hours"":12,""hour_window"":""LONDON_NY"",""stop_atr"":0.75,""sweep_atr"":0.05,""target_anchor"":""PRIOR_DAY_MID"",""target_r_max"":4.0,""target_r_min"":0.75,""wick_min"":0.4}"
18455,80c9d92f3a4423f9,CHOP,CHOP_PRIOR_DAY_SWEEP_TARGET,"{""close_back_atr"":0.0,""hold_hours"":3,""hour_window"":""POST_ASIA"",""stop_atr"":2.0,""sweep_atr"":0.0,""target_anchor"":""PRIOR_DAY_MID"",""target_r_max"":4.0,""target_r_min"":0.75,""wick_min"":0.4}"
18456,dac32d05b6df5e0c,CHOP,CHOP_PRIOR_DAY_SWEEP_TARGET,"{""close_back_atr"":0.05,""hold_hours"":2,""hour_window"":""ALL"",""stop_atr"":1.0,""sweep_atr"":0.2,""target_anchor"":""PRIOR_DAY_MID"",""target_r_max"":2.5,""target_r_min"":1.0,""wick_min"":0.4}"
18457,ade70cb17b7933f7,CHOP,CHOP_PRIOR_DAY_SWEEP_TARGET,"{""close_back_atr"":0.1,""hold_hours"":3,""hour_window"":""POST_ASIA"",""stop_atr"":2.0,""sweep_atr"":0.3,""target_anchor"":""DAY_OPEN"",""target_r_max"":4.0,""target_r_min"":1.0,""wick_min"":0.1}"
18458,899e774f143a367a,CHOP,CHOP_PRIOR_DAY_SWEEP_TARGET,"{""close_back_atr"":0.2,""hold_hours"":2,""hour_window"":""ALL"",""stop_atr"":1.5,""sweep_atr"":0.0,""target_anchor"":""VWAP"",""target_r_max"":4.0,""target_r_min"":1.0,""wick_min"":0.2}"
18459,4a2e4ce0dd352c3d,CHOP,CHOP_PRIOR_DAY_SWEEP_TARGET,"{""close_back_atr"":0.2,""hold_hours"":8,""hour_window"":""LONDON"",""stop_atr"":2.0,""sweep_atr"":0.3,""target_anchor"":""DAY_OPEN"",""target_r_max"":2.5,""target_r_min"":1.0,""wick_min"":0.1}"
18460,65e35eb028c6bd4f,CHOP,CHOP_PRIOR_DAY_SWEEP_TARGET,"{""close_back_atr"":0.05,""hold_hours"":8,""hour_window"":""ALL"",""stop_atr"":2.0,""sweep_atr"":0.0,""target_anchor"":""VWAP"",""target_r_max"":2.5,""target_r_min"":1.0,""wick_min"":0.3}"
18461,76e7c91eb6f6147f,CHOP,CHOP_PRIOR_DAY_SWEEP_TARGET,"{""close_back_atr"":0.0,""hold_hours"":3,""hour_window"":""LONDON_NY"",""stop_atr"":0.75,""sweep_atr"":0.2,""target_anchor"":""PRIOR_DAY_MID"",""target_r_max"":4.0,""target_r_min"":1.0,""wick_min"":0.1}"
18462,f5bbd57935baedb0,CHOP,CHOP_PRIOR_DAY_SWEEP_TARGET,"{""close_back_atr"":0.05,""hold_hours"":3,""hour_window"":""POST_ASIA"",""stop_atr"":1.5,""sweep_atr"":0.0,""target_anchor"":""PRIOR_DAY_MID"",""target_r_max"":2.5,""target_r_min"":0.75,""wick_min"":0.4}"
18463,cf2ae48111b36217,CHOP,CHOP_PRIOR_DAY_SWEEP_TARGET,"{""close_back_atr"":0.2,""hold_hours"":3,""hour_window"":""NEW_YORK"",""stop_atr"":1.25,""sweep_atr"":0.3,""target_anchor"":""VWAP"",""target_r_max"":2.5,""target_r_min"":1.0,""wick_min"":0.4}"
18464,99c0aa07e4600348,CHOP,CHOP_PRIOR_DAY_SWEEP_TARGET,"{""close_back_atr"":0.05,""hold_hours"":12,""hour_window"":""LONDON"",""stop_atr"":2.0,""sweep_atr"":0.1,""target_anchor"":""VWAP"",""target_r_max"":2.5,""target_r_min"":0.75,""wick_min"":0.1}"
18465,a2897f283ac43f34,CHOP,CHOP_PRIOR_DAY_SWEEP_TARGET,"{""close_back_atr"":0.2,""hold_hours"":1,""hour_window"":""LONDON_NY"",""stop_atr"":0.75,""sweep_atr"":0.05,""target_anchor"":""DAY_OPEN"",""target_r_max"":2.5,""target_r_min"":0.75,""wick_min"":0.3}"
18466,5d3bab6fb9bc68b6,CHOP,CHOP_PRIOR_DAY_SWEEP_TARGET,"{""close_back_atr"":0.1,""hold_hours"":6,""hour_window"":""ALL"",""stop_atr"":1.5,""sweep_atr"":0.05,""target_anchor"":""DAY_OPEN"",""target_r_max"":2.5,""target_r_min"":0.75,""wick_min"":0.4}"
18467,67f0a2b842e38d62,CHOP,CHOP_PRIOR_DAY_SWEEP_TARGET,"{""close_back_atr"":0.2,""hold_hours"":1,""hour_window"":""LONDON"",""stop_atr"":2.0,""sweep_atr"":0.1,""target_anchor"":""DAY_OPEN"",""target_r_max"":4.0,""target_r_min"":0.75,""wick_min"":0.4}"
18468,da729ae860f10ba3,CHOP,CHOP_PRIOR_DAY_SWEEP_TARGET,"{""close_back_atr"":0.2,""hold_hours"":4,""hour_window"":""POST_ASIA"",""stop_atr"":1.0,""sweep_atr"":0.05,""target_anchor"":""PRIOR_DAY_MID"",""target_r_max"":2.5,""target_r_min"":0.75,""wick_min"":0.2}"
18469,875ef5c5ee8121e3,CHOP,CHOP_PRIOR_DAY_SWEEP_TARGET,"{""close_back_atr"":0.05,""hold_hours"":8,""hour_window"":""NEW_YORK"",""stop_atr"":1.0,""sweep_atr"":0.1,""target_anchor"":""DAY_OPEN"",""target_r_max"":2.5,""target_r_min"":1.0,""wick_min"":0.1}"
18470,4ea12accb2ea9bad,CHOP,CHOP_PRIOR_DAY_SWEEP_TARGET,"{""close_back_atr"":0.05,""hold_hours"":4,""hour_window"":""ALL"",""stop_atr"":1.0,""sweep_atr"":0.2,""target_anchor"":""PRIOR_DAY_MID"",""target_r_max"":4.0,""target_r_min"":0.75,""wick_min"":0.2}"
18471,8b81a90c25671c0c,CHOP,CHOP_PRIOR_DAY_SWEEP_TARGET,"{""close_back_atr"":0.05,""hold_hours"":12,""hour_window"":""POST_ASIA"",""stop_atr"":1.0,""sweep_atr"":0.3,""target_anchor"":""DAY_OPEN"",""target_r_max"":4.0,""target_r_min"":1.0,""wick_min"":0.4}"
18472,6c2a013b914dd106,CHOP,CHOP_PRIOR_DAY_SWEEP_TARGET,"{""close_back_atr"":0.05,""hold_hours"":4,""hour_window"":""LONDON"",""stop_atr"":0.75,""sweep_atr"":0.2,""target_anchor"":""VWAP"",""target_r_max"":4.0,""target_r_min"":0.75,""wick_min"":0.4}"
18473,301690184207e75a,CHOP,CHOP_PRIOR_DAY_SWEEP_TARGET,"{""close_back_atr"":0.2,""hold_hours"":12,""hour_window"":""LONDON"",""stop_atr"":1.25,""sweep_atr"":0.2,""target_anchor"":""VWAP"",""target_r_max"":4.0,""target_r_min"":1.0,""wick_min"":0.3}"
18474,636444d3ac33e978,CHOP,CHOP_PRIOR_DAY_SWEEP_TARGET,"{""close_back_atr"":0.2,""hold_hours"":12,""hour_window"":""NEW_YORK"",""stop_atr"":0.75,""sweep_atr"":0.1,""target_anchor"":""PRIOR_DAY_MID"",""target_r_max"":4.0,""target_r_min"":1.0,""wick_min"":0.4}"
18475,49fb11011537db0b,CHOP,CHOP_PRIOR_DAY_SWEEP_TARGET,"{""close_back_atr"":0.1,""hold_hours"":12,""hour_window"":""POST_ASIA"",""stop_atr"":2.0,""sweep_atr"":0.2,""target_anchor"":""PRIOR_DAY_MID"",""target_r_max"":4.0,""target_r_min"":0.75,""wick_min"":0.1}"
18476,e3ba38a641802dc3,CHOP,CHOP_PRIOR_DAY_SWEEP_TARGET,"{""close_back_atr"":0.0,""hold_hours"":8,""hour_window"":""POST_ASIA"",""stop_atr"":1.0,""sweep_atr"":0.2,""target_anchor"":""PRIOR_DAY_MID"",""target_r_max"":4.0,""target_r_min"":1.0,""wick_min"":0.2}"
18477,85c2a4ad85c973ab,CHOP,CHOP_PRIOR_DAY_SWEEP_TARGET,"{""close_back_atr"":0.05,""hold_hours"":6,""hour_window"":""NEW_YORK"",""stop_atr"":1.0,""sweep_atr"":0.3,""target_anchor"":""PRIOR_DAY_MID"",""target_r_max"":2.5,""target_r_min"":1.0,""wick_min"":0.2}"
18478,5535fe5bb7f78094,CHOP,CHOP_PRIOR_DAY_SWEEP_TARGET,"{""close_back_atr"":0.1,""hold_hours"":8,""hour_window"":""POST_ASIA"",""stop_atr"":1.25,""sweep_atr"":0.3,""target_anchor"":""PRIOR_DAY_MID"",""target_r_max"":4.0,""target_r_min"":1.0,""wick_min"":0.3}"
18479,3385bfddef76f62d,CHOP,CHOP_PRIOR_DAY_SWEEP_TARGET,"{""close_back_atr"":0.0,""hold_hours"":2,""hour_window"":""LONDON"",""stop_atr"":1.0,""sweep_atr"":0.0,""target_anchor"":""PRIOR_DAY_MID"",""target_r_max"":2.5,""target_r_min"":0.75,""wick_min"":0.2}"
18480,8cff3e8f244eb634,CHOP,CHOP_PRIOR_DAY_SWEEP_TARGET,"{""close_back_atr"":0.1,""hold_hours"":12,""hour_window"":""LONDON"",""stop_atr"":1.5,""sweep_atr"":0.05,""target_anchor"":""DAY_OPEN"",""target_r_max"":4.0,""target_r_min"":1.0,""wick_min"":0.3}"
18481,d48f612d48135aee,CHOP,CHOP_PRIOR_DAY_SWEEP_TARGET,"{""close_back_atr"":0.05,""hold_hours"":3,""hour_window"":""LONDON_NY"",""stop_atr"":1.5,""sweep_atr"":0.1,""target_anchor"":""VWAP"",""target_r_max"":4.0,""target_r_min"":1.0,""wick_min"":0.1}"
18482,35e98156c2cdfe85,CHOP,CHOP_PRIOR_DAY_SWEEP_TARGET,"{""close_back_atr"":0.05,""hold_hours"":12,""hour_window"":""NEW_YORK"",""stop_atr"":2.0,""sweep_atr"":0.05,""target_anchor"":""PRIOR_DAY_MID"",""target_r_max"":4.0,""target_r_min"":1.0,""wick_min"":0.3}"
18483,c6477e167f388482,CHOP,CHOP_PRIOR_DAY_SWEEP_TARGET,"{""close_back_atr"":0.2,""hold_hours"":4,""hour_window"":""ALL"",""stop_atr"":1.5,""sweep_atr"":0.3,""target_anchor"":""DAY_OPEN"",""target_r_max"":4.0,""target_r_min"":1.0,""wick_min"":0.1}"
18484,674842fb77170c6d,CHOP,CHOP_PRIOR_DAY_SWEEP_TARGET,"{""close_back_atr"":0.05,""hold_hours"":1,""hour_window"":""NEW_YORK"",""stop_atr"":0.75,""sweep_atr"":0.0,""target_anchor"":""PRIOR_DAY_MID"",""target_r_max"":4.0,""target_r_min"":1.0,""wick_min"":0.3}"
18485,7aa1d101191627b0,CHOP,CHOP_PRIOR_DAY_SWEEP_TARGET,"{""close_back_atr"":0.1,""hold_hours"":1,""hour_window"":""LONDON_NY"",""stop_atr"":1.5,""sweep_atr"":0.1,""target_anchor"":""VWAP"",""target_r_max"":2.5,""target_r_min"":1.0,""wick_min"":0.1}"
18486,06e4328242a8b991,CHOP,CHOP_PRIOR_DAY_SWEEP_TARGET,"{""close_back_atr"":0.1,""hold_hours"":8,""hour_window"":""POST_ASIA"",""stop_atr"":2.0,""sweep_atr"":0.2,""target_anchor"":""VWAP"",""target_r_max"":4.0,""target_r_min"":1.0,""wick_min"":0.4}"
18487,8c9be2cedf660fc2,CHOP,CHOP_PRIOR_DAY_SWEEP_TARGET,"{""close_back_atr"":0.05,""hold_hours"":3,""hour_window"":""LONDON_NY"",""stop_atr"":0.75,""sweep_atr"":0.1,""target_anchor"":""DAY_OPEN"",""target_r_max"":2.5,""target_r_min"":0.75,""wick_min"":0.2}"
18488,d2cc7d4d184aba6d,CHOP,CHOP_PRIOR_DAY_SWEEP_TARGET,"{""close_back_atr"":0.1,""hold_hours"":3,""hour_window"":""NEW_YORK"",""stop_atr"":2.0,""sweep_atr"":0.05,""target_anchor"":""VWAP"",""target_r_max"":2.5,""target_r_min"":1.0,""wick_min"":0.4}"
18489,f19d6187390f19e2,CHOP,CHOP_PRIOR_DAY_SWEEP_TARGET,"{""close_back_atr"":0.1,""hold_hours"":4,""hour_window"":""LONDON_NY"",""stop_atr"":1.5,""sweep_atr"":0.1,""target_anchor"":""PRIOR_DAY_MID"",""target_r_max"":2.5,""target_r_min"":0.75,""wick_min"":0.4}"
18490,af53a69974a87bd1,CHOP,CHOP_PRIOR_DAY_SWEEP_TARGET,"{""close_back_atr"":0.1,""hold_hours"":12,""hour_window"":""LONDON"",""stop_atr"":1.0,""sweep_atr"":0.1,""target_anchor"":""VWAP"",""target_r_max"":4.0,""target_r_min"":0.75,""wick_min"":0.3}"
18491,d4621c0bf29ad21d,CHOP,CHOP_PRIOR_DAY_SWEEP_TARGET,"{""close_back_atr"":0.0,""hold_hours"":6,""hour_window"":""LONDON_NY"",""stop_atr"":1.0,""sweep_atr"":0.0,""target_anchor"":""PRIOR_DAY_MID"",""target_r_max"":4.0,""target_r_min"":0.75,""wick_min"":0.3}"
18492,40317ac703454717,CHOP,CHOP_PRIOR_DAY_SWEEP_TARGET,"{""close_back_atr"":0.2,""hold_hours"":1,""hour_window"":""LONDON_NY"",""stop_atr"":1.25,""sweep_atr"":0.0,""target_anchor"":""PRIOR_DAY_MID"",""target_r_max"":2.5,""target_r_min"":0.75,""wick_min"":0.3}"
18493,4156cc37adf49778,CHOP,CHOP_PRIOR_DAY_SWEEP_TARGET,"{""close_back_atr"":0.1,""hold_hours"":2,""hour_window"":""NEW_YORK"",""stop_atr"":1.25,""sweep_atr"":0.1,""target_anchor"":""PRIOR_DAY_MID"",""target_r_max"":2.5,""target_r_min"":1.0,""wick_min"":0.4}"
18494,3a7db7957fcd12c7,CHOP,CHOP_PRIOR_DAY_SWEEP_TARGET,"{""close_back_atr"":0.1,""hold_hours"":2,""hour_window"":""LONDON_NY"",""stop_atr"":1.25,""sweep_atr"":0.1,""target_anchor"":""VWAP"",""target_r_max"":2.5,""target_r_min"":1.0,""wick_min"":0.3}"
18495,c0495455f9410a2b,CHOP,CHOP_PRIOR_DAY_SWEEP_TARGET,"{""close_back_atr"":0.0,""hold_hours"":8,""hour_window"":""NEW_YORK"",""stop_atr"":1.0,""sweep_atr"":0.05,""target_anchor"":""DAY_OPEN"",""target_r_max"":4.0,""target_r_min"":0.75,""wick_min"":0.2}"
18496,aa387cb692afa1f6,CHOP,CHOP_PRIOR_DAY_SWEEP_TARGET,"{""close_back_atr"":0.2,""hold_hours"":12,""hour_window"":""NEW_YORK"",""stop_atr"":2.0,""sweep_atr"":0.3,""target_anchor"":""PRIOR_DAY_MID"",""target_r_max"":2.5,""target_r_min"":0.75,""wick_min"":0.1}"
18497,b5e94dce9a616511,CHOP,CHOP_PRIOR_DAY_SWEEP_TARGET,"{""close_back_atr"":0.05,""hold_hours"":12,""hour_window"":""ALL"",""stop_atr"":2.0,""sweep_atr"":0.1,""target_anchor"":""VWAP"",""target_r_max"":4.0,""target_r_min"":1.0,""wick_min"":0.3}"
18498,5f15910c7b6b5264,CHOP,CHOP_PRIOR_DAY_SWEEP_TARGET,"{""close_back_atr"":0.0,""hold_hours"":8,""hour_window"":""LONDON_NY"",""stop_atr"":1.25,""sweep_atr"":0.0,""target_anchor"":""VWAP"",""target_r_max"":4.0,""target_r_min"":1.0,""wick_min"":0.1}"
18499,85ca68dfbb0775fe,CHOP,CHOP_PRIOR_DAY_SWEEP_TARGET,"{""close_back_atr"":0.2,""hold_hours"":3,""hour_window"":""POST_ASIA"",""stop_atr"":1.0,""sweep_atr"":0.1,""target_anchor"":""VWAP"",""target_r_max"":4.0,""target_r_min"":1.0,""wick_min"":0.1}"
18500,8fc808816d834120,CHOP,CHOP_PRIOR_DAY_SWEEP_TARGET,"{""close_back_atr"":0.0,""hold_hours"":3,""hour_window"":""LONDON"",""stop_atr"":2.0,""sweep_atr"":0.3,""target_anchor"":""PRIOR_DAY_MID"",""target_r_max"":2.5,""target_r_min"":1.0,""wick_min"":0.1}"
18501,30fa7cb40a8a3c27,CHOP,CHOP_PRIOR_DAY_SWEEP_TARGET,"{""close_back_atr"":0.05,""hold_hours"":6,""hour_window"":""NEW_YORK"",""stop_atr"":0.75,""sweep_atr"":0.1,""target_anchor"":""DAY_OPEN"",""target_r_max"":2.5,""target_r_min"":0.75,""wick_min"":0.3}"
18502,43727c6f6ddf1cd8,CHOP,CHOP_PRIOR_DAY_SWEEP_TARGET,"{""close_back_atr"":0.2,""hold_hours"":3,""hour_window"":""NEW_YORK"",""stop_atr"":1.0,""sweep_atr"":0.05,""target_anchor"":""DAY_OPEN"",""target_r_max"":4.0,""target_r_min"":0.75,""wick_min"":0.3}"
18503,0d6bcd6df8a6ff4c,CHOP,CHOP_PRIOR_DAY_SWEEP_TARGET,"{""close_back_atr"":0.2,""hold_hours"":1,""hour_window"":""POST_ASIA"",""stop_atr"":1.5,""sweep_atr"":0.3,""target_anchor"":""PRIOR_DAY_MID"",""target_r_max"":4.0,""target_r_min"":1.0,""wick_min"":0.4}"
18504,3b071ef7be2d17d0,CHOP,CHOP_PRIOR_DAY_SWEEP_TARGET,"{""close_back_atr"":0.2,""hold_hours"":1,""hour_window"":""ALL"",""stop_atr"":0.75,""sweep_atr"":0.3,""target_anchor"":""DAY_OPEN"",""target_r_max"":2.5,""target_r_min"":0.75,""wick_min"":0.1}"
18505,e22895cfbf4656cf,CHOP,CHOP_PRIOR_DAY_SWEEP_TARGET,"{""close_back_atr"":0.0,""hold_hours"":1,""hour_window"":""ALL"",""stop_atr"":1.0,""sweep_atr"":0.3,""target_anchor"":""PRIOR_DAY_MID"",""target_r_max"":2.5,""target_r_min"":0.75,""wick_min"":0.1}"
18506,92e1cc4f5987d7c4,CHOP,CHOP_PRIOR_DAY_SWEEP_TARGET,"{""close_back_atr"":0.05,""hold_hours"":12,""hour_window"":""LONDON_NY"",""stop_atr"":0.75,""sweep_atr"":0.0,""target_anchor"":""PRIOR_DAY_MID"",""target_r_max"":4.0,""target_r_min"":0.75,""wick_min"":0.1}"
18507,cd07897183b41ef2,CHOP,CHOP_PRIOR_DAY_SWEEP_TARGET,"{""close_back_atr"":0.1,""hold_hours"":4,""hour_window"":""LONDON_NY"",""stop_atr"":1.0,""sweep_atr"":0.1,""target_anchor"":""VWAP"",""target_r_max"":4.0,""target_r_min"":0.75,""wick_min"":0.2}"
18508,cf85732d62d10222,CHOP,CHOP_PRIOR_DAY_SWEEP_TARGET,"{""close_back_atr"":0.0,""hold_hours"":12,""hour_window"":""LONDON_NY"",""stop_atr"":1.5,""sweep_atr"":0.1,""target_anchor"":""PRIOR_DAY_MID"",""target_r_max"":4.0,""target_r_min"":0.75,""wick_min"":0.2}"
18509,1095f08a924f202f,CHOP,CHOP_PRIOR_DAY_SWEEP_TARGET,"{""close_back_atr"":0.1,""hold_hours"":3,""hour_window"":""LONDON"",""stop_atr"":1.5,""sweep_atr"":0.2,""target_anchor"":""PRIOR_DAY_MID"",""target_r_max"":2.5,""target_r_min"":1.0,""wick_min"":0.4}"
18510,b89db8eca0289c87,CHOP,CHOP_PRIOR_DAY_SWEEP_TARGET,"{""close_back_atr"":0.1,""hold_hours"":3,""hour_window"":""LONDON"",""stop_atr"":2.0,""sweep_atr"":0.05,""target_anchor"":""PRIOR_DAY_MID"",""target_r_max"":2.5,""target_r_min"":1.0,""wick_min"":0.4}"
18511,b7348d5a9f704f43,CHOP,CHOP_PRIOR_DAY_SWEEP_TARGET,"{""close_back_atr"":0.1,""hold_hours"":6,""hour_window"":""POST_ASIA"",""stop_atr"":2.0,""sweep_atr"":0.1,""target_anchor"":""DAY_OPEN"",""target_r_max"":2.5,""target_r_min"":1.0,""wick_min"":0.4}"
18512,8a8875748edebe5f,CHOP,CHOP_PRIOR_DAY_SWEEP_TARGET,"{""close_back_atr"":0.2,""hold_hours"":2,""hour_window"":""LONDON_NY"",""stop_atr"":1.0,""sweep_atr"":0.1,""target_anchor"":""VWAP"",""target_r_max"":4.0,""target_r_min"":0.75,""wick_min"":0.1}"
18513,9fcaaf1d818e3f1e,CHOP,CHOP_PRIOR_DAY_SWEEP_TARGET,"{""close_back_atr"":0.05,""hold_hours"":8,""hour_window"":""LONDON_NY"",""stop_atr"":1.25,""sweep_atr"":0.05,""target_anchor"":""VWAP"",""target_r_max"":2.5,""target_r_min"":0.75,""wick_min"":0.1}"
18514,705f1867d0e58b4e,CHOP,CHOP_PRIOR_DAY_SWEEP_TARGET,"{""close_back_atr"":0.2,""hold_hours"":4,""hour_window"":""NEW_YORK"",""stop_atr"":1.25,""sweep_atr"":0.1,""target_anchor"":""DAY_OPEN"",""target_r_max"":4.0,""target_r_min"":0.75,""wick_min"":0.1}"
18515,4bd1f9a2307be134,CHOP,CHOP_PRIOR_DAY_SWEEP_TARGET,"{""close_back_atr"":0.0,""hold_hours"":2,""hour_window"":""NEW_YORK"",""stop_atr"":1.0,""sweep_atr"":0.2,""target_anchor"":""DAY_OPEN"",""target_r_max"":2.5,""target_r_min"":1.0,""wick_min"":0.4}"
18516,8f361e2b44df161b,CHOP,CHOP_PRIOR_DAY_SWEEP_TARGET,"{""close_back_atr"":0.1,""hold_hours"":2,""hour_window"":""LONDON_NY"",""stop_atr"":1.25,""sweep_atr"":0.2,""target_anchor"":""PRIOR_DAY_MID"",""target_r_max"":4.0,""target_r_min"":0.75,""wick_min"":0.2}"
18517,eee2e1bbb7349862,CHOP,CHOP_PRIOR_DAY_SWEEP_TARGET,"{""close_back_atr"":0.2,""hold_hours"":12,""hour_window"":""ALL"",""stop_atr"":1.25,""sweep_atr"":0.3,""target_anchor"":""PRIOR_DAY_MID"",""target_r_max"":2.5,""target_r_min"":1.0,""wick_min"":0.4}"
18518,1fd8ada4ee57746f,CHOP,CHOP_PRIOR_DAY_SWEEP_TARGET,"{""close_back_atr"":0.0,""hold_hours"":2,""hour_window"":""NEW_YORK"",""stop_atr"":1.25,""sweep_atr"":0.2,""target_anchor"":""PRIOR_DAY_MID"",""target_r_max"":2.5,""target_r_min"":1.0,""wick_min"":0.3}"
18519,135c742a866c27c7,CHOP,CHOP_PRIOR_DAY_SWEEP_TARGET,"{""close_back_atr"":0.2,""hold_hours"":2,""hour_window"":""NEW_YORK"",""stop_atr"":0.75,""sweep_atr"":0.3,""target_anchor"":""PRIOR_DAY_MID"",""target_r_max"":2.5,""target_r_min"":0.75,""wick_min"":0.1}"
18520,f023a67d417cd3d1,CHOP,CHOP_ROLLING_MEAN_TARGET,"{""deviation_atr"":1.25,""efficiency_max"":0.45,""hold_hours"":2,""hour_window"":""LONDON"",""lookback"":48,""require_confirmation"":false,""stop_atr"":1.0,""target_r_max"":2.5,""target_r_min"":0.75}"
18521,80fe45ed59d5ffd0,CHOP,CHOP_ROLLING_MEAN_TARGET,"{""deviation_atr"":1.5,""efficiency_max"":0.35,""hold_hours"":2,""hour_window"":""LONDON_NY"",""lookback"":24,""require_confirmation"":false,""stop_atr"":1.5,""target_r_max"":4.0,""target_r_min"":1.0}"
18522,952ad0d15f01ec24,CHOP,CHOP_ROLLING_MEAN_TARGET,"{""deviation_atr"":0.5,""efficiency_max"":0.25,""hold_hours"":3,""hour_window"":""ALL"",""lookback"":72,""require_confirmation"":false,""stop_atr"":1.0,""target_r_max"":2.5,""target_r_min"":0.75}"
18523,f6008eafa1c0f25b,CHOP,CHOP_ROLLING_MEAN_TARGET,"{""deviation_atr"":2.0,""efficiency_max"":0.25,""hold_hours"":12,""hour_window"":""ALL"",""lookback"":48,""require_confirmation"":true,""stop_atr"":1.5,""target_r_max"":4.0,""target_r_min"":1.0}"
18524,94907ec2b7f4e847,CHOP,CHOP_ROLLING_MEAN_TARGET,"{""deviation_atr"":1.5,""efficiency_max"":0.35,""hold_hours"":2,""hour_window"":""NEW_YORK"",""lookback"":48,""require_confirmation"":true,""stop_atr"":0.75,""target_r_max"":2.5,""target_r_min"":1.0}"
18525,bbd1aed62e89aa6a,CHOP,CHOP_ROLLING_MEAN_TARGET,"{""deviation_atr"":0.75,""efficiency_max"":0.15,""hold_hours"":4,""hour_window"":""POST_ASIA"",""lookback"":16,""require_confirmation"":false,""stop_atr"":2.0,""target_r_max"":2.5,""target_r_min"":1.0}"
18526,2313640f55a2b8d3,CHOP,CHOP_ROLLING_MEAN_TARGET,"{""deviation_atr"":1.25,""efficiency_max"":0.35,""hold_hours"":6,""hour_window"":""POST_ASIA"",""lookback"":72,""require_confirmation"":false,""stop_atr"":1.0,""target_r_max"":4.0,""target_r_min"":0.75}"
18527,88c405300368dccc,CHOP,CHOP_ROLLING_MEAN_TARGET,"{""deviation_atr"":0.75,""efficiency_max"":0.35,""hold_hours"":6,""hour_window"":""ALL"",""lookback"":48,""require_confirmation"":false,""stop_atr"":1.25,""target_r_max"":4.0,""target_r_min"":1.0}"
18528,8ca3acdcee89b1a8,CHOP,CHOP_ROLLING_MEAN_TARGET,"{""deviation_atr"":0.5,""efficiency_max"":0.45,""hold_hours"":6,""hour_window"":""NEW_YORK"",""lookback"":96,""require_confirmation"":false,""stop_atr"":0.75,""target_r_max"":4.0,""target_r_min"":0.75}"
18529,71b3a25da6afb041,CHOP,CHOP_ROLLING_MEAN_TARGET,"{""deviation_atr"":0.75,""efficiency_max"":0.45,""hold_hours"":3,""hour_window"":""NEW_YORK"",""lookback"":96,""require_confirmation"":false,""stop_atr"":1.25,""target_r_max"":2.5,""target_r_min"":0.75}"
18530,9f34b56a5dafd129,CHOP,CHOP_ROLLING_MEAN_TARGET,"{""deviation_atr"":0.5,""efficiency_max"":0.25,""hold_hours"":2,""hour_window"":""LONDON"",""lookback"":16,""require_confirmation"":false,""stop_atr"":1.0,""target_r_max"":4.0,""target_r_min"":0.75}"
18531,9c429adcba0ada77,CHOP,CHOP_ROLLING_MEAN_TARGET,"{""deviation_atr"":0.75,""efficiency_max"":0.25,""hold_hours"":3,""hour_window"":""NEW_YORK"",""lookback"":96,""require_confirmation"":false,""stop_atr"":2.0,""target_r_max"":2.5,""target_r_min"":0.75}"
18532,998b4316aa8c62ee,CHOP,CHOP_ROLLING_MEAN_TARGET,"{""deviation_atr"":0.75,""efficiency_max"":0.35,""hold_hours"":1,""hour_window"":""ALL"",""lookback"":32,""require_confirmation"":false,""stop_atr"":1.25,""target_r_max"":2.5,""target_r_min"":1.0}"
18533,67732eab98965274,CHOP,CHOP_ROLLING_MEAN_TARGET,"{""deviation_atr"":0.75,""efficiency_max"":0.25,""hold_hours"":8,""hour_window"":""LONDON_NY"",""lookback"":32,""require_confirmation"":false,""stop_atr"":1.5,""target_r_max"":2.5,""target_r_min"":0.75}"
18534,88204b9d1d009cca,CHOP,CHOP_ROLLING_MEAN_TARGET,"{""deviation_atr"":1.25,""efficiency_max"":0.45,""hold_hours"":6,""hour_window"":""NEW_YORK"",""lookback"":24,""require_confirmation"":true,""stop_atr"":1.0,""target_r_max"":4.0,""target_r_min"":1.0}"
18535,b817ab7553f6c6e8,CHOP,CHOP_ROLLING_MEAN_TARGET,"{""deviation_atr"":1.5,""efficiency_max"":0.35,""hold_hours"":2,""hour_window"":""LONDON_NY"",""lookback"":24,""require_confirmation"":true,""stop_atr"":1.5,""target_r_max"":4.0,""target_r_min"":1.0}"
18536,4355b8b755f8aacd,CHOP,CHOP_ROLLING_MEAN_TARGET,"{""deviation_atr"":1.0,""efficiency_max"":0.45,""hold_hours"":4,""hour_window"":""ALL"",""lookback"":16,""require_confirmation"":true,""stop_atr"":2.0,""target_r_max"":2.5,""target_r_min"":0.75}"
18537,f3c9f3f9a0af9c90,CHOP,CHOP_ROLLING_MEAN_TARGET,"{""deviation_atr"":1.25,""efficiency_max"":0.35,""hold_hours"":2,""hour_window"":""LONDON"",""lookback"":24,""require_confirmation"":true,""stop_atr"":2.0,""target_r_max"":2.5,""target_r_min"":0.75}"
18538,54d364b9941562df,CHOP,CHOP_ROLLING_MEAN_TARGET,"{""deviation_atr"":0.75,""efficiency_max"":0.45,""hold_hours"":8,""hour_window"":""LONDON_NY"",""lookback"":24,""require_confirmation"":true,""stop_atr"":0.75,""target_r_max"":4.0,""target_r_min"":1.0}"
18539,90bd17de2aecb4ec,CHOP,CHOP_ROLLING_MEAN_TARGET,"{""deviation_atr"":1.0,""efficiency_max"":0.15,""hold_hours"":6,""hour_window"":""POST_ASIA"",""lookback"":72,""require_confirmation"":true,""stop_atr"":2.0,""target_r_max"":4.0,""target_r_min"":0.75}"
18540,a34eb3cfea25362b,CHOP,CHOP_ROLLING_MEAN_TARGET,"{""deviation_atr"":1.0,""efficiency_max"":0.35,""hold_hours"":3,""hour_window"":""NEW_YORK"",""lookback"":24,""require_confirmation"":false,""stop_atr"":1.5,""target_r_max"":2.5,""target_r_min"":1.0}"
18541,e7310a377c179e16,CHOP,CHOP_ROLLING_MEAN_TARGET,"{""deviation_atr"":1.0,""efficiency_max"":0.15,""hold_hours"":8,""hour_window"":""ALL"",""lookback"":16,""require_confirmation"":false,""stop_atr"":1.5,""target_r_max"":2.5,""target_r_min"":0.75}"
18542,7df6e22ea7fb4a25,CHOP,CHOP_ROLLING_MEAN_TARGET,"{""deviation_atr"":0.75,""efficiency_max"":0.25,""hold_hours"":12,""hour_window"":""LONDON_NY"",""lookback"":48,""require_confirmation"":false,""stop_atr"":1.0,""target_r_max"":4.0,""target_r_min"":0.75}"
18543,9f7f9416abb57e13,CHOP,CHOP_ROLLING_MEAN_TARGET,"{""deviation_atr"":1.5,""efficiency_max"":0.15,""hold_hours"":2,""hour_window"":""ALL"",""lookback"":24,""require_confirmation"":false,""stop_atr"":1.0,""target_r_max"":4.0,""target_r_min"":1.0}"
18544,67bf4ee77480146e,CHOP,CHOP_ROLLING_MEAN_TARGET,"{""deviation_atr"":1.25,""efficiency_max"":0.15,""hold_hours"":6,""hour_window"":""POST_ASIA"",""lookback"":96,""require_confirmation"":false,""stop_atr"":1.25,""target_r_max"":2.5,""target_r_min"":0.75}"
18545,e4e4c3a27fb058dd,CHOP,CHOP_ROLLING_MEAN_TARGET,"{""deviation_atr"":0.75,""efficiency_max"":0.45,""hold_hours"":12,""hour_window"":""NEW_YORK"",""lookback"":32,""require_confirmation"":true,""stop_atr"":1.5,""target_r_max"":2.5,""target_r_min"":1.0}"
18546,b81f8182f5cd07d5,CHOP,CHOP_ROLLING_MEAN_TARGET,"{""deviation_atr"":0.75,""efficiency_max"":0.35,""hold_hours"":2,""hour_window"":""LONDON"",""lookback"":72,""require_confirmation"":true,""stop_atr"":1.5,""target_r_max"":2.5,""target_r_min"":1.0}"
18547,e45e4cd912f09125,CHOP,CHOP_ROLLING_MEAN_TARGET,"{""deviation_atr"":0.75,""efficiency_max"":0.15,""hold_hours"":3,""hour_window"":""POST_ASIA"",""lookback"":24,""require_confirmation"":true,""stop_atr"":1.25,""target_r_max"":4.0,""target_r_min"":0.75}"
18548,91648a982229ff65,CHOP,CHOP_ROLLING_MEAN_TARGET,"{""deviation_atr"":0.5,""efficiency_max"":0.45,""hold_hours"":4,""hour_window"":""ALL"",""lookback"":96,""require_confirmation"":true,""stop_atr"":0.75,""target_r_max"":2.5,""target_r_min"":0.75}"
18549,b655f5eaa192d048,CHOP,CHOP_ROLLING_MEAN_TARGET,"{""deviation_atr"":0.5,""efficiency_max"":0.35,""hold_hours"":4,""hour_window"":""ALL"",""lookback"":24,""require_confirmation"":false,""stop_atr"":2.0,""target_r_max"":2.5,""target_r_min"":0.75}"
18550,ff840ffa4f05a4be,CHOP,CHOP_ROLLING_MEAN_TARGET,"{""deviation_atr"":0.75,""efficiency_max"":0.25,""hold_hours"":3,""hour_window"":""POST_ASIA"",""lookback"":16,""require_confirmation"":true,""stop_atr"":2.0,""target_r_max"":4.0,""target_r_min"":1.0}"
18551,44c41f3c7deec485,CHOP,CHOP_ROLLING_MEAN_TARGET,"{""deviation_atr"":2.0,""efficiency_max"":0.15,""hold_hours"":8,""hour_window"":""POST_ASIA"",""lookback"":32,""require_confirmation"":false,""stop_atr"":0.75,""target_r_max"":4.0,""target_r_min"":1.0}"
18552,e3536ec93ef3b0fc,CHOP,CHOP_ROLLING_MEAN_TARGET,"{""deviation_atr"":2.0,""efficiency_max"":0.25,""hold_hours"":3,""hour_window"":""LONDON"",""lookback"":96,""require_confirmation"":true,""stop_atr"":1.5,""target_r_max"":4.0,""target_r_min"":1.0}"
18553,a6a8388ef9ea9e4f,CHOP,CHOP_ROLLING_MEAN_TARGET,"{""deviation_atr"":0.75,""efficiency_max"":0.35,""hold_hours"":4,""hour_window"":""LONDON_NY"",""lookback"":16,""require_confirmation"":false,""stop_atr"":0.75,""target_r_max"":4.0,""target_r_min"":1.0}"
18554,7e30284c63ffc2f3,CHOP,CHOP_ROLLING_MEAN_TARGET,"{""deviation_atr"":1.25,""efficiency_max"":0.35,""hold_hours"":12,""hour_window"":""NEW_YORK"",""lookback"":24,""require_confirmation"":true,""stop_atr"":0.75,""target_r_max"":4.0,""target_r_min"":0.75}"
18555,40b6fbf2c188ca7f,CHOP,CHOP_ROLLING_MEAN_TARGET,"{""deviation_atr"":1.0,""efficiency_max"":0.15,""hold_hours"":12,""hour_window"":""LONDON"",""lookback"":48,""require_confirmation"":true,""stop_atr"":2.0,""target_r_max"":4.0,""target_r_min"":0.75}"
18556,46a5fc20d5a8b151,CHOP,CHOP_ROLLING_MEAN_TARGET,"{""deviation_atr"":0.75,""efficiency_max"":0.15,""hold_hours"":12,""hour_window"":""POST_ASIA"",""lookback"":48,""require_confirmation"":true,""stop_atr"":2.0,""target_r_max"":2.5,""target_r_min"":0.75}"
18557,700d6e97aa99fd08,CHOP,CHOP_ROLLING_MEAN_TARGET,"{""deviation_atr"":2.0,""efficiency_max"":0.25,""hold_hours"":4,""hour_window"":""POST_ASIA"",""lookback"":48,""require_confirmation"":true,""stop_atr"":1.25,""target_r_max"":2.5,""target_r_min"":0.75}"
18558,dea0373fae80556f,CHOP,CHOP_ROLLING_MEAN_TARGET,"{""deviation_atr"":2.0,""efficiency_max"":0.45,""hold_hours"":3,""hour_window"":""LONDON"",""lookback"":72,""require_confirmation"":false,""stop_atr"":1.0,""target_r_max"":2.5,""target_r_min"":0.75}"
18559,d7669bebf6d92c69,CHOP,CHOP_ROLLING_MEAN_TARGET,"{""deviation_atr"":2.0,""efficiency_max"":0.35,""hold_hours"":6,""hour_window"":""LONDON_NY"",""lookback"":48,""require_confirmation"":true,""stop_atr"":1.0,""target_r_max"":4.0,""target_r_min"":1.0}"
18560,dc25b2eb067ae585,CHOP,CHOP_ROLLING_MEAN_TARGET,"{""deviation_atr"":1.0,""efficiency_max"":0.25,""hold_hours"":8,""hour_window"":""POST_ASIA"",""lookback"":72,""require_confirmation"":true,""stop_atr"":1.25,""target_r_max"":2.5,""target_r_min"":1.0}"
18561,c6ea45cb742b5d66,CHOP,CHOP_ROLLING_MEAN_TARGET,"{""deviation_atr"":1.5,""efficiency_max"":0.45,""hold_hours"":8,""hour_window"":""POST_ASIA"",""lookback"":48,""require_confirmation"":false,""stop_atr"":1.5,""target_r_max"":4.0,""target_r_min"":0.75}"
18562,922ea901f68246cc,CHOP,CHOP_ROLLING_MEAN_TARGET,"{""deviation_atr"":1.25,""efficiency_max"":0.45,""hold_hours"":3,""hour_window"":""LONDON_NY"",""lookback"":96,""require_confirmation"":false,""stop_atr"":0.75,""target_r_max"":2.5,""target_r_min"":0.75}"
18563,3df83041dd099783,CHOP,CHOP_ROLLING_MEAN_TARGET,"{""deviation_atr"":2.0,""efficiency_max"":0.45,""hold_hours"":4,""hour_window"":""ALL"",""lookback"":24,""require_confirmation"":false,""stop_atr"":1.0,""target_r_max"":4.0,""target_r_min"":0.75}"
18564,fcc20438f013f76d,CHOP,CHOP_ROLLING_MEAN_TARGET,"{""deviation_atr"":1.25,""efficiency_max"":0.25,""hold_hours"":1,""hour_window"":""ALL"",""lookback"":72,""require_confirmation"":false,""stop_atr"":2.0,""target_r_max"":4.0,""target_r_min"":0.75}"
18565,6d744525ba1c446b,CHOP,CHOP_ROLLING_MEAN_TARGET,"{""deviation_atr"":1.0,""efficiency_max"":0.35,""hold_hours"":1,""hour_window"":""LONDON"",""lookback"":48,""require_confirmation"":false,""stop_atr"":1.25,""target_r_max"":4.0,""target_r_min"":0.75}"
18566,459f5c09f28cf714,CHOP,CHOP_ROLLING_MEAN_TARGET,"{""deviation_atr"":1.25,""efficiency_max"":0.45,""hold_hours"":2,""hour_window"":""ALL"",""lookback"":72,""require_confirmation"":true,""stop_atr"":1.0,""target_r_max"":2.5,""target_r_min"":1.0}"
18567,05b022a4ebe7c85f,CHOP,CHOP_ROLLING_MEAN_TARGET,"{""deviation_atr"":1.0,""efficiency_max"":0.45,""hold_hours"":6,""hour_window"":""ALL"",""lookback"":48,""require_confirmation"":true,""stop_atr"":2.0,""target_r_max"":2.5,""target_r_min"":0.75}"
18568,6b7b4468d0ee1b7b,CHOP,CHOP_ROLLING_MEAN_TARGET,"{""deviation_atr"":2.0,""efficiency_max"":0.45,""hold_hours"":1,""hour_window"":""LONDON"",""lookback"":32,""require_confirmation"":false,""stop_atr"":2.0,""target_r_max"":4.0,""target_r_min"":0.75}"
18569,bcb33674a0753916,CHOP,CHOP_ROLLING_MEAN_TARGET,"{""deviation_atr"":1.25,""efficiency_max"":0.35,""hold_hours"":12,""hour_window"":""POST_ASIA"",""lookback"":72,""require_confirmation"":false,""stop_atr"":2.0,""target_r_max"":2.5,""target_r_min"":0.75}"
18570,d385c124dbdb2599,CHOP,CHOP_ROLLING_MEAN_TARGET,"{""deviation_atr"":1.5,""efficiency_max"":0.15,""hold_hours"":3,""hour_window"":""ALL"",""lookback"":96,""require_confirmation"":false,""stop_atr"":1.0,""target_r_max"":4.0,""target_r_min"":0.75}"
18571,1dda16dd915407dd,CHOP,CHOP_ROLLING_MEAN_TARGET,"{""deviation_atr"":1.25,""efficiency_max"":0.15,""hold_hours"":1,""hour_window"":""LONDON_NY"",""lookback"":16,""require_confirmation"":false,""stop_atr"":2.0,""target_r_max"":2.5,""target_r_min"":0.75}"
18572,14a1c3e2971018e7,CHOP,CHOP_ROLLING_MEAN_TARGET,"{""deviation_atr"":0.5,""efficiency_max"":0.45,""hold_hours"":12,""hour_window"":""LONDON_NY"",""lookback"":48,""require_confirmation"":false,""stop_atr"":1.0,""target_r_max"":2.5,""target_r_min"":1.0}"
18573,e873a6c56e887f74,CHOP,CHOP_ROLLING_MEAN_TARGET,"{""deviation_atr"":1.25,""efficiency_max"":0.25,""hold_hours"":1,""hour_window"":""LONDON"",""lookback"":96,""require_confirmation"":true,""stop_atr"":1.5,""target_r_max"":4.0,""target_r_min"":0.75}"
18574,0b579bf0f16b8764,CHOP,CHOP_ROLLING_MEAN_TARGET,"{""deviation_atr"":2.0,""efficiency_max"":0.15,""hold_hours"":6,""hour_window"":""ALL"",""lookback"":96,""require_confirmation"":true,""stop_atr"":1.5,""target_r_max"":4.0,""target_r_min"":1.0}"
18575,13815a65fa92be1b,CHOP,CHOP_ROLLING_MEAN_TARGET,"{""deviation_atr"":1.25,""efficiency_max"":0.15,""hold_hours"":3,""hour_window"":""ALL"",""lookback"":96,""require_confirmation"":false,""stop_atr"":1.0,""target_r_max"":4.0,""target_r_min"":1.0}"
18576,c03d321db2eeff99,CHOP,CHOP_ROLLING_MEAN_TARGET,"{""deviation_atr"":2.0,""efficiency_max"":0.35,""hold_hours"":8,""hour_window"":""NEW_YORK"",""lookback"":48,""require_confirmation"":false,""stop_atr"":1.25,""target_r_max"":2.5,""target_r_min"":0.75}"
18577,058e2dd6a27af083,CHOP,CHOP_ROLLING_MEAN_TARGET,"{""deviation_atr"":2.0,""efficiency_max"":0.45,""hold_hours"":4,""hour_window"":""ALL"",""lookback"":24,""require_confirmation"":false,""stop_atr"":1.25,""target_r_max"":2.5,""target_r_min"":0.75}"
18578,10cd110f25b7dcca,CHOP,CHOP_ROLLING_MEAN_TARGET,"{""deviation_atr"":1.5,""efficiency_max"":0.25,""hold_hours"":12,""hour_window"":""NEW_YORK"",""lookback"":48,""require_confirmation"":true,""stop_atr"":2.0,""target_r_max"":2.5,""target_r_min"":0.75}"
18579,29a4c35d778edc1f,CHOP,CHOP_ROLLING_MEAN_TARGET,"{""deviation_atr"":0.5,""efficiency_max"":0.15,""hold_hours"":1,""hour_window"":""POST_ASIA"",""lookback"":72,""require_confirmation"":true,""stop_atr"":2.0,""target_r_max"":4.0,""target_r_min"":0.75}"
18580,83c68f8f6ac66b40,CHOP,CHOP_ROLLING_MEAN_TARGET,"{""deviation_atr"":1.25,""efficiency_max"":0.25,""hold_hours"":8,""hour_window"":""LONDON"",""lookback"":16,""require_confirmation"":true,""stop_atr"":1.25,""target_r_max"":4.0,""target_r_min"":1.0}"
18581,bfa8dbe8cab4c4f4,CHOP,CHOP_ROLLING_MEAN_TARGET,"{""deviation_atr"":1.25,""efficiency_max"":0.15,""hold_hours"":6,""hour_window"":""NEW_YORK"",""lookback"":24,""require_confirmation"":true,""stop_atr"":1.5,""target_r_max"":2.5,""target_r_min"":0.75}"
18582,552bc0393cce4829,CHOP,CHOP_ROLLING_MEAN_TARGET,"{""deviation_atr"":0.75,""efficiency_max"":0.45,""hold_hours"":1,""hour_window"":""LONDON"",""lookback"":72,""require_confirmation"":false,""stop_atr"":1.25,""target_r_max"":4.0,""target_r_min"":1.0}"
18583,1270ddb018dfa92a,CHOP,CHOP_ROLLING_MEAN_TARGET,"{""deviation_atr"":0.5,""efficiency_max"":0.15,""hold_hours"":12,""hour_window"":""POST_ASIA"",""lookback"":32,""require_confirmation"":false,""stop_atr"":0.75,""target_r_max"":2.5,""target_r_min"":0.75}"
18584,e4cc31ae5f643c17,CHOP,CHOP_ROLLING_MEAN_TARGET,"{""deviation_atr"":1.5,""efficiency_max"":0.45,""hold_hours"":4,""hour_window"":""POST_ASIA"",""lookback"":16,""require_confirmation"":true,""stop_atr"":1.0,""target_r_max"":4.0,""target_r_min"":1.0}"
18585,37c7ad37dd7d0201,CHOP,CHOP_ROLLING_MEAN_TARGET,"{""deviation_atr"":0.5,""efficiency_max"":0.45,""hold_hours"":3,""hour_window"":""NEW_YORK"",""lookback"":96,""require_confirmation"":true,""stop_atr"":2.0,""target_r_max"":4.0,""target_r_min"":1.0}"
18586,08c114e1e2fe4617,CHOP,CHOP_ROLLING_MEAN_TARGET,"{""deviation_atr"":0.75,""efficiency_max"":0.35,""hold_hours"":4,""hour_window"":""POST_ASIA"",""lookback"":96,""require_confirmation"":false,""stop_atr"":2.0,""target_r_max"":2.5,""target_r_min"":0.75}"
18587,c9ffaeb320db8a1a,CHOP,CHOP_ROLLING_MEAN_TARGET,"{""deviation_atr"":0.75,""efficiency_max"":0.25,""hold_hours"":8,""hour_window"":""LONDON"",""lookback"":72,""require_confirmation"":true,""stop_atr"":2.0,""target_r_max"":2.5,""target_r_min"":1.0}"
18588,99365e49f67ef2f2,CHOP,CHOP_ROLLING_MEAN_TARGET,"{""deviation_atr"":1.0,""efficiency_max"":0.45,""hold_hours"":4,""hour_window"":""NEW_YORK"",""lookback"":72,""require_confirmation"":false,""stop_atr"":1.0,""target_r_max"":4.0,""target_r_min"":0.75}"
18589,fd3c3faadbd6961c,CHOP,CHOP_ROLLING_MEAN_TARGET,"{""deviation_atr"":2.0,""efficiency_max"":0.45,""hold_hours"":2,""hour_window"":""LONDON_NY"",""lookback"":16,""require_confirmation"":false,""stop_atr"":0.75,""target_r_max"":2.5,""target_r_min"":1.0}"
18590,a04983144ffb353f,CHOP,CHOP_ROLLING_MEAN_TARGET,"{""deviation_atr"":1.0,""efficiency_max"":0.15,""hold_hours"":12,""hour_window"":""NEW_YORK"",""lookback"":72,""require_confirmation"":true,""stop_atr"":2.0,""target_r_max"":2.5,""target_r_min"":1.0}"
18591,a8a6a6e3dfca5d12,CHOP,CHOP_ROLLING_MEAN_TARGET,"{""deviation_atr"":1.0,""efficiency_max"":0.25,""hold_hours"":4,""hour_window"":""ALL"",""lookback"":16,""require_confirmation"":false,""stop_atr"":1.25,""target_r_max"":4.0,""target_r_min"":1.0}"
18592,83811a6e4710dd25,CHOP,CHOP_ROLLING_MEAN_TARGET,"{""deviation_atr"":0.5,""efficiency_max"":0.45,""hold_hours"":6,""hour_window"":""POST_ASIA"",""lookback"":72,""require_confirmation"":true,""stop_atr"":1.25,""target_r_max"":2.5,""target_r_min"":0.75}"
18593,180c80440e7c11b6,CHOP,CHOP_ROLLING_MEAN_TARGET,"{""deviation_atr"":1.5,""efficiency_max"":0.45,""hold_hours"":3,""hour_window"":""ALL"",""lookback"":72,""require_confirmation"":false,""stop_atr"":1.25,""target_r_max"":4.0,""target_r_min"":1.0}"
18594,9a8f680d1e3c4692,CHOP,CHOP_ROLLING_MEAN_TARGET,"{""deviation_atr"":1.0,""efficiency_max"":0.25,""hold_hours"":4,""hour_window"":""NEW_YORK"",""lookback"":16,""require_confirmation"":true,""stop_atr"":2.0,""target_r_max"":2.5,""target_r_min"":0.75}"
18595,270f0cd722dccf14,CHOP,CHOP_ROLLING_MEAN_TARGET,"{""deviation_atr"":0.75,""efficiency_max"":0.35,""hold_hours"":6,""hour_window"":""POST_ASIA"",""lookback"":96,""require_confirmation"":false,""stop_atr"":1.25,""target_r_max"":2.5,""target_r_min"":1.0}"
18596,886b1c5f9a0c02e7,CHOP,CHOP_ROLLING_MEAN_TARGET,"{""deviation_atr"":1.25,""efficiency_max"":0.25,""hold_hours"":8,""hour_window"":""ALL"",""lookback"":96,""require_confirmation"":false,""stop_atr"":1.25,""target_r_max"":2.5,""target_r_min"":1.0}"
18597,b6148ab8a63e9378,CHOP,CHOP_ROLLING_MEAN_TARGET,"{""deviation_atr"":1.5,""efficiency_max"":0.35,""hold_hours"":6,""hour_window"":""LONDON"",""lookback"":32,""require_confirmation"":true,""stop_atr"":0.75,""target_r_max"":4.0,""target_r_min"":1.0}"
18598,a1fa8eda70339b94,CHOP,CHOP_ROLLING_MEAN_TARGET,"{""deviation_atr"":1.25,""efficiency_max"":0.25,""hold_hours"":12,""hour_window"":""NEW_YORK"",""lookback"":72,""require_confirmation"":true,""stop_atr"":1.25,""target_r_max"":2.5,""target_r_min"":1.0}"
18599,5c5a95e41a6dabd2,CHOP,CHOP_ROLLING_MEAN_TARGET,"{""deviation_atr"":2.0,""efficiency_max"":0.25,""hold_hours"":3,""hour_window"":""LONDON_NY"",""lookback"":32,""require_confirmation"":false,""stop_atr"":1.0,""target_r_max"":4.0,""target_r_min"":1.0}"
18600,efdb7bd4ca5ad0bf,CHOP,CHOP_ROLLING_MEAN_TARGET,"{""deviation_atr"":0.75,""efficiency_max"":0.35,""hold_hours"":12,""hour_window"":""LONDON"",""lookback"":24,""require_confirmation"":false,""stop_atr"":1.25,""target_r_max"":2.5,""target_r_min"":1.0}"
18601,afdd26114222e43f,CHOP,CHOP_ROLLING_MEAN_TARGET,"{""deviation_atr"":0.5,""efficiency_max"":0.45,""hold_hours"":4,""hour_window"":""LONDON_NY"",""lookback"":96,""require_confirmation"":true,""stop_atr"":1.25,""target_r_max"":2.5,""target_r_min"":1.0}"
18602,a73f70fbf1e248e1,CHOP,CHOP_ROLLING_MEAN_TARGET,"{""deviation_atr"":0.5,""efficiency_max"":0.15,""hold_hours"":2,""hour_window"":""LONDON"",""lookback"":48,""require_confirmation"":false,""stop_atr"":2.0,""target_r_max"":4.0,""target_r_min"":0.75}"
18603,fd9514a58581da8d,CHOP,CHOP_ROLLING_MEAN_TARGET,"{""deviation_atr"":0.5,""efficiency_max"":0.45,""hold_hours"":1,""hour_window"":""POST_ASIA"",""lookback"":24,""require_confirmation"":true,""stop_atr"":1.5,""target_r_max"":2.5,""target_r_min"":0.75}"
18604,de45b7f45b827abe,CHOP,CHOP_ROLLING_MEAN_TARGET,"{""deviation_atr"":0.75,""efficiency_max"":0.35,""hold_hours"":8,""hour_window"":""LONDON_NY"",""lookback"":24,""require_confirmation"":true,""stop_atr"":1.5,""target_r_max"":4.0,""target_r_min"":0.75}"
18605,55fe3da612488d15,CHOP,CHOP_ROLLING_MEAN_TARGET,"{""deviation_atr"":1.25,""efficiency_max"":0.45,""hold_hours"":1,""hour_window"":""ALL"",""lookback"":24,""require_confirmation"":false,""stop_atr"":1.0,""target_r_max"":2.5,""target_r_min"":1.0}"
18606,f6761039b5de699a,CHOP,CHOP_ROLLING_MEAN_TARGET,"{""deviation_atr"":1.25,""efficiency_max"":0.45,""hold_hours"":6,""hour_window"":""POST_ASIA"",""lookback"":16,""require_confirmation"":true,""stop_atr"":1.5,""target_r_max"":2.5,""target_r_min"":0.75}"
18607,302ee4fe81ceeed8,CHOP,CHOP_ROLLING_MEAN_TARGET,"{""deviation_atr"":0.75,""efficiency_max"":0.45,""hold_hours"":2,""hour_window"":""NEW_YORK"",""lookback"":16,""require_confirmation"":true,""stop_atr"":1.0,""target_r_max"":4.0,""target_r_min"":1.0}"
18608,6f156bdc52fd38e1,CHOP,CHOP_ROLLING_MEAN_TARGET,"{""deviation_atr"":0.75,""efficiency_max"":0.15,""hold_hours"":4,""hour_window"":""LONDON"",""lookback"":16,""require_confirmation"":false,""stop_atr"":1.0,""target_r_max"":2.5,""target_r_min"":0.75}"
18609,017f04705bd0aeda,CHOP,CHOP_ROLLING_MEAN_TARGET,"{""deviation_atr"":1.0,""efficiency_max"":0.15,""hold_hours"":2,""hour_window"":""LONDON"",""lookback"":16,""require_confirmation"":true,""stop_atr"":1.0,""target_r_max"":4.0,""target_r_min"":1.0}"
18610,bee679f98c2aff5e,CHOP,CHOP_ROLLING_MEAN_TARGET,"{""deviation_atr"":0.75,""efficiency_max"":0.25,""hold_hours"":6,""hour_window"":""ALL"",""lookback"":72,""require_confirmation"":true,""stop_atr"":0.75,""target_r_max"":2.5,""target_r_min"":1.0}"
18611,81b632beadd8e405,CHOP,CHOP_ROLLING_MEAN_TARGET,"{""deviation_atr"":0.75,""efficiency_max"":0.35,""hold_hours"":8,""hour_window"":""ALL"",""lookback"":48,""require_confirmation"":true,""stop_atr"":1.25,""target_r_max"":4.0,""target_r_min"":0.75}"
18612,844c6d90bdebac2c,CHOP,CHOP_ROLLING_MEAN_TARGET,"{""deviation_atr"":1.5,""efficiency_max"":0.45,""hold_hours"":4,""hour_window"":""LONDON"",""lookback"":72,""require_confirmation"":true,""stop_atr"":1.5,""target_r_max"":2.5,""target_r_min"":0.75}"
18613,a075d0777a7183c8,CHOP,CHOP_ROLLING_MEAN_TARGET,"{""deviation_atr"":0.5,""efficiency_max"":0.25,""hold_hours"":1,""hour_window"":""POST_ASIA"",""lookback"":48,""require_confirmation"":true,""stop_atr"":1.5,""target_r_max"":4.0,""target_r_min"":1.0}"
18614,5bd7f2890092550e,CHOP,CHOP_ROLLING_MEAN_TARGET,"{""deviation_atr"":1.0,""efficiency_max"":0.45,""hold_hours"":1,""hour_window"":""POST_ASIA"",""lookback"":72,""require_confirmation"":true,""stop_atr"":1.25,""target_r_max"":4.0,""target_r_min"":1.0}"
18615,8ce20a38e5dda011,CHOP,CHOP_ROLLING_MEAN_TARGET,"{""deviation_atr"":0.75,""efficiency_max"":0.15,""hold_hours"":1,""hour_window"":""LONDON"",""lookback"":72,""require_confirmation"":false,""stop_atr"":2.0,""target_r_max"":2.5,""target_r_min"":0.75}"
18616,0a0adba5e8679a26,CHOP,CHOP_ROLLING_MEAN_TARGET,"{""deviation_atr"":2.0,""efficiency_max"":0.35,""hold_hours"":6,""hour_window"":""LONDON_NY"",""lookback"":48,""require_confirmation"":true,""stop_atr"":1.5,""target_r_max"":2.5,""target_r_min"":0.75}"
18617,d6b6013bc69b220d,CHOP,CHOP_ROLLING_MEAN_TARGET,"{""deviation_atr"":0.5,""efficiency_max"":0.15,""hold_hours"":6,""hour_window"":""NEW_YORK"",""lookback"":48,""require_confirmation"":false,""stop_atr"":2.0,""target_r_max"":4.0,""target_r_min"":1.0}"
18618,f583c64fb469531c,CHOP,CHOP_ROLLING_MEAN_TARGET,"{""deviation_atr"":1.0,""efficiency_max"":0.35,""hold_hours"":1,""hour_window"":""ALL"",""lookback"":48,""require_confirmation"":false,""stop_atr"":1.25,""target_r_max"":4.0,""target_r_min"":1.0}"
18619,29f128e6050c3b9b,CHOP,CHOP_ROLLING_MEAN_TARGET,"{""deviation_atr"":1.0,""efficiency_max"":0.45,""hold_hours"":8,""hour_window"":""POST_ASIA"",""lookback"":24,""require_confirmation"":false,""stop_atr"":1.5,""target_r_max"":4.0,""target_r_min"":1.0}"
18620,44877e915ce9f502,TRANSITION,TRANS_POST_COMPRESSION_IMPULSE_TARGET,"{""body_min"":0.2,""efficiency_min"":0.35,""hold_hours"":8,""hour_window"":""ALL"",""momentum_atr"":0.4,""momentum_bars"":8,""stop_atr"":2.0,""target_r"":1.5,""transition_age_max"":48}"
18621,84bb166ef765640b,TRANSITION,TRANS_POST_COMPRESSION_IMPULSE_TARGET,"{""body_min"":0.1,""efficiency_min"":0.25,""hold_hours"":4,""hour_window"":""LONDON"",""momentum_atr"":0.6,""momentum_bars"":1,""stop_atr"":1.0,""target_r"":1.5,""transition_age_max"":48}"
18622,2d162d0bba920cf1,TRANSITION,TRANS_POST_COMPRESSION_IMPULSE_TARGET,"{""body_min"":0.1,""efficiency_min"":0.05,""hold_hours"":4,""hour_window"":""LONDON"",""momentum_atr"":0.8,""momentum_bars"":1,""stop_atr"":1.0,""target_r"":1.5,""transition_age_max"":32}"
18623,1180fac11c60e50a,TRANSITION,TRANS_POST_COMPRESSION_IMPULSE_TARGET,"{""body_min"":0.3,""efficiency_min"":0.15,""hold_hours"":2,""hour_window"":""LONDON_NY"",""momentum_atr"":0.25,""momentum_bars"":1,""stop_atr"":1.5,""target_r"":1.25,""transition_age_max"":8}"
18624,7fdd3dee3dca66f7,TRANSITION,TRANS_POST_COMPRESSION_IMPULSE_TARGET,"{""body_min"":0.4,""efficiency_min"":0.25,""hold_hours"":3,""hour_window"":""ALL"",""momentum_atr"":0.6,""momentum_bars"":1,""stop_atr"":0.75,""target_r"":2.0,""transition_age_max"":8}"
18625,69fdcd9ce1b692e5,TRANSITION,TRANS_POST_COMPRESSION_IMPULSE_TARGET,"{""body_min"":0.3,""efficiency_min"":0.05,""hold_hours"":3,""hour_window"":""ALL"",""momentum_atr"":1.0,""momentum_bars"":2,""stop_atr"":2.0,""target_r"":2.0,""transition_age_max"":4}"
18626,845c784ee1b7e8d6,TRANSITION,TRANS_POST_COMPRESSION_IMPULSE_TARGET,"{""body_min"":0.2,""efficiency_min"":0.05,""hold_hours"":1,""hour_window"":""LONDON"",""momentum_atr"":0.8,""momentum_bars"":8,""stop_atr"":1.25,""target_r"":2.0,""transition_age_max"":8}"
18627,0899d06a44d16254,TRANSITION,TRANS_POST_COMPRESSION_IMPULSE_TARGET,"{""body_min"":0.2,""efficiency_min"":0.35,""hold_hours"":4,""hour_window"":""LONDON_NY"",""momentum_atr"":0.4,""momentum_bars"":8,""stop_atr"":1.0,""target_r"":2.5,""transition_age_max"":16}"
18628,4d46f9e4a2db481e,TRANSITION,TRANS_POST_COMPRESSION_IMPULSE_TARGET,"{""body_min"":0.3,""efficiency_min"":0.35,""hold_hours"":4,""hour_window"":""ALL"",""momentum_atr"":0.8,""momentum_bars"":16,""stop_atr"":1.0,""target_r"":1.0,""transition_age_max"":4}"
18629,613e22505e394276,TRANSITION,TRANS_POST_COMPRESSION_IMPULSE_TARGET,"{""body_min"":0.4,""efficiency_min"":0.35,""hold_hours"":1,""hour_window"":""LONDON_NY"",""momentum_atr"":0.8,""momentum_bars"":16,""stop_atr"":1.0,""target_r"":2.0,""transition_age_max"":4}"
18630,78cdd5ac30eb3edc,TRANSITION,TRANS_POST_COMPRESSION_IMPULSE_TARGET,"{""body_min"":0.4,""efficiency_min"":0.25,""hold_hours"":1,""hour_window"":""LONDON_NY"",""momentum_atr"":0.6,""momentum_bars"":8,""stop_atr"":2.0,""target_r"":2.0,""transition_age_max"":8}"
18631,835b04638743e671,TRANSITION,TRANS_POST_COMPRESSION_IMPULSE_TARGET,"{""body_min"":0.2,""efficiency_min"":0.15,""hold_hours"":8,""hour_window"":""LONDON"",""momentum_atr"":0.4,""momentum_bars"":16,""stop_atr"":1.0,""target_r"":2.0,""transition_age_max"":16}"
18632,3456e25e6ca6694d,TRANSITION,TRANS_POST_COMPRESSION_IMPULSE_TARGET,"{""body_min"":0.1,""efficiency_min"":0.25,""hold_hours"":8,""hour_window"":""POST_ASIA"",""momentum_atr"":0.4,""momentum_bars"":4,""stop_atr"":1.5,""target_r"":2.5,""transition_age_max"":48}"
18633,fe799d5be16208e2,TRANSITION,TRANS_POST_COMPRESSION_IMPULSE_TARGET,"{""body_min"":0.3,""efficiency_min"":0.35,""hold_hours"":4,""hour_window"":""POST_ASIA"",""momentum_atr"":0.8,""momentum_bars"":16,""stop_atr"":1.25,""target_r"":1.5,""transition_age_max"":16}"
18634,4c2e4c95447255c5,TRANSITION,TRANS_POST_COMPRESSION_IMPULSE_TARGET,"{""body_min"":0.2,""efficiency_min"":0.35,""hold_hours"":8,""hour_window"":""LONDON"",""momentum_atr"":0.4,""momentum_bars"":1,""stop_atr"":1.25,""target_r"":1.5,""transition_age_max"":16}"
18635,c31c1bb3071d6aba,TRANSITION,TRANS_POST_COMPRESSION_IMPULSE_TARGET,"{""body_min"":0.3,""efficiency_min"":0.15,""hold_hours"":8,""hour_window"":""LONDON_NY"",""momentum_atr"":0.25,""momentum_bars"":4,""stop_atr"":2.0,""target_r"":2.5,""transition_age_max"":48}"
18636,7fad158e17ee88fd,TRANSITION,TRANS_POST_COMPRESSION_IMPULSE_TARGET,"{""body_min"":0.1,""efficiency_min"":0.05,""hold_hours"":6,""hour_window"":""POST_ASIA"",""momentum_atr"":0.6,""momentum_bars"":16,""stop_atr"":2.0,""target_r"":2.0,""transition_age_max"":48}"
18637,37ed428324370834,TRANSITION,TRANS_POST_COMPRESSION_IMPULSE_TARGET,"{""body_min"":0.4,""efficiency_min"":0.25,""hold_hours"":3,""hour_window"":""POST_ASIA"",""momentum_atr"":0.6,""momentum_bars"":4,""stop_atr"":1.25,""target_r"":1.25,""transition_age_max"":32}"
18638,e9dcd715c22404f2,TRANSITION,TRANS_POST_COMPRESSION_IMPULSE_TARGET,"{""body_min"":0.2,""efficiency_min"":0.15,""hold_hours"":8,""hour_window"":""LONDON"",""momentum_atr"":1.0,""momentum_bars"":4,""stop_atr"":2.0,""target_r"":1.0,""transition_age_max"":8}"
18639,7f5cc3de0bdc452e,TRANSITION,TRANS_POST_COMPRESSION_IMPULSE_TARGET,"{""body_min"":0.4,""efficiency_min"":0.05,""hold_hours"":8,""hour_window"":""LONDON_NY"",""momentum_atr"":0.4,""momentum_bars"":8,""stop_atr"":0.75,""target_r"":2.0,""transition_age_max"":8}"
18640,1d37b05b96fc238f,TRANSITION,TRANS_POST_COMPRESSION_IMPULSE_TARGET,"{""body_min"":0.4,""efficiency_min"":0.25,""hold_hours"":2,""hour_window"":""LONDON"",""momentum_atr"":0.6,""momentum_bars"":4,""stop_atr"":1.0,""target_r"":2.5,""transition_age_max"":4}"
18641,75879197a99a8e59,TRANSITION,TRANS_POST_COMPRESSION_IMPULSE_TARGET,"{""body_min"":0.1,""efficiency_min"":0.05,""hold_hours"":6,""hour_window"":""LONDON_NY"",""momentum_atr"":0.4,""momentum_bars"":1,""stop_atr"":2.0,""target_r"":2.5,""transition_age_max"":48}"
18642,1c5c36e4b5de86eb,TRANSITION,TRANS_POST_COMPRESSION_IMPULSE_TARGET,"{""body_min"":0.2,""efficiency_min"":0.05,""hold_hours"":2,""hour_window"":""ALL"",""momentum_atr"":0.25,""momentum_bars"":2,""stop_atr"":1.0,""target_r"":2.5,""transition_age_max"":32}"
18643,5f530cd6e97a653a,TRANSITION,TRANS_POST_COMPRESSION_IMPULSE_TARGET,"{""body_min"":0.4,""efficiency_min"":0.25,""hold_hours"":1,""hour_window"":""LONDON_NY"",""momentum_atr"":0.25,""momentum_bars"":2,""stop_atr"":1.0,""target_r"":1.0,""transition_age_max"":16}"
18644,5f054cac74fa71d5,TRANSITION,TRANS_POST_COMPRESSION_IMPULSE_TARGET,"{""body_min"":0.3,""efficiency_min"":0.25,""hold_hours"":8,""hour_window"":""LONDON"",""momentum_atr"":0.25,""momentum_bars"":8,""stop_atr"":2.0,""target_r"":2.5,""transition_age_max"":4}"
18645,641776137f079ade,TRANSITION,TRANS_POST_COMPRESSION_IMPULSE_TARGET,"{""body_min"":0.4,""efficiency_min"":0.35,""hold_hours"":12,""hour_window"":""LONDON"",""momentum_atr"":0.25,""momentum_bars"":1,""stop_atr"":1.0,""target_r"":2.0,""transition_age_max"":8}"
18646,9f9e7d94885b9c3a,TRANSITION,TRANS_POST_COMPRESSION_IMPULSE_TARGET,"{""body_min"":0.1,""efficiency_min"":0.35,""hold_hours"":8,""hour_window"":""LONDON_NY"",""momentum_atr"":1.0,""momentum_bars"":16,""stop_atr"":0.75,""target_r"":1.5,""transition_age_max"":32}"
18647,db1b034e4985a61c,TRANSITION,TRANS_POST_COMPRESSION_IMPULSE_TARGET,"{""body_min"":0.2,""efficiency_min"":0.35,""hold_hours"":2,""hour_window"":""ALL"",""momentum_atr"":0.4,""momentum_bars"":1,""stop_atr"":2.0,""target_r"":2.5,""transition_age_max"":32}"
18648,a0078eecd23a8474,TRANSITION,TRANS_POST_COMPRESSION_IMPULSE_TARGET,"{""body_min"":0.4,""efficiency_min"":0.35,""hold_hours"":2,""hour_window"":""LONDON_NY"",""momentum_atr"":0.25,""momentum_bars"":16,""stop_atr"":1.5,""target_r"":2.0,""transition_age_max"":8}"
18649,9452fa4860b5a7bd,TRANSITION,TRANS_POST_COMPRESSION_IMPULSE_TARGET,"{""body_min"":0.1,""efficiency_min"":0.25,""hold_hours"":12,""hour_window"":""ALL"",""momentum_atr"":0.8,""momentum_bars"":2,""stop_atr"":1.0,""target_r"":2.5,""transition_age_max"":4}"
18650,339c83e64c661460,TRANSITION,TRANS_POST_COMPRESSION_IMPULSE_TARGET,"{""body_min"":0.2,""efficiency_min"":0.05,""hold_hours"":1,""hour_window"":""NEW_YORK"",""momentum_atr"":0.4,""momentum_bars"":16,""stop_atr"":1.0,""target_r"":1.5,""transition_age_max"":32}"
18651,3c5b0fa0deeb1f43,TRANSITION,TRANS_POST_COMPRESSION_IMPULSE_TARGET,"{""body_min"":0.3,""efficiency_min"":0.25,""hold_hours"":8,""hour_window"":""POST_ASIA"",""momentum_atr"":0.4,""momentum_bars"":1,""stop_atr"":0.75,""target_r"":1.25,""transition_age_max"":4}"
18652,3b0e52fdd6b1fd9d,TRANSITION,TRANS_POST_COMPRESSION_IMPULSE_TARGET,"{""body_min"":0.1,""efficiency_min"":0.05,""hold_hours"":4,""hour_window"":""LONDON_NY"",""momentum_atr"":1.0,""momentum_bars"":8,""stop_atr"":1.25,""target_r"":1.25,""transition_age_max"":16}"
18653,1d89880f866a836d,TRANSITION,TRANS_POST_COMPRESSION_IMPULSE_TARGET,"{""body_min"":0.2,""efficiency_min"":0.05,""hold_hours"":3,""hour_window"":""POST_ASIA"",""momentum_atr"":1.0,""momentum_bars"":4,""stop_atr"":1.0,""target_r"":1.25,""transition_age_max"":16}"
18654,2c6d2daa41218109,TRANSITION,TRANS_POST_COMPRESSION_IMPULSE_TARGET,"{""body_min"":0.4,""efficiency_min"":0.15,""hold_hours"":12,""hour_window"":""NEW_YORK"",""momentum_atr"":0.6,""momentum_bars"":4,""stop_atr"":1.25,""target_r"":2.5,""transition_age_max"":4}"
18655,ec56fd67084c4771,TRANSITION,TRANS_POST_COMPRESSION_IMPULSE_TARGET,"{""body_min"":0.2,""efficiency_min"":0.35,""hold_hours"":2,""hour_window"":""LONDON_NY"",""momentum_atr"":0.8,""momentum_bars"":2,""stop_atr"":1.25,""target_r"":2.0,""transition_age_max"":32}"
18656,a1ed5eecc4b1fea2,TRANSITION,TRANS_POST_COMPRESSION_IMPULSE_TARGET,"{""body_min"":0.2,""efficiency_min"":0.25,""hold_hours"":2,""hour_window"":""POST_ASIA"",""momentum_atr"":1.0,""momentum_bars"":4,""stop_atr"":1.5,""target_r"":2.0,""transition_age_max"":48}"
18657,84dc7ad63f61a9ab,TRANSITION,TRANS_POST_COMPRESSION_IMPULSE_TARGET,"{""body_min"":0.4,""efficiency_min"":0.15,""hold_hours"":4,""hour_window"":""POST_ASIA"",""momentum_atr"":0.8,""momentum_bars"":2,""stop_atr"":1.25,""target_r"":2.5,""transition_age_max"":48}"
18658,0977486d2ebad659,TRANSITION,TRANS_POST_COMPRESSION_IMPULSE_TARGET,"{""body_min"":0.1,""efficiency_min"":0.25,""hold_hours"":1,""hour_window"":""ALL"",""momentum_atr"":0.25,""momentum_bars"":4,""stop_atr"":1.5,""target_r"":2.0,""transition_age_max"":8}"
18659,dce4b76a59608854,TRANSITION,TRANS_POST_COMPRESSION_IMPULSE_TARGET,"{""body_min"":0.1,""efficiency_min"":0.25,""hold_hours"":8,""hour_window"":""POST_ASIA"",""momentum_atr"":0.25,""momentum_bars"":8,""stop_atr"":1.0,""target_r"":2.0,""transition_age_max"":4}"
18660,6432cd5c977ece9f,TRANSITION,TRANS_POST_COMPRESSION_IMPULSE_TARGET,"{""body_min"":0.2,""efficiency_min"":0.35,""hold_hours"":2,""hour_window"":""POST_ASIA"",""momentum_atr"":1.0,""momentum_bars"":1,""stop_atr"":1.0,""target_r"":1.0,""transition_age_max"":48}"
18661,e5742a6f7c1e2df1,TRANSITION,TRANS_POST_COMPRESSION_IMPULSE_TARGET,"{""body_min"":0.1,""efficiency_min"":0.15,""hold_hours"":4,""hour_window"":""ALL"",""momentum_atr"":0.6,""momentum_bars"":2,""stop_atr"":1.5,""target_r"":1.0,""transition_age_max"":48}"
18662,88c6081824ec3324,TRANSITION,TRANS_POST_COMPRESSION_IMPULSE_TARGET,"{""body_min"":0.4,""efficiency_min"":0.25,""hold_hours"":8,""hour_window"":""POST_ASIA"",""momentum_atr"":1.0,""momentum_bars"":4,""stop_atr"":1.5,""target_r"":2.0,""transition_age_max"":8}"
18663,83f0d3d8222ba816,TRANSITION,TRANS_POST_COMPRESSION_IMPULSE_TARGET,"{""body_min"":0.4,""efficiency_min"":0.05,""hold_hours"":1,""hour_window"":""ALL"",""momentum_atr"":1.0,""momentum_bars"":4,""stop_atr"":1.5,""target_r"":1.25,""transition_age_max"":8}"
18664,e6cf0cbe7c7296dd,TRANSITION,TRANS_POST_COMPRESSION_IMPULSE_TARGET,"{""body_min"":0.2,""efficiency_min"":0.15,""hold_hours"":12,""hour_window"":""LONDON_NY"",""momentum_atr"":1.0,""momentum_bars"":16,""stop_atr"":1.0,""target_r"":2.5,""transition_age_max"":32}"
18665,5ac40c29b9b4d0cb,TRANSITION,TRANS_POST_COMPRESSION_IMPULSE_TARGET,"{""body_min"":0.3,""efficiency_min"":0.15,""hold_hours"":12,""hour_window"":""LONDON_NY"",""momentum_atr"":0.4,""momentum_bars"":16,""stop_atr"":1.25,""target_r"":2.0,""transition_age_max"":16}"
18666,921b9d655905ab8f,TRANSITION,TRANS_POST_COMPRESSION_IMPULSE_TARGET,"{""body_min"":0.3,""efficiency_min"":0.05,""hold_hours"":8,""hour_window"":""ALL"",""momentum_atr"":0.8,""momentum_bars"":4,""stop_atr"":1.25,""target_r"":2.0,""transition_age_max"":32}"
18667,ffe358011c820e5d,TRANSITION,TRANS_POST_COMPRESSION_IMPULSE_TARGET,"{""body_min"":0.1,""efficiency_min"":0.35,""hold_hours"":2,""hour_window"":""POST_ASIA"",""momentum_atr"":0.8,""momentum_bars"":1,""stop_atr"":1.0,""target_r"":1.25,""transition_age_max"":32}"
18668,3176c7e648320cea,TRANSITION,TRANS_POST_COMPRESSION_IMPULSE_TARGET,"{""body_min"":0.4,""efficiency_min"":0.25,""hold_hours"":6,""hour_window"":""POST_ASIA"",""momentum_atr"":0.25,""momentum_bars"":8,""stop_atr"":1.25,""target_r"":2.5,""transition_age_max"":4}"
18669,02f1be59ae4a2110,TRANSITION,TRANS_POST_COMPRESSION_IMPULSE_TARGET,"{""body_min"":0.1,""efficiency_min"":0.25,""hold_hours"":2,""hour_window"":""LONDON"",""momentum_atr"":0.4,""momentum_bars"":16,""stop_atr"":1.5,""target_r"":1.25,""transition_age_max"":4}"
18670,ada9383c4fcf9fc4,TRANSITION,TRANS_POST_COMPRESSION_IMPULSE_TARGET,"{""body_min"":0.3,""efficiency_min"":0.05,""hold_hours"":2,""hour_window"":""LONDON"",""momentum_atr"":1.0,""momentum_bars"":16,""stop_atr"":1.0,""target_r"":1.0,""transition_age_max"":4}"
18671,e0aea9febb0ce299,TRANSITION,TRANS_POST_COMPRESSION_IMPULSE_TARGET,"{""body_min"":0.2,""efficiency_min"":0.15,""hold_hours"":4,""hour_window"":""ALL"",""momentum_atr"":1.0,""momentum_bars"":16,""stop_atr"":0.75,""target_r"":2.0,""transition_age_max"":8}"
18672,6b5ae42adc83292e,TRANSITION,TRANS_POST_COMPRESSION_IMPULSE_TARGET,"{""body_min"":0.3,""efficiency_min"":0.25,""hold_hours"":2,""hour_window"":""POST_ASIA"",""momentum_atr"":0.25,""momentum_bars"":2,""stop_atr"":1.0,""target_r"":2.5,""transition_age_max"":16}"
18673,8ed0b1d8e9c8f689,TRANSITION,TRANS_POST_COMPRESSION_IMPULSE_TARGET,"{""body_min"":0.2,""efficiency_min"":0.05,""hold_hours"":4,""hour_window"":""POST_ASIA"",""momentum_atr"":0.4,""momentum_bars"":2,""stop_atr"":1.5,""target_r"":2.5,""transition_age_max"":48}"
18674,3d7e92cc29253119,TRANSITION,TRANS_POST_COMPRESSION_IMPULSE_TARGET,"{""body_min"":0.2,""efficiency_min"":0.05,""hold_hours"":3,""hour_window"":""POST_ASIA"",""momentum_atr"":0.6,""momentum_bars"":1,""stop_atr"":0.75,""target_r"":1.5,""transition_age_max"":48}"
18675,9d66fb7eaaa3a8b6,TRANSITION,TRANS_POST_COMPRESSION_IMPULSE_TARGET,"{""body_min"":0.3,""efficiency_min"":0.05,""hold_hours"":3,""hour_window"":""NEW_YORK"",""momentum_atr"":0.8,""momentum_bars"":1,""stop_atr"":1.0,""target_r"":2.5,""transition_age_max"":32}"
18676,774d791d17512a80,TRANSITION,TRANS_POST_COMPRESSION_IMPULSE_TARGET,"{""body_min"":0.3,""efficiency_min"":0.05,""hold_hours"":6,""hour_window"":""LONDON"",""momentum_atr"":1.0,""momentum_bars"":4,""stop_atr"":1.5,""target_r"":2.5,""transition_age_max"":8}"
18677,dfabfe47c258db8e,TRANSITION,TRANS_POST_COMPRESSION_IMPULSE_TARGET,"{""body_min"":0.1,""efficiency_min"":0.15,""hold_hours"":4,""hour_window"":""ALL"",""momentum_atr"":0.6,""momentum_bars"":8,""stop_atr"":0.75,""target_r"":1.25,""transition_age_max"":16}"
18678,8d57e9432f66c622,TRANSITION,TRANS_POST_COMPRESSION_IMPULSE_TARGET,"{""body_min"":0.4,""efficiency_min"":0.25,""hold_hours"":4,""hour_window"":""LONDON"",""momentum_atr"":0.6,""momentum_bars"":8,""stop_atr"":1.0,""target_r"":1.5,""transition_age_max"":48}"
18679,cc9f5d9add68d9f6,TRANSITION,TRANS_POST_COMPRESSION_IMPULSE_TARGET,"{""body_min"":0.3,""efficiency_min"":0.15,""hold_hours"":1,""hour_window"":""NEW_YORK"",""momentum_atr"":0.4,""momentum_bars"":4,""stop_atr"":1.5,""target_r"":1.25,""transition_age_max"":48}"
18680,eb23c09d1122199d,TRANSITION,TRANS_POST_COMPRESSION_IMPULSE_TARGET,"{""body_min"":0.3,""efficiency_min"":0.05,""hold_hours"":4,""hour_window"":""LONDON"",""momentum_atr"":0.25,""momentum_bars"":16,""stop_atr"":1.5,""target_r"":1.0,""transition_age_max"":4}"
18681,11f4cfec87dfcca5,TRANSITION,TRANS_POST_COMPRESSION_IMPULSE_TARGET,"{""body_min"":0.4,""efficiency_min"":0.15,""hold_hours"":4,""hour_window"":""LONDON"",""momentum_atr"":0.6,""momentum_bars"":4,""stop_atr"":0.75,""target_r"":1.0,""transition_age_max"":48}"
18682,9e111f34af6f8eb7,TRANSITION,TRANS_POST_COMPRESSION_IMPULSE_TARGET,"{""body_min"":0.2,""efficiency_min"":0.35,""hold_hours"":3,""hour_window"":""POST_ASIA"",""momentum_atr"":0.6,""momentum_bars"":16,""stop_atr"":1.5,""target_r"":2.5,""transition_age_max"":48}"
18683,bcdd539a5137a1b9,TRANSITION,TRANS_POST_COMPRESSION_IMPULSE_TARGET,"{""body_min"":0.4,""efficiency_min"":0.35,""hold_hours"":1,""hour_window"":""POST_ASIA"",""momentum_atr"":0.25,""momentum_bars"":4,""stop_atr"":0.75,""target_r"":2.0,""transition_age_max"":8}"
18684,2bd2f7e631ec4217,TRANSITION,TRANS_POST_COMPRESSION_IMPULSE_TARGET,"{""body_min"":0.2,""efficiency_min"":0.05,""hold_hours"":4,""hour_window"":""POST_ASIA"",""momentum_atr"":0.8,""momentum_bars"":4,""stop_atr"":1.25,""target_r"":1.25,""transition_age_max"":16}"
18685,0d050ba7d12d65bb,TRANSITION,TRANS_POST_COMPRESSION_IMPULSE_TARGET,"{""body_min"":0.4,""efficiency_min"":0.25,""hold_hours"":12,""hour_window"":""LONDON_NY"",""momentum_atr"":0.4,""momentum_bars"":16,""stop_atr"":1.5,""target_r"":1.25,""transition_age_max"":32}"
18686,2cdb9532460795eb,TRANSITION,TRANS_POST_COMPRESSION_IMPULSE_TARGET,"{""body_min"":0.3,""efficiency_min"":0.15,""hold_hours"":4,""hour_window"":""POST_ASIA"",""momentum_atr"":0.8,""momentum_bars"":4,""stop_atr"":1.5,""target_r"":2.0,""transition_age_max"":8}"
18687,de5b88b64be50d2e,TRANSITION,TRANS_POST_COMPRESSION_IMPULSE_TARGET,"{""body_min"":0.2,""efficiency_min"":0.25,""hold_hours"":6,""hour_window"":""NEW_YORK"",""momentum_atr"":0.6,""momentum_bars"":1,""stop_atr"":0.75,""target_r"":1.0,""transition_age_max"":32}"
18688,42d47437667c357c,TRANSITION,TRANS_POST_COMPRESSION_IMPULSE_TARGET,"{""body_min"":0.4,""efficiency_min"":0.25,""hold_hours"":12,""hour_window"":""LONDON_NY"",""momentum_atr"":0.4,""momentum_bars"":16,""stop_atr"":1.25,""target_r"":1.0,""transition_age_max"":48}"
18689,9c19e8c32ad7e943,TRANSITION,TRANS_POST_COMPRESSION_IMPULSE_TARGET,"{""body_min"":0.4,""efficiency_min"":0.35,""hold_hours"":6,""hour_window"":""POST_ASIA"",""momentum_atr"":0.4,""momentum_bars"":1,""stop_atr"":1.5,""target_r"":1.5,""transition_age_max"":8}"
18690,5752be1b5f566375,TRANSITION,TRANS_POST_COMPRESSION_IMPULSE_TARGET,"{""body_min"":0.1,""efficiency_min"":0.25,""hold_hours"":3,""hour_window"":""LONDON_NY"",""momentum_atr"":0.25,""momentum_bars"":16,""stop_atr"":2.0,""target_r"":1.5,""transition_age_max"":32}"
18691,252356b71308060a,TRANSITION,TRANS_POST_COMPRESSION_IMPULSE_TARGET,"{""body_min"":0.4,""efficiency_min"":0.15,""hold_hours"":8,""hour_window"":""LONDON_NY"",""momentum_atr"":0.6,""momentum_bars"":2,""stop_atr"":2.0,""target_r"":2.5,""transition_age_max"":8}"
18692,162ea579039f9a88,TRANSITION,TRANS_POST_COMPRESSION_IMPULSE_TARGET,"{""body_min"":0.1,""efficiency_min"":0.35,""hold_hours"":6,""hour_window"":""POST_ASIA"",""momentum_atr"":0.8,""momentum_bars"":4,""stop_atr"":0.75,""target_r"":2.5,""transition_age_max"":48}"
18693,a112a2f48cf78748,TRANSITION,TRANS_POST_COMPRESSION_IMPULSE_TARGET,"{""body_min"":0.3,""efficiency_min"":0.35,""hold_hours"":12,""hour_window"":""LONDON_NY"",""momentum_atr"":0.4,""momentum_bars"":16,""stop_atr"":1.5,""target_r"":1.5,""transition_age_max"":16}"
18694,a56e80a68174c325,TRANSITION,TRANS_POST_COMPRESSION_IMPULSE_TARGET,"{""body_min"":0.4,""efficiency_min"":0.05,""hold_hours"":8,""hour_window"":""POST_ASIA"",""momentum_atr"":1.0,""momentum_bars"":8,""stop_atr"":0.75,""target_r"":2.5,""transition_age_max"":16}"
18695,6df929b3e93a48fc,TRANSITION,TRANS_POST_COMPRESSION_IMPULSE_TARGET,"{""body_min"":0.2,""efficiency_min"":0.35,""hold_hours"":2,""hour_window"":""LONDON_NY"",""momentum_atr"":0.4,""momentum_bars"":1,""stop_atr"":1.0,""target_r"":2.0,""transition_age_max"":8}"
18696,fa19940f9095a3ac,TRANSITION,TRANS_POST_COMPRESSION_IMPULSE_TARGET,"{""body_min"":0.4,""efficiency_min"":0.15,""hold_hours"":3,""hour_window"":""LONDON"",""momentum_atr"":1.0,""momentum_bars"":16,""stop_atr"":1.0,""target_r"":1.25,""transition_age_max"":8}"
18697,a9cc412385082a43,TRANSITION,TRANS_POST_COMPRESSION_IMPULSE_TARGET,"{""body_min"":0.1,""efficiency_min"":0.35,""hold_hours"":6,""hour_window"":""POST_ASIA"",""momentum_atr"":0.8,""momentum_bars"":4,""stop_atr"":1.25,""target_r"":1.0,""transition_age_max"":32}"
18698,6638cb9c483c0aed,TRANSITION,TRANS_POST_COMPRESSION_IMPULSE_TARGET,"{""body_min"":0.3,""efficiency_min"":0.05,""hold_hours"":1,""hour_window"":""NEW_YORK"",""momentum_atr"":0.6,""momentum_bars"":8,""stop_atr"":1.5,""target_r"":2.0,""transition_age_max"":48}"
18699,1e0406ded5c5cd3b,TRANSITION,TRANS_POST_COMPRESSION_IMPULSE_TARGET,"{""body_min"":0.1,""efficiency_min"":0.15,""hold_hours"":2,""hour_window"":""ALL"",""momentum_atr"":0.8,""momentum_bars"":8,""stop_atr"":2.0,""target_r"":2.0,""transition_age_max"":48}"
18700,bab362a04de2a636,TRANSITION,TRANS_POST_COMPRESSION_IMPULSE_TARGET,"{""body_min"":0.1,""efficiency_min"":0.35,""hold_hours"":1,""hour_window"":""LONDON"",""momentum_atr"":0.4,""momentum_bars"":1,""stop_atr"":1.0,""target_r"":1.5,""transition_age_max"":4}"
18701,0568e6132ac35686,TRANSITION,TRANS_POST_COMPRESSION_IMPULSE_TARGET,"{""body_min"":0.4,""efficiency_min"":0.05,""hold_hours"":1,""hour_window"":""NEW_YORK"",""momentum_atr"":0.6,""momentum_bars"":8,""stop_atr"":1.5,""target_r"":1.25,""transition_age_max"":4}"
18702,ed3ce2baee36d40a,TRANSITION,TRANS_POST_COMPRESSION_IMPULSE_TARGET,"{""body_min"":0.2,""efficiency_min"":0.25,""hold_hours"":8,""hour_window"":""ALL"",""momentum_atr"":0.4,""momentum_bars"":16,""stop_atr"":2.0,""target_r"":2.0,""transition_age_max"":16}"
18703,e59b70418ae2894e,TRANSITION,TRANS_POST_COMPRESSION_IMPULSE_TARGET,"{""body_min"":0.2,""efficiency_min"":0.25,""hold_hours"":6,""hour_window"":""ALL"",""momentum_atr"":0.25,""momentum_bars"":4,""stop_atr"":0.75,""target_r"":1.25,""transition_age_max"":16}"
18704,cb8ae6f87baabea1,TRANSITION,TRANS_POST_COMPRESSION_IMPULSE_TARGET,"{""body_min"":0.4,""efficiency_min"":0.35,""hold_hours"":6,""hour_window"":""LONDON_NY"",""momentum_atr"":0.25,""momentum_bars"":1,""stop_atr"":1.5,""target_r"":1.0,""transition_age_max"":48}"
18705,e689f253a83ad0b6,TRANSITION,TRANS_POST_COMPRESSION_IMPULSE_TARGET,"{""body_min"":0.2,""efficiency_min"":0.15,""hold_hours"":2,""hour_window"":""NEW_YORK"",""momentum_atr"":1.0,""momentum_bars"":8,""stop_atr"":1.25,""target_r"":1.5,""transition_age_max"":16}"
18706,cff2cf75e8a27b1b,TRANSITION,TRANS_POST_COMPRESSION_IMPULSE_TARGET,"{""body_min"":0.3,""efficiency_min"":0.25,""hold_hours"":2,""hour_window"":""LONDON_NY"",""momentum_atr"":0.8,""momentum_bars"":1,""stop_atr"":2.0,""target_r"":2.0,""transition_age_max"":16}"
18707,359511c723d7c0ea,TRANSITION,TRANS_POST_COMPRESSION_IMPULSE_TARGET,"{""body_min"":0.4,""efficiency_min"":0.35,""hold_hours"":4,""hour_window"":""LONDON_NY"",""momentum_atr"":0.8,""momentum_bars"":1,""stop_atr"":1.0,""target_r"":1.25,""transition_age_max"":16}"
18708,eb05ff7f789a0602,TRANSITION,TRANS_POST_COMPRESSION_IMPULSE_TARGET,"{""body_min"":0.3,""efficiency_min"":0.05,""hold_hours"":8,""hour_window"":""LONDON_NY"",""momentum_atr"":0.8,""momentum_bars"":16,""stop_atr"":1.5,""target_r"":2.5,""transition_age_max"":4}"
18709,2c16abf0c02fd343,TRANSITION,TRANS_POST_COMPRESSION_IMPULSE_TARGET,"{""body_min"":0.3,""efficiency_min"":0.35,""hold_hours"":4,""hour_window"":""ALL"",""momentum_atr"":0.25,""momentum_bars"":1,""stop_atr"":2.0,""target_r"":1.0,""transition_age_max"":8}"
18710,9cda950cca712d2f,TRANSITION,TRANS_POST_COMPRESSION_IMPULSE_TARGET,"{""body_min"":0.4,""efficiency_min"":0.05,""hold_hours"":6,""hour_window"":""NEW_YORK"",""momentum_atr"":0.25,""momentum_bars"":1,""stop_atr"":1.0,""target_r"":1.0,""transition_age_max"":8}"
18711,3e45132f71e18b3e,TRANSITION,TRANS_POST_COMPRESSION_IMPULSE_TARGET,"{""body_min"":0.4,""efficiency_min"":0.25,""hold_hours"":4,""hour_window"":""LONDON_NY"",""momentum_atr"":0.8,""momentum_bars"":16,""stop_atr"":0.75,""target_r"":2.5,""transition_age_max"":16}"
18712,9e84e535a15ec8a8,TRANSITION,TRANS_POST_COMPRESSION_IMPULSE_TARGET,"{""body_min"":0.2,""efficiency_min"":0.25,""hold_hours"":1,""hour_window"":""POST_ASIA"",""momentum_atr"":0.25,""momentum_bars"":4,""stop_atr"":1.25,""target_r"":1.0,""transition_age_max"":48}"
18713,3a5314ebafbe27cc,TRANSITION,TRANS_POST_COMPRESSION_IMPULSE_TARGET,"{""body_min"":0.4,""efficiency_min"":0.05,""hold_hours"":2,""hour_window"":""ALL"",""momentum_atr"":0.8,""momentum_bars"":2,""stop_atr"":1.0,""target_r"":1.5,""transition_age_max"":8}"
18714,ee7728ed03b0c130,TRANSITION,TRANS_POST_COMPRESSION_IMPULSE_TARGET,"{""body_min"":0.1,""efficiency_min"":0.25,""hold_hours"":8,""hour_window"":""NEW_YORK"",""momentum_atr"":0.4,""momentum_bars"":4,""stop_atr"":1.0,""target_r"":1.0,""transition_age_max"":4}"
18715,362397647253bf11,TRANSITION,TRANS_POST_COMPRESSION_IMPULSE_TARGET,"{""body_min"":0.3,""efficiency_min"":0.15,""hold_hours"":12,""hour_window"":""ALL"",""momentum_atr"":1.0,""momentum_bars"":1,""stop_atr"":0.75,""target_r"":1.25,""transition_age_max"":16}"
18716,8699325a7fb6b734,TRANSITION,TRANS_POST_COMPRESSION_IMPULSE_TARGET,"{""body_min"":0.3,""efficiency_min"":0.05,""hold_hours"":3,""hour_window"":""NEW_YORK"",""momentum_atr"":0.4,""momentum_bars"":1,""stop_atr"":2.0,""target_r"":1.0,""transition_age_max"":4}"
18717,081e0706c9df89d8,TRANSITION,TRANS_POST_COMPRESSION_IMPULSE_TARGET,"{""body_min"":0.2,""efficiency_min"":0.25,""hold_hours"":12,""hour_window"":""ALL"",""momentum_atr"":0.8,""momentum_bars"":4,""stop_atr"":1.25,""target_r"":1.0,""transition_age_max"":4}"
18718,4af7127501e78eee,TRANSITION,TRANS_POST_COMPRESSION_IMPULSE_TARGET,"{""body_min"":0.1,""efficiency_min"":0.25,""hold_hours"":2,""hour_window"":""NEW_YORK"",""momentum_atr"":0.6,""momentum_bars"":16,""stop_atr"":2.0,""target_r"":1.0,""transition_age_max"":32}"
18719,938c88bd85c424f2,TRANSITION,TRANS_POST_COMPRESSION_IMPULSE_TARGET,"{""body_min"":0.2,""efficiency_min"":0.35,""hold_hours"":12,""hour_window"":""POST_ASIA"",""momentum_atr"":0.6,""momentum_bars"":8,""stop_atr"":1.25,""target_r"":1.25,""transition_age_max"":16}"
18720,c277cb9b52dd3eb8,TRANSITION,TRANS_POST_CHOP_BREAKOUT_TARGET,"{""body_min"":0.2,""breakout_atr"":0.05,""efficiency_min"":0.05,""hold_hours"":1,""hour_window"":""ALL"",""lookback"":16,""stop_atr"":2.0,""target_r"":2.0,""transition_age_max"":48}"
18721,fdc051bb649de4be,TRANSITION,TRANS_POST_CHOP_BREAKOUT_TARGET,"{""body_min"":0.3,""breakout_atr"":0.1,""efficiency_min"":0.35,""hold_hours"":4,""hour_window"":""LONDON"",""lookback"":12,""stop_atr"":2.0,""target_r"":2.0,""transition_age_max"":8}"
18722,bd2a2ddd5c451d88,TRANSITION,TRANS_POST_CHOP_BREAKOUT_TARGET,"{""body_min"":0.3,""breakout_atr"":0.3,""efficiency_min"":0.05,""hold_hours"":4,""hour_window"":""LONDON"",""lookback"":32,""stop_atr"":1.0,""target_r"":2.5,""transition_age_max"":32}"
18723,070909410a8611d8,TRANSITION,TRANS_POST_CHOP_BREAKOUT_TARGET,"{""body_min"":0.4,""breakout_atr"":0.2,""efficiency_min"":0.35,""hold_hours"":1,""hour_window"":""NEW_YORK"",""lookback"":12,""stop_atr"":1.25,""target_r"":2.0,""transition_age_max"":48}"
18724,e62c41e02c22f2c8,TRANSITION,TRANS_POST_CHOP_BREAKOUT_TARGET,"{""body_min"":0.1,""breakout_atr"":0.2,""efficiency_min"":0.05,""hold_hours"":6,""hour_window"":""LONDON"",""lookback"":48,""stop_atr"":1.0,""target_r"":1.5,""transition_age_max"":8}"
18725,6f20a5e66697f2ac,TRANSITION,TRANS_POST_CHOP_BREAKOUT_TARGET,"{""body_min"":0.3,""breakout_atr"":0.3,""efficiency_min"":0.25,""hold_hours"":6,""hour_window"":""POST_ASIA"",""lookback"":24,""stop_atr"":0.75,""target_r"":1.5,""transition_age_max"":48}"
18726,4b60075a7f4c9981,TRANSITION,TRANS_POST_CHOP_BREAKOUT_TARGET,"{""body_min"":0.4,""breakout_atr"":0.05,""efficiency_min"":0.35,""hold_hours"":8,""hour_window"":""LONDON_NY"",""lookback"":48,""stop_atr"":2.0,""target_r"":2.0,""transition_age_max"":48}"
18727,da243f2d71392bec,TRANSITION,TRANS_POST_CHOP_BREAKOUT_TARGET,"{""body_min"":0.2,""breakout_atr"":0.05,""efficiency_min"":0.25,""hold_hours"":6,""hour_window"":""NEW_YORK"",""lookback"":16,""stop_atr"":1.25,""target_r"":2.5,""transition_age_max"":48}"
18728,56beb7fb7ffabd85,TRANSITION,TRANS_POST_CHOP_BREAKOUT_TARGET,"{""body_min"":0.4,""breakout_atr"":0.1,""efficiency_min"":0.25,""hold_hours"":4,""hour_window"":""POST_ASIA"",""lookback"":16,""stop_atr"":1.0,""target_r"":1.5,""transition_age_max"":48}"
18729,cb053aa279ff622e,TRANSITION,TRANS_POST_CHOP_BREAKOUT_TARGET,"{""body_min"":0.3,""breakout_atr"":0.2,""efficiency_min"":0.05,""hold_hours"":8,""hour_window"":""LONDON_NY"",""lookback"":24,""stop_atr"":0.75,""target_r"":1.5,""transition_age_max"":8}"
18730,79016fc6dd913c3f,TRANSITION,TRANS_POST_CHOP_BREAKOUT_TARGET,"{""body_min"":0.2,""breakout_atr"":0.0,""efficiency_min"":0.25,""hold_hours"":2,""hour_window"":""LONDON"",""lookback"":32,""stop_atr"":1.25,""target_r"":2.5,""transition_age_max"":4}"
18731,155711dd29a68140,TRANSITION,TRANS_POST_CHOP_BREAKOUT_TARGET,"{""body_min"":0.4,""breakout_atr"":0.05,""efficiency_min"":0.05,""hold_hours"":4,""hour_window"":""POST_ASIA"",""lookback"":48,""stop_atr"":1.25,""target_r"":1.0,""transition_age_max"":4}"
18732,6d485b87e151adf6,TRANSITION,TRANS_POST_CHOP_BREAKOUT_TARGET,"{""body_min"":0.1,""breakout_atr"":0.1,""efficiency_min"":0.05,""hold_hours"":8,""hour_window"":""LONDON_NY"",""lookback"":24,""stop_atr"":2.0,""target_r"":1.0,""transition_age_max"":8}"
18733,b3b415d95be26b22,TRANSITION,TRANS_POST_CHOP_BREAKOUT_TARGET,"{""body_min"":0.2,""breakout_atr"":0.05,""efficiency_min"":0.05,""hold_hours"":2,""hour_window"":""LONDON_NY"",""lookback"":48,""stop_atr"":1.0,""target_r"":1.25,""transition_age_max"":8}"
18734,0773f38662f2f91f,TRANSITION,TRANS_POST_CHOP_BREAKOUT_TARGET,"{""body_min"":0.4,""breakout_atr"":0.05,""efficiency_min"":0.05,""hold_hours"":4,""hour_window"":""LONDON_NY"",""lookback"":16,""stop_atr"":1.0,""target_r"":1.5,""transition_age_max"":4}"
18735,c6b8833c21551e16,TRANSITION,TRANS_POST_CHOP_BREAKOUT_TARGET,"{""body_min"":0.2,""breakout_atr"":0.1,""efficiency_min"":0.05,""hold_hours"":6,""hour_window"":""LONDON"",""lookback"":32,""stop_atr"":1.25,""target_r"":2.0,""transition_age_max"":48}"
18736,cf3187f69bc5f0f2,TRANSITION,TRANS_POST_CHOP_BREAKOUT_TARGET,"{""body_min"":0.2,""breakout_atr"":0.1,""efficiency_min"":0.35,""hold_hours"":4,""hour_window"":""POST_ASIA"",""lookback"":12,""stop_atr"":2.0,""target_r"":1.5,""transition_age_max"":16}"
18737,47876c0f94e16efc,TRANSITION,TRANS_POST_CHOP_BREAKOUT_TARGET,"{""body_min"":0.2,""breakout_atr"":0.0,""efficiency_min"":0.25,""hold_hours"":4,""hour_window"":""ALL"",""lookback"":16,""stop_atr"":2.0,""target_r"":1.25,""transition_age_max"":48}"
18738,e3bceb826ebb2ef3,TRANSITION,TRANS_POST_CHOP_BREAKOUT_TARGET,"{""body_min"":0.3,""breakout_atr"":0.0,""efficiency_min"":0.15,""hold_hours"":1,""hour_window"":""NEW_YORK"",""lookback"":12,""stop_atr"":1.0,""target_r"":2.0,""transition_age_max"":32}"
18739,04e814d2f0bb869c,TRANSITION,TRANS_POST_CHOP_BREAKOUT_TARGET,"{""body_min"":0.2,""breakout_atr"":0.2,""efficiency_min"":0.15,""hold_hours"":2,""hour_window"":""POST_ASIA"",""lookback"":12,""stop_atr"":1.5,""target_r"":2.0,""transition_age_max"":4}"
18740,028e7f59a476990b,TRANSITION,TRANS_POST_CHOP_BREAKOUT_TARGET,"{""body_min"":0.4,""breakout_atr"":0.3,""efficiency_min"":0.05,""hold_hours"":1,""hour_window"":""POST_ASIA"",""lookback"":24,""stop_atr"":2.0,""target_r"":1.0,""transition_age_max"":16}"
18741,50eb09c2480e110c,TRANSITION,TRANS_POST_CHOP_BREAKOUT_TARGET,"{""body_min"":0.1,""breakout_atr"":0.1,""efficiency_min"":0.05,""hold_hours"":3,""hour_window"":""NEW_YORK"",""lookback"":8,""stop_atr"":1.25,""target_r"":2.5,""transition_age_max"":8}"
18742,c958b1e940b1816f,TRANSITION,TRANS_POST_CHOP_BREAKOUT_TARGET,"{""body_min"":0.3,""breakout_atr"":0.1,""efficiency_min"":0.35,""hold_hours"":6,""hour_window"":""LONDON_NY"",""lookback"":24,""stop_atr"":2.0,""target_r"":1.5,""transition_age_max"":8}"
18743,fe4dba1b5b2bb24f,TRANSITION,TRANS_POST_CHOP_BREAKOUT_TARGET,"{""body_min"":0.1,""breakout_atr"":0.2,""efficiency_min"":0.15,""hold_hours"":8,""hour_window"":""POST_ASIA"",""lookback"":16,""stop_atr"":0.75,""target_r"":1.0,""transition_age_max"":48}"
18744,7bf5794beaefd102,TRANSITION,TRANS_POST_CHOP_BREAKOUT_TARGET,"{""body_min"":0.4,""breakout_atr"":0.0,""efficiency_min"":0.35,""hold_hours"":6,""hour_window"":""POST_ASIA"",""lookback"":48,""stop_atr"":2.0,""target_r"":2.0,""transition_age_max"":8}"
18745,823d6d6ba8aeaa21,TRANSITION,TRANS_POST_CHOP_BREAKOUT_TARGET,"{""body_min"":0.4,""breakout_atr"":0.05,""efficiency_min"":0.25,""hold_hours"":4,""hour_window"":""ALL"",""lookback"":24,""stop_atr"":2.0,""target_r"":1.0,""transition_age_max"":48}"
18746,93fc41bdc8d952cf,TRANSITION,TRANS_POST_CHOP_BREAKOUT_TARGET,"{""body_min"":0.1,""breakout_atr"":0.0,""efficiency_min"":0.35,""hold_hours"":2,""hour_window"":""ALL"",""lookback"":16,""stop_atr"":0.75,""target_r"":1.0,""transition_age_max"":4}"
18747,42a01056ce1ba653,TRANSITION,TRANS_POST_CHOP_BREAKOUT_TARGET,"{""body_min"":0.2,""breakout_atr"":0.2,""efficiency_min"":0.05,""hold_hours"":12,""hour_window"":""LONDON"",""lookback"":24,""stop_atr"":2.0,""target_r"":1.25,""transition_age_max"":8}"
18748,b98534a8e6f21040,TRANSITION,TRANS_POST_CHOP_BREAKOUT_TARGET,"{""body_min"":0.4,""breakout_atr"":0.05,""efficiency_min"":0.35,""hold_hours"":6,""hour_window"":""ALL"",""lookback"":16,""stop_atr"":2.0,""target_r"":1.0,""transition_age_max"":16}"
18749,c48be33164ceb64b,TRANSITION,TRANS_POST_CHOP_BREAKOUT_TARGET,"{""body_min"":0.4,""breakout_atr"":0.05,""efficiency_min"":0.05,""hold_hours"":4,""hour_window"":""NEW_YORK"",""lookback"":8,""stop_atr"":2.0,""target_r"":1.25,""transition_age_max"":4}"
18750,464a118547b6a41f,TRANSITION,TRANS_POST_CHOP_BREAKOUT_TARGET,"{""body_min"":0.4,""breakout_atr"":0.2,""efficiency_min"":0.05,""hold_hours"":3,""hour_window"":""NEW_YORK"",""lookback"":16,""stop_atr"":2.0,""target_r"":1.5,""transition_age_max"":4}"
18751,dc3aa14ffb2f7df1,TRANSITION,TRANS_POST_CHOP_BREAKOUT_TARGET,"{""body_min"":0.4,""breakout_atr"":0.1,""efficiency_min"":0.35,""hold_hours"":6,""hour_window"":""LONDON_NY"",""lookback"":12,""stop_atr"":0.75,""target_r"":1.0,""transition_age_max"":16}"
18752,24900666f6b004be,TRANSITION,TRANS_POST_CHOP_BREAKOUT_TARGET,"{""body_min"":0.2,""breakout_atr"":0.0,""efficiency_min"":0.25,""hold_hours"":8,""hour_window"":""LONDON"",""lookback"":8,""stop_atr"":2.0,""target_r"":1.5,""transition_age_max"":4}"
18753,37add1fa99fc094a,TRANSITION,TRANS_POST_CHOP_BREAKOUT_TARGET,"{""body_min"":0.3,""breakout_atr"":0.3,""efficiency_min"":0.05,""hold_hours"":2,""hour_window"":""LONDON"",""lookback"":32,""stop_atr"":0.75,""target_r"":2.5,""transition_age_max"":16}"
18754,7f951b9ff9e83fe5,TRANSITION,TRANS_POST_CHOP_BREAKOUT_TARGET,"{""body_min"":0.2,""breakout_atr"":0.05,""efficiency_min"":0.05,""hold_hours"":3,""hour_window"":""ALL"",""lookback"":16,""stop_atr"":0.75,""target_r"":2.0,""transition_age_max"":8}"
18755,aabb731bfcfffdd9,TRANSITION,TRANS_POST_CHOP_BREAKOUT_TARGET,"{""body_min"":0.3,""breakout_atr"":0.2,""efficiency_min"":0.35,""hold_hours"":3,""hour_window"":""POST_ASIA"",""lookback"":32,""stop_atr"":1.25,""target_r"":1.5,""transition_age_max"":8}"
18756,da5d049406b39435,TRANSITION,TRANS_POST_CHOP_BREAKOUT_TARGET,"{""body_min"":0.2,""breakout_atr"":0.0,""efficiency_min"":0.15,""hold_hours"":4,""hour_window"":""NEW_YORK"",""lookback"":12,""stop_atr"":2.0,""target_r"":1.25,""transition_age_max"":4}"
18757,6126a8e0563273d0,TRANSITION,TRANS_POST_CHOP_BREAKOUT_TARGET,"{""body_min"":0.1,""breakout_atr"":0.2,""efficiency_min"":0.25,""hold_hours"":1,""hour_window"":""ALL"",""lookback"":24,""stop_atr"":1.5,""target_r"":1.5,""transition_age_max"":8}"
18758,ba7addd85d4c1fb8,TRANSITION,TRANS_POST_CHOP_BREAKOUT_TARGET,"{""body_min"":0.3,""breakout_atr"":0.05,""efficiency_min"":0.15,""hold_hours"":2,""hour_window"":""NEW_YORK"",""lookback"":16,""stop_atr"":1.5,""target_r"":1.0,""transition_age_max"":8}"
18759,b20091daf0f3372b,TRANSITION,TRANS_POST_CHOP_BREAKOUT_TARGET,"{""body_min"":0.1,""breakout_atr"":0.0,""efficiency_min"":0.15,""hold_hours"":8,""hour_window"":""NEW_YORK"",""lookback"":24,""stop_atr"":0.75,""target_r"":1.5,""transition_age_max"":32}"
18760,937fa4155886a48d,TRANSITION,TRANS_POST_CHOP_BREAKOUT_TARGET,"{""body_min"":0.1,""breakout_atr"":0.3,""efficiency_min"":0.05,""hold_hours"":12,""hour_window"":""LONDON"",""lookback"":12,""stop_atr"":1.0,""target_r"":2.5,""transition_age_max"":32}"
18761,ef047ba2c594be4c,TRANSITION,TRANS_POST_CHOP_BREAKOUT_TARGET,"{""body_min"":0.4,""breakout_atr"":0.05,""efficiency_min"":0.25,""hold_hours"":2,""hour_window"":""NEW_YORK"",""lookback"":24,""stop_atr"":2.0,""target_r"":1.0,""transition_age_max"":48}"
18762,0d8b376404134b63,TRANSITION,TRANS_POST_CHOP_BREAKOUT_TARGET,"{""body_min"":0.3,""breakout_atr"":0.05,""efficiency_min"":0.25,""hold_hours"":4,""hour_window"":""NEW_YORK"",""lookback"":12,""stop_atr"":0.75,""target_r"":2.0,""transition_age_max"":8}"
18763,5b50281c1be1d4a1,TRANSITION,TRANS_POST_CHOP_BREAKOUT_TARGET,"{""body_min"":0.4,""breakout_atr"":0.3,""efficiency_min"":0.05,""hold_hours"":6,""hour_window"":""LONDON_NY"",""lookback"":8,""stop_atr"":1.25,""target_r"":1.0,""transition_age_max"":8}"
18764,ad22bad6c54fccdb,TRANSITION,TRANS_POST_CHOP_BREAKOUT_TARGET,"{""body_min"":0.4,""breakout_atr"":0.1,""efficiency_min"":0.15,""hold_hours"":8,""hour_window"":""ALL"",""lookback"":8,""stop_atr"":1.5,""target_r"":2.0,""transition_age_max"":48}"
18765,d58544b8c7615c1d,TRANSITION,TRANS_POST_CHOP_BREAKOUT_TARGET,"{""body_min"":0.4,""breakout_atr"":0.2,""efficiency_min"":0.35,""hold_hours"":3,""hour_window"":""POST_ASIA"",""lookback"":16,""stop_atr"":1.5,""target_r"":1.0,""transition_age_max"":32}"
18766,df75bb89a52d903f,TRANSITION,TRANS_POST_CHOP_BREAKOUT_TARGET,"{""body_min"":0.3,""breakout_atr"":0.3,""efficiency_min"":0.15,""hold_hours"":8,""hour_window"":""POST_ASIA"",""lookback"":12,""stop_atr"":0.75,""target_r"":1.5,""transition_age_max"":32}"
18767,d076ac0b04ecd0cc,TRANSITION,TRANS_POST_CHOP_BREAKOUT_TARGET,"{""body_min"":0.2,""breakout_atr"":0.1,""efficiency_min"":0.35,""hold_hours"":3,""hour_window"":""ALL"",""lookback"":8,""stop_atr"":2.0,""target_r"":1.25,""transition_age_max"":16}"
18768,30830fc1aa0ea92f,TRANSITION,TRANS_POST_CHOP_BREAKOUT_TARGET,"{""body_min"":0.1,""breakout_atr"":0.3,""efficiency_min"":0.35,""hold_hours"":4,""hour_window"":""ALL"",""lookback"":32,""stop_atr"":0.75,""target_r"":2.0,""transition_age_max"":4}"
18769,095e48461447ed43,TRANSITION,TRANS_POST_CHOP_BREAKOUT_TARGET,"{""body_min"":0.2,""breakout_atr"":0.0,""efficiency_min"":0.35,""hold_hours"":12,""hour_window"":""NEW_YORK"",""lookback"":24,""stop_atr"":0.75,""target_r"":1.5,""transition_age_max"":16}"
18770,a287fc0d64c0ac95,TRANSITION,TRANS_POST_CHOP_BREAKOUT_TARGET,"{""body_min"":0.4,""breakout_atr"":0.3,""efficiency_min"":0.15,""hold_hours"":4,""hour_window"":""LONDON"",""lookback"":16,""stop_atr"":1.5,""target_r"":2.0,""transition_age_max"":8}"
18771,3323b66fdfc20a8f,TRANSITION,TRANS_POST_CHOP_BREAKOUT_TARGET,"{""body_min"":0.4,""breakout_atr"":0.0,""efficiency_min"":0.25,""hold_hours"":6,""hour_window"":""NEW_YORK"",""lookback"":16,""stop_atr"":2.0,""target_r"":1.0,""transition_age_max"":8}"
18772,dab6ff238e5f5319,TRANSITION,TRANS_POST_CHOP_BREAKOUT_TARGET,"{""body_min"":0.4,""breakout_atr"":0.2,""efficiency_min"":0.25,""hold_hours"":1,""hour_window"":""LONDON"",""lookback"":12,""stop_atr"":0.75,""target_r"":1.5,""transition_age_max"":4}"
18773,55e4ee155933290d,TRANSITION,TRANS_POST_CHOP_BREAKOUT_TARGET,"{""body_min"":0.4,""breakout_atr"":0.2,""efficiency_min"":0.05,""hold_hours"":2,""hour_window"":""ALL"",""lookback"":24,""stop_atr"":1.25,""target_r"":1.5,""transition_age_max"":4}"
18774,a9718942f38359eb,TRANSITION,TRANS_POST_CHOP_BREAKOUT_TARGET,"{""body_min"":0.2,""breakout_atr"":0.05,""efficiency_min"":0.05,""hold_hours"":12,""hour_window"":""LONDON_NY"",""lookback"":32,""stop_atr"":1.0,""target_r"":1.5,""transition_age_max"":4}"
18775,3bd6d51442d20955,TRANSITION,TRANS_POST_CHOP_BREAKOUT_TARGET,"{""body_min"":0.4,""breakout_atr"":0.05,""efficiency_min"":0.25,""hold_hours"":6,""hour_window"":""LONDON"",""lookback"":16,""stop_atr"":1.0,""target_r"":2.5,""transition_age_max"":32}"
18776,edbf2f89533dbb1a,TRANSITION,TRANS_POST_CHOP_BREAKOUT_TARGET,"{""body_min"":0.1,""breakout_atr"":0.1,""efficiency_min"":0.25,""hold_hours"":8,""hour_window"":""LONDON"",""lookback"":12,""stop_atr"":2.0,""target_r"":2.0,""transition_age_max"":4}"
18777,2c9128becaf25369,TRANSITION,TRANS_POST_CHOP_BREAKOUT_TARGET,"{""body_min"":0.1,""breakout_atr"":0.1,""efficiency_min"":0.35,""hold_hours"":3,""hour_window"":""LONDON_NY"",""lookback"":24,""stop_atr"":0.75,""target_r"":1.25,""transition_age_max"":32}"
18778,b6e6ca0a5973bdc5,TRANSITION,TRANS_POST_CHOP_BREAKOUT_TARGET,"{""body_min"":0.4,""breakout_atr"":0.0,""efficiency_min"":0.25,""hold_hours"":6,""hour_window"":""NEW_YORK"",""lookback"":24,""stop_atr"":1.5,""target_r"":1.0,""transition_age_max"":4}"
18779,509923c0f4af4056,TRANSITION,TRANS_POST_CHOP_BREAKOUT_TARGET,"{""body_min"":0.4,""breakout_atr"":0.3,""efficiency_min"":0.15,""hold_hours"":3,""hour_window"":""NEW_YORK"",""lookback"":16,""stop_atr"":1.25,""target_r"":1.5,""transition_age_max"":8}"
18780,a72cc6d37aff4e63,TRANSITION,TRANS_POST_CHOP_BREAKOUT_TARGET,"{""body_min"":0.1,""breakout_atr"":0.05,""efficiency_min"":0.25,""hold_hours"":8,""hour_window"":""LONDON_NY"",""lookback"":16,""stop_atr"":2.0,""target_r"":1.5,""transition_age_max"":48}"
18781,a3fbb3045cfd66e6,TRANSITION,TRANS_POST_CHOP_BREAKOUT_TARGET,"{""body_min"":0.2,""breakout_atr"":0.3,""efficiency_min"":0.25,""hold_hours"":2,""hour_window"":""NEW_YORK"",""lookback"":32,""stop_atr"":2.0,""target_r"":2.5,""transition_age_max"":4}"
18782,c38c4c14ea359f1b,TRANSITION,TRANS_POST_CHOP_BREAKOUT_TARGET,"{""body_min"":0.4,""breakout_atr"":0.0,""efficiency_min"":0.15,""hold_hours"":3,""hour_window"":""POST_ASIA"",""lookback"":48,""stop_atr"":1.5,""target_r"":2.5,""transition_age_max"":16}"
18783,6228b10c5ef52fa4,TRANSITION,TRANS_POST_CHOP_BREAKOUT_TARGET,"{""body_min"":0.4,""breakout_atr"":0.2,""efficiency_min"":0.25,""hold_hours"":2,""hour_window"":""LONDON_NY"",""lookback"":16,""stop_atr"":1.25,""target_r"":2.5,""transition_age_max"":8}"
18784,7dde244d555dce9f,TRANSITION,TRANS_POST_CHOP_BREAKOUT_TARGET,"{""body_min"":0.4,""breakout_atr"":0.05,""efficiency_min"":0.15,""hold_hours"":6,""hour_window"":""POST_ASIA"",""lookback"":12,""stop_atr"":1.25,""target_r"":1.25,""transition_age_max"":8}"
18785,e0ee7a91089d906c,TRANSITION,TRANS_POST_CHOP_BREAKOUT_TARGET,"{""body_min"":0.2,""breakout_atr"":0.05,""efficiency_min"":0.15,""hold_hours"":2,""hour_window"":""LONDON_NY"",""lookback"":12,""stop_atr"":2.0,""target_r"":1.5,""transition_age_max"":16}"
18786,a38897b40070203b,TRANSITION,TRANS_POST_CHOP_BREAKOUT_TARGET,"{""body_min"":0.4,""breakout_atr"":0.2,""efficiency_min"":0.35,""hold_hours"":6,""hour_window"":""NEW_YORK"",""lookback"":16,""stop_atr"":1.0,""target_r"":2.5,""transition_age_max"":8}"
18787,5524508e2c9cc60c,TRANSITION,TRANS_POST_CHOP_BREAKOUT_TARGET,"{""body_min"":0.3,""breakout_atr"":0.2,""efficiency_min"":0.15,""hold_hours"":12,""hour_window"":""ALL"",""lookback"":12,""stop_atr"":1.5,""target_r"":1.5,""transition_age_max"":48}"
18788,8cf465583f562678,TRANSITION,TRANS_POST_CHOP_BREAKOUT_TARGET,"{""body_min"":0.2,""breakout_atr"":0.05,""efficiency_min"":0.15,""hold_hours"":12,""hour_window"":""LONDON"",""lookback"":12,""stop_atr"":2.0,""target_r"":2.0,""transition_age_max"":32}"
18789,9307fd064e171ef2,TRANSITION,TRANS_POST_CHOP_BREAKOUT_TARGET,"{""body_min"":0.2,""breakout_atr"":0.05,""efficiency_min"":0.25,""hold_hours"":1,""hour_window"":""LONDON"",""lookback"":12,""stop_atr"":1.5,""target_r"":1.5,""transition_age_max"":48}"
18790,e8e02fce06d462e1,TRANSITION,TRANS_POST_CHOP_BREAKOUT_TARGET,"{""body_min"":0.4,""breakout_atr"":0.05,""efficiency_min"":0.15,""hold_hours"":1,""hour_window"":""POST_ASIA"",""lookback"":48,""stop_atr"":1.5,""target_r"":2.0,""transition_age_max"":16}"
18791,4390e30fb67e8720,TRANSITION,TRANS_POST_CHOP_BREAKOUT_TARGET,"{""body_min"":0.4,""breakout_atr"":0.1,""efficiency_min"":0.25,""hold_hours"":4,""hour_window"":""POST_ASIA"",""lookback"":48,""stop_atr"":1.0,""target_r"":1.0,""transition_age_max"":8}"
18792,48df4bd2a70b4812,TRANSITION,TRANS_POST_CHOP_BREAKOUT_TARGET,"{""body_min"":0.4,""breakout_atr"":0.0,""efficiency_min"":0.05,""hold_hours"":2,""hour_window"":""LONDON"",""lookback"":32,""stop_atr"":1.0,""target_r"":1.25,""transition_age_max"":8}"
18793,a976ea67fcb4c4a1,TRANSITION,TRANS_POST_CHOP_BREAKOUT_TARGET,"{""body_min"":0.2,""breakout_atr"":0.05,""efficiency_min"":0.35,""hold_hours"":2,""hour_window"":""ALL"",""lookback"":32,""stop_atr"":1.0,""target_r"":2.5,""transition_age_max"":32}"
18794,f42658e05a77dabe,TRANSITION,TRANS_POST_CHOP_BREAKOUT_TARGET,"{""body_min"":0.4,""breakout_atr"":0.2,""efficiency_min"":0.05,""hold_hours"":6,""hour_window"":""LONDON"",""lookback"":8,""stop_atr"":1.0,""target_r"":1.25,""transition_age_max"":8}"
18795,6bb8d4162f9df73a,TRANSITION,TRANS_POST_CHOP_BREAKOUT_TARGET,"{""body_min"":0.1,""breakout_atr"":0.1,""efficiency_min"":0.35,""hold_hours"":3,""hour_window"":""LONDON_NY"",""lookback"":48,""stop_atr"":2.0,""target_r"":2.5,""transition_age_max"":32}"
18796,cb881fd09e0d1f0d,TRANSITION,TRANS_POST_CHOP_BREAKOUT_TARGET,"{""body_min"":0.3,""breakout_atr"":0.0,""efficiency_min"":0.05,""hold_hours"":2,""hour_window"":""POST_ASIA"",""lookback"":32,""stop_atr"":1.5,""target_r"":1.0,""transition_age_max"":48}"
18797,799cf889b056d31b,TRANSITION,TRANS_POST_CHOP_BREAKOUT_TARGET,"{""body_min"":0.2,""breakout_atr"":0.2,""efficiency_min"":0.35,""hold_hours"":12,""hour_window"":""NEW_YORK"",""lookback"":24,""stop_atr"":2.0,""target_r"":1.25,""transition_age_max"":16}"
18798,027adf54367e44fd,TRANSITION,TRANS_POST_CHOP_BREAKOUT_TARGET,"{""body_min"":0.1,""breakout_atr"":0.05,""efficiency_min"":0.25,""hold_hours"":6,""hour_window"":""ALL"",""lookback"":48,""stop_atr"":1.0,""target_r"":1.25,""transition_age_max"":8}"
18799,9edd329017eda774,TRANSITION,TRANS_POST_CHOP_BREAKOUT_TARGET,"{""body_min"":0.1,""breakout_atr"":0.1,""efficiency_min"":0.25,""hold_hours"":6,""hour_window"":""LONDON"",""lookback"":48,""stop_atr"":2.0,""target_r"":1.0,""transition_age_max"":32}"
18800,ac0f5cfbe29248b4,TRANSITION,TRANS_POST_CHOP_BREAKOUT_TARGET,"{""body_min"":0.1,""breakout_atr"":0.1,""efficiency_min"":0.25,""hold_hours"":6,""hour_window"":""NEW_YORK"",""lookback"":24,""stop_atr"":1.5,""target_r"":2.0,""transition_age_max"":16}"
18801,33446272064d89ea,TRANSITION,TRANS_POST_CHOP_BREAKOUT_TARGET,"{""body_min"":0.2,""breakout_atr"":0.1,""efficiency_min"":0.05,""hold_hours"":12,""hour_window"":""ALL"",""lookback"":16,""stop_atr"":0.75,""target_r"":1.0,""transition_age_max"":16}"
18802,105fbc1621f3d044,TRANSITION,TRANS_POST_CHOP_BREAKOUT_TARGET,"{""body_min"":0.2,""breakout_atr"":0.2,""efficiency_min"":0.25,""hold_hours"":3,""hour_window"":""LONDON_NY"",""lookback"":8,""stop_atr"":2.0,""target_r"":1.5,""transition_age_max"":32}"
18803,c7669209f7631645,TRANSITION,TRANS_POST_CHOP_BREAKOUT_TARGET,"{""body_min"":0.4,""breakout_atr"":0.1,""efficiency_min"":0.15,""hold_hours"":1,""hour_window"":""ALL"",""lookback"":16,""stop_atr"":2.0,""target_r"":1.25,""transition_age_max"":16}"
18804,991f5ab110c5708b,TRANSITION,TRANS_POST_CHOP_BREAKOUT_TARGET,"{""body_min"":0.2,""breakout_atr"":0.2,""efficiency_min"":0.05,""hold_hours"":4,""hour_window"":""LONDON_NY"",""lookback"":8,""stop_atr"":1.0,""target_r"":2.0,""transition_age_max"":16}"
18805,a46f462ce7b4e4c5,TRANSITION,TRANS_POST_CHOP_BREAKOUT_TARGET,"{""body_min"":0.4,""breakout_atr"":0.05,""efficiency_min"":0.05,""hold_hours"":4,""hour_window"":""ALL"",""lookback"":16,""stop_atr"":1.25,""target_r"":2.0,""transition_age_max"":16}"
18806,26b9ce1f291c3a60,TRANSITION,TRANS_POST_CHOP_BREAKOUT_TARGET,"{""body_min"":0.2,""breakout_atr"":0.0,""efficiency_min"":0.25,""hold_hours"":8,""hour_window"":""ALL"",""lookback"":48,""stop_atr"":2.0,""target_r"":1.25,""transition_age_max"":16}"
18807,37a9d3f2116f9d6f,TRANSITION,TRANS_POST_CHOP_BREAKOUT_TARGET,"{""body_min"":0.1,""breakout_atr"":0.2,""efficiency_min"":0.15,""hold_hours"":8,""hour_window"":""POST_ASIA"",""lookback"":48,""stop_atr"":1.0,""target_r"":2.5,""transition_age_max"":8}"
18808,bcc75ce36cecbbf2,TRANSITION,TRANS_POST_CHOP_BREAKOUT_TARGET,"{""body_min"":0.4,""breakout_atr"":0.05,""efficiency_min"":0.25,""hold_hours"":3,""hour_window"":""LONDON_NY"",""lookback"":32,""stop_atr"":0.75,""target_r"":1.0,""transition_age_max"":32}"
18809,7df6a607d79023da,TRANSITION,TRANS_POST_CHOP_BREAKOUT_TARGET,"{""body_min"":0.4,""breakout_atr"":0.1,""efficiency_min"":0.25,""hold_hours"":12,""hour_window"":""LONDON"",""lookback"":16,""stop_atr"":1.0,""target_r"":2.5,""transition_age_max"":4}"
18810,dd58e859d76ce2ca,TRANSITION,TRANS_POST_CHOP_BREAKOUT_TARGET,"{""body_min"":0.4,""breakout_atr"":0.0,""efficiency_min"":0.35,""hold_hours"":3,""hour_window"":""LONDON_NY"",""lookback"":8,""stop_atr"":2.0,""target_r"":2.5,""transition_age_max"":8}"
18811,7ebf3039c5d255b6,TRANSITION,TRANS_POST_CHOP_BREAKOUT_TARGET,"{""body_min"":0.3,""breakout_atr"":0.2,""efficiency_min"":0.15,""hold_hours"":3,""hour_window"":""NEW_YORK"",""lookback"":12,""stop_atr"":1.25,""target_r"":1.5,""transition_age_max"":4}"
18812,dc6c90a1c764d0fa,TRANSITION,TRANS_POST_CHOP_BREAKOUT_TARGET,"{""body_min"":0.2,""breakout_atr"":0.1,""efficiency_min"":0.35,""hold_hours"":6,""hour_window"":""POST_ASIA"",""lookback"":24,""stop_atr"":1.0,""target_r"":2.5,""transition_age_max"":8}"
18813,172e9469df21aa01,TRANSITION,TRANS_POST_CHOP_BREAKOUT_TARGET,"{""body_min"":0.1,""breakout_atr"":0.2,""efficiency_min"":0.35,""hold_hours"":3,""hour_window"":""LONDON"",""lookback"":12,""stop_atr"":2.0,""target_r"":2.0,""transition_age_max"":4}"
18814,862ad48a8bda36e2,TRANSITION,TRANS_POST_CHOP_BREAKOUT_TARGET,"{""body_min"":0.3,""breakout_atr"":0.2,""efficiency_min"":0.25,""hold_hours"":8,""hour_window"":""ALL"",""lookback"":12,""stop_atr"":1.0,""target_r"":1.5,""transition_age_max"":48}"
18815,781d94d85660512d,TRANSITION,TRANS_POST_CHOP_BREAKOUT_TARGET,"{""body_min"":0.3,""breakout_atr"":0.0,""efficiency_min"":0.15,""hold_hours"":3,""hour_window"":""LONDON"",""lookback"":8,""stop_atr"":1.5,""target_r"":2.5,""transition_age_max"":8}"
18816,b421c2087fea2011,TRANSITION,TRANS_POST_CHOP_BREAKOUT_TARGET,"{""body_min"":0.1,""breakout_atr"":0.2,""efficiency_min"":0.25,""hold_hours"":2,""hour_window"":""NEW_YORK"",""lookback"":32,""stop_atr"":1.5,""target_r"":1.5,""transition_age_max"":4}"
18817,3a0d27a2271ef0d8,TRANSITION,TRANS_POST_CHOP_BREAKOUT_TARGET,"{""body_min"":0.2,""breakout_atr"":0.2,""efficiency_min"":0.25,""hold_hours"":4,""hour_window"":""NEW_YORK"",""lookback"":48,""stop_atr"":1.25,""target_r"":1.5,""transition_age_max"":8}"
18818,11aa64290d482b26,TRANSITION,TRANS_POST_CHOP_BREAKOUT_TARGET,"{""body_min"":0.4,""breakout_atr"":0.3,""efficiency_min"":0.35,""hold_hours"":6,""hour_window"":""LONDON"",""lookback"":32,""stop_atr"":1.25,""target_r"":1.25,""transition_age_max"":16}"
18819,911e38bb11ebe77e,TRANSITION,TRANS_POST_CHOP_BREAKOUT_TARGET,"{""body_min"":0.4,""breakout_atr"":0.1,""efficiency_min"":0.05,""hold_hours"":8,""hour_window"":""NEW_YORK"",""lookback"":32,""stop_atr"":1.5,""target_r"":2.5,""transition_age_max"":32}"
18820,7a1c98c5f50894c7,TRANSITION,TRANS_TREND_REACTIVATION_TARGET,"{""body_min"":0.4,""efficiency_min"":0.25,""hold_hours"":8,""hour_window"":""LONDON"",""stop_atr"":1.5,""target_r"":1.5,""touch_atr"":0.5,""transition_age_max"":16}"
18821,be0f459ca7f68964,TRANSITION,TRANS_TREND_REACTIVATION_TARGET,"{""body_min"":0.1,""efficiency_min"":0.05,""hold_hours"":6,""hour_window"":""LONDON_NY"",""stop_atr"":1.5,""target_r"":1.5,""touch_atr"":0.35,""transition_age_max"":4}"
18822,8756c3d5d43c2e93,TRANSITION,TRANS_TREND_REACTIVATION_TARGET,"{""body_min"":0.3,""efficiency_min"":0.35,""hold_hours"":12,""hour_window"":""LONDON"",""stop_atr"":0.75,""target_r"":2.0,""touch_atr"":0.1,""transition_age_max"":8}"
18823,595c0e245ad1f6fe,TRANSITION,TRANS_TREND_REACTIVATION_TARGET,"{""body_min"":0.3,""efficiency_min"":0.15,""hold_hours"":8,""hour_window"":""NEW_YORK"",""stop_atr"":1.0,""target_r"":2.0,""touch_atr"":0.2,""transition_age_max"":48}"
18824,b72b2fe6277e5447,TRANSITION,TRANS_TREND_REACTIVATION_TARGET,"{""body_min"":0.4,""efficiency_min"":0.25,""hold_hours"":8,""hour_window"":""LONDON_NY"",""stop_atr"":1.0,""target_r"":1.25,""touch_atr"":0.2,""transition_age_max"":4}"
18825,55ca1aa535a3ab92,TRANSITION,TRANS_TREND_REACTIVATION_TARGET,"{""body_min"":0.4,""efficiency_min"":0.35,""hold_hours"":6,""hour_window"":""LONDON"",""stop_atr"":0.75,""target_r"":2.5,""touch_atr"":0.1,""transition_age_max"":4}"
18826,80c707376c680e43,TRANSITION,TRANS_TREND_REACTIVATION_TARGET,"{""body_min"":0.3,""efficiency_min"":0.15,""hold_hours"":4,""hour_window"":""LONDON_NY"",""stop_atr"":1.25,""target_r"":1.5,""touch_atr"":0.35,""transition_age_max"":48}"
18827,03ee0abf935574d2,TRANSITION,TRANS_TREND_REACTIVATION_TARGET,"{""body_min"":0.1,""efficiency_min"":0.05,""hold_hours"":1,""hour_window"":""LONDON_NY"",""stop_atr"":2.0,""target_r"":2.5,""touch_atr"":0.35,""transition_age_max"":8}"
18828,f6003c8378cd52a5,TRANSITION,TRANS_TREND_REACTIVATION_TARGET,"{""body_min"":0.2,""efficiency_min"":0.15,""hold_hours"":12,""hour_window"":""POST_ASIA"",""stop_atr"":1.0,""target_r"":2.5,""touch_atr"":0.5,""transition_age_max"":32}"
18829,3599e5c9318d133b,TRANSITION,TRANS_TREND_REACTIVATION_TARGET,"{""body_min"":0.2,""efficiency_min"":0.25,""hold_hours"":8,""hour_window"":""LONDON_NY"",""stop_atr"":1.0,""target_r"":1.5,""touch_atr"":0.2,""transition_age_max"":4}"
18830,5a6603eae5372a33,TRANSITION,TRANS_TREND_REACTIVATION_TARGET,"{""body_min"":0.4,""efficiency_min"":0.05,""hold_hours"":1,""hour_window"":""ALL"",""stop_atr"":1.25,""target_r"":1.25,""touch_atr"":0.1,""transition_age_max"":8}"
18831,e482a7c4ede3d3b9,TRANSITION,TRANS_TREND_REACTIVATION_TARGET,"{""body_min"":0.4,""efficiency_min"":0.05,""hold_hours"":2,""hour_window"":""POST_ASIA"",""stop_atr"":1.25,""target_r"":1.5,""touch_atr"":-0.1,""transition_age_max"":32}"
18832,58778af0d102cbfb,TRANSITION,TRANS_TREND_REACTIVATION_TARGET,"{""body_min"":0.3,""efficiency_min"":0.05,""hold_hours"":8,""hour_window"":""NEW_YORK"",""stop_atr"":0.75,""target_r"":2.5,""touch_atr"":0.1,""transition_age_max"":48}"
18833,448d563dda544334,TRANSITION,TRANS_TREND_REACTIVATION_TARGET,"{""body_min"":0.3,""efficiency_min"":0.15,""hold_hours"":4,""hour_window"":""LONDON_NY"",""stop_atr"":0.75,""target_r"":1.5,""touch_atr"":-0.1,""transition_age_max"":4}"
18834,1ce8b3a76ff52457,TRANSITION,TRANS_TREND_REACTIVATION_TARGET,"{""body_min"":0.1,""efficiency_min"":0.15,""hold_hours"":3,""hour_window"":""LONDON_NY"",""stop_atr"":1.0,""target_r"":2.0,""touch_atr"":0.35,""transition_age_max"":32}"
18835,2c152a8b07fc6cdf,TRANSITION,TRANS_TREND_REACTIVATION_TARGET,"{""body_min"":0.4,""efficiency_min"":0.35,""hold_hours"":8,""hour_window"":""LONDON_NY"",""stop_atr"":1.0,""target_r"":2.0,""touch_atr"":0.1,""transition_age_max"":16}"
18836,d1ad70e88b7eac10,TRANSITION,TRANS_TREND_REACTIVATION_TARGET,"{""body_min"":0.3,""efficiency_min"":0.15,""hold_hours"":6,""hour_window"":""LONDON_NY"",""stop_atr"":1.25,""target_r"":2.0,""touch_atr"":0.2,""transition_age_max"":4}"
18837,fd2fe41e7f218414,TRANSITION,TRANS_TREND_REACTIVATION_TARGET,"{""body_min"":0.1,""efficiency_min"":0.35,""hold_hours"":4,""hour_window"":""LONDON_NY"",""stop_atr"":1.25,""target_r"":2.0,""touch_atr"":0.5,""transition_age_max"":32}"
18838,1eea2b9423d1e861,TRANSITION,TRANS_TREND_REACTIVATION_TARGET,"{""body_min"":0.4,""efficiency_min"":0.05,""hold_hours"":2,""hour_window"":""NEW_YORK"",""stop_atr"":1.5,""target_r"":1.25,""touch_atr"":0.35,""transition_age_max"":4}"
18839,72c68cffb8e103d0,TRANSITION,TRANS_TREND_REACTIVATION_TARGET,"{""body_min"":0.4,""efficiency_min"":0.05,""hold_hours"":6,""hour_window"":""LONDON"",""stop_atr"":2.0,""target_r"":2.5,""touch_atr"":0.5,""transition_age_max"":4}"
18840,d4eadd4bec160715,TRANSITION,TRANS_TREND_REACTIVATION_TARGET,"{""body_min"":0.4,""efficiency_min"":0.15,""hold_hours"":3,""hour_window"":""LONDON_NY"",""stop_atr"":2.0,""target_r"":2.5,""touch_atr"":0.35,""transition_age_max"":16}"
18841,c27ea662fb8850ab,TRANSITION,TRANS_TREND_REACTIVATION_TARGET,"{""body_min"":0.2,""efficiency_min"":0.15,""hold_hours"":2,""hour_window"":""ALL"",""stop_atr"":0.75,""target_r"":2.0,""touch_atr"":-0.1,""transition_age_max"":8}"
18842,b098c43c822ac8d8,TRANSITION,TRANS_TREND_REACTIVATION_TARGET,"{""body_min"":0.1,""efficiency_min"":0.05,""hold_hours"":8,""hour_window"":""POST_ASIA"",""stop_atr"":0.75,""target_r"":2.5,""touch_atr"":0.1,""transition_age_max"":8}"
18843,806c894f4c84ab1c,TRANSITION,TRANS_TREND_REACTIVATION_TARGET,"{""body_min"":0.4,""efficiency_min"":0.15,""hold_hours"":8,""hour_window"":""LONDON"",""stop_atr"":1.0,""target_r"":2.5,""touch_atr"":0.35,""transition_age_max"":16}"
18844,1b5652cb80ba3943,TRANSITION,TRANS_TREND_REACTIVATION_TARGET,"{""body_min"":0.4,""efficiency_min"":0.15,""hold_hours"":6,""hour_window"":""LONDON_NY"",""stop_atr"":1.0,""target_r"":2.5,""touch_atr"":0.35,""transition_age_max"":16}"
18845,7182e446c072ac82,TRANSITION,TRANS_TREND_REACTIVATION_TARGET,"{""body_min"":0.3,""efficiency_min"":0.15,""hold_hours"":6,""hour_window"":""NEW_YORK"",""stop_atr"":0.75,""target_r"":2.0,""touch_atr"":-0.1,""transition_age_max"":32}"
18846,9b9028ecac39d674,TRANSITION,TRANS_TREND_REACTIVATION_TARGET,"{""body_min"":0.4,""efficiency_min"":0.15,""hold_hours"":1,""hour_window"":""POST_ASIA"",""stop_atr"":0.75,""target_r"":1.5,""touch_atr"":0.5,""transition_age_max"":16}"
18847,ba8417c5d0e5efce,TRANSITION,TRANS_TREND_REACTIVATION_TARGET,"{""body_min"":0.2,""efficiency_min"":0.25,""hold_hours"":2,""hour_window"":""POST_ASIA"",""stop_atr"":1.25,""target_r"":1.5,""touch_atr"":0.1,""transition_age_max"":8}"
18848,9f4e6467608402b9,TRANSITION,TRANS_TREND_REACTIVATION_TARGET,"{""body_min"":0.3,""efficiency_min"":0.15,""hold_hours"":1,""hour_window"":""ALL"",""stop_atr"":2.0,""target_r"":2.0,""touch_atr"":0.0,""transition_age_max"":48}"
18849,505dcd33879d9bd4,TRANSITION,TRANS_TREND_REACTIVATION_TARGET,"{""body_min"":0.2,""efficiency_min"":0.35,""hold_hours"":3,""hour_window"":""LONDON_NY"",""stop_atr"":1.5,""target_r"":2.5,""touch_atr"":0.35,""transition_age_max"":16}"
18850,fc9da8187dc6b639,TRANSITION,TRANS_TREND_REACTIVATION_TARGET,"{""body_min"":0.1,""efficiency_min"":0.15,""hold_hours"":8,""hour_window"":""LONDON_NY"",""stop_atr"":1.0,""target_r"":2.0,""touch_atr"":0.35,""transition_age_max"":16}"
18851,95ba918074b91660,TRANSITION,TRANS_TREND_REACTIVATION_TARGET,"{""body_min"":0.2,""efficiency_min"":0.15,""hold_hours"":12,""hour_window"":""ALL"",""stop_atr"":1.0,""target_r"":1.25,""touch_atr"":0.35,""transition_age_max"":16}"
18852,728c992f047b868c,TRANSITION,TRANS_TREND_REACTIVATION_TARGET,"{""body_min"":0.4,""efficiency_min"":0.25,""hold_hours"":6,""hour_window"":""NEW_YORK"",""stop_atr"":2.0,""target_r"":1.5,""touch_atr"":-0.1,""transition_age_max"":16}"
18853,2d17278dcda6b5c8,TRANSITION,TRANS_TREND_REACTIVATION_TARGET,"{""body_min"":0.2,""efficiency_min"":0.15,""hold_hours"":3,""hour_window"":""LONDON_NY"",""stop_atr"":0.75,""target_r"":1.25,""touch_atr"":-0.1,""transition_age_max"":48}"
18854,3c7d20a0011c29db,TRANSITION,TRANS_TREND_REACTIVATION_TARGET,"{""body_min"":0.2,""efficiency_min"":0.35,""hold_hours"":2,""hour_window"":""NEW_YORK"",""stop_atr"":2.0,""target_r"":1.25,""touch_atr"":0.0,""transition_age_max"":4}"
18855,b831aa9a5519d16e,TRANSITION,TRANS_TREND_REACTIVATION_TARGET,"{""body_min"":0.3,""efficiency_min"":0.15,""hold_hours"":6,""hour_window"":""NEW_YORK"",""stop_atr"":0.75,""target_r"":1.5,""touch_atr"":0.1,""transition_age_max"":32}"
18856,ee422403467de877,TRANSITION,TRANS_TREND_REACTIVATION_TARGET,"{""body_min"":0.3,""efficiency_min"":0.15,""hold_hours"":8,""hour_window"":""LONDON_NY"",""stop_atr"":1.0,""target_r"":1.25,""touch_atr"":0.1,""transition_age_max"":4}"
18857,cac0a413e2f0fcc8,TRANSITION,TRANS_TREND_REACTIVATION_TARGET,"{""body_min"":0.2,""efficiency_min"":0.15,""hold_hours"":1,""hour_window"":""NEW_YORK"",""stop_atr"":0.75,""target_r"":1.0,""touch_atr"":0.5,""transition_age_max"":4}"
18858,20b65fdd2b52e140,TRANSITION,TRANS_TREND_REACTIVATION_TARGET,"{""body_min"":0.2,""efficiency_min"":0.05,""hold_hours"":2,""hour_window"":""LONDON"",""stop_atr"":1.25,""target_r"":1.5,""touch_atr"":0.2,""transition_age_max"":16}"
18859,cbc1404fec30db16,TRANSITION,TRANS_TREND_REACTIVATION_TARGET,"{""body_min"":0.4,""efficiency_min"":0.25,""hold_hours"":8,""hour_window"":""POST_ASIA"",""stop_atr"":1.0,""target_r"":1.25,""touch_atr"":0.35,""transition_age_max"":16}"
18860,26a2898bead3867a,TRANSITION,TRANS_TREND_REACTIVATION_TARGET,"{""body_min"":0.3,""efficiency_min"":0.05,""hold_hours"":2,""hour_window"":""POST_ASIA"",""stop_atr"":1.25,""target_r"":1.5,""touch_atr"":0.2,""transition_age_max"":48}"
18861,136c4cb6a02c60b3,TRANSITION,TRANS_TREND_REACTIVATION_TARGET,"{""body_min"":0.1,""efficiency_min"":0.05,""hold_hours"":3,""hour_window"":""LONDON_NY"",""stop_atr"":0.75,""target_r"":1.0,""touch_atr"":0.1,""transition_age_max"":32}"
18862,e2406e17a6d2eaf5,TRANSITION,TRANS_TREND_REACTIVATION_TARGET,"{""body_min"":0.4,""efficiency_min"":0.25,""hold_hours"":3,""hour_window"":""POST_ASIA"",""stop_atr"":2.0,""target_r"":2.5,""touch_atr"":0.0,""transition_age_max"":48}"
18863,4828d5a86a10d772,TRANSITION,TRANS_TREND_REACTIVATION_TARGET,"{""body_min"":0.2,""efficiency_min"":0.05,""hold_hours"":6,""hour_window"":""POST_ASIA"",""stop_atr"":1.0,""target_r"":2.0,""touch_atr"":-0.1,""transition_age_max"":16}"
18864,126bc0888135cc91,TRANSITION,TRANS_TREND_REACTIVATION_TARGET,"{""body_min"":0.2,""efficiency_min"":0.05,""hold_hours"":4,""hour_window"":""NEW_YORK"",""stop_atr"":1.5,""target_r"":2.5,""touch_atr"":0.35,""transition_age_max"":8}"
18865,1ce5b844d03c7cad,TRANSITION,TRANS_TREND_REACTIVATION_TARGET,"{""body_min"":0.1,""efficiency_min"":0.35,""hold_hours"":6,""hour_window"":""ALL"",""stop_atr"":1.25,""target_r"":1.25,""touch_atr"":0.0,""transition_age_max"":48}"
18866,011505604272089c,TRANSITION,TRANS_TREND_REACTIVATION_TARGET,"{""body_min"":0.1,""efficiency_min"":0.25,""hold_hours"":6,""hour_window"":""LONDON_NY"",""stop_atr"":2.0,""target_r"":2.5,""touch_atr"":-0.1,""transition_age_max"":16}"
18867,edb0a23ea9067637,TRANSITION,TRANS_TREND_REACTIVATION_TARGET,"{""body_min"":0.1,""efficiency_min"":0.15,""hold_hours"":3,""hour_window"":""LONDON_NY"",""stop_atr"":1.5,""target_r"":2.0,""touch_atr"":0.2,""transition_age_max"":32}"
18868,80f1d8d0927c18da,TRANSITION,TRANS_TREND_REACTIVATION_TARGET,"{""body_min"":0.3,""efficiency_min"":0.15,""hold_hours"":4,""hour_window"":""ALL"",""stop_atr"":1.0,""target_r"":2.5,""touch_atr"":0.2,""transition_age_max"":32}"
18869,c078d95da75dc48b,TRANSITION,TRANS_TREND_REACTIVATION_TARGET,"{""body_min"":0.1,""efficiency_min"":0.15,""hold_hours"":1,""hour_window"":""POST_ASIA"",""stop_atr"":2.0,""target_r"":1.0,""touch_atr"":-0.1,""transition_age_max"":48}"
18870,6842d6f36119f2b2,TRANSITION,TRANS_TREND_REACTIVATION_TARGET,"{""body_min"":0.3,""efficiency_min"":0.05,""hold_hours"":12,""hour_window"":""LONDON"",""stop_atr"":2.0,""target_r"":1.0,""touch_atr"":0.35,""transition_age_max"":16}"
18871,ea4cc52fd77a5b31,TRANSITION,TRANS_TREND_REACTIVATION_TARGET,"{""body_min"":0.2,""efficiency_min"":0.25,""hold_hours"":4,""hour_window"":""LONDON"",""stop_atr"":1.25,""target_r"":1.25,""touch_atr"":0.2,""transition_age_max"":8}"
18872,f9f0d1d0674f45f8,TRANSITION,TRANS_TREND_REACTIVATION_TARGET,"{""body_min"":0.3,""efficiency_min"":0.35,""hold_hours"":6,""hour_window"":""NEW_YORK"",""stop_atr"":2.0,""target_r"":2.5,""touch_atr"":-0.1,""transition_age_max"":48}"
18873,479c8b3c3d92b06a,TRANSITION,TRANS_TREND_REACTIVATION_TARGET,"{""body_min"":0.4,""efficiency_min"":0.05,""hold_hours"":4,""hour_window"":""LONDON"",""stop_atr"":1.0,""target_r"":1.0,""touch_atr"":0.35,""transition_age_max"":8}"
18874,e38dccbb791f2544,TRANSITION,TRANS_TREND_REACTIVATION_TARGET,"{""body_min"":0.4,""efficiency_min"":0.15,""hold_hours"":4,""hour_window"":""ALL"",""stop_atr"":1.25,""target_r"":1.5,""touch_atr"":0.1,""transition_age_max"":4}"
18875,e1fbdad9283da29a,TRANSITION,TRANS_TREND_REACTIVATION_TARGET,"{""body_min"":0.3,""efficiency_min"":0.35,""hold_hours"":1,""hour_window"":""ALL"",""stop_atr"":2.0,""target_r"":1.5,""touch_atr"":0.5,""transition_age_max"":4}"
18876,8d0ace553475268b,TRANSITION,TRANS_TREND_REACTIVATION_TARGET,"{""body_min"":0.1,""efficiency_min"":0.05,""hold_hours"":12,""hour_window"":""NEW_YORK"",""stop_atr"":0.75,""target_r"":1.25,""touch_atr"":0.5,""transition_age_max"":48}"
18877,dfefda7bd8fbee78,TRANSITION,TRANS_TREND_REACTIVATION_TARGET,"{""body_min"":0.2,""efficiency_min"":0.35,""hold_hours"":3,""hour_window"":""ALL"",""stop_atr"":1.5,""target_r"":1.5,""touch_atr"":0.2,""transition_age_max"":32}"
18878,b774a254e40c311d,TRANSITION,TRANS_TREND_REACTIVATION_TARGET,"{""body_min"":0.4,""efficiency_min"":0.25,""hold_hours"":8,""hour_window"":""LONDON_NY"",""stop_atr"":1.25,""target_r"":2.5,""touch_atr"":0.35,""transition_age_max"":16}"
18879,3dd99e61955f44ef,TRANSITION,TRANS_TREND_REACTIVATION_TARGET,"{""body_min"":0.2,""efficiency_min"":0.05,""hold_hours"":3,""hour_window"":""LONDON_NY"",""stop_atr"":1.25,""target_r"":1.25,""touch_atr"":0.35,""transition_age_max"":32}"
18880,71a6b951a5b077cf,TRANSITION,TRANS_TREND_REACTIVATION_TARGET,"{""body_min"":0.2,""efficiency_min"":0.15,""hold_hours"":1,""hour_window"":""LONDON_NY"",""stop_atr"":1.5,""target_r"":1.0,""touch_atr"":0.5,""transition_age_max"":32}"
18881,e88d0d18705c80d9,TRANSITION,TRANS_TREND_REACTIVATION_TARGET,"{""body_min"":0.1,""efficiency_min"":0.35,""hold_hours"":12,""hour_window"":""POST_ASIA"",""stop_atr"":2.0,""target_r"":1.25,""touch_atr"":0.2,""transition_age_max"":4}"
18882,4ecd26826ee931c9,TRANSITION,TRANS_TREND_REACTIVATION_TARGET,"{""body_min"":0.3,""efficiency_min"":0.05,""hold_hours"":2,""hour_window"":""LONDON"",""stop_atr"":1.0,""target_r"":1.5,""touch_atr"":0.2,""transition_age_max"":4}"
18883,883699385fb1d19e,TRANSITION,TRANS_TREND_REACTIVATION_TARGET,"{""body_min"":0.3,""efficiency_min"":0.15,""hold_hours"":6,""hour_window"":""POST_ASIA"",""stop_atr"":1.0,""target_r"":1.0,""touch_atr"":0.1,""transition_age_max"":8}"
18884,6a93f10643f6e329,TRANSITION,TRANS_TREND_REACTIVATION_TARGET,"{""body_min"":0.2,""efficiency_min"":0.25,""hold_hours"":3,""hour_window"":""LONDON_NY"",""stop_atr"":1.25,""target_r"":2.5,""touch_atr"":-0.1,""transition_age_max"":32}"
18885,8439d9d6a8a77b9c,TRANSITION,TRANS_TREND_REACTIVATION_TARGET,"{""body_min"":0.2,""efficiency_min"":0.15,""hold_hours"":12,""hour_window"":""NEW_YORK"",""stop_atr"":2.0,""target_r"":1.0,""touch_atr"":0.0,""transition_age_max"":32}"
18886,c0580760c838e51a,TRANSITION,TRANS_TREND_REACTIVATION_TARGET,"{""body_min"":0.1,""efficiency_min"":0.25,""hold_hours"":8,""hour_window"":""LONDON_NY"",""stop_atr"":2.0,""target_r"":2.0,""touch_atr"":-0.1,""transition_age_max"":8}"
18887,fa923283a4f3bca4,TRANSITION,TRANS_TREND_REACTIVATION_TARGET,"{""body_min"":0.2,""efficiency_min"":0.15,""hold_hours"":8,""hour_window"":""LONDON_NY"",""stop_atr"":2.0,""target_r"":2.0,""touch_atr"":0.35,""transition_age_max"":16}"
18888,1c652602df12f574,TRANSITION,TRANS_TREND_REACTIVATION_TARGET,"{""body_min"":0.4,""efficiency_min"":0.15,""hold_hours"":1,""hour_window"":""ALL"",""stop_atr"":1.0,""target_r"":1.5,""touch_atr"":0.0,""transition_age_max"":8}"
18889,d8a17fce7d49e6b6,TRANSITION,TRANS_TREND_REACTIVATION_TARGET,"{""body_min"":0.1,""efficiency_min"":0.25,""hold_hours"":8,""hour_window"":""NEW_YORK"",""stop_atr"":1.0,""target_r"":1.5,""touch_atr"":0.2,""transition_age_max"":16}"
18890,d627eb35100a29d8,TRANSITION,TRANS_TREND_REACTIVATION_TARGET,"{""body_min"":0.4,""efficiency_min"":0.05,""hold_hours"":4,""hour_window"":""POST_ASIA"",""stop_atr"":1.0,""target_r"":1.5,""touch_atr"":0.2,""transition_age_max"":8}"
18891,72693605e06025cb,TRANSITION,TRANS_TREND_REACTIVATION_TARGET,"{""body_min"":0.4,""efficiency_min"":0.15,""hold_hours"":1,""hour_window"":""NEW_YORK"",""stop_atr"":0.75,""target_r"":1.5,""touch_atr"":0.35,""transition_age_max"":48}"
18892,aaac2d4b2fe7247c,TRANSITION,TRANS_TREND_REACTIVATION_TARGET,"{""body_min"":0.1,""efficiency_min"":0.35,""hold_hours"":12,""hour_window"":""LONDON"",""stop_atr"":1.25,""target_r"":2.0,""touch_atr"":-0.1,""transition_age_max"":16}"
18893,03ee1612b3f59375,TRANSITION,TRANS_TREND_REACTIVATION_TARGET,"{""body_min"":0.4,""efficiency_min"":0.15,""hold_hours"":12,""hour_window"":""ALL"",""stop_atr"":0.75,""target_r"":1.25,""touch_atr"":0.5,""transition_age_max"":4}"
18894,62591c26117f8050,TRANSITION,TRANS_TREND_REACTIVATION_TARGET,"{""body_min"":0.2,""efficiency_min"":0.05,""hold_hours"":2,""hour_window"":""POST_ASIA"",""stop_atr"":1.25,""target_r"":2.0,""touch_atr"":-0.1,""transition_age_max"":32}"
18895,a5bd2be833b0dca6,TRANSITION,TRANS_TREND_REACTIVATION_TARGET,"{""body_min"":0.2,""efficiency_min"":0.15,""hold_hours"":3,""hour_window"":""LONDON_NY"",""stop_atr"":1.5,""target_r"":2.5,""touch_atr"":-0.1,""transition_age_max"":4}"
18896,b40b5a124c889faa,TRANSITION,TRANS_TREND_REACTIVATION_TARGET,"{""body_min"":0.2,""efficiency_min"":0.35,""hold_hours"":3,""hour_window"":""LONDON"",""stop_atr"":0.75,""target_r"":1.25,""touch_atr"":0.5,""transition_age_max"":8}"
18897,44cc51d708dc570a,TRANSITION,TRANS_TREND_REACTIVATION_TARGET,"{""body_min"":0.4,""efficiency_min"":0.15,""hold_hours"":3,""hour_window"":""LONDON_NY"",""stop_atr"":0.75,""target_r"":2.5,""touch_atr"":0.1,""transition_age_max"":8}"
18898,dae37398481cf639,TRANSITION,TRANS_TREND_REACTIVATION_TARGET,"{""body_min"":0.3,""efficiency_min"":0.25,""hold_hours"":12,""hour_window"":""NEW_YORK"",""stop_atr"":1.25,""target_r"":1.0,""touch_atr"":0.2,""transition_age_max"":48}"
18899,7378c415ef2eeb9d,TRANSITION,TRANS_TREND_REACTIVATION_TARGET,"{""body_min"":0.4,""efficiency_min"":0.35,""hold_hours"":6,""hour_window"":""POST_ASIA"",""stop_atr"":1.0,""target_r"":1.5,""touch_atr"":0.2,""transition_age_max"":4}"
18900,0d93db42d1d664d0,TRANSITION,TRANS_TREND_REACTIVATION_TARGET,"{""body_min"":0.2,""efficiency_min"":0.05,""hold_hours"":1,""hour_window"":""ALL"",""stop_atr"":0.75,""target_r"":2.0,""touch_atr"":0.0,""transition_age_max"":16}"
18901,d641e40eb2a14e6d,TRANSITION,TRANS_TREND_REACTIVATION_TARGET,"{""body_min"":0.2,""efficiency_min"":0.35,""hold_hours"":3,""hour_window"":""LONDON"",""stop_atr"":2.0,""target_r"":2.5,""touch_atr"":0.1,""transition_age_max"":16}"
18902,e3adc59aaaf779e0,TRANSITION,TRANS_TREND_REACTIVATION_TARGET,"{""body_min"":0.2,""efficiency_min"":0.25,""hold_hours"":3,""hour_window"":""LONDON"",""stop_atr"":2.0,""target_r"":1.5,""touch_atr"":0.2,""transition_age_max"":8}"
18903,76e2489d0c9edfb4,TRANSITION,TRANS_TREND_REACTIVATION_TARGET,"{""body_min"":0.2,""efficiency_min"":0.05,""hold_hours"":4,""hour_window"":""LONDON_NY"",""stop_atr"":0.75,""target_r"":2.5,""touch_atr"":0.35,""transition_age_max"":32}"
18904,f0f1cd6d640f7da0,TRANSITION,TRANS_TREND_REACTIVATION_TARGET,"{""body_min"":0.2,""efficiency_min"":0.15,""hold_hours"":1,""hour_window"":""LONDON_NY"",""stop_atr"":1.25,""target_r"":1.0,""touch_atr"":0.2,""transition_age_max"":32}"
18905,291f719839530261,TRANSITION,TRANS_TREND_REACTIVATION_TARGET,"{""body_min"":0.3,""efficiency_min"":0.25,""hold_hours"":8,""hour_window"":""LONDON"",""stop_atr"":0.75,""target_r"":1.0,""touch_atr"":0.0,""transition_age_max"":32}"
18906,b099f4b98d5450a5,TRANSITION,TRANS_TREND_REACTIVATION_TARGET,"{""body_min"":0.2,""efficiency_min"":0.15,""hold_hours"":3,""hour_window"":""ALL"",""stop_atr"":1.5,""target_r"":1.0,""touch_atr"":0.35,""transition_age_max"":48}"
18907,0eb192d98cc25295,TRANSITION,TRANS_TREND_REACTIVATION_TARGET,"{""body_min"":0.1,""efficiency_min"":0.05,""hold_hours"":12,""hour_window"":""LONDON"",""stop_atr"":0.75,""target_r"":1.25,""touch_atr"":0.5,""transition_age_max"":16}"
18908,7a53eccb327f9250,TRANSITION,TRANS_TREND_REACTIVATION_TARGET,"{""body_min"":0.3,""efficiency_min"":0.05,""hold_hours"":2,""hour_window"":""POST_ASIA"",""stop_atr"":1.0,""target_r"":1.25,""touch_atr"":0.1,""transition_age_max"":16}"
18909,d74affc2dc7ef614,TRANSITION,TRANS_TREND_REACTIVATION_TARGET,"{""body_min"":0.2,""efficiency_min"":0.15,""hold_hours"":12,""hour_window"":""NEW_YORK"",""stop_atr"":2.0,""target_r"":1.5,""touch_atr"":0.35,""transition_age_max"":8}"
18910,c1402544e84a5885,TRANSITION,TRANS_TREND_REACTIVATION_TARGET,"{""body_min"":0.3,""efficiency_min"":0.15,""hold_hours"":8,""hour_window"":""ALL"",""stop_atr"":1.0,""target_r"":2.0,""touch_atr"":0.35,""transition_age_max"":32}"
18911,ddfc36b340f10394,TRANSITION,TRANS_TREND_REACTIVATION_TARGET,"{""body_min"":0.3,""efficiency_min"":0.15,""hold_hours"":3,""hour_window"":""ALL"",""stop_atr"":0.75,""target_r"":1.25,""touch_atr"":-0.1,""transition_age_max"":16}"
18912,0a8897675d14c1fe,TRANSITION,TRANS_TREND_REACTIVATION_TARGET,"{""body_min"":0.3,""efficiency_min"":0.15,""hold_hours"":4,""hour_window"":""NEW_YORK"",""stop_atr"":1.25,""target_r"":1.5,""touch_atr"":0.1,""transition_age_max"":8}"
18913,01d25d00499d3a6b,TRANSITION,TRANS_TREND_REACTIVATION_TARGET,"{""body_min"":0.4,""efficiency_min"":0.35,""hold_hours"":2,""hour_window"":""LONDON"",""stop_atr"":1.0,""target_r"":1.5,""touch_atr"":0.0,""transition_age_max"":16}"
18914,b9830d8944c9f222,TRANSITION,TRANS_TREND_REACTIVATION_TARGET,"{""body_min"":0.3,""efficiency_min"":0.25,""hold_hours"":12,""hour_window"":""LONDON"",""stop_atr"":1.5,""target_r"":1.25,""touch_atr"":0.0,""transition_age_max"":48}"
18915,ba19443e691788dd,TRANSITION,TRANS_TREND_REACTIVATION_TARGET,"{""body_min"":0.1,""efficiency_min"":0.25,""hold_hours"":1,""hour_window"":""LONDON"",""stop_atr"":1.5,""target_r"":1.25,""touch_atr"":0.1,""transition_age_max"":16}"
18916,6fb46c05837d3421,TRANSITION,TRANS_TREND_REACTIVATION_TARGET,"{""body_min"":0.4,""efficiency_min"":0.15,""hold_hours"":3,""hour_window"":""POST_ASIA"",""stop_atr"":1.5,""target_r"":2.0,""touch_atr"":0.1,""transition_age_max"":48}"
18917,2c0a8ddb445f6a2a,TRANSITION,TRANS_TREND_REACTIVATION_TARGET,"{""body_min"":0.4,""efficiency_min"":0.25,""hold_hours"":1,""hour_window"":""ALL"",""stop_atr"":1.0,""target_r"":2.0,""touch_atr"":0.5,""transition_age_max"":4}"
18918,0745c54eff235b02,TRANSITION,TRANS_TREND_REACTIVATION_TARGET,"{""body_min"":0.1,""efficiency_min"":0.05,""hold_hours"":12,""hour_window"":""LONDON_NY"",""stop_atr"":0.75,""target_r"":1.0,""touch_atr"":0.35,""transition_age_max"":48}"
18919,ab4854ed35050606,TRANSITION,TRANS_TREND_REACTIVATION_TARGET,"{""body_min"":0.4,""efficiency_min"":0.35,""hold_hours"":6,""hour_window"":""POST_ASIA"",""stop_atr"":2.0,""target_r"":1.0,""touch_atr"":0.2,""transition_age_max"":8}"
18920,70c36a859b121e5c,TRANSITION,TRANS_RANGE_REENTRY_TARGET,"{""close_back_atr"":0.2,""hold_hours"":12,""hour_window"":""NEW_YORK"",""lookback"":16,""source"":""COMPRESSION"",""stop_atr"":1.0,""sweep_atr"":0.1,""target_r_max"":2.5,""target_r_min"":1.0,""transition_age_max"":16,""wick_min"":0.3}"
18921,9ca4fc4b31808638,TRANSITION,TRANS_RANGE_REENTRY_TARGET,"{""close_back_atr"":0.0,""hold_hours"":4,""hour_window"":""POST_ASIA"",""lookback"":12,""source"":""ANY_TREND"",""stop_atr"":2.0,""sweep_atr"":0.2,""target_r_max"":2.5,""target_r_min"":1.0,""transition_age_max"":32,""wick_min"":0.2}"
18922,2174d97ac3e2bd8b,TRANSITION,TRANS_RANGE_REENTRY_TARGET,"{""close_back_atr"":0.1,""hold_hours"":2,""hour_window"":""POST_ASIA"",""lookback"":16,""source"":""ANY"",""stop_atr"":1.5,""sweep_atr"":0.1,""target_r_max"":4.0,""target_r_min"":1.0,""transition_age_max"":32,""wick_min"":0.3}"
18923,cbd4520d3b1b3b18,TRANSITION,TRANS_RANGE_REENTRY_TARGET,"{""close_back_atr"":0.05,""hold_hours"":12,""hour_window"":""ALL"",""lookback"":12,""source"":""ANY_TREND"",""stop_atr"":0.75,""sweep_atr"":0.2,""target_r_max"":2.5,""target_r_min"":1.0,""transition_age_max"":8,""wick_min"":0.3}"
18924,8adc36796ae7e8d5,TRANSITION,TRANS_RANGE_REENTRY_TARGET,"{""close_back_atr"":0.05,""hold_hours"":8,""hour_window"":""LONDON_NY"",""lookback"":32,""source"":""ANY"",""stop_atr"":1.0,""sweep_atr"":0.2,""target_r_max"":2.5,""target_r_min"":0.75,""transition_age_max"":8,""wick_min"":0.2}"
18925,65457a7ce6803b54,TRANSITION,TRANS_RANGE_REENTRY_TARGET,"{""close_back_atr"":0.05,""hold_hours"":3,""hour_window"":""LONDON_NY"",""lookback"":12,""source"":""ANY_TREND"",""stop_atr"":2.0,""sweep_atr"":0.0,""target_r_max"":2.5,""target_r_min"":0.75,""transition_age_max"":48,""wick_min"":0.1}"
18926,e4323a700f4efcea,TRANSITION,TRANS_RANGE_REENTRY_TARGET,"{""close_back_atr"":0.2,""hold_hours"":4,""hour_window"":""POST_ASIA"",""lookback"":48,""source"":""ANY_TREND"",""stop_atr"":1.5,""sweep_atr"":0.05,""target_r_max"":4.0,""target_r_min"":0.75,""transition_age_max"":32,""wick_min"":0.3}"
18927,4a3db1db842bf42c,TRANSITION,TRANS_RANGE_REENTRY_TARGET,"{""close_back_atr"":0.05,""hold_hours"":1,""hour_window"":""LONDON_NY"",""lookback"":16,""source"":""ANY"",""stop_atr"":0.75,""sweep_atr"":0.05,""target_r_max"":2.5,""target_r_min"":0.75,""transition_age_max"":8,""wick_min"":0.2}"
18928,0d72b0d192ee34db,TRANSITION,TRANS_RANGE_REENTRY_TARGET,"{""close_back_atr"":0.1,""hold_hours"":6,""hour_window"":""NEW_YORK"",""lookback"":12,""source"":""ANY"",""stop_atr"":0.75,""sweep_atr"":0.0,""target_r_max"":2.5,""target_r_min"":1.0,""transition_age_max"":32,""wick_min"":0.4}"
18929,4d235451285a8ba8,TRANSITION,TRANS_RANGE_REENTRY_TARGET,"{""close_back_atr"":0.0,""hold_hours"":8,""hour_window"":""ALL"",""lookback"":24,""source"":""ANY_TREND"",""stop_atr"":2.0,""sweep_atr"":0.05,""target_r_max"":4.0,""target_r_min"":1.0,""transition_age_max"":32,""wick_min"":0.2}"
18930,1f745e20f4d2c812,TRANSITION,TRANS_RANGE_REENTRY_TARGET,"{""close_back_atr"":0.05,""hold_hours"":2,""hour_window"":""NEW_YORK"",""lookback"":8,""source"":""ANY"",""stop_atr"":1.5,""sweep_atr"":0.1,""target_r_max"":2.5,""target_r_min"":1.0,""transition_age_max"":32,""wick_min"":0.1}"
18931,b6c32236958c5a8c,TRANSITION,TRANS_RANGE_REENTRY_TARGET,"{""close_back_atr"":0.2,""hold_hours"":12,""hour_window"":""NEW_YORK"",""lookback"":16,""source"":""COMPRESSION"",""stop_atr"":1.25,""sweep_atr"":0.3,""target_r_max"":4.0,""target_r_min"":0.75,""transition_age_max"":16,""wick_min"":0.2}"
18932,1096cc5f61c852fc,TRANSITION,TRANS_RANGE_REENTRY_TARGET,"{""close_back_atr"":0.1,""hold_hours"":6,""hour_window"":""ALL"",""lookback"":12,""source"":""COMPRESSION"",""stop_atr"":1.5,""sweep_atr"":0.1,""target_r_max"":2.5,""target_r_min"":1.0,""transition_age_max"":32,""wick_min"":0.2}"
18933,f22d3c003aca91d8,TRANSITION,TRANS_RANGE_REENTRY_TARGET,"{""close_back_atr"":0.1,""hold_hours"":2,""hour_window"":""LONDON_NY"",""lookback"":12,""source"":""ANY"",""stop_atr"":1.5,""sweep_atr"":0.1,""target_r_max"":2.5,""target_r_min"":0.75,""transition_age_max"":16,""wick_min"":0.2}"
18934,caab9b4c491dfcf2,TRANSITION,TRANS_RANGE_REENTRY_TARGET,"{""close_back_atr"":0.2,""hold_hours"":4,""hour_window"":""LONDON_NY"",""lookback"":48,""source"":""ANY_TREND"",""stop_atr"":1.25,""sweep_atr"":0.05,""target_r_max"":2.5,""target_r_min"":1.0,""transition_age_max"":48,""wick_min"":0.3}"
18935,8fa7e84a27b7e9a0,TRANSITION,TRANS_RANGE_REENTRY_TARGET,"{""close_back_atr"":0.1,""hold_hours"":8,""hour_window"":""ALL"",""lookback"":8,""source"":""ANY_TREND"",""stop_atr"":0.75,""sweep_atr"":0.2,""target_r_max"":4.0,""target_r_min"":1.0,""transition_age_max"":16,""wick_min"":0.3}"
18936,f3e6d6a5f9708c0e,TRANSITION,TRANS_RANGE_REENTRY_TARGET,"{""close_back_atr"":0.2,""hold_hours"":12,""hour_window"":""LONDON_NY"",""lookback"":16,""source"":""ANY"",""stop_atr"":1.25,""sweep_atr"":0.0,""target_r_max"":4.0,""target_r_min"":1.0,""transition_age_max"":8,""wick_min"":0.4}"
18937,e862d0b1e3d0d1c9,TRANSITION,TRANS_RANGE_REENTRY_TARGET,"{""close_back_atr"":0.0,""hold_hours"":1,""hour_window"":""LONDON"",""lookback"":12,""source"":""ANY"",""stop_atr"":1.5,""sweep_atr"":0.1,""target_r_max"":4.0,""target_r_min"":0.75,""transition_age_max"":32,""wick_min"":0.1}"
18938,c0463bd9fcb21abf,TRANSITION,TRANS_RANGE_REENTRY_TARGET,"{""close_back_atr"":0.0,""hold_hours"":6,""hour_window"":""ALL"",""lookback"":32,""source"":""ANY_TREND"",""stop_atr"":1.0,""sweep_atr"":0.05,""target_r_max"":2.5,""target_r_min"":1.0,""transition_age_max"":32,""wick_min"":0.1}"
18939,dd73881ed4b686a6,TRANSITION,TRANS_RANGE_REENTRY_TARGET,"{""close_back_atr"":0.05,""hold_hours"":4,""hour_window"":""ALL"",""lookback"":48,""source"":""COMPRESSION"",""stop_atr"":0.75,""sweep_atr"":0.2,""target_r_max"":4.0,""target_r_min"":1.0,""transition_age_max"":16,""wick_min"":0.2}"
18940,1c0792bf79f9ec3f,TRANSITION,TRANS_RANGE_REENTRY_TARGET,"{""close_back_atr"":0.0,""hold_hours"":4,""hour_window"":""LONDON"",""lookback"":48,""source"":""COMPRESSION"",""stop_atr"":2.0,""sweep_atr"":0.05,""target_r_max"":4.0,""target_r_min"":1.0,""transition_age_max"":8,""wick_min"":0.3}"
18941,bd99b554fc9a1eb5,TRANSITION,TRANS_RANGE_REENTRY_TARGET,"{""close_back_atr"":0.05,""hold_hours"":1,""hour_window"":""POST_ASIA"",""lookback"":8,""source"":""ANY"",""stop_atr"":0.75,""sweep_atr"":0.3,""target_r_max"":2.5,""target_r_min"":1.0,""transition_age_max"":32,""wick_min"":0.2}"
18942,c895889741bc351f,TRANSITION,TRANS_RANGE_REENTRY_TARGET,"{""close_back_atr"":0.2,""hold_hours"":2,""hour_window"":""ALL"",""lookback"":24,""source"":""COMPRESSION"",""stop_atr"":0.75,""sweep_atr"":0.3,""target_r_max"":2.5,""target_r_min"":1.0,""transition_age_max"":8,""wick_min"":0.2}"
18943,f46dba4a6142b025,TRANSITION,TRANS_RANGE_REENTRY_TARGET,"{""close_back_atr"":0.1,""hold_hours"":4,""hour_window"":""POST_ASIA"",""lookback"":12,""source"":""ANY"",""stop_atr"":0.75,""sweep_atr"":0.1,""target_r_max"":4.0,""target_r_min"":1.0,""transition_age_max"":32,""wick_min"":0.2}"
18944,fdff96711b6ebca3,TRANSITION,TRANS_RANGE_REENTRY_TARGET,"{""close_back_atr"":0.0,""hold_hours"":4,""hour_window"":""POST_ASIA"",""lookback"":32,""source"":""CHOP"",""stop_atr"":1.0,""sweep_atr"":0.2,""target_r_max"":4.0,""target_r_min"":0.75,""transition_age_max"":8,""wick_min"":0.4}"
18945,20115b4b74110de1,TRANSITION,TRANS_RANGE_REENTRY_TARGET,"{""close_back_atr"":0.05,""hold_hours"":8,""hour_window"":""LONDON"",""lookback"":12,""source"":""CHOP"",""stop_atr"":0.75,""sweep_atr"":0.0,""target_r_max"":2.5,""target_r_min"":0.75,""transition_age_max"":48,""wick_min"":0.2}"
18946,eb6340dbce172d89,TRANSITION,TRANS_RANGE_REENTRY_TARGET,"{""close_back_atr"":0.2,""hold_hours"":3,""hour_window"":""ALL"",""lookback"":32,""source"":""CHOP"",""stop_atr"":2.0,""sweep_atr"":0.05,""target_r_max"":2.5,""target_r_min"":0.75,""transition_age_max"":16,""wick_min"":0.3}"
18947,a25b236e191e09a0,TRANSITION,TRANS_RANGE_REENTRY_TARGET,"{""close_back_atr"":0.1,""hold_hours"":12,""hour_window"":""LONDON_NY"",""lookback"":8,""source"":""ANY"",""stop_atr"":1.0,""sweep_atr"":0.1,""target_r_max"":4.0,""target_r_min"":0.75,""transition_age_max"":16,""wick_min"":0.1}"
18948,694639f355b4173c,TRANSITION,TRANS_RANGE_REENTRY_TARGET,"{""close_back_atr"":0.0,""hold_hours"":8,""hour_window"":""LONDON_NY"",""lookback"":16,""source"":""CHOP"",""stop_atr"":1.5,""sweep_atr"":0.2,""target_r_max"":2.5,""target_r_min"":1.0,""transition_age_max"":16,""wick_min"":0.1}"
18949,911ebd965bb4310d,TRANSITION,TRANS_RANGE_REENTRY_TARGET,"{""close_back_atr"":0.05,""hold_hours"":3,""hour_window"":""LONDON_NY"",""lookback"":32,""source"":""ANY"",""stop_atr"":1.0,""sweep_atr"":0.0,""target_r_max"":4.0,""target_r_min"":1.0,""transition_age_max"":48,""wick_min"":0.1}"
18950,244bf39140c01ea9,TRANSITION,TRANS_RANGE_REENTRY_TARGET,"{""close_back_atr"":0.2,""hold_hours"":6,""hour_window"":""POST_ASIA"",""lookback"":32,""source"":""COMPRESSION"",""stop_atr"":0.75,""sweep_atr"":0.1,""target_r_max"":4.0,""target_r_min"":0.75,""transition_age_max"":8,""wick_min"":0.4}"
18951,1071f7c84a65c80f,TRANSITION,TRANS_RANGE_REENTRY_TARGET,"{""close_back_atr"":0.05,""hold_hours"":1,""hour_window"":""ALL"",""lookback"":48,""source"":""ANY"",""stop_atr"":0.75,""sweep_atr"":0.0,""target_r_max"":2.5,""target_r_min"":1.0,""transition_age_max"":32,""wick_min"":0.2}"
18952,42c40d3762d2286b,TRANSITION,TRANS_RANGE_REENTRY_TARGET,"{""close_back_atr"":0.0,""hold_hours"":12,""hour_window"":""LONDON_NY"",""lookback"":24,""source"":""CHOP"",""stop_atr"":0.75,""sweep_atr"":0.2,""target_r_max"":2.5,""target_r_min"":0.75,""transition_age_max"":48,""wick_min"":0.2}"
18953,c914ed93b7fc96d1,TRANSITION,TRANS_RANGE_REENTRY_TARGET,"{""close_back_atr"":0.2,""hold_hours"":3,""hour_window"":""NEW_YORK"",""lookback"":32,""source"":""COMPRESSION"",""stop_atr"":2.0,""sweep_atr"":0.1,""target_r_max"":4.0,""target_r_min"":1.0,""transition_age_max"":32,""wick_min"":0.3}"
18954,19e1e4cdb507de08,TRANSITION,TRANS_RANGE_REENTRY_TARGET,"{""close_back_atr"":0.2,""hold_hours"":1,""hour_window"":""LONDON"",""lookback"":32,""source"":""ANY"",""stop_atr"":1.0,""sweep_atr"":0.1,""target_r_max"":4.0,""target_r_min"":0.75,""transition_age_max"":16,""wick_min"":0.1}"
18955,0f8ecb8c59d45a59,TRANSITION,TRANS_RANGE_REENTRY_TARGET,"{""close_back_atr"":0.2,""hold_hours"":12,""hour_window"":""POST_ASIA"",""lookback"":8,""source"":""COMPRESSION"",""stop_atr"":0.75,""sweep_atr"":0.2,""target_r_max"":4.0,""target_r_min"":0.75,""transition_age_max"":8,""wick_min"":0.2}"
18956,3de3314130091dad,TRANSITION,TRANS_RANGE_REENTRY_TARGET,"{""close_back_atr"":0.0,""hold_hours"":12,""hour_window"":""ALL"",""lookback"":32,""source"":""ANY_TREND"",""stop_atr"":0.75,""sweep_atr"":0.1,""target_r_max"":4.0,""target_r_min"":1.0,""transition_age_max"":16,""wick_min"":0.2}"
18957,6029e7b2711ace14,TRANSITION,TRANS_RANGE_REENTRY_TARGET,"{""close_back_atr"":0.05,""hold_hours"":4,""hour_window"":""ALL"",""lookback"":8,""source"":""ANY"",""stop_atr"":1.5,""sweep_atr"":0.3,""target_r_max"":2.5,""target_r_min"":1.0,""transition_age_max"":32,""wick_min"":0.1}"
18958,f3dc413d4edb1d33,TRANSITION,TRANS_RANGE_REENTRY_TARGET,"{""close_back_atr"":0.1,""hold_hours"":3,""hour_window"":""NEW_YORK"",""lookback"":8,""source"":""COMPRESSION"",""stop_atr"":2.0,""sweep_atr"":0.2,""target_r_max"":2.5,""target_r_min"":1.0,""transition_age_max"":16,""wick_min"":0.4}"
18959,d39f39b6921ed6b6,TRANSITION,TRANS_RANGE_REENTRY_TARGET,"{""close_back_atr"":0.05,""hold_hours"":4,""hour_window"":""ALL"",""lookback"":12,""source"":""CHOP"",""stop_atr"":1.25,""sweep_atr"":0.3,""target_r_max"":4.0,""target_r_min"":1.0,""transition_age_max"":8,""wick_min"":0.3}"
18960,566f0ea5836e9a95,TRANSITION,TRANS_RANGE_REENTRY_TARGET,"{""close_back_atr"":0.1,""hold_hours"":1,""hour_window"":""ALL"",""lookback"":32,""source"":""COMPRESSION"",""stop_atr"":1.5,""sweep_atr"":0.3,""target_r_max"":2.5,""target_r_min"":1.0,""transition_age_max"":32,""wick_min"":0.3}"
18961,b8c237990d890aa6,TRANSITION,TRANS_RANGE_REENTRY_TARGET,"{""close_back_atr"":0.2,""hold_hours"":1,""hour_window"":""LONDON"",""lookback"":48,""source"":""CHOP"",""stop_atr"":1.5,""sweep_atr"":0.0,""target_r_max"":2.5,""target_r_min"":0.75,""transition_age_max"":16,""wick_min"":0.1}"
18962,f49bff74793b2357,TRANSITION,TRANS_RANGE_REENTRY_TARGET,"{""close_back_atr"":0.05,""hold_hours"":4,""hour_window"":""NEW_YORK"",""lookback"":48,""source"":""ANY_TREND"",""stop_atr"":1.0,""sweep_atr"":0.2,""target_r_max"":2.5,""target_r_min"":0.75,""transition_age_max"":32,""wick_min"":0.2}"
18963,8c7c09e45fe696f0,TRANSITION,TRANS_RANGE_REENTRY_TARGET,"{""close_back_atr"":0.1,""hold_hours"":2,""hour_window"":""LONDON"",""lookback"":8,""source"":""ANY"",""stop_atr"":0.75,""sweep_atr"":0.3,""target_r_max"":2.5,""target_r_min"":0.75,""transition_age_max"":16,""wick_min"":0.1}"
18964,779f484f4c7193ac,TRANSITION,TRANS_RANGE_REENTRY_TARGET,"{""close_back_atr"":0.0,""hold_hours"":3,""hour_window"":""ALL"",""lookback"":48,""source"":""COMPRESSION"",""stop_atr"":1.25,""sweep_atr"":0.2,""target_r_max"":4.0,""target_r_min"":1.0,""transition_age_max"":16,""wick_min"":0.3}"
18965,ffefc5f0d1ad6ffc,TRANSITION,TRANS_RANGE_REENTRY_TARGET,"{""close_back_atr"":0.0,""hold_hours"":8,""hour_window"":""NEW_YORK"",""lookback"":48,""source"":""ANY_TREND"",""stop_atr"":2.0,""sweep_atr"":0.2,""target_r_max"":2.5,""target_r_min"":0.75,""transition_age_max"":48,""wick_min"":0.4}"
18966,0b01895d545594f0,TRANSITION,TRANS_RANGE_REENTRY_TARGET,"{""close_back_atr"":0.05,""hold_hours"":3,""hour_window"":""NEW_YORK"",""lookback"":24,""source"":""CHOP"",""stop_atr"":0.75,""sweep_atr"":0.1,""target_r_max"":2.5,""target_r_min"":0.75,""transition_age_max"":8,""wick_min"":0.2}"
18967,5a36ea1c21aa16d7,TRANSITION,TRANS_RANGE_REENTRY_TARGET,"{""close_back_atr"":0.05,""hold_hours"":8,""hour_window"":""LONDON"",""lookback"":8,""source"":""ANY_TREND"",""stop_atr"":1.25,""sweep_atr"":0.0,""target_r_max"":2.5,""target_r_min"":1.0,""transition_age_max"":32,""wick_min"":0.3}"
18968,44d687bad088728f,TRANSITION,TRANS_RANGE_REENTRY_TARGET,"{""close_back_atr"":0.05,""hold_hours"":12,""hour_window"":""POST_ASIA"",""lookback"":8,""source"":""COMPRESSION"",""stop_atr"":1.0,""sweep_atr"":0.3,""target_r_max"":4.0,""target_r_min"":0.75,""transition_age_max"":48,""wick_min"":0.4}"
18969,b9cf2d1d3042961c,TRANSITION,TRANS_RANGE_REENTRY_TARGET,"{""close_back_atr"":0.2,""hold_hours"":2,""hour_window"":""NEW_YORK"",""lookback"":16,""source"":""COMPRESSION"",""stop_atr"":1.25,""sweep_atr"":0.05,""target_r_max"":4.0,""target_r_min"":1.0,""transition_age_max"":32,""wick_min"":0.2}"
18970,7b4c297b6acc2633,TRANSITION,TRANS_RANGE_REENTRY_TARGET,"{""close_back_atr"":0.0,""hold_hours"":12,""hour_window"":""LONDON"",""lookback"":32,""source"":""CHOP"",""stop_atr"":1.0,""sweep_atr"":0.3,""target_r_max"":2.5,""target_r_min"":0.75,""transition_age_max"":32,""wick_min"":0.3}"
18971,4e3957d3f2c6c101,TRANSITION,TRANS_RANGE_REENTRY_TARGET,"{""close_back_atr"":0.0,""hold_hours"":2,""hour_window"":""POST_ASIA"",""lookback"":48,""source"":""COMPRESSION"",""stop_atr"":1.0,""sweep_atr"":0.2,""target_r_max"":4.0,""target_r_min"":1.0,""transition_age_max"":48,""wick_min"":0.1}"
18972,8ff5682114cb4fda,TRANSITION,TRANS_RANGE_REENTRY_TARGET,"{""close_back_atr"":0.1,""hold_hours"":12,""hour_window"":""POST_ASIA"",""lookback"":8,""source"":""ANY"",""stop_atr"":1.5,""sweep_atr"":0.05,""target_r_max"":2.5,""target_r_min"":1.0,""transition_age_max"":16,""wick_min"":0.4}"
18973,177d00cd55e50a1e,TRANSITION,TRANS_RANGE_REENTRY_TARGET,"{""close_back_atr"":0.05,""hold_hours"":6,""hour_window"":""NEW_YORK"",""lookback"":12,""source"":""COMPRESSION"",""stop_atr"":1.0,""sweep_atr"":0.1,""target_r_max"":2.5,""target_r_min"":0.75,""transition_age_max"":8,""wick_min"":0.4}"
18974,87069c795048c774,TRANSITION,TRANS_RANGE_REENTRY_TARGET,"{""close_back_atr"":0.0,""hold_hours"":8,""hour_window"":""POST_ASIA"",""lookback"":12,""source"":""COMPRESSION"",""stop_atr"":1.25,""sweep_atr"":0.0,""target_r_max"":2.5,""target_r_min"":0.75,""transition_age_max"":16,""wick_min"":0.3}"
18975,e69f3ae4cb47854b,TRANSITION,TRANS_RANGE_REENTRY_TARGET,"{""close_back_atr"":0.0,""hold_hours"":2,""hour_window"":""POST_ASIA"",""lookback"":24,""source"":""ANY_TREND"",""stop_atr"":1.0,""sweep_atr"":0.2,""target_r_max"":4.0,""target_r_min"":1.0,""transition_age_max"":48,""wick_min"":0.3}"
18976,89c67be0fe095103,TRANSITION,TRANS_RANGE_REENTRY_TARGET,"{""close_back_atr"":0.05,""hold_hours"":12,""hour_window"":""ALL"",""lookback"":16,""source"":""ANY_TREND"",""stop_atr"":1.25,""sweep_atr"":0.05,""target_r_max"":4.0,""target_r_min"":0.75,""transition_age_max"":8,""wick_min"":0.2}"
18977,6a2e9554f5416ac1,TRANSITION,TRANS_RANGE_REENTRY_TARGET,"{""close_back_atr"":0.0,""hold_hours"":4,""hour_window"":""LONDON"",""lookback"":24,""source"":""ANY_TREND"",""stop_atr"":1.0,""sweep_atr"":0.1,""target_r_max"":2.5,""target_r_min"":0.75,""transition_age_max"":8,""wick_min"":0.1}"
18978,8d74bd636fd9279c,TRANSITION,TRANS_RANGE_REENTRY_TARGET,"{""close_back_atr"":0.05,""hold_hours"":2,""hour_window"":""LONDON"",""lookback"":32,""source"":""ANY"",""stop_atr"":0.75,""sweep_atr"":0.3,""target_r_max"":4.0,""target_r_min"":1.0,""transition_age_max"":48,""wick_min"":0.4}"
18979,72778e62f8b733c8,TRANSITION,TRANS_RANGE_REENTRY_TARGET,"{""close_back_atr"":0.0,""hold_hours"":8,""hour_window"":""POST_ASIA"",""lookback"":12,""source"":""CHOP"",""stop_atr"":0.75,""sweep_atr"":0.2,""target_r_max"":4.0,""target_r_min"":1.0,""transition_age_max"":48,""wick_min"":0.3}"
18980,529b10f43a5d7457,TRANSITION,TRANS_RANGE_REENTRY_TARGET,"{""close_back_atr"":0.1,""hold_hours"":1,""hour_window"":""POST_ASIA"",""lookback"":8,""source"":""CHOP"",""stop_atr"":2.0,""sweep_atr"":0.05,""target_r_max"":4.0,""target_r_min"":1.0,""transition_age_max"":16,""wick_min"":0.1}"
18981,bbb9580f90545f4d,TRANSITION,TRANS_RANGE_REENTRY_TARGET,"{""close_back_atr"":0.05,""hold_hours"":1,""hour_window"":""NEW_YORK"",""lookback"":32,""source"":""CHOP"",""stop_atr"":2.0,""sweep_atr"":0.1,""target_r_max"":2.5,""target_r_min"":1.0,""transition_age_max"":16,""wick_min"":0.2}"
18982,3347aa614bd09231,TRANSITION,TRANS_RANGE_REENTRY_TARGET,"{""close_back_atr"":0.2,""hold_hours"":3,""hour_window"":""NEW_YORK"",""lookback"":24,""source"":""ANY"",""stop_atr"":0.75,""sweep_atr"":0.0,""target_r_max"":2.5,""target_r_min"":1.0,""transition_age_max"":48,""wick_min"":0.3}"
18983,1432a161b029da0b,TRANSITION,TRANS_RANGE_REENTRY_TARGET,"{""close_back_atr"":0.05,""hold_hours"":8,""hour_window"":""LONDON"",""lookback"":12,""source"":""CHOP"",""stop_atr"":1.5,""sweep_atr"":0.0,""target_r_max"":2.5,""target_r_min"":1.0,""transition_age_max"":8,""wick_min"":0.3}"
18984,b9e490e99233f916,TRANSITION,TRANS_RANGE_REENTRY_TARGET,"{""close_back_atr"":0.2,""hold_hours"":1,""hour_window"":""ALL"",""lookback"":12,""source"":""ANY"",""stop_atr"":1.5,""sweep_atr"":0.05,""target_r_max"":2.5,""target_r_min"":1.0,""transition_age_max"":48,""wick_min"":0.1}"
18985,c026ab60a74d9cd1,TRANSITION,TRANS_RANGE_REENTRY_TARGET,"{""close_back_atr"":0.2,""hold_hours"":8,""hour_window"":""LONDON"",""lookback"":24,""source"":""CHOP"",""stop_atr"":0.75,""sweep_atr"":0.3,""target_r_max"":2.5,""target_r_min"":1.0,""transition_age_max"":16,""wick_min"":0.4}"
18986,ec8d5509ea952eb1,TRANSITION,TRANS_RANGE_REENTRY_TARGET,"{""close_back_atr"":0.2,""hold_hours"":12,""hour_window"":""ALL"",""lookback"":32,""source"":""COMPRESSION"",""stop_atr"":1.5,""sweep_atr"":0.3,""target_r_max"":4.0,""target_r_min"":0.75,""transition_age_max"":8,""wick_min"":0.2}"
18987,3b0716d072cb6f11,TRANSITION,TRANS_RANGE_REENTRY_TARGET,"{""close_back_atr"":0.05,""hold_hours"":6,""hour_window"":""LONDON"",""lookback"":12,""source"":""CHOP"",""stop_atr"":2.0,""sweep_atr"":0.1,""target_r_max"":4.0,""target_r_min"":0.75,""transition_age_max"":8,""wick_min"":0.3}"
18988,5672b8e591e768f7,TRANSITION,TRANS_RANGE_REENTRY_TARGET,"{""close_back_atr"":0.2,""hold_hours"":3,""hour_window"":""ALL"",""lookback"":12,""source"":""ANY"",""stop_atr"":1.0,""sweep_atr"":0.2,""target_r_max"":4.0,""target_r_min"":1.0,""transition_age_max"":8,""wick_min"":0.3}"
18989,1596269f2b6c411d,TRANSITION,TRANS_RANGE_REENTRY_TARGET,"{""close_back_atr"":0.2,""hold_hours"":1,""hour_window"":""NEW_YORK"",""lookback"":16,""source"":""ANY_TREND"",""stop_atr"":1.25,""sweep_atr"":0.05,""target_r_max"":2.5,""target_r_min"":1.0,""transition_age_max"":48,""wick_min"":0.2}"
18990,6673a0d3afa9b5ff,TRANSITION,TRANS_RANGE_REENTRY_TARGET,"{""close_back_atr"":0.1,""hold_hours"":12,""hour_window"":""LONDON"",""lookback"":12,""source"":""ANY_TREND"",""stop_atr"":1.0,""sweep_atr"":0.0,""target_r_max"":4.0,""target_r_min"":0.75,""transition_age_max"":32,""wick_min"":0.1}"
18991,959db44b8c037c0d,TRANSITION,TRANS_RANGE_REENTRY_TARGET,"{""close_back_atr"":0.05,""hold_hours"":3,""hour_window"":""ALL"",""lookback"":24,""source"":""ANY"",""stop_atr"":1.0,""sweep_atr"":0.2,""target_r_max"":4.0,""target_r_min"":0.75,""transition_age_max"":48,""wick_min"":0.1}"
18992,d551788d388b1ea0,TRANSITION,TRANS_RANGE_REENTRY_TARGET,"{""close_back_atr"":0.2,""hold_hours"":12,""hour_window"":""POST_ASIA"",""lookback"":32,""source"":""ANY"",""stop_atr"":0.75,""sweep_atr"":0.3,""target_r_max"":4.0,""target_r_min"":1.0,""transition_age_max"":32,""wick_min"":0.2}"
18993,4c25922c39bfe833,TRANSITION,TRANS_RANGE_REENTRY_TARGET,"{""close_back_atr"":0.0,""hold_hours"":2,""hour_window"":""POST_ASIA"",""lookback"":12,""source"":""ANY"",""stop_atr"":1.5,""sweep_atr"":0.1,""target_r_max"":4.0,""target_r_min"":1.0,""transition_age_max"":48,""wick_min"":0.1}"
18994,f3493229d157ffd9,TRANSITION,TRANS_RANGE_REENTRY_TARGET,"{""close_back_atr"":0.1,""hold_hours"":8,""hour_window"":""LONDON"",""lookback"":16,""source"":""ANY_TREND"",""stop_atr"":1.5,""sweep_atr"":0.3,""target_r_max"":2.5,""target_r_min"":0.75,""transition_age_max"":48,""wick_min"":0.3}"
18995,343390f23974d719,TRANSITION,TRANS_RANGE_REENTRY_TARGET,"{""close_back_atr"":0.05,""hold_hours"":6,""hour_window"":""LONDON_NY"",""lookback"":8,""source"":""ANY"",""stop_atr"":0.75,""sweep_atr"":0.3,""target_r_max"":4.0,""target_r_min"":0.75,""transition_age_max"":16,""wick_min"":0.1}"
18996,a2cc5485e587dddf,TRANSITION,TRANS_RANGE_REENTRY_TARGET,"{""close_back_atr"":0.2,""hold_hours"":8,""hour_window"":""ALL"",""lookback"":48,""source"":""ANY"",""stop_atr"":0.75,""sweep_atr"":0.0,""target_r_max"":2.5,""target_r_min"":1.0,""transition_age_max"":8,""wick_min"":0.4}"
18997,9d25d1aa87177540,TRANSITION,TRANS_RANGE_REENTRY_TARGET,"{""close_back_atr"":0.2,""hold_hours"":4,""hour_window"":""POST_ASIA"",""lookback"":12,""source"":""CHOP"",""stop_atr"":0.75,""sweep_atr"":0.05,""target_r_max"":4.0,""target_r_min"":1.0,""transition_age_max"":16,""wick_min"":0.2}"
18998,1769e3ed0c7fac30,TRANSITION,TRANS_RANGE_REENTRY_TARGET,"{""close_back_atr"":0.1,""hold_hours"":12,""hour_window"":""POST_ASIA"",""lookback"":48,""source"":""CHOP"",""stop_atr"":2.0,""sweep_atr"":0.0,""target_r_max"":4.0,""target_r_min"":0.75,""transition_age_max"":16,""wick_min"":0.1}"
18999,17914e53db903b40,TRANSITION,TRANS_RANGE_REENTRY_TARGET,"{""close_back_atr"":0.1,""hold_hours"":6,""hour_window"":""NEW_YORK"",""lookback"":24,""source"":""ANY"",""stop_atr"":1.0,""sweep_atr"":0.0,""target_r_max"":4.0,""target_r_min"":1.0,""transition_age_max"":8,""wick_min"":0.3}"
19000,07982b9e24a87b3a,TRANSITION,TRANS_RANGE_REENTRY_TARGET,"{""close_back_atr"":0.1,""hold_hours"":6,""hour_window"":""NEW_YORK"",""lookback"":24,""source"":""CHOP"",""stop_atr"":2.0,""sweep_atr"":0.1,""target_r_max"":2.5,""target_r_min"":1.0,""transition_age_max"":32,""wick_min"":0.1}"
19001,1976528476ee87aa,TRANSITION,TRANS_RANGE_REENTRY_TARGET,"{""close_back_atr"":0.0,""hold_hours"":1,""hour_window"":""LONDON"",""lookback"":8,""source"":""CHOP"",""stop_atr"":2.0,""sweep_atr"":0.3,""target_r_max"":4.0,""target_r_min"":0.75,""transition_age_max"":8,""wick_min"":0.3}"
19002,9ee0492fe80b4301,TRANSITION,TRANS_RANGE_REENTRY_TARGET,"{""close_back_atr"":0.1,""hold_hours"":6,""hour_window"":""LONDON"",""lookback"":48,""source"":""ANY"",""stop_atr"":0.75,""sweep_atr"":0.0,""target_r_max"":4.0,""target_r_min"":1.0,""transition_age_max"":32,""wick_min"":0.3}"
19003,6c5844c082de724c,TRANSITION,TRANS_RANGE_REENTRY_TARGET,"{""close_back_atr"":0.2,""hold_hours"":8,""hour_window"":""LONDON"",""lookback"":32,""source"":""ANY"",""stop_atr"":1.5,""sweep_atr"":0.2,""target_r_max"":4.0,""target_r_min"":0.75,""transition_age_max"":32,""wick_min"":0.2}"
19004,404d0abf23dc2cbf,TRANSITION,TRANS_RANGE_REENTRY_TARGET,"{""close_back_atr"":0.05,""hold_hours"":12,""hour_window"":""LONDON"",""lookback"":24,""source"":""ANY_TREND"",""stop_atr"":1.0,""sweep_atr"":0.1,""target_r_max"":2.5,""target_r_min"":1.0,""transition_age_max"":32,""wick_min"":0.1}"
19005,c084413a7bb49563,TRANSITION,TRANS_RANGE_REENTRY_TARGET,"{""close_back_atr"":0.1,""hold_hours"":6,""hour_window"":""POST_ASIA"",""lookback"":16,""source"":""ANY"",""stop_atr"":1.0,""sweep_atr"":0.3,""target_r_max"":4.0,""target_r_min"":1.0,""transition_age_max"":8,""wick_min"":0.2}"
19006,dd94c5878f3b59ac,TRANSITION,TRANS_RANGE_REENTRY_TARGET,"{""close_back_atr"":0.2,""hold_hours"":4,""hour_window"":""ALL"",""lookback"":48,""source"":""ANY_TREND"",""stop_atr"":0.75,""sweep_atr"":0.0,""target_r_max"":4.0,""target_r_min"":0.75,""transition_age_max"":32,""wick_min"":0.3}"
19007,9665f308133fc78f,TRANSITION,TRANS_RANGE_REENTRY_TARGET,"{""close_back_atr"":0.0,""hold_hours"":12,""hour_window"":""LONDON_NY"",""lookback"":12,""source"":""ANY_TREND"",""stop_atr"":2.0,""sweep_atr"":0.0,""target_r_max"":2.5,""target_r_min"":1.0,""transition_age_max"":32,""wick_min"":0.1}"
19008,2e453e39947e9948,TRANSITION,TRANS_RANGE_REENTRY_TARGET,"{""close_back_atr"":0.2,""hold_hours"":12,""hour_window"":""LONDON"",""lookback"":32,""source"":""ANY_TREND"",""stop_atr"":0.75,""sweep_atr"":0.3,""target_r_max"":2.5,""target_r_min"":1.0,""transition_age_max"":8,""wick_min"":0.3}"
19009,1f86e88c6821e40a,TRANSITION,TRANS_RANGE_REENTRY_TARGET,"{""close_back_atr"":0.1,""hold_hours"":12,""hour_window"":""LONDON"",""lookback"":32,""source"":""ANY_TREND"",""stop_atr"":1.5,""sweep_atr"":0.0,""target_r_max"":2.5,""target_r_min"":0.75,""transition_age_max"":32,""wick_min"":0.3}"
19010,206e0088ee2e3ef8,TRANSITION,TRANS_RANGE_REENTRY_TARGET,"{""close_back_atr"":0.0,""hold_hours"":8,""hour_window"":""LONDON"",""lookback"":32,""source"":""COMPRESSION"",""stop_atr"":1.5,""sweep_atr"":0.05,""target_r_max"":4.0,""target_r_min"":1.0,""transition_age_max"":32,""wick_min"":0.2}"
19011,74eb55cd0c1177bb,TRANSITION,TRANS_RANGE_REENTRY_TARGET,"{""close_back_atr"":0.0,""hold_hours"":8,""hour_window"":""ALL"",""lookback"":48,""source"":""CHOP"",""stop_atr"":1.5,""sweep_atr"":0.2,""target_r_max"":4.0,""target_r_min"":0.75,""transition_age_max"":16,""wick_min"":0.4}"
19012,2028833827ddcdde,TRANSITION,TRANS_RANGE_REENTRY_TARGET,"{""close_back_atr"":0.1,""hold_hours"":1,""hour_window"":""NEW_YORK"",""lookback"":8,""source"":""ANY"",""stop_atr"":1.25,""sweep_atr"":0.1,""target_r_max"":2.5,""target_r_min"":0.75,""transition_age_max"":48,""wick_min"":0.2}"
19013,5877888f378840ec,TRANSITION,TRANS_RANGE_REENTRY_TARGET,"{""close_back_atr"":0.05,""hold_hours"":1,""hour_window"":""POST_ASIA"",""lookback"":16,""source"":""COMPRESSION"",""stop_atr"":1.0,""sweep_atr"":0.2,""target_r_max"":2.5,""target_r_min"":0.75,""transition_age_max"":8,""wick_min"":0.2}"
19014,17ab1f6cde9f6a22,TRANSITION,TRANS_RANGE_REENTRY_TARGET,"{""close_back_atr"":0.2,""hold_hours"":4,""hour_window"":""LONDON"",""lookback"":24,""source"":""ANY"",""stop_atr"":1.5,""sweep_atr"":0.3,""target_r_max"":4.0,""target_r_min"":0.75,""transition_age_max"":48,""wick_min"":0.4}"
19015,1da70833a0c223a8,TRANSITION,TRANS_RANGE_REENTRY_TARGET,"{""close_back_atr"":0.2,""hold_hours"":3,""hour_window"":""LONDON"",""lookback"":48,""source"":""COMPRESSION"",""stop_atr"":2.0,""sweep_atr"":0.2,""target_r_max"":4.0,""target_r_min"":1.0,""transition_age_max"":8,""wick_min"":0.3}"
19016,55dcaaab0aff7c36,TRANSITION,TRANS_RANGE_REENTRY_TARGET,"{""close_back_atr"":0.0,""hold_hours"":1,""hour_window"":""LONDON"",""lookback"":24,""source"":""ANY_TREND"",""stop_atr"":2.0,""sweep_atr"":0.05,""target_r_max"":4.0,""target_r_min"":0.75,""transition_age_max"":16,""wick_min"":0.2}"
19017,07051ea6dcbf30e7,TRANSITION,TRANS_RANGE_REENTRY_TARGET,"{""close_back_atr"":0.1,""hold_hours"":1,""hour_window"":""LONDON"",""lookback"":32,""source"":""ANY_TREND"",""stop_atr"":2.0,""sweep_atr"":0.0,""target_r_max"":2.5,""target_r_min"":0.75,""transition_age_max"":16,""wick_min"":0.1}"
19018,471b8213b9d39a29,TRANSITION,TRANS_RANGE_REENTRY_TARGET,"{""close_back_atr"":0.0,""hold_hours"":6,""hour_window"":""LONDON"",""lookback"":8,""source"":""CHOP"",""stop_atr"":1.25,""sweep_atr"":0.05,""target_r_max"":4.0,""target_r_min"":0.75,""transition_age_max"":48,""wick_min"":0.1}"
19019,d2ba5e8f8d0d0251,TRANSITION,TRANS_RANGE_REENTRY_TARGET,"{""close_back_atr"":0.0,""hold_hours"":12,""hour_window"":""POST_ASIA"",""lookback"":24,""source"":""CHOP"",""stop_atr"":1.25,""sweep_atr"":0.0,""target_r_max"":4.0,""target_r_min"":0.75,""transition_age_max"":16,""wick_min"":0.1}"
19020,e1124682c31a8e88,TRANSITION,TRANS_SESSION_EXPANSION_TARGET,"{""asia_range_atr_max"":12.0,""body_min"":0.2,""breakout_atr"":0.1,""hold_hours"":6,""hour_window"":""LONDON_NY"",""source"":""ANY"",""stop_atr"":2.0,""target_r"":1.25,""transition_age_max"":48}"
19021,775585f0af27065a,TRANSITION,TRANS_SESSION_EXPANSION_TARGET,"{""asia_range_atr_max"":6.0,""body_min"":0.1,""breakout_atr"":0.1,""hold_hours"":2,""hour_window"":""LONDON"",""source"":""ANY"",""stop_atr"":1.0,""target_r"":1.25,""transition_age_max"":32}"
19022,6117cf6ba795d8bb,TRANSITION,TRANS_SESSION_EXPANSION_TARGET,"{""asia_range_atr_max"":4.0,""body_min"":0.3,""breakout_atr"":0.2,""hold_hours"":3,""hour_window"":""NEW_YORK"",""source"":""COMPRESSION"",""stop_atr"":0.75,""target_r"":2.0,""transition_age_max"":48}"
19023,aed851a646cb9bd7,TRANSITION,TRANS_SESSION_EXPANSION_TARGET,"{""asia_range_atr_max"":6.0,""body_min"":0.1,""breakout_atr"":0.3,""hold_hours"":6,""hour_window"":""LONDON"",""source"":""ANY"",""stop_atr"":1.25,""target_r"":2.5,""transition_age_max"":8}"
19024,e741bfdad204f8b7,TRANSITION,TRANS_SESSION_EXPANSION_TARGET,"{""asia_range_atr_max"":12.0,""body_min"":0.2,""breakout_atr"":0.3,""hold_hours"":1,""hour_window"":""POST_ASIA"",""source"":""COMPRESSION"",""stop_atr"":2.0,""target_r"":1.25,""transition_age_max"":16}"
19025,c226995934ced940,TRANSITION,TRANS_SESSION_EXPANSION_TARGET,"{""asia_range_atr_max"":4.0,""body_min"":0.2,""breakout_atr"":0.05,""hold_hours"":1,""hour_window"":""POST_ASIA"",""source"":""ANY_TREND"",""stop_atr"":1.0,""target_r"":2.5,""transition_age_max"":32}"
19026,f1f6e25d5352aa98,TRANSITION,TRANS_SESSION_EXPANSION_TARGET,"{""asia_range_atr_max"":4.0,""body_min"":0.1,""breakout_atr"":0.2,""hold_hours"":4,""hour_window"":""NEW_YORK"",""source"":""ANY_TREND"",""stop_atr"":1.25,""target_r"":1.5,""transition_age_max"":48}"
19027,1593b2ec09fc8bc7,TRANSITION,TRANS_SESSION_EXPANSION_TARGET,"{""asia_range_atr_max"":8.0,""body_min"":0.1,""breakout_atr"":0.3,""hold_hours"":2,""hour_window"":""POST_ASIA"",""source"":""ANY"",""stop_atr"":1.25,""target_r"":1.25,""transition_age_max"":48}"
19028,2d60c69e2b2c9dc9,TRANSITION,TRANS_SESSION_EXPANSION_TARGET,"{""asia_range_atr_max"":8.0,""body_min"":0.4,""breakout_atr"":0.3,""hold_hours"":3,""hour_window"":""LONDON"",""source"":""COMPRESSION"",""stop_atr"":1.5,""target_r"":1.25,""transition_age_max"":16}"
19029,04043fda95b0305c,TRANSITION,TRANS_SESSION_EXPANSION_TARGET,"{""asia_range_atr_max"":4.0,""body_min"":0.1,""breakout_atr"":0.05,""hold_hours"":3,""hour_window"":""NEW_YORK"",""source"":""CHOP"",""stop_atr"":1.25,""target_r"":1.25,""transition_age_max"":32}"
19030,1361768bf34d3c15,TRANSITION,TRANS_SESSION_EXPANSION_TARGET,"{""asia_range_atr_max"":12.0,""body_min"":0.1,""breakout_atr"":0.05,""hold_hours"":6,""hour_window"":""POST_ASIA"",""source"":""COMPRESSION"",""stop_atr"":1.5,""target_r"":1.0,""transition_age_max"":32}"
19031,4e49b2fcd217e0e8,TRANSITION,TRANS_SESSION_EXPANSION_TARGET,"{""asia_range_atr_max"":6.0,""body_min"":0.4,""breakout_atr"":0.1,""hold_hours"":2,""hour_window"":""LONDON"",""source"":""ANY_TREND"",""stop_atr"":0.75,""target_r"":1.5,""transition_age_max"":8}"
19032,6ec65c54dfa734c3,TRANSITION,TRANS_SESSION_EXPANSION_TARGET,"{""asia_range_atr_max"":8.0,""body_min"":0.2,""breakout_atr"":0.05,""hold_hours"":8,""hour_window"":""LONDON_NY"",""source"":""ANY_TREND"",""stop_atr"":1.0,""target_r"":2.0,""transition_age_max"":8}"
19033,85d8d88abe8bacb8,TRANSITION,TRANS_SESSION_EXPANSION_TARGET,"{""asia_range_atr_max"":12.0,""body_min"":0.4,""breakout_atr"":0.2,""hold_hours"":2,""hour_window"":""LONDON_NY"",""source"":""COMPRESSION"",""stop_atr"":1.0,""target_r"":1.25,""transition_age_max"":16}"
19034,e7f56a6cb853f3ac,TRANSITION,TRANS_SESSION_EXPANSION_TARGET,"{""asia_range_atr_max"":12.0,""body_min"":0.4,""breakout_atr"":0.2,""hold_hours"":3,""hour_window"":""LONDON_NY"",""source"":""COMPRESSION"",""stop_atr"":1.25,""target_r"":1.0,""transition_age_max"":48}"
19035,86cd92e6986b76e6,TRANSITION,TRANS_SESSION_EXPANSION_TARGET,"{""asia_range_atr_max"":4.0,""body_min"":0.3,""breakout_atr"":0.0,""hold_hours"":12,""hour_window"":""LONDON_NY"",""source"":""COMPRESSION"",""stop_atr"":2.0,""target_r"":2.0,""transition_age_max"":8}"
19036,1f22674073f835f5,TRANSITION,TRANS_SESSION_EXPANSION_TARGET,"{""asia_range_atr_max"":4.0,""body_min"":0.1,""breakout_atr"":0.05,""hold_hours"":3,""hour_window"":""NEW_YORK"",""source"":""COMPRESSION"",""stop_atr"":1.0,""target_r"":1.0,""transition_age_max"":8}"
19037,743906768e80f872,TRANSITION,TRANS_SESSION_EXPANSION_TARGET,"{""asia_range_atr_max"":8.0,""body_min"":0.4,""breakout_atr"":0.0,""hold_hours"":3,""hour_window"":""LONDON"",""source"":""ANY_TREND"",""stop_atr"":2.0,""target_r"":1.0,""transition_age_max"":32}"
19038,cc05819325b2ea7d,TRANSITION,TRANS_SESSION_EXPANSION_TARGET,"{""asia_range_atr_max"":4.0,""body_min"":0.3,""breakout_atr"":0.0,""hold_hours"":3,""hour_window"":""LONDON_NY"",""source"":""ANY_TREND"",""stop_atr"":0.75,""target_r"":1.0,""transition_age_max"":16}"
19039,eece5c105021b417,TRANSITION,TRANS_SESSION_EXPANSION_TARGET,"{""asia_range_atr_max"":12.0,""body_min"":0.1,""breakout_atr"":0.3,""hold_hours"":4,""hour_window"":""POST_ASIA"",""source"":""ANY_TREND"",""stop_atr"":1.5,""target_r"":1.5,""transition_age_max"":8}"
19040,94ad3c66cb72a81a,TRANSITION,TRANS_SESSION_EXPANSION_TARGET,"{""asia_range_atr_max"":12.0,""body_min"":0.4,""breakout_atr"":0.2,""hold_hours"":1,""hour_window"":""NEW_YORK"",""source"":""COMPRESSION"",""stop_atr"":1.0,""target_r"":1.5,""transition_age_max"":16}"
19041,72879eae6a2dbc5d,TRANSITION,TRANS_SESSION_EXPANSION_TARGET,"{""asia_range_atr_max"":4.0,""body_min"":0.3,""breakout_atr"":0.1,""hold_hours"":3,""hour_window"":""LONDON"",""source"":""ANY"",""stop_atr"":2.0,""target_r"":1.0,""transition_age_max"":16}"
19042,381c149114f272f0,TRANSITION,TRANS_SESSION_EXPANSION_TARGET,"{""asia_range_atr_max"":8.0,""body_min"":0.3,""breakout_atr"":0.3,""hold_hours"":4,""hour_window"":""LONDON_NY"",""source"":""ANY_TREND"",""stop_atr"":1.25,""target_r"":2.5,""transition_age_max"":32}"
19043,cbe25b0bf7cd08c3,TRANSITION,TRANS_SESSION_EXPANSION_TARGET,"{""asia_range_atr_max"":8.0,""body_min"":0.4,""breakout_atr"":0.3,""hold_hours"":6,""hour_window"":""POST_ASIA"",""source"":""ANY_TREND"",""stop_atr"":2.0,""target_r"":2.0,""transition_age_max"":16}"
19044,00bd0cc5979430b4,TRANSITION,TRANS_SESSION_EXPANSION_TARGET,"{""asia_range_atr_max"":4.0,""body_min"":0.4,""breakout_atr"":0.3,""hold_hours"":1,""hour_window"":""LONDON"",""source"":""CHOP"",""stop_atr"":1.5,""target_r"":1.0,""transition_age_max"":32}"
19045,9e4bb6f75f462c7b,TRANSITION,TRANS_SESSION_EXPANSION_TARGET,"{""asia_range_atr_max"":4.0,""body_min"":0.2,""breakout_atr"":0.1,""hold_hours"":3,""hour_window"":""LONDON"",""source"":""CHOP"",""stop_atr"":1.25,""target_r"":1.25,""transition_age_max"":48}"
19046,584063e3e03602fd,TRANSITION,TRANS_SESSION_EXPANSION_TARGET,"{""asia_range_atr_max"":6.0,""body_min"":0.4,""breakout_atr"":0.2,""hold_hours"":2,""hour_window"":""POST_ASIA"",""source"":""COMPRESSION"",""stop_atr"":1.25,""target_r"":1.0,""transition_age_max"":48}"
19047,0cd309ccba8c1fa3,TRANSITION,TRANS_SESSION_EXPANSION_TARGET,"{""asia_range_atr_max"":8.0,""body_min"":0.1,""breakout_atr"":0.2,""hold_hours"":12,""hour_window"":""POST_ASIA"",""source"":""CHOP"",""stop_atr"":1.25,""target_r"":2.0,""transition_age_max"":48}"
19048,a3a725749bb1b021,TRANSITION,TRANS_SESSION_EXPANSION_TARGET,"{""asia_range_atr_max"":8.0,""body_min"":0.2,""breakout_atr"":0.05,""hold_hours"":12,""hour_window"":""LONDON_NY"",""source"":""ANY_TREND"",""stop_atr"":1.0,""target_r"":1.25,""transition_age_max"":32}"
19049,1eda4f7d286ae6a9,TRANSITION,TRANS_SESSION_EXPANSION_TARGET,"{""asia_range_atr_max"":6.0,""body_min"":0.4,""breakout_atr"":0.2,""hold_hours"":8,""hour_window"":""NEW_YORK"",""source"":""CHOP"",""stop_atr"":2.0,""target_r"":2.0,""transition_age_max"":8}"
19050,380fb75d47d578d1,TRANSITION,TRANS_SESSION_EXPANSION_TARGET,"{""asia_range_atr_max"":6.0,""body_min"":0.3,""breakout_atr"":0.0,""hold_hours"":8,""hour_window"":""LONDON"",""source"":""COMPRESSION"",""stop_atr"":0.75,""target_r"":2.0,""transition_age_max"":48}"
19051,9b922f0f03ef00d8,TRANSITION,TRANS_SESSION_EXPANSION_TARGET,"{""asia_range_atr_max"":4.0,""body_min"":0.2,""breakout_atr"":0.0,""hold_hours"":2,""hour_window"":""LONDON_NY"",""source"":""ANY_TREND"",""stop_atr"":1.5,""target_r"":1.5,""transition_age_max"":8}"
19052,cc9aebfdedbf4351,TRANSITION,TRANS_SESSION_EXPANSION_TARGET,"{""asia_range_atr_max"":12.0,""body_min"":0.4,""breakout_atr"":0.0,""hold_hours"":2,""hour_window"":""POST_ASIA"",""source"":""ANY_TREND"",""stop_atr"":0.75,""target_r"":1.25,""transition_age_max"":32}"
19053,149ffa0594231783,TRANSITION,TRANS_SESSION_EXPANSION_TARGET,"{""asia_range_atr_max"":4.0,""body_min"":0.3,""breakout_atr"":0.2,""hold_hours"":6,""hour_window"":""LONDON_NY"",""source"":""ANY_TREND"",""stop_atr"":0.75,""target_r"":1.0,""transition_age_max"":8}"
19054,30bf71c1d32a3344,TRANSITION,TRANS_SESSION_EXPANSION_TARGET,"{""asia_range_atr_max"":12.0,""body_min"":0.3,""breakout_atr"":0.0,""hold_hours"":3,""hour_window"":""NEW_YORK"",""source"":""ANY_TREND"",""stop_atr"":2.0,""target_r"":1.25,""transition_age_max"":8}"
19055,4af91a92a31fad18,TRANSITION,TRANS_SESSION_EXPANSION_TARGET,"{""asia_range_atr_max"":8.0,""body_min"":0.3,""breakout_atr"":0.0,""hold_hours"":3,""hour_window"":""LONDON"",""source"":""ANY_TREND"",""stop_atr"":0.75,""target_r"":1.25,""transition_age_max"":32}"
19056,cf23530290d6051b,TRANSITION,TRANS_SESSION_EXPANSION_TARGET,"{""asia_range_atr_max"":6.0,""body_min"":0.4,""breakout_atr"":0.2,""hold_hours"":12,""hour_window"":""NEW_YORK"",""source"":""ANY"",""stop_atr"":0.75,""target_r"":2.5,""transition_age_max"":32}"
19057,9cb08e21dabde530,TRANSITION,TRANS_SESSION_EXPANSION_TARGET,"{""asia_range_atr_max"":8.0,""body_min"":0.3,""breakout_atr"":0.1,""hold_hours"":4,""hour_window"":""POST_ASIA"",""source"":""ANY_TREND"",""stop_atr"":1.5,""target_r"":2.5,""transition_age_max"":48}"
19058,e6ec9fa3ca3c5941,TRANSITION,TRANS_SESSION_EXPANSION_TARGET,"{""asia_range_atr_max"":8.0,""body_min"":0.1,""breakout_atr"":0.05,""hold_hours"":2,""hour_window"":""NEW_YORK"",""source"":""ANY"",""stop_atr"":1.25,""target_r"":1.0,""transition_age_max"":16}"
19059,1f3fbf8e9a717637,TRANSITION,TRANS_SESSION_EXPANSION_TARGET,"{""asia_range_atr_max"":12.0,""body_min"":0.4,""breakout_atr"":0.1,""hold_hours"":1,""hour_window"":""LONDON_NY"",""source"":""CHOP"",""stop_atr"":1.25,""target_r"":1.25,""transition_age_max"":32}"
19060,ff45cbdcd63ecb38,TRANSITION,TRANS_SESSION_EXPANSION_TARGET,"{""asia_range_atr_max"":8.0,""body_min"":0.3,""breakout_atr"":0.1,""hold_hours"":1,""hour_window"":""LONDON"",""source"":""COMPRESSION"",""stop_atr"":1.0,""target_r"":2.5,""transition_age_max"":8}"
19061,078d754f37efe0f0,TRANSITION,TRANS_SESSION_EXPANSION_TARGET,"{""asia_range_atr_max"":4.0,""body_min"":0.2,""breakout_atr"":0.0,""hold_hours"":8,""hour_window"":""NEW_YORK"",""source"":""COMPRESSION"",""stop_atr"":1.5,""target_r"":1.25,""transition_age_max"":32}"
19062,182a11b58cfef1a1,TRANSITION,TRANS_SESSION_EXPANSION_TARGET,"{""asia_range_atr_max"":12.0,""body_min"":0.1,""breakout_atr"":0.3,""hold_hours"":1,""hour_window"":""LONDON_NY"",""source"":""CHOP"",""stop_atr"":2.0,""target_r"":1.25,""transition_age_max"":48}"
19063,ab5523aa6d5081e4,TRANSITION,TRANS_SESSION_EXPANSION_TARGET,"{""asia_range_atr_max"":8.0,""body_min"":0.4,""breakout_atr"":0.3,""hold_hours"":2,""hour_window"":""LONDON"",""source"":""ANY_TREND"",""stop_atr"":1.25,""target_r"":1.5,""transition_age_max"":16}"
19064,a3be54b33c4a2bd8,TRANSITION,TRANS_SESSION_EXPANSION_TARGET,"{""asia_range_atr_max"":8.0,""body_min"":0.3,""breakout_atr"":0.05,""hold_hours"":1,""hour_window"":""POST_ASIA"",""source"":""ANY"",""stop_atr"":1.0,""target_r"":1.5,""transition_age_max"":32}"
19065,fae6609d97346870,TRANSITION,TRANS_SESSION_EXPANSION_TARGET,"{""asia_range_atr_max"":6.0,""body_min"":0.2,""breakout_atr"":0.1,""hold_hours"":2,""hour_window"":""LONDON"",""source"":""CHOP"",""stop_atr"":1.0,""target_r"":2.5,""transition_age_max"":16}"
19066,fab193332c61e8a5,TRANSITION,TRANS_SESSION_EXPANSION_TARGET,"{""asia_range_atr_max"":6.0,""body_min"":0.1,""breakout_atr"":0.3,""hold_hours"":1,""hour_window"":""LONDON_NY"",""source"":""ANY"",""stop_atr"":1.5,""target_r"":2.5,""transition_age_max"":8}"
19067,391b454cd246d18d,TRANSITION,TRANS_SESSION_EXPANSION_TARGET,"{""asia_range_atr_max"":4.0,""body_min"":0.4,""breakout_atr"":0.2,""hold_hours"":4,""hour_window"":""LONDON_NY"",""source"":""ANY"",""stop_atr"":0.75,""target_r"":2.5,""transition_age_max"":32}"
19068,e5b105c4d48a5a49,TRANSITION,TRANS_SESSION_EXPANSION_TARGET,"{""asia_range_atr_max"":4.0,""body_min"":0.4,""breakout_atr"":0.1,""hold_hours"":12,""hour_window"":""POST_ASIA"",""source"":""ANY"",""stop_atr"":0.75,""target_r"":1.25,""transition_age_max"":32}"
19069,abbc917180633b85,TRANSITION,TRANS_SESSION_EXPANSION_TARGET,"{""asia_range_atr_max"":12.0,""body_min"":0.4,""breakout_atr"":0.1,""hold_hours"":1,""hour_window"":""POST_ASIA"",""source"":""ANY"",""stop_atr"":2.0,""target_r"":2.5,""transition_age_max"":32}"
19070,b8aaa3409f77b0e3,TRANSITION,TRANS_SESSION_EXPANSION_TARGET,"{""asia_range_atr_max"":12.0,""body_min"":0.1,""breakout_atr"":0.3,""hold_hours"":3,""hour_window"":""LONDON"",""source"":""ANY"",""stop_atr"":2.0,""target_r"":1.5,""transition_age_max"":16}"
19071,f477bff595dab84e,TRANSITION,TRANS_SESSION_EXPANSION_TARGET,"{""asia_range_atr_max"":6.0,""body_min"":0.1,""breakout_atr"":0.3,""hold_hours"":3,""hour_window"":""NEW_YORK"",""source"":""ANY_TREND"",""stop_atr"":1.25,""target_r"":1.5,""transition_age_max"":16}"
19072,f4376c535e6391f6,TRANSITION,TRANS_SESSION_EXPANSION_TARGET,"{""asia_range_atr_max"":12.0,""body_min"":0.4,""breakout_atr"":0.0,""hold_hours"":2,""hour_window"":""NEW_YORK"",""source"":""COMPRESSION"",""stop_atr"":1.0,""target_r"":1.5,""transition_age_max"":48}"
19073,639b8f0df722b50c,TRANSITION,TRANS_SESSION_EXPANSION_TARGET,"{""asia_range_atr_max"":4.0,""body_min"":0.3,""breakout_atr"":0.2,""hold_hours"":1,""hour_window"":""POST_ASIA"",""source"":""ANY"",""stop_atr"":1.0,""target_r"":2.0,""transition_age_max"":8}"
19074,d714c269bb576645,TRANSITION,TRANS_SESSION_EXPANSION_TARGET,"{""asia_range_atr_max"":8.0,""body_min"":0.1,""breakout_atr"":0.3,""hold_hours"":12,""hour_window"":""NEW_YORK"",""source"":""ANY"",""stop_atr"":1.5,""target_r"":2.0,""transition_age_max"":32}"
19075,8f4d01d0ee939790,TRANSITION,TRANS_SESSION_EXPANSION_TARGET,"{""asia_range_atr_max"":12.0,""body_min"":0.4,""breakout_atr"":0.1,""hold_hours"":6,""hour_window"":""NEW_YORK"",""source"":""CHOP"",""stop_atr"":1.5,""target_r"":2.5,""transition_age_max"":8}"
19076,d7ad6085d5ef97dd,TRANSITION,TRANS_SESSION_EXPANSION_TARGET,"{""asia_range_atr_max"":4.0,""body_min"":0.3,""breakout_atr"":0.1,""hold_hours"":6,""hour_window"":""POST_ASIA"",""source"":""COMPRESSION"",""stop_atr"":0.75,""target_r"":2.0,""transition_age_max"":16}"
19077,5f7f29847983d1b2,TRANSITION,TRANS_SESSION_EXPANSION_TARGET,"{""asia_range_atr_max"":4.0,""body_min"":0.3,""breakout_atr"":0.1,""hold_hours"":2,""hour_window"":""LONDON_NY"",""source"":""CHOP"",""stop_atr"":0.75,""target_r"":2.5,""transition_age_max"":32}"
19078,40316a48e4bbf9df,TRANSITION,TRANS_SESSION_EXPANSION_TARGET,"{""asia_range_atr_max"":12.0,""body_min"":0.4,""breakout_atr"":0.0,""hold_hours"":8,""hour_window"":""NEW_YORK"",""source"":""ANY_TREND"",""stop_atr"":1.0,""target_r"":2.0,""transition_age_max"":8}"
19079,6ddb2bef445eb8b5,TRANSITION,TRANS_SESSION_EXPANSION_TARGET,"{""asia_range_atr_max"":6.0,""body_min"":0.2,""breakout_atr"":0.3,""hold_hours"":8,""hour_window"":""POST_ASIA"",""source"":""ANY"",""stop_atr"":1.0,""target_r"":1.0,""transition_age_max"":32}"
19080,62bd4d5a617f205c,TRANSITION,TRANS_SESSION_EXPANSION_TARGET,"{""asia_range_atr_max"":12.0,""body_min"":0.3,""breakout_atr"":0.1,""hold_hours"":12,""hour_window"":""LONDON_NY"",""source"":""ANY_TREND"",""stop_atr"":0.75,""target_r"":1.5,""transition_age_max"":16}"
19081,ea4faa359bd36dfa,TRANSITION,TRANS_SESSION_EXPANSION_TARGET,"{""asia_range_atr_max"":8.0,""body_min"":0.1,""breakout_atr"":0.1,""hold_hours"":12,""hour_window"":""LONDON_NY"",""source"":""ANY_TREND"",""stop_atr"":1.0,""target_r"":1.25,""transition_age_max"":32}"
19082,47f3ef66e4370c35,TRANSITION,TRANS_SESSION_EXPANSION_TARGET,"{""asia_range_atr_max"":8.0,""body_min"":0.4,""breakout_atr"":0.0,""hold_hours"":8,""hour_window"":""POST_ASIA"",""source"":""COMPRESSION"",""stop_atr"":1.0,""target_r"":1.25,""transition_age_max"":48}"
19083,1d2132c9e8c3c22c,TRANSITION,TRANS_SESSION_EXPANSION_TARGET,"{""asia_range_atr_max"":6.0,""body_min"":0.4,""breakout_atr"":0.0,""hold_hours"":12,""hour_window"":""LONDON"",""source"":""ANY"",""stop_atr"":1.25,""target_r"":1.5,""transition_age_max"":48}"
19084,b3bf039a2a5e9db7,TRANSITION,TRANS_SESSION_EXPANSION_TARGET,"{""asia_range_atr_max"":4.0,""body_min"":0.3,""breakout_atr"":0.2,""hold_hours"":12,""hour_window"":""LONDON_NY"",""source"":""ANY_TREND"",""stop_atr"":1.5,""target_r"":2.0,""transition_age_max"":16}"
19085,9306e2011525ea15,TRANSITION,TRANS_SESSION_EXPANSION_TARGET,"{""asia_range_atr_max"":12.0,""body_min"":0.3,""breakout_atr"":0.0,""hold_hours"":3,""hour_window"":""NEW_YORK"",""source"":""COMPRESSION"",""stop_atr"":1.0,""target_r"":2.5,""transition_age_max"":48}"
19086,3b4712c3c46f717f,TRANSITION,TRANS_SESSION_EXPANSION_TARGET,"{""asia_range_atr_max"":4.0,""body_min"":0.4,""breakout_atr"":0.1,""hold_hours"":2,""hour_window"":""LONDON_NY"",""source"":""CHOP"",""stop_atr"":2.0,""target_r"":1.5,""transition_age_max"":16}"
19087,3ef14a4a13d0411a,TRANSITION,TRANS_SESSION_EXPANSION_TARGET,"{""asia_range_atr_max"":6.0,""body_min"":0.4,""breakout_atr"":0.0,""hold_hours"":12,""hour_window"":""LONDON"",""source"":""CHOP"",""stop_atr"":1.5,""target_r"":1.25,""transition_age_max"":48}"
19088,1b86cbbc2d6e2b31,TRANSITION,TRANS_SESSION_EXPANSION_TARGET,"{""asia_range_atr_max"":4.0,""body_min"":0.3,""breakout_atr"":0.0,""hold_hours"":4,""hour_window"":""LONDON_NY"",""source"":""CHOP"",""stop_atr"":1.5,""target_r"":1.5,""transition_age_max"":48}"
19089,9992d6b7cd903c1c,TRANSITION,TRANS_SESSION_EXPANSION_TARGET,"{""asia_range_atr_max"":8.0,""body_min"":0.2,""breakout_atr"":0.2,""hold_hours"":4,""hour_window"":""LONDON_NY"",""source"":""ANY_TREND"",""stop_atr"":0.75,""target_r"":1.25,""transition_age_max"":16}"
19090,d80a57453d7bbb86,TRANSITION,TRANS_SESSION_EXPANSION_TARGET,"{""asia_range_atr_max"":12.0,""body_min"":0.3,""breakout_atr"":0.05,""hold_hours"":1,""hour_window"":""POST_ASIA"",""source"":""CHOP"",""stop_atr"":0.75,""target_r"":2.5,""transition_age_max"":48}"
19091,346503f105dd1ff1,TRANSITION,TRANS_SESSION_EXPANSION_TARGET,"{""asia_range_atr_max"":4.0,""body_min"":0.2,""breakout_atr"":0.1,""hold_hours"":3,""hour_window"":""POST_ASIA"",""source"":""CHOP"",""stop_atr"":0.75,""target_r"":1.5,""transition_age_max"":32}"
19092,efc496371564e742,TRANSITION,TRANS_SESSION_EXPANSION_TARGET,"{""asia_range_atr_max"":8.0,""body_min"":0.1,""breakout_atr"":0.0,""hold_hours"":8,""hour_window"":""LONDON_NY"",""source"":""COMPRESSION"",""stop_atr"":1.25,""target_r"":1.25,""transition_age_max"":32}"
19093,adf8172bd6c04e80,TRANSITION,TRANS_SESSION_EXPANSION_TARGET,"{""asia_range_atr_max"":8.0,""body_min"":0.1,""breakout_atr"":0.3,""hold_hours"":1,""hour_window"":""LONDON"",""source"":""CHOP"",""stop_atr"":1.5,""target_r"":2.5,""transition_age_max"":8}"
19094,0cc5697eaf54710c,TRANSITION,TRANS_SESSION_EXPANSION_TARGET,"{""asia_range_atr_max"":12.0,""body_min"":0.3,""breakout_atr"":0.2,""hold_hours"":8,""hour_window"":""LONDON"",""source"":""ANY_TREND"",""stop_atr"":1.25,""target_r"":1.0,""transition_age_max"":32}"
19095,05599c4753990f29,TRANSITION,TRANS_SESSION_EXPANSION_TARGET,"{""asia_range_atr_max"":12.0,""body_min"":0.4,""breakout_atr"":0.2,""hold_hours"":6,""hour_window"":""NEW_YORK"",""source"":""COMPRESSION"",""stop_atr"":1.0,""target_r"":2.0,""transition_age_max"":48}"
19096,b28d7abaa9f69950,TRANSITION,TRANS_SESSION_EXPANSION_TARGET,"{""asia_range_atr_max"":8.0,""body_min"":0.2,""breakout_atr"":0.0,""hold_hours"":6,""hour_window"":""NEW_YORK"",""source"":""COMPRESSION"",""stop_atr"":1.25,""target_r"":2.0,""transition_age_max"":8}"
19097,ad87e26f98a15f2c,TRANSITION,TRANS_SESSION_EXPANSION_TARGET,"{""asia_range_atr_max"":12.0,""body_min"":0.3,""breakout_atr"":0.05,""hold_hours"":1,""hour_window"":""NEW_YORK"",""source"":""ANY_TREND"",""stop_atr"":1.5,""target_r"":2.0,""transition_age_max"":8}"
19098,c5ec195a4935604a,TRANSITION,TRANS_SESSION_EXPANSION_TARGET,"{""asia_range_atr_max"":4.0,""body_min"":0.2,""breakout_atr"":0.05,""hold_hours"":8,""hour_window"":""LONDON"",""source"":""ANY_TREND"",""stop_atr"":2.0,""target_r"":2.0,""transition_age_max"":8}"
19099,df4518c612e331b0,TRANSITION,TRANS_SESSION_EXPANSION_TARGET,"{""asia_range_atr_max"":4.0,""body_min"":0.1,""breakout_atr"":0.1,""hold_hours"":4,""hour_window"":""POST_ASIA"",""source"":""ANY_TREND"",""stop_atr"":1.0,""target_r"":2.5,""transition_age_max"":16}"
19100,2d857659ae8997e1,TRANSITION,TRANS_SESSION_EXPANSION_TARGET,"{""asia_range_atr_max"":6.0,""body_min"":0.4,""breakout_atr"":0.1,""hold_hours"":1,""hour_window"":""LONDON"",""source"":""COMPRESSION"",""stop_atr"":0.75,""target_r"":1.0,""transition_age_max"":8}"
19101,c6054da187006ec1,TRANSITION,TRANS_SESSION_EXPANSION_TARGET,"{""asia_range_atr_max"":6.0,""body_min"":0.3,""breakout_atr"":0.1,""hold_hours"":1,""hour_window"":""LONDON_NY"",""source"":""ANY_TREND"",""stop_atr"":0.75,""target_r"":2.5,""transition_age_max"":16}"
19102,83fd8aa70507c787,TRANSITION,TRANS_SESSION_EXPANSION_TARGET,"{""asia_range_atr_max"":8.0,""body_min"":0.4,""breakout_atr"":0.05,""hold_hours"":1,""hour_window"":""LONDON"",""source"":""COMPRESSION"",""stop_atr"":0.75,""target_r"":1.25,""transition_age_max"":48}"
19103,d54006a20eff4b60,TRANSITION,TRANS_SESSION_EXPANSION_TARGET,"{""asia_range_atr_max"":12.0,""body_min"":0.2,""breakout_atr"":0.2,""hold_hours"":1,""hour_window"":""LONDON_NY"",""source"":""ANY"",""stop_atr"":1.5,""target_r"":2.5,""transition_age_max"":8}"
19104,898783be124b403d,TRANSITION,TRANS_SESSION_EXPANSION_TARGET,"{""asia_range_atr_max"":8.0,""body_min"":0.2,""breakout_atr"":0.1,""hold_hours"":3,""hour_window"":""POST_ASIA"",""source"":""CHOP"",""stop_atr"":0.75,""target_r"":1.0,""transition_age_max"":32}"
19105,5e13a394539636a0,TRANSITION,TRANS_SESSION_EXPANSION_TARGET,"{""asia_range_atr_max"":12.0,""body_min"":0.1,""breakout_atr"":0.2,""hold_hours"":4,""hour_window"":""POST_ASIA"",""source"":""CHOP"",""stop_atr"":1.5,""target_r"":2.0,""transition_age_max"":48}"
19106,7cbf87096c4f5701,TRANSITION,TRANS_SESSION_EXPANSION_TARGET,"{""asia_range_atr_max"":6.0,""body_min"":0.4,""breakout_atr"":0.1,""hold_hours"":8,""hour_window"":""POST_ASIA"",""source"":""COMPRESSION"",""stop_atr"":1.0,""target_r"":1.5,""transition_age_max"":48}"
19107,2854fdeefb816f09,TRANSITION,TRANS_SESSION_EXPANSION_TARGET,"{""asia_range_atr_max"":6.0,""body_min"":0.2,""breakout_atr"":0.0,""hold_hours"":8,""hour_window"":""LONDON"",""source"":""COMPRESSION"",""stop_atr"":1.0,""target_r"":2.5,""transition_age_max"":48}"
19108,d0623c0a44095e1f,TRANSITION,TRANS_SESSION_EXPANSION_TARGET,"{""asia_range_atr_max"":4.0,""body_min"":0.2,""breakout_atr"":0.2,""hold_hours"":3,""hour_window"":""NEW_YORK"",""source"":""ANY"",""stop_atr"":1.5,""target_r"":2.0,""transition_age_max"":32}"
19109,f17672804530917e,TRANSITION,TRANS_SESSION_EXPANSION_TARGET,"{""asia_range_atr_max"":6.0,""body_min"":0.3,""breakout_atr"":0.3,""hold_hours"":8,""hour_window"":""POST_ASIA"",""source"":""CHOP"",""stop_atr"":1.0,""target_r"":2.0,""transition_age_max"":16}"
19110,af9a9a51de32cf6c,TRANSITION,TRANS_SESSION_EXPANSION_TARGET,"{""asia_range_atr_max"":6.0,""body_min"":0.3,""breakout_atr"":0.3,""hold_hours"":8,""hour_window"":""NEW_YORK"",""source"":""ANY_TREND"",""stop_atr"":1.25,""target_r"":2.5,""transition_age_max"":16}"
19111,d555fdfb4caca6a1,TRANSITION,TRANS_SESSION_EXPANSION_TARGET,"{""asia_range_atr_max"":6.0,""body_min"":0.2,""breakout_atr"":0.1,""hold_hours"":1,""hour_window"":""POST_ASIA"",""source"":""ANY"",""stop_atr"":1.5,""target_r"":1.5,""transition_age_max"":8}"
19112,69b84fd8348c2412,TRANSITION,TRANS_SESSION_EXPANSION_TARGET,"{""asia_range_atr_max"":8.0,""body_min"":0.1,""breakout_atr"":0.2,""hold_hours"":8,""hour_window"":""POST_ASIA"",""source"":""ANY_TREND"",""stop_atr"":0.75,""target_r"":2.0,""transition_age_max"":8}"
19113,c2b449b73459b0ea,TRANSITION,TRANS_SESSION_EXPANSION_TARGET,"{""asia_range_atr_max"":12.0,""body_min"":0.2,""breakout_atr"":0.3,""hold_hours"":12,""hour_window"":""POST_ASIA"",""source"":""COMPRESSION"",""stop_atr"":2.0,""target_r"":1.5,""transition_age_max"":8}"
19114,f52c5cd418187bf3,TRANSITION,TRANS_SESSION_EXPANSION_TARGET,"{""asia_range_atr_max"":6.0,""body_min"":0.4,""breakout_atr"":0.3,""hold_hours"":8,""hour_window"":""LONDON"",""source"":""CHOP"",""stop_atr"":2.0,""target_r"":1.0,""transition_age_max"":48}"
19115,8cdc4dccb5a7b9c2,TRANSITION,TRANS_SESSION_EXPANSION_TARGET,"{""asia_range_atr_max"":4.0,""body_min"":0.1,""breakout_atr"":0.05,""hold_hours"":3,""hour_window"":""NEW_YORK"",""source"":""COMPRESSION"",""stop_atr"":0.75,""target_r"":1.5,""transition_age_max"":32}"
19116,acde0014ec1f7258,TRANSITION,TRANS_SESSION_EXPANSION_TARGET,"{""asia_range_atr_max"":6.0,""body_min"":0.2,""breakout_atr"":0.2,""hold_hours"":12,""hour_window"":""NEW_YORK"",""source"":""ANY"",""stop_atr"":1.25,""target_r"":1.0,""transition_age_max"":16}"
19117,8efc7aa13f4c3a97,TRANSITION,TRANS_SESSION_EXPANSION_TARGET,"{""asia_range_atr_max"":12.0,""body_min"":0.3,""breakout_atr"":0.1,""hold_hours"":3,""hour_window"":""NEW_YORK"",""source"":""ANY_TREND"",""stop_atr"":1.25,""target_r"":1.25,""transition_age_max"":16}"
19118,165dc8be8b35d4d3,TRANSITION,TRANS_SESSION_EXPANSION_TARGET,"{""asia_range_atr_max"":6.0,""body_min"":0.2,""breakout_atr"":0.0,""hold_hours"":8,""hour_window"":""POST_ASIA"",""source"":""ANY"",""stop_atr"":1.0,""target_r"":1.5,""transition_age_max"":8}"
19119,f2c0a9f5adb2cc83,TRANSITION,TRANS_SESSION_EXPANSION_TARGET,"{""asia_range_atr_max"":4.0,""body_min"":0.1,""breakout_atr"":0.3,""hold_hours"":6,""hour_window"":""LONDON_NY"",""source"":""COMPRESSION"",""stop_atr"":2.0,""target_r"":1.25,""transition_age_max"":32}"
