signal_time,entry_time,exit_time,direction,vote_score,vote_eurgbp,vote_eurjpy,vote_gbpusd,vote_usdjpy,entry_price,stop_price,target_price,exit_price,exit_reason,net_r,pnl_usd_0_01_lot
2016-07-01 05:55:00+00:00,2016-07-01 06:00:00+00:00,2016-07-01 06:35:00+00:00,SHORT,-2,1,-1,-1,-1,1.10799,1.10879,1.10679,1.1088,STOP,-1.0124999999999718,-0.8099999999999774
2016-07-04 05:55:00+00:00,2016-07-04 06:00:00+00:00,2016-07-04 06:55:00+00:00,SHORT,-2,1,-1,-1,-1,1.11358,1.11438,1.11238,1.11239,TARGET,1.4875000000000305,1.1900000000000244
2016-07-05 05:55:00+00:00,2016-07-05 06:00:00+00:00,2016-07-05 06:40:00+00:00,SHORT,-2,1,-1,-1,-1,1.11275,1.1135499999999998,1.1115499999999998,1.1135599999999999,STOP,-1.0124999999999718,-0.8099999999999774
2016-07-06 11:55:00+00:00,2016-07-06 12:00:00+00:00,2016-07-06 12:00:00+00:00,SHORT,-4,-1,-1,-1,-1,1.1053499999999998,1.1061499999999997,1.1041499999999997,1.1061599999999998,STOP,-1.0124999999999718,-0.8099999999999774
2016-07-07 05:55:00+00:00,2016-07-07 06:00:00+00:00,2016-07-07 06:50:00+00:00,SHORT,-2,-1,-1,-1,1,1.1089799999999999,1.1097799999999998,1.1077799999999998,1.1077899999999998,TARGET,1.4875000000000305,1.1900000000000244
2016-07-08 08:55:00+00:00,2016-07-08 09:00:00+00:00,2016-07-08 10:00:00+00:00,SHORT,-2,1,-1,-1,-1,1.10745,1.10825,1.10625,1.10626,TARGET,1.4875000000000305,1.1900000000000244
2016-07-12 05:55:00+00:00,2016-07-12 06:00:00+00:00,2016-07-12 07:00:00+00:00,LONG,2,1,1,-1,1,1.10864,1.1078400000000002,1.1098400000000002,1.10983,TARGET,1.4875000000000305,1.1900000000000244
2016-07-13 05:55:00+00:00,2016-07-13 06:00:00+00:00,2016-07-13 06:10:00+00:00,LONG,2,-1,1,1,1,1.1068900000000002,1.1060900000000002,1.1080900000000002,1.1060800000000002,STOP,-1.0124999999999718,-0.8099999999999774
2016-07-14 12:55:00+00:00,2016-07-14 13:00:00+00:00,2016-07-14 13:35:00+00:00,SHORT,-4,-1,-1,-1,-1,1.1114899999999999,1.1122899999999998,1.1102899999999998,1.1102999999999998,TARGET,1.4875000000000305,1.1900000000000244
2016-07-15 07:55:00+00:00,2016-07-15 08:00:00+00:00,2016-07-15 08:05:00+00:00,SHORT,-4,-1,-1,-1,-1,1.11326,1.1140599999999998,1.1120599999999998,1.11407,STOP,-1.0124999999999718,-0.8099999999999774
2016-07-18 05:55:00+00:00,2016-07-18 06:00:00+00:00,2016-07-18 06:05:00+00:00,LONG,2,-1,1,1,1,1.1068900000000002,1.1060900000000002,1.1080900000000002,1.1060800000000002,STOP,-1.0124999999999718,-0.8099999999999774
2016-07-19 06:55:00+00:00,2016-07-19 07:00:00+00:00,2016-07-19 07:45:00+00:00,SHORT,-2,-1,1,-1,-1,1.10666,1.1074599999999999,1.1054599999999999,1.10547,TARGET,1.4875000000000305,1.1900000000000244
2016-07-20 06:55:00+00:00,2016-07-20 07:00:00+00:00,2016-07-20 08:30:00+00:00,SHORT,-2,-1,-1,-1,1,1.0988799999999999,1.0996799999999998,1.0976799999999998,1.0996899999999998,STOP,-1.0124999999999718,-0.8099999999999774
2016-07-21 08:55:00+00:00,2016-07-21 09:00:00+00:00,2016-07-21 09:30:00+00:00,SHORT,-2,-1,-1,1,-1,1.10145,1.10225,1.10025,1.10226,STOP,-1.0124999999999718,-0.8099999999999774
2016-07-22 05:55:00+00:00,2016-07-22 06:00:00+00:00,2016-07-22 06:05:00+00:00,SHORT,-2,-1,1,-1,-1,1.1020999999999999,1.1028999999999998,1.1008999999999998,1.1029099999999998,STOP,-1.0124999999999718,-0.8099999999999774
2016-07-25 09:55:00+00:00,2016-07-25 10:00:00+00:00,2016-07-25 11:10:00+00:00,LONG,4,1,1,1,1,1.09925,1.0984500000000001,1.1004500000000002,1.09844,STOP,-1.0124999999999718,-0.8099999999999774
2016-07-26 06:55:00+00:00,2016-07-26 07:00:00+00:00,2016-07-26 09:05:00+00:00,SHORT,-2,1,-1,-1,-1,1.1007799999999999,1.1015799999999998,1.0995799999999998,1.1015899999999998,STOP,-1.0124999999999718,-0.8099999999999774
2016-07-27 07:55:00+00:00,2016-07-27 08:00:00+00:00,2016-07-27 08:50:00+00:00,LONG,2,1,-1,1,1,1.10015,1.09935,1.10135,1.09934,STOP,-1.0124999999999718,-0.8099999999999774
2016-07-28 09:55:00+00:00,2016-07-28 10:00:00+00:00,2016-07-28 10:20:00+00:00,LONG,2,-1,1,1,1,1.1094300000000001,1.1086300000000002,1.1106300000000002,1.1086200000000002,STOP,-1.0124999999999718,-0.8099999999999774
2016-07-29 09:55:00+00:00,2016-07-29 10:00:00+00:00,2016-07-29 12:30:00+00:00,LONG,2,1,1,1,-1,1.1110900000000001,1.1102900000000002,1.1122900000000002,1.1122800000000002,TARGET,1.4875000000000305,1.1900000000000244
2016-08-01 05:55:00+00:00,2016-08-01 06:00:00+00:00,2016-08-01 11:25:00+00:00,SHORT,-2,-1,-1,-1,1,1.11709,1.1178899999999998,1.1158899999999998,1.1159,TARGET,1.4875000000000305,1.1900000000000244
2016-08-02 14:55:00+00:00,2016-08-02 15:00:00+00:00,2016-08-02 17:15:00+00:00,LONG,2,-1,1,1,1,1.122,1.1212000000000002,1.1232000000000002,1.1231900000000001,TARGET,1.4875000000000305,1.1900000000000244
2016-08-03 06:55:00+00:00,2016-08-03 07:00:00+00:00,2016-08-03 07:25:00+00:00,SHORT,-2,-1,1,-1,-1,1.12015,1.12095,1.11895,1.12096,STOP,-1.0124999999999718,-0.8099999999999774
2016-08-04 06:55:00+00:00,2016-08-04 07:00:00+00:00,2016-08-04 07:25:00+00:00,SHORT,-4,-1,-1,-1,-1,1.11289,1.1136899999999998,1.1116899999999998,1.1137,STOP,-1.0124999999999718,-0.8099999999999774
2016-08-05 07:55:00+00:00,2016-08-05 08:00:00+00:00,2016-08-05 08:45:00+00:00,LONG,2,-1,1,1,1,1.11391,1.11311,1.11511,1.1151,TARGET,1.4875000000000305,1.1900000000000244
2016-08-08 06:55:00+00:00,2016-08-08 07:00:00+00:00,2016-08-08 07:45:00+00:00,SHORT,-4,-1,-1,-1,-1,1.10818,1.1089799999999999,1.1069799999999999,1.10899,STOP,-1.0124999999999718,-0.8099999999999774
2016-08-09 07:55:00+00:00,2016-08-09 08:00:00+00:00,2016-08-09 08:40:00+00:00,LONG,2,-1,1,1,1,1.10773,1.1069300000000002,1.1089300000000002,1.1089200000000001,TARGET,1.4875000000000305,1.1900000000000244
2016-08-10 09:55:00+00:00,2016-08-10 10:00:00+00:00,2016-08-10 11:05:00+00:00,SHORT,-4,-1,-1,-1,-1,1.11727,1.11807,1.11607,1.11808,STOP,-1.0124999999999718,-0.8099999999999774
2016-08-11 05:55:00+00:00,2016-08-11 06:00:00+00:00,2016-08-11 07:25:00+00:00,SHORT,-2,-1,1,-1,-1,1.11639,1.11719,1.11519,1.1152,TARGET,1.4875000000000305,1.1900000000000244
2016-08-12 07:55:00+00:00,2016-08-12 08:00:00+00:00,2016-08-12 08:20:00+00:00,SHORT,-2,-1,-1,-1,1,1.11443,1.11523,1.11323,1.11524,STOP,-1.0124999999999718,-0.8099999999999774
2016-08-15 06:55:00+00:00,2016-08-15 07:00:00+00:00,2016-08-15 11:55:00+00:00,LONG,2,1,1,-1,1,1.1167900000000002,1.1159900000000003,1.1179900000000003,1.1179800000000002,TARGET,1.4875000000000305,1.1900000000000244
2016-08-16 05:55:00+00:00,2016-08-16 06:00:00+00:00,2016-08-16 06:30:00+00:00,LONG,4,1,1,1,1,1.1215300000000001,1.1207300000000002,1.1227300000000002,1.1227200000000002,TARGET,1.4875000000000305,1.1900000000000244
2016-08-17 05:55:00+00:00,2016-08-17 06:00:00+00:00,2016-08-17 06:50:00+00:00,LONG,2,1,-1,1,1,1.12644,1.1256400000000002,1.1276400000000002,1.1256300000000001,STOP,-1.0124999999999718,-0.8099999999999774
2016-08-18 07:55:00+00:00,2016-08-18 08:00:00+00:00,2016-08-18 08:30:00+00:00,SHORT,-2,-1,1,-1,-1,1.13153,1.1323299999999998,1.1303299999999998,1.13234,STOP,-1.0124999999999718,-0.8099999999999774
2016-08-19 06:55:00+00:00,2016-08-19 07:00:00+00:00,2016-08-19 07:15:00+00:00,LONG,2,1,-1,1,1,1.13449,1.13369,1.13569,1.13368,STOP,-1.0124999999999718,-0.8099999999999774
2016-08-22 06:55:00+00:00,2016-08-22 07:00:00+00:00,2016-08-22 07:25:00+00:00,LONG,2,1,1,1,-1,1.12822,1.12742,1.12942,1.12741,STOP,-1.0124999999999718,-0.8099999999999774
2016-08-23 06:55:00+00:00,2016-08-23 07:00:00+00:00,2016-08-23 07:00:00+00:00,SHORT,-2,-1,-1,-1,1,1.13331,1.13411,1.13211,1.13412,STOP,-1.0124999999999718,-0.8099999999999774
2016-08-24 05:55:00+00:00,2016-08-24 06:00:00+00:00,2016-08-24 07:40:00+00:00,SHORT,-2,-1,-1,-1,1,1.12892,1.1297199999999998,1.1277199999999998,1.12973,STOP,-1.0124999999999718,-0.8099999999999774
2016-08-25 06:55:00+00:00,2016-08-25 07:00:00+00:00,2016-08-25 07:20:00+00:00,SHORT,-2,-1,-1,1,-1,1.1265399999999999,1.1273399999999998,1.1253399999999998,1.1273499999999999,STOP,-1.0124999999999718,-0.8099999999999774
2016-08-26 08:55:00+00:00,2016-08-26 09:00:00+00:00,2016-08-26 09:45:00+00:00,SHORT,-2,1,-1,-1,-1,1.1286699999999998,1.1294699999999998,1.1274699999999998,1.1294799999999998,STOP,-1.0124999999999718,-0.8099999999999774
2016-08-29 07:55:00+00:00,2016-08-29 08:00:00+00:00,2016-08-29 08:55:00+00:00,SHORT,-2,-1,1,-1,-1,1.11816,1.11896,1.11696,1.11897,STOP,-1.0124999999999718,-0.8099999999999774
2016-08-30 09:55:00+00:00,2016-08-30 10:00:00+00:00,2016-08-30 10:30:00+00:00,LONG,2,1,1,1,-1,1.11713,1.11633,1.11833,1.11632,STOP,-1.0124999999999718,-0.8099999999999774
2016-08-31 06:55:00+00:00,2016-08-31 07:00:00+00:00,2016-08-31 08:10:00+00:00,SHORT,-2,-1,1,-1,-1,1.1136599999999999,1.1144599999999998,1.1124599999999998,1.1144699999999998,STOP,-1.0124999999999718,-0.8099999999999774
2016-09-01 06:55:00+00:00,2016-09-01 07:00:00+00:00,2016-09-01 07:10:00+00:00,LONG,4,1,1,1,1,1.1150900000000001,1.1142900000000002,1.1162900000000002,1.1142800000000002,STOP,-1.0124999999999718,-0.8099999999999774
2016-09-02 07:55:00+00:00,2016-09-02 08:00:00+00:00,2016-09-02 08:45:00+00:00,SHORT,-2,-1,-1,1,-1,1.11927,1.12007,1.11807,1.11808,TARGET,1.4875000000000305,1.1900000000000244
2016-09-05 08:55:00+00:00,2016-09-05 09:00:00+00:00,2016-09-05 10:05:00+00:00,SHORT,-2,-1,-1,-1,1,1.11677,1.11757,1.11557,1.11558,TARGET,1.4875000000000305,1.1900000000000244
2016-09-06 11:55:00+00:00,2016-09-06 12:00:00+00:00,2016-09-06 13:25:00+00:00,SHORT,-4,-1,-1,-1,-1,1.11595,1.11675,1.11475,1.11676,STOP,-1.0124999999999718,-0.8099999999999774
2016-09-07 05:55:00+00:00,2016-09-07 06:00:00+00:00,2016-09-07 06:05:00+00:00,SHORT,-2,-1,-1,-1,1,1.1252199999999999,1.1260199999999998,1.1240199999999998,1.1260299999999999,STOP,-1.0124999999999718,-0.8099999999999774
2016-09-08 05:55:00+00:00,2016-09-08 06:00:00+00:00,2016-09-08 07:50:00+00:00,LONG,4,1,1,1,1,1.12527,1.12447,1.12647,1.12646,TARGET,1.4875000000000305,1.1900000000000244
2016-09-09 05:55:00+00:00,2016-09-09 06:00:00+00:00,2016-09-09 06:25:00+00:00,LONG,4,1,1,1,1,1.12835,1.12755,1.12955,1.12754,STOP,-1.0124999999999718,-0.8099999999999774
2016-09-12 05:55:00+00:00,2016-09-12 06:00:00+00:00,2016-09-12 07:05:00+00:00,LONG,2,1,-1,1,1,1.12432,1.12352,1.12552,1.12551,TARGET,1.4875000000000305,1.1900000000000244
2016-09-13 05:55:00+00:00,2016-09-13 06:00:00+00:00,2016-09-13 07:35:00+00:00,SHORT,-2,1,-1,-1,-1,1.1229,1.1237,1.1217,1.12171,TARGET,1.4875000000000305,1.1900000000000244
2016-09-14 06:55:00+00:00,2016-09-14 07:00:00+00:00,2016-09-14 07:20:00+00:00,LONG,2,-1,1,1,1,1.12338,1.1225800000000001,1.1245800000000001,1.12257,STOP,-1.0124999999999718,-0.8099999999999774
2016-09-15 05:55:00+00:00,2016-09-15 06:00:00+00:00,2016-09-15 06:35:00+00:00,LONG,2,1,1,1,-1,1.12481,1.1240100000000002,1.1260100000000002,1.124,STOP,-1.0124999999999718,-0.8099999999999774
2016-09-16 09:55:00+00:00,2016-09-16 10:00:00+00:00,2016-09-16 12:00:00+00:00,SHORT,-2,-1,-1,-1,1,1.12218,1.1229799999999999,1.1209799999999999,1.12299,STOP,-1.0124999999999718,-0.8099999999999774
2016-09-19 05:55:00+00:00,2016-09-19 06:00:00+00:00,2016-09-19 06:30:00+00:00,SHORT,-2,-1,-1,1,-1,1.11706,1.1178599999999999,1.1158599999999999,1.11587,TARGET,1.4875000000000305,1.1900000000000244
2016-09-20 05:55:00+00:00,2016-09-20 06:00:00+00:00,2016-09-20 06:55:00+00:00,LONG,2,1,1,1,-1,1.11758,1.11678,1.11878,1.11877,TARGET,1.4875000000000305,1.1900000000000244
2016-09-21 06:55:00+00:00,2016-09-21 07:00:00+00:00,2016-09-21 07:35:00+00:00,LONG,2,1,-1,1,1,1.11423,1.1134300000000001,1.1154300000000001,1.11542,TARGET,1.4875000000000305,1.1900000000000244
2016-09-22 08:55:00+00:00,2016-09-22 09:00:00+00:00,2016-09-22 12:35:00+00:00,SHORT,-4,-1,-1,-1,-1,1.12364,1.1244399999999999,1.1224399999999999,1.12445,STOP,-1.0124999999999718,-0.8099999999999774
2016-09-23 10:55:00+00:00,2016-09-23 11:00:00+00:00,2016-09-23 11:15:00+00:00,LONG,2,1,1,-1,1,1.1224,1.1216000000000002,1.1236000000000002,1.12159,STOP,-1.0124999999999718,-0.8099999999999774
2016-09-26 05:55:00+00:00,2016-09-26 06:00:00+00:00,2016-09-26 07:15:00+00:00,SHORT,-2,-1,-1,1,-1,1.1227699999999998,1.1235699999999997,1.1215699999999997,1.1235799999999998,STOP,-1.0124999999999718,-0.8099999999999774
2016-09-27 07:55:00+00:00,2016-09-27 08:00:00+00:00,2016-09-27 08:40:00+00:00,SHORT,-2,1,-1,-1,-1,1.12478,1.1255799999999998,1.1235799999999998,1.1235899999999999,TARGET,1.4875000000000305,1.1900000000000244
2016-09-28 06:55:00+00:00,2016-09-28 07:00:00+00:00,2016-09-28 07:20:00+00:00,SHORT,-3,-1,-1,-1,0,1.11992,1.12072,1.11872,1.11873,TARGET,1.4875000000000305,1.1900000000000244
2016-09-29 06:55:00+00:00,2016-09-29 07:00:00+00:00,2016-09-29 07:40:00+00:00,SHORT,-2,1,-1,-1,-1,1.1219299999999999,1.1227299999999998,1.1207299999999998,1.1227399999999998,STOP,-1.0124999999999718,-0.8099999999999774
2016-09-30 07:55:00+00:00,2016-09-30 08:00:00+00:00,2016-09-30 09:05:00+00:00,LONG,2,1,1,-1,1,1.11859,1.11779,1.11979,1.11778,STOP,-1.0124999999999718,-0.8099999999999774
2016-10-03 08:55:00+00:00,2016-10-03 09:00:00+00:00,2016-10-03 13:05:00+00:00,LONG,2,1,1,1,-1,1.12337,1.12257,1.12457,1.12256,STOP,-1.0124999999999718,-0.8099999999999774
2016-10-04 11:55:00+00:00,2016-10-04 12:00:00+00:00,2016-10-04 12:40:00+00:00,SHORT,-2,-1,1,-1,-1,1.1162999999999998,1.1170999999999998,1.1150999999999998,1.1171099999999998,STOP,-1.0124999999999718,-0.8099999999999774
2016-10-05 06:55:00+00:00,2016-10-05 07:00:00+00:00,2016-10-05 09:00:00+00:00,LONG,2,1,1,1,-1,1.12171,1.12091,1.12291,1.1229,TARGET,1.4875000000000305,1.1900000000000244
2016-10-06 05:55:00+00:00,2016-10-06 06:00:00+00:00,2016-10-06 06:15:00+00:00,LONG,2,1,1,-1,1,1.12013,1.1193300000000002,1.1213300000000002,1.11932,STOP,-1.0124999999999718,-0.8099999999999774
2016-10-07 07:55:00+00:00,2016-10-07 08:00:00+00:00,2016-10-07 08:40:00+00:00,LONG,4,1,1,1,1,1.1112900000000001,1.1104900000000002,1.1124900000000002,1.1124800000000001,TARGET,1.4875000000000305,1.1900000000000244
2016-10-10 11:55:00+00:00,2016-10-10 12:00:00+00:00,2016-10-10 16:35:00+00:00,SHORT,-2,1,-1,-1,-1,1.11604,1.1168399999999998,1.1148399999999998,1.11485,TARGET,1.4875000000000305,1.1900000000000244
2016-10-11 05:55:00+00:00,2016-10-11 06:00:00+00:00,2016-10-11 07:20:00+00:00,SHORT,-2,-1,-1,1,-1,1.11225,1.1130499999999999,1.1110499999999999,1.11106,TARGET,1.4875000000000305,1.1900000000000244
2016-10-12 15:55:00+00:00,2016-10-12 16:00:00+00:00,2016-10-12 16:15:00+00:00,LONG,2,1,1,1,-1,1.10129,1.1004900000000002,1.1024900000000002,1.1024800000000001,TARGET,1.4875000000000305,1.1900000000000244
2016-10-13 05:55:00+00:00,2016-10-13 06:00:00+00:00,2016-10-13 06:00:00+00:00,LONG,2,1,-1,1,1,1.1019400000000001,1.1011400000000002,1.1031400000000002,1.1011300000000002,STOP,-1.0124999999999718,-0.8099999999999774
2016-10-14 07:55:00+00:00,2016-10-14 08:00:00+00:00,2016-10-14 08:55:00+00:00,LONG,2,1,1,-1,1,1.10122,1.1004200000000002,1.1024200000000002,1.1024100000000001,TARGET,1.4875000000000305,1.1900000000000244
2016-10-17 10:55:00+00:00,2016-10-17 11:00:00+00:00,2016-10-17 11:10:00+00:00,SHORT,-2,-1,-1,-1,1,1.0988099999999998,1.0996099999999998,1.0976099999999998,1.0996199999999998,STOP,-1.0124999999999718,-0.8099999999999774
2016-10-18 05:55:00+00:00,2016-10-18 06:00:00+00:00,2016-10-18 06:35:00+00:00,SHORT,-4,-1,-1,-1,-1,1.10138,1.10218,1.10018,1.10219,STOP,-1.0124999999999718,-0.8099999999999774
2016-10-19 06:55:00+00:00,2016-10-19 07:00:00+00:00,2016-10-19 08:05:00+00:00,LONG,3,1,1,1,0,1.0982800000000001,1.0974800000000002,1.0994800000000002,1.0994700000000002,TARGET,1.4875000000000305,1.1900000000000244
2016-10-20 05:55:00+00:00,2016-10-20 06:00:00+00:00,2016-10-20 06:45:00+00:00,SHORT,-4,-1,-1,-1,-1,1.0960999999999999,1.0968999999999998,1.0948999999999998,1.0969099999999998,STOP,-1.0124999999999718,-0.8099999999999774
2016-10-21 07:55:00+00:00,2016-10-21 08:00:00+00:00,2016-10-21 09:25:00+00:00,SHORT,-4,-1,-1,-1,-1,1.08816,1.08896,1.08696,1.08897,STOP,-1.0124999999999718,-0.8099999999999774
2016-10-24 05:55:00+00:00,2016-10-24 06:00:00+00:00,2016-10-24 07:50:00+00:00,LONG,2,1,1,-1,1,1.0877700000000001,1.0869700000000002,1.0889700000000002,1.0889600000000002,TARGET,1.4875000000000305,1.1900000000000244
2016-10-25 06:55:00+00:00,2016-10-25 07:00:00+00:00,2016-10-25 08:15:00+00:00,SHORT,-2,-1,1,-1,-1,1.0877299999999999,1.0885299999999998,1.0865299999999998,1.0885399999999998,STOP,-1.0124999999999718,-0.8099999999999774
2016-10-26 05:55:00+00:00,2016-10-26 06:00:00+00:00,2016-10-26 06:30:00+00:00,LONG,2,1,1,-1,1,1.08881,1.0880100000000001,1.0900100000000001,1.09,TARGET,1.4875000000000305,1.1900000000000244
2016-10-27 05:55:00+00:00,2016-10-27 06:00:00+00:00,2016-10-27 06:55:00+00:00,LONG,2,1,1,1,-1,1.0908200000000001,1.0900200000000002,1.0920200000000002,1.0900100000000001,STOP,-1.0124999999999718,-0.8099999999999774
2016-10-28 05:55:00+00:00,2016-10-28 06:00:00+00:00,2016-10-28 06:20:00+00:00,SHORT,-2,-1,1,-1,-1,1.09028,1.0910799999999998,1.0890799999999998,1.09109,STOP,-1.0124999999999718,-0.8099999999999774
2016-10-31 05:55:00+00:00,2016-10-31 06:00:00+00:00,2016-10-31 06:50:00+00:00,LONG,2,1,1,-1,1,1.09694,1.0961400000000001,1.0981400000000001,1.09613,STOP,-1.0124999999999718,-0.8099999999999774
2016-11-01 05:55:00+00:00,2016-11-01 06:00:00+00:00,2016-11-01 07:20:00+00:00,SHORT,-2,1,-1,-1,-1,1.09665,1.0974499999999998,1.0954499999999998,1.0974599999999999,STOP,-1.0124999999999718,-0.8099999999999774
2016-11-02 06:55:00+00:00,2016-11-02 07:00:00+00:00,2016-11-02 07:50:00+00:00,SHORT,-2,1,-1,-1,-1,1.10624,1.1070399999999998,1.1050399999999998,1.1070499999999999,STOP,-1.0124999999999718,-0.8099999999999774
2016-11-03 06:55:00+00:00,2016-11-03 07:00:00+00:00,2016-11-03 07:05:00+00:00,SHORT,-2,-1,-1,1,-1,1.11148,1.11228,1.11028,1.11229,STOP,-1.0124999999999718,-0.8099999999999774
2016-11-04 07:55:00+00:00,2016-11-04 08:00:00+00:00,2016-11-04 09:15:00+00:00,LONG,4,1,1,1,1,1.1097000000000001,1.1089000000000002,1.1109000000000002,1.1088900000000002,STOP,-1.0124999999999718,-0.8099999999999774
2016-11-07 06:55:00+00:00,2016-11-07 07:00:00+00:00,2016-11-07 08:50:00+00:00,SHORT,-2,-1,-1,-1,1,1.1064699999999998,1.1072699999999998,1.1052699999999998,1.1052799999999998,TARGET,1.4875000000000305,1.1900000000000244
2016-11-08 07:55:00+00:00,2016-11-08 08:00:00+00:00,2016-11-08 10:15:00+00:00,LONG,4,1,1,1,1,1.10556,1.1047600000000002,1.1067600000000002,1.1047500000000001,STOP,-1.0124999999999718,-0.8099999999999774
2016-11-09 06:55:00+00:00,2016-11-09 07:00:00+00:00,2016-11-09 07:00:00+00:00,SHORT,-2,-1,1,-1,-1,1.12201,1.1228099999999999,1.1208099999999999,1.12082,TARGET,1.4875000000000305,1.1900000000000244
2016-11-10 08:55:00+00:00,2016-11-10 09:00:00+00:00,2016-11-10 09:15:00+00:00,SHORT,-2,1,-1,-1,-1,1.09279,1.0935899999999998,1.0915899999999998,1.0916,TARGET,1.4875000000000305,1.1900000000000244
2016-11-11 07:55:00+00:00,2016-11-11 08:00:00+00:00,2016-11-11 08:25:00+00:00,SHORT,-4,-1,-1,-1,-1,1.09059,1.0913899999999999,1.0893899999999999,1.0894,TARGET,1.4875000000000305,1.1900000000000244
2016-11-14 06:55:00+00:00,2016-11-14 07:00:00+00:00,2016-11-14 07:15:00+00:00,LONG,2,1,1,-1,1,1.0790600000000001,1.0782600000000002,1.0802600000000002,1.0802500000000002,TARGET,1.4875000000000305,1.1900000000000244
2016-11-15 06:55:00+00:00,2016-11-15 07:00:00+00:00,2016-11-15 07:05:00+00:00,SHORT,-2,-1,-1,-1,1,1.0751,1.0758999999999999,1.0738999999999999,1.07591,STOP,-1.0124999999999718,-0.8099999999999774
2016-11-16 07:55:00+00:00,2016-11-16 08:00:00+00:00,2016-11-16 08:05:00+00:00,SHORT,-4,-1,-1,-1,-1,1.07052,1.0713199999999998,1.0693199999999998,1.07133,STOP,-1.0124999999999718,-0.8099999999999774
2016-11-17 06:55:00+00:00,2016-11-17 07:00:00+00:00,2016-11-17 07:40:00+00:00,LONG,2,1,-1,1,1,1.06946,1.0686600000000002,1.0706600000000002,1.07065,TARGET,1.4875000000000305,1.1900000000000244
2016-11-18 05:55:00+00:00,2016-11-18 06:00:00+00:00,2016-11-18 06:00:00+00:00,SHORT,-2,-1,-1,-1,1,1.05849,1.0592899999999998,1.0572899999999998,1.0593,STOP,-1.0124999999999718,-0.8099999999999774
2016-11-21 08:55:00+00:00,2016-11-21 09:00:00+00:00,2016-11-21 09:20:00+00:00,LONG,2,1,-1,1,1,1.06438,1.0635800000000002,1.0655800000000002,1.0635700000000001,STOP,-1.0124999999999718,-0.8099999999999774
2016-11-22 06:55:00+00:00,2016-11-22 07:00:00+00:00,2016-11-22 08:20:00+00:00,SHORT,-2,-1,-1,-1,1,1.06148,1.06228,1.06028,1.06229,STOP,-1.0124999999999718,-0.8099999999999774
2016-11-23 06:55:00+00:00,2016-11-23 07:00:00+00:00,2016-11-23 07:40:00+00:00,LONG,2,1,1,1,-1,1.06397,1.0631700000000002,1.0651700000000002,1.06316,STOP,-1.0124999999999718,-0.8099999999999774
2016-11-24 05:55:00+00:00,2016-11-24 06:00:00+00:00,2016-11-24 07:10:00+00:00,SHORT,-2,-1,-1,-1,1,1.05469,1.0554899999999998,1.0534899999999998,1.0534999999999999,TARGET,1.4875000000000305,1.1900000000000244
2016-11-25 05:55:00+00:00,2016-11-25 06:00:00+00:00,2016-11-25 06:15:00+00:00,SHORT,-4,-1,-1,-1,-1,1.05691,1.05771,1.05571,1.05772,STOP,-1.0124999999999718,-0.8099999999999774
2016-11-28 05:55:00+00:00,2016-11-28 06:00:00+00:00,2016-11-28 07:00:00+00:00,SHORT,-2,-1,1,-1,-1,1.0653899999999998,1.0661899999999997,1.0641899999999997,1.0641999999999998,TARGET,1.4875000000000305,1.1900000000000244
2016-11-29 05:55:00+00:00,2016-11-29 06:00:00+00:00,2016-11-29 07:40:00+00:00,SHORT,-2,-1,-1,1,-1,1.06025,1.0610499999999998,1.0590499999999998,1.05906,TARGET,1.4875000000000305,1.1900000000000244
2016-11-30 05:55:00+00:00,2016-11-30 06:00:00+00:00,2016-11-30 06:40:00+00:00,SHORT,-2,-1,1,-1,-1,1.06317,1.0639699999999999,1.0619699999999999,1.06398,STOP,-1.0124999999999718,-0.8099999999999774
2016-12-01 07:55:00+00:00,2016-12-01 08:00:00+00:00,2016-12-01 09:50:00+00:00,SHORT,-2,-1,1,-1,-1,1.0614599999999998,1.0622599999999998,1.0602599999999998,1.0622699999999998,STOP,-1.0124999999999718,-0.8099999999999774
2016-12-02 06:55:00+00:00,2016-12-02 07:00:00+00:00,2016-12-02 07:35:00+00:00,SHORT,-2,-1,-1,1,-1,1.06794,1.0687399999999998,1.0667399999999998,1.0667499999999999,TARGET,1.4875000000000305,1.1900000000000244
2016-12-05 07:55:00+00:00,2016-12-05 08:00:00+00:00,2016-12-05 08:00:00+00:00,LONG,2,1,1,1,-1,1.06038,1.0595800000000002,1.0615800000000002,1.0595700000000001,STOP,-1.0124999999999718,-0.8099999999999774
2016-12-06 07:55:00+00:00,2016-12-06 08:00:00+00:00,2016-12-06 08:10:00+00:00,LONG,2,1,-1,1,1,1.07623,1.07543,1.07743,1.07742,TARGET,1.4875000000000305,1.1900000000000244
2016-12-07 07:55:00+00:00,2016-12-07 08:00:00+00:00,2016-12-07 08:10:00+00:00,SHORT,-2,1,-1,-1,-1,1.0712899999999999,1.0720899999999998,1.0700899999999998,1.0720999999999998,STOP,-1.0124999999999718,-0.8099999999999774
2016-12-08 08:55:00+00:00,2016-12-08 09:00:00+00:00,2016-12-08 09:40:00+00:00,LONG,2,1,1,1,-1,1.07883,1.07803,1.08003,1.08002,TARGET,1.4875000000000305,1.1900000000000244
2016-12-09 06:55:00+00:00,2016-12-09 07:00:00+00:00,2016-12-09 07:15:00+00:00,SHORT,-2,-1,1,-1,-1,1.0613899999999998,1.0621899999999997,1.0601899999999997,1.0621999999999998,STOP,-1.0124999999999718,-0.8099999999999774
2016-12-12 08:55:00+00:00,2016-12-12 09:00:00+00:00,2016-12-12 09:05:00+00:00,SHORT,-2,1,-1,-1,-1,1.0567199999999999,1.0575199999999998,1.0555199999999998,1.0575299999999999,STOP,-1.0124999999999718,-0.8099999999999774
2016-12-13 05:55:00+00:00,2016-12-13 06:00:00+00:00,2016-12-13 07:05:00+00:00,LONG,2,1,1,1,-1,1.06338,1.06258,1.06458,1.06457,TARGET,1.4875000000000305,1.1900000000000244
2016-12-14 05:55:00+00:00,2016-12-14 06:00:00+00:00,2016-12-14 07:25:00+00:00,LONG,4,1,1,1,1,1.06444,1.0636400000000001,1.0656400000000001,1.06563,TARGET,1.4875000000000305,1.1900000000000244
2016-12-15 05:55:00+00:00,2016-12-15 06:00:00+00:00,2016-12-15 06:30:00+00:00,LONG,2,1,-1,1,1,1.0507,1.0499,1.0519,1.04989,STOP,-1.0124999999999718,-0.8099999999999774
2016-12-16 05:55:00+00:00,2016-12-16 06:00:00+00:00,2016-12-16 06:00:00+00:00,SHORT,-2,-1,-1,-1,1,1.04332,1.04412,1.04212,1.04413,STOP,-1.0124999999999718,-0.8099999999999774
2016-12-19 05:55:00+00:00,2016-12-19 06:00:00+00:00,2016-12-19 06:20:00+00:00,LONG,2,1,-1,1,1,1.04661,1.0458100000000001,1.0478100000000001,1.0458,STOP,-1.0124999999999718,-0.8099999999999774
2016-12-20 05:55:00+00:00,2016-12-20 06:00:00+00:00,2016-12-20 06:00:00+00:00,SHORT,-2,-1,1,-1,-1,1.0396699999999999,1.0404699999999998,1.0384699999999998,1.0384799999999998,TARGET,1.4875000000000305,1.1900000000000244
2016-12-21 05:55:00+00:00,2016-12-21 06:00:00+00:00,2016-12-21 06:50:00+00:00,SHORT,-2,-1,1,-1,-1,1.0404099999999998,1.0412099999999997,1.0392099999999997,1.0412199999999998,STOP,-1.0124999999999718,-0.8099999999999774
2016-12-22 05:55:00+00:00,2016-12-22 06:00:00+00:00,2016-12-22 07:00:00+00:00,LONG,2,1,1,1,-1,1.04376,1.04296,1.04496,1.04495,TARGET,1.4875000000000305,1.1900000000000244
2016-12-23 08:55:00+00:00,2016-12-23 09:00:00+00:00,2016-12-23 09:30:00+00:00,LONG,2,1,1,-1,1,1.0448300000000001,1.0440300000000002,1.0460300000000002,1.0460200000000002,TARGET,1.4875000000000305,1.1900000000000244
2016-12-26 07:55:00+00:00,2016-12-26 08:00:00+00:00,2016-12-26 09:30:00+00:00,SHORT,-2,-1,-1,-1,1,1.04582,1.0466199999999999,1.0446199999999999,1.04463,TARGET,1.4875000000000305,1.1900000000000244
2016-12-27 05:55:00+00:00,2016-12-27 06:00:00+00:00,2016-12-27 11:55:00+00:00,LONG,4,1,1,1,1,1.04458,1.0437800000000002,1.0457800000000002,1.04495,TIME,0.4624999999999768,0.36999999999998145
2016-12-28 05:55:00+00:00,2016-12-28 06:00:00+00:00,2016-12-28 07:00:00+00:00,LONG,2,1,-1,1,1,1.04786,1.04706,1.04906,1.04705,STOP,-1.0124999999999718,-0.8099999999999774
2016-12-29 07:55:00+00:00,2016-12-29 08:00:00+00:00,2016-12-29 09:05:00+00:00,SHORT,-2,-1,-1,1,-1,1.04515,1.04595,1.04395,1.04596,STOP,-1.0124999999999718,-0.8099999999999774
2016-12-30 06:55:00+00:00,2016-12-30 07:00:00+00:00,2016-12-30 07:15:00+00:00,SHORT,-2,-1,-1,1,-1,1.05263,1.0534299999999999,1.0514299999999999,1.05344,STOP,-1.0124999999999718,-0.8099999999999774
2017-01-02 07:55:00+00:00,2017-01-02 08:00:00+00:00,2017-01-02 08:55:00+00:00,SHORT,-4,-1,-1,-1,-1,1.05154,1.0523399999999998,1.0503399999999998,1.05035,TARGET,1.4875000000000305,1.1900000000000244
2017-01-03 05:55:00+00:00,2017-01-03 06:00:00+00:00,2017-01-03 07:05:00+00:00,SHORT,-2,-1,-1,-1,1,1.0482,1.049,1.047,1.04701,TARGET,1.4875000000000305,1.1900000000000244
2017-01-04 06:55:00+00:00,2017-01-04 07:00:00+00:00,2017-01-04 07:05:00+00:00,SHORT,-2,-1,1,-1,-1,1.04061,1.04141,1.03941,1.04142,STOP,-1.0124999999999718,-0.8099999999999774
2017-01-05 05:55:00+00:00,2017-01-05 06:00:00+00:00,2017-01-05 06:05:00+00:00,SHORT,-2,-1,1,-1,-1,1.05413,1.05493,1.05293,1.05494,STOP,-1.0124999999999718,-0.8099999999999774
2017-01-06 05:55:00+00:00,2017-01-06 06:00:00+00:00,2017-01-06 07:10:00+00:00,LONG,4,1,1,1,1,1.05828,1.0574800000000002,1.0594800000000002,1.0574700000000001,STOP,-1.0124999999999718,-0.8099999999999774
2017-01-09 07:55:00+00:00,2017-01-09 08:00:00+00:00,2017-01-09 08:25:00+00:00,LONG,2,-1,1,1,1,1.05375,1.05295,1.05495,1.05494,TARGET,1.4875000000000305,1.1900000000000244
2017-01-10 06:55:00+00:00,2017-01-10 07:00:00+00:00,2017-01-10 07:05:00+00:00,SHORT,-2,-1,1,-1,-1,1.05951,1.0603099999999999,1.0583099999999999,1.06032,STOP,-1.0124999999999718,-0.8099999999999774
2017-01-11 06:55:00+00:00,2017-01-11 07:00:00+00:00,2017-01-11 07:45:00+00:00,LONG,2,1,-1,1,1,1.05627,1.0554700000000001,1.0574700000000001,1.05546,STOP,-1.0124999999999718,-0.8099999999999774
2017-01-12 05:55:00+00:00,2017-01-12 06:00:00+00:00,2017-01-12 06:35:00+00:00,LONG,2,1,-1,1,1,1.06116,1.0603600000000002,1.0623600000000002,1.0623500000000001,TARGET,1.4875000000000305,1.1900000000000244
2017-01-13 06:55:00+00:00,2017-01-13 07:00:00+00:00,2017-01-13 08:05:00+00:00,LONG,2,1,-1,1,1,1.0629600000000001,1.0621600000000002,1.0641600000000002,1.0641500000000002,TARGET,1.4875000000000305,1.1900000000000244
2017-01-16 06:55:00+00:00,2017-01-16 07:00:00+00:00,2017-01-16 07:30:00+00:00,SHORT,-4,-1,-1,-1,-1,1.06178,1.0625799999999999,1.0605799999999999,1.06059,TARGET,1.4875000000000305,1.1900000000000244
2017-01-17 07:55:00+00:00,2017-01-17 08:00:00+00:00,2017-01-17 08:05:00+00:00,LONG,2,1,1,-1,1,1.06548,1.06468,1.06668,1.06667,TARGET,1.4875000000000305,1.1900000000000244
2017-01-18 06:55:00+00:00,2017-01-18 07:00:00+00:00,2017-01-18 08:05:00+00:00,SHORT,-4,-1,-1,-1,-1,1.06801,1.0688099999999998,1.0668099999999998,1.0688199999999999,STOP,-1.0124999999999718,-0.8099999999999774
2017-01-19 05:55:00+00:00,2017-01-19 06:00:00+00:00,2017-01-19 08:15:00+00:00,LONG,2,1,-1,1,1,1.06393,1.0631300000000001,1.0651300000000001,1.06512,TARGET,1.4875000000000305,1.1900000000000244
2017-01-20 05:55:00+00:00,2017-01-20 06:00:00+00:00,2017-01-20 06:10:00+00:00,SHORT,-2,-1,-1,-1,1,1.06725,1.06805,1.06605,1.06806,STOP,-1.0124999999999718,-0.8099999999999774
2017-01-23 05:55:00+00:00,2017-01-23 06:00:00+00:00,2017-01-23 06:55:00+00:00,LONG,2,1,-1,1,1,1.07485,1.0740500000000002,1.0760500000000002,1.07404,STOP,-1.0124999999999718,-0.8099999999999774
2017-01-24 06:55:00+00:00,2017-01-24 07:00:00+00:00,2017-01-24 07:25:00+00:00,SHORT,-4,-1,-1,-1,-1,1.07409,1.07489,1.07289,1.0749,STOP,-1.0124999999999718,-0.8099999999999774
2017-01-25 06:55:00+00:00,2017-01-25 07:00:00+00:00,2017-01-25 08:15:00+00:00,SHORT,-2,-1,-1,1,-1,1.0721399999999999,1.0729399999999998,1.0709399999999998,1.0729499999999998,STOP,-1.0124999999999718,-0.8099999999999774
2017-01-26 07:55:00+00:00,2017-01-26 08:00:00+00:00,2017-01-26 08:20:00+00:00,SHORT,-4,-1,-1,-1,-1,1.07307,1.0738699999999999,1.0718699999999999,1.07388,STOP,-1.0124999999999718,-0.8099999999999774
2017-01-27 07:55:00+00:00,2017-01-27 08:00:00+00:00,2017-01-27 09:05:00+00:00,LONG,4,1,1,1,1,1.06743,1.0666300000000002,1.0686300000000002,1.0686200000000001,TARGET,1.4875000000000305,1.1900000000000244
2017-01-30 05:55:00+00:00,2017-01-30 06:00:00+00:00,2017-01-30 07:35:00+00:00,SHORT,-2,-1,1,-1,-1,1.07239,1.0731899999999999,1.0711899999999999,1.0712,TARGET,1.4875000000000305,1.1900000000000244
2017-01-31 07:55:00+00:00,2017-01-31 08:00:00+00:00,2017-01-31 08:00:00+00:00,LONG,4,1,1,1,1,1.07,1.0692000000000002,1.0712000000000002,1.07119,TARGET,1.4875000000000305,1.1900000000000244
2017-02-01 06:55:00+00:00,2017-02-01 07:00:00+00:00,2017-02-01 07:35:00+00:00,SHORT,-2,-1,-1,1,-1,1.07792,1.07872,1.07672,1.07873,STOP,-1.0124999999999718,-0.8099999999999774
2017-02-02 06:55:00+00:00,2017-02-02 07:00:00+00:00,2017-02-02 07:20:00+00:00,SHORT,-2,-1,1,-1,-1,1.07818,1.0789799999999998,1.0769799999999998,1.07899,STOP,-1.0124999999999718,-0.8099999999999774
2017-02-03 05:55:00+00:00,2017-02-03 06:00:00+00:00,2017-02-03 06:25:00+00:00,LONG,2,1,-1,1,1,1.0758,1.0750000000000002,1.0770000000000002,1.0749900000000001,STOP,-1.0124999999999718,-0.8099999999999774
2017-02-06 09:55:00+00:00,2017-02-06 10:00:00+00:00,2017-02-06 10:05:00+00:00,LONG,4,1,1,1,1,1.07468,1.0738800000000002,1.0758800000000002,1.07387,STOP,-1.0124999999999718,-0.8099999999999774
2017-02-07 06:55:00+00:00,2017-02-07 07:00:00+00:00,2017-02-07 07:15:00+00:00,LONG,2,1,-1,1,1,1.06938,1.06858,1.07058,1.06857,STOP,-1.0124999999999718,-0.8099999999999774
2017-02-08 05:55:00+00:00,2017-02-08 06:00:00+00:00,2017-02-08 07:10:00+00:00,SHORT,-4,-1,-1,-1,-1,1.06767,1.0684699999999998,1.0664699999999998,1.0664799999999999,TARGET,1.4875000000000305,1.1900000000000244
2017-02-09 05:55:00+00:00,2017-02-09 06:00:00+00:00,2017-02-09 06:55:00+00:00,LONG,2,1,-1,1,1,1.0681,1.0673000000000001,1.0693000000000001,1.06729,STOP,-1.0124999999999718,-0.8099999999999774
2017-02-10 05:55:00+00:00,2017-02-10 06:00:00+00:00,2017-02-10 07:00:00+00:00,SHORT,-3,-1,-1,-1,0,1.06528,1.06608,1.06408,1.06609,STOP,-1.0124999999999718,-0.8099999999999774
2017-02-13 05:55:00+00:00,2017-02-13 06:00:00+00:00,2017-02-13 07:20:00+00:00,LONG,2,1,-1,1,1,1.0628600000000001,1.0620600000000002,1.0640600000000002,1.0640500000000002,TARGET,1.4875000000000305,1.1900000000000244
2017-02-14 06:55:00+00:00,2017-02-14 07:00:00+00:00,2017-02-14 07:10:00+00:00,LONG,2,1,-1,1,1,1.06227,1.0614700000000001,1.0634700000000001,1.06146,STOP,-1.0124999999999718,-0.8099999999999774
2017-02-15 06:55:00+00:00,2017-02-15 07:00:00+00:00,2017-02-15 08:05:00+00:00,SHORT,-2,-1,1,-1,-1,1.05798,1.0587799999999998,1.0567799999999998,1.05679,TARGET,1.4875000000000305,1.1900000000000244
2017-02-16 09:55:00+00:00,2017-02-16 10:00:00+00:00,2017-02-16 10:05:00+00:00,LONG,2,-1,1,1,1,1.06397,1.0631700000000002,1.0651700000000002,1.06316,STOP,-1.0124999999999718,-0.8099999999999774
2017-02-17 07:55:00+00:00,2017-02-17 08:00:00+00:00,2017-02-17 08:25:00+00:00,SHORT,-2,-1,-1,1,-1,1.0655,1.0662999999999998,1.0642999999999998,1.0643099999999999,TARGET,1.4875000000000305,1.1900000000000244
2017-02-20 06:55:00+00:00,2017-02-20 07:00:00+00:00,2017-02-20 09:00:00+00:00,LONG,4,1,1,1,1,1.06153,1.0607300000000002,1.0627300000000002,1.06272,TARGET,1.4875000000000305,1.1900000000000244
2017-02-21 08:55:00+00:00,2017-02-21 09:00:00+00:00,2017-02-21 09:10:00+00:00,LONG,4,1,1,1,1,1.05655,1.0557500000000002,1.0577500000000002,1.0557400000000001,STOP,-1.0124999999999718,-0.8099999999999774
2017-02-22 05:55:00+00:00,2017-02-22 06:00:00+00:00,2017-02-22 06:15:00+00:00,LONG,2,1,-1,1,1,1.0544600000000002,1.0536600000000003,1.0556600000000003,1.0536500000000002,STOP,-1.0124999999999718,-0.8099999999999774
2017-02-23 05:55:00+00:00,2017-02-23 06:00:00+00:00,2017-02-23 06:30:00+00:00,SHORT,-2,-1,1,-1,-1,1.05657,1.05737,1.05537,1.05538,TARGET,1.4875000000000305,1.1900000000000244
2017-02-24 06:55:00+00:00,2017-02-24 07:00:00+00:00,2017-02-24 08:15:00+00:00,LONG,2,1,1,-1,1,1.05892,1.0581200000000002,1.0601200000000002,1.06011,TARGET,1.4875000000000305,1.1900000000000244
2017-02-27 07:55:00+00:00,2017-02-27 08:00:00+00:00,2017-02-27 08:30:00+00:00,LONG,2,1,1,-1,1,1.0581800000000001,1.0573800000000002,1.0593800000000002,1.0573700000000001,STOP,-1.0124999999999718,-0.8099999999999774
2017-02-28 05:55:00+00:00,2017-02-28 06:00:00+00:00,2017-02-28 07:40:00+00:00,LONG,2,1,1,-1,1,1.05945,1.05865,1.06065,1.05864,STOP,-1.0124999999999718,-0.8099999999999774
2017-03-01 06:55:00+00:00,2017-03-01 07:00:00+00:00,2017-03-01 07:00:00+00:00,LONG,2,-1,1,1,1,1.05579,1.05499,1.05699,1.05498,STOP,-1.0124999999999718,-0.8099999999999774
2017-03-03 06:55:00+00:00,2017-03-03 07:00:00+00:00,2017-03-03 07:45:00+00:00,LONG,4,1,1,1,1,1.05263,1.05183,1.05383,1.05182,STOP,-1.0124999999999718,-0.8099999999999774
2017-03-06 05:55:00+00:00,2017-03-06 06:00:00+00:00,2017-03-06 06:40:00+00:00,LONG,2,1,1,-1,1,1.0604200000000001,1.0596200000000002,1.0616200000000002,1.0596100000000002,STOP,-1.0124999999999718,-0.8099999999999774
2017-03-07 09:55:00+00:00,2017-03-07 10:00:00+00:00,2017-03-07 10:40:00+00:00,SHORT,-4,-1,-1,-1,-1,1.05632,1.0571199999999998,1.0551199999999998,1.05713,STOP,-1.0124999999999718,-0.8099999999999774
2017-03-08 06:55:00+00:00,2017-03-08 07:00:00+00:00,2017-03-08 08:25:00+00:00,SHORT,-2,1,-1,-1,-1,1.05653,1.0573299999999999,1.0553299999999999,1.05534,TARGET,1.4875000000000305,1.1900000000000244
2017-03-09 05:55:00+00:00,2017-03-09 06:00:00+00:00,2017-03-09 07:30:00+00:00,LONG,4,1,1,1,1,1.0533000000000001,1.0525000000000002,1.0545000000000002,1.0524900000000001,STOP,-1.0124999999999718,-0.8099999999999774
2017-03-10 06:55:00+00:00,2017-03-10 07:00:00+00:00,2017-03-10 07:50:00+00:00,SHORT,-2,-1,-1,1,-1,1.0590199999999999,1.0598199999999998,1.0578199999999998,1.0598299999999998,STOP,-1.0124999999999718,-0.8099999999999774
2017-03-13 05:55:00+00:00,2017-03-13 06:00:00+00:00,2017-03-13 06:30:00+00:00,SHORT,-4,-1,-1,-1,-1,1.06976,1.07056,1.06856,1.07057,STOP,-1.0124999999999718,-0.8099999999999774
2017-03-14 05:55:00+00:00,2017-03-14 06:00:00+00:00,2017-03-14 06:10:00+00:00,LONG,2,1,1,-1,1,1.0659800000000001,1.0651800000000002,1.0671800000000002,1.0651700000000002,STOP,-1.0124999999999718,-0.8099999999999774
2017-03-15 06:55:00+00:00,2017-03-15 07:00:00+00:00,2017-03-15 07:35:00+00:00,SHORT,-2,1,-1,-1,-1,1.06279,1.0635899999999998,1.0615899999999998,1.0635999999999999,STOP,-1.0124999999999718,-0.8099999999999774
2017-03-16 06:55:00+00:00,2017-03-16 07:00:00+00:00,2017-03-16 07:00:00+00:00,SHORT,-2,-1,-1,1,-1,1.0728,1.0735999999999999,1.0715999999999999,1.07361,STOP,-1.0124999999999718,-0.8099999999999774
2017-03-17 05:55:00+00:00,2017-03-17 06:00:00+00:00,2017-03-17 07:25:00+00:00,LONG,4,1,1,1,1,1.07717,1.07637,1.07837,1.07636,STOP,-1.0124999999999718,-0.8099999999999774
2017-03-20 05:55:00+00:00,2017-03-20 06:00:00+00:00,2017-03-20 07:20:00+00:00,LONG,2,1,1,1,-1,1.07648,1.0756800000000002,1.0776800000000002,1.0776700000000001,TARGET,1.4875000000000305,1.1900000000000244
2017-03-21 05:55:00+00:00,2017-03-21 06:00:00+00:00,2017-03-21 06:25:00+00:00,SHORT,-2,1,-1,-1,-1,1.07603,1.07683,1.07483,1.07684,STOP,-1.0124999999999718,-0.8099999999999774
2017-03-22 12:55:00+00:00,2017-03-22 13:00:00+00:00,2017-03-22 13:40:00+00:00,LONG,4,1,1,1,1,1.08044,1.0796400000000002,1.0816400000000002,1.07963,STOP,-1.0124999999999718,-0.8099999999999774
2017-03-23 05:55:00+00:00,2017-03-23 06:00:00+00:00,2017-03-23 06:30:00+00:00,SHORT,-3,-1,0,-1,-1,1.07899,1.0797899999999998,1.0777899999999998,1.0797999999999999,STOP,-1.0124999999999718,-0.8099999999999774
2017-03-24 06:55:00+00:00,2017-03-24 07:00:00+00:00,2017-03-24 07:25:00+00:00,SHORT,-2,-1,-1,-1,1,1.07632,1.0771199999999999,1.0751199999999999,1.07713,STOP,-1.0124999999999718,-0.8099999999999774
2017-03-27 06:55:00+00:00,2017-03-27 07:00:00+00:00,2017-03-27 09:05:00+00:00,LONG,2,1,1,-1,1,1.0863500000000001,1.0855500000000002,1.0875500000000002,1.0855400000000002,STOP,-1.0124999999999718,-0.8099999999999774
2017-03-28 08:55:00+00:00,2017-03-28 09:00:00+00:00,2017-03-28 11:00:00+00:00,LONG,4,1,1,1,1,1.08592,1.08512,1.08712,1.08511,STOP,-1.0124999999999718,-0.8099999999999774
2017-03-29 05:55:00+00:00,2017-03-29 06:00:00+00:00,2017-03-29 06:00:00+00:00,LONG,2,1,1,1,-1,1.08132,1.0805200000000001,1.0825200000000001,1.08051,STOP,-1.0124999999999718,-0.8099999999999774
2017-03-30 07:55:00+00:00,2017-03-30 08:00:00+00:00,2017-03-30 11:15:00+00:00,SHORT,-4,-1,-1,-1,-1,1.07367,1.0744699999999998,1.0724699999999998,1.0744799999999999,STOP,-1.0124999999999718,-0.8099999999999774
2017-03-31 10:55:00+00:00,2017-03-31 11:00:00+00:00,2017-03-31 12:55:00+00:00,LONG,4,1,1,1,1,1.0681500000000002,1.0673500000000002,1.0693500000000002,1.0673400000000002,STOP,-1.0124999999999718,-0.8099999999999774
2017-04-03 06:55:00+00:00,2017-04-03 07:00:00+00:00,2017-04-03 07:40:00+00:00,LONG,2,1,1,-1,1,1.06708,1.0662800000000001,1.0682800000000001,1.06627,STOP,-1.0124999999999718,-0.8099999999999774
2017-04-04 05:55:00+00:00,2017-04-04 06:00:00+00:00,2017-04-04 07:15:00+00:00,SHORT,-2,-1,1,-1,-1,1.0664399999999998,1.0672399999999997,1.0652399999999997,1.0652499999999998,TARGET,1.4875000000000305,1.1900000000000244
2017-04-05 06:55:00+00:00,2017-04-05 07:00:00+00:00,2017-04-05 08:15:00+00:00,LONG,2,1,1,1,-1,1.0678800000000002,1.0670800000000003,1.0690800000000003,1.0670700000000002,STOP,-1.0124999999999718,-0.8099999999999774
2017-04-06 07:55:00+00:00,2017-04-06 08:00:00+00:00,2017-04-06 08:55:00+00:00,LONG,2,1,1,1,-1,1.06465,1.0638500000000002,1.0658500000000002,1.0658400000000001,TARGET,1.4875000000000305,1.1900000000000244
2017-04-07 05:55:00+00:00,2017-04-07 06:00:00+00:00,2017-04-07 07:00:00+00:00,LONG,2,1,-1,1,1,1.06532,1.0645200000000001,1.0665200000000001,1.06451,STOP,-1.0124999999999718,-0.8099999999999774
2017-04-10 07:55:00+00:00,2017-04-10 08:00:00+00:00,2017-04-10 08:25:00+00:00,LONG,4,1,1,1,1,1.05872,1.0579200000000002,1.0599200000000002,1.0579100000000001,STOP,-1.0124999999999718,-0.8099999999999774
2017-04-11 07:55:00+00:00,2017-04-11 08:00:00+00:00,2017-04-11 08:25:00+00:00,SHORT,-2,1,-1,-1,-1,1.0589899999999999,1.0597899999999998,1.0577899999999998,1.0597999999999999,STOP,-1.0124999999999718,-0.8099999999999774
2017-04-12 09:55:00+00:00,2017-04-12 10:00:00+00:00,2017-04-12 13:40:00+00:00,SHORT,-2,-1,-1,-1,1,1.06052,1.0613199999999998,1.0593199999999998,1.0613299999999999,STOP,-1.0124999999999718,-0.8099999999999774
2017-04-13 06:55:00+00:00,2017-04-13 07:00:00+00:00,2017-04-13 08:45:00+00:00,SHORT,-4,-1,-1,-1,-1,1.06521,1.06601,1.06401,1.06402,TARGET,1.4875000000000305,1.1900000000000244
2017-04-14 06:55:00+00:00,2017-04-14 07:00:00+00:00,2017-04-14 12:25:00+00:00,LONG,4,1,1,1,1,1.06172,1.06092,1.06292,1.06091,STOP,-1.0124999999999718,-0.8099999999999774
2017-04-17 09:55:00+00:00,2017-04-17 10:00:00+00:00,2017-04-17 11:20:00+00:00,LONG,4,1,1,1,1,1.06255,1.0617500000000002,1.0637500000000002,1.0637400000000001,TARGET,1.4875000000000305,1.1900000000000244
2017-04-18 05:55:00+00:00,2017-04-18 06:00:00+00:00,2017-04-18 10:40:00+00:00,LONG,2,1,1,1,-1,1.06481,1.0640100000000001,1.0660100000000001,1.066,TARGET,1.4875000000000305,1.1900000000000244
2017-04-19 09:55:00+00:00,2017-04-19 10:00:00+00:00,2017-04-19 13:35:00+00:00,LONG,2,1,1,1,-1,1.0722200000000002,1.0714200000000003,1.0734200000000003,1.0714100000000002,STOP,-1.0124999999999718,-0.8099999999999774
2017-04-20 06:55:00+00:00,2017-04-20 07:00:00+00:00,2017-04-20 08:05:00+00:00,LONG,4,1,1,1,1,1.07414,1.0733400000000002,1.0753400000000002,1.0753300000000001,TARGET,1.4875000000000305,1.1900000000000244
2017-04-21 05:55:00+00:00,2017-04-21 06:00:00+00:00,2017-04-21 06:40:00+00:00,SHORT,-2,-1,1,-1,-1,1.0714599999999999,1.0722599999999998,1.0702599999999998,1.0722699999999998,STOP,-1.0124999999999718,-0.8099999999999774
2017-04-24 05:55:00+00:00,2017-04-24 06:00:00+00:00,2017-04-24 06:25:00+00:00,LONG,2,1,1,-1,1,1.08685,1.0860500000000002,1.0880500000000002,1.0860400000000001,STOP,-1.0124999999999718,-0.8099999999999774
2017-04-25 06:55:00+00:00,2017-04-25 07:00:00+00:00,2017-04-25 09:00:00+00:00,LONG,2,1,1,1,-1,1.08827,1.0874700000000002,1.0894700000000002,1.08946,TARGET,1.4875000000000305,1.1900000000000244
2017-04-26 06:55:00+00:00,2017-04-26 07:00:00+00:00,2017-04-26 07:05:00+00:00,SHORT,-4,-1,-1,-1,-1,1.09246,1.09326,1.09126,1.09327,STOP,-1.0124999999999718,-0.8099999999999774
2017-04-27 05:55:00+00:00,2017-04-27 06:00:00+00:00,2017-04-27 07:00:00+00:00,SHORT,-2,-1,-1,1,-1,1.08999,1.09079,1.08879,1.0908,STOP,-1.0124999999999718,-0.8099999999999774
2017-04-28 05:55:00+00:00,2017-04-28 06:00:00+00:00,2017-04-28 06:10:00+00:00,SHORT,-2,-1,-1,-1,1,1.0862399999999999,1.0870399999999998,1.0850399999999998,1.0870499999999998,STOP,-1.0124999999999718,-0.8099999999999774
2017-05-01 10:55:00+00:00,2017-05-01 11:00:00+00:00,2017-05-01 12:10:00+00:00,SHORT,-2,1,-1,-1,-1,1.08985,1.09065,1.08865,1.09066,STOP,-1.0124999999999718,-0.8099999999999774
2017-05-02 07:55:00+00:00,2017-05-02 08:00:00+00:00,2017-05-02 08:30:00+00:00,SHORT,-2,-1,1,-1,-1,1.09073,1.09153,1.0895299999999999,1.09154,STOP,-1.0124999999999718,-0.8099999999999774
2017-05-03 07:55:00+00:00,2017-05-03 08:00:00+00:00,2017-05-03 09:20:00+00:00,SHORT,-2,-1,-1,-1,1,1.09188,1.0926799999999999,1.0906799999999999,1.09069,TARGET,1.4875000000000305,1.1900000000000244
2017-05-04 05:55:00+00:00,2017-05-04 06:00:00+00:00,2017-05-04 06:35:00+00:00,SHORT,-2,-1,-1,-1,1,1.0893199999999998,1.0901199999999998,1.0881199999999998,1.0881299999999998,TARGET,1.4875000000000305,1.1900000000000244
2017-05-05 05:55:00+00:00,2017-05-05 06:00:00+00:00,2017-05-05 07:25:00+00:00,SHORT,-2,-1,-1,1,-1,1.09787,1.0986699999999998,1.0966699999999998,1.0966799999999999,TARGET,1.4875000000000305,1.1900000000000244
2017-05-08 05:55:00+00:00,2017-05-08 06:00:00+00:00,2017-05-08 06:05:00+00:00,LONG,4,1,1,1,1,1.09945,1.0986500000000001,1.1006500000000001,1.09864,STOP,-1.0124999999999718,-0.8099999999999774
2017-05-09 05:55:00+00:00,2017-05-09 06:00:00+00:00,2017-05-09 06:20:00+00:00,SHORT,-2,-1,-1,1,-1,1.09232,1.0931199999999999,1.0911199999999999,1.09113,TARGET,1.4875000000000305,1.1900000000000244
2017-05-10 05:55:00+00:00,2017-05-10 06:00:00+00:00,2017-05-10 06:25:00+00:00,LONG,4,1,1,1,1,1.0892000000000002,1.0884000000000003,1.0904000000000003,1.0883900000000002,STOP,-1.0124999999999718,-0.8099999999999774
2017-05-11 05:55:00+00:00,2017-05-11 06:00:00+00:00,2017-05-11 07:45:00+00:00,LONG,4,1,1,1,1,1.08758,1.08678,1.08878,1.08877,TARGET,1.4875000000000305,1.1900000000000244
2017-05-12 06:55:00+00:00,2017-05-12 07:00:00+00:00,2017-05-12 07:10:00+00:00,SHORT,-3,-1,-1,-1,0,1.08596,1.08676,1.08476,1.08677,STOP,-1.0124999999999718,-0.8099999999999774
2017-05-15 05:55:00+00:00,2017-05-15 06:00:00+00:00,2017-05-15 06:05:00+00:00,SHORT,-2,-1,-1,-1,1,1.0929,1.0937,1.0917,1.09371,STOP,-1.0124999999999718,-0.8099999999999774
2017-05-16 05:55:00+00:00,2017-05-16 06:00:00+00:00,2017-05-16 06:10:00+00:00,SHORT,-4,-1,-1,-1,-1,1.0992,1.0999999999999999,1.0979999999999999,1.10001,STOP,-1.0124999999999718,-0.8099999999999774
2017-05-17 06:55:00+00:00,2017-05-17 07:00:00+00:00,2017-05-17 07:05:00+00:00,SHORT,-4,-1,-1,-1,-1,1.11083,1.11163,1.10963,1.11164,STOP,-1.0124999999999718,-0.8099999999999774
2017-05-18 06:55:00+00:00,2017-05-18 07:00:00+00:00,2017-05-18 07:00:00+00:00,SHORT,-2,-1,1,-1,-1,1.11302,1.1138199999999998,1.1118199999999998,1.1138299999999999,STOP,-1.0124999999999718,-0.8099999999999774
2017-05-19 06:55:00+00:00,2017-05-19 07:00:00+00:00,2017-05-19 07:10:00+00:00,SHORT,-2,-1,1,-1,-1,1.11225,1.1130499999999999,1.1110499999999999,1.11306,STOP,-1.0124999999999718,-0.8099999999999774
2017-05-22 05:55:00+00:00,2017-05-22 06:00:00+00:00,2017-05-22 06:50:00+00:00,LONG,2,1,1,1,-1,1.1194000000000002,1.1186000000000003,1.1206000000000003,1.1185900000000002,STOP,-1.0124999999999718,-0.8099999999999774
2017-05-23 07:55:00+00:00,2017-05-23 08:00:00+00:00,2017-05-23 09:35:00+00:00,SHORT,-4,-1,-1,-1,-1,1.12527,1.12607,1.12407,1.12608,STOP,-1.0124999999999718,-0.8099999999999774
2017-05-24 06:55:00+00:00,2017-05-24 07:00:00+00:00,2017-05-24 08:10:00+00:00,SHORT,-2,-1,1,-1,-1,1.11778,1.11858,1.11658,1.11859,STOP,-1.0124999999999718,-0.8099999999999774
2017-05-25 05:55:00+00:00,2017-05-25 06:00:00+00:00,2017-05-25 06:15:00+00:00,LONG,4,1,1,1,1,1.1243800000000002,1.1235800000000002,1.1255800000000002,1.1235700000000002,STOP,-1.0124999999999718,-0.8099999999999774
2017-05-26 05:55:00+00:00,2017-05-26 06:00:00+00:00,2017-05-26 06:05:00+00:00,SHORT,-2,-1,-1,-1,1,1.11947,1.1202699999999999,1.1182699999999999,1.12028,STOP,-1.0124999999999718,-0.8099999999999774
2017-05-29 05:55:00+00:00,2017-05-29 06:00:00+00:00,2017-05-29 06:30:00+00:00,SHORT,-2,-1,-1,1,-1,1.11652,1.1173199999999999,1.1153199999999999,1.11733,STOP,-1.0124999999999718,-0.8099999999999774
2017-05-30 05:55:00+00:00,2017-05-30 06:00:00+00:00,2017-05-30 06:05:00+00:00,SHORT,-2,-1,-1,-1,1,1.1116,1.1123999999999998,1.1103999999999998,1.11241,STOP,-1.0124999999999718,-0.8099999999999774
2017-05-31 07:55:00+00:00,2017-05-31 08:00:00+00:00,2017-05-31 08:35:00+00:00,SHORT,-2,-1,-1,1,-1,1.11846,1.11926,1.11726,1.11727,TARGET,1.4875000000000305,1.1900000000000244
2017-06-01 06:55:00+00:00,2017-06-01 07:00:00+00:00,2017-06-01 07:10:00+00:00,LONG,2,1,-1,1,1,1.1244,1.1236000000000002,1.1256000000000002,1.12359,STOP,-1.0124999999999718,-0.8099999999999774
2017-06-02 05:55:00+00:00,2017-06-02 06:00:00+00:00,2017-06-02 07:35:00+00:00,SHORT,-2,-1,-1,-1,1,1.12173,1.1225299999999998,1.1205299999999998,1.1225399999999999,STOP,-1.0124999999999718,-0.8099999999999774
2017-06-05 05:55:00+00:00,2017-06-05 06:00:00+00:00,2017-06-05 07:10:00+00:00,LONG,2,-1,1,1,1,1.1265,1.1257000000000001,1.1277000000000001,1.12769,TARGET,1.4875000000000305,1.1900000000000244
2017-06-06 11:55:00+00:00,2017-06-06 12:00:00+00:00,2017-06-06 12:10:00+00:00,SHORT,-4,-1,-1,-1,-1,1.12485,1.1256499999999998,1.1236499999999998,1.1256599999999999,STOP,-1.0124999999999718,-0.8099999999999774
2017-06-07 06:55:00+00:00,2017-06-07 07:00:00+00:00,2017-06-07 07:15:00+00:00,SHORT,-4,-1,-1,-1,-1,1.1272199999999999,1.1280199999999998,1.1260199999999998,1.1260299999999999,TARGET,1.4875000000000305,1.1900000000000244
2017-06-08 05:55:00+00:00,2017-06-08 06:00:00+00:00,2017-06-08 06:50:00+00:00,LONG,2,1,-1,1,1,1.12637,1.1255700000000002,1.1275700000000002,1.1255600000000001,STOP,-1.0124999999999718,-0.8099999999999774
2017-06-09 05:55:00+00:00,2017-06-09 06:00:00+00:00,2017-06-09 06:00:00+00:00,SHORT,-2,1,-1,-1,-1,1.12034,1.1211399999999998,1.1191399999999998,1.1191499999999999,TARGET,1.4875000000000305,1.1900000000000244
2017-06-12 05:55:00+00:00,2017-06-12 06:00:00+00:00,2017-06-12 07:05:00+00:00,LONG,2,-1,1,1,1,1.1212900000000001,1.1204900000000002,1.1224900000000002,1.1204800000000001,STOP,-1.0124999999999718,-0.8099999999999774
2017-06-13 05:55:00+00:00,2017-06-13 06:00:00+00:00,2017-06-13 06:25:00+00:00,SHORT,-2,-1,-1,1,-1,1.11873,1.11953,1.11753,1.11954,STOP,-1.0124999999999718,-0.8099999999999774
2017-06-14 07:55:00+00:00,2017-06-14 08:00:00+00:00,2017-06-14 12:30:00+00:00,SHORT,-2,1,-1,-1,-1,1.12089,1.1216899999999999,1.1196899999999999,1.1217,STOP,-1.0124999999999718,-0.8099999999999774
2017-06-15 06:55:00+00:00,2017-06-15 07:00:00+00:00,2017-06-15 07:10:00+00:00,SHORT,-2,1,-1,-1,-1,1.1211799999999998,1.1219799999999998,1.1199799999999998,1.1199899999999998,TARGET,1.4875000000000305,1.1900000000000244
2017-06-16 09:55:00+00:00,2017-06-16 10:00:00+00:00,2017-06-16 10:30:00+00:00,SHORT,-2,1,-1,-1,-1,1.117,1.1178,1.1158,1.11781,STOP,-1.0124999999999718,-0.8099999999999774
2017-06-19 10:55:00+00:00,2017-06-19 11:00:00+00:00,2017-06-19 11:35:00+00:00,LONG,2,-1,1,1,1,1.1206800000000001,1.1198800000000002,1.1218800000000002,1.1198700000000001,STOP,-1.0124999999999718,-0.8099999999999774
2017-06-20 06:55:00+00:00,2017-06-20 07:00:00+00:00,2017-06-20 07:55:00+00:00,SHORT,-4,-1,-1,-1,-1,1.1152499999999999,1.1160499999999998,1.1140499999999998,1.1160599999999998,STOP,-1.0124999999999718,-0.8099999999999774
2017-06-21 06:55:00+00:00,2017-06-21 07:00:00+00:00,2017-06-21 08:55:00+00:00,SHORT,-4,-1,-1,-1,-1,1.11311,1.11391,1.11191,1.11392,STOP,-1.0124999999999718,-0.8099999999999774
2017-06-22 05:55:00+00:00,2017-06-22 06:00:00+00:00,2017-06-22 06:35:00+00:00,LONG,2,1,-1,1,1,1.11764,1.11684,1.11884,1.11683,STOP,-1.0124999999999718,-0.8099999999999774
2017-06-23 07:55:00+00:00,2017-06-23 08:00:00+00:00,2017-06-23 09:10:00+00:00,LONG,2,1,1,1,-1,1.11761,1.11681,1.11881,1.1168,STOP,-1.0124999999999718,-0.8099999999999774
2017-06-26 06:55:00+00:00,2017-06-26 07:00:00+00:00,2017-06-26 07:05:00+00:00,LONG,2,1,1,-1,1,1.11918,1.1183800000000002,1.1203800000000002,1.12037,TARGET,1.4875000000000305,1.1900000000000244
2017-06-27 09:55:00+00:00,2017-06-27 10:00:00+00:00,2017-06-27 10:50:00+00:00,SHORT,-4,-1,-1,-1,-1,1.1254,1.1261999999999999,1.1241999999999999,1.12621,STOP,-1.0124999999999718,-0.8099999999999774
2017-06-28 06:55:00+00:00,2017-06-28 07:00:00+00:00,2017-06-28 07:00:00+00:00,SHORT,-2,-1,-1,-1,1,1.1352799999999998,1.1360799999999998,1.1340799999999998,1.1360899999999998,STOP,-1.0124999999999718,-0.8099999999999774
2017-06-29 05:55:00+00:00,2017-06-29 06:00:00+00:00,2017-06-29 06:25:00+00:00,LONG,4,1,1,1,1,1.1407800000000001,1.1399800000000002,1.1419800000000002,1.1399700000000001,STOP,-1.0124999999999718,-0.8099999999999774
2017-06-30 05:55:00+00:00,2017-06-30 06:00:00+00:00,2017-06-30 06:30:00+00:00,SHORT,-4,-1,-1,-1,-1,1.14297,1.14377,1.14177,1.14378,STOP,-1.0124999999999718,-0.8099999999999774
2017-07-03 05:55:00+00:00,2017-07-03 06:00:00+00:00,2017-07-03 07:30:00+00:00,SHORT,-4,-1,-1,-1,-1,1.14076,1.14156,1.13956,1.13957,TARGET,1.4875000000000305,1.1900000000000244
2017-07-04 06:55:00+00:00,2017-07-04 07:00:00+00:00,2017-07-04 07:10:00+00:00,LONG,4,1,1,1,1,1.13728,1.1364800000000002,1.1384800000000002,1.13647,STOP,-1.0124999999999718,-0.8099999999999774
2017-07-05 05:55:00+00:00,2017-07-05 06:00:00+00:00,2017-07-05 06:35:00+00:00,LONG,2,1,-1,1,1,1.13535,1.1345500000000002,1.1365500000000002,1.13654,TARGET,1.4875000000000305,1.1900000000000244
2017-07-06 06:55:00+00:00,2017-07-06 07:00:00+00:00,2017-07-06 07:05:00+00:00,LONG,3,1,0,1,1,1.1342,1.1334000000000002,1.1354000000000002,1.1353900000000001,TARGET,1.4875000000000305,1.1900000000000244
2017-07-07 08:55:00+00:00,2017-07-07 09:00:00+00:00,2017-07-07 09:50:00+00:00,LONG,2,1,1,1,-1,1.14222,1.14142,1.14342,1.14141,STOP,-1.0124999999999718,-0.8099999999999774
2017-07-10 05:55:00+00:00,2017-07-10 06:00:00+00:00,2017-07-10 06:15:00+00:00,LONG,2,1,1,1,-1,1.1409500000000001,1.1401500000000002,1.1421500000000002,1.1401400000000002,STOP,-1.0124999999999718,-0.8099999999999774
2017-07-11 06:55:00+00:00,2017-07-11 07:00:00+00:00,2017-07-11 12:05:00+00:00,LONG,2,1,1,1,-1,1.1390900000000002,1.1382900000000002,1.1402900000000002,1.1402800000000002,TARGET,1.4875000000000305,1.1900000000000244
2017-07-12 05:55:00+00:00,2017-07-12 06:00:00+00:00,2017-07-12 06:45:00+00:00,SHORT,-4,-1,-1,-1,-1,1.14723,1.1480299999999999,1.1460299999999999,1.14604,TARGET,1.4875000000000305,1.1900000000000244
2017-07-13 07:55:00+00:00,2017-07-13 08:00:00+00:00,2017-07-13 08:05:00+00:00,SHORT,-4,-1,-1,-1,-1,1.1421299999999999,1.1429299999999998,1.1409299999999998,1.1409399999999998,TARGET,1.4875000000000305,1.1900000000000244
2017-07-14 06:55:00+00:00,2017-07-14 07:00:00+00:00,2017-07-14 08:25:00+00:00,LONG,2,1,1,1,-1,1.1416000000000002,1.1408000000000003,1.1428000000000003,1.1407900000000002,STOP,-1.0124999999999718,-0.8099999999999774
2017-07-17 05:55:00+00:00,2017-07-17 06:00:00+00:00,2017-07-17 06:15:00+00:00,LONG,2,1,1,1,-1,1.14615,1.14535,1.14735,1.14534,STOP,-1.0124999999999718,-0.8099999999999774
2017-07-18 05:55:00+00:00,2017-07-18 06:00:00+00:00,2017-07-18 06:10:00+00:00,SHORT,-4,-1,-1,-1,-1,1.1522,1.1529999999999998,1.1509999999999998,1.1530099999999999,STOP,-1.0124999999999718,-0.8099999999999774
2017-07-19 06:55:00+00:00,2017-07-19 07:00:00+00:00,2017-07-19 07:15:00+00:00,SHORT,-2,-1,-1,-1,1,1.15293,1.15373,1.15173,1.15374,STOP,-1.0124999999999718,-0.8099999999999774
2017-07-20 05:55:00+00:00,2017-07-20 06:00:00+00:00,2017-07-20 06:45:00+00:00,LONG,2,1,1,1,-1,1.15116,1.15036,1.15236,1.15235,TARGET,1.4875000000000305,1.1900000000000244
2017-07-21 05:55:00+00:00,2017-07-21 06:00:00+00:00,2017-07-21 06:25:00+00:00,LONG,4,1,1,1,1,1.16402,1.1632200000000001,1.1652200000000001,1.16521,TARGET,1.4875000000000305,1.1900000000000244
2017-07-24 06:55:00+00:00,2017-07-24 07:00:00+00:00,2017-07-24 07:05:00+00:00,SHORT,-2,-1,-1,-1,1,1.16456,1.16536,1.16336,1.16537,STOP,-1.0124999999999718,-0.8099999999999774
2017-07-25 05:55:00+00:00,2017-07-25 06:00:00+00:00,2017-07-25 07:05:00+00:00,LONG,2,-1,1,1,1,1.16633,1.1655300000000002,1.1675300000000002,1.1655200000000001,STOP,-1.0124999999999718,-0.8099999999999774
2017-07-26 06:55:00+00:00,2017-07-26 07:00:00+00:00,2017-07-26 07:05:00+00:00,LONG,2,1,-1,1,1,1.16378,1.1629800000000001,1.1649800000000001,1.16297,STOP,-1.0124999999999718,-0.8099999999999774
2017-07-27 06:55:00+00:00,2017-07-27 07:00:00+00:00,2017-07-27 07:20:00+00:00,SHORT,-2,-1,-1,1,-1,1.1728999999999998,1.1736999999999997,1.1716999999999997,1.1717099999999998,TARGET,1.4875000000000305,1.1900000000000244
2017-07-28 06:55:00+00:00,2017-07-28 07:00:00+00:00,2017-07-28 07:05:00+00:00,LONG,4,1,1,1,1,1.1698000000000002,1.1690000000000003,1.1710000000000003,1.1709900000000002,TARGET,1.4875000000000305,1.1900000000000244
2017-07-31 05:55:00+00:00,2017-07-31 06:00:00+00:00,2017-07-31 06:10:00+00:00,LONG,4,1,1,1,1,1.17459,1.1737900000000001,1.1757900000000001,1.17378,STOP,-1.0124999999999718,-0.8099999999999774
2017-08-01 06:55:00+00:00,2017-08-01 07:00:00+00:00,2017-08-01 08:00:00+00:00,SHORT,-4,-1,-1,-1,-1,1.1819899999999999,1.1827899999999998,1.1807899999999998,1.1827999999999999,STOP,-1.0124999999999718,-0.8099999999999774
2017-08-02 05:55:00+00:00,2017-08-02 06:00:00+00:00,2017-08-02 06:55:00+00:00,SHORT,-2,-1,-1,-1,1,1.18232,1.18312,1.18112,1.18313,STOP,-1.0124999999999718,-0.8099999999999774
2017-08-03 05:55:00+00:00,2017-08-03 06:00:00+00:00,2017-08-03 06:55:00+00:00,SHORT,-2,-1,-1,1,-1,1.1844299999999999,1.1852299999999998,1.1832299999999998,1.1852399999999998,STOP,-1.0124999999999718,-0.8099999999999774
2017-08-04 05:55:00+00:00,2017-08-04 06:00:00+00:00,2017-08-04 06:10:00+00:00,LONG,4,1,1,1,1,1.18849,1.1876900000000001,1.1896900000000001,1.18768,STOP,-1.0124999999999718,-0.8099999999999774
2017-08-07 06:55:00+00:00,2017-08-07 07:00:00+00:00,2017-08-07 07:45:00+00:00,SHORT,-2,-1,1,-1,-1,1.17847,1.1792699999999998,1.1772699999999998,1.1792799999999999,STOP,-1.0124999999999718,-0.8099999999999774
2017-08-08 05:55:00+00:00,2017-08-08 06:00:00+00:00,2017-08-08 07:30:00+00:00,SHORT,-2,-1,-1,-1,1,1.1807999999999998,1.1815999999999998,1.1795999999999998,1.1816099999999998,STOP,-1.0124999999999718,-0.8099999999999774
2017-08-09 06:55:00+00:00,2017-08-09 07:00:00+00:00,2017-08-09 07:05:00+00:00,LONG,2,1,1,-1,1,1.17453,1.1737300000000002,1.1757300000000002,1.17572,TARGET,1.4875000000000305,1.1900000000000244
2017-08-10 05:55:00+00:00,2017-08-10 06:00:00+00:00,2017-08-10 07:00:00+00:00,LONG,2,1,1,-1,1,1.1734200000000001,1.1726200000000002,1.1746200000000002,1.1726100000000002,STOP,-1.0124999999999718,-0.8099999999999774
2017-08-11 07:55:00+00:00,2017-08-11 08:00:00+00:00,2017-08-11 08:30:00+00:00,SHORT,-4,-1,-1,-1,-1,1.1753,1.1761,1.1741,1.17611,STOP,-1.0124999999999718,-0.8099999999999774
2017-08-14 05:55:00+00:00,2017-08-14 06:00:00+00:00,2017-08-14 06:20:00+00:00,LONG,4,1,1,1,1,1.18197,1.18117,1.18317,1.18116,STOP,-1.0124999999999718,-0.8099999999999774
2017-08-15 05:55:00+00:00,2017-08-15 06:00:00+00:00,2017-08-15 06:45:00+00:00,SHORT,-2,-1,-1,1,-1,1.17604,1.1768399999999999,1.1748399999999999,1.17485,TARGET,1.4875000000000305,1.1900000000000244
2017-08-16 05:55:00+00:00,2017-08-16 06:00:00+00:00,2017-08-16 06:20:00+00:00,LONG,4,1,1,1,1,1.1741700000000002,1.1733700000000002,1.1753700000000002,1.1733600000000002,STOP,-1.0124999999999718,-0.8099999999999774
2017-08-17 05:55:00+00:00,2017-08-17 06:00:00+00:00,2017-08-17 06:50:00+00:00,SHORT,-2,-1,-1,1,-1,1.17788,1.17868,1.17668,1.17669,TARGET,1.4875000000000305,1.1900000000000244
2017-08-18 07:55:00+00:00,2017-08-18 08:00:00+00:00,2017-08-18 08:05:00+00:00,SHORT,-2,-1,-1,1,-1,1.1726299999999998,1.1734299999999998,1.1714299999999997,1.1734399999999998,STOP,-1.0124999999999718,-0.8099999999999774
2017-08-21 05:55:00+00:00,2017-08-21 06:00:00+00:00,2017-08-21 07:10:00+00:00,SHORT,-4,-1,-1,-1,-1,1.17457,1.1753699999999998,1.1733699999999998,1.1733799999999999,TARGET,1.4875000000000305,1.1900000000000244
2017-08-22 05:55:00+00:00,2017-08-22 06:00:00+00:00,2017-08-22 06:35:00+00:00,LONG,2,-1,1,1,1,1.18022,1.1794200000000001,1.1814200000000001,1.17941,STOP,-1.0124999999999718,-0.8099999999999774
2017-08-23 07:55:00+00:00,2017-08-23 08:00:00+00:00,2017-08-23 09:00:00+00:00,LONG,4,1,1,1,1,1.1781700000000002,1.1773700000000002,1.1793700000000003,1.1793600000000002,TARGET,1.4875000000000305,1.1900000000000244
2017-08-24 06:55:00+00:00,2017-08-24 07:00:00+00:00,2017-08-24 11:30:00+00:00,SHORT,-2,-1,1,-1,-1,1.1791,1.1799,1.1779,1.17991,STOP,-1.0124999999999718,-0.8099999999999774
2017-08-25 07:55:00+00:00,2017-08-25 08:00:00+00:00,2017-08-25 08:20:00+00:00,SHORT,-2,-1,-1,1,-1,1.17804,1.1788399999999999,1.1768399999999999,1.17885,STOP,-1.0124999999999718,-0.8099999999999774
2017-08-28 08:55:00+00:00,2017-08-28 09:00:00+00:00,2017-08-28 10:25:00+00:00,SHORT,-2,-1,-1,1,-1,1.19306,1.19386,1.19186,1.19387,STOP,-1.0124999999999718,-0.8099999999999774
2017-08-29 05:55:00+00:00,2017-08-29 06:00:00+00:00,2017-08-29 06:05:00+00:00,LONG,4,1,1,1,1,1.1982300000000001,1.1974300000000002,1.1994300000000002,1.1974200000000002,STOP,-1.0124999999999718,-0.8099999999999774
2017-08-30 05:55:00+00:00,2017-08-30 06:00:00+00:00,2017-08-30 06:15:00+00:00,SHORT,-3,-1,-1,0,-1,1.19648,1.19728,1.19528,1.19529,TARGET,1.4875000000000305,1.1900000000000244
2017-08-31 06:55:00+00:00,2017-08-31 07:00:00+00:00,2017-08-31 07:15:00+00:00,LONG,4,1,1,1,1,1.18907,1.1882700000000002,1.1902700000000002,1.19026,TARGET,1.4875000000000305,1.1900000000000244
2017-09-01 05:55:00+00:00,2017-09-01 06:00:00+00:00,2017-09-01 06:40:00+00:00,LONG,4,1,1,1,1,1.18951,1.1887100000000002,1.1907100000000002,1.1887,STOP,-1.0124999999999718,-0.8099999999999774
2017-09-04 05:55:00+00:00,2017-09-04 06:00:00+00:00,2017-09-04 06:00:00+00:00,SHORT,-2,-1,-1,-1,1,1.18847,1.1892699999999998,1.1872699999999998,1.18928,STOP,-1.0124999999999718,-0.8099999999999774
2017-09-05 05:55:00+00:00,2017-09-05 06:00:00+00:00,2017-09-05 06:15:00+00:00,SHORT,-2,-1,-1,-1,1,1.19048,1.19128,1.18928,1.18929,TARGET,1.4875000000000305,1.1900000000000244
2017-09-06 09:55:00+00:00,2017-09-06 10:00:00+00:00,2017-09-06 10:10:00+00:00,SHORT,-2,-1,1,-1,-1,1.1935099999999998,1.1943099999999998,1.1923099999999998,1.1943199999999998,STOP,-1.0124999999999718,-0.8099999999999774
2017-09-07 05:55:00+00:00,2017-09-07 06:00:00+00:00,2017-09-07 07:00:00+00:00,SHORT,-2,-1,-1,-1,1,1.19224,1.1930399999999999,1.1910399999999999,1.19305,STOP,-1.0124999999999718,-0.8099999999999774
2017-09-08 05:55:00+00:00,2017-09-08 06:00:00+00:00,2017-09-08 06:15:00+00:00,SHORT,-2,-1,1,-1,-1,1.2079199999999999,1.2087199999999998,1.2067199999999998,1.2067299999999999,TARGET,1.4875000000000305,1.1900000000000244
2017-09-11 05:55:00+00:00,2017-09-11 06:00:00+00:00,2017-09-11 06:35:00+00:00,LONG,2,1,1,-1,1,1.2015900000000002,1.2007900000000002,1.2027900000000002,1.2007800000000002,STOP,-1.0124999999999718,-0.8099999999999774
2017-09-12 05:55:00+00:00,2017-09-12 06:00:00+00:00,2017-09-12 06:25:00+00:00,LONG,2,1,1,1,-1,1.1959300000000002,1.1951300000000002,1.1971300000000002,1.1971200000000002,TARGET,1.4875000000000305,1.1900000000000244
2017-09-13 06:55:00+00:00,2017-09-13 07:00:00+00:00,2017-09-13 07:15:00+00:00,SHORT,-4,-1,-1,-1,-1,1.19736,1.19816,1.19616,1.19817,STOP,-1.0124999999999718,-0.8099999999999774
2017-09-14 05:55:00+00:00,2017-09-14 06:00:00+00:00,2017-09-14 07:00:00+00:00,LONG,2,1,1,1,-1,1.18757,1.18677,1.18877,1.18876,TARGET,1.4875000000000305,1.1900000000000244
2017-09-15 05:55:00+00:00,2017-09-15 06:00:00+00:00,2017-09-15 06:00:00+00:00,LONG,2,1,1,1,-1,1.19202,1.1912200000000002,1.1932200000000002,1.19121,STOP,-1.0124999999999718,-0.8099999999999774
2017-09-18 09:55:00+00:00,2017-09-18 10:00:00+00:00,2017-09-18 10:15:00+00:00,LONG,2,1,1,1,-1,1.1951,1.1943000000000001,1.1963000000000001,1.19429,STOP,-1.0124999999999718,-0.8099999999999774
2017-09-19 05:55:00+00:00,2017-09-19 06:00:00+00:00,2017-09-19 06:10:00+00:00,SHORT,-4,-1,-1,-1,-1,1.19824,1.1990399999999999,1.1970399999999999,1.19905,STOP,-1.0124999999999718,-0.8099999999999774
2017-09-20 05:55:00+00:00,2017-09-20 06:00:00+00:00,2017-09-20 06:35:00+00:00,SHORT,-2,-1,-1,-1,1,1.20099,1.20179,1.19979,1.1998,TARGET,1.4875000000000305,1.1900000000000244
2017-09-21 07:55:00+00:00,2017-09-21 08:00:00+00:00,2017-09-21 08:50:00+00:00,LONG,2,1,1,-1,1,1.1903000000000001,1.1895000000000002,1.1915000000000002,1.1914900000000002,TARGET,1.4875000000000305,1.1900000000000244
2017-09-22 05:55:00+00:00,2017-09-22 06:00:00+00:00,2017-09-22 06:20:00+00:00,LONG,2,1,1,1,-1,1.1968100000000002,1.1960100000000002,1.1980100000000002,1.1960000000000002,STOP,-1.0124999999999718,-0.8099999999999774
2017-09-25 07:55:00+00:00,2017-09-25 08:00:00+00:00,2017-09-25 08:00:00+00:00,LONG,2,1,1,-1,1,1.19106,1.19026,1.19226,1.19025,STOP,-1.0124999999999718,-0.8099999999999774
2017-09-26 07:55:00+00:00,2017-09-26 08:00:00+00:00,2017-09-26 09:20:00+00:00,SHORT,-4,-1,-1,-1,-1,1.18123,1.18203,1.18003,1.18204,STOP,-1.0124999999999718,-0.8099999999999774
2017-09-27 06:55:00+00:00,2017-09-27 07:00:00+00:00,2017-09-27 07:15:00+00:00,SHORT,-2,1,-1,-1,-1,1.1758499999999998,1.1766499999999998,1.1746499999999997,1.1746599999999998,TARGET,1.4875000000000305,1.1900000000000244
2017-09-28 08:55:00+00:00,2017-09-28 09:00:00+00:00,2017-09-28 09:10:00+00:00,LONG,4,1,1,1,1,1.1767100000000001,1.1759100000000002,1.1779100000000002,1.1759000000000002,STOP,-1.0124999999999718,-0.8099999999999774
2017-09-29 05:55:00+00:00,2017-09-29 06:00:00+00:00,2017-09-29 06:25:00+00:00,SHORT,-2,-1,1,-1,-1,1.17743,1.1782299999999999,1.1762299999999999,1.17824,STOP,-1.0124999999999718,-0.8099999999999774
2017-10-02 06:55:00+00:00,2017-10-02 07:00:00+00:00,2017-10-02 07:05:00+00:00,LONG,2,-1,1,1,1,1.17646,1.1756600000000001,1.1776600000000002,1.17565,STOP,-1.0124999999999718,-0.8099999999999774
2017-10-03 07:55:00+00:00,2017-10-03 08:00:00+00:00,2017-10-03 08:45:00+00:00,LONG,4,1,1,1,1,1.17435,1.17355,1.17555,1.17354,STOP,-1.0124999999999718,-0.8099999999999774
2017-10-04 05:55:00+00:00,2017-10-04 06:00:00+00:00,2017-10-04 06:55:00+00:00,LONG,2,-1,1,1,1,1.1771200000000002,1.1763200000000003,1.1783200000000003,1.1763100000000002,STOP,-1.0124999999999718,-0.8099999999999774
2017-10-05 06:55:00+00:00,2017-10-05 07:00:00+00:00,2017-10-05 07:20:00+00:00,LONG,4,1,1,1,1,1.17639,1.1755900000000001,1.1775900000000001,1.17758,TARGET,1.4875000000000305,1.1900000000000244
2017-10-06 05:55:00+00:00,2017-10-06 06:00:00+00:00,2017-10-06 06:25:00+00:00,LONG,2,-1,1,1,1,1.16995,1.1691500000000001,1.1711500000000001,1.16914,STOP,-1.0124999999999718,-0.8099999999999774
2017-10-09 05:55:00+00:00,2017-10-09 06:00:00+00:00,2017-10-09 06:10:00+00:00,LONG,4,1,1,1,1,1.1736900000000001,1.1728900000000002,1.1748900000000002,1.1728800000000001,STOP,-1.0124999999999718,-0.8099999999999774
2017-10-10 06:55:00+00:00,2017-10-10 07:00:00+00:00,2017-10-10 07:25:00+00:00,SHORT,-2,1,-1,-1,-1,1.17774,1.17854,1.17654,1.17655,TARGET,1.4875000000000305,1.1900000000000244
2017-10-11 06:55:00+00:00,2017-10-11 07:00:00+00:00,2017-10-11 07:45:00+00:00,SHORT,-2,1,-1,-1,-1,1.1821599999999999,1.1829599999999998,1.1809599999999998,1.1829699999999999,STOP,-1.0124999999999718,-0.8099999999999774
2017-10-12 05:55:00+00:00,2017-10-12 06:00:00+00:00,2017-10-12 06:35:00+00:00,LONG,4,1,1,1,1,1.1878300000000002,1.1870300000000003,1.1890300000000003,1.1870200000000002,STOP,-1.0124999999999718,-0.8099999999999774
2017-10-13 09:55:00+00:00,2017-10-13 10:00:00+00:00,2017-10-13 11:25:00+00:00,SHORT,-2,1,-1,-1,-1,1.18296,1.18376,1.18176,1.18177,TARGET,1.4875000000000305,1.1900000000000244
2017-10-16 05:55:00+00:00,2017-10-16 06:00:00+00:00,2017-10-16 06:55:00+00:00,SHORT,-4,-1,-1,-1,-1,1.1796499999999999,1.1804499999999998,1.1784499999999998,1.1784599999999998,TARGET,1.4875000000000305,1.1900000000000244
2017-10-17 06:55:00+00:00,2017-10-17 07:00:00+00:00,2017-10-17 07:10:00+00:00,SHORT,-2,-1,-1,1,-1,1.1757,1.1764999999999999,1.1744999999999999,1.17651,STOP,-1.0124999999999718,-0.8099999999999774
2017-10-18 05:55:00+00:00,2017-10-18 06:00:00+00:00,2017-10-18 06:45:00+00:00,LONG,2,1,1,1,-1,1.17655,1.17575,1.17775,1.17574,STOP,-1.0124999999999718,-0.8099999999999774
2017-10-19 06:55:00+00:00,2017-10-19 07:00:00+00:00,2017-10-19 07:00:00+00:00,LONG,2,1,1,-1,1,1.18216,1.1813600000000002,1.1833600000000002,1.1813500000000001,STOP,-1.0124999999999718,-0.8099999999999774
2017-10-20 12:55:00+00:00,2017-10-20 13:00:00+00:00,2017-10-20 13:35:00+00:00,SHORT,-4,-1,-1,-1,-1,1.1800899999999999,1.1808899999999998,1.1788899999999998,1.1788999999999998,TARGET,1.4875000000000305,1.1900000000000244
2017-10-23 06:55:00+00:00,2017-10-23 07:00:00+00:00,2017-10-23 08:15:00+00:00,SHORT,-2,-1,-1,1,-1,1.17596,1.1767599999999998,1.1747599999999998,1.1747699999999999,TARGET,1.4875000000000305,1.1900000000000244
2017-10-24 06:55:00+00:00,2017-10-24 07:00:00+00:00,2017-10-24 07:15:00+00:00,SHORT,-2,-1,-1,1,-1,1.1757499999999999,1.1765499999999998,1.1745499999999998,1.1745599999999998,TARGET,1.4875000000000305,1.1900000000000244
2017-10-25 05:55:00+00:00,2017-10-25 06:00:00+00:00,2017-10-25 06:40:00+00:00,LONG,2,1,1,1,-1,1.17659,1.1757900000000001,1.1777900000000001,1.17578,STOP,-1.0124999999999718,-0.8099999999999774
2017-10-26 05:55:00+00:00,2017-10-26 06:00:00+00:00,2017-10-26 07:30:00+00:00,SHORT,-2,-1,1,-1,-1,1.1828999999999998,1.1836999999999998,1.1816999999999998,1.1817099999999998,TARGET,1.4875000000000305,1.1900000000000244
2017-10-27 05:55:00+00:00,2017-10-27 06:00:00+00:00,2017-10-27 06:10:00+00:00,LONG,2,-1,1,1,1,1.16436,1.1635600000000001,1.1655600000000002,1.16355,STOP,-1.0124999999999718,-0.8099999999999774
2017-10-30 05:55:00+00:00,2017-10-30 06:00:00+00:00,2017-10-30 07:10:00+00:00,LONG,2,1,-1,1,1,1.1616600000000001,1.1608600000000002,1.1628600000000002,1.1608500000000002,STOP,-1.0124999999999718,-0.8099999999999774
2017-10-31 06:55:00+00:00,2017-10-31 07:00:00+00:00,2017-10-31 07:00:00+00:00,LONG,2,1,-1,1,1,1.16436,1.1635600000000001,1.1655600000000002,1.16355,STOP,-1.0124999999999718,-0.8099999999999774
2017-11-01 06:55:00+00:00,2017-11-01 07:00:00+00:00,2017-11-01 07:30:00+00:00,SHORT,-2,1,-1,-1,-1,1.164,1.1647999999999998,1.1627999999999998,1.16481,STOP,-1.0124999999999718,-0.8099999999999774
2017-11-02 06:55:00+00:00,2017-11-02 07:00:00+00:00,2017-11-02 07:35:00+00:00,LONG,4,1,1,1,1,1.16578,1.1649800000000001,1.1669800000000001,1.16497,STOP,-1.0124999999999718,-0.8099999999999774
2017-11-03 05:55:00+00:00,2017-11-03 06:00:00+00:00,2017-11-03 07:05:00+00:00,LONG,2,1,1,1,-1,1.16652,1.16572,1.16772,1.16571,STOP,-1.0124999999999718,-0.8099999999999774
2017-11-06 10:55:00+00:00,2017-11-06 11:00:00+00:00,2017-11-06 11:05:00+00:00,LONG,2,1,-1,1,1,1.1610200000000002,1.1602200000000003,1.1622200000000003,1.1602100000000002,STOP,-1.0124999999999718,-0.8099999999999774
2017-11-07 09:55:00+00:00,2017-11-07 10:00:00+00:00,2017-11-07 10:10:00+00:00,SHORT,-4,-1,-1,-1,-1,1.1566999999999998,1.1574999999999998,1.1554999999999997,1.1555099999999998,TARGET,1.4875000000000305,1.1900000000000244
2017-11-08 06:55:00+00:00,2017-11-08 07:00:00+00:00,2017-11-08 07:35:00+00:00,LONG,2,1,-1,1,1,1.15923,1.15843,1.16043,1.16042,TARGET,1.4875000000000305,1.1900000000000244
2017-11-09 06:55:00+00:00,2017-11-09 07:00:00+00:00,2017-11-09 08:15:00+00:00,LONG,2,1,1,1,-1,1.16089,1.16009,1.16209,1.16008,STOP,-1.0124999999999718,-0.8099999999999774
2017-11-10 06:55:00+00:00,2017-11-10 07:00:00+00:00,2017-11-10 07:10:00+00:00,LONG,2,1,-1,1,1,1.16492,1.16412,1.16612,1.16411,STOP,-1.0124999999999718,-0.8099999999999774
2017-11-13 07:55:00+00:00,2017-11-13 08:00:00+00:00,2017-11-13 08:35:00+00:00,SHORT,-2,1,-1,-1,-1,1.16401,1.16481,1.16281,1.16482,STOP,-1.0124999999999718,-0.8099999999999774
2017-11-14 06:55:00+00:00,2017-11-14 07:00:00+00:00,2017-11-14 07:05:00+00:00,SHORT,-2,-1,-1,1,-1,1.16648,1.1672799999999999,1.1652799999999999,1.16729,STOP,-1.0124999999999718,-0.8099999999999774
2017-11-15 08:55:00+00:00,2017-11-15 09:00:00+00:00,2017-11-15 09:40:00+00:00,LONG,2,-1,1,1,1,1.18387,1.18307,1.18507,1.18506,TARGET,1.4875000000000305,1.1900000000000244
2017-11-16 06:55:00+00:00,2017-11-16 07:00:00+00:00,2017-11-16 07:05:00+00:00,LONG,4,1,1,1,1,1.18002,1.1792200000000002,1.1812200000000002,1.17921,STOP,-1.0124999999999718,-0.8099999999999774
2017-11-17 05:55:00+00:00,2017-11-17 06:00:00+00:00,2017-11-17 06:10:00+00:00,SHORT,-2,-1,1,-1,-1,1.18035,1.18115,1.17915,1.18116,STOP,-1.0124999999999718,-0.8099999999999774
2017-11-20 09:55:00+00:00,2017-11-20 10:00:00+00:00,2017-11-20 11:15:00+00:00,SHORT,-2,-1,-1,1,-1,1.17942,1.1802199999999998,1.1782199999999998,1.1782299999999999,TARGET,1.4875000000000305,1.1900000000000244
2017-11-21 05:55:00+00:00,2017-11-21 06:00:00+00:00,2017-11-21 07:45:00+00:00,LONG,2,1,1,-1,1,1.17418,1.17338,1.17538,1.17337,STOP,-1.0124999999999718,-0.8099999999999774
2017-11-22 06:55:00+00:00,2017-11-22 07:00:00+00:00,2017-11-22 07:05:00+00:00,SHORT,-4,-1,-1,-1,-1,1.1751099999999999,1.1759099999999998,1.1739099999999998,1.1759199999999999,STOP,-1.0124999999999718,-0.8099999999999774
2017-11-23 06:55:00+00:00,2017-11-23 07:00:00+00:00,2017-11-23 07:10:00+00:00,SHORT,-4,-1,-1,-1,-1,1.18279,1.18359,1.18159,1.1836,STOP,-1.0124999999999718,-0.8099999999999774
2017-11-24 05:55:00+00:00,2017-11-24 06:00:00+00:00,2017-11-24 06:35:00+00:00,LONG,2,1,-1,1,1,1.1852200000000002,1.1844200000000003,1.1864200000000003,1.1844100000000002,STOP,-1.0124999999999718,-0.8099999999999774
2017-11-27 05:55:00+00:00,2017-11-27 06:00:00+00:00,2017-11-27 06:50:00+00:00,LONG,2,1,-1,1,1,1.19287,1.1920700000000002,1.1940700000000002,1.1920600000000001,STOP,-1.0124999999999718,-0.8099999999999774
2017-11-28 05:55:00+00:00,2017-11-28 06:00:00+00:00,2017-11-28 06:25:00+00:00,SHORT,-2,-1,-1,-1,1,1.19018,1.19098,1.18898,1.19099,STOP,-1.0124999999999718,-0.8099999999999774
2017-11-29 10:55:00+00:00,2017-11-29 11:00:00+00:00,2017-11-29 11:10:00+00:00,SHORT,-4,-1,-1,-1,-1,1.18471,1.1855099999999998,1.1835099999999998,1.18352,TARGET,1.4875000000000305,1.1900000000000244
2017-11-30 05:55:00+00:00,2017-11-30 06:00:00+00:00,2017-11-30 08:15:00+00:00,LONG,2,-1,1,1,1,1.18648,1.18568,1.18768,1.18567,STOP,-1.0124999999999718,-0.8099999999999774
2017-12-01 05:55:00+00:00,2017-12-01 06:00:00+00:00,2017-12-01 06:00:00+00:00,LONG,4,1,1,1,1,1.19275,1.19195,1.19395,1.19194,STOP,-1.0124999999999718,-0.8099999999999774
2017-12-04 09:55:00+00:00,2017-12-04 10:00:00+00:00,2017-12-04 13:05:00+00:00,SHORT,-2,1,-1,-1,-1,1.1854,1.1862,1.1842,1.18621,STOP,-1.0124999999999718,-0.8099999999999774
2017-12-05 06:55:00+00:00,2017-12-05 07:00:00+00:00,2017-12-05 07:35:00+00:00,LONG,2,1,1,-1,1,1.1867100000000002,1.1859100000000002,1.1879100000000002,1.1859000000000002,STOP,-1.0124999999999718,-0.8099999999999774
2017-12-06 05:55:00+00:00,2017-12-06 06:00:00+00:00,2017-12-06 06:35:00+00:00,LONG,2,1,-1,1,1,1.18442,1.1836200000000001,1.1856200000000001,1.18361,STOP,-1.0124999999999718,-0.8099999999999774
2017-12-07 05:55:00+00:00,2017-12-07 06:00:00+00:00,2017-12-07 08:10:00+00:00,SHORT,-2,-1,1,-1,-1,1.1792,1.18,1.178,1.18001,STOP,-1.0124999999999718,-0.8099999999999774
2017-12-08 05:55:00+00:00,2017-12-08 06:00:00+00:00,2017-12-08 06:20:00+00:00,LONG,2,1,1,1,-1,1.17653,1.1757300000000002,1.1777300000000002,1.17572,STOP,-1.0124999999999718,-0.8099999999999774
2017-12-11 06:55:00+00:00,2017-12-11 07:00:00+00:00,2017-12-11 07:15:00+00:00,SHORT,-2,-1,-1,-1,1,1.17786,1.1786599999999998,1.1766599999999998,1.1786699999999999,STOP,-1.0124999999999718,-0.8099999999999774
2017-12-12 07:55:00+00:00,2017-12-12 08:00:00+00:00,2017-12-12 08:15:00+00:00,SHORT,-4,-1,-1,-1,-1,1.17712,1.1779199999999999,1.1759199999999999,1.17793,STOP,-1.0124999999999718,-0.8099999999999774
2017-12-13 06:55:00+00:00,2017-12-13 07:00:00+00:00,2017-12-13 07:35:00+00:00,SHORT,-4,-1,-1,-1,-1,1.17557,1.17637,1.17437,1.17438,TARGET,1.4875000000000305,1.1900000000000244
2017-12-14 05:55:00+00:00,2017-12-14 06:00:00+00:00,2017-12-14 07:45:00+00:00,SHORT,-2,-1,-1,-1,1,1.18265,1.18345,1.18145,1.18146,TARGET,1.4875000000000305,1.1900000000000244
2017-12-15 08:55:00+00:00,2017-12-15 09:00:00+00:00,2017-12-15 09:35:00+00:00,SHORT,-4,-1,-1,-1,-1,1.17831,1.1791099999999999,1.1771099999999999,1.17912,STOP,-1.0124999999999718,-0.8099999999999774
2017-12-18 05:55:00+00:00,2017-12-18 06:00:00+00:00,2017-12-18 06:10:00+00:00,SHORT,-4,-1,-1,-1,-1,1.1760599999999999,1.1768599999999998,1.1748599999999998,1.1768699999999999,STOP,-1.0124999999999718,-0.8099999999999774
2017-12-19 07:55:00+00:00,2017-12-19 08:00:00+00:00,2017-12-19 08:40:00+00:00,LONG,4,1,1,1,1,1.1806100000000002,1.1798100000000002,1.1818100000000002,1.1818000000000002,TARGET,1.4875000000000305,1.1900000000000244
2017-12-20 06:55:00+00:00,2017-12-20 07:00:00+00:00,2017-12-20 07:20:00+00:00,SHORT,-4,-1,-1,-1,-1,1.18292,1.1837199999999999,1.1817199999999999,1.18373,STOP,-1.0124999999999718,-0.8099999999999774
2017-12-21 05:55:00+00:00,2017-12-21 06:00:00+00:00,2017-12-21 08:30:00+00:00,LONG,2,-1,1,1,1,1.18682,1.18602,1.18802,1.18801,TARGET,1.4875000000000305,1.1900000000000244
2017-12-22 07:55:00+00:00,2017-12-22 08:00:00+00:00,2017-12-22 09:20:00+00:00,SHORT,-2,-1,-1,-1,1,1.18525,1.1860499999999998,1.1840499999999998,1.18606,STOP,-1.0124999999999718,-0.8099999999999774
2017-12-26 06:55:00+00:00,2017-12-26 07:00:00+00:00,2017-12-26 07:45:00+00:00,SHORT,-4,-1,-1,-1,-1,1.18672,1.18752,1.18552,1.18753,STOP,-1.0124999999999718,-0.8099999999999774
2017-12-27 05:55:00+00:00,2017-12-27 06:00:00+00:00,2017-12-27 07:45:00+00:00,SHORT,-4,-1,-1,-1,-1,1.1878,1.1885999999999999,1.1865999999999999,1.18661,TARGET,1.4875000000000305,1.1900000000000244
2017-12-28 06:55:00+00:00,2017-12-28 07:00:00+00:00,2017-12-28 08:05:00+00:00,LONG,2,-1,1,1,1,1.1932500000000001,1.1924500000000002,1.1944500000000002,1.1944400000000002,TARGET,1.4875000000000305,1.1900000000000244
2017-12-29 05:55:00+00:00,2017-12-29 06:00:00+00:00,2017-12-29 08:20:00+00:00,LONG,2,1,-1,1,1,1.1949400000000001,1.1941400000000002,1.1961400000000002,1.1961300000000001,TARGET,1.4875000000000305,1.1900000000000244
2018-01-02 05:55:00+00:00,2018-01-02 06:00:00+00:00,2018-01-02 07:40:00+00:00,LONG,2,-1,1,1,1,1.20246,1.2016600000000002,1.2036600000000002,1.20365,TARGET,1.4875000000000305,1.1900000000000244
2018-01-03 06:55:00+00:00,2018-01-03 07:00:00+00:00,2018-01-03 08:05:00+00:00,SHORT,-3,0,-1,-1,-1,1.2044899999999998,1.2052899999999998,1.2032899999999997,1.2032999999999998,TARGET,1.4875000000000305,1.1900000000000244
2018-01-04 05:55:00+00:00,2018-01-04 06:00:00+00:00,2018-01-04 06:05:00+00:00,SHORT,-2,1,-1,-1,-1,1.20189,1.2026899999999998,1.2006899999999998,1.2026999999999999,STOP,-1.0124999999999718,-0.8099999999999774
2018-01-05 08:55:00+00:00,2018-01-05 09:00:00+00:00,2018-01-05 13:30:00+00:00,SHORT,-2,-1,-1,-1,1,1.20526,1.20606,1.20406,1.20607,STOP,-1.0124999999999718,-0.8099999999999774
2018-01-08 05:55:00+00:00,2018-01-08 06:00:00+00:00,2018-01-08 07:00:00+00:00,LONG,4,1,1,1,1,1.20201,1.20121,1.2032100000000001,1.2012,STOP,-1.0124999999999718,-0.8099999999999774
2018-01-09 07:55:00+00:00,2018-01-09 08:00:00+00:00,2018-01-09 08:30:00+00:00,SHORT,-4,-1,-1,-1,-1,1.19509,1.19589,1.19389,1.1939,TARGET,1.4875000000000305,1.1900000000000244
2018-01-10 05:55:00+00:00,2018-01-10 06:00:00+00:00,2018-01-10 07:10:00+00:00,SHORT,-2,1,-1,-1,-1,1.19278,1.1935799999999999,1.1915799999999999,1.19359,STOP,-1.0124999999999718,-0.8099999999999774
2018-01-11 06:55:00+00:00,2018-01-11 07:00:00+00:00,2018-01-11 07:05:00+00:00,SHORT,-2,1,-1,-1,-1,1.1941899999999999,1.1949899999999998,1.1929899999999998,1.1949999999999998,STOP,-1.0124999999999718,-0.8099999999999774
2018-01-12 08:55:00+00:00,2018-01-12 09:00:00+00:00,2018-01-12 09:00:00+00:00,SHORT,-2,-1,-1,1,-1,1.21112,1.2119199999999999,1.2099199999999999,1.21193,STOP,-1.0124999999999718,-0.8099999999999774
2018-01-15 06:55:00+00:00,2018-01-15 07:00:00+00:00,2018-01-15 07:20:00+00:00,SHORT,-2,-1,1,-1,-1,1.22084,1.2216399999999998,1.2196399999999998,1.22165,STOP,-1.0124999999999718,-0.8099999999999774
2018-01-16 05:55:00+00:00,2018-01-16 06:00:00+00:00,2018-01-16 06:30:00+00:00,SHORT,-2,-1,-1,-1,1,1.22626,1.2270599999999998,1.2250599999999998,1.2270699999999999,STOP,-1.0124999999999718,-0.8099999999999774
2018-01-17 06:55:00+00:00,2018-01-17 07:00:00+00:00,2018-01-17 07:05:00+00:00,SHORT,-4,-1,-1,-1,-1,1.2220199999999999,1.2228199999999998,1.2208199999999998,1.2228299999999999,STOP,-1.0124999999999718,-0.8099999999999774
2018-01-18 06:55:00+00:00,2018-01-18 07:00:00+00:00,2018-01-18 07:00:00+00:00,LONG,2,-1,1,1,1,1.22079,1.2199900000000001,1.2219900000000001,1.21998,STOP,-1.0124999999999718,-0.8099999999999774
2018-01-19 08:55:00+00:00,2018-01-19 09:00:00+00:00,2018-01-19 09:00:00+00:00,LONG,4,1,1,1,1,1.22835,1.2275500000000001,1.2295500000000001,1.22754,STOP,-1.0124999999999718,-0.8099999999999774
2018-01-22 05:55:00+00:00,2018-01-22 06:00:00+00:00,2018-01-22 06:15:00+00:00,LONG,4,1,1,1,1,1.22316,1.2223600000000001,1.2243600000000001,1.22235,STOP,-1.0124999999999718,-0.8099999999999774
2018-01-23 06:55:00+00:00,2018-01-23 07:00:00+00:00,2018-01-23 07:35:00+00:00,SHORT,-2,-1,-1,-1,1,1.22478,1.22558,1.22358,1.22559,STOP,-1.0124999999999718,-0.8099999999999774
2018-01-24 05:55:00+00:00,2018-01-24 06:00:00+00:00,2018-01-24 06:30:00+00:00,LONG,4,1,1,1,1,1.23248,1.23168,1.23368,1.23167,STOP,-1.0124999999999718,-0.8099999999999774
2018-01-25 05:55:00+00:00,2018-01-25 06:00:00+00:00,2018-01-25 06:45:00+00:00,LONG,4,1,1,1,1,1.2448400000000002,1.2440400000000003,1.2460400000000003,1.2440300000000002,STOP,-1.0124999999999718,-0.8099999999999774
2018-01-26 05:55:00+00:00,2018-01-26 06:00:00+00:00,2018-01-26 06:15:00+00:00,LONG,3,1,0,1,1,1.24309,1.2422900000000001,1.2442900000000001,1.24428,TARGET,1.4875000000000305,1.1900000000000244
2018-01-29 06:55:00+00:00,2018-01-29 07:00:00+00:00,2018-01-29 07:05:00+00:00,LONG,2,1,-1,1,1,1.2415800000000001,1.2407800000000002,1.2427800000000002,1.2427700000000002,TARGET,1.4875000000000305,1.1900000000000244
2018-01-30 05:55:00+00:00,2018-01-30 06:00:00+00:00,2018-01-30 06:50:00+00:00,SHORT,-2,-1,-1,-1,1,1.23637,1.2371699999999999,1.2351699999999999,1.23518,TARGET,1.4875000000000305,1.1900000000000244
2018-01-31 05:55:00+00:00,2018-01-31 06:00:00+00:00,2018-01-31 06:40:00+00:00,LONG,2,-1,1,1,1,1.24374,1.2429400000000002,1.2449400000000002,1.24493,TARGET,1.4875000000000305,1.1900000000000244
2018-02-01 05:55:00+00:00,2018-02-01 06:00:00+00:00,2018-02-01 06:20:00+00:00,SHORT,-4,-1,-1,-1,-1,1.2420499999999999,1.2428499999999998,1.2408499999999998,1.2408599999999999,TARGET,1.4875000000000305,1.1900000000000244
2018-02-02 06:55:00+00:00,2018-02-02 07:00:00+00:00,2018-02-02 07:05:00+00:00,LONG,2,1,1,1,-1,1.24952,1.24872,1.25072,1.25071,TARGET,1.4875000000000305,1.1900000000000244
2018-02-05 06:55:00+00:00,2018-02-05 07:00:00+00:00,2018-02-05 07:10:00+00:00,SHORT,-2,1,-1,-1,-1,1.2452699999999999,1.2460699999999998,1.2440699999999998,1.2460799999999999,STOP,-1.0124999999999718,-0.8099999999999774
2018-02-06 05:55:00+00:00,2018-02-06 06:00:00+00:00,2018-02-06 06:50:00+00:00,LONG,2,1,-1,1,1,1.2376200000000002,1.2368200000000003,1.2388200000000003,1.2388100000000002,TARGET,1.4875000000000305,1.1900000000000244
2018-02-07 06:55:00+00:00,2018-02-07 07:00:00+00:00,2018-02-07 07:25:00+00:00,LONG,4,1,1,1,1,1.2396500000000001,1.2388500000000002,1.2408500000000002,1.2388400000000002,STOP,-1.0124999999999718,-0.8099999999999774
2018-02-08 05:55:00+00:00,2018-02-08 06:00:00+00:00,2018-02-08 06:40:00+00:00,LONG,4,1,1,1,1,1.2275,1.2267000000000001,1.2287000000000001,1.22669,STOP,-1.0124999999999718,-0.8099999999999774
2018-02-09 05:55:00+00:00,2018-02-09 06:00:00+00:00,2018-02-09 06:30:00+00:00,SHORT,-2,-1,-1,1,-1,1.22572,1.2265199999999998,1.2245199999999998,1.22653,STOP,-1.0124999999999718,-0.8099999999999774
2018-02-12 06:55:00+00:00,2018-02-12 07:00:00+00:00,2018-02-12 07:30:00+00:00,LONG,4,1,1,1,1,1.22905,1.22825,1.23025,1.22824,STOP,-1.0124999999999718,-0.8099999999999774
2018-02-13 05:55:00+00:00,2018-02-13 06:00:00+00:00,2018-02-13 07:35:00+00:00,LONG,4,1,1,1,1,1.23139,1.23059,1.23259,1.23258,TARGET,1.4875000000000305,1.1900000000000244
2018-02-14 07:55:00+00:00,2018-02-14 08:00:00+00:00,2018-02-14 08:05:00+00:00,LONG,4,1,1,1,1,1.23729,1.23649,1.23849,1.23848,TARGET,1.4875000000000305,1.1900000000000244
2018-02-15 05:55:00+00:00,2018-02-15 06:00:00+00:00,2018-02-15 07:05:00+00:00,LONG,2,1,1,1,-1,1.24661,1.24581,1.24781,1.2478,TARGET,1.4875000000000305,1.1900000000000244
2018-02-16 08:55:00+00:00,2018-02-16 09:00:00+00:00,2018-02-16 09:50:00+00:00,LONG,4,1,1,1,1,1.2534500000000002,1.2526500000000003,1.2546500000000003,1.2526400000000002,STOP,-1.0124999999999718,-0.8099999999999774
2018-02-19 05:55:00+00:00,2018-02-19 06:00:00+00:00,2018-02-19 07:15:00+00:00,LONG,2,1,1,1,-1,1.2409700000000001,1.2401700000000002,1.2421700000000002,1.2401600000000002,STOP,-1.0124999999999718,-0.8099999999999774
2018-02-20 06:55:00+00:00,2018-02-20 07:00:00+00:00,2018-02-20 07:05:00+00:00,SHORT,-4,-1,-1,-1,-1,1.2377799999999999,1.2385799999999998,1.2365799999999998,1.2385899999999999,STOP,-1.0124999999999718,-0.8099999999999774
2018-02-21 05:55:00+00:00,2018-02-21 06:00:00+00:00,2018-02-21 06:55:00+00:00,LONG,2,1,1,1,-1,1.23231,1.23151,1.23351,1.2335,TARGET,1.4875000000000305,1.1900000000000244
2018-02-22 06:55:00+00:00,2018-02-22 07:00:00+00:00,2018-02-22 07:40:00+00:00,SHORT,-2,-1,1,-1,-1,1.2265599999999999,1.2273599999999998,1.2253599999999998,1.2273699999999999,STOP,-1.0124999999999718,-0.8099999999999774
2018-02-23 06:55:00+00:00,2018-02-23 07:00:00+00:00,2018-02-23 07:30:00+00:00,SHORT,-4,-1,-1,-1,-1,1.2293699999999999,1.2301699999999998,1.2281699999999998,1.2281799999999998,TARGET,1.4875000000000305,1.1900000000000244
2018-02-26 05:55:00+00:00,2018-02-26 06:00:00+00:00,2018-02-26 07:10:00+00:00,LONG,2,1,-1,1,1,1.2328400000000002,1.2320400000000002,1.2340400000000002,1.2320300000000002,STOP,-1.0124999999999718,-0.8099999999999774
2018-02-27 07:55:00+00:00,2018-02-27 08:00:00+00:00,2018-02-27 08:25:00+00:00,LONG,2,1,1,1,-1,1.23411,1.2333100000000001,1.2353100000000001,1.2333,STOP,-1.0124999999999718,-0.8099999999999774
2018-02-28 05:55:00+00:00,2018-02-28 06:00:00+00:00,2018-02-28 06:15:00+00:00,LONG,2,1,-1,1,1,1.2227400000000002,1.2219400000000002,1.2239400000000002,1.2219300000000002,STOP,-1.0124999999999718,-0.8099999999999774
2018-03-01 05:55:00+00:00,2018-03-01 06:00:00+00:00,2018-03-01 06:50:00+00:00,SHORT,-2,-1,1,-1,-1,1.2192399999999999,1.2200399999999998,1.2180399999999998,1.2200499999999999,STOP,-1.0124999999999718,-0.8099999999999774
2018-03-02 06:55:00+00:00,2018-03-02 07:00:00+00:00,2018-03-02 08:30:00+00:00,SHORT,-2,-1,-1,1,-1,1.22626,1.2270599999999998,1.2250599999999998,1.2270699999999999,STOP,-1.0124999999999718,-0.8099999999999774
2018-03-05 06:55:00+00:00,2018-03-05 07:00:00+00:00,2018-03-05 07:15:00+00:00,SHORT,-4,-1,-1,-1,-1,1.2290999999999999,1.2298999999999998,1.2278999999999998,1.2279099999999998,TARGET,1.4875000000000305,1.1900000000000244
2018-03-06 06:55:00+00:00,2018-03-06 07:00:00+00:00,2018-03-06 07:30:00+00:00,SHORT,-2,-1,1,-1,-1,1.2338399999999998,1.2346399999999997,1.2326399999999997,1.2346499999999998,STOP,-1.0124999999999718,-0.8099999999999774
2018-03-07 05:55:00+00:00,2018-03-07 06:00:00+00:00,2018-03-07 06:15:00+00:00,SHORT,-2,-1,1,-1,-1,1.24183,1.24263,1.24063,1.24264,STOP,-1.0124999999999718,-0.8099999999999774
2018-03-08 05:55:00+00:00,2018-03-08 06:00:00+00:00,2018-03-08 07:35:00+00:00,SHORT,-2,-1,1,-1,-1,1.24038,1.24118,1.23918,1.24119,STOP,-1.0124999999999718,-0.8099999999999774
2018-03-09 07:55:00+00:00,2018-03-09 08:00:00+00:00,2018-03-09 08:15:00+00:00,LONG,2,-1,1,1,1,1.23183,1.23103,1.23303,1.23102,STOP,-1.0124999999999718,-0.8099999999999774
2018-03-12 05:55:00+00:00,2018-03-12 06:00:00+00:00,2018-03-12 07:35:00+00:00,LONG,4,1,1,1,1,1.23201,1.2312100000000001,1.2332100000000001,1.2332,TARGET,1.4875000000000305,1.1900000000000244
2018-03-13 08:55:00+00:00,2018-03-13 09:00:00+00:00,2018-03-13 09:15:00+00:00,LONG,2,1,1,1,-1,1.23342,1.23262,1.23462,1.23261,STOP,-1.0124999999999718,-0.8099999999999774
2018-03-14 05:55:00+00:00,2018-03-14 06:00:00+00:00,2018-03-14 07:10:00+00:00,SHORT,-2,1,-1,-1,-1,1.24043,1.2412299999999998,1.2392299999999998,1.23924,TARGET,1.4875000000000305,1.1900000000000244
2018-03-15 06:55:00+00:00,2018-03-15 07:00:00+00:00,2018-03-15 09:40:00+00:00,SHORT,-4,-1,-1,-1,-1,1.2365599999999999,1.2373599999999998,1.2353599999999998,1.2353699999999999,TARGET,1.4875000000000305,1.1900000000000244
2018-03-16 09:55:00+00:00,2018-03-16 10:00:00+00:00,2018-03-16 10:40:00+00:00,SHORT,-4,-1,-1,-1,-1,1.23228,1.23308,1.23108,1.23309,STOP,-1.0124999999999718,-0.8099999999999774
2018-03-19 06:55:00+00:00,2018-03-19 07:00:00+00:00,2018-03-19 08:25:00+00:00,LONG,2,1,-1,1,1,1.2266700000000001,1.2258700000000002,1.2278700000000002,1.2278600000000002,TARGET,1.4875000000000305,1.1900000000000244
2018-03-20 05:55:00+00:00,2018-03-20 06:00:00+00:00,2018-03-20 06:30:00+00:00,SHORT,-4,-1,-1,-1,-1,1.2336,1.2344,1.2324,1.23441,STOP,-1.0124999999999718,-0.8099999999999774
2018-03-21 06:55:00+00:00,2018-03-21 07:00:00+00:00,2018-03-21 08:15:00+00:00,LONG,2,1,1,1,-1,1.22707,1.2262700000000002,1.2282700000000002,1.2282600000000001,TARGET,1.4875000000000305,1.1900000000000244
2018-03-22 06:55:00+00:00,2018-03-22 07:00:00+00:00,2018-03-22 07:10:00+00:00,SHORT,-2,-1,-1,-1,1,1.23528,1.2360799999999998,1.2340799999999998,1.23609,STOP,-1.0124999999999718,-0.8099999999999774
2018-03-23 05:55:00+00:00,2018-03-23 06:00:00+00:00,2018-03-23 06:20:00+00:00,SHORT,-4,-1,-1,-1,-1,1.2331699999999999,1.2339699999999998,1.2319699999999998,1.2339799999999999,STOP,-1.0124999999999718,-0.8099999999999774
2018-03-26 05:55:00+00:00,2018-03-26 06:00:00+00:00,2018-03-26 07:05:00+00:00,SHORT,-2,-1,-1,-1,1,1.23658,1.23738,1.23538,1.23739,STOP,-1.0124999999999718,-0.8099999999999774
2018-03-27 05:55:00+00:00,2018-03-27 06:00:00+00:00,2018-03-27 06:35:00+00:00,LONG,2,1,-1,1,1,1.24492,1.2441200000000001,1.2461200000000001,1.24611,TARGET,1.4875000000000305,1.1900000000000244
2018-03-28 06:55:00+00:00,2018-03-28 07:00:00+00:00,2018-03-28 07:15:00+00:00,LONG,4,1,1,1,1,1.2394,1.2386000000000001,1.2406000000000001,1.23859,STOP,-1.0124999999999718,-0.8099999999999774
2018-03-29 05:55:00+00:00,2018-03-29 06:00:00+00:00,2018-03-29 06:10:00+00:00,LONG,2,1,1,-1,1,1.23337,1.2325700000000002,1.2345700000000002,1.23256,STOP,-1.0124999999999718,-0.8099999999999774
2018-03-30 09:55:00+00:00,2018-03-30 10:00:00+00:00,2018-03-30 15:35:00+00:00,SHORT,-2,1,-1,-1,-1,1.2326599999999999,1.2334599999999998,1.2314599999999998,1.2314699999999998,TARGET,1.4875000000000305,1.1900000000000244
2018-04-02 06:55:00+00:00,2018-04-02 07:00:00+00:00,2018-04-02 11:30:00+00:00,LONG,4,1,1,1,1,1.23227,1.23147,1.23347,1.23346,TARGET,1.4875000000000305,1.1900000000000244
2018-04-03 07:55:00+00:00,2018-04-03 08:00:00+00:00,2018-04-03 09:15:00+00:00,SHORT,-2,-1,-1,-1,1,1.2324,1.2331999999999999,1.2311999999999999,1.23121,TARGET,1.4875000000000305,1.1900000000000244
2018-04-04 05:55:00+00:00,2018-04-04 06:00:00+00:00,2018-04-04 06:00:00+00:00,LONG,4,1,1,1,1,1.22785,1.2270500000000002,1.2290500000000002,1.2270400000000001,STOP,-1.0124999999999718,-0.8099999999999774
2018-04-05 06:55:00+00:00,2018-04-05 07:00:00+00:00,2018-04-05 07:00:00+00:00,LONG,2,1,1,-1,1,1.22634,1.22554,1.22754,1.22553,STOP,-1.0124999999999718,-0.8099999999999774
2018-04-06 07:55:00+00:00,2018-04-06 08:00:00+00:00,2018-04-06 09:05:00+00:00,LONG,2,-1,1,1,1,1.22276,1.2219600000000002,1.2239600000000002,1.22395,TARGET,1.4875000000000305,1.1900000000000244
2018-04-09 05:55:00+00:00,2018-04-09 06:00:00+00:00,2018-04-09 06:05:00+00:00,LONG,2,1,1,-1,1,1.22824,1.22744,1.22944,1.22743,STOP,-1.0124999999999718,-0.8099999999999774
2018-04-10 11:55:00+00:00,2018-04-10 12:00:00+00:00,2018-04-10 12:50:00+00:00,SHORT,-4,-1,-1,-1,-1,1.23597,1.23677,1.23477,1.23478,TARGET,1.4875000000000305,1.1900000000000244
2018-04-11 08:55:00+00:00,2018-04-11 09:00:00+00:00,2018-04-11 09:10:00+00:00,LONG,2,1,1,-1,1,1.2377500000000001,1.2369500000000002,1.2389500000000002,1.2369400000000002,STOP,-1.0124999999999718,-0.8099999999999774
2018-04-12 05:55:00+00:00,2018-04-12 06:00:00+00:00,2018-04-12 06:10:00+00:00,SHORT,-2,-1,-1,-1,1,1.23566,1.23646,1.23446,1.23647,STOP,-1.0124999999999718,-0.8099999999999774
2018-04-13 05:55:00+00:00,2018-04-13 06:00:00+00:00,2018-04-13 07:30:00+00:00,SHORT,-4,-1,-1,-1,-1,1.23274,1.2335399999999999,1.2315399999999999,1.23355,STOP,-1.0124999999999718,-0.8099999999999774
2018-04-16 05:55:00+00:00,2018-04-16 06:00:00+00:00,2018-04-16 06:25:00+00:00,SHORT,-2,-1,1,-1,-1,1.23297,1.2337699999999998,1.2317699999999998,1.2337799999999999,STOP,-1.0124999999999718,-0.8099999999999774
2018-04-17 06:55:00+00:00,2018-04-17 07:00:00+00:00,2018-04-17 08:40:00+00:00,LONG,2,-1,1,1,1,1.2401900000000001,1.2393900000000002,1.2413900000000002,1.2393800000000001,STOP,-1.0124999999999718,-0.8099999999999774
2018-04-18 05:55:00+00:00,2018-04-18 06:00:00+00:00,2018-04-18 06:25:00+00:00,LONG,2,-1,1,1,1,1.2377,1.2369,1.2389000000000001,1.23689,STOP,-1.0124999999999718,-0.8099999999999774
2018-04-19 05:55:00+00:00,2018-04-19 06:00:00+00:00,2018-04-19 07:00:00+00:00,SHORT,-2,-1,1,-1,-1,1.23743,1.23823,1.23623,1.23824,STOP,-1.0124999999999718,-0.8099999999999774
2018-04-20 06:55:00+00:00,2018-04-20 07:00:00+00:00,2018-04-20 07:00:00+00:00,SHORT,-2,-1,-1,1,-1,1.23421,1.23501,1.23301,1.23502,STOP,-1.0124999999999718,-0.8099999999999774
2018-04-23 05:55:00+00:00,2018-04-23 06:00:00+00:00,2018-04-23 07:00:00+00:00,LONG,2,-1,1,1,1,1.22712,1.22632,1.22832,1.22831,TARGET,1.4875000000000305,1.1900000000000244
2018-04-24 06:55:00+00:00,2018-04-24 07:00:00+00:00,2018-04-24 07:15:00+00:00,SHORT,-4,-1,-1,-1,-1,1.2202,1.2209999999999999,1.2189999999999999,1.22101,STOP,-1.0124999999999718,-0.8099999999999774
2018-04-25 09:55:00+00:00,2018-04-25 10:00:00+00:00,2018-04-25 11:20:00+00:00,SHORT,-4,-1,-1,-1,-1,1.2205599999999999,1.2213599999999998,1.2193599999999998,1.2193699999999998,TARGET,1.4875000000000305,1.1900000000000244
2018-04-26 05:55:00+00:00,2018-04-26 06:00:00+00:00,2018-04-26 07:20:00+00:00,LONG,2,-1,1,1,1,1.21784,1.2170400000000001,1.2190400000000001,1.21703,STOP,-1.0124999999999718,-0.8099999999999774
2018-04-27 09:55:00+00:00,2018-04-27 10:00:00+00:00,2018-04-27 10:35:00+00:00,SHORT,-2,1,-1,-1,-1,1.20821,1.20901,1.20701,1.20902,STOP,-1.0124999999999718,-0.8099999999999774
2018-04-30 05:55:00+00:00,2018-04-30 06:00:00+00:00,2018-04-30 06:10:00+00:00,LONG,2,-1,1,1,1,1.21368,1.2128800000000002,1.2148800000000002,1.2128700000000001,STOP,-1.0124999999999718,-0.8099999999999774
2018-05-01 06:55:00+00:00,2018-05-01 07:00:00+00:00,2018-05-01 08:05:00+00:00,LONG,2,-1,1,1,1,1.2061000000000002,1.2053000000000003,1.2073000000000003,1.2052900000000002,STOP,-1.0124999999999718,-0.8099999999999774
2018-05-02 05:55:00+00:00,2018-05-02 06:00:00+00:00,2018-05-02 06:35:00+00:00,SHORT,-2,1,-1,-1,-1,1.19966,1.2004599999999999,1.1984599999999999,1.20047,STOP,-1.0124999999999718,-0.8099999999999774
2018-05-03 05:55:00+00:00,2018-05-03 06:00:00+00:00,2018-05-03 06:25:00+00:00,SHORT,-4,-1,-1,-1,-1,1.1982899999999999,1.1990899999999998,1.1970899999999998,1.1990999999999998,STOP,-1.0124999999999718,-0.8099999999999774
2018-05-04 06:55:00+00:00,2018-05-04 07:00:00+00:00,2018-05-04 07:20:00+00:00,SHORT,-2,-1,-1,1,-1,1.19657,1.1973699999999998,1.1953699999999998,1.1973799999999999,STOP,-1.0124999999999718,-0.8099999999999774
2018-05-07 05:55:00+00:00,2018-05-07 06:00:00+00:00,2018-05-07 06:00:00+00:00,LONG,2,-1,1,1,1,1.19526,1.19446,1.19646,1.19445,STOP,-1.0124999999999718,-0.8099999999999774
2018-05-08 05:55:00+00:00,2018-05-08 06:00:00+00:00,2018-05-08 07:05:00+00:00,LONG,2,-1,1,1,1,1.19226,1.1914600000000002,1.1934600000000002,1.1914500000000001,STOP,-1.0124999999999718,-0.8099999999999774
2018-05-09 05:55:00+00:00,2018-05-09 06:00:00+00:00,2018-05-09 06:05:00+00:00,LONG,2,1,1,-1,1,1.18514,1.1843400000000002,1.1863400000000002,1.18433,STOP,-1.0124999999999718,-0.8099999999999774
2018-05-10 07:55:00+00:00,2018-05-10 08:00:00+00:00,2018-05-10 08:05:00+00:00,SHORT,-2,1,-1,-1,-1,1.18593,1.1867299999999998,1.1847299999999998,1.18674,STOP,-1.0124999999999718,-0.8099999999999774
2018-05-11 05:55:00+00:00,2018-05-11 06:00:00+00:00,2018-05-11 06:30:00+00:00,LONG,4,1,1,1,1,1.19104,1.1902400000000002,1.1922400000000002,1.1902300000000001,STOP,-1.0124999999999718,-0.8099999999999774
2018-05-14 05:55:00+00:00,2018-05-14 06:00:00+00:00,2018-05-14 06:30:00+00:00,LONG,4,1,1,1,1,1.19676,1.1959600000000001,1.1979600000000001,1.19595,STOP,-1.0124999999999718,-0.8099999999999774
2018-05-15 05:55:00+00:00,2018-05-15 06:00:00+00:00,2018-05-15 06:00:00+00:00,LONG,4,1,1,1,1,1.19207,1.19127,1.19327,1.19126,STOP,-1.0124999999999718,-0.8099999999999774
2018-05-16 05:55:00+00:00,2018-05-16 06:00:00+00:00,2018-05-16 06:10:00+00:00,LONG,4,1,1,1,1,1.1842300000000001,1.1834300000000002,1.1854300000000002,1.1834200000000001,STOP,-1.0124999999999718,-0.8099999999999774
2018-05-17 05:55:00+00:00,2018-05-17 06:00:00+00:00,2018-05-17 06:05:00+00:00,LONG,2,-1,1,1,1,1.18328,1.1824800000000002,1.1844800000000002,1.1824700000000001,STOP,-1.0124999999999718,-0.8099999999999774
2018-05-18 06:55:00+00:00,2018-05-18 07:00:00+00:00,2018-05-18 07:50:00+00:00,LONG,2,-1,1,1,1,1.18167,1.18087,1.18287,1.18086,STOP,-1.0124999999999718,-0.8099999999999774
2018-05-21 05:55:00+00:00,2018-05-21 06:00:00+00:00,2018-05-21 06:10:00+00:00,LONG,2,1,-1,1,1,1.1750500000000001,1.1742500000000002,1.1762500000000002,1.1742400000000002,STOP,-1.0124999999999718,-0.8099999999999774
2018-05-22 05:55:00+00:00,2018-05-22 06:00:00+00:00,2018-05-22 06:10:00+00:00,LONG,4,1,1,1,1,1.17836,1.1775600000000002,1.1795600000000002,1.17755,STOP,-1.0124999999999718,-0.8099999999999774
2018-05-23 05:55:00+00:00,2018-05-23 06:00:00+00:00,2018-05-23 07:00:00+00:00,SHORT,-2,1,-1,-1,-1,1.1762599999999999,1.1770599999999998,1.1750599999999998,1.1750699999999998,TARGET,1.4875000000000305,1.1900000000000244
2018-05-24 06:55:00+00:00,2018-05-24 07:00:00+00:00,2018-05-24 07:20:00+00:00,LONG,2,1,1,-1,1,1.1717600000000001,1.1709600000000002,1.1729600000000002,1.1729500000000002,TARGET,1.4875000000000305,1.1900000000000244
2018-05-25 05:55:00+00:00,2018-05-25 06:00:00+00:00,2018-05-25 07:05:00+00:00,SHORT,-4,-1,-1,-1,-1,1.1705699999999999,1.1713699999999998,1.1693699999999998,1.1693799999999999,TARGET,1.4875000000000305,1.1900000000000244
2018-05-28 05:55:00+00:00,2018-05-28 06:00:00+00:00,2018-05-28 06:10:00+00:00,LONG,2,1,1,1,-1,1.1726800000000002,1.1718800000000003,1.1738800000000003,1.1718700000000002,STOP,-1.0124999999999718,-0.8099999999999774
2018-05-29 05:55:00+00:00,2018-05-29 06:00:00+00:00,2018-05-29 06:15:00+00:00,LONG,2,1,1,1,-1,1.1631,1.1623,1.1643000000000001,1.16229,STOP,-1.0124999999999718,-0.8099999999999774
2018-05-30 05:55:00+00:00,2018-05-30 06:00:00+00:00,2018-05-30 06:15:00+00:00,LONG,2,1,1,1,-1,1.15561,1.1548100000000001,1.1568100000000001,1.1568,TARGET,1.4875000000000305,1.1900000000000244
2018-05-31 06:55:00+00:00,2018-05-31 07:00:00+00:00,2018-05-31 07:30:00+00:00,LONG,4,1,1,1,1,1.16845,1.16765,1.16965,1.16964,TARGET,1.4875000000000305,1.1900000000000244
2018-06-01 05:55:00+00:00,2018-06-01 06:00:00+00:00,2018-06-01 06:15:00+00:00,LONG,2,-1,1,1,1,1.1675600000000002,1.1667600000000002,1.1687600000000002,1.1667500000000002,STOP,-1.0124999999999718,-0.8099999999999774
2018-06-04 05:55:00+00:00,2018-06-04 06:00:00+00:00,2018-06-04 06:35:00+00:00,SHORT,-2,-1,-1,-1,1,1.16906,1.16986,1.16786,1.16787,TARGET,1.4875000000000305,1.1900000000000244
2018-06-05 05:55:00+00:00,2018-06-05 06:00:00+00:00,2018-06-05 06:55:00+00:00,LONG,4,1,1,1,1,1.1691500000000001,1.1683500000000002,1.1703500000000002,1.1703400000000002,TARGET,1.4875000000000305,1.1900000000000244
2018-06-06 06:55:00+00:00,2018-06-06 07:00:00+00:00,2018-06-06 07:00:00+00:00,SHORT,-4,-1,-1,-1,-1,1.17221,1.1730099999999999,1.1710099999999999,1.17302,STOP,-1.0124999999999718,-0.8099999999999774
2018-06-07 08:55:00+00:00,2018-06-07 09:00:00+00:00,2018-06-07 11:10:00+00:00,LONG,4,1,1,1,1,1.18212,1.1813200000000001,1.1833200000000001,1.18331,TARGET,1.4875000000000305,1.1900000000000244
2018-06-08 07:55:00+00:00,2018-06-08 08:00:00+00:00,2018-06-08 08:15:00+00:00,LONG,2,-1,1,1,1,1.17808,1.17728,1.17928,1.17727,STOP,-1.0124999999999718,-0.8099999999999774
2018-06-11 05:55:00+00:00,2018-06-11 06:00:00+00:00,2018-06-11 06:00:00+00:00,SHORT,-2,1,-1,-1,-1,1.17939,1.1801899999999999,1.1781899999999998,1.1802,STOP,-1.0124999999999718,-0.8099999999999774
2018-06-12 05:55:00+00:00,2018-06-12 06:00:00+00:00,2018-06-12 06:20:00+00:00,SHORT,-2,-1,-1,-1,1,1.17689,1.17769,1.17569,1.1757,TARGET,1.4875000000000305,1.1900000000000244
2018-06-13 05:55:00+00:00,2018-06-13 06:00:00+00:00,2018-06-13 06:05:00+00:00,LONG,2,1,1,-1,1,1.17517,1.1743700000000001,1.1763700000000001,1.17436,STOP,-1.0124999999999718,-0.8099999999999774
2018-06-14 06:55:00+00:00,2018-06-14 07:00:00+00:00,2018-06-14 08:55:00+00:00,LONG,2,1,1,1,-1,1.1814500000000001,1.1806500000000002,1.1826500000000002,1.1826400000000001,TARGET,1.4875000000000305,1.1900000000000244
2018-06-15 05:55:00+00:00,2018-06-15 06:00:00+00:00,2018-06-15 06:05:00+00:00,SHORT,-2,1,-1,-1,-1,1.15615,1.15695,1.15495,1.15496,TARGET,1.4875000000000305,1.1900000000000244
2018-06-18 05:55:00+00:00,2018-06-18 06:00:00+00:00,2018-06-18 06:35:00+00:00,SHORT,-4,-1,-1,-1,-1,1.15927,1.16007,1.15807,1.15808,TARGET,1.4875000000000305,1.1900000000000244
2018-06-19 05:55:00+00:00,2018-06-19 06:00:00+00:00,2018-06-19 06:15:00+00:00,SHORT,-2,-1,-1,-1,1,1.16212,1.16292,1.16092,1.16093,TARGET,1.4875000000000305,1.1900000000000244
2018-06-20 05:55:00+00:00,2018-06-20 06:00:00+00:00,2018-06-20 06:00:00+00:00,SHORT,-2,-1,1,-1,-1,1.15723,1.15803,1.15603,1.15804,STOP,-1.0124999999999718,-0.8099999999999774
2018-06-21 06:55:00+00:00,2018-06-21 07:00:00+00:00,2018-06-21 07:05:00+00:00,SHORT,-2,-1,-1,-1,1,1.15405,1.15485,1.15285,1.15486,STOP,-1.0124999999999718,-0.8099999999999774
2018-06-22 05:55:00+00:00,2018-06-22 06:00:00+00:00,2018-06-22 06:05:00+00:00,LONG,2,1,1,1,-1,1.1632500000000001,1.1624500000000002,1.1644500000000002,1.1624400000000001,STOP,-1.0124999999999718,-0.8099999999999774
2018-06-25 05:55:00+00:00,2018-06-25 06:00:00+00:00,2018-06-25 07:00:00+00:00,SHORT,-3,-1,-1,0,-1,1.1641599999999999,1.1649599999999998,1.1629599999999998,1.1629699999999998,TARGET,1.4875000000000305,1.1900000000000244
2018-06-26 05:55:00+00:00,2018-06-26 06:00:00+00:00,2018-06-26 06:25:00+00:00,SHORT,-2,-1,-1,-1,1,1.17099,1.1717899999999999,1.1697899999999999,1.1698,TARGET,1.4875000000000305,1.1900000000000244
2018-06-27 05:55:00+00:00,2018-06-27 06:00:00+00:00,2018-06-27 06:55:00+00:00,LONG,2,1,-1,1,1,1.16534,1.1645400000000001,1.1665400000000001,1.16653,TARGET,1.4875000000000305,1.1900000000000244
2018-06-28 05:55:00+00:00,2018-06-28 06:00:00+00:00,2018-06-28 06:20:00+00:00,LONG,2,-1,1,1,1,1.15562,1.1548200000000002,1.1568200000000002,1.1548100000000001,STOP,-1.0124999999999718,-0.8099999999999774
2018-06-29 06:55:00+00:00,2018-06-29 07:00:00+00:00,2018-06-29 07:00:00+00:00,SHORT,-2,1,-1,-1,-1,1.1633,1.1641,1.1621,1.16411,STOP,-1.0124999999999718,-0.8099999999999774
2018-07-02 06:55:00+00:00,2018-07-02 07:00:00+00:00,2018-07-02 07:00:00+00:00,LONG,2,-1,1,1,1,1.16528,1.1644800000000002,1.1664800000000002,1.1644700000000001,STOP,-1.0124999999999718,-0.8099999999999774
2018-07-03 05:55:00+00:00,2018-07-03 06:00:00+00:00,2018-07-03 06:00:00+00:00,SHORT,-2,-1,1,-1,-1,1.16378,1.16458,1.16258,1.16459,STOP,-1.0124999999999718,-0.8099999999999774
2018-07-04 06:55:00+00:00,2018-07-04 07:00:00+00:00,2018-07-04 07:05:00+00:00,LONG,2,1,1,1,-1,1.16801,1.16721,1.16921,1.1672,STOP,-1.0124999999999718,-0.8099999999999774
2018-07-05 05:55:00+00:00,2018-07-05 06:00:00+00:00,2018-07-05 06:35:00+00:00,LONG,2,1,1,1,-1,1.16941,1.1686100000000001,1.1706100000000002,1.1706,TARGET,1.4875000000000305,1.1900000000000244
2018-07-06 05:55:00+00:00,2018-07-06 06:00:00+00:00,2018-07-06 06:05:00+00:00,LONG,4,1,1,1,1,1.1701000000000001,1.1693000000000002,1.1713000000000002,1.1712900000000002,TARGET,1.4875000000000305,1.1900000000000244
2018-07-09 05:55:00+00:00,2018-07-09 06:00:00+00:00,2018-07-09 06:55:00+00:00,LONG,4,1,1,1,1,1.1769800000000001,1.1761800000000002,1.1781800000000002,1.1761700000000002,STOP,-1.0124999999999718,-0.8099999999999774
2018-07-10 05:55:00+00:00,2018-07-10 06:00:00+00:00,2018-07-10 06:55:00+00:00,SHORT,-4,-1,-1,-1,-1,1.1739499999999998,1.1747499999999997,1.1727499999999997,1.1747599999999998,STOP,-1.0124999999999718,-0.8099999999999774
2018-07-11 05:55:00+00:00,2018-07-11 06:00:00+00:00,2018-07-11 06:20:00+00:00,SHORT,-2,1,-1,-1,-1,1.17288,1.1736799999999998,1.1716799999999998,1.17369,STOP,-1.0124999999999718,-0.8099999999999774
2018-07-12 08:55:00+00:00,2018-07-12 09:00:00+00:00,2018-07-12 09:00:00+00:00,SHORT,-2,-1,-1,1,-1,1.16742,1.1682199999999998,1.1662199999999998,1.1682299999999999,STOP,-1.0124999999999718,-0.8099999999999774
2018-07-13 05:55:00+00:00,2018-07-13 06:00:00+00:00,2018-07-13 06:00:00+00:00,LONG,2,-1,1,1,1,1.16638,1.16558,1.16758,1.16557,STOP,-1.0124999999999718,-0.8099999999999774
2018-07-16 05:55:00+00:00,2018-07-16 06:00:00+00:00,2018-07-16 06:30:00+00:00,LONG,2,1,1,1,-1,1.17028,1.16948,1.17148,1.16947,STOP,-1.0124999999999718,-0.8099999999999774
2018-07-17 06:55:00+00:00,2018-07-17 07:00:00+00:00,2018-07-17 07:50:00+00:00,LONG,4,1,1,1,1,1.17341,1.1726100000000002,1.1746100000000002,1.1726,STOP,-1.0124999999999718,-0.8099999999999774
2018-07-18 05:55:00+00:00,2018-07-18 06:00:00+00:00,2018-07-18 07:30:00+00:00,SHORT,-4,-1,-1,-1,-1,1.16351,1.16431,1.16231,1.16232,TARGET,1.4875000000000305,1.1900000000000244
2018-07-19 05:55:00+00:00,2018-07-19 06:00:00+00:00,2018-07-19 06:20:00+00:00,SHORT,-2,-1,-1,-1,1,1.16408,1.16488,1.16288,1.16289,TARGET,1.4875000000000305,1.1900000000000244
2018-07-20 08:55:00+00:00,2018-07-20 09:00:00+00:00,2018-07-20 09:05:00+00:00,SHORT,-2,-1,-1,-1,1,1.1641299999999999,1.1649299999999998,1.1629299999999998,1.1649399999999999,STOP,-1.0124999999999718,-0.8099999999999774
2018-07-23 05:55:00+00:00,2018-07-23 06:00:00+00:00,2018-07-23 06:15:00+00:00,SHORT,-4,-1,-1,-1,-1,1.1723299999999999,1.1731299999999998,1.1711299999999998,1.1731399999999998,STOP,-1.0124999999999718,-0.8099999999999774
2018-07-24 05:55:00+00:00,2018-07-24 06:00:00+00:00,2018-07-24 06:00:00+00:00,LONG,2,1,1,1,-1,1.1684700000000001,1.1676700000000002,1.1696700000000002,1.1676600000000001,STOP,-1.0124999999999718,-0.8099999999999774
2018-07-25 06:55:00+00:00,2018-07-25 07:00:00+00:00,2018-07-25 07:05:00+00:00,LONG,2,-1,1,1,1,1.16987,1.16907,1.17107,1.16906,STOP,-1.0124999999999718,-0.8099999999999774
2018-07-26 06:55:00+00:00,2018-07-26 07:00:00+00:00,2018-07-26 07:10:00+00:00,SHORT,-2,-1,-1,1,-1,1.1724599999999998,1.1732599999999997,1.1712599999999997,1.1732699999999998,STOP,-1.0124999999999718,-0.8099999999999774
2018-07-27 05:55:00+00:00,2018-07-27 06:00:00+00:00,2018-07-27 06:20:00+00:00,LONG,2,1,-1,1,1,1.16486,1.16406,1.16606,1.16405,STOP,-1.0124999999999718,-0.8099999999999774
2018-07-30 05:55:00+00:00,2018-07-30 06:00:00+00:00,2018-07-30 06:25:00+00:00,LONG,2,-1,1,1,1,1.1664100000000002,1.1656100000000003,1.1676100000000003,1.1656000000000002,STOP,-1.0124999999999718,-0.8099999999999774
2018-07-31 05:55:00+00:00,2018-07-31 06:00:00+00:00,2018-07-31 06:55:00+00:00,SHORT,-2,-1,1,-1,-1,1.17109,1.1718899999999999,1.1698899999999999,1.1719,STOP,-1.0124999999999718,-0.8099999999999774
2018-08-01 06:55:00+00:00,2018-08-01 07:00:00+00:00,2018-08-01 12:10:00+00:00,LONG,2,1,1,1,-1,1.16822,1.1674200000000001,1.1694200000000001,1.16941,TARGET,1.4875000000000305,1.1900000000000244
2018-08-02 05:55:00+00:00,2018-08-02 06:00:00+00:00,2018-08-02 06:10:00+00:00,LONG,2,1,-1,1,1,1.1650800000000001,1.1642800000000002,1.1662800000000002,1.1642700000000001,STOP,-1.0124999999999718,-0.8099999999999774
2018-08-03 07:55:00+00:00,2018-08-03 08:00:00+00:00,2018-08-03 08:05:00+00:00,SHORT,-4,-1,-1,-1,-1,1.15618,1.15698,1.15498,1.15699,STOP,-1.0124999999999718,-0.8099999999999774
2018-08-06 05:55:00+00:00,2018-08-06 06:00:00+00:00,2018-08-06 06:00:00+00:00,LONG,2,1,1,1,-1,1.15591,1.15511,1.15711,1.1551,STOP,-1.0124999999999718,-0.8099999999999774
2018-08-07 05:55:00+00:00,2018-08-07 06:00:00+00:00,2018-08-07 06:20:00+00:00,LONG,3,1,1,1,0,1.15568,1.1548800000000001,1.1568800000000001,1.15687,TARGET,1.4875000000000305,1.1900000000000244
2018-08-08 05:55:00+00:00,2018-08-08 06:00:00+00:00,2018-08-08 07:55:00+00:00,SHORT,-2,1,-1,-1,-1,1.16188,1.16268,1.16068,1.16069,TARGET,1.4875000000000305,1.1900000000000244
2018-08-09 06:55:00+00:00,2018-08-09 07:00:00+00:00,2018-08-09 07:05:00+00:00,LONG,2,1,-1,1,1,1.1603,1.1595000000000002,1.1615000000000002,1.1594900000000001,STOP,-1.0124999999999718,-0.8099999999999774
2018-08-10 05:55:00+00:00,2018-08-10 06:00:00+00:00,2018-08-10 06:05:00+00:00,LONG,2,1,1,1,-1,1.1463400000000001,1.1455400000000002,1.1475400000000002,1.1455300000000002,STOP,-1.0124999999999718,-0.8099999999999774
2018-08-13 05:55:00+00:00,2018-08-13 06:00:00+00:00,2018-08-13 06:10:00+00:00,LONG,4,1,1,1,1,1.1387,1.1379000000000001,1.1399000000000001,1.13989,TARGET,1.4875000000000305,1.1900000000000244
2018-08-14 05:55:00+00:00,2018-08-14 06:00:00+00:00,2018-08-14 06:15:00+00:00,LONG,2,1,1,1,-1,1.1409,1.1401000000000001,1.1421000000000001,1.14209,TARGET,1.4875000000000305,1.1900000000000244
2018-08-15 06:55:00+00:00,2018-08-15 07:00:00+00:00,2018-08-15 07:50:00+00:00,LONG,2,-1,1,1,1,1.1340000000000001,1.1332000000000002,1.1352000000000002,1.1331900000000001,STOP,-1.0124999999999718,-0.8099999999999774
2018-08-16 05:55:00+00:00,2018-08-16 06:00:00+00:00,2018-08-16 06:50:00+00:00,SHORT,-4,-1,-1,-1,-1,1.13912,1.1399199999999998,1.1379199999999998,1.1379299999999999,TARGET,1.4875000000000305,1.1900000000000244
2018-08-17 05:55:00+00:00,2018-08-17 06:00:00+00:00,2018-08-17 06:45:00+00:00,LONG,2,1,1,1,-1,1.13813,1.1373300000000002,1.1393300000000002,1.13932,TARGET,1.4875000000000305,1.1900000000000244
2018-08-20 06:55:00+00:00,2018-08-20 07:00:00+00:00,2018-08-20 07:15:00+00:00,SHORT,-4,-1,-1,-1,-1,1.14137,1.14217,1.14017,1.14218,STOP,-1.0124999999999718,-0.8099999999999774
2018-08-21 05:55:00+00:00,2018-08-21 06:00:00+00:00,2018-08-21 06:05:00+00:00,SHORT,-2,-1,-1,-1,1,1.1527699999999999,1.1535699999999998,1.1515699999999998,1.1535799999999998,STOP,-1.0124999999999718,-0.8099999999999774
2018-08-22 05:55:00+00:00,2018-08-22 06:00:00+00:00,2018-08-22 06:20:00+00:00,SHORT,-2,-1,-1,-1,1,1.1574499999999999,1.1582499999999998,1.1562499999999998,1.1562599999999998,TARGET,1.4875000000000305,1.1900000000000244
2018-08-23 06:55:00+00:00,2018-08-23 07:00:00+00:00,2018-08-23 07:00:00+00:00,SHORT,-2,-1,-1,1,-1,1.15632,1.15712,1.15512,1.15713,STOP,-1.0124999999999718,-0.8099999999999774
2018-08-24 05:55:00+00:00,2018-08-24 06:00:00+00:00,2018-08-24 07:55:00+00:00,SHORT,-2,-1,-1,-1,1,1.15705,1.1578499999999998,1.1558499999999998,1.1558599999999999,TARGET,1.4875000000000305,1.1900000000000244
2018-08-27 05:55:00+00:00,2018-08-27 06:00:00+00:00,2018-08-27 06:15:00+00:00,LONG,2,1,-1,1,1,1.16187,1.16107,1.16307,1.16106,STOP,-1.0124999999999718,-0.8099999999999774
2018-08-28 05:55:00+00:00,2018-08-28 06:00:00+00:00,2018-08-28 06:45:00+00:00,LONG,2,1,1,1,-1,1.16706,1.16626,1.16826,1.16825,TARGET,1.4875000000000305,1.1900000000000244
2018-08-29 07:55:00+00:00,2018-08-29 08:00:00+00:00,2018-08-29 08:15:00+00:00,SHORT,-2,-1,-1,-1,1,1.16656,1.16736,1.16536,1.16737,STOP,-1.0124999999999718,-0.8099999999999774
2018-08-30 06:55:00+00:00,2018-08-30 07:00:00+00:00,2018-08-30 07:10:00+00:00,LONG,4,1,1,1,1,1.17038,1.16958,1.17158,1.17157,TARGET,1.4875000000000305,1.1900000000000244
2018-08-31 05:55:00+00:00,2018-08-31 06:00:00+00:00,2018-08-31 07:10:00+00:00,SHORT,-2,-1,-1,-1,1,1.1681,1.1688999999999998,1.1668999999999998,1.16891,STOP,-1.0124999999999718,-0.8099999999999774
2018-09-03 06:55:00+00:00,2018-09-03 07:00:00+00:00,2018-09-03 07:30:00+00:00,SHORT,-2,-1,-1,1,-1,1.16,1.1607999999999998,1.1587999999999998,1.16081,STOP,-1.0124999999999718,-0.8099999999999774
2018-09-04 10:55:00+00:00,2018-09-04 11:00:00+00:00,2018-09-04 11:15:00+00:00,LONG,2,1,1,1,-1,1.1561400000000002,1.1553400000000003,1.1573400000000003,1.1553300000000002,STOP,-1.0124999999999718,-0.8099999999999774
2018-09-05 05:55:00+00:00,2018-09-05 06:00:00+00:00,2018-09-05 06:05:00+00:00,LONG,2,-1,1,1,1,1.1593600000000002,1.1585600000000003,1.1605600000000003,1.1585500000000002,STOP,-1.0124999999999718,-0.8099999999999774
2018-09-06 07:55:00+00:00,2018-09-06 08:00:00+00:00,2018-09-06 08:05:00+00:00,SHORT,-2,-1,-1,-1,1,1.16225,1.16305,1.16105,1.16306,STOP,-1.0124999999999718,-0.8099999999999774
2018-09-07 05:55:00+00:00,2018-09-07 06:00:00+00:00,2018-09-07 06:05:00+00:00,SHORT,-2,-1,1,-1,-1,1.16242,1.16322,1.16122,1.16323,STOP,-1.0124999999999718,-0.8099999999999774
2018-09-10 05:55:00+00:00,2018-09-10 06:00:00+00:00,2018-09-10 06:40:00+00:00,LONG,2,1,1,1,-1,1.15518,1.1543800000000002,1.1563800000000002,1.1543700000000001,STOP,-1.0124999999999718,-0.8099999999999774
2018-09-11 05:55:00+00:00,2018-09-11 06:00:00+00:00,2018-09-11 06:45:00+00:00,LONG,4,1,1,1,1,1.16126,1.16046,1.16246,1.16245,TARGET,1.4875000000000305,1.1900000000000244
2018-09-12 05:55:00+00:00,2018-09-12 06:00:00+00:00,2018-09-12 06:15:00+00:00,LONG,2,1,1,1,-1,1.1584,1.1576000000000002,1.1596000000000002,1.1595900000000001,TARGET,1.4875000000000305,1.1900000000000244
2018-09-13 06:55:00+00:00,2018-09-13 07:00:00+00:00,2018-09-13 09:00:00+00:00,SHORT,-2,-1,-1,1,-1,1.16241,1.1632099999999999,1.1612099999999999,1.16122,TARGET,1.4875000000000305,1.1900000000000244
2018-09-14 06:55:00+00:00,2018-09-14 07:00:00+00:00,2018-09-14 07:35:00+00:00,SHORT,-4,-1,-1,-1,-1,1.17058,1.1713799999999999,1.1693799999999999,1.17139,STOP,-1.0124999999999718,-0.8099999999999774
2018-09-17 05:55:00+00:00,2018-09-17 06:00:00+00:00,2018-09-17 06:30:00+00:00,LONG,2,-1,1,1,1,1.1637600000000001,1.1629600000000002,1.1649600000000002,1.1629500000000002,STOP,-1.0124999999999718,-0.8099999999999774
2018-09-18 05:55:00+00:00,2018-09-18 06:00:00+00:00,2018-09-18 06:10:00+00:00,LONG,4,1,1,1,1,1.1699300000000001,1.1691300000000002,1.1711300000000002,1.1711200000000002,TARGET,1.4875000000000305,1.1900000000000244
2018-09-19 06:55:00+00:00,2018-09-19 07:00:00+00:00,2018-09-19 07:05:00+00:00,SHORT,-2,-1,-1,-1,1,1.16777,1.1685699999999999,1.1665699999999999,1.16858,STOP,-1.0124999999999718,-0.8099999999999774
2018-09-20 06:55:00+00:00,2018-09-20 07:00:00+00:00,2018-09-20 07:05:00+00:00,SHORT,-4,-1,-1,-1,-1,1.1683999999999999,1.1691999999999998,1.1671999999999998,1.1692099999999999,STOP,-1.0124999999999718,-0.8099999999999774
2018-09-21 05:55:00+00:00,2018-09-21 06:00:00+00:00,2018-09-21 06:10:00+00:00,LONG,2,1,1,1,-1,1.17849,1.1776900000000001,1.1796900000000001,1.17768,STOP,-1.0124999999999718,-0.8099999999999774
2018-09-24 05:55:00+00:00,2018-09-24 06:00:00+00:00,2018-09-24 07:05:00+00:00,SHORT,-4,-1,-1,-1,-1,1.1732099999999999,1.1740099999999998,1.1720099999999998,1.1740199999999998,STOP,-1.0124999999999718,-0.8099999999999774
2018-09-25 05:55:00+00:00,2018-09-25 06:00:00+00:00,2018-09-25 06:35:00+00:00,LONG,2,1,-1,1,1,1.17482,1.17402,1.17602,1.17601,TARGET,1.4875000000000305,1.1900000000000244
2018-09-26 08:55:00+00:00,2018-09-26 09:00:00+00:00,2018-09-26 10:25:00+00:00,SHORT,-2,-1,-1,1,-1,1.1767299999999998,1.1775299999999997,1.1755299999999997,1.1755399999999998,TARGET,1.4875000000000305,1.1900000000000244
2018-09-27 06:55:00+00:00,2018-09-27 07:00:00+00:00,2018-09-27 07:00:00+00:00,LONG,2,-1,1,1,1,1.1707100000000001,1.1699100000000002,1.1719100000000002,1.1699000000000002,STOP,-1.0124999999999718,-0.8099999999999774
2018-09-28 05:55:00+00:00,2018-09-28 06:00:00+00:00,2018-09-28 06:05:00+00:00,LONG,2,1,-1,1,1,1.1649100000000001,1.1641100000000002,1.1661100000000002,1.1641000000000001,STOP,-1.0124999999999718,-0.8099999999999774
2018-10-01 05:55:00+00:00,2018-10-01 06:00:00+00:00,2018-10-01 06:50:00+00:00,SHORT,-2,-1,-1,1,-1,1.15888,1.1596799999999998,1.1576799999999998,1.1576899999999999,TARGET,1.4875000000000305,1.1900000000000244
2018-10-02 05:55:00+00:00,2018-10-02 06:00:00+00:00,2018-10-02 06:55:00+00:00,SHORT,-2,-1,-1,-1,1,1.15472,1.1555199999999999,1.1535199999999999,1.15353,TARGET,1.4875000000000305,1.1900000000000244
2018-10-03 06:55:00+00:00,2018-10-03 07:00:00+00:00,2018-10-03 08:05:00+00:00,SHORT,-2,-1,-1,-1,1,1.1582299999999999,1.1590299999999998,1.1570299999999998,1.1570399999999998,TARGET,1.4875000000000305,1.1900000000000244
2018-10-04 05:55:00+00:00,2018-10-04 06:00:00+00:00,2018-10-04 06:30:00+00:00,SHORT,-4,-1,-1,-1,-1,1.1473499999999999,1.1481499999999998,1.1461499999999998,1.1481599999999998,STOP,-1.0124999999999718,-0.8099999999999774
2018-10-05 05:55:00+00:00,2018-10-05 06:00:00+00:00,2018-10-05 06:10:00+00:00,SHORT,-2,-1,-1,1,-1,1.1498199999999998,1.1506199999999998,1.1486199999999998,1.1506299999999998,STOP,-1.0124999999999718,-0.8099999999999774
2018-10-08 05:55:00+00:00,2018-10-08 06:00:00+00:00,2018-10-08 06:30:00+00:00,LONG,2,1,-1,1,1,1.15108,1.1502800000000002,1.1522800000000002,1.1502700000000001,STOP,-1.0124999999999718,-0.8099999999999774
2018-10-09 05:55:00+00:00,2018-10-09 06:00:00+00:00,2018-10-09 06:15:00+00:00,SHORT,-4,-1,-1,-1,-1,1.14946,1.1502599999999998,1.1482599999999998,1.14827,TARGET,1.4875000000000305,1.1900000000000244
2018-10-10 07:55:00+00:00,2018-10-10 08:00:00+00:00,2018-10-10 08:10:00+00:00,LONG,2,1,1,1,-1,1.1494300000000002,1.1486300000000003,1.1506300000000003,1.1486200000000002,STOP,-1.0124999999999718,-0.8099999999999774
2018-10-11 05:55:00+00:00,2018-10-11 06:00:00+00:00,2018-10-11 06:35:00+00:00,SHORT,-2,-1,-1,-1,1,1.1555,1.1562999999999999,1.1542999999999999,1.15431,TARGET,1.4875000000000305,1.1900000000000244
2018-10-12 05:55:00+00:00,2018-10-12 06:00:00+00:00,2018-10-12 07:00:00+00:00,SHORT,-2,-1,-1,-1,1,1.15905,1.1598499999999998,1.1578499999999998,1.15986,STOP,-1.0124999999999718,-0.8099999999999774
2018-10-15 06:55:00+00:00,2018-10-15 07:00:00+00:00,2018-10-15 09:05:00+00:00,LONG,4,1,1,1,1,1.1564400000000001,1.1556400000000002,1.1576400000000002,1.1576300000000002,TARGET,1.4875000000000305,1.1900000000000244
2018-10-16 07:55:00+00:00,2018-10-16 08:00:00+00:00,2018-10-16 09:00:00+00:00,SHORT,-2,1,-1,-1,-1,1.15936,1.1601599999999999,1.1581599999999999,1.15817,TARGET,1.4875000000000305,1.1900000000000244
2018-10-17 08:55:00+00:00,2018-10-17 09:00:00+00:00,2018-10-17 09:05:00+00:00,SHORT,-2,-1,-1,-1,1,1.15651,1.1573099999999998,1.1553099999999998,1.15532,TARGET,1.4875000000000305,1.1900000000000244
2018-10-18 05:55:00+00:00,2018-10-18 06:00:00+00:00,2018-10-18 07:20:00+00:00,SHORT,-2,-1,-1,-1,1,1.14909,1.1498899999999999,1.1478899999999999,1.1499,STOP,-1.0124999999999718,-0.8099999999999774
2018-10-19 07:55:00+00:00,2018-10-19 08:00:00+00:00,2018-10-19 09:55:00+00:00,LONG,2,-1,1,1,1,1.14469,1.14389,1.14589,1.14588,TARGET,1.4875000000000305,1.1900000000000244
2018-10-22 06:55:00+00:00,2018-10-22 07:00:00+00:00,2018-10-22 07:50:00+00:00,LONG,2,1,1,-1,1,1.1543400000000001,1.1535400000000002,1.1555400000000002,1.1535300000000002,STOP,-1.0124999999999718,-0.8099999999999774
2018-10-23 05:55:00+00:00,2018-10-23 06:00:00+00:00,2018-10-23 06:05:00+00:00,SHORT,-2,-1,-1,-1,1,1.1454199999999999,1.1462199999999998,1.1442199999999998,1.1442299999999999,TARGET,1.4875000000000305,1.1900000000000244
2018-10-24 06:55:00+00:00,2018-10-24 07:00:00+00:00,2018-10-24 07:00:00+00:00,SHORT,-2,-1,-1,-1,1,1.14594,1.1467399999999999,1.1447399999999999,1.14675,STOP,-1.0124999999999718,-0.8099999999999774
2018-10-25 06:55:00+00:00,2018-10-25 07:00:00+00:00,2018-10-25 07:35:00+00:00,SHORT,-2,-1,-1,-1,1,1.1411,1.1419,1.1399,1.13991,TARGET,1.4875000000000305,1.1900000000000244
2018-10-26 06:55:00+00:00,2018-10-26 07:00:00+00:00,2018-10-26 07:05:00+00:00,SHORT,-2,1,-1,-1,-1,1.1368,1.1376,1.1356,1.13761,STOP,-1.0124999999999718,-0.8099999999999774
2018-10-29 05:55:00+00:00,2018-10-29 06:00:00+00:00,2018-10-29 07:25:00+00:00,LONG,2,1,1,-1,1,1.13962,1.1388200000000002,1.1408200000000002,1.14081,TARGET,1.4875000000000305,1.1900000000000244
2018-10-30 06:55:00+00:00,2018-10-30 07:00:00+00:00,2018-10-30 07:05:00+00:00,LONG,2,1,1,1,-1,1.13748,1.1366800000000001,1.1386800000000001,1.13867,TARGET,1.4875000000000305,1.1900000000000244
2018-10-31 05:55:00+00:00,2018-10-31 06:00:00+00:00,2018-10-31 08:00:00+00:00,LONG,2,1,1,-1,1,1.13425,1.13345,1.13545,1.13544,TARGET,1.4875000000000305,1.1900000000000244
2018-11-01 05:55:00+00:00,2018-11-01 06:00:00+00:00,2018-11-01 06:45:00+00:00,SHORT,-2,1,-1,-1,-1,1.13418,1.1349799999999999,1.1329799999999999,1.13499,STOP,-1.0124999999999718,-0.8099999999999774
2018-11-02 06:55:00+00:00,2018-11-02 07:00:00+00:00,2018-11-02 07:05:00+00:00,SHORT,-2,-1,1,-1,-1,1.142,1.1427999999999998,1.1407999999999998,1.1428099999999999,STOP,-1.0124999999999718,-0.8099999999999774
2018-11-05 06:55:00+00:00,2018-11-05 07:00:00+00:00,2018-11-05 07:05:00+00:00,SHORT,-4,-1,-1,-1,-1,1.1388399999999999,1.1396399999999998,1.1376399999999998,1.1396499999999998,STOP,-1.0124999999999718,-0.8099999999999774
2018-11-06 05:55:00+00:00,2018-11-06 06:00:00+00:00,2018-11-06 07:25:00+00:00,LONG,2,-1,1,1,1,1.14057,1.1397700000000002,1.1417700000000002,1.14176,TARGET,1.4875000000000305,1.1900000000000244
2018-11-07 06:55:00+00:00,2018-11-07 07:00:00+00:00,2018-11-07 07:05:00+00:00,SHORT,-4,-1,-1,-1,-1,1.14351,1.14431,1.14231,1.14432,STOP,-1.0124999999999718,-0.8099999999999774
2018-11-08 05:55:00+00:00,2018-11-08 06:00:00+00:00,2018-11-08 07:05:00+00:00,LONG,2,1,-1,1,1,1.14342,1.1426200000000002,1.1446200000000002,1.1426100000000001,STOP,-1.0124999999999718,-0.8099999999999774
2018-11-09 05:55:00+00:00,2018-11-09 06:00:00+00:00,2018-11-09 07:00:00+00:00,LONG,4,1,1,1,1,1.1349500000000001,1.1341500000000002,1.1361500000000002,1.1341400000000001,STOP,-1.0124999999999718,-0.8099999999999774
2018-11-12 05:55:00+00:00,2018-11-12 06:00:00+00:00,2018-11-12 06:40:00+00:00,SHORT,-2,1,-1,-1,-1,1.13096,1.1317599999999999,1.1297599999999999,1.12977,TARGET,1.4875000000000305,1.1900000000000244
2018-11-13 05:55:00+00:00,2018-11-13 06:00:00+00:00,2018-11-13 06:50:00+00:00,SHORT,-4,-1,-1,-1,-1,1.1239599999999998,1.1247599999999998,1.1227599999999998,1.1247699999999998,STOP,-1.0124999999999718,-0.8099999999999774
2018-11-14 08:55:00+00:00,2018-11-14 09:00:00+00:00,2018-11-14 09:45:00+00:00,SHORT,-2,-1,-1,-1,1,1.12824,1.1290399999999998,1.1270399999999998,1.1270499999999999,TARGET,1.4875000000000305,1.1900000000000244
2018-11-15 05:55:00+00:00,2018-11-15 06:00:00+00:00,2018-11-15 06:10:00+00:00,SHORT,-2,-1,1,-1,-1,1.13324,1.13404,1.13204,1.13405,STOP,-1.0124999999999718,-0.8099999999999774
2018-11-16 07:55:00+00:00,2018-11-16 08:00:00+00:00,2018-11-16 08:05:00+00:00,SHORT,-4,-1,-1,-1,-1,1.13425,1.13505,1.13305,1.13506,STOP,-1.0124999999999718,-0.8099999999999774
2018-11-19 06:55:00+00:00,2018-11-19 07:00:00+00:00,2018-11-19 07:10:00+00:00,SHORT,-2,1,-1,-1,-1,1.14027,1.1410699999999998,1.1390699999999998,1.1410799999999999,STOP,-1.0124999999999718,-0.8099999999999774
2018-11-20 07:55:00+00:00,2018-11-20 08:00:00+00:00,2018-11-20 08:00:00+00:00,SHORT,-2,-1,-1,1,-1,1.1457499999999998,1.1465499999999997,1.1445499999999997,1.1465599999999998,STOP,-1.0124999999999718,-0.8099999999999774
2018-11-21 06:55:00+00:00,2018-11-21 07:00:00+00:00,2018-11-21 08:35:00+00:00,LONG,2,1,1,1,-1,1.13931,1.1385100000000001,1.1405100000000001,1.1405,TARGET,1.4875000000000305,1.1900000000000244
2018-11-22 08:55:00+00:00,2018-11-22 09:00:00+00:00,2018-11-22 10:15:00+00:00,LONG,2,1,-1,1,1,1.14036,1.1395600000000001,1.1415600000000001,1.14155,TARGET,1.4875000000000305,1.1900000000000244
2018-11-23 06:55:00+00:00,2018-11-23 07:00:00+00:00,2018-11-23 08:30:00+00:00,SHORT,-4,-1,-1,-1,-1,1.1413,1.1421,1.1401,1.14011,TARGET,1.4875000000000305,1.1900000000000244
2018-11-26 05:55:00+00:00,2018-11-26 06:00:00+00:00,2018-11-26 07:00:00+00:00,LONG,2,-1,1,1,1,1.13481,1.1340100000000002,1.1360100000000002,1.1360000000000001,TARGET,1.4875000000000305,1.1900000000000244
2018-11-27 05:55:00+00:00,2018-11-27 06:00:00+00:00,2018-11-27 06:40:00+00:00,LONG,2,1,1,-1,1,1.13429,1.13349,1.13549,1.13348,STOP,-1.0124999999999718,-0.8099999999999774
2018-11-28 05:55:00+00:00,2018-11-28 06:00:00+00:00,2018-11-28 07:45:00+00:00,SHORT,-4,-1,-1,-1,-1,1.1294199999999999,1.1302199999999998,1.1282199999999998,1.1282299999999998,TARGET,1.4875000000000305,1.1900000000000244
2018-11-29 06:55:00+00:00,2018-11-29 07:00:00+00:00,2018-11-29 07:30:00+00:00,SHORT,-4,-1,-1,-1,-1,1.1380599999999998,1.1388599999999998,1.1368599999999998,1.1388699999999998,STOP,-1.0124999999999718,-0.8099999999999774
2018-11-30 06:55:00+00:00,2018-11-30 07:00:00+00:00,2018-11-30 08:05:00+00:00,SHORT,-2,1,-1,-1,-1,1.13906,1.1398599999999999,1.1378599999999999,1.13787,TARGET,1.4875000000000305,1.1900000000000244
2018-12-03 05:55:00+00:00,2018-12-03 06:00:00+00:00,2018-12-03 06:50:00+00:00,LONG,4,1,1,1,1,1.1366500000000002,1.1358500000000002,1.1378500000000003,1.1358400000000002,STOP,-1.0124999999999718,-0.8099999999999774
2018-12-04 07:55:00+00:00,2018-12-04 08:00:00+00:00,2018-12-04 08:10:00+00:00,LONG,2,-1,1,1,1,1.13808,1.13728,1.13928,1.13927,TARGET,1.4875000000000305,1.1900000000000244
2018-12-05 05:55:00+00:00,2018-12-05 06:00:00+00:00,2018-12-05 06:30:00+00:00,SHORT,-2,1,-1,-1,-1,1.13194,1.1327399999999999,1.1307399999999999,1.13275,STOP,-1.0124999999999718,-0.8099999999999774
2018-12-06 05:55:00+00:00,2018-12-06 06:00:00+00:00,2018-12-06 06:35:00+00:00,SHORT,-4,-1,-1,-1,-1,1.1345399999999999,1.1353399999999998,1.1333399999999998,1.1333499999999999,TARGET,1.4875000000000305,1.1900000000000244
2018-12-07 06:55:00+00:00,2018-12-07 07:00:00+00:00,2018-12-07 07:00:00+00:00,LONG,4,1,1,1,1,1.1374,1.1366,1.1386,1.13659,STOP,-1.0124999999999718,-0.8099999999999774
2018-12-10 07:55:00+00:00,2018-12-10 08:00:00+00:00,2018-12-10 08:10:00+00:00,SHORT,-2,1,-1,-1,-1,1.1425999999999998,1.1433999999999997,1.1413999999999997,1.1434099999999998,STOP,-1.0124999999999718,-0.8099999999999774
2018-12-11 07:55:00+00:00,2018-12-11 08:00:00+00:00,2018-12-11 08:00:00+00:00,SHORT,-2,-1,-1,-1,1,1.1368,1.1376,1.1356,1.13761,STOP,-1.0124999999999718,-0.8099999999999774
2018-12-12 08:55:00+00:00,2018-12-12 09:00:00+00:00,2018-12-12 09:30:00+00:00,SHORT,-4,-1,-1,-1,-1,1.13219,1.13299,1.13099,1.133,STOP,-1.0124999999999718,-0.8099999999999774
2018-12-13 05:55:00+00:00,2018-12-13 06:00:00+00:00,2018-12-13 07:00:00+00:00,SHORT,-4,-1,-1,-1,-1,1.13658,1.1373799999999998,1.1353799999999998,1.13739,STOP,-1.0124999999999718,-0.8099999999999774
2018-12-14 07:55:00+00:00,2018-12-14 08:00:00+00:00,2018-12-14 08:15:00+00:00,LONG,2,-1,1,1,1,1.13557,1.13477,1.13677,1.13476,STOP,-1.0124999999999718,-0.8099999999999774
2018-12-17 08:55:00+00:00,2018-12-17 09:00:00+00:00,2018-12-17 10:05:00+00:00,LONG,2,1,1,1,-1,1.1323800000000002,1.1315800000000003,1.1335800000000003,1.1335700000000002,TARGET,1.4875000000000305,1.1900000000000244
2018-12-18 05:55:00+00:00,2018-12-18 06:00:00+00:00,2018-12-18 07:00:00+00:00,LONG,2,1,1,1,-1,1.1345500000000002,1.1337500000000003,1.1357500000000003,1.1337400000000002,STOP,-1.0124999999999718,-0.8099999999999774
2018-12-19 05:55:00+00:00,2018-12-19 06:00:00+00:00,2018-12-19 07:40:00+00:00,LONG,2,-1,1,1,1,1.1387800000000001,1.1379800000000002,1.1399800000000002,1.1399700000000001,TARGET,1.4875000000000305,1.1900000000000244
2018-12-20 05:55:00+00:00,2018-12-20 06:00:00+00:00,2018-12-20 06:55:00+00:00,LONG,2,1,1,1,-1,1.13894,1.1381400000000002,1.1401400000000002,1.14013,TARGET,1.4875000000000305,1.1900000000000244
2018-12-21 05:55:00+00:00,2018-12-21 06:00:00+00:00,2018-12-21 06:40:00+00:00,SHORT,-2,-1,1,-1,-1,1.1446399999999999,1.1454399999999998,1.1434399999999998,1.1454499999999999,STOP,-1.0124999999999718,-0.8099999999999774
2018-12-24 07:55:00+00:00,2018-12-24 08:00:00+00:00,2018-12-24 08:10:00+00:00,SHORT,-2,-1,-1,1,-1,1.13771,1.13851,1.13651,1.13852,STOP,-1.0124999999999718,-0.8099999999999774
2018-12-26 05:55:00+00:00,2018-12-26 06:00:00+00:00,2018-12-26 08:15:00+00:00,LONG,2,1,1,1,-1,1.14029,1.1394900000000001,1.1414900000000001,1.13948,STOP,-1.0124999999999718,-0.8099999999999774
2018-12-27 06:55:00+00:00,2018-12-27 07:00:00+00:00,2018-12-27 08:20:00+00:00,SHORT,-2,-1,-1,-1,1,1.13834,1.1391399999999998,1.1371399999999998,1.1391499999999999,STOP,-1.0124999999999718,-0.8099999999999774
2018-12-28 05:55:00+00:00,2018-12-28 06:00:00+00:00,2018-12-28 06:50:00+00:00,SHORT,-2,-1,-1,-1,1,1.14544,1.14624,1.14424,1.14625,STOP,-1.0124999999999718,-0.8099999999999774
2018-12-31 05:55:00+00:00,2018-12-31 06:00:00+00:00,2018-12-31 07:55:00+00:00,LONG,2,1,-1,1,1,1.14293,1.14213,1.14413,1.14412,TARGET,1.4875000000000305,1.1900000000000244
2019-01-02 05:55:00+00:00,2019-01-02 06:00:00+00:00,2019-01-02 06:10:00+00:00,LONG,4,1,1,1,1,1.14784,1.14704,1.14904,1.14903,TARGET,1.4875000000000305,1.1900000000000244
2019-01-03 06:55:00+00:00,2019-01-03 07:00:00+00:00,2019-01-03 07:20:00+00:00,LONG,2,1,1,-1,1,1.13727,1.13647,1.13847,1.13646,STOP,-1.0124999999999718,-0.8099999999999774
2019-01-04 05:55:00+00:00,2019-01-04 06:00:00+00:00,2019-01-04 07:10:00+00:00,SHORT,-4,-1,-1,-1,-1,1.13899,1.1397899999999999,1.1377899999999999,1.1398,STOP,-1.0124999999999718,-0.8099999999999774
2019-01-07 06:55:00+00:00,2019-01-07 07:00:00+00:00,2019-01-07 07:50:00+00:00,SHORT,-2,-1,-1,-1,1,1.14166,1.1424599999999998,1.1404599999999998,1.1424699999999999,STOP,-1.0124999999999718,-0.8099999999999774
2019-01-08 06:55:00+00:00,2019-01-08 07:00:00+00:00,2019-01-08 09:05:00+00:00,SHORT,-2,1,-1,-1,-1,1.1445699999999999,1.1453699999999998,1.1433699999999998,1.1453799999999998,STOP,-1.0124999999999718,-0.8099999999999774
2019-01-09 05:55:00+00:00,2019-01-09 06:00:00+00:00,2019-01-09 07:45:00+00:00,LONG,2,1,1,1,-1,1.1461000000000001,1.1453000000000002,1.1473000000000002,1.1472900000000001,TARGET,1.4875000000000305,1.1900000000000244
2019-01-10 05:55:00+00:00,2019-01-10 06:00:00+00:00,2019-01-10 06:30:00+00:00,LONG,4,1,1,1,1,1.15608,1.15528,1.15728,1.15527,STOP,-1.0124999999999718,-0.8099999999999774
2019-01-11 05:55:00+00:00,2019-01-11 06:00:00+00:00,2019-01-11 10:50:00+00:00,SHORT,-2,-1,-1,1,-1,1.15252,1.15332,1.15132,1.15333,STOP,-1.0124999999999718,-0.8099999999999774
2019-01-14 06:55:00+00:00,2019-01-14 07:00:00+00:00,2019-01-14 07:15:00+00:00,LONG,2,-1,1,1,1,1.14748,1.1466800000000001,1.1486800000000001,1.14667,STOP,-1.0124999999999718,-0.8099999999999774
2019-01-15 06:55:00+00:00,2019-01-15 07:00:00+00:00,2019-01-15 08:05:00+00:00,LONG,2,-1,1,1,1,1.14764,1.14684,1.14884,1.14683,STOP,-1.0124999999999718,-0.8099999999999774
2019-01-16 06:55:00+00:00,2019-01-16 07:00:00+00:00,2019-01-16 07:05:00+00:00,SHORT,-2,1,-1,-1,-1,1.13978,1.14058,1.13858,1.14059,STOP,-1.0124999999999718,-0.8099999999999774
2019-01-17 05:55:00+00:00,2019-01-17 06:00:00+00:00,2019-01-17 07:10:00+00:00,LONG,2,-1,1,1,1,1.1387800000000001,1.1379800000000002,1.1399800000000002,1.1379700000000001,STOP,-1.0124999999999718,-0.8099999999999774
2019-01-18 05:55:00+00:00,2019-01-18 06:00:00+00:00,2019-01-18 10:00:00+00:00,LONG,2,1,-1,1,1,1.13896,1.13816,1.14016,1.14015,TARGET,1.4875000000000305,1.1900000000000244
2019-01-21 07:55:00+00:00,2019-01-21 08:00:00+00:00,2019-01-21 08:30:00+00:00,LONG,2,1,1,1,-1,1.1385,1.1377000000000002,1.1397000000000002,1.13769,STOP,-1.0124999999999718,-0.8099999999999774
2019-01-22 05:55:00+00:00,2019-01-22 06:00:00+00:00,2019-01-22 09:40:00+00:00,SHORT,-2,-1,1,-1,-1,1.1357199999999998,1.1365199999999998,1.1345199999999998,1.1365299999999998,STOP,-1.0124999999999718,-0.8099999999999774
2019-01-23 06:55:00+00:00,2019-01-23 07:00:00+00:00,2019-01-23 07:50:00+00:00,LONG,2,-1,1,1,1,1.13718,1.1363800000000002,1.1383800000000002,1.13637,STOP,-1.0124999999999718,-0.8099999999999774
2019-01-24 05:55:00+00:00,2019-01-24 06:00:00+00:00,2019-01-24 06:40:00+00:00,LONG,2,1,1,1,-1,1.13857,1.1377700000000002,1.1397700000000002,1.13776,STOP,-1.0124999999999718,-0.8099999999999774
2019-01-25 05:55:00+00:00,2019-01-25 06:00:00+00:00,2019-01-25 09:00:00+00:00,SHORT,-2,1,-1,-1,-1,1.13221,1.1330099999999999,1.1310099999999998,1.13302,STOP,-1.0124999999999718,-0.8099999999999774
2019-01-28 11:55:00+00:00,2019-01-28 12:00:00+00:00,2019-01-28 12:10:00+00:00,SHORT,-2,1,-1,-1,-1,1.1406699999999999,1.1414699999999998,1.1394699999999998,1.1414799999999998,STOP,-1.0124999999999718,-0.8099999999999774
2019-01-29 05:55:00+00:00,2019-01-29 06:00:00+00:00,2019-01-29 08:25:00+00:00,LONG,4,1,1,1,1,1.1433200000000001,1.1425200000000002,1.1445200000000002,1.1445100000000001,TARGET,1.4875000000000305,1.1900000000000244
2019-01-30 05:55:00+00:00,2019-01-30 06:00:00+00:00,2019-01-30 06:55:00+00:00,LONG,2,1,-1,1,1,1.14453,1.1437300000000001,1.1457300000000001,1.14372,STOP,-1.0124999999999718,-0.8099999999999774
2019-01-31 05:55:00+00:00,2019-01-31 06:00:00+00:00,2019-01-31 07:25:00+00:00,SHORT,-4,-1,-1,-1,-1,1.15048,1.1512799999999999,1.1492799999999999,1.15129,STOP,-1.0124999999999718,-0.8099999999999774
2019-02-01 06:55:00+00:00,2019-02-01 07:00:00+00:00,2019-02-01 09:15:00+00:00,LONG,2,-1,1,1,1,1.1442400000000001,1.1434400000000002,1.1454400000000002,1.1454300000000002,TARGET,1.4875000000000305,1.1900000000000244
2019-02-04 06:55:00+00:00,2019-02-04 07:00:00+00:00,2019-02-04 12:55:00+00:00,LONG,2,-1,1,1,1,1.1444400000000001,1.1436400000000002,1.1456400000000002,1.14476,TIME,0.3999999999998449,0.31999999999987594
2019-02-05 05:55:00+00:00,2019-02-05 06:00:00+00:00,2019-02-05 07:15:00+00:00,LONG,2,1,-1,1,1,1.14344,1.14264,1.14464,1.14263,STOP,-1.0124999999999718,-0.8099999999999774
2019-02-06 05:55:00+00:00,2019-02-06 06:00:00+00:00,2019-02-06 07:05:00+00:00,SHORT,-2,-1,-1,-1,1,1.13966,1.1404599999999998,1.1384599999999998,1.1384699999999999,TARGET,1.4875000000000305,1.1900000000000244
2019-02-07 05:55:00+00:00,2019-02-07 06:00:00+00:00,2019-02-07 08:10:00+00:00,SHORT,-2,-1,1,-1,-1,1.13594,1.1367399999999999,1.1347399999999999,1.13475,TARGET,1.4875000000000305,1.1900000000000244
2019-02-08 08:55:00+00:00,2019-02-08 09:00:00+00:00,2019-02-08 09:10:00+00:00,LONG,4,1,1,1,1,1.13327,1.13247,1.13447,1.13246,STOP,-1.0124999999999718,-0.8099999999999774
2019-02-11 05:55:00+00:00,2019-02-11 06:00:00+00:00,2019-02-11 07:50:00+00:00,LONG,2,1,1,1,-1,1.13245,1.13165,1.13365,1.13164,STOP,-1.0124999999999718,-0.8099999999999774
2019-02-12 06:55:00+00:00,2019-02-12 07:00:00+00:00,2019-02-12 08:25:00+00:00,SHORT,-2,1,-1,-1,-1,1.1283999999999998,1.1291999999999998,1.1271999999999998,1.1272099999999998,TARGET,1.4875000000000305,1.1900000000000244
2019-02-13 06:55:00+00:00,2019-02-13 07:00:00+00:00,2019-02-13 07:20:00+00:00,LONG,2,1,1,-1,1,1.13325,1.1324500000000002,1.1344500000000002,1.1324400000000001,STOP,-1.0124999999999718,-0.8099999999999774
2019-02-14 06:55:00+00:00,2019-02-14 07:00:00+00:00,2019-02-14 07:00:00+00:00,LONG,2,-1,1,1,1,1.12781,1.12701,1.12901,1.129,TARGET,1.4875000000000305,1.1900000000000244
2019-02-15 05:55:00+00:00,2019-02-15 06:00:00+00:00,2019-02-15 07:35:00+00:00,LONG,2,-1,1,1,1,1.1285500000000002,1.1277500000000003,1.1297500000000003,1.1277400000000002,STOP,-1.0124999999999718,-0.8099999999999774
2019-02-18 05:55:00+00:00,2019-02-18 06:00:00+00:00,2019-02-18 08:05:00+00:00,SHORT,-2,-1,-1,1,-1,1.1308099999999999,1.1316099999999998,1.1296099999999998,1.1296199999999998,TARGET,1.4875000000000305,1.1900000000000244
2019-02-19 06:55:00+00:00,2019-02-19 07:00:00+00:00,2019-02-19 08:20:00+00:00,LONG,2,1,1,1,-1,1.1296300000000001,1.1288300000000002,1.1308300000000002,1.1308200000000002,TARGET,1.4875000000000305,1.1900000000000244
2019-02-20 05:55:00+00:00,2019-02-20 06:00:00+00:00,2019-02-20 07:50:00+00:00,SHORT,-4,-1,-1,-1,-1,1.1337599999999999,1.1345599999999998,1.1325599999999998,1.1345699999999999,STOP,-1.0124999999999718,-0.8099999999999774
2019-02-21 05:55:00+00:00,2019-02-21 06:00:00+00:00,2019-02-21 07:10:00+00:00,SHORT,-2,-1,-1,-1,1,1.1336,1.1343999999999999,1.1323999999999999,1.13241,TARGET,1.4875000000000305,1.1900000000000244
2019-02-22 05:55:00+00:00,2019-02-22 06:00:00+00:00,2019-02-22 08:20:00+00:00,LONG,4,1,1,1,1,1.13386,1.1330600000000002,1.1350600000000002,1.1350500000000001,TARGET,1.4875000000000305,1.1900000000000244
2019-02-25 05:55:00+00:00,2019-02-25 06:00:00+00:00,2019-02-25 07:05:00+00:00,LONG,4,1,1,1,1,1.1343100000000002,1.1335100000000002,1.1355100000000002,1.1355000000000002,TARGET,1.4875000000000305,1.1900000000000244
2019-02-26 06:55:00+00:00,2019-02-26 07:00:00+00:00,2019-02-26 07:20:00+00:00,SHORT,-2,-1,-1,-1,1,1.13495,1.1357499999999998,1.1337499999999998,1.1357599999999999,STOP,-1.0124999999999718,-0.8099999999999774
2019-02-27 10:55:00+00:00,2019-02-27 11:00:00+00:00,2019-02-27 11:20:00+00:00,SHORT,-2,-1,1,-1,-1,1.13944,1.14024,1.13824,1.14025,STOP,-1.0124999999999718,-0.8099999999999774
2019-02-28 06:55:00+00:00,2019-02-28 07:00:00+00:00,2019-02-28 07:20:00+00:00,SHORT,-2,-1,-1,-1,1,1.1371799999999999,1.1379799999999998,1.1359799999999998,1.1379899999999998,STOP,-1.0124999999999718,-0.8099999999999774
2019-03-01 05:55:00+00:00,2019-03-01 06:00:00+00:00,2019-03-01 08:20:00+00:00,SHORT,-2,1,-1,-1,-1,1.13703,1.13783,1.13583,1.13584,TARGET,1.4875000000000305,1.1900000000000244
2019-03-04 05:55:00+00:00,2019-03-04 06:00:00+00:00,2019-03-04 08:10:00+00:00,SHORT,-2,-1,-1,1,-1,1.13621,1.1370099999999999,1.1350099999999999,1.13502,TARGET,1.4875000000000305,1.1900000000000244
2019-03-05 06:55:00+00:00,2019-03-05 07:00:00+00:00,2019-03-05 08:50:00+00:00,SHORT,-4,-1,-1,-1,-1,1.13234,1.1331399999999998,1.1311399999999998,1.1331499999999999,STOP,-1.0124999999999718,-0.8099999999999774
2019-03-06 11:55:00+00:00,2019-03-06 12:00:00+00:00,2019-03-06 13:15:00+00:00,SHORT,-4,-1,-1,-1,-1,1.1301599999999998,1.1309599999999997,1.1289599999999997,1.1309699999999998,STOP,-1.0124999999999718,-0.8099999999999774
2019-03-07 05:55:00+00:00,2019-03-07 06:00:00+00:00,2019-03-07 11:00:00+00:00,LONG,2,1,1,1,-1,1.1306500000000002,1.1298500000000002,1.1318500000000002,1.1318400000000002,TARGET,1.4875000000000305,1.1900000000000244
2019-03-08 05:55:00+00:00,2019-03-08 06:00:00+00:00,2019-03-08 09:20:00+00:00,LONG,2,1,-1,1,1,1.12019,1.11939,1.12139,1.12138,TARGET,1.4875000000000305,1.1900000000000244
2019-03-11 05:55:00+00:00,2019-03-11 06:00:00+00:00,2019-03-11 06:35:00+00:00,SHORT,-2,-1,-1,1,-1,1.1233199999999999,1.1241199999999998,1.1221199999999998,1.1241299999999999,STOP,-1.0124999999999718,-0.8099999999999774
2019-03-12 07:55:00+00:00,2019-03-12 08:00:00+00:00,2019-03-12 08:50:00+00:00,LONG,2,1,1,-1,1,1.12666,1.12586,1.12786,1.12785,TARGET,1.4875000000000305,1.1900000000000244
2019-03-13 07:55:00+00:00,2019-03-13 08:00:00+00:00,2019-03-13 08:05:00+00:00,SHORT,-2,-1,-1,1,-1,1.12795,1.12875,1.12675,1.12876,STOP,-1.0124999999999718,-0.8099999999999774
2019-03-14 06:55:00+00:00,2019-03-14 07:00:00+00:00,2019-03-14 07:25:00+00:00,SHORT,-2,1,-1,-1,-1,1.13175,1.13255,1.13055,1.13256,STOP,-1.0124999999999718,-0.8099999999999774
2019-03-15 10:55:00+00:00,2019-03-15 11:00:00+00:00,2019-03-15 12:45:00+00:00,SHORT,-2,1,-1,-1,-1,1.1319,1.1326999999999998,1.1306999999999998,1.1307099999999999,TARGET,1.4875000000000305,1.1900000000000244
2019-03-18 06:55:00+00:00,2019-03-18 07:00:00+00:00,2019-03-18 11:00:00+00:00,LONG,2,1,1,-1,1,1.13426,1.1334600000000001,1.1354600000000001,1.13545,TARGET,1.4875000000000305,1.1900000000000244
2019-03-19 05:55:00+00:00,2019-03-19 06:00:00+00:00,2019-03-19 07:50:00+00:00,SHORT,-2,1,-1,-1,-1,1.13436,1.13516,1.13316,1.13517,STOP,-1.0124999999999718,-0.8099999999999774
2019-03-20 07:55:00+00:00,2019-03-20 08:00:00+00:00,2019-03-20 08:40:00+00:00,LONG,2,-1,1,1,1,1.1345500000000002,1.1337500000000003,1.1357500000000003,1.1337400000000002,STOP,-1.0124999999999718,-0.8099999999999774
2019-03-21 05:55:00+00:00,2019-03-21 06:00:00+00:00,2019-03-21 07:25:00+00:00,SHORT,-2,1,-1,-1,-1,1.1419899999999998,1.1427899999999998,1.1407899999999997,1.1427999999999998,STOP,-1.0124999999999718,-0.8099999999999774
2019-03-22 09:55:00+00:00,2019-03-22 10:00:00+00:00,2019-03-22 10:30:00+00:00,SHORT,-2,-1,-1,1,-1,1.13046,1.13126,1.12926,1.13127,STOP,-1.0124999999999718,-0.8099999999999774
2019-03-25 09:55:00+00:00,2019-03-25 10:00:00+00:00,2019-03-25 10:55:00+00:00,LONG,2,1,1,-1,1,1.1320700000000001,1.1312700000000002,1.1332700000000002,1.1312600000000002,STOP,-1.0124999999999718,-0.8099999999999774
2019-03-26 05:55:00+00:00,2019-03-26 06:00:00+00:00,2019-03-26 07:40:00+00:00,SHORT,-2,1,-1,-1,-1,1.1307099999999999,1.1315099999999998,1.1295099999999998,1.1315199999999999,STOP,-1.0124999999999718,-0.8099999999999774
2019-03-27 06:55:00+00:00,2019-03-27 07:00:00+00:00,2019-03-27 07:05:00+00:00,LONG,2,1,1,-1,1,1.1266500000000002,1.1258500000000002,1.1278500000000002,1.1258400000000002,STOP,-1.0124999999999718,-0.8099999999999774
2019-03-28 06:55:00+00:00,2019-03-28 07:00:00+00:00,2019-03-28 07:50:00+00:00,SHORT,-4,-1,-1,-1,-1,1.12561,1.12641,1.12441,1.12442,TARGET,1.4875000000000305,1.1900000000000244
2019-03-29 08:55:00+00:00,2019-03-29 09:00:00+00:00,2019-03-29 09:30:00+00:00,LONG,2,1,1,-1,1,1.12305,1.1222500000000002,1.1242500000000002,1.1222400000000001,STOP,-1.0124999999999718,-0.8099999999999774
2019-04-01 11:55:00+00:00,2019-04-01 12:00:00+00:00,2019-04-01 12:05:00+00:00,SHORT,-2,-1,-1,1,-1,1.12292,1.1237199999999998,1.1217199999999998,1.12373,STOP,-1.0124999999999718,-0.8099999999999774
2019-04-02 07:55:00+00:00,2019-04-02 08:00:00+00:00,2019-04-02 12:35:00+00:00,LONG,2,-1,1,1,1,1.11999,1.1191900000000001,1.1211900000000001,1.12118,TARGET,1.4875000000000305,1.1900000000000244
2019-04-03 05:55:00+00:00,2019-04-03 06:00:00+00:00,2019-04-03 06:55:00+00:00,LONG,2,-1,1,1,1,1.1225800000000001,1.1217800000000002,1.1237800000000002,1.1217700000000002,STOP,-1.0124999999999718,-0.8099999999999774
2019-04-04 09:55:00+00:00,2019-04-04 10:00:00+00:00,2019-04-04 12:10:00+00:00,LONG,2,-1,1,1,1,1.1227500000000001,1.1219500000000002,1.1239500000000002,1.1219400000000002,STOP,-1.0124999999999718,-0.8099999999999774
2019-04-05 05:55:00+00:00,2019-04-05 06:00:00+00:00,2019-04-05 06:15:00+00:00,SHORT,-2,1,-1,-1,-1,1.1226399999999999,1.1234399999999998,1.1214399999999998,1.1234499999999998,STOP,-1.0124999999999718,-0.8099999999999774
2019-04-08 06:55:00+00:00,2019-04-08 07:00:00+00:00,2019-04-08 08:30:00+00:00,SHORT,-4,-1,-1,-1,-1,1.12266,1.12346,1.12146,1.12347,STOP,-1.0124999999999718,-0.8099999999999774
2019-04-09 08:55:00+00:00,2019-04-09 09:00:00+00:00,2019-04-09 09:10:00+00:00,LONG,2,1,1,-1,1,1.1280400000000002,1.1272400000000002,1.1292400000000002,1.1272300000000002,STOP,-1.0124999999999718,-0.8099999999999774
2019-04-10 06:55:00+00:00,2019-04-10 07:00:00+00:00,2019-04-10 07:35:00+00:00,LONG,2,-1,1,1,1,1.12718,1.1263800000000002,1.1283800000000002,1.12637,STOP,-1.0124999999999718,-0.8099999999999774
2019-04-11 11:55:00+00:00,2019-04-11 12:00:00+00:00,2019-04-11 12:30:00+00:00,LONG,4,1,1,1,1,1.1267200000000002,1.1259200000000003,1.1279200000000003,1.1259100000000002,STOP,-1.0124999999999718,-0.8099999999999774
2019-04-12 06:55:00+00:00,2019-04-12 07:00:00+00:00,2019-04-12 08:00:00+00:00,SHORT,-2,-1,1,-1,-1,1.1283999999999998,1.1291999999999998,1.1271999999999998,1.1292099999999998,STOP,-1.0124999999999718,-0.8099999999999774
2019-04-15 06:55:00+00:00,2019-04-15 07:00:00+00:00,2019-04-15 12:55:00+00:00,LONG,2,1,1,-1,1,1.1312200000000001,1.1304200000000002,1.1324200000000002,1.13131,TIME,0.11249999999990434,0.08999999999992347
2019-04-16 09:55:00+00:00,2019-04-16 10:00:00+00:00,2019-04-16 10:00:00+00:00,LONG,4,1,1,1,1,1.1290900000000001,1.1282900000000002,1.1302900000000002,1.1302800000000002,TARGET,1.4875000000000305,1.1900000000000244
2019-04-17 05:55:00+00:00,2019-04-17 06:00:00+00:00,2019-04-17 06:45:00+00:00,LONG,2,1,1,1,-1,1.13117,1.13037,1.13237,1.13036,STOP,-1.0124999999999718,-0.8099999999999774
2019-04-18 05:55:00+00:00,2019-04-18 06:00:00+00:00,2019-04-18 07:30:00+00:00,SHORT,-4,-1,-1,-1,-1,1.1299899999999998,1.1307899999999997,1.1287899999999997,1.1287999999999998,TARGET,1.4875000000000305,1.1900000000000244
2019-04-19 06:55:00+00:00,2019-04-19 07:00:00+00:00,2019-04-19 12:55:00+00:00,SHORT,-2,-1,-1,1,-1,1.1241999999999999,1.1249999999999998,1.1229999999999998,1.12449,TIME,-0.36250000000015437,-0.2900000000001235
2019-04-22 05:55:00+00:00,2019-04-22 06:00:00+00:00,2019-04-22 11:55:00+00:00,LONG,2,1,1,-1,1,1.1242800000000002,1.1234800000000003,1.1254800000000003,1.12478,TIME,0.6249999999996536,0.4999999999997229
2019-04-23 06:55:00+00:00,2019-04-23 07:00:00+00:00,2019-04-23 09:40:00+00:00,LONG,2,1,1,-1,1,1.12483,1.12403,1.12603,1.12602,TARGET,1.4875000000000305,1.1900000000000244
2019-04-24 06:55:00+00:00,2019-04-24 07:00:00+00:00,2019-04-24 07:55:00+00:00,SHORT,-4,-1,-1,-1,-1,1.1208,1.1216,1.1196,1.12161,STOP,-1.0124999999999718,-0.8099999999999774
2019-04-25 08:55:00+00:00,2019-04-25 09:00:00+00:00,2019-04-25 09:25:00+00:00,LONG,2,1,1,-1,1,1.11477,1.1139700000000001,1.1159700000000001,1.11396,STOP,-1.0124999999999718,-0.8099999999999774
2019-04-26 05:55:00+00:00,2019-04-26 06:00:00+00:00,2019-04-26 08:15:00+00:00,LONG,4,1,1,1,1,1.1140100000000002,1.1132100000000003,1.1152100000000003,1.1132000000000002,STOP,-1.0124999999999718,-0.8099999999999774
2019-04-29 05:55:00+00:00,2019-04-29 06:00:00+00:00,2019-04-29 06:05:00+00:00,SHORT,-2,1,-1,-1,-1,1.11572,1.11652,1.11452,1.11653,STOP,-1.0124999999999718,-0.8099999999999774
2019-04-30 05:55:00+00:00,2019-04-30 06:00:00+00:00,2019-04-30 07:00:00+00:00,SHORT,-4,-1,-1,-1,-1,1.11785,1.11865,1.11665,1.11866,STOP,-1.0124999999999718,-0.8099999999999774
2019-05-01 07:55:00+00:00,2019-05-01 08:00:00+00:00,2019-05-01 09:25:00+00:00,SHORT,-2,1,-1,-1,-1,1.1227099999999999,1.1235099999999998,1.1215099999999998,1.1235199999999999,STOP,-1.0124999999999718,-0.8099999999999774
2019-05-02 05:55:00+00:00,2019-05-02 06:00:00+00:00,2019-05-02 07:00:00+00:00,SHORT,-2,1,-1,-1,-1,1.12043,1.12123,1.11923,1.11924,TARGET,1.4875000000000305,1.1900000000000244
2019-05-03 05:55:00+00:00,2019-05-03 06:00:00+00:00,2019-05-03 07:10:00+00:00,SHORT,-4,-1,-1,-1,-1,1.1171099999999998,1.1179099999999997,1.1159099999999997,1.1159199999999998,TARGET,1.4875000000000305,1.1900000000000244
2019-05-06 05:55:00+00:00,2019-05-06 06:00:00+00:00,2019-05-06 07:15:00+00:00,LONG,4,1,1,1,1,1.11917,1.11837,1.12037,1.11836,STOP,-1.0124999999999718,-0.8099999999999774
2019-05-07 05:55:00+00:00,2019-05-07 06:00:00+00:00,2019-05-07 06:00:00+00:00,LONG,2,1,1,1,-1,1.12144,1.12064,1.12264,1.12063,STOP,-1.0124999999999718,-0.8099999999999774
2019-05-08 06:55:00+00:00,2019-05-08 07:00:00+00:00,2019-05-08 09:05:00+00:00,SHORT,-2,1,-1,-1,-1,1.12068,1.1214799999999998,1.1194799999999998,1.1194899999999999,TARGET,1.4875000000000305,1.1900000000000244
2019-05-09 07:55:00+00:00,2019-05-09 08:00:00+00:00,2019-05-09 08:20:00+00:00,SHORT,-2,-1,-1,-1,1,1.11865,1.1194499999999998,1.1174499999999998,1.11746,TARGET,1.4875000000000305,1.1900000000000244
2019-05-10 05:55:00+00:00,2019-05-10 06:00:00+00:00,2019-05-10 09:15:00+00:00,SHORT,-2,1,-1,-1,-1,1.12272,1.1235199999999999,1.1215199999999999,1.12353,STOP,-1.0124999999999718,-0.8099999999999774
2019-05-13 05:55:00+00:00,2019-05-13 06:00:00+00:00,2019-05-13 11:55:00+00:00,LONG,3,1,1,0,1,1.1230200000000001,1.1222200000000002,1.1242200000000002,1.12314,TIME,0.14999999999987246,0.11999999999989797
2019-05-14 07:55:00+00:00,2019-05-14 08:00:00+00:00,2019-05-14 10:25:00+00:00,LONG,2,-1,1,1,1,1.12386,1.1230600000000002,1.1250600000000002,1.12305,STOP,-1.0124999999999718,-0.8099999999999774
2019-05-15 06:55:00+00:00,2019-05-15 07:00:00+00:00,2019-05-15 08:00:00+00:00,SHORT,-4,-1,-1,-1,-1,1.12069,1.1214899999999999,1.1194899999999999,1.1215,STOP,-1.0124999999999718,-0.8099999999999774
2019-05-16 06:55:00+00:00,2019-05-16 07:00:00+00:00,2019-05-16 08:20:00+00:00,SHORT,-4,-1,-1,-1,-1,1.12068,1.1214799999999998,1.1194799999999998,1.1214899999999999,STOP,-1.0124999999999718,-0.8099999999999774
2019-05-17 11:55:00+00:00,2019-05-17 12:00:00+00:00,2019-05-17 14:40:00+00:00,LONG,2,1,1,-1,1,1.11671,1.1159100000000002,1.1179100000000002,1.1159000000000001,STOP,-1.0124999999999718,-0.8099999999999774
2019-05-20 05:55:00+00:00,2019-05-20 06:00:00+00:00,2019-05-20 08:15:00+00:00,LONG,2,1,1,-1,1,1.11531,1.1145100000000001,1.1165100000000001,1.1165,TARGET,1.4875000000000305,1.1900000000000244
2019-05-21 05:55:00+00:00,2019-05-21 06:00:00+00:00,2019-05-21 11:55:00+00:00,SHORT,-2,-1,-1,1,-1,1.11524,1.11604,1.11404,1.1146500000000001,TIME,0.7374999999998355,0.5899999999998684
2019-05-22 05:55:00+00:00,2019-05-22 06:00:00+00:00,2019-05-22 08:20:00+00:00,SHORT,-2,1,-1,-1,-1,1.1152199999999999,1.1160199999999998,1.1140199999999998,1.1160299999999999,STOP,-1.0124999999999718,-0.8099999999999774
2019-05-23 06:55:00+00:00,2019-05-23 07:00:00+00:00,2019-05-23 09:50:00+00:00,SHORT,-2,1,-1,-1,-1,1.11422,1.11502,1.11302,1.11303,TARGET,1.4875000000000305,1.1900000000000244
2019-05-24 05:55:00+00:00,2019-05-24 06:00:00+00:00,2019-05-24 06:10:00+00:00,SHORT,-2,-1,1,-1,-1,1.1182999999999998,1.1190999999999998,1.1170999999999998,1.1191099999999998,STOP,-1.0124999999999718,-0.8099999999999774
2019-05-27 13:55:00+00:00,2019-05-27 14:00:00+00:00,2019-05-27 19:55:00+00:00,LONG,2,1,1,1,-1,1.11925,1.1184500000000002,1.1204500000000002,1.1191499999999999,TIME,-0.1250000000002638,-0.10000000000021103
2019-05-28 07:55:00+00:00,2019-05-28 08:00:00+00:00,2019-05-28 13:55:00+00:00,LONG,2,1,1,-1,1,1.1187,1.1179000000000001,1.1199000000000001,1.11912,TIME,0.5249999999998312,0.4199999999998649
2019-05-29 06:55:00+00:00,2019-05-29 07:00:00+00:00,2019-05-29 12:55:00+00:00,SHORT,-2,1,-1,-1,-1,1.1156599999999999,1.1164599999999998,1.1144599999999998,1.1149900000000001,TIME,0.837499999999658,0.6699999999997264
2019-05-30 12:55:00+00:00,2019-05-30 13:00:00+00:00,2019-05-30 13:30:00+00:00,SHORT,-2,-1,-1,-1,1,1.1131199999999999,1.1139199999999998,1.1119199999999998,1.1119299999999999,TARGET,1.4875000000000305,1.1900000000000244
2019-05-31 05:55:00+00:00,2019-05-31 06:00:00+00:00,2019-05-31 07:00:00+00:00,SHORT,-4,-1,-1,-1,-1,1.1129099999999998,1.1137099999999998,1.1117099999999998,1.1137199999999998,STOP,-1.0124999999999718,-0.8099999999999774
2019-06-03 09:55:00+00:00,2019-06-03 10:00:00+00:00,2019-06-03 11:00:00+00:00,LONG,2,1,1,1,-1,1.11735,1.1165500000000002,1.1185500000000002,1.11854,TARGET,1.4875000000000305,1.1900000000000244
2019-06-04 06:55:00+00:00,2019-06-04 07:00:00+00:00,2019-06-04 07:05:00+00:00,LONG,2,1,1,1,-1,1.12646,1.12566,1.12766,1.12765,TARGET,1.4875000000000305,1.1900000000000244
2019-06-05 06:55:00+00:00,2019-06-05 07:00:00+00:00,2019-06-05 07:55:00+00:00,SHORT,-2,-1,1,-1,-1,1.1260299999999999,1.1268299999999998,1.1248299999999998,1.1268399999999998,STOP,-1.0124999999999718,-0.8099999999999774
2019-06-06 11:55:00+00:00,2019-06-06 12:00:00+00:00,2019-06-06 12:35:00+00:00,LONG,4,1,1,1,1,1.12647,1.1256700000000002,1.1276700000000002,1.12766,TARGET,1.4875000000000305,1.1900000000000244
2019-06-07 07:55:00+00:00,2019-06-07 08:00:00+00:00,2019-06-07 11:55:00+00:00,SHORT,-2,1,-1,-1,-1,1.12625,1.1270499999999999,1.1250499999999999,1.12706,STOP,-1.0124999999999718,-0.8099999999999774
2019-06-10 05:55:00+00:00,2019-06-10 06:00:00+00:00,2019-06-10 07:35:00+00:00,LONG,4,1,1,1,1,1.13049,1.12969,1.13169,1.12968,STOP,-1.0124999999999718,-0.8099999999999774
2019-06-11 05:55:00+00:00,2019-06-11 06:00:00+00:00,2019-06-11 07:20:00+00:00,LONG,2,1,1,1,-1,1.13195,1.13115,1.13315,1.13314,TARGET,1.4875000000000305,1.1900000000000244
2019-06-12 05:55:00+00:00,2019-06-12 06:00:00+00:00,2019-06-12 07:10:00+00:00,LONG,2,1,-1,1,1,1.13375,1.1329500000000001,1.1349500000000001,1.13294,STOP,-1.0124999999999718,-0.8099999999999774
2019-06-13 06:55:00+00:00,2019-06-13 07:00:00+00:00,2019-06-13 12:50:00+00:00,SHORT,-2,-1,-1,-1,1,1.1294499999999998,1.1302499999999998,1.1282499999999998,1.1282599999999998,TARGET,1.4875000000000305,1.1900000000000244
2019-06-14 07:55:00+00:00,2019-06-14 08:00:00+00:00,2019-06-14 09:00:00+00:00,LONG,2,1,1,1,-1,1.1284500000000002,1.1276500000000003,1.1296500000000003,1.1276400000000002,STOP,-1.0124999999999718,-0.8099999999999774
2019-06-17 09:55:00+00:00,2019-06-17 10:00:00+00:00,2019-06-17 10:55:00+00:00,SHORT,-2,-1,-1,1,-1,1.12114,1.12194,1.11994,1.12195,STOP,-1.0124999999999718,-0.8099999999999774
2019-06-18 05:55:00+00:00,2019-06-18 06:00:00+00:00,2019-06-18 08:00:00+00:00,LONG,2,1,1,1,-1,1.12368,1.12288,1.12488,1.12287,STOP,-1.0124999999999718,-0.8099999999999774
2019-06-19 06:55:00+00:00,2019-06-19 07:00:00+00:00,2019-06-19 12:55:00+00:00,LONG,2,1,1,-1,1,1.11962,1.1188200000000001,1.1208200000000001,1.1204999999999998,TIME,1.0999999999997123,0.8799999999997699
2019-06-20 07:55:00+00:00,2019-06-20 08:00:00+00:00,2019-06-20 08:30:00+00:00,LONG,2,1,1,1,-1,1.12981,1.12901,1.13101,1.129,STOP,-1.0124999999999718,-0.8099999999999774
2019-06-21 06:55:00+00:00,2019-06-21 07:00:00+00:00,2019-06-21 07:15:00+00:00,LONG,2,-1,1,1,1,1.12867,1.1278700000000002,1.1298700000000002,1.12986,TARGET,1.4875000000000305,1.1900000000000244
2019-06-24 05:55:00+00:00,2019-06-24 06:00:00+00:00,2019-06-24 08:20:00+00:00,LONG,2,1,1,1,-1,1.1377700000000002,1.1369700000000003,1.1389700000000003,1.1389600000000002,TARGET,1.4875000000000305,1.1900000000000244
2019-06-25 05:55:00+00:00,2019-06-25 06:00:00+00:00,2019-06-25 06:05:00+00:00,SHORT,-2,-1,1,-1,-1,1.13936,1.1401599999999998,1.1381599999999998,1.14017,STOP,-1.0124999999999718,-0.8099999999999774
2019-06-26 05:55:00+00:00,2019-06-26 06:00:00+00:00,2019-06-26 08:40:00+00:00,LONG,2,1,1,1,-1,1.13633,1.1355300000000002,1.1375300000000002,1.13552,STOP,-1.0124999999999718,-0.8099999999999774
2019-06-27 11:55:00+00:00,2019-06-27 12:00:00+00:00,2019-06-27 13:00:00+00:00,SHORT,-4,-1,-1,-1,-1,1.1375,1.1382999999999999,1.1362999999999999,1.13631,TARGET,1.4875000000000305,1.1900000000000244
2019-06-28 05:55:00+00:00,2019-06-28 06:00:00+00:00,2019-06-28 06:45:00+00:00,LONG,2,1,1,1,-1,1.1363800000000002,1.1355800000000003,1.1375800000000003,1.1375700000000002,TARGET,1.4875000000000305,1.1900000000000244
2019-07-01 05:55:00+00:00,2019-07-01 06:00:00+00:00,2019-07-01 07:00:00+00:00,LONG,2,1,1,1,-1,1.13287,1.1320700000000001,1.1340700000000001,1.13206,STOP,-1.0124999999999718,-0.8099999999999774
2019-07-02 07:55:00+00:00,2019-07-02 08:00:00+00:00,2019-07-02 09:30:00+00:00,SHORT,-2,-1,-1,-1,1,1.12886,1.1296599999999999,1.1276599999999999,1.12967,STOP,-1.0124999999999718,-0.8099999999999774
2019-07-03 05:55:00+00:00,2019-07-03 06:00:00+00:00,2019-07-03 06:30:00+00:00,LONG,4,1,1,1,1,1.12898,1.1281800000000002,1.1301800000000002,1.1281700000000001,STOP,-1.0124999999999718,-0.8099999999999774
2019-07-04 08:55:00+00:00,2019-07-04 09:00:00+00:00,2019-07-04 10:15:00+00:00,SHORT,-4,-1,-1,-1,-1,1.1279599999999999,1.1287599999999998,1.1267599999999998,1.1287699999999998,STOP,-1.0124999999999718,-0.8099999999999774
2019-07-05 05:55:00+00:00,2019-07-05 06:00:00+00:00,2019-07-05 07:35:00+00:00,SHORT,-4,-1,-1,-1,-1,1.1278899999999998,1.1286899999999997,1.1266899999999997,1.1266999999999998,TARGET,1.4875000000000305,1.1900000000000244
2019-07-08 07:55:00+00:00,2019-07-08 08:00:00+00:00,2019-07-08 10:25:00+00:00,LONG,4,1,1,1,1,1.1232,1.1224,1.1244,1.12239,STOP,-1.0124999999999718,-0.8099999999999774
2019-07-09 06:55:00+00:00,2019-07-09 07:00:00+00:00,2019-07-09 09:05:00+00:00,SHORT,-2,-1,1,-1,-1,1.12073,1.12153,1.11953,1.11954,TARGET,1.4875000000000305,1.1900000000000244
2019-07-10 05:55:00+00:00,2019-07-10 06:00:00+00:00,2019-07-10 08:10:00+00:00,LONG,2,1,1,-1,1,1.121,1.1202,1.1222,1.12219,TARGET,1.4875000000000305,1.1900000000000244
2019-07-11 05:55:00+00:00,2019-07-11 06:00:00+00:00,2019-07-11 07:50:00+00:00,SHORT,-4,-1,-1,-1,-1,1.12696,1.1277599999999999,1.1257599999999999,1.12777,STOP,-1.0124999999999718,-0.8099999999999774
2019-07-12 06:55:00+00:00,2019-07-12 07:00:00+00:00,2019-07-12 07:40:00+00:00,LONG,2,-1,1,1,1,1.1272300000000002,1.1264300000000003,1.1284300000000003,1.1264200000000002,STOP,-1.0124999999999718,-0.8099999999999774
2019-07-15 07:55:00+00:00,2019-07-15 08:00:00+00:00,2019-07-15 11:55:00+00:00,SHORT,-2,1,-1,-1,-1,1.12801,1.1288099999999999,1.1268099999999999,1.12682,TARGET,1.4875000000000305,1.1900000000000244
2019-07-16 06:55:00+00:00,2019-07-16 07:00:00+00:00,2019-07-16 07:35:00+00:00,LONG,2,1,1,-1,1,1.12568,1.12488,1.12688,1.12487,STOP,-1.0124999999999718,-0.8099999999999774
2019-07-17 05:55:00+00:00,2019-07-17 06:00:00+00:00,2019-07-17 06:30:00+00:00,LONG,2,1,1,-1,1,1.1216300000000001,1.1208300000000002,1.1228300000000002,1.1208200000000001,STOP,-1.0124999999999718,-0.8099999999999774
2019-07-18 05:55:00+00:00,2019-07-18 06:00:00+00:00,2019-07-18 09:25:00+00:00,LONG,3,1,0,1,1,1.1239700000000001,1.1231700000000002,1.1251700000000002,1.1231600000000002,STOP,-1.0124999999999718,-0.8099999999999774
2019-07-19 05:55:00+00:00,2019-07-19 06:00:00+00:00,2019-07-19 09:00:00+00:00,LONG,2,1,-1,1,1,1.1257000000000001,1.1249000000000002,1.1269000000000002,1.1248900000000002,STOP,-1.0124999999999718,-0.8099999999999774
2019-07-22 06:55:00+00:00,2019-07-22 07:00:00+00:00,2019-07-22 07:30:00+00:00,LONG,2,-1,1,1,1,1.12233,1.1215300000000001,1.1235300000000001,1.12152,STOP,-1.0124999999999718,-0.8099999999999774
2019-07-23 05:55:00+00:00,2019-07-23 06:00:00+00:00,2019-07-23 09:30:00+00:00,SHORT,-4,-1,-1,-1,-1,1.11892,1.1197199999999998,1.1177199999999998,1.11773,TARGET,1.4875000000000305,1.1900000000000244
2019-07-24 05:55:00+00:00,2019-07-24 06:00:00+00:00,2019-07-24 07:15:00+00:00,LONG,2,1,1,-1,1,1.11477,1.1139700000000001,1.1159700000000001,1.11396,STOP,-1.0124999999999718,-0.8099999999999774
2019-07-25 06:55:00+00:00,2019-07-25 07:00:00+00:00,2019-07-25 10:15:00+00:00,SHORT,-2,-1,-1,1,-1,1.11309,1.1138899999999998,1.1118899999999998,1.1139,STOP,-1.0124999999999718,-0.8099999999999774
2019-07-26 05:55:00+00:00,2019-07-26 06:00:00+00:00,2019-07-26 07:10:00+00:00,LONG,2,1,-1,1,1,1.1146,1.1138000000000001,1.1158000000000001,1.11379,STOP,-1.0124999999999718,-0.8099999999999774
2019-07-29 05:55:00+00:00,2019-07-29 06:00:00+00:00,2019-07-29 07:15:00+00:00,LONG,2,1,1,1,-1,1.1127500000000001,1.1119500000000002,1.1139500000000002,1.1119400000000002,STOP,-1.0124999999999718,-0.8099999999999774
2019-07-30 05:55:00+00:00,2019-07-30 06:00:00+00:00,2019-07-30 06:20:00+00:00,SHORT,-2,-1,-1,1,-1,1.11329,1.1140899999999998,1.1120899999999998,1.1140999999999999,STOP,-1.0124999999999718,-0.8099999999999774
2019-07-31 06:55:00+00:00,2019-07-31 07:00:00+00:00,2019-07-31 12:55:00+00:00,SHORT,-4,-1,-1,-1,-1,1.11541,1.11621,1.11421,1.1151200000000001,TIME,0.3624999999998768,0.28999999999990145
2019-08-01 05:55:00+00:00,2019-08-01 06:00:00+00:00,2019-08-01 06:20:00+00:00,LONG,4,1,1,1,1,1.1051900000000001,1.1043900000000002,1.1063900000000002,1.1043800000000001,STOP,-1.0124999999999718,-0.8099999999999774
2019-08-02 07:55:00+00:00,2019-08-02 08:00:00+00:00,2019-08-02 08:00:00+00:00,LONG,2,1,1,1,-1,1.11137,1.11057,1.11257,1.11056,STOP,-1.0124999999999718,-0.8099999999999774
2019-08-05 07:55:00+00:00,2019-08-05 08:00:00+00:00,2019-08-05 08:40:00+00:00,LONG,2,1,1,1,-1,1.11304,1.1122400000000001,1.1142400000000001,1.11423,TARGET,1.4875000000000305,1.1900000000000244
2019-08-06 07:55:00+00:00,2019-08-06 08:00:00+00:00,2019-08-06 08:20:00+00:00,LONG,2,1,-1,1,1,1.1214300000000001,1.1206300000000002,1.1226300000000002,1.1206200000000002,STOP,-1.0124999999999718,-0.8099999999999774
2019-08-07 06:55:00+00:00,2019-08-07 07:00:00+00:00,2019-08-07 09:05:00+00:00,SHORT,-2,-1,-1,1,-1,1.11985,1.12065,1.11865,1.11866,TARGET,1.4875000000000305,1.1900000000000244
2019-08-08 05:55:00+00:00,2019-08-08 06:00:00+00:00,2019-08-08 06:20:00+00:00,LONG,2,1,1,-1,1,1.12124,1.12044,1.12244,1.12043,STOP,-1.0124999999999718,-0.8099999999999774
2019-08-09 09:55:00+00:00,2019-08-09 10:00:00+00:00,2019-08-09 10:20:00+00:00,LONG,2,-1,1,1,1,1.12042,1.11962,1.12162,1.11961,STOP,-1.0124999999999718,-0.8099999999999774
2019-08-12 07:55:00+00:00,2019-08-12 08:00:00+00:00,2019-08-12 08:50:00+00:00,SHORT,-2,-1,-1,-1,1,1.1167399999999998,1.1175399999999998,1.1155399999999998,1.1175499999999998,STOP,-1.0124999999999718,-0.8099999999999774
2019-08-13 14:55:00+00:00,2019-08-13 15:00:00+00:00,2019-08-13 16:05:00+00:00,LONG,2,1,1,-1,1,1.1188200000000001,1.1180200000000002,1.1200200000000002,1.1180100000000002,STOP,-1.0124999999999718,-0.8099999999999774
2019-08-14 05:55:00+00:00,2019-08-14 06:00:00+00:00,2019-08-14 06:35:00+00:00,SHORT,-2,-1,-1,-1,1,1.11663,1.11743,1.11543,1.11744,STOP,-1.0124999999999718,-0.8099999999999774
2019-08-15 08:55:00+00:00,2019-08-15 09:00:00+00:00,2019-08-15 09:05:00+00:00,LONG,2,1,-1,1,1,1.11487,1.1140700000000001,1.1160700000000001,1.11406,STOP,-1.0124999999999718,-0.8099999999999774
2019-08-16 09:55:00+00:00,2019-08-16 10:00:00+00:00,2019-08-16 10:35:00+00:00,LONG,2,1,1,1,-1,1.1084500000000002,1.1076500000000002,1.1096500000000002,1.1076400000000002,STOP,-1.0124999999999718,-0.8099999999999774
2019-08-19 10:55:00+00:00,2019-08-19 11:00:00+00:00,2019-08-19 11:20:00+00:00,LONG,2,1,1,1,-1,1.11073,1.10993,1.11193,1.10992,STOP,-1.0124999999999718,-0.8099999999999774
2019-08-20 07:55:00+00:00,2019-08-20 08:00:00+00:00,2019-08-20 09:05:00+00:00,SHORT,-2,-1,-1,1,-1,1.1071799999999998,1.1079799999999997,1.1059799999999997,1.1079899999999998,STOP,-1.0124999999999718,-0.8099999999999774
2019-08-21 06:55:00+00:00,2019-08-21 07:00:00+00:00,2019-08-21 08:15:00+00:00,SHORT,-2,-1,1,-1,-1,1.10913,1.1099299999999999,1.1079299999999999,1.10994,STOP,-1.0124999999999718,-0.8099999999999774
2019-08-22 06:55:00+00:00,2019-08-22 07:00:00+00:00,2019-08-22 07:15:00+00:00,LONG,2,-1,1,1,1,1.10819,1.10739,1.10939,1.10938,TARGET,1.4875000000000305,1.1900000000000244
2019-08-23 07:55:00+00:00,2019-08-23 08:00:00+00:00,2019-08-23 09:45:00+00:00,SHORT,-2,1,-1,-1,-1,1.10686,1.1076599999999999,1.1056599999999999,1.10567,TARGET,1.4875000000000305,1.1900000000000244
2019-08-26 05:55:00+00:00,2019-08-26 06:00:00+00:00,2019-08-26 06:20:00+00:00,SHORT,-2,1,-1,-1,-1,1.1143399999999999,1.1151399999999998,1.1131399999999998,1.1151499999999999,STOP,-1.0124999999999718,-0.8099999999999774
2019-08-27 08:55:00+00:00,2019-08-27 09:00:00+00:00,2019-08-27 10:00:00+00:00,LONG,2,-1,1,1,1,1.11135,1.1105500000000001,1.1125500000000001,1.11054,STOP,-1.0124999999999718,-0.8099999999999774
2019-08-28 09:55:00+00:00,2019-08-28 10:00:00+00:00,2019-08-28 13:00:00+00:00,SHORT,-2,1,-1,-1,-1,1.1091,1.1098999999999999,1.1078999999999999,1.10791,TARGET,1.4875000000000305,1.1900000000000244
2019-08-29 07:55:00+00:00,2019-08-29 08:00:00+00:00,2019-08-29 09:00:00+00:00,LONG,2,1,1,1,-1,1.10825,1.10745,1.10945,1.10744,STOP,-1.0124999999999718,-0.8099999999999774
2019-08-30 05:55:00+00:00,2019-08-30 06:00:00+00:00,2019-08-30 06:25:00+00:00,LONG,2,1,1,1,-1,1.1048600000000002,1.1040600000000003,1.1060600000000003,1.1040500000000002,STOP,-1.0124999999999718,-0.8099999999999774
2019-09-02 06:55:00+00:00,2019-09-02 07:00:00+00:00,2019-09-02 09:00:00+00:00,SHORT,-2,-1,-1,-1,1,1.09821,1.0990099999999998,1.0970099999999998,1.0970199999999999,TARGET,1.4875000000000305,1.1900000000000244
2019-09-03 05:55:00+00:00,2019-09-03 06:00:00+00:00,2019-09-03 06:35:00+00:00,LONG,2,1,1,-1,1,1.09466,1.09386,1.09586,1.09385,STOP,-1.0124999999999718,-0.8099999999999774
2019-09-04 06:55:00+00:00,2019-09-04 07:00:00+00:00,2019-09-04 07:10:00+00:00,SHORT,-2,-1,-1,1,-1,1.09808,1.0988799999999999,1.0968799999999999,1.09889,STOP,-1.0124999999999718,-0.8099999999999774
2019-09-05 07:55:00+00:00,2019-09-05 08:00:00+00:00,2019-09-05 09:40:00+00:00,SHORT,-2,-1,-1,1,-1,1.10394,1.1047399999999998,1.1027399999999998,1.10475,STOP,-1.0124999999999718,-0.8099999999999774
2019-09-06 08:55:00+00:00,2019-09-06 09:00:00+00:00,2019-09-06 10:25:00+00:00,SHORT,-2,-1,-1,1,-1,1.1037,1.1044999999999998,1.1024999999999998,1.1025099999999999,TARGET,1.4875000000000305,1.1900000000000244
2019-09-09 05:55:00+00:00,2019-09-09 06:00:00+00:00,2019-09-09 07:30:00+00:00,SHORT,-2,1,-1,-1,-1,1.1025099999999999,1.1033099999999998,1.1013099999999998,1.1033199999999999,STOP,-1.0124999999999718,-0.8099999999999774
2019-09-10 13:55:00+00:00,2019-09-10 14:00:00+00:00,2019-09-10 14:20:00+00:00,LONG,2,-1,1,1,1,1.1040100000000002,1.1032100000000002,1.1052100000000002,1.1032000000000002,STOP,-1.0124999999999718,-0.8099999999999774
2019-09-11 05:55:00+00:00,2019-09-11 06:00:00+00:00,2019-09-11 07:20:00+00:00,LONG,4,1,1,1,1,1.10491,1.1041100000000001,1.1061100000000001,1.1041,STOP,-1.0124999999999718,-0.8099999999999774
2019-09-12 06:55:00+00:00,2019-09-12 07:00:00+00:00,2019-09-12 08:15:00+00:00,LONG,4,1,1,1,1,1.10146,1.1006600000000002,1.1026600000000002,1.1026500000000001,TARGET,1.4875000000000305,1.1900000000000244
2019-09-13 06:55:00+00:00,2019-09-13 07:00:00+00:00,2019-09-13 07:10:00+00:00,LONG,2,-1,1,1,1,1.10961,1.10881,1.11081,1.1108,TARGET,1.4875000000000305,1.1900000000000244
2019-09-16 07:55:00+00:00,2019-09-16 08:00:00+00:00,2019-09-16 08:30:00+00:00,SHORT,-2,-1,-1,1,-1,1.10719,1.1079899999999998,1.1059899999999998,1.1059999999999999,TARGET,1.4875000000000305,1.1900000000000244
2019-09-17 07:55:00+00:00,2019-09-17 08:00:00+00:00,2019-09-17 09:05:00+00:00,LONG,2,1,1,-1,1,1.10168,1.10088,1.10288,1.10087,STOP,-1.0124999999999718,-0.8099999999999774
2019-09-18 06:55:00+00:00,2019-09-18 07:00:00+00:00,2019-09-18 07:10:00+00:00,SHORT,-4,-1,-1,-1,-1,1.10575,1.10655,1.10455,1.10656,STOP,-1.0124999999999718,-0.8099999999999774
2019-09-19 06:55:00+00:00,2019-09-19 07:00:00+00:00,2019-09-19 08:00:00+00:00,SHORT,-2,-1,-1,1,-1,1.10449,1.1052899999999999,1.1032899999999999,1.1053,STOP,-1.0124999999999718,-0.8099999999999774
2019-09-20 05:55:00+00:00,2019-09-20 06:00:00+00:00,2019-09-20 06:45:00+00:00,SHORT,-2,-1,-1,-1,1,1.1055,1.1062999999999998,1.1042999999999998,1.10631,STOP,-1.0124999999999718,-0.8099999999999774
2019-09-23 05:55:00+00:00,2019-09-23 06:00:00+00:00,2019-09-23 06:50:00+00:00,LONG,2,-1,1,1,1,1.10239,1.10159,1.10359,1.10158,STOP,-1.0124999999999718,-0.8099999999999774
2019-09-24 06:55:00+00:00,2019-09-24 07:00:00+00:00,2019-09-24 11:55:00+00:00,LONG,2,1,1,1,-1,1.09908,1.0982800000000001,1.1002800000000001,1.10027,TARGET,1.4875000000000305,1.1900000000000244
2019-09-25 07:55:00+00:00,2019-09-25 08:00:00+00:00,2019-09-25 11:40:00+00:00,SHORT,-2,1,-1,-1,-1,1.09972,1.10052,1.09852,1.09853,TARGET,1.4875000000000305,1.1900000000000244
2019-09-26 10:55:00+00:00,2019-09-26 11:00:00+00:00,2019-09-26 12:20:00+00:00,LONG,4,1,1,1,1,1.0930600000000001,1.0922600000000002,1.0942600000000002,1.0942500000000002,TARGET,1.4875000000000305,1.1900000000000244
2019-09-27 09:55:00+00:00,2019-09-27 10:00:00+00:00,2019-09-27 11:00:00+00:00,LONG,2,1,1,1,-1,1.09274,1.0919400000000001,1.0939400000000001,1.09393,TARGET,1.4875000000000305,1.1900000000000244
2019-09-30 05:55:00+00:00,2019-09-30 06:00:00+00:00,2019-09-30 06:55:00+00:00,SHORT,-2,-1,-1,-1,1,1.0936,1.0943999999999998,1.0923999999999998,1.0944099999999999,STOP,-1.0124999999999718,-0.8099999999999774
2019-10-01 06:55:00+00:00,2019-10-01 07:00:00+00:00,2019-10-01 07:05:00+00:00,SHORT,-2,-1,-1,-1,1,1.08802,1.08882,1.08682,1.08883,STOP,-1.0124999999999718,-0.8099999999999774
2019-10-02 07:55:00+00:00,2019-10-02 08:00:00+00:00,2019-10-02 08:45:00+00:00,SHORT,-2,1,-1,-1,-1,1.09196,1.09276,1.09076,1.09077,TARGET,1.4875000000000305,1.1900000000000244
2019-10-03 06:55:00+00:00,2019-10-03 07:00:00+00:00,2019-10-03 07:20:00+00:00,SHORT,-2,-1,1,-1,-1,1.0941699999999999,1.0949699999999998,1.0929699999999998,1.0949799999999998,STOP,-1.0124999999999718,-0.8099999999999774
2019-10-04 06:55:00+00:00,2019-10-04 07:00:00+00:00,2019-10-04 07:10:00+00:00,SHORT,-4,-1,-1,-1,-1,1.09657,1.09737,1.09537,1.09738,STOP,-1.0124999999999718,-0.8099999999999774
2019-10-07 11:55:00+00:00,2019-10-07 12:00:00+00:00,2019-10-07 13:55:00+00:00,LONG,4,1,1,1,1,1.0987200000000001,1.0979200000000002,1.0999200000000002,1.0999100000000002,TARGET,1.4875000000000305,1.1900000000000244
2019-10-08 05:55:00+00:00,2019-10-08 06:00:00+00:00,2019-10-08 06:30:00+00:00,SHORT,-4,-1,-1,-1,-1,1.09762,1.09842,1.09642,1.09843,STOP,-1.0124999999999718,-0.8099999999999774
2019-10-09 08:55:00+00:00,2019-10-09 09:00:00+00:00,2019-10-09 12:40:00+00:00,SHORT,-2,1,-1,-1,-1,1.09838,1.0991799999999998,1.0971799999999998,1.0971899999999999,TARGET,1.4875000000000305,1.1900000000000244
2019-10-10 05:55:00+00:00,2019-10-10 06:00:00+00:00,2019-10-10 06:50:00+00:00,LONG,2,1,1,-1,1,1.09881,1.0980100000000002,1.1000100000000002,1.1,TARGET,1.4875000000000305,1.1900000000000244
2019-10-11 05:55:00+00:00,2019-10-11 06:00:00+00:00,2019-10-11 08:50:00+00:00,SHORT,-2,-1,-1,1,-1,1.1015599999999999,1.1023599999999998,1.1003599999999998,1.1003699999999998,TARGET,1.4875000000000305,1.1900000000000244
2019-10-14 06:55:00+00:00,2019-10-14 07:00:00+00:00,2019-10-14 07:05:00+00:00,SHORT,-4,-1,-1,-1,-1,1.10182,1.10262,1.10062,1.10263,STOP,-1.0124999999999718,-0.8099999999999774
2019-10-15 06:55:00+00:00,2019-10-15 07:00:00+00:00,2019-10-15 07:05:00+00:00,SHORT,-2,1,-1,-1,-1,1.10391,1.1047099999999999,1.1027099999999999,1.10272,TARGET,1.4875000000000305,1.1900000000000244
2019-10-16 05:55:00+00:00,2019-10-16 06:00:00+00:00,2019-10-16 06:15:00+00:00,LONG,2,-1,1,1,1,1.10354,1.10274,1.10474,1.10473,TARGET,1.4875000000000305,1.1900000000000244
2019-10-17 06:55:00+00:00,2019-10-17 07:00:00+00:00,2019-10-17 07:10:00+00:00,SHORT,-2,-1,-1,1,-1,1.10669,1.1074899999999999,1.1054899999999999,1.1075,STOP,-1.0124999999999718,-0.8099999999999774
2019-10-18 06:55:00+00:00,2019-10-18 07:00:00+00:00,2019-10-18 07:30:00+00:00,SHORT,-2,-1,-1,1,-1,1.11165,1.11245,1.11045,1.11246,STOP,-1.0124999999999718,-0.8099999999999774
2019-10-21 05:55:00+00:00,2019-10-21 06:00:00+00:00,2019-10-21 06:40:00+00:00,SHORT,-4,-1,-1,-1,-1,1.11527,1.11607,1.11407,1.11608,STOP,-1.0124999999999718,-0.8099999999999774
2019-10-22 11:55:00+00:00,2019-10-22 12:00:00+00:00,2019-10-22 12:10:00+00:00,LONG,2,1,1,-1,1,1.1138400000000002,1.1130400000000003,1.1150400000000003,1.1130300000000002,STOP,-1.0124999999999718,-0.8099999999999774
2019-10-23 05:55:00+00:00,2019-10-23 06:00:00+00:00,2019-10-23 09:10:00+00:00,LONG,4,1,1,1,1,1.1125200000000002,1.1117200000000003,1.1137200000000003,1.1117100000000002,STOP,-1.0124999999999718,-0.8099999999999774
2019-10-24 05:55:00+00:00,2019-10-24 06:00:00+00:00,2019-10-24 07:10:00+00:00,SHORT,-2,-1,1,-1,-1,1.11327,1.11407,1.11207,1.11408,STOP,-1.0124999999999718,-0.8099999999999774
2019-10-25 05:55:00+00:00,2019-10-25 06:00:00+00:00,2019-10-25 08:45:00+00:00,LONG,2,1,1,1,-1,1.1109200000000001,1.1101200000000002,1.1121200000000002,1.1121100000000002,TARGET,1.4875000000000305,1.1900000000000244
2019-10-28 05:55:00+00:00,2019-10-28 06:00:00+00:00,2019-10-28 11:00:00+00:00,LONG,4,1,1,1,1,1.1087900000000002,1.1079900000000003,1.1099900000000003,1.1099800000000002,TARGET,1.4875000000000305,1.1900000000000244
2019-10-29 05:55:00+00:00,2019-10-29 06:00:00+00:00,2019-10-29 08:35:00+00:00,SHORT,-2,-1,-1,1,-1,1.10941,1.11021,1.10821,1.10822,TARGET,1.4875000000000305,1.1900000000000244
2019-10-30 08:55:00+00:00,2019-10-30 09:00:00+00:00,2019-10-30 10:40:00+00:00,SHORT,-2,-1,-1,1,-1,1.11189,1.11269,1.11069,1.1127,STOP,-1.0124999999999718,-0.8099999999999774
2019-10-31 08:55:00+00:00,2019-10-31 09:00:00+00:00,2019-10-31 09:10:00+00:00,LONG,4,1,1,1,1,1.11752,1.1167200000000002,1.1187200000000002,1.11671,STOP,-1.0124999999999718,-0.8099999999999774
2019-11-01 06:55:00+00:00,2019-11-01 07:00:00+00:00,2019-11-01 09:35:00+00:00,SHORT,-2,-1,-1,1,-1,1.11616,1.11696,1.11496,1.11497,TARGET,1.4875000000000305,1.1900000000000244
2019-11-04 05:55:00+00:00,2019-11-04 06:00:00+00:00,2019-11-04 08:00:00+00:00,LONG,3,1,1,1,0,1.11681,1.1160100000000002,1.1180100000000002,1.116,STOP,-1.0124999999999718,-0.8099999999999774
2019-11-05 05:55:00+00:00,2019-11-05 06:00:00+00:00,2019-11-05 11:00:00+00:00,LONG,4,1,1,1,1,1.1128200000000001,1.1120200000000002,1.1140200000000002,1.1120100000000002,STOP,-1.0124999999999718,-0.8099999999999774
2019-11-06 05:55:00+00:00,2019-11-06 06:00:00+00:00,2019-11-06 08:50:00+00:00,LONG,2,-1,1,1,1,1.10761,1.10681,1.10881,1.1088,TARGET,1.4875000000000305,1.1900000000000244
2019-11-07 06:55:00+00:00,2019-11-07 07:00:00+00:00,2019-11-07 07:35:00+00:00,LONG,4,1,1,1,1,1.10599,1.1051900000000001,1.1071900000000001,1.10718,TARGET,1.4875000000000305,1.1900000000000244
2019-11-08 05:55:00+00:00,2019-11-08 06:00:00+00:00,2019-11-08 08:30:00+00:00,LONG,2,1,1,-1,1,1.10525,1.1044500000000002,1.1064500000000002,1.10444,STOP,-1.0124999999999718,-0.8099999999999774
2019-11-11 06:55:00+00:00,2019-11-11 07:00:00+00:00,2019-11-11 12:10:00+00:00,LONG,2,1,1,1,-1,1.1025500000000001,1.1017500000000002,1.1037500000000002,1.1037400000000002,TARGET,1.4875000000000305,1.1900000000000244
2019-11-12 06:55:00+00:00,2019-11-12 07:00:00+00:00,2019-11-12 08:30:00+00:00,SHORT,-2,1,-1,-1,-1,1.1033899999999999,1.1041899999999998,1.1021899999999998,1.1021999999999998,TARGET,1.4875000000000305,1.1900000000000244
2019-11-13 06:55:00+00:00,2019-11-13 07:00:00+00:00,2019-11-13 08:10:00+00:00,SHORT,-2,-1,-1,1,-1,1.1013199999999999,1.1021199999999998,1.1001199999999998,1.1001299999999998,TARGET,1.4875000000000305,1.1900000000000244
2019-11-14 07:55:00+00:00,2019-11-14 08:00:00+00:00,2019-11-14 09:15:00+00:00,LONG,2,1,1,1,-1,1.1011,1.1003,1.1023,1.10029,STOP,-1.0124999999999718,-0.8099999999999774
2019-11-15 05:55:00+00:00,2019-11-15 06:00:00+00:00,2019-11-15 11:10:00+00:00,SHORT,-4,-1,-1,-1,-1,1.10218,1.1029799999999998,1.1009799999999998,1.10299,STOP,-1.0124999999999718,-0.8099999999999774
2019-11-18 05:55:00+00:00,2019-11-18 06:00:00+00:00,2019-11-18 11:55:00+00:00,LONG,2,1,1,1,-1,1.10615,1.10535,1.10735,1.10608,TIME,-0.08750000000001812,-0.0700000000000145
2019-11-19 06:55:00+00:00,2019-11-19 07:00:00+00:00,2019-11-19 07:55:00+00:00,LONG,2,1,1,1,-1,1.10789,1.1070900000000001,1.1090900000000001,1.10708,STOP,-1.0124999999999718,-0.8099999999999774
2019-11-20 05:55:00+00:00,2019-11-20 06:00:00+00:00,2019-11-20 07:40:00+00:00,LONG,2,1,1,1,-1,1.10745,1.1066500000000001,1.1086500000000001,1.10664,STOP,-1.0124999999999718,-0.8099999999999774
2019-11-21 11:55:00+00:00,2019-11-21 12:00:00+00:00,2019-11-21 13:00:00+00:00,SHORT,-2,-1,-1,1,-1,1.10852,1.1093199999999999,1.1073199999999999,1.10933,STOP,-1.0124999999999718,-0.8099999999999774
2019-11-22 09:55:00+00:00,2019-11-22 10:00:00+00:00,2019-11-22 11:05:00+00:00,LONG,4,1,1,1,1,1.1061,1.1053000000000002,1.1073000000000002,1.10529,STOP,-1.0124999999999718,-0.8099999999999774
2019-11-25 12:55:00+00:00,2019-11-25 13:00:00+00:00,2019-11-25 14:55:00+00:00,SHORT,-2,-1,-1,-1,1,1.1012499999999998,1.1020499999999998,1.1000499999999998,1.1020599999999998,STOP,-1.0124999999999718,-0.8099999999999774
2019-11-26 10:55:00+00:00,2019-11-26 11:00:00+00:00,2019-11-26 16:55:00+00:00,SHORT,-4,-1,-1,-1,-1,1.1017,1.1024999999999998,1.1004999999999998,1.1011900000000001,TIME,0.6374999999997355,0.5099999999997884
2019-11-27 06:55:00+00:00,2019-11-27 07:00:00+00:00,2019-11-27 08:00:00+00:00,LONG,2,1,-1,1,1,1.1012,1.1004,1.1024,1.10039,STOP,-1.0124999999999718,-0.8099999999999774
2019-11-28 08:55:00+00:00,2019-11-28 09:00:00+00:00,2019-11-28 11:10:00+00:00,LONG,2,1,1,1,-1,1.10162,1.1008200000000001,1.1028200000000001,1.10081,STOP,-1.0124999999999718,-0.8099999999999774
2019-11-29 05:55:00+00:00,2019-11-29 06:00:00+00:00,2019-11-29 11:40:00+00:00,SHORT,-2,-1,-1,1,-1,1.10104,1.10184,1.09984,1.09985,TARGET,1.4875000000000305,1.1900000000000244
2019-12-02 06:55:00+00:00,2019-12-02 07:00:00+00:00,2019-12-02 12:05:00+00:00,SHORT,-2,-1,-1,-1,1,1.1016599999999999,1.1024599999999998,1.1004599999999998,1.1004699999999998,TARGET,1.4875000000000305,1.1900000000000244
2019-12-03 06:55:00+00:00,2019-12-03 07:00:00+00:00,2019-12-03 10:20:00+00:00,LONG,2,-1,1,1,1,1.10788,1.10708,1.10908,1.10707,STOP,-1.0124999999999718,-0.8099999999999774
2019-12-04 05:55:00+00:00,2019-12-04 06:00:00+00:00,2019-12-04 08:40:00+00:00,LONG,2,1,1,1,-1,1.10755,1.1067500000000001,1.1087500000000001,1.10874,TARGET,1.4875000000000305,1.1900000000000244
2019-12-05 07:55:00+00:00,2019-12-05 08:00:00+00:00,2019-12-05 08:25:00+00:00,SHORT,-2,-1,-1,1,-1,1.10797,1.1087699999999998,1.1067699999999998,1.1087799999999999,STOP,-1.0124999999999718,-0.8099999999999774
2019-12-06 07:55:00+00:00,2019-12-06 08:00:00+00:00,2019-12-06 09:40:00+00:00,LONG,2,-1,1,1,1,1.11074,1.1099400000000001,1.1119400000000002,1.10993,STOP,-1.0124999999999718,-0.8099999999999774
2019-12-09 14:55:00+00:00,2019-12-09 15:00:00+00:00,2019-12-09 17:00:00+00:00,LONG,4,1,1,1,1,1.1072600000000001,1.1064600000000002,1.1084600000000002,1.1064500000000002,STOP,-1.0124999999999718,-0.8099999999999774
2019-12-10 06:55:00+00:00,2019-12-10 07:00:00+00:00,2019-12-10 08:05:00+00:00,SHORT,-2,-1,-1,-1,1,1.1065,1.1073,1.1053,1.10731,STOP,-1.0124999999999718,-0.8099999999999774
2019-12-11 06:55:00+00:00,2019-12-11 07:00:00+00:00,2019-12-11 12:50:00+00:00,SHORT,-2,1,-1,-1,-1,1.1086099999999999,1.1094099999999998,1.1074099999999998,1.1074199999999998,TARGET,1.4875000000000305,1.1900000000000244
2019-12-12 05:55:00+00:00,2019-12-12 06:00:00+00:00,2019-12-12 09:15:00+00:00,SHORT,-2,1,-1,-1,-1,1.11399,1.11479,1.11279,1.1128,TARGET,1.4875000000000305,1.1900000000000244
2019-12-13 08:55:00+00:00,2019-12-13 09:00:00+00:00,2019-12-13 09:05:00+00:00,LONG,2,1,1,-1,1,1.11776,1.1169600000000002,1.1189600000000002,1.11695,STOP,-1.0124999999999718,-0.8099999999999774
2019-12-16 07:55:00+00:00,2019-12-16 08:00:00+00:00,2019-12-16 08:30:00+00:00,SHORT,-2,-1,-1,1,-1,1.11455,1.1153499999999998,1.1133499999999998,1.11336,TARGET,1.4875000000000305,1.1900000000000244
2019-12-17 05:55:00+00:00,2019-12-17 06:00:00+00:00,2019-12-17 08:20:00+00:00,SHORT,-2,1,-1,-1,-1,1.1147099999999999,1.1155099999999998,1.1135099999999998,1.1135199999999998,TARGET,1.4875000000000305,1.1900000000000244
2019-12-18 05:55:00+00:00,2019-12-18 06:00:00+00:00,2019-12-18 09:00:00+00:00,LONG,2,-1,1,1,1,1.11354,1.11274,1.11474,1.11273,STOP,-1.0124999999999718,-0.8099999999999774
2019-12-19 06:55:00+00:00,2019-12-19 07:00:00+00:00,2019-12-19 10:55:00+00:00,LONG,2,-1,1,1,1,1.11303,1.11223,1.11423,1.11422,TARGET,1.4875000000000305,1.1900000000000244
2019-12-20 09:55:00+00:00,2019-12-20 10:00:00+00:00,2019-12-20 10:55:00+00:00,LONG,2,1,1,-1,1,1.11209,1.1112900000000001,1.1132900000000001,1.11128,STOP,-1.0124999999999718,-0.8099999999999774
2019-12-23 05:55:00+00:00,2019-12-23 06:00:00+00:00,2019-12-23 11:55:00+00:00,LONG,2,-1,1,1,1,1.1082400000000001,1.1074400000000002,1.1094400000000002,1.1080699999999999,TIME,-0.2125000000002819,-0.17000000000022553
2019-12-24 05:55:00+00:00,2019-12-24 06:00:00+00:00,2019-12-24 07:30:00+00:00,LONG,2,1,1,1,-1,1.10898,1.1081800000000002,1.1101800000000002,1.10817,STOP,-1.0124999999999718,-0.8099999999999774
2019-12-26 08:55:00+00:00,2019-12-26 09:00:00+00:00,2019-12-26 14:55:00+00:00,SHORT,-2,-1,-1,-1,1,1.10934,1.11014,1.10814,1.10911,TIME,0.2874999999999406,0.22999999999995246
2019-12-27 07:55:00+00:00,2019-12-27 08:00:00+00:00,2019-12-27 10:15:00+00:00,LONG,2,-1,1,1,1,1.11298,1.1121800000000002,1.1141800000000002,1.11417,TARGET,1.4875000000000305,1.1900000000000244
2019-12-30 06:55:00+00:00,2019-12-30 07:00:00+00:00,2019-12-30 12:50:00+00:00,LONG,2,1,1,1,-1,1.11958,1.11878,1.12078,1.11877,STOP,-1.0124999999999718,-0.8099999999999774
2019-12-31 05:55:00+00:00,2019-12-31 06:00:00+00:00,2019-12-31 11:00:00+00:00,LONG,2,1,1,1,-1,1.1207200000000002,1.1199200000000002,1.1219200000000003,1.1219100000000002,TARGET,1.4875000000000305,1.1900000000000244
2020-01-02 07:55:00+00:00,2020-01-02 08:00:00+00:00,2020-01-02 09:50:00+00:00,LONG,2,1,1,-1,1,1.12101,1.1202100000000002,1.1222100000000002,1.1202,STOP,-1.0124999999999718,-0.8099999999999774
2020-01-03 05:55:00+00:00,2020-01-03 06:00:00+00:00,2020-01-03 07:45:00+00:00,SHORT,-2,-1,-1,-1,1,1.11662,1.1174199999999999,1.1154199999999999,1.11543,TARGET,1.4875000000000305,1.1900000000000244
2020-01-06 11:55:00+00:00,2020-01-06 12:00:00+00:00,2020-01-06 12:40:00+00:00,LONG,4,1,1,1,1,1.12035,1.11955,1.12155,1.11954,STOP,-1.0124999999999718,-0.8099999999999774
2020-01-07 06:55:00+00:00,2020-01-07 07:00:00+00:00,2020-01-07 09:00:00+00:00,SHORT,-4,-1,-1,-1,-1,1.11814,1.1189399999999998,1.1169399999999998,1.11895,STOP,-1.0124999999999718,-0.8099999999999774
2020-01-08 05:55:00+00:00,2020-01-08 06:00:00+00:00,2020-01-08 08:10:00+00:00,SHORT,-2,1,-1,-1,-1,1.1149,1.1157,1.1137,1.11371,TARGET,1.4875000000000305,1.1900000000000244
2020-01-09 08:55:00+00:00,2020-01-09 09:00:00+00:00,2020-01-09 09:30:00+00:00,LONG,2,1,1,-1,1,1.11175,1.11095,1.11295,1.11094,STOP,-1.0124999999999718,-0.8099999999999774
2020-01-10 06:55:00+00:00,2020-01-10 07:00:00+00:00,2020-01-10 08:20:00+00:00,LONG,2,-1,1,1,1,1.11095,1.1101500000000002,1.1121500000000002,1.1101400000000001,STOP,-1.0124999999999718,-0.8099999999999774
2020-01-13 06:55:00+00:00,2020-01-13 07:00:00+00:00,2020-01-13 08:25:00+00:00,LONG,2,1,1,-1,1,1.1129,1.1121,1.1141,1.11209,STOP,-1.0124999999999718,-0.8099999999999774
2020-01-14 08:55:00+00:00,2020-01-14 09:00:00+00:00,2020-01-14 12:10:00+00:00,SHORT,-4,-1,-1,-1,-1,1.1135,1.1142999999999998,1.1122999999999998,1.11231,TARGET,1.4875000000000305,1.1900000000000244
2020-01-15 05:55:00+00:00,2020-01-15 06:00:00+00:00,2020-01-15 08:00:00+00:00,LONG,2,-1,1,1,1,1.11341,1.11261,1.11461,1.1126,STOP,-1.0124999999999718,-0.8099999999999774
2020-01-16 05:55:00+00:00,2020-01-16 06:00:00+00:00,2020-01-16 08:30:00+00:00,SHORT,-2,-1,-1,1,-1,1.11497,1.11577,1.11377,1.11578,STOP,-1.0124999999999718,-0.8099999999999774
2020-01-17 07:55:00+00:00,2020-01-17 08:00:00+00:00,2020-01-17 10:25:00+00:00,SHORT,-4,-1,-1,-1,-1,1.1136199999999998,1.1144199999999997,1.1124199999999997,1.1124299999999998,TARGET,1.4875000000000305,1.1900000000000244
2020-01-20 06:55:00+00:00,2020-01-20 07:00:00+00:00,2020-01-20 08:05:00+00:00,LONG,2,-1,1,1,1,1.11009,1.10929,1.1112900000000001,1.10928,STOP,-1.0124999999999718,-0.8099999999999774
2020-01-21 07:55:00+00:00,2020-01-21 08:00:00+00:00,2020-01-21 10:00:00+00:00,SHORT,-4,-1,-1,-1,-1,1.10921,1.11001,1.10801,1.11002,STOP,-1.0124999999999718,-0.8099999999999774
2020-01-22 08:55:00+00:00,2020-01-22 09:00:00+00:00,2020-01-22 10:00:00+00:00,LONG,2,-1,1,1,1,1.10817,1.1073700000000002,1.1093700000000002,1.1093600000000001,TARGET,1.4875000000000305,1.1900000000000244
2020-01-23 08:55:00+00:00,2020-01-23 09:00:00+00:00,2020-01-23 10:55:00+00:00,SHORT,-4,-1,-1,-1,-1,1.10836,1.10916,1.10716,1.10917,STOP,-1.0124999999999718,-0.8099999999999774
2020-01-24 05:55:00+00:00,2020-01-24 06:00:00+00:00,2020-01-24 08:30:00+00:00,LONG,2,1,1,1,-1,1.10491,1.1041100000000001,1.1061100000000001,1.1061,TARGET,1.4875000000000305,1.1900000000000244
2020-01-27 05:55:00+00:00,2020-01-27 06:00:00+00:00,2020-01-27 09:00:00+00:00,LONG,2,1,-1,1,1,1.10311,1.1023100000000001,1.1043100000000001,1.1023,STOP,-1.0124999999999718,-0.8099999999999774
2020-01-28 08:55:00+00:00,2020-01-28 09:00:00+00:00,2020-01-28 11:45:00+00:00,LONG,2,1,1,-1,1,1.10196,1.1011600000000001,1.1031600000000001,1.10115,STOP,-1.0124999999999718,-0.8099999999999774
2020-01-29 06:55:00+00:00,2020-01-29 07:00:00+00:00,2020-01-29 08:10:00+00:00,SHORT,-2,1,-1,-1,-1,1.10147,1.1022699999999999,1.1002699999999999,1.10028,TARGET,1.4875000000000305,1.1900000000000244
2020-01-30 08:55:00+00:00,2020-01-30 09:00:00+00:00,2020-01-30 12:00:00+00:00,SHORT,-2,-1,-1,1,-1,1.10164,1.1024399999999999,1.1004399999999999,1.10245,STOP,-1.0124999999999718,-0.8099999999999774
2020-01-31 06:55:00+00:00,2020-01-31 07:00:00+00:00,2020-01-31 09:35:00+00:00,LONG,2,1,1,-1,1,1.10209,1.10129,1.10329,1.10328,TARGET,1.4875000000000305,1.1900000000000244
2020-02-03 09:55:00+00:00,2020-02-03 10:00:00+00:00,2020-02-03 10:55:00+00:00,LONG,2,1,1,-1,1,1.10729,1.1064900000000002,1.1084900000000002,1.1064800000000001,STOP,-1.0124999999999718,-0.8099999999999774
2020-02-04 08:55:00+00:00,2020-02-04 09:00:00+00:00,2020-02-04 10:20:00+00:00,LONG,2,-1,1,1,1,1.10581,1.10501,1.10701,1.105,STOP,-1.0124999999999718,-0.8099999999999774
2020-02-05 06:55:00+00:00,2020-02-05 07:00:00+00:00,2020-02-05 09:35:00+00:00,LONG,2,1,1,-1,1,1.10363,1.1028300000000002,1.1048300000000002,1.1028200000000001,STOP,-1.0124999999999718,-0.8099999999999774
2020-02-06 06:55:00+00:00,2020-02-06 07:00:00+00:00,2020-02-06 08:00:00+00:00,LONG,2,1,-1,1,1,1.10007,1.0992700000000002,1.1012700000000002,1.1012600000000001,TARGET,1.4875000000000305,1.1900000000000244
2020-02-07 06:55:00+00:00,2020-02-07 07:00:00+00:00,2020-02-07 08:05:00+00:00,SHORT,-3,-1,0,-1,-1,1.0977599999999998,1.0985599999999998,1.0965599999999998,1.0965699999999998,TARGET,1.4875000000000305,1.1900000000000244
2020-02-10 05:55:00+00:00,2020-02-10 06:00:00+00:00,2020-02-10 07:45:00+00:00,LONG,4,1,1,1,1,1.09558,1.09478,1.09678,1.09477,STOP,-1.0124999999999718,-0.8099999999999774
2020-02-11 07:55:00+00:00,2020-02-11 08:00:00+00:00,2020-02-11 08:10:00+00:00,LONG,2,1,1,1,-1,1.09146,1.0906600000000002,1.0926600000000002,1.0906500000000001,STOP,-1.0124999999999718,-0.8099999999999774
2020-02-12 09:55:00+00:00,2020-02-12 10:00:00+00:00,2020-02-12 11:35:00+00:00,LONG,2,-1,1,1,1,1.09205,1.09125,1.09325,1.09124,STOP,-1.0124999999999718,-0.8099999999999774
2020-02-13 05:55:00+00:00,2020-02-13 06:00:00+00:00,2020-02-13 08:35:00+00:00,LONG,2,-1,1,1,1,1.08719,1.0863900000000002,1.0883900000000002,1.0883800000000001,TARGET,1.4875000000000305,1.1900000000000244
2020-02-14 05:55:00+00:00,2020-02-14 06:00:00+00:00,2020-02-14 09:30:00+00:00,LONG,4,1,1,1,1,1.08373,1.0829300000000002,1.0849300000000002,1.08492,TARGET,1.4875000000000305,1.1900000000000244
2020-02-17 06:55:00+00:00,2020-02-17 07:00:00+00:00,2020-02-17 08:45:00+00:00,SHORT,-4,-1,-1,-1,-1,1.0835,1.0842999999999998,1.0822999999999998,1.0843099999999999,STOP,-1.0124999999999718,-0.8099999999999774
2020-02-18 05:55:00+00:00,2020-02-18 06:00:00+00:00,2020-02-18 11:55:00+00:00,SHORT,-2,0,0,-1,-1,1.0831199999999999,1.0839199999999998,1.0819199999999998,1.08247,TIME,0.8124999999997717,0.6499999999998174
2020-02-19 06:55:00+00:00,2020-02-19 07:00:00+00:00,2020-02-19 11:30:00+00:00,LONG,2,1,1,1,-1,1.0798400000000001,1.0790400000000002,1.0810400000000002,1.0790300000000002,STOP,-1.0124999999999718,-0.8099999999999774
2020-02-20 09:55:00+00:00,2020-02-20 10:00:00+00:00,2020-02-20 12:30:00+00:00,SHORT,-2,1,-1,-1,-1,1.07995,1.0807499999999999,1.0787499999999999,1.07876,TARGET,1.4875000000000305,1.1900000000000244
2020-02-21 08:55:00+00:00,2020-02-21 09:00:00+00:00,2020-02-21 10:00:00+00:00,LONG,2,1,1,1,-1,1.0814700000000002,1.0806700000000002,1.0826700000000002,1.0806600000000002,STOP,-1.0124999999999718,-0.8099999999999774
2020-02-24 05:55:00+00:00,2020-02-24 06:00:00+00:00,2020-02-24 08:05:00+00:00,SHORT,-2,-1,-1,-1,1,1.08148,1.08228,1.08028,1.08229,STOP,-1.0124999999999718,-0.8099999999999774
2020-02-25 06:55:00+00:00,2020-02-25 07:00:00+00:00,2020-02-25 08:20:00+00:00,SHORT,-2,1,-1,-1,-1,1.0852,1.0859999999999999,1.0839999999999999,1.08601,STOP,-1.0124999999999718,-0.8099999999999774
2020-02-26 06:55:00+00:00,2020-02-26 07:00:00+00:00,2020-02-26 07:25:00+00:00,LONG,2,1,1,-1,1,1.08749,1.0866900000000002,1.0886900000000002,1.08668,STOP,-1.0124999999999718,-0.8099999999999774
2020-02-27 05:55:00+00:00,2020-02-27 06:00:00+00:00,2020-02-27 06:35:00+00:00,SHORT,-4,-1,-1,-1,-1,1.09073,1.09153,1.0895299999999999,1.09154,STOP,-1.0124999999999718,-0.8099999999999774
2020-02-28 06:55:00+00:00,2020-02-28 07:00:00+00:00,2020-02-28 08:05:00+00:00,SHORT,-2,-1,1,-1,-1,1.1000999999999999,1.1008999999999998,1.0988999999999998,1.1009099999999998,STOP,-1.0124999999999718,-0.8099999999999774
2020-03-02 07:55:00+00:00,2020-03-02 08:00:00+00:00,2020-03-02 08:00:00+00:00,SHORT,-2,1,-1,-1,-1,1.10633,1.10713,1.10513,1.10714,STOP,-1.0124999999999718,-0.8099999999999774
2020-03-03 09:55:00+00:00,2020-03-03 10:00:00+00:00,2020-03-03 10:25:00+00:00,LONG,4,1,1,1,1,1.1127500000000001,1.1119500000000002,1.1139500000000002,1.1119400000000002,STOP,-1.0124999999999718,-0.8099999999999774
2020-03-04 07:55:00+00:00,2020-03-04 08:00:00+00:00,2020-03-04 08:25:00+00:00,LONG,4,1,1,1,1,1.11598,1.11518,1.11718,1.11717,TARGET,1.4875000000000305,1.1900000000000244
2020-03-05 06:55:00+00:00,2020-03-05 07:00:00+00:00,2020-03-05 07:55:00+00:00,SHORT,-4,-1,-1,-1,-1,1.11329,1.1140899999999998,1.1120899999999998,1.1120999999999999,TARGET,1.4875000000000305,1.1900000000000244
2020-03-06 05:55:00+00:00,2020-03-06 06:00:00+00:00,2020-03-06 06:00:00+00:00,SHORT,-2,-1,-1,-1,1,1.1228099999999999,1.1236099999999998,1.1216099999999998,1.1236199999999998,STOP,-1.0124999999999718,-0.8099999999999774
2020-03-09 07:55:00+00:00,2020-03-09 08:00:00+00:00,2020-03-09 08:00:00+00:00,SHORT,-4,-1,-1,-1,-1,1.1438599999999999,1.1446599999999998,1.1426599999999998,1.1426699999999999,TARGET,1.4875000000000305,1.1900000000000244
2020-03-10 07:55:00+00:00,2020-03-10 08:00:00+00:00,2020-03-10 08:00:00+00:00,LONG,2,1,-1,1,1,1.1382400000000001,1.1374400000000002,1.1394400000000002,1.1394300000000002,TARGET,1.4875000000000305,1.1900000000000244
2020-03-11 06:55:00+00:00,2020-03-11 07:00:00+00:00,2020-03-11 07:00:00+00:00,LONG,2,1,1,1,-1,1.1364400000000001,1.1356400000000002,1.1376400000000002,1.1356300000000001,STOP,-1.0124999999999718,-0.8099999999999774
2020-03-12 11:55:00+00:00,2020-03-12 12:00:00+00:00,2020-03-12 12:05:00+00:00,LONG,4,1,1,1,1,1.1237700000000002,1.1229700000000002,1.1249700000000002,1.1249600000000002,TARGET,1.4875000000000305,1.1900000000000244
2020-03-13 06:55:00+00:00,2020-03-13 07:00:00+00:00,2020-03-13 07:00:00+00:00,SHORT,-2,1,-1,-1,-1,1.1197899999999998,1.1205899999999998,1.1185899999999998,1.1205999999999998,STOP,-1.0124999999999718,-0.8099999999999774
2020-03-16 10:55:00+00:00,2020-03-16 11:00:00+00:00,2020-03-16 11:25:00+00:00,SHORT,-2,1,-1,-1,-1,1.1165399999999999,1.1173399999999998,1.1153399999999998,1.1153499999999998,TARGET,1.4875000000000305,1.1900000000000244
2020-03-17 06:55:00+00:00,2020-03-17 07:00:00+00:00,2020-03-17 07:05:00+00:00,SHORT,-2,-1,1,-1,-1,1.11601,1.1168099999999999,1.1148099999999999,1.11482,TARGET,1.4875000000000305,1.1900000000000244
2020-03-18 05:55:00+00:00,2020-03-18 06:00:00+00:00,2020-03-18 06:05:00+00:00,SHORT,-2,1,-1,-1,-1,1.10391,1.1047099999999999,1.1027099999999999,1.10272,TARGET,1.4875000000000305,1.1900000000000244
2020-03-19 07:55:00+00:00,2020-03-19 08:00:00+00:00,2020-03-19 08:00:00+00:00,SHORT,-2,1,-1,-1,-1,1.08476,1.0855599999999999,1.0835599999999999,1.08557,STOP,-1.0124999999999718,-0.8099999999999774
2020-03-20 06:55:00+00:00,2020-03-20 07:00:00+00:00,2020-03-20 07:00:00+00:00,SHORT,-2,1,-1,-1,-1,1.07591,1.0767099999999998,1.0747099999999998,1.07472,TARGET,1.4875000000000305,1.1900000000000244
2020-03-23 08:55:00+00:00,2020-03-23 09:00:00+00:00,2020-03-23 09:05:00+00:00,LONG,2,1,1,-1,1,1.07081,1.0700100000000001,1.0720100000000001,1.07,STOP,-1.0124999999999718,-0.8099999999999774
2020-03-24 05:55:00+00:00,2020-03-24 06:00:00+00:00,2020-03-24 06:00:00+00:00,SHORT,-2,-1,-1,1,-1,1.07785,1.0786499999999999,1.0766499999999999,1.07866,STOP,-1.0124999999999718,-0.8099999999999774
2020-03-25 09:55:00+00:00,2020-03-25 10:00:00+00:00,2020-03-25 10:30:00+00:00,SHORT,-2,-1,-1,1,-1,1.08433,1.08513,1.08313,1.08314,TARGET,1.4875000000000305,1.1900000000000244
2020-03-26 07:55:00+00:00,2020-03-26 08:00:00+00:00,2020-03-26 08:00:00+00:00,LONG,2,-1,1,1,1,1.09251,1.0917100000000002,1.0937100000000002,1.0917000000000001,STOP,-1.0124999999999718,-0.8099999999999774
2020-03-27 06:55:00+00:00,2020-03-27 07:00:00+00:00,2020-03-27 07:00:00+00:00,LONG,4,1,1,1,1,1.10483,1.10403,1.10603,1.10402,STOP,-1.0124999999999718,-0.8099999999999774
2020-03-30 05:55:00+00:00,2020-03-30 06:00:00+00:00,2020-03-30 06:00:00+00:00,LONG,4,1,1,1,1,1.11012,1.10932,1.11132,1.10931,STOP,-1.0124999999999718,-0.8099999999999774
2020-03-31 08:55:00+00:00,2020-03-31 09:00:00+00:00,2020-03-31 09:20:00+00:00,SHORT,-4,-1,-1,-1,-1,1.09787,1.0986699999999998,1.0966699999999998,1.0986799999999999,STOP,-1.0124999999999718,-0.8099999999999774
2020-04-01 06:55:00+00:00,2020-04-01 07:00:00+00:00,2020-04-01 07:00:00+00:00,SHORT,-2,-1,-1,1,-1,1.09828,1.0990799999999998,1.0970799999999998,1.09909,STOP,-1.0124999999999718,-0.8099999999999774
2020-04-02 06:55:00+00:00,2020-04-02 07:00:00+00:00,2020-04-02 07:20:00+00:00,SHORT,-2,1,-1,-1,-1,1.0936299999999999,1.0944299999999998,1.0924299999999998,1.0944399999999999,STOP,-1.0124999999999718,-0.8099999999999774
2020-04-03 08:55:00+00:00,2020-04-03 09:00:00+00:00,2020-04-03 09:45:00+00:00,SHORT,-2,1,-1,-1,-1,1.0797999999999999,1.0805999999999998,1.0785999999999998,1.0806099999999998,STOP,-1.0124999999999718,-0.8099999999999774
2020-04-06 05:55:00+00:00,2020-04-06 06:00:00+00:00,2020-04-06 06:15:00+00:00,SHORT,-2,-1,-1,1,-1,1.0826,1.0834,1.0814,1.08141,TARGET,1.4875000000000305,1.1900000000000244
2020-04-07 05:55:00+00:00,2020-04-07 06:00:00+00:00,2020-04-07 06:15:00+00:00,SHORT,-2,-1,1,-1,-1,1.0829,1.0836999999999999,1.0816999999999999,1.08371,STOP,-1.0124999999999718,-0.8099999999999774
2020-04-08 05:55:00+00:00,2020-04-08 06:00:00+00:00,2020-04-08 06:00:00+00:00,LONG,2,-1,1,1,1,1.08819,1.08739,1.08939,1.08738,STOP,-1.0124999999999718,-0.8099999999999774
2020-04-09 05:55:00+00:00,2020-04-09 06:00:00+00:00,2020-04-09 06:05:00+00:00,SHORT,-2,-1,-1,-1,1,1.08552,1.08632,1.08432,1.08433,TARGET,1.4875000000000305,1.1900000000000244
2020-04-10 06:55:00+00:00,2020-04-10 07:00:00+00:00,2020-04-10 07:55:00+00:00,LONG,4,1,1,1,1,1.09485,1.0940500000000002,1.0960500000000002,1.0940400000000001,STOP,-1.0124999999999718,-0.8099999999999774
2020-04-13 05:55:00+00:00,2020-04-13 06:00:00+00:00,2020-04-13 06:15:00+00:00,SHORT,-2,1,-1,-1,-1,1.09337,1.0941699999999999,1.0921699999999999,1.09418,STOP,-1.0124999999999718,-0.8099999999999774
2020-04-14 05:55:00+00:00,2020-04-14 06:00:00+00:00,2020-04-14 06:45:00+00:00,SHORT,-2,1,-1,-1,-1,1.09387,1.0946699999999998,1.0926699999999998,1.0926799999999999,TARGET,1.4875000000000305,1.1900000000000244
2020-04-15 05:55:00+00:00,2020-04-15 06:00:00+00:00,2020-04-15 07:25:00+00:00,SHORT,-2,1,-1,-1,-1,1.0962999999999998,1.0970999999999997,1.0950999999999997,1.0951099999999998,TARGET,1.4875000000000305,1.1900000000000244
2020-04-16 06:55:00+00:00,2020-04-16 07:00:00+00:00,2020-04-16 07:00:00+00:00,SHORT,-4,-1,-1,-1,-1,1.08843,1.08923,1.08723,1.08924,STOP,-1.0124999999999718,-0.8099999999999774
2020-04-17 05:55:00+00:00,2020-04-17 06:00:00+00:00,2020-04-17 06:05:00+00:00,SHORT,-4,-1,-1,-1,-1,1.0865399999999998,1.0873399999999998,1.0853399999999997,1.0853499999999998,TARGET,1.4875000000000305,1.1900000000000244
2020-04-20 07:55:00+00:00,2020-04-20 08:00:00+00:00,2020-04-20 08:25:00+00:00,LONG,2,1,1,-1,1,1.08687,1.08607,1.08807,1.08606,STOP,-1.0124999999999718,-0.8099999999999774
2020-04-21 05:55:00+00:00,2020-04-21 06:00:00+00:00,2020-04-21 07:00:00+00:00,LONG,2,1,1,1,-1,1.0841800000000001,1.0833800000000002,1.0853800000000002,1.0833700000000002,STOP,-1.0124999999999718,-0.8099999999999774
2020-04-22 05:55:00+00:00,2020-04-22 06:00:00+00:00,2020-04-22 06:35:00+00:00,LONG,2,1,-1,1,1,1.0855700000000001,1.0847700000000002,1.0867700000000002,1.0867600000000002,TARGET,1.4875000000000305,1.1900000000000244
2020-04-23 06:55:00+00:00,2020-04-23 07:00:00+00:00,2020-04-23 07:15:00+00:00,SHORT,-2,1,-1,-1,-1,1.08165,1.08245,1.08045,1.08046,TARGET,1.4875000000000305,1.1900000000000244
2020-04-24 05:55:00+00:00,2020-04-24 06:00:00+00:00,2020-04-24 06:55:00+00:00,SHORT,-2,1,-1,-1,-1,1.0763099999999999,1.0771099999999998,1.0751099999999998,1.0751199999999999,TARGET,1.4875000000000305,1.1900000000000244
2020-04-27 05:55:00+00:00,2020-04-27 06:00:00+00:00,2020-04-27 06:25:00+00:00,LONG,2,-1,1,1,1,1.08471,1.0839100000000002,1.0859100000000002,1.0859,TARGET,1.4875000000000305,1.1900000000000244
2020-04-28 06:55:00+00:00,2020-04-28 07:00:00+00:00,2020-04-28 07:05:00+00:00,SHORT,-4,-1,-1,-1,-1,1.0812599999999999,1.0820599999999998,1.0800599999999998,1.0820699999999999,STOP,-1.0124999999999718,-0.8099999999999774
2020-04-29 06:55:00+00:00,2020-04-29 07:00:00+00:00,2020-04-29 07:00:00+00:00,LONG,4,1,1,1,1,1.0851600000000001,1.0843600000000002,1.0863600000000002,1.0863500000000001,TARGET,1.4875000000000305,1.1900000000000244
2020-04-30 06:55:00+00:00,2020-04-30 07:00:00+00:00,2020-04-30 07:20:00+00:00,LONG,2,1,1,1,-1,1.08813,1.0873300000000001,1.0893300000000001,1.08732,STOP,-1.0124999999999718,-0.8099999999999774
2020-05-01 05:55:00+00:00,2020-05-01 06:00:00+00:00,2020-05-01 06:15:00+00:00,LONG,2,1,1,-1,1,1.0952300000000001,1.0944300000000002,1.0964300000000002,1.0964200000000002,TARGET,1.4875000000000305,1.1900000000000244
2020-05-04 05:55:00+00:00,2020-05-04 06:00:00+00:00,2020-05-04 06:25:00+00:00,SHORT,-2,1,-1,-1,-1,1.09284,1.09364,1.09164,1.09365,STOP,-1.0124999999999718,-0.8099999999999774
2020-05-05 06:55:00+00:00,2020-05-05 07:00:00+00:00,2020-05-05 07:00:00+00:00,SHORT,-2,-1,-1,1,-1,1.09028,1.0910799999999998,1.0890799999999998,1.08909,TARGET,1.4875000000000305,1.1900000000000244
2020-05-06 05:55:00+00:00,2020-05-06 06:00:00+00:00,2020-05-06 06:05:00+00:00,LONG,4,1,1,1,1,1.08388,1.08308,1.08508,1.08307,STOP,-1.0124999999999718,-0.8099999999999774
2020-05-07 08:55:00+00:00,2020-05-07 09:00:00+00:00,2020-05-07 09:10:00+00:00,SHORT,-2,1,-1,-1,-1,1.0792899999999999,1.0800899999999998,1.0780899999999998,1.0780999999999998,TARGET,1.4875000000000305,1.1900000000000244
2020-05-08 07:55:00+00:00,2020-05-08 08:00:00+00:00,2020-05-08 08:55:00+00:00,SHORT,-2,-1,-1,-1,1,1.08245,1.0832499999999998,1.0812499999999998,1.08326,STOP,-1.0124999999999718,-0.8099999999999774
2020-05-11 06:55:00+00:00,2020-05-11 07:00:00+00:00,2020-05-11 07:15:00+00:00,SHORT,-2,-1,-1,1,-1,1.0841999999999998,1.0849999999999997,1.0829999999999997,1.0830099999999998,TARGET,1.4875000000000305,1.1900000000000244
2020-05-12 05:55:00+00:00,2020-05-12 06:00:00+00:00,2020-05-12 06:35:00+00:00,SHORT,-2,1,-1,-1,-1,1.0809499999999999,1.0817499999999998,1.0797499999999998,1.0817599999999998,STOP,-1.0124999999999718,-0.8099999999999774
2020-05-13 05:55:00+00:00,2020-05-13 06:00:00+00:00,2020-05-13 07:35:00+00:00,SHORT,-2,-1,-1,-1,1,1.08493,1.0857299999999999,1.0837299999999999,1.08374,TARGET,1.4875000000000305,1.1900000000000244
2020-05-14 07:55:00+00:00,2020-05-14 08:00:00+00:00,2020-05-14 08:20:00+00:00,SHORT,-2,1,-1,-1,-1,1.08043,1.08123,1.07923,1.08124,STOP,-1.0124999999999718,-0.8099999999999774
2020-05-15 05:55:00+00:00,2020-05-15 06:00:00+00:00,2020-05-15 07:05:00+00:00,SHORT,-2,-1,1,-1,-1,1.0806099999999998,1.0814099999999998,1.0794099999999998,1.0794199999999998,TARGET,1.4875000000000305,1.1900000000000244
2020-05-18 05:55:00+00:00,2020-05-18 06:00:00+00:00,2020-05-18 06:55:00+00:00,SHORT,-2,-1,-1,1,-1,1.08185,1.08265,1.0806499999999999,1.08266,STOP,-1.0124999999999718,-0.8099999999999774
2020-05-19 06:55:00+00:00,2020-05-19 07:00:00+00:00,2020-05-19 07:30:00+00:00,LONG,2,1,1,1,-1,1.09405,1.09325,1.09525,1.09324,STOP,-1.0124999999999718,-0.8099999999999774
2020-05-20 08:55:00+00:00,2020-05-20 09:00:00+00:00,2020-05-20 09:20:00+00:00,SHORT,-2,-1,-1,1,-1,1.09421,1.0950099999999998,1.0930099999999998,1.0950199999999999,STOP,-1.0124999999999718,-0.8099999999999774
2020-05-21 07:55:00+00:00,2020-05-21 08:00:00+00:00,2020-05-21 10:40:00+00:00,LONG,2,1,1,-1,1,1.09676,1.09596,1.09796,1.09795,TARGET,1.4875000000000305,1.1900000000000244
2020-05-22 07:55:00+00:00,2020-05-22 08:00:00+00:00,2020-05-22 08:15:00+00:00,SHORT,-4,-1,-1,-1,-1,1.09039,1.0911899999999999,1.0891899999999999,1.0912,STOP,-1.0124999999999718,-0.8099999999999774
2020-05-25 08:55:00+00:00,2020-05-25 09:00:00+00:00,2020-05-25 09:45:00+00:00,LONG,4,1,1,1,1,1.0889600000000002,1.0881600000000002,1.0901600000000002,1.0901500000000002,TARGET,1.4875000000000305,1.1900000000000244
2020-05-26 05:55:00+00:00,2020-05-26 06:00:00+00:00,2020-05-26 07:05:00+00:00,LONG,2,1,1,1,-1,1.0922500000000002,1.0914500000000003,1.0934500000000003,1.0914400000000002,STOP,-1.0124999999999718,-0.8099999999999774
2020-05-27 05:55:00+00:00,2020-05-27 06:00:00+00:00,2020-05-27 08:00:00+00:00,LONG,2,1,1,-1,1,1.09589,1.0950900000000001,1.0970900000000001,1.09708,TARGET,1.4875000000000305,1.1900000000000244
2020-05-28 08:55:00+00:00,2020-05-28 09:00:00+00:00,2020-05-28 09:15:00+00:00,LONG,2,-1,1,1,1,1.0999400000000001,1.0991400000000002,1.1011400000000002,1.1011300000000002,TARGET,1.4875000000000305,1.1900000000000244
2020-05-29 06:55:00+00:00,2020-05-29 07:00:00+00:00,2020-05-29 07:25:00+00:00,LONG,2,-1,1,1,1,1.1099700000000001,1.1091700000000002,1.1111700000000002,1.1111600000000001,TARGET,1.4875000000000305,1.1900000000000244
2020-06-01 05:55:00+00:00,2020-06-01 06:00:00+00:00,2020-06-01 06:10:00+00:00,SHORT,-2,-1,1,-1,-1,1.11395,1.11475,1.11275,1.11476,STOP,-1.0124999999999718,-0.8099999999999774
2020-06-02 06:55:00+00:00,2020-06-02 07:00:00+00:00,2020-06-02 07:05:00+00:00,SHORT,-4,-1,-1,-1,-1,1.1118299999999999,1.1126299999999998,1.1106299999999998,1.1126399999999999,STOP,-1.0124999999999718,-0.8099999999999774
2020-06-03 07:55:00+00:00,2020-06-03 08:00:00+00:00,2020-06-03 08:05:00+00:00,LONG,2,-1,1,1,1,1.1216700000000002,1.1208700000000003,1.1228700000000003,1.1208600000000002,STOP,-1.0124999999999718,-0.8099999999999774
2020-06-04 05:55:00+00:00,2020-06-04 06:00:00+00:00,2020-06-04 06:45:00+00:00,SHORT,-2,-1,-1,-1,1,1.12144,1.12224,1.12024,1.12025,TARGET,1.4875000000000305,1.1900000000000244
2020-06-05 05:55:00+00:00,2020-06-05 06:00:00+00:00,2020-06-05 06:35:00+00:00,LONG,2,1,1,1,-1,1.1369500000000001,1.1361500000000002,1.1381500000000002,1.1381400000000002,TARGET,1.4875000000000305,1.1900000000000244
2020-06-08 06:55:00+00:00,2020-06-08 07:00:00+00:00,2020-06-08 07:05:00+00:00,LONG,4,1,1,1,1,1.1294600000000001,1.1286600000000002,1.1306600000000002,1.1286500000000002,STOP,-1.0124999999999718,-0.8099999999999774
2020-06-09 07:55:00+00:00,2020-06-09 08:00:00+00:00,2020-06-09 08:15:00+00:00,LONG,2,1,1,1,-1,1.12671,1.1259100000000002,1.1279100000000002,1.1259000000000001,STOP,-1.0124999999999718,-0.8099999999999774
2020-06-10 07:55:00+00:00,2020-06-10 08:00:00+00:00,2020-06-10 08:20:00+00:00,LONG,4,1,1,1,1,1.1360000000000001,1.1352000000000002,1.1372000000000002,1.1371900000000001,TARGET,1.4875000000000305,1.1900000000000244
2020-06-11 05:55:00+00:00,2020-06-11 06:00:00+00:00,2020-06-11 06:15:00+00:00,LONG,4,1,1,1,1,1.13443,1.1336300000000001,1.1356300000000001,1.13562,TARGET,1.4875000000000305,1.1900000000000244
2020-06-12 08:55:00+00:00,2020-06-12 09:00:00+00:00,2020-06-12 09:15:00+00:00,SHORT,-4,-1,-1,-1,-1,1.13249,1.13329,1.13129,1.1313,TARGET,1.4875000000000305,1.1900000000000244
2020-06-15 06:55:00+00:00,2020-06-15 07:00:00+00:00,2020-06-15 07:15:00+00:00,SHORT,-2,-1,-1,1,-1,1.12309,1.1238899999999998,1.1218899999999998,1.1239,STOP,-1.0124999999999718,-0.8099999999999774
2020-06-16 05:55:00+00:00,2020-06-16 06:00:00+00:00,2020-06-16 06:45:00+00:00,SHORT,-2,1,-1,-1,-1,1.13357,1.1343699999999999,1.1323699999999999,1.13438,STOP,-1.0124999999999718,-0.8099999999999774
2020-06-17 07:55:00+00:00,2020-06-17 08:00:00+00:00,2020-06-17 08:05:00+00:00,SHORT,-2,-1,-1,-1,1,1.12665,1.1274499999999998,1.1254499999999998,1.12746,STOP,-1.0124999999999718,-0.8099999999999774
2020-06-18 08:55:00+00:00,2020-06-18 09:00:00+00:00,2020-06-18 09:20:00+00:00,SHORT,-2,1,-1,-1,-1,1.12492,1.1257199999999998,1.1237199999999998,1.12573,STOP,-1.0124999999999718,-0.8099999999999774
2020-06-19 07:55:00+00:00,2020-06-19 08:00:00+00:00,2020-06-19 08:05:00+00:00,LONG,4,1,1,1,1,1.12128,1.1204800000000001,1.1224800000000001,1.12047,STOP,-1.0124999999999718,-0.8099999999999774
2020-06-22 06:55:00+00:00,2020-06-22 07:00:00+00:00,2020-06-22 07:25:00+00:00,SHORT,-4,-1,-1,-1,-1,1.1194199999999999,1.1202199999999998,1.1182199999999998,1.1202299999999998,STOP,-1.0124999999999718,-0.8099999999999774
2020-06-23 06:55:00+00:00,2020-06-23 07:00:00+00:00,2020-06-23 07:15:00+00:00,LONG,2,-1,1,1,1,1.12703,1.12623,1.12823,1.12822,TARGET,1.4875000000000305,1.1900000000000244
2020-06-24 06:55:00+00:00,2020-06-24 07:00:00+00:00,2020-06-24 07:20:00+00:00,SHORT,-2,-1,-1,1,-1,1.13173,1.1325299999999998,1.1305299999999998,1.1305399999999999,TARGET,1.4875000000000305,1.1900000000000244
2020-06-25 05:55:00+00:00,2020-06-25 06:00:00+00:00,2020-06-25 06:55:00+00:00,SHORT,-2,1,-1,-1,-1,1.1248,1.1256,1.1236,1.12361,TARGET,1.4875000000000305,1.1900000000000244
2020-06-26 06:55:00+00:00,2020-06-26 07:00:00+00:00,2020-06-26 07:30:00+00:00,SHORT,-2,1,-1,-1,-1,1.12082,1.1216199999999998,1.1196199999999998,1.12163,STOP,-1.0124999999999718,-0.8099999999999774
2020-06-29 05:55:00+00:00,2020-06-29 06:00:00+00:00,2020-06-29 06:15:00+00:00,SHORT,-2,1,-1,-1,-1,1.12519,1.1259899999999998,1.1239899999999998,1.126,STOP,-1.0124999999999718,-0.8099999999999774
2020-06-30 05:55:00+00:00,2020-06-30 06:00:00+00:00,2020-06-30 06:05:00+00:00,LONG,2,1,1,-1,1,1.12313,1.12233,1.12433,1.12232,STOP,-1.0124999999999718,-0.8099999999999774
2020-07-01 07:55:00+00:00,2020-07-01 08:00:00+00:00,2020-07-01 08:10:00+00:00,LONG,2,1,1,-1,1,1.1232,1.1224,1.1244,1.12439,TARGET,1.4875000000000305,1.1900000000000244
2020-07-02 05:55:00+00:00,2020-07-02 06:00:00+00:00,2020-07-02 06:05:00+00:00,SHORT,-4,-1,-1,-1,-1,1.1263299999999998,1.1271299999999997,1.1251299999999997,1.1271399999999998,STOP,-1.0124999999999718,-0.8099999999999774
2020-07-03 06:55:00+00:00,2020-07-03 07:00:00+00:00,2020-07-03 07:25:00+00:00,LONG,2,1,1,-1,1,1.12406,1.1232600000000001,1.1252600000000001,1.12325,STOP,-1.0124999999999718,-0.8099999999999774
2020-07-06 05:55:00+00:00,2020-07-06 06:00:00+00:00,2020-07-06 08:10:00+00:00,LONG,2,1,1,1,-1,1.12924,1.12844,1.1304400000000001,1.12843,STOP,-1.0124999999999718,-0.8099999999999774
2020-07-07 05:55:00+00:00,2020-07-07 06:00:00+00:00,2020-07-07 06:10:00+00:00,LONG,2,1,1,1,-1,1.13086,1.13006,1.13206,1.13005,STOP,-1.0124999999999718,-0.8099999999999774
2020-07-08 05:55:00+00:00,2020-07-08 06:00:00+00:00,2020-07-08 06:10:00+00:00,SHORT,-4,-1,-1,-1,-1,1.12758,1.12838,1.12638,1.12639,TARGET,1.4875000000000305,1.1900000000000244
2020-07-09 05:55:00+00:00,2020-07-09 06:00:00+00:00,2020-07-09 06:15:00+00:00,LONG,4,1,1,1,1,1.1364800000000002,1.1356800000000002,1.1376800000000002,1.1356700000000002,STOP,-1.0124999999999718,-0.8099999999999774
2020-07-10 09:55:00+00:00,2020-07-10 10:00:00+00:00,2020-07-10 12:00:00+00:00,LONG,2,1,1,-1,1,1.12914,1.1283400000000001,1.1303400000000001,1.12833,STOP,-1.0124999999999718,-0.8099999999999774
2020-07-13 05:55:00+00:00,2020-07-13 06:00:00+00:00,2020-07-13 07:25:00+00:00,SHORT,-4,-1,-1,-1,-1,1.13289,1.1336899999999999,1.1316899999999999,1.1317,TARGET,1.4875000000000305,1.1900000000000244
2020-07-14 05:55:00+00:00,2020-07-14 06:00:00+00:00,2020-07-14 06:10:00+00:00,SHORT,-2,1,-1,-1,-1,1.13381,1.13461,1.13261,1.13462,STOP,-1.0124999999999718,-0.8099999999999774
2020-07-15 05:55:00+00:00,2020-07-15 06:00:00+00:00,2020-07-15 06:40:00+00:00,LONG,2,1,1,-1,1,1.1399700000000001,1.1391700000000002,1.1411700000000002,1.1411600000000002,TARGET,1.4875000000000305,1.1900000000000244
2020-07-16 06:55:00+00:00,2020-07-16 07:00:00+00:00,2020-07-16 07:40:00+00:00,LONG,2,-1,1,1,1,1.13982,1.1390200000000001,1.1410200000000001,1.14101,TARGET,1.4875000000000305,1.1900000000000244
2020-07-17 05:55:00+00:00,2020-07-17 06:00:00+00:00,2020-07-17 07:00:00+00:00,SHORT,-2,1,-1,-1,-1,1.13795,1.13875,1.13675,1.13876,STOP,-1.0124999999999718,-0.8099999999999774
2020-07-20 06:55:00+00:00,2020-07-20 07:00:00+00:00,2020-07-20 07:05:00+00:00,SHORT,-2,-1,-1,1,-1,1.14577,1.1465699999999999,1.1445699999999999,1.14458,TARGET,1.4875000000000305,1.1900000000000244
2020-07-21 05:55:00+00:00,2020-07-21 06:00:00+00:00,2020-07-21 07:00:00+00:00,LONG,2,-1,1,1,1,1.14439,1.14359,1.14559,1.14558,TARGET,1.4875000000000305,1.1900000000000244
2020-07-22 05:55:00+00:00,2020-07-22 06:00:00+00:00,2020-07-22 06:05:00+00:00,LONG,2,-1,1,1,1,1.15395,1.1531500000000001,1.1551500000000001,1.15314,STOP,-1.0124999999999718,-0.8099999999999774
2020-07-23 05:55:00+00:00,2020-07-23 06:00:00+00:00,2020-07-23 07:00:00+00:00,LONG,2,-1,1,1,1,1.15843,1.1576300000000002,1.1596300000000002,1.15962,TARGET,1.4875000000000305,1.1900000000000244
2020-07-24 07:55:00+00:00,2020-07-24 08:00:00+00:00,2020-07-24 08:10:00+00:00,SHORT,-2,1,-1,-1,-1,1.16098,1.1617799999999998,1.1597799999999998,1.1597899999999999,TARGET,1.4875000000000305,1.1900000000000244
2020-07-27 05:55:00+00:00,2020-07-27 06:00:00+00:00,2020-07-27 06:40:00+00:00,LONG,2,1,1,1,-1,1.1701700000000002,1.1693700000000002,1.1713700000000002,1.1713600000000002,TARGET,1.4875000000000305,1.1900000000000244
2020-07-28 07:55:00+00:00,2020-07-28 08:00:00+00:00,2020-07-28 08:55:00+00:00,SHORT,-2,-1,-1,1,-1,1.17109,1.1718899999999999,1.1698899999999999,1.1719,STOP,-1.0124999999999718,-0.8099999999999774
2020-07-29 05:55:00+00:00,2020-07-29 06:00:00+00:00,2020-07-29 06:30:00+00:00,LONG,2,1,1,1,-1,1.1734600000000002,1.1726600000000003,1.1746600000000003,1.1746500000000002,TARGET,1.4875000000000305,1.1900000000000244
2020-07-30 05:55:00+00:00,2020-07-30 06:00:00+00:00,2020-07-30 07:15:00+00:00,SHORT,-4,-1,-1,-1,-1,1.17597,1.1767699999999999,1.1747699999999999,1.17478,TARGET,1.4875000000000305,1.1900000000000244
2020-07-31 06:55:00+00:00,2020-07-31 07:00:00+00:00,2020-07-31 07:05:00+00:00,LONG,2,1,1,-1,1,1.19018,1.18938,1.19138,1.18937,STOP,-1.0124999999999718,-0.8099999999999774
2020-08-03 05:55:00+00:00,2020-08-03 06:00:00+00:00,2020-08-03 06:10:00+00:00,LONG,2,-1,1,1,1,1.17744,1.1766400000000001,1.1786400000000001,1.17663,STOP,-1.0124999999999718,-0.8099999999999774
2020-08-04 07:55:00+00:00,2020-08-04 08:00:00+00:00,2020-08-04 08:35:00+00:00,SHORT,-2,1,-1,-1,-1,1.17864,1.1794399999999998,1.1774399999999998,1.1774499999999999,TARGET,1.4875000000000305,1.1900000000000244
2020-08-05 05:55:00+00:00,2020-08-05 06:00:00+00:00,2020-08-05 06:25:00+00:00,SHORT,-2,1,-1,-1,-1,1.18028,1.18108,1.17908,1.18109,STOP,-1.0124999999999718,-0.8099999999999774
2020-08-06 07:55:00+00:00,2020-08-06 08:00:00+00:00,2020-08-06 08:25:00+00:00,SHORT,-4,-1,-1,-1,-1,1.18423,1.1850299999999998,1.1830299999999998,1.1850399999999999,STOP,-1.0124999999999718,-0.8099999999999774
2020-08-07 06:55:00+00:00,2020-08-07 07:00:00+00:00,2020-08-07 07:00:00+00:00,SHORT,-2,1,-1,-1,-1,1.1831,1.1839,1.1819,1.18391,STOP,-1.0124999999999718,-0.8099999999999774
2020-08-10 06:55:00+00:00,2020-08-10 07:00:00+00:00,2020-08-10 07:05:00+00:00,SHORT,-4,-1,-1,-1,-1,1.17659,1.17739,1.17539,1.1774,STOP,-1.0124999999999718,-0.8099999999999774
2020-08-11 07:55:00+00:00,2020-08-11 08:00:00+00:00,2020-08-11 08:10:00+00:00,LONG,4,1,1,1,1,1.17463,1.1738300000000002,1.1758300000000002,1.17582,TARGET,1.4875000000000305,1.1900000000000244
2020-08-12 06:55:00+00:00,2020-08-12 07:00:00+00:00,2020-08-12 07:10:00+00:00,SHORT,-3,0,-1,-1,-1,1.17255,1.17335,1.17135,1.17336,STOP,-1.0124999999999718,-0.8099999999999774
2020-08-13 06:55:00+00:00,2020-08-13 07:00:00+00:00,2020-08-13 07:40:00+00:00,SHORT,-2,1,-1,-1,-1,1.18247,1.1832699999999998,1.1812699999999998,1.1832799999999999,STOP,-1.0124999999999718,-0.8099999999999774
2020-08-14 05:55:00+00:00,2020-08-14 06:00:00+00:00,2020-08-14 06:40:00+00:00,LONG,4,1,1,1,1,1.1820300000000001,1.1812300000000002,1.1832300000000002,1.1812200000000002,STOP,-1.0124999999999718,-0.8099999999999774
2020-08-17 05:55:00+00:00,2020-08-17 06:00:00+00:00,2020-08-17 07:10:00+00:00,LONG,2,-1,1,1,1,1.1861300000000001,1.1853300000000002,1.1873300000000002,1.1853200000000002,STOP,-1.0124999999999718,-0.8099999999999774
2020-08-18 06:55:00+00:00,2020-08-18 07:00:00+00:00,2020-08-18 07:05:00+00:00,SHORT,-4,-1,-1,-1,-1,1.1885299999999999,1.1893299999999998,1.1873299999999998,1.1893399999999998,STOP,-1.0124999999999718,-0.8099999999999774
2020-08-19 07:55:00+00:00,2020-08-19 08:00:00+00:00,2020-08-19 09:20:00+00:00,LONG,2,-1,1,1,1,1.1937600000000002,1.1929600000000002,1.1949600000000002,1.1949500000000002,TARGET,1.4875000000000305,1.1900000000000244
2020-08-20 06:55:00+00:00,2020-08-20 07:00:00+00:00,2020-08-20 07:05:00+00:00,SHORT,-4,-1,-1,-1,-1,1.18387,1.18467,1.1826699999999999,1.18468,STOP,-1.0124999999999718,-0.8099999999999774
2020-08-21 06:55:00+00:00,2020-08-21 07:00:00+00:00,2020-08-21 07:10:00+00:00,LONG,2,1,-1,1,1,1.1870800000000001,1.1862800000000002,1.1882800000000002,1.1862700000000002,STOP,-1.0124999999999718,-0.8099999999999774
2020-08-24 05:55:00+00:00,2020-08-24 06:00:00+00:00,2020-08-24 06:15:00+00:00,LONG,2,-1,1,1,1,1.1804000000000001,1.1796000000000002,1.1816000000000002,1.1795900000000001,STOP,-1.0124999999999718,-0.8099999999999774
2020-08-25 05:55:00+00:00,2020-08-25 06:00:00+00:00,2020-08-25 06:40:00+00:00,LONG,3,1,1,1,0,1.18103,1.1802300000000001,1.1822300000000001,1.18022,STOP,-1.0124999999999718,-0.8099999999999774
2020-08-26 06:55:00+00:00,2020-08-26 07:00:00+00:00,2020-08-26 07:30:00+00:00,SHORT,-2,-1,-1,-1,1,1.18118,1.1819799999999998,1.1799799999999998,1.1819899999999999,STOP,-1.0124999999999718,-0.8099999999999774
2020-08-27 05:55:00+00:00,2020-08-27 06:00:00+00:00,2020-08-27 07:05:00+00:00,LONG,2,1,1,1,-1,1.18314,1.1823400000000002,1.1843400000000002,1.18233,STOP,-1.0124999999999718,-0.8099999999999774
2020-08-28 06:55:00+00:00,2020-08-28 07:00:00+00:00,2020-08-28 07:00:00+00:00,SHORT,-4,-1,-1,-1,-1,1.18668,1.1874799999999999,1.1854799999999999,1.18749,STOP,-1.0124999999999718,-0.8099999999999774
2020-08-31 06:55:00+00:00,2020-08-31 07:00:00+00:00,2020-08-31 07:20:00+00:00,LONG,2,1,1,1,-1,1.19072,1.18992,1.19192,1.18991,STOP,-1.0124999999999718,-0.8099999999999774
2020-09-01 06:55:00+00:00,2020-09-01 07:00:00+00:00,2020-09-01 07:50:00+00:00,SHORT,-4,-1,-1,-1,-1,1.19764,1.19844,1.19644,1.19845,STOP,-1.0124999999999718,-0.8099999999999774
2020-09-02 05:55:00+00:00,2020-09-02 06:00:00+00:00,2020-09-02 06:25:00+00:00,LONG,4,1,1,1,1,1.1908,1.1900000000000002,1.1920000000000002,1.18999,STOP,-1.0124999999999718,-0.8099999999999774
2020-09-03 05:55:00+00:00,2020-09-03 06:00:00+00:00,2020-09-03 06:05:00+00:00,LONG,4,1,1,1,1,1.18025,1.17945,1.1814500000000001,1.17944,STOP,-1.0124999999999718,-0.8099999999999774
2020-09-04 05:55:00+00:00,2020-09-04 06:00:00+00:00,2020-09-04 06:15:00+00:00,LONG,4,1,1,1,1,1.18521,1.1844100000000002,1.1864100000000002,1.1844000000000001,STOP,-1.0124999999999718,-0.8099999999999774
2020-09-07 05:55:00+00:00,2020-09-07 06:00:00+00:00,2020-09-07 07:25:00+00:00,SHORT,-2,1,-1,-1,-1,1.18296,1.18376,1.18176,1.18377,STOP,-1.0124999999999718,-0.8099999999999774
2020-09-08 05:55:00+00:00,2020-09-08 06:00:00+00:00,2020-09-08 06:00:00+00:00,LONG,2,-1,1,1,1,1.18113,1.18033,1.18233,1.18232,TARGET,1.4875000000000305,1.1900000000000244
2020-09-09 06:55:00+00:00,2020-09-09 07:00:00+00:00,2020-09-09 07:35:00+00:00,LONG,2,-1,1,1,1,1.17669,1.17589,1.17789,1.17788,TARGET,1.4875000000000305,1.1900000000000244
2020-09-10 07:55:00+00:00,2020-09-10 08:00:00+00:00,2020-09-10 08:15:00+00:00,SHORT,-2,1,-1,-1,-1,1.18186,1.1826599999999998,1.1806599999999998,1.1826699999999999,STOP,-1.0124999999999718,-0.8099999999999774
2020-09-11 07:55:00+00:00,2020-09-11 08:00:00+00:00,2020-09-11 08:05:00+00:00,SHORT,-4,-1,-1,-1,-1,1.18342,1.1842199999999998,1.1822199999999998,1.18423,STOP,-1.0124999999999718,-0.8099999999999774
2020-09-14 06:55:00+00:00,2020-09-14 07:00:00+00:00,2020-09-14 07:05:00+00:00,SHORT,-2,-1,-1,1,-1,1.18437,1.1851699999999998,1.1831699999999998,1.18518,STOP,-1.0124999999999718,-0.8099999999999774
2020-09-15 05:55:00+00:00,2020-09-15 06:00:00+00:00,2020-09-15 06:00:00+00:00,LONG,2,-1,1,1,1,1.18968,1.1888800000000002,1.1908800000000002,1.18887,STOP,-1.0124999999999718,-0.8099999999999774
2020-09-16 06:55:00+00:00,2020-09-16 07:00:00+00:00,2020-09-16 07:30:00+00:00,SHORT,-2,1,-1,-1,-1,1.18496,1.18576,1.18376,1.18577,STOP,-1.0124999999999718,-0.8099999999999774
2020-09-17 10:55:00+00:00,2020-09-17 11:00:00+00:00,2020-09-17 11:05:00+00:00,LONG,2,1,1,-1,1,1.17988,1.1790800000000001,1.1810800000000001,1.17907,STOP,-1.0124999999999718,-0.8099999999999774
2020-09-18 05:55:00+00:00,2020-09-18 06:00:00+00:00,2020-09-18 06:20:00+00:00,LONG,2,-1,1,1,1,1.1855900000000001,1.1847900000000002,1.1867900000000002,1.1847800000000002,STOP,-1.0124999999999718,-0.8099999999999774
2020-09-21 05:55:00+00:00,2020-09-21 06:00:00+00:00,2020-09-21 07:20:00+00:00,SHORT,-4,-1,-1,-1,-1,1.1862899999999998,1.1870899999999998,1.1850899999999998,1.1850999999999998,TARGET,1.4875000000000305,1.1900000000000244
2020-09-22 05:55:00+00:00,2020-09-22 06:00:00+00:00,2020-09-22 06:30:00+00:00,SHORT,-2,1,-1,-1,-1,1.1752399999999998,1.1760399999999998,1.1740399999999998,1.1740499999999998,TARGET,1.4875000000000305,1.1900000000000244
2020-09-23 07:55:00+00:00,2020-09-23 08:00:00+00:00,2020-09-23 08:55:00+00:00,SHORT,-2,-1,-1,1,-1,1.16942,1.1702199999999998,1.1682199999999998,1.1702299999999999,STOP,-1.0124999999999718,-0.8099999999999774
2020-09-24 08:55:00+00:00,2020-09-24 09:00:00+00:00,2020-09-24 09:25:00+00:00,LONG,4,1,1,1,1,1.16572,1.1649200000000002,1.1669200000000002,1.1649100000000001,STOP,-1.0124999999999718,-0.8099999999999774
2020-09-25 11:55:00+00:00,2020-09-25 12:00:00+00:00,2020-09-25 12:40:00+00:00,SHORT,-4,-1,-1,-1,-1,1.1631,1.1639,1.1619,1.16391,STOP,-1.0124999999999718,-0.8099999999999774
2020-09-28 05:55:00+00:00,2020-09-28 06:00:00+00:00,2020-09-28 06:25:00+00:00,SHORT,-4,-1,-1,-1,-1,1.1628699999999998,1.1636699999999998,1.1616699999999998,1.1636799999999998,STOP,-1.0124999999999718,-0.8099999999999774
2020-09-29 06:55:00+00:00,2020-09-29 07:00:00+00:00,2020-09-29 07:05:00+00:00,LONG,2,-1,1,1,1,1.1680300000000001,1.1672300000000002,1.1692300000000002,1.1672200000000001,STOP,-1.0124999999999718,-0.8099999999999774
2020-09-30 06:55:00+00:00,2020-09-30 07:00:00+00:00,2020-09-30 07:20:00+00:00,LONG,2,1,1,1,-1,1.17344,1.1726400000000001,1.1746400000000001,1.17263,STOP,-1.0124999999999718,-0.8099999999999774
2020-10-01 06:55:00+00:00,2020-10-01 07:00:00+00:00,2020-10-01 07:00:00+00:00,LONG,2,1,1,-1,1,1.17536,1.17456,1.17656,1.17455,STOP,-1.0124999999999718,-0.8099999999999774
2020-10-02 05:55:00+00:00,2020-10-02 06:00:00+00:00,2020-10-02 06:10:00+00:00,SHORT,-2,1,-1,-1,-1,1.17222,1.17302,1.17102,1.17303,STOP,-1.0124999999999718,-0.8099999999999774
2020-10-05 05:55:00+00:00,2020-10-05 06:00:00+00:00,2020-10-05 06:00:00+00:00,LONG,2,1,1,1,-1,1.17348,1.1726800000000002,1.1746800000000002,1.17267,STOP,-1.0124999999999718,-0.8099999999999774
2020-10-06 05:55:00+00:00,2020-10-06 06:00:00+00:00,2020-10-06 07:05:00+00:00,SHORT,-3,0,-1,-1,-1,1.17859,1.17939,1.17739,1.1794,STOP,-1.0124999999999718,-0.8099999999999774
2020-10-07 06:55:00+00:00,2020-10-07 07:00:00+00:00,2020-10-07 07:55:00+00:00,LONG,2,-1,1,1,1,1.1755,1.1747,1.1767,1.17669,TARGET,1.4875000000000305,1.1900000000000244
2020-10-08 07:55:00+00:00,2020-10-08 08:00:00+00:00,2020-10-08 08:00:00+00:00,LONG,2,1,1,-1,1,1.17665,1.17585,1.17785,1.17584,STOP,-1.0124999999999718,-0.8099999999999774
2020-10-09 05:55:00+00:00,2020-10-09 06:00:00+00:00,2020-10-09 08:00:00+00:00,SHORT,-4,-1,-1,-1,-1,1.1772,1.178,1.176,1.17801,STOP,-1.0124999999999718,-0.8099999999999774
2020-10-12 05:55:00+00:00,2020-10-12 06:00:00+00:00,2020-10-12 07:20:00+00:00,SHORT,-4,-1,-1,-1,-1,1.18208,1.18288,1.18088,1.18089,TARGET,1.4875000000000305,1.1900000000000244
2020-10-13 05:55:00+00:00,2020-10-13 06:00:00+00:00,2020-10-13 07:15:00+00:00,SHORT,-4,-1,-1,-1,-1,1.17942,1.1802199999999998,1.1782199999999998,1.1782299999999999,TARGET,1.4875000000000305,1.1900000000000244
2020-10-14 07:55:00+00:00,2020-10-14 08:00:00+00:00,2020-10-14 09:05:00+00:00,LONG,4,1,1,1,1,1.1742000000000001,1.1734000000000002,1.1754000000000002,1.1733900000000002,STOP,-1.0124999999999718,-0.8099999999999774
2020-10-15 05:55:00+00:00,2020-10-15 06:00:00+00:00,2020-10-15 06:40:00+00:00,SHORT,-2,1,-1,-1,-1,1.17546,1.1762599999999999,1.1742599999999999,1.17427,TARGET,1.4875000000000305,1.1900000000000244
2020-10-16 08:55:00+00:00,2020-10-16 09:00:00+00:00,2020-10-16 09:25:00+00:00,SHORT,-2,1,-1,-1,-1,1.17044,1.1712399999999998,1.1692399999999998,1.17125,STOP,-1.0124999999999718,-0.8099999999999774
2020-10-19 05:55:00+00:00,2020-10-19 06:00:00+00:00,2020-10-19 06:55:00+00:00,LONG,2,-1,1,1,1,1.17128,1.1704800000000002,1.1724800000000002,1.1704700000000001,STOP,-1.0124999999999718,-0.8099999999999774
2020-10-20 05:55:00+00:00,2020-10-20 06:00:00+00:00,2020-10-20 06:55:00+00:00,LONG,2,-1,1,1,1,1.17778,1.1769800000000001,1.1789800000000001,1.17697,STOP,-1.0124999999999718,-0.8099999999999774
2020-10-21 05:55:00+00:00,2020-10-21 06:00:00+00:00,2020-10-21 06:10:00+00:00,SHORT,-2,-1,-1,1,-1,1.18458,1.1853799999999999,1.1833799999999999,1.18539,STOP,-1.0124999999999718,-0.8099999999999774
2020-10-22 09:55:00+00:00,2020-10-22 10:00:00+00:00,2020-10-22 10:10:00+00:00,LONG,2,-1,1,1,1,1.18333,1.18253,1.18453,1.18252,STOP,-1.0124999999999718,-0.8099999999999774
2020-10-23 05:55:00+00:00,2020-10-23 06:00:00+00:00,2020-10-23 06:00:00+00:00,LONG,2,1,1,-1,1,1.1804000000000001,1.1796000000000002,1.1816000000000002,1.1795900000000001,STOP,-1.0124999999999718,-0.8099999999999774
2020-10-26 07:55:00+00:00,2020-10-26 08:00:00+00:00,2020-10-26 08:20:00+00:00,SHORT,-2,-1,-1,1,-1,1.18329,1.1840899999999999,1.1820899999999999,1.1821,TARGET,1.4875000000000305,1.1900000000000244
2020-10-27 05:55:00+00:00,2020-10-27 06:00:00+00:00,2020-10-27 07:05:00+00:00,LONG,4,1,1,1,1,1.18338,1.1825800000000002,1.1845800000000002,1.1825700000000001,STOP,-1.0124999999999718,-0.8099999999999774
2020-10-28 05:55:00+00:00,2020-10-28 06:00:00+00:00,2020-10-28 06:50:00+00:00,LONG,2,1,1,-1,1,1.1784400000000002,1.1776400000000002,1.1796400000000002,1.1776300000000002,STOP,-1.0124999999999718,-0.8099999999999774
2020-10-29 05:55:00+00:00,2020-10-29 06:00:00+00:00,2020-10-29 07:00:00+00:00,LONG,2,-1,1,1,1,1.17551,1.1747100000000001,1.1767100000000001,1.1747,STOP,-1.0124999999999718,-0.8099999999999774
2020-10-30 06:55:00+00:00,2020-10-30 07:00:00+00:00,2020-10-30 07:15:00+00:00,SHORT,-2,1,-1,-1,-1,1.1678,1.1685999999999999,1.1665999999999999,1.16661,TARGET,1.4875000000000305,1.1900000000000244
2020-11-02 05:55:00+00:00,2020-11-02 06:00:00+00:00,2020-11-02 07:55:00+00:00,LONG,2,1,1,-1,1,1.16375,1.1629500000000002,1.1649500000000002,1.16294,STOP,-1.0124999999999718,-0.8099999999999774
2020-11-03 05:55:00+00:00,2020-11-03 06:00:00+00:00,2020-11-03 06:45:00+00:00,SHORT,-2,-1,-1,-1,1,1.16546,1.1662599999999999,1.1642599999999999,1.16627,STOP,-1.0124999999999718,-0.8099999999999774
2020-11-04 07:55:00+00:00,2020-11-04 08:00:00+00:00,2020-11-04 08:25:00+00:00,LONG,4,1,1,1,1,1.16616,1.1653600000000002,1.1673600000000002,1.16735,TARGET,1.4875000000000305,1.1900000000000244
2020-11-05 05:55:00+00:00,2020-11-05 06:00:00+00:00,2020-11-05 07:20:00+00:00,SHORT,-2,-1,-1,-1,1,1.1736,1.1743999999999999,1.1723999999999999,1.17441,STOP,-1.0124999999999718,-0.8099999999999774
2020-11-06 05:55:00+00:00,2020-11-06 06:00:00+00:00,2020-11-06 06:25:00+00:00,SHORT,-4,-1,-1,-1,-1,1.18142,1.1822199999999998,1.1802199999999998,1.18223,STOP,-1.0124999999999718,-0.8099999999999774
2020-11-09 05:55:00+00:00,2020-11-09 06:00:00+00:00,2020-11-09 06:00:00+00:00,SHORT,-4,-1,-1,-1,-1,1.18804,1.18884,1.18684,1.18885,STOP,-1.0124999999999718,-0.8099999999999774
2020-11-10 05:55:00+00:00,2020-11-10 06:00:00+00:00,2020-11-10 06:15:00+00:00,LONG,4,1,1,1,1,1.18338,1.1825800000000002,1.1845800000000002,1.1825700000000001,STOP,-1.0124999999999718,-0.8099999999999774
2020-11-11 06:55:00+00:00,2020-11-11 07:00:00+00:00,2020-11-11 07:45:00+00:00,SHORT,-2,-1,1,-1,-1,1.18237,1.1831699999999998,1.1811699999999998,1.18118,TARGET,1.4875000000000305,1.1900000000000244
2020-11-12 10:55:00+00:00,2020-11-12 11:00:00+00:00,2020-11-12 11:10:00+00:00,SHORT,-4,-1,-1,-1,-1,1.18101,1.1818099999999998,1.1798099999999998,1.1818199999999999,STOP,-1.0124999999999718,-0.8099999999999774
2020-11-13 05:55:00+00:00,2020-11-13 06:00:00+00:00,2020-11-13 07:35:00+00:00,SHORT,-2,-1,-1,1,-1,1.18066,1.18146,1.17946,1.18147,STOP,-1.0124999999999718,-0.8099999999999774
2020-11-16 05:55:00+00:00,2020-11-16 06:00:00+00:00,2020-11-16 07:50:00+00:00,SHORT,-2,1,-1,-1,-1,1.18468,1.1854799999999999,1.1834799999999999,1.18549,STOP,-1.0124999999999718,-0.8099999999999774
2020-11-17 08:55:00+00:00,2020-11-17 09:00:00+00:00,2020-11-17 09:05:00+00:00,LONG,2,1,1,-1,1,1.18743,1.18663,1.18863,1.18662,STOP,-1.0124999999999718,-0.8099999999999774
2020-11-18 06:55:00+00:00,2020-11-18 07:00:00+00:00,2020-11-18 08:10:00+00:00,LONG,2,-1,1,1,1,1.18771,1.1869100000000001,1.1889100000000001,1.1889,TARGET,1.4875000000000305,1.1900000000000244
2020-11-19 07:55:00+00:00,2020-11-19 08:00:00+00:00,2020-11-19 08:50:00+00:00,SHORT,-4,-1,-1,-1,-1,1.18444,1.1852399999999998,1.1832399999999998,1.18325,TARGET,1.4875000000000305,1.1900000000000244
2020-11-20 05:55:00+00:00,2020-11-20 06:00:00+00:00,2020-11-20 07:30:00+00:00,SHORT,-2,-1,-1,-1,1,1.18838,1.18918,1.18718,1.18719,TARGET,1.4875000000000305,1.1900000000000244
2020-11-23 05:55:00+00:00,2020-11-23 06:00:00+00:00,2020-11-23 07:35:00+00:00,LONG,2,-1,1,1,1,1.1877,1.1869,1.1889,1.18689,STOP,-1.0124999999999718,-0.8099999999999774
2020-11-24 06:55:00+00:00,2020-11-24 07:00:00+00:00,2020-11-24 08:00:00+00:00,SHORT,-2,-1,1,-1,-1,1.1852099999999999,1.1860099999999998,1.1840099999999998,1.1860199999999999,STOP,-1.0124999999999718,-0.8099999999999774
2020-11-25 05:55:00+00:00,2020-11-25 06:00:00+00:00,2020-11-25 07:35:00+00:00,SHORT,-4,-1,-1,-1,-1,1.18977,1.19057,1.18857,1.19058,STOP,-1.0124999999999718,-0.8099999999999774
2020-11-26 07:55:00+00:00,2020-11-26 08:00:00+00:00,2020-11-26 08:00:00+00:00,SHORT,-2,1,-1,-1,-1,1.1925999999999999,1.1933999999999998,1.1913999999999998,1.1934099999999999,STOP,-1.0124999999999718,-0.8099999999999774
2020-11-27 07:55:00+00:00,2020-11-27 08:00:00+00:00,2020-11-27 09:30:00+00:00,LONG,4,1,1,1,1,1.19279,1.19199,1.19399,1.19198,STOP,-1.0124999999999718,-0.8099999999999774
2020-11-30 05:55:00+00:00,2020-11-30 06:00:00+00:00,2020-11-30 08:30:00+00:00,SHORT,-2,1,-1,-1,-1,1.1972099999999999,1.1980099999999998,1.1960099999999998,1.1980199999999999,STOP,-1.0124999999999718,-0.8099999999999774
2020-12-01 06:55:00+00:00,2020-12-01 07:00:00+00:00,2020-12-01 07:30:00+00:00,LONG,2,1,1,1,-1,1.19575,1.1949500000000002,1.1969500000000002,1.1969400000000001,TARGET,1.4875000000000305,1.1900000000000244
2020-12-02 05:55:00+00:00,2020-12-02 06:00:00+00:00,2020-12-02 06:15:00+00:00,SHORT,-4,-1,-1,-1,-1,1.20681,1.2076099999999999,1.2056099999999998,1.20762,STOP,-1.0124999999999718,-0.8099999999999774
2020-12-03 05:55:00+00:00,2020-12-03 06:00:00+00:00,2020-12-03 08:00:00+00:00,SHORT,-4,-1,-1,-1,-1,1.2119199999999999,1.2127199999999998,1.2107199999999998,1.2127299999999999,STOP,-1.0124999999999718,-0.8099999999999774
2020-12-04 05:55:00+00:00,2020-12-04 06:00:00+00:00,2020-12-04 08:10:00+00:00,LONG,2,1,1,1,-1,1.21505,1.21425,1.21625,1.21624,TARGET,1.4875000000000305,1.1900000000000244
2020-12-07 08:55:00+00:00,2020-12-07 09:00:00+00:00,2020-12-07 09:00:00+00:00,SHORT,-2,1,-1,-1,-1,1.20969,1.2104899999999998,1.2084899999999998,1.2085,TARGET,1.4875000000000305,1.1900000000000244
2020-12-08 05:55:00+00:00,2020-12-08 06:00:00+00:00,2020-12-08 07:15:00+00:00,LONG,2,1,1,-1,1,1.21187,1.21107,1.21307,1.21106,STOP,-1.0124999999999718,-0.8099999999999774
2020-12-09 05:55:00+00:00,2020-12-09 06:00:00+00:00,2020-12-09 06:20:00+00:00,LONG,2,1,1,1,-1,1.21314,1.2123400000000002,1.2143400000000002,1.2143300000000001,TARGET,1.4875000000000305,1.1900000000000244
2020-12-10 06:55:00+00:00,2020-12-10 07:00:00+00:00,2020-12-10 09:25:00+00:00,LONG,2,1,1,-1,1,1.2088100000000002,1.2080100000000003,1.2100100000000003,1.2100000000000002,TARGET,1.4875000000000305,1.1900000000000244
2020-12-11 06:55:00+00:00,2020-12-11 07:00:00+00:00,2020-12-11 07:30:00+00:00,SHORT,-4,-1,-1,-1,-1,1.21566,1.2164599999999999,1.2144599999999999,1.21447,TARGET,1.4875000000000305,1.1900000000000244
2020-12-14 05:55:00+00:00,2020-12-14 06:00:00+00:00,2020-12-14 07:45:00+00:00,LONG,2,-1,1,1,1,1.2141,1.2133,1.2153,1.21529,TARGET,1.4875000000000305,1.1900000000000244
2020-12-15 05:55:00+00:00,2020-12-15 06:00:00+00:00,2020-12-15 07:00:00+00:00,LONG,2,-1,1,1,1,1.2155,1.2147000000000001,1.2167000000000001,1.21469,STOP,-1.0124999999999718,-0.8099999999999774
2020-12-16 08:55:00+00:00,2020-12-16 09:00:00+00:00,2020-12-16 09:10:00+00:00,LONG,4,1,1,1,1,1.2209100000000002,1.2201100000000002,1.2221100000000003,1.2201000000000002,STOP,-1.0124999999999718,-0.8099999999999774
2020-12-17 12:55:00+00:00,2020-12-17 13:00:00+00:00,2020-12-17 13:55:00+00:00,LONG,2,1,1,-1,1,1.22485,1.22405,1.22605,1.22404,STOP,-1.0124999999999718,-0.8099999999999774
2020-12-18 05:55:00+00:00,2020-12-18 06:00:00+00:00,2020-12-18 07:15:00+00:00,LONG,4,1,1,1,1,1.22435,1.2235500000000001,1.2255500000000001,1.22554,TARGET,1.4875000000000305,1.1900000000000244
2020-12-21 06:55:00+00:00,2020-12-21 07:00:00+00:00,2020-12-21 07:20:00+00:00,LONG,4,1,1,1,1,1.2199200000000001,1.2191200000000002,1.2211200000000002,1.2191100000000001,STOP,-1.0124999999999718,-0.8099999999999774
2020-12-22 06:55:00+00:00,2020-12-22 07:00:00+00:00,2020-12-22 07:10:00+00:00,SHORT,-2,1,-1,-1,-1,1.2217,1.2225,1.2205,1.22251,STOP,-1.0124999999999718,-0.8099999999999774
2020-12-23 05:55:00+00:00,2020-12-23 06:00:00+00:00,2020-12-23 07:00:00+00:00,LONG,4,1,1,1,1,1.21892,1.21812,1.22012,1.21811,STOP,-1.0124999999999718,-0.8099999999999774
2020-12-24 07:55:00+00:00,2020-12-24 08:00:00+00:00,2020-12-24 09:45:00+00:00,SHORT,-2,1,-1,-1,-1,1.22051,1.22131,1.21931,1.21932,TARGET,1.4875000000000305,1.1900000000000244
2020-12-25 06:55:00+00:00,2020-12-25 07:00:00+00:00,2020-12-25 07:00:00+00:00,SHORT,-2,1,-1,-1,-1,1.21938,1.2201799999999998,1.2181799999999998,1.2203000000000002,STOP,-1.1500000000003174,-0.920000000000254
2020-12-28 05:55:00+00:00,2020-12-28 06:00:00+00:00,2020-12-28 08:35:00+00:00,LONG,2,1,-1,1,1,1.2224000000000002,1.2216000000000002,1.2236000000000002,1.2235900000000002,TARGET,1.4875000000000305,1.1900000000000244
2020-12-29 08:55:00+00:00,2020-12-29 09:00:00+00:00,2020-12-29 10:00:00+00:00,SHORT,-4,-1,-1,-1,-1,1.22451,1.22531,1.22331,1.22532,STOP,-1.0124999999999718,-0.8099999999999774
2020-12-30 05:55:00+00:00,2020-12-30 06:00:00+00:00,2020-12-30 07:55:00+00:00,SHORT,-2,-1,1,-1,-1,1.2284599999999999,1.2292599999999998,1.2272599999999998,1.2272699999999999,TARGET,1.4875000000000305,1.1900000000000244
2020-12-31 05:55:00+00:00,2020-12-31 06:00:00+00:00,2020-12-31 07:05:00+00:00,SHORT,-2,-1,-1,-1,1,1.22895,1.22975,1.22775,1.22976,STOP,-1.0124999999999718,-0.8099999999999774
2021-01-04 05:55:00+00:00,2021-01-04 06:00:00+00:00,2021-01-04 06:10:00+00:00,LONG,4,1,1,1,1,1.2255800000000001,1.2247800000000002,1.2267800000000002,1.2247700000000001,STOP,-1.0124999999999718,-0.8099999999999774
2021-01-05 05:55:00+00:00,2021-01-05 06:00:00+00:00,2021-01-05 07:00:00+00:00,LONG,4,1,1,1,1,1.22727,1.2264700000000002,1.2284700000000002,1.22646,STOP,-1.0124999999999718,-0.8099999999999774
2021-01-06 06:55:00+00:00,2021-01-06 07:00:00+00:00,2021-01-06 07:05:00+00:00,LONG,4,1,1,1,1,1.23167,1.2308700000000001,1.2328700000000001,1.23286,TARGET,1.4875000000000305,1.1900000000000244
2021-01-07 06:55:00+00:00,2021-01-07 07:00:00+00:00,2021-01-07 08:05:00+00:00,SHORT,-2,-1,1,-1,-1,1.23202,1.2328199999999998,1.2308199999999998,1.2308299999999999,TARGET,1.4875000000000305,1.1900000000000244
2021-01-08 05:55:00+00:00,2021-01-08 06:00:00+00:00,2021-01-08 06:15:00+00:00,SHORT,-4,-1,-1,-1,-1,1.22575,1.2265499999999998,1.2245499999999998,1.2265599999999999,STOP,-1.0124999999999718,-0.8099999999999774
2021-01-11 05:55:00+00:00,2021-01-11 06:00:00+00:00,2021-01-11 08:10:00+00:00,LONG,4,1,1,1,1,1.2182000000000002,1.2174000000000003,1.2194000000000003,1.2193900000000002,TARGET,1.4875000000000305,1.1900000000000244
2021-01-12 05:55:00+00:00,2021-01-12 06:00:00+00:00,2021-01-12 07:20:00+00:00,LONG,2,-1,1,1,1,1.21537,1.2145700000000001,1.2165700000000002,1.21656,TARGET,1.4875000000000305,1.1900000000000244
2021-01-13 05:55:00+00:00,2021-01-13 06:00:00+00:00,2021-01-13 07:30:00+00:00,LONG,2,1,1,1,-1,1.22093,1.2201300000000002,1.2221300000000002,1.22212,TARGET,1.4875000000000305,1.1900000000000244
2021-01-14 05:55:00+00:00,2021-01-14 06:00:00+00:00,2021-01-14 07:00:00+00:00,LONG,2,-1,1,1,1,1.21556,1.21476,1.21676,1.21475,STOP,-1.0124999999999718,-0.8099999999999774
2021-01-15 07:55:00+00:00,2021-01-15 08:00:00+00:00,2021-01-15 08:05:00+00:00,SHORT,-4,-1,-1,-1,-1,1.2134699999999998,1.2142699999999997,1.2122699999999997,1.2122799999999998,TARGET,1.4875000000000305,1.1900000000000244
2021-01-18 06:55:00+00:00,2021-01-18 07:00:00+00:00,2021-01-18 07:40:00+00:00,LONG,4,1,1,1,1,1.20811,1.20731,1.20931,1.2073,STOP,-1.0124999999999718,-0.8099999999999774
2021-01-19 05:55:00+00:00,2021-01-19 06:00:00+00:00,2021-01-19 07:20:00+00:00,LONG,2,-1,1,1,1,1.20973,1.20893,1.21093,1.20892,STOP,-1.0124999999999718,-0.8099999999999774
2021-01-20 05:55:00+00:00,2021-01-20 06:00:00+00:00,2021-01-20 06:40:00+00:00,LONG,4,1,1,1,1,1.2144700000000002,1.2136700000000002,1.2156700000000003,1.2156600000000002,TARGET,1.4875000000000305,1.1900000000000244
2021-01-21 07:55:00+00:00,2021-01-21 08:00:00+00:00,2021-01-21 08:05:00+00:00,SHORT,-4,-1,-1,-1,-1,1.21193,1.2127299999999999,1.2107299999999999,1.21274,STOP,-1.0124999999999718,-0.8099999999999774
2021-01-22 09:55:00+00:00,2021-01-22 10:00:00+00:00,2021-01-22 11:45:00+00:00,LONG,2,-1,1,1,1,1.21741,1.2166100000000002,1.2186100000000002,1.2186000000000001,TARGET,1.4875000000000305,1.1900000000000244
2021-01-25 05:55:00+00:00,2021-01-25 06:00:00+00:00,2021-01-25 07:15:00+00:00,LONG,2,-1,1,1,1,1.21812,1.2173200000000002,1.2193200000000002,1.2173100000000001,STOP,-1.0124999999999718,-0.8099999999999774
2021-01-26 06:55:00+00:00,2021-01-26 07:00:00+00:00,2021-01-26 07:35:00+00:00,SHORT,-3,-1,-1,-1,0,1.2127,1.2134999999999998,1.2114999999999998,1.2115099999999999,TARGET,1.4875000000000305,1.1900000000000244
2021-01-27 07:55:00+00:00,2021-01-27 08:00:00+00:00,2021-01-27 09:05:00+00:00,SHORT,-2,-1,-1,-1,1,1.2155,1.2163,1.2143,1.21431,TARGET,1.4875000000000305,1.1900000000000244
2021-01-28 05:55:00+00:00,2021-01-28 06:00:00+00:00,2021-01-28 06:00:00+00:00,LONG,2,1,1,1,-1,1.2105700000000001,1.2097700000000002,1.2117700000000002,1.2097600000000002,STOP,-1.0124999999999718,-0.8099999999999774
2021-01-29 05:55:00+00:00,2021-01-29 06:00:00+00:00,2021-01-29 08:20:00+00:00,LONG,2,1,-1,1,1,1.20998,1.2091800000000001,1.2111800000000001,1.21117,TARGET,1.4875000000000305,1.1900000000000244
2021-02-01 05:55:00+00:00,2021-02-01 06:00:00+00:00,2021-02-01 07:05:00+00:00,LONG,2,-1,1,1,1,1.21303,1.2122300000000001,1.2142300000000001,1.21222,STOP,-1.0124999999999718,-0.8099999999999774
2021-02-02 05:55:00+00:00,2021-02-02 06:00:00+00:00,2021-02-02 06:25:00+00:00,LONG,4,1,1,1,1,1.20795,1.2071500000000002,1.2091500000000002,1.20714,STOP,-1.0124999999999718,-0.8099999999999774
2021-02-03 07:55:00+00:00,2021-02-03 08:00:00+00:00,2021-02-03 09:00:00+00:00,LONG,2,-1,1,1,1,1.2037900000000001,1.2029900000000002,1.2049900000000002,1.2029800000000002,STOP,-1.0124999999999718,-0.8099999999999774
2021-02-04 05:55:00+00:00,2021-02-04 06:00:00+00:00,2021-02-04 06:15:00+00:00,LONG,2,-1,1,1,1,1.20174,1.2009400000000001,1.2029400000000001,1.20093,STOP,-1.0124999999999718,-0.8099999999999774
2021-02-05 05:55:00+00:00,2021-02-05 06:00:00+00:00,2021-02-05 08:10:00+00:00,LONG,4,1,1,1,1,1.1963300000000001,1.1955300000000002,1.1975300000000002,1.1975200000000001,TARGET,1.4875000000000305,1.1900000000000244
2021-02-08 05:55:00+00:00,2021-02-08 06:00:00+00:00,2021-02-08 07:40:00+00:00,SHORT,-3,-1,-1,0,-1,1.2036499999999999,1.2044499999999998,1.2024499999999998,1.2044599999999999,STOP,-1.0124999999999718,-0.8099999999999774
2021-02-09 08:55:00+00:00,2021-02-09 09:00:00+00:00,2021-02-09 09:40:00+00:00,LONG,2,1,1,-1,1,1.2098,1.209,1.211,1.21099,TARGET,1.4875000000000305,1.1900000000000244
2021-02-10 05:55:00+00:00,2021-02-10 06:00:00+00:00,2021-02-10 07:30:00+00:00,SHORT,-2,-1,-1,-1,1,1.2124,1.2131999999999998,1.2111999999999998,1.21321,STOP,-1.0124999999999718,-0.8099999999999774
2021-02-11 07:55:00+00:00,2021-02-11 08:00:00+00:00,2021-02-11 09:10:00+00:00,SHORT,-2,1,-1,-1,-1,1.2123,1.2130999999999998,1.2110999999999998,1.21311,STOP,-1.0124999999999718,-0.8099999999999774
2021-02-12 05:55:00+00:00,2021-02-12 06:00:00+00:00,2021-02-12 06:50:00+00:00,LONG,2,1,1,1,-1,1.2131800000000001,1.2123800000000002,1.2143800000000002,1.2123700000000002,STOP,-1.0124999999999718,-0.8099999999999774
2021-02-15 05:55:00+00:00,2021-02-15 06:00:00+00:00,2021-02-15 11:55:00+00:00,SHORT,-2,-1,-1,-1,1,1.21377,1.21457,1.21257,1.2133200000000002,TIME,0.5624999999997993,0.4499999999998394
2021-02-16 06:55:00+00:00,2021-02-16 07:00:00+00:00,2021-02-16 07:25:00+00:00,LONG,4,1,1,1,1,1.21401,1.2132100000000001,1.2152100000000001,1.2132,STOP,-1.0124999999999718,-0.8099999999999774
2021-02-17 06:55:00+00:00,2021-02-17 07:00:00+00:00,2021-02-17 07:15:00+00:00,SHORT,-2,-1,-1,-1,1,1.2085899999999998,1.2093899999999997,1.2073899999999997,1.2073999999999998,TARGET,1.4875000000000305,1.1900000000000244
2021-02-18 05:55:00+00:00,2021-02-18 06:00:00+00:00,2021-02-18 07:10:00+00:00,LONG,3,1,1,1,0,1.20459,1.2037900000000001,1.2057900000000001,1.20378,STOP,-1.0124999999999718,-0.8099999999999774
2021-02-19 07:55:00+00:00,2021-02-19 08:00:00+00:00,2021-02-19 08:30:00+00:00,LONG,4,1,1,1,1,1.2109800000000002,1.2101800000000003,1.2121800000000003,1.2121700000000002,TARGET,1.4875000000000305,1.1900000000000244
2021-02-22 05:55:00+00:00,2021-02-22 06:00:00+00:00,2021-02-22 07:20:00+00:00,SHORT,-2,-1,-1,1,-1,1.21203,1.2128299999999999,1.2108299999999999,1.21084,TARGET,1.4875000000000305,1.1900000000000244
2021-02-23 06:55:00+00:00,2021-02-23 07:00:00+00:00,2021-02-23 08:05:00+00:00,LONG,4,1,1,1,1,1.21709,1.21629,1.21829,1.21628,STOP,-1.0124999999999718,-0.8099999999999774
2021-02-24 07:55:00+00:00,2021-02-24 08:00:00+00:00,2021-02-24 08:00:00+00:00,SHORT,-2,-1,-1,1,-1,1.2155399999999998,1.2163399999999998,1.2143399999999998,1.2163499999999998,STOP,-1.0124999999999718,-0.8099999999999774
2021-02-25 05:55:00+00:00,2021-02-25 06:00:00+00:00,2021-02-25 07:55:00+00:00,SHORT,-4,-1,-1,-1,-1,1.21779,1.2185899999999998,1.2165899999999998,1.2186,STOP,-1.0124999999999718,-0.8099999999999774
2021-02-26 06:55:00+00:00,2021-02-26 07:00:00+00:00,2021-02-26 07:10:00+00:00,SHORT,-2,-1,-1,1,-1,1.21542,1.2162199999999999,1.2142199999999999,1.21423,TARGET,1.4875000000000305,1.1900000000000244
2021-03-01 05:55:00+00:00,2021-03-01 06:00:00+00:00,2021-03-01 07:55:00+00:00,LONG,4,1,1,1,1,1.2085000000000001,1.2077000000000002,1.2097000000000002,1.2076900000000002,STOP,-1.0124999999999718,-0.8099999999999774
2021-03-02 05:55:00+00:00,2021-03-02 06:00:00+00:00,2021-03-02 07:15:00+00:00,LONG,2,-1,1,1,1,1.2022000000000002,1.2014000000000002,1.2034000000000002,1.2013900000000002,STOP,-1.0124999999999718,-0.8099999999999774
2021-03-03 05:55:00+00:00,2021-03-03 06:00:00+00:00,2021-03-03 07:20:00+00:00,SHORT,-2,-1,-1,-1,1,1.2084,1.2091999999999998,1.2071999999999998,1.20921,STOP,-1.0124999999999718,-0.8099999999999774
2021-03-04 05:55:00+00:00,2021-03-04 06:00:00+00:00,2021-03-04 08:25:00+00:00,SHORT,-2,1,-1,-1,-1,1.20559,1.2063899999999999,1.2043899999999998,1.2044,TARGET,1.4875000000000305,1.1900000000000244
2021-03-05 07:55:00+00:00,2021-03-05 08:00:00+00:00,2021-03-05 08:05:00+00:00,SHORT,-2,-1,-1,1,-1,1.19499,1.19579,1.19379,1.1938,TARGET,1.4875000000000305,1.1900000000000244
2021-03-08 05:55:00+00:00,2021-03-08 06:00:00+00:00,2021-03-08 06:35:00+00:00,LONG,4,1,1,1,1,1.1912500000000001,1.1904500000000002,1.1924500000000002,1.1904400000000002,STOP,-1.0124999999999718,-0.8099999999999774
2021-03-09 05:55:00+00:00,2021-03-09 06:00:00+00:00,2021-03-09 06:15:00+00:00,SHORT,-3,0,-1,-1,-1,1.18539,1.1861899999999999,1.1841899999999999,1.1862,STOP,-1.0124999999999718,-0.8099999999999774
2021-03-10 08:55:00+00:00,2021-03-10 09:00:00+00:00,2021-03-10 11:35:00+00:00,LONG,2,1,1,-1,1,1.18965,1.1888500000000002,1.1908500000000002,1.1888400000000001,STOP,-1.0124999999999718,-0.8099999999999774
2021-03-11 08:55:00+00:00,2021-03-11 09:00:00+00:00,2021-03-11 12:45:00+00:00,SHORT,-2,-1,-1,-1,1,1.19647,1.1972699999999998,1.1952699999999998,1.19528,TARGET,1.4875000000000305,1.1900000000000244
2021-03-12 05:55:00+00:00,2021-03-12 06:00:00+00:00,2021-03-12 06:05:00+00:00,LONG,2,-1,1,1,1,1.1963700000000002,1.1955700000000002,1.1975700000000002,1.1955600000000002,STOP,-1.0124999999999718,-0.8099999999999774
2021-03-15 07:55:00+00:00,2021-03-15 08:00:00+00:00,2021-03-15 08:05:00+00:00,SHORT,-4,-1,-1,-1,-1,1.192,1.1927999999999999,1.1907999999999999,1.19281,STOP,-1.0124999999999718,-0.8099999999999774
2021-03-16 06:55:00+00:00,2021-03-16 07:00:00+00:00,2021-03-16 07:05:00+00:00,LONG,2,1,1,1,-1,1.193,1.1922000000000001,1.1942000000000002,1.19219,STOP,-1.0124999999999718,-0.8099999999999774
2021-03-17 05:55:00+00:00,2021-03-17 06:00:00+00:00,2021-03-17 06:25:00+00:00,SHORT,-2,1,-1,-1,-1,1.18979,1.1905899999999998,1.1885899999999998,1.1905999999999999,STOP,-1.0124999999999718,-0.8099999999999774
2021-03-18 06:55:00+00:00,2021-03-18 07:00:00+00:00,2021-03-18 07:20:00+00:00,LONG,4,1,1,1,1,1.1979600000000001,1.1971600000000002,1.1991600000000002,1.1971500000000002,STOP,-1.0124999999999718,-0.8099999999999774
2021-03-19 05:55:00+00:00,2021-03-19 06:00:00+00:00,2021-03-19 07:15:00+00:00,LONG,4,1,1,1,1,1.1917900000000001,1.1909900000000002,1.1929900000000002,1.1929800000000002,TARGET,1.4875000000000305,1.1900000000000244
2021-03-22 05:55:00+00:00,2021-03-22 06:00:00+00:00,2021-03-22 07:00:00+00:00,SHORT,-2,-1,1,-1,-1,1.18935,1.1901499999999998,1.1881499999999998,1.1881599999999999,TARGET,1.4875000000000305,1.1900000000000244
2021-03-23 05:55:00+00:00,2021-03-23 06:00:00+00:00,2021-03-23 07:35:00+00:00,LONG,2,-1,1,1,1,1.19251,1.19171,1.19371,1.1917,STOP,-1.0124999999999718,-0.8099999999999774
2021-03-24 05:55:00+00:00,2021-03-24 06:00:00+00:00,2021-03-24 07:20:00+00:00,SHORT,-4,-1,-1,-1,-1,1.1840199999999999,1.1848199999999998,1.1828199999999998,1.1828299999999998,TARGET,1.4875000000000305,1.1900000000000244
2021-03-25 11:55:00+00:00,2021-03-25 12:00:00+00:00,2021-03-25 12:40:00+00:00,SHORT,-2,1,-1,-1,-1,1.18047,1.1812699999999998,1.1792699999999998,1.1792799999999999,TARGET,1.4875000000000305,1.1900000000000244
2021-03-26 06:55:00+00:00,2021-03-26 07:00:00+00:00,2021-03-26 08:30:00+00:00,LONG,2,1,1,-1,1,1.17835,1.17755,1.17955,1.17754,STOP,-1.0124999999999718,-0.8099999999999774
2021-03-29 09:55:00+00:00,2021-03-29 10:00:00+00:00,2021-03-29 11:50:00+00:00,SHORT,-2,-1,-1,1,-1,1.17746,1.1782599999999999,1.1762599999999999,1.17827,STOP,-1.0124999999999718,-0.8099999999999774
2021-03-30 05:55:00+00:00,2021-03-30 06:00:00+00:00,2021-03-30 06:45:00+00:00,SHORT,-2,1,-1,-1,-1,1.1761,1.1768999999999998,1.1748999999999998,1.17491,TARGET,1.4875000000000305,1.1900000000000244
2021-03-31 06:55:00+00:00,2021-03-31 07:00:00+00:00,2021-03-31 08:15:00+00:00,LONG,2,-1,1,1,1,1.1727400000000001,1.1719400000000002,1.1739400000000002,1.1739300000000001,TARGET,1.4875000000000305,1.1900000000000244
2021-04-01 05:55:00+00:00,2021-04-01 06:00:00+00:00,2021-04-01 06:20:00+00:00,SHORT,-2,-1,1,-1,-1,1.17174,1.17254,1.17054,1.17255,STOP,-1.0124999999999718,-0.8099999999999774
2021-04-02 06:55:00+00:00,2021-04-02 07:00:00+00:00,2021-04-02 08:30:00+00:00,SHORT,-2,-1,-1,1,-1,1.17747,1.17827,1.17627,1.17828,STOP,-1.0124999999999718,-0.8099999999999774
2021-04-05 05:55:00+00:00,2021-04-05 06:00:00+00:00,2021-04-05 08:30:00+00:00,SHORT,-4,-1,-1,-1,-1,1.17493,1.17573,1.17373,1.17574,STOP,-1.0124999999999718,-0.8099999999999774
2021-04-06 06:55:00+00:00,2021-04-06 07:00:00+00:00,2021-04-06 07:35:00+00:00,SHORT,-2,1,-1,-1,-1,1.18042,1.18122,1.17922,1.18123,STOP,-1.0124999999999718,-0.8099999999999774
2021-04-07 06:55:00+00:00,2021-04-07 07:00:00+00:00,2021-04-07 07:00:00+00:00,SHORT,-2,1,-1,-1,-1,1.18699,1.18779,1.18579,1.1878,STOP,-1.0124999999999718,-0.8099999999999774
2021-04-08 05:55:00+00:00,2021-04-08 06:00:00+00:00,2021-04-08 06:55:00+00:00,SHORT,-4,-1,-1,-1,-1,1.18728,1.1880799999999998,1.1860799999999998,1.1880899999999999,STOP,-1.0124999999999718,-0.8099999999999774
2021-04-09 05:55:00+00:00,2021-04-09 06:00:00+00:00,2021-04-09 11:55:00+00:00,SHORT,-2,1,-1,-1,-1,1.1892699999999998,1.1900699999999997,1.1880699999999997,1.18953,TIME,-0.32500000000018625,-0.260000000000149
2021-04-12 06:55:00+00:00,2021-04-12 07:00:00+00:00,2021-04-12 07:30:00+00:00,SHORT,-2,-1,-1,1,-1,1.18851,1.1893099999999999,1.1873099999999999,1.18732,TARGET,1.4875000000000305,1.1900000000000244
2021-04-13 05:55:00+00:00,2021-04-13 06:00:00+00:00,2021-04-13 06:55:00+00:00,LONG,2,-1,1,1,1,1.1893500000000001,1.1885500000000002,1.1905500000000002,1.1885400000000002,STOP,-1.0124999999999718,-0.8099999999999774
2021-04-14 09:55:00+00:00,2021-04-14 10:00:00+00:00,2021-04-14 13:35:00+00:00,LONG,2,1,-1,1,1,1.19571,1.1949100000000001,1.1969100000000001,1.1969,TARGET,1.4875000000000305,1.1900000000000244
2021-04-15 05:55:00+00:00,2021-04-15 06:00:00+00:00,2021-04-15 07:00:00+00:00,SHORT,-2,-1,-1,1,-1,1.19732,1.1981199999999999,1.1961199999999999,1.19813,STOP,-1.0124999999999718,-0.8099999999999774
2021-04-16 05:55:00+00:00,2021-04-16 06:00:00+00:00,2021-04-16 06:20:00+00:00,LONG,2,1,1,1,-1,1.1971,1.1963000000000001,1.1983000000000001,1.19629,STOP,-1.0124999999999718,-0.8099999999999774
2021-04-19 06:55:00+00:00,2021-04-19 07:00:00+00:00,2021-04-19 07:30:00+00:00,LONG,2,1,1,1,-1,1.19763,1.19683,1.19883,1.19882,TARGET,1.4875000000000305,1.1900000000000244
2021-04-20 05:55:00+00:00,2021-04-20 06:00:00+00:00,2021-04-20 06:15:00+00:00,LONG,2,-1,1,1,1,1.20611,1.20531,1.20731,1.2053,STOP,-1.0124999999999718,-0.8099999999999774
2021-04-21 05:55:00+00:00,2021-04-21 06:00:00+00:00,2021-04-21 07:05:00+00:00,SHORT,-2,-1,-1,1,-1,1.20306,1.20386,1.20186,1.20187,TARGET,1.4875000000000305,1.1900000000000244
2021-04-22 06:55:00+00:00,2021-04-22 07:00:00+00:00,2021-04-22 08:40:00+00:00,LONG,2,1,-1,1,1,1.2042000000000002,1.2034000000000002,1.2054000000000002,1.2033900000000002,STOP,-1.0124999999999718,-0.8099999999999774
2021-04-23 06:55:00+00:00,2021-04-23 07:00:00+00:00,2021-04-23 07:15:00+00:00,LONG,4,1,1,1,1,1.20354,1.2027400000000001,1.2047400000000001,1.20473,TARGET,1.4875000000000305,1.1900000000000244
2021-04-26 06:55:00+00:00,2021-04-26 07:00:00+00:00,2021-04-26 07:05:00+00:00,SHORT,-4,-1,-1,-1,-1,1.20922,1.2100199999999999,1.2080199999999999,1.21003,STOP,-1.0124999999999718,-0.8099999999999774
2021-04-27 05:55:00+00:00,2021-04-27 06:00:00+00:00,2021-04-27 08:10:00+00:00,SHORT,-2,1,-1,-1,-1,1.20753,1.20833,1.20633,1.20634,TARGET,1.4875000000000305,1.1900000000000244
2021-04-28 06:55:00+00:00,2021-04-28 07:00:00+00:00,2021-04-28 07:20:00+00:00,SHORT,-2,-1,1,-1,-1,1.20591,1.20671,1.20471,1.20672,STOP,-1.0124999999999718,-0.8099999999999774
2021-04-29 07:55:00+00:00,2021-04-29 08:00:00+00:00,2021-04-29 08:10:00+00:00,SHORT,-4,-1,-1,-1,-1,1.21153,1.21233,1.21033,1.21234,STOP,-1.0124999999999718,-0.8099999999999774
2021-04-30 07:55:00+00:00,2021-04-30 08:00:00+00:00,2021-04-30 10:35:00+00:00,SHORT,-3,0,-1,-1,-1,1.2102,1.2109999999999999,1.2089999999999999,1.20901,TARGET,1.4875000000000305,1.1900000000000244
2021-05-03 06:55:00+00:00,2021-05-03 07:00:00+00:00,2021-05-03 09:00:00+00:00,LONG,4,1,1,1,1,1.20381,1.2030100000000001,1.2050100000000001,1.205,TARGET,1.4875000000000305,1.1900000000000244
2021-05-04 08:55:00+00:00,2021-05-04 09:00:00+00:00,2021-05-04 09:50:00+00:00,SHORT,-4,-1,-1,-1,-1,1.2003199999999998,1.2011199999999997,1.1991199999999997,1.2011299999999998,STOP,-1.0124999999999718,-0.8099999999999774
2021-05-05 05:55:00+00:00,2021-05-05 06:00:00+00:00,2021-05-05 06:45:00+00:00,SHORT,-2,-1,-1,1,-1,1.20119,1.20199,1.19999,1.2,TARGET,1.4875000000000305,1.1900000000000244
2021-05-06 05:55:00+00:00,2021-05-06 06:00:00+00:00,2021-05-06 07:00:00+00:00,LONG,4,1,1,1,1,1.20083,1.2000300000000002,1.2020300000000002,1.20202,TARGET,1.4875000000000305,1.1900000000000244
2021-05-07 07:55:00+00:00,2021-05-07 08:00:00+00:00,2021-05-07 08:45:00+00:00,LONG,2,1,1,1,-1,1.2077200000000001,1.2069200000000002,1.2089200000000002,1.2089100000000002,TARGET,1.4875000000000305,1.1900000000000244
2021-05-10 05:55:00+00:00,2021-05-10 06:00:00+00:00,2021-05-10 06:25:00+00:00,SHORT,-4,-1,-1,-1,-1,1.21516,1.21596,1.21396,1.21597,STOP,-1.0124999999999718,-0.8099999999999774
2021-05-11 05:55:00+00:00,2021-05-11 06:00:00+00:00,2021-05-11 06:55:00+00:00,SHORT,-4,-1,-1,-1,-1,1.21424,1.21504,1.21304,1.21305,TARGET,1.4875000000000305,1.1900000000000244
2021-05-12 05:55:00+00:00,2021-05-12 06:00:00+00:00,2021-05-12 06:15:00+00:00,SHORT,-4,-1,-1,-1,-1,1.2121899999999999,1.2129899999999998,1.2109899999999998,1.2129999999999999,STOP,-1.0124999999999718,-0.8099999999999774
2021-05-13 07:55:00+00:00,2021-05-13 08:00:00+00:00,2021-05-13 08:10:00+00:00,SHORT,-4,-1,-1,-1,-1,1.2086299999999999,1.2094299999999998,1.2074299999999998,1.2094399999999998,STOP,-1.0124999999999718,-0.8099999999999774
2021-05-14 05:55:00+00:00,2021-05-14 06:00:00+00:00,2021-05-14 06:35:00+00:00,LONG,4,1,1,1,1,1.2096900000000002,1.2088900000000002,1.2108900000000002,1.2108800000000002,TARGET,1.4875000000000305,1.1900000000000244
2021-05-17 05:55:00+00:00,2021-05-17 06:00:00+00:00,2021-05-17 06:10:00+00:00,SHORT,-4,-1,-1,-1,-1,1.21268,1.21348,1.21148,1.21349,STOP,-1.0124999999999718,-0.8099999999999774
2021-05-18 06:55:00+00:00,2021-05-18 07:00:00+00:00,2021-05-18 07:05:00+00:00,SHORT,-2,-1,-1,-1,1,1.21833,1.2191299999999998,1.2171299999999998,1.21914,STOP,-1.0124999999999718,-0.8099999999999774
2021-05-19 07:55:00+00:00,2021-05-19 08:00:00+00:00,2021-05-19 08:40:00+00:00,SHORT,-2,1,-1,-1,-1,1.22211,1.22291,1.22091,1.22092,TARGET,1.4875000000000305,1.1900000000000244
2021-05-20 06:55:00+00:00,2021-05-20 07:00:00+00:00,2021-05-20 07:05:00+00:00,SHORT,-4,-1,-1,-1,-1,1.2184599999999999,1.2192599999999998,1.2172599999999998,1.2192699999999999,STOP,-1.0124999999999718,-0.8099999999999774
2021-05-21 10:55:00+00:00,2021-05-21 11:00:00+00:00,2021-05-21 11:50:00+00:00,SHORT,-4,-1,-1,-1,-1,1.22187,1.22267,1.22067,1.22068,TARGET,1.4875000000000305,1.1900000000000244
2021-05-24 05:55:00+00:00,2021-05-24 06:00:00+00:00,2021-05-24 08:10:00+00:00,LONG,2,-1,1,1,1,1.21899,1.21819,1.22019,1.22018,TARGET,1.4875000000000305,1.1900000000000244
2021-05-25 06:55:00+00:00,2021-05-25 07:00:00+00:00,2021-05-25 07:00:00+00:00,SHORT,-2,-1,-1,1,-1,1.2245599999999999,1.2253599999999998,1.2233599999999998,1.2253699999999998,STOP,-1.0124999999999718,-0.8099999999999774
2021-05-26 05:55:00+00:00,2021-05-26 06:00:00+00:00,2021-05-26 07:05:00+00:00,SHORT,-4,-1,-1,-1,-1,1.22555,1.2263499999999998,1.2243499999999998,1.22436,TARGET,1.4875000000000305,1.1900000000000244
2021-05-27 06:55:00+00:00,2021-05-27 07:00:00+00:00,2021-05-27 08:00:00+00:00,LONG,4,1,1,1,1,1.2198600000000002,1.2190600000000003,1.2210600000000003,1.2210500000000002,TARGET,1.4875000000000305,1.1900000000000244
2021-05-28 07:55:00+00:00,2021-05-28 08:00:00+00:00,2021-05-28 08:40:00+00:00,LONG,2,-1,1,1,1,1.21883,1.2180300000000002,1.2200300000000002,1.22002,TARGET,1.4875000000000305,1.1900000000000244
2021-05-31 05:55:00+00:00,2021-05-31 06:00:00+00:00,2021-05-31 08:55:00+00:00,SHORT,-2,-1,1,-1,-1,1.2194099999999999,1.2202099999999998,1.2182099999999998,1.2202199999999999,STOP,-1.0124999999999718,-0.8099999999999774
2021-06-01 05:55:00+00:00,2021-06-01 06:00:00+00:00,2021-06-01 06:50:00+00:00,LONG,2,1,-1,1,1,1.22251,1.22171,1.22371,1.2237,TARGET,1.4875000000000305,1.1900000000000244
2021-06-02 05:55:00+00:00,2021-06-02 06:00:00+00:00,2021-06-02 07:50:00+00:00,SHORT,-4,-1,-1,-1,-1,1.2214699999999998,1.2222699999999997,1.2202699999999997,1.2202799999999998,TARGET,1.4875000000000305,1.1900000000000244
2021-06-03 05:55:00+00:00,2021-06-03 06:00:00+00:00,2021-06-03 07:00:00+00:00,SHORT,-2,-1,-1,1,-1,1.2196,1.2204,1.2184,1.21841,TARGET,1.4875000000000305,1.1900000000000244
2021-06-04 09:55:00+00:00,2021-06-04 10:00:00+00:00,2021-06-04 10:45:00+00:00,LONG,2,1,-1,1,1,1.2116200000000001,1.2108200000000002,1.2128200000000002,1.2108100000000002,STOP,-1.0124999999999718,-0.8099999999999774
2021-06-07 05:55:00+00:00,2021-06-07 06:00:00+00:00,2021-06-07 07:05:00+00:00,SHORT,-2,1,-1,-1,-1,1.21579,1.2165899999999998,1.2145899999999998,1.2146,TARGET,1.4875000000000305,1.1900000000000244
2021-06-08 06:55:00+00:00,2021-06-08 07:00:00+00:00,2021-06-08 07:25:00+00:00,SHORT,-4,-1,-1,-1,-1,1.2176799999999999,1.2184799999999998,1.2164799999999998,1.2164899999999998,TARGET,1.4875000000000305,1.1900000000000244
2021-06-09 05:55:00+00:00,2021-06-09 06:00:00+00:00,2021-06-09 06:35:00+00:00,SHORT,-2,-1,-1,1,-1,1.2177499999999999,1.2185499999999998,1.2165499999999998,1.2185599999999999,STOP,-1.0124999999999718,-0.8099999999999774
2021-06-10 06:55:00+00:00,2021-06-10 07:00:00+00:00,2021-06-10 07:35:00+00:00,SHORT,-4,-1,-1,-1,-1,1.21672,1.21752,1.21552,1.21553,TARGET,1.4875000000000305,1.1900000000000244
2021-06-11 05:55:00+00:00,2021-06-11 06:00:00+00:00,2021-06-11 07:30:00+00:00,SHORT,-2,1,-1,-1,-1,1.21878,1.2195799999999999,1.2175799999999999,1.21759,TARGET,1.4875000000000305,1.1900000000000244
2021-06-14 09:55:00+00:00,2021-06-14 10:00:00+00:00,2021-06-14 10:35:00+00:00,SHORT,-2,-1,1,-1,-1,1.21128,1.2120799999999998,1.2100799999999998,1.21209,STOP,-1.0124999999999718,-0.8099999999999774
2021-06-15 06:55:00+00:00,2021-06-15 07:00:00+00:00,2021-06-15 07:00:00+00:00,SHORT,-4,-1,-1,-1,-1,1.21309,1.21389,1.21189,1.2139,STOP,-1.0124999999999718,-0.8099999999999774
2021-06-16 07:55:00+00:00,2021-06-16 08:00:00+00:00,2021-06-16 08:35:00+00:00,LONG,4,1,1,1,1,1.21329,1.21249,1.21449,1.21248,STOP,-1.0124999999999718,-0.8099999999999774
2021-06-17 06:55:00+00:00,2021-06-17 07:00:00+00:00,2021-06-17 07:05:00+00:00,LONG,4,1,1,1,1,1.1987,1.1979000000000002,1.1999000000000002,1.1978900000000001,STOP,-1.0124999999999718,-0.8099999999999774
2021-06-18 06:55:00+00:00,2021-06-18 07:00:00+00:00,2021-06-18 07:00:00+00:00,SHORT,-2,1,-1,-1,-1,1.18906,1.18986,1.18786,1.18987,STOP,-1.0124999999999718,-0.8099999999999774
2021-06-21 07:55:00+00:00,2021-06-21 08:00:00+00:00,2021-06-21 09:00:00+00:00,LONG,2,1,1,1,-1,1.18821,1.18741,1.18941,1.1894,TARGET,1.4875000000000305,1.1900000000000244
2021-06-22 05:55:00+00:00,2021-06-22 06:00:00+00:00,2021-06-22 06:25:00+00:00,SHORT,-4,-1,-1,-1,-1,1.18915,1.1899499999999998,1.1879499999999998,1.18996,STOP,-1.0124999999999718,-0.8099999999999774
2021-06-23 05:55:00+00:00,2021-06-23 06:00:00+00:00,2021-06-23 07:15:00+00:00,LONG,4,1,1,1,1,1.1927100000000002,1.1919100000000002,1.1939100000000002,1.1919000000000002,STOP,-1.0124999999999718,-0.8099999999999774
2021-06-24 07:55:00+00:00,2021-06-24 08:00:00+00:00,2021-06-24 08:25:00+00:00,SHORT,-2,-1,-1,1,-1,1.19319,1.1939899999999999,1.1919899999999999,1.194,STOP,-1.0124999999999718,-0.8099999999999774
2021-06-25 06:55:00+00:00,2021-06-25 07:00:00+00:00,2021-06-25 12:25:00+00:00,SHORT,-2,-1,-1,-1,1,1.19452,1.19532,1.19332,1.19533,STOP,-1.0124999999999718,-0.8099999999999774
2021-06-28 05:55:00+00:00,2021-06-28 06:00:00+00:00,2021-06-28 07:00:00+00:00,SHORT,-2,1,-1,-1,-1,1.19258,1.1933799999999999,1.1913799999999999,1.19339,STOP,-1.0124999999999718,-0.8099999999999774
2021-06-29 05:55:00+00:00,2021-06-29 06:00:00+00:00,2021-06-29 07:10:00+00:00,LONG,2,1,1,1,-1,1.19216,1.1913600000000002,1.1933600000000002,1.1913500000000001,STOP,-1.0124999999999718,-0.8099999999999774
2021-06-30 05:55:00+00:00,2021-06-30 06:00:00+00:00,2021-06-30 06:40:00+00:00,SHORT,-4,-1,-1,-1,-1,1.1895799999999999,1.1903799999999998,1.1883799999999998,1.1903899999999998,STOP,-1.0124999999999718,-0.8099999999999774
2021-07-01 05:55:00+00:00,2021-07-01 06:00:00+00:00,2021-07-01 06:55:00+00:00,LONG,2,1,1,-1,1,1.1843700000000001,1.1835700000000002,1.1855700000000002,1.1855600000000002,TARGET,1.4875000000000305,1.1900000000000244
2021-07-02 05:55:00+00:00,2021-07-02 06:00:00+00:00,2021-07-02 07:05:00+00:00,SHORT,-4,-1,-1,-1,-1,1.1841599999999999,1.1849599999999998,1.1829599999999998,1.1829699999999999,TARGET,1.4875000000000305,1.1900000000000244
2021-07-05 05:55:00+00:00,2021-07-05 06:00:00+00:00,2021-07-05 06:30:00+00:00,SHORT,-2,-1,-1,1,-1,1.18532,1.1861199999999998,1.1841199999999998,1.18613,STOP,-1.0124999999999718,-0.8099999999999774
2021-07-06 05:55:00+00:00,2021-07-06 06:00:00+00:00,2021-07-06 06:10:00+00:00,LONG,2,1,1,1,-1,1.1883000000000001,1.1875000000000002,1.1895000000000002,1.1894900000000002,TARGET,1.4875000000000305,1.1900000000000244
2021-07-07 05:55:00+00:00,2021-07-07 06:00:00+00:00,2021-07-07 07:05:00+00:00,SHORT,-2,-1,1,-1,-1,1.18302,1.1838199999999999,1.1818199999999999,1.18183,TARGET,1.4875000000000305,1.1900000000000244
2021-07-08 08:55:00+00:00,2021-07-08 09:00:00+00:00,2021-07-08 09:50:00+00:00,LONG,2,1,1,1,-1,1.18225,1.1814500000000001,1.1834500000000001,1.18344,TARGET,1.4875000000000305,1.1900000000000244
2021-07-09 07:55:00+00:00,2021-07-09 08:00:00+00:00,2021-07-09 08:55:00+00:00,LONG,4,1,1,1,1,1.18404,1.18324,1.18524,1.18323,STOP,-1.0124999999999718,-0.8099999999999774
2021-07-12 06:55:00+00:00,2021-07-12 07:00:00+00:00,2021-07-12 07:45:00+00:00,LONG,2,-1,1,1,1,1.18625,1.1854500000000001,1.1874500000000001,1.18744,TARGET,1.4875000000000305,1.1900000000000244
2021-07-13 05:55:00+00:00,2021-07-13 06:00:00+00:00,2021-07-13 06:45:00+00:00,SHORT,-2,-1,-1,-1,1,1.1856799999999998,1.1864799999999998,1.1844799999999998,1.1864899999999998,STOP,-1.0124999999999718,-0.8099999999999774
2021-07-14 05:55:00+00:00,2021-07-14 06:00:00+00:00,2021-07-14 08:00:00+00:00,LONG,2,1,-1,1,1,1.1788800000000001,1.1780800000000002,1.1800800000000002,1.1780700000000002,STOP,-1.0124999999999718,-0.8099999999999774
2021-07-15 05:55:00+00:00,2021-07-15 06:00:00+00:00,2021-07-15 06:50:00+00:00,LONG,2,-1,1,1,1,1.1842300000000001,1.1834300000000002,1.1854300000000002,1.1834200000000001,STOP,-1.0124999999999718,-0.8099999999999774
2021-07-16 06:55:00+00:00,2021-07-16 07:00:00+00:00,2021-07-16 07:30:00+00:00,LONG,2,1,1,-1,1,1.1810500000000002,1.1802500000000002,1.1822500000000002,1.1802400000000002,STOP,-1.0124999999999718,-0.8099999999999774
2021-07-19 07:55:00+00:00,2021-07-19 08:00:00+00:00,2021-07-19 08:50:00+00:00,SHORT,-2,-1,-1,1,-1,1.17808,1.17888,1.17688,1.17689,TARGET,1.4875000000000305,1.1900000000000244
2021-07-20 05:55:00+00:00,2021-07-20 06:00:00+00:00,2021-07-20 06:45:00+00:00,LONG,4,1,1,1,1,1.17845,1.17765,1.17965,1.17764,STOP,-1.0124999999999718,-0.8099999999999774
2021-07-21 05:55:00+00:00,2021-07-21 06:00:00+00:00,2021-07-21 07:10:00+00:00,SHORT,-2,1,-1,-1,-1,1.1766699999999999,1.1774699999999998,1.1754699999999998,1.1754799999999999,TARGET,1.4875000000000305,1.1900000000000244
2021-07-22 05:55:00+00:00,2021-07-22 06:00:00+00:00,2021-07-22 06:35:00+00:00,SHORT,-2,-1,1,-1,-1,1.1792799999999999,1.1800799999999998,1.1780799999999998,1.1800899999999999,STOP,-1.0124999999999718,-0.8099999999999774
2021-07-23 05:55:00+00:00,2021-07-23 06:00:00+00:00,2021-07-23 06:20:00+00:00,SHORT,-4,-1,-1,-1,-1,1.17641,1.1772099999999999,1.1752099999999999,1.17722,STOP,-1.0124999999999718,-0.8099999999999774
2021-07-26 07:55:00+00:00,2021-07-26 08:00:00+00:00,2021-07-26 08:10:00+00:00,SHORT,-4,-1,-1,-1,-1,1.17831,1.1791099999999999,1.1771099999999999,1.17712,TARGET,1.4875000000000305,1.1900000000000244
2021-07-27 06:55:00+00:00,2021-07-27 07:00:00+00:00,2021-07-27 07:10:00+00:00,SHORT,-4,-1,-1,-1,-1,1.1787999999999998,1.1795999999999998,1.1775999999999998,1.1776099999999998,TARGET,1.4875000000000305,1.1900000000000244
2021-07-28 06:55:00+00:00,2021-07-28 07:00:00+00:00,2021-07-28 07:20:00+00:00,SHORT,-2,-1,-1,-1,1,1.18037,1.1811699999999998,1.1791699999999998,1.18118,STOP,-1.0124999999999718,-0.8099999999999774
2021-07-29 05:55:00+00:00,2021-07-29 06:00:00+00:00,2021-07-29 06:15:00+00:00,SHORT,-2,1,-1,-1,-1,1.18554,1.18634,1.18434,1.18635,STOP,-1.0124999999999718,-0.8099999999999774
2021-07-30 05:55:00+00:00,2021-07-30 06:00:00+00:00,2021-07-30 07:20:00+00:00,LONG,2,1,1,1,-1,1.1878900000000001,1.1870900000000002,1.1890900000000002,1.1890800000000001,TARGET,1.4875000000000305,1.1900000000000244
2021-08-02 06:55:00+00:00,2021-08-02 07:00:00+00:00,2021-08-02 09:55:00+00:00,LONG,4,1,1,1,1,1.18829,1.1874900000000002,1.1894900000000002,1.18948,TARGET,1.4875000000000305,1.1900000000000244
2021-08-03 07:55:00+00:00,2021-08-03 08:00:00+00:00,2021-08-03 09:55:00+00:00,SHORT,-2,-1,1,-1,-1,1.1878,1.1885999999999999,1.1865999999999999,1.18861,STOP,-1.0124999999999718,-0.8099999999999774
2021-08-04 06:55:00+00:00,2021-08-04 07:00:00+00:00,2021-08-04 07:25:00+00:00,LONG,4,1,1,1,1,1.1879,1.1871,1.1891,1.18709,STOP,-1.0124999999999718,-0.8099999999999774
2021-08-05 05:55:00+00:00,2021-08-05 06:00:00+00:00,2021-08-05 07:50:00+00:00,LONG,2,-1,1,1,1,1.1836900000000001,1.1828900000000002,1.1848900000000002,1.1848800000000002,TARGET,1.4875000000000305,1.1900000000000244
2021-08-06 05:55:00+00:00,2021-08-06 06:00:00+00:00,2021-08-06 08:20:00+00:00,LONG,2,-1,1,1,1,1.1824700000000001,1.1816700000000002,1.1836700000000002,1.1816600000000002,STOP,-1.0124999999999718,-0.8099999999999774
2021-08-09 05:55:00+00:00,2021-08-09 06:00:00+00:00,2021-08-09 06:10:00+00:00,SHORT,-4,-1,-1,-1,-1,1.17579,1.1765899999999998,1.1745899999999998,1.1765999999999999,STOP,-1.0124999999999718,-0.8099999999999774
2021-08-10 05:55:00+00:00,2021-08-10 06:00:00+00:00,2021-08-10 09:25:00+00:00,SHORT,-4,-1,-1,-1,-1,1.17373,1.1745299999999999,1.1725299999999999,1.17254,TARGET,1.4875000000000305,1.1900000000000244
2021-08-11 06:55:00+00:00,2021-08-11 07:00:00+00:00,2021-08-11 12:30:00+00:00,LONG,2,-1,1,1,1,1.17096,1.17016,1.17216,1.17215,TARGET,1.4875000000000305,1.1900000000000244
2021-08-12 05:55:00+00:00,2021-08-12 06:00:00+00:00,2021-08-12 11:55:00+00:00,SHORT,-2,-1,-1,1,-1,1.1741,1.1748999999999998,1.1728999999999998,1.17387,TIME,0.2874999999999406,0.22999999999995246
2021-08-13 05:55:00+00:00,2021-08-13 06:00:00+00:00,2021-08-13 09:30:00+00:00,SHORT,-4,-1,-1,-1,-1,1.17366,1.1744599999999998,1.1724599999999998,1.17447,STOP,-1.0124999999999718,-0.8099999999999774
2021-08-16 05:55:00+00:00,2021-08-16 06:00:00+00:00,2021-08-16 11:20:00+00:00,SHORT,-2,-1,-1,-1,1,1.17864,1.1794399999999998,1.1774399999999998,1.1774499999999999,TARGET,1.4875000000000305,1.1900000000000244
2021-08-17 09:55:00+00:00,2021-08-17 10:00:00+00:00,2021-08-17 12:30:00+00:00,SHORT,-2,-1,-1,-1,1,1.17716,1.17796,1.17596,1.17597,TARGET,1.4875000000000305,1.1900000000000244
2021-08-18 05:55:00+00:00,2021-08-18 06:00:00+00:00,2021-08-18 06:50:00+00:00,SHORT,-2,-1,-1,-1,1,1.1715099999999998,1.1723099999999997,1.1703099999999997,1.1723199999999998,STOP,-1.0124999999999718,-0.8099999999999774
2021-08-19 05:55:00+00:00,2021-08-19 06:00:00+00:00,2021-08-19 06:55:00+00:00,SHORT,-2,-1,-1,-1,1,1.16722,1.1680199999999998,1.1660199999999998,1.16803,STOP,-1.0124999999999718,-0.8099999999999774
2021-08-20 06:55:00+00:00,2021-08-20 07:00:00+00:00,2021-08-20 08:30:00+00:00,LONG,4,1,1,1,1,1.16832,1.1675200000000001,1.1695200000000001,1.16751,STOP,-1.0124999999999718,-0.8099999999999774
2021-08-23 05:55:00+00:00,2021-08-23 06:00:00+00:00,2021-08-23 07:40:00+00:00,SHORT,-2,-1,1,-1,-1,1.1716799999999998,1.1724799999999997,1.1704799999999997,1.1724899999999998,STOP,-1.0124999999999718,-0.8099999999999774
2021-08-24 05:55:00+00:00,2021-08-24 06:00:00+00:00,2021-08-24 08:50:00+00:00,SHORT,-2,-1,-1,-1,1,1.17411,1.17491,1.17291,1.17292,TARGET,1.4875000000000305,1.1900000000000244
2021-08-25 07:55:00+00:00,2021-08-25 08:00:00+00:00,2021-08-25 08:10:00+00:00,SHORT,-2,-1,-1,-1,1,1.1737499999999998,1.1745499999999998,1.1725499999999998,1.1745599999999998,STOP,-1.0124999999999718,-0.8099999999999774
2021-08-26 05:55:00+00:00,2021-08-26 06:00:00+00:00,2021-08-26 07:35:00+00:00,SHORT,-4,-1,-1,-1,-1,1.1764999999999999,1.1772999999999998,1.1752999999999998,1.1773099999999999,STOP,-1.0124999999999718,-0.8099999999999774
2021-08-27 05:55:00+00:00,2021-08-27 06:00:00+00:00,2021-08-27 06:45:00+00:00,SHORT,-2,-1,-1,1,-1,1.17614,1.1769399999999999,1.1749399999999999,1.17695,STOP,-1.0124999999999718,-0.8099999999999774
2021-08-30 05:55:00+00:00,2021-08-30 06:00:00+00:00,2021-08-30 11:55:00+00:00,SHORT,-4,-1,-1,-1,-1,1.1799199999999999,1.1807199999999998,1.1787199999999998,1.1800000000000002,TIME,-0.10000000000037756,-0.08000000000030205
2021-08-31 05:55:00+00:00,2021-08-31 06:00:00+00:00,2021-08-31 08:55:00+00:00,LONG,2,-1,1,1,1,1.18282,1.18202,1.18402,1.18201,STOP,-1.0124999999999718,-0.8099999999999774
2021-09-01 06:55:00+00:00,2021-09-01 07:00:00+00:00,2021-09-01 07:25:00+00:00,LONG,4,1,1,1,1,1.1809500000000002,1.1801500000000003,1.1821500000000003,1.1801400000000002,STOP,-1.0124999999999718,-0.8099999999999774
2021-09-02 05:55:00+00:00,2021-09-02 06:00:00+00:00,2021-09-02 10:55:00+00:00,LONG,4,1,1,1,1,1.18438,1.18358,1.18558,1.18557,TARGET,1.4875000000000305,1.1900000000000244
2021-09-03 05:55:00+00:00,2021-09-03 06:00:00+00:00,2021-09-03 09:55:00+00:00,SHORT,-2,-1,-1,-1,1,1.1879199999999999,1.1887199999999998,1.1867199999999998,1.1867299999999998,TARGET,1.4875000000000305,1.1900000000000244
2021-09-06 05:55:00+00:00,2021-09-06 06:00:00+00:00,2021-09-06 07:25:00+00:00,LONG,2,-1,1,1,1,1.1871500000000001,1.1863500000000002,1.1883500000000002,1.1863400000000002,STOP,-1.0124999999999718,-0.8099999999999774
2021-09-07 05:55:00+00:00,2021-09-07 06:00:00+00:00,2021-09-07 07:25:00+00:00,SHORT,-2,-1,1,-1,-1,1.1871399999999999,1.1879399999999998,1.1859399999999998,1.1879499999999998,STOP,-1.0124999999999718,-0.8099999999999774
2021-09-08 07:55:00+00:00,2021-09-08 08:00:00+00:00,2021-09-08 08:30:00+00:00,SHORT,-4,-1,-1,-1,-1,1.1830399999999999,1.1838399999999998,1.1818399999999998,1.1818499999999998,TARGET,1.4875000000000305,1.1900000000000244
2021-09-09 06:55:00+00:00,2021-09-09 07:00:00+00:00,2021-09-09 07:15:00+00:00,SHORT,-2,1,-1,-1,-1,1.18154,1.18234,1.18034,1.18235,STOP,-1.0124999999999718,-0.8099999999999774
2021-09-10 05:55:00+00:00,2021-09-10 06:00:00+00:00,2021-09-10 07:10:00+00:00,SHORT,-4,-1,-1,-1,-1,1.18272,1.18352,1.18152,1.18353,STOP,-1.0124999999999718,-0.8099999999999774
2021-09-13 06:55:00+00:00,2021-09-13 07:00:00+00:00,2021-09-13 07:50:00+00:00,SHORT,-2,1,-1,-1,-1,1.1779199999999999,1.1787199999999998,1.1767199999999998,1.1787299999999998,STOP,-1.0124999999999718,-0.8099999999999774
2021-09-14 05:55:00+00:00,2021-09-14 06:00:00+00:00,2021-09-14 07:05:00+00:00,SHORT,-2,1,-1,-1,-1,1.1812799999999999,1.1820799999999998,1.1800799999999998,1.1820899999999999,STOP,-1.0124999999999718,-0.8099999999999774
2021-09-15 09:55:00+00:00,2021-09-15 10:00:00+00:00,2021-09-15 12:50:00+00:00,SHORT,-2,-1,1,-1,-1,1.1824599999999998,1.1832599999999998,1.1812599999999998,1.1812699999999998,TARGET,1.4875000000000305,1.1900000000000244
2021-09-16 05:55:00+00:00,2021-09-16 06:00:00+00:00,2021-09-16 07:00:00+00:00,SHORT,-2,1,-1,-1,-1,1.18025,1.18105,1.17905,1.17906,TARGET,1.4875000000000305,1.1900000000000244
2021-09-17 08:55:00+00:00,2021-09-17 09:00:00+00:00,2021-09-17 09:50:00+00:00,SHORT,-2,1,-1,-1,-1,1.17769,1.1784899999999998,1.1764899999999998,1.1784999999999999,STOP,-1.0124999999999718,-0.8099999999999774
2021-09-20 09:55:00+00:00,2021-09-20 10:00:00+00:00,2021-09-20 14:05:00+00:00,LONG,4,1,1,1,1,1.1706800000000002,1.1698800000000003,1.1718800000000003,1.1718700000000002,TARGET,1.4875000000000305,1.1900000000000244
2021-09-21 06:55:00+00:00,2021-09-21 07:00:00+00:00,2021-09-21 07:45:00+00:00,SHORT,-2,1,-1,-1,-1,1.17312,1.1739199999999999,1.1719199999999999,1.17193,TARGET,1.4875000000000305,1.1900000000000244
2021-09-22 06:55:00+00:00,2021-09-22 07:00:00+00:00,2021-09-22 12:55:00+00:00,LONG,4,1,1,1,1,1.17279,1.17199,1.17399,1.17293,TIME,0.17500000000003624,0.140000000000029
2021-09-23 05:55:00+00:00,2021-09-23 06:00:00+00:00,2021-09-23 06:55:00+00:00,SHORT,-2,1,-1,-1,-1,1.17091,1.1717099999999998,1.1697099999999998,1.1717199999999999,STOP,-1.0124999999999718,-0.8099999999999774
2021-09-24 08:55:00+00:00,2021-09-24 09:00:00+00:00,2021-09-24 10:40:00+00:00,LONG,2,-1,1,1,1,1.17364,1.17284,1.17484,1.17283,STOP,-1.0124999999999718,-0.8099999999999774
2021-09-27 05:55:00+00:00,2021-09-27 06:00:00+00:00,2021-09-27 07:00:00+00:00,SHORT,-2,-1,1,-1,-1,1.17203,1.1728299999999998,1.1708299999999998,1.1708399999999999,TARGET,1.4875000000000305,1.1900000000000244
2021-09-28 06:55:00+00:00,2021-09-28 07:00:00+00:00,2021-09-28 07:50:00+00:00,SHORT,-4,-1,-1,-1,-1,1.1676199999999999,1.1684199999999998,1.1664199999999998,1.1684299999999999,STOP,-1.0124999999999718,-0.8099999999999774
2021-09-29 05:55:00+00:00,2021-09-29 06:00:00+00:00,2021-09-29 07:05:00+00:00,SHORT,-4,-1,-1,-1,-1,1.16825,1.16905,1.16705,1.16706,TARGET,1.4875000000000305,1.1900000000000244
2021-09-30 05:55:00+00:00,2021-09-30 06:00:00+00:00,2021-09-30 06:40:00+00:00,SHORT,-2,-1,-1,-1,1,1.15949,1.1602899999999998,1.1582899999999998,1.1602999999999999,STOP,-1.0124999999999718,-0.8099999999999774
2021-10-01 06:55:00+00:00,2021-10-01 07:00:00+00:00,2021-10-01 07:50:00+00:00,LONG,2,-1,1,1,1,1.15879,1.15799,1.15999,1.15798,STOP,-1.0124999999999718,-0.8099999999999774
2021-10-04 11:55:00+00:00,2021-10-04 12:00:00+00:00,2021-10-04 13:10:00+00:00,LONG,2,1,-1,1,1,1.16337,1.16257,1.16457,1.16256,STOP,-1.0124999999999718,-0.8099999999999774
2021-10-05 05:55:00+00:00,2021-10-05 06:00:00+00:00,2021-10-05 11:55:00+00:00,LONG,2,-1,1,1,1,1.1594600000000002,1.1586600000000002,1.1606600000000002,1.15976,TIME,0.37499999999968114,0.2999999999997449
2021-10-06 05:55:00+00:00,2021-10-06 06:00:00+00:00,2021-10-06 07:10:00+00:00,SHORT,-4,-1,-1,-1,-1,1.1581899999999998,1.1589899999999997,1.1569899999999997,1.1569999999999998,TARGET,1.4875000000000305,1.1900000000000244
2021-10-07 05:55:00+00:00,2021-10-07 06:00:00+00:00,2021-10-07 06:20:00+00:00,SHORT,-2,-1,-1,1,-1,1.15492,1.1557199999999999,1.1537199999999999,1.15573,STOP,-1.0124999999999718,-0.8099999999999774
2021-10-08 05:55:00+00:00,2021-10-08 06:00:00+00:00,2021-10-08 07:10:00+00:00,SHORT,-4,-1,-1,-1,-1,1.1541899999999998,1.1549899999999997,1.1529899999999997,1.1549999999999998,STOP,-1.0124999999999718,-0.8099999999999774
2021-10-11 09:55:00+00:00,2021-10-11 10:00:00+00:00,2021-10-11 11:20:00+00:00,LONG,4,1,1,1,1,1.15557,1.15477,1.15677,1.15676,TARGET,1.4875000000000305,1.1900000000000244
2021-10-12 08:55:00+00:00,2021-10-12 09:00:00+00:00,2021-10-12 12:25:00+00:00,SHORT,-2,-1,-1,1,-1,1.15617,1.1569699999999998,1.1549699999999998,1.15498,TARGET,1.4875000000000305,1.1900000000000244
2021-10-13 07:55:00+00:00,2021-10-13 08:00:00+00:00,2021-10-13 08:30:00+00:00,SHORT,-2,1,-1,-1,-1,1.15506,1.1558599999999999,1.1538599999999999,1.15587,STOP,-1.0124999999999718,-0.8099999999999774
2021-10-14 07:55:00+00:00,2021-10-14 08:00:00+00:00,2021-10-14 09:10:00+00:00,LONG,2,-1,1,1,1,1.1608100000000001,1.1600100000000002,1.1620100000000002,1.1620000000000001,TARGET,1.4875000000000305,1.1900000000000244
2021-10-15 07:55:00+00:00,2021-10-15 08:00:00+00:00,2021-10-15 08:35:00+00:00,LONG,4,1,1,1,1,1.16121,1.1604100000000002,1.1624100000000002,1.1604,STOP,-1.0124999999999718,-0.8099999999999774
2021-10-18 05:55:00+00:00,2021-10-18 06:00:00+00:00,2021-10-18 07:35:00+00:00,SHORT,-4,-1,-1,-1,-1,1.15781,1.15861,1.15661,1.15862,STOP,-1.0124999999999718,-0.8099999999999774
2021-10-19 07:55:00+00:00,2021-10-19 08:00:00+00:00,2021-10-19 09:55:00+00:00,LONG,2,1,1,1,-1,1.16538,1.1645800000000002,1.1665800000000002,1.16657,TARGET,1.4875000000000305,1.1900000000000244
2021-10-20 10:55:00+00:00,2021-10-20 11:00:00+00:00,2021-10-20 11:50:00+00:00,LONG,2,1,1,-1,1,1.16341,1.1626100000000001,1.1646100000000001,1.1626,STOP,-1.0124999999999718,-0.8099999999999774
2021-10-21 05:55:00+00:00,2021-10-21 06:00:00+00:00,2021-10-21 07:00:00+00:00,LONG,2,1,1,1,-1,1.16523,1.16443,1.16643,1.16442,STOP,-1.0124999999999718,-0.8099999999999774
2021-10-22 06:55:00+00:00,2021-10-22 07:00:00+00:00,2021-10-22 12:00:00+00:00,LONG,2,1,1,1,-1,1.16368,1.1628800000000001,1.1648800000000001,1.16287,STOP,-1.0124999999999718,-0.8099999999999774
2021-10-25 07:55:00+00:00,2021-10-25 08:00:00+00:00,2021-10-25 08:50:00+00:00,SHORT,-2,-1,-1,-1,1,1.16583,1.1666299999999998,1.1646299999999998,1.16464,TARGET,1.4875000000000305,1.1900000000000244
2021-10-26 08:55:00+00:00,2021-10-26 09:00:00+00:00,2021-10-26 10:45:00+00:00,LONG,2,1,1,1,-1,1.1608800000000001,1.1600800000000002,1.1620800000000002,1.1620700000000002,TARGET,1.4875000000000305,1.1900000000000244
2021-10-27 05:55:00+00:00,2021-10-27 06:00:00+00:00,2021-10-27 06:30:00+00:00,SHORT,-3,-1,0,-1,-1,1.15959,1.1603899999999998,1.1583899999999998,1.1603999999999999,STOP,-1.0124999999999718,-0.8099999999999774
2021-10-28 05:55:00+00:00,2021-10-28 06:00:00+00:00,2021-10-28 07:35:00+00:00,SHORT,-4,-1,-1,-1,-1,1.16007,1.1608699999999998,1.1588699999999998,1.16088,STOP,-1.0124999999999718,-0.8099999999999774
2021-10-29 05:55:00+00:00,2021-10-29 06:00:00+00:00,2021-10-29 07:15:00+00:00,SHORT,-2,-1,1,-1,-1,1.16676,1.16756,1.16556,1.16757,STOP,-1.0124999999999718,-0.8099999999999774
2021-11-01 13:55:00+00:00,2021-11-01 14:00:00+00:00,2021-11-01 14:45:00+00:00,SHORT,-2,-1,-1,-1,1,1.1571799999999999,1.1579799999999998,1.1559799999999998,1.1579899999999999,STOP,-1.0124999999999718,-0.8099999999999774
2021-11-02 09:55:00+00:00,2021-11-02 10:00:00+00:00,2021-11-02 10:25:00+00:00,LONG,4,1,1,1,1,1.15988,1.15908,1.1610800000000001,1.15907,STOP,-1.0124999999999718,-0.8099999999999774
2021-11-03 05:55:00+00:00,2021-11-03 06:00:00+00:00,2021-11-03 11:55:00+00:00,LONG,4,1,1,1,1,1.15857,1.1577700000000002,1.1597700000000002,1.15872,TIME,0.18749999999984057,0.14999999999987246
2021-11-04 09:55:00+00:00,2021-11-04 10:00:00+00:00,2021-11-04 10:05:00+00:00,LONG,2,1,-1,1,1,1.15527,1.15447,1.15647,1.15446,STOP,-1.0124999999999718,-0.8099999999999774
2021-11-05 06:55:00+00:00,2021-11-05 07:00:00+00:00,2021-11-05 07:15:00+00:00,SHORT,-4,-1,-1,-1,-1,1.15542,1.1562199999999998,1.1542199999999998,1.1562299999999999,STOP,-1.0124999999999718,-0.8099999999999774
2021-11-08 07:55:00+00:00,2021-11-08 08:00:00+00:00,2021-11-08 08:20:00+00:00,LONG,4,1,1,1,1,1.15601,1.15521,1.15721,1.1552,STOP,-1.0124999999999718,-0.8099999999999774
2021-11-09 05:55:00+00:00,2021-11-09 06:00:00+00:00,2021-11-09 08:20:00+00:00,SHORT,-4,-1,-1,-1,-1,1.15994,1.1607399999999999,1.1587399999999999,1.15875,TARGET,1.4875000000000305,1.1900000000000244
2021-11-10 05:55:00+00:00,2021-11-10 06:00:00+00:00,2021-11-10 07:30:00+00:00,SHORT,-4,-1,-1,-1,-1,1.15773,1.1585299999999998,1.1565299999999998,1.15654,TARGET,1.4875000000000305,1.1900000000000244
2021-11-11 05:55:00+00:00,2021-11-11 06:00:00+00:00,2021-11-11 07:45:00+00:00,LONG,2,-1,1,1,1,1.14795,1.1471500000000001,1.1491500000000001,1.14714,STOP,-1.0124999999999718,-0.8099999999999774
2021-11-12 09:55:00+00:00,2021-11-12 10:00:00+00:00,2021-11-12 12:30:00+00:00,LONG,2,-1,1,1,1,1.1443,1.1435000000000002,1.1455000000000002,1.1454900000000001,TARGET,1.4875000000000305,1.1900000000000244
2021-11-15 05:55:00+00:00,2021-11-15 06:00:00+00:00,2021-11-15 07:50:00+00:00,LONG,2,1,-1,1,1,1.14605,1.14525,1.14725,1.14524,STOP,-1.0124999999999718,-0.8099999999999774
2021-11-16 07:55:00+00:00,2021-11-16 08:00:00+00:00,2021-11-16 08:05:00+00:00,LONG,2,-1,1,1,1,1.1380000000000001,1.1372000000000002,1.1392000000000002,1.1371900000000001,STOP,-1.0124999999999718,-0.8099999999999774
2021-11-17 06:55:00+00:00,2021-11-17 07:00:00+00:00,2021-11-17 07:20:00+00:00,SHORT,-2,-1,-1,1,-1,1.1301999999999999,1.1309999999999998,1.1289999999999998,1.1310099999999998,STOP,-1.0124999999999718,-0.8099999999999774
2021-11-18 06:55:00+00:00,2021-11-18 07:00:00+00:00,2021-11-18 07:35:00+00:00,LONG,2,1,-1,1,1,1.1319700000000001,1.1311700000000002,1.1331700000000002,1.1331600000000002,TARGET,1.4875000000000305,1.1900000000000244
2021-11-19 05:55:00+00:00,2021-11-19 06:00:00+00:00,2021-11-19 06:55:00+00:00,SHORT,-4,-1,-1,-1,-1,1.13526,1.1360599999999998,1.1340599999999998,1.13607,STOP,-1.0124999999999718,-0.8099999999999774
2021-11-22 05:55:00+00:00,2021-11-22 06:00:00+00:00,2021-11-22 06:40:00+00:00,LONG,4,1,1,1,1,1.12779,1.1269900000000002,1.1289900000000002,1.12698,STOP,-1.0124999999999718,-0.8099999999999774
2021-11-23 06:55:00+00:00,2021-11-23 07:00:00+00:00,2021-11-23 07:20:00+00:00,LONG,4,1,1,1,1,1.1241,1.1233000000000002,1.1253000000000002,1.1252900000000001,TARGET,1.4875000000000305,1.1900000000000244
2021-11-24 06:55:00+00:00,2021-11-24 07:00:00+00:00,2021-11-24 08:20:00+00:00,LONG,2,1,-1,1,1,1.1247500000000001,1.1239500000000002,1.1259500000000002,1.1239400000000002,STOP,-1.0124999999999718,-0.8099999999999774
2021-11-25 05:55:00+00:00,2021-11-25 06:00:00+00:00,2021-11-25 08:55:00+00:00,LONG,2,1,1,1,-1,1.12128,1.1204800000000001,1.1224800000000001,1.12247,TARGET,1.4875000000000305,1.1900000000000244
2021-11-26 08:55:00+00:00,2021-11-26 09:00:00+00:00,2021-11-26 09:00:00+00:00,SHORT,-2,-1,1,-1,-1,1.1248,1.1256,1.1236,1.12561,STOP,-1.0124999999999718,-0.8099999999999774
2021-11-29 05:55:00+00:00,2021-11-29 06:00:00+00:00,2021-11-29 07:00:00+00:00,SHORT,-2,-1,-1,-1,1,1.12778,1.12858,1.12658,1.12659,TARGET,1.4875000000000305,1.1900000000000244
2021-11-30 08:55:00+00:00,2021-11-30 09:00:00+00:00,2021-11-30 09:20:00+00:00,LONG,3,0,1,1,1,1.1349200000000002,1.1341200000000002,1.1361200000000002,1.1361100000000002,TARGET,1.4875000000000305,1.1900000000000244
2021-12-01 05:55:00+00:00,2021-12-01 06:00:00+00:00,2021-12-01 07:10:00+00:00,LONG,4,1,1,1,1,1.13374,1.13294,1.13494,1.13293,STOP,-1.0124999999999718,-0.8099999999999774
2021-12-02 08:55:00+00:00,2021-12-02 09:00:00+00:00,2021-12-02 09:15:00+00:00,LONG,2,-1,1,1,1,1.13252,1.13172,1.13372,1.13171,STOP,-1.0124999999999718,-0.8099999999999774
2021-12-03 05:55:00+00:00,2021-12-03 06:00:00+00:00,2021-12-03 06:45:00+00:00,LONG,2,1,-1,1,1,1.12993,1.1291300000000002,1.1311300000000002,1.1291200000000001,STOP,-1.0124999999999718,-0.8099999999999774
2021-12-06 05:55:00+00:00,2021-12-06 06:00:00+00:00,2021-12-06 08:25:00+00:00,SHORT,-3,-1,-1,-1,0,1.12818,1.1289799999999999,1.1269799999999999,1.12899,STOP,-1.0124999999999718,-0.8099999999999774
2021-12-07 07:55:00+00:00,2021-12-07 08:00:00+00:00,2021-12-07 08:55:00+00:00,SHORT,-2,-1,-1,1,-1,1.12885,1.1296499999999998,1.1276499999999998,1.1276599999999999,TARGET,1.4875000000000305,1.1900000000000244
2021-12-08 05:55:00+00:00,2021-12-08 06:00:00+00:00,2021-12-08 08:15:00+00:00,SHORT,-2,-1,-1,1,-1,1.12934,1.13014,1.12814,1.12815,TARGET,1.4875000000000305,1.1900000000000244
2021-12-09 05:55:00+00:00,2021-12-09 06:00:00+00:00,2021-12-09 10:30:00+00:00,SHORT,-2,-1,-1,-1,1,1.1326699999999998,1.1334699999999998,1.1314699999999998,1.1314799999999998,TARGET,1.4875000000000305,1.1900000000000244
2021-12-10 07:55:00+00:00,2021-12-10 08:00:00+00:00,2021-12-10 08:45:00+00:00,LONG,2,1,1,-1,1,1.12944,1.12864,1.13064,1.12863,STOP,-1.0124999999999718,-0.8099999999999774
2021-12-13 05:55:00+00:00,2021-12-13 06:00:00+00:00,2021-12-13 07:00:00+00:00,SHORT,-2,-1,1,-1,-1,1.1297199999999998,1.1305199999999997,1.1285199999999997,1.1285299999999998,TARGET,1.4875000000000305,1.1900000000000244
2021-12-14 06:55:00+00:00,2021-12-14 07:00:00+00:00,2021-12-14 09:00:00+00:00,SHORT,-2,-1,-1,1,-1,1.12771,1.12851,1.12651,1.12852,STOP,-1.0124999999999718,-0.8099999999999774
2021-12-15 05:55:00+00:00,2021-12-15 06:00:00+00:00,2021-12-15 06:55:00+00:00,SHORT,-2,-1,-1,1,-1,1.1268799999999999,1.1276799999999998,1.1256799999999998,1.1276899999999999,STOP,-1.0124999999999718,-0.8099999999999774
2021-12-16 06:55:00+00:00,2021-12-16 07:00:00+00:00,2021-12-16 07:35:00+00:00,LONG,4,1,1,1,1,1.1292,1.1284,1.1304,1.13039,TARGET,1.4875000000000305,1.1900000000000244
2021-12-17 05:55:00+00:00,2021-12-17 06:00:00+00:00,2021-12-17 06:15:00+00:00,LONG,4,1,1,1,1,1.13484,1.1340400000000002,1.1360400000000002,1.13403,STOP,-1.0124999999999718,-0.8099999999999774
2021-12-20 05:55:00+00:00,2021-12-20 06:00:00+00:00,2021-12-20 08:45:00+00:00,LONG,4,1,1,1,1,1.1254600000000001,1.1246600000000002,1.1266600000000002,1.1266500000000002,TARGET,1.4875000000000305,1.1900000000000244
2021-12-21 05:55:00+00:00,2021-12-21 06:00:00+00:00,2021-12-21 07:35:00+00:00,SHORT,-2,-1,1,-1,-1,1.12805,1.12885,1.12685,1.12886,STOP,-1.0124999999999718,-0.8099999999999774
2021-12-22 06:55:00+00:00,2021-12-22 07:00:00+00:00,2021-12-22 08:05:00+00:00,SHORT,-4,-1,-1,-1,-1,1.12665,1.1274499999999998,1.1254499999999998,1.12746,STOP,-1.0124999999999718,-0.8099999999999774
2021-12-23 05:55:00+00:00,2021-12-23 06:00:00+00:00,2021-12-23 08:05:00+00:00,SHORT,-4,-1,-1,-1,-1,1.13374,1.1345399999999999,1.1325399999999999,1.13255,TARGET,1.4875000000000305,1.1900000000000244
2021-12-24 09:55:00+00:00,2021-12-24 10:00:00+00:00,2021-12-24 11:55:00+00:00,SHORT,-2,-1,-1,1,-1,1.134,1.1347999999999998,1.1327999999999998,1.1328099999999999,TARGET,1.4875000000000305,1.1900000000000244
2021-12-27 06:55:00+00:00,2021-12-27 07:00:00+00:00,2021-12-27 07:35:00+00:00,SHORT,-4,-1,-1,-1,-1,1.13164,1.13244,1.13044,1.13245,STOP,-1.0124999999999718,-0.8099999999999774
2021-12-28 07:55:00+00:00,2021-12-28 08:00:00+00:00,2021-12-28 08:15:00+00:00,SHORT,-2,-1,-1,-1,1,1.13173,1.1325299999999998,1.1305299999999998,1.1325399999999999,STOP,-1.0124999999999718,-0.8099999999999774
2021-12-29 05:55:00+00:00,2021-12-29 06:00:00+00:00,2021-12-29 08:10:00+00:00,SHORT,-2,1,-1,-1,-1,1.1304999999999998,1.1312999999999998,1.1292999999999997,1.1293099999999998,TARGET,1.4875000000000305,1.1900000000000244
2021-12-30 07:55:00+00:00,2021-12-30 08:00:00+00:00,2021-12-30 08:25:00+00:00,SHORT,-2,-1,-1,-1,1,1.13174,1.1325399999999999,1.1305399999999999,1.13055,TARGET,1.4875000000000305,1.1900000000000244
2021-12-31 05:55:00+00:00,2021-12-31 06:00:00+00:00,2021-12-31 08:55:00+00:00,SHORT,-4,-1,-1,-1,-1,1.13106,1.1318599999999999,1.1298599999999999,1.13187,STOP,-1.0124999999999718,-0.8099999999999774
2022-01-03 05:55:00+00:00,2022-01-03 06:00:00+00:00,2022-01-03 06:45:00+00:00,SHORT,-4,-1,-1,-1,-1,1.13377,1.1345699999999999,1.1325699999999999,1.13458,STOP,-1.0124999999999718,-0.8099999999999774
2022-01-04 06:55:00+00:00,2022-01-04 07:00:00+00:00,2022-01-04 09:20:00+00:00,SHORT,-2,-1,1,-1,-1,1.1292799999999998,1.1300799999999998,1.1280799999999997,1.1300899999999998,STOP,-1.0124999999999718,-0.8099999999999774
2022-01-05 05:55:00+00:00,2022-01-05 06:00:00+00:00,2022-01-05 08:10:00+00:00,LONG,4,1,1,1,1,1.12941,1.1286100000000001,1.1306100000000001,1.1306,TARGET,1.4875000000000305,1.1900000000000244
2022-01-06 05:55:00+00:00,2022-01-06 06:00:00+00:00,2022-01-06 06:20:00+00:00,LONG,2,-1,1,1,1,1.13096,1.13016,1.13216,1.13015,STOP,-1.0124999999999718,-0.8099999999999774
2022-01-07 07:55:00+00:00,2022-01-07 08:00:00+00:00,2022-01-07 10:00:00+00:00,LONG,2,1,1,1,-1,1.13059,1.12979,1.13179,1.13178,TARGET,1.4875000000000305,1.1900000000000244
2022-01-10 05:55:00+00:00,2022-01-10 06:00:00+00:00,2022-01-10 06:25:00+00:00,LONG,2,-1,1,1,1,1.1335300000000001,1.1327300000000002,1.1347300000000002,1.1327200000000002,STOP,-1.0124999999999718,-0.8099999999999774
2022-01-11 05:55:00+00:00,2022-01-11 06:00:00+00:00,2022-01-11 08:05:00+00:00,SHORT,-4,-1,-1,-1,-1,1.13387,1.1346699999999998,1.1326699999999998,1.13468,STOP,-1.0124999999999718,-0.8099999999999774
2022-01-12 06:55:00+00:00,2022-01-12 07:00:00+00:00,2022-01-12 09:15:00+00:00,SHORT,-4,-1,-1,-1,-1,1.13641,1.1372099999999998,1.1352099999999998,1.13722,STOP,-1.0124999999999718,-0.8099999999999774
2022-01-13 05:55:00+00:00,2022-01-13 06:00:00+00:00,2022-01-13 07:20:00+00:00,SHORT,-4,-1,-1,-1,-1,1.1441,1.1448999999999998,1.1428999999999998,1.1449099999999999,STOP,-1.0124999999999718,-0.8099999999999774
2022-01-14 05:55:00+00:00,2022-01-14 06:00:00+00:00,2022-01-14 07:05:00+00:00,SHORT,-2,1,-1,-1,-1,1.1478899999999999,1.1486899999999998,1.1466899999999998,1.1466999999999998,TARGET,1.4875000000000305,1.1900000000000244
2022-01-17 08:55:00+00:00,2022-01-17 09:00:00+00:00,2022-01-17 10:35:00+00:00,SHORT,-2,1,-1,-1,-1,1.14282,1.1436199999999999,1.1416199999999999,1.14163,TARGET,1.4875000000000305,1.1900000000000244
2022-01-18 08:55:00+00:00,2022-01-18 09:00:00+00:00,2022-01-18 09:45:00+00:00,LONG,2,-1,1,1,1,1.1395300000000002,1.1387300000000002,1.1407300000000002,1.1387200000000002,STOP,-1.0124999999999718,-0.8099999999999774
2022-01-19 05:55:00+00:00,2022-01-19 06:00:00+00:00,2022-01-19 07:20:00+00:00,SHORT,-2,-1,-1,-1,1,1.1329799999999999,1.1337799999999998,1.1317799999999998,1.1337899999999999,STOP,-1.0124999999999718,-0.8099999999999774
2022-01-20 06:55:00+00:00,2022-01-20 07:00:00+00:00,2022-01-20 07:30:00+00:00,SHORT,-2,-1,-1,-1,1,1.13497,1.13577,1.13377,1.13578,STOP,-1.0124999999999718,-0.8099999999999774
2022-01-21 07:55:00+00:00,2022-01-21 08:00:00+00:00,2022-01-21 08:00:00+00:00,SHORT,-2,-1,1,-1,-1,1.13283,1.13363,1.13163,1.13364,STOP,-1.0124999999999718,-0.8099999999999774
2022-01-24 05:55:00+00:00,2022-01-24 06:00:00+00:00,2022-01-24 07:25:00+00:00,SHORT,-2,-1,-1,-1,1,1.1318,1.1325999999999998,1.1305999999999998,1.13261,STOP,-1.0124999999999718,-0.8099999999999774
2022-01-25 05:55:00+00:00,2022-01-25 06:00:00+00:00,2022-01-25 07:55:00+00:00,LONG,2,1,1,1,-1,1.13103,1.13023,1.13223,1.13022,STOP,-1.0124999999999718,-0.8099999999999774
2022-01-26 06:55:00+00:00,2022-01-26 07:00:00+00:00,2022-01-26 10:15:00+00:00,SHORT,-4,-1,-1,-1,-1,1.12934,1.13014,1.12814,1.12815,TARGET,1.4875000000000305,1.1900000000000244
2022-01-27 05:55:00+00:00,2022-01-27 06:00:00+00:00,2022-01-27 07:20:00+00:00,LONG,2,1,1,-1,1,1.12203,1.1212300000000002,1.1232300000000002,1.12122,STOP,-1.0124999999999718,-0.8099999999999774
2022-01-28 05:55:00+00:00,2022-01-28 06:00:00+00:00,2022-01-28 06:55:00+00:00,LONG,4,1,1,1,1,1.11547,1.11467,1.11667,1.11466,STOP,-1.0124999999999718,-0.8099999999999774
2022-01-31 07:55:00+00:00,2022-01-31 08:00:00+00:00,2022-01-31 11:05:00+00:00,LONG,2,-1,1,1,1,1.11713,1.11633,1.11833,1.11632,STOP,-1.0124999999999718,-0.8099999999999774
2022-02-01 05:55:00+00:00,2022-02-01 06:00:00+00:00,2022-02-01 07:35:00+00:00,SHORT,-2,-1,1,-1,-1,1.1239999999999999,1.1247999999999998,1.1227999999999998,1.1248099999999999,STOP,-1.0124999999999718,-0.8099999999999774
2022-02-02 07:55:00+00:00,2022-02-02 08:00:00+00:00,2022-02-02 08:30:00+00:00,LONG,2,1,1,-1,1,1.12815,1.12735,1.12935,1.12934,TARGET,1.4875000000000305,1.1900000000000244
2022-02-03 05:55:00+00:00,2022-02-03 06:00:00+00:00,2022-02-03 06:25:00+00:00,LONG,4,1,1,1,1,1.13012,1.12932,1.13132,1.12931,STOP,-1.0124999999999718,-0.8099999999999774
2022-02-04 06:55:00+00:00,2022-02-04 07:00:00+00:00,2022-02-04 07:45:00+00:00,SHORT,-4,-1,-1,-1,-1,1.14564,1.14644,1.14444,1.14645,STOP,-1.0124999999999718,-0.8099999999999774
2022-02-07 07:55:00+00:00,2022-02-07 08:00:00+00:00,2022-02-07 08:25:00+00:00,LONG,2,-1,1,1,1,1.1432600000000002,1.1424600000000003,1.1444600000000003,1.1444500000000002,TARGET,1.4875000000000305,1.1900000000000244
2022-02-08 06:55:00+00:00,2022-02-08 07:00:00+00:00,2022-02-08 07:10:00+00:00,SHORT,-2,-1,-1,1,-1,1.1419599999999999,1.1427599999999998,1.1407599999999998,1.1407699999999998,TARGET,1.4875000000000305,1.1900000000000244
2022-02-09 05:55:00+00:00,2022-02-09 06:00:00+00:00,2022-02-09 07:35:00+00:00,SHORT,-4,-1,-1,-1,-1,1.14219,1.14299,1.14099,1.141,TARGET,1.4875000000000305,1.1900000000000244
2022-02-10 08:55:00+00:00,2022-02-10 09:00:00+00:00,2022-02-10 09:25:00+00:00,LONG,4,1,1,1,1,1.1433600000000002,1.1425600000000002,1.1445600000000002,1.1445500000000002,TARGET,1.4875000000000305,1.1900000000000244
2022-02-11 05:55:00+00:00,2022-02-11 06:00:00+00:00,2022-02-11 06:50:00+00:00,SHORT,-4,-1,-1,-1,-1,1.1386399999999999,1.1394399999999998,1.1374399999999998,1.1374499999999999,TARGET,1.4875000000000305,1.1900000000000244
2022-02-14 05:55:00+00:00,2022-02-14 06:00:00+00:00,2022-02-14 06:30:00+00:00,LONG,4,1,1,1,1,1.13518,1.1343800000000002,1.1363800000000002,1.13437,STOP,-1.0124999999999718,-0.8099999999999774
2022-02-15 05:55:00+00:00,2022-02-15 06:00:00+00:00,2022-02-15 07:15:00+00:00,SHORT,-2,1,-1,-1,-1,1.13171,1.13251,1.13051,1.13252,STOP,-1.0124999999999718,-0.8099999999999774
2022-02-16 06:55:00+00:00,2022-02-16 07:00:00+00:00,2022-02-16 07:40:00+00:00,LONG,4,1,1,1,1,1.1364,1.1356000000000002,1.1376000000000002,1.13759,TARGET,1.4875000000000305,1.1900000000000244
2022-02-17 05:55:00+00:00,2022-02-17 06:00:00+00:00,2022-02-17 06:25:00+00:00,SHORT,-2,-1,-1,-1,1,1.13563,1.1364299999999998,1.1344299999999998,1.13644,STOP,-1.0124999999999718,-0.8099999999999774
2022-02-18 06:55:00+00:00,2022-02-18 07:00:00+00:00,2022-02-18 10:10:00+00:00,LONG,2,1,1,1,-1,1.13711,1.1363100000000002,1.1383100000000002,1.1363,STOP,-1.0124999999999718,-0.8099999999999774
2022-02-21 05:55:00+00:00,2022-02-21 06:00:00+00:00,2022-02-21 07:10:00+00:00,LONG,4,1,1,1,1,1.13628,1.13548,1.13748,1.13747,TARGET,1.4875000000000305,1.1900000000000244
2022-02-22 07:55:00+00:00,2022-02-22 08:00:00+00:00,2022-02-22 08:10:00+00:00,SHORT,-4,-1,-1,-1,-1,1.12964,1.13044,1.1284399999999999,1.13045,STOP,-1.0124999999999718,-0.8099999999999774
2022-02-23 05:55:00+00:00,2022-02-23 06:00:00+00:00,2022-02-23 07:00:00+00:00,LONG,4,1,1,1,1,1.1326,1.1318000000000001,1.1338000000000001,1.13179,STOP,-1.0124999999999718,-0.8099999999999774
2022-02-24 05:55:00+00:00,2022-02-24 06:00:00+00:00,2022-02-24 06:15:00+00:00,LONG,4,1,1,1,1,1.12382,1.1230200000000001,1.1250200000000001,1.12501,TARGET,1.4875000000000305,1.1900000000000244
2022-02-25 05:55:00+00:00,2022-02-25 06:00:00+00:00,2022-02-25 06:10:00+00:00,LONG,4,1,1,1,1,1.12259,1.12179,1.12379,1.12178,STOP,-1.0124999999999718,-0.8099999999999774
2022-02-28 05:55:00+00:00,2022-02-28 06:00:00+00:00,2022-02-28 07:15:00+00:00,LONG,4,1,1,1,1,1.1156700000000002,1.1148700000000002,1.1168700000000003,1.1168600000000002,TARGET,1.4875000000000305,1.1900000000000244
2022-03-01 06:55:00+00:00,2022-03-01 07:00:00+00:00,2022-03-01 07:15:00+00:00,LONG,2,1,-1,1,1,1.12063,1.11983,1.12183,1.12182,TARGET,1.4875000000000305,1.1900000000000244
2022-03-02 06:55:00+00:00,2022-03-02 07:00:00+00:00,2022-03-02 07:20:00+00:00,SHORT,-2,-1,-1,-1,1,1.1097299999999999,1.1105299999999998,1.1085299999999998,1.1085399999999999,TARGET,1.4875000000000305,1.1900000000000244
2022-03-03 05:55:00+00:00,2022-03-03 06:00:00+00:00,2022-03-03 08:30:00+00:00,SHORT,-4,-1,-1,-1,-1,1.11015,1.1109499999999999,1.1089499999999999,1.10896,TARGET,1.4875000000000305,1.1900000000000244
2022-03-04 06:55:00+00:00,2022-03-04 07:00:00+00:00,2022-03-04 07:00:00+00:00,SHORT,-2,-1,-1,-1,1,1.10151,1.10231,1.10031,1.10232,STOP,-1.0124999999999718,-0.8099999999999774
2022-03-07 05:55:00+00:00,2022-03-07 06:00:00+00:00,2022-03-07 07:15:00+00:00,LONG,4,1,1,1,1,1.08776,1.0869600000000001,1.0889600000000002,1.08895,TARGET,1.4875000000000305,1.1900000000000244
2022-03-08 07:55:00+00:00,2022-03-08 08:00:00+00:00,2022-03-08 08:05:00+00:00,SHORT,-4,-1,-1,-1,-1,1.08615,1.0869499999999999,1.0849499999999999,1.08696,STOP,-1.0124999999999718,-0.8099999999999774
2022-03-09 05:55:00+00:00,2022-03-09 06:00:00+00:00,2022-03-09 06:10:00+00:00,SHORT,-4,-1,-1,-1,-1,1.0916,1.0923999999999998,1.0903999999999998,1.0924099999999999,STOP,-1.0124999999999718,-0.8099999999999774
2022-03-10 05:55:00+00:00,2022-03-10 06:00:00+00:00,2022-03-10 07:40:00+00:00,LONG,4,1,1,1,1,1.10595,1.10515,1.10715,1.10714,TARGET,1.4875000000000305,1.1900000000000244
2022-03-11 06:55:00+00:00,2022-03-11 07:00:00+00:00,2022-03-11 07:20:00+00:00,LONG,2,1,1,1,-1,1.10046,1.09966,1.10166,1.09965,STOP,-1.0124999999999718,-0.8099999999999774
2022-03-14 05:55:00+00:00,2022-03-14 06:00:00+00:00,2022-03-14 06:25:00+00:00,SHORT,-2,-1,-1,1,-1,1.0910799999999998,1.0918799999999997,1.0898799999999997,1.0918899999999998,STOP,-1.0124999999999718,-0.8099999999999774
2022-03-15 05:55:00+00:00,2022-03-15 06:00:00+00:00,2022-03-15 06:05:00+00:00,LONG,2,-1,1,1,1,1.09832,1.09752,1.09952,1.09751,STOP,-1.0124999999999718,-0.8099999999999774
2022-03-16 05:55:00+00:00,2022-03-16 06:00:00+00:00,2022-03-16 07:15:00+00:00,LONG,4,1,1,1,1,1.09775,1.09695,1.09895,1.09694,STOP,-1.0124999999999718,-0.8099999999999774
2022-03-17 07:55:00+00:00,2022-03-17 08:00:00+00:00,2022-03-17 08:15:00+00:00,LONG,2,1,-1,1,1,1.1045,1.1037000000000001,1.1057000000000001,1.10569,TARGET,1.4875000000000305,1.1900000000000244
2022-03-18 06:55:00+00:00,2022-03-18 07:00:00+00:00,2022-03-18 08:25:00+00:00,SHORT,-4,-1,-1,-1,-1,1.10831,1.1091099999999998,1.1071099999999998,1.1071199999999999,TARGET,1.4875000000000305,1.1900000000000244
2022-03-21 05:55:00+00:00,2022-03-21 06:00:00+00:00,2022-03-21 07:15:00+00:00,LONG,2,1,1,1,-1,1.1042100000000001,1.1034100000000002,1.1054100000000002,1.1054000000000002,TARGET,1.4875000000000305,1.1900000000000244
2022-03-22 05:55:00+00:00,2022-03-22 06:00:00+00:00,2022-03-22 06:55:00+00:00,SHORT,-4,-1,-1,-1,-1,1.09819,1.09899,1.09699,1.097,TARGET,1.4875000000000305,1.1900000000000244
2022-03-23 05:55:00+00:00,2022-03-23 06:00:00+00:00,2022-03-23 07:10:00+00:00,SHORT,-2,1,-1,-1,-1,1.10367,1.1044699999999998,1.1024699999999998,1.10248,TARGET,1.4875000000000305,1.1900000000000244
2022-03-24 08:55:00+00:00,2022-03-24 09:00:00+00:00,2022-03-24 09:00:00+00:00,SHORT,-2,1,-1,-1,-1,1.0977299999999999,1.0985299999999998,1.0965299999999998,1.0985399999999998,STOP,-1.0124999999999718,-0.8099999999999774
2022-03-25 05:55:00+00:00,2022-03-25 06:00:00+00:00,2022-03-25 06:45:00+00:00,LONG,2,1,1,1,-1,1.1029200000000001,1.1021200000000002,1.1041200000000002,1.1021100000000001,STOP,-1.0124999999999718,-0.8099999999999774
2022-03-28 07:55:00+00:00,2022-03-28 08:00:00+00:00,2022-03-28 08:15:00+00:00,SHORT,-2,-1,1,-1,-1,1.0951499999999998,1.0959499999999998,1.0939499999999998,1.0959599999999998,STOP,-1.0124999999999718,-0.8099999999999774
2022-03-29 08:55:00+00:00,2022-03-29 09:00:00+00:00,2022-03-29 09:05:00+00:00,SHORT,-2,1,-1,-1,-1,1.09846,1.09926,1.09726,1.09927,STOP,-1.0124999999999718,-0.8099999999999774
2022-03-30 05:55:00+00:00,2022-03-30 06:00:00+00:00,2022-03-30 07:00:00+00:00,LONG,2,1,1,1,-1,1.1113300000000002,1.1105300000000002,1.1125300000000002,1.1125200000000002,TARGET,1.4875000000000305,1.1900000000000244
2022-03-31 07:55:00+00:00,2022-03-31 08:00:00+00:00,2022-03-31 08:05:00+00:00,SHORT,-2,-1,-1,-1,1,1.1150099999999998,1.1158099999999997,1.1138099999999997,1.1138199999999998,TARGET,1.4875000000000305,1.1900000000000244
2022-04-01 05:55:00+00:00,2022-04-01 06:00:00+00:00,2022-04-01 06:05:00+00:00,SHORT,-4,-1,-1,-1,-1,1.10677,1.10757,1.10557,1.10558,TARGET,1.4875000000000305,1.1900000000000244
2022-04-04 06:55:00+00:00,2022-04-04 07:00:00+00:00,2022-04-04 08:00:00+00:00,SHORT,-2,-1,-1,-1,1,1.1039299999999999,1.1047299999999998,1.1027299999999998,1.1027399999999998,TARGET,1.4875000000000305,1.1900000000000244
2022-04-05 07:55:00+00:00,2022-04-05 08:00:00+00:00,2022-04-05 08:30:00+00:00,SHORT,-2,1,-1,-1,-1,1.0981699999999999,1.0989699999999998,1.0969699999999998,1.0969799999999998,TARGET,1.4875000000000305,1.1900000000000244
2022-04-06 05:55:00+00:00,2022-04-06 06:00:00+00:00,2022-04-06 07:00:00+00:00,SHORT,-4,-1,-1,-1,-1,1.0883399999999999,1.0891399999999998,1.0871399999999998,1.0891499999999998,STOP,-1.0124999999999718,-0.8099999999999774
2022-04-07 05:55:00+00:00,2022-04-07 06:00:00+00:00,2022-04-07 06:25:00+00:00,LONG,2,-1,1,1,1,1.09189,1.0910900000000001,1.0930900000000001,1.09308,TARGET,1.4875000000000305,1.1900000000000244
2022-04-08 05:55:00+00:00,2022-04-08 06:00:00+00:00,2022-04-08 06:45:00+00:00,LONG,4,1,1,1,1,1.0867900000000001,1.0859900000000002,1.0879900000000002,1.0859800000000002,STOP,-1.0124999999999718,-0.8099999999999774
2022-04-11 05:55:00+00:00,2022-04-11 06:00:00+00:00,2022-04-11 06:20:00+00:00,LONG,4,1,1,1,1,1.08928,1.0884800000000001,1.0904800000000001,1.08847,STOP,-1.0124999999999718,-0.8099999999999774
2022-04-12 05:55:00+00:00,2022-04-12 06:00:00+00:00,2022-04-12 07:00:00+00:00,SHORT,-4,-1,-1,-1,-1,1.0870199999999999,1.0878199999999998,1.0858199999999998,1.0858299999999999,TARGET,1.4875000000000305,1.1900000000000244
2022-04-13 05:55:00+00:00,2022-04-13 06:00:00+00:00,2022-04-13 06:20:00+00:00,LONG,2,1,1,1,-1,1.08439,1.08359,1.08559,1.08358,STOP,-1.0124999999999718,-0.8099999999999774
2022-04-14 05:55:00+00:00,2022-04-14 06:00:00+00:00,2022-04-14 06:05:00+00:00,SHORT,-2,-1,1,-1,-1,1.09101,1.09181,1.08981,1.09182,STOP,-1.0124999999999718,-0.8099999999999774
2022-04-15 06:55:00+00:00,2022-04-15 07:00:00+00:00,2022-04-15 07:55:00+00:00,SHORT,-2,-1,-1,-1,1,1.08023,1.08103,1.07903,1.08104,STOP,-1.0124999999999718,-0.8099999999999774
2022-04-18 06:55:00+00:00,2022-04-18 07:00:00+00:00,2022-04-18 07:15:00+00:00,SHORT,-2,-1,-1,-1,1,1.07935,1.08015,1.07815,1.08016,STOP,-1.0124999999999718,-0.8099999999999774
2022-04-19 07:55:00+00:00,2022-04-19 08:00:00+00:00,2022-04-19 08:30:00+00:00,LONG,2,1,1,1,-1,1.08023,1.0794300000000001,1.0814300000000001,1.08142,TARGET,1.4875000000000305,1.1900000000000244
2022-04-20 08:55:00+00:00,2022-04-20 09:00:00+00:00,2022-04-20 09:20:00+00:00,LONG,2,1,-1,1,1,1.0840100000000001,1.0832100000000002,1.0852100000000002,1.0832000000000002,STOP,-1.0124999999999718,-0.8099999999999774
2022-04-21 06:55:00+00:00,2022-04-21 07:00:00+00:00,2022-04-21 07:00:00+00:00,LONG,2,1,1,1,-1,1.0902500000000002,1.0894500000000003,1.0914500000000003,1.0894400000000002,STOP,-1.0124999999999718,-0.8099999999999774
2022-04-22 06:55:00+00:00,2022-04-22 07:00:00+00:00,2022-04-22 07:10:00+00:00,SHORT,-4,-1,-1,-1,-1,1.0825799999999999,1.0833799999999998,1.0813799999999998,1.0813899999999999,TARGET,1.4875000000000305,1.1900000000000244
2022-04-25 07:55:00+00:00,2022-04-25 08:00:00+00:00,2022-04-25 08:05:00+00:00,LONG,2,1,1,1,-1,1.07387,1.0730700000000002,1.0750700000000002,1.0750600000000001,TARGET,1.4875000000000305,1.1900000000000244
2022-04-26 09:55:00+00:00,2022-04-26 10:00:00+00:00,2022-04-26 10:50:00+00:00,SHORT,-2,1,-1,-1,-1,1.06864,1.06944,1.06744,1.06945,STOP,-1.0124999999999718,-0.8099999999999774
2022-04-27 05:55:00+00:00,2022-04-27 06:00:00+00:00,2022-04-27 06:05:00+00:00,SHORT,-2,-1,1,-1,-1,1.06501,1.06581,1.06381,1.06382,TARGET,1.4875000000000305,1.1900000000000244
2022-04-28 05:55:00+00:00,2022-04-28 06:00:00+00:00,2022-04-28 06:45:00+00:00,LONG,4,1,1,1,1,1.05126,1.0504600000000002,1.0524600000000002,1.05245,TARGET,1.4875000000000305,1.1900000000000244
2022-04-29 07:55:00+00:00,2022-04-29 08:00:00+00:00,2022-04-29 08:25:00+00:00,SHORT,-2,-1,-1,-1,1,1.05616,1.05696,1.05496,1.05697,STOP,-1.0124999999999718,-0.8099999999999774
2022-05-02 05:55:00+00:00,2022-05-02 06:00:00+00:00,2022-05-02 06:00:00+00:00,SHORT,-4,-1,-1,-1,-1,1.05128,1.05208,1.05008,1.05209,STOP,-1.0124999999999718,-0.8099999999999774
2022-05-03 05:55:00+00:00,2022-05-03 06:00:00+00:00,2022-05-03 06:20:00+00:00,LONG,2,1,1,1,-1,1.05078,1.0499800000000001,1.0519800000000001,1.04997,STOP,-1.0124999999999718,-0.8099999999999774
2022-05-04 05:55:00+00:00,2022-05-04 06:00:00+00:00,2022-05-04 06:15:00+00:00,SHORT,-2,-1,-1,1,-1,1.05124,1.0520399999999999,1.0500399999999999,1.05205,STOP,-1.0124999999999718,-0.8099999999999774
2022-05-05 07:55:00+00:00,2022-05-05 08:00:00+00:00,2022-05-05 08:00:00+00:00,LONG,2,1,1,1,-1,1.0598,1.0590000000000002,1.0610000000000002,1.05899,STOP,-1.0124999999999718,-0.8099999999999774
2022-05-06 05:55:00+00:00,2022-05-06 06:00:00+00:00,2022-05-06 06:25:00+00:00,SHORT,-2,1,-1,-1,-1,1.0522399999999998,1.0530399999999998,1.0510399999999998,1.0510499999999998,TARGET,1.4875000000000305,1.1900000000000244
2022-05-09 07:55:00+00:00,2022-05-09 08:00:00+00:00,2022-05-09 08:05:00+00:00,SHORT,-4,-1,-1,-1,-1,1.05115,1.05195,1.04995,1.05196,STOP,-1.0124999999999718,-0.8099999999999774
2022-05-10 05:55:00+00:00,2022-05-10 06:00:00+00:00,2022-05-10 06:35:00+00:00,SHORT,-2,-1,-1,-1,1,1.05764,1.0584399999999998,1.0564399999999998,1.05645,TARGET,1.4875000000000305,1.1900000000000244
2022-05-11 06:55:00+00:00,2022-05-11 07:00:00+00:00,2022-05-11 07:00:00+00:00,SHORT,-2,1,-1,-1,-1,1.05416,1.05496,1.05296,1.05497,STOP,-1.0124999999999718,-0.8099999999999774
2022-05-12 05:55:00+00:00,2022-05-12 06:00:00+00:00,2022-05-12 06:05:00+00:00,SHORT,-2,-1,-1,-1,1,1.0501,1.0509,1.0489,1.05091,STOP,-1.0124999999999718,-0.8099999999999774
2022-05-13 05:55:00+00:00,2022-05-13 06:00:00+00:00,2022-05-13 06:50:00+00:00,SHORT,-2,-1,-1,1,-1,1.03955,1.0403499999999999,1.0383499999999999,1.04036,STOP,-1.0124999999999718,-0.8099999999999774
2022-05-16 05:55:00+00:00,2022-05-16 06:00:00+00:00,2022-05-16 06:30:00+00:00,SHORT,-4,-1,-1,-1,-1,1.04008,1.0408799999999998,1.0388799999999998,1.0408899999999999,STOP,-1.0124999999999718,-0.8099999999999774
2022-05-17 05:55:00+00:00,2022-05-17 06:00:00+00:00,2022-05-17 06:35:00+00:00,LONG,2,-1,1,1,1,1.04475,1.0439500000000002,1.0459500000000002,1.04594,TARGET,1.4875000000000305,1.1900000000000244
2022-05-18 05:55:00+00:00,2022-05-18 06:00:00+00:00,2022-05-18 06:20:00+00:00,LONG,4,1,1,1,1,1.05397,1.0531700000000002,1.0551700000000002,1.05316,STOP,-1.0124999999999718,-0.8099999999999774
2022-05-19 06:55:00+00:00,2022-05-19 07:00:00+00:00,2022-05-19 07:00:00+00:00,SHORT,-2,-1,1,-1,-1,1.04785,1.0486499999999999,1.0466499999999999,1.04666,TARGET,1.4875000000000305,1.1900000000000244
2022-05-20 05:55:00+00:00,2022-05-20 06:00:00+00:00,2022-05-20 06:05:00+00:00,LONG,4,1,1,1,1,1.05915,1.0583500000000001,1.0603500000000001,1.05834,STOP,-1.0124999999999718,-0.8099999999999774
2022-05-23 06:55:00+00:00,2022-05-23 07:00:00+00:00,2022-05-23 07:10:00+00:00,LONG,2,-1,1,1,1,1.06064,1.0598400000000001,1.0618400000000001,1.05983,STOP,-1.0124999999999718,-0.8099999999999774
2022-05-24 05:55:00+00:00,2022-05-24 06:00:00+00:00,2022-05-24 06:50:00+00:00,LONG,2,-1,1,1,1,1.06685,1.0660500000000002,1.0680500000000002,1.06804,TARGET,1.4875000000000305,1.1900000000000244
2022-05-25 05:55:00+00:00,2022-05-25 06:00:00+00:00,2022-05-25 06:05:00+00:00,LONG,4,1,1,1,1,1.07084,1.07004,1.07204,1.07003,STOP,-1.0124999999999718,-0.8099999999999774
2022-05-26 05:55:00+00:00,2022-05-26 06:00:00+00:00,2022-05-26 06:00:00+00:00,SHORT,-2,-1,-1,-1,1,1.06674,1.06754,1.06554,1.06755,STOP,-1.0124999999999718,-0.8099999999999774
2022-05-27 06:55:00+00:00,2022-05-27 07:00:00+00:00,2022-05-27 07:00:00+00:00,SHORT,-4,-1,-1,-1,-1,1.07396,1.07476,1.07276,1.07477,STOP,-1.0124999999999718,-0.8099999999999774
2022-05-30 06:55:00+00:00,2022-05-30 07:00:00+00:00,2022-05-30 07:55:00+00:00,SHORT,-4,-1,-1,-1,-1,1.07538,1.07618,1.07418,1.07419,TARGET,1.4875000000000305,1.1900000000000244
2022-05-31 05:55:00+00:00,2022-05-31 06:00:00+00:00,2022-05-31 06:45:00+00:00,SHORT,-2,1,-1,-1,-1,1.07456,1.0753599999999999,1.0733599999999999,1.07337,TARGET,1.4875000000000305,1.1900000000000244
2022-06-01 06:55:00+00:00,2022-06-01 07:00:00+00:00,2022-06-01 07:10:00+00:00,LONG,2,1,1,1,-1,1.07241,1.0716100000000002,1.0736100000000002,1.0736,TARGET,1.4875000000000305,1.1900000000000244
2022-06-02 06:55:00+00:00,2022-06-02 07:00:00+00:00,2022-06-02 07:35:00+00:00,LONG,2,-1,1,1,1,1.06766,1.0668600000000001,1.0688600000000001,1.06885,TARGET,1.4875000000000305,1.1900000000000244
2022-06-03 08:55:00+00:00,2022-06-03 09:00:00+00:00,2022-06-03 10:15:00+00:00,SHORT,-4,-1,-1,-1,-1,1.07533,1.0761299999999998,1.0741299999999998,1.0741399999999999,TARGET,1.4875000000000305,1.1900000000000244
2022-06-06 05:55:00+00:00,2022-06-06 06:00:00+00:00,2022-06-06 07:00:00+00:00,SHORT,-2,-1,-1,-1,1,1.0726799999999999,1.0734799999999998,1.0714799999999998,1.0734899999999998,STOP,-1.0124999999999718,-0.8099999999999774
2022-06-07 06:55:00+00:00,2022-06-07 07:00:00+00:00,2022-06-07 07:05:00+00:00,SHORT,-2,-1,-1,1,-1,1.06854,1.06934,1.06734,1.06935,STOP,-1.0124999999999718,-0.8099999999999774
2022-06-08 13:55:00+00:00,2022-06-08 14:00:00+00:00,2022-06-08 14:55:00+00:00,SHORT,-4,-1,-1,-1,-1,1.07408,1.0748799999999998,1.0728799999999998,1.07289,TARGET,1.4875000000000305,1.1900000000000244
2022-06-09 05:55:00+00:00,2022-06-09 06:00:00+00:00,2022-06-09 07:50:00+00:00,SHORT,-4,-1,-1,-1,-1,1.07189,1.07269,1.07069,1.0707,TARGET,1.4875000000000305,1.1900000000000244
2022-06-10 05:55:00+00:00,2022-06-10 06:00:00+00:00,2022-06-10 06:15:00+00:00,SHORT,-2,-1,-1,-1,1,1.06335,1.06415,1.06215,1.06216,TARGET,1.4875000000000305,1.1900000000000244
2022-06-13 13:55:00+00:00,2022-06-13 14:00:00+00:00,2022-06-13 14:40:00+00:00,SHORT,-2,-1,-1,-1,1,1.0437299999999998,1.0445299999999997,1.0425299999999997,1.0425399999999998,TARGET,1.4875000000000305,1.1900000000000244
2022-06-14 05:55:00+00:00,2022-06-14 06:00:00+00:00,2022-06-14 06:05:00+00:00,LONG,4,1,1,1,1,1.0439,1.0431000000000001,1.0451000000000001,1.04309,STOP,-1.0124999999999718,-0.8099999999999774
2022-06-15 06:55:00+00:00,2022-06-15 07:00:00+00:00,2022-06-15 07:10:00+00:00,SHORT,-2,-1,-1,1,-1,1.04732,1.04812,1.04612,1.04813,STOP,-1.0124999999999718,-0.8099999999999774
2022-06-16 07:55:00+00:00,2022-06-16 08:00:00+00:00,2022-06-16 08:15:00+00:00,LONG,2,-1,1,1,1,1.0397,1.0389000000000002,1.0409000000000002,1.03889,STOP,-1.0124999999999718,-0.8099999999999774
2022-06-17 06:55:00+00:00,2022-06-17 07:00:00+00:00,2022-06-17 07:10:00+00:00,SHORT,-2,-1,1,-1,-1,1.05,1.0508,1.0488,1.05081,STOP,-1.0124999999999718,-0.8099999999999774
2022-06-20 05:55:00+00:00,2022-06-20 06:00:00+00:00,2022-06-20 06:15:00+00:00,LONG,2,1,1,1,-1,1.05295,1.0521500000000001,1.0541500000000001,1.05414,TARGET,1.4875000000000305,1.1900000000000244
2022-06-21 07:55:00+00:00,2022-06-21 08:00:00+00:00,2022-06-21 08:35:00+00:00,LONG,4,1,1,1,1,1.0557,1.0549000000000002,1.0569000000000002,1.05689,TARGET,1.4875000000000305,1.1900000000000244
2022-06-22 05:55:00+00:00,2022-06-22 06:00:00+00:00,2022-06-22 06:05:00+00:00,SHORT,-2,-1,1,-1,-1,1.04881,1.04961,1.04761,1.04962,STOP,-1.0124999999999718,-0.8099999999999774
2022-06-23 06:55:00+00:00,2022-06-23 07:00:00+00:00,2022-06-23 07:00:00+00:00,LONG,4,1,1,1,1,1.0578400000000001,1.0570400000000002,1.0590400000000002,1.0570300000000001,STOP,-1.0124999999999718,-0.8099999999999774
2022-06-24 10:55:00+00:00,2022-06-24 11:00:00+00:00,2022-06-24 11:45:00+00:00,SHORT,-2,-1,-1,1,-1,1.05375,1.0545499999999999,1.0525499999999999,1.05256,TARGET,1.4875000000000305,1.1900000000000244
2022-06-27 05:55:00+00:00,2022-06-27 06:00:00+00:00,2022-06-27 06:55:00+00:00,SHORT,-2,-1,1,-1,-1,1.05588,1.0566799999999998,1.0546799999999998,1.05669,STOP,-1.0124999999999718,-0.8099999999999774
2022-06-28 05:55:00+00:00,2022-06-28 06:00:00+00:00,2022-06-28 06:05:00+00:00,SHORT,-4,-1,-1,-1,-1,1.0571,1.0578999999999998,1.0558999999999998,1.05791,STOP,-1.0124999999999718,-0.8099999999999774
2022-06-29 05:55:00+00:00,2022-06-29 06:00:00+00:00,2022-06-29 06:15:00+00:00,SHORT,-4,-1,-1,-1,-1,1.0502399999999998,1.0510399999999998,1.0490399999999998,1.0490499999999998,TARGET,1.4875000000000305,1.1900000000000244
2022-06-30 05:55:00+00:00,2022-06-30 06:00:00+00:00,2022-06-30 06:35:00+00:00,LONG,2,-1,1,1,1,1.0456,1.0448000000000002,1.0468000000000002,1.04679,TARGET,1.4875000000000305,1.1900000000000244
2022-07-01 06:55:00+00:00,2022-07-01 07:00:00+00:00,2022-07-01 07:00:00+00:00,LONG,2,1,1,-1,1,1.04617,1.0453700000000001,1.0473700000000001,1.04536,STOP,-1.0124999999999718,-0.8099999999999774
2022-07-04 06:55:00+00:00,2022-07-04 07:00:00+00:00,2022-07-04 07:05:00+00:00,SHORT,-2,-1,-1,-1,1,1.0424799999999999,1.0432799999999998,1.0412799999999998,1.0432899999999998,STOP,-1.0124999999999718,-0.8099999999999774
2022-07-05 08:55:00+00:00,2022-07-05 09:00:00+00:00,2022-07-05 09:05:00+00:00,SHORT,-4,-1,-1,-1,-1,1.03071,1.03151,1.02951,1.03152,STOP,-1.0124999999999718,-0.8099999999999774
2022-07-06 05:55:00+00:00,2022-07-06 06:00:00+00:00,2022-07-06 06:05:00+00:00,LONG,4,1,1,1,1,1.02475,1.0239500000000001,1.0259500000000001,1.02394,STOP,-1.0124999999999718,-0.8099999999999774
2022-07-07 08:55:00+00:00,2022-07-07 09:00:00+00:00,2022-07-07 09:00:00+00:00,LONG,2,1,1,1,-1,1.01981,1.0190100000000002,1.0210100000000002,1.0190000000000001,STOP,-1.0124999999999718,-0.8099999999999774
2022-07-08 05:55:00+00:00,2022-07-08 06:00:00+00:00,2022-07-08 06:00:00+00:00,LONG,2,1,1,1,-1,1.01606,1.01526,1.01726,1.01525,STOP,-1.0124999999999718,-0.8099999999999774
2022-07-11 05:55:00+00:00,2022-07-11 06:00:00+00:00,2022-07-11 06:50:00+00:00,SHORT,-2,-1,-1,-1,1,1.01393,1.01473,1.01273,1.01274,TARGET,1.4875000000000305,1.1900000000000244
2022-07-12 06:55:00+00:00,2022-07-12 07:00:00+00:00,2022-07-12 07:00:00+00:00,SHORT,-2,-1,-1,-1,1,1.00221,1.00301,1.00101,1.00102,TARGET,1.4875000000000305,1.1900000000000244
2022-07-13 06:55:00+00:00,2022-07-13 07:00:00+00:00,2022-07-13 07:00:00+00:00,SHORT,-4,-1,-1,-1,-1,1.0033299999999998,1.0041299999999997,1.0021299999999997,1.0041399999999998,STOP,-1.0124999999999718,-0.8099999999999774
2022-07-14 06:55:00+00:00,2022-07-14 07:00:00+00:00,2022-07-14 07:00:00+00:00,SHORT,-4,-1,-1,-1,-1,1.0006599999999999,1.0014599999999998,0.9994599999999999,1.0014699999999999,STOP,-1.0124999999999718,-0.8099999999999774
2022-07-15 05:55:00+00:00,2022-07-15 06:00:00+00:00,2022-07-15 06:45:00+00:00,SHORT,-2,1,-1,-1,-1,1.00209,1.0028899999999998,1.0008899999999998,1.0009,TARGET,1.4875000000000305,1.1900000000000244
2022-07-18 05:55:00+00:00,2022-07-18 06:00:00+00:00,2022-07-18 06:40:00+00:00,SHORT,-4,-1,-1,-1,-1,1.00877,1.0095699999999999,1.0075699999999999,1.00958,STOP,-1.0124999999999718,-0.8099999999999774
2022-07-19 05:55:00+00:00,2022-07-19 06:00:00+00:00,2022-07-19 06:05:00+00:00,SHORT,-4,-1,-1,-1,-1,1.01473,1.0155299999999998,1.0135299999999998,1.0155399999999999,STOP,-1.0124999999999718,-0.8099999999999774
2022-07-20 06:55:00+00:00,2022-07-20 07:00:00+00:00,2022-07-20 07:15:00+00:00,LONG,4,1,1,1,1,1.02505,1.02425,1.02625,1.02624,TARGET,1.4875000000000305,1.1900000000000244
2022-07-21 06:55:00+00:00,2022-07-21 07:00:00+00:00,2022-07-21 07:00:00+00:00,SHORT,-4,-1,-1,-1,-1,1.02056,1.0213599999999998,1.0193599999999998,1.02137,STOP,-1.0124999999999718,-0.8099999999999774
2022-07-22 05:55:00+00:00,2022-07-22 06:00:00+00:00,2022-07-22 06:00:00+00:00,SHORT,-2,-1,-1,-1,1,1.0185,1.0192999999999999,1.0172999999999999,1.01931,STOP,-1.0124999999999718,-0.8099999999999774
2022-07-25 11:55:00+00:00,2022-07-25 12:00:00+00:00,2022-07-25 12:15:00+00:00,SHORT,-4,-1,-1,-1,-1,1.02295,1.02375,1.02175,1.02376,STOP,-1.0124999999999718,-0.8099999999999774
2022-07-26 08:55:00+00:00,2022-07-26 09:00:00+00:00,2022-07-26 09:15:00+00:00,SHORT,-4,-1,-1,-1,-1,1.02078,1.02158,1.01958,1.01959,TARGET,1.4875000000000305,1.1900000000000244
2022-07-27 11:55:00+00:00,2022-07-27 12:00:00+00:00,2022-07-27 13:40:00+00:00,SHORT,-4,-1,-1,-1,-1,1.01505,1.01585,1.01385,1.01386,TARGET,1.4875000000000305,1.1900000000000244
2022-07-28 05:55:00+00:00,2022-07-28 06:00:00+00:00,2022-07-28 06:30:00+00:00,LONG,4,1,1,1,1,1.02214,1.0213400000000001,1.0233400000000001,1.02333,TARGET,1.4875000000000305,1.1900000000000244
2022-07-29 05:55:00+00:00,2022-07-29 06:00:00+00:00,2022-07-29 06:10:00+00:00,SHORT,-4,-1,-1,-1,-1,1.02098,1.02178,1.01978,1.02179,STOP,-1.0124999999999718,-0.8099999999999774
2022-08-01 05:55:00+00:00,2022-08-01 06:00:00+00:00,2022-08-01 06:30:00+00:00,SHORT,-2,-1,-1,1,-1,1.02158,1.0223799999999998,1.0203799999999998,1.02239,STOP,-1.0124999999999718,-0.8099999999999774
2022-08-02 05:55:00+00:00,2022-08-02 06:00:00+00:00,2022-08-02 06:15:00+00:00,SHORT,-4,-1,-1,-1,-1,1.02674,1.02754,1.02554,1.02555,TARGET,1.4875000000000305,1.1900000000000244
2022-08-03 05:55:00+00:00,2022-08-03 06:00:00+00:00,2022-08-03 06:40:00+00:00,SHORT,-2,-1,1,-1,-1,1.0175699999999999,1.0183699999999998,1.0163699999999998,1.0163799999999998,TARGET,1.4875000000000305,1.1900000000000244
2022-08-04 08:55:00+00:00,2022-08-04 09:00:00+00:00,2022-08-04 11:00:00+00:00,LONG,2,-1,1,1,1,1.0192100000000002,1.0184100000000003,1.0204100000000003,1.0184000000000002,STOP,-1.0124999999999718,-0.8099999999999774
2022-08-05 05:55:00+00:00,2022-08-05 06:00:00+00:00,2022-08-05 07:30:00+00:00,SHORT,-2,-1,-1,-1,1,1.02312,1.02392,1.02192,1.02393,STOP,-1.0124999999999718,-0.8099999999999774
2022-08-08 05:55:00+00:00,2022-08-08 06:00:00+00:00,2022-08-08 06:45:00+00:00,SHORT,-2,-1,-1,-1,1,1.01863,1.0194299999999998,1.0174299999999998,1.01744,TARGET,1.4875000000000305,1.1900000000000244
2022-08-09 07:55:00+00:00,2022-08-09 08:00:00+00:00,2022-08-09 08:20:00+00:00,LONG,4,1,1,1,1,1.02149,1.02069,1.02269,1.02268,TARGET,1.4875000000000305,1.1900000000000244
2022-08-10 05:55:00+00:00,2022-08-10 06:00:00+00:00,2022-08-10 08:40:00+00:00,SHORT,-4,-1,-1,-1,-1,1.0211599999999998,1.0219599999999998,1.0199599999999998,1.0219699999999998,STOP,-1.0124999999999718,-0.8099999999999774
2022-08-11 05:55:00+00:00,2022-08-11 06:00:00+00:00,2022-08-11 06:10:00+00:00,SHORT,-2,-1,1,-1,-1,1.02816,1.0289599999999999,1.0269599999999999,1.02897,STOP,-1.0124999999999718,-0.8099999999999774
2022-08-12 05:55:00+00:00,2022-08-12 06:00:00+00:00,2022-08-12 06:10:00+00:00,SHORT,-2,1,-1,-1,-1,1.03149,1.03229,1.03029,1.0323,STOP,-1.0124999999999718,-0.8099999999999774
2022-08-15 07:55:00+00:00,2022-08-15 08:00:00+00:00,2022-08-15 08:40:00+00:00,SHORT,-2,-1,-1,1,-1,1.02339,1.02419,1.02219,1.0222,TARGET,1.4875000000000305,1.1900000000000244
2022-08-16 06:55:00+00:00,2022-08-16 07:00:00+00:00,2022-08-16 07:05:00+00:00,SHORT,-2,1,-1,-1,-1,1.0153999999999999,1.0161999999999998,1.0141999999999998,1.0142099999999998,TARGET,1.4875000000000305,1.1900000000000244
2022-08-17 05:55:00+00:00,2022-08-17 06:00:00+00:00,2022-08-17 06:10:00+00:00,LONG,4,1,1,1,1,1.01827,1.01747,1.01947,1.01746,STOP,-1.0124999999999718,-0.8099999999999774
2022-08-18 06:55:00+00:00,2022-08-18 07:00:00+00:00,2022-08-18 07:00:00+00:00,SHORT,-4,-1,-1,-1,-1,1.0151,1.0158999999999998,1.0138999999999998,1.0159099999999999,STOP,-1.0124999999999718,-0.8099999999999774
2022-08-19 05:55:00+00:00,2022-08-19 06:00:00+00:00,2022-08-19 06:10:00+00:00,LONG,4,1,1,1,1,1.0083600000000001,1.0075600000000002,1.0095600000000002,1.0075500000000002,STOP,-1.0124999999999718,-0.8099999999999774
2022-08-22 07:55:00+00:00,2022-08-22 08:00:00+00:00,2022-08-22 08:25:00+00:00,SHORT,-2,1,-1,-1,-1,1.00036,1.0011599999999998,0.9991599999999999,0.9991699999999999,TARGET,1.4875000000000305,1.1900000000000244
2022-08-23 07:55:00+00:00,2022-08-23 08:00:00+00:00,2022-08-23 08:10:00+00:00,SHORT,-4,-1,-1,-1,-1,0.99331,0.99411,0.99211,0.99412,STOP,-1.0124999999999718,-0.8099999999999774
2022-08-24 05:55:00+00:00,2022-08-24 06:00:00+00:00,2022-08-24 06:55:00+00:00,SHORT,-4,-1,-1,-1,-1,0.99426,0.9950600000000001,0.99306,0.99507,STOP,-1.0124999999999718,-0.8099999999999774
2022-08-25 05:55:00+00:00,2022-08-25 06:00:00+00:00,2022-08-25 06:15:00+00:00,LONG,3,0,1,1,1,0.9994099999999999,0.9986099999999999,1.00061,1.0006,TARGET,1.4875000000000305,1.1900000000000244
2022-08-26 05:55:00+00:00,2022-08-26 06:00:00+00:00,2022-08-26 06:30:00+00:00,SHORT,-4,-1,-1,-1,-1,0.99595,0.99675,0.99475,0.99676,STOP,-1.0124999999999718,-0.8099999999999774
2022-08-29 05:55:00+00:00,2022-08-29 06:00:00+00:00,2022-08-29 06:30:00+00:00,LONG,2,-1,1,1,1,0.9924,0.9915999999999999,0.9935999999999999,0.99359,TARGET,1.4875000000000305,1.1900000000000244
2022-08-30 07:55:00+00:00,2022-08-30 08:00:00+00:00,2022-08-30 08:20:00+00:00,LONG,2,1,1,-1,1,1.00295,1.00215,1.00415,1.00214,STOP,-1.0124999999999718,-0.8099999999999774
2022-08-31 06:55:00+00:00,2022-08-31 07:00:00+00:00,2022-08-31 07:40:00+00:00,SHORT,-2,-1,-1,-1,1,1.0015399999999999,1.0023399999999998,1.0003399999999998,1.0003499999999999,TARGET,1.4875000000000305,1.1900000000000244
2022-09-01 05:55:00+00:00,2022-09-01 06:00:00+00:00,2022-09-01 06:55:00+00:00,SHORT,-2,-1,-1,-1,1,1.0017399999999999,1.0025399999999998,1.0005399999999998,1.0025499999999998,STOP,-1.0124999999999718,-0.8099999999999774
2022-09-02 05:55:00+00:00,2022-09-02 06:00:00+00:00,2022-09-02 07:05:00+00:00,SHORT,-2,-1,-1,-1,1,0.99711,0.9979100000000001,0.9959100000000001,0.99792,STOP,-1.0124999999999718,-0.8099999999999774
2022-09-05 05:55:00+00:00,2022-09-05 06:00:00+00:00,2022-09-05 06:15:00+00:00,LONG,2,-1,1,1,1,0.98849,0.98769,0.98969,0.98968,TARGET,1.4875000000000305,1.1900000000000244
2022-09-06 06:55:00+00:00,2022-09-06 07:00:00+00:00,2022-09-06 07:35:00+00:00,LONG,2,-1,1,1,1,0.99703,0.99623,0.99823,0.99822,TARGET,1.4875000000000305,1.1900000000000244
2022-09-07 05:55:00+00:00,2022-09-07 06:00:00+00:00,2022-09-07 06:45:00+00:00,LONG,2,1,1,1,-1,0.98935,0.9885499999999999,0.9905499999999999,0.99054,TARGET,1.4875000000000305,1.1900000000000244
2022-09-08 07:55:00+00:00,2022-09-08 08:00:00+00:00,2022-09-08 08:10:00+00:00,SHORT,-2,-1,1,-1,-1,0.9981300000000001,0.9989300000000001,0.9969300000000001,0.99894,STOP,-1.0124999999999718,-0.8099999999999774
2022-09-09 05:55:00+00:00,2022-09-09 06:00:00+00:00,2022-09-09 06:05:00+00:00,LONG,2,1,1,1,-1,1.00676,1.0059600000000002,1.0079600000000002,1.0059500000000001,STOP,-1.0124999999999718,-0.8099999999999774
2022-09-12 06:55:00+00:00,2022-09-12 07:00:00+00:00,2022-09-12 07:00:00+00:00,LONG,4,1,1,1,1,1.01447,1.01367,1.01567,1.01566,TARGET,1.4875000000000305,1.1900000000000244
2022-09-13 05:55:00+00:00,2022-09-13 06:00:00+00:00,2022-09-13 07:00:00+00:00,LONG,2,1,1,-1,1,1.01386,1.01306,1.01506,1.01505,TARGET,1.4875000000000305,1.1900000000000244
2022-09-14 08:55:00+00:00,2022-09-14 09:00:00+00:00,2022-09-14 09:25:00+00:00,SHORT,-4,-1,-1,-1,-1,0.99912,0.99992,0.99792,0.99993,STOP,-1.0124999999999718,-0.8099999999999774
2022-09-15 06:55:00+00:00,2022-09-15 07:00:00+00:00,2022-09-15 07:30:00+00:00,LONG,2,-1,1,1,1,0.9962399999999999,0.9954399999999999,0.9974399999999999,0.9974299999999999,TARGET,1.4875000000000305,1.1900000000000244
2022-09-16 05:55:00+00:00,2022-09-16 06:00:00+00:00,2022-09-16 06:20:00+00:00,SHORT,-2,-1,1,-1,-1,0.99821,0.9990100000000001,0.9970100000000001,0.99902,STOP,-1.0124999999999718,-0.8099999999999774
2022-09-19 10:55:00+00:00,2022-09-19 11:00:00+00:00,2022-09-19 11:25:00+00:00,LONG,4,1,1,1,1,0.9994299999999999,0.9986299999999999,1.00063,0.99862,STOP,-1.0124999999999718,-0.8099999999999774
2022-09-20 05:55:00+00:00,2022-09-20 06:00:00+00:00,2022-09-20 06:15:00+00:00,SHORT,-4,-1,-1,-1,-1,1.00168,1.0024799999999998,1.0004799999999998,1.0024899999999999,STOP,-1.0124999999999718,-0.8099999999999774
2022-09-21 05:55:00+00:00,2022-09-21 06:00:00+00:00,2022-09-21 06:00:00+00:00,SHORT,-2,-1,-1,-1,1,0.99499,0.9957900000000001,0.9937900000000001,0.9938,TARGET,1.4875000000000305,1.1900000000000244
2022-09-22 05:55:00+00:00,2022-09-22 06:00:00+00:00,2022-09-22 06:05:00+00:00,SHORT,-2,-1,-1,-1,1,0.98243,0.98323,0.98123,0.98324,STOP,-1.0124999999999718,-0.8099999999999774
2022-09-23 05:55:00+00:00,2022-09-23 06:00:00+00:00,2022-09-23 06:35:00+00:00,LONG,2,-1,1,1,1,0.98298,0.9821799999999999,0.9841799999999999,0.98217,STOP,-1.0124999999999718,-0.8099999999999774
2022-09-26 07:55:00+00:00,2022-09-26 08:00:00+00:00,2022-09-26 08:05:00+00:00,SHORT,-2,1,-1,-1,-1,0.9678100000000001,0.9686100000000001,0.9666100000000001,0.96862,STOP,-1.0124999999999718,-0.8099999999999774
2022-09-27 07:55:00+00:00,2022-09-27 08:00:00+00:00,2022-09-27 08:05:00+00:00,SHORT,-2,-1,-1,-1,1,0.96469,0.9654900000000001,0.9634900000000001,0.9635,TARGET,1.4875000000000305,1.1900000000000244
2022-09-28 06:55:00+00:00,2022-09-28 07:00:00+00:00,2022-09-28 07:00:00+00:00,SHORT,-2,1,-1,-1,-1,0.95389,0.95469,0.95269,0.9547,STOP,-1.0124999999999718,-0.8099999999999774
2022-09-29 06:55:00+00:00,2022-09-29 07:00:00+00:00,2022-09-29 07:00:00+00:00,SHORT,-2,-1,-1,1,-1,0.9664600000000001,0.9672600000000001,0.9652600000000001,0.9672700000000001,STOP,-1.0124999999999718,-0.8099999999999774
2022-09-30 05:55:00+00:00,2022-09-30 06:00:00+00:00,2022-09-30 06:15:00+00:00,LONG,2,1,-1,1,1,0.98246,0.98166,0.98366,0.98165,STOP,-1.0124999999999718,-0.8099999999999774
2022-10-03 05:55:00+00:00,2022-10-03 06:00:00+00:00,2022-10-03 06:20:00+00:00,LONG,2,-1,1,1,1,0.98261,0.98181,0.98381,0.9818,STOP,-1.0124999999999718,-0.8099999999999774
2022-10-04 06:55:00+00:00,2022-10-04 07:00:00+00:00,2022-10-04 07:05:00+00:00,LONG,4,1,1,1,1,0.9871099999999999,0.9863099999999999,0.9883099999999999,0.9883,TARGET,1.4875000000000305,1.1900000000000244
2022-10-05 05:55:00+00:00,2022-10-05 06:00:00+00:00,2022-10-05 06:20:00+00:00,SHORT,-4,-1,-1,-1,-1,0.9963500000000001,0.9971500000000001,0.9951500000000001,0.99716,STOP,-1.0124999999999718,-0.8099999999999774
2022-10-06 06:55:00+00:00,2022-10-06 07:00:00+00:00,2022-10-06 07:00:00+00:00,SHORT,-4,-1,-1,-1,-1,0.98963,0.99043,0.98843,0.99044,STOP,-1.0124999999999718,-0.8099999999999774
2022-10-07 06:55:00+00:00,2022-10-07 07:00:00+00:00,2022-10-07 07:15:00+00:00,LONG,2,-1,1,1,1,0.9782099999999999,0.9774099999999999,0.9794099999999999,0.9793999999999999,TARGET,1.4875000000000305,1.1900000000000244
2022-10-10 06:55:00+00:00,2022-10-10 07:00:00+00:00,2022-10-10 07:00:00+00:00,SHORT,-2,1,-1,-1,-1,0.9718600000000001,0.9726600000000001,0.9706600000000001,0.97267,STOP,-1.0124999999999718,-0.8099999999999774
2022-10-11 07:55:00+00:00,2022-10-11 08:00:00+00:00,2022-10-11 08:05:00+00:00,SHORT,-4,-1,-1,-1,-1,0.9698800000000001,0.9706800000000001,0.9686800000000001,0.97069,STOP,-1.0124999999999718,-0.8099999999999774
2022-10-12 05:55:00+00:00,2022-10-12 06:00:00+00:00,2022-10-12 07:10:00+00:00,LONG,3,1,1,0,1,0.97214,0.97134,0.97334,0.97133,STOP,-1.0124999999999718,-0.8099999999999774
2022-10-13 05:55:00+00:00,2022-10-13 06:00:00+00:00,2022-10-13 06:00:00+00:00,SHORT,-4,-1,-1,-1,-1,0.9697,0.9705,0.9685,0.97051,STOP,-1.0124999999999718,-0.8099999999999774
2022-10-14 05:55:00+00:00,2022-10-14 06:00:00+00:00,2022-10-14 06:00:00+00:00,SHORT,-2,1,-1,-1,-1,0.9775900000000001,0.9783900000000001,0.9763900000000001,0.9784,STOP,-1.0124999999999718,-0.8099999999999774
2022-10-17 06:55:00+00:00,2022-10-17 07:00:00+00:00,2022-10-17 07:00:00+00:00,SHORT,-4,-1,-1,-1,-1,0.9731500000000001,0.9739500000000001,0.9719500000000001,0.97396,STOP,-1.0124999999999718,-0.8099999999999774
2022-10-18 05:55:00+00:00,2022-10-18 06:00:00+00:00,2022-10-18 06:40:00+00:00,SHORT,-2,1,-1,-1,-1,0.98536,0.98616,0.98416,0.98617,STOP,-1.0124999999999718,-0.8099999999999774
2022-10-19 06:55:00+00:00,2022-10-19 07:00:00+00:00,2022-10-19 07:00:00+00:00,SHORT,-2,1,-1,-1,-1,0.98214,0.98294,0.98094,0.98295,STOP,-1.0124999999999718,-0.8099999999999774
2022-10-20 05:55:00+00:00,2022-10-20 06:00:00+00:00,2022-10-20 06:05:00+00:00,SHORT,-2,1,-1,-1,-1,0.97828,0.9790800000000001,0.9770800000000001,0.97909,STOP,-1.0124999999999718,-0.8099999999999774
2022-10-21 05:55:00+00:00,2022-10-21 06:00:00+00:00,2022-10-21 06:20:00+00:00,LONG,4,1,1,1,1,0.97758,0.97678,0.97878,0.97677,STOP,-1.0124999999999718,-0.8099999999999774
2022-10-24 06:55:00+00:00,2022-10-24 07:00:00+00:00,2022-10-24 07:00:00+00:00,LONG,2,-1,1,1,1,0.98463,0.98383,0.98583,0.98582,TARGET,1.4875000000000305,1.1900000000000244
2022-10-25 08:55:00+00:00,2022-10-25 09:00:00+00:00,2022-10-25 09:10:00+00:00,SHORT,-2,-1,-1,-1,1,0.98572,0.9865200000000001,0.9845200000000001,0.98653,STOP,-1.0124999999999718,-0.8099999999999774
2022-10-26 05:55:00+00:00,2022-10-26 06:00:00+00:00,2022-10-26 06:05:00+00:00,SHORT,-2,1,-1,-1,-1,0.9961800000000001,0.9969800000000001,0.9949800000000001,0.99699,STOP,-1.0124999999999718,-0.8099999999999774
2022-10-27 09:55:00+00:00,2022-10-27 10:00:00+00:00,2022-10-27 10:40:00+00:00,LONG,2,1,1,1,-1,1.00386,1.00306,1.00506,1.00305,STOP,-1.0124999999999718,-0.8099999999999774
2022-10-28 10:55:00+00:00,2022-10-28 11:00:00+00:00,2022-10-28 11:05:00+00:00,LONG,2,1,1,-1,1,0.9947699999999999,0.9939699999999999,0.9959699999999999,0.99396,STOP,-1.0124999999999718,-0.8099999999999774
2022-10-31 05:55:00+00:00,2022-10-31 06:00:00+00:00,2022-10-31 07:45:00+00:00,SHORT,-2,1,-1,-1,-1,0.9947600000000001,0.9955600000000001,0.9935600000000001,0.9935700000000001,TARGET,1.4875000000000305,1.1900000000000244
2022-11-01 05:55:00+00:00,2022-11-01 06:00:00+00:00,2022-11-01 06:15:00+00:00,LONG,4,1,1,1,1,0.9925299999999999,0.9917299999999999,0.9937299999999999,0.9937199999999999,TARGET,1.4875000000000305,1.1900000000000244
2022-11-02 06:55:00+00:00,2022-11-02 07:00:00+00:00,2022-11-02 07:05:00+00:00,LONG,2,1,1,-1,1,0.9883,0.9874999999999999,0.9894999999999999,0.98749,STOP,-1.0124999999999718,-0.8099999999999774
2022-11-03 06:55:00+00:00,2022-11-03 07:00:00+00:00,2022-11-03 07:10:00+00:00,SHORT,-2,1,-1,-1,-1,0.9811300000000001,0.9819300000000001,0.9799300000000001,0.97994,TARGET,1.4875000000000305,1.1900000000000244
2022-11-04 05:55:00+00:00,2022-11-04 06:00:00+00:00,2022-11-04 06:05:00+00:00,SHORT,-2,1,-1,-1,-1,0.9775,0.9783000000000001,0.9763000000000001,0.97831,STOP,-1.0124999999999718,-0.8099999999999774
2022-11-07 05:55:00+00:00,2022-11-07 06:00:00+00:00,2022-11-07 07:25:00+00:00,SHORT,-2,1,-1,-1,-1,0.99439,0.99519,0.99319,0.9932,TARGET,1.4875000000000305,1.1900000000000244
2022-11-08 05:55:00+00:00,2022-11-08 06:00:00+00:00,2022-11-08 06:00:00+00:00,SHORT,-4,-1,-1,-1,-1,0.99955,1.00035,0.9983500000000001,1.0003600000000001,STOP,-1.0125000000001105,-0.8100000000000884
2022-11-09 08:55:00+00:00,2022-11-09 09:00:00+00:00,2022-11-09 09:05:00+00:00,SHORT,-2,1,-1,-1,-1,1.00692,1.00772,1.00572,1.00573,TARGET,1.4875000000000305,1.1900000000000244
2022-11-10 05:55:00+00:00,2022-11-10 06:00:00+00:00,2022-11-10 07:00:00+00:00,LONG,2,-1,1,1,1,1.0035,1.0027000000000001,1.0047000000000001,1.00269,STOP,-1.0124999999999718,-0.8099999999999774
2022-11-11 05:55:00+00:00,2022-11-11 06:00:00+00:00,2022-11-11 06:00:00+00:00,LONG,2,1,1,1,-1,1.0219500000000001,1.0211500000000002,1.0231500000000002,1.0231400000000002,TARGET,1.4875000000000305,1.1900000000000244
2022-11-14 05:55:00+00:00,2022-11-14 06:00:00+00:00,2022-11-14 06:05:00+00:00,SHORT,-2,-1,1,-1,-1,1.03002,1.0308199999999998,1.0288199999999998,1.03083,STOP,-1.0124999999999718,-0.8099999999999774
2022-11-15 06:55:00+00:00,2022-11-15 07:00:00+00:00,2022-11-15 07:20:00+00:00,LONG,4,1,1,1,1,1.0340900000000002,1.0332900000000003,1.0352900000000003,1.0352800000000002,TARGET,1.4875000000000305,1.1900000000000244
2022-11-16 05:55:00+00:00,2022-11-16 06:00:00+00:00,2022-11-16 06:05:00+00:00,LONG,2,-1,1,1,1,1.0374,1.0366000000000002,1.0386000000000002,1.0365900000000001,STOP,-1.0124999999999718,-0.8099999999999774
2022-11-17 05:55:00+00:00,2022-11-17 06:00:00+00:00,2022-11-17 06:50:00+00:00,LONG,2,-1,1,1,1,1.03806,1.03726,1.03926,1.03925,TARGET,1.4875000000000305,1.1900000000000244
2022-11-18 06:55:00+00:00,2022-11-18 07:00:00+00:00,2022-11-18 07:30:00+00:00,LONG,4,1,1,1,1,1.0376100000000001,1.0368100000000002,1.0388100000000002,1.0368000000000002,STOP,-1.0124999999999718,-0.8099999999999774
2022-11-21 06:55:00+00:00,2022-11-21 07:00:00+00:00,2022-11-21 07:30:00+00:00,SHORT,-4,-1,-1,-1,-1,1.0259099999999999,1.0267099999999998,1.0247099999999998,1.0267199999999999,STOP,-1.0124999999999718,-0.8099999999999774
2022-11-22 07:55:00+00:00,2022-11-22 08:00:00+00:00,2022-11-22 08:05:00+00:00,LONG,2,-1,1,1,1,1.0265900000000001,1.0257900000000002,1.0277900000000002,1.0257800000000001,STOP,-1.0124999999999718,-0.8099999999999774
2022-11-23 06:55:00+00:00,2022-11-23 07:00:00+00:00,2022-11-23 07:10:00+00:00,LONG,3,1,1,0,1,1.03316,1.0323600000000002,1.0343600000000002,1.03435,TARGET,1.4875000000000305,1.1900000000000244
2022-11-24 06:55:00+00:00,2022-11-24 07:00:00+00:00,2022-11-24 07:00:00+00:00,SHORT,-2,1,-1,-1,-1,1.0430199999999998,1.0438199999999997,1.0418199999999997,1.0438299999999998,STOP,-1.0124999999999718,-0.8099999999999774
2022-11-25 05:55:00+00:00,2022-11-25 06:00:00+00:00,2022-11-25 06:40:00+00:00,SHORT,-2,1,-1,-1,-1,1.0410899999999998,1.0418899999999998,1.0398899999999998,1.0418999999999998,STOP,-1.0124999999999718,-0.8099999999999774
2022-11-28 05:55:00+00:00,2022-11-28 06:00:00+00:00,2022-11-28 06:15:00+00:00,SHORT,-2,-1,-1,-1,1,1.03505,1.03585,1.03385,1.03586,STOP,-1.0124999999999718,-0.8099999999999774
2022-11-29 06:55:00+00:00,2022-11-29 07:00:00+00:00,2022-11-29 07:15:00+00:00,SHORT,-2,-1,1,-1,-1,1.03588,1.0366799999999998,1.0346799999999998,1.03669,STOP,-1.0124999999999718,-0.8099999999999774
2022-11-30 06:55:00+00:00,2022-11-30 07:00:00+00:00,2022-11-30 07:10:00+00:00,LONG,2,1,1,1,-1,1.03428,1.0334800000000002,1.0354800000000002,1.0354700000000001,TARGET,1.4875000000000305,1.1900000000000244
2022-12-01 05:55:00+00:00,2022-12-01 06:00:00+00:00,2022-12-01 06:45:00+00:00,SHORT,-2,-1,1,-1,-1,1.0445499999999999,1.0453499999999998,1.0433499999999998,1.0453599999999998,STOP,-1.0124999999999718,-0.8099999999999774
2022-12-02 05:55:00+00:00,2022-12-02 06:00:00+00:00,2022-12-02 06:25:00+00:00,LONG,2,1,1,1,-1,1.05236,1.05156,1.05356,1.05355,TARGET,1.4875000000000305,1.1900000000000244
2022-12-05 07:55:00+00:00,2022-12-05 08:00:00+00:00,2022-12-05 08:10:00+00:00,SHORT,-4,-1,-1,-1,-1,1.05389,1.05469,1.05269,1.0547,STOP,-1.0124999999999718,-0.8099999999999774
2022-12-06 05:55:00+00:00,2022-12-06 06:00:00+00:00,2022-12-06 06:10:00+00:00,LONG,2,-1,1,1,1,1.04945,1.04865,1.05065,1.04864,STOP,-1.0124999999999718,-0.8099999999999774
2022-12-07 05:55:00+00:00,2022-12-07 06:00:00+00:00,2022-12-07 06:05:00+00:00,LONG,2,1,1,1,-1,1.0466900000000001,1.0458900000000002,1.0478900000000002,1.0458800000000001,STOP,-1.0124999999999718,-0.8099999999999774
2022-12-08 05:55:00+00:00,2022-12-08 06:00:00+00:00,2022-12-08 06:40:00+00:00,LONG,2,1,1,1,-1,1.05041,1.0496100000000002,1.0516100000000002,1.0516,TARGET,1.4875000000000305,1.1900000000000244
2022-12-09 05:55:00+00:00,2022-12-09 06:00:00+00:00,2022-12-09 07:05:00+00:00,SHORT,-2,-1,1,-1,-1,1.0576699999999999,1.0584699999999998,1.0564699999999998,1.0584799999999999,STOP,-1.0124999999999718,-0.8099999999999774
2022-12-12 05:55:00+00:00,2022-12-12 06:00:00+00:00,2022-12-12 07:25:00+00:00,LONG,2,1,1,-1,1,1.05165,1.05085,1.05285,1.05284,TARGET,1.4875000000000305,1.1900000000000244
2022-12-13 05:55:00+00:00,2022-12-13 06:00:00+00:00,2022-12-13 08:30:00+00:00,LONG,2,1,-1,1,1,1.05515,1.0543500000000001,1.0563500000000001,1.05434,STOP,-1.0124999999999718,-0.8099999999999774
2022-12-14 05:55:00+00:00,2022-12-14 06:00:00+00:00,2022-12-14 06:15:00+00:00,SHORT,-2,-1,-1,-1,1,1.06257,1.06337,1.06137,1.06338,STOP,-1.0124999999999718,-0.8099999999999774
2022-12-15 05:55:00+00:00,2022-12-15 06:00:00+00:00,2022-12-15 07:15:00+00:00,LONG,4,1,1,1,1,1.0659,1.0651000000000002,1.0671000000000002,1.06509,STOP,-1.0124999999999718,-0.8099999999999774
2022-12-16 05:55:00+00:00,2022-12-16 06:00:00+00:00,2022-12-16 06:35:00+00:00,LONG,2,1,1,1,-1,1.0645900000000001,1.0637900000000002,1.0657900000000002,1.0657800000000002,TARGET,1.4875000000000305,1.1900000000000244
2022-12-19 09:55:00+00:00,2022-12-19 10:00:00+00:00,2022-12-19 10:00:00+00:00,SHORT,-4,-1,-1,-1,-1,1.06179,1.06259,1.06059,1.0626,STOP,-1.0124999999999718,-0.8099999999999774
2022-12-20 14:55:00+00:00,2022-12-20 15:00:00+00:00,2022-12-20 15:05:00+00:00,LONG,2,-1,1,1,1,1.0636100000000002,1.0628100000000003,1.0648100000000003,1.0648000000000002,TARGET,1.4875000000000305,1.1900000000000244
2022-12-21 05:55:00+00:00,2022-12-21 06:00:00+00:00,2022-12-21 06:45:00+00:00,LONG,2,1,1,-1,1,1.06182,1.06102,1.06302,1.06101,STOP,-1.0124999999999718,-0.8099999999999774
2022-12-22 08:55:00+00:00,2022-12-22 09:00:00+00:00,2022-12-22 09:50:00+00:00,LONG,2,1,1,1,-1,1.06365,1.06285,1.06485,1.06484,TARGET,1.4875000000000305,1.1900000000000244
2022-12-23 05:55:00+00:00,2022-12-23 06:00:00+00:00,2022-12-23 06:50:00+00:00,SHORT,-2,1,-1,-1,-1,1.06033,1.06113,1.05913,1.06114,STOP,-1.0124999999999718,-0.8099999999999774
2022-12-26 05:55:00+00:00,2022-12-26 06:00:00+00:00,2022-12-26 08:05:00+00:00,LONG,2,1,-1,1,1,1.0631000000000002,1.0623000000000002,1.0643000000000002,1.0622900000000002,STOP,-1.0124999999999718,-0.8099999999999774
2022-12-27 06:55:00+00:00,2022-12-27 07:00:00+00:00,2022-12-27 07:15:00+00:00,LONG,2,-1,1,1,1,1.06644,1.0656400000000001,1.0676400000000001,1.06563,STOP,-1.0124999999999718,-0.8099999999999774
2022-12-28 09:55:00+00:00,2022-12-28 10:00:00+00:00,2022-12-28 11:05:00+00:00,SHORT,-2,-1,-1,-1,1,1.06367,1.0644699999999998,1.0624699999999998,1.0644799999999999,STOP,-1.0124999999999718,-0.8099999999999774
2022-12-29 05:55:00+00:00,2022-12-29 06:00:00+00:00,2022-12-29 06:35:00+00:00,LONG,2,1,-1,1,1,1.06253,1.06173,1.06373,1.06172,STOP,-1.0124999999999718,-0.8099999999999774
2022-12-30 05:55:00+00:00,2022-12-30 06:00:00+00:00,2022-12-30 06:20:00+00:00,SHORT,-4,-1,-1,-1,-1,1.06428,1.0650799999999998,1.0630799999999998,1.0650899999999999,STOP,-1.0124999999999718,-0.8099999999999774
2023-01-02 05:55:00+00:00,2023-01-02 06:00:00+00:00,2023-01-02 06:10:00+00:00,LONG,2,1,1,-1,1,1.07006,1.06926,1.07126,1.06925,STOP,-1.0124999999999718,-0.8099999999999774
2023-01-03 05:55:00+00:00,2023-01-03 06:00:00+00:00,2023-01-03 07:05:00+00:00,SHORT,-2,-1,1,-1,-1,1.06632,1.0671199999999998,1.0651199999999998,1.06513,TARGET,1.4875000000000305,1.1900000000000244
2023-01-04 06:55:00+00:00,2023-01-04 07:00:00+00:00,2023-01-04 07:25:00+00:00,LONG,2,-1,1,1,1,1.05705,1.0562500000000001,1.0582500000000001,1.05824,TARGET,1.4875000000000305,1.1900000000000244
2023-01-05 05:55:00+00:00,2023-01-05 06:00:00+00:00,2023-01-05 06:55:00+00:00,LONG,2,1,1,-1,1,1.06111,1.06031,1.06231,1.0603,STOP,-1.0124999999999718,-0.8099999999999774
2023-01-06 06:55:00+00:00,2023-01-06 07:00:00+00:00,2023-01-06 07:00:00+00:00,SHORT,-2,-1,-1,-1,1,1.05122,1.05202,1.05002,1.05203,STOP,-1.0124999999999718,-0.8099999999999774
2023-01-09 05:55:00+00:00,2023-01-09 06:00:00+00:00,2023-01-09 06:15:00+00:00,SHORT,-2,-1,1,-1,-1,1.0676999999999999,1.0684999999999998,1.0664999999999998,1.0685099999999998,STOP,-1.0124999999999718,-0.8099999999999774
2023-01-10 08:55:00+00:00,2023-01-10 09:00:00+00:00,2023-01-10 09:00:00+00:00,LONG,2,1,-1,1,1,1.07389,1.07309,1.07509,1.07308,STOP,-1.0124999999999718,-0.8099999999999774
2023-01-11 05:55:00+00:00,2023-01-11 06:00:00+00:00,2023-01-11 06:25:00+00:00,SHORT,-2,-1,1,-1,-1,1.07473,1.0755299999999999,1.0735299999999999,1.07554,STOP,-1.0124999999999718,-0.8099999999999774
2023-01-12 05:55:00+00:00,2023-01-12 06:00:00+00:00,2023-01-12 08:25:00+00:00,SHORT,-2,-1,1,-1,-1,1.07623,1.07703,1.07503,1.07504,TARGET,1.4875000000000305,1.1900000000000244
2023-01-13 05:55:00+00:00,2023-01-13 06:00:00+00:00,2023-01-13 06:45:00+00:00,LONG,2,1,-1,1,1,1.08379,1.0829900000000001,1.0849900000000001,1.08498,TARGET,1.4875000000000305,1.1900000000000244
2023-01-16 07:55:00+00:00,2023-01-16 08:00:00+00:00,2023-01-16 08:05:00+00:00,SHORT,-2,-1,-1,-1,1,1.08306,1.0838599999999998,1.0818599999999998,1.0818699999999999,TARGET,1.4875000000000305,1.1900000000000244
2023-01-17 05:55:00+00:00,2023-01-17 06:00:00+00:00,2023-01-17 06:50:00+00:00,LONG,2,-1,1,1,1,1.08315,1.0823500000000001,1.0843500000000001,1.08234,STOP,-1.0124999999999718,-0.8099999999999774
2023-01-18 06:55:00+00:00,2023-01-18 07:00:00+00:00,2023-01-18 07:10:00+00:00,LONG,2,1,-1,1,1,1.07904,1.07824,1.08024,1.08023,TARGET,1.4875000000000305,1.1900000000000244
2023-01-19 05:55:00+00:00,2023-01-19 06:00:00+00:00,2023-01-19 06:05:00+00:00,SHORT,-2,-1,1,-1,-1,1.07911,1.07991,1.07791,1.07992,STOP,-1.0124999999999718,-0.8099999999999774
2023-01-20 05:55:00+00:00,2023-01-20 06:00:00+00:00,2023-01-20 06:40:00+00:00,LONG,2,1,-1,1,1,1.08358,1.08278,1.08478,1.08277,STOP,-1.0124999999999718,-0.8099999999999774
2023-01-23 06:55:00+00:00,2023-01-23 07:00:00+00:00,2023-01-23 07:00:00+00:00,LONG,4,1,1,1,1,1.0901100000000001,1.0893100000000002,1.0913100000000002,1.0913000000000002,TARGET,1.4875000000000305,1.1900000000000244
2023-01-24 07:55:00+00:00,2023-01-24 08:00:00+00:00,2023-01-24 08:30:00+00:00,SHORT,-4,-1,-1,-1,-1,1.0888499999999999,1.0896499999999998,1.0876499999999998,1.0876599999999998,TARGET,1.4875000000000305,1.1900000000000244
2023-01-25 05:55:00+00:00,2023-01-25 06:00:00+00:00,2023-01-25 06:20:00+00:00,LONG,2,1,-1,1,1,1.08979,1.0889900000000001,1.0909900000000001,1.09098,TARGET,1.4875000000000305,1.1900000000000244
2023-01-26 05:55:00+00:00,2023-01-26 06:00:00+00:00,2023-01-26 07:05:00+00:00,LONG,2,-1,1,1,1,1.09188,1.09108,1.09308,1.09107,STOP,-1.0124999999999718,-0.8099999999999774
2023-01-27 05:55:00+00:00,2023-01-27 06:00:00+00:00,2023-01-27 08:15:00+00:00,LONG,2,1,1,1,-1,1.0874000000000001,1.0866000000000002,1.0886000000000002,1.0865900000000002,STOP,-1.0124999999999718,-0.8099999999999774
2023-01-30 05:55:00+00:00,2023-01-30 06:00:00+00:00,2023-01-30 06:45:00+00:00,LONG,2,1,-1,1,1,1.08694,1.08614,1.08814,1.08613,STOP,-1.0124999999999718,-0.8099999999999774
2023-01-31 05:55:00+00:00,2023-01-31 06:00:00+00:00,2023-01-31 06:45:00+00:00,SHORT,-2,-1,-1,-1,1,1.08345,1.08425,1.08225,1.08426,STOP,-1.0124999999999718,-0.8099999999999774
2023-02-01 05:55:00+00:00,2023-02-01 06:00:00+00:00,2023-02-01 08:35:00+00:00,LONG,2,1,1,1,-1,1.0872000000000002,1.0864000000000003,1.0884000000000003,1.0883900000000002,TARGET,1.4875000000000305,1.1900000000000244
2023-02-02 07:55:00+00:00,2023-02-02 08:00:00+00:00,2023-02-02 08:00:00+00:00,SHORT,-2,1,-1,-1,-1,1.0993199999999999,1.1001199999999998,1.0981199999999998,1.1001299999999998,STOP,-1.0124999999999718,-0.8099999999999774
2023-02-03 05:55:00+00:00,2023-02-03 06:00:00+00:00,2023-02-03 07:10:00+00:00,SHORT,-2,1,-1,-1,-1,1.08935,1.09015,1.08815,1.09016,STOP,-1.0124999999999718,-0.8099999999999774
2023-02-06 05:55:00+00:00,2023-02-06 06:00:00+00:00,2023-02-06 06:30:00+00:00,LONG,2,-1,1,1,1,1.0797100000000002,1.0789100000000003,1.0809100000000003,1.0789000000000002,STOP,-1.0124999999999718,-0.8099999999999774
2023-02-07 05:55:00+00:00,2023-02-07 06:00:00+00:00,2023-02-07 07:10:00+00:00,LONG,2,1,-1,1,1,1.07407,1.0732700000000002,1.0752700000000002,1.07326,STOP,-1.0124999999999718,-0.8099999999999774
2023-02-08 05:55:00+00:00,2023-02-08 06:00:00+00:00,2023-02-08 07:00:00+00:00,LONG,4,1,1,1,1,1.07339,1.0725900000000002,1.0745900000000002,1.07258,STOP,-1.0124999999999718,-0.8099999999999774
2023-02-09 05:55:00+00:00,2023-02-09 06:00:00+00:00,2023-02-09 07:00:00+00:00,LONG,2,1,-1,1,1,1.0736100000000002,1.0728100000000003,1.0748100000000003,1.0728000000000002,STOP,-1.0124999999999718,-0.8099999999999774
2023-02-10 05:55:00+00:00,2023-02-10 06:00:00+00:00,2023-02-10 07:15:00+00:00,LONG,2,1,-1,1,1,1.07265,1.0718500000000002,1.0738500000000002,1.0738400000000001,TARGET,1.4875000000000305,1.1900000000000244
2023-02-13 08:55:00+00:00,2023-02-13 09:00:00+00:00,2023-02-13 09:10:00+00:00,SHORT,-4,-1,-1,-1,-1,1.0674,1.0681999999999998,1.0661999999999998,1.0682099999999999,STOP,-1.0124999999999718,-0.8099999999999774
2023-02-14 08:55:00+00:00,2023-02-14 09:00:00+00:00,2023-02-14 09:30:00+00:00,LONG,4,1,1,1,1,1.07491,1.0741100000000001,1.0761100000000001,1.0761,TARGET,1.4875000000000305,1.1900000000000244
2023-02-15 07:55:00+00:00,2023-02-15 08:00:00+00:00,2023-02-15 08:05:00+00:00,SHORT,-2,1,-1,-1,-1,1.07079,1.0715899999999998,1.0695899999999998,1.0715999999999999,STOP,-1.0124999999999718,-0.8099999999999774
2023-02-16 09:55:00+00:00,2023-02-16 10:00:00+00:00,2023-02-16 12:30:00+00:00,LONG,2,-1,1,1,1,1.07007,1.0692700000000002,1.0712700000000002,1.06926,STOP,-1.0124999999999718,-0.8099999999999774
2023-02-17 08:55:00+00:00,2023-02-17 09:00:00+00:00,2023-02-17 09:30:00+00:00,LONG,4,1,1,1,1,1.0644200000000001,1.0636200000000002,1.0656200000000002,1.0656100000000002,TARGET,1.4875000000000305,1.1900000000000244
2023-02-20 08:55:00+00:00,2023-02-20 09:00:00+00:00,2023-02-20 09:35:00+00:00,LONG,2,1,1,-1,1,1.06932,1.0685200000000001,1.0705200000000001,1.06851,STOP,-1.0124999999999718,-0.8099999999999774
2023-02-21 09:55:00+00:00,2023-02-21 10:00:00+00:00,2023-02-21 10:55:00+00:00,SHORT,-2,-1,-1,1,-1,1.06623,1.06703,1.06503,1.06504,TARGET,1.4875000000000305,1.1900000000000244
2023-02-22 06:55:00+00:00,2023-02-22 07:00:00+00:00,2023-02-22 08:40:00+00:00,SHORT,-2,-1,-1,-1,1,1.06562,1.06642,1.06442,1.06443,TARGET,1.4875000000000305,1.1900000000000244
2023-02-23 07:55:00+00:00,2023-02-23 08:00:00+00:00,2023-02-23 08:05:00+00:00,LONG,3,0,1,1,1,1.0617,1.0609000000000002,1.0629000000000002,1.06089,STOP,-1.0124999999999718,-0.8099999999999774
2023-02-24 06:55:00+00:00,2023-02-24 07:00:00+00:00,2023-02-24 08:00:00+00:00,SHORT,-2,-1,1,-1,-1,1.0598299999999998,1.0606299999999997,1.0586299999999997,1.0586399999999998,TARGET,1.4875000000000305,1.1900000000000244
2023-02-27 05:55:00+00:00,2023-02-27 06:00:00+00:00,2023-02-27 06:10:00+00:00,SHORT,-2,-1,1,-1,-1,1.05391,1.0547099999999998,1.0527099999999998,1.0547199999999999,STOP,-1.0124999999999718,-0.8099999999999774
2023-02-28 09:55:00+00:00,2023-02-28 10:00:00+00:00,2023-02-28 10:05:00+00:00,SHORT,-2,1,-1,-1,-1,1.06056,1.0613599999999999,1.0593599999999999,1.06137,STOP,-1.0124999999999718,-0.8099999999999774
2023-03-01 06:55:00+00:00,2023-03-01 07:00:00+00:00,2023-03-01 07:45:00+00:00,LONG,2,1,1,1,-1,1.06077,1.05997,1.06197,1.06196,TARGET,1.4875000000000305,1.1900000000000244
2023-03-02 07:55:00+00:00,2023-03-02 08:00:00+00:00,2023-03-02 08:05:00+00:00,LONG,2,-1,1,1,1,1.06369,1.0628900000000001,1.0648900000000001,1.06288,STOP,-1.0124999999999718,-0.8099999999999774
2023-03-03 06:55:00+00:00,2023-03-03 07:00:00+00:00,2023-03-03 07:20:00+00:00,LONG,2,1,-1,1,1,1.0621800000000001,1.0613800000000002,1.0633800000000002,1.0613700000000001,STOP,-1.0124999999999718,-0.8099999999999774
2023-03-06 05:55:00+00:00,2023-03-06 06:00:00+00:00,2023-03-06 06:20:00+00:00,LONG,2,1,1,1,-1,1.0648900000000001,1.0640900000000002,1.0660900000000002,1.0640800000000001,STOP,-1.0124999999999718,-0.8099999999999774
2023-03-07 05:55:00+00:00,2023-03-07 06:00:00+00:00,2023-03-07 07:35:00+00:00,SHORT,-2,1,-1,-1,-1,1.06849,1.0692899999999999,1.0672899999999998,1.0693,STOP,-1.0124999999999718,-0.8099999999999774
2023-03-08 05:55:00+00:00,2023-03-08 06:00:00+00:00,2023-03-08 06:10:00+00:00,SHORT,-2,-1,-1,-1,1,1.05308,1.05388,1.05188,1.05389,STOP,-1.0124999999999718,-0.8099999999999774
2023-03-09 06:55:00+00:00,2023-03-09 07:00:00+00:00,2023-03-09 09:25:00+00:00,LONG,2,-1,1,1,1,1.0551700000000002,1.0543700000000003,1.0563700000000003,1.0563600000000002,TARGET,1.4875000000000305,1.1900000000000244
2023-03-10 05:55:00+00:00,2023-03-10 06:00:00+00:00,2023-03-10 07:00:00+00:00,SHORT,-2,-1,-1,1,-1,1.05864,1.05944,1.05744,1.05945,STOP,-1.0124999999999718,-0.8099999999999774
2023-03-13 07:55:00+00:00,2023-03-13 08:00:00+00:00,2023-03-13 08:30:00+00:00,SHORT,-2,1,-1,-1,-1,1.07252,1.0733199999999998,1.0713199999999998,1.07133,TARGET,1.4875000000000305,1.1900000000000244
2023-03-14 07:55:00+00:00,2023-03-14 08:00:00+00:00,2023-03-14 08:55:00+00:00,LONG,2,1,1,-1,1,1.06904,1.06824,1.07024,1.07023,TARGET,1.4875000000000305,1.1900000000000244
2023-03-15 06:55:00+00:00,2023-03-15 07:00:00+00:00,2023-03-15 07:15:00+00:00,SHORT,-2,-1,-1,-1,1,1.07341,1.0742099999999999,1.0722099999999999,1.07422,STOP,-1.0124999999999718,-0.8099999999999774
2023-03-16 05:55:00+00:00,2023-03-16 06:00:00+00:00,2023-03-16 07:05:00+00:00,SHORT,-2,-1,-1,-1,1,1.0607,1.0614999999999999,1.0594999999999999,1.05951,TARGET,1.4875000000000305,1.1900000000000244
2023-03-17 06:55:00+00:00,2023-03-17 07:00:00+00:00,2023-03-17 08:25:00+00:00,LONG,4,1,1,1,1,1.06629,1.06549,1.06749,1.06548,STOP,-1.0124999999999718,-0.8099999999999774
2023-03-20 05:55:00+00:00,2023-03-20 06:00:00+00:00,2023-03-20 06:15:00+00:00,LONG,2,1,-1,1,1,1.0679800000000002,1.0671800000000002,1.0691800000000002,1.0671700000000002,STOP,-1.0124999999999718,-0.8099999999999774
2023-03-21 05:55:00+00:00,2023-03-21 06:00:00+00:00,2023-03-21 06:15:00+00:00,LONG,2,1,-1,1,1,1.0716100000000002,1.0708100000000003,1.0728100000000003,1.0708000000000002,STOP,-1.0124999999999718,-0.8099999999999774
2023-03-22 10:55:00+00:00,2023-03-22 11:00:00+00:00,2023-03-22 12:30:00+00:00,LONG,4,1,1,1,1,1.0792700000000002,1.0784700000000003,1.0804700000000003,1.0784600000000002,STOP,-1.0124999999999718,-0.8099999999999774
2023-03-23 05:55:00+00:00,2023-03-23 06:00:00+00:00,2023-03-23 06:15:00+00:00,SHORT,-4,-1,-1,-1,-1,1.09045,1.0912499999999998,1.0892499999999998,1.09126,STOP,-1.0124999999999718,-0.8099999999999774
2023-03-24 05:55:00+00:00,2023-03-24 06:00:00+00:00,2023-03-24 08:05:00+00:00,SHORT,-2,-1,-1,-1,1,1.08334,1.0841399999999999,1.0821399999999999,1.08215,TARGET,1.4875000000000305,1.1900000000000244
2023-03-27 07:55:00+00:00,2023-03-27 08:00:00+00:00,2023-03-27 08:00:00+00:00,SHORT,-2,-1,-1,-1,1,1.0751,1.0758999999999999,1.0738999999999999,1.07591,STOP,-1.0124999999999718,-0.8099999999999774
2023-03-28 08:55:00+00:00,2023-03-28 09:00:00+00:00,2023-03-28 09:00:00+00:00,SHORT,-2,-1,-1,-1,1,1.08121,1.08201,1.08001,1.08202,STOP,-1.0124999999999718,-0.8099999999999774
2023-03-29 08:55:00+00:00,2023-03-29 09:00:00+00:00,2023-03-29 09:10:00+00:00,SHORT,-2,-1,-1,1,-1,1.08324,1.08404,1.08204,1.08405,STOP,-1.0124999999999718,-0.8099999999999774
2023-03-30 09:55:00+00:00,2023-03-30 10:00:00+00:00,2023-03-30 10:30:00+00:00,SHORT,-2,-1,-1,-1,1,1.08604,1.0868399999999998,1.0848399999999998,1.0868499999999999,STOP,-1.0124999999999718,-0.8099999999999774
2023-03-31 05:55:00+00:00,2023-03-31 06:00:00+00:00,2023-03-31 06:45:00+00:00,SHORT,-4,-1,-1,-1,-1,1.08951,1.09031,1.0883099999999999,1.09032,STOP,-1.0124999999999718,-0.8099999999999774
2023-04-03 06:55:00+00:00,2023-04-03 07:00:00+00:00,2023-04-03 07:10:00+00:00,LONG,2,1,1,1,-1,1.08151,1.08071,1.08271,1.0827,TARGET,1.4875000000000305,1.1900000000000244
2023-04-04 06:55:00+00:00,2023-04-04 07:00:00+00:00,2023-04-04 07:15:00+00:00,LONG,2,1,1,1,-1,1.0907600000000002,1.0899600000000003,1.0919600000000003,1.0919500000000002,TARGET,1.4875000000000305,1.1900000000000244
2023-04-05 07:55:00+00:00,2023-04-05 08:00:00+00:00,2023-04-05 09:05:00+00:00,SHORT,-2,-1,-1,-1,1,1.09501,1.09581,1.09381,1.09582,STOP,-1.0124999999999718,-0.8099999999999774
2023-04-06 11:55:00+00:00,2023-04-06 12:00:00+00:00,2023-04-06 12:30:00+00:00,LONG,2,1,1,1,-1,1.09154,1.09074,1.09274,1.09073,STOP,-1.0124999999999718,-0.8099999999999774
2023-04-07 11:55:00+00:00,2023-04-07 12:00:00+00:00,2023-04-07 12:30:00+00:00,LONG,2,1,1,1,-1,1.09178,1.09098,1.09298,1.09097,STOP,-1.0124999999999718,-0.8099999999999774
2023-04-10 05:55:00+00:00,2023-04-10 06:00:00+00:00,2023-04-10 07:50:00+00:00,LONG,4,1,1,1,1,1.0899800000000002,1.0891800000000003,1.0911800000000003,1.0911700000000002,TARGET,1.4875000000000305,1.1900000000000244
2023-04-11 05:55:00+00:00,2023-04-11 06:00:00+00:00,2023-04-11 06:35:00+00:00,LONG,2,-1,1,1,1,1.0894700000000002,1.0886700000000002,1.0906700000000003,1.0886600000000002,STOP,-1.0124999999999718,-0.8099999999999774
2023-04-12 09:55:00+00:00,2023-04-12 10:00:00+00:00,2023-04-12 12:10:00+00:00,LONG,2,1,1,-1,1,1.0928200000000001,1.0920200000000002,1.0940200000000002,1.0920100000000001,STOP,-1.0124999999999718,-0.8099999999999774
2023-04-13 05:55:00+00:00,2023-04-13 06:00:00+00:00,2023-04-13 07:05:00+00:00,SHORT,-4,-1,-1,-1,-1,1.0984,1.0992,1.0972,1.09921,STOP,-1.0124999999999718,-0.8099999999999774
2023-04-14 05:55:00+00:00,2023-04-14 06:00:00+00:00,2023-04-14 06:20:00+00:00,LONG,4,1,1,1,1,1.10748,1.10668,1.10868,1.10667,STOP,-1.0124999999999718,-0.8099999999999774
2023-04-17 05:55:00+00:00,2023-04-17 06:00:00+00:00,2023-04-17 07:10:00+00:00,SHORT,-2,-1,-1,-1,1,1.09883,1.0996299999999999,1.0976299999999999,1.09964,STOP,-1.0124999999999718,-0.8099999999999774
2023-04-18 05:55:00+00:00,2023-04-18 06:00:00+00:00,2023-04-18 07:15:00+00:00,LONG,2,-1,1,1,1,1.0942500000000002,1.0934500000000003,1.0954500000000003,1.0954400000000002,TARGET,1.4875000000000305,1.1900000000000244
2023-04-19 06:55:00+00:00,2023-04-19 07:00:00+00:00,2023-04-19 07:15:00+00:00,LONG,2,-1,1,1,1,1.09566,1.0948600000000002,1.0968600000000002,1.09685,TARGET,1.4875000000000305,1.1900000000000244
2023-04-20 11:55:00+00:00,2023-04-20 12:00:00+00:00,2023-04-20 12:10:00+00:00,SHORT,-4,-1,-1,-1,-1,1.09545,1.09625,1.09425,1.09426,TARGET,1.4875000000000305,1.1900000000000244
2023-04-21 06:55:00+00:00,2023-04-21 07:00:00+00:00,2023-04-21 07:20:00+00:00,SHORT,-2,1,-1,-1,-1,1.09416,1.09496,1.09296,1.09497,STOP,-1.0124999999999718,-0.8099999999999774
2023-04-24 07:55:00+00:00,2023-04-24 08:00:00+00:00,2023-04-24 08:50:00+00:00,LONG,2,1,1,-1,1,1.09873,1.09793,1.09993,1.09992,TARGET,1.4875000000000305,1.1900000000000244
2023-04-25 07:55:00+00:00,2023-04-25 08:00:00+00:00,2023-04-25 10:50:00+00:00,LONG,2,1,1,-1,1,1.1033000000000002,1.1025000000000003,1.1045000000000003,1.1024900000000002,STOP,-1.0124999999999718,-0.8099999999999774
2023-04-26 06:55:00+00:00,2023-04-26 07:00:00+00:00,2023-04-26 07:15:00+00:00,LONG,4,1,1,1,1,1.1006900000000002,1.0998900000000003,1.1018900000000003,1.1018800000000002,TARGET,1.4875000000000305,1.1900000000000244
2023-04-27 08:55:00+00:00,2023-04-27 09:00:00+00:00,2023-04-27 09:45:00+00:00,SHORT,-2,-1,1,-1,-1,1.10528,1.10608,1.10408,1.10409,TARGET,1.4875000000000305,1.1900000000000244
2023-04-28 06:55:00+00:00,2023-04-28 07:00:00+00:00,2023-04-28 07:00:00+00:00,LONG,4,1,1,1,1,1.10256,1.10176,1.10376,1.10175,STOP,-1.0124999999999718,-0.8099999999999774
2023-05-01 05:55:00+00:00,2023-05-01 06:00:00+00:00,2023-05-01 08:25:00+00:00,SHORT,-4,-1,-1,-1,-1,1.10059,1.1013899999999999,1.0993899999999999,1.0994,TARGET,1.4875000000000305,1.1900000000000244
2023-05-02 06:55:00+00:00,2023-05-02 07:00:00+00:00,2023-05-02 07:15:00+00:00,LONG,2,1,-1,1,1,1.0991900000000001,1.0983900000000002,1.1003900000000002,1.1003800000000001,TARGET,1.4875000000000305,1.1900000000000244
2023-05-03 06:55:00+00:00,2023-05-03 07:00:00+00:00,2023-05-03 08:05:00+00:00,LONG,2,1,-1,1,1,1.10305,1.1022500000000002,1.1042500000000002,1.10424,TARGET,1.4875000000000305,1.1900000000000244
2023-05-04 09:55:00+00:00,2023-05-04 10:00:00+00:00,2023-05-04 11:05:00+00:00,LONG,4,1,1,1,1,1.10551,1.10471,1.10671,1.1067,TARGET,1.4875000000000305,1.1900000000000244
2023-05-05 06:55:00+00:00,2023-05-05 07:00:00+00:00,2023-05-05 07:05:00+00:00,LONG,2,1,1,1,-1,1.10456,1.10376,1.10576,1.10375,STOP,-1.0124999999999718,-0.8099999999999774
2023-05-08 06:55:00+00:00,2023-05-08 07:00:00+00:00,2023-05-08 07:30:00+00:00,LONG,4,1,1,1,1,1.10485,1.1040500000000002,1.1060500000000002,1.1040400000000001,STOP,-1.0124999999999718,-0.8099999999999774
2023-05-09 05:55:00+00:00,2023-05-09 06:00:00+00:00,2023-05-09 07:15:00+00:00,LONG,2,1,-1,1,1,1.09946,1.0986600000000002,1.1006600000000002,1.0986500000000001,STOP,-1.0124999999999718,-0.8099999999999774
2023-05-10 06:55:00+00:00,2023-05-10 07:00:00+00:00,2023-05-10 07:00:00+00:00,SHORT,-2,-1,-1,1,-1,1.09692,1.0977199999999998,1.0957199999999998,1.0977299999999999,STOP,-1.0124999999999718,-0.8099999999999774
2023-05-11 06:55:00+00:00,2023-05-11 07:00:00+00:00,2023-05-11 07:45:00+00:00,SHORT,-4,-1,-1,-1,-1,1.0930199999999999,1.0938199999999998,1.0918199999999998,1.0938299999999999,STOP,-1.0124999999999718,-0.8099999999999774
2023-05-12 05:55:00+00:00,2023-05-12 06:00:00+00:00,2023-05-12 06:45:00+00:00,SHORT,-2,1,-1,-1,-1,1.09239,1.0931899999999999,1.0911899999999999,1.0932,STOP,-1.0124999999999718,-0.8099999999999774
2023-05-15 06:55:00+00:00,2023-05-15 07:00:00+00:00,2023-05-15 09:05:00+00:00,LONG,4,1,1,1,1,1.0869900000000001,1.0861900000000002,1.0881900000000002,1.0861800000000001,STOP,-1.0124999999999718,-0.8099999999999774
2023-05-16 06:55:00+00:00,2023-05-16 07:00:00+00:00,2023-05-16 07:45:00+00:00,LONG,4,1,1,1,1,1.08765,1.08685,1.08885,1.08884,TARGET,1.4875000000000305,1.1900000000000244
2023-05-17 05:55:00+00:00,2023-05-17 06:00:00+00:00,2023-05-17 06:25:00+00:00,SHORT,-4,-1,-1,-1,-1,1.0853,1.0860999999999998,1.0840999999999998,1.08611,STOP,-1.0124999999999718,-0.8099999999999774
2023-05-18 05:55:00+00:00,2023-05-18 06:00:00+00:00,2023-05-18 07:55:00+00:00,SHORT,-2,-1,-1,-1,1,1.08301,1.08381,1.08181,1.08182,TARGET,1.4875000000000305,1.1900000000000244
2023-05-19 05:55:00+00:00,2023-05-19 06:00:00+00:00,2023-05-19 06:10:00+00:00,LONG,2,1,-1,1,1,1.07691,1.0761100000000001,1.0781100000000001,1.0781,TARGET,1.4875000000000305,1.1900000000000244
2023-05-22 06:55:00+00:00,2023-05-22 07:00:00+00:00,2023-05-22 07:15:00+00:00,SHORT,-2,-1,-1,-1,1,1.0810499999999998,1.0818499999999998,1.0798499999999998,1.0798599999999998,TARGET,1.4875000000000305,1.1900000000000244
2023-05-23 10:55:00+00:00,2023-05-23 11:00:00+00:00,2023-05-23 12:30:00+00:00,LONG,4,1,1,1,1,1.07779,1.0769900000000001,1.0789900000000001,1.07698,STOP,-1.0124999999999718,-0.8099999999999774
2023-05-24 05:55:00+00:00,2023-05-24 06:00:00+00:00,2023-05-24 07:00:00+00:00,LONG,4,1,1,1,1,1.0783800000000001,1.0775800000000002,1.0795800000000002,1.0775700000000001,STOP,-1.0124999999999718,-0.8099999999999774
2023-05-25 06:55:00+00:00,2023-05-25 07:00:00+00:00,2023-05-25 07:10:00+00:00,SHORT,-2,-1,1,-1,-1,1.07321,1.07401,1.07201,1.07202,TARGET,1.4875000000000305,1.1900000000000244
2023-05-26 05:55:00+00:00,2023-05-26 06:00:00+00:00,2023-05-26 10:45:00+00:00,SHORT,-2,-1,-1,-1,1,1.07369,1.07449,1.07249,1.0745,STOP,-1.0124999999999718,-0.8099999999999774
2023-05-29 06:55:00+00:00,2023-05-29 07:00:00+00:00,2023-05-29 08:00:00+00:00,SHORT,-2,-1,1,-1,-1,1.07364,1.0744399999999998,1.0724399999999998,1.07245,TARGET,1.4875000000000305,1.1900000000000244
2023-05-30 07:55:00+00:00,2023-05-30 08:00:00+00:00,2023-05-30 08:40:00+00:00,LONG,4,1,1,1,1,1.06905,1.0682500000000001,1.0702500000000001,1.07024,TARGET,1.4875000000000305,1.1900000000000244
2023-05-31 08:55:00+00:00,2023-05-31 09:00:00+00:00,2023-05-31 09:00:00+00:00,SHORT,-2,-1,1,-1,-1,1.06595,1.0667499999999999,1.0647499999999999,1.06676,STOP,-1.0124999999999718,-0.8099999999999774
2023-06-01 05:55:00+00:00,2023-06-01 06:00:00+00:00,2023-06-01 06:55:00+00:00,SHORT,-2,-1,1,-1,-1,1.0676999999999999,1.0684999999999998,1.0664999999999998,1.0685099999999998,STOP,-1.0124999999999718,-0.8099999999999774
2023-06-02 05:55:00+00:00,2023-06-02 06:00:00+00:00,2023-06-02 07:35:00+00:00,LONG,2,1,-1,1,1,1.07717,1.07637,1.07837,1.07636,STOP,-1.0124999999999718,-0.8099999999999774
2023-06-05 07:55:00+00:00,2023-06-05 08:00:00+00:00,2023-06-05 08:55:00+00:00,SHORT,-2,-1,-1,-1,1,1.06896,1.0697599999999998,1.0677599999999998,1.0697699999999999,STOP,-1.0124999999999718,-0.8099999999999774
2023-06-06 06:55:00+00:00,2023-06-06 07:00:00+00:00,2023-06-06 07:25:00+00:00,SHORT,-2,-1,-1,-1,1,1.0723799999999999,1.0731799999999998,1.0711799999999998,1.0711899999999999,TARGET,1.4875000000000305,1.1900000000000244
2023-06-07 10:55:00+00:00,2023-06-07 11:00:00+00:00,2023-06-07 12:40:00+00:00,LONG,2,1,1,1,-1,1.07153,1.0707300000000002,1.0727300000000002,1.0707200000000001,STOP,-1.0124999999999718,-0.8099999999999774
2023-06-08 06:55:00+00:00,2023-06-08 07:00:00+00:00,2023-06-08 08:25:00+00:00,SHORT,-4,-1,-1,-1,-1,1.0711199999999999,1.0719199999999998,1.0699199999999998,1.0719299999999998,STOP,-1.0124999999999718,-0.8099999999999774
2023-06-09 05:55:00+00:00,2023-06-09 06:00:00+00:00,2023-06-09 08:05:00+00:00,SHORT,-2,-1,-1,-1,1,1.07777,1.0785699999999998,1.0765699999999998,1.0765799999999999,TARGET,1.4875000000000305,1.1900000000000244
2023-06-12 05:55:00+00:00,2023-06-12 06:00:00+00:00,2023-06-12 07:45:00+00:00,LONG,2,1,1,1,-1,1.0749300000000002,1.0741300000000003,1.0761300000000003,1.0761200000000002,TARGET,1.4875000000000305,1.1900000000000244
2023-06-13 05:55:00+00:00,2023-06-13 06:00:00+00:00,2023-06-13 06:05:00+00:00,SHORT,-4,-1,-1,-1,-1,1.0782699999999998,1.0790699999999998,1.0770699999999997,1.0790799999999998,STOP,-1.0124999999999718,-0.8099999999999774
2023-06-14 05:55:00+00:00,2023-06-14 06:00:00+00:00,2023-06-14 06:20:00+00:00,SHORT,-4,-1,-1,-1,-1,1.07762,1.07842,1.07642,1.07843,STOP,-1.0124999999999718,-0.8099999999999774
2023-06-15 05:55:00+00:00,2023-06-15 06:00:00+00:00,2023-06-15 06:50:00+00:00,SHORT,-2,-1,1,-1,-1,1.08181,1.0826099999999999,1.0806099999999998,1.08062,TARGET,1.4875000000000305,1.1900000000000244
2023-06-16 05:55:00+00:00,2023-06-16 06:00:00+00:00,2023-06-16 06:10:00+00:00,SHORT,-2,-1,-1,-1,1,1.09394,1.0947399999999998,1.0927399999999998,1.09475,STOP,-1.0124999999999718,-0.8099999999999774
2023-06-19 09:55:00+00:00,2023-06-19 10:00:00+00:00,2023-06-19 10:40:00+00:00,SHORT,-4,-1,-1,-1,-1,1.09106,1.0918599999999998,1.0898599999999998,1.09187,STOP,-1.0124999999999718,-0.8099999999999774
2023-06-20 06:55:00+00:00,2023-06-20 07:00:00+00:00,2023-06-20 07:10:00+00:00,SHORT,-4,-1,-1,-1,-1,1.0921399999999999,1.0929399999999998,1.0909399999999998,1.0929499999999999,STOP,-1.0124999999999718,-0.8099999999999774
2023-06-21 05:55:00+00:00,2023-06-21 06:00:00+00:00,2023-06-21 08:05:00+00:00,LONG,2,-1,1,1,1,1.09121,1.09041,1.09241,1.0924,TARGET,1.4875000000000305,1.1900000000000244
2023-06-22 05:55:00+00:00,2023-06-22 06:00:00+00:00,2023-06-22 07:40:00+00:00,SHORT,-2,-1,1,-1,-1,1.09859,1.0993899999999999,1.0973899999999999,1.0994,STOP,-1.0124999999999718,-0.8099999999999774
2023-06-23 08:55:00+00:00,2023-06-23 09:00:00+00:00,2023-06-23 09:45:00+00:00,SHORT,-4,-1,-1,-1,-1,1.08489,1.0856899999999998,1.0836899999999998,1.0856999999999999,STOP,-1.0124999999999718,-0.8099999999999774
2023-06-26 08:55:00+00:00,2023-06-26 09:00:00+00:00,2023-06-26 10:25:00+00:00,LONG,2,1,1,1,-1,1.08921,1.08841,1.09041,1.0904,TARGET,1.4875000000000305,1.1900000000000244
2023-06-27 09:55:00+00:00,2023-06-27 10:00:00+00:00,2023-06-27 12:15:00+00:00,LONG,4,1,1,1,1,1.09412,1.09332,1.09532,1.09531,TARGET,1.4875000000000305,1.1900000000000244
2023-06-28 05:55:00+00:00,2023-06-28 06:00:00+00:00,2023-06-28 06:20:00+00:00,LONG,2,1,1,1,-1,1.0953600000000001,1.0945600000000002,1.0965600000000002,1.0945500000000001,STOP,-1.0124999999999718,-0.8099999999999774
2023-06-29 05:55:00+00:00,2023-06-29 06:00:00+00:00,2023-06-29 07:00:00+00:00,LONG,4,1,1,1,1,1.08942,1.0886200000000001,1.0906200000000001,1.09061,TARGET,1.4875000000000305,1.1900000000000244
2023-06-30 05:55:00+00:00,2023-06-30 06:00:00+00:00,2023-06-30 06:20:00+00:00,SHORT,-4,-1,-1,-1,-1,1.08694,1.08774,1.08574,1.08575,TARGET,1.4875000000000305,1.1900000000000244
2023-07-03 05:55:00+00:00,2023-07-03 06:00:00+00:00,2023-07-03 06:15:00+00:00,SHORT,-2,-1,1,-1,-1,1.09031,1.0911099999999998,1.0891099999999998,1.0891199999999999,TARGET,1.4875000000000305,1.1900000000000244
2023-07-04 05:55:00+00:00,2023-07-04 06:00:00+00:00,2023-07-04 06:15:00+00:00,SHORT,-4,-1,-1,-1,-1,1.08951,1.09031,1.0883099999999999,1.09032,STOP,-1.0124999999999718,-0.8099999999999774
2023-07-05 06:55:00+00:00,2023-07-05 07:00:00+00:00,2023-07-05 07:05:00+00:00,LONG,2,1,1,-1,1,1.08829,1.08749,1.08949,1.08948,TARGET,1.4875000000000305,1.1900000000000244
2023-07-06 05:55:00+00:00,2023-07-06 06:00:00+00:00,2023-07-06 06:50:00+00:00,LONG,4,1,1,1,1,1.08558,1.08478,1.08678,1.08677,TARGET,1.4875000000000305,1.1900000000000244
2023-07-07 05:55:00+00:00,2023-07-07 06:00:00+00:00,2023-07-07 06:00:00+00:00,SHORT,-2,-1,-1,-1,1,1.08874,1.08954,1.08754,1.08955,STOP,-1.0124999999999718,-0.8099999999999774
2023-07-10 05:55:00+00:00,2023-07-10 06:00:00+00:00,2023-07-10 06:00:00+00:00,SHORT,-2,-1,-1,-1,1,1.0946,1.0954,1.0934,1.09541,STOP,-1.0124999999999718,-0.8099999999999774
2023-07-11 05:55:00+00:00,2023-07-11 06:00:00+00:00,2023-07-11 06:00:00+00:00,SHORT,-4,-1,-1,-1,-1,1.10072,1.1015199999999998,1.0995199999999998,1.10153,STOP,-1.0124999999999718,-0.8099999999999774
2023-07-12 05:55:00+00:00,2023-07-12 06:00:00+00:00,2023-07-12 06:15:00+00:00,SHORT,-2,-1,-1,-1,1,1.10259,1.1033899999999999,1.1013899999999999,1.1034,STOP,-1.0124999999999718,-0.8099999999999774
2023-07-13 07:55:00+00:00,2023-07-13 08:00:00+00:00,2023-07-13 08:40:00+00:00,LONG,4,1,1,1,1,1.11556,1.1147600000000002,1.1167600000000002,1.1167500000000001,TARGET,1.4875000000000305,1.1900000000000244
2023-07-14 05:55:00+00:00,2023-07-14 06:00:00+00:00,2023-07-14 06:55:00+00:00,SHORT,-2,-1,-1,1,-1,1.12194,1.1227399999999998,1.1207399999999998,1.12075,TARGET,1.4875000000000305,1.1900000000000244
2023-07-17 05:55:00+00:00,2023-07-17 06:00:00+00:00,2023-07-17 06:15:00+00:00,LONG,2,1,1,1,-1,1.1232900000000001,1.1224900000000002,1.1244900000000002,1.1224800000000001,STOP,-1.0124999999999718,-0.8099999999999774
2023-07-18 05:55:00+00:00,2023-07-18 06:00:00+00:00,2023-07-18 07:00:00+00:00,SHORT,-4,-1,-1,-1,-1,1.1250099999999998,1.1258099999999998,1.1238099999999998,1.1258199999999998,STOP,-1.0124999999999718,-0.8099999999999774
2023-07-19 05:55:00+00:00,2023-07-19 06:00:00+00:00,2023-07-19 06:00:00+00:00,LONG,2,1,1,1,-1,1.12355,1.1227500000000001,1.1247500000000001,1.12274,STOP,-1.0124999999999718,-0.8099999999999774
2023-07-20 10:55:00+00:00,2023-07-20 11:00:00+00:00,2023-07-20 11:40:00+00:00,SHORT,-2,1,-1,-1,-1,1.12039,1.12119,1.11919,1.1212,STOP,-1.0124999999999718,-0.8099999999999774
2023-07-21 05:55:00+00:00,2023-07-21 06:00:00+00:00,2023-07-21 06:50:00+00:00,LONG,4,1,1,1,1,1.11432,1.11352,1.11552,1.11351,STOP,-1.0124999999999718,-0.8099999999999774
2023-07-24 05:55:00+00:00,2023-07-24 06:00:00+00:00,2023-07-24 07:10:00+00:00,LONG,2,1,1,1,-1,1.11321,1.1124100000000001,1.1144100000000001,1.1144,TARGET,1.4875000000000305,1.1900000000000244
2023-07-25 07:55:00+00:00,2023-07-25 08:00:00+00:00,2023-07-25 08:00:00+00:00,SHORT,-4,-1,-1,-1,-1,1.10711,1.10791,1.10591,1.10592,TARGET,1.4875000000000305,1.1900000000000244
2023-07-26 05:55:00+00:00,2023-07-26 06:00:00+00:00,2023-07-26 07:45:00+00:00,LONG,2,1,-1,1,1,1.1062400000000001,1.1054400000000002,1.1074400000000002,1.1074300000000001,TARGET,1.4875000000000305,1.1900000000000244
2023-07-27 05:55:00+00:00,2023-07-27 06:00:00+00:00,2023-07-27 06:15:00+00:00,SHORT,-4,-1,-1,-1,-1,1.10887,1.10967,1.10767,1.10968,STOP,-1.0124999999999718,-0.8099999999999774
2023-07-28 05:55:00+00:00,2023-07-28 06:00:00+00:00,2023-07-28 06:00:00+00:00,LONG,2,1,1,1,-1,1.09866,1.09786,1.09986,1.09785,STOP,-1.0124999999999718,-0.8099999999999774
2023-07-31 05:55:00+00:00,2023-07-31 06:00:00+00:00,2023-07-31 07:30:00+00:00,LONG,3,0,1,1,1,1.10146,1.1006600000000002,1.1026600000000002,1.1026500000000001,TARGET,1.4875000000000305,1.1900000000000244
2023-08-01 08:55:00+00:00,2023-08-01 09:00:00+00:00,2023-08-01 09:10:00+00:00,LONG,2,-1,1,1,1,1.0975000000000001,1.0967000000000002,1.0987000000000002,1.0966900000000002,STOP,-1.0124999999999718,-0.8099999999999774
2023-08-02 06:55:00+00:00,2023-08-02 07:00:00+00:00,2023-08-02 08:05:00+00:00,SHORT,-2,-1,-1,-1,1,1.09896,1.0997599999999998,1.0977599999999998,1.09777,TARGET,1.4875000000000305,1.1900000000000244
2023-08-03 05:55:00+00:00,2023-08-03 06:00:00+00:00,2023-08-03 06:35:00+00:00,LONG,2,1,-1,1,1,1.09396,1.0931600000000001,1.0951600000000001,1.09315,STOP,-1.0124999999999718,-0.8099999999999774
2023-08-04 05:55:00+00:00,2023-08-04 06:00:00+00:00,2023-08-04 08:40:00+00:00,SHORT,-2,1,-1,-1,-1,1.0952,1.0959999999999999,1.0939999999999999,1.09401,TARGET,1.4875000000000305,1.1900000000000244
2023-08-07 05:55:00+00:00,2023-08-07 06:00:00+00:00,2023-08-07 07:40:00+00:00,SHORT,-2,-1,1,-1,-1,1.0982699999999999,1.0990699999999998,1.0970699999999998,1.0990799999999998,STOP,-1.0124999999999718,-0.8099999999999774
2023-08-08 05:55:00+00:00,2023-08-08 06:00:00+00:00,2023-08-08 07:00:00+00:00,LONG,4,1,1,1,1,1.09996,1.0991600000000001,1.1011600000000001,1.09915,STOP,-1.0124999999999718,-0.8099999999999774
2023-08-09 06:55:00+00:00,2023-08-09 07:00:00+00:00,2023-08-09 07:00:00+00:00,SHORT,-2,-1,-1,1,-1,1.09726,1.0980599999999998,1.0960599999999998,1.0980699999999999,STOP,-1.0124999999999718,-0.8099999999999774
2023-08-10 11:55:00+00:00,2023-08-10 12:00:00+00:00,2023-08-10 12:15:00+00:00,SHORT,-2,-1,-1,-1,1,1.10165,1.10245,1.10045,1.10246,STOP,-1.0124999999999718,-0.8099999999999774
2023-08-11 05:55:00+00:00,2023-08-11 06:00:00+00:00,2023-08-11 09:25:00+00:00,LONG,2,1,1,1,-1,1.0993300000000001,1.0985300000000002,1.1005300000000002,1.0985200000000002,STOP,-1.0124999999999718,-0.8099999999999774
2023-08-14 05:55:00+00:00,2023-08-14 06:00:00+00:00,2023-08-14 07:15:00+00:00,SHORT,-2,-1,-1,-1,1,1.09371,1.0945099999999999,1.0925099999999999,1.09452,STOP,-1.0124999999999718,-0.8099999999999774
2023-08-15 05:55:00+00:00,2023-08-15 06:00:00+00:00,2023-08-15 06:50:00+00:00,LONG,4,1,1,1,1,1.09121,1.09041,1.09241,1.0924,TARGET,1.4875000000000305,1.1900000000000244
2023-08-16 05:55:00+00:00,2023-08-16 06:00:00+00:00,2023-08-16 08:10:00+00:00,LONG,2,-1,1,1,1,1.09161,1.09081,1.09281,1.0928,TARGET,1.4875000000000305,1.1900000000000244
2023-08-17 05:55:00+00:00,2023-08-17 06:00:00+00:00,2023-08-17 06:40:00+00:00,LONG,4,1,1,1,1,1.08738,1.08658,1.08858,1.08857,TARGET,1.4875000000000305,1.1900000000000244
2023-08-18 06:55:00+00:00,2023-08-18 07:00:00+00:00,2023-08-18 12:20:00+00:00,SHORT,-2,-1,1,-1,-1,1.08716,1.0879599999999998,1.0859599999999998,1.0859699999999999,TARGET,1.4875000000000305,1.1900000000000244
2023-08-21 09:55:00+00:00,2023-08-21 10:00:00+00:00,2023-08-21 10:25:00+00:00,LONG,2,-1,1,1,1,1.09017,1.0893700000000002,1.0913700000000002,1.08936,STOP,-1.0124999999999718,-0.8099999999999774
2023-08-22 05:55:00+00:00,2023-08-22 06:00:00+00:00,2023-08-22 06:05:00+00:00,SHORT,-2,-1,1,-1,-1,1.09052,1.0913199999999998,1.0893199999999998,1.09133,STOP,-1.0124999999999718,-0.8099999999999774
2023-08-23 06:55:00+00:00,2023-08-23 07:00:00+00:00,2023-08-23 07:30:00+00:00,LONG,2,1,1,1,-1,1.08616,1.08536,1.08736,1.08535,STOP,-1.0124999999999718,-0.8099999999999774
2023-08-24 08:55:00+00:00,2023-08-24 09:00:00+00:00,2023-08-24 09:30:00+00:00,LONG,2,1,1,1,-1,1.08622,1.08542,1.08742,1.08541,STOP,-1.0124999999999718,-0.8099999999999774
2023-08-25 05:55:00+00:00,2023-08-25 06:00:00+00:00,2023-08-25 06:50:00+00:00,LONG,2,-1,1,1,1,1.07902,1.0782200000000002,1.0802200000000002,1.0782100000000001,STOP,-1.0124999999999718,-0.8099999999999774
2023-08-28 08:55:00+00:00,2023-08-28 09:00:00+00:00,2023-08-28 09:55:00+00:00,SHORT,-4,-1,-1,-1,-1,1.0800299999999998,1.0808299999999997,1.0788299999999997,1.0808399999999998,STOP,-1.0124999999999718,-0.8099999999999774
2023-08-29 06:55:00+00:00,2023-08-29 07:00:00+00:00,2023-08-29 07:15:00+00:00,SHORT,-2,1,-1,-1,-1,1.0808499999999999,1.0816499999999998,1.0796499999999998,1.0816599999999998,STOP,-1.0124999999999718,-0.8099999999999774
2023-08-30 06:55:00+00:00,2023-08-30 07:00:00+00:00,2023-08-30 08:00:00+00:00,SHORT,-2,1,-1,-1,-1,1.08689,1.0876899999999998,1.0856899999999998,1.0856999999999999,TARGET,1.4875000000000305,1.1900000000000244
2023-08-31 06:55:00+00:00,2023-08-31 07:00:00+00:00,2023-08-31 07:10:00+00:00,SHORT,-2,1,-1,-1,-1,1.0907099999999998,1.0915099999999998,1.0895099999999998,1.0895199999999998,TARGET,1.4875000000000305,1.1900000000000244
2023-09-01 06:55:00+00:00,2023-09-01 07:00:00+00:00,2023-09-01 11:10:00+00:00,LONG,4,1,1,1,1,1.08498,1.0841800000000001,1.0861800000000001,1.08417,STOP,-1.0124999999999718,-0.8099999999999774
2023-09-04 05:55:00+00:00,2023-09-04 06:00:00+00:00,2023-09-04 07:00:00+00:00,SHORT,-2,1,-1,-1,-1,1.07866,1.0794599999999999,1.0774599999999999,1.07947,STOP,-1.0124999999999718,-0.8099999999999774
2023-09-05 08:55:00+00:00,2023-09-05 09:00:00+00:00,2023-09-05 09:15:00+00:00,SHORT,-2,1,-1,-1,-1,1.0748,1.0756,1.0735999999999999,1.07561,STOP,-1.0124999999999718,-0.8099999999999774
2023-09-06 09:55:00+00:00,2023-09-06 10:00:00+00:00,2023-09-06 11:15:00+00:00,LONG,2,1,-1,1,1,1.0732700000000002,1.0724700000000003,1.0744700000000003,1.0744600000000002,TARGET,1.4875000000000305,1.1900000000000244
2023-09-07 06:55:00+00:00,2023-09-07 07:00:00+00:00,2023-09-07 10:35:00+00:00,SHORT,-2,1,-1,-1,-1,1.07165,1.07245,1.07045,1.07046,TARGET,1.4875000000000305,1.1900000000000244
2023-09-08 05:55:00+00:00,2023-09-08 06:00:00+00:00,2023-09-08 06:45:00+00:00,LONG,4,1,1,1,1,1.07243,1.07163,1.07363,1.07162,STOP,-1.0124999999999718,-0.8099999999999774
2023-09-11 05:55:00+00:00,2023-09-11 06:00:00+00:00,2023-09-11 07:10:00+00:00,SHORT,-2,-1,-1,-1,1,1.0728499999999999,1.0736499999999998,1.0716499999999998,1.0736599999999998,STOP,-1.0124999999999718,-0.8099999999999774
2023-09-12 08:55:00+00:00,2023-09-12 09:00:00+00:00,2023-09-12 09:05:00+00:00,SHORT,-2,1,-1,-1,-1,1.07142,1.07222,1.07022,1.07223,STOP,-1.0124999999999718,-0.8099999999999774
2023-09-13 06:55:00+00:00,2023-09-13 07:00:00+00:00,2023-09-13 07:35:00+00:00,SHORT,-2,1,-1,-1,-1,1.07382,1.07462,1.07262,1.07463,STOP,-1.0124999999999718,-0.8099999999999774
2023-09-14 05:55:00+00:00,2023-09-14 06:00:00+00:00,2023-09-14 07:50:00+00:00,SHORT,-2,-1,-1,-1,1,1.07477,1.07557,1.07357,1.07358,TARGET,1.4875000000000305,1.1900000000000244
2023-09-15 05:55:00+00:00,2023-09-15 06:00:00+00:00,2023-09-15 08:15:00+00:00,LONG,4,1,1,1,1,1.06566,1.0648600000000001,1.0668600000000001,1.06685,TARGET,1.4875000000000305,1.1900000000000244
2023-09-18 06:55:00+00:00,2023-09-18 07:00:00+00:00,2023-09-18 09:10:00+00:00,SHORT,-4,-1,-1,-1,-1,1.0658299999999998,1.0666299999999997,1.0646299999999997,1.0666399999999998,STOP,-1.0124999999999718,-0.8099999999999774
2023-09-19 05:55:00+00:00,2023-09-19 06:00:00+00:00,2023-09-19 07:45:00+00:00,LONG,2,-1,1,1,1,1.068,1.0672000000000001,1.0692000000000002,1.06919,TARGET,1.4875000000000305,1.1900000000000244
2023-09-20 06:55:00+00:00,2023-09-20 07:00:00+00:00,2023-09-20 07:40:00+00:00,SHORT,-4,-1,-1,-1,-1,1.06816,1.06896,1.06696,1.06897,STOP,-1.0124999999999718,-0.8099999999999774
2023-09-21 05:55:00+00:00,2023-09-21 06:00:00+00:00,2023-09-21 06:10:00+00:00,SHORT,-2,-1,-1,-1,1,1.06342,1.06422,1.06222,1.06423,STOP,-1.0124999999999718,-0.8099999999999774
2023-09-22 05:55:00+00:00,2023-09-22 06:00:00+00:00,2023-09-22 06:35:00+00:00,SHORT,-4,-1,-1,-1,-1,1.0649,1.0656999999999999,1.0636999999999999,1.06571,STOP,-1.0124999999999718,-0.8099999999999774
2023-09-25 11:55:00+00:00,2023-09-25 12:00:00+00:00,2023-09-25 13:05:00+00:00,SHORT,-2,1,-1,-1,-1,1.0630199999999999,1.0638199999999998,1.0618199999999998,1.0618299999999998,TARGET,1.4875000000000305,1.1900000000000244
2023-09-26 06:55:00+00:00,2023-09-26 07:00:00+00:00,2023-09-26 07:20:00+00:00,SHORT,-2,-1,-1,-1,1,1.05714,1.0579399999999999,1.0559399999999999,1.05795,STOP,-1.0124999999999718,-0.8099999999999774
2023-09-27 06:55:00+00:00,2023-09-27 07:00:00+00:00,2023-09-27 08:50:00+00:00,LONG,4,1,1,1,1,1.0569600000000001,1.0561600000000002,1.0581600000000002,1.0561500000000001,STOP,-1.0124999999999718,-0.8099999999999774
2023-09-28 05:55:00+00:00,2023-09-28 06:00:00+00:00,2023-09-28 06:25:00+00:00,LONG,4,1,1,1,1,1.0509000000000002,1.0501000000000003,1.0521000000000003,1.05008,STOP,-1.0250000000003312,-0.820000000000265
2023-09-29 05:55:00+00:00,2023-09-29 06:00:00+00:00,2023-09-29 06:05:00+00:00,SHORT,-2,-1,-1,-1,1,1.05764,1.0584399999999998,1.0564399999999998,1.05845,STOP,-1.0124999999999718,-0.8099999999999774
2023-10-02 06:55:00+00:00,2023-10-02 07:00:00+00:00,2023-10-02 07:15:00+00:00,LONG,4,1,1,1,1,1.05901,1.05821,1.06021,1.0582,STOP,-1.0124999999999718,-0.8099999999999774
2023-10-03 08:55:00+00:00,2023-10-03 09:00:00+00:00,2023-10-03 10:30:00+00:00,LONG,2,1,1,1,-1,1.0485600000000002,1.0477600000000002,1.0497600000000002,1.0477500000000002,STOP,-1.0124999999999718,-0.8099999999999774
2023-10-04 06:55:00+00:00,2023-10-04 07:00:00+00:00,2023-10-04 07:00:00+00:00,LONG,2,1,1,-1,1,1.04606,1.04526,1.04726,1.04525,STOP,-1.0124999999999718,-0.8099999999999774
2023-10-05 05:55:00+00:00,2023-10-05 06:00:00+00:00,2023-10-05 06:55:00+00:00,SHORT,-4,-1,-1,-1,-1,1.0517299999999998,1.0525299999999997,1.0505299999999997,1.0505399999999998,TARGET,1.4875000000000305,1.1900000000000244
2023-10-06 05:55:00+00:00,2023-10-06 06:00:00+00:00,2023-10-06 07:10:00+00:00,SHORT,-2,-1,-1,1,-1,1.05348,1.0542799999999999,1.0522799999999999,1.05429,STOP,-1.0124999999999718,-0.8099999999999774
2023-10-09 06:55:00+00:00,2023-10-09 07:00:00+00:00,2023-10-09 07:40:00+00:00,SHORT,-2,1,-1,-1,-1,1.0536999999999999,1.0544999999999998,1.0524999999999998,1.0525099999999998,TARGET,1.4875000000000305,1.1900000000000244
2023-10-10 05:55:00+00:00,2023-10-10 06:00:00+00:00,2023-10-10 07:40:00+00:00,SHORT,-2,-1,1,-1,-1,1.05616,1.05696,1.05496,1.05697,STOP,-1.0124999999999718,-0.8099999999999774
2023-10-11 05:55:00+00:00,2023-10-11 06:00:00+00:00,2023-10-11 06:40:00+00:00,SHORT,-2,-1,-1,-1,1,1.06013,1.06093,1.05893,1.06094,STOP,-1.0124999999999718,-0.8099999999999774
2023-10-12 06:55:00+00:00,2023-10-12 07:00:00+00:00,2023-10-12 07:45:00+00:00,SHORT,-2,1,-1,-1,-1,1.06354,1.0643399999999998,1.0623399999999998,1.06235,TARGET,1.4875000000000305,1.1900000000000244
2023-10-13 05:55:00+00:00,2023-10-13 06:00:00+00:00,2023-10-13 06:10:00+00:00,LONG,2,1,1,1,-1,1.05485,1.0540500000000002,1.0560500000000002,1.05404,STOP,-1.0124999999999718,-0.8099999999999774
2023-10-16 07:55:00+00:00,2023-10-16 08:00:00+00:00,2023-10-16 08:15:00+00:00,LONG,4,1,1,1,1,1.0534400000000002,1.0526400000000002,1.0546400000000002,1.0526300000000002,STOP,-1.0124999999999718,-0.8099999999999774
2023-10-17 05:55:00+00:00,2023-10-17 06:00:00+00:00,2023-10-17 07:35:00+00:00,SHORT,-2,-1,-1,1,-1,1.0544099999999998,1.0552099999999998,1.0532099999999998,1.0552199999999998,STOP,-1.0124999999999718,-0.8099999999999774
2023-10-18 06:55:00+00:00,2023-10-18 07:00:00+00:00,2023-10-18 09:10:00+00:00,SHORT,-4,-1,-1,-1,-1,1.0578699999999999,1.0586699999999998,1.0566699999999998,1.0586799999999998,STOP,-1.0124999999999718,-0.8099999999999774
2023-10-19 07:55:00+00:00,2023-10-19 08:00:00+00:00,2023-10-19 09:55:00+00:00,SHORT,-2,1,-1,-1,-1,1.05374,1.0545399999999998,1.0525399999999998,1.0545499999999999,STOP,-1.0124999999999718,-0.8099999999999774
2023-10-20 06:55:00+00:00,2023-10-20 07:00:00+00:00,2023-10-20 08:25:00+00:00,LONG,2,-1,1,1,1,1.05745,1.05665,1.05865,1.05864,TARGET,1.4875000000000305,1.1900000000000244
2023-10-23 07:55:00+00:00,2023-10-23 08:00:00+00:00,2023-10-23 08:15:00+00:00,LONG,4,1,1,1,1,1.0597800000000002,1.0589800000000003,1.0609800000000003,1.0609700000000002,TARGET,1.4875000000000305,1.1900000000000244
2023-10-24 09:55:00+00:00,2023-10-24 10:00:00+00:00,2023-10-24 10:55:00+00:00,SHORT,-4,-1,-1,-1,-1,1.06365,1.06445,1.06245,1.06246,TARGET,1.4875000000000305,1.1900000000000244
2023-10-25 06:55:00+00:00,2023-10-25 07:00:00+00:00,2023-10-25 07:25:00+00:00,SHORT,-4,-1,-1,-1,-1,1.0592199999999998,1.0600199999999997,1.0580199999999997,1.0580299999999998,TARGET,1.4875000000000305,1.1900000000000244
2023-10-26 05:55:00+00:00,2023-10-26 06:00:00+00:00,2023-10-26 08:00:00+00:00,SHORT,-2,1,-1,-1,-1,1.05426,1.0550599999999999,1.0530599999999999,1.05507,STOP,-1.0124999999999718,-0.8099999999999774
2023-10-27 05:55:00+00:00,2023-10-27 06:00:00+00:00,2023-10-27 06:10:00+00:00,LONG,2,1,-1,1,1,1.0569300000000001,1.0561300000000002,1.0581300000000002,1.0561200000000002,STOP,-1.0124999999999718,-0.8099999999999774
2023-10-30 08:55:00+00:00,2023-10-30 09:00:00+00:00,2023-10-30 09:05:00+00:00,LONG,4,1,1,1,1,1.05602,1.05522,1.05722,1.05721,TARGET,1.4875000000000305,1.1900000000000244
2023-10-31 07:55:00+00:00,2023-10-31 08:00:00+00:00,2023-10-31 08:30:00+00:00,LONG,2,1,1,1,-1,1.06216,1.06136,1.06336,1.06335,TARGET,1.4875000000000305,1.1900000000000244
2023-11-01 05:55:00+00:00,2023-11-01 06:00:00+00:00,2023-11-01 07:45:00+00:00,LONG,2,-1,1,1,1,1.05682,1.0560200000000002,1.0580200000000002,1.0560100000000001,STOP,-1.0124999999999718,-0.8099999999999774
2023-11-02 06:55:00+00:00,2023-11-02 07:00:00+00:00,2023-11-02 08:05:00+00:00,LONG,2,1,1,1,-1,1.06003,1.0592300000000001,1.0612300000000001,1.05922,STOP,-1.0124999999999718,-0.8099999999999774
2023-11-03 05:55:00+00:00,2023-11-03 06:00:00+00:00,2023-11-03 08:30:00+00:00,LONG,2,-1,1,1,1,1.06301,1.06221,1.06421,1.0622,STOP,-1.0124999999999718,-0.8099999999999774
2023-11-06 07:55:00+00:00,2023-11-06 08:00:00+00:00,2023-11-06 08:05:00+00:00,SHORT,-2,-1,1,-1,-1,1.0733199999999998,1.0741199999999997,1.0721199999999997,1.0741299999999998,STOP,-1.0124999999999718,-0.8099999999999774
2023-11-07 05:55:00+00:00,2023-11-07 06:00:00+00:00,2023-11-07 06:45:00+00:00,LONG,2,1,1,1,-1,1.07108,1.0702800000000001,1.0722800000000001,1.07027,STOP,-1.0124999999999718,-0.8099999999999774
2023-11-08 06:55:00+00:00,2023-11-08 07:00:00+00:00,2023-11-08 09:05:00+00:00,SHORT,-4,-1,-1,-1,-1,1.06818,1.0689799999999998,1.0669799999999998,1.0669899999999999,TARGET,1.4875000000000305,1.1900000000000244
2023-11-09 05:55:00+00:00,2023-11-09 06:00:00+00:00,2023-11-09 10:30:00+00:00,SHORT,-2,1,-1,-1,-1,1.0702399999999999,1.0710399999999998,1.0690399999999998,1.0690499999999998,TARGET,1.4875000000000305,1.1900000000000244
2023-11-10 05:55:00+00:00,2023-11-10 06:00:00+00:00,2023-11-10 07:05:00+00:00,LONG,2,1,1,1,-1,1.06694,1.06614,1.06814,1.06613,STOP,-1.0124999999999718,-0.8099999999999774
2023-11-13 09:55:00+00:00,2023-11-13 10:00:00+00:00,2023-11-13 10:50:00+00:00,SHORT,-4,-1,-1,-1,-1,1.06894,1.06974,1.06774,1.06975,STOP,-1.0124999999999718,-0.8099999999999774
2023-11-14 05:55:00+00:00,2023-11-14 06:00:00+00:00,2023-11-14 07:30:00+00:00,LONG,4,1,1,1,1,1.06959,1.0687900000000001,1.0707900000000001,1.07078,TARGET,1.4875000000000305,1.1900000000000244
2023-11-15 05:55:00+00:00,2023-11-15 06:00:00+00:00,2023-11-15 09:15:00+00:00,SHORT,-2,-1,-1,-1,1,1.08726,1.0880599999999998,1.0860599999999998,1.0860699999999999,TARGET,1.4875000000000305,1.1900000000000244
2023-11-16 05:55:00+00:00,2023-11-16 06:00:00+00:00,2023-11-16 08:25:00+00:00,LONG,2,-1,1,1,1,1.08383,1.0830300000000002,1.0850300000000002,1.08502,TARGET,1.4875000000000305,1.1900000000000244
2023-11-17 05:55:00+00:00,2023-11-17 06:00:00+00:00,2023-11-17 07:00:00+00:00,LONG,2,-1,1,1,1,1.0853700000000002,1.0845700000000003,1.0865700000000003,1.0845600000000002,STOP,-1.0124999999999718,-0.8099999999999774
2023-11-20 05:55:00+00:00,2023-11-20 06:00:00+00:00,2023-11-20 08:05:00+00:00,SHORT,-4,-1,-1,-1,-1,1.09188,1.0926799999999999,1.0906799999999999,1.09269,STOP,-1.0124999999999718,-0.8099999999999774
2023-11-21 06:55:00+00:00,2023-11-21 07:00:00+00:00,2023-11-21 07:50:00+00:00,LONG,2,1,1,1,-1,1.09588,1.09508,1.09708,1.09507,STOP,-1.0124999999999718,-0.8099999999999774
2023-11-22 05:55:00+00:00,2023-11-22 06:00:00+00:00,2023-11-22 06:25:00+00:00,LONG,2,1,1,1,-1,1.09075,1.0899500000000002,1.0919500000000002,1.0899400000000001,STOP,-1.0124999999999718,-0.8099999999999774
2023-11-23 05:55:00+00:00,2023-11-23 06:00:00+00:00,2023-11-23 08:15:00+00:00,LONG,2,1,-1,1,1,1.0910900000000001,1.0902900000000002,1.0922900000000002,1.0902800000000001,STOP,-1.0124999999999718,-0.8099999999999774
2023-11-24 05:55:00+00:00,2023-11-24 06:00:00+00:00,2023-11-24 06:45:00+00:00,LONG,2,1,1,1,-1,1.0912000000000002,1.0904000000000003,1.0924000000000003,1.0903900000000002,STOP,-1.0124999999999718,-0.8099999999999774
2023-11-27 05:55:00+00:00,2023-11-27 06:00:00+00:00,2023-11-27 08:20:00+00:00,LONG,2,1,1,1,-1,1.09498,1.0941800000000002,1.0961800000000002,1.09417,STOP,-1.0124999999999718,-0.8099999999999774
2023-11-28 07:55:00+00:00,2023-11-28 08:00:00+00:00,2023-11-28 08:15:00+00:00,SHORT,-2,-1,1,-1,-1,1.09357,1.0943699999999998,1.0923699999999998,1.09438,STOP,-1.0124999999999718,-0.8099999999999774
2023-11-29 05:55:00+00:00,2023-11-29 06:00:00+00:00,2023-11-29 07:05:00+00:00,LONG,2,1,1,1,-1,1.10022,1.09942,1.10142,1.09941,STOP,-1.0124999999999718,-0.8099999999999774
2023-11-30 05:55:00+00:00,2023-11-30 06:00:00+00:00,2023-11-30 07:30:00+00:00,LONG,4,1,1,1,1,1.09725,1.0964500000000001,1.0984500000000001,1.09644,STOP,-1.0124999999999718,-0.8099999999999774
2023-12-01 05:55:00+00:00,2023-12-01 06:00:00+00:00,2023-12-01 07:50:00+00:00,LONG,4,1,1,1,1,1.09111,1.0903100000000001,1.0923100000000001,1.0903,STOP,-1.0124999999999718,-0.8099999999999774
2023-12-04 05:55:00+00:00,2023-12-04 06:00:00+00:00,2023-12-04 07:40:00+00:00,SHORT,-4,-1,-1,-1,-1,1.08691,1.08771,1.08571,1.08572,TARGET,1.4875000000000305,1.1900000000000244
2023-12-05 05:55:00+00:00,2023-12-05 06:00:00+00:00,2023-12-05 06:20:00+00:00,LONG,2,1,-1,1,1,1.0847600000000002,1.0839600000000003,1.0859600000000003,1.0839500000000002,STOP,-1.0124999999999718,-0.8099999999999774
2023-12-06 05:55:00+00:00,2023-12-06 06:00:00+00:00,2023-12-06 06:05:00+00:00,LONG,4,1,1,1,1,1.0801500000000002,1.0793500000000003,1.0813500000000003,1.0793400000000002,STOP,-1.0124999999999718,-0.8099999999999774
2023-12-07 05:55:00+00:00,2023-12-07 06:00:00+00:00,2023-12-07 07:25:00+00:00,LONG,2,1,-1,1,1,1.07619,1.07539,1.07739,1.07738,TARGET,1.4875000000000305,1.1900000000000244
2023-12-08 08:55:00+00:00,2023-12-08 09:00:00+00:00,2023-12-08 09:10:00+00:00,LONG,2,1,1,1,-1,1.0789600000000001,1.0781600000000002,1.0801600000000002,1.0781500000000002,STOP,-1.0124999999999718,-0.8099999999999774
2023-12-11 06:55:00+00:00,2023-12-11 07:00:00+00:00,2023-12-11 07:30:00+00:00,LONG,2,1,-1,1,1,1.07698,1.0761800000000001,1.0781800000000001,1.07617,STOP,-1.0124999999999718,-0.8099999999999774
2023-12-12 06:55:00+00:00,2023-12-12 07:00:00+00:00,2023-12-12 08:30:00+00:00,LONG,4,1,1,1,1,1.07796,1.0771600000000001,1.0791600000000001,1.07915,TARGET,1.4875000000000305,1.1900000000000244
2023-12-13 07:55:00+00:00,2023-12-13 08:00:00+00:00,2023-12-13 08:50:00+00:00,SHORT,-2,1,-1,-1,-1,1.0785,1.0793,1.0773,1.07931,STOP,-1.0124999999999718,-0.8099999999999774
2023-12-14 06:55:00+00:00,2023-12-14 07:00:00+00:00,2023-12-14 07:20:00+00:00,LONG,2,1,-1,1,1,1.09019,1.08939,1.09139,1.08938,STOP,-1.0124999999999718,-0.8099999999999774
2023-12-15 05:55:00+00:00,2023-12-15 06:00:00+00:00,2023-12-15 07:40:00+00:00,SHORT,-4,-1,-1,-1,-1,1.09842,1.0992199999999999,1.0972199999999999,1.09923,STOP,-1.0124999999999718,-0.8099999999999774
2023-12-18 05:55:00+00:00,2023-12-18 06:00:00+00:00,2023-12-18 07:35:00+00:00,LONG,2,1,1,-1,1,1.09158,1.09078,1.09278,1.09277,TARGET,1.4875000000000305,1.1900000000000244
2023-12-19 06:55:00+00:00,2023-12-19 07:00:00+00:00,2023-12-19 07:20:00+00:00,LONG,2,1,1,1,-1,1.0927900000000002,1.0919900000000002,1.0939900000000002,1.0939800000000002,TARGET,1.4875000000000305,1.1900000000000244
2023-12-20 08:55:00+00:00,2023-12-20 09:00:00+00:00,2023-12-20 09:15:00+00:00,LONG,2,-1,1,1,1,1.0961100000000001,1.0953100000000002,1.0973100000000002,1.0953000000000002,STOP,-1.0124999999999718,-0.8099999999999774
2023-12-21 05:55:00+00:00,2023-12-21 06:00:00+00:00,2023-12-21 06:10:00+00:00,LONG,2,1,-1,1,1,1.0954700000000002,1.0946700000000003,1.0966700000000003,1.0946600000000002,STOP,-1.0124999999999718,-0.8099999999999774
2023-12-22 06:55:00+00:00,2023-12-22 07:00:00+00:00,2023-12-22 07:20:00+00:00,SHORT,-2,-1,1,-1,-1,1.0993899999999999,1.1001899999999998,1.0981899999999998,1.1001999999999998,STOP,-1.0124999999999718,-0.8099999999999774
2023-12-25 06:55:00+00:00,2023-12-25 07:00:00+00:00,2023-12-25 07:10:00+00:00,LONG,2,1,1,1,-1,1.10165,1.10085,1.10285,1.10084,STOP,-1.0124999999999718,-0.8099999999999774
2023-12-26 07:55:00+00:00,2023-12-26 08:00:00+00:00,2023-12-26 09:15:00+00:00,SHORT,-2,-1,1,-1,-1,1.10225,1.1030499999999999,1.1010499999999999,1.10106,TARGET,1.4875000000000305,1.1900000000000244
2023-12-27 05:55:00+00:00,2023-12-27 06:00:00+00:00,2023-12-27 10:20:00+00:00,LONG,4,1,1,1,1,1.10437,1.1035700000000002,1.1055700000000002,1.10556,TARGET,1.4875000000000305,1.1900000000000244
2023-12-28 05:55:00+00:00,2023-12-28 06:00:00+00:00,2023-12-28 07:00:00+00:00,SHORT,-2,-1,-1,-1,1,1.1109,1.1117,1.1097,1.11171,STOP,-1.0124999999999718,-0.8099999999999774
2023-12-29 12:55:00+00:00,2023-12-29 13:00:00+00:00,2023-12-29 14:30:00+00:00,SHORT,-2,-1,-1,-1,1,1.10514,1.10594,1.10394,1.10595,STOP,-1.0124999999999718,-0.8099999999999774
2024-01-02 06:55:00+00:00,2024-01-02 07:00:00+00:00,2024-01-02 07:25:00+00:00,SHORT,-2,-1,1,-1,-1,1.1028499999999999,1.1036499999999998,1.1016499999999998,1.1036599999999999,STOP,-1.0124999999999718,-0.8099999999999774
2024-01-03 05:55:00+00:00,2024-01-03 06:00:00+00:00,2024-01-03 06:45:00+00:00,SHORT,-2,-1,1,-1,-1,1.09511,1.09591,1.09391,1.09592,STOP,-1.0124999999999718,-0.8099999999999774
2024-01-04 05:55:00+00:00,2024-01-04 06:00:00+00:00,2024-01-04 07:35:00+00:00,LONG,2,1,1,1,-1,1.09268,1.0918800000000002,1.0938800000000002,1.0938700000000001,TARGET,1.4875000000000305,1.1900000000000244
2024-01-05 08:55:00+00:00,2024-01-05 09:00:00+00:00,2024-01-05 09:15:00+00:00,SHORT,-2,1,-1,-1,-1,1.09074,1.09154,1.08954,1.09155,STOP,-1.0124999999999718,-0.8099999999999774
2024-01-08 05:55:00+00:00,2024-01-08 06:00:00+00:00,2024-01-08 07:05:00+00:00,LONG,2,1,-1,1,1,1.0937700000000001,1.0929700000000002,1.0949700000000002,1.0949600000000002,TARGET,1.4875000000000305,1.1900000000000244
2024-01-09 06:55:00+00:00,2024-01-09 07:00:00+00:00,2024-01-09 07:15:00+00:00,SHORT,-2,-1,1,-1,-1,1.095,1.0957999999999999,1.0937999999999999,1.09581,STOP,-1.0124999999999718,-0.8099999999999774
2024-01-10 07:55:00+00:00,2024-01-10 08:00:00+00:00,2024-01-10 08:05:00+00:00,SHORT,-4,-1,-1,-1,-1,1.0926,1.0934,1.0914,1.09341,STOP,-1.0124999999999718,-0.8099999999999774
2024-01-11 10:55:00+00:00,2024-01-11 11:00:00+00:00,2024-01-11 11:15:00+00:00,LONG,2,1,-1,1,1,1.0969200000000001,1.0961200000000002,1.0981200000000002,1.0981100000000001,TARGET,1.4875000000000305,1.1900000000000244
2024-01-12 07:55:00+00:00,2024-01-12 08:00:00+00:00,2024-01-12 08:30:00+00:00,LONG,2,1,1,-1,1,1.09671,1.0959100000000002,1.0979100000000002,1.0979,TARGET,1.4875000000000305,1.1900000000000244
2024-01-15 05:55:00+00:00,2024-01-15 06:00:00+00:00,2024-01-15 07:55:00+00:00,SHORT,-2,-1,1,-1,-1,1.09639,1.0971899999999999,1.0951899999999999,1.0952,TARGET,1.4875000000000305,1.1900000000000244
2024-01-16 05:55:00+00:00,2024-01-16 06:00:00+00:00,2024-01-16 08:30:00+00:00,LONG,2,1,-1,1,1,1.09155,1.09075,1.09275,1.09074,STOP,-1.0124999999999718,-0.8099999999999774
2024-01-17 05:55:00+00:00,2024-01-17 06:00:00+00:00,2024-01-17 06:10:00+00:00,LONG,2,1,-1,1,1,1.08653,1.08573,1.08773,1.08572,STOP,-1.0124999999999718,-0.8099999999999774
2024-01-18 09:55:00+00:00,2024-01-18 10:00:00+00:00,2024-01-18 10:10:00+00:00,SHORT,-2,1,-1,-1,-1,1.0884399999999999,1.0892399999999998,1.0872399999999998,1.0892499999999998,STOP,-1.0124999999999718,-0.8099999999999774
2024-01-19 06:55:00+00:00,2024-01-19 07:00:00+00:00,2024-01-19 08:15:00+00:00,LONG,2,1,-1,1,1,1.0881500000000002,1.0873500000000003,1.0893500000000003,1.0873400000000002,STOP,-1.0124999999999718,-0.8099999999999774
2024-01-22 06:55:00+00:00,2024-01-22 07:00:00+00:00,2024-01-22 08:00:00+00:00,LONG,2,1,1,-1,1,1.09051,1.0897100000000002,1.0917100000000002,1.0897000000000001,STOP,-1.0124999999999718,-0.8099999999999774
2024-01-23 05:55:00+00:00,2024-01-23 06:00:00+00:00,2024-01-23 08:40:00+00:00,LONG,2,1,1,1,-1,1.0907200000000001,1.0899200000000002,1.0919200000000002,1.0899100000000002,STOP,-1.0124999999999718,-0.8099999999999774
2024-01-24 05:55:00+00:00,2024-01-24 06:00:00+00:00,2024-01-24 07:25:00+00:00,SHORT,-3,0,-1,-1,-1,1.08619,1.08699,1.08499,1.087,STOP,-1.0124999999999718,-0.8099999999999774
2024-01-25 08:55:00+00:00,2024-01-25 09:00:00+00:00,2024-01-25 11:00:00+00:00,LONG,2,1,1,-1,1,1.08992,1.08912,1.09112,1.08911,STOP,-1.0124999999999718,-0.8099999999999774
2024-01-26 05:55:00+00:00,2024-01-26 06:00:00+00:00,2024-01-26 06:50:00+00:00,SHORT,-2,-1,-1,-1,1,1.08422,1.0850199999999999,1.0830199999999999,1.08303,TARGET,1.4875000000000305,1.1900000000000244
2024-01-29 05:55:00+00:00,2024-01-29 06:00:00+00:00,2024-01-29 07:30:00+00:00,SHORT,-2,-1,-1,-1,1,1.08399,1.08479,1.08279,1.0848,STOP,-1.0124999999999718,-0.8099999999999774
2024-01-30 06:55:00+00:00,2024-01-30 07:00:00+00:00,2024-01-30 07:50:00+00:00,SHORT,-2,1,-1,-1,-1,1.08148,1.08228,1.08028,1.08229,STOP,-1.0124999999999718,-0.8099999999999774
2024-01-31 08:55:00+00:00,2024-01-31 09:00:00+00:00,2024-01-31 09:00:00+00:00,SHORT,-2,-1,-1,-1,1,1.08189,1.08269,1.08069,1.0827,STOP,-1.0124999999999718,-0.8099999999999774
2024-02-01 06:55:00+00:00,2024-02-01 07:00:00+00:00,2024-02-01 08:05:00+00:00,SHORT,-2,1,-1,-1,-1,1.07957,1.0803699999999998,1.0783699999999998,1.07838,TARGET,1.4875000000000305,1.1900000000000244
2024-02-02 05:55:00+00:00,2024-02-02 06:00:00+00:00,2024-02-02 07:20:00+00:00,SHORT,-2,-1,-1,-1,1,1.0877299999999999,1.0885299999999998,1.0865299999999998,1.0885399999999998,STOP,-1.0124999999999718,-0.8099999999999774
2024-02-05 05:55:00+00:00,2024-02-05 06:00:00+00:00,2024-02-05 07:15:00+00:00,LONG,2,1,-1,1,1,1.07822,1.07742,1.07942,1.07741,STOP,-1.0124999999999718,-0.8099999999999774
2024-02-06 07:55:00+00:00,2024-02-06 08:00:00+00:00,2024-02-06 08:20:00+00:00,SHORT,-4,-1,-1,-1,-1,1.07516,1.0759599999999998,1.0739599999999998,1.0759699999999999,STOP,-1.0124999999999718,-0.8099999999999774
2024-02-07 05:55:00+00:00,2024-02-07 06:00:00+00:00,2024-02-07 11:55:00+00:00,LONG,2,-1,1,1,1,1.07629,1.07549,1.07749,1.07708,TIME,0.9875000000000855,0.7900000000000684
2024-02-08 06:55:00+00:00,2024-02-08 07:00:00+00:00,2024-02-08 08:35:00+00:00,SHORT,-2,-1,1,-1,-1,1.07838,1.0791799999999998,1.0771799999999998,1.0771899999999999,TARGET,1.4875000000000305,1.1900000000000244
2024-02-09 05:55:00+00:00,2024-02-09 06:00:00+00:00,2024-02-09 07:15:00+00:00,SHORT,-2,1,-1,-1,-1,1.0771,1.0778999999999999,1.0758999999999999,1.07791,STOP,-1.0124999999999718,-0.8099999999999774
2024-02-12 05:55:00+00:00,2024-02-12 06:00:00+00:00,2024-02-12 07:25:00+00:00,SHORT,-2,-1,1,-1,-1,1.07913,1.0799299999999998,1.0779299999999998,1.07994,STOP,-1.0124999999999718,-0.8099999999999774
2024-02-13 06:55:00+00:00,2024-02-13 07:00:00+00:00,2024-02-13 09:10:00+00:00,SHORT,-2,1,-1,-1,-1,1.07703,1.0778299999999998,1.0758299999999998,1.07584,TARGET,1.4875000000000305,1.1900000000000244
2024-02-14 06:55:00+00:00,2024-02-14 07:00:00+00:00,2024-02-14 08:00:00+00:00,SHORT,-2,1,-1,-1,-1,1.07162,1.07242,1.07042,1.07043,TARGET,1.4875000000000305,1.1900000000000244
2024-02-15 05:55:00+00:00,2024-02-15 06:00:00+00:00,2024-02-15 07:25:00+00:00,SHORT,-2,-1,1,-1,-1,1.07289,1.0736899999999998,1.0716899999999998,1.0736999999999999,STOP,-1.0124999999999718,-0.8099999999999774
2024-02-16 05:55:00+00:00,2024-02-16 06:00:00+00:00,2024-02-16 07:35:00+00:00,SHORT,-2,-1,-1,-1,1,1.0759999999999998,1.0767999999999998,1.0747999999999998,1.0768099999999998,STOP,-1.0124999999999718,-0.8099999999999774
2024-02-19 05:55:00+00:00,2024-02-19 06:00:00+00:00,2024-02-19 07:15:00+00:00,SHORT,-2,-1,1,-1,-1,1.07816,1.07896,1.07696,1.07897,STOP,-1.0124999999999718,-0.8099999999999774
2024-02-20 06:55:00+00:00,2024-02-20 07:00:00+00:00,2024-02-20 09:05:00+00:00,SHORT,-2,-1,-1,-1,1,1.07707,1.0778699999999999,1.0758699999999999,1.07788,STOP,-1.0124999999999718,-0.8099999999999774
2024-02-21 05:55:00+00:00,2024-02-21 06:00:00+00:00,2024-02-21 07:30:00+00:00,LONG,2,1,1,1,-1,1.0815400000000002,1.0807400000000003,1.0827400000000003,1.0807300000000002,STOP,-1.0124999999999718,-0.8099999999999774
2024-02-22 05:55:00+00:00,2024-02-22 06:00:00+00:00,2024-02-22 07:00:00+00:00,SHORT,-4,-1,-1,-1,-1,1.0833,1.0840999999999998,1.0820999999999998,1.08411,STOP,-1.0124999999999718,-0.8099999999999774
2024-02-23 05:55:00+00:00,2024-02-23 06:00:00+00:00,2024-02-23 07:15:00+00:00,SHORT,-2,1,-1,-1,-1,1.08226,1.08306,1.08106,1.08307,STOP,-1.0124999999999718,-0.8099999999999774
2024-02-26 05:55:00+00:00,2024-02-26 06:00:00+00:00,2024-02-26 07:35:00+00:00,LONG,2,1,1,1,-1,1.08233,1.08153,1.08353,1.08352,TARGET,1.4875000000000305,1.1900000000000244
2024-02-27 05:55:00+00:00,2024-02-27 06:00:00+00:00,2024-02-27 08:45:00+00:00,LONG,2,1,1,1,-1,1.08524,1.08444,1.08644,1.08643,TARGET,1.4875000000000305,1.1900000000000244
2024-02-28 05:55:00+00:00,2024-02-28 06:00:00+00:00,2024-02-28 07:25:00+00:00,LONG,2,1,-1,1,1,1.0827,1.0819,1.0839,1.08189,STOP,-1.0124999999999718,-0.8099999999999774
2024-02-29 08:55:00+00:00,2024-02-29 09:00:00+00:00,2024-02-29 09:00:00+00:00,SHORT,-2,-1,-1,-1,1,1.08388,1.0846799999999999,1.0826799999999999,1.08469,STOP,-1.0124999999999718,-0.8099999999999774
2024-03-01 07:55:00+00:00,2024-03-01 08:00:00+00:00,2024-03-01 10:10:00+00:00,LONG,2,1,1,1,-1,1.0813000000000001,1.0805000000000002,1.0825000000000002,1.0804900000000002,STOP,-1.0124999999999718,-0.8099999999999774
2024-03-04 06:55:00+00:00,2024-03-04 07:00:00+00:00,2024-03-04 08:30:00+00:00,LONG,2,-1,1,1,1,1.08473,1.08393,1.08593,1.08392,STOP,-1.0124999999999718,-0.8099999999999774
2024-03-05 07:55:00+00:00,2024-03-05 08:00:00+00:00,2024-03-05 13:55:00+00:00,LONG,2,-1,1,1,1,1.08466,1.08386,1.08586,1.0846099999999999,TIME,-0.0625000000001319,-0.050000000000105516
2024-03-06 08:55:00+00:00,2024-03-06 09:00:00+00:00,2024-03-06 14:00:00+00:00,LONG,2,1,1,1,-1,1.0873300000000001,1.0865300000000002,1.0885300000000002,1.0885200000000002,TARGET,1.4875000000000305,1.1900000000000244
2024-03-07 10:55:00+00:00,2024-03-07 11:00:00+00:00,2024-03-07 13:15:00+00:00,LONG,2,-1,1,1,1,1.08968,1.08888,1.09088,1.08887,STOP,-1.0124999999999718,-0.8099999999999774
2024-03-08 06:55:00+00:00,2024-03-08 07:00:00+00:00,2024-03-08 07:20:00+00:00,LONG,2,1,-1,1,1,1.0948600000000002,1.0940600000000003,1.0960600000000003,1.0940500000000002,STOP,-1.0124999999999718,-0.8099999999999774
2024-03-11 06:55:00+00:00,2024-03-11 07:00:00+00:00,2024-03-11 09:55:00+00:00,LONG,2,1,-1,1,1,1.09424,1.0934400000000002,1.0954400000000002,1.0934300000000001,STOP,-1.0124999999999718,-0.8099999999999774
2024-03-12 07:55:00+00:00,2024-03-12 08:00:00+00:00,2024-03-12 12:30:00+00:00,SHORT,-2,1,-1,-1,-1,1.09317,1.0939699999999999,1.0919699999999999,1.09398,STOP,-1.0124999999999718,-0.8099999999999774
2024-03-13 06:55:00+00:00,2024-03-13 07:00:00+00:00,2024-03-13 09:30:00+00:00,LONG,2,1,1,1,-1,1.0928200000000001,1.0920200000000002,1.0940200000000002,1.0920100000000001,STOP,-1.0124999999999718,-0.8099999999999774
2024-03-14 05:55:00+00:00,2024-03-14 06:00:00+00:00,2024-03-14 11:55:00+00:00,SHORT,-2,1,-1,-1,-1,1.09395,1.09475,1.0927499999999999,1.0941800000000002,TIME,-0.28750000000021814,-0.2300000000001745
2024-03-15 05:55:00+00:00,2024-03-15 06:00:00+00:00,2024-03-15 09:30:00+00:00,LONG,4,1,1,1,1,1.08773,1.0869300000000002,1.0889300000000002,1.08892,TARGET,1.4875000000000305,1.1900000000000244
2024-03-18 09:55:00+00:00,2024-03-18 10:00:00+00:00,2024-03-18 12:50:00+00:00,LONG,2,1,1,-1,1,1.08999,1.08919,1.09119,1.08918,STOP,-1.0124999999999718,-0.8099999999999774
2024-03-19 07:55:00+00:00,2024-03-19 08:00:00+00:00,2024-03-19 08:35:00+00:00,SHORT,-2,-1,-1,-1,1,1.08545,1.08625,1.08425,1.08426,TARGET,1.4875000000000305,1.1900000000000244
2024-03-20 07:55:00+00:00,2024-03-20 08:00:00+00:00,2024-03-20 08:35:00+00:00,SHORT,-2,-1,1,-1,-1,1.08653,1.08733,1.08533,1.08534,TARGET,1.4875000000000305,1.1900000000000244
2024-03-21 05:55:00+00:00,2024-03-21 06:00:00+00:00,2024-03-21 07:00:00+00:00,SHORT,-2,-1,1,-1,-1,1.0931499999999998,1.0939499999999998,1.0919499999999998,1.0939599999999998,STOP,-1.0124999999999718,-0.8099999999999774
2024-03-22 05:55:00+00:00,2024-03-22 06:00:00+00:00,2024-03-22 06:25:00+00:00,LONG,4,1,1,1,1,1.08416,1.08336,1.08536,1.08335,STOP,-1.0124999999999718,-0.8099999999999774
2024-03-25 05:55:00+00:00,2024-03-25 06:00:00+00:00,2024-03-25 07:55:00+00:00,LONG,4,1,1,1,1,1.08223,1.0814300000000001,1.0834300000000001,1.08142,STOP,-1.0124999999999718,-0.8099999999999774
2024-03-26 05:55:00+00:00,2024-03-26 06:00:00+00:00,2024-03-26 08:00:00+00:00,LONG,2,1,1,1,-1,1.08474,1.0839400000000001,1.0859400000000001,1.08393,STOP,-1.0124999999999718,-0.8099999999999774
2024-03-27 05:55:00+00:00,2024-03-27 06:00:00+00:00,2024-03-27 07:25:00+00:00,SHORT,-4,-1,-1,-1,-1,1.0826,1.0834,1.0814,1.08341,STOP,-1.0124999999999718,-0.8099999999999774
2024-03-28 06:55:00+00:00,2024-03-28 07:00:00+00:00,2024-03-28 07:15:00+00:00,SHORT,-2,-1,-1,1,-1,1.08177,1.0825699999999998,1.0805699999999998,1.0805799999999999,TARGET,1.4875000000000305,1.1900000000000244
2024-03-29 07:55:00+00:00,2024-03-29 08:00:00+00:00,2024-03-29 08:45:00+00:00,SHORT,-4,-1,-1,-1,-1,1.07679,1.0775899999999998,1.0755899999999998,1.0776,STOP,-1.0124999999999718,-0.8099999999999774
2024-04-01 05:55:00+00:00,2024-04-01 06:00:00+00:00,2024-04-01 11:55:00+00:00,LONG,2,-1,1,1,1,1.07853,1.07773,1.07973,1.07838,TIME,-0.18750000000011813,-0.1500000000000945
2024-04-02 05:55:00+00:00,2024-04-02 06:00:00+00:00,2024-04-02 07:30:00+00:00,SHORT,-4,-1,-1,-1,-1,1.0726499999999999,1.0734499999999998,1.0714499999999998,1.0734599999999999,STOP,-1.0124999999999718,-0.8099999999999774
2024-04-03 08:55:00+00:00,2024-04-03 09:00:00+00:00,2024-04-03 11:10:00+00:00,SHORT,-4,-1,-1,-1,-1,1.07713,1.0779299999999998,1.0759299999999998,1.07794,STOP,-1.0124999999999718,-0.8099999999999774
2024-04-04 06:55:00+00:00,2024-04-04 07:00:00+00:00,2024-04-04 07:15:00+00:00,SHORT,-2,1,-1,-1,-1,1.08398,1.0847799999999999,1.0827799999999999,1.08479,STOP,-1.0124999999999718,-0.8099999999999774
2024-04-05 05:55:00+00:00,2024-04-05 06:00:00+00:00,2024-04-05 07:45:00+00:00,LONG,2,1,1,1,-1,1.08275,1.0819500000000002,1.0839500000000002,1.0839400000000001,TARGET,1.4875000000000305,1.1900000000000244
2024-04-08 06:55:00+00:00,2024-04-08 07:00:00+00:00,2024-04-08 08:45:00+00:00,LONG,2,1,-1,1,1,1.0834300000000001,1.0826300000000002,1.0846300000000002,1.0826200000000001,STOP,-1.0124999999999718,-0.8099999999999774
2024-04-09 06:55:00+00:00,2024-04-09 07:00:00+00:00,2024-04-09 07:15:00+00:00,SHORT,-4,-1,-1,-1,-1,1.0852,1.0859999999999999,1.0839999999999999,1.08601,STOP,-1.0124999999999718,-0.8099999999999774
2024-04-10 05:55:00+00:00,2024-04-10 06:00:00+00:00,2024-04-10 08:25:00+00:00,SHORT,-2,1,-1,-1,-1,1.08516,1.0859599999999998,1.0839599999999998,1.0859699999999999,STOP,-1.0124999999999718,-0.8099999999999774
2024-04-11 06:55:00+00:00,2024-04-11 07:00:00+00:00,2024-04-11 07:05:00+00:00,SHORT,-4,-1,-1,-1,-1,1.07281,1.07361,1.07161,1.07362,STOP,-1.0124999999999718,-0.8099999999999774
2024-04-12 07:55:00+00:00,2024-04-12 08:00:00+00:00,2024-04-12 08:10:00+00:00,LONG,2,-1,1,1,1,1.06847,1.0676700000000001,1.0696700000000001,1.06766,STOP,-1.0124999999999718,-0.8099999999999774
2024-04-15 05:55:00+00:00,2024-04-15 06:00:00+00:00,2024-04-15 07:05:00+00:00,LONG,4,1,1,1,1,1.06579,1.06499,1.06699,1.06498,STOP,-1.0124999999999718,-0.8099999999999774
2024-04-16 05:55:00+00:00,2024-04-16 06:00:00+00:00,2024-04-16 06:10:00+00:00,LONG,4,1,1,1,1,1.06186,1.0610600000000001,1.0630600000000001,1.06105,STOP,-1.0124999999999718,-0.8099999999999774
2024-04-17 06:55:00+00:00,2024-04-17 07:00:00+00:00,2024-04-17 07:15:00+00:00,LONG,4,1,1,1,1,1.06349,1.0626900000000001,1.0646900000000001,1.06268,STOP,-1.0124999999999718,-0.8099999999999774
2024-04-18 05:55:00+00:00,2024-04-18 06:00:00+00:00,2024-04-18 06:15:00+00:00,SHORT,-4,-1,-1,-1,-1,1.06809,1.06889,1.06689,1.0689,STOP,-1.0124999999999718,-0.8099999999999774
2024-04-19 06:55:00+00:00,2024-04-19 07:00:00+00:00,2024-04-19 07:50:00+00:00,LONG,2,-1,1,1,1,1.0645200000000001,1.0637200000000002,1.0657200000000002,1.0657100000000002,TARGET,1.4875000000000305,1.1900000000000244
2024-04-22 05:55:00+00:00,2024-04-22 06:00:00+00:00,2024-04-22 07:30:00+00:00,LONG,2,-1,1,1,1,1.0663900000000002,1.0655900000000003,1.0675900000000003,1.0655800000000002,STOP,-1.0124999999999718,-0.8099999999999774
2024-04-23 07:55:00+00:00,2024-04-23 08:00:00+00:00,2024-04-23 09:00:00+00:00,SHORT,-2,-1,-1,1,-1,1.06785,1.0686499999999999,1.0666499999999999,1.06666,TARGET,1.4875000000000305,1.1900000000000244
2024-04-24 05:55:00+00:00,2024-04-24 06:00:00+00:00,2024-04-24 07:10:00+00:00,SHORT,-4,-1,-1,-1,-1,1.07012,1.0709199999999999,1.0689199999999999,1.06893,TARGET,1.4875000000000305,1.1900000000000244
2024-04-25 05:55:00+00:00,2024-04-25 06:00:00+00:00,2024-04-25 06:35:00+00:00,LONG,4,1,1,1,1,1.07125,1.0704500000000001,1.0724500000000001,1.07244,TARGET,1.4875000000000305,1.1900000000000244
2024-04-26 11:55:00+00:00,2024-04-26 12:00:00+00:00,2024-04-26 12:30:00+00:00,SHORT,-4,-1,-1,-1,-1,1.0715599999999998,1.0723599999999998,1.0703599999999998,1.0723699999999998,STOP,-1.0124999999999718,-0.8099999999999774
2024-04-29 08:55:00+00:00,2024-04-29 09:00:00+00:00,2024-04-29 09:30:00+00:00,SHORT,-2,-1,1,-1,-1,1.0704399999999998,1.0712399999999997,1.0692399999999997,1.0712499999999998,STOP,-1.0124999999999718,-0.8099999999999774
2024-04-30 06:55:00+00:00,2024-04-30 07:00:00+00:00,2024-04-30 08:15:00+00:00,LONG,4,1,1,1,1,1.0705200000000001,1.0697200000000002,1.0717200000000002,1.0697100000000002,STOP,-1.0124999999999718,-0.8099999999999774
2024-05-01 07:55:00+00:00,2024-05-01 08:00:00+00:00,2024-05-01 09:35:00+00:00,LONG,2,1,-1,1,1,1.06612,1.06532,1.06732,1.06731,TARGET,1.4875000000000305,1.1900000000000244
2024-05-02 05:55:00+00:00,2024-05-02 06:00:00+00:00,2024-05-02 08:15:00+00:00,LONG,2,1,-1,1,1,1.0716400000000001,1.0708400000000002,1.0728400000000002,1.0708300000000002,STOP,-1.0124999999999718,-0.8099999999999774
2024-05-03 06:55:00+00:00,2024-05-03 07:00:00+00:00,2024-05-03 07:50:00+00:00,SHORT,-2,-1,1,-1,-1,1.07297,1.07377,1.07177,1.07378,STOP,-1.0124999999999718,-0.8099999999999774
2024-05-06 05:55:00+00:00,2024-05-06 06:00:00+00:00,2024-05-06 07:20:00+00:00,SHORT,-2,-1,-1,1,-1,1.07609,1.07689,1.07489,1.0769,STOP,-1.0124999999999718,-0.8099999999999774
2024-05-07 06:55:00+00:00,2024-05-07 07:00:00+00:00,2024-05-07 08:10:00+00:00,LONG,2,1,-1,1,1,1.07639,1.07559,1.07759,1.07558,STOP,-1.0124999999999718,-0.8099999999999774
2024-05-08 07:55:00+00:00,2024-05-08 08:00:00+00:00,2024-05-08 09:00:00+00:00,SHORT,-2,1,-1,-1,-1,1.07384,1.0746399999999998,1.0726399999999998,1.0746499999999999,STOP,-1.0124999999999718,-0.8099999999999774
2024-05-09 06:55:00+00:00,2024-05-09 07:00:00+00:00,2024-05-09 11:40:00+00:00,SHORT,-4,-1,-1,-1,-1,1.07372,1.07452,1.07252,1.07253,TARGET,1.4875000000000305,1.1900000000000244
2024-05-10 09:55:00+00:00,2024-05-10 10:00:00+00:00,2024-05-10 12:45:00+00:00,SHORT,-2,-1,-1,-1,1,1.07795,1.0787499999999999,1.0767499999999999,1.07676,TARGET,1.4875000000000305,1.1900000000000244
2024-05-13 06:55:00+00:00,2024-05-13 07:00:00+00:00,2024-05-13 07:30:00+00:00,SHORT,-2,1,-1,-1,-1,1.07699,1.0777899999999998,1.0757899999999998,1.0777999999999999,STOP,-1.0124999999999718,-0.8099999999999774
2024-05-14 06:55:00+00:00,2024-05-14 07:00:00+00:00,2024-05-14 08:10:00+00:00,LONG,4,1,1,1,1,1.0788,1.078,1.08,1.07799,STOP,-1.0124999999999718,-0.8099999999999774
2024-05-15 05:55:00+00:00,2024-05-15 06:00:00+00:00,2024-05-15 11:55:00+00:00,LONG,2,1,-1,1,1,1.0827200000000001,1.0819200000000002,1.0839200000000002,1.0829199999999999,TIME,0.2499999999996949,0.19999999999975593
2024-05-16 08:55:00+00:00,2024-05-16 09:00:00+00:00,2024-05-16 11:25:00+00:00,LONG,2,1,1,1,-1,1.08735,1.0865500000000001,1.0885500000000001,1.08654,STOP,-1.0124999999999718,-0.8099999999999774
2024-05-17 06:55:00+00:00,2024-05-17 07:00:00+00:00,2024-05-17 08:05:00+00:00,LONG,4,1,1,1,1,1.0863,1.0855000000000001,1.0875000000000001,1.08549,STOP,-1.0124999999999718,-0.8099999999999774
2024-05-20 05:55:00+00:00,2024-05-20 06:00:00+00:00,2024-05-20 09:25:00+00:00,SHORT,-2,-1,1,-1,-1,1.08802,1.08882,1.08682,1.08683,TARGET,1.4875000000000305,1.1900000000000244
2024-05-21 05:55:00+00:00,2024-05-21 06:00:00+00:00,2024-05-21 07:15:00+00:00,SHORT,-2,-1,1,-1,-1,1.08582,1.08662,1.08462,1.08663,STOP,-1.0124999999999718,-0.8099999999999774
2024-05-22 07:55:00+00:00,2024-05-22 08:00:00+00:00,2024-05-22 09:10:00+00:00,SHORT,-2,1,-1,-1,-1,1.0857599999999998,1.0865599999999997,1.0845599999999997,1.0845699999999998,TARGET,1.4875000000000305,1.1900000000000244
2024-05-23 06:55:00+00:00,2024-05-23 07:00:00+00:00,2024-05-23 07:15:00+00:00,LONG,2,-1,1,1,1,1.08271,1.0819100000000001,1.0839100000000002,1.0819,STOP,-1.0124999999999718,-0.8099999999999774
2024-05-24 05:55:00+00:00,2024-05-24 06:00:00+00:00,2024-05-24 07:45:00+00:00,LONG,3,1,1,1,0,1.08111,1.08031,1.08231,1.0823,TARGET,1.4875000000000305,1.1900000000000244
2024-05-27 06:55:00+00:00,2024-05-27 07:00:00+00:00,2024-05-27 09:55:00+00:00,LONG,4,1,1,1,1,1.08514,1.08434,1.08634,1.08633,TARGET,1.4875000000000305,1.1900000000000244
2024-05-28 09:55:00+00:00,2024-05-28 10:00:00+00:00,2024-05-28 13:45:00+00:00,LONG,2,-1,1,1,1,1.08772,1.08692,1.08892,1.08691,STOP,-1.0124999999999718,-0.8099999999999774
2024-05-29 07:55:00+00:00,2024-05-29 08:00:00+00:00,2024-05-29 08:00:00+00:00,SHORT,-4,-1,-1,-1,-1,1.08518,1.08598,1.08398,1.08399,TARGET,1.4875000000000305,1.1900000000000244
2024-05-30 12:55:00+00:00,2024-05-30 13:00:00+00:00,2024-05-30 14:45:00+00:00,LONG,2,1,-1,1,1,1.08295,1.0821500000000002,1.0841500000000002,1.08414,TARGET,1.4875000000000305,1.1900000000000244
2024-05-31 06:55:00+00:00,2024-05-31 07:00:00+00:00,2024-05-31 08:35:00+00:00,LONG,2,1,1,-1,1,1.0824200000000002,1.0816200000000002,1.0836200000000002,1.0836100000000002,TARGET,1.4875000000000305,1.1900000000000244
2024-06-03 05:55:00+00:00,2024-06-03 06:00:00+00:00,2024-06-03 07:50:00+00:00,LONG,2,1,1,-1,1,1.08527,1.08447,1.08647,1.08446,STOP,-1.0124999999999718,-0.8099999999999774
2024-06-04 05:55:00+00:00,2024-06-04 06:00:00+00:00,2024-06-04 07:20:00+00:00,SHORT,-2,-1,1,-1,-1,1.0902999999999998,1.0910999999999997,1.0890999999999997,1.0891099999999998,TARGET,1.4875000000000305,1.1900000000000244
2024-06-05 05:55:00+00:00,2024-06-05 06:00:00+00:00,2024-06-05 07:50:00+00:00,LONG,2,-1,1,1,1,1.0879400000000001,1.0871400000000002,1.0891400000000002,1.0871300000000002,STOP,-1.0124999999999718,-0.8099999999999774
2024-06-06 05:55:00+00:00,2024-06-06 06:00:00+00:00,2024-06-06 06:30:00+00:00,LONG,2,1,-1,1,1,1.08851,1.0877100000000002,1.0897100000000002,1.0877000000000001,STOP,-1.0124999999999718,-0.8099999999999774
2024-06-07 06:55:00+00:00,2024-06-07 07:00:00+00:00,2024-06-07 08:45:00+00:00,LONG,2,-1,1,1,1,1.08925,1.0884500000000001,1.0904500000000001,1.08844,STOP,-1.0124999999999718,-0.8099999999999774
2024-06-10 05:55:00+00:00,2024-06-10 06:00:00+00:00,2024-06-10 07:50:00+00:00,LONG,4,1,1,1,1,1.07538,1.07458,1.07658,1.07657,TARGET,1.4875000000000305,1.1900000000000244
2024-06-11 05:55:00+00:00,2024-06-11 06:00:00+00:00,2024-06-11 06:50:00+00:00,SHORT,-4,-1,-1,-1,-1,1.07653,1.07733,1.07533,1.07734,STOP,-1.0124999999999718,-0.8099999999999774
2024-06-12 05:55:00+00:00,2024-06-12 06:00:00+00:00,2024-06-12 07:15:00+00:00,LONG,4,1,1,1,1,1.0746200000000001,1.0738200000000002,1.0758200000000002,1.0738100000000002,STOP,-1.0124999999999718,-0.8099999999999774
2024-06-13 07:55:00+00:00,2024-06-13 08:00:00+00:00,2024-06-13 09:55:00+00:00,SHORT,-2,-1,1,-1,-1,1.0814,1.0821999999999998,1.0801999999999998,1.08021,TARGET,1.4875000000000305,1.1900000000000244
2024-06-14 06:55:00+00:00,2024-06-14 07:00:00+00:00,2024-06-14 07:10:00+00:00,LONG,2,1,1,1,-1,1.07251,1.0717100000000002,1.0737100000000002,1.0717,STOP,-1.0124999999999718,-0.8099999999999774
2024-06-17 05:55:00+00:00,2024-06-17 06:00:00+00:00,2024-06-17 06:05:00+00:00,SHORT,-2,-1,-1,-1,1,1.06995,1.0707499999999999,1.0687499999999999,1.06876,TARGET,1.4875000000000305,1.1900000000000244
2024-06-18 05:55:00+00:00,2024-06-18 06:00:00+00:00,2024-06-18 08:35:00+00:00,LONG,2,1,1,1,-1,1.0723500000000001,1.0715500000000002,1.0735500000000002,1.0715400000000002,STOP,-1.0124999999999718,-0.8099999999999774
2024-06-19 06:55:00+00:00,2024-06-19 07:00:00+00:00,2024-06-19 09:15:00+00:00,LONG,2,1,-1,1,1,1.0731300000000001,1.0723300000000002,1.0743300000000002,1.0743200000000002,TARGET,1.4875000000000305,1.1900000000000244
2024-06-20 05:55:00+00:00,2024-06-20 06:00:00+00:00,2024-06-20 07:55:00+00:00,SHORT,-2,-1,-1,-1,1,1.07372,1.07452,1.07252,1.07253,TARGET,1.4875000000000305,1.1900000000000244
2024-06-21 08:55:00+00:00,2024-06-21 09:00:00+00:00,2024-06-21 10:45:00+00:00,SHORT,-2,1,-1,-1,-1,1.06908,1.06988,1.06788,1.06789,TARGET,1.4875000000000305,1.1900000000000244
2024-06-24 05:55:00+00:00,2024-06-24 06:00:00+00:00,2024-06-24 07:35:00+00:00,LONG,2,1,-1,1,1,1.0699,1.0691000000000002,1.0711000000000002,1.07109,TARGET,1.4875000000000305,1.1900000000000244
2024-06-25 06:55:00+00:00,2024-06-25 07:00:00+00:00,2024-06-25 11:15:00+00:00,SHORT,-2,-1,-1,1,-1,1.07316,1.0739599999999998,1.0719599999999998,1.0719699999999999,TARGET,1.4875000000000305,1.1900000000000244
2024-06-26 05:55:00+00:00,2024-06-26 06:00:00+00:00,2024-06-26 07:10:00+00:00,SHORT,-4,-1,-1,-1,-1,1.07037,1.07117,1.06917,1.06918,TARGET,1.4875000000000305,1.1900000000000244
2024-06-27 07:55:00+00:00,2024-06-27 08:00:00+00:00,2024-06-27 09:25:00+00:00,SHORT,-3,0,-1,-1,-1,1.069,1.0697999999999999,1.0677999999999999,1.06981,STOP,-1.0124999999999718,-0.8099999999999774
2024-06-28 07:55:00+00:00,2024-06-28 08:00:00+00:00,2024-06-28 09:40:00+00:00,SHORT,-4,-1,-1,-1,-1,1.06967,1.0704699999999998,1.0684699999999998,1.0704799999999999,STOP,-1.0124999999999718,-0.8099999999999774
2024-07-01 05:55:00+00:00,2024-07-01 06:00:00+00:00,2024-07-01 06:00:00+00:00,SHORT,-2,-1,-1,1,-1,1.07554,1.0763399999999999,1.0743399999999999,1.07635,STOP,-1.0124999999999718,-0.8099999999999774
2024-07-02 06:55:00+00:00,2024-07-02 07:00:00+00:00,2024-07-02 07:45:00+00:00,SHORT,-2,-1,-1,-1,1,1.0724799999999999,1.0732799999999998,1.0712799999999998,1.0712899999999999,TARGET,1.4875000000000305,1.1900000000000244
2024-07-03 05:55:00+00:00,2024-07-03 06:00:00+00:00,2024-07-03 06:55:00+00:00,SHORT,-2,-1,1,-1,-1,1.07384,1.0746399999999998,1.0726399999999998,1.0746499999999999,STOP,-1.0124999999999718,-0.8099999999999774
2024-07-04 05:55:00+00:00,2024-07-04 06:00:00+00:00,2024-07-04 08:25:00+00:00,LONG,2,-1,1,1,1,1.07904,1.07824,1.08024,1.08023,TARGET,1.4875000000000305,1.1900000000000244
2024-07-05 06:55:00+00:00,2024-07-05 07:00:00+00:00,2024-07-05 07:35:00+00:00,SHORT,-4,-1,-1,-1,-1,1.0818999999999999,1.0826999999999998,1.0806999999999998,1.0827099999999998,STOP,-1.0124999999999718,-0.8099999999999774
2024-07-08 06:55:00+00:00,2024-07-08 07:00:00+00:00,2024-07-08 07:15:00+00:00,SHORT,-4,-1,-1,-1,-1,1.0821699999999999,1.0829699999999998,1.0809699999999998,1.0829799999999998,STOP,-1.0124999999999718,-0.8099999999999774
2024-07-09 06:55:00+00:00,2024-07-09 07:00:00+00:00,2024-07-09 11:40:00+00:00,SHORT,-2,-1,-1,-1,1,1.08246,1.08326,1.0812599999999999,1.08127,TARGET,1.4875000000000305,1.1900000000000244
2024-07-10 07:55:00+00:00,2024-07-10 08:00:00+00:00,2024-07-10 09:20:00+00:00,SHORT,-4,-1,-1,-1,-1,1.0816,1.0823999999999998,1.0803999999999998,1.0824099999999999,STOP,-1.0124999999999718,-0.8099999999999774
2024-07-11 08:55:00+00:00,2024-07-11 09:00:00+00:00,2024-07-11 12:30:00+00:00,LONG,3,0,1,1,1,1.08475,1.0839500000000002,1.0859500000000002,1.0859400000000001,TARGET,1.4875000000000305,1.1900000000000244
2024-07-12 05:55:00+00:00,2024-07-12 06:00:00+00:00,2024-07-12 08:00:00+00:00,SHORT,-2,-1,1,-1,-1,1.08693,1.0877299999999999,1.0857299999999999,1.08774,STOP,-1.0124999999999718,-0.8099999999999774
2024-07-15 05:55:00+00:00,2024-07-15 06:00:00+00:00,2024-07-15 06:25:00+00:00,LONG,2,1,1,-1,1,1.0894700000000002,1.0886700000000002,1.0906700000000003,1.0886600000000002,STOP,-1.0124999999999718,-0.8099999999999774
2024-07-16 07:55:00+00:00,2024-07-16 08:00:00+00:00,2024-07-16 12:30:00+00:00,LONG,2,1,1,1,-1,1.0899400000000001,1.0891400000000002,1.0911400000000002,1.0891300000000002,STOP,-1.0124999999999718,-0.8099999999999774
2024-07-17 07:55:00+00:00,2024-07-17 08:00:00+00:00,2024-07-17 08:30:00+00:00,SHORT,-2,-1,-1,-1,1,1.09084,1.09164,1.08964,1.09165,STOP,-1.0124999999999718,-0.8099999999999774
2024-07-18 08:55:00+00:00,2024-07-18 09:00:00+00:00,2024-07-18 13:20:00+00:00,SHORT,-2,1,-1,-1,-1,1.0930499999999999,1.0938499999999998,1.0918499999999998,1.0918599999999998,TARGET,1.4875000000000305,1.1900000000000244
2024-07-19 07:55:00+00:00,2024-07-19 08:00:00+00:00,2024-07-19 08:00:00+00:00,LONG,2,1,-1,1,1,1.0888200000000001,1.0880200000000002,1.0900200000000002,1.0880100000000001,STOP,-1.0124999999999718,-0.8099999999999774
2024-07-22 05:55:00+00:00,2024-07-22 06:00:00+00:00,2024-07-22 11:55:00+00:00,LONG,2,1,-1,1,1,1.08847,1.0876700000000001,1.0896700000000001,1.08856,TIME,0.11249999999990434,0.08999999999992347
2024-07-23 05:55:00+00:00,2024-07-23 06:00:00+00:00,2024-07-23 06:30:00+00:00,LONG,2,1,-1,1,1,1.0890300000000002,1.0882300000000003,1.0902300000000003,1.0882200000000002,STOP,-1.0124999999999718,-0.8099999999999774
2024-07-24 05:55:00+00:00,2024-07-24 06:00:00+00:00,2024-07-24 06:30:00+00:00,LONG,2,1,-1,1,1,1.08528,1.08448,1.0864800000000001,1.08447,STOP,-1.0124999999999718,-0.8099999999999774
2024-07-25 09:55:00+00:00,2024-07-25 10:00:00+00:00,2024-07-25 12:30:00+00:00,SHORT,-4,-1,-1,-1,-1,1.08513,1.0859299999999998,1.0839299999999998,1.08394,TARGET,1.4875000000000305,1.1900000000000244
2024-07-26 05:55:00+00:00,2024-07-26 06:00:00+00:00,2024-07-26 07:55:00+00:00,SHORT,-2,-1,-1,-1,1,1.08571,1.0865099999999999,1.0845099999999999,1.08452,TARGET,1.4875000000000305,1.1900000000000244
2024-07-29 06:55:00+00:00,2024-07-29 07:00:00+00:00,2024-07-29 07:15:00+00:00,LONG,2,1,-1,1,1,1.08582,1.08502,1.08702,1.08501,STOP,-1.0124999999999718,-0.8099999999999774
2024-07-30 07:55:00+00:00,2024-07-30 08:00:00+00:00,2024-07-30 08:05:00+00:00,SHORT,-2,-1,-1,-1,1,1.08186,1.08266,1.08066,1.08267,STOP,-1.0124999999999718,-0.8099999999999774
2024-07-31 06:55:00+00:00,2024-07-31 07:00:00+00:00,2024-07-31 07:00:00+00:00,LONG,2,1,-1,1,1,1.0825500000000001,1.0817500000000002,1.0837500000000002,1.0817400000000001,STOP,-1.0124999999999718,-0.8099999999999774
2024-08-01 08:55:00+00:00,2024-08-01 09:00:00+00:00,2024-08-01 11:05:00+00:00,SHORT,-2,-1,-1,-1,1,1.0784099999999999,1.0792099999999998,1.0772099999999998,1.0792199999999998,STOP,-1.0124999999999718,-0.8099999999999774
2024-08-02 08:55:00+00:00,2024-08-02 09:00:00+00:00,2024-08-02 11:05:00+00:00,LONG,2,1,1,1,-1,1.08149,1.0806900000000002,1.0826900000000002,1.08268,TARGET,1.4875000000000305,1.1900000000000244
2024-08-05 07:55:00+00:00,2024-08-05 08:00:00+00:00,2024-08-05 08:00:00+00:00,SHORT,-2,-1,1,-1,-1,1.09487,1.09567,1.09367,1.09568,STOP,-1.0124999999999718,-0.8099999999999774
2024-08-06 08:55:00+00:00,2024-08-06 09:00:00+00:00,2024-08-06 09:10:00+00:00,SHORT,-2,-1,1,-1,-1,1.09276,1.0935599999999999,1.0915599999999999,1.09157,TARGET,1.4875000000000305,1.1900000000000244
2024-08-07 06:55:00+00:00,2024-08-07 07:00:00+00:00,2024-08-07 07:50:00+00:00,LONG,4,1,1,1,1,1.0915300000000001,1.0907300000000002,1.0927300000000002,1.0927200000000001,TARGET,1.4875000000000305,1.1900000000000244
2024-08-08 05:55:00+00:00,2024-08-08 06:00:00+00:00,2024-08-08 09:45:00+00:00,LONG,2,1,-1,1,1,1.09359,1.0927900000000002,1.0947900000000002,1.09278,STOP,-1.0124999999999718,-0.8099999999999774
2024-08-09 09:55:00+00:00,2024-08-09 10:00:00+00:00,2024-08-09 14:15:00+00:00,SHORT,-2,-1,1,-1,-1,1.09194,1.0927399999999998,1.0907399999999998,1.0927499999999999,STOP,-1.0124999999999718,-0.8099999999999774
2024-08-12 11:55:00+00:00,2024-08-12 12:00:00+00:00,2024-08-12 12:45:00+00:00,LONG,2,-1,1,1,1,1.09261,1.0918100000000002,1.0938100000000002,1.0918,STOP,-1.0124999999999718,-0.8099999999999774
2024-08-13 06:55:00+00:00,2024-08-13 07:00:00+00:00,2024-08-13 08:25:00+00:00,SHORT,-2,-1,1,-1,-1,1.0933199999999998,1.0941199999999998,1.0921199999999998,1.0921299999999998,TARGET,1.4875000000000305,1.1900000000000244
2024-08-14 08:55:00+00:00,2024-08-14 09:00:00+00:00,2024-08-14 12:30:00+00:00,LONG,2,1,-1,1,1,1.10196,1.1011600000000001,1.1031600000000001,1.10115,STOP,-1.0124999999999718,-0.8099999999999774
2024-08-15 05:55:00+00:00,2024-08-15 06:00:00+00:00,2024-08-15 11:55:00+00:00,SHORT,-2,-1,-1,-1,1,1.10097,1.10177,1.09977,1.10135,TIME,-0.4750000000000587,-0.38000000000004697
2024-08-16 12:55:00+00:00,2024-08-16 13:00:00+00:00,2024-08-16 14:40:00+00:00,LONG,2,1,-1,1,1,1.09942,1.0986200000000002,1.1006200000000002,1.09861,STOP,-1.0124999999999718,-0.8099999999999774
2024-08-19 06:55:00+00:00,2024-08-19 07:00:00+00:00,2024-08-19 08:20:00+00:00,SHORT,-2,-1,1,-1,-1,1.10418,1.1049799999999999,1.1029799999999998,1.10499,STOP,-1.0124999999999718,-0.8099999999999774
2024-08-20 07:55:00+00:00,2024-08-20 08:00:00+00:00,2024-08-20 08:25:00+00:00,LONG,2,1,1,1,-1,1.1087,1.1079,1.1099,1.10789,STOP,-1.0124999999999718,-0.8099999999999774
2024-08-21 11:55:00+00:00,2024-08-21 12:00:00+00:00,2024-08-21 12:35:00+00:00,LONG,3,1,1,1,0,1.11151,1.11071,1.11271,1.1127,TARGET,1.4875000000000305,1.1900000000000244
2024-08-22 05:55:00+00:00,2024-08-22 06:00:00+00:00,2024-08-22 07:15:00+00:00,LONG,2,1,1,1,-1,1.11433,1.1135300000000001,1.1155300000000001,1.11552,TARGET,1.4875000000000305,1.1900000000000244
2024-08-23 05:55:00+00:00,2024-08-23 06:00:00+00:00,2024-08-23 07:35:00+00:00,LONG,2,1,1,1,-1,1.1126200000000002,1.1118200000000003,1.1138200000000003,1.1118100000000002,STOP,-1.0124999999999718,-0.8099999999999774
2024-08-26 06:55:00+00:00,2024-08-26 07:00:00+00:00,2024-08-26 11:15:00+00:00,SHORT,-2,-1,-1,-1,1,1.11812,1.11892,1.11692,1.11693,TARGET,1.4875000000000305,1.1900000000000244
2024-08-27 08:55:00+00:00,2024-08-27 09:00:00+00:00,2024-08-27 09:15:00+00:00,SHORT,-2,-1,-1,-1,1,1.11665,1.1174499999999998,1.1154499999999998,1.11746,STOP,-1.0124999999999718,-0.8099999999999774
2024-08-28 09:55:00+00:00,2024-08-28 10:00:00+00:00,2024-08-28 10:45:00+00:00,SHORT,-2,-1,1,-1,-1,1.11357,1.1143699999999999,1.1123699999999999,1.11238,TARGET,1.4875000000000305,1.1900000000000244
2024-08-29 07:55:00+00:00,2024-08-29 08:00:00+00:00,2024-08-29 08:00:00+00:00,LONG,2,1,-1,1,1,1.11301,1.1122100000000001,1.1142100000000001,1.1122,STOP,-1.0124999999999718,-0.8099999999999774
2024-08-30 06:55:00+00:00,2024-08-30 07:00:00+00:00,2024-08-30 07:10:00+00:00,LONG,4,1,1,1,1,1.1085200000000002,1.1077200000000003,1.1097200000000003,1.1077100000000002,STOP,-1.0124999999999718,-0.8099999999999774
2024-09-02 09:55:00+00:00,2024-09-02 10:00:00+00:00,2024-09-02 15:55:00+00:00,SHORT,-2,-1,1,-1,-1,1.10689,1.1076899999999998,1.1056899999999998,1.1068200000000001,TIME,0.08749999999974056,0.06999999999979245
2024-09-03 05:55:00+00:00,2024-09-03 06:00:00+00:00,2024-09-03 06:30:00+00:00,LONG,4,1,1,1,1,1.10599,1.1051900000000001,1.1071900000000001,1.10518,STOP,-1.0124999999999718,-0.8099999999999774
2024-09-04 07:55:00+00:00,2024-09-04 08:00:00+00:00,2024-09-04 11:50:00+00:00,SHORT,-4,-1,-1,-1,-1,1.10555,1.10635,1.10435,1.10436,TARGET,1.4875000000000305,1.1900000000000244
2024-09-05 07:55:00+00:00,2024-09-05 08:00:00+00:00,2024-09-05 08:25:00+00:00,LONG,4,1,1,1,1,1.10873,1.10793,1.10993,1.10992,TARGET,1.4875000000000305,1.1900000000000244
2024-09-06 07:55:00+00:00,2024-09-06 08:00:00+00:00,2024-09-06 09:15:00+00:00,LONG,2,1,1,1,-1,1.11161,1.11081,1.11281,1.1108,STOP,-1.0124999999999718,-0.8099999999999774
2024-09-09 05:55:00+00:00,2024-09-09 06:00:00+00:00,2024-09-09 07:00:00+00:00,SHORT,-2,-1,1,-1,-1,1.1069,1.1077,1.1057,1.10571,TARGET,1.4875000000000305,1.1900000000000244
2024-09-10 05:55:00+00:00,2024-09-10 06:00:00+00:00,2024-09-10 06:55:00+00:00,SHORT,-2,-1,1,-1,-1,1.1039299999999999,1.1047299999999998,1.1027299999999998,1.1047399999999998,STOP,-1.0124999999999718,-0.8099999999999774
2024-09-11 05:55:00+00:00,2024-09-11 06:00:00+00:00,2024-09-11 07:30:00+00:00,SHORT,-2,-1,1,-1,-1,1.10436,1.10516,1.10316,1.10517,STOP,-1.0124999999999718,-0.8099999999999774
2024-09-12 05:55:00+00:00,2024-09-12 06:00:00+00:00,2024-09-12 06:50:00+00:00,LONG,4,1,1,1,1,1.10223,1.1014300000000001,1.1034300000000001,1.10142,STOP,-1.0124999999999718,-0.8099999999999774
2024-09-13 05:55:00+00:00,2024-09-13 06:00:00+00:00,2024-09-13 07:50:00+00:00,SHORT,-2,-1,-1,-1,1,1.10824,1.1090399999999998,1.1070399999999998,1.1090499999999999,STOP,-1.0124999999999718,-0.8099999999999774
2024-09-16 06:55:00+00:00,2024-09-16 07:00:00+00:00,2024-09-16 09:05:00+00:00,LONG,4,1,1,1,1,1.11145,1.1106500000000001,1.1126500000000001,1.11264,TARGET,1.4875000000000305,1.1900000000000244
2024-09-17 06:55:00+00:00,2024-09-17 07:00:00+00:00,2024-09-17 07:40:00+00:00,SHORT,-2,-1,1,-1,-1,1.11207,1.1128699999999998,1.1108699999999998,1.1128799999999999,STOP,-1.0124999999999718,-0.8099999999999774
2024-09-18 05:55:00+00:00,2024-09-18 06:00:00+00:00,2024-09-18 08:20:00+00:00,LONG,2,1,1,1,-1,1.11209,1.1112900000000001,1.1132900000000001,1.11328,TARGET,1.4875000000000305,1.1900000000000244
2024-09-19 06:55:00+00:00,2024-09-19 07:00:00+00:00,2024-09-19 08:25:00+00:00,LONG,2,1,-1,1,1,1.11456,1.11376,1.11576,1.11575,TARGET,1.4875000000000305,1.1900000000000244
2024-09-20 05:55:00+00:00,2024-09-20 06:00:00+00:00,2024-09-20 06:10:00+00:00,SHORT,-2,-1,1,-1,-1,1.11639,1.11719,1.11519,1.1172,STOP,-1.0124999999999718,-0.8099999999999774
2024-09-23 05:55:00+00:00,2024-09-23 06:00:00+00:00,2024-09-23 07:00:00+00:00,SHORT,-2,-1,-1,-1,1,1.11631,1.1171099999999998,1.1151099999999998,1.11512,TARGET,1.4875000000000305,1.1900000000000244
2024-09-24 10:55:00+00:00,2024-09-24 11:00:00+00:00,2024-09-24 12:05:00+00:00,SHORT,-2,-1,-1,-1,1,1.11279,1.1135899999999999,1.1115899999999999,1.1136,STOP,-1.0124999999999718,-0.8099999999999774
2024-09-25 06:55:00+00:00,2024-09-25 07:00:00+00:00,2024-09-25 09:30:00+00:00,SHORT,-2,-1,1,-1,-1,1.1190499999999999,1.1198499999999998,1.1178499999999998,1.1178599999999999,TARGET,1.4875000000000305,1.1900000000000244
2024-09-26 05:55:00+00:00,2024-09-26 06:00:00+00:00,2024-09-26 07:55:00+00:00,LONG,2,1,-1,1,1,1.115,1.1142,1.1162,1.11419,STOP,-1.0124999999999718,-0.8099999999999774
2024-09-27 06:55:00+00:00,2024-09-27 07:00:00+00:00,2024-09-27 07:05:00+00:00,SHORT,-2,-1,-1,-1,1,1.1150499999999999,1.1158499999999998,1.1138499999999998,1.1138599999999999,TARGET,1.4875000000000305,1.1900000000000244
2024-09-30 09:55:00+00:00,2024-09-30 10:00:00+00:00,2024-09-30 11:30:00+00:00,SHORT,-2,1,-1,-1,-1,1.11892,1.1197199999999998,1.1177199999999998,1.11973,STOP,-1.0124999999999718,-0.8099999999999774
2024-10-01 07:55:00+00:00,2024-10-01 08:00:00+00:00,2024-10-01 08:10:00+00:00,SHORT,-2,1,-1,-1,-1,1.1115199999999998,1.1123199999999998,1.1103199999999998,1.1103299999999998,TARGET,1.4875000000000305,1.1900000000000244
2024-10-02 06:55:00+00:00,2024-10-02 07:00:00+00:00,2024-10-02 08:15:00+00:00,SHORT,-2,-1,-1,-1,1,1.10666,1.1074599999999999,1.1054599999999999,1.10747,STOP,-1.0124999999999718,-0.8099999999999774
2024-10-03 05:55:00+00:00,2024-10-03 06:00:00+00:00,2024-10-03 06:45:00+00:00,LONG,2,1,-1,1,1,1.10287,1.10207,1.10407,1.10406,TARGET,1.4875000000000305,1.1900000000000244
2024-10-07 09:55:00+00:00,2024-10-07 10:00:00+00:00,2024-10-07 10:15:00+00:00,SHORT,-2,-1,1,-1,-1,1.0958599999999998,1.0966599999999997,1.0946599999999997,1.0966699999999998,STOP,-1.0124999999999718,-0.8099999999999774
2024-10-08 11:55:00+00:00,2024-10-08 12:00:00+00:00,2024-10-08 12:25:00+00:00,LONG,2,1,-1,1,1,1.09878,1.0979800000000002,1.0999800000000002,1.0979700000000001,STOP,-1.0124999999999718,-0.8099999999999774
2024-10-09 13:55:00+00:00,2024-10-09 14:00:00+00:00,2024-10-09 14:45:00+00:00,SHORT,-2,-1,1,-1,-1,1.09531,1.09611,1.09411,1.09412,TARGET,1.4875000000000305,1.1900000000000244
2024-10-10 07:55:00+00:00,2024-10-10 08:00:00+00:00,2024-10-10 12:30:00+00:00,SHORT,-2,-1,1,-1,-1,1.09377,1.0945699999999998,1.0925699999999998,1.0945799999999999,STOP,-1.0124999999999718,-0.8099999999999774
2024-10-11 06:55:00+00:00,2024-10-11 07:00:00+00:00,2024-10-11 07:20:00+00:00,LONG,4,1,1,1,1,1.09402,1.09322,1.09522,1.09321,STOP,-1.0124999999999718,-0.8099999999999774
2024-10-14 05:55:00+00:00,2024-10-14 06:00:00+00:00,2024-10-14 11:25:00+00:00,LONG,2,-1,1,1,1,1.09263,1.09183,1.09383,1.09182,STOP,-1.0124999999999718,-0.8099999999999774
2024-10-15 05:55:00+00:00,2024-10-15 06:00:00+00:00,2024-10-15 08:05:00+00:00,LONG,2,1,1,1,-1,1.08917,1.08837,1.09037,1.09036,TARGET,1.4875000000000305,1.1900000000000244
2024-10-16 05:55:00+00:00,2024-10-16 06:00:00+00:00,2024-10-16 07:00:00+00:00,SHORT,-2,-1,1,-1,-1,1.0888099999999998,1.0896099999999997,1.0876099999999997,1.0876199999999998,TARGET,1.4875000000000305,1.1900000000000244
2024-10-17 05:55:00+00:00,2024-10-17 06:00:00+00:00,2024-10-17 11:10:00+00:00,LONG,2,1,1,1,-1,1.08542,1.0846200000000001,1.0866200000000001,1.08661,TARGET,1.4875000000000305,1.1900000000000244
2024-10-18 08:55:00+00:00,2024-10-18 09:00:00+00:00,2024-10-18 11:45:00+00:00,LONG,4,1,1,1,1,1.0838,1.0830000000000002,1.0850000000000002,1.0849900000000001,TARGET,1.4875000000000305,1.1900000000000244
2024-10-21 07:55:00+00:00,2024-10-21 08:00:00+00:00,2024-10-21 08:45:00+00:00,SHORT,-2,-1,1,-1,-1,1.08479,1.0855899999999998,1.0835899999999998,1.0856,STOP,-1.0124999999999718,-0.8099999999999774
2024-10-22 08:55:00+00:00,2024-10-22 09:00:00+00:00,2024-10-22 09:55:00+00:00,SHORT,-2,1,-1,-1,-1,1.08269,1.0834899999999998,1.0814899999999998,1.0815,TARGET,1.4875000000000305,1.1900000000000244
2024-10-23 05:55:00+00:00,2024-10-23 06:00:00+00:00,2024-10-23 06:20:00+00:00,LONG,2,1,1,1,-1,1.0806900000000002,1.0798900000000002,1.0818900000000002,1.0798800000000002,STOP,-1.0124999999999718,-0.8099999999999774
2024-10-24 08:55:00+00:00,2024-10-24 09:00:00+00:00,2024-10-24 11:20:00+00:00,LONG,2,-1,1,1,1,1.08033,1.07953,1.08153,1.07952,STOP,-1.0124999999999718,-0.8099999999999774
2024-10-25 05:55:00+00:00,2024-10-25 06:00:00+00:00,2024-10-25 08:15:00+00:00,SHORT,-2,-1,1,-1,-1,1.08216,1.08296,1.08096,1.08297,STOP,-1.0124999999999718,-0.8099999999999774
2024-10-28 07:55:00+00:00,2024-10-28 08:00:00+00:00,2024-10-28 08:50:00+00:00,LONG,2,1,1,1,-1,1.08044,1.0796400000000002,1.0816400000000002,1.08163,TARGET,1.4875000000000305,1.1900000000000244
2024-10-29 09:55:00+00:00,2024-10-29 10:00:00+00:00,2024-10-29 10:30:00+00:00,SHORT,-4,-1,-1,-1,-1,1.08178,1.0825799999999999,1.0805799999999999,1.08059,TARGET,1.4875000000000305,1.1900000000000244
2024-10-30 08:55:00+00:00,2024-10-30 09:00:00+00:00,2024-10-30 09:00:00+00:00,SHORT,-2,-1,-1,-1,1,1.08343,1.0842299999999998,1.0822299999999998,1.0842399999999999,STOP,-1.0124999999999718,-0.8099999999999774
2024-10-31 11:55:00+00:00,2024-10-31 12:00:00+00:00,2024-10-31 12:30:00+00:00,LONG,2,1,-1,1,1,1.08684,1.0860400000000001,1.0880400000000001,1.08803,TARGET,1.4875000000000305,1.1900000000000244
2024-11-01 10:55:00+00:00,2024-11-01 11:00:00+00:00,2024-11-01 12:30:00+00:00,LONG,4,1,1,1,1,1.08609,1.08529,1.08729,1.08728,TARGET,1.4875000000000305,1.1900000000000244
2024-11-04 05:55:00+00:00,2024-11-04 06:00:00+00:00,2024-11-04 06:55:00+00:00,LONG,4,1,1,1,1,1.08993,1.0891300000000002,1.0911300000000002,1.08912,STOP,-1.0124999999999718,-0.8099999999999774
2024-11-05 06:55:00+00:00,2024-11-05 07:00:00+00:00,2024-11-05 08:35:00+00:00,LONG,2,-1,1,1,1,1.0881100000000001,1.0873100000000002,1.0893100000000002,1.0893000000000002,TARGET,1.4875000000000305,1.1900000000000244
2024-11-06 06:55:00+00:00,2024-11-06 07:00:00+00:00,2024-11-06 07:05:00+00:00,LONG,2,1,-1,1,1,1.07261,1.0718100000000002,1.0738100000000002,1.0738,TARGET,1.4875000000000305,1.1900000000000244
2024-11-07 06:55:00+00:00,2024-11-07 07:00:00+00:00,2024-11-07 07:10:00+00:00,LONG,2,1,-1,1,1,1.07478,1.0739800000000002,1.0759800000000002,1.07597,TARGET,1.4875000000000305,1.1900000000000244
2024-11-08 09:55:00+00:00,2024-11-08 10:00:00+00:00,2024-11-08 11:15:00+00:00,SHORT,-2,-1,-1,-1,1,1.07788,1.0786799999999999,1.0766799999999999,1.07869,STOP,-1.0124999999999718,-0.8099999999999774
2024-11-11 05:55:00+00:00,2024-11-11 06:00:00+00:00,2024-11-11 07:20:00+00:00,LONG,4,1,1,1,1,1.07178,1.07098,1.07298,1.07097,STOP,-1.0124999999999718,-0.8099999999999774
2024-11-12 06:55:00+00:00,2024-11-12 07:00:00+00:00,2024-11-12 07:25:00+00:00,LONG,4,1,1,1,1,1.06345,1.06265,1.06465,1.06264,STOP,-1.0124999999999718,-0.8099999999999774
2024-11-13 05:55:00+00:00,2024-11-13 06:00:00+00:00,2024-11-13 08:05:00+00:00,SHORT,-2,-1,1,-1,-1,1.0612899999999998,1.0620899999999998,1.0600899999999998,1.0600999999999998,TARGET,1.4875000000000305,1.1900000000000244
2024-11-14 05:55:00+00:00,2024-11-14 06:00:00+00:00,2024-11-14 08:50:00+00:00,LONG,2,1,1,1,-1,1.0547300000000002,1.0539300000000003,1.0559300000000003,1.0539200000000002,STOP,-1.0124999999999718,-0.8099999999999774
2024-11-15 06:55:00+00:00,2024-11-15 07:00:00+00:00,2024-11-15 08:35:00+00:00,LONG,2,1,-1,1,1,1.05543,1.0546300000000002,1.0566300000000002,1.0566200000000001,TARGET,1.4875000000000305,1.1900000000000244
2024-11-18 05:55:00+00:00,2024-11-18 06:00:00+00:00,2024-11-18 06:30:00+00:00,SHORT,-2,-1,1,-1,-1,1.05379,1.05459,1.05259,1.0546,STOP,-1.0124999999999718,-0.8099999999999774
2024-11-19 05:55:00+00:00,2024-11-19 06:00:00+00:00,2024-11-19 06:35:00+00:00,SHORT,-2,-1,-1,-1,1,1.05835,1.0591499999999998,1.0571499999999998,1.0591599999999999,STOP,-1.0124999999999718,-0.8099999999999774
2024-11-20 05:55:00+00:00,2024-11-20 06:00:00+00:00,2024-11-20 06:35:00+00:00,SHORT,-2,-1,1,-1,-1,1.05869,1.0594899999999998,1.0574899999999998,1.0594999999999999,STOP,-1.0124999999999718,-0.8099999999999774
2024-11-21 05:55:00+00:00,2024-11-21 06:00:00+00:00,2024-11-21 06:15:00+00:00,SHORT,-2,-1,-1,-1,1,1.05466,1.0554599999999998,1.0534599999999998,1.05547,STOP,-1.0124999999999718,-0.8099999999999774
2024-11-22 05:55:00+00:00,2024-11-22 06:00:00+00:00,2024-11-22 07:25:00+00:00,LONG,2,1,1,1,-1,1.0464900000000001,1.0456900000000002,1.0476900000000002,1.0476800000000002,TARGET,1.4875000000000305,1.1900000000000244
2024-11-25 06:55:00+00:00,2024-11-25 07:00:00+00:00,2024-11-25 07:20:00+00:00,SHORT,-2,-1,-1,-1,1,1.0483399999999998,1.0491399999999997,1.0471399999999997,1.0471499999999998,TARGET,1.4875000000000305,1.1900000000000244
2024-11-26 05:55:00+00:00,2024-11-26 06:00:00+00:00,2024-11-26 06:10:00+00:00,SHORT,-2,-1,1,-1,-1,1.04751,1.0483099999999999,1.0463099999999999,1.04832,STOP,-1.0124999999999718,-0.8099999999999774
2024-11-27 05:55:00+00:00,2024-11-27 06:00:00+00:00,2024-11-27 06:25:00+00:00,SHORT,-2,-1,1,-1,-1,1.04766,1.04846,1.04646,1.04847,STOP,-1.0124999999999718,-0.8099999999999774
2024-11-28 05:55:00+00:00,2024-11-28 06:00:00+00:00,2024-11-28 07:35:00+00:00,SHORT,-2,-1,-1,-1,1,1.0549899999999999,1.0557899999999998,1.0537899999999998,1.0537999999999998,TARGET,1.4875000000000305,1.1900000000000244
2024-11-29 06:55:00+00:00,2024-11-29 07:00:00+00:00,2024-11-29 07:25:00+00:00,LONG,2,-1,1,1,1,1.05807,1.0572700000000002,1.0592700000000002,1.05926,TARGET,1.4875000000000305,1.1900000000000244
2024-12-02 07:55:00+00:00,2024-12-02 08:00:00+00:00,2024-12-02 08:10:00+00:00,SHORT,-2,-1,1,-1,-1,1.05026,1.0510599999999999,1.0490599999999999,1.05107,STOP,-1.0124999999999718,-0.8099999999999774
2024-12-03 07:55:00+00:00,2024-12-03 08:00:00+00:00,2024-12-03 08:00:00+00:00,SHORT,-2,-1,-1,-1,1,1.0497999999999998,1.0505999999999998,1.0485999999999998,1.0506099999999998,STOP,-1.0124999999999718,-0.8099999999999774
2024-12-04 05:55:00+00:00,2024-12-04 06:00:00+00:00,2024-12-04 06:45:00+00:00,SHORT,-2,-1,1,-1,-1,1.0514999999999999,1.0522999999999998,1.0502999999999998,1.0523099999999999,STOP,-1.0124999999999718,-0.8099999999999774
2024-12-05 07:55:00+00:00,2024-12-05 08:00:00+00:00,2024-12-05 09:10:00+00:00,LONG,4,1,1,1,1,1.0535400000000001,1.0527400000000002,1.0547400000000002,1.0527300000000002,STOP,-1.0124999999999718,-0.8099999999999774
2024-12-06 06:55:00+00:00,2024-12-06 07:00:00+00:00,2024-12-06 07:55:00+00:00,SHORT,-2,-1,1,-1,-1,1.05744,1.0582399999999998,1.0562399999999998,1.05825,STOP,-1.0124999999999718,-0.8099999999999774
2024-12-09 07:55:00+00:00,2024-12-09 08:00:00+00:00,2024-12-09 08:10:00+00:00,LONG,2,1,1,1,-1,1.05646,1.05566,1.05766,1.05565,STOP,-1.0124999999999718,-0.8099999999999774
2024-12-10 06:55:00+00:00,2024-12-10 07:00:00+00:00,2024-12-10 07:10:00+00:00,LONG,2,1,1,1,-1,1.0567,1.0559,1.0579,1.05589,STOP,-1.0124999999999718,-0.8099999999999774
2024-12-11 05:55:00+00:00,2024-12-11 06:00:00+00:00,2024-12-11 07:05:00+00:00,LONG,2,1,1,1,-1,1.0524200000000001,1.0516200000000002,1.0536200000000002,1.0516100000000002,STOP,-1.0124999999999718,-0.8099999999999774
2024-12-12 05:55:00+00:00,2024-12-12 06:00:00+00:00,2024-12-12 07:05:00+00:00,LONG,2,1,1,1,-1,1.05067,1.04987,1.05187,1.05186,TARGET,1.4875000000000305,1.1900000000000244
2024-12-13 05:55:00+00:00,2024-12-13 06:00:00+00:00,2024-12-13 06:20:00+00:00,LONG,2,1,-1,1,1,1.0465600000000002,1.0457600000000002,1.0477600000000002,1.0457500000000002,STOP,-1.0124999999999718,-0.8099999999999774
2024-12-16 07:55:00+00:00,2024-12-16 08:00:00+00:00,2024-12-16 08:15:00+00:00,SHORT,-2,-1,-1,-1,1,1.05047,1.05127,1.04927,1.05128,STOP,-1.0124999999999718,-0.8099999999999774
2024-12-17 05:55:00+00:00,2024-12-17 06:00:00+00:00,2024-12-17 08:25:00+00:00,SHORT,-2,-1,-1,-1,1,1.0504499999999999,1.0512499999999998,1.0492499999999998,1.0492599999999999,TARGET,1.4875000000000305,1.1900000000000244
2024-12-18 07:55:00+00:00,2024-12-18 08:00:00+00:00,2024-12-18 13:20:00+00:00,SHORT,-2,-1,-1,1,-1,1.04966,1.05046,1.04846,1.04847,TARGET,1.4875000000000305,1.1900000000000244
2024-12-19 09:55:00+00:00,2024-12-19 10:00:00+00:00,2024-12-19 11:55:00+00:00,SHORT,-4,-1,-1,-1,-1,1.04122,1.04202,1.04002,1.04003,TARGET,1.4875000000000305,1.1900000000000244
2024-12-20 05:55:00+00:00,2024-12-20 06:00:00+00:00,2024-12-20 06:05:00+00:00,LONG,2,1,-1,1,1,1.0366600000000001,1.0358600000000002,1.0378600000000002,1.0358500000000002,STOP,-1.0124999999999718,-0.8099999999999774
2024-12-23 06:55:00+00:00,2024-12-23 07:00:00+00:00,2024-12-23 07:45:00+00:00,SHORT,-2,-1,-1,-1,1,1.04339,1.04419,1.04219,1.0422,TARGET,1.4875000000000305,1.1900000000000244
2024-12-24 07:55:00+00:00,2024-12-24 08:00:00+00:00,2024-12-24 08:30:00+00:00,SHORT,-2,-1,1,-1,-1,1.03905,1.03985,1.03785,1.03986,STOP,-1.0124999999999718,-0.8099999999999774
2024-12-26 05:55:00+00:00,2024-12-26 06:00:00+00:00,2024-12-26 11:55:00+00:00,SHORT,-2,-1,-1,-1,1,1.0397399999999999,1.0405399999999998,1.0385399999999998,1.0401500000000001,TIME,-0.5125000000003044,-0.4100000000002435
2024-12-27 07:55:00+00:00,2024-12-27 08:00:00+00:00,2024-12-27 08:25:00+00:00,LONG,2,1,1,1,-1,1.04221,1.0414100000000002,1.0434100000000002,1.0414,STOP,-1.0124999999999718,-0.8099999999999774
2024-12-30 08:55:00+00:00,2024-12-30 09:00:00+00:00,2024-12-30 09:35:00+00:00,SHORT,-4,-1,-1,-1,-1,1.0412599999999999,1.0420599999999998,1.0400599999999998,1.0420699999999998,STOP,-1.0124999999999718,-0.8099999999999774
2024-12-31 05:55:00+00:00,2024-12-31 06:00:00+00:00,2024-12-31 07:45:00+00:00,SHORT,-2,-1,1,-1,-1,1.04037,1.04117,1.03917,1.04118,STOP,-1.0124999999999718,-0.8099999999999774
2025-01-02 05:55:00+00:00,2025-01-02 06:00:00+00:00,2025-01-02 08:15:00+00:00,LONG,2,1,1,1,-1,1.0364200000000001,1.0356200000000002,1.0376200000000002,1.0356100000000001,STOP,-1.0124999999999718,-0.8099999999999774
2025-01-03 05:55:00+00:00,2025-01-03 06:00:00+00:00,2025-01-03 07:00:00+00:00,SHORT,-2,-1,1,-1,-1,1.0271599999999999,1.0279599999999998,1.0259599999999998,1.0279699999999998,STOP,-1.0124999999999718,-0.8099999999999774
2025-01-06 05:55:00+00:00,2025-01-06 06:00:00+00:00,2025-01-06 06:45:00+00:00,SHORT,-2,1,-1,-1,-1,1.0308599999999999,1.0316599999999998,1.0296599999999998,1.0316699999999999,STOP,-1.0124999999999718,-0.8099999999999774
2025-01-07 05:55:00+00:00,2025-01-07 06:00:00+00:00,2025-01-07 07:05:00+00:00,SHORT,-4,-1,-1,-1,-1,1.03966,1.04046,1.03846,1.04047,STOP,-1.0124999999999718,-0.8099999999999774
2025-01-08 06:55:00+00:00,2025-01-08 07:00:00+00:00,2025-01-08 07:40:00+00:00,SHORT,-4,-1,-1,-1,-1,1.03511,1.0359099999999999,1.0339099999999999,1.03392,TARGET,1.4875000000000305,1.1900000000000244
2025-01-09 05:55:00+00:00,2025-01-09 06:00:00+00:00,2025-01-09 07:40:00+00:00,SHORT,-2,-1,-1,-1,1,1.03064,1.03144,1.02944,1.02945,TARGET,1.4875000000000305,1.1900000000000244
2025-01-10 05:55:00+00:00,2025-01-10 06:00:00+00:00,2025-01-10 07:45:00+00:00,SHORT,-2,1,-1,-1,-1,1.02857,1.02937,1.02737,1.02938,STOP,-1.0124999999999718,-0.8099999999999774
2025-01-13 12:55:00+00:00,2025-01-13 13:00:00+00:00,2025-01-13 13:30:00+00:00,LONG,4,1,1,1,1,1.02031,1.0195100000000001,1.0215100000000001,1.0215,TARGET,1.4875000000000305,1.1900000000000244
2025-01-14 05:55:00+00:00,2025-01-14 06:00:00+00:00,2025-01-14 06:55:00+00:00,SHORT,-2,1,-1,-1,-1,1.02451,1.02531,1.02331,1.02532,STOP,-1.0124999999999718,-0.8099999999999774
2025-01-15 05:55:00+00:00,2025-01-15 06:00:00+00:00,2025-01-15 07:35:00+00:00,SHORT,-4,-1,-1,-1,-1,1.02929,1.03009,1.02809,1.0301,STOP,-1.0124999999999718,-0.8099999999999774
2025-01-16 10:55:00+00:00,2025-01-16 11:00:00+00:00,2025-01-16 12:25:00+00:00,SHORT,-4,-1,-1,-1,-1,1.02853,1.0293299999999999,1.0273299999999999,1.02734,TARGET,1.4875000000000305,1.1900000000000244
2025-01-17 05:55:00+00:00,2025-01-17 06:00:00+00:00,2025-01-17 06:20:00+00:00,LONG,2,1,-1,1,1,1.02935,1.02855,1.03055,1.02854,STOP,-1.0124999999999718,-0.8099999999999774
2025-01-20 05:55:00+00:00,2025-01-20 06:00:00+00:00,2025-01-20 06:50:00+00:00,SHORT,-2,-1,1,-1,-1,1.03023,1.03103,1.02903,1.03104,STOP,-1.0124999999999718,-0.8099999999999774
2025-01-21 06:55:00+00:00,2025-01-21 07:00:00+00:00,2025-01-21 07:10:00+00:00,SHORT,-4,-1,-1,-1,-1,1.03686,1.0376599999999998,1.0356599999999998,1.0376699999999999,STOP,-1.0124999999999718,-0.8099999999999774
2025-01-22 07:55:00+00:00,2025-01-22 08:00:00+00:00,2025-01-22 08:15:00+00:00,SHORT,-2,-1,1,-1,-1,1.0411599999999999,1.0419599999999998,1.0399599999999998,1.0419699999999998,STOP,-1.0124999999999718,-0.8099999999999774
2025-01-23 05:55:00+00:00,2025-01-23 06:00:00+00:00,2025-01-23 07:10:00+00:00,SHORT,-2,1,-1,-1,-1,1.04049,1.0412899999999998,1.0392899999999998,1.0393,TARGET,1.4875000000000305,1.1900000000000244
2025-01-24 05:55:00+00:00,2025-01-24 06:00:00+00:00,2025-01-24 06:35:00+00:00,LONG,2,-1,1,1,1,1.0451700000000002,1.0443700000000002,1.0463700000000002,1.0463600000000002,TARGET,1.4875000000000305,1.1900000000000244
2025-01-27 05:55:00+00:00,2025-01-27 06:00:00+00:00,2025-01-27 07:05:00+00:00,LONG,2,1,1,1,-1,1.04634,1.0455400000000001,1.0475400000000001,1.04553,STOP,-1.0124999999999718,-0.8099999999999774
2025-01-28 08:55:00+00:00,2025-01-28 09:00:00+00:00,2025-01-28 09:15:00+00:00,SHORT,-2,-1,1,-1,-1,1.04253,1.0433299999999999,1.0413299999999999,1.04334,STOP,-1.0124999999999718,-0.8099999999999774
2025-01-29 06:55:00+00:00,2025-01-29 07:00:00+00:00,2025-01-29 07:25:00+00:00,SHORT,-2,-1,-1,-1,1,1.04368,1.0444799999999999,1.0424799999999999,1.04249,TARGET,1.4875000000000305,1.1900000000000244
2025-01-30 05:55:00+00:00,2025-01-30 06:00:00+00:00,2025-01-30 06:25:00+00:00,LONG,2,-1,1,1,1,1.0422200000000001,1.0414200000000002,1.0434200000000002,1.0414100000000002,STOP,-1.0124999999999718,-0.8099999999999774
2025-01-31 06:55:00+00:00,2025-01-31 07:00:00+00:00,2025-01-31 07:30:00+00:00,LONG,2,1,1,1,-1,1.0395100000000002,1.0387100000000002,1.0407100000000002,1.0407000000000002,TARGET,1.4875000000000305,1.1900000000000244
2025-02-03 06:55:00+00:00,2025-02-03 07:00:00+00:00,2025-02-03 07:25:00+00:00,SHORT,-2,-1,-1,-1,1,1.02427,1.02507,1.02307,1.02308,TARGET,1.4875000000000305,1.1900000000000244
2025-02-04 06:55:00+00:00,2025-02-04 07:00:00+00:00,2025-02-04 08:10:00+00:00,LONG,2,1,1,1,-1,1.03069,1.0298900000000002,1.0318900000000002,1.0318800000000001,TARGET,1.4875000000000305,1.1900000000000244
2025-02-05 05:55:00+00:00,2025-02-05 06:00:00+00:00,2025-02-05 06:20:00+00:00,LONG,2,1,-1,1,1,1.03782,1.03702,1.03902,1.03901,TARGET,1.4875000000000305,1.1900000000000244
2025-02-06 05:55:00+00:00,2025-02-06 06:00:00+00:00,2025-02-06 08:05:00+00:00,SHORT,-2,-1,1,-1,-1,1.03863,1.0394299999999999,1.0374299999999999,1.03744,TARGET,1.4875000000000305,1.1900000000000244
2025-02-07 05:55:00+00:00,2025-02-07 06:00:00+00:00,2025-02-07 07:25:00+00:00,SHORT,-2,1,-1,-1,-1,1.03747,1.0382699999999998,1.0362699999999998,1.0382799999999999,STOP,-1.0124999999999718,-0.8099999999999774
2025-02-10 08:55:00+00:00,2025-02-10 09:00:00+00:00,2025-02-10 09:30:00+00:00,LONG,2,1,1,1,-1,1.0322500000000001,1.0314500000000002,1.0334500000000002,1.0334400000000001,TARGET,1.4875000000000305,1.1900000000000244
2025-02-11 05:55:00+00:00,2025-02-11 06:00:00+00:00,2025-02-11 08:50:00+00:00,LONG,2,-1,1,1,1,1.0304900000000001,1.0296900000000002,1.0316900000000002,1.0316800000000002,TARGET,1.4875000000000305,1.1900000000000244
2025-02-12 06:55:00+00:00,2025-02-12 07:00:00+00:00,2025-02-12 07:50:00+00:00,LONG,2,1,-1,1,1,1.03594,1.0351400000000002,1.0371400000000002,1.03713,TARGET,1.4875000000000305,1.1900000000000244
2025-02-13 05:55:00+00:00,2025-02-13 06:00:00+00:00,2025-02-13 07:25:00+00:00,LONG,4,1,1,1,1,1.04355,1.04275,1.04475,1.04274,STOP,-1.0124999999999718,-0.8099999999999774
2025-02-14 05:55:00+00:00,2025-02-14 06:00:00+00:00,2025-02-14 07:05:00+00:00,LONG,2,-1,1,1,1,1.04532,1.0445200000000001,1.0465200000000001,1.04651,TARGET,1.4875000000000305,1.1900000000000244
2025-02-17 05:55:00+00:00,2025-02-17 06:00:00+00:00,2025-02-17 07:55:00+00:00,LONG,2,1,-1,1,1,1.04901,1.04821,1.05021,1.0482,STOP,-1.0124999999999718,-0.8099999999999774
2025-02-18 06:55:00+00:00,2025-02-18 07:00:00+00:00,2025-02-18 12:15:00+00:00,LONG,2,-1,1,1,1,1.04617,1.0453700000000001,1.0473700000000001,1.04536,STOP,-1.0124999999999718,-0.8099999999999774
2025-02-19 05:55:00+00:00,2025-02-19 06:00:00+00:00,2025-02-19 08:25:00+00:00,LONG,2,-1,1,1,1,1.04563,1.0448300000000001,1.0468300000000001,1.04482,STOP,-1.0124999999999718,-0.8099999999999774
2025-02-20 06:55:00+00:00,2025-02-20 07:00:00+00:00,2025-02-20 07:55:00+00:00,SHORT,-2,-1,-1,-1,1,1.04253,1.0433299999999999,1.0413299999999999,1.04334,STOP,-1.0124999999999718,-0.8099999999999774
2025-02-21 05:55:00+00:00,2025-02-21 06:00:00+00:00,2025-02-21 08:15:00+00:00,SHORT,-2,-1,-1,-1,1,1.04927,1.0500699999999998,1.0480699999999998,1.04808,TARGET,1.4875000000000305,1.1900000000000244
2025-02-24 05:55:00+00:00,2025-02-24 06:00:00+00:00,2025-02-24 06:45:00+00:00,SHORT,-4,-1,-1,-1,-1,1.05161,1.0524099999999998,1.0504099999999998,1.05042,TARGET,1.4875000000000305,1.1900000000000244
2025-02-25 08:55:00+00:00,2025-02-25 09:00:00+00:00,2025-02-25 11:30:00+00:00,LONG,2,1,-1,1,1,1.04708,1.04628,1.04828,1.04827,TARGET,1.4875000000000305,1.1900000000000244
2025-02-26 05:55:00+00:00,2025-02-26 06:00:00+00:00,2025-02-26 07:05:00+00:00,SHORT,-2,-1,-1,-1,1,1.0491199999999998,1.0499199999999997,1.0479199999999997,1.0499299999999998,STOP,-1.0124999999999718,-0.8099999999999774
2025-02-27 05:55:00+00:00,2025-02-27 06:00:00+00:00,2025-02-27 07:45:00+00:00,LONG,2,1,1,1,-1,1.04655,1.0457500000000002,1.0477500000000002,1.0477400000000001,TARGET,1.4875000000000305,1.1900000000000244
2025-02-28 06:55:00+00:00,2025-02-28 07:00:00+00:00,2025-02-28 07:55:00+00:00,LONG,2,1,1,1,-1,1.0388300000000001,1.0380300000000002,1.0400300000000002,1.0400200000000002,TARGET,1.4875000000000305,1.1900000000000244
2025-03-03 08:55:00+00:00,2025-03-03 09:00:00+00:00,2025-03-03 09:10:00+00:00,LONG,4,1,1,1,1,1.04017,1.0393700000000001,1.0413700000000001,1.04136,TARGET,1.4875000000000305,1.1900000000000244
2025-03-04 05:55:00+00:00,2025-03-04 06:00:00+00:00,2025-03-04 07:40:00+00:00,LONG,2,1,1,1,-1,1.0484,1.0476,1.0496,1.04959,TARGET,1.4875000000000305,1.1900000000000244
2025-03-05 05:55:00+00:00,2025-03-05 06:00:00+00:00,2025-03-05 07:25:00+00:00,LONG,4,1,1,1,1,1.06319,1.0623900000000002,1.0643900000000002,1.06438,TARGET,1.4875000000000305,1.1900000000000244
2025-03-06 05:55:00+00:00,2025-03-06 06:00:00+00:00,2025-03-06 06:40:00+00:00,LONG,2,1,-1,1,1,1.08108,1.0802800000000001,1.0822800000000001,1.08027,STOP,-1.0124999999999718,-0.8099999999999774
2025-03-07 07:55:00+00:00,2025-03-07 08:00:00+00:00,2025-03-07 08:10:00+00:00,SHORT,-2,-1,1,-1,-1,1.08297,1.08377,1.08177,1.08378,STOP,-1.0124999999999718,-0.8099999999999774
2025-03-10 06:55:00+00:00,2025-03-10 07:00:00+00:00,2025-03-10 07:45:00+00:00,SHORT,-4,-1,-1,-1,-1,1.0837299999999999,1.0845299999999998,1.0825299999999998,1.0825399999999998,TARGET,1.4875000000000305,1.1900000000000244
2025-03-11 06:55:00+00:00,2025-03-11 07:00:00+00:00,2025-03-11 07:05:00+00:00,SHORT,-2,-1,-1,-1,1,1.08561,1.0864099999999999,1.0844099999999999,1.08642,STOP,-1.0124999999999718,-0.8099999999999774
2025-03-12 06:55:00+00:00,2025-03-12 07:00:00+00:00,2025-03-12 07:40:00+00:00,SHORT,-2,-1,1,-1,-1,1.08918,1.08998,1.08798,1.08999,STOP,-1.0124999999999718,-0.8099999999999774
2025-03-13 05:55:00+00:00,2025-03-13 06:00:00+00:00,2025-03-13 06:15:00+00:00,LONG,4,1,1,1,1,1.08857,1.0877700000000001,1.0897700000000001,1.08776,STOP,-1.0124999999999718,-0.8099999999999774
2025-03-14 05:55:00+00:00,2025-03-14 06:00:00+00:00,2025-03-14 06:20:00+00:00,LONG,2,1,-1,1,1,1.08509,1.0842900000000002,1.0862900000000002,1.0842800000000001,STOP,-1.0124999999999718,-0.8099999999999774
2025-03-17 07:55:00+00:00,2025-03-17 08:00:00+00:00,2025-03-17 09:35:00+00:00,LONG,4,1,1,1,1,1.08766,1.0868600000000002,1.0888600000000002,1.08885,TARGET,1.4875000000000305,1.1900000000000244
2025-03-18 05:55:00+00:00,2025-03-18 06:00:00+00:00,2025-03-18 06:50:00+00:00,SHORT,-2,-1,1,-1,-1,1.0907499999999999,1.0915499999999998,1.0895499999999998,1.0915599999999999,STOP,-1.0124999999999718,-0.8099999999999774
2025-03-19 06:55:00+00:00,2025-03-19 07:00:00+00:00,2025-03-19 07:10:00+00:00,SHORT,-2,-1,-1,-1,1,1.09205,1.0928499999999999,1.0908499999999999,1.09086,TARGET,1.4875000000000305,1.1900000000000244
2025-03-20 06:55:00+00:00,2025-03-20 07:00:00+00:00,2025-03-20 07:25:00+00:00,SHORT,-2,1,-1,-1,-1,1.08931,1.09011,1.08811,1.08812,TARGET,1.4875000000000305,1.1900000000000244
2025-03-21 05:55:00+00:00,2025-03-21 06:00:00+00:00,2025-03-21 07:35:00+00:00,LONG,4,1,1,1,1,1.08291,1.0821100000000001,1.0841100000000001,1.0841,TARGET,1.4875000000000305,1.1900000000000244
2025-03-24 05:55:00+00:00,2025-03-24 06:00:00+00:00,2025-03-24 06:40:00+00:00,LONG,2,1,1,1,-1,1.08294,1.08214,1.08414,1.08413,TARGET,1.4875000000000305,1.1900000000000244
2025-03-25 05:55:00+00:00,2025-03-25 06:00:00+00:00,2025-03-25 07:20:00+00:00,SHORT,-2,1,-1,-1,-1,1.08028,1.0810799999999998,1.0790799999999998,1.0790899999999999,TARGET,1.4875000000000305,1.1900000000000244
2025-03-26 08:55:00+00:00,2025-03-26 09:00:00+00:00,2025-03-26 10:30:00+00:00,LONG,2,-1,1,1,1,1.07995,1.07915,1.08115,1.07914,STOP,-1.0124999999999718,-0.8099999999999774
2025-03-27 05:55:00+00:00,2025-03-27 06:00:00+00:00,2025-03-27 06:30:00+00:00,SHORT,-2,-1,-1,-1,1,1.07689,1.0776899999999998,1.0756899999999998,1.0776999999999999,STOP,-1.0124999999999718,-0.8099999999999774
2025-03-28 06:55:00+00:00,2025-03-28 07:00:00+00:00,2025-03-28 07:15:00+00:00,SHORT,-2,-1,-1,-1,1,1.07847,1.07927,1.07727,1.07928,STOP,-1.0124999999999718,-0.8099999999999774
2025-03-31 05:55:00+00:00,2025-03-31 06:00:00+00:00,2025-03-31 06:45:00+00:00,SHORT,-4,-1,-1,-1,-1,1.08341,1.08421,1.08221,1.08422,STOP,-1.0124999999999718,-0.8099999999999774
2025-04-01 05:55:00+00:00,2025-04-01 06:00:00+00:00,2025-04-01 08:35:00+00:00,SHORT,-4,-1,-1,-1,-1,1.08069,1.0814899999999998,1.0794899999999998,1.0815,STOP,-1.0124999999999718,-0.8099999999999774
2025-04-02 06:55:00+00:00,2025-04-02 07:00:00+00:00,2025-04-02 07:10:00+00:00,LONG,4,1,1,1,1,1.07929,1.0784900000000002,1.0804900000000002,1.07848,STOP,-1.0124999999999718,-0.8099999999999774
2025-04-03 05:55:00+00:00,2025-04-03 06:00:00+00:00,2025-04-03 06:00:00+00:00,SHORT,-4,-1,-1,-1,-1,1.09442,1.0952199999999999,1.0932199999999999,1.09523,STOP,-1.0124999999999718,-0.8099999999999774
2025-04-04 06:55:00+00:00,2025-04-04 07:00:00+00:00,2025-04-04 07:05:00+00:00,SHORT,-2,-1,-1,-1,1,1.10503,1.1058299999999999,1.1038299999999999,1.10584,STOP,-1.0124999999999718,-0.8099999999999774
2025-04-07 05:55:00+00:00,2025-04-07 06:00:00+00:00,2025-04-07 06:05:00+00:00,LONG,4,1,1,1,1,1.10193,1.1011300000000002,1.1031300000000002,1.10112,STOP,-1.0124999999999718,-0.8099999999999774
2025-04-08 05:55:00+00:00,2025-04-08 06:00:00+00:00,2025-04-08 06:10:00+00:00,LONG,2,-1,1,1,1,1.09685,1.0960500000000002,1.0980500000000002,1.0980400000000001,TARGET,1.4875000000000305,1.1900000000000244
2025-04-09 05:55:00+00:00,2025-04-09 06:00:00+00:00,2025-04-09 06:10:00+00:00,LONG,2,1,-1,1,1,1.1062,1.1054000000000002,1.1074000000000002,1.10539,STOP,-1.0124999999999718,-0.8099999999999774
2025-04-10 07:55:00+00:00,2025-04-10 08:00:00+00:00,2025-04-10 08:10:00+00:00,LONG,4,1,1,1,1,1.1027,1.1019,1.1039,1.10189,STOP,-1.0124999999999718,-0.8099999999999774
2025-04-11 05:55:00+00:00,2025-04-11 06:00:00+00:00,2025-04-11 06:00:00+00:00,LONG,4,1,1,1,1,1.12863,1.12783,1.1298300000000001,1.12782,STOP,-1.0124999999999718,-0.8099999999999774
2025-04-14 05:55:00+00:00,2025-04-14 06:00:00+00:00,2025-04-14 06:00:00+00:00,LONG,2,1,-1,1,1,1.1385800000000001,1.1377800000000002,1.1397800000000002,1.1377700000000002,STOP,-1.0124999999999718,-0.8099999999999774
2025-04-15 05:55:00+00:00,2025-04-15 06:00:00+00:00,2025-04-15 06:05:00+00:00,SHORT,-2,-1,-1,-1,1,1.13507,1.13587,1.13387,1.13588,STOP,-1.0124999999999718,-0.8099999999999774
2025-04-16 05:55:00+00:00,2025-04-16 06:00:00+00:00,2025-04-16 06:00:00+00:00,LONG,4,1,1,1,1,1.1381000000000001,1.1373000000000002,1.1393000000000002,1.1372900000000001,STOP,-1.0124999999999718,-0.8099999999999774
2025-04-17 05:55:00+00:00,2025-04-17 06:00:00+00:00,2025-04-17 06:05:00+00:00,LONG,4,1,1,1,1,1.13527,1.13447,1.13647,1.13446,STOP,-1.0124999999999718,-0.8099999999999774
2025-04-18 05:55:00+00:00,2025-04-18 06:00:00+00:00,2025-04-18 06:55:00+00:00,LONG,2,1,1,1,-1,1.13715,1.1363500000000002,1.1383500000000002,1.1363400000000001,STOP,-1.0124999999999718,-0.8099999999999774
2025-04-21 05:55:00+00:00,2025-04-21 06:00:00+00:00,2025-04-21 06:10:00+00:00,SHORT,-2,-1,-1,-1,1,1.1530799999999999,1.1538799999999998,1.1518799999999998,1.1518899999999999,TARGET,1.4875000000000305,1.1900000000000244
2025-04-22 05:55:00+00:00,2025-04-22 06:00:00+00:00,2025-04-22 06:00:00+00:00,LONG,2,1,-1,1,1,1.15428,1.15348,1.15548,1.15347,STOP,-1.0124999999999718,-0.8099999999999774
2025-04-23 05:55:00+00:00,2025-04-23 06:00:00+00:00,2025-04-23 06:00:00+00:00,SHORT,-2,-1,-1,-1,1,1.13764,1.13844,1.13644,1.13845,STOP,-1.0124999999999718,-0.8099999999999774
2025-04-24 05:55:00+00:00,2025-04-24 06:00:00+00:00,2025-04-24 06:10:00+00:00,LONG,2,1,-1,1,1,1.13367,1.13287,1.13487,1.13486,TARGET,1.4875000000000305,1.1900000000000244
2025-04-25 06:55:00+00:00,2025-04-25 07:00:00+00:00,2025-04-25 07:00:00+00:00,SHORT,-2,-1,-1,1,-1,1.13415,1.13495,1.13295,1.13496,STOP,-1.0124999999999718,-0.8099999999999774
2025-04-28 06:55:00+00:00,2025-04-28 07:00:00+00:00,2025-04-28 07:00:00+00:00,SHORT,-4,-1,-1,-1,-1,1.13313,1.1339299999999999,1.1319299999999999,1.13394,STOP,-1.0124999999999718,-0.8099999999999774
2025-04-29 08:55:00+00:00,2025-04-29 09:00:00+00:00,2025-04-29 09:05:00+00:00,SHORT,-2,-1,1,-1,-1,1.1384999999999998,1.1392999999999998,1.1372999999999998,1.1393099999999998,STOP,-1.0124999999999718,-0.8099999999999774
2025-04-30 05:55:00+00:00,2025-04-30 06:00:00+00:00,2025-04-30 06:05:00+00:00,LONG,4,1,1,1,1,1.13832,1.13752,1.13952,1.13751,STOP,-1.0124999999999718,-0.8099999999999774
2025-05-01 05:55:00+00:00,2025-05-01 06:00:00+00:00,2025-05-01 06:40:00+00:00,LONG,2,1,-1,1,1,1.13001,1.12921,1.13121,1.1312,TARGET,1.4875000000000305,1.1900000000000244
2025-05-02 06:55:00+00:00,2025-05-02 07:00:00+00:00,2025-05-02 07:20:00+00:00,LONG,4,1,1,1,1,1.13264,1.1318400000000002,1.1338400000000002,1.1318300000000001,STOP,-1.0124999999999718,-0.8099999999999774
2025-05-05 06:55:00+00:00,2025-05-05 07:00:00+00:00,2025-05-05 07:05:00+00:00,LONG,2,1,1,-1,1,1.13267,1.1318700000000002,1.1338700000000002,1.13186,STOP,-1.0124999999999718,-0.8099999999999774
2025-05-06 06:55:00+00:00,2025-05-06 07:00:00+00:00,2025-05-06 07:00:00+00:00,SHORT,-4,-1,-1,-1,-1,1.13258,1.1333799999999998,1.1313799999999998,1.13339,STOP,-1.0124999999999718,-0.8099999999999774
2025-05-07 05:55:00+00:00,2025-05-07 06:00:00+00:00,2025-05-07 06:50:00+00:00,LONG,4,1,1,1,1,1.13659,1.13579,1.13779,1.13778,TARGET,1.4875000000000305,1.1900000000000244
2025-05-08 10:55:00+00:00,2025-05-08 11:00:00+00:00,2025-05-08 11:05:00+00:00,SHORT,-2,1,-1,-1,-1,1.1287,1.1295,1.1275,1.12951,STOP,-1.0124999999999718,-0.8099999999999774
2025-05-09 05:55:00+00:00,2025-05-09 06:00:00+00:00,2025-05-09 07:15:00+00:00,LONG,4,1,1,1,1,1.1236300000000001,1.1228300000000002,1.1248300000000002,1.1248200000000002,TARGET,1.4875000000000305,1.1900000000000244
2025-05-12 09:55:00+00:00,2025-05-12 10:00:00+00:00,2025-05-12 10:05:00+00:00,SHORT,-2,-1,1,-1,-1,1.11182,1.11262,1.11062,1.11063,TARGET,1.4875000000000305,1.1900000000000244
2025-05-13 07:55:00+00:00,2025-05-13 08:00:00+00:00,2025-05-13 08:35:00+00:00,SHORT,-2,-1,-1,1,-1,1.11155,1.11235,1.11035,1.11036,TARGET,1.4875000000000305,1.1900000000000244
2025-05-14 06:55:00+00:00,2025-05-14 07:00:00+00:00,2025-05-14 07:00:00+00:00,SHORT,-4,-1,-1,-1,-1,1.1187799999999999,1.1195799999999998,1.1175799999999998,1.1195899999999999,STOP,-1.0124999999999718,-0.8099999999999774
2025-05-15 06:55:00+00:00,2025-05-15 07:00:00+00:00,2025-05-15 07:00:00+00:00,LONG,4,1,1,1,1,1.12274,1.1219400000000002,1.1239400000000002,1.12193,STOP,-1.0124999999999718,-0.8099999999999774
2025-05-16 05:55:00+00:00,2025-05-16 06:00:00+00:00,2025-05-16 06:05:00+00:00,LONG,2,1,1,-1,1,1.12161,1.12081,1.12281,1.1208,STOP,-1.0124999999999718,-0.8099999999999774
2025-05-19 05:55:00+00:00,2025-05-19 06:00:00+00:00,2025-05-19 06:15:00+00:00,LONG,2,1,-1,1,1,1.11852,1.11772,1.11972,1.11971,TARGET,1.4875000000000305,1.1900000000000244
2025-05-20 07:55:00+00:00,2025-05-20 08:00:00+00:00,2025-05-20 08:05:00+00:00,LONG,4,1,1,1,1,1.12766,1.1268600000000002,1.1288600000000002,1.1268500000000001,STOP,-1.0124999999999718,-0.8099999999999774
2025-05-21 09:55:00+00:00,2025-05-21 10:00:00+00:00,2025-05-21 10:15:00+00:00,LONG,2,1,-1,1,1,1.13351,1.13271,1.13471,1.1347,TARGET,1.4875000000000305,1.1900000000000244
2025-05-22 05:55:00+00:00,2025-05-22 06:00:00+00:00,2025-05-22 06:35:00+00:00,LONG,4,1,1,1,1,1.1334,1.1326,1.1346,1.13259,STOP,-1.0124999999999718,-0.8099999999999774
2025-05-23 05:55:00+00:00,2025-05-23 06:00:00+00:00,2025-05-23 06:25:00+00:00,LONG,4,1,1,1,1,1.13232,1.13152,1.13352,1.13151,STOP,-1.0124999999999718,-0.8099999999999774
2025-05-26 05:55:00+00:00,2025-05-26 06:00:00+00:00,2025-05-26 06:00:00+00:00,LONG,2,1,-1,1,1,1.14175,1.1409500000000001,1.1429500000000001,1.14094,STOP,-1.0124999999999718,-0.8099999999999774
2025-05-27 05:55:00+00:00,2025-05-27 06:00:00+00:00,2025-05-27 06:15:00+00:00,LONG,2,-1,1,1,1,1.13792,1.1371200000000001,1.1391200000000001,1.13911,TARGET,1.4875000000000305,1.1900000000000244
2025-05-28 05:55:00+00:00,2025-05-28 06:00:00+00:00,2025-05-28 06:05:00+00:00,LONG,2,1,-1,1,1,1.13151,1.13071,1.13271,1.1307,STOP,-1.0124999999999718,-0.8099999999999774
2025-05-29 05:55:00+00:00,2025-05-29 06:00:00+00:00,2025-05-29 06:15:00+00:00,LONG,2,1,1,1,-1,1.12442,1.12362,1.12562,1.12561,TARGET,1.4875000000000305,1.1900000000000244
2025-05-30 05:55:00+00:00,2025-05-30 06:00:00+00:00,2025-05-30 06:00:00+00:00,LONG,2,1,-1,1,1,1.13517,1.13437,1.13637,1.13436,STOP,-1.0124999999999718,-0.8099999999999774
2025-06-02 05:55:00+00:00,2025-06-02 06:00:00+00:00,2025-06-02 06:30:00+00:00,LONG,2,1,-1,1,1,1.1380000000000001,1.1372000000000002,1.1392000000000002,1.1391900000000001,TARGET,1.4875000000000305,1.1900000000000244
2025-06-03 05:55:00+00:00,2025-06-03 06:00:00+00:00,2025-06-03 07:50:00+00:00,LONG,4,1,1,1,1,1.14223,1.1414300000000002,1.1434300000000002,1.14142,STOP,-1.0124999999999718,-0.8099999999999774
2025-06-04 10:55:00+00:00,2025-06-04 11:00:00+00:00,2025-06-04 12:15:00+00:00,LONG,2,1,1,1,-1,1.13823,1.1374300000000002,1.1394300000000002,1.13942,TARGET,1.4875000000000305,1.1900000000000244
2025-06-05 05:55:00+00:00,2025-06-05 06:00:00+00:00,2025-06-05 06:05:00+00:00,SHORT,-4,-1,-1,-1,-1,1.1405999999999998,1.1413999999999997,1.1393999999999997,1.1414099999999998,STOP,-1.0124999999999718,-0.8099999999999774
2025-06-06 05:55:00+00:00,2025-06-06 06:00:00+00:00,2025-06-06 06:15:00+00:00,LONG,2,1,-1,1,1,1.14365,1.1428500000000001,1.1448500000000001,1.14284,STOP,-1.0124999999999718,-0.8099999999999774
2025-06-09 05:55:00+00:00,2025-06-09 06:00:00+00:00,2025-06-09 08:40:00+00:00,LONG,4,1,1,1,1,1.1422400000000001,1.1414400000000002,1.1434400000000002,1.1434300000000002,TARGET,1.4875000000000305,1.1900000000000244
2025-06-10 05:55:00+00:00,2025-06-10 06:00:00+00:00,2025-06-10 06:45:00+00:00,LONG,2,1,-1,1,1,1.14056,1.13976,1.14176,1.13975,STOP,-1.0124999999999718,-0.8099999999999774
2025-06-11 06:55:00+00:00,2025-06-11 07:00:00+00:00,2025-06-11 07:45:00+00:00,SHORT,-2,1,-1,-1,-1,1.141,1.1418,1.1398,1.14181,STOP,-1.0124999999999718,-0.8099999999999774
2025-06-12 05:55:00+00:00,2025-06-12 06:00:00+00:00,2025-06-12 06:10:00+00:00,LONG,2,1,-1,1,1,1.15282,1.15202,1.15402,1.15201,STOP,-1.0124999999999718,-0.8099999999999774
2025-06-13 05:55:00+00:00,2025-06-13 06:00:00+00:00,2025-06-13 06:05:00+00:00,LONG,2,1,-1,1,1,1.15303,1.15223,1.15423,1.15422,TARGET,1.4875000000000305,1.1900000000000244
2025-06-16 06:55:00+00:00,2025-06-16 07:00:00+00:00,2025-06-16 07:30:00+00:00,LONG,2,1,1,1,-1,1.15738,1.1565800000000002,1.1585800000000002,1.15857,TARGET,1.4875000000000305,1.1900000000000244
2025-06-17 10:55:00+00:00,2025-06-17 11:00:00+00:00,2025-06-17 11:50:00+00:00,LONG,4,1,1,1,1,1.1567800000000001,1.1559800000000002,1.1579800000000002,1.1559700000000002,STOP,-1.0124999999999718,-0.8099999999999774
2025-06-18 08:55:00+00:00,2025-06-18 09:00:00+00:00,2025-06-18 09:20:00+00:00,SHORT,-2,-1,-1,-1,1,1.15017,1.1509699999999998,1.1489699999999998,1.15098,STOP,-1.0124999999999718,-0.8099999999999774
2025-06-19 05:55:00+00:00,2025-06-19 06:00:00+00:00,2025-06-19 06:45:00+00:00,SHORT,-2,-1,-1,-1,1,1.14563,1.1464299999999998,1.1444299999999998,1.14644,STOP,-1.0124999999999718,-0.8099999999999774
2025-06-20 05:55:00+00:00,2025-06-20 06:00:00+00:00,2025-06-20 06:20:00+00:00,LONG,2,1,1,1,-1,1.15279,1.15199,1.15399,1.15198,STOP,-1.0124999999999718,-0.8099999999999774
2025-06-23 10:55:00+00:00,2025-06-23 11:00:00+00:00,2025-06-23 11:10:00+00:00,SHORT,-2,-1,1,-1,-1,1.14621,1.1470099999999999,1.1450099999999999,1.14702,STOP,-1.0124999999999718,-0.8099999999999774
2025-06-24 05:55:00+00:00,2025-06-24 06:00:00+00:00,2025-06-24 06:05:00+00:00,LONG,2,1,-1,1,1,1.16111,1.1603100000000002,1.1623100000000002,1.1603,STOP,-1.0124999999999718,-0.8099999999999774
2025-06-25 06:55:00+00:00,2025-06-25 07:00:00+00:00,2025-06-25 07:50:00+00:00,SHORT,-2,-1,1,-1,-1,1.1606999999999998,1.1614999999999998,1.1594999999999998,1.1595099999999998,TARGET,1.4875000000000305,1.1900000000000244
2025-06-26 06:55:00+00:00,2025-06-26 07:00:00+00:00,2025-06-26 07:05:00+00:00,LONG,4,1,1,1,1,1.1699700000000002,1.1691700000000003,1.1711700000000003,1.1691600000000002,STOP,-1.0124999999999718,-0.8099999999999774
2025-06-27 06:55:00+00:00,2025-06-27 07:00:00+00:00,2025-06-27 07:20:00+00:00,LONG,4,1,1,1,1,1.17195,1.1711500000000001,1.1731500000000001,1.17114,STOP,-1.0124999999999718,-0.8099999999999774
2025-06-30 05:55:00+00:00,2025-06-30 06:00:00+00:00,2025-06-30 06:35:00+00:00,SHORT,-4,-1,-1,-1,-1,1.17261,1.1734099999999998,1.1714099999999998,1.17342,STOP,-1.0124999999999718,-0.8099999999999774
2025-07-01 06:55:00+00:00,2025-07-01 07:00:00+00:00,2025-07-01 07:20:00+00:00,SHORT,-2,1,-1,-1,-1,1.1779199999999999,1.1787199999999998,1.1767199999999998,1.1787299999999998,STOP,-1.0124999999999718,-0.8099999999999774
2025-07-02 05:55:00+00:00,2025-07-02 06:00:00+00:00,2025-07-02 06:45:00+00:00,SHORT,-2,-1,1,-1,-1,1.17874,1.1795399999999998,1.1775399999999998,1.1775499999999999,TARGET,1.4875000000000305,1.1900000000000244
2025-07-03 05:55:00+00:00,2025-07-03 06:00:00+00:00,2025-07-03 07:30:00+00:00,LONG,4,1,1,1,1,1.17964,1.17884,1.1808400000000001,1.18083,TARGET,1.4875000000000305,1.1900000000000244
2025-07-04 09:55:00+00:00,2025-07-04 10:00:00+00:00,2025-07-04 12:10:00+00:00,SHORT,-2,-1,-1,-1,1,1.17779,1.1785899999999998,1.1765899999999998,1.1765999999999999,TARGET,1.4875000000000305,1.1900000000000244
2025-07-07 07:55:00+00:00,2025-07-07 08:00:00+00:00,2025-07-07 08:40:00+00:00,SHORT,-4,-1,-1,-1,-1,1.17454,1.1753399999999998,1.1733399999999998,1.17335,TARGET,1.4875000000000305,1.1900000000000244
2025-07-08 06:55:00+00:00,2025-07-08 07:00:00+00:00,2025-07-08 07:10:00+00:00,LONG,2,1,1,1,-1,1.17422,1.1734200000000001,1.1754200000000001,1.17541,TARGET,1.4875000000000305,1.1900000000000244
2025-07-09 08:55:00+00:00,2025-07-09 09:00:00+00:00,2025-07-09 11:00:00+00:00,SHORT,-2,-1,1,-1,-1,1.17132,1.1721199999999998,1.1701199999999998,1.17013,TARGET,1.4875000000000305,1.1900000000000244
2025-07-10 10:55:00+00:00,2025-07-10 11:00:00+00:00,2025-07-10 11:30:00+00:00,SHORT,-2,1,-1,-1,-1,1.17281,1.1736099999999998,1.1716099999999998,1.1716199999999999,TARGET,1.4875000000000305,1.1900000000000244
2025-07-11 06:55:00+00:00,2025-07-11 07:00:00+00:00,2025-07-11 07:05:00+00:00,SHORT,-2,-1,1,-1,-1,1.16744,1.16824,1.16624,1.16825,STOP,-1.0124999999999718,-0.8099999999999774
2025-07-14 08:55:00+00:00,2025-07-14 09:00:00+00:00,2025-07-14 09:30:00+00:00,SHORT,-2,1,-1,-1,-1,1.16822,1.16902,1.16702,1.16903,STOP,-1.0124999999999718,-0.8099999999999774
2025-07-15 05:55:00+00:00,2025-07-15 06:00:00+00:00,2025-07-15 06:50:00+00:00,LONG,2,1,1,-1,1,1.16862,1.16782,1.16982,1.16781,STOP,-1.0124999999999718,-0.8099999999999774
2025-07-16 06:55:00+00:00,2025-07-16 07:00:00+00:00,2025-07-16 07:30:00+00:00,LONG,2,1,1,-1,1,1.16282,1.16202,1.16402,1.16201,STOP,-1.0124999999999718,-0.8099999999999774
2025-07-17 05:55:00+00:00,2025-07-17 06:00:00+00:00,2025-07-17 06:15:00+00:00,SHORT,-2,-1,1,-1,-1,1.16167,1.16247,1.16047,1.16048,TARGET,1.4875000000000305,1.1900000000000244
2025-07-18 05:55:00+00:00,2025-07-18 06:00:00+00:00,2025-07-18 07:00:00+00:00,SHORT,-2,1,-1,-1,-1,1.16167,1.16247,1.16047,1.16248,STOP,-1.0124999999999718,-0.8099999999999774
2025-07-21 05:55:00+00:00,2025-07-21 06:00:00+00:00,2025-07-21 07:00:00+00:00,LONG,2,-1,1,1,1,1.16337,1.16257,1.16457,1.16456,TARGET,1.4875000000000305,1.1900000000000244
2025-07-22 06:55:00+00:00,2025-07-22 07:00:00+00:00,2025-07-22 07:15:00+00:00,LONG,2,1,-1,1,1,1.1691,1.1683000000000001,1.1703000000000001,1.16829,STOP,-1.0124999999999718,-0.8099999999999774
2025-07-23 05:55:00+00:00,2025-07-23 06:00:00+00:00,2025-07-23 07:00:00+00:00,LONG,4,1,1,1,1,1.17307,1.1722700000000001,1.1742700000000001,1.17426,TARGET,1.4875000000000305,1.1900000000000244
2025-07-24 05:55:00+00:00,2025-07-24 06:00:00+00:00,2025-07-24 06:55:00+00:00,SHORT,-4,-1,-1,-1,-1,1.17706,1.17786,1.17586,1.17587,TARGET,1.4875000000000305,1.1900000000000244
2025-07-25 06:55:00+00:00,2025-07-25 07:00:00+00:00,2025-07-25 07:10:00+00:00,SHORT,-4,-1,-1,-1,-1,1.17475,1.1755499999999999,1.1735499999999999,1.17556,STOP,-1.0124999999999718,-0.8099999999999774
2025-07-28 07:55:00+00:00,2025-07-28 08:00:00+00:00,2025-07-28 08:00:00+00:00,SHORT,-4,-1,-1,-1,-1,1.16744,1.16824,1.16624,1.16825,STOP,-1.0124999999999718,-0.8099999999999774
2025-07-29 05:55:00+00:00,2025-07-29 06:00:00+00:00,2025-07-29 06:30:00+00:00,SHORT,-4,-1,-1,-1,-1,1.15787,1.1586699999999999,1.1566699999999999,1.15668,TARGET,1.4875000000000305,1.1900000000000244
2025-07-30 05:55:00+00:00,2025-07-30 06:00:00+00:00,2025-07-30 06:40:00+00:00,SHORT,-2,-1,1,-1,-1,1.15499,1.1557899999999999,1.1537899999999999,1.1558,STOP,-1.0124999999999718,-0.8099999999999774
2025-07-31 06:55:00+00:00,2025-07-31 07:00:00+00:00,2025-07-31 07:05:00+00:00,LONG,4,1,1,1,1,1.1458700000000002,1.1450700000000003,1.1470700000000003,1.14506,STOP,-1.0125000000002493,-0.8100000000001994
2025-08-01 07:55:00+00:00,2025-08-01 08:00:00+00:00,2025-08-01 08:45:00+00:00,SHORT,-2,1,-1,-1,-1,1.14183,1.1426299999999998,1.1406299999999998,1.1406399999999999,TARGET,1.4875000000000305,1.1900000000000244
2025-08-04 05:55:00+00:00,2025-08-04 06:00:00+00:00,2025-08-04 06:10:00+00:00,SHORT,-2,-1,-1,-1,1,1.15702,1.1578199999999998,1.1558199999999998,1.15783,STOP,-1.0124999999999718,-0.8099999999999774
2025-08-05 07:55:00+00:00,2025-08-05 08:00:00+00:00,2025-08-05 08:45:00+00:00,SHORT,-4,-1,-1,-1,-1,1.15456,1.15536,1.15336,1.15337,TARGET,1.4875000000000305,1.1900000000000244
2025-08-06 05:55:00+00:00,2025-08-06 06:00:00+00:00,2025-08-06 07:15:00+00:00,LONG,2,1,-1,1,1,1.1579300000000001,1.1571300000000002,1.1591300000000002,1.1571200000000001,STOP,-1.0124999999999718,-0.8099999999999774
2025-08-07 05:55:00+00:00,2025-08-07 06:00:00+00:00,2025-08-07 07:45:00+00:00,LONG,4,1,1,1,1,1.16755,1.1667500000000002,1.1687500000000002,1.1687400000000001,TARGET,1.4875000000000305,1.1900000000000244
2025-08-08 06:55:00+00:00,2025-08-08 07:00:00+00:00,2025-08-08 07:35:00+00:00,LONG,2,1,-1,1,1,1.16506,1.16426,1.16626,1.16625,TARGET,1.4875000000000305,1.1900000000000244
2025-08-11 06:55:00+00:00,2025-08-11 07:00:00+00:00,2025-08-11 07:30:00+00:00,SHORT,-2,-1,-1,1,-1,1.16638,1.1671799999999999,1.1651799999999999,1.16519,TARGET,1.4875000000000305,1.1900000000000244
2025-08-12 05:55:00+00:00,2025-08-12 06:00:00+00:00,2025-08-12 07:30:00+00:00,SHORT,-2,-1,1,-1,-1,1.1613499999999999,1.1621499999999998,1.1601499999999998,1.1621599999999999,STOP,-1.0124999999999718,-0.8099999999999774
2025-08-13 07:55:00+00:00,2025-08-13 08:00:00+00:00,2025-08-13 08:20:00+00:00,LONG,2,1,1,1,-1,1.17082,1.17002,1.17202,1.17201,TARGET,1.4875000000000305,1.1900000000000244
2025-08-14 05:55:00+00:00,2025-08-14 06:00:00+00:00,2025-08-14 06:50:00+00:00,SHORT,-2,-1,1,-1,-1,1.1701199999999998,1.1709199999999997,1.1689199999999997,1.1689299999999998,TARGET,1.4875000000000305,1.1900000000000244
2025-08-15 05:55:00+00:00,2025-08-15 06:00:00+00:00,2025-08-15 07:55:00+00:00,LONG,2,1,1,1,-1,1.16714,1.1663400000000002,1.1683400000000002,1.16833,TARGET,1.4875000000000305,1.1900000000000244
2025-08-18 05:55:00+00:00,2025-08-18 06:00:00+00:00,2025-08-18 06:25:00+00:00,LONG,2,1,-1,1,1,1.1706,1.1698000000000002,1.1718000000000002,1.16979,STOP,-1.0124999999999718,-0.8099999999999774
2025-08-19 05:55:00+00:00,2025-08-19 06:00:00+00:00,2025-08-19 06:30:00+00:00,SHORT,-4,-1,-1,-1,-1,1.16549,1.1662899999999998,1.1642899999999998,1.1663,STOP,-1.0124999999999718,-0.8099999999999774
2025-08-20 05:55:00+00:00,2025-08-20 06:00:00+00:00,2025-08-20 06:05:00+00:00,LONG,2,1,1,1,-1,1.16396,1.1631600000000002,1.1651600000000002,1.1631500000000001,STOP,-1.0124999999999718,-0.8099999999999774
2025-08-21 05:55:00+00:00,2025-08-21 06:00:00+00:00,2025-08-21 06:10:00+00:00,LONG,2,1,-1,1,1,1.1649800000000001,1.1641800000000002,1.1661800000000002,1.1641700000000001,STOP,-1.0124999999999718,-0.8099999999999774
2025-08-22 05:55:00+00:00,2025-08-22 06:00:00+00:00,2025-08-22 06:45:00+00:00,SHORT,-2,-1,1,-1,-1,1.1586299999999998,1.1594299999999997,1.1574299999999997,1.1594399999999998,STOP,-1.0124999999999718,-0.8099999999999774
2025-08-25 05:55:00+00:00,2025-08-25 06:00:00+00:00,2025-08-25 06:05:00+00:00,SHORT,-2,-1,-1,1,-1,1.1700599999999999,1.1708599999999998,1.1688599999999998,1.1708699999999999,STOP,-1.0124999999999718,-0.8099999999999774
2025-08-26 05:55:00+00:00,2025-08-26 06:00:00+00:00,2025-08-26 06:15:00+00:00,SHORT,-4,-1,-1,-1,-1,1.16408,1.16488,1.16288,1.16289,TARGET,1.4875000000000305,1.1900000000000244
2025-08-27 05:55:00+00:00,2025-08-27 06:00:00+00:00,2025-08-27 07:10:00+00:00,LONG,2,1,-1,1,1,1.16204,1.16124,1.16324,1.16123,STOP,-1.0124999999999718,-0.8099999999999774
2025-08-28 11:55:00+00:00,2025-08-28 12:00:00+00:00,2025-08-28 12:40:00+00:00,LONG,2,1,1,1,-1,1.1667,1.1659000000000002,1.1679000000000002,1.16789,TARGET,1.4875000000000305,1.1900000000000244
2025-08-29 05:55:00+00:00,2025-08-29 06:00:00+00:00,2025-08-29 06:15:00+00:00,LONG,2,1,1,1,-1,1.16703,1.16623,1.16823,1.16622,STOP,-1.0124999999999718,-0.8099999999999774
2025-09-01 06:55:00+00:00,2025-09-01 07:00:00+00:00,2025-09-01 08:50:00+00:00,SHORT,-2,-1,1,-1,-1,1.17249,1.17329,1.17129,1.1733,STOP,-1.0124999999999718,-0.8099999999999774
2025-09-02 07:55:00+00:00,2025-09-02 08:00:00+00:00,2025-09-02 08:40:00+00:00,SHORT,-2,1,-1,-1,-1,1.16458,1.1653799999999999,1.1633799999999999,1.16539,STOP,-1.0124999999999718,-0.8099999999999774
2025-09-03 06:55:00+00:00,2025-09-03 07:00:00+00:00,2025-09-03 07:15:00+00:00,SHORT,-2,1,-1,-1,-1,1.16327,1.16407,1.16207,1.16208,TARGET,1.4875000000000305,1.1900000000000244
2025-09-04 07:55:00+00:00,2025-09-04 08:00:00+00:00,2025-09-04 08:05:00+00:00,SHORT,-2,-1,1,-1,-1,1.16503,1.16583,1.16383,1.16584,STOP,-1.0124999999999718,-0.8099999999999774
2025-09-05 05:55:00+00:00,2025-09-05 06:00:00+00:00,2025-09-05 06:10:00+00:00,LONG,2,-1,1,1,1,1.1677600000000001,1.1669600000000002,1.1689600000000002,1.1669500000000002,STOP,-1.0124999999999718,-0.8099999999999774
2025-09-08 06:55:00+00:00,2025-09-08 07:00:00+00:00,2025-09-08 08:00:00+00:00,LONG,2,1,-1,1,1,1.17272,1.17192,1.17392,1.17391,TARGET,1.4875000000000305,1.1900000000000244
2025-09-09 06:55:00+00:00,2025-09-09 07:00:00+00:00,2025-09-09 07:40:00+00:00,LONG,2,1,1,-1,1,1.17652,1.17572,1.17772,1.17571,STOP,-1.0124999999999718,-0.8099999999999774
2025-09-10 05:55:00+00:00,2025-09-10 06:00:00+00:00,2025-09-10 06:15:00+00:00,SHORT,-2,-1,1,-1,-1,1.1708399999999999,1.1716399999999998,1.1696399999999998,1.1716499999999999,STOP,-1.0124999999999718,-0.8099999999999774
2025-09-11 05:55:00+00:00,2025-09-11 06:00:00+00:00,2025-09-11 09:45:00+00:00,SHORT,-2,-1,1,-1,-1,1.16896,1.16976,1.16776,1.16777,TARGET,1.4875000000000305,1.1900000000000244
2025-09-12 05:55:00+00:00,2025-09-12 06:00:00+00:00,2025-09-12 06:55:00+00:00,SHORT,-2,-1,-1,-1,1,1.17306,1.17386,1.17186,1.17387,STOP,-1.0124999999999718,-0.8099999999999774
2025-09-15 06:55:00+00:00,2025-09-15 07:00:00+00:00,2025-09-15 07:15:00+00:00,LONG,4,1,1,1,1,1.1725400000000001,1.1717400000000002,1.1737400000000002,1.1737300000000002,TARGET,1.4875000000000305,1.1900000000000244
2025-09-16 05:55:00+00:00,2025-09-16 06:00:00+00:00,2025-09-16 06:20:00+00:00,LONG,2,1,-1,1,1,1.17785,1.1770500000000002,1.1790500000000002,1.17904,TARGET,1.4875000000000305,1.1900000000000244
2025-09-17 05:55:00+00:00,2025-09-17 06:00:00+00:00,2025-09-17 07:00:00+00:00,LONG,2,1,1,1,-1,1.18585,1.1850500000000002,1.1870500000000002,1.18504,STOP,-1.0124999999999718,-0.8099999999999774
2025-09-18 06:55:00+00:00,2025-09-18 07:00:00+00:00,2025-09-18 07:00:00+00:00,SHORT,-2,1,-1,-1,-1,1.1794099999999998,1.1802099999999998,1.1782099999999998,1.1802199999999998,STOP,-1.0124999999999718,-0.8099999999999774
2025-09-19 05:55:00+00:00,2025-09-19 06:00:00+00:00,2025-09-19 07:05:00+00:00,SHORT,-4,-1,-1,-1,-1,1.1772799999999999,1.1780799999999998,1.1760799999999998,1.1760899999999999,TARGET,1.4875000000000305,1.1900000000000244
2025-09-22 05:55:00+00:00,2025-09-22 06:00:00+00:00,2025-09-22 07:25:00+00:00,LONG,2,1,1,1,-1,1.17389,1.1730900000000002,1.1750900000000002,1.1750800000000001,TARGET,1.4875000000000305,1.1900000000000244
2025-09-23 06:55:00+00:00,2025-09-23 07:00:00+00:00,2025-09-23 07:15:00+00:00,SHORT,-2,-1,-1,1,-1,1.17946,1.1802599999999999,1.1782599999999999,1.17827,TARGET,1.4875000000000305,1.1900000000000244
2025-09-24 06:55:00+00:00,2025-09-24 07:00:00+00:00,2025-09-24 08:10:00+00:00,SHORT,-2,-1,-1,1,-1,1.17874,1.1795399999999998,1.1775399999999998,1.1775499999999999,TARGET,1.4875000000000305,1.1900000000000244
2025-09-25 06:55:00+00:00,2025-09-25 07:00:00+00:00,2025-09-25 07:45:00+00:00,SHORT,-2,-1,-1,1,-1,1.1745599999999998,1.1753599999999997,1.1733599999999997,1.1733699999999998,TARGET,1.4875000000000305,1.1900000000000244
2025-09-26 05:55:00+00:00,2025-09-26 06:00:00+00:00,2025-09-26 08:30:00+00:00,SHORT,-2,-1,1,-1,-1,1.1677,1.1684999999999999,1.1664999999999999,1.16851,STOP,-1.0124999999999718,-0.8099999999999774
2025-09-29 05:55:00+00:00,2025-09-29 06:00:00+00:00,2025-09-29 06:50:00+00:00,LONG,2,1,-1,1,1,1.1728500000000002,1.1720500000000003,1.1740500000000003,1.1720400000000002,STOP,-1.0124999999999718,-0.8099999999999774
2025-09-30 11:55:00+00:00,2025-09-30 12:00:00+00:00,2025-09-30 12:35:00+00:00,LONG,4,1,1,1,1,1.17428,1.17348,1.17548,1.17347,STOP,-1.0124999999999718,-0.8099999999999774
2025-10-01 05:55:00+00:00,2025-10-01 06:00:00+00:00,2025-10-01 06:10:00+00:00,SHORT,-2,-1,-1,-1,1,1.17522,1.1760199999999998,1.1740199999999998,1.17603,STOP,-1.0124999999999718,-0.8099999999999774
2025-10-02 07:55:00+00:00,2025-10-02 08:00:00+00:00,2025-10-02 09:15:00+00:00,SHORT,-2,-1,-1,-1,1,1.1749699999999998,1.1757699999999998,1.1737699999999998,1.1757799999999998,STOP,-1.0124999999999718,-0.8099999999999774
2025-10-03 06:55:00+00:00,2025-10-03 07:00:00+00:00,2025-10-03 07:30:00+00:00,SHORT,-2,1,-1,-1,-1,1.17203,1.1728299999999998,1.1708299999999998,1.1728399999999999,STOP,-1.0124999999999718,-0.8099999999999774
2025-10-06 05:55:00+00:00,2025-10-06 06:00:00+00:00,2025-10-06 06:10:00+00:00,LONG,2,1,-1,1,1,1.17175,1.1709500000000002,1.1729500000000002,1.17094,STOP,-1.0124999999999718,-0.8099999999999774
2025-10-07 05:55:00+00:00,2025-10-07 06:00:00+00:00,2025-10-07 06:05:00+00:00,LONG,4,1,1,1,1,1.16924,1.1684400000000001,1.1704400000000001,1.16843,STOP,-1.0124999999999718,-0.8099999999999774
2025-10-08 08:55:00+00:00,2025-10-08 09:00:00+00:00,2025-10-08 10:20:00+00:00,SHORT,-2,-1,1,-1,-1,1.16146,1.1622599999999998,1.1602599999999998,1.16227,STOP,-1.0124999999999718,-0.8099999999999774
2025-10-09 05:55:00+00:00,2025-10-09 06:00:00+00:00,2025-10-09 06:20:00+00:00,SHORT,-2,-1,1,-1,-1,1.1638199999999999,1.1646199999999998,1.1626199999999998,1.1626299999999998,TARGET,1.4875000000000305,1.1900000000000244
2025-10-10 05:55:00+00:00,2025-10-10 06:00:00+00:00,2025-10-10 07:50:00+00:00,SHORT,-4,-1,-1,-1,-1,1.15696,1.15776,1.15576,1.15777,STOP,-1.0124999999999718,-0.8099999999999774
2025-10-13 06:55:00+00:00,2025-10-13 07:00:00+00:00,2025-10-13 07:45:00+00:00,SHORT,-4,-1,-1,-1,-1,1.16139,1.1621899999999998,1.1601899999999998,1.1602,TARGET,1.4875000000000305,1.1900000000000244
2025-10-14 07:55:00+00:00,2025-10-14 08:00:00+00:00,2025-10-14 09:20:00+00:00,LONG,2,1,1,1,-1,1.15497,1.1541700000000001,1.1561700000000001,1.15616,TARGET,1.4875000000000305,1.1900000000000244
2025-10-15 05:55:00+00:00,2025-10-15 06:00:00+00:00,2025-10-15 06:10:00+00:00,SHORT,-4,-1,-1,-1,-1,1.16194,1.1627399999999999,1.1607399999999999,1.16275,STOP,-1.0124999999999718,-0.8099999999999774
2025-10-16 06:55:00+00:00,2025-10-16 07:00:00+00:00,2025-10-16 09:45:00+00:00,SHORT,-2,-1,-1,-1,1,1.16537,1.16617,1.16417,1.16618,STOP,-1.0124999999999718,-0.8099999999999774
2025-10-17 08:55:00+00:00,2025-10-17 09:00:00+00:00,2025-10-17 09:15:00+00:00,SHORT,-4,-1,-1,-1,-1,1.16967,1.17047,1.16847,1.17048,STOP,-1.0124999999999718,-0.8099999999999774
2025-10-20 06:55:00+00:00,2025-10-20 07:00:00+00:00,2025-10-20 07:30:00+00:00,SHORT,-2,1,-1,-1,-1,1.16583,1.1666299999999998,1.1646299999999998,1.16664,STOP,-1.0124999999999718,-0.8099999999999774
2025-10-21 05:55:00+00:00,2025-10-21 06:00:00+00:00,2025-10-21 06:55:00+00:00,SHORT,-2,-1,1,-1,-1,1.1624999999999999,1.1632999999999998,1.1612999999999998,1.1633099999999998,STOP,-1.0124999999999718,-0.8099999999999774
2025-10-22 08:55:00+00:00,2025-10-22 09:00:00+00:00,2025-10-22 10:10:00+00:00,LONG,2,-1,1,1,1,1.15978,1.1589800000000001,1.1609800000000001,1.15897,STOP,-1.0124999999999718,-0.8099999999999774
2025-10-23 07:55:00+00:00,2025-10-23 08:00:00+00:00,2025-10-23 10:00:00+00:00,LONG,2,1,1,1,-1,1.16004,1.15924,1.16124,1.15923,STOP,-1.0124999999999718,-0.8099999999999774
2025-10-24 06:55:00+00:00,2025-10-24 07:00:00+00:00,2025-10-24 07:15:00+00:00,LONG,4,1,1,1,1,1.16138,1.1605800000000002,1.1625800000000002,1.16057,STOP,-1.0124999999999718,-0.8099999999999774
2025-10-27 05:55:00+00:00,2025-10-27 06:00:00+00:00,2025-10-27 08:00:00+00:00,LONG,2,1,-1,1,1,1.16265,1.16185,1.16385,1.16184,STOP,-1.0124999999999718,-0.8099999999999774
2025-10-28 06:55:00+00:00,2025-10-28 07:00:00+00:00,2025-10-28 10:40:00+00:00,SHORT,-2,1,-1,-1,-1,1.16554,1.16634,1.16434,1.16635,STOP,-1.0124999999999718,-0.8099999999999774
2025-10-29 07:55:00+00:00,2025-10-29 08:00:00+00:00,2025-10-29 09:10:00+00:00,SHORT,-2,-1,-1,-1,1,1.16322,1.1640199999999998,1.1620199999999998,1.16203,TARGET,1.4875000000000305,1.1900000000000244
2025-10-30 05:55:00+00:00,2025-10-30 06:00:00+00:00,2025-10-30 07:45:00+00:00,SHORT,-2,-1,1,-1,-1,1.1623599999999998,1.1631599999999997,1.1611599999999997,1.1611699999999998,TARGET,1.4875000000000305,1.1900000000000244
2025-10-31 06:55:00+00:00,2025-10-31 07:00:00+00:00,2025-10-31 08:45:00+00:00,SHORT,-2,1,-1,-1,-1,1.1561,1.1568999999999998,1.1548999999999998,1.1569099999999999,STOP,-1.0124999999999718,-0.8099999999999774
2025-11-03 05:55:00+00:00,2025-11-03 06:00:00+00:00,2025-11-03 08:30:00+00:00,SHORT,-4,-1,-1,-1,-1,1.15347,1.15427,1.15227,1.15228,TARGET,1.4875000000000305,1.1900000000000244
2025-11-04 06:55:00+00:00,2025-11-04 07:00:00+00:00,2025-11-04 07:40:00+00:00,SHORT,-2,-1,1,-1,-1,1.15232,1.15312,1.15112,1.15313,STOP,-1.0124999999999718,-0.8099999999999774
2025-11-05 05:55:00+00:00,2025-11-05 06:00:00+00:00,2025-11-05 10:00:00+00:00,SHORT,-2,1,-1,-1,-1,1.1491399999999998,1.1499399999999997,1.1479399999999997,1.1479499999999998,TARGET,1.4875000000000305,1.1900000000000244
2025-11-06 05:55:00+00:00,2025-11-06 06:00:00+00:00,2025-11-06 08:55:00+00:00,LONG,2,1,1,1,-1,1.15101,1.1502100000000002,1.1522100000000002,1.1522000000000001,TARGET,1.4875000000000305,1.1900000000000244
2025-11-07 05:55:00+00:00,2025-11-07 06:00:00+00:00,2025-11-07 09:50:00+00:00,SHORT,-2,-1,1,-1,-1,1.1534,1.1542,1.1522,1.15421,STOP,-1.0124999999999718,-0.8099999999999774
2025-11-10 05:55:00+00:00,2025-11-10 06:00:00+00:00,2025-11-10 07:35:00+00:00,SHORT,-3,0,-1,-1,-1,1.15621,1.1570099999999999,1.1550099999999999,1.15702,STOP,-1.0124999999999718,-0.8099999999999774
2025-11-11 07:55:00+00:00,2025-11-11 08:00:00+00:00,2025-11-11 10:20:00+00:00,LONG,2,1,1,-1,1,1.15604,1.15524,1.15724,1.15723,TARGET,1.4875000000000305,1.1900000000000244
2025-11-12 06:55:00+00:00,2025-11-12 07:00:00+00:00,2025-11-12 09:10:00+00:00,LONG,2,1,-1,1,1,1.15829,1.1574900000000001,1.1594900000000001,1.15748,STOP,-1.0124999999999718,-0.8099999999999774
2025-11-13 05:55:00+00:00,2025-11-13 06:00:00+00:00,2025-11-13 07:15:00+00:00,SHORT,-2,1,-1,-1,-1,1.15815,1.15895,1.15695,1.15896,STOP,-1.0124999999999718,-0.8099999999999774
2025-11-14 05:55:00+00:00,2025-11-14 06:00:00+00:00,2025-11-14 06:20:00+00:00,LONG,4,1,1,1,1,1.16483,1.1640300000000001,1.1660300000000001,1.16402,STOP,-1.0124999999999718,-0.8099999999999774
2025-11-17 06:55:00+00:00,2025-11-17 07:00:00+00:00,2025-11-17 08:50:00+00:00,LONG,4,1,1,1,1,1.16077,1.1599700000000002,1.1619700000000002,1.15996,STOP,-1.0124999999999718,-0.8099999999999774
2025-11-18 11:55:00+00:00,2025-11-18 12:00:00+00:00,2025-11-18 12:55:00+00:00,SHORT,-4,-1,-1,-1,-1,1.15846,1.15926,1.15726,1.15927,STOP,-1.0124999999999718,-0.8099999999999774
2025-11-19 07:55:00+00:00,2025-11-19 08:00:00+00:00,2025-11-19 08:00:00+00:00,SHORT,-4,-1,-1,-1,-1,1.1581299999999999,1.1589299999999998,1.1569299999999998,1.1589399999999999,STOP,-1.0124999999999718,-0.8099999999999774
2025-11-20 12:55:00+00:00,2025-11-20 13:00:00+00:00,2025-11-20 13:30:00+00:00,SHORT,-2,1,-1,-1,-1,1.15106,1.1518599999999999,1.1498599999999999,1.15187,STOP,-1.0124999999999718,-0.8099999999999774
2025-11-21 05:55:00+00:00,2025-11-21 06:00:00+00:00,2025-11-21 06:10:00+00:00,SHORT,-4,-1,-1,-1,-1,1.15351,1.15431,1.15231,1.15432,STOP,-1.0124999999999718,-0.8099999999999774
2025-11-24 05:55:00+00:00,2025-11-24 06:00:00+00:00,2025-11-24 08:00:00+00:00,SHORT,-2,-1,1,-1,-1,1.1522299999999999,1.1530299999999998,1.1510299999999998,1.1510399999999998,TARGET,1.4875000000000305,1.1900000000000244
2025-11-25 06:55:00+00:00,2025-11-25 07:00:00+00:00,2025-11-25 07:10:00+00:00,SHORT,-4,-1,-1,-1,-1,1.15184,1.1526399999999999,1.1506399999999999,1.15265,STOP,-1.0124999999999718,-0.8099999999999774
2025-11-26 05:55:00+00:00,2025-11-26 06:00:00+00:00,2025-11-26 07:20:00+00:00,LONG,4,1,1,1,1,1.15913,1.15833,1.16033,1.15832,STOP,-1.0124999999999718,-0.8099999999999774
2025-11-27 09:55:00+00:00,2025-11-27 10:00:00+00:00,2025-11-27 10:40:00+00:00,SHORT,-2,-1,-1,1,-1,1.15774,1.15854,1.15654,1.15855,STOP,-1.0124999999999718,-0.8099999999999774
2025-11-28 05:55:00+00:00,2025-11-28 06:00:00+00:00,2025-11-28 06:45:00+00:00,LONG,4,1,1,1,1,1.159,1.1582000000000001,1.1602000000000001,1.15819,STOP,-1.0124999999999718,-0.8099999999999774
2025-12-01 06:55:00+00:00,2025-12-01 07:00:00+00:00,2025-12-01 07:55:00+00:00,LONG,2,1,-1,1,1,1.15967,1.15887,1.16087,1.16086,TARGET,1.4875000000000305,1.1900000000000244
2025-12-02 07:55:00+00:00,2025-12-02 08:00:00+00:00,2025-12-02 09:25:00+00:00,LONG,2,-1,1,1,1,1.1613200000000001,1.1605200000000002,1.1625200000000002,1.1605100000000002,STOP,-1.0124999999999718,-0.8099999999999774
2025-12-03 08:55:00+00:00,2025-12-03 09:00:00+00:00,2025-12-03 10:15:00+00:00,LONG,2,-1,1,1,1,1.1644400000000001,1.1636400000000002,1.1656400000000002,1.1656300000000002,TARGET,1.4875000000000305,1.1900000000000244
2025-12-04 07:55:00+00:00,2025-12-04 08:00:00+00:00,2025-12-04 08:35:00+00:00,LONG,4,1,1,1,1,1.16656,1.1657600000000001,1.1677600000000001,1.16775,TARGET,1.4875000000000305,1.1900000000000244
2025-12-05 05:55:00+00:00,2025-12-05 06:00:00+00:00,2025-12-05 07:35:00+00:00,LONG,2,1,-1,1,1,1.1659300000000001,1.1651300000000002,1.1671300000000002,1.1671200000000002,TARGET,1.4875000000000305,1.1900000000000244
2025-12-08 06:55:00+00:00,2025-12-08 07:00:00+00:00,2025-12-08 08:35:00+00:00,SHORT,-4,-1,-1,-1,-1,1.16604,1.1668399999999999,1.1648399999999999,1.16485,TARGET,1.4875000000000305,1.1900000000000244
2025-12-09 06:55:00+00:00,2025-12-09 07:00:00+00:00,2025-12-09 09:35:00+00:00,SHORT,-2,-1,-1,-1,1,1.1643599999999998,1.1651599999999998,1.1631599999999997,1.1651699999999998,STOP,-1.0124999999999718,-0.8099999999999774
2025-12-10 07:55:00+00:00,2025-12-10 08:00:00+00:00,2025-12-10 09:15:00+00:00,LONG,4,1,1,1,1,1.16484,1.1640400000000002,1.1660400000000002,1.1640300000000001,STOP,-1.0124999999999718,-0.8099999999999774
2025-12-11 07:55:00+00:00,2025-12-11 08:00:00+00:00,2025-12-11 08:05:00+00:00,SHORT,-2,-1,1,-1,-1,1.1693399999999998,1.1701399999999997,1.1681399999999997,1.1701499999999998,STOP,-1.0124999999999718,-0.8099999999999774
2025-12-12 05:55:00+00:00,2025-12-12 06:00:00+00:00,2025-12-12 08:55:00+00:00,LONG,2,1,1,1,-1,1.17388,1.1730800000000001,1.1750800000000001,1.17307,STOP,-1.0124999999999718,-0.8099999999999774
2025-12-15 08:55:00+00:00,2025-12-15 09:00:00+00:00,2025-12-15 09:05:00+00:00,SHORT,-4,-1,-1,-1,-1,1.17309,1.1738899999999999,1.1718899999999999,1.1739,STOP,-1.0124999999999718,-0.8099999999999774
2025-12-16 08:55:00+00:00,2025-12-16 09:00:00+00:00,2025-12-16 12:20:00+00:00,LONG,2,-1,1,1,1,1.17547,1.17467,1.17667,1.17666,TARGET,1.4875000000000305,1.1900000000000244
2025-12-17 06:55:00+00:00,2025-12-17 07:00:00+00:00,2025-12-17 08:25:00+00:00,SHORT,-2,-1,-1,-1,1,1.1709699999999998,1.1717699999999998,1.1697699999999998,1.1717799999999998,STOP,-1.0124999999999718,-0.8099999999999774
2025-12-18 05:55:00+00:00,2025-12-18 06:00:00+00:00,2025-12-18 07:55:00+00:00,LONG,4,1,1,1,1,1.1746100000000002,1.1738100000000002,1.1758100000000002,1.1738000000000002,STOP,-1.0124999999999718,-0.8099999999999774
2025-12-19 08:55:00+00:00,2025-12-19 09:00:00+00:00,2025-12-19 13:15:00+00:00,LONG,2,1,1,1,-1,1.1712900000000002,1.1704900000000003,1.1724900000000003,1.1704800000000002,STOP,-1.0124999999999718,-0.8099999999999774
2025-12-22 06:55:00+00:00,2025-12-22 07:00:00+00:00,2025-12-22 07:50:00+00:00,LONG,2,1,1,-1,1,1.17161,1.1708100000000001,1.1728100000000001,1.1728,TARGET,1.4875000000000305,1.1900000000000244
2025-12-23 08:55:00+00:00,2025-12-23 09:00:00+00:00,2025-12-23 10:25:00+00:00,LONG,2,1,-1,1,1,1.17849,1.1776900000000001,1.1796900000000001,1.17968,TARGET,1.4875000000000305,1.1900000000000244
2025-12-24 06:55:00+00:00,2025-12-24 07:00:00+00:00,2025-12-24 07:45:00+00:00,SHORT,-2,-1,-1,-1,1,1.17998,1.18078,1.17878,1.17879,TARGET,1.4875000000000305,1.1900000000000244
2025-12-26 07:55:00+00:00,2025-12-26 08:00:00+00:00,2025-12-26 13:00:00+00:00,LONG,4,1,1,1,1,1.17734,1.1765400000000001,1.1785400000000001,1.17853,TARGET,1.4875000000000305,1.1900000000000244
2025-12-29 05:55:00+00:00,2025-12-29 06:00:00+00:00,2025-12-29 06:30:00+00:00,SHORT,-4,-1,-1,-1,-1,1.1756,1.1764,1.1743999999999999,1.17641,STOP,-1.0124999999999718,-0.8099999999999774
2025-12-30 05:55:00+00:00,2025-12-30 06:00:00+00:00,2025-12-30 07:20:00+00:00,LONG,2,1,-1,1,1,1.17757,1.17677,1.17877,1.17676,STOP,-1.0124999999999718,-0.8099999999999774
2025-12-31 06:55:00+00:00,2025-12-31 07:00:00+00:00,2025-12-31 08:45:00+00:00,SHORT,-4,-1,-1,-1,-1,1.17371,1.17451,1.17251,1.17252,TARGET,1.4875000000000305,1.1900000000000244
2026-01-02 09:55:00+00:00,2026-01-02 10:00:00+00:00,2026-01-02 14:45:00+00:00,SHORT,-2,-1,1,-1,-1,1.17213,1.1729299999999998,1.1709299999999998,1.1729399999999999,STOP,-1.0124999999999718,-0.8099999999999774
2026-01-05 06:55:00+00:00,2026-01-05 07:00:00+00:00,2026-01-05 08:00:00+00:00,LONG,2,1,-1,1,1,1.1691200000000002,1.1683200000000002,1.1703200000000002,1.1683100000000002,STOP,-1.0124999999999718,-0.8099999999999774
2026-01-06 05:55:00+00:00,2026-01-06 06:00:00+00:00,2026-01-06 06:30:00+00:00,SHORT,-4,-1,-1,-1,-1,1.1728699999999999,1.1736699999999998,1.1716699999999998,1.1736799999999998,STOP,-1.0124999999999718,-0.8099999999999774
2026-01-07 06:55:00+00:00,2026-01-07 07:00:00+00:00,2026-01-07 07:30:00+00:00,LONG,2,-1,1,1,1,1.1698000000000002,1.1690000000000003,1.1710000000000003,1.1689900000000002,STOP,-1.0124999999999718,-0.8099999999999774
2026-01-08 05:55:00+00:00,2026-01-08 06:00:00+00:00,2026-01-08 06:25:00+00:00,LONG,2,-1,1,1,1,1.1682700000000001,1.1674700000000002,1.1694700000000002,1.1674600000000002,STOP,-1.0124999999999718,-0.8099999999999774
2026-01-09 06:55:00+00:00,2026-01-09 07:00:00+00:00,2026-01-09 12:55:00+00:00,SHORT,-2,1,-1,-1,-1,1.16485,1.1656499999999999,1.1636499999999999,1.16415,TIME,0.8749999999999036,0.6999999999999229
2026-01-12 06:55:00+00:00,2026-01-12 07:00:00+00:00,2026-01-12 07:20:00+00:00,LONG,2,-1,1,1,1,1.16699,1.16619,1.16819,1.16818,TARGET,1.4875000000000305,1.1900000000000244
2026-01-13 05:55:00+00:00,2026-01-13 06:00:00+00:00,2026-01-13 09:00:00+00:00,SHORT,-2,-1,-1,-1,1,1.16625,1.16705,1.16505,1.16706,STOP,-1.0124999999999718,-0.8099999999999774
2026-01-14 07:55:00+00:00,2026-01-14 08:00:00+00:00,2026-01-14 10:25:00+00:00,SHORT,-2,1,-1,-1,-1,1.1645999999999999,1.1653999999999998,1.1633999999999998,1.1654099999999998,STOP,-1.0124999999999718,-0.8099999999999774
2026-01-15 06:55:00+00:00,2026-01-15 07:00:00+00:00,2026-01-15 12:55:00+00:00,LONG,4,1,1,1,1,1.1633600000000002,1.1625600000000003,1.1645600000000003,1.1625500000000002,STOP,-1.0124999999999718,-0.8099999999999774
2026-01-16 06:55:00+00:00,2026-01-16 07:00:00+00:00,2026-01-16 11:30:00+00:00,LONG,4,1,1,1,1,1.16099,1.16019,1.16219,1.16218,TARGET,1.4875000000000305,1.1900000000000244
2026-01-19 05:55:00+00:00,2026-01-19 06:00:00+00:00,2026-01-19 07:05:00+00:00,SHORT,-2,-1,-1,-1,1,1.16272,1.1635199999999999,1.1615199999999999,1.16353,STOP,-1.0124999999999718,-0.8099999999999774
2026-01-20 05:55:00+00:00,2026-01-20 06:00:00+00:00,2026-01-20 07:15:00+00:00,SHORT,-2,1,-1,-1,-1,1.1662899999999998,1.1670899999999997,1.1650899999999997,1.1670999999999998,STOP,-1.0124999999999718,-0.8099999999999774
2026-01-21 05:55:00+00:00,2026-01-21 06:00:00+00:00,2026-01-21 07:40:00+00:00,LONG,2,1,1,1,-1,1.17178,1.1709800000000001,1.1729800000000001,1.17097,STOP,-1.0124999999999718,-0.8099999999999774
2026-01-22 10:55:00+00:00,2026-01-22 11:00:00+00:00,2026-01-22 12:20:00+00:00,LONG,2,1,-1,1,1,1.16958,1.1687800000000002,1.1707800000000002,1.17077,TARGET,1.4875000000000305,1.1900000000000244
2026-01-23 09:55:00+00:00,2026-01-23 10:00:00+00:00,2026-01-23 12:45:00+00:00,SHORT,-2,-1,-1,1,-1,1.17354,1.17434,1.17234,1.17435,STOP,-1.0124999999999718,-0.8099999999999774
2026-01-26 06:55:00+00:00,2026-01-26 07:00:00+00:00,2026-01-26 07:10:00+00:00,SHORT,-4,-1,-1,-1,-1,1.18516,1.18596,1.18396,1.18597,STOP,-1.0124999999999718,-0.8099999999999774
2026-01-27 05:55:00+00:00,2026-01-27 06:00:00+00:00,2026-01-27 07:55:00+00:00,LONG,2,1,1,1,-1,1.18772,1.1869200000000002,1.1889200000000002,1.1869100000000001,STOP,-1.0124999999999718,-0.8099999999999774
2026-01-28 05:55:00+00:00,2026-01-28 06:00:00+00:00,2026-01-28 07:10:00+00:00,LONG,2,1,1,1,-1,1.19973,1.19893,1.20093,1.20092,TARGET,1.4875000000000305,1.1900000000000244
2026-01-29 05:55:00+00:00,2026-01-29 06:00:00+00:00,2026-01-29 06:20:00+00:00,SHORT,-2,-1,-1,-1,1,1.19807,1.1988699999999999,1.1968699999999999,1.19888,STOP,-1.0124999999999718,-0.8099999999999774
2026-01-30 05:55:00+00:00,2026-01-30 06:00:00+00:00,2026-01-30 06:25:00+00:00,LONG,2,1,-1,1,1,1.19252,1.1917200000000001,1.1937200000000001,1.19171,STOP,-1.0124999999999718,-0.8099999999999774
2026-02-02 07:55:00+00:00,2026-02-02 08:00:00+00:00,2026-02-02 08:10:00+00:00,SHORT,-2,-1,1,-1,-1,1.18532,1.1861199999999998,1.1841199999999998,1.18613,STOP,-1.0124999999999718,-0.8099999999999774
2026-02-03 05:55:00+00:00,2026-02-03 06:00:00+00:00,2026-02-03 07:10:00+00:00,SHORT,-2,-1,-1,1,-1,1.18088,1.1816799999999998,1.1796799999999998,1.18169,STOP,-1.0124999999999718,-0.8099999999999774
2026-02-04 05:55:00+00:00,2026-02-04 06:00:00+00:00,2026-02-04 09:30:00+00:00,SHORT,-2,1,-1,-1,-1,1.18326,1.18406,1.1820599999999999,1.18207,TARGET,1.4875000000000305,1.1900000000000244
2026-02-05 07:55:00+00:00,2026-02-05 08:00:00+00:00,2026-02-05 09:20:00+00:00,LONG,2,1,1,-1,1,1.1799000000000002,1.1791000000000003,1.1811000000000003,1.1790900000000002,STOP,-1.0124999999999718,-0.8099999999999774
2026-02-06 06:55:00+00:00,2026-02-06 07:00:00+00:00,2026-02-06 12:55:00+00:00,SHORT,-2,-1,-1,-1,1,1.17966,1.1804599999999998,1.1784599999999998,1.1793,TIME,0.44999999999989493,0.35999999999991594
2026-02-09 05:55:00+00:00,2026-02-09 06:00:00+00:00,2026-02-09 06:00:00+00:00,SHORT,-2,-1,1,-1,-1,1.18329,1.1840899999999999,1.1820899999999999,1.1841,STOP,-1.0124999999999718,-0.8099999999999774
2026-02-10 05:55:00+00:00,2026-02-10 06:00:00+00:00,2026-02-10 07:35:00+00:00,LONG,2,1,1,1,-1,1.1907400000000001,1.1899400000000002,1.1919400000000002,1.1899300000000002,STOP,-1.0124999999999718,-0.8099999999999774
2026-02-11 05:55:00+00:00,2026-02-11 06:00:00+00:00,2026-02-11 07:10:00+00:00,LONG,2,1,-1,1,1,1.19188,1.1910800000000001,1.1930800000000001,1.19107,STOP,-1.0124999999999718,-0.8099999999999774
2026-02-12 05:55:00+00:00,2026-02-12 06:00:00+00:00,2026-02-12 06:15:00+00:00,LONG,2,1,-1,1,1,1.18649,1.1856900000000001,1.1876900000000001,1.18568,STOP,-1.0124999999999718,-0.8099999999999774
2026-02-13 05:55:00+00:00,2026-02-13 06:00:00+00:00,2026-02-13 11:55:00+00:00,SHORT,-2,-1,1,-1,-1,1.18591,1.18671,1.18471,1.18589,TIME,0.024999999999886224,0.01999999999990898
2026-02-16 05:55:00+00:00,2026-02-16 06:00:00+00:00,2026-02-16 08:35:00+00:00,LONG,4,1,1,1,1,1.1865100000000002,1.1857100000000003,1.1877100000000003,1.1857000000000002,STOP,-1.0124999999999718,-0.8099999999999774
2026-02-17 05:55:00+00:00,2026-02-17 06:00:00+00:00,2026-02-17 07:30:00+00:00,LONG,2,1,-1,1,1,1.18419,1.1833900000000002,1.1853900000000002,1.18338,STOP,-1.0124999999999718,-0.8099999999999774
2026-02-18 05:55:00+00:00,2026-02-18 06:00:00+00:00,2026-02-18 07:15:00+00:00,LONG,2,1,-1,1,1,1.1846,1.1838000000000002,1.1858000000000002,1.1837900000000001,STOP,-1.0124999999999718,-0.8099999999999774
2026-02-19 10:55:00+00:00,2026-02-19 11:00:00+00:00,2026-02-19 11:40:00+00:00,SHORT,-2,-1,-1,-1,1,1.17888,1.1796799999999998,1.1776799999999998,1.17769,TARGET,1.4875000000000305,1.1900000000000244
2026-02-20 08:55:00+00:00,2026-02-20 09:00:00+00:00,2026-02-20 13:25:00+00:00,LONG,2,1,1,1,-1,1.17611,1.17531,1.17731,1.1773,TARGET,1.4875000000000305,1.1900000000000244
2026-02-23 05:55:00+00:00,2026-02-23 06:00:00+00:00,2026-02-23 06:25:00+00:00,LONG,2,-1,1,1,1,1.1820000000000002,1.1812000000000002,1.1832000000000003,1.1831900000000002,TARGET,1.4875000000000305,1.1900000000000244
2026-02-24 05:55:00+00:00,2026-02-24 06:00:00+00:00,2026-02-24 07:05:00+00:00,LONG,2,1,-1,1,1,1.17802,1.1772200000000002,1.1792200000000002,1.17721,STOP,-1.0124999999999718,-0.8099999999999774
2026-02-25 05:55:00+00:00,2026-02-25 06:00:00+00:00,2026-02-25 09:00:00+00:00,SHORT,-2,-1,-1,-1,1,1.18008,1.18088,1.17888,1.17889,TARGET,1.4875000000000305,1.1900000000000244
2026-02-26 08:55:00+00:00,2026-02-26 09:00:00+00:00,2026-02-26 13:00:00+00:00,SHORT,-4,-1,-1,-1,-1,1.18021,1.18101,1.17901,1.18102,STOP,-1.0124999999999718,-0.8099999999999774
2026-02-27 05:55:00+00:00,2026-02-27 06:00:00+00:00,2026-02-27 07:05:00+00:00,LONG,2,1,1,1,-1,1.18089,1.18009,1.18209,1.18008,STOP,-1.0124999999999718,-0.8099999999999774
2026-03-02 05:55:00+00:00,2026-03-02 06:00:00+00:00,2026-03-02 06:10:00+00:00,SHORT,-4,-1,-1,-1,-1,1.1765999999999999,1.1773999999999998,1.1753999999999998,1.1754099999999998,TARGET,1.4875000000000305,1.1900000000000244
2026-03-03 05:55:00+00:00,2026-03-03 06:00:00+00:00,2026-03-03 07:30:00+00:00,SHORT,-2,1,-1,-1,-1,1.1666299999999998,1.1674299999999997,1.1654299999999997,1.1654399999999998,TARGET,1.4875000000000305,1.1900000000000244
2026-03-04 05:55:00+00:00,2026-03-04 06:00:00+00:00,2026-03-04 06:30:00+00:00,LONG,4,1,1,1,1,1.1595300000000002,1.1587300000000003,1.1607300000000003,1.1607200000000002,TARGET,1.4875000000000305,1.1900000000000244
2026-03-05 05:55:00+00:00,2026-03-05 06:00:00+00:00,2026-03-05 06:45:00+00:00,SHORT,-2,1,-1,-1,-1,1.15944,1.16024,1.15824,1.16025,STOP,-1.0124999999999718,-0.8099999999999774
2026-03-06 05:55:00+00:00,2026-03-06 06:00:00+00:00,2026-03-06 07:20:00+00:00,SHORT,-2,-1,1,-1,-1,1.1606299999999998,1.1614299999999997,1.1594299999999997,1.1614399999999998,STOP,-1.0124999999999718,-0.8099999999999774
2026-03-09 05:55:00+00:00,2026-03-09 06:00:00+00:00,2026-03-09 06:00:00+00:00,LONG,4,1,1,1,1,1.15679,1.15599,1.15799,1.15598,STOP,-1.0124999999999718,-0.8099999999999774
2026-03-10 05:55:00+00:00,2026-03-10 06:00:00+00:00,2026-03-10 06:35:00+00:00,LONG,2,-1,1,1,1,1.1620700000000002,1.1612700000000002,1.1632700000000002,1.1632600000000002,TARGET,1.4875000000000305,1.1900000000000244
2026-03-11 06:55:00+00:00,2026-03-11 07:00:00+00:00,2026-03-11 07:15:00+00:00,SHORT,-2,-1,1,-1,-1,1.1633,1.1641,1.1621,1.16411,STOP,-1.0124999999999718,-0.8099999999999774
2026-03-12 10:55:00+00:00,2026-03-12 11:00:00+00:00,2026-03-12 12:05:00+00:00,LONG,2,-1,1,1,1,1.1558000000000002,1.1550000000000002,1.1570000000000003,1.1549900000000002,STOP,-1.0124999999999718,-0.8099999999999774
2026-03-13 05:55:00+00:00,2026-03-13 06:00:00+00:00,2026-03-13 06:50:00+00:00,SHORT,-4,-1,-1,-1,-1,1.15007,1.1508699999999998,1.1488699999999998,1.14888,TARGET,1.4875000000000305,1.1900000000000244
2026-03-16 06:55:00+00:00,2026-03-16 07:00:00+00:00,2026-03-16 07:30:00+00:00,LONG,2,1,-1,1,1,1.1431600000000002,1.1423600000000003,1.1443600000000003,1.1423500000000002,STOP,-1.0124999999999718,-0.8099999999999774
2026-03-17 05:55:00+00:00,2026-03-17 06:00:00+00:00,2026-03-17 06:10:00+00:00,SHORT,-2,1,-1,-1,-1,1.14793,1.1487299999999998,1.1467299999999998,1.1467399999999999,TARGET,1.4875000000000305,1.1900000000000244
2026-03-18 08:55:00+00:00,2026-03-18 09:00:00+00:00,2026-03-18 11:00:00+00:00,LONG,4,1,1,1,1,1.15327,1.15247,1.15447,1.15446,TARGET,1.4875000000000305,1.1900000000000244
2026-03-19 07:55:00+00:00,2026-03-19 08:00:00+00:00,2026-03-19 09:00:00+00:00,SHORT,-2,-1,-1,-1,1,1.1452099999999998,1.1460099999999998,1.1440099999999997,1.1460199999999998,STOP,-1.0124999999999718,-0.8099999999999774
2026-03-20 05:55:00+00:00,2026-03-20 06:00:00+00:00,2026-03-20 06:05:00+00:00,SHORT,-4,-1,-1,-1,-1,1.15523,1.15603,1.15403,1.15604,STOP,-1.0124999999999718,-0.8099999999999774
2026-03-23 05:55:00+00:00,2026-03-23 06:00:00+00:00,2026-03-23 06:40:00+00:00,SHORT,-2,1,-1,-1,-1,1.1534,1.1542,1.1522,1.15221,TARGET,1.4875000000000305,1.1900000000000244
2026-03-24 05:55:00+00:00,2026-03-24 06:00:00+00:00,2026-03-24 06:55:00+00:00,SHORT,-2,-1,-1,1,-1,1.15834,1.1591399999999998,1.1571399999999998,1.15915,STOP,-1.0124999999999718,-0.8099999999999774
2026-03-25 05:55:00+00:00,2026-03-25 06:00:00+00:00,2026-03-25 06:50:00+00:00,SHORT,-2,1,-1,-1,-1,1.15919,1.1599899999999999,1.1579899999999999,1.16,STOP,-1.0124999999999718,-0.8099999999999774
2026-03-26 05:55:00+00:00,2026-03-26 06:00:00+00:00,2026-03-26 06:55:00+00:00,SHORT,-4,-1,-1,-1,-1,1.1557499999999998,1.1565499999999997,1.1545499999999997,1.1565599999999998,STOP,-1.0124999999999718,-0.8099999999999774
2026-03-27 06:55:00+00:00,2026-03-27 07:00:00+00:00,2026-03-27 07:30:00+00:00,SHORT,-2,-1,1,-1,-1,1.1534099999999998,1.1542099999999997,1.1522099999999997,1.1522199999999998,TARGET,1.4875000000000305,1.1900000000000244
2026-03-30 05:55:00+00:00,2026-03-30 06:00:00+00:00,2026-03-30 07:00:00+00:00,LONG,2,1,1,-1,1,1.1516,1.1508,1.1528,1.15079,STOP,-1.0124999999999718,-0.8099999999999774
2026-03-31 05:55:00+00:00,2026-03-31 06:00:00+00:00,2026-03-31 06:55:00+00:00,SHORT,-2,-1,-1,1,-1,1.1464299999999998,1.1472299999999997,1.1452299999999997,1.1472399999999998,STOP,-1.0124999999999718,-0.8099999999999774
2026-04-01 05:55:00+00:00,2026-04-01 06:00:00+00:00,2026-04-01 06:20:00+00:00,SHORT,-2,-1,-1,-1,1,1.15678,1.1575799999999998,1.1555799999999998,1.15759,STOP,-1.0124999999999718,-0.8099999999999774
2026-04-02 05:55:00+00:00,2026-04-02 06:00:00+00:00,2026-04-02 06:45:00+00:00,SHORT,-2,1,-1,-1,-1,1.1525299999999998,1.1533299999999997,1.1513299999999997,1.1533399999999998,STOP,-1.0124999999999718,-0.8099999999999774
2026-04-03 08:55:00+00:00,2026-04-03 09:00:00+00:00,2026-04-03 12:30:00+00:00,SHORT,-4,-1,-1,-1,-1,1.15429,1.15509,1.15309,1.1531,TARGET,1.4875000000000305,1.1900000000000244
2026-04-06 06:55:00+00:00,2026-04-06 07:00:00+00:00,2026-04-06 07:10:00+00:00,LONG,4,1,1,1,1,1.1533200000000001,1.1525200000000002,1.1545200000000002,1.1525100000000001,STOP,-1.0124999999999718,-0.8099999999999774
2026-04-07 05:55:00+00:00,2026-04-07 06:00:00+00:00,2026-04-07 08:00:00+00:00,LONG,2,-1,1,1,1,1.1535900000000001,1.1527900000000002,1.1547900000000002,1.1547800000000001,TARGET,1.4875000000000305,1.1900000000000244
2026-04-08 05:55:00+00:00,2026-04-08 06:00:00+00:00,2026-04-08 06:25:00+00:00,LONG,2,1,-1,1,1,1.16918,1.1683800000000002,1.1703800000000002,1.1703700000000001,TARGET,1.4875000000000305,1.1900000000000244
2026-04-09 06:55:00+00:00,2026-04-09 07:00:00+00:00,2026-04-09 07:30:00+00:00,LONG,4,1,1,1,1,1.16645,1.16565,1.16765,1.16564,STOP,-1.0124999999999718,-0.8099999999999774
2026-04-10 05:55:00+00:00,2026-04-10 06:00:00+00:00,2026-04-10 07:00:00+00:00,LONG,2,1,1,1,-1,1.1690500000000001,1.1682500000000002,1.1702500000000002,1.1682400000000002,STOP,-1.0124999999999718,-0.8099999999999774
2026-04-13 06:55:00+00:00,2026-04-13 07:00:00+00:00,2026-04-13 07:30:00+00:00,LONG,4,1,1,1,1,1.16859,1.16779,1.16979,1.16978,TARGET,1.4875000000000305,1.1900000000000244
2026-04-14 06:55:00+00:00,2026-04-14 07:00:00+00:00,2026-04-14 07:00:00+00:00,LONG,4,1,1,1,1,1.1778300000000002,1.1770300000000002,1.1790300000000002,1.1790200000000002,TARGET,1.4875000000000305,1.1900000000000244
2026-04-15 06:55:00+00:00,2026-04-15 07:00:00+00:00,2026-04-15 08:15:00+00:00,SHORT,-2,-1,1,-1,-1,1.17838,1.17918,1.17718,1.17919,STOP,-1.0124999999999718,-0.8099999999999774
2026-04-16 06:55:00+00:00,2026-04-16 07:00:00+00:00,2026-04-16 07:20:00+00:00,LONG,4,1,1,1,1,1.18035,1.17955,1.18155,1.17954,STOP,-1.0124999999999718,-0.8099999999999774
2026-04-17 08:55:00+00:00,2026-04-17 09:00:00+00:00,2026-04-17 12:25:00+00:00,LONG,4,1,1,1,1,1.17943,1.17863,1.18063,1.18062,TARGET,1.4875000000000305,1.1900000000000244
2026-04-20 05:55:00+00:00,2026-04-20 06:00:00+00:00,2026-04-20 06:55:00+00:00,LONG,4,1,1,1,1,1.17534,1.1745400000000001,1.1765400000000001,1.17653,TARGET,1.4875000000000305,1.1900000000000244
2026-04-21 07:55:00+00:00,2026-04-21 08:00:00+00:00,2026-04-21 13:55:00+00:00,SHORT,-2,1,-1,-1,-1,1.1764,1.1771999999999998,1.1751999999999998,1.1766,TIME,-0.25000000000025,-0.20000000000020002
2026-04-22 05:55:00+00:00,2026-04-22 06:00:00+00:00,2026-04-22 08:15:00+00:00,SHORT,-2,-1,1,-1,-1,1.17509,1.1758899999999999,1.1738899999999999,1.1759,STOP,-1.0124999999999718,-0.8099999999999774
2026-04-23 05:55:00+00:00,2026-04-23 06:00:00+00:00,2026-04-23 07:30:00+00:00,LONG,4,1,1,1,1,1.1707400000000001,1.1699400000000002,1.1719400000000002,1.1699300000000001,STOP,-1.0124999999999718,-0.8099999999999774
2026-04-24 06:55:00+00:00,2026-04-24 07:00:00+00:00,2026-04-24 07:45:00+00:00,SHORT,-4,-1,-1,-1,-1,1.1678199999999999,1.1686199999999998,1.1666199999999998,1.1686299999999998,STOP,-1.0124999999999718,-0.8099999999999774
2026-04-27 05:55:00+00:00,2026-04-27 06:00:00+00:00,2026-04-27 07:00:00+00:00,SHORT,-2,-1,1,-1,-1,1.1722299999999999,1.1730299999999998,1.1710299999999998,1.1730399999999999,STOP,-1.0124999999999718,-0.8099999999999774
2026-04-28 06:55:00+00:00,2026-04-28 07:00:00+00:00,2026-04-28 07:15:00+00:00,SHORT,-4,-1,-1,-1,-1,1.1687299999999998,1.1695299999999997,1.1675299999999997,1.1695399999999998,STOP,-1.0124999999999718,-0.8099999999999774
2026-04-29 09:55:00+00:00,2026-04-29 10:00:00+00:00,2026-04-29 10:50:00+00:00,SHORT,-2,-1,-1,1,-1,1.16974,1.17054,1.16854,1.17055,STOP,-1.0124999999999718,-0.8099999999999774
2026-04-30 06:55:00+00:00,2026-04-30 07:00:00+00:00,2026-04-30 07:55:00+00:00,LONG,2,1,1,-1,1,1.16707,1.1662700000000001,1.1682700000000001,1.16826,TARGET,1.4875000000000305,1.1900000000000244
2026-05-01 06:55:00+00:00,2026-05-01 07:00:00+00:00,2026-05-01 08:25:00+00:00,LONG,2,1,-1,1,1,1.1735900000000001,1.1727900000000002,1.1747900000000002,1.1747800000000002,TARGET,1.4875000000000305,1.1900000000000244
2026-05-04 05:55:00+00:00,2026-05-04 06:00:00+00:00,2026-05-04 06:45:00+00:00,LONG,2,-1,1,1,1,1.17311,1.1723100000000002,1.1743100000000002,1.1723000000000001,STOP,-1.0124999999999718,-0.8099999999999774
2026-05-05 06:55:00+00:00,2026-05-05 07:00:00+00:00,2026-05-05 07:35:00+00:00,SHORT,-2,-1,-1,-1,1,1.1685699999999999,1.1693699999999998,1.1673699999999998,1.1693799999999999,STOP,-1.0124999999999718,-0.8099999999999774
2026-05-06 07:55:00+00:00,2026-05-06 08:00:00+00:00,2026-05-06 08:45:00+00:00,LONG,2,1,-1,1,1,1.1738,1.173,1.175,1.17499,TARGET,1.4875000000000305,1.1900000000000244
2026-05-07 06:55:00+00:00,2026-05-07 07:00:00+00:00,2026-05-07 07:05:00+00:00,SHORT,-2,-1,1,-1,-1,1.17479,1.17559,1.17359,1.1756,STOP,-1.0124999999999718,-0.8099999999999774
2026-05-08 07:55:00+00:00,2026-05-08 08:00:00+00:00,2026-05-08 08:20:00+00:00,SHORT,-2,1,-1,-1,-1,1.17428,1.17508,1.17308,1.17509,STOP,-1.0124999999999718,-0.8099999999999774
2026-05-11 05:55:00+00:00,2026-05-11 06:00:00+00:00,2026-05-11 06:10:00+00:00,SHORT,-2,-1,-1,1,-1,1.17498,1.1757799999999998,1.1737799999999998,1.17579,STOP,-1.0124999999999718,-0.8099999999999774
2026-05-12 05:55:00+00:00,2026-05-12 06:00:00+00:00,2026-05-12 06:20:00+00:00,LONG,2,1,-1,1,1,1.17629,1.1754900000000001,1.1774900000000001,1.17548,STOP,-1.0124999999999718,-0.8099999999999774
2026-05-13 06:55:00+00:00,2026-05-13 07:00:00+00:00,2026-05-13 07:55:00+00:00,SHORT,-2,1,-1,-1,-1,1.1719899999999999,1.1727899999999998,1.1707899999999998,1.1707999999999998,TARGET,1.4875000000000305,1.1900000000000244
2026-05-14 05:55:00+00:00,2026-05-14 06:00:00+00:00,2026-05-14 06:45:00+00:00,SHORT,-4,-1,-1,-1,-1,1.171,1.1718,1.1698,1.17181,STOP,-1.0124999999999718,-0.8099999999999774
2026-05-15 05:55:00+00:00,2026-05-15 06:00:00+00:00,2026-05-15 06:05:00+00:00,SHORT,-4,-1,-1,-1,-1,1.1632399999999998,1.1640399999999997,1.1620399999999997,1.1640499999999998,STOP,-1.0124999999999718,-0.8099999999999774
2026-05-18 07:55:00+00:00,2026-05-18 08:00:00+00:00,2026-05-18 08:30:00+00:00,SHORT,-2,-1,1,-1,-1,1.16317,1.16397,1.16197,1.16398,STOP,-1.0124999999999718,-0.8099999999999774
2026-05-19 06:55:00+00:00,2026-05-19 07:00:00+00:00,2026-05-19 08:50:00+00:00,SHORT,-2,1,-1,-1,-1,1.16363,1.1644299999999999,1.1624299999999999,1.16244,TARGET,1.4875000000000305,1.1900000000000244
2026-05-20 06:55:00+00:00,2026-05-20 07:00:00+00:00,2026-05-20 08:20:00+00:00,SHORT,-4,-1,-1,-1,-1,1.1596199999999999,1.1604199999999998,1.1584199999999998,1.1584299999999998,TARGET,1.4875000000000305,1.1900000000000244
2026-05-21 10:55:00+00:00,2026-05-21 11:00:00+00:00,2026-05-21 11:55:00+00:00,LONG,2,1,1,1,-1,1.16077,1.1599700000000002,1.1619700000000002,1.15996,STOP,-1.0124999999999718,-0.8099999999999774
2026-05-22 05:55:00+00:00,2026-05-22 06:00:00+00:00,2026-05-22 09:15:00+00:00,SHORT,-2,1,-1,-1,-1,1.16088,1.1616799999999998,1.1596799999999998,1.1596899999999999,TARGET,1.4875000000000305,1.1900000000000244
2026-05-25 05:55:00+00:00,2026-05-25 06:00:00+00:00,2026-05-25 11:35:00+00:00,SHORT,-2,1,-1,-1,-1,1.1638899999999999,1.1646899999999998,1.1626899999999998,1.1646999999999998,STOP,-1.0124999999999718,-0.8099999999999774
2026-05-26 08:55:00+00:00,2026-05-26 09:00:00+00:00,2026-05-26 13:10:00+00:00,LONG,2,-1,1,1,1,1.16367,1.16287,1.16487,1.16286,STOP,-1.0124999999999718,-0.8099999999999774
2026-05-27 07:55:00+00:00,2026-05-27 08:00:00+00:00,2026-05-27 09:55:00+00:00,SHORT,-4,-1,-1,-1,-1,1.1640599999999999,1.1648599999999998,1.1628599999999998,1.1648699999999999,STOP,-1.0124999999999718,-0.8099999999999774
2026-05-28 07:55:00+00:00,2026-05-28 08:00:00+00:00,2026-05-28 11:55:00+00:00,SHORT,-2,-1,-1,-1,1,1.16117,1.16197,1.15997,1.16198,STOP,-1.0124999999999718,-0.8099999999999774
2026-05-29 05:55:00+00:00,2026-05-29 06:00:00+00:00,2026-05-29 08:05:00+00:00,LONG,2,1,1,1,-1,1.16425,1.16345,1.16545,1.16344,STOP,-1.0124999999999718,-0.8099999999999774
2026-06-01 06:55:00+00:00,2026-06-01 07:00:00+00:00,2026-06-01 07:05:00+00:00,LONG,4,1,1,1,1,1.1665,1.1657000000000002,1.1677000000000002,1.1656900000000001,STOP,-1.0124999999999718,-0.8099999999999774
2026-06-02 06:55:00+00:00,2026-06-02 07:00:00+00:00,2026-06-02 08:55:00+00:00,LONG,2,-1,1,1,1,1.1650800000000001,1.1642800000000002,1.1662800000000002,1.1642700000000001,STOP,-1.0124999999999718,-0.8099999999999774
2026-06-03 05:55:00+00:00,2026-06-03 06:00:00+00:00,2026-06-03 08:40:00+00:00,SHORT,-4,-1,-1,-1,-1,1.16184,1.16264,1.16064,1.16065,TARGET,1.4875000000000305,1.1900000000000244
2026-06-04 05:55:00+00:00,2026-06-04 06:00:00+00:00,2026-06-04 07:35:00+00:00,LONG,4,1,1,1,1,1.1610200000000002,1.1602200000000003,1.1622200000000003,1.1602100000000002,STOP,-1.0124999999999718,-0.8099999999999774
2026-06-05 05:55:00+00:00,2026-06-05 06:00:00+00:00,2026-06-05 07:00:00+00:00,SHORT,-2,1,-1,-1,-1,1.16154,1.16234,1.16034,1.16235,STOP,-1.0124999999999718,-0.8099999999999774
2026-06-08 05:55:00+00:00,2026-06-08 06:00:00+00:00,2026-06-08 07:15:00+00:00,SHORT,-2,-1,-1,-1,1,1.1518899999999999,1.1526899999999998,1.1506899999999998,1.1526999999999998,STOP,-1.0124999999999718,-0.8099999999999774
2026-06-09 05:55:00+00:00,2026-06-09 06:00:00+00:00,2026-06-09 06:15:00+00:00,SHORT,-4,-1,-1,-1,-1,1.15446,1.15526,1.15326,1.15527,STOP,-1.0124999999999718,-0.8099999999999774
2026-06-10 05:55:00+00:00,2026-06-10 06:00:00+00:00,2026-06-10 11:00:00+00:00,SHORT,-4,-1,-1,-1,-1,1.15544,1.15624,1.15424,1.15425,TARGET,1.4875000000000305,1.1900000000000244
2026-06-11 06:55:00+00:00,2026-06-11 07:00:00+00:00,2026-06-11 07:15:00+00:00,SHORT,-2,-1,-1,-1,1,1.1541599999999999,1.1549599999999998,1.1529599999999998,1.1549699999999998,STOP,-1.0124999999999718,-0.8099999999999774
2026-06-12 05:55:00+00:00,2026-06-12 06:00:00+00:00,2026-06-12 06:05:00+00:00,SHORT,-4,-1,-1,-1,-1,1.15574,1.15654,1.15454,1.15655,STOP,-1.0124999999999718,-0.8099999999999774
2026-06-15 05:55:00+00:00,2026-06-15 06:00:00+00:00,2026-06-15 06:05:00+00:00,LONG,2,1,1,1,-1,1.1617300000000002,1.1609300000000002,1.1629300000000002,1.1609200000000002,STOP,-1.0124999999999718,-0.8099999999999774
2026-06-16 05:55:00+00:00,2026-06-16 06:00:00+00:00,2026-06-16 06:30:00+00:00,SHORT,-2,1,-1,-1,-1,1.15749,1.1582899999999998,1.1562899999999998,1.1582999999999999,STOP,-1.0124999999999718,-0.8099999999999774
2026-06-17 05:55:00+00:00,2026-06-17 06:00:00+00:00,2026-06-17 08:20:00+00:00,SHORT,-2,-1,1,-1,-1,1.16117,1.16197,1.15997,1.15998,TARGET,1.4875000000000305,1.1900000000000244
2026-06-18 05:55:00+00:00,2026-06-18 06:00:00+00:00,2026-06-18 06:05:00+00:00,SHORT,-2,1,-1,-1,-1,1.15105,1.1518499999999998,1.1498499999999998,1.1518599999999999,STOP,-1.0124999999999718,-0.8099999999999774
2026-06-19 05:55:00+00:00,2026-06-19 06:00:00+00:00,2026-06-19 07:00:00+00:00,LONG,2,-1,1,1,1,1.14311,1.1423100000000002,1.1443100000000002,1.1443,TARGET,1.4875000000000305,1.1900000000000244
2026-06-22 05:55:00+00:00,2026-06-22 06:00:00+00:00,2026-06-22 06:55:00+00:00,SHORT,-2,1,-1,-1,-1,1.1454,1.1461999999999999,1.1441999999999999,1.14621,STOP,-1.0124999999999718,-0.8099999999999774
2026-06-23 07:55:00+00:00,2026-06-23 08:00:00+00:00,2026-06-23 10:50:00+00:00,SHORT,-2,-1,-1,-1,1,1.14117,1.14197,1.13997,1.13998,TARGET,1.4875000000000305,1.1900000000000244
2026-06-24 05:55:00+00:00,2026-06-24 06:00:00+00:00,2026-06-24 06:55:00+00:00,LONG,2,1,1,1,-1,1.13684,1.1360400000000002,1.1380400000000002,1.13603,STOP,-1.0124999999999718,-0.8099999999999774
2026-06-25 06:55:00+00:00,2026-06-25 07:00:00+00:00,2026-06-25 08:00:00+00:00,SHORT,-2,-1,-1,1,-1,1.1352799999999998,1.1360799999999998,1.1340799999999998,1.1360899999999998,STOP,-1.0124999999999718,-0.8099999999999774
2026-06-26 11:55:00+00:00,2026-06-26 12:00:00+00:00,2026-06-26 12:25:00+00:00,SHORT,-2,-1,1,-1,-1,1.1398199999999998,1.1406199999999997,1.1386199999999997,1.1406299999999998,STOP,-1.0124999999999718,-0.8099999999999774
2026-06-29 05:55:00+00:00,2026-06-29 06:00:00+00:00,2026-06-29 06:50:00+00:00,LONG,2,1,1,1,-1,1.13948,1.1386800000000001,1.1406800000000001,1.14067,TARGET,1.4875000000000305,1.1900000000000244
2026-06-30 05:55:00+00:00,2026-06-30 06:00:00+00:00,2026-06-30 06:20:00+00:00,SHORT,-4,-1,-1,-1,-1,1.13846,1.13926,1.13726,1.13927,STOP,-1.0124999999999718,-0.8099999999999774
